ISO-10303-21;
HEADER;
FILE_DESCRIPTION (( 'STEP AP214' ),
    '1' );
FILE_NAME ('place_plate_vertical_holder.STEP',
    '2026-07-07T16:56:40',
    ( '' ),
    ( '' ),
    'SwSTEP 2.0',
    'SolidWorks 2026',
    '' );
FILE_SCHEMA (( 'AUTOMOTIVE_DESIGN' ));
ENDSEC;

DATA;
#1 = CARTESIAN_POINT ( 'NONE',  ( -97.49999999999967315, -64.29999999999998295, 14.00000000000000000 ) ) ;
#2 = VECTOR ( 'NONE', #419, 1000.000000000000000 ) ;
#3 = AXIS2_PLACEMENT_3D ( 'NONE', #857, #1854, #260 ) ;
#4 = VECTOR ( 'NONE', #773, 1000.000000000000000 ) ;
#5 = DIRECTION ( 'NONE',  ( -1.000000000000000000, -0.000000000000000000, -0.000000000000000000 ) ) ;
#6 = PLANE ( 'NONE',  #1261 ) ;
#7 = LINE ( 'NONE', #993, #1808 ) ;
#8 = ADVANCED_FACE ( 'NONE', ( #1164 ), #1480, .T. ) ;
#9 = ORIENTED_EDGE ( 'NONE', *, *, #348, .T. ) ;
#10 = LINE ( 'NONE', #1917, #533 ) ;
#11 = VERTEX_POINT ( 'NONE', #57 ) ;
#12 = DIRECTION ( 'NONE',  ( -0.7052509650225373683, 0.07240271175540737014, 0.7052509650225536886 ) ) ;
#13 = FACE_OUTER_BOUND ( 'NONE', #698, .T. ) ;
#14 = DIRECTION ( 'NONE',  ( -1.000000000000000000, 0.000000000000000000, 0.000000000000000000 ) ) ;
#15 = DIRECTION ( 'NONE',  ( 1.000000000000000000, 0.000000000000000000, 0.000000000000000000 ) ) ;
#16 = EDGE_LOOP ( 'NONE', ( #522, #1200, #1529, #178 ) ) ;
#17 = DIRECTION ( 'NONE',  ( -0.000000000000000000, 1.000000000000000000, 1.105297472130793099E-16 ) ) ;
#18 = EDGE_LOOP ( 'NONE', ( #710, #1825, #429, #1280 ) ) ;
#19 = ADVANCED_FACE ( 'NONE', ( #1332 ), #963, .F. ) ;
#20 = LINE ( 'NONE', #526, #1108 ) ;
#21 = VERTEX_POINT ( 'NONE', #1665 ) ;
#22 = CARTESIAN_POINT ( 'NONE',  ( -110.4999999999999574, 78.47314952383842979, 13.99999999999999822 ) ) ;
#23 = FACE_OUTER_BOUND ( 'NONE', #831, .T. ) ;
#24 = DIRECTION ( 'NONE',  ( -1.000000000000000000, 0.000000000000000000, 0.000000000000000000 ) ) ;
#25 = EDGE_CURVE ( 'NONE', #395, #1223, #66, .T. ) ;
#26 = DIRECTION ( 'NONE',  ( 0.000000000000000000, -1.000000000000000000, 0.000000000000000000 ) ) ;
#27 = VERTEX_POINT ( 'NONE', #1923 ) ;
#28 = DIRECTION ( 'NONE',  ( 0.5357631378269434030, 0.5970585650276750700, 0.5970585650276872824 ) ) ;
#29 = VERTEX_POINT ( 'NONE', #1311 ) ;
#30 = LINE ( 'NONE', #196, #108 ) ;
#31 = EDGE_CURVE ( 'NONE', #21, #774, #1153, .T. ) ;
#32 = AXIS2_PLACEMENT_3D ( 'NONE', #731, #415, #1490 ) ;
#33 = AXIS2_PLACEMENT_3D ( 'NONE', #712, #1349, #1680 ) ;
#34 = CARTESIAN_POINT ( 'NONE',  ( -87.97411896750935512, -82.43725113897619394, 72.07179676972447169 ) ) ;
#35 = AXIS2_PLACEMENT_3D ( 'NONE', #1764, #962, #974 ) ;
#36 = VECTOR ( 'NONE', #1063, 999.9999999999998863 ) ;
#37 = AXIS2_PLACEMENT_3D ( 'NONE', #899, #230, #1351 ) ;
#38 = AXIS2_PLACEMENT_3D ( 'NONE', #293, #639, #142 ) ;
#39 = CARTESIAN_POINT ( 'NONE',  ( -126.4999999999999716, -92.97314952383841558, 9.599999999999962341 ) ) ;
#40 = VERTEX_POINT ( 'NONE', #1794 ) ;
#41 = CARTESIAN_POINT ( 'NONE',  ( -122.4999999999999716, 78.47314952383842979, 13.99999999999999822 ) ) ;
#42 = ORIENTED_EDGE ( 'NONE', *, *, #852, .T. ) ;
#43 = LINE ( 'NONE', #679, #405 ) ;
#44 = VERTEX_POINT ( 'NONE', #1652 ) ;
#45 = LINE ( 'NONE', #519, #365 ) ;
#46 = ADVANCED_FACE ( 'NONE', ( #809 ), #354, .F. ) ;
#47 = CARTESIAN_POINT ( 'NONE',  ( -110.4999999999999574, 78.47314952383842979, 13.99999999999999822 ) ) ;
#48 = LINE ( 'NONE', #818, #670 ) ;
#49 = VERTEX_POINT ( 'NONE', #1295 ) ;
#50 = CARTESIAN_POINT ( 'NONE',  ( -121.4999999999999432, 85.72314952383841558, 14.00000000000000000 ) ) ;
#51 = VERTEX_POINT ( 'NONE', #1786 ) ;
#52 = ADVANCED_FACE ( 'NONE', ( #1635 ), #6, .F. ) ;
#53 = VERTEX_POINT ( 'NONE', #643 ) ;
#54 = DIRECTION ( 'NONE',  ( -0.7071067811865680008, -1.526139637134351681E-16, 0.7071067811865270336 ) ) ;
#55 = LINE ( 'NONE', #837, #300 ) ;
#56 = CARTESIAN_POINT ( 'NONE',  ( -111.9999999999998863, -92.97314952383841558, 9.599999999999962341 ) ) ;
#57 = CARTESIAN_POINT ( 'NONE',  ( -114.4999999999999574, 21.44294755857972490, 83.40000000000000568 ) ) ;
#58 = CARTESIAN_POINT ( 'NONE',  ( -114.4999999999999574, 9.429780353434617452E-15, 86.00000000000000000 ) ) ;
#59 = CARTESIAN_POINT ( 'NONE',  ( -123.0999999999999659, -20.82884074971806854, 83.32429578935121128 ) ) ;
#60 = ORIENTED_EDGE ( 'NONE', *, *, #1599, .T. ) ;
#61 = EDGE_CURVE ( 'NONE', #921, #1600, #92, .T. ) ;
#62 = CARTESIAN_POINT ( 'NONE',  ( -97.49999999999991473, -90.40135275411395810, 83.99999999999998579 ) ) ;
#63 = VERTEX_POINT ( 'NONE', #1823 ) ;
#64 = CARTESIAN_POINT ( 'NONE',  ( -113.8999999999999773, 78.47314952383842979, 83.99999999999997158 ) ) ;
#65 = PLANE ( 'NONE',  #998 ) ;
#66 = CIRCLE ( 'NONE', #864, 2.250000000000001776 ) ;
#67 = VECTOR ( 'NONE', #722, 1000.000000000000000 ) ;
#68 = VECTOR ( 'NONE', #1679, 1000.000000000000000 ) ;
#69 = VECTOR ( 'NONE', #83, 1000.000000000000000 ) ;
#70 = LINE ( 'NONE', #2013, #435 ) ;
#71 = ORIENTED_EDGE ( 'NONE', *, *, #1974, .F. ) ;
#72 = VECTOR ( 'NONE', #1112, 1000.000000000000000 ) ;
#73 =( GEOMETRIC_REPRESENTATION_CONTEXT ( 3 ) GLOBAL_UNCERTAINTY_ASSIGNED_CONTEXT ( ( #1220 ) ) GLOBAL_UNIT_ASSIGNED_CONTEXT ( ( #923, #1091, #793 ) ) REPRESENTATION_CONTEXT ( 'NONE', 'WORKASPACE' ) );
#74 = DIRECTION ( 'NONE',  ( 0.7071067811865373587, 0.000000000000000000, -0.7071067811865577868 ) ) ;
#75 = ADVANCED_FACE ( 'NONE', ( #1213 ), #253, .F. ) ;
#76 = DIRECTION ( 'NONE',  ( 0.5773502691896243988, 0.5773502691896263972, -0.5773502691896263972 ) ) ;
#77 = ORIENTED_EDGE ( 'NONE', *, *, #1813, .F. ) ;
#78 = CARTESIAN_POINT ( 'NONE',  ( -97.49999999999992895, -64.29999999999998295, 14.00000000000000000 ) ) ;
#79 = VERTEX_POINT ( 'NONE', #1367 ) ;
#80 = ORIENTED_EDGE ( 'NONE', *, *, #1658, .F. ) ;
#81 = FACE_BOUND ( 'NONE', #1177, .T. ) ;
#82 = CARTESIAN_POINT ( 'NONE',  ( -97.49999999999994316, -78.47314952383842979, 9.000000000000001776 ) ) ;
#83 = DIRECTION ( 'NONE',  ( 0.000000000000000000, 0.7071067811865530128, -0.7071067811865421326 ) ) ;
#84 = VERTEX_POINT ( 'NONE', #1334 ) ;
#85 = CARTESIAN_POINT ( 'NONE',  ( -97.49999999999991473, -90.40135275411395810, 67.00314952383823197 ) ) ;
#86 = CARTESIAN_POINT ( 'NONE',  ( -111.9999999999998863, 92.97314952383841558, 14.00000000000000000 ) ) ;
#87 = EDGE_LOOP ( 'NONE', ( #220, #1561, #1512, #562 ) ) ;
#88 = DIRECTION ( 'NONE',  ( -1.000000000000000000, -1.067522139062648502E-15, 0.000000000000000000 ) ) ;
#89 = ORIENTED_EDGE ( 'NONE', *, *, #120, .T. ) ;
#90 = LINE ( 'NONE', #1699, #36 ) ;
#91 = FACE_OUTER_BOUND ( 'NONE', #1661, .T. ) ;
#92 = LINE ( 'NONE', #1358, #1131 ) ;
#93 = ADVANCED_FACE ( 'NONE', ( #1524 ), #1666, .F. ) ;
#94 = DIRECTION ( 'NONE',  ( -1.000000000000000000, -0.000000000000000000, -0.000000000000000000 ) ) ;
#95 = DIRECTION ( 'NONE',  ( 0.000000000000000000, 0.000000000000000000, 1.000000000000000000 ) ) ;
#96 = CARTESIAN_POINT ( 'NONE',  ( -98.09999999999980957, 79.07314952383828199, 9.000000000000001776 ) ) ;
#97 = EDGE_LOOP ( 'NONE', ( #385, #1849, #1925, #316 ) ) ;
#98 = CARTESIAN_POINT ( 'NONE',  ( -122.4999999999999716, 9.429780353434617452E-15, 86.00000000000000000 ) ) ;
#99 = ORIENTED_EDGE ( 'NONE', *, *, #590, .T. ) ;
#100 = CYLINDRICAL_SURFACE ( 'NONE', #3, 74.49999999999998579 ) ;
#101 = CARTESIAN_POINT ( 'NONE',  ( -101.4999999999999858, 60.29999999999995453, 213.7187727354833839 ) ) ;
#102 = ADVANCED_FACE ( 'NONE', ( #1513 ), #1833, .F. ) ;
#103 = AXIS2_PLACEMENT_3D ( 'NONE', #1456, #991, #683 ) ;
#104 = VECTOR ( 'NONE', #363, 1000.000000000000000 ) ;
#105 = VECTOR ( 'NONE', #1179, 1000.000000000000000 ) ;
#106 = DIRECTION ( 'NONE',  ( 0.5773502691896170713, -0.5773502691896430505, -0.5773502691896170713 ) ) ;
#107 = CARTESIAN_POINT ( 'NONE',  ( -122.4999999999999716, 78.47314952383842979, 13.99999999999999822 ) ) ;
#108 = VECTOR ( 'NONE', #1016, 1000.000000000000000 ) ;
#109 = VECTOR ( 'NONE', #1129, 1000.000000000000000 ) ;
#110 = ORIENTED_EDGE ( 'NONE', *, *, #136, .F. ) ;
#111 = VECTOR ( 'NONE', #1440, 1000.000000000000000 ) ;
#112 = LINE ( 'NONE', #865, #1076 ) ;
#113 = ORIENTED_EDGE ( 'NONE', *, *, #919, .F. ) ;
#114 = ORIENTED_EDGE ( 'NONE', *, *, #1974, .T. ) ;
#115 = LINE ( 'NONE', #1520, #768 ) ;
#116 = DIRECTION ( 'NONE',  ( 0.000000000000000000, -1.982541115402064370E-16, 1.000000000000000000 ) ) ;
#117 = ADVANCED_FACE ( 'NONE', ( #390 ), #711, .F. ) ;
#118 = LINE ( 'NONE', #133, #465 ) ;
#119 = ORIENTED_EDGE ( 'NONE', *, *, #1124, .F. ) ;
#120 = EDGE_CURVE ( 'NONE', #2076, #1973, #1809, .T. ) ;
#121 = EDGE_CURVE ( 'NONE', #1188, #371, #704, .T. ) ;
#122 = FACE_OUTER_BOUND ( 'NONE', #2058, .T. ) ;
#123 = VERTEX_POINT ( 'NONE', #1023 ) ;
#124 = ORIENTED_EDGE ( 'NONE', *, *, #1921, .T. ) ;
#125 = PRODUCT_CONTEXT ( 'NONE', #895, 'mechanical' ) ;
#126 = LINE ( 'NONE', #2041, #501 ) ;
#127 = LINE ( 'NONE', #145, #902 ) ;
#128 = VERTEX_POINT ( 'NONE', #1198 ) ;
#129 = FACE_OUTER_BOUND ( 'NONE', #267, .T. ) ;
#130 = ORIENTED_EDGE ( 'NONE', *, *, #2027, .F. ) ;
#131 = EDGE_CURVE ( 'NONE', #1426, #541, #1034, .T. ) ;
#132 = DIRECTION ( 'NONE',  ( -1.000000000000000000, 0.000000000000000000, 0.000000000000000000 ) ) ;
#133 = CARTESIAN_POINT ( 'NONE',  ( -87.97411896750935512, -90.40135275411395810, 66.99999999999981526 ) ) ;
#134 = ORIENTED_EDGE ( 'NONE', *, *, #1906, .F. ) ;
#135 = VECTOR ( 'NONE', #184, 1000.000000000000000 ) ;
#136 = EDGE_CURVE ( 'NONE', #939, #410, #537, .T. ) ;
#137 = CARTESIAN_POINT ( 'NONE',  ( -51.10303038032995460, -20.82884074971806854, 83.32429578935121128 ) ) ;
#138 = AXIS2_PLACEMENT_3D ( 'NONE', #1954, #673, #512 ) ;
#139 = ORIENTED_EDGE ( 'NONE', *, *, #992, .F. ) ;
#140 = ORIENTED_EDGE ( 'NONE', *, *, #718, .T. ) ;
#141 = VECTOR ( 'NONE', #785, 1000.000000000000000 ) ;
#142 = DIRECTION ( 'NONE',  ( 0.000000000000000000, 0.000000000000000000, 1.000000000000000000 ) ) ;
#143 = LINE ( 'NONE', #778, #907 ) ;
#144 = DIRECTION ( 'NONE',  ( -1.000000000000000000, 0.000000000000000000, 0.000000000000000000 ) ) ;
#145 = CARTESIAN_POINT ( 'NONE',  ( -122.4999999999999716, 9.429780353434617452E-15, 64.40000000000000568 ) ) ;
#146 = VERTEX_POINT ( 'NONE', #1178 ) ;
#147 = DIRECTION ( 'NONE',  ( 0.000000000000000000, 0.000000000000000000, 1.000000000000000000 ) ) ;
#148 = VERTEX_POINT ( 'NONE', #1348 ) ;
#149 = CARTESIAN_POINT ( 'NONE',  ( -111.0999999999999801, 21.50454496036687857, 83.99999999999998579 ) ) ;
#150 = CARTESIAN_POINT ( 'NONE',  ( -110.4999999999999574, 9.429780353434617452E-15, 64.39999999999996305 ) ) ;
#151 = EDGE_CURVE ( 'NONE', #550, #11, #1693, .T. ) ;
#152 = CARTESIAN_POINT ( 'NONE',  ( -122.4999999999999716, 9.429780353434617452E-15, 64.40000000000000568 ) ) ;
#153 = ORIENTED_EDGE ( 'NONE', *, *, #1677, .F. ) ;
#154 = LINE ( 'NONE', #790, #111 ) ;
#155 = ORIENTED_EDGE ( 'NONE', *, *, #272, .T. ) ;
#156 = DIRECTION ( 'NONE',  ( -0.7071067811865462405, 0.7071067811865489050, -0.000000000000000000 ) ) ;
#157 = PLANE ( 'NONE',  #1807 ) ;
#158 = EDGE_CURVE ( 'NONE', #966, #889, #1263, .T. ) ;
#159 = PLANE ( 'NONE',  #1235 ) ;
#160 = FACE_OUTER_BOUND ( 'NONE', #470, .T. ) ;
#161 = ORIENTED_EDGE ( 'NONE', *, *, #1284, .F. ) ;
#162 = CARTESIAN_POINT ( 'NONE',  ( -107.3666666666661769, -88.33981619050467771, -0.2666666666669304520 ) ) ;
#163 = VECTOR ( 'NONE', #1985, 1000.000000000000000 ) ;
#164 = VERTEX_POINT ( 'NONE', #85 ) ;
#165 = VECTOR ( 'NONE', #1914, 1000.000000000000000 ) ;
#166 = VECTOR ( 'NONE', #1020, 1000.000000000000000 ) ;
#167 = DIRECTION ( 'NONE',  ( 0.000000000000000000, -1.000000000000000000, 1.768475955409268466E-16 ) ) ;
#168 = ORIENTED_EDGE ( 'NONE', *, *, #205, .F. ) ;
#169 = VECTOR ( 'NONE', #714, 1000.000000000000000 ) ;
#170 = AXIS2_PLACEMENT_3D ( 'NONE', #2074, #942, #2057 ) ;
#171 = CARTESIAN_POINT ( 'NONE',  ( -122.4999999999999716, 9.429780353434617452E-15, 86.00000000000000000 ) ) ;
#172 = DIRECTION ( 'NONE',  ( 0.000000000000000000, -0.000000000000000000, -1.000000000000000000 ) ) ;
#173 = VERTEX_POINT ( 'NONE', #721 ) ;
#174 = DIRECTION ( 'NONE',  ( 0.000000000000000000, -0.7071067811865546782, 0.7071067811865402453 ) ) ;
#175 = EDGE_LOOP ( 'NONE', ( #1339, #508, #1541, #1724 ) ) ;
#176 = ADVANCED_FACE ( 'NONE', ( #548 ), #263, .F. ) ;
#177 = CARTESIAN_POINT ( 'NONE',  ( -110.4999999999999574, 1.474908946811329253E-14, 83.39999999999996305 ) ) ;
#178 = ORIENTED_EDGE ( 'NONE', *, *, #786, .F. ) ;
#179 = DIRECTION ( 'NONE',  ( -0.000000000000000000, 1.000000000000000000, 1.105297472130793099E-16 ) ) ;
#180 = DIRECTION ( 'NONE',  ( -1.000000000000000000, -7.709882115452456473E-16, 0.000000000000000000 ) ) ;
#181 = DIRECTION ( 'NONE',  ( 0.000000000000000000, 0.000000000000000000, 1.000000000000000000 ) ) ;
#182 = ORIENTED_EDGE ( 'NONE', *, *, #31, .T. ) ;
#183 = EDGE_CURVE ( 'NONE', #723, #276, #744, .T. ) ;
#184 = DIRECTION ( 'NONE',  ( 0.000000000000000000, 1.000000000000000000, -1.768475955409268466E-16 ) ) ;
#185 = ORIENTED_EDGE ( 'NONE', *, *, #1221, .T. ) ;
#186 = CARTESIAN_POINT ( 'NONE',  ( -98.09999999999996589, -82.43725113897619394, 76.03589838486225005 ) ) ;
#187 = ORIENTED_EDGE ( 'NONE', *, *, #724, .F. ) ;
#188 = LINE ( 'NONE', #1281, #1606 ) ;
#189 = CARTESIAN_POINT ( 'NONE',  ( -114.4999999999999574, 74.45394389746434172, 83.38079437362588919 ) ) ;
#190 = DIRECTION ( 'NONE',  ( 0.7052509650225431415, -0.07240271175545187621, -0.7052509650225431415 ) ) ;
#191 = VERTEX_POINT ( 'NONE', #2006 ) ;
#192 = LINE ( 'NONE', #1798, #667 ) ;
#193 = EDGE_CURVE ( 'NONE', #553, #1558, #529, .T. ) ;
#194 = VERTEX_POINT ( 'NONE', #1382 ) ;
#195 = EDGE_CURVE ( 'NONE', #1732, #164, #2028, .T. ) ;
#196 = CARTESIAN_POINT ( 'NONE',  ( -87.97411896750935512, -90.40135275411395810, 84.00000000000001421 ) ) ;
#197 = CIRCLE ( 'NONE', #1333, 4.564101615137817092 ) ;
#198 = DIRECTION ( 'NONE',  ( 0.7071067811865489050, -0.7071067811865462405, 0.000000000000000000 ) ) ;
#199 = DIRECTION ( 'NONE',  ( -0.000000000000000000, -0.7071067811865507924, 0.7071067811865441310 ) ) ;
#200 = AXIS2_PLACEMENT_3D ( 'NONE', #332, #1563, #167 ) ;
#201 =( GEOMETRIC_REPRESENTATION_CONTEXT ( 3 ) GLOBAL_UNCERTAINTY_ASSIGNED_CONTEXT ( ( #1292 ) ) GLOBAL_UNIT_ASSIGNED_CONTEXT ( ( #1792, #989, #1633 ) ) REPRESENTATION_CONTEXT ( 'NONE', 'WORKASPACE' ) );
#202 = VECTOR ( 'NONE', #88, 1000.000000000000000 ) ;
#203 = DIRECTION ( 'NONE',  ( -1.000000000000000000, 0.000000000000000000, 0.000000000000000000 ) ) ;
#204 = ORIENTED_EDGE ( 'NONE', *, *, #1381, .F. ) ;
#205 = EDGE_CURVE ( 'NONE', #1223, #395, #236, .T. ) ;
#206 = DIRECTION ( 'NONE',  ( 0.000000000000000000, -0.7071067811865439090, 0.7071067811865512365 ) ) ;
#207 = ORIENTED_EDGE ( 'NONE', *, *, #1314, .T. ) ;
#208 = FACE_OUTER_BOUND ( 'NONE', #1705, .T. ) ;
#209 = ORIENTED_EDGE ( 'NONE', *, *, #454, .T. ) ;
#210 = LINE ( 'NONE', #1772, #109 ) ;
#211 = CARTESIAN_POINT ( 'NONE',  ( -114.4999999999999574, 75.07314952383846673, 83.99999999999997158 ) ) ;
#212 = CARTESIAN_POINT ( 'NONE',  ( -111.0999999999999801, -20.90454496036686649, 83.99999999999998579 ) ) ;
#213 = EDGE_CURVE ( 'NONE', #655, #21, #795, .T. ) ;
#214 = VERTEX_POINT ( 'NONE', #473 ) ;
#215 = DIRECTION ( 'NONE',  ( -1.000000000000000000, -0.000000000000000000, -0.000000000000000000 ) ) ;
#216 = CARTESIAN_POINT ( 'NONE',  ( -121.4999999999999432, 85.72314952383841558, 9.000000000000001776 ) ) ;
#217 = ORIENTED_EDGE ( 'NONE', *, *, #727, .F. ) ;
#218 = DIRECTION ( 'NONE',  ( 1.000000000000000000, -0.000000000000000000, -0.000000000000000000 ) ) ;
#219 = ORIENTED_EDGE ( 'NONE', *, *, #765, .F. ) ;
#220 = ORIENTED_EDGE ( 'NONE', *, *, #383, .F. ) ;
#221 = CARTESIAN_POINT ( 'NONE',  ( -123.0999999999999659, -20.82884074971806854, 83.32429578935121128 ) ) ;
#222 = DIRECTION ( 'NONE',  ( -1.000000000000000000, -0.000000000000000000, 0.000000000000000000 ) ) ;
#223 = ADVANCED_FACE ( 'NONE', ( #23 ), #451, .F. ) ;
#224 = ADVANCED_FACE ( 'NONE', ( #642 ), #1254, .F. ) ;
#225 = LINE ( 'NONE', #859, #800 ) ;
#226 = ORIENTED_EDGE ( 'NONE', *, *, #1841, .F. ) ;
#227 = DIRECTION ( 'NONE',  ( 0.000000000000000000, 0.000000000000000000, 1.000000000000000000 ) ) ;
#228 = DIRECTION ( 'NONE',  ( 0.000000000000000000, -8.881784197001250351E-16, 1.000000000000000000 ) ) ;
#229 = ORIENTED_EDGE ( 'NONE', *, *, #1021, .T. ) ;
#230 = DIRECTION ( 'NONE',  ( 1.000000000000000000, -0.000000000000000000, -0.000000000000000000 ) ) ;
#231 = ORIENTED_EDGE ( 'NONE', *, *, #817, .F. ) ;
#232 = ADVANCED_FACE ( 'NONE', ( #953 ), #1933, .T. ) ;
#233 = CARTESIAN_POINT ( 'NONE',  ( -122.4999999999999716, -78.47314952383842979, 14.00000000000001776 ) ) ;
#234 = CARTESIAN_POINT ( 'NONE',  ( -100.8999999999999631, 78.47314952383844400, 83.99999999999997158 ) ) ;
#235 = AXIS2_PLACEMENT_3D ( 'NONE', #916, #629, #297 ) ;
#236 = CIRCLE ( 'NONE', #1105, 2.250000000000001776 ) ;
#237 = VECTOR ( 'NONE', #1194, 1000.000000000000000 ) ;
#238 = CARTESIAN_POINT ( 'NONE',  ( -119.2499999999999432, -85.72314952383841558, 9.000000000000001776 ) ) ;
#239 = ORIENTED_EDGE ( 'NONE', *, *, #2067, .F. ) ;
#240 = VECTOR ( 'NONE', #1987, 1000.000000000000000 ) ;
#241 = EDGE_CURVE ( 'NONE', #541, #1269, #1603, .T. ) ;
#242 = CARTESIAN_POINT ( 'NONE',  ( -110.4999999999999574, 78.47314952383842979, 84.00000000000002842 ) ) ;
#243 = CARTESIAN_POINT ( 'NONE',  ( -126.4999999999999716, 78.47314952383842979, 83.99999999999997158 ) ) ;
#244 = ORIENTED_EDGE ( 'NONE', *, *, #416, .T. ) ;
#245 = LINE ( 'NONE', #2009, #304 ) ;
#246 = ORIENTED_EDGE ( 'NONE', *, *, #324, .F. ) ;
#247 = EDGE_LOOP ( 'NONE', ( #292, #1232, #1173, #1879 ) ) ;
#248 = ADVANCED_FACE ( 'NONE', ( #1246 ), #933, .T. ) ;
#249 = CARTESIAN_POINT ( 'NONE',  ( -113.8999999999999773, 20.82884074971808630, 83.32429578935119707 ) ) ;
#250 = CARTESIAN_POINT ( 'NONE',  ( -110.4999999999999574, 60.29999999999995453, 13.99999999999999645 ) ) ;
#251 = DIRECTION ( 'NONE',  ( -1.000000000000000000, -0.000000000000000000, -0.000000000000000000 ) ) ;
#252 = ORIENTED_EDGE ( 'NONE', *, *, #339, .T. ) ;
#253 = CYLINDRICAL_SURFACE ( 'NONE', #1571, 21.00000000000000355 ) ;
#254 = LINE ( 'NONE', #1359, #1540 ) ;
#255 = ORIENTED_EDGE ( 'NONE', *, *, #1462, .F. ) ;
#256 = EDGE_CURVE ( 'NONE', #1597, #760, #1337, .T. ) ;
#257 = LINE ( 'NONE', #1026, #2 ) ;
#258 = ORIENTED_EDGE ( 'NONE', *, *, #1730, .F. ) ;
#259 = ORIENTED_EDGE ( 'NONE', *, *, #567, .F. ) ;
#260 = DIRECTION ( 'NONE',  ( 0.000000000000000000, 0.000000000000000000, 1.000000000000000000 ) ) ;
#261 = DIRECTION ( 'NONE',  ( -1.000000000000000000, -3.452186021844393893E-16, 0.000000000000000000 ) ) ;
#262 = EDGE_CURVE ( 'NONE', #1492, #123, #460, .T. ) ;
#263 = PLANE ( 'NONE',  #1943 ) ;
#264 = PLANE ( 'NONE',  #2075 ) ;
#265 = ORIENTED_EDGE ( 'NONE', *, *, #287, .T. ) ;
#266 = LINE ( 'NONE', #428, #1264 ) ;
#267 = EDGE_LOOP ( 'NONE', ( #130, #1015, #1360, #1197 ) ) ;
#268 = EDGE_CURVE ( 'NONE', #1722, #361, #779, .T. ) ;
#269 = DIRECTION ( 'NONE',  ( 0.000000000000000000, 1.000000000000000000, -1.768475955409268466E-16 ) ) ;
#270 = FACE_BOUND ( 'NONE', #1838, .T. ) ;
#271 = AXIS2_PLACEMENT_3D ( 'NONE', #356, #203, #181 ) ;
#272 = EDGE_CURVE ( 'NONE', #668, #128, #1130, .T. ) ;
#273 = AXIS2_PLACEMENT_3D ( 'NONE', #1995, #1013, #574 ) ;
#274 = CARTESIAN_POINT ( 'NONE',  ( 0.000000000000000000, 0.000000000000000000, 14.00000000000000000 ) ) ;
#275 = CIRCLE ( 'NONE', #1776, 74.49999999999998579 ) ;
#276 = VERTEX_POINT ( 'NONE', #150 ) ;
#277 = VECTOR ( 'NONE', #920, 1000.000000000000000 ) ;
#278 = LINE ( 'NONE', #911, #169 ) ;
#279 = EDGE_LOOP ( 'NONE', ( #389, #987, #762, #1098 ) ) ;
#280 = LINE ( 'NONE', #1553, #1376 ) ;
#281 = DIRECTION ( 'NONE',  ( -0.000000000000000000, 0.000000000000000000, 1.000000000000000000 ) ) ;
#282 = DIRECTION ( 'NONE',  ( 1.000000000000000000, -0.000000000000000000, -0.000000000000000000 ) ) ;
#283 = ORIENTED_EDGE ( 'NONE', *, *, #1750, .F. ) ;
#284 = CARTESIAN_POINT ( 'NONE',  ( -51.10303038032995460, 20.82884074971808630, 83.32429578935119707 ) ) ;
#285 = ORIENTED_EDGE ( 'NONE', *, *, #325, .T. ) ;
#286 = DIRECTION ( 'NONE',  ( -3.452186021844393893E-16, 1.000000000000000000, -1.768475955409268466E-16 ) ) ;
#287 = EDGE_CURVE ( 'NONE', #981, #1739, #1595, .T. ) ;
#288 = DIRECTION ( 'NONE',  ( 0.000000000000000000, 0.000000000000000000, 1.000000000000000000 ) ) ;
#289 = ORIENTED_EDGE ( 'NONE', *, *, #1094, .T. ) ;
#290 = CARTESIAN_POINT ( 'NONE',  ( -111.9999999999998863, -92.97314952383841558, 9.599999999999962341 ) ) ;
#291 = ORIENTED_EDGE ( 'NONE', *, *, #1822, .F. ) ;
#292 = ORIENTED_EDGE ( 'NONE', *, *, #1936, .T. ) ;
#293 = CARTESIAN_POINT ( 'NONE',  ( -126.4999999999999716, -82.43725113897619394, 76.03589838486225005 ) ) ;
#294 = DIRECTION ( 'NONE',  ( 1.000000000000000000, 0.000000000000000000, -0.000000000000000000 ) ) ;
#295 = EDGE_CURVE ( 'NONE', #541, #655, #1455, .T. ) ;
#296 = DIRECTION ( 'NONE',  ( -0.5667353602508520272, -0.5980151025540020315, 0.5667353602508522492 ) ) ;
#297 = DIRECTION ( 'NONE',  ( 0.000000000000000000, -0.000000000000000000, -1.000000000000000000 ) ) ;
#298 = ORIENTED_EDGE ( 'NONE', *, *, #1309, .T. ) ;
#299 = CONICAL_SURFACE ( 'NONE', #1908, 4.564101615137817092, 0.7853981633974554954 ) ;
#300 = VECTOR ( 'NONE', #1955, 1000.000000000000000 ) ;
#301 = CARTESIAN_POINT ( 'NONE',  ( -119.2499999999999432, -85.72314952383841558, 9.000000000000001776 ) ) ;
#302 = CIRCLE ( 'NONE', #1470, 21.59999999999999432 ) ;
#303 = EDGE_LOOP ( 'NONE', ( #688, #1402, #1918, #2010 ) ) ;
#304 = VECTOR ( 'NONE', #578, 1000.000000000000227 ) ;
#305 = LINE ( 'NONE', #1244, #672 ) ;
#306 = ADVANCED_FACE ( 'NONE', ( #1578 ), #159, .T. ) ;
#307 = CARTESIAN_POINT ( 'NONE',  ( -123.0999999999999659, 21.50454496036687857, 83.99999999999998579 ) ) ;
#308 = DIRECTION ( 'NONE',  ( 3.937231955418975787E-15, 0.7071067811865512365, 0.7071067811865439090 ) ) ;
#309 = ORIENTED_EDGE ( 'NONE', *, *, #556, .T. ) ;
#310 = FACE_OUTER_BOUND ( 'NONE', #1888, .T. ) ;
#311 = ORIENTED_EDGE ( 'NONE', *, *, #121, .T. ) ;
#312 = EDGE_CURVE ( 'NONE', #1600, #1417, #1093, .T. ) ;
#313 = CARTESIAN_POINT ( 'NONE',  ( -97.49999999999992895, -82.43725113897619394, 80.60000000000006537 ) ) ;
#314 = PLANE ( 'NONE',  #1136 ) ;
#315 = DIRECTION ( 'NONE',  ( 0.7071067811865454633, 0.000000000000000000, -0.7071067811865495711 ) ) ;
#316 = ORIENTED_EDGE ( 'NONE', *, *, #1972, .F. ) ;
#317 = ADVANCED_FACE ( 'NONE', ( #618 ), #314, .T. ) ;
#318 = CARTESIAN_POINT ( 'NONE',  ( -116.9999999999999432, -85.72314952383841558, 9.000000000000001776 ) ) ;
#319 = ORIENTED_EDGE ( 'NONE', *, *, #1736, .F. ) ;
#320 = FACE_OUTER_BOUND ( 'NONE', #1843, .T. ) ;
#321 = ORIENTED_EDGE ( 'NONE', *, *, #1070, .T. ) ;
#322 = DIRECTION ( 'NONE',  ( 0.000000000000000000, 0.000000000000000000, 1.000000000000000000 ) ) ;
#323 = DIRECTION ( 'NONE',  ( 1.000000000000000000, 0.000000000000000000, 0.000000000000000000 ) ) ;
#324 = EDGE_CURVE ( 'NONE', #79, #440, #1431, .T. ) ;
#325 = EDGE_CURVE ( 'NONE', #53, #1489, #739, .T. ) ;
#326 = ORIENTED_EDGE ( 'NONE', *, *, #746, .F. ) ;
#327 = LINE ( 'NONE', #977, #1077 ) ;
#328 = AXIS2_PLACEMENT_3D ( 'NONE', #1565, #1080, #1721 ) ;
#329 = VERTEX_POINT ( 'NONE', #504 ) ;
#330 = VECTOR ( 'NONE', #387, 1000.000000000000000 ) ;
#331 = AXIS2_PLACEMENT_3D ( 'NONE', #901, #1377, #870 ) ;
#332 = CARTESIAN_POINT ( 'NONE',  ( -113.8999999999999773, 78.47314952383842979, 83.99999999999997158 ) ) ;
#333 = ORIENTED_EDGE ( 'NONE', *, *, #355, .T. ) ;
#334 = AXIS2_PLACEMENT_3D ( 'NONE', #1700, #894, #423 ) ;
#335 = CARTESIAN_POINT ( 'NONE',  ( -111.9999999999998863, 92.97314952383841558, 14.00000000000000000 ) ) ;
#336 = CARTESIAN_POINT ( 'NONE',  ( -122.4999999999999716, 6.409607861952124175, 6.763372416359605843 ) ) ;
#337 = DIRECTION ( 'NONE',  ( 0.000000000000000000, 0.000000000000000000, 1.000000000000000000 ) ) ;
#338 = ORIENTED_EDGE ( 'NONE', *, *, #1245, .T. ) ;
#339 = EDGE_CURVE ( 'NONE', #757, #410, #1162, .T. ) ;
#340 = DIRECTION ( 'NONE',  ( 1.000000000000000000, 0.000000000000000000, 0.000000000000000000 ) ) ;
#341 = ORIENTED_EDGE ( 'NONE', *, *, #1831, .T. ) ;
#342 = DIRECTION ( 'NONE',  ( 0.000000000000000000, -0.000000000000000000, -1.000000000000000000 ) ) ;
#343 = ORIENTED_EDGE ( 'NONE', *, *, #591, .T. ) ;
#344 = CARTESIAN_POINT ( 'NONE',  ( -119.2499999999999432, -85.72314952383841558, 14.00000000000000000 ) ) ;
#345 = LINE ( 'NONE', #825, #1075 ) ;
#346 = ADVANCED_FACE ( 'NONE', ( #872 ), #65, .F. ) ;
#347 = PLANE ( 'NONE',  #1433 ) ;
#348 = EDGE_CURVE ( 'NONE', #812, #1489, #1510, .T. ) ;
#349 = VERTEX_POINT ( 'NONE', #1145 ) ;
#350 = DIRECTION ( 'NONE',  ( -0.000000000000000000, 1.000000000000000000, -1.768475955409268466E-16 ) ) ;
#351 = EDGE_LOOP ( 'NONE', ( #2023, #1997, #374, #1781 ) ) ;
#352 = CARTESIAN_POINT ( 'NONE',  ( -121.4999999999999432, -85.72314952383841558, 9.000000000000001776 ) ) ;
#353 = DIRECTION ( 'NONE',  ( 0.000000000000000000, 0.000000000000000000, 1.000000000000000000 ) ) ;
#354 = PLANE ( 'NONE',  #103 ) ;
#355 = EDGE_CURVE ( 'NONE', #536, #668, #1476, .T. ) ;
#356 = CARTESIAN_POINT ( 'NONE',  ( -122.4999999999999716, 0.000000000000000000, 0.000000000000000000 ) ) ;
#357 = ORIENTED_EDGE ( 'NONE', *, *, #1619, .T. ) ;
#358 = LINE ( 'NONE', #996, #1499 ) ;
#359 = ORIENTED_EDGE ( 'NONE', *, *, #727, .T. ) ;
#360 = FACE_OUTER_BOUND ( 'NONE', #612, .T. ) ;
#361 = VERTEX_POINT ( 'NONE', #1008 ) ;
#362 = VECTOR ( 'NONE', #1398, 1000.000000000000000 ) ;
#363 = DIRECTION ( 'NONE',  ( -4.040843322666873464E-15, -0.7071067811865530128, 0.7071067811865421326 ) ) ;
#364 = VECTOR ( 'NONE', #1659, 1000.000000000000000 ) ;
#365 = VECTOR ( 'NONE', #1932, 1000.000000000000000 ) ;
#366 = AXIS2_PLACEMENT_3D ( 'NONE', #301, #1894, #802 ) ;
#367 = DIRECTION ( 'NONE',  ( 0.5773502691896262862, -0.5773502691896408301, 0.5773502691896100769 ) ) ;
#368 = DIRECTION ( 'NONE',  ( 0.7071067811865489050, 0.7071067811865462405, -0.000000000000000000 ) ) ;
#369 = DIRECTION ( 'NONE',  ( -1.000000000000000000, 0.000000000000000000, 0.000000000000000000 ) ) ;
#370 = FACE_OUTER_BOUND ( 'NONE', #1468, .T. ) ;
#371 = VERTEX_POINT ( 'NONE', #858 ) ;
#372 = EDGE_CURVE ( 'NONE', #1725, #63, #1674, .T. ) ;
#373 = DIRECTION ( 'NONE',  ( -3.452186021844393893E-16, 1.000000000000000000, -0.000000000000000000 ) ) ;
#374 = ORIENTED_EDGE ( 'NONE', *, *, #241, .F. ) ;
#375 = EDGE_CURVE ( 'NONE', #921, #49, #1651, .T. ) ;
#376 = LINE ( 'NONE', #1688, #1236 ) ;
#377 = LINE ( 'NONE', #234, #1681 ) ;
#378 = FACE_OUTER_BOUND ( 'NONE', #2065, .T. ) ;
#379 = DIRECTION ( 'NONE',  ( 0.000000000000000000, 0.000000000000000000, -1.000000000000000000 ) ) ;
#380 = DIRECTION ( 'NONE',  ( -0.7052509650225430304, -0.07240271175545591464, -0.7052509650225430304 ) ) ;
#381 = DIRECTION ( 'NONE',  ( -0.000000000000000000, -0.000000000000000000, 1.000000000000000000 ) ) ;
#383 = EDGE_CURVE ( 'NONE', #44, #733, #674, .T. ) ;
#382 = ORIENTED_EDGE ( 'NONE', *, *, #1228, .F. ) ;
#384 = CARTESIAN_POINT ( 'NONE',  ( -126.4999999999999716, 20.82884074971808630, 83.32429578935119707 ) ) ;
#385 = ORIENTED_EDGE ( 'NONE', *, *, #1001, .F. ) ;
#386 = LINE ( 'NONE', #1544, #1265 ) ;
#387 = DIRECTION ( 'NONE',  ( 1.000000000000000000, 7.709882115452457459E-16, -0.000000000000000000 ) ) ;
#388 = CARTESIAN_POINT ( 'NONE',  ( -110.4999999999999574, -90.40135275411395810, 67.00314952383821776 ) ) ;
#389 = ORIENTED_EDGE ( 'NONE', *, *, #1818, .F. ) ;
#390 = FACE_OUTER_BOUND ( 'NONE', #736, .T. ) ;
#391 = FACE_OUTER_BOUND ( 'NONE', #18, .T. ) ;
#392 = EDGE_CURVE ( 'NONE', #958, #148, #55, .T. ) ;
#393 = EDGE_LOOP ( 'NONE', ( #357, #1832, #1088, #1473 ) ) ;
#394 = LINE ( 'NONE', #1528, #202 ) ;
#395 = VERTEX_POINT ( 'NONE', #1186 ) ;
#396 = VERTEX_POINT ( 'NONE', #1829 ) ;
#397 = PLANE ( 'NONE',  #331 ) ;
#398 = LINE ( 'NONE', #1533, #1301 ) ;
#399 = VECTOR ( 'NONE', #288, 1000.000000000000000 ) ;
#400 = CIRCLE ( 'NONE', #935, 21.59999999999999432 ) ;
#401 = VECTOR ( 'NONE', #737, 1000.000000000000000 ) ;
#402 = CARTESIAN_POINT ( 'NONE',  ( -123.0999999999999659, 9.429780353434617452E-15, 64.99999999999998579 ) ) ;
#403 = ORIENTED_EDGE ( 'NONE', *, *, #1400, .F. ) ;
#404 = ADVANCED_FACE ( 'NONE', ( #1964 ), #1029, .T. ) ;
#405 = VECTOR ( 'NONE', #1172, 1000.000000000000114 ) ;
#406 = DIRECTION ( 'NONE',  ( 0.000000000000000000, 0.000000000000000000, 1.000000000000000000 ) ) ;
#407 = DIRECTION ( 'NONE',  ( -0.000000000000000000, 1.000000000000000000, 1.105297472130793099E-16 ) ) ;
#408 = ORIENTED_EDGE ( 'NONE', *, *, #1677, .T. ) ;
#409 = DIRECTION ( 'NONE',  ( -1.000000000000000000, 0.000000000000000000, 0.000000000000000000 ) ) ;
#410 = VERTEX_POINT ( 'NONE', #1785 ) ;
#411 = ORIENTED_EDGE ( 'NONE', *, *, #845, .F. ) ;
#412 = CARTESIAN_POINT ( 'NONE',  ( -114.0998830684763448, 21.03363308137707577, 83.34972551533279272 ) ) ;
#413 = DIRECTION ( 'NONE',  ( -1.000000000000000000, 0.000000000000000000, 0.000000000000000000 ) ) ;
#414 = DIRECTION ( 'NONE',  ( 0.7071067811865475727, -1.250501340435252143E-16, -0.7071067811865475727 ) ) ;
#415 = DIRECTION ( 'NONE',  ( 5.451709925985167566E-16, -0.7071067811865283659, -0.7071067811865666686 ) ) ;
#416 = EDGE_CURVE ( 'NONE', #1973, #1318, #377, .T. ) ;
#417 = CARTESIAN_POINT ( 'NONE',  ( -122.4999999999999716, 21.50454496036687857, 83.99999999999998579 ) ) ;
#418 = ORIENTED_EDGE ( 'NONE', *, *, #772, .F. ) ;
#419 = DIRECTION ( 'NONE',  ( -0.000000000000000000, -0.000000000000000000, -1.000000000000000000 ) ) ;
#420 = EDGE_LOOP ( 'NONE', ( #630, #842, #114, #1837 ) ) ;
#421 = EDGE_LOOP ( 'NONE', ( #806, #517, #1115 ) ) ;
#422 = LINE ( 'NONE', #580, #1503 ) ;
#423 = DIRECTION ( 'NONE',  ( 0.000000000000000000, -8.881784197001250351E-16, 1.000000000000000000 ) ) ;
#424 = ADVANCED_FACE ( 'NONE', ( #1975 ), #1019, .F. ) ;
#425 = EDGE_CURVE ( 'NONE', #371, #536, #1310, .T. ) ;
#426 = DIRECTION ( 'NONE',  ( 1.000000000000000000, 0.000000000000000000, 0.000000000000000000 ) ) ;
#427 = ORIENTED_EDGE ( 'NONE', *, *, #61, .F. ) ;
#428 = CARTESIAN_POINT ( 'NONE',  ( -123.0999999999999659, 74.47314952383844400, 83.99999999999997158 ) ) ;
#429 = ORIENTED_EDGE ( 'NONE', *, *, #1257, .F. ) ;
#430 = EDGE_LOOP ( 'NONE', ( #1399, #289, #343, #1827, #875, #647 ) ) ;
#431 = DIRECTION ( 'NONE',  ( 0.000000000000000000, 8.881784197001252323E-16, 1.000000000000000000 ) ) ;
#432 = DIRECTION ( 'NONE',  ( 2.158287372910491653E-16, -1.000000000000000000, 0.000000000000000000 ) ) ;
#433 = CIRCLE ( 'NONE', #1844, 74.49999999999998579 ) ;
#434 = VECTOR ( 'NONE', #1274, 1000.000000000000000 ) ;
#435 = VECTOR ( 'NONE', #694, 1000.000000000000000 ) ;
#436 = CARTESIAN_POINT ( 'NONE',  ( -111.0999999999999801, 21.50454496036687857, 83.99999999999998579 ) ) ;
#437 = ORIENTED_EDGE ( 'NONE', *, *, #558, .T. ) ;
#438 = VECTOR ( 'NONE', #439, 1000.000000000000000 ) ;
#439 = DIRECTION ( 'NONE',  ( 1.000000000000000000, 0.000000000000000000, 0.000000000000000000 ) ) ;
#440 = VERTEX_POINT ( 'NONE', #1942 ) ;
#441 = ORIENTED_EDGE ( 'NONE', *, *, #1717, .T. ) ;
#442 = APPLICATION_PROTOCOL_DEFINITION ( 'draft international standard', 'automotive_design', 1998, #895 ) ;
#443 = DIRECTION ( 'NONE',  ( 0.000000000000000000, 1.000000000000000000, 0.000000000000000000 ) ) ;
#444 = EDGE_CURVE ( 'NONE', #1732, #173, #345, .T. ) ;
#445 = B_SPLINE_CURVE_WITH_KNOTS ( 'NONE', 3,
 ( #1865, #883, #412, #249 ),
 .UNSPECIFIED., .F., .F.,
 ( 4, 4 ),
 ( 0.000000000000000000, 0.0008618922787681581417 ),
 .UNSPECIFIED. ) ;
#446 = LINE ( 'NONE', #2055, #1038 ) ;
#447 = ORIENTED_EDGE ( 'NONE', *, *, #1146, .F. ) ;
#448 = PLANE ( 'NONE',  #743 ) ;
#449 = ORIENTED_EDGE ( 'NONE', *, *, #1831, .F. ) ;
#450 = CARTESIAN_POINT ( 'NONE',  ( -123.0999999999999659, -21.50454496036686081, 83.99999999999998579 ) ) ;
#451 = CYLINDRICAL_SURFACE ( 'NONE', #35, 2.250000000000001776 ) ;
#452 = DIRECTION ( 'NONE',  ( 0.000000000000000000, 1.000000000000000000, -1.768475955409268466E-16 ) ) ;
#453 = ORIENTED_EDGE ( 'NONE', *, *, #545, .T. ) ;
#454 = EDGE_CURVE ( 'NONE', #214, #1920, #2078, .T. ) ;
#455 = DIRECTION ( 'NONE',  ( 1.000000000000000000, 0.000000000000000000, 0.000000000000000000 ) ) ;
#456 = ORIENTED_EDGE ( 'NONE', *, *, #1285, .F. ) ;
#457 = ORIENTED_EDGE ( 'NONE', *, *, #2053, .F. ) ;
#458 = APPLICATION_PROTOCOL_DEFINITION ( 'draft international standard', 'automotive_design', 1998, #1899 ) ;
#459 = DIRECTION ( 'NONE',  ( 0.000000000000000000, 0.000000000000000000, -1.000000000000000000 ) ) ;
#460 = LINE ( 'NONE', #1102, #1538 ) ;
#461 = CARTESIAN_POINT ( 'NONE',  ( -97.49999999999994316, -78.47314952383842979, 9.599999999999885958 ) ) ;
#462 = EDGE_CURVE ( 'NONE', #1739, #1384, #990, .T. ) ;
#463 = ORIENTED_EDGE ( 'NONE', *, *, #1773, .T. ) ;
#464 = VECTOR ( 'NONE', #296, 1000.000000000000227 ) ;
#465 = VECTOR ( 'NONE', #282, 1000.000000000000000 ) ;
#466 = AXIS2_PLACEMENT_3D ( 'NONE', #1670, #2022, #1539 ) ;
#467 = DIRECTION ( 'NONE',  ( 0.000000000000000000, -1.000000000000000000, -0.000000000000000000 ) ) ;
#468 = AXIS2_PLACEMENT_3D ( 'NONE', #685, #1122, #1596 ) ;
#469 = EDGE_LOOP ( 'NONE', ( #1058, #900, #863, #1591 ) ) ;
#470 = EDGE_LOOP ( 'NONE', ( #1518, #246, #478, #1081, #720, #1763, #1373 ) ) ;
#471 = AXIS2_PLACEMENT_3D ( 'NONE', #284, #1241, #1886 ) ;
#472 = CARTESIAN_POINT ( 'NONE',  ( -122.4999999999999716, -74.45454182421889300, 83.39784670981200065 ) ) ;
#473 = CARTESIAN_POINT ( 'NONE',  ( -116.9999999999999432, -85.72314952383841558, 14.00000000000000000 ) ) ;
#474 = FACE_OUTER_BOUND ( 'NONE', #1403, .T. ) ;
#475 = VERTEX_POINT ( 'NONE', #555 ) ;
#476 = ADVANCED_FACE ( 'NONE', ( #1055, #91 ), #1881, .F. ) ;
#477 = CARTESIAN_POINT ( 'NONE',  ( -126.4999999999999716, 92.97314952383841558, 9.599999999999962341 ) ) ;
#478 = ORIENTED_EDGE ( 'NONE', *, *, #1972, .T. ) ;
#479 = LINE ( 'NONE', #764, #741 ) ;
#480 = ORIENTED_EDGE ( 'NONE', *, *, #1487, .T. ) ;
#481 = CARTESIAN_POINT ( 'NONE',  ( -114.4999999999999574, -74.45454182421889300, 83.39784670981200065 ) ) ;
#482 = EDGE_CURVE ( 'NONE', #1986, #958, #1195, .T. ) ;
#483 = PLANE ( 'NONE',  #632 ) ;
#484 = ORIENTED_EDGE ( 'NONE', *, *, #348, .F. ) ;
#485 = CARTESIAN_POINT ( 'NONE',  ( -110.4999999999999574, -21.44294755857974621, 83.39999999999997726 ) ) ;
#486 = ORIENTED_EDGE ( 'NONE', *, *, #691, .T. ) ;
#487 = LINE ( 'NONE', #1119, #1505 ) ;
#488 = ORIENTED_EDGE ( 'NONE', *, *, #610, .T. ) ;
#489 = PRESENTATION_STYLE_ASSIGNMENT (( #1616 ) ) ;
#490 = CARTESIAN_POINT ( 'NONE',  ( -110.4999999999999574, -60.29999999999997584, 83.39999999999997726 ) ) ;
#491 = CARTESIAN_POINT ( 'NONE',  ( -114.4999999999999574, -75.08992967336530455, 84.00000000000000000 ) ) ;
#492 = DIRECTION ( 'NONE',  ( 1.000000000000000000, 0.000000000000000000, 0.000000000000000000 ) ) ;
#493 = ORIENTED_EDGE ( 'NONE', *, *, #1070, .F. ) ;
#494 = DIRECTION ( 'NONE',  ( 0.000000000000000000, 1.000000000000000000, -0.000000000000000000 ) ) ;
#495 = CIRCLE ( 'NONE', #1940, 2.250000000000001776 ) ;
#496 = ORIENTED_EDGE ( 'NONE', *, *, #1479, .T. ) ;
#497 = VECTOR ( 'NONE', #1320, 1000.000000000000000 ) ;
#498 = VECTOR ( 'NONE', #251, 1000.000000000000000 ) ;
#499 = DIRECTION ( 'NONE',  ( -0.5357631378269142042, 0.5970585650276882816, 0.5970585650277003831 ) ) ;
#500 = ORIENTED_EDGE ( 'NONE', *, *, #1487, .F. ) ;
#501 = VECTOR ( 'NONE', #924, 1000.000000000000000 ) ;
#502 = DIRECTION ( 'NONE',  ( 0.7071067811865462405, 0.7071067811865489050, 0.000000000000000000 ) ) ;
#503 = ADVANCED_FACE ( 'NONE', ( #738 ), #1522, .T. ) ;
#504 = CARTESIAN_POINT ( 'NONE',  ( -114.4999999999999574, 19.13765920900465289, 14.00000000000001243 ) ) ;
#505 = CARTESIAN_POINT ( 'NONE',  ( -101.4999999999999432, -60.29999999999998295, 83.40000000000000568 ) ) ;
#506 = ORIENTED_EDGE ( 'NONE', *, *, #1947, .T. ) ;
#507 = FACE_OUTER_BOUND ( 'NONE', #1005, .T. ) ;
#508 = ORIENTED_EDGE ( 'NONE', *, *, #1929, .T. ) ;
#509 = ADVANCED_FACE ( 'NONE', ( #729 ), #669, .F. ) ;
#510 = FACE_OUTER_BOUND ( 'NONE', #351, .T. ) ;
#511 = ORIENTED_EDGE ( 'NONE', *, *, #912, .T. ) ;
#512 = DIRECTION ( 'NONE',  ( 0.000000000000000000, 0.000000000000000000, 1.000000000000000000 ) ) ;
#513 = CARTESIAN_POINT ( 'NONE',  ( -119.2499999999999432, -85.72314952383841558, 14.00000000000000000 ) ) ;
#514 = CARTESIAN_POINT ( 'NONE',  ( -111.0999999999999801, 60.89999999999999147, 83.99999999999997158 ) ) ;
#515 = ORIENTED_EDGE ( 'NONE', *, *, #1658, .T. ) ;
#516 = PLANE ( 'NONE',  #2079 ) ;
#517 = ORIENTED_EDGE ( 'NONE', *, *, #638, .T. ) ;
#518 = DIRECTION ( 'NONE',  ( 0.7071067811865556774, 1.250501340435237845E-16, 0.7071067811865393571 ) ) ;
#519 = CARTESIAN_POINT ( 'NONE',  ( -126.4999999999999716, 78.47314952383842979, 13.99999999999999822 ) ) ;
#520 = DIRECTION ( 'NONE',  ( 0.000000000000000000, 0.7071067811865316965, -0.7071067811865633379 ) ) ;
#521 = CARTESIAN_POINT ( 'NONE',  ( -111.0999999999999801, 9.429780353434617452E-15, 86.00000000000000000 ) ) ;
#522 = ORIENTED_EDGE ( 'NONE', *, *, #961, .F. ) ;
#523 = EDGE_CURVE ( 'NONE', #1417, #1413, #400, .T. ) ;
#524 = LINE ( 'NONE', #1491, #906 ) ;
#525 = ORIENTED_EDGE ( 'NONE', *, *, #131, .T. ) ;
#526 = CARTESIAN_POINT ( 'NONE',  ( -111.9999999999998863, 92.97314952383841558, 9.000000000000001776 ) ) ;
#527 = VECTOR ( 'NONE', #1229, 1000.000000000000000 ) ;
#528 = VERTEX_POINT ( 'NONE', #1554 ) ;
#529 = CIRCLE ( 'NONE', #1876, 2.250000000000001776 ) ;
#530 = DIRECTION ( 'NONE',  ( 0.000000000000000000, 0.000000000000000000, 1.000000000000000000 ) ) ;
#531 = DIRECTION ( 'NONE',  ( -1.000000000000000000, 0.000000000000000000, 0.000000000000000000 ) ) ;
#532 = VECTOR ( 'NONE', #409, 1000.000000000000000 ) ;
#533 = VECTOR ( 'NONE', #1723, 1000.000000000000000 ) ;
#534 = CARTESIAN_POINT ( 'NONE',  ( -110.4999999999999574, -21.44294755857974621, 83.39999999999997726 ) ) ;
#535 = PRODUCT_DEFINITION ( 'UNKNOWN', '', #603, #1856 ) ;
#536 = VERTEX_POINT ( 'NONE', #1866 ) ;
#537 = LINE ( 'NONE', #242, #1205 ) ;
#538 = LINE ( 'NONE', #86, #1073 ) ;
#539 = ORIENTED_EDGE ( 'NONE', *, *, #416, .F. ) ;
#540 = PLANE ( 'NONE',  #770 ) ;
#541 = VERTEX_POINT ( 'NONE', #1872 ) ;
#542 = DIRECTION ( 'NONE',  ( 0.7071067811865462405, 0.7071067811865489050, 0.000000000000000000 ) ) ;
#543 = CARTESIAN_POINT ( 'NONE',  ( -111.0999999999999801, -20.82884074971806854, 83.32429578935121128 ) ) ;
#544 = EDGE_CURVE ( 'NONE', #276, #1722, #832, .T. ) ;
#545 = EDGE_CURVE ( 'NONE', #723, #194, #1238, .T. ) ;
#546 = CARTESIAN_POINT ( 'NONE',  ( -114.4999999999999574, 74.45394389746434172, 83.38079437362588919 ) ) ;
#547 = EDGE_LOOP ( 'NONE', ( #1156, #1117, #1770, #1369 ) ) ;
#548 = FACE_OUTER_BOUND ( 'NONE', #2039, .T. ) ;
#549 = PLANE ( 'NONE',  #1771 ) ;
#550 = VERTEX_POINT ( 'NONE', #2026 ) ;
#551 = LINE ( 'NONE', #1550, #1340 ) ;
#552 = EDGE_LOOP ( 'NONE', ( #1251, #1788, #1017, #1551, #1790, #1620 ) ) ;
#553 = VERTEX_POINT ( 'NONE', #2012 ) ;
#554 = DIRECTION ( 'NONE',  ( -1.000000000000000000, 0.000000000000000000, 0.000000000000000000 ) ) ;
#555 = CARTESIAN_POINT ( 'NONE',  ( -114.4999999999999574, -19.13765920900461026, 14.00000000000001243 ) ) ;
#556 = EDGE_CURVE ( 'NONE', #1248, #361, #398, .T. ) ;
#557 = FACE_OUTER_BOUND ( 'NONE', #1225, .T. ) ;
#558 = EDGE_CURVE ( 'NONE', #1682, #1395, #581, .T. ) ;
#559 = ORIENTED_EDGE ( 'NONE', *, *, #930, .T. ) ;
#560 = CARTESIAN_POINT ( 'NONE',  ( -119.2499999999999432, 85.72314952383841558, 9.000000000000001776 ) ) ;
#561 = DIRECTION ( 'NONE',  ( 0.000000000000000000, -0.7071067811865493491, -0.7071067811865457964 ) ) ;
#562 = ORIENTED_EDGE ( 'NONE', *, *, #971, .T. ) ;
#563 = DIRECTION ( 'NONE',  ( -0.5773502691896078565, 0.5773502691896480465, 0.5773502691896212902 ) ) ;
#564 = ORIENTED_EDGE ( 'NONE', *, *, #462, .T. ) ;
#565 = DIRECTION ( 'NONE',  ( 1.000000000000000000, 0.000000000000000000, -0.000000000000000000 ) ) ;
#566 = DIRECTION ( 'NONE',  ( 0.000000000000000000, 0.000000000000000000, 1.000000000000000000 ) ) ;
#567 = EDGE_CURVE ( 'NONE', #1316, #2001, #126, .T. ) ;
#568 = CIRCLE ( 'NONE', #700, 21.00000000000000355 ) ;
#569 = ADVANCED_FACE ( 'NONE', ( #1855 ), #1064, .T. ) ;
#570 = VECTOR ( 'NONE', #2063, 1000.000000000000000 ) ;
#571 = VECTOR ( 'NONE', #1706, 1000.000000000000000 ) ;
#572 = CARTESIAN_POINT ( 'NONE',  ( -113.8999999999999773, 78.47314952383842979, 83.99999999999997158 ) ) ;
#573 = CIRCLE ( 'NONE', #1170, 2.250000000000001776 ) ;
#574 = DIRECTION ( 'NONE',  ( 0.000000000000000000, 0.000000000000000000, 1.000000000000000000 ) ) ;
#575 = CARTESIAN_POINT ( 'NONE',  ( -111.3999999999999346, -92.37314952383846389, 9.000000000000001776 ) ) ;
#576 = ORIENTED_EDGE ( 'NONE', *, *, #600, .T. ) ;
#577 = EDGE_CURVE ( 'NONE', #1589, #2076, #1690, .T. ) ;
#578 = DIRECTION ( 'NONE',  ( 0.5667353602508520272, -0.5980151025540020315, 0.5667353602508522492 ) ) ;
#579 = ORIENTED_EDGE ( 'NONE', *, *, #205, .T. ) ;
#580 = CARTESIAN_POINT ( 'NONE',  ( -110.4999999999999574, 21.50454496036687857, 83.99999999999998579 ) ) ;
#581 = LINE ( 'NONE', #1043, #2051 ) ;
#582 = CARTESIAN_POINT ( 'NONE',  ( -123.0999999999999659, 9.429780353434617452E-15, 86.00000000000000000 ) ) ;
#583 = ORIENTED_EDGE ( 'NONE', *, *, #1284, .T. ) ;
#584 = LINE ( 'NONE', #1216, #633 ) ;
#585 = ADVANCED_FACE ( 'NONE', ( #270, #1234 ), #903, .T. ) ;
#586 = CARTESIAN_POINT ( 'NONE',  ( -114.4999999999999574, 9.429780353434617452E-15, 86.00000000000000000 ) ) ;
#587 = DIRECTION ( 'NONE',  ( 1.000000000000000000, 0.000000000000000000, 0.000000000000000000 ) ) ;
#588 = CARTESIAN_POINT ( 'NONE',  ( -113.8999999999999773, -21.50454496036686436, 83.99999999999998579 ) ) ;
#589 = VERTEX_POINT ( 'NONE', #250 ) ;
#590 = EDGE_CURVE ( 'NONE', #1352, #939, #1354, .T. ) ;
#591 = EDGE_CURVE ( 'NONE', #1439, #148, #1390, .T. ) ;
#592 = DIRECTION ( 'NONE',  ( 0.000000000000000000, 0.000000000000000000, 1.000000000000000000 ) ) ;
#593 = EDGE_LOOP ( 'NONE', ( #1273, #944, #341, #217 ) ) ;
#594 = DIRECTION ( 'NONE',  ( 0.000000000000000000, 0.000000000000000000, 1.000000000000000000 ) ) ;
#595 = CARTESIAN_POINT ( 'NONE',  ( -110.4999999999999574, 78.47314952383842979, 13.99999999999999822 ) ) ;
#596 = AXIS2_PLACEMENT_3D ( 'NONE', #1806, #368, #848 ) ;
#597 = VECTOR ( 'NONE', #1758, 1000.000000000000000 ) ;
#598 = VECTOR ( 'NONE', #1294, 1000.000000000000000 ) ;
#599 = VECTOR ( 'NONE', #190, 1000.000000000000114 ) ;
#600 = EDGE_CURVE ( 'NONE', #1158, #636, #884, .T. ) ;
#601 = CARTESIAN_POINT ( 'NONE',  ( -125.9000000000000057, 92.37314952383846389, 9.000000000000001776 ) ) ;
#602 = VECTOR ( 'NONE', #373, 1000.000000000000000 ) ;
#603 = PRODUCT_DEFINITION_FORMATION_WITH_SPECIFIED_SOURCE ( 'ANY', '', #1086, .NOT_KNOWN. ) ;
#604 = ORIENTED_EDGE ( 'NONE', *, *, #941, .F. ) ;
#605 = PLANE ( 'NONE',  #1343 ) ;
#606 = ORIENTED_EDGE ( 'NONE', *, *, #444, .T. ) ;
#607 = ORIENTED_EDGE ( 'NONE', *, *, #1548, .F. ) ;
#608 = CARTESIAN_POINT ( 'NONE',  ( -97.49999999999995737, 64.29999999999992610, 83.99999999999995737 ) ) ;
#609 = CARTESIAN_POINT ( 'NONE',  ( -126.4999999999999716, 9.429780353434617452E-15, 86.00000000000000000 ) ) ;
#610 = EDGE_CURVE ( 'NONE', #1615, #1973, #1272, .T. ) ;
#611 = LINE ( 'NONE', #436, #1233 ) ;
#612 = EDGE_LOOP ( 'NONE', ( #1692, #1960, #2008 ) ) ;
#613 = LINE ( 'NONE', #783, #804 ) ;
#614 = ORIENTED_EDGE ( 'NONE', *, *, #1210, .F. ) ;
#615 = DIRECTION ( 'NONE',  ( 0.000000000000000000, 1.768475955409268466E-16, 1.000000000000000000 ) ) ;
#616 = ADVANCED_FACE ( 'NONE', ( #1279 ), #952, .T. ) ;
#617 = EDGE_CURVE ( 'NONE', #1558, #553, #573, .T. ) ;
#618 = FACE_OUTER_BOUND ( 'NONE', #421, .T. ) ;
#619 = LINE ( 'NONE', #1901, #1132 ) ;
#620 = EDGE_LOOP ( 'NONE', ( #1494, #493, #207, #604 ) ) ;
#621 = DIRECTION ( 'NONE',  ( 1.000000000000000000, -0.000000000000000000, -0.000000000000000000 ) ) ;
#623 = ORIENTED_EDGE ( 'NONE', *, *, #383, .T. ) ;
#622 = ADVANCED_FACE ( 'NONE', ( #320 ), #1733, .F. ) ;
#624 = ORIENTED_EDGE ( 'NONE', *, *, #985, .F. ) ;
#625 = DIRECTION ( 'NONE',  ( 0.000000000000000000, -1.000000000000000000, 1.768475955409268466E-16 ) ) ;
#626 = DIRECTION ( 'NONE',  ( -0.000000000000000000, 0.7258346658657571782, -0.6878692011040649090 ) ) ;
#627 = ADVANCED_FACE ( 'NONE', ( #1909 ), #1593, .F. ) ;
#628 = AXIS2_PLACEMENT_3D ( 'NONE', #1858, #227, #1189 ) ;
#629 = DIRECTION ( 'NONE',  ( 0.000000000000000000, -1.000000000000000000, 0.000000000000000000 ) ) ;
#630 = ORIENTED_EDGE ( 'NONE', *, *, #1530, .F. ) ;
#631 = VECTOR ( 'NONE', #1803, 1000.000000000000000 ) ;
#632 = AXIS2_PLACEMENT_3D ( 'NONE', #1795, #26, #172 ) ;
#633 = VECTOR ( 'NONE', #563, 1000.000000000000114 ) ;
#634 = PLANE ( 'NONE',  #1984 ) ;
#635 = VECTOR ( 'NONE', #1007, 1000.000000000000000 ) ;
#636 = VERTEX_POINT ( 'NONE', #313 ) ;
#637 = AXIS2_PLACEMENT_3D ( 'NONE', #1567, #1411, #455 ) ;
#638 = EDGE_CURVE ( 'NONE', #191, #726, #479, .T. ) ;
#639 = DIRECTION ( 'NONE',  ( -1.000000000000000000, 0.000000000000000000, 0.000000000000000000 ) ) ;
#640 = CARTESIAN_POINT ( 'NONE',  ( -97.49999999999992895, -64.29999999999998295, 213.7187727354833839 ) ) ;
#641 = ORIENTED_EDGE ( 'NONE', *, *, #1155, .T. ) ;
#642 = FACE_OUTER_BOUND ( 'NONE', #1243, .T. ) ;
#643 = CARTESIAN_POINT ( 'NONE',  ( -126.4999999999999716, -82.43725113897619394, 80.00000000000001421 ) ) ;
#644 = FACE_OUTER_BOUND ( 'NONE', #1938, .T. ) ;
#645 = ORIENTED_EDGE ( 'NONE', *, *, #1053, .F. ) ;
#646 = DIRECTION ( 'NONE',  ( 0.000000000000000000, 1.000000000000000000, 0.000000000000000000 ) ) ;
#647 = ORIENTED_EDGE ( 'NONE', *, *, #1385, .T. ) ;
#648 = DIRECTION ( 'NONE',  ( 0.7071067811865556774, 1.250501340435237845E-16, 0.7071067811865393571 ) ) ;
#649 = ORIENTED_EDGE ( 'NONE', *, *, #545, .F. ) ;
#650 = LINE ( 'NONE', #1625, #1338 ) ;
#651 = DIRECTION ( 'NONE',  ( 0.000000000000000000, 0.000000000000000000, 1.000000000000000000 ) ) ;
#652 = CARTESIAN_POINT ( 'NONE',  ( -110.4999999999999574, 9.429780353434617452E-15, 86.00000000000000000 ) ) ;
#653 = ORIENTED_EDGE ( 'NONE', *, *, #1385, .F. ) ;
#654 = CARTESIAN_POINT ( 'NONE',  ( -113.8999999999999773, 20.82884074971808630, 83.32429578935119707 ) ) ;
#655 = VERTEX_POINT ( 'NONE', #472 ) ;
#656 = ADVANCED_FACE ( 'NONE', ( #1897 ), #157, .T. ) ;
#657 = DIRECTION ( 'NONE',  ( -0.5773502691896243988, 0.5773502691896263972, 0.5773502691896263972 ) ) ;
#658 = ORIENTED_EDGE ( 'NONE', *, *, #462, .F. ) ;
#659 = CARTESIAN_POINT ( 'NONE',  ( -97.49999999999994316, 78.47314952383842979, 14.00000000000000000 ) ) ;
#660 = CARTESIAN_POINT ( 'NONE',  ( -51.10303038032995460, -20.82884074971806854, 83.32429578935121128 ) ) ;
#661 = DIRECTION ( 'NONE',  ( 0.000000000000000000, 0.000000000000000000, 1.000000000000000000 ) ) ;
#662 = EDGE_CURVE ( 'NONE', #528, #440, #143, .T. ) ;
#663 = CARTESIAN_POINT ( 'NONE',  ( -119.2499999999999432, -85.72314952383841558, 9.000000000000001776 ) ) ;
#664 = EDGE_LOOP ( 'NONE', ( #853, #1752, #259, #803, #1999, #1099, #1039 ) ) ;
#665 = LINE ( 'NONE', #986, #1572 ) ;
#666 = AXIS2_PLACEMENT_3D ( 'NONE', #1981, #1347, #379 ) ;
#667 = VECTOR ( 'NONE', #1166, 1000.000000000000000 ) ;
#668 = VERTEX_POINT ( 'NONE', #1101 ) ;
#669 = CONICAL_SURFACE ( 'NONE', #1847, 21.00000000000000355, 0.7853981633974511656 ) ;
#670 = VECTOR ( 'NONE', #827, 1000.000000000000000 ) ;
#671 = CARTESIAN_POINT ( 'NONE',  ( -110.4999999999999574, 64.29999999999995453, 0.000000000000000000 ) ) ;
#672 = VECTOR ( 'NONE', #1769, 1000.000000000000114 ) ;
#673 = DIRECTION ( 'NONE',  ( -1.000000000000000000, -0.000000000000000000, 0.000000000000000000 ) ) ;
#674 = LINE ( 'NONE', #1793, #1502 ) ;
#675 = FACE_OUTER_BOUND ( 'NONE', #2033, .T. ) ;
#676 = ORIENTED_EDGE ( 'NONE', *, *, #312, .F. ) ;
#677 = PLANE ( 'NONE',  #866 ) ;
#678 = ORIENTED_EDGE ( 'NONE', *, *, #926, .F. ) ;
#679 = CARTESIAN_POINT ( 'NONE',  ( -122.7294161029526265, -21.46649995169640590, 83.62941610295266059 ) ) ;
#680 = EDGE_LOOP ( 'NONE', ( #226, #1815, #771, #855 ) ) ;
#681 = CARTESIAN_POINT ( 'NONE',  ( -111.9999999999998863, -92.97314952383841558, 9.000000000000001776 ) ) ;
#682 = CARTESIAN_POINT ( 'NONE',  ( -110.4999999999999574, 0.000000000000000000, 0.000000000000000000 ) ) ;
#683 = DIRECTION ( 'NONE',  ( -3.452186021844393893E-16, 1.000000000000000000, -1.768475955409268466E-16 ) ) ;
#684 = EDGE_CURVE ( 'NONE', #760, #1703, #1930, .T. ) ;
#685 = CARTESIAN_POINT ( 'NONE',  ( -111.0999999999999801, 9.429780353434617452E-15, 86.00000000000000000 ) ) ;
#686 = EDGE_LOOP ( 'NONE', ( #1962, #1111, #80 ) ) ;
#687 = CARTESIAN_POINT ( 'NONE',  ( -111.0999999999999801, -60.90000000000002700, 84.00000000000000000 ) ) ;
#688 = ORIENTED_EDGE ( 'NONE', *, *, #1421, .T. ) ;
#689 = DIRECTION ( 'NONE',  ( 0.000000000000000000, -1.000000000000000000, 1.768475955409268466E-16 ) ) ;
#690 = ORIENTED_EDGE ( 'NONE', *, *, #544, .T. ) ;
#691 = EDGE_CURVE ( 'NONE', #966, #84, #487, .T. ) ;
#692 = FILL_AREA_STYLE_COLOUR ( '', #833 ) ;
#693 = CARTESIAN_POINT ( 'NONE',  ( -110.4999999999999716, 64.29999999999995453, 83.99999999999995737 ) ) ;
#694 = DIRECTION ( 'NONE',  ( 0.7052509650225367022, 0.07240271175541955484, -0.7052509650225530224 ) ) ;
#695 = ORIENTED_EDGE ( 'NONE', *, *, #1527, .T. ) ;
#696 = DIRECTION ( 'NONE',  ( 0.000000000000000000, 0.000000000000000000, 1.000000000000000000 ) ) ;
#697 = LINE ( 'NONE', #1667, #1602 ) ;
#698 = EDGE_LOOP ( 'NONE', ( #784, #922, #1217, #690, #1230, #1278, #1040 ) ) ;
#699 = CARTESIAN_POINT ( 'NONE',  ( -122.4999999999999716, 19.13765920900465289, 14.00000000000001243 ) ) ;
#700 = AXIS2_PLACEMENT_3D ( 'NONE', #582, #1067, #228 ) ;
#701 = ORIENTED_EDGE ( 'NONE', *, *, #1967, .F. ) ;
#702 = VERTEX_POINT ( 'NONE', #450 ) ;
#703 = EDGE_CURVE ( 'NONE', #1860, #1492, #2061, .T. ) ;
#704 = CIRCLE ( 'NONE', #273, 21.00000000000000355 ) ;
#705 = VECTOR ( 'NONE', #1653, 1000.000000000000000 ) ;
#706 = CARTESIAN_POINT ( 'NONE',  ( -122.9001169315235842, -21.03363308137705445, 83.34972551533280694 ) ) ;
#707 = DIRECTION ( 'NONE',  ( -0.000000000000000000, 1.000000000000000000, 1.105297472130793099E-16 ) ) ;
#708 = AXIS2_PLACEMENT_3D ( 'NONE', #1727, #758, #717 ) ;
#709 = DIRECTION ( 'NONE',  ( 0.000000000000000000, 0.000000000000000000, 1.000000000000000000 ) ) ;
#710 = ORIENTED_EDGE ( 'NONE', *, *, #786, .T. ) ;
#711 = PLANE ( 'NONE',  #32 ) ;
#712 = CARTESIAN_POINT ( 'NONE',  ( -87.97411896750935512, -91.47314952383864295, 68.07179676972448590 ) ) ;
#713 = EDGE_LOOP ( 'NONE', ( #418, #1672, #99, #1128 ) ) ;
#714 = DIRECTION ( 'NONE',  ( 1.000000000000000000, 7.709882115452456473E-16, -1.363474114021761439E-31 ) ) ;
#715 = VERTEX_POINT ( 'NONE', #1762 ) ;
#716 = CYLINDRICAL_SURFACE ( 'NONE', #1106, 3.964101615137771706 ) ;
#717 = DIRECTION ( 'NONE',  ( 0.000000000000000000, 1.000000000000000000, 0.000000000000000000 ) ) ;
#718 = EDGE_CURVE ( 'NONE', #1597, #1600, #305, .T. ) ;
#719 = CARTESIAN_POINT ( 'NONE',  ( -51.10303038032995460, 20.82884074971808985, 83.32429578935119707 ) ) ;
#720 = ORIENTED_EDGE ( 'NONE', *, *, #482, .T. ) ;
#721 = CARTESIAN_POINT ( 'NONE',  ( -110.4999999999999574, -90.40135275411395810, 66.99999999999981526 ) ) ;
#722 = DIRECTION ( 'NONE',  ( -1.000000000000000000, 0.000000000000000000, 0.000000000000000000 ) ) ;
#723 = VERTEX_POINT ( 'NONE', #1405 ) ;
#724 = EDGE_CURVE ( 'NONE', #879, #757, #946, .T. ) ;
#725 = CARTESIAN_POINT ( 'NONE',  ( -126.4999999999999716, -78.47314952383840136, 14.00000000000000000 ) ) ;
#726 = VERTEX_POINT ( 'NONE', #149 ) ;
#727 = EDGE_CURVE ( 'NONE', #1071, #214, #1092, .T. ) ;
#728 = LINE ( 'NONE', #1042, #1407 ) ;
#729 = FACE_OUTER_BOUND ( 'NONE', #303, .T. ) ;
#730 = LINE ( 'NONE', #1176, #869 ) ;
#731 = CARTESIAN_POINT ( 'NONE',  ( -101.4999999999999432, -60.29999999999998295, 83.40000000000000568 ) ) ;
#732 = FACE_OUTER_BOUND ( 'NONE', #1324, .T. ) ;
#734 = ADVANCED_FACE ( 'NONE', ( #1420 ), #1573, .F. ) ;
#733 = VERTEX_POINT ( 'NONE', #1 ) ;
#735 = CARTESIAN_POINT ( 'NONE',  ( -122.4999999999999716, 21.44294755857972845, 83.40000000000000568 ) ) ;
#736 = EDGE_LOOP ( 'NONE', ( #1306, #1304, #1327, #624 ) ) ;
#737 = DIRECTION ( 'NONE',  ( -1.000000000000000000, -0.000000000000000000, -0.000000000000000000 ) ) ;
#738 = FACE_OUTER_BOUND ( 'NONE', #16, .T. ) ;
#739 = CIRCLE ( 'NONE', #799, 3.964101615137771706 ) ;
#740 = AXIS2_PLACEMENT_3D ( 'NONE', #521, #15, #1321 ) ;
#741 = VECTOR ( 'NONE', #12, 1000.000000000000114 ) ;
#742 = VECTOR ( 'NONE', #847, 1000.000000000000114 ) ;
#743 = AXIS2_PLACEMENT_3D ( 'NONE', #2047, #646, #1877 ) ;
#744 = LINE ( 'NONE', #1500, #2046 ) ;
#745 = DIRECTION ( 'NONE',  ( -0.000000000000000000, 0.000000000000000000, 1.000000000000000000 ) ) ;
#746 = EDGE_CURVE ( 'NONE', #1676, #1920, #1939, .T. ) ;
#747 = ORIENTED_EDGE ( 'NONE', *, *, #1291, .F. ) ;
#748 = CARTESIAN_POINT ( 'NONE',  ( -126.4999999999999716, -20.82884074971806854, 83.32429578935121128 ) ) ;
#749 = ORIENTED_EDGE ( 'NONE', *, *, #1228, .T. ) ;
#750 = FACE_OUTER_BOUND ( 'NONE', #775, .T. ) ;
#751 = CARTESIAN_POINT ( 'NONE',  ( -97.49999999999995737, 64.29999999999995453, 213.7187727354833839 ) ) ;
#752 = ADVANCED_FACE ( 'NONE', ( #360 ), #1614, .T. ) ;
#753 = EDGE_CURVE ( 'NONE', #1318, #1248, #988, .T. ) ;
#754 = CARTESIAN_POINT ( 'NONE',  ( -113.8999999999999773, -20.82884074971806854, 83.32429578935121128 ) ) ;
#755 = ORIENTED_EDGE ( 'NONE', *, *, #1155, .F. ) ;
#756 = CARTESIAN_POINT ( 'NONE',  ( -122.9001169315235842, 21.03363308137707222, 83.34972551533279272 ) ) ;
#757 = VERTEX_POINT ( 'NONE', #1631 ) ;
#758 = DIRECTION ( 'NONE',  ( -0.7071067811865475727, 0.000000000000000000, -0.7071067811865475727 ) ) ;
#759 = CARTESIAN_POINT ( 'NONE',  ( -98.09999999999978115, -79.07314952383825357, 9.000000000000001776 ) ) ;
#760 = VERTEX_POINT ( 'NONE', #699 ) ;
#761 = FACE_OUTER_BOUND ( 'NONE', #1475, .T. ) ;
#762 = ORIENTED_EDGE ( 'NONE', *, *, #961, .T. ) ;
#763 = EDGE_LOOP ( 'NONE', ( #60, #539, #1461, #867 ) ) ;
#764 = CARTESIAN_POINT ( 'NONE',  ( -111.0999999999999801, 21.50454496036687502, 83.99999999999998579 ) ) ;
#765 = EDGE_CURVE ( 'NONE', #879, #2044, #30, .T. ) ;
#766 = CONICAL_SURFACE ( 'NONE', #740, 21.00000000000000355, 0.7853981633974627119 ) ;
#767 = AXIS2_PLACEMENT_3D ( 'NONE', #751, #1227, #432 ) ;
#768 = VECTOR ( 'NONE', #1353, 999.9999999999998863 ) ;
#769 = LINE ( 'NONE', #1579, #1296 ) ;
#770 = AXIS2_PLACEMENT_3D ( 'NONE', #1182, #822, #342 ) ;
#771 = ORIENTED_EDGE ( 'NONE', *, *, #590, .F. ) ;
#772 = EDGE_CURVE ( 'NONE', #2001, #410, #1826, .T. ) ;
#773 = DIRECTION ( 'NONE',  ( 1.000000000000000000, 0.000000000000000000, 0.000000000000000000 ) ) ;
#774 = VERTEX_POINT ( 'NONE', #1305 ) ;
#775 = EDGE_LOOP ( 'NONE', ( #484, #321, #1988, #285 ) ) ;
#776 = EDGE_CURVE ( 'NONE', #1158, #812, #1684, .T. ) ;
#777 = DIRECTION ( 'NONE',  ( 0.000000000000000000, -1.000000000000000000, 0.000000000000000000 ) ) ;
#778 = CARTESIAN_POINT ( 'NONE',  ( -110.4999999999999574, -64.29999999999999716, 0.000000000000000000 ) ) ;
#779 = LINE ( 'NONE', #490, #434 ) ;
#780 = EDGE_CURVE ( 'NONE', #1426, #702, #43, .T. ) ;
#781 = DIRECTION ( 'NONE',  ( -1.000000000000000000, 0.000000000000000000, 0.000000000000000000 ) ) ;
#782 = ORIENTED_EDGE ( 'NONE', *, *, #941, .T. ) ;
#783 = CARTESIAN_POINT ( 'NONE',  ( -126.4999999999999716, -92.37314952383846389, 9.000000000000001776 ) ) ;
#784 = ORIENTED_EDGE ( 'NONE', *, *, #912, .F. ) ;
#785 = DIRECTION ( 'NONE',  ( 0.000000000000000000, 0.000000000000000000, 1.000000000000000000 ) ) ;
#786 = EDGE_CURVE ( 'NONE', #63, #715, #1952, .T. ) ;
#787 = DIRECTION ( 'NONE',  ( 0.000000000000000000, -0.7071067811865493491, -0.7071067811865456854 ) ) ;
#788 = CARTESIAN_POINT ( 'NONE',  ( -126.4999999999999716, -82.43725113897619394, 72.07179676972447169 ) ) ;
#789 = EDGE_LOOP ( 'NONE', ( #2030, #1410 ) ) ;
#790 = CARTESIAN_POINT ( 'NONE',  ( -113.8999999999999773, 78.47314952383842979, 83.99999999999997158 ) ) ;
#791 = ADVANCED_FACE ( 'NONE', ( #1623 ), #540, .T. ) ;
#792 = ORIENTED_EDGE ( 'NONE', *, *, #1460, .T. ) ;
#793 =( NAMED_UNIT ( * ) SI_UNIT ( $, .STERADIAN. ) SOLID_ANGLE_UNIT ( ) );
#794 = DIRECTION ( 'NONE',  ( 0.000000000000000000, 1.000000000000000000, -1.768475955409268466E-16 ) ) ;
#795 = LINE ( 'NONE', #481, #1103 ) ;
#796 = AXIS2_PLACEMENT_3D ( 'NONE', #1950, #1811, #1481 ) ;
#797 = FACE_BOUND ( 'NONE', #1852, .T. ) ;
#798 = ORIENTED_EDGE ( 'NONE', *, *, #158, .T. ) ;
#799 = AXIS2_PLACEMENT_3D ( 'NONE', #1345, #531, #353 ) ;
#800 = VECTOR ( 'NONE', #1355, 1000.000000000000000 ) ;
#801 = AXIS2_PLACEMENT_3D ( 'NONE', #1545, #281, #915 ) ;
#802 = DIRECTION ( 'NONE',  ( 1.000000000000000000, 0.000000000000000000, 0.000000000000000000 ) ) ;
#803 = ORIENTED_EDGE ( 'NONE', *, *, #1822, .T. ) ;
#804 = VECTOR ( 'NONE', #1418, 1000.000000000000000 ) ;
#805 = DIRECTION ( 'NONE',  ( -1.000000000000000000, -0.000000000000000000, -0.000000000000000000 ) ) ;
#806 = ORIENTED_EDGE ( 'NONE', *, *, #817, .T. ) ;
#807 = CARTESIAN_POINT ( 'NONE',  ( -51.10303038032995460, -20.82884074971806854, 83.32429578935121128 ) ) ;
#808 = DIRECTION ( 'NONE',  ( 0.000000000000000000, 0.000000000000000000, -1.000000000000000000 ) ) ;
#809 = FACE_OUTER_BOUND ( 'NONE', #763, .T. ) ;
#810 = DIRECTION ( 'NONE',  ( -1.000000000000000000, 0.000000000000000000, 0.000000000000000000 ) ) ;
#811 = ADVANCED_FACE ( 'NONE', ( #510 ), #1961, .T. ) ;
#812 = VERTEX_POINT ( 'NONE', #843 ) ;
#813 = LINE ( 'NONE', #1450, #830 ) ;
#814 = ORIENTED_EDGE ( 'NONE', *, *, #1078, .T. ) ;
#815 = DIRECTION ( 'NONE',  ( -1.958320948279396217E-15, 1.000000000000000000, -0.000000000000000000 ) ) ;
#816 = DIRECTION ( 'NONE',  ( -1.000000000000000000, -0.000000000000000000, -0.000000000000000000 ) ) ;
#817 = EDGE_CURVE ( 'NONE', #194, #191, #849, .T. ) ;
#818 = CARTESIAN_POINT ( 'NONE',  ( -111.9999999999998863, 92.37314952383846389, 9.000000000000001776 ) ) ;
#819 = ORIENTED_EDGE ( 'NONE', *, *, #1434, .T. ) ;
#820 = CARTESIAN_POINT ( 'NONE',  ( -98.09999999999996589, -82.43725113897619394, 80.00000000000001421 ) ) ;
#821 = ORIENTED_EDGE ( 'NONE', *, *, #151, .T. ) ;
#822 = DIRECTION ( 'NONE',  ( 0.000000000000000000, -1.000000000000000000, 0.000000000000000000 ) ) ;
#823 = ORIENTED_EDGE ( 'NONE', *, *, #1708, .T. ) ;
#824 = FACE_OUTER_BOUND ( 'NONE', #469, .T. ) ;
#825 = CARTESIAN_POINT ( 'NONE',  ( -110.4999999999999574, -90.40135275411395810, 0.000000000000000000 ) ) ;
#826 = ADVANCED_FACE ( 'NONE', ( #208 ), #854, .T. ) ;
#827 = DIRECTION ( 'NONE',  ( 1.000000000000000000, 0.000000000000000000, 0.000000000000000000 ) ) ;
#828 = ORIENTED_EDGE ( 'NONE', *, *, #1314, .F. ) ;
#829 = CARTESIAN_POINT ( 'NONE',  ( -111.0999999999999801, -20.82884074971806854, 83.32429578935121128 ) ) ;
#830 = VECTOR ( 'NONE', #17, 1000.000000000000000 ) ;
#831 = EDGE_LOOP ( 'NONE', ( #447, #1660, #1812, #956 ) ) ;
#832 = CIRCLE ( 'NONE', #2018, 21.60000000000003695 ) ;
#833 = COLOUR_RGB ( '',1.000000000000000000, 1.000000000000000000, 1.000000000000000000 ) ;
#834 = DIRECTION ( 'NONE',  ( 1.000000000000000000, -0.000000000000000000, -0.000000000000000000 ) ) ;
#835 = EDGE_CURVE ( 'NONE', #148, #733, #1326, .T. ) ;
#836 = AXIS2_PLACEMENT_3D ( 'NONE', #640, #2069, #1783 ) ;
#837 = CARTESIAN_POINT ( 'NONE',  ( -111.9999999999998863, -92.97314952383841558, 14.00000000000000000 ) ) ;
#838 = DIRECTION ( 'NONE',  ( 0.000000000000000000, -0.6878692011040650200, -0.7258346658657572892 ) ) ;
#839 = CARTESIAN_POINT ( 'NONE',  ( -121.4999999999999432, -85.72314952383841558, 9.000000000000001776 ) ) ;
#840 = ORIENTED_EDGE ( 'NONE', *, *, #1636, .F. ) ;
#841 = CARTESIAN_POINT ( 'NONE',  ( -98.09999999999979536, -2.117279912825188323E-14, 9.000000000000001776 ) ) ;
#842 = ORIENTED_EDGE ( 'NONE', *, *, #877, .F. ) ;
#843 = CARTESIAN_POINT ( 'NONE',  ( -98.09999999999996589, -82.43725113897619394, 72.07179676972447169 ) ) ;
#844 = LINE ( 'NONE', #659, #635 ) ;
#845 = EDGE_CURVE ( 'NONE', #51, #396, #1971, .T. ) ;
#846 = DIRECTION ( 'NONE',  ( 3.452186021844393893E-16, -1.000000000000000000, 1.768475955409268466E-16 ) ) ;
#847 = DIRECTION ( 'NONE',  ( -0.000000000000000000, -0.7071067811865633379, -0.7071067811865316965 ) ) ;
#848 = DIRECTION ( 'NONE',  ( -0.7071067811865462405, 0.7071067811865489050, 0.000000000000000000 ) ) ;
#849 = B_SPLINE_CURVE_WITH_KNOTS ( 'NONE', 3,
 ( #1142, #1483, #1290, #1159 ),
 .UNSPECIFIED., .F., .F.,
 ( 4, 4 ),
 ( 0.000000000000000000, 0.0008618922787682010761 ),
 .UNSPECIFIED. ) ;
#850 = CARTESIAN_POINT ( 'NONE',  ( -97.49999999999995737, -90.40135275411395810, 67.00314952383823197 ) ) ;
#851 = LINE ( 'NONE', #841, #1404 ) ;
#852 = EDGE_CURVE ( 'NONE', #396, #1860, #20, .T. ) ;
#853 = ORIENTED_EDGE ( 'NONE', *, *, #1267, .F. ) ;
#854 = PLANE ( 'NONE',  #1577 ) ;
#855 = ORIENTED_EDGE ( 'NONE', *, *, #1267, .T. ) ;
#856 = EDGE_LOOP ( 'NONE', ( #1904, #1715, #1313, #119 ) ) ;
#857 = CARTESIAN_POINT ( 'NONE',  ( -114.4999999999999574, 9.429780353434617452E-15, 86.00000000000000000 ) ) ;
#858 = CARTESIAN_POINT ( 'NONE',  ( -113.8999999999999773, -20.82884074971806854, 83.32429578935121128 ) ) ;
#859 = CARTESIAN_POINT ( 'NONE',  ( -126.4999999999999716, 92.97314952383841558, 9.599999999999962341 ) ) ;
#860 = CARTESIAN_POINT ( 'NONE',  ( -119.2499999999999432, 85.72314952383841558, 14.00000000000000000 ) ) ;
#861 = DIRECTION ( 'NONE',  ( 0.5773502691896277295, 0.5773502691896382766, 0.5773502691896114092 ) ) ;
#862 = CARTESIAN_POINT ( 'NONE',  ( -97.49999999999992895, -82.43725113897619394, 71.47179676972442053 ) ) ;
#863 = ORIENTED_EDGE ( 'NONE', *, *, #1757, .F. ) ;
#864 = AXIS2_PLACEMENT_3D ( 'NONE', #860, #661, #24 ) ;
#865 = CARTESIAN_POINT ( 'NONE',  ( -51.10303038032995460, 20.82884074971808985, 83.32429578935119707 ) ) ;
#866 = AXIS2_PLACEMENT_3D ( 'NONE', #41, #494, #1149 ) ;
#867 = ORIENTED_EDGE ( 'NONE', *, *, #577, .F. ) ;
#868 = AXIS2_PLACEMENT_3D ( 'NONE', #1422, #1282, #322 ) ;
#869 = VECTOR ( 'NONE', #1331, 1000.000000000000000 ) ;
#870 = DIRECTION ( 'NONE',  ( 0.000000000000000000, 0.000000000000000000, 1.000000000000000000 ) ) ;
#871 = B_SPLINE_CURVE_WITH_KNOTS ( 'NONE', 3,
 ( #221, #706, #1344, #1839 ),
 .UNSPECIFIED., .F., .F.,
 ( 4, 4 ),
 ( 0.000000000000000000, 0.0008618922787681568406 ),
 .UNSPECIFIED. ) ;
#872 = FACE_OUTER_BOUND ( 'NONE', #713, .T. ) ;
#873 = VECTOR ( 'NONE', #116, 1000.000000000000000 ) ;
#874 = LINE ( 'NONE', #1511, #69 ) ;
#875 = ORIENTED_EDGE ( 'NONE', *, *, #1555, .F. ) ;
#876 = CARTESIAN_POINT ( 'NONE',  ( -114.2705838970473167, 21.46649995169641656, 83.62941610295264638 ) ) ;
#877 = EDGE_CURVE ( 'NONE', #1271, #1710, #1002, .T. ) ;
#878 = DIRECTION ( 'NONE',  ( -1.000000000000000000, -0.000000000000000000, -0.000000000000000000 ) ) ;
#879 = VERTEX_POINT ( 'NONE', #62 ) ;
#880 = LINE ( 'NONE', #1506, #1716 ) ;
#881 = ORIENTED_EDGE ( 'NONE', *, *, #684, .F. ) ;
#882 = VERTEX_POINT ( 'NONE', #1861 ) ;
#883 = CARTESIAN_POINT ( 'NONE',  ( -114.2998873570592338, 21.23833229413358126, 83.37495334704473748 ) ) ;
#884 = LINE ( 'NONE', #1919, #1044 ) ;
#885 = EDGE_CURVE ( 'NONE', #44, #528, #394, .T. ) ;
#886 = LINE ( 'NONE', #1523, #1714 ) ;
#887 = CARTESIAN_POINT ( 'NONE',  ( -51.10303038032995460, 9.429780353434617452E-15, 86.00000000000000000 ) ) ;
#888 = DIRECTION ( 'NONE',  ( -0.5357631378269082090, -0.5970585650276954981, 0.5970585650276984957 ) ) ;
#889 = VERTEX_POINT ( 'NONE', #748 ) ;
#890 = DIRECTION ( 'NONE',  ( -1.000000000000000000, 0.000000000000000000, 0.000000000000000000 ) ) ;
#891 = ORIENTED_EDGE ( 'NONE', *, *, #193, .T. ) ;
#892 = EDGE_LOOP ( 'NONE', ( #658, #2049, #1648, #607 ) ) ;
#893 = DIRECTION ( 'NONE',  ( 0.000000000000000000, 0.000000000000000000, 1.000000000000000000 ) ) ;
#894 = DIRECTION ( 'NONE',  ( 1.000000000000000000, 0.000000000000000000, 0.000000000000000000 ) ) ;
#895 = APPLICATION_CONTEXT ( 'automotive_design' ) ;
#896 = CARTESIAN_POINT ( 'NONE',  ( -51.10303038032995460, 20.82884074971808630, 83.32429578935119707 ) ) ;
#897 = DIRECTION ( 'NONE',  ( -0.000000000000000000, 0.000000000000000000, 1.000000000000000000 ) ) ;
#898 = ORIENTED_EDGE ( 'NONE', *, *, #1462, .T. ) ;
#899 = CARTESIAN_POINT ( 'NONE',  ( -122.4999999999999716, 9.429780353434617452E-15, 86.00000000000000000 ) ) ;
#900 = ORIENTED_EDGE ( 'NONE', *, *, #1012, .F. ) ;
#901 = CARTESIAN_POINT ( 'NONE',  ( -126.4999999999999716, 0.000000000000000000, 0.000000000000000000 ) ) ;
#902 = VECTOR ( 'NONE', #315, 1000.000000000000000 ) ;
#903 = PLANE ( 'NONE',  #801 ) ;
#904 = ADVANCED_FACE ( 'NONE', ( #1870 ), #938, .F. ) ;
#905 = AXIS2_PLACEMENT_3D ( 'NONE', #307, #1447, #1898 ) ;
#906 = VECTOR ( 'NONE', #1780, 999.9999999999998863 ) ;
#907 = VECTOR ( 'NONE', #459, 1000.000000000000000 ) ;
#908 = VECTOR ( 'NONE', #1937, 1000.000000000000000 ) ;
#909 = DIRECTION ( 'NONE',  ( 1.000000000000000000, 0.000000000000000000, 0.000000000000000000 ) ) ;
#910 = ORIENTED_EDGE ( 'NONE', *, *, #213, .F. ) ;
#911 = CARTESIAN_POINT ( 'NONE',  ( -101.4999999999999432, -60.29999999999998295, 83.40000000000000568 ) ) ;
#912 = EDGE_CURVE ( 'NONE', #1169, #589, #257, .T. ) ;
#913 = ORIENTED_EDGE ( 'NONE', *, *, #852, .F. ) ;
#914 = CARTESIAN_POINT ( 'NONE',  ( -126.4999999999999716, -92.97314952383841558, 9.599999999999962341 ) ) ;
#915 = DIRECTION ( 'NONE',  ( 1.000000000000000000, 0.000000000000000000, 0.000000000000000000 ) ) ;
#916 = CARTESIAN_POINT ( 'NONE',  ( -126.4999999999999716, -92.97314952383841558, 9.000000000000001776 ) ) ;
#917 = ORIENTED_EDGE ( 'NONE', *, *, #835, .F. ) ;
#918 = EDGE_CURVE ( 'NONE', #1413, #1426, #1209, .T. ) ;
#919 = EDGE_CURVE ( 'NONE', #1560, #921, #266, .T. ) ;
#920 = DIRECTION ( 'NONE',  ( -0.000000000000000000, 1.982541115402064617E-16, -1.000000000000000000 ) ) ;
#921 = VERTEX_POINT ( 'NONE', #1704 ) ;
#922 = ORIENTED_EDGE ( 'NONE', *, *, #1124, .T. ) ;
#923 =( LENGTH_UNIT ( ) NAMED_UNIT ( * ) SI_UNIT ( .MILLI., .METRE. ) );
#924 = DIRECTION ( 'NONE',  ( -1.000000000000000000, 0.000000000000000000, 0.000000000000000000 ) ) ;
#925 = CARTESIAN_POINT ( 'NONE',  ( -97.49999999999992895, -82.43725113897619394, 76.03589838486225005 ) ) ;
#926 = EDGE_CURVE ( 'NONE', #774, #29, #245, .T. ) ;
#927 = ORIENTED_EDGE ( 'NONE', *, *, #2054, .F. ) ;
#928 = DIRECTION ( 'NONE',  ( 0.000000000000000000, -1.000000000000000000, 0.000000000000000000 ) ) ;
#929 = VERTEX_POINT ( 'NONE', #1192 ) ;
#930 = EDGE_CURVE ( 'NONE', #49, #27, #1069, .T. ) ;
#931 = LINE ( 'NONE', #2040, #1608 ) ;
#932 = DIRECTION ( 'NONE',  ( -1.000000000000000000, 0.000000000000000000, 0.000000000000000000 ) ) ;
#933 = PLANE ( 'NONE',  #1432 ) ;
#934 = AXIS2_PLACEMENT_3D ( 'NONE', #1133, #1778, #1946 ) ;
#935 = AXIS2_PLACEMENT_3D ( 'NONE', #1840, #1074, #2035 ) ;
#936 = MECHANICAL_DESIGN_GEOMETRIC_PRESENTATION_REPRESENTATION (  '', ( #1168 ), #201 ) ;
#937 = DIRECTION ( 'NONE',  ( 0.000000000000000000, 0.000000000000000000, -1.000000000000000000 ) ) ;
#938 = CONICAL_SURFACE ( 'NONE', #37, 21.59999999999999432, 0.7853981633974511656 ) ;
#939 = VERTEX_POINT ( 'NONE', #2031 ) ;
#940 = EDGE_CURVE ( 'NONE', #929, #1417, #1330, .T. ) ;
#941 = EDGE_CURVE ( 'NONE', #636, #1498, #1375, .T. ) ;
#942 = DIRECTION ( 'NONE',  ( -7.548521435979711579E-16, 0.7071067811865511255, 0.7071067811865439090 ) ) ;
#943 = ORIENTED_EDGE ( 'NONE', *, *, #312, .T. ) ;
#944 = ORIENTED_EDGE ( 'NONE', *, *, #746, .T. ) ;
#945 = CARTESIAN_POINT ( 'NONE',  ( 0.000000000000000000, 0.000000000000000000, 0.000000000000000000 ) ) ;
#946 = LINE ( 'NONE', #608, #1982 ) ;
#947 = DIRECTION ( 'NONE',  ( -0.000000000000000000, -1.000000000000000000, -0.000000000000000000 ) ) ;
#948 = CARTESIAN_POINT ( 'NONE',  ( -97.49999999999992895, -82.43725113897619394, 76.03589838486225005 ) ) ;
#949 = ORIENTED_EDGE ( 'NONE', *, *, #454, .F. ) ;
#950 = DIRECTION ( 'NONE',  ( 0.000000000000000000, 0.000000000000000000, -1.000000000000000000 ) ) ;
#951 = ORIENTED_EDGE ( 'NONE', *, *, #1730, .T. ) ;
#952 = PLANE ( 'NONE',  #968 ) ;
#953 = FACE_OUTER_BOUND ( 'NONE', #686, .T. ) ;
#954 = EDGE_CURVE ( 'NONE', #1169, #1615, #584, .T. ) ;
#955 = DIRECTION ( 'NONE',  ( 0.7052509650225431415, -0.07240271175545202886, 0.7052509650225431415 ) ) ;
#956 = ORIENTED_EDGE ( 'NONE', *, *, #25, .T. ) ;
#957 = DIRECTION ( 'NONE',  ( 1.000000000000000000, -0.000000000000000000, 0.000000000000000000 ) ) ;
#958 = VERTEX_POINT ( 'NONE', #1201 ) ;
#959 = CARTESIAN_POINT ( 'NONE',  ( -126.4999999999999716, 92.97314952383841558, 14.00000000000000000 ) ) ;
#960 = EDGE_CURVE ( 'NONE', #929, #966, #112, .T. ) ;
#961 = EDGE_CURVE ( 'NONE', #1589, #63, #880, .T. ) ;
#962 = DIRECTION ( 'NONE',  ( 0.000000000000000000, 0.000000000000000000, 1.000000000000000000 ) ) ;
#963 = CONICAL_SURFACE ( 'NONE', #666, 21.59999999999999432, 0.7853981633974511656 ) ;
#964 = CIRCLE ( 'NONE', #328, 21.00000000000000355 ) ;
#965 = CARTESIAN_POINT ( 'NONE',  ( -121.4999999999999432, 85.72314952383841558, 9.000000000000001776 ) ) ;
#966 = VERTEX_POINT ( 'NONE', #384 ) ;
#967 = VECTOR ( 'NONE', #14, 1000.000000000000000 ) ;
#968 = AXIS2_PLACEMENT_3D ( 'NONE', #1601, #615, #625 ) ;
#969 = CARTESIAN_POINT ( 'NONE',  ( -110.7001126429407094, -21.23833229413359192, 83.37495334704472327 ) ) ;
#970 = EDGE_LOOP ( 'NONE', ( #89, #2056, #1928, #204 ) ) ;
#971 = EDGE_CURVE ( 'NONE', #440, #733, #1836, .T. ) ;
#972 = CARTESIAN_POINT ( 'NONE',  ( -123.0999999999999659, 78.47314952383842979, 83.99999999999997158 ) ) ;
#973 = SURFACE_SIDE_STYLE ('',( #1293 ) ) ;
#974 = DIRECTION ( 'NONE',  ( 1.000000000000000000, 0.000000000000000000, 0.000000000000000000 ) ) ;
#975 = PLANE ( 'NONE',  #271 ) ;
#976 = ORIENTED_EDGE ( 'NONE', *, *, #1001, .T. ) ;
#977 = CARTESIAN_POINT ( 'NONE',  ( -110.4999999999999574, 20.90454496036688781, 83.39999999999996305 ) ) ;
#978 = ORIENTED_EDGE ( 'NONE', *, *, #918, .T. ) ;
#979 = EDGE_CURVE ( 'NONE', #882, #1739, #1851, .T. ) ;
#980 = CARTESIAN_POINT ( 'NONE',  ( -123.0999999999999659, 9.429780353434617452E-15, 86.00000000000000000 ) ) ;
#981 = VERTEX_POINT ( 'NONE', #725 ) ;
#982 = DIRECTION ( 'NONE',  ( -0.000000000000000000, -0.000000000000000000, -1.000000000000000000 ) ) ;
#983 = CARTESIAN_POINT ( 'NONE',  ( -122.4999999999999716, 9.429780353434617452E-15, 86.00000000000000000 ) ) ;
#984 = EDGE_LOOP ( 'NONE', ( #1968, #2020, #134, #814, #437, #408 ) ) ;
#985 = EDGE_CURVE ( 'NONE', #361, #1589, #278, .T. ) ;
#986 = CARTESIAN_POINT ( 'NONE',  ( -114.4999999999999574, 19.13765920900465289, 14.00000000000001243 ) ) ;
#987 = ORIENTED_EDGE ( 'NONE', *, *, #985, .T. ) ;
#988 = LINE ( 'NONE', #1452, #1408 ) ;
#989 =( NAMED_UNIT ( * ) PLANE_ANGLE_UNIT ( ) SI_UNIT ( $, .RADIAN. ) );
#990 = LINE ( 'NONE', #1634, #1775 ) ;
#991 = DIRECTION ( 'NONE',  ( 0.7071067811865375807, 1.190562805528277913E-16, -0.7071067811865574537 ) ) ;
#992 = EDGE_CURVE ( 'NONE', #475, #1703, #551, .T. ) ;
#993 = CARTESIAN_POINT ( 'NONE',  ( -116.9999999999999432, 85.72314952383841558, 9.000000000000001776 ) ) ;
#994 = EDGE_LOOP ( 'NONE', ( #1753, #1049, #1215, #1289, #42, #1779 ) ) ;
#995 = VECTOR ( 'NONE', #1965, 1000.000000000000114 ) ;
#996 = CARTESIAN_POINT ( 'NONE',  ( -110.4999999999999574, -64.29999999999999716, 40.90179676972398681 ) ) ;
#997 = ADVANCED_FACE ( 'NONE', ( #122 ), #1393, .F. ) ;
#998 = AXIS2_PLACEMENT_3D ( 'NONE', #682, #222, #1991 ) ;
#999 = AXIS2_PLACEMENT_3D ( 'NONE', #39, #1286, #810 ) ;
#1000 = ORIENTED_EDGE ( 'NONE', *, *, #2062, .T. ) ;
#1001 = EDGE_CURVE ( 'NONE', #882, #79, #1231, .T. ) ;
#1002 = CIRCLE ( 'NONE', #1777, 21.00000000000000355 ) ;
#1003 = CIRCLE ( 'NONE', #1878, 2.250000000000001776 ) ;
#1004 = CARTESIAN_POINT ( 'NONE',  ( -111.7999999999998977, 92.77314952383842694, 9.399999999999973710 ) ) ;
#1005 = EDGE_LOOP ( 'NONE', ( #333, #951, #755 ) ) ;
#1006 = AXIS2_PLACEMENT_3D ( 'NONE', #1903, #467, #950 ) ;
#1007 = DIRECTION ( 'NONE',  ( -1.958320948279396217E-15, 1.000000000000000000, -0.000000000000000000 ) ) ;
#1008 = CARTESIAN_POINT ( 'NONE',  ( -110.4999999999999574, -60.29999999999999005, 83.39999999999997726 ) ) ;
#1009 = EDGE_CURVE ( 'NONE', #1676, #1071, #1643, .T. ) ;
#1010 = CARTESIAN_POINT ( 'NONE',  ( -114.4999999999999574, 9.429780353434617452E-15, 86.00000000000000000 ) ) ;
#1011 = ORIENTED_EDGE ( 'NONE', *, *, #1797, .T. ) ;
#1012 = EDGE_CURVE ( 'NONE', #889, #1271, #1738, .T. ) ;
#1013 = DIRECTION ( 'NONE',  ( -1.000000000000000000, 0.000000000000000000, 0.000000000000000000 ) ) ;
#1014 = DIRECTION ( 'NONE',  ( 2.158287372910491653E-16, -1.000000000000000000, 0.000000000000000000 ) ) ;
#1015 = ORIENTED_EDGE ( 'NONE', *, *, #195, .F. ) ;
#1016 = DIRECTION ( 'NONE',  ( -1.000000000000000000, 0.000000000000000000, 0.000000000000000000 ) ) ;
#1017 = ORIENTED_EDGE ( 'NONE', *, *, #2054, .T. ) ;
#1018 = LINE ( 'NONE', #22, #1979 ) ;
#1019 = PLANE ( 'NONE',  #1575 ) ;
#1020 = DIRECTION ( 'NONE',  ( -4.040843322667092767E-15, -0.7071067811865530128, 0.7071067811865421326 ) ) ;
#1021 = EDGE_CURVE ( 'NONE', #1362, #1698, #1760, .T. ) ;
#1022 = ORIENTED_EDGE ( 'NONE', *, *, #1574, .F. ) ;
#1023 = CARTESIAN_POINT ( 'NONE',  ( -126.4999999999999716, 78.47314952383842979, 14.00000000000000000 ) ) ;
#1024 = LINE ( 'NONE', #1501, #1638 ) ;
#1025 = ORIENTED_EDGE ( 'NONE', *, *, #1442, .T. ) ;
#1026 = CARTESIAN_POINT ( 'NONE',  ( -110.4999999999999716, 60.29999999999995453, 213.7187727354833839 ) ) ;
#1027 = EDGE_LOOP ( 'NONE', ( #1252, #1507, #403, #2050 ) ) ;
#1028 = FACE_OUTER_BOUND ( 'NONE', #1051, .T. ) ;
#1029 = PLANE ( 'NONE',  #1299 ) ;
#1030 = ADVANCED_FACE ( 'NONE', ( #129 ), #1082, .F. ) ;
#1031 = ADVANCED_FACE ( 'NONE', ( #761 ), #448, .T. ) ;
#1032 = CYLINDRICAL_SURFACE ( 'NONE', #1576, 2.250000000000001776 ) ;
#1033 = ORIENTED_EDGE ( 'NONE', *, *, #1134, .F. ) ;
#1034 = LINE ( 'NONE', #1845, #68 ) ;
#1035 = PLANE ( 'NONE',  #33 ) ;
#1036 = ORIENTED_EDGE ( 'NONE', *, *, #960, .T. ) ;
#1037 = DIRECTION ( 'NONE',  ( 0.000000000000000000, 1.000000000000000000, -1.768475955409268466E-16 ) ) ;
#1038 = VECTOR ( 'NONE', #452, 1000.000000000000000 ) ;
#1039 = ORIENTED_EDGE ( 'NONE', *, *, #262, .T. ) ;
#1040 = ORIENTED_EDGE ( 'NONE', *, *, #1257, .T. ) ;
#1041 = AXIS2_PLACEMENT_3D ( 'NONE', #101, #261, #1219 ) ;
#1042 = CARTESIAN_POINT ( 'NONE',  ( -110.4999999999999574, -11.70067637705663977, -11.70067637705675168 ) ) ;
#1043 = CARTESIAN_POINT ( 'NONE',  ( -125.9000000000000057, 92.97314952383841558, 9.000000000000001776 ) ) ;
#1044 = VECTOR ( 'NONE', #2052, 1000.000000000000000 ) ;
#1045 = CARTESIAN_POINT ( 'NONE',  ( -126.4999999999999716, -78.47314952383842979, 55.07179676972438642 ) ) ;
#1046 = ORIENTED_EDGE ( 'NONE', *, *, #268, .F. ) ;
#1047 = DIRECTION ( 'NONE',  ( -1.000000000000000000, 0.000000000000000000, 0.000000000000000000 ) ) ;
#1048 = CARTESIAN_POINT ( 'NONE',  ( -126.4999999999999716, -92.97314952383841558, 9.000000000000001776 ) ) ;
#1049 = ORIENTED_EDGE ( 'NONE', *, *, #1400, .T. ) ;
#1050 = CARTESIAN_POINT ( 'NONE',  ( -123.0999999999999659, 20.82884074971808630, 83.32429578935119707 ) ) ;
#1051 = EDGE_LOOP ( 'NONE', ( #1482, #1905, #1123, #486, #1766, #1687, #2068, #1862, #1526, #1853, #1875, #265, #564, #1568 ) ) ;
#1052 = ORIENTED_EDGE ( 'NONE', *, *, #1508, .T. ) ;
#1053 = EDGE_CURVE ( 'NONE', #2044, #40, #10, .T. ) ;
#1054 = CARTESIAN_POINT ( 'NONE',  ( -87.97411896750935512, -82.43725113897619394, 76.03589838486225005 ) ) ;
#1055 = FACE_BOUND ( 'NONE', #1646, .T. ) ;
#1056 = DIRECTION ( 'NONE',  ( 0.000000000000000000, -1.000000000000000000, -1.768475955409268959E-16 ) ) ;
#1057 = CARTESIAN_POINT ( 'NONE',  ( -126.4999999999999716, -92.97314952383841558, 9.599999999999962341 ) ) ;
#1058 = ORIENTED_EDGE ( 'NONE', *, *, #1749, .F. ) ;
#1059 = ADVANCED_FACE ( 'NONE', ( #1581 ), #1401, .F. ) ;
#1060 = DIRECTION ( 'NONE',  ( 0.000000000000000000, 0.000000000000000000, 1.000000000000000000 ) ) ;
#1061 = ORIENTED_EDGE ( 'NONE', *, *, #482, .F. ) ;
#1062 = ORIENTED_EDGE ( 'NONE', *, *, #425, .T. ) ;
#1063 = DIRECTION ( 'NONE',  ( -0.5773502691896257311, 0.5773502691896257311, 0.5773502691896257311 ) ) ;
#1064 = PLANE ( 'NONE',  #708 ) ;
#1065 = ADVANCED_FACE ( 'NONE', ( #310 ), #605, .T. ) ;
#1066 = ADVANCED_FACE ( 'NONE', ( #1089, #1110, #1559 ), #1598, .F. ) ;
#1067 = DIRECTION ( 'NONE',  ( 1.000000000000000000, -0.000000000000000000, -0.000000000000000000 ) ) ;
#1068 = ORIENTED_EDGE ( 'NONE', *, *, #1967, .T. ) ;
#1069 = LINE ( 'NONE', #1998, #1471 ) ;
#1070 = EDGE_CURVE ( 'NONE', #812, #1158, #1913, .T. ) ;
#1071 = VERTEX_POINT ( 'NONE', #318 ) ;
#1072 = CARTESIAN_POINT ( 'NONE',  ( -110.4999999999999574, 64.29999999999995453, 13.99999999999999645 ) ) ;
#1073 = VECTOR ( 'NONE', #1702, 1000.000000000000000 ) ;
#1074 = DIRECTION ( 'NONE',  ( -1.000000000000000000, 0.000000000000000000, 0.000000000000000000 ) ) ;
#1075 = VECTOR ( 'NONE', #1465, 1000.000000000000000 ) ;
#1076 = VECTOR ( 'NONE', #1713, 1000.000000000000000 ) ;
#1077 = VECTOR ( 'NONE', #1302, 1000.000000000000000 ) ;
#1078 = EDGE_CURVE ( 'NONE', #1276, #1682, #613, .T. ) ;
#1079 = ADVANCED_FACE ( 'NONE', ( #1258 ), #1249, .T. ) ;
#1080 = DIRECTION ( 'NONE',  ( 1.000000000000000000, 0.000000000000000000, 0.000000000000000000 ) ) ;
#1081 = ORIENTED_EDGE ( 'NONE', *, *, #1237, .T. ) ;
#1082 = PLANE ( 'NONE',  #170 ) ;
#1083 = ORIENTED_EDGE ( 'NONE', *, *, #523, .T. ) ;
#1084 = CARTESIAN_POINT ( 'NONE',  ( -111.9999999999998863, 92.97314952383841558, 9.000000000000001776 ) ) ;
#1085 = DIRECTION ( 'NONE',  ( -1.000000000000000000, -0.000000000000000000, 0.000000000000000000 ) ) ;
#1086 = PRODUCT ( 'place_plate_vertical_holder', 'place_plate_vertical_holder', '', ( #125 ) ) ;
#1087 = CARTESIAN_POINT ( 'NONE',  ( -97.49999999999994316, 78.47314952383842979, 9.000000000000001776 ) ) ;
#1088 = ORIENTED_EDGE ( 'NONE', *, *, #1335, .F. ) ;
#1089 = FACE_BOUND ( 'NONE', #789, .T. ) ;
#1090 = ORIENTED_EDGE ( 'NONE', *, *, #1012, .T. ) ;
#1091 =( NAMED_UNIT ( * ) PLANE_ANGLE_UNIT ( ) SI_UNIT ( $, .RADIAN. ) );
#1092 = LINE ( 'NONE', #1889, #141 ) ;
#1093 = LINE ( 'NONE', #1734, #570 ) ;
#1094 = EDGE_CURVE ( 'NONE', #1412, #1439, #1590, .T. ) ;
#1095 = EDGE_CURVE ( 'NONE', #128, #29, #154, .T. ) ;
#1096 = DIRECTION ( 'NONE',  ( 1.000000000000000000, -0.000000000000000000, -0.000000000000000000 ) ) ;
#1097 = CARTESIAN_POINT ( 'NONE',  ( -98.09999999999996589, -82.43725113897619394, 76.03589838486225005 ) ) ;
#1098 = ORIENTED_EDGE ( 'NONE', *, *, #372, .F. ) ;
#1099 = ORIENTED_EDGE ( 'NONE', *, *, #703, .T. ) ;
#1100 = LINE ( 'NONE', #2077, #2019 ) ;
#1101 = CARTESIAN_POINT ( 'NONE',  ( -111.0999999999999801, -21.50454496036686081, 83.99999999999998579 ) ) ;
#1102 = CARTESIAN_POINT ( 'NONE',  ( -126.4999999999999716, 78.47314952383842979, 14.00000000000000000 ) ) ;
#1103 = VECTOR ( 'NONE', #1774, 1000.000000000000000 ) ;
#1104 = AXIS2_PLACEMENT_3D ( 'NONE', #1612, #1139, #340 ) ;
#1105 = AXIS2_PLACEMENT_3D ( 'NONE', #1891, #2070, #144 ) ;
#1106 = AXIS2_PLACEMENT_3D ( 'NONE', #1054, #1990, #893 ) ;
#1107 = DIRECTION ( 'NONE',  ( -0.5773502691896138517, 0.5773502691896161831, -0.5773502691896472694 ) ) ;
#1108 = VECTOR ( 'NONE', #1814, 1000.000000000000000 ) ;
#1109 = ORIENTED_EDGE ( 'NONE', *, *, #617, .T. ) ;
#1110 = FACE_BOUND ( 'NONE', #1453, .T. ) ;
#1111 = ORIENTED_EDGE ( 'NONE', *, *, #940, .T. ) ;
#1112 = DIRECTION ( 'NONE',  ( 0.000000000000000000, -1.000000000000000000, 1.215827219343871978E-16 ) ) ;
#1113 = CARTESIAN_POINT ( 'NONE',  ( -51.10303038032995460, -20.82884074971806854, 83.32429578935121128 ) ) ;
#1114 = CARTESIAN_POINT ( 'NONE',  ( -122.4999999999999716, -75.08992967336530455, 84.00000000000000000 ) ) ;
#1115 = ORIENTED_EDGE ( 'NONE', *, *, #1442, .F. ) ;
#1116 = DIRECTION ( 'NONE',  ( 0.000000000000000000, 0.7071067811865475727, -0.7071067811865475727 ) ) ;
#1117 = ORIENTED_EDGE ( 'NONE', *, *, #960, .F. ) ;
#1118 = ADVANCED_FACE ( 'NONE', ( #1425 ), #634, .T. ) ;
#1119 = CARTESIAN_POINT ( 'NONE',  ( -126.4999999999999716, -31.24772751981666374, 31.24772751981698349 ) ) ;
#1120 = ORIENTED_EDGE ( 'NONE', *, *, #25, .F. ) ;
#1121 = CARTESIAN_POINT ( 'NONE',  ( -126.4999999999999716, -78.47314952383842979, 14.00000000000001776 ) ) ;
#1122 = DIRECTION ( 'NONE',  ( 1.000000000000000000, 0.000000000000000000, 0.000000000000000000 ) ) ;
#1123 = ORIENTED_EDGE ( 'NONE', *, *, #158, .F. ) ;
#1124 = EDGE_CURVE ( 'NONE', #1169, #191, #327, .T. ) ;
#1125 = PLANE ( 'NONE',  #2045 ) ;
#1126 = ORIENTED_EDGE ( 'NONE', *, *, #2017, .T. ) ;
#1127 = DIRECTION ( 'NONE',  ( -0.000000000000000000, 0.7071067811865511255, 0.7071067811865440200 ) ) ;
#1128 = ORIENTED_EDGE ( 'NONE', *, *, #136, .T. ) ;
#1129 = DIRECTION ( 'NONE',  ( -4.013087747051490675E-15, -0.7071067811865511255, -0.7071067811865440200 ) ) ;
#1130 = LINE ( 'NONE', #1415, #967 ) ;
#1131 = VECTOR ( 'NONE', #106, 1000.000000000000114 ) ;
#1132 = VECTOR ( 'NONE', #781, 1000.000000000000000 ) ;
#1133 = CARTESIAN_POINT ( 'NONE',  ( -110.4999999999999574, 0.000000000000000000, 0.000000000000000000 ) ) ;
#1134 = EDGE_CURVE ( 'NONE', #84, #1392, #1323, .T. ) ;
#1135 = ORIENTED_EDGE ( 'NONE', *, *, #1619, .F. ) ;
#1136 = AXIS2_PLACEMENT_3D ( 'NONE', #1746, #1587, #787 ) ;
#1137 = PRESENTATION_LAYER_ASSIGNMENT (  '', '', ( #1168 ) ) ;
#1138 = VECTOR ( 'NONE', #286, 1000.000000000000000 ) ;
#1139 = DIRECTION ( 'NONE',  ( 0.000000000000000000, 0.000000000000000000, 1.000000000000000000 ) ) ;
#1140 = VECTOR ( 'NONE', #777, 1000.000000000000000 ) ;
#1141 = EDGE_LOOP ( 'NONE', ( #1033, #298, #1696, #1624, #506, #1068, #792, #488, #244, #1821, #441, #155, #1835, #1895, #1350, #695, #645, #219, #1424, #252, #110, #819 ) ) ;
#1142 = CARTESIAN_POINT ( 'NONE',  ( -111.0999999999999801, 20.82884074971808630, 83.32429578935119707 ) ) ;
#1143 = PLANE ( 'NONE',  #138 ) ;
#1144 = ADVANCED_FACE ( 'NONE', ( #1656 ), #1437, .F. ) ;
#1145 = CARTESIAN_POINT ( 'NONE',  ( -97.49999999999994316, 78.47314952383842979, 14.00000000000000000 ) ) ;
#1146 = EDGE_CURVE ( 'NONE', #1558, #1223, #1969, .T. ) ;
#1147 = LINE ( 'NONE', #1312, #599 ) ;
#1148 = ORIENTED_EDGE ( 'NONE', *, *, #355, .F. ) ;
#1149 = DIRECTION ( 'NONE',  ( 0.000000000000000000, 0.000000000000000000, 1.000000000000000000 ) ) ;
#1150 = ORIENTED_EDGE ( 'NONE', *, *, #1947, .F. ) ;
#1151 = DIRECTION ( 'NONE',  ( 0.000000000000000000, 0.000000000000000000, 1.000000000000000000 ) ) ;
#1152 = DIRECTION ( 'NONE',  ( 1.000000000000000000, 0.000000000000000000, 0.000000000000000000 ) ) ;
#1153 = LINE ( 'NONE', #1604, #995 ) ;
#1154 = CARTESIAN_POINT ( 'NONE',  ( -101.4999999999999432, -60.29999999999998295, 83.40000000000000568 ) ) ;
#1155 = EDGE_CURVE ( 'NONE', #536, #1722, #1949, .T. ) ;
#1156 = ORIENTED_EDGE ( 'NONE', *, *, #691, .F. ) ;
#1157 = FACE_OUTER_BOUND ( 'NONE', #1654, .T. ) ;
#1158 = VERTEX_POINT ( 'NONE', #820 ) ;
#1159 = CARTESIAN_POINT ( 'NONE',  ( -110.4999999999999574, 21.44294755857976398, 83.39999999999996305 ) ) ;
#1160 = ADVANCED_FACE ( 'NONE', ( #1472 ), #677, .T. ) ;
#1161 = DIRECTION ( 'NONE',  ( 0.000000000000000000, 0.000000000000000000, 1.000000000000000000 ) ) ;
#1162 = LINE ( 'NONE', #693, #1406 ) ;
#1163 = FACE_OUTER_BOUND ( 'NONE', #1287, .T. ) ;
#1164 = FACE_OUTER_BOUND ( 'NONE', #994, .T. ) ;
#1165 = AXIS2_PLACEMENT_3D ( 'NONE', #652, #1618, #337 ) ;
#1166 = DIRECTION ( 'NONE',  ( -0.000000000000000000, -1.000000000000000000, -0.000000000000000000 ) ) ;
#1167 = AXIS2_PLACEMENT_3D ( 'NONE', #513, #1486, #1152 ) ;
#1168 = STYLED_ITEM ( 'NONE', ( #489 ), #1884 ) ;
#1169 = VERTEX_POINT ( 'NONE', #1644 ) ;
#1170 = AXIS2_PLACEMENT_3D ( 'NONE', #1742, #1260, #932 ) ;
#1171 = VECTOR ( 'NONE', #1185, 1000.000000000000000 ) ;
#1172 = DIRECTION ( 'NONE',  ( -0.7052509650225431415, -0.07240271175545202886, 0.7052509650225431415 ) ) ;
#1173 = ORIENTED_EDGE ( 'NONE', *, *, #2000, .F. ) ;
#1174 = FACE_OUTER_BOUND ( 'NONE', #1027, .T. ) ;
#1175 = DIRECTION ( 'NONE',  ( -1.000000000000000000, 0.000000000000000000, 0.000000000000000000 ) ) ;
#1176 = CARTESIAN_POINT ( 'NONE',  ( -101.4999999999999858, 60.29999999999995453, 213.7187727354833839 ) ) ;
#1177 = EDGE_LOOP ( 'NONE', ( #1259, #239 ) ) ;
#1178 = CARTESIAN_POINT ( 'NONE',  ( -114.4999999999999574, -21.44294755857970713, 83.40000000000000568 ) ) ;
#1179 = DIRECTION ( 'NONE',  ( 1.000000000000000000, 0.000000000000000000, 0.000000000000000000 ) ) ;
#1180 = EDGE_LOOP ( 'NONE', ( #821, #124, #382 ) ) ;
#1181 = ADVANCED_FACE ( 'NONE', ( #1157 ), #1959, .F. ) ;
#1182 = CARTESIAN_POINT ( 'NONE',  ( -122.4999999999999716, -78.47314952383842979, 14.00000000000001776 ) ) ;
#1183 = EDGE_LOOP ( 'NONE', ( #1863, #338, #606, #1622, #976, #1737 ) ) ;
#1184 = EDGE_CURVE ( 'NONE', #1322, #1412, #851, .T. ) ;
#1185 = DIRECTION ( 'NONE',  ( 0.000000000000000000, -1.000000000000000000, 1.768475955409268466E-16 ) ) ;
#1186 = CARTESIAN_POINT ( 'NONE',  ( -116.9999999999999432, 85.72314952383841558, 14.00000000000000000 ) ) ;
#1187 = DIRECTION ( 'NONE',  ( 0.000000000000000000, 0.000000000000000000, -1.000000000000000000 ) ) ;
#1188 = VERTEX_POINT ( 'NONE', #654 ) ;
#1189 = DIRECTION ( 'NONE',  ( 1.000000000000000000, 0.000000000000000000, 0.000000000000000000 ) ) ;
#1190 = CARTESIAN_POINT ( 'NONE',  ( -114.4999999999999574, 74.45394389746435593, 83.38079437362590340 ) ) ;
#1191 = EDGE_LOOP ( 'NONE', ( #456, #1759, #1799, #1896 ) ) ;
#1192 = CARTESIAN_POINT ( 'NONE',  ( -123.0999999999999659, 20.82884074971808630, 83.32429578935119707 ) ) ;
#1193 = EDGE_LOOP ( 'NONE', ( #1916, #1582, #1953, #1610, #1628, #2059 ) ) ;
#1194 = DIRECTION ( 'NONE',  ( -1.000000000000000000, 0.000000000000000000, 0.000000000000000000 ) ) ;
#1195 = LINE ( 'NONE', #1208, #1743 ) ;
#1196 = FACE_OUTER_BOUND ( 'NONE', #593, .T. ) ;
#1197 = ORIENTED_EDGE ( 'NONE', *, *, #885, .F. ) ;
#1198 = CARTESIAN_POINT ( 'NONE',  ( -113.8999999999999773, -21.50454496036686081, 83.99999999999998579 ) ) ;
#1199 = CARTESIAN_POINT ( 'NONE',  ( -100.8999999999999204, -60.90000000000001990, 84.00000000000000000 ) ) ;
#1200 = ORIENTED_EDGE ( 'NONE', *, *, #577, .T. ) ;
#1201 = CARTESIAN_POINT ( 'NONE',  ( -111.9999999999998863, -92.97314952383841558, 14.00000000000000000 ) ) ;
#1202 = VECTOR ( 'NONE', #367, 1000.000000000000114 ) ;
#1203 = ORIENTED_EDGE ( 'NONE', *, *, #926, .T. ) ;
#1204 = ORIENTED_EDGE ( 'NONE', *, *, #1095, .F. ) ;
#1205 = VECTOR ( 'NONE', #1056, 1000.000000000000000 ) ;
#1206 = AXIS2_PLACEMENT_3D ( 'NONE', #1963, #54, #1816 ) ;
#1207 = LINE ( 'NONE', #1218, #571 ) ;
#1208 = CARTESIAN_POINT ( 'NONE',  ( -126.4999999999999716, -92.97314952383841558, 14.00000000000000000 ) ) ;
#1209 = CIRCLE ( 'NONE', #1379, 21.59999999999999432 ) ;
#1210 = EDGE_CURVE ( 'NONE', #11, #27, #1789, .T. ) ;
#1211 = LINE ( 'NONE', #212, #705 ) ;
#1212 = ADVANCED_FACE ( 'NONE', ( #507 ), #516, .T. ) ;
#1213 = FACE_OUTER_BOUND ( 'NONE', #2005, .T. ) ;
#1214 = DIRECTION ( 'NONE',  ( 0.000000000000000000, 0.000000000000000000, -1.000000000000000000 ) ) ;
#1215 = ORIENTED_EDGE ( 'NONE', *, *, #2060, .T. ) ;
#1216 = CARTESIAN_POINT ( 'NONE',  ( -107.5000000000001705, 57.29999999999993321, 80.40000000000007674 ) ) ;
#1217 = ORIENTED_EDGE ( 'NONE', *, *, #1636, .T. ) ;
#1218 = CARTESIAN_POINT ( 'NONE',  ( -97.49999999999992895, -86.40848798288037358, 63.01028475260461903 ) ) ;
#1219 = DIRECTION ( 'NONE',  ( 3.452186021844393893E-16, -1.000000000000000000, 0.000000000000000000 ) ) ;
#1220 = UNCERTAINTY_MEASURE_WITH_UNIT (LENGTH_MEASURE( 1.000000000000000082E-05 ), #923, 'distance_accuracy_value', 'NONE');
#1221 = EDGE_CURVE ( 'NONE', #329, #760, #665, .T. ) ;
#1222 = CARTESIAN_POINT ( 'NONE',  ( -123.0999999999999659, -75.08992967336530455, 84.00000000000000000 ) ) ;
#1223 = VERTEX_POINT ( 'NONE', #50 ) ;
#1224 = CARTESIAN_POINT ( 'NONE',  ( -126.4999999999999716, -78.47314952383842979, 55.07179676972438642 ) ) ;
#1225 = EDGE_LOOP ( 'NONE', ( #559, #614, #1729, #1150 ) ) ;
#1226 = DIRECTION ( 'NONE',  ( -0.000000000000000000, 0.7071067811865507924, -0.7071067811865441310 ) ) ;
#1227 = DIRECTION ( 'NONE',  ( -1.000000000000000000, -2.158287372910491653E-16, 0.000000000000000000 ) ) ;
#1228 = EDGE_CURVE ( 'NONE', #550, #1188, #524, .T. ) ;
#1229 = DIRECTION ( 'NONE',  ( -1.000000000000000000, 0.000000000000000000, 0.000000000000000000 ) ) ;
#1230 = ORIENTED_EDGE ( 'NONE', *, *, #268, .T. ) ;
#1231 = LINE ( 'NONE', #1751, #277 ) ;
#1232 = ORIENTED_EDGE ( 'NONE', *, *, #2073, .F. ) ;
#1233 = VECTOR ( 'NONE', #308, 1000.000000000000000 ) ;
#1234 = FACE_OUTER_BOUND ( 'NONE', #664, .T. ) ;
#1235 = AXIS2_PLACEMENT_3D ( 'NONE', #1113, #1922, #5 ) ;
#1236 = VECTOR ( 'NONE', #269, 1000.000000000000000 ) ;
#1237 = EDGE_CURVE ( 'NONE', #981, #1986, #192, .T. ) ;
#1238 = CIRCLE ( 'NONE', #334, 21.00000000000000355 ) ;
#1239 = PLANE ( 'NONE',  #235 ) ;
#1240 = EDGE_LOOP ( 'NONE', ( #1640, #1484, #1885, #480 ) ) ;
#1241 = DIRECTION ( 'NONE',  ( 0.000000000000000000, 0.7071067811865440200, -0.7071067811865511255 ) ) ;
#1242 = ORIENTED_EDGE ( 'NONE', *, *, #776, .T. ) ;
#1243 = EDGE_LOOP ( 'NONE', ( #1242, #9, #1761, #1868 ) ) ;
#1244 = CARTESIAN_POINT ( 'NONE',  ( -122.4999999999999716, -4.463425238082438185, 4.463425238082638913 ) ) ;
#1245 = EDGE_CURVE ( 'NONE', #528, #1732, #358, .T. ) ;
#1246 = FACE_OUTER_BOUND ( 'NONE', #279, .T. ) ;
#1247 = LINE ( 'NONE', #1087, #399 ) ;
#1248 = VERTEX_POINT ( 'NONE', #687 ) ;
#1249 = PLANE ( 'NONE',  #1006 ) ;
#1250 = ADVANCED_FACE ( 'NONE', ( #370 ), #1125, .T. ) ;
#1251 = ORIENTED_EDGE ( 'NONE', *, *, #444, .F. ) ;
#1252 = ORIENTED_EDGE ( 'NONE', *, *, #1094, .F. ) ;
#1253 = CARTESIAN_POINT ( 'NONE',  ( -101.4999999999999858, 60.29999999999995453, 83.39999999999997726 ) ) ;
#1254 = CYLINDRICAL_SURFACE ( 'NONE', #868, 3.964101615137771706 ) ;
#1255 = CARTESIAN_POINT ( 'NONE',  ( -122.4999999999999716, 21.44294755857972845, 83.40000000000000568 ) ) ;
#1256 = EDGE_LOOP ( 'NONE', ( #1504, #1583, #641, #1580 ) ) ;
#1257 = EDGE_CURVE ( 'NONE', #1725, #589, #813, .T. ) ;
#1258 = FACE_OUTER_BOUND ( 'NONE', #552, .T. ) ;
#1259 = ORIENTED_EDGE ( 'NONE', *, *, #325, .F. ) ;
#1260 = DIRECTION ( 'NONE',  ( 0.000000000000000000, 0.000000000000000000, 1.000000000000000000 ) ) ;
#1261 = AXIS2_PLACEMENT_3D ( 'NONE', #491, #838, #1477 ) ;
#1262 = DIRECTION ( 'NONE',  ( -7.709882115452456473E-16, 1.000000000000000000, 0.000000000000000000 ) ) ;
#1263 = CIRCLE ( 'NONE', #2014, 21.00000000000000355 ) ;
#1264 = VECTOR ( 'NONE', #1037, 1000.000000000000000 ) ;
#1265 = VECTOR ( 'NONE', #542, 1000.000000000000000 ) ;
#1266 = LINE ( 'NONE', #1114, #527 ) ;
#1267 = EDGE_CURVE ( 'NONE', #1352, #123, #1288, .T. ) ;
#1268 = VECTOR ( 'NONE', #1270, 1000.000000000000000 ) ;
#1269 = VERTEX_POINT ( 'NONE', #1222 ) ;
#1270 = DIRECTION ( 'NONE',  ( 0.5773502691896138517, 0.5773502691896160721, 0.5773502691896473804 ) ) ;
#1271 = VERTEX_POINT ( 'NONE', #1514 ) ;
#1272 = LINE ( 'NONE', #1754, #1607 ) ;
#1273 = ORIENTED_EDGE ( 'NONE', *, *, #1009, .F. ) ;
#1274 = DIRECTION ( 'NONE',  ( 0.000000000000000000, -1.000000000000000000, 1.768475955409268466E-16 ) ) ;
#1275 = DIRECTION ( 'NONE',  ( -0.000000000000000000, 0.000000000000000000, 1.000000000000000000 ) ) ;
#1276 = VERTEX_POINT ( 'NONE', #575 ) ;
#1277 = DIRECTION ( 'NONE',  ( 0.5357631378269142042, 0.5970585650276882816, 0.5970585650277003831 ) ) ;
#1278 = ORIENTED_EDGE ( 'NONE', *, *, #1818, .T. ) ;
#1279 = FACE_OUTER_BOUND ( 'NONE', #1141, .T. ) ;
#1280 = ORIENTED_EDGE ( 'NONE', *, *, #372, .T. ) ;
#1281 = CARTESIAN_POINT ( 'NONE',  ( -110.4999999999999574, -60.29999999999999005, 213.7187727354833839 ) ) ;
#1282 = DIRECTION ( 'NONE',  ( -1.000000000000000000, 0.000000000000000000, 0.000000000000000000 ) ) ;
#1283 = EDGE_CURVE ( 'NONE', #1384, #2044, #697, .T. ) ;
#1284 = EDGE_CURVE ( 'NONE', #475, #329, #254, .T. ) ;
#1285 = EDGE_CURVE ( 'NONE', #1710, #929, #568, .T. ) ;
#1286 = DIRECTION ( 'NONE',  ( -0.000000000000000000, -0.7071067811865475727, -0.7071067811865475727 ) ) ;
#1287 = EDGE_LOOP ( 'NONE', ( #140, #943, #1083, #978, #525, #1887, #1135, #881, #1951 ) ) ;
#1288 = LINE ( 'NONE', #107, #67 ) ;
#1289 = ORIENTED_EDGE ( 'NONE', *, *, #845, .T. ) ;
#1290 = CARTESIAN_POINT ( 'NONE',  ( -110.7001126429407094, 21.23833229413360968, 83.37495334704470906 ) ) ;
#1291 = EDGE_CURVE ( 'NONE', #1362, #1986, #1709, .T. ) ;
#1292 = UNCERTAINTY_MEASURE_WITH_UNIT (LENGTH_MEASURE( 1.000000000000000082E-05 ), #1792, 'distance_accuracy_value', 'NONE');
#1293 = SURFACE_STYLE_FILL_AREA ( #1802 ) ;
#1294 = DIRECTION ( 'NONE',  ( 1.000000000000000000, 0.000000000000000000, 0.000000000000000000 ) ) ;
#1295 = CARTESIAN_POINT ( 'NONE',  ( -113.8999999999999773, 75.07314952383846673, 83.99999999999997158 ) ) ;
#1296 = VECTOR ( 'NONE', #1409, 1000.000000000000000 ) ;
#1297 = PLANE ( 'NONE',  #934 ) ;
#1298 = ORIENTED_EDGE ( 'NONE', *, *, #780, .F. ) ;
#1299 = AXIS2_PLACEMENT_3D ( 'NONE', #1626, #1329, #1817 ) ;
#1300 = AXIS2_PLACEMENT_3D ( 'NONE', #2004, #1691, #1346 ) ;
#1301 = VECTOR ( 'NONE', #1718, 1000.000000000000114 ) ;
#1302 = DIRECTION ( 'NONE',  ( 0.000000000000000000, -1.000000000000000000, 1.768475955409268466E-16 ) ) ;
#1303 = AXIS2_PLACEMENT_3D ( 'NONE', #945, #1585, #1427 ) ;
#1304 = ORIENTED_EDGE ( 'NONE', *, *, #753, .F. ) ;
#1305 = CARTESIAN_POINT ( 'NONE',  ( -114.4999999999999574, -74.45681396063903890, 83.40000000000001990 ) ) ;
#1306 = ORIENTED_EDGE ( 'NONE', *, *, #556, .F. ) ;
#1307 = ADVANCED_FACE ( 'NONE', ( #1867 ), #549, .T. ) ;
#1308 = DIRECTION ( 'NONE',  ( 1.000000000000000000, 0.000000000000000000, 0.000000000000000000 ) ) ;
#1309 = EDGE_CURVE ( 'NONE', #84, #1560, #2016, .T. ) ;
#1310 = LINE ( 'NONE', #660, #598 ) ;
#1311 = CARTESIAN_POINT ( 'NONE',  ( -113.8999999999999773, -75.08992967336530455, 84.00000000000000000 ) ) ;
#1312 = CARTESIAN_POINT ( 'NONE',  ( -123.0999999999999659, 21.50454496036687502, 83.99999999999998579 ) ) ;
#1313 = ORIENTED_EDGE ( 'NONE', *, *, #638, .F. ) ;
#1314 = EDGE_CURVE ( 'NONE', #812, #1498, #1695, .T. ) ;
#1315 = CARTESIAN_POINT ( 'NONE',  ( -110.9001169315235984, -21.03363308137706866, 83.34972551533279272 ) ) ;
#1316 = VERTEX_POINT ( 'NONE', #1336 ) ;
#1317 = CARTESIAN_POINT ( 'NONE',  ( -101.4999999999999858, 60.29999999999995453, 14.00000000000000000 ) ) ;
#1318 = VERTEX_POINT ( 'NONE', #1199 ) ;
#1319 = PLANE ( 'NONE',  #1206 ) ;
#1320 = DIRECTION ( 'NONE',  ( 1.000000000000000000, 0.000000000000000000, 0.000000000000000000 ) ) ;
#1321 = DIRECTION ( 'NONE',  ( 0.000000000000000000, 0.000000000000000000, -1.000000000000000000 ) ) ;
#1322 = VERTEX_POINT ( 'NONE', #96 ) ;
#1323 = LINE ( 'NONE', #1459, #1546 ) ;
#1324 = EDGE_LOOP ( 'NONE', ( #139, #583, #185, #1632 ) ) ;
#1325 = ADVANCED_FACE ( 'NONE', ( #732 ), #1846, .T. ) ;
#1326 = LINE ( 'NONE', #1800, #1850 ) ;
#1327 = ORIENTED_EDGE ( 'NONE', *, *, #1599, .F. ) ;
#1328 = DIRECTION ( 'NONE',  ( -0.000000000000000000, -0.000000000000000000, -1.000000000000000000 ) ) ;
#1329 = DIRECTION ( 'NONE',  ( 0.7071067811865475727, 1.250501340435252143E-16, 0.7071067811865475727 ) ) ;
#1330 = B_SPLINE_CURVE_WITH_KNOTS ( 'NONE', 3,
 ( #1050, #756, #1697, #735 ),
 .UNSPECIFIED., .F., .F.,
 ( 4, 4 ),
 ( 0.000000000000000000, 0.0008618922787681605269 ),
 .UNSPECIFIED. ) ;
#1331 = DIRECTION ( 'NONE',  ( -0.000000000000000000, -0.000000000000000000, -1.000000000000000000 ) ) ;
#1332 = FACE_OUTER_BOUND ( 'NONE', #420, .T. ) ;
#1333 = AXIS2_PLACEMENT_3D ( 'NONE', #948, #1728, #1588 ) ;
#1334 = CARTESIAN_POINT ( 'NONE',  ( -126.4999999999999716, 21.50454496036688212, 83.99999999999998579 ) ) ;
#1335 = EDGE_CURVE ( 'NONE', #475, #21, #433, .T. ) ;
#1336 = CARTESIAN_POINT ( 'NONE',  ( -97.49999999999991473, 64.29999999999995453, 14.00000000000000000 ) ) ;
#1337 = CIRCLE ( 'NONE', #1637, 74.49999999999998579 ) ;
#1338 = VECTOR ( 'NONE', #1784, 1000.000000000000000 ) ;
#1339 = ORIENTED_EDGE ( 'NONE', *, *, #1708, .F. ) ;
#1340 = VECTOR ( 'NONE', #1361, 1000.000000000000000 ) ;
#1341 = DIRECTION ( 'NONE',  ( -1.000000000000000000, -7.709882115452456473E-16, 1.363474114021761439E-31 ) ) ;
#1342 = VERTEX_POINT ( 'NONE', #1859 ) ;
#1343 = AXIS2_PLACEMENT_3D ( 'NONE', #1731, #928, #2066 ) ;
#1344 = CARTESIAN_POINT ( 'NONE',  ( -122.7001126429406952, -21.23833229413356349, 83.37495334704475169 ) ) ;
#1345 = CARTESIAN_POINT ( 'NONE',  ( -126.4999999999999716, -82.43725113897619394, 76.03589838486225005 ) ) ;
#1346 = DIRECTION ( 'NONE',  ( 0.000000000000000000, 0.000000000000000000, 1.000000000000000000 ) ) ;
#1347 = DIRECTION ( 'NONE',  ( 1.000000000000000000, -0.000000000000000000, -0.000000000000000000 ) ) ;
#1348 = CARTESIAN_POINT ( 'NONE',  ( -97.49999999999994316, -78.47314952383842979, 14.00000000000000000 ) ) ;
#1349 = DIRECTION ( 'NONE',  ( -0.000000000000000000, -0.7071067811865442421, -0.7071067811865509034 ) ) ;
#1350 = ORIENTED_EDGE ( 'NONE', *, *, #1900, .T. ) ;
#1351 = DIRECTION ( 'NONE',  ( 0.000000000000000000, 0.000000000000000000, -1.000000000000000000 ) ) ;
#1352 = VERTEX_POINT ( 'NONE', #1547 ) ;
#1353 = DIRECTION ( 'NONE',  ( -0.5773502691896257311, -0.5773502691896257311, 0.5773502691896257311 ) ) ;
#1354 = LINE ( 'NONE', #595, #873 ) ;
#1355 = DIRECTION ( 'NONE',  ( -1.000000000000000000, 0.000000000000000000, 0.000000000000000000 ) ) ;
#1356 = ORIENTED_EDGE ( 'NONE', *, *, #1537, .F. ) ;
#1357 = B_SPLINE_CURVE_WITH_KNOTS ( 'NONE', 3,
 ( #2064, #2071, #1416, #754 ),
 .UNSPECIFIED., .F., .F.,
 ( 4, 4 ),
 ( 0.000000000000000000, 0.0008618922787681618279 ),
 .UNSPECIFIED. ) ;
#1358 = CARTESIAN_POINT ( 'NONE',  ( -119.8205295824173220, 71.79367910625566651, 80.72052958241734189 ) ) ;
#1359 = CARTESIAN_POINT ( 'NONE',  ( -114.4999999999999574, 78.47314952383842979, 13.99999999999999822 ) ) ;
#1360 = ORIENTED_EDGE ( 'NONE', *, *, #1245, .F. ) ;
#1361 = DIRECTION ( 'NONE',  ( -1.000000000000000000, -0.000000000000000000, -0.000000000000000000 ) ) ;
#1362 = VERTEX_POINT ( 'NONE', #1057 ) ;
#1363 = LINE ( 'NONE', #2011, #1944 ) ;
#1364 = CARTESIAN_POINT ( 'NONE',  ( -113.8999999999999773, 9.429780353434617452E-15, 86.00000000000000000 ) ) ;
#1365 = EDGE_CURVE ( 'NONE', #349, #1860, #538, .T. ) ;
#1366 = DIRECTION ( 'NONE',  ( 0.000000000000000000, 1.000000000000000000, -1.768475955409268466E-16 ) ) ;
#1367 = CARTESIAN_POINT ( 'NONE',  ( -110.4999999999999574, -78.47314952383841558, 13.99999999999998046 ) ) ;
#1368 = CARTESIAN_POINT ( 'NONE',  ( -114.4999999999999574, 9.429780353434617452E-15, 86.00000000000000000 ) ) ;
#1369 = ORIENTED_EDGE ( 'NONE', *, *, #1309, .F. ) ;
#1370 = VECTOR ( 'NONE', #651, 1000.000000000000000 ) ;
#1371 = CARTESIAN_POINT ( 'NONE',  ( -51.10303038032995460, 9.429780353434617452E-15, 86.00000000000000000 ) ) ;
#1372 = VECTOR ( 'NONE', #955, 1000.000000000000114 ) ;
#1373 = ORIENTED_EDGE ( 'NONE', *, *, #835, .T. ) ;
#1374 = VERTEX_POINT ( 'NONE', #1190 ) ;
#1375 = CIRCLE ( 'NONE', #466, 4.564101615137817092 ) ;
#1376 = VECTOR ( 'NONE', #594, 1000.000000000000000 ) ;
#1377 = DIRECTION ( 'NONE',  ( -1.000000000000000000, 0.000000000000000000, 0.000000000000000000 ) ) ;
#1378 = CARTESIAN_POINT ( 'NONE',  ( -110.4999999999999574, 9.429780353434617452E-15, 86.00000000000000000 ) ) ;
#1379 = AXIS2_PLACEMENT_3D ( 'NONE', #98, #890, #1060 ) ;
#1380 = ADVANCED_FACE ( 'NONE', ( #391 ), #264, .T. ) ;
#1381 = EDGE_CURVE ( 'NONE', #2076, #1169, #1383, .T. ) ;
#1382 = CARTESIAN_POINT ( 'NONE',  ( -111.0999999999999801, 20.82884074971808630, 83.32429578935119707 ) ) ;
#1383 = LINE ( 'NONE', #1824, #163 ) ;
#1384 = VERTEX_POINT ( 'NONE', #2029 ) ;
#1385 = EDGE_CURVE ( 'NONE', #1698, #1276, #1024, .T. ) ;
#1386 = DIRECTION ( 'NONE',  ( 1.000000000000000000, 1.067522139062648502E-15, -0.000000000000000000 ) ) ;
#1387 = ORIENTED_EDGE ( 'NONE', *, *, #1335, .T. ) ;
#1388 = FACE_OUTER_BOUND ( 'NONE', #175, .T. ) ;
#1389 = ADVANCED_FACE ( 'NONE', ( #1996 ), #1035, .T. ) ;
#1390 = LINE ( 'NONE', #82, #1880 ) ;
#1391 = LINE ( 'NONE', #1557, #362 ) ;
#1392 = VERTEX_POINT ( 'NONE', #243 ) ;
#1393 = CYLINDRICAL_SURFACE ( 'NONE', #1720, 21.00000000000000355 ) ;
#1394 = ORIENTED_EDGE ( 'NONE', *, *, #2000, .T. ) ;
#1395 = VERTEX_POINT ( 'NONE', #601 ) ;
#1396 = CARTESIAN_POINT ( 'NONE',  ( -101.4999999999999858, 60.29999999999995453, 83.39999999999997726 ) ) ;
#1397 = DIRECTION ( 'NONE',  ( 0.000000000000000000, 0.000000000000000000, 1.000000000000000000 ) ) ;
#1398 = DIRECTION ( 'NONE',  ( 0.000000000000000000, 0.000000000000000000, 1.000000000000000000 ) ) ;
#1399 = ORIENTED_EDGE ( 'NONE', *, *, #1906, .T. ) ;
#1400 = EDGE_CURVE ( 'NONE', #1342, #1322, #1735, .T. ) ;
#1401 = PLANE ( 'NONE',  #471 ) ;
#1402 = ORIENTED_EDGE ( 'NONE', *, *, #121, .F. ) ;
#1403 = EDGE_LOOP ( 'NONE', ( #747, #229, #1796, #1061 ) ) ;
#1404 = VECTOR ( 'NONE', #1014, 1000.000000000000000 ) ;
#1405 = CARTESIAN_POINT ( 'NONE',  ( -111.0999999999999801, 9.429780353434617452E-15, 64.99999999999998579 ) ) ;
#1406 = VECTOR ( 'NONE', #1175, 1000.000000000000000 ) ;
#1407 = VECTOR ( 'NONE', #1226, 1000.000000000000000 ) ;
#1408 = VECTOR ( 'NONE', #1341, 1000.000000000000000 ) ;
#1409 = DIRECTION ( 'NONE',  ( -0.000000000000000000, -0.000000000000000000, -1.000000000000000000 ) ) ;
#1410 = ORIENTED_EDGE ( 'NONE', *, *, #1009, .T. ) ;
#1411 = DIRECTION ( 'NONE',  ( -0.000000000000000000, 0.000000000000000000, 1.000000000000000000 ) ) ;
#1412 = VERTEX_POINT ( 'NONE', #759 ) ;
#1413 = VERTEX_POINT ( 'NONE', #152 ) ;
#1414 = CARTESIAN_POINT ( 'NONE',  ( -122.4999999999999716, 78.47314952383842979, 13.99999999999999822 ) ) ;
#1415 = CARTESIAN_POINT ( 'NONE',  ( -114.4999999999999574, -21.50454496036686081, 83.99999999999998579 ) ) ;
#1416 = CARTESIAN_POINT ( 'NONE',  ( -114.0998830684763448, -21.03363308137705445, 83.34972551533280694 ) ) ;
#1417 = VERTEX_POINT ( 'NONE', #1255 ) ;
#1418 = DIRECTION ( 'NONE',  ( -1.000000000000000000, 0.000000000000000000, -0.000000000000000000 ) ) ;
#1419 = ORIENTED_EDGE ( 'NONE', *, *, #1146, .T. ) ;
#1420 = FACE_OUTER_BOUND ( 'NONE', #87, .T. ) ;
#1421 = EDGE_CURVE ( 'NONE', #146, #371, #1357, .T. ) ;
#1422 = CARTESIAN_POINT ( 'NONE',  ( -87.97411896750935512, -82.43725113897619394, 76.03589838486225005 ) ) ;
#1423 = CARTESIAN_POINT ( 'NONE',  ( -126.4999999999999716, 92.97314952383841558, 14.00000000000000000 ) ) ;
#1424 = ORIENTED_EDGE ( 'NONE', *, *, #724, .T. ) ;
#1425 = FACE_OUTER_BOUND ( 'NONE', #1451, .T. ) ;
#1426 = VERTEX_POINT ( 'NONE', #1747 ) ;
#1427 = DIRECTION ( 'NONE',  ( 1.000000000000000000, 0.000000000000000000, 0.000000000000000000 ) ) ;
#1428 = CARTESIAN_POINT ( 'NONE',  ( -110.4999999999999574, 1.474908946811329253E-14, 83.39999999999996305 ) ) ;
#1429 = PRODUCT_RELATED_PRODUCT_CATEGORY ( 'part', '', ( #1086 ) ) ;
#1430 = VECTOR ( 'NONE', #1107, 1000.000000000000000 ) ;
#1431 = LINE ( 'NONE', #47, #1907 ) ;
#1432 = AXIS2_PLACEMENT_3D ( 'NONE', #1755, #1262, #180 ) ;
#1433 = AXIS2_PLACEMENT_3D ( 'NONE', #1436, #1275, #323 ) ;
#1434 = EDGE_CURVE ( 'NONE', #939, #1392, #619, .T. ) ;
#1435 = VECTOR ( 'NONE', #1386, 1000.000000000000000 ) ;
#1436 = CARTESIAN_POINT ( 'NONE',  ( 0.000000000000000000, 0.000000000000000000, 14.00000000000000000 ) ) ;
#1437 = CONICAL_SURFACE ( 'NONE', #796, 4.564101615137817092, 0.7853981633974554954 ) ;
#1438 = CIRCLE ( 'NONE', #38, 3.964101615137771706 ) ;
#1439 = VERTEX_POINT ( 'NONE', #461 ) ;
#1440 = DIRECTION ( 'NONE',  ( 0.000000000000000000, -1.000000000000000000, 1.768475955409268466E-16 ) ) ;
#1441 = ORIENTED_EDGE ( 'NONE', *, *, #1719, .T. ) ;
#1442 = EDGE_CURVE ( 'NONE', #194, #726, #611, .T. ) ;
#1443 = DIRECTION ( 'NONE',  ( 0.000000000000000000, 0.7071067811865311414, -0.7071067811865638930 ) ) ;
#1444 = ORIENTED_EDGE ( 'NONE', *, *, #1671, .F. ) ;
#1445 = ADVANCED_FACE ( 'NONE', ( #474 ), #1239, .T. ) ;
#1446 = FACE_OUTER_BOUND ( 'NONE', #430, .T. ) ;
#1447 = DIRECTION ( 'NONE',  ( 0.5357631378269107625, -0.5970585650276944989, 0.5970585650276973855 ) ) ;
#1448 = DIRECTION ( 'NONE',  ( 0.000000000000000000, 0.000000000000000000, -1.000000000000000000 ) ) ;
#1449 = ORIENTED_EDGE ( 'NONE', *, *, #1782, .T. ) ;
#1450 = CARTESIAN_POINT ( 'NONE',  ( -110.4999999999999574, 78.47314952383842979, 13.99999999999999822 ) ) ;
#1451 = EDGE_LOOP ( 'NONE', ( #411, #153, #1394, #283 ) ) ;
#1452 = CARTESIAN_POINT ( 'NONE',  ( -122.4999999999998579, -60.90000000000001279, 84.00000000000000000 ) ) ;
#1453 = EDGE_LOOP ( 'NONE', ( #891, #1109 ) ) ;
#1454 = LINE ( 'NONE', #1941, #1642 ) ;
#1455 = LINE ( 'NONE', #336, #1712 ) ;
#1456 = CARTESIAN_POINT ( 'NONE',  ( -101.4999999999999858, 60.29999999999994031, 83.39999999999997726 ) ) ;
#1457 = LINE ( 'NONE', #505, #1202 ) ;
#1458 = ORIENTED_EDGE ( 'NONE', *, *, #1773, .F. ) ;
#1459 = CARTESIAN_POINT ( 'NONE',  ( -126.4999999999999716, 78.47314952383842979, 83.99999999999997158 ) ) ;
#1460 = EDGE_CURVE ( 'NONE', #726, #1615, #446, .T. ) ;
#1461 = ORIENTED_EDGE ( 'NONE', *, *, #120, .F. ) ;
#1462 = EDGE_CURVE ( 'NONE', #1498, #636, #197, .T. ) ;
#1463 = DIRECTION ( 'NONE',  ( 0.000000000000000000, 1.000000000000000000, -1.768475955409268466E-16 ) ) ;
#1464 = DIRECTION ( 'NONE',  ( -1.000000000000000000, -0.000000000000000000, -0.000000000000000000 ) ) ;
#1465 = DIRECTION ( 'NONE',  ( -0.000000000000000000, -0.000000000000000000, -1.000000000000000000 ) ) ;
#1466 = CIRCLE ( 'NONE', #1804, 74.49999999999998579 ) ;
#1467 = CARTESIAN_POINT ( 'NONE',  ( -123.0999999999999659, 21.50454496036687857, 83.99999999999998579 ) ) ;
#1468 = EDGE_LOOP ( 'NONE', ( #71, #1515, #1298 ) ) ;
#1469 = VECTOR ( 'NONE', #861, 999.9999999999998863 ) ;
#1470 = AXIS2_PLACEMENT_3D ( 'NONE', #586, #565, #431 ) ;
#1471 = VECTOR ( 'NONE', #1685, 1000.000000000000114 ) ;
#1472 = FACE_OUTER_BOUND ( 'NONE', #680, .T. ) ;
#1473 = ORIENTED_EDGE ( 'NONE', *, *, #992, .T. ) ;
#1474 = DIRECTION ( 'NONE',  ( 0.000000000000000000, -0.7071067811865546782, 0.7071067811865402453 ) ) ;
#1475 = EDGE_LOOP ( 'NONE', ( #913, #2024, #1011, #1948 ) ) ;
#1476 = LINE ( 'NONE', #543, #104 ) ;
#1477 = DIRECTION ( 'NONE',  ( -1.000000000000000000, -0.000000000000000000, -0.000000000000000000 ) ) ;
#1478 = CARTESIAN_POINT ( 'NONE',  ( -125.9000000000000057, -92.37314952383846389, 9.000000000000001776 ) ) ;
#1479 = EDGE_CURVE ( 'NONE', #536, #723, #964, .T. ) ;
#1480 = PLANE ( 'NONE',  #596 ) ;
#1481 = DIRECTION ( 'NONE',  ( 0.000000000000000000, 0.000000000000000000, -1.000000000000000000 ) ) ;
#1482 = ORIENTED_EDGE ( 'NONE', *, *, #1053, .T. ) ;
#1483 = CARTESIAN_POINT ( 'NONE',  ( -110.9001169315235984, 21.03363308137708643, 83.34972551533277851 ) ) ;
#1484 = ORIENTED_EDGE ( 'NONE', *, *, #772, .T. ) ;
#1485 = DIRECTION ( 'NONE',  ( -0.000000000000000000, 0.7071067811865420216, 0.7071067811865530128 ) ) ;
#1486 = DIRECTION ( 'NONE',  ( 0.000000000000000000, 0.000000000000000000, 1.000000000000000000 ) ) ;
#1487 = EDGE_CURVE ( 'NONE', #757, #1316, #769, .T. ) ;
#1488 = CARTESIAN_POINT ( 'NONE',  ( -110.4999999999999574, -60.29999999999999005, 13.99999999999998224 ) ) ;
#1489 = VERTEX_POINT ( 'NONE', #788 ) ;
#1490 = DIRECTION ( 'NONE',  ( 1.000000000000000000, 7.709882115452456473E-16, -1.363474114021761439E-31 ) ) ;
#1491 = CARTESIAN_POINT ( 'NONE',  ( -113.8999999999999773, 20.82884074971808630, 83.32429578935119707 ) ) ;
#1492 = VERTEX_POINT ( 'NONE', #1423 ) ;
#1493 = DIRECTION ( 'NONE',  ( 0.000000000000000000, 8.881784197001249365E-16, 1.000000000000000000 ) ) ;
#1494 = ORIENTED_EDGE ( 'NONE', *, *, #600, .F. ) ;
#1495 = LINE ( 'NONE', #64, #1171 ) ;
#1496 = CARTESIAN_POINT ( 'NONE',  ( -101.4999999999999432, -60.29999999999998295, 14.00000000000000000 ) ) ;
#1497 = LINE ( 'NONE', #1980, #166 ) ;
#1498 = VERTEX_POINT ( 'NONE', #2036 ) ;
#1499 = VECTOR ( 'NONE', #206, 1000.000000000000000 ) ;
#1500 = CARTESIAN_POINT ( 'NONE',  ( -111.0999999999999801, 9.429780353434617452E-15, 64.99999999999998579 ) ) ;
#1501 = CARTESIAN_POINT ( 'NONE',  ( -111.7999999999998977, -92.77314952383842694, 9.399999999999973710 ) ) ;
#1502 = VECTOR ( 'NONE', #982, 1000.000000000000000 ) ;
#1503 = VECTOR ( 'NONE', #2002, 1000.000000000000000 ) ;
#1504 = ORIENTED_EDGE ( 'NONE', *, *, #183, .F. ) ;
#1505 = VECTOR ( 'NONE', #1127, 999.9999999999998863 ) ;
#1506 = CARTESIAN_POINT ( 'NONE',  ( -101.4999999999999432, -60.29999999999998295, 213.7187727354833839 ) ) ;
#1507 = ORIENTED_EDGE ( 'NONE', *, *, #1184, .F. ) ;
#1508 = EDGE_CURVE ( 'NONE', #1342, #349, #1247, .T. ) ;
#1509 = CARTESIAN_POINT ( 'NONE',  ( -126.4999999999999716, -92.97314952383841558, 14.00000000000000000 ) ) ;
#1510 = LINE ( 'NONE', #34, #631 ) ;
#1511 = CARTESIAN_POINT ( 'NONE',  ( -126.4999999999999716, 31.24772751981673125, 31.24772751981721086 ) ) ;
#1512 = ORIENTED_EDGE ( 'NONE', *, *, #662, .T. ) ;
#1513 = FACE_OUTER_BOUND ( 'NONE', #393, .T. ) ;
#1514 = CARTESIAN_POINT ( 'NONE',  ( -123.0999999999999659, -20.82884074971806854, 83.32429578935121128 ) ) ;
#1515 = ORIENTED_EDGE ( 'NONE', *, *, #1749, .T. ) ;
#1516 = EDGE_CURVE ( 'NONE', #29, #1269, #1266, .T. ) ;
#1517 = DIRECTION ( 'NONE',  ( -0.000000000000000000, -0.000000000000000000, -1.000000000000000000 ) ) ;
#1518 = ORIENTED_EDGE ( 'NONE', *, *, #971, .F. ) ;
#1519 = ORIENTED_EDGE ( 'NONE', *, *, #776, .F. ) ;
#1520 = CARTESIAN_POINT ( 'NONE',  ( -95.50895015872050919, -61.98209968255893898, -21.39104984127950715 ) ) ;
#1521 = ADVANCED_BREP_SHAPE_REPRESENTATION ( 'place_plate_vertical_holder', ( #1884, #1303 ), #73 ) ;
#1522 = PLANE ( 'NONE',  #1041 ) ;
#1523 = CARTESIAN_POINT ( 'NONE',  ( -114.4999999999999574, 1.474908946811329884E-14, 83.40000000000000568 ) ) ;
#1524 = FACE_OUTER_BOUND ( 'NONE', #1566, .T. ) ;
#1525 = DIRECTION ( 'NONE',  ( 0.7071067811865424657, 0.000000000000000000, -0.7071067811865526798 ) ) ;
#1526 = ORIENTED_EDGE ( 'NONE', *, *, #2073, .T. ) ;
#1527 = EDGE_CURVE ( 'NONE', #702, #40, #1915, .T. ) ;
#1528 = CARTESIAN_POINT ( 'NONE',  ( -97.49999999999992895, -64.29999999999998295, 40.90179676972399392 ) ) ;
#1529 = ORIENTED_EDGE ( 'NONE', *, *, #1736, .T. ) ;
#1530 = EDGE_CURVE ( 'NONE', #1710, #1413, #127, .T. ) ;
#1531 = ORIENTED_EDGE ( 'NONE', *, *, #877, .T. ) ;
#1532 = CARTESIAN_POINT ( 'NONE',  ( -126.4999999999999716, -90.40135275411395810, 84.00000000000001421 ) ) ;
#1533 = CARTESIAN_POINT ( 'NONE',  ( -107.5000000000001847, -57.29999999999994031, 80.40000000000010516 ) ) ;
#1534 = DIRECTION ( 'NONE',  ( 0.000000000000000000, 0.7071067811865440200, -0.7071067811865511255 ) ) ;
#1535 = CARTESIAN_POINT ( 'NONE',  ( 0.000000000000000000, 0.000000000000000000, 14.00000000000000000 ) ) ;
#1536 = ORIENTED_EDGE ( 'NONE', *, *, #1782, .F. ) ;
#1537 = EDGE_CURVE ( 'NONE', #146, #128, #1874, .T. ) ;
#1538 = VECTOR ( 'NONE', #947, 1000.000000000000000 ) ;
#1539 = DIRECTION ( 'NONE',  ( 0.000000000000000000, -1.000000000000000000, 0.000000000000000000 ) ) ;
#1540 = VECTOR ( 'NONE', #407, 1000.000000000000000 ) ;
#1541 = ORIENTED_EDGE ( 'NONE', *, *, #256, .T. ) ;
#1542 = VECTOR ( 'NONE', #805, 1000.000000000000000 ) ;
#1543 = CONICAL_SURFACE ( 'NONE', #468, 21.00000000000000355, 0.7853981633974627119 ) ;
#1544 = CARTESIAN_POINT ( 'NONE',  ( -111.9999999999998863, -92.97314952383841558, 9.000000000000001776 ) ) ;
#1545 = CARTESIAN_POINT ( 'NONE',  ( 0.000000000000000000, 0.000000000000000000, 14.00000000000000000 ) ) ;
#1546 = VECTOR ( 'NONE', #350, 1000.000000000000000 ) ;
#1547 = CARTESIAN_POINT ( 'NONE',  ( -110.4999999999999574, 78.47314952383842979, 13.99999999999999822 ) ) ;
#1548 = EDGE_CURVE ( 'NONE', #1384, #173, #118, .T. ) ;
#1549 = ORIENTED_EDGE ( 'NONE', *, *, #1381, .T. ) ;
#1550 = CARTESIAN_POINT ( 'NONE',  ( -114.4999999999999574, -19.13765920900461026, 14.00000000000001243 ) ) ;
#1551 = ORIENTED_EDGE ( 'NONE', *, *, #765, .T. ) ;
#1552 = ORIENTED_EDGE ( 'NONE', *, *, #183, .T. ) ;
#1553 = CARTESIAN_POINT ( 'NONE',  ( -97.49999999999991473, -90.40135275411395810, 83.99999999999998579 ) ) ;
#1554 = CARTESIAN_POINT ( 'NONE',  ( -110.4999999999999574, -64.29999999999999716, 40.90179676972399392 ) ) ;
#1555 = EDGE_CURVE ( 'NONE', #1698, #958, #1391, .T. ) ;
#1556 = ADVANCED_FACE ( 'NONE', ( #1883 ), #299, .F. ) ;
#1557 = CARTESIAN_POINT ( 'NONE',  ( -111.9999999999998863, -92.97314952383841558, 9.000000000000001776 ) ) ;
#1558 = VERTEX_POINT ( 'NONE', #965 ) ;
#1559 = FACE_OUTER_BOUND ( 'NONE', #984, .T. ) ;
#1560 = VERTEX_POINT ( 'NONE', #1467 ) ;
#1561 = ORIENTED_EDGE ( 'NONE', *, *, #885, .T. ) ;
#1562 = SHAPE_DEFINITION_REPRESENTATION ( #1669, #1521 ) ;
#1563 = DIRECTION ( 'NONE',  ( 0.7071067811865475727, -1.250501340435252143E-16, -0.7071067811865475727 ) ) ;
#1564 = ADVANCED_FACE ( 'NONE', ( #644 ), #766, .F. ) ;
#1565 = CARTESIAN_POINT ( 'NONE',  ( -111.0999999999999801, 9.429780353434617452E-15, 86.00000000000000000 ) ) ;
#1566 = EDGE_LOOP ( 'NONE', ( #326, #1022, #359, #209 ) ) ;
#1567 = CARTESIAN_POINT ( 'NONE',  ( 0.000000000000000000, 0.000000000000000000, 9.000000000000001776 ) ) ;
#1568 = ORIENTED_EDGE ( 'NONE', *, *, #1283, .T. ) ;
#1569 = ORIENTED_EDGE ( 'NONE', *, *, #1078, .F. ) ;
#1570 = DIRECTION ( 'NONE',  ( -1.000000000000000000, 0.000000000000000000, 0.000000000000000000 ) ) ;
#1571 = AXIS2_PLACEMENT_3D ( 'NONE', #887, #1655, #696 ) ;
#1572 = VECTOR ( 'NONE', #1629, 1000.000000000000000 ) ;
#1573 = PLANE ( 'NONE',  #836 ) ;
#1574 = EDGE_CURVE ( 'NONE', #1071, #1676, #495, .T. ) ;
#1575 = AXIS2_PLACEMENT_3D ( 'NONE', #189, #520, #1663 ) ;
#1576 = AXIS2_PLACEMENT_3D ( 'NONE', #238, #709, #1993 ) ;
#1577 = AXIS2_PLACEMENT_3D ( 'NONE', #177, #518, #1463 ) ;
#1578 = FACE_OUTER_BOUND ( 'NONE', #1657, .T. ) ;
#1579 = CARTESIAN_POINT ( 'NONE',  ( -97.49999999999995737, 64.29999999999995453, 213.7187727354833839 ) ) ;
#1580 = ORIENTED_EDGE ( 'NONE', *, *, #544, .F. ) ;
#1581 = FACE_OUTER_BOUND ( 'NONE', #547, .T. ) ;
#1582 = ORIENTED_EDGE ( 'NONE', *, *, #1719, .F. ) ;
#1583 = ORIENTED_EDGE ( 'NONE', *, *, #1479, .F. ) ;
#1584 = ADVANCED_FACE ( 'NONE', ( #1609 ), #483, .F. ) ;
#1585 = DIRECTION ( 'NONE',  ( 0.000000000000000000, 0.000000000000000000, 1.000000000000000000 ) ) ;
#1586 = DIRECTION ( 'NONE',  ( -2.158287372910491653E-16, 1.000000000000000000, -1.768475955409268466E-16 ) ) ;
#1587 = DIRECTION ( 'NONE',  ( 0.5357631378269471778, -0.5970585650276780676, 0.5970585650276811762 ) ) ;
#1588 = DIRECTION ( 'NONE',  ( 0.000000000000000000, -1.000000000000000000, 0.000000000000000000 ) ) ;
#1589 = VERTEX_POINT ( 'NONE', #1154 ) ;
#1590 = LINE ( 'NONE', #162, #1268 ) ;
#1591 = ORIENTED_EDGE ( 'NONE', *, *, #1527, .F. ) ;
#1592 = LINE ( 'NONE', #914, #1140 ) ;
#1593 = PLANE ( 'NONE',  #1910 ) ;
#1594 = ADVANCED_FACE ( 'NONE', ( #1966 ), #1297, .F. ) ;
#1595 = LINE ( 'NONE', #1121, #1370 ) ;
#1596 = DIRECTION ( 'NONE',  ( 0.000000000000000000, 0.000000000000000000, -1.000000000000000000 ) ) ;
#1597 = VERTEX_POINT ( 'NONE', #1957 ) ;
#1598 = PLANE ( 'NONE',  #637 ) ;
#1599 = EDGE_CURVE ( 'NONE', #1589, #1318, #1457, .T. ) ;
#1600 = VERTEX_POINT ( 'NONE', #1765 ) ;
#1601 = CARTESIAN_POINT ( 'NONE',  ( -122.4999999999999716, 78.47314952383842979, 83.99999999999997158 ) ) ;
#1602 = VECTOR ( 'NONE', #381, 1000.000000000000000 ) ;
#1603 = LINE ( 'NONE', #1617, #464 ) ;
#1604 = CARTESIAN_POINT ( 'NONE',  ( -114.4999999999999574, -75.08992967336530455, 84.00000000000000000 ) ) ;
#1605 = AXIS2_PLACEMENT_3D ( 'NONE', #58, #1983, #95 ) ;
#1606 = VECTOR ( 'NONE', #1328, 1000.000000000000000 ) ;
#1607 = VECTOR ( 'NONE', #294, 1000.000000000000000 ) ;
#1608 = VECTOR ( 'NONE', #1726, 1000.000000000000000 ) ;
#1609 = FACE_OUTER_BOUND ( 'NONE', #1240, .T. ) ;
#1610 = ORIENTED_EDGE ( 'NONE', *, *, #375, .F. ) ;
#1611 = ADVANCED_FACE ( 'NONE', ( #675 ), #1639, .T. ) ;
#1612 = CARTESIAN_POINT ( 'NONE',  ( -119.2499999999999432, 85.72314952383841558, 9.000000000000001776 ) ) ;
#1613 = ORIENTED_EDGE ( 'NONE', *, *, #241, .T. ) ;
#1614 = PLANE ( 'NONE',  #1641 ) ;
#1615 = VERTEX_POINT ( 'NONE', #514 ) ;
#1616 = SURFACE_STYLE_USAGE ( .BOTH. , #973 ) ;
#1617 = CARTESIAN_POINT ( 'NONE',  ( -120.3377748703954637, -72.17524945396533553, 81.23777487039549783 ) ) ;
#1618 = DIRECTION ( 'NONE',  ( -1.000000000000000000, -0.000000000000000000, 0.000000000000000000 ) ) ;
#1619 = EDGE_CURVE ( 'NONE', #1703, #655, #1466, .T. ) ;
#1620 = ORIENTED_EDGE ( 'NONE', *, *, #1548, .T. ) ;
#1621 = CARTESIAN_POINT ( 'NONE',  ( -114.4999999999999574, 1.474908946811329884E-14, 83.40000000000000568 ) ) ;
#1622 = ORIENTED_EDGE ( 'NONE', *, *, #1992, .T. ) ;
#1623 = FACE_OUTER_BOUND ( 'NONE', #97, .T. ) ;
#1624 = ORIENTED_EDGE ( 'NONE', *, *, #375, .T. ) ;
#1625 = CARTESIAN_POINT ( 'NONE',  ( -113.8999999999999773, -21.50454496036686081, 83.99999999999998579 ) ) ;
#1626 = CARTESIAN_POINT ( 'NONE',  ( -123.0999999999999659, 78.47314952383842979, 83.99999999999997158 ) ) ;
#1627 = DIRECTION ( 'NONE',  ( 0.000000000000000000, 0.000000000000000000, 1.000000000000000000 ) ) ;
#1628 = ORIENTED_EDGE ( 'NONE', *, *, #61, .T. ) ;
#1629 = DIRECTION ( 'NONE',  ( -1.000000000000000000, -0.000000000000000000, -0.000000000000000000 ) ) ;
#1630 = ORIENTED_EDGE ( 'NONE', *, *, #1021, .F. ) ;
#1631 = CARTESIAN_POINT ( 'NONE',  ( -97.49999999999995737, 64.29999999999995453, 83.99999999999995737 ) ) ;
#1632 = ORIENTED_EDGE ( 'NONE', *, *, #684, .T. ) ;
#1633 =( NAMED_UNIT ( * ) SI_UNIT ( $, .STERADIAN. ) SOLID_ANGLE_UNIT ( ) );
#1634 = CARTESIAN_POINT ( 'NONE',  ( -126.4999999999999716, -91.47314952383864295, 68.07179676972448590 ) ) ;
#1635 = FACE_OUTER_BOUND ( 'NONE', #1893, .T. ) ;
#1636 = EDGE_CURVE ( 'NONE', #191, #276, #1711, .T. ) ;
#1637 = AXIS2_PLACEMENT_3D ( 'NONE', #171, #816, #808 ) ;
#1638 = VECTOR ( 'NONE', #76, 1000.000000000000114 ) ;
#1639 = PLANE ( 'NONE',  #999 ) ;
#1640 = ORIENTED_EDGE ( 'NONE', *, *, #567, .T. ) ;
#1641 = AXIS2_PLACEMENT_3D ( 'NONE', #1791, #499, #1474 ) ;
#1642 = VECTOR ( 'NONE', #1161, 1000.000000000000000 ) ;
#1643 = CIRCLE ( 'NONE', #366, 2.250000000000001776 ) ;
#1644 = CARTESIAN_POINT ( 'NONE',  ( -110.4999999999999716, 60.29999999999995453, 83.39999999999994884 ) ) ;
#1645 = VECTOR ( 'NONE', #156, 1000.000000000000000 ) ;
#1646 = EDGE_LOOP ( 'NONE', ( #898, #782 ) ) ;
#1647 = DIRECTION ( 'NONE',  ( 0.7071067811865475727, 1.250501340435252143E-16, 0.7071067811865475727 ) ) ;
#1648 = ORIENTED_EDGE ( 'NONE', *, *, #1992, .F. ) ;
#1649 = ADVANCED_FACE ( 'NONE', ( #1163 ), #975, .F. ) ;
#1650 = PLANE ( 'NONE',  #1848 ) ;
#1651 = LINE ( 'NONE', #211, #497 ) ;
#1652 = CARTESIAN_POINT ( 'NONE',  ( -97.49999999999992895, -64.29999999999998295, 40.90179676972399392 ) ) ;
#1653 = DIRECTION ( 'NONE',  ( 0.000000000000000000, 1.000000000000000000, -1.768475955409268466E-16 ) ) ;
#1654 = EDGE_LOOP ( 'NONE', ( #1686, #1419, #579, #1444 ) ) ;
#1655 = DIRECTION ( 'NONE',  ( -1.000000000000000000, -0.000000000000000000, -0.000000000000000000 ) ) ;
#1656 = FACE_OUTER_BOUND ( 'NONE', #1935, .T. ) ;
#1658 = EDGE_CURVE ( 'NONE', #1560, #1417, #1147, .T. ) ;
#1657 = EDGE_LOOP ( 'NONE', ( #77, #1801, #1148, #1989 ) ) ;
#1659 = DIRECTION ( 'NONE',  ( 0.000000000000000000, 0.000000000000000000, 1.000000000000000000 ) ) ;
#1660 = ORIENTED_EDGE ( 'NONE', *, *, #193, .F. ) ;
#1661 = EDGE_LOOP ( 'NONE', ( #1748, #1000, #1052, #291, #500, #187, #927, #1958, #623, #917 ) ) ;
#1662 = PLANE ( 'NONE',  #2048 ) ;
#1663 = DIRECTION ( 'NONE',  ( -1.000000000000000000, -0.000000000000000000, -0.000000000000000000 ) ) ;
#1664 = CARTESIAN_POINT ( 'NONE',  ( -122.4999999999999716, -19.13765920900462092, 14.00000000000001421 ) ) ;
#1665 = CARTESIAN_POINT ( 'NONE',  ( -114.4999999999999574, -74.45454182421889300, 83.39784670981200065 ) ) ;
#1666 = CYLINDRICAL_SURFACE ( 'NONE', #628, 2.250000000000001776 ) ;
#1667 = CARTESIAN_POINT ( 'NONE',  ( -126.4999999999999716, -90.40135275411395810, 84.00000000000001421 ) ) ;
#1668 = VERTEX_POINT ( 'NONE', #1787 ) ;
#1669 = PRODUCT_DEFINITION_SHAPE ( 'NONE', 'NONE',  #535 ) ;
#1670 = CARTESIAN_POINT ( 'NONE',  ( -97.49999999999992895, -82.43725113897619394, 76.03589838486225005 ) ) ;
#1671 = EDGE_CURVE ( 'NONE', #553, #395, #7, .T. ) ;
#1672 = ORIENTED_EDGE ( 'NONE', *, *, #1819, .T. ) ;
#1673 = LINE ( 'NONE', #1871, #401 ) ;
#1674 = LINE ( 'NONE', #1496, #330 ) ;
#1675 = LINE ( 'NONE', #546, #742 ) ;
#1676 = VERTEX_POINT ( 'NONE', #839 ) ;
#1677 = EDGE_CURVE ( 'NONE', #1395, #51, #48, .T. ) ;
#1678 = VECTOR ( 'NONE', #2007, 1000.000000000000000 ) ;
#1679 = DIRECTION ( 'NONE',  ( 0.000000000000000000, -1.000000000000000000, 1.768475955409268466E-16 ) ) ;
#1680 = DIRECTION ( 'NONE',  ( -1.000000000000000000, 0.000000000000000000, 0.000000000000000000 ) ) ;
#1681 = VECTOR ( 'NONE', #846, 1000.000000000000000 ) ;
#1682 = VERTEX_POINT ( 'NONE', #1478 ) ;
#1683 = ADVANCED_FACE ( 'NONE', ( #1805 ), #1543, .F. ) ;
#1684 = CIRCLE ( 'NONE', #1745, 3.964101615137771706 ) ;
#1685 = DIRECTION ( 'NONE',  ( -0.5773502691896170713, -0.5773502691896430505, -0.5773502691896170713 ) ) ;
#1686 = ORIENTED_EDGE ( 'NONE', *, *, #617, .F. ) ;
#1687 = ORIENTED_EDGE ( 'NONE', *, *, #1841, .T. ) ;
#1688 = CARTESIAN_POINT ( 'NONE',  ( -123.0999999999999659, -20.90454496036686294, 83.99999999999998579 ) ) ;
#1689 = ADVANCED_FACE ( 'NONE', ( #797, #160 ), #347, .T. ) ;
#1690 = LINE ( 'NONE', #1707, #1138 ) ;
#1691 = DIRECTION ( 'NONE',  ( -1.000000000000000000, -0.000000000000000000, 0.000000000000000000 ) ) ;
#1692 = ORIENTED_EDGE ( 'NONE', *, *, #1537, .T. ) ;
#1693 = LINE ( 'NONE', #876, #1978 ) ;
#1694 = ADVANCED_FACE ( 'NONE', ( #557 ), #1857, .F. ) ;
#1695 = LINE ( 'NONE', #862, #1741 ) ;
#1696 = ORIENTED_EDGE ( 'NONE', *, *, #919, .T. ) ;
#1697 = CARTESIAN_POINT ( 'NONE',  ( -122.7001126429406952, 21.23833229413358836, 83.37495334704473748 ) ) ;
#1698 = VERTEX_POINT ( 'NONE', #56 ) ;
#1699 = CARTESIAN_POINT ( 'NONE',  ( -95.50895015872050919, 61.98209968255893898, -21.39104984127950715 ) ) ;
#1700 = CARTESIAN_POINT ( 'NONE',  ( -111.0999999999999801, 9.429780353434617452E-15, 86.00000000000000000 ) ) ;
#1701 = DIRECTION ( 'NONE',  ( 0.000000000000000000, 0.000000000000000000, 1.000000000000000000 ) ) ;
#1702 = DIRECTION ( 'NONE',  ( -0.7071067811865462405, 0.7071067811865489050, -0.000000000000000000 ) ) ;
#1703 = VERTEX_POINT ( 'NONE', #1664 ) ;
#1704 = CARTESIAN_POINT ( 'NONE',  ( -123.0999999999999659, 75.07314952383846673, 83.99999999999997158 ) ) ;
#1705 = EDGE_LOOP ( 'NONE', ( #309, #1046, #258, #2072 ) ) ;
#1706 = DIRECTION ( 'NONE',  ( -1.526139637134299912E-16, 0.7071067811865439090, -0.7071067811865512365 ) ) ;
#1707 = CARTESIAN_POINT ( 'NONE',  ( -101.4999999999999858, 60.29999999999994031, 83.39999999999997726 ) ) ;
#1708 = EDGE_CURVE ( 'NONE', #1374, #329, #275, .T. ) ;
#1709 = LINE ( 'NONE', #1048, #1678 ) ;
#1710 = VERTEX_POINT ( 'NONE', #402 ) ;
#1711 = CIRCLE ( 'NONE', #1165, 21.60000000000003695 ) ;
#1712 = VECTOR ( 'NONE', #626, 1000.000000000000114 ) ;
#1713 = DIRECTION ( 'NONE',  ( -1.000000000000000000, -0.000000000000000000, -0.000000000000000000 ) ) ;
#1714 = VECTOR ( 'NONE', #1366, 1000.000000000000000 ) ;
#1715 = ORIENTED_EDGE ( 'NONE', *, *, #1460, .F. ) ;
#1716 = VECTOR ( 'NONE', #1517, 1000.000000000000000 ) ;
#1717 = EDGE_CURVE ( 'NONE', #1248, #668, #1211, .T. ) ;
#1718 = DIRECTION ( 'NONE',  ( 0.5773502691896061911, 0.5773502691896512662, -0.5773502691896198469 ) ) ;
#1719 = EDGE_CURVE ( 'NONE', #27, #1374, #1675, .T. ) ;
#1720 = AXIS2_PLACEMENT_3D ( 'NONE', #1371, #2038, #592 ) ;
#1721 = DIRECTION ( 'NONE',  ( 0.000000000000000000, 8.881784197001249365E-16, 1.000000000000000000 ) ) ;
#1722 = VERTEX_POINT ( 'NONE', #534 ) ;
#1723 = DIRECTION ( 'NONE',  ( -0.000000000000000000, 1.000000000000000000, -1.768475955409268466E-16 ) ) ;
#1724 = ORIENTED_EDGE ( 'NONE', *, *, #1221, .F. ) ;
#1725 = VERTEX_POINT ( 'NONE', #1488 ) ;
#1726 = DIRECTION ( 'NONE',  ( -2.158287372910491653E-16, 1.000000000000000000, -0.000000000000000000 ) ) ;
#1727 = CARTESIAN_POINT ( 'NONE',  ( -126.4999999999999716, 0.000000000000000000, 9.599999999999962341 ) ) ;
#1728 = DIRECTION ( 'NONE',  ( -1.000000000000000000, -2.158287372910491899E-16, 0.000000000000000000 ) ) ;
#1729 = ORIENTED_EDGE ( 'NONE', *, *, #151, .F. ) ;
#1730 = EDGE_CURVE ( 'NONE', #668, #1722, #70, .T. ) ;
#1731 = CARTESIAN_POINT ( 'NONE',  ( -101.4999999999999858, 60.29999999999995453, 213.7187727354833839 ) ) ;
#1732 = VERTEX_POINT ( 'NONE', #388 ) ;
#1733 = PLANE ( 'NONE',  #200 ) ;
#1734 = CARTESIAN_POINT ( 'NONE',  ( -122.4999999999999716, 20.90454496036688425, 83.40000000000000568 ) ) ;
#1735 = LINE ( 'NONE', #1892, #1430 ) ;
#1736 = EDGE_CURVE ( 'NONE', #2076, #715, #730, .T. ) ;
#1737 = ORIENTED_EDGE ( 'NONE', *, *, #324, .T. ) ;
#1738 = LINE ( 'NONE', #137, #4 ) ;
#1739 = VERTEX_POINT ( 'NONE', #1045 ) ;
#1740 = LINE ( 'NONE', #1084, #1645 ) ;
#1741 = VECTOR ( 'NONE', #1525, 1000.000000000000000 ) ;
#1742 = CARTESIAN_POINT ( 'NONE',  ( -119.2499999999999432, 85.72314952383841558, 9.000000000000001776 ) ) ;
#1743 = VECTOR ( 'NONE', #587, 1000.000000000000000 ) ;
#1744 = ADVANCED_FACE ( 'NONE', ( #378 ), #1830, .T. ) ;
#1745 = AXIS2_PLACEMENT_3D ( 'NONE', #186, #834, #1151 ) ;
#1746 = CARTESIAN_POINT ( 'NONE',  ( -111.0999999999999801, 21.50454496036687857, 83.99999999999998579 ) ) ;
#1747 = CARTESIAN_POINT ( 'NONE',  ( -122.4999999999999716, -21.44294755857970713, 83.40000000000000568 ) ) ;
#1748 = ORIENTED_EDGE ( 'NONE', *, *, #591, .F. ) ;
#1749 = EDGE_CURVE ( 'NONE', #1271, #702, #1497, .T. ) ;
#1750 = EDGE_CURVE ( 'NONE', #396, #1668, #225, .T. ) ;
#1751 = CARTESIAN_POINT ( 'NONE',  ( -110.4999999999999574, -78.47314952383841558, 13.99999999999998046 ) ) ;
#1752 = ORIENTED_EDGE ( 'NONE', *, *, #1819, .F. ) ;
#1753 = ORIENTED_EDGE ( 'NONE', *, *, #1508, .F. ) ;
#1754 = CARTESIAN_POINT ( 'NONE',  ( -122.4999999999999716, 60.89999999999999147, 83.99999999999997158 ) ) ;
#1755 = CARTESIAN_POINT ( 'NONE',  ( -101.4999999999999432, -60.29999999999998295, 213.7187727354833839 ) ) ;
#1756 = ADVANCED_FACE ( 'NONE', ( #1196 ), #1032, .F. ) ;
#1757 = EDGE_CURVE ( 'NONE', #40, #889, #874, .T. ) ;
#1758 = DIRECTION ( 'NONE',  ( -1.000000000000000000, 0.000000000000000000, 0.000000000000000000 ) ) ;
#1759 = ORIENTED_EDGE ( 'NONE', *, *, #1530, .T. ) ;
#1760 = LINE ( 'NONE', #290, #438 ) ;
#1761 = ORIENTED_EDGE ( 'NONE', *, *, #2067, .T. ) ;
#1762 = CARTESIAN_POINT ( 'NONE',  ( -101.4999999999999858, 60.29999999999995453, 14.00000000000000000 ) ) ;
#1763 = ORIENTED_EDGE ( 'NONE', *, *, #392, .T. ) ;
#1764 = CARTESIAN_POINT ( 'NONE',  ( -119.2499999999999432, 85.72314952383841558, 9.000000000000001776 ) ) ;
#1765 = CARTESIAN_POINT ( 'NONE',  ( -122.4999999999999716, 74.47314952383844400, 83.39999999999999147 ) ) ;
#1766 = ORIENTED_EDGE ( 'NONE', *, *, #1134, .T. ) ;
#1767 = DIRECTION ( 'NONE',  ( 0.000000000000000000, -0.7071067811865546782, 0.7071067811865402453 ) ) ;
#1768 = EDGE_LOOP ( 'NONE', ( #676, #427, #113, #515 ) ) ;
#1769 = DIRECTION ( 'NONE',  ( -0.000000000000000000, 0.7071067811865633379, 0.7071067811865316965 ) ) ;
#1770 = ORIENTED_EDGE ( 'NONE', *, *, #1873, .F. ) ;
#1771 = AXIS2_PLACEMENT_3D ( 'NONE', #1834, #888, #561 ) ;
#1772 = CARTESIAN_POINT ( 'NONE',  ( -123.0999999999999659, 21.50454496036687857, 83.99999999999998579 ) ) ;
#1773 = EDGE_CURVE ( 'NONE', #194, #1188, #1842, .T. ) ;
#1774 = DIRECTION ( 'NONE',  ( 1.000000000000000000, 0.000000000000000000, 0.000000000000000000 ) ) ;
#1775 = VECTOR ( 'NONE', #199, 1000.000000000000000 ) ;
#1776 = AXIS2_PLACEMENT_3D ( 'NONE', #1010, #94, #1187 ) ;
#1777 = AXIS2_PLACEMENT_3D ( 'NONE', #980, #218, #1493 ) ;
#1778 = DIRECTION ( 'NONE',  ( -1.000000000000000000, -0.000000000000000000, 0.000000000000000000 ) ) ;
#1779 = ORIENTED_EDGE ( 'NONE', *, *, #1365, .F. ) ;
#1780 = DIRECTION ( 'NONE',  ( 4.013087747051509608E-15, -0.7071067811865511255, -0.7071067811865440200 ) ) ;
#1781 = ORIENTED_EDGE ( 'NONE', *, *, #131, .F. ) ;
#1782 = EDGE_CURVE ( 'NONE', #774, #146, #886, .T. ) ;
#1783 = DIRECTION ( 'NONE',  ( -1.000000000000000000, -1.067522139062648502E-15, 0.000000000000000000 ) ) ;
#1784 = DIRECTION ( 'NONE',  ( -4.040843322667092767E-15, 0.7071067811865530128, -0.7071067811865421326 ) ) ;
#1785 = CARTESIAN_POINT ( 'NONE',  ( -110.4999999999999574, 64.29999999999995453, 84.00000000000002842 ) ) ;
#1786 = CARTESIAN_POINT ( 'NONE',  ( -111.3999999999999346, 92.37314952383846389, 9.000000000000001776 ) ) ;
#1787 = CARTESIAN_POINT ( 'NONE',  ( -126.4999999999999716, 92.97314952383841558, 9.599999999999962341 ) ) ;
#1788 = ORIENTED_EDGE ( 'NONE', *, *, #195, .T. ) ;
#1789 = LINE ( 'NONE', #1621, #135 ) ;
#1790 = ORIENTED_EDGE ( 'NONE', *, *, #1283, .F. ) ;
#1791 = CARTESIAN_POINT ( 'NONE',  ( -113.8999999999999773, -21.50454496036686081, 83.99999999999998579 ) ) ;
#1792 =( LENGTH_UNIT ( ) NAMED_UNIT ( * ) SI_UNIT ( .MILLI., .METRE. ) );
#1793 = CARTESIAN_POINT ( 'NONE',  ( -97.49999999999992895, -64.29999999999998295, 213.7187727354833839 ) ) ;
#1794 = CARTESIAN_POINT ( 'NONE',  ( -126.4999999999999716, -21.50454496036685725, 83.99999999999998579 ) ) ;
#1795 = CARTESIAN_POINT ( 'NONE',  ( -110.4999999999999716, 64.29999999999995453, 213.7187727354833839 ) ) ;
#1796 = ORIENTED_EDGE ( 'NONE', *, *, #1555, .T. ) ;
#1797 = EDGE_CURVE ( 'NONE', #1668, #1492, #1454, .T. ) ;
#1798 = CARTESIAN_POINT ( 'NONE',  ( -126.4999999999999716, 78.47314952383842979, 14.00000000000000000 ) ) ;
#1799 = ORIENTED_EDGE ( 'NONE', *, *, #523, .F. ) ;
#1800 = CARTESIAN_POINT ( 'NONE',  ( -97.49999999999994316, 78.47314952383842979, 14.00000000000000000 ) ) ;
#1801 = ORIENTED_EDGE ( 'NONE', *, *, #272, .F. ) ;
#1802 = FILL_AREA_STYLE ('',( #692 ) ) ;
#1803 = DIRECTION ( 'NONE',  ( -1.000000000000000000, 0.000000000000000000, 0.000000000000000000 ) ) ;
#1804 = AXIS2_PLACEMENT_3D ( 'NONE', #983, #1924, #1448 ) ;
#1805 = FACE_OUTER_BOUND ( 'NONE', #1256, .T. ) ;
#1806 = CARTESIAN_POINT ( 'NONE',  ( -111.9999999999998863, 92.97314952383841558, 9.000000000000001776 ) ) ;
#1807 = AXIS2_PLACEMENT_3D ( 'NONE', #1428, #648, #794 ) ;
#1808 = VECTOR ( 'NONE', #1627, 1000.000000000000000 ) ;
#1809 = LINE ( 'NONE', #2015, #1469 ) ;
#1810 = AXIS2_PLACEMENT_3D ( 'NONE', #1097, #621, #147 ) ;
#1811 = DIRECTION ( 'NONE',  ( 1.000000000000000000, -0.000000000000000000, -0.000000000000000000 ) ) ;
#1812 = ORIENTED_EDGE ( 'NONE', *, *, #1671, .T. ) ;
#1813 = EDGE_CURVE ( 'NONE', #128, #371, #650, .T. ) ;
#1814 = DIRECTION ( 'NONE',  ( 0.000000000000000000, 0.000000000000000000, 1.000000000000000000 ) ) ;
#1815 = ORIENTED_EDGE ( 'NONE', *, *, #1434, .F. ) ;
#1816 = DIRECTION ( 'NONE',  ( -2.158287372910491653E-16, 1.000000000000000000, -0.000000000000000000 ) ) ;
#1817 = DIRECTION ( 'NONE',  ( 0.000000000000000000, -1.000000000000000000, 1.768475955409268466E-16 ) ) ;
#1818 = EDGE_CURVE ( 'NONE', #361, #1725, #188, .T. ) ;
#1819 = EDGE_CURVE ( 'NONE', #2001, #1352, #1018, .T. ) ;
#1820 = DIRECTION ( 'NONE',  ( 0.000000000000000000, -1.000000000000000000, 1.768475955409268466E-16 ) ) ;
#1821 = ORIENTED_EDGE ( 'NONE', *, *, #753, .T. ) ;
#1822 = EDGE_CURVE ( 'NONE', #1316, #349, #844, .T. ) ;
#1823 = CARTESIAN_POINT ( 'NONE',  ( -101.4999999999999432, -60.29999999999998295, 14.00000000000000000 ) ) ;
#1824 = CARTESIAN_POINT ( 'NONE',  ( -101.4999999999999858, 60.29999999999995453, 83.39999999999997726 ) ) ;
#1825 = ORIENTED_EDGE ( 'NONE', *, *, #2053, .T. ) ;
#1826 = LINE ( 'NONE', #671, #364 ) ;
#1827 = ORIENTED_EDGE ( 'NONE', *, *, #392, .F. ) ;
#1828 = LINE ( 'NONE', #233, #237 ) ;
#1829 = CARTESIAN_POINT ( 'NONE',  ( -111.9999999999998863, 92.97314952383841558, 9.599999999999962341 ) ) ;
#1830 = PLANE ( 'NONE',  #1300 ) ;
#1831 = EDGE_CURVE ( 'NONE', #1920, #214, #1003, .T. ) ;
#1832 = ORIENTED_EDGE ( 'NONE', *, *, #213, .T. ) ;
#1833 = CYLINDRICAL_SURFACE ( 'NONE', #1605, 74.49999999999998579 ) ;
#1834 = CARTESIAN_POINT ( 'NONE',  ( -113.8999999999999773, 20.82884074971808630, 83.32429578935119707 ) ) ;
#1835 = ORIENTED_EDGE ( 'NONE', *, *, #1095, .T. ) ;
#1836 = LINE ( 'NONE', #78, #1435 ) ;
#1837 = ORIENTED_EDGE ( 'NONE', *, *, #918, .F. ) ;
#1838 = EDGE_LOOP ( 'NONE', ( #1120, #168 ) ) ;
#1839 = CARTESIAN_POINT ( 'NONE',  ( -122.4999999999999716, -21.44294755857970713, 83.40000000000000568 ) ) ;
#1840 = CARTESIAN_POINT ( 'NONE',  ( -122.4999999999999716, 9.429780353434617452E-15, 86.00000000000000000 ) ) ;
#1841 = EDGE_CURVE ( 'NONE', #1392, #123, #45, .T. ) ;
#1842 = LINE ( 'NONE', #719, #498 ) ;
#1843 = EDGE_LOOP ( 'NONE', ( #1203, #1204, #1356, #1536 ) ) ;
#1844 = AXIS2_PLACEMENT_3D ( 'NONE', #1368, #878, #1214 ) ;
#1845 = CARTESIAN_POINT ( 'NONE',  ( -122.4999999999999716, -74.47314952383841558, 83.40000000000001990 ) ) ;
#1846 = PLANE ( 'NONE',  #1977 ) ;
#1847 = AXIS2_PLACEMENT_3D ( 'NONE', #1364, #413, #1397 ) ;
#1848 = AXIS2_PLACEMENT_3D ( 'NONE', #681, #198, #502 ) ;
#1849 = ORIENTED_EDGE ( 'NONE', *, *, #979, .T. ) ;
#1850 = VECTOR ( 'NONE', #815, 1000.000000000000000 ) ;
#1851 = LINE ( 'NONE', #1224, #532 ) ;
#1852 = EDGE_LOOP ( 'NONE', ( #949, #449 ) ) ;
#1853 = ORIENTED_EDGE ( 'NONE', *, *, #1291, .T. ) ;
#1854 = DIRECTION ( 'NONE',  ( -1.000000000000000000, -0.000000000000000000, -0.000000000000000000 ) ) ;
#1855 = FACE_OUTER_BOUND ( 'NONE', #247, .T. ) ;
#1856 = PRODUCT_DEFINITION_CONTEXT ( 'detailed design', #1899, 'design' ) ;
#1857 = PLANE ( 'NONE',  #1911 ) ;
#1858 = CARTESIAN_POINT ( 'NONE',  ( -119.2499999999999432, -85.72314952383841558, 9.000000000000001776 ) ) ;
#1859 = CARTESIAN_POINT ( 'NONE',  ( -97.49999999999994316, 78.47314952383842979, 9.599999999999885958 ) ) ;
#1860 = VERTEX_POINT ( 'NONE', #335 ) ;
#1861 = CARTESIAN_POINT ( 'NONE',  ( -110.4999999999999574, -78.47314952383842979, 55.07179676972438642 ) ) ;
#1862 = ORIENTED_EDGE ( 'NONE', *, *, #1797, .F. ) ;
#1863 = ORIENTED_EDGE ( 'NONE', *, *, #662, .F. ) ;
#1864 = ADVANCED_FACE ( 'NONE', ( #824 ), #1662, .T. ) ;
#1865 = CARTESIAN_POINT ( 'NONE',  ( -114.4999999999999574, 21.44294755857972490, 83.40000000000000568 ) ) ;
#1866 = CARTESIAN_POINT ( 'NONE',  ( -111.0999999999999801, -20.82884074971806854, 83.32429578935121128 ) ) ;
#1867 = FACE_OUTER_BOUND ( 'NONE', #1180, .T. ) ;
#1868 = ORIENTED_EDGE ( 'NONE', *, *, #1927, .F. ) ;
#1869 = ADVANCED_FACE ( 'NONE', ( #1446 ), #1650, .T. ) ;
#1870 = FACE_OUTER_BOUND ( 'NONE', #1191, .T. ) ;
#1871 = CARTESIAN_POINT ( 'NONE',  ( -114.4999999999999574, 74.45394389746437014, 83.38079437362590340 ) ) ;
#1872 = CARTESIAN_POINT ( 'NONE',  ( -122.4999999999999716, -74.45681396063903890, 83.40000000000001990 ) ) ;
#1873 = EDGE_CURVE ( 'NONE', #1560, #929, #210, .T. ) ;
#1874 = LINE ( 'NONE', #588, #1372 ) ;
#1875 = ORIENTED_EDGE ( 'NONE', *, *, #1237, .F. ) ;
#1876 = AXIS2_PLACEMENT_3D ( 'NONE', #560, #406, #1047 ) ;
#1877 = DIRECTION ( 'NONE',  ( 0.000000000000000000, -0.000000000000000000, 1.000000000000000000 ) ) ;
#1878 = AXIS2_PLACEMENT_3D ( 'NONE', #344, #530, #1308 ) ;
#1879 = ORIENTED_EDGE ( 'NONE', *, *, #558, .F. ) ;
#1880 = VECTOR ( 'NONE', #2003, 1000.000000000000000 ) ;
#1881 = PLANE ( 'NONE',  #767 ) ;
#1882 = ADVANCED_FACE ( 'NONE', ( #13 ), #1143, .F. ) ;
#1883 = FACE_OUTER_BOUND ( 'NONE', #620, .T. ) ;
#1884 = MANIFOLD_SOLID_BREP ( '\X2\57fa4f5396f64ef6\X0\-place_plate_sketch-1', #1976 ) ;
#1885 = ORIENTED_EDGE ( 'NONE', *, *, #339, .F. ) ;
#1886 = DIRECTION ( 'NONE',  ( -1.000000000000000000, -0.000000000000000000, -0.000000000000000000 ) ) ;
#1887 = ORIENTED_EDGE ( 'NONE', *, *, #295, .T. ) ;
#1888 = EDGE_LOOP ( 'NONE', ( #319, #1549, #511, #457 ) ) ;
#1889 = CARTESIAN_POINT ( 'NONE',  ( -116.9999999999999432, -85.72314952383841558, 9.000000000000001776 ) ) ;
#1890 = ADVANCED_FACE ( 'NONE', ( #1174 ), #1319, .F. ) ;
#1891 = CARTESIAN_POINT ( 'NONE',  ( -119.2499999999999432, 85.72314952383841558, 14.00000000000000000 ) ) ;
#1892 = CARTESIAN_POINT ( 'NONE',  ( -107.3666666666661911, 88.33981619050469192, -0.2666666666669061936 ) ) ;
#1893 = EDGE_LOOP ( 'NONE', ( #1613, #2037, #678, #2032, #910, #1902 ) ) ;
#1894 = DIRECTION ( 'NONE',  ( 0.000000000000000000, 0.000000000000000000, 1.000000000000000000 ) ) ;
#1895 = ORIENTED_EDGE ( 'NONE', *, *, #1516, .T. ) ;
#1896 = ORIENTED_EDGE ( 'NONE', *, *, #940, .F. ) ;
#1897 = FACE_OUTER_BOUND ( 'NONE', #856, .T. ) ;
#1898 = DIRECTION ( 'NONE',  ( 0.000000000000000000, -0.7071067811865492381, -0.7071067811865457964 ) ) ;
#1899 = APPLICATION_CONTEXT ( 'automotive_design' ) ;
#1900 = EDGE_CURVE ( 'NONE', #1269, #702, #376, .T. ) ;
#1901 = CARTESIAN_POINT ( 'NONE',  ( -122.4999999999999716, 78.47314952383842979, 83.99999999999997158 ) ) ;
#1902 = ORIENTED_EDGE ( 'NONE', *, *, #295, .F. ) ;
#1903 = CARTESIAN_POINT ( 'NONE',  ( -87.97411896750935512, -90.40135275411395810, 84.00000000000001421 ) ) ;
#1904 = ORIENTED_EDGE ( 'NONE', *, *, #954, .T. ) ;
#1905 = ORIENTED_EDGE ( 'NONE', *, *, #1757, .T. ) ;
#1906 = EDGE_CURVE ( 'NONE', #1276, #1412, #386, .T. ) ;
#1907 = VECTOR ( 'NONE', #707, 1000.000000000000000 ) ;
#1908 = AXIS2_PLACEMENT_3D ( 'NONE', #925, #1096, #937 ) ;
#1909 = FACE_OUTER_BOUND ( 'NONE', #970, .T. ) ;
#1910 = AXIS2_PLACEMENT_3D ( 'NONE', #1253, #1443, #132 ) ;
#1911 = AXIS2_PLACEMENT_3D ( 'NONE', #572, #414, #1820 ) ;
#1912 = ADVANCED_FACE ( 'NONE', ( #1388 ), #100, .F. ) ;
#1913 = CIRCLE ( 'NONE', #1810, 3.964101615137771706 ) ;
#1914 = DIRECTION ( 'NONE',  ( 1.000000000000000000, 0.000000000000000000, 1.067522139062659743E-15 ) ) ;
#1915 = LINE ( 'NONE', #2043, #597 ) ;
#1916 = ORIENTED_EDGE ( 'NONE', *, *, #1929, .F. ) ;
#1917 = CARTESIAN_POINT ( 'NONE',  ( -126.4999999999999716, 78.47314952383842979, 83.99999999999997158 ) ) ;
#1918 = ORIENTED_EDGE ( 'NONE', *, *, #1921, .F. ) ;
#1919 = CARTESIAN_POINT ( 'NONE',  ( -97.49999999999992895, -82.43725113897619394, 80.60000000000006537 ) ) ;
#1920 = VERTEX_POINT ( 'NONE', #2025 ) ;
#1921 = EDGE_CURVE ( 'NONE', #11, #1188, #445, .T. ) ;
#1922 = DIRECTION ( 'NONE',  ( -0.000000000000000000, 0.7071067811865420216, 0.7071067811865530128 ) ) ;
#1923 = CARTESIAN_POINT ( 'NONE',  ( -114.4999999999999574, 74.47314952383844400, 83.39999999999999147 ) ) ;
#1924 = DIRECTION ( 'NONE',  ( -1.000000000000000000, -0.000000000000000000, -0.000000000000000000 ) ) ;
#1925 = ORIENTED_EDGE ( 'NONE', *, *, #287, .F. ) ;
#1926 = CARTESIAN_POINT ( 'NONE',  ( -111.0999999999999801, -20.82884074971806854, 83.32429578935121128 ) ) ;
#1927 = EDGE_CURVE ( 'NONE', #1158, #53, #1363, .T. ) ;
#1928 = ORIENTED_EDGE ( 'NONE', *, *, #954, .F. ) ;
#1929 = EDGE_CURVE ( 'NONE', #1374, #1597, #1673, .T. ) ;
#1930 = LINE ( 'NONE', #1414, #72 ) ;
#1931 = ORIENTED_EDGE ( 'NONE', *, *, #1936, .F. ) ;
#1932 = DIRECTION ( 'NONE',  ( -0.000000000000000000, -0.000000000000000000, -1.000000000000000000 ) ) ;
#1933 = PLANE ( 'NONE',  #905 ) ;
#1934 = DIRECTION ( 'NONE',  ( 0.000000000000000000, 0.000000000000000000, 1.000000000000000000 ) ) ;
#1935 = EDGE_LOOP ( 'NONE', ( #1519, #576, #255, #828 ) ) ;
#1936 = EDGE_CURVE ( 'NONE', #1682, #1362, #115, .T. ) ;
#1937 = DIRECTION ( 'NONE',  ( 0.000000000000000000, 0.000000000000000000, 1.000000000000000000 ) ) ;
#1938 = EDGE_LOOP ( 'NONE', ( #649, #1552, #840, #231 ) ) ;
#1939 = LINE ( 'NONE', #352, #240 ) ;
#1940 = AXIS2_PLACEMENT_3D ( 'NONE', #663, #1934, #492 ) ;
#1941 = CARTESIAN_POINT ( 'NONE',  ( -126.4999999999999716, 92.97314952383841558, 9.000000000000001776 ) ) ;
#1942 = CARTESIAN_POINT ( 'NONE',  ( -110.4999999999999574, -64.29999999999999716, 13.99999999999998224 ) ) ;
#1943 = AXIS2_PLACEMENT_3D ( 'NONE', #896, #1534, #215 ) ;
#1944 = VECTOR ( 'NONE', #554, 1000.000000000000000 ) ;
#1945 = AXIS2_PLACEMENT_3D ( 'NONE', #972, #1647, #689 ) ;
#1946 = DIRECTION ( 'NONE',  ( 0.000000000000000000, 0.000000000000000000, 1.000000000000000000 ) ) ;
#1947 = EDGE_CURVE ( 'NONE', #49, #550, #1495, .T. ) ;
#1948 = ORIENTED_EDGE ( 'NONE', *, *, #703, .F. ) ;
#1949 = B_SPLINE_CURVE_WITH_KNOTS ( 'NONE', 3,
 ( #829, #1315, #969, #485 ),
 .UNSPECIFIED., .F., .F.,
 ( 4, 4 ),
 ( 0.000000000000000000, 0.0008618922787682010761 ),
 .UNSPECIFIED. ) ;
#1950 = CARTESIAN_POINT ( 'NONE',  ( -97.49999999999992895, -82.43725113897619394, 76.03589838486225005 ) ) ;
#1951 = ORIENTED_EDGE ( 'NONE', *, *, #256, .F. ) ;
#1952 = LINE ( 'NONE', #1317, #602 ) ;
#1953 = ORIENTED_EDGE ( 'NONE', *, *, #930, .F. ) ;
#1954 = CARTESIAN_POINT ( 'NONE',  ( -110.4999999999999574, 0.000000000000000000, 0.000000000000000000 ) ) ;
#1955 = DIRECTION ( 'NONE',  ( 0.7071067811865462405, 0.7071067811865489050, 0.000000000000000000 ) ) ;
#1956 = ADVANCED_FACE ( 'NONE', ( #81, #1028 ), #397, .T. ) ;
#1957 = CARTESIAN_POINT ( 'NONE',  ( -122.4999999999999716, 74.45394389746435593, 83.38079437362590340 ) ) ;
#1958 = ORIENTED_EDGE ( 'NONE', *, *, #2027, .T. ) ;
#1959 = CYLINDRICAL_SURFACE ( 'NONE', #1104, 2.250000000000001776 ) ;
#1960 = ORIENTED_EDGE ( 'NONE', *, *, #1813, .T. ) ;
#1961 = PLANE ( 'NONE',  #1945 ) ;
#1962 = ORIENTED_EDGE ( 'NONE', *, *, #1873, .T. ) ;
#1963 = CARTESIAN_POINT ( 'NONE',  ( -97.49999999999995737, 64.29999999999995453, 9.599999999999885958 ) ) ;
#1964 = FACE_OUTER_BOUND ( 'NONE', #1768, .T. ) ;
#1965 = DIRECTION ( 'NONE',  ( -0.000000000000000000, -0.7258346658657571782, 0.6878692011040649090 ) ) ;
#1966 = FACE_OUTER_BOUND ( 'NONE', #1183, .T. ) ;
#1967 = EDGE_CURVE ( 'NONE', #550, #726, #422, .T. ) ;
#1968 = ORIENTED_EDGE ( 'NONE', *, *, #2060, .F. ) ;
#1969 = LINE ( 'NONE', #216, #908 ) ;
#1970 = ORIENTED_EDGE ( 'NONE', *, *, #1285, .T. ) ;
#1971 = LINE ( 'NONE', #1004, #2021 ) ;
#1972 = EDGE_CURVE ( 'NONE', #79, #981, #1828, .T. ) ;
#1973 = VERTEX_POINT ( 'NONE', #2034 ) ;
#1974 = EDGE_CURVE ( 'NONE', #1271, #1426, #871, .T. ) ;
#1975 = FACE_OUTER_BOUND ( 'NONE', #1193, .T. ) ;
#1976 = CLOSED_SHELL ( 'NONE', ( #1564, #904, #1144, #224, #1756, #1181, #1594, #734, #791, #346, #1649, #1160, #616, #1956, #1912, #102, #1744, #1882, #1584, #476, #1065, #503, #248, #997, #75, #1380, #1325, #1689, #585, #1031, #8, #1869, #1445, #1066, #223, #93, #1890, #1611, #569, #1118, #1079, #2042, #1389, #1030, #1556, #1864, #1250, #811, #19, #1059, #117, #52, #232, #46, #826, #306, #622, #404, #627, #1212, #752, #424, #656, #1683, #509, #1694, #317, #1307, #176 ) ) ;
#1977 = AXIS2_PLACEMENT_3D ( 'NONE', #274, #897, #426 ) ;
#1978 = VECTOR ( 'NONE', #380, 1000.000000000000000 ) ;
#1979 = VECTOR ( 'NONE', #179, 1000.000000000000000 ) ;
#1980 = CARTESIAN_POINT ( 'NONE',  ( -123.0999999999999659, -20.82884074971806854, 83.32429578935121128 ) ) ;
#1981 = CARTESIAN_POINT ( 'NONE',  ( -122.4999999999999716, 9.429780353434617452E-15, 86.00000000000000000 ) ) ;
#1982 = VECTOR ( 'NONE', #1586, 1000.000000000000000 ) ;
#1983 = DIRECTION ( 'NONE',  ( -1.000000000000000000, -0.000000000000000000, -0.000000000000000000 ) ) ;
#1984 = AXIS2_PLACEMENT_3D ( 'NONE', #477, #1116, #957 ) ;
#1985 = DIRECTION ( 'NONE',  ( -1.000000000000000000, 0.000000000000000000, 0.000000000000000000 ) ) ;
#1986 = VERTEX_POINT ( 'NONE', #1509 ) ;
#1987 = DIRECTION ( 'NONE',  ( 0.000000000000000000, 0.000000000000000000, 1.000000000000000000 ) ) ;
#1988 = ORIENTED_EDGE ( 'NONE', *, *, #1927, .T. ) ;
#1989 = ORIENTED_EDGE ( 'NONE', *, *, #425, .F. ) ;
#1990 = DIRECTION ( 'NONE',  ( -1.000000000000000000, 0.000000000000000000, 0.000000000000000000 ) ) ;
#1991 = DIRECTION ( 'NONE',  ( 0.000000000000000000, 0.000000000000000000, 1.000000000000000000 ) ) ;
#1992 = EDGE_CURVE ( 'NONE', #173, #882, #728, .T. ) ;
#1993 = DIRECTION ( 'NONE',  ( 1.000000000000000000, 0.000000000000000000, 0.000000000000000000 ) ) ;
#1994 = ORIENTED_EDGE ( 'NONE', *, *, #1210, .T. ) ;
#1995 = CARTESIAN_POINT ( 'NONE',  ( -113.8999999999999773, 9.429780353434617452E-15, 86.00000000000000000 ) ) ;
#1996 = FACE_OUTER_BOUND ( 'NONE', #892, .T. ) ;
#1997 = ORIENTED_EDGE ( 'NONE', *, *, #1900, .F. ) ;
#1998 = CARTESIAN_POINT ( 'NONE',  ( -114.5128037509160350, 74.46034577292238055, 83.38719624908391381 ) ) ;
#1999 = ORIENTED_EDGE ( 'NONE', *, *, #1365, .T. ) ;
#2000 = EDGE_CURVE ( 'NONE', #1395, #1668, #90, .T. ) ;
#2001 = VERTEX_POINT ( 'NONE', #1072 ) ;
#2002 = DIRECTION ( 'NONE',  ( 1.000000000000000000, 0.000000000000000000, 0.000000000000000000 ) ) ;
#2003 = DIRECTION ( 'NONE',  ( 0.000000000000000000, 0.000000000000000000, 1.000000000000000000 ) ) ;
#2004 = CARTESIAN_POINT ( 'NONE',  ( -114.4999999999999574, 0.000000000000000000, 0.000000000000000000 ) ) ;
#2005 = EDGE_LOOP ( 'NONE', ( #798, #1090, #1531, #1970, #1036 ) ) ;
#2006 = CARTESIAN_POINT ( 'NONE',  ( -110.4999999999999574, 21.44294755857976398, 83.39999999999996305 ) ) ;
#2007 = DIRECTION ( 'NONE',  ( 0.000000000000000000, 0.000000000000000000, 1.000000000000000000 ) ) ;
#2008 = ORIENTED_EDGE ( 'NONE', *, *, #1421, .F. ) ;
#2009 = CARTESIAN_POINT ( 'NONE',  ( -114.0927133811351695, -74.88657989061647413, 83.80728661886482200 ) ) ;
#2010 = ORIENTED_EDGE ( 'NONE', *, *, #2017, .F. ) ;
#2011 = CARTESIAN_POINT ( 'NONE',  ( -87.97411896750935512, -82.43725113897619394, 80.00000000000001421 ) ) ;
#2012 = CARTESIAN_POINT ( 'NONE',  ( -116.9999999999999432, 85.72314952383841558, 9.000000000000001776 ) ) ;
#2013 = CARTESIAN_POINT ( 'NONE',  ( -110.7294161029526549, -21.46649995169642722, 83.62941610295266059 ) ) ;
#2014 = AXIS2_PLACEMENT_3D ( 'NONE', #609, #369, #1701 ) ;
#2015 = CARTESIAN_POINT ( 'NONE',  ( -101.5000000000000000, 60.29999999999994742, 83.39999999999997726 ) ) ;
#2016 = LINE ( 'NONE', #417, #105 ) ;
#2017 = EDGE_CURVE ( 'NONE', #146, #11, #302, .T. ) ;
#2018 = AXIS2_PLACEMENT_3D ( 'NONE', #1378, #1085, #566 ) ;
#2019 = VECTOR ( 'NONE', #1570, 1000.000000000000000 ) ;
#2020 = ORIENTED_EDGE ( 'NONE', *, *, #1184, .T. ) ;
#2021 = VECTOR ( 'NONE', #657, 1000.000000000000114 ) ;
#2022 = DIRECTION ( 'NONE',  ( -1.000000000000000000, -2.158287372910491899E-16, 0.000000000000000000 ) ) ;
#2023 = ORIENTED_EDGE ( 'NONE', *, *, #780, .T. ) ;
#2024 = ORIENTED_EDGE ( 'NONE', *, *, #1750, .T. ) ;
#2025 = CARTESIAN_POINT ( 'NONE',  ( -121.4999999999999432, -85.72314952383841558, 14.00000000000000000 ) ) ;
#2026 = CARTESIAN_POINT ( 'NONE',  ( -113.8999999999999773, 21.50454496036687857, 83.99999999999998579 ) ) ;
#2027 = EDGE_CURVE ( 'NONE', #164, #44, #1207, .T. ) ;
#2028 = LINE ( 'NONE', #850, #165 ) ;
#2029 = CARTESIAN_POINT ( 'NONE',  ( -126.4999999999999716, -90.40135275411395810, 66.99999999999981526 ) ) ;
#2030 = ORIENTED_EDGE ( 'NONE', *, *, #1574, .T. ) ;
#2031 = CARTESIAN_POINT ( 'NONE',  ( -110.4999999999999574, 78.47314952383842979, 84.00000000000002842 ) ) ;
#2032 = ORIENTED_EDGE ( 'NONE', *, *, #31, .F. ) ;
#2033 = EDGE_LOOP ( 'NONE', ( #653, #1630, #1931, #1569 ) ) ;
#2034 = CARTESIAN_POINT ( 'NONE',  ( -100.8999999999999631, 60.89999999999999147, 83.99999999999997158 ) ) ;
#2035 = DIRECTION ( 'NONE',  ( 0.000000000000000000, 0.000000000000000000, 1.000000000000000000 ) ) ;
#2036 = CARTESIAN_POINT ( 'NONE',  ( -97.49999999999992895, -82.43725113897619394, 71.47179676972442053 ) ) ;
#2037 = ORIENTED_EDGE ( 'NONE', *, *, #1516, .F. ) ;
#2038 = DIRECTION ( 'NONE',  ( -1.000000000000000000, -0.000000000000000000, -0.000000000000000000 ) ) ;
#2039 = EDGE_LOOP ( 'NONE', ( #1025, #701, #749, #1458 ) ) ;
#2040 = CARTESIAN_POINT ( 'NONE',  ( -97.49999999999995737, 64.29999999999995453, 9.599999999999885958 ) ) ;
#2041 = CARTESIAN_POINT ( 'NONE',  ( -110.4999999999999716, 64.29999999999995453, 14.00000000000000000 ) ) ;
#2042 = ADVANCED_FACE ( 'NONE', ( #750 ), #716, .F. ) ;
#2043 = CARTESIAN_POINT ( 'NONE',  ( -126.4999999999999716, -21.50454496036686081, 83.99999999999998579 ) ) ;
#2044 = VERTEX_POINT ( 'NONE', #1532 ) ;
#2045 = AXIS2_PLACEMENT_3D ( 'NONE', #59, #1277, #1767 ) ;
#2046 = VECTOR ( 'NONE', #74, 1000.000000000000000 ) ;
#2047 = CARTESIAN_POINT ( 'NONE',  ( -126.4999999999999716, 92.97314952383841558, 9.000000000000001776 ) ) ;
#2048 = AXIS2_PLACEMENT_3D ( 'NONE', #807, #1485, #1464 ) ;
#2049 = ORIENTED_EDGE ( 'NONE', *, *, #979, .F. ) ;
#2050 = ORIENTED_EDGE ( 'NONE', *, *, #2062, .F. ) ;
#2051 = VECTOR ( 'NONE', #443, 1000.000000000000000 ) ;
#2052 = DIRECTION ( 'NONE',  ( 0.7071067811865424657, 8.659560562354995721E-17, 0.7071067811865526798 ) ) ;
#2053 = EDGE_CURVE ( 'NONE', #715, #589, #1100, .T. ) ;
#2054 = EDGE_CURVE ( 'NONE', #164, #879, #280, .T. ) ;
#2055 = CARTESIAN_POINT ( 'NONE',  ( -111.0999999999999801, 60.29999999999995453, 83.99999999999997158 ) ) ;
#2056 = ORIENTED_EDGE ( 'NONE', *, *, #610, .F. ) ;
#2057 = DIRECTION ( 'NONE',  ( -1.000000000000000000, -1.067522139062648502E-15, 0.000000000000000000 ) ) ;
#2058 = EDGE_LOOP ( 'NONE', ( #1062, #496, #453, #463, #311 ) ) ;
#2059 = ORIENTED_EDGE ( 'NONE', *, *, #718, .F. ) ;
#2060 = EDGE_CURVE ( 'NONE', #1322, #51, #1740, .T. ) ;
#2061 = LINE ( 'NONE', #959, #1542 ) ;
#2062 = EDGE_CURVE ( 'NONE', #1439, #1342, #931, .T. ) ;
#2063 = DIRECTION ( 'NONE',  ( 0.000000000000000000, -1.000000000000000000, 1.768475955409268466E-16 ) ) ;
#2064 = CARTESIAN_POINT ( 'NONE',  ( -114.4999999999999574, -21.44294755857970713, 83.40000000000000568 ) ) ;
#2065 = EDGE_LOOP ( 'NONE', ( #1126, #1994, #1441, #823, #161, #1387, #182, #1449 ) ) ;
#2066 = DIRECTION ( 'NONE',  ( 0.000000000000000000, -0.000000000000000000, -1.000000000000000000 ) ) ;
#2067 = EDGE_CURVE ( 'NONE', #1489, #53, #1438, .T. ) ;
#2068 = ORIENTED_EDGE ( 'NONE', *, *, #262, .F. ) ;
#2069 = DIRECTION ( 'NONE',  ( -1.067522139062648502E-15, 1.000000000000000000, 0.000000000000000000 ) ) ;
#2070 = DIRECTION ( 'NONE',  ( 0.000000000000000000, 0.000000000000000000, 1.000000000000000000 ) ) ;
#2071 = CARTESIAN_POINT ( 'NONE',  ( -114.2998873570592338, -21.23833229413357060, 83.37495334704475169 ) ) ;
#2072 = ORIENTED_EDGE ( 'NONE', *, *, #1717, .F. ) ;
#2073 = EDGE_CURVE ( 'NONE', #1668, #1362, #1592, .T. ) ;
#2074 = CARTESIAN_POINT ( 'NONE',  ( -97.49999999999992895, -64.29999999999998295, 40.90179676972399392 ) ) ;
#2075 = AXIS2_PLACEMENT_3D ( 'NONE', #1535, #745, #909 ) ;
#2076 = VERTEX_POINT ( 'NONE', #1396 ) ;
#2077 = CARTESIAN_POINT ( 'NONE',  ( -101.4999999999999858, 60.29999999999995453, 14.00000000000000000 ) ) ;
#2078 = CIRCLE ( 'NONE', #1167, 2.250000000000001776 ) ;
#2079 = AXIS2_PLACEMENT_3D ( 'NONE', #1926, #28, #174 ) ;
ENDSEC;
END-ISO-10303-21;
