ISO-10303-21;
HEADER;
FILE_DESCRIPTION (( 'STEP AP214' ),
    '1' );
FILE_NAME ('clutch_interface_shaft.STEP',
    '2026-07-07T16:15:31',
    ( '' ),
    ( '' ),
    'SwSTEP 2.0',
    'SolidWorks 2026',
    '' );
FILE_SCHEMA (( 'AUTOMOTIVE_DESIGN' ));
ENDSEC;

DATA;
#1 = ORIENTED_EDGE ( 'NONE', *, *, #3581, .F. ) ;
#2 = CARTESIAN_POINT ( 'NONE',  ( 1.940385592141412818, 18.46844581293376564, 8.958275176990268207 ) ) ;
#3 = VECTOR ( 'NONE', #4007, 1000.000000000000114 ) ;
#4 = CARTESIAN_POINT ( 'NONE',  ( 5.098780407186630725, 7.017869168904329769, 61.62499999999997158 ) ) ;
#5 = CARTESIAN_POINT ( 'NONE',  ( -2.577197135761958968, -24.52957074296941897, 9.045875455953151345 ) ) ;
#6 = CARTESIAN_POINT ( 'NONE',  ( 0.06495190528381296347, 0.03749999999998850780, 44.75000000000000000 ) ) ;
#7 = CARTESIAN_POINT ( 'NONE',  ( -9.137652376296646395, -4.068770834042251039, 8.597533043457977087 ) ) ;
#8 = CARTESIAN_POINT ( 'NONE',  ( 22.78695490913879240, -16.27138474061533557, 9.339059826362921868 ) ) ;
#9 = DIRECTION ( 'NONE',  ( 1.000000000000000000, 0.000000000000000000, 0.000000000000000000 ) ) ;
#10 = CARTESIAN_POINT ( 'NONE',  ( 8.913920138476031596, -20.01889682603359688, 9.013873883218943561 ) ) ;
#11 = CARTESIAN_POINT ( 'NONE',  ( 0.000000000000000000, 0.000000000000000000, -64.00000000000000000 ) ) ;
#12 = DIRECTION ( 'NONE',  ( 0.000000000000000000, 0.000000000000000000, -1.000000000000000000 ) ) ;
#13 = CARTESIAN_POINT ( 'NONE',  ( 1.515838399918160162, 21.00253183964371217, 9.688649277955972750 ) ) ;
#14 = CARTESIAN_POINT ( 'NONE',  ( -8.396876639809569554, 17.10383957319687553, 9.642623109992772612 ) ) ;
#15 = VECTOR ( 'NONE', #2752, 1000.000000000000000 ) ;
#16 = CARTESIAN_POINT ( 'NONE',  ( -11.60241991106611614, 7.434120188635342963, 9.441877396648989063 ) ) ;
#17 = DIRECTION ( 'NONE',  ( -0.000000000000000000, -0.000000000000000000, -1.000000000000000000 ) ) ;
#18 = CARTESIAN_POINT ( 'NONE',  ( 15.43226035822756970, -11.21127637370100771, 8.968104430231887747 ) ) ;
#19 = CARTESIAN_POINT ( 'NONE',  ( -5.688392130765508981, -9.312024840210744614, 9.237924718603887086 ) ) ;
#20 = CARTESIAN_POINT ( 'NONE',  ( -20.67833130141821840, 2.172567011496865153, 8.997110467374636045 ) ) ;
#21 = ORIENTED_EDGE ( 'NONE', *, *, #553, .F. ) ;
#22 = CARTESIAN_POINT ( 'NONE',  ( 0.7309162132909303722, 10.97569017320866536, 8.950348815923254264 ) ) ;
#23 = CARTESIAN_POINT ( 'NONE',  ( 15.90272617166942482, -1.670818489646193061, 8.896629249940165352 ) ) ;
#24 = ORIENTED_EDGE ( 'NONE', *, *, #389, .F. ) ;
#25 = EDGE_LOOP ( 'NONE', ( #1467, #2917, #1296, #3566 ) ) ;
#26 = ADVANCED_FACE ( 'NONE', ( #2569 ), #3924, .F. ) ;
#27 = EDGE_CURVE ( 'NONE', #202, #1622, #2071, .T. ) ;
#28 = CARTESIAN_POINT ( 'NONE',  ( 2.719301823274684615, 25.88211259429948186, 9.058421679211720701 ) ) ;
#29 = CARTESIAN_POINT ( 'NONE',  ( 6.465291627385893136, 8.899438418959586983, 4.999478381024410112 ) ) ;
#30 = CARTESIAN_POINT ( 'NONE',  ( 6.674390203593317139, -4.849228331412903437, 60.99999999999998579 ) ) ;
#31 = CARTESIAN_POINT ( 'NONE',  ( -2.552127005080183864, -30.05971620087306917, 9.809850538807884490 ) ) ;
#32 = VECTOR ( 'NONE', #3651, 1000.000000000000000 ) ;
#33 = CARTESIAN_POINT ( 'NONE',  ( -13.40134893029778418, -6.820694020073606367, 9.505212387406180241 ) ) ;
#34 = CARTESIAN_POINT ( 'NONE',  ( 22.85323629148602720, -16.17805893812683848, 9.471248398658762113 ) ) ;
#35 = PLANE ( 'NONE',  #1211 ) ;
#36 = CARTESIAN_POINT ( 'NONE',  ( 0.000000000000000000, 0.000000000000000000, 21.00000000000000000 ) ) ;
#37 = AXIS2_PLACEMENT_3D ( 'NONE', #2592, #5035, #4024 ) ;
#38 = DIRECTION ( 'NONE',  ( 0.000000000000000000, 0.000000000000000000, 1.000000000000000000 ) ) ;
#39 = CYLINDRICAL_SURFACE ( 'NONE', #5369, 7.250000000000000000 ) ;
#40 = CARTESIAN_POINT ( 'NONE',  ( 1.228242905208458913, 18.57830103635855323, 9.630950504033302551 ) ) ;
#41 = CARTESIAN_POINT ( 'NONE',  ( -8.645824245239591477, 17.68436061631806666, 9.658275495602527627 ) ) ;
#42 = CARTESIAN_POINT ( 'NONE',  ( 9.887134485620650892, 4.821304463335795987, 8.925829213361817338 ) ) ;
#43 = CARTESIAN_POINT ( 'NONE',  ( -1.400340958979803481E-15, 7.623101125727435701, 60.62500000000000000 ) ) ;
#44 = CARTESIAN_POINT ( 'NONE',  ( 21.05491609863511115, -15.29604075666306606, 9.058421679211720701 ) ) ;
#45 = ADVANCED_FACE ( 'NONE', ( #4852 ), #5393, .T. ) ;
#46 = CARTESIAN_POINT ( 'NONE',  ( -10.44841406800014560, 3.656058208137623833, 7.214285714285715301 ) ) ;
#47 = CARTESIAN_POINT ( 'NONE',  ( 8.418588373621608056, 11.58814066302331725, 8.843057415417662881 ) ) ;
#48 = ORIENTED_EDGE ( 'NONE', *, *, #3989, .F. ) ;
#49 = CARTESIAN_POINT ( 'NONE',  ( 0.7681950981822055491, 10.97316186684857620, 8.925829213361804904 ) ) ;
#50 = CARTESIAN_POINT ( 'NONE',  ( 17.25812244858859756, -1.813223077125575289, 8.932521311116831342 ) ) ;
#51 = ORIENTED_EDGE ( 'NONE', *, *, #640, .T. ) ;
#52 = ORIENTED_EDGE ( 'NONE', *, *, #1482, .T. ) ;
#53 = CARTESIAN_POINT ( 'NONE',  ( 1.946892074167891229, 18.53037402515380450, 8.959518355077154439 ) ) ;
#54 = CARTESIAN_POINT ( 'NONE',  ( 25.10035694886611779, -18.52490647644945199, 5.071428571428571175 ) ) ;
#55 = CARTESIAN_POINT ( 'NONE',  ( -2.566189190698574762, 3.088341009974875373, 34.00000000000000711 ) ) ;
#56 = CARTESIAN_POINT ( 'NONE',  ( -0.7369154813040463825, -14.56011270597102403, 9.483911076193066947 ) ) ;
#57 = CARTESIAN_POINT ( 'NONE',  ( -12.06360715317749488, -5.371626202974547404, 8.797761960110745960 ) ) ;
#58 = B_SPLINE_CURVE_WITH_KNOTS ( 'NONE', 3,
 ( #4019, #4921, #5748, #3079, #2245, #2637, #3108, #4426, #398, #3992, #5778, #3548, #4895, #865, #2692, #2664, #4457, #2219, #5807, #3578, #5361, #1342, #3135, #748, #3564, #3425, #5184, #2072, #2930, #5152, #2008, #2483, #4004, #282, #4715, #2550, #2102, #4334, #1217, #4684, #1130, #2133, #1632, #5216, #3019, #3453, #2959, #1571, #3900, #4747, #1160, #4276, #4805, #716, #654, #2515, #1189 ),
 .UNSPECIFIED., .F., .F.,
 ( 4, 1, 1, 1, 2, 2, 1, 1, 2, 2, 1, 1, 1, 2, 2, 1, 1, 1, 1, 1, 2, 2, 1, 1, 1, 2, 2, 1, 1, 1, 1, 2, 2, 1, 1, 1, 1, 2, 2, 1, 4 ),
 ( 0.1439684925078884015, 0.1974704617261478778, 0.2242214463352774079, 0.2375969386398423810, 0.2442846847921249787, 0.2509724309444075763, 0.3044744001626688013, 0.3312253847717990807, 0.3446008770763642204, 0.3512886232286466792, 0.3579763693809291381, 0.4649803078174423732, 0.4917312924265708762, 0.4984190385788530575, 0.5051067847311352388, 0.5184822770356996013, 0.5719842462539574957, 0.5987352308630863318, 0.6121107231676508054, 0.6187984693199328756, 0.6221423423960739107, 0.6254862154722149459, 0.6789881846904697316, 0.7324901539087242952, 0.7458656462132882137, 0.7492095192894290268, 0.7525533923655698398, 0.7592411385178516881, 0.7859921231269781927, 0.8394940923452316461, 0.8662450769543583728, 0.8729328231066402211, 0.8762766961827812562, 0.8796205692589222913, 0.8929960615634864318, 0.9197470461726149349, 0.9331225384771790754, 0.9364664115533201105, 0.9398102846294611457, 0.9464980307817434380, 1.000000000000000000 ),
 .UNSPECIFIED. ) ;
#59 = CARTESIAN_POINT ( 'NONE',  ( -11.25258646618662617, -16.67821634559988908, 9.668500753904170963 ) ) ;
#60 = CARTESIAN_POINT ( 'NONE',  ( -1.294685104962059796, 7.161769801105905664, 57.49999999999999289 ) ) ;
#61 = CARTESIAN_POINT ( 'NONE',  ( -5.098780407186631614, -7.017869168904328880, 60.37499999999998579 ) ) ;
#62 = CARTESIAN_POINT ( 'NONE',  ( -3.102776200920767558, -2.524436540497639214, 24.00000000000000000 ) ) ;
#63 = AXIS2_PLACEMENT_3D ( 'NONE', #660, #3218, #537 ) ;
#64 = CARTESIAN_POINT ( 'NONE',  ( -7.500000000000000000, 9.184850993605147944E-16, -9.000000000000001776 ) ) ;
#65 = CARTESIAN_POINT ( 'NONE',  ( 6.151857403512755340, 9.118939387438436128, 8.925829213361813785 ) ) ;
#66 = CARTESIAN_POINT ( 'NONE',  ( 1.354676875126150204, 19.63801766603627286, 9.658275495602527627 ) ) ;
#67 = CARTESIAN_POINT ( 'NONE',  ( 19.27994270324096249, -2.025645439665679781, 4.999478381024409224 ) ) ;
#68 = CARTESIAN_POINT ( 'NONE',  ( -9.271244530480155177, 19.13873914899685857, 9.692893076733822610 ) ) ;
#69 = CARTESIAN_POINT ( 'NONE',  ( 7.536949622095288959, -16.92649412647013563, 8.957444811035010446 ) ) ;
#70 = PRESENTATION_STYLE_ASSIGNMENT (( #4515 ) ) ;
#71 = CARTESIAN_POINT ( 'NONE',  ( -14.73870805731509392, -6.562782540362859685, 8.900697539376407619 ) ) ;
#72 = DIRECTION ( 'NONE',  ( -0.5000000000000001110, -0.8660254037844385966, 0.000000000000000000 ) ) ;
#73 = CARTESIAN_POINT ( 'NONE',  ( 24.31050195345279974, -1.900287546584040976, 9.745943207972320721 ) ) ;
#74 = EDGE_CURVE ( 'NONE', #169, #5142, #4926, .T. ) ;
#75 =( BOUNDED_CURVE ( )  B_SPLINE_CURVE ( 2, ( #5528, #2857, #5117, #1501, #4650, #2002, #1093, #174, #1906, #3803, #1564 ),
 .UNSPECIFIED., .F., .T. ) 
 B_SPLINE_CURVE_WITH_KNOTS ( ( 3, 2, 2, 2, 2, 3 ),
 ( 0.000000000000000000, 0.05000000000000004441, 0.1000000000000000888, 0.1500000000000001332, 0.2000000000000001776, 0.2500000000000002220 ),
 .UNSPECIFIED. ) 
 CURVE ( )  GEOMETRIC_REPRESENTATION_ITEM ( )  RATIONAL_B_SPLINE_CURVE ( ( 1.000000000000000000, 0.9510565162951535312, 1.000000000000000000, 0.9510565162951535312, 1.000000000000000000, 0.9510565162951535312, 1.000000000000000000, 0.9510565162951535312, 1.000000000000000000, 0.9510565162951533091, 1.000000000000000222 ) ) 
 REPRESENTATION_ITEM ( '' )  );
#76 = CARTESIAN_POINT ( 'NONE',  ( -15.50000000000012257, 26.84678751731752300, 4.000000000000000000 ) ) ;
#77 = CARTESIAN_POINT ( 'NONE',  ( 10.19935847181320021, 14.03936092353746012, 8.932521311116831342 ) ) ;
#78 = EDGE_LOOP ( 'NONE', ( #4733, #3447, #2573, #2899 ) ) ;
#79 = CARTESIAN_POINT ( 'NONE',  ( -5.742052567068570923, -9.382368161451624999, 9.244236608254535525 ) ) ;
#80 = CARTESIAN_POINT ( 'NONE',  ( 15.87738363303157385, -1.668155878111943657, 8.895901432997588287 ) ) ;
#81 = ORIENTED_EDGE ( 'NONE', *, *, #817, .F. ) ;
#82 = EDGE_LOOP ( 'NONE', ( #2469, #1404, #3949, #4116 ) ) ;
#83 = CARTESIAN_POINT ( 'NONE',  ( -27.85270684142198760, 2.868797113797222131, 9.140768878993270619 ) ) ;
#84 = CARTESIAN_POINT ( 'NONE',  ( -4.209845712841023158, 5.208333333333332149, 44.00000000000000711 ) ) ;
#85 = ORIENTED_EDGE ( 'NONE', *, *, #5414, .F. ) ;
#86 = CARTESIAN_POINT ( 'NONE',  ( 8.250000000000000000, 0.000000000000000000, 58.74999999999999289 ) ) ;
#87 = AXIS2_PLACEMENT_3D ( 'NONE', #2787, #3222, #5372 ) ;
#88 = CARTESIAN_POINT ( 'NONE',  ( -10.04882600167078444, -4.474493936541334982, 4.999478381024408336 ) ) ;
#89 = CARTESIAN_POINT ( 'NONE',  ( 2.804219591217579133, -4.857050807568877637, 39.00000000000000711 ) ) ;
#90 = CARTESIAN_POINT ( 'NONE',  ( -8.533159899603017351, -13.05469992497606313, 9.528853671068434394 ) ) ;
#91 = LINE ( 'NONE', #3682, #1265 ) ;
#92 = CARTESIAN_POINT ( 'NONE',  ( 2.549390203593314919, 7.846216259435018436, 61.74999999999998579 ) ) ;
#93 = CARTESIAN_POINT ( 'NONE',  ( 5.371626202974593589, -12.06360715317748245, 8.797761960110745960 ) ) ;
#94 = LINE ( 'NONE', #4950, #2466 ) ;
#95 = EDGE_CURVE ( 'NONE', #4991, #5155, #2256, .T. ) ;
#96 = CARTESIAN_POINT ( 'NONE',  ( -0.7143090234273420380, 3.951321269575671646, 33.99999999999999289 ) ) ;
#97 = DIRECTION ( 'NONE',  ( 1.000000000000000000, 0.000000000000000000, 0.000000000000000000 ) ) ;
#98 = ADVANCED_FACE ( 'NONE', ( #489 ), #1868, .T. ) ;
#99 = CARTESIAN_POINT ( 'NONE',  ( 0.000000000000000000, 0.000000000000000000, 21.00000000000000000 ) ) ;
#100 = CARTESIAN_POINT ( 'NONE',  ( 0.000000000000000000, 0.000000000000000000, -4.000000000000000000 ) ) ;
#101 = LINE ( 'NONE', #5073, #1361 ) ;
#102 = CARTESIAN_POINT ( 'NONE',  ( 4.611367978953603952, -10.35621795612472162, 8.697288872700685403 ) ) ;
#103 = CARTESIAN_POINT ( 'NONE',  ( -5.098780407186631614, -7.017869168904328880, 62.62500000000000711 ) ) ;
#104 = CARTESIAN_POINT ( 'NONE',  ( -15.13711721369631391, -6.740184293980039598, 8.912760710018204691 ) ) ;
#105 = CARTESIAN_POINT ( 'NONE',  ( 21.08463700651437023, -15.31763249400918170, 9.058750113913898616 ) ) ;
#106 = CARTESIAN_POINT ( 'NONE',  ( 18.02311594096771685, -1.161595115535617673, 9.615340244562171179 ) ) ;
#107 = CARTESIAN_POINT ( 'NONE',  ( -26.98396071149845454, 2.835067396241412130, 9.067943206606473794 ) ) ;
#108 = ORIENTED_EDGE ( 'NONE', *, *, #4228, .T. ) ;
#109 = CARTESIAN_POINT ( 'NONE',  ( -1.149387582711130618, -10.93978556392717572, 10.00049293681678542 ) ) ;
#110 = ORIENTED_EDGE ( 'NONE', *, *, #207, .T. ) ;
#111 = VERTEX_POINT ( 'NONE', #3589 ) ;
#112 = CARTESIAN_POINT ( 'NONE',  ( 3.608439182435160042, 6.249999999999999112, 44.00000000000000711 ) ) ;
#113 =( BOUNDED_CURVE ( )  B_SPLINE_CURVE ( 2, ( #3692, #5480, #3247, #5036, #1016, #2813, #4602 ),
 .UNSPECIFIED., .F., .F. ) 
 B_SPLINE_CURVE_WITH_KNOTS ( ( 3, 2, 2, 3 ),
 ( 0.01666172618599911712, 0.03571428571428571230, 0.07142857142857142461, 0.08740979427194937867 ),
 .UNSPECIFIED. ) 
 CURVE ( )  GEOMETRIC_REPRESENTATION_ITEM ( )  RATIONAL_B_SPLINE_CURVE ( ( 0.9968701940290738417, 0.9966456421313096836, 1.000000000000000000, 0.9937122098932426040, 1.000000000000000000, 0.9971863759031226460, 0.9968908004128682609 ) ) 
 REPRESENTATION_ITEM ( '' )  );
#114 = ORIENTED_EDGE ( 'NONE', *, *, #3776, .F. ) ;
#115 =( BOUNDED_CURVE ( )  B_SPLINE_CURVE ( 2, ( #626, #379, #3587, #352, #434, #908, #2596, #5789, #5759, #1707, #1291 ),
 .UNSPECIFIED., .F., .T. ) 
 B_SPLINE_CURVE_WITH_KNOTS ( ( 3, 2, 2, 2, 2, 3 ),
 ( 0.2500000000000002220, 0.3000000000000002665, 0.3500000000000003109, 0.4000000000000003553, 0.4500000000000003997, 0.5000000000000004441 ),
 .UNSPECIFIED. ) 
 CURVE ( )  GEOMETRIC_REPRESENTATION_ITEM ( )  RATIONAL_B_SPLINE_CURVE ( ( 0.9999999999999997780, 0.9510565162951537532, 1.000000000000000000, 0.9510565162951535312, 1.000000000000000000, 0.9510565162951535312, 1.000000000000000000, 0.9510565162951535312, 1.000000000000000000, 0.9510565162951530871, 1.000000000000000444 ) ) 
 REPRESENTATION_ITEM ( '' )  );
#116 = CARTESIAN_POINT ( 'NONE',  ( 0.000000000000000000, 0.000000000000000000, 64.75000000000000000 ) ) ;
#117 = CARTESIAN_POINT ( 'NONE',  ( -2.640982903306009266, -27.87523067493198781, 9.405155380086270611 ) ) ;
#118 = ORIENTED_EDGE ( 'NONE', *, *, #5271, .T. ) ;
#119 = CARTESIAN_POINT ( 'NONE',  ( 8.249999999999998224, 2.680587493921479325, 58.87499999999998579 ) ) ;
#120 = CARTESIAN_POINT ( 'NONE',  ( 6.014065304058598294, 2.083333333333335258, 44.00000000000000711 ) ) ;
#121 = FACE_OUTER_BOUND ( 'NONE', #688, .T. ) ;
#122 = CARTESIAN_POINT ( 'NONE',  ( -9.058903948310561560, 6.239997633611160666, 8.855776607805371015 ) ) ;
#123 = CARTESIAN_POINT ( 'NONE',  ( -9.910657546926641359, 4.772721130293069436, 8.285714285714284699 ) ) ;
#124 = CARTESIAN_POINT ( 'NONE',  ( 5.311638120268220408E-16, -8.674563349965705328, 62.87500000000002132 ) ) ;
#125 = CARTESIAN_POINT ( 'NONE',  ( 13.18718657259297977, -28.14898433153056345, 9.817307459269112968 ) ) ;
#126 = EDGE_CURVE ( 'NONE', #4553, #2444, #2635, .T. ) ;
#127 = CARTESIAN_POINT ( 'NONE',  ( -11.38962092937785542, 25.57882982243475567, 9.074663436463128008 ) ) ;
#128 = CARTESIAN_POINT ( 'NONE',  ( 11.59124692932882894, -24.49262724294515792, 9.779827166081952683 ) ) ;
#129 = VECTOR ( 'NONE', #3617, 1000.000000000000000 ) ;
#130 = CARTESIAN_POINT ( 'NONE',  ( -3.642734410091835073, -1.690598923241496854, 34.00000000000000000 ) ) ;
#131 = CARTESIAN_POINT ( 'NONE',  ( 11.53812636283187132, 6.036515755256058213, 9.397411250737828681 ) ) ;
#132 = VECTOR ( 'NONE', #4378, 1000.000000000000114 ) ;
#133 = LINE ( 'NONE', #984, #5805 ) ;
#134 = CARTESIAN_POINT ( 'NONE',  ( -1.787797670336903177, -23.33626447297689666, 9.730842690680061580 ) ) ;
#135 = CARTESIAN_POINT ( 'NONE',  ( 5.469810905230285236, -12.28411052249331625, 8.807460931324802900 ) ) ;
#136 = CARTESIAN_POINT ( 'NONE',  ( 30.22276527763652965, -6.898148952645746235, 6.142857142857142350 ) ) ;
#137 = CARTESIAN_POINT ( 'NONE',  ( 11.14767300135422090, -8.098596060504862137, 8.821446984288812132 ) ) ;
#138 = CARTESIAN_POINT ( 'NONE',  ( 25.98215683556274413, -2.091458626791142805, 9.767761934507692700 ) ) ;
#139 = CARTESIAN_POINT ( 'NONE',  ( -14.24491838361645790, 1.496641064048906733, 8.843057415417666434 ) ) ;
#140 = ORIENTED_EDGE ( 'NONE', *, *, #1744, .F. ) ;
#141 = CARTESIAN_POINT ( 'NONE',  ( 6.674390203593317139, -4.849228331412903437, 60.99999999999998579 ) ) ;
#142 = ORIENTED_EDGE ( 'NONE', *, *, #2511, .T. ) ;
#143 = ORIENTED_EDGE ( 'NONE', *, *, #5164, .F. ) ;
#144 = CARTESIAN_POINT ( 'NONE',  ( 6.413743293498137099, 10.26135039757871859, 9.334463155791651090 ) ) ;
#145 = ORIENTED_EDGE ( 'NONE', *, *, #1258, .T. ) ;
#146 = DIRECTION ( 'NONE',  ( 0.000000000000000000, 0.7071067811865435759, -0.7071067811865514585 ) ) ;
#147 = ORIENTED_EDGE ( 'NONE', *, *, #2221, .T. ) ;
#148 = CARTESIAN_POINT ( 'NONE',  ( -7.216878364870322748, 0.000000000000000000, 44.00000000000000711 ) ) ;
#149 = CARTESIAN_POINT ( 'NONE',  ( -5.742052567068570923, -9.382368161451624999, 9.244236608254535525 ) ) ;
#150 = CARTESIAN_POINT ( 'NONE',  ( -9.975713657391120037, -5.383917681664974531, 9.274755408069175644 ) ) ;
#151 = CARTESIAN_POINT ( 'NONE',  ( -16.45710596061846331, -22.65311597553360201, 4.999478381024408336 ) ) ;
#152 = CARTESIAN_POINT ( 'NONE',  ( -10.93750730239913871, -16.25651817882619810, 9.656074444160088532 ) ) ;
#153 = FACE_OUTER_BOUND ( 'NONE', #220, .T. ) ;
#154 = CARTESIAN_POINT ( 'NONE',  ( 5.098780407186630725, 7.017869168904329769, 59.12499999999997868 ) ) ;
#155 = CARTESIAN_POINT ( 'NONE',  ( 12.81965128035282930, -27.30854136304680679, 9.809850538807884490 ) ) ;
#156 = CARTESIAN_POINT ( 'NONE',  ( 12.42456991678806055, -8.056993786556084558, 9.494005665049337850 ) ) ;
#157 = CARTESIAN_POINT ( 'NONE',  ( 6.120837095352203328, 9.139768407420463703, 8.950348815923259593 ) ) ;
#158 = CARTESIAN_POINT ( 'NONE',  ( 10.30193064697445138, 5.519755805799026582, 9.303692016028184852 ) ) ;
#159 = CARTESIAN_POINT ( 'NONE',  ( 30.83030477106746048, -3.239183187640787054, 10.00049293681678542 ) ) ;
#160 = CARTESIAN_POINT ( 'NONE',  ( -6.758772438700918705, -10.71398111257887642, 9.374522705705647496 ) ) ;
#161 = CARTESIAN_POINT ( 'NONE',  ( 8.457667427328871668, -18.99424372064749988, 8.997110467374632492 ) ) ;
#162 = CARTESIAN_POINT ( 'NONE',  ( 23.01130462952471234, -15.95242489830978805, 9.789321067969931178 ) ) ;
#163 = EDGE_CURVE ( 'NONE', #5119, #3264, #3384, .T. ) ;
#164 = CARTESIAN_POINT ( 'NONE',  ( -17.42538032758706734, -7.759091321190282997, 8.968104430231894852 ) ) ;
#165 = CARTESIAN_POINT ( 'NONE',  ( 6.142838864434754242, -11.79154164372658897, 9.413923788595456088 ) ) ;
#166 = CARTESIAN_POINT ( 'NONE',  ( -9.892050322695844500, 20.57779878668111095, 9.722190541089178240 ) ) ;
#167 = CARTESIAN_POINT ( 'NONE',  ( -13.37325722799008076, 1.405060063420136451, 8.807460931324808229 ) ) ;
#168 = CARTESIAN_POINT ( 'NONE',  ( -8.249999999999998224, -2.680587493921477993, 60.12499999999999289 ) ) ;
#169 = VERTEX_POINT ( 'NONE', #1431 ) ;
#170 = ORIENTED_EDGE ( 'NONE', *, *, #4119, .T. ) ;
#171 = DIRECTION ( 'NONE',  ( 1.000000000000000000, 0.000000000000000000, -0.000000000000000000 ) ) ;
#172 = ORIENTED_EDGE ( 'NONE', *, *, #3077, .T. ) ;
#173 = AXIS2_PLACEMENT_3D ( 'NONE', #5223, #1196, #2999 ) ;
#174 = CARTESIAN_POINT ( 'NONE',  ( -4.480746418436736711, -6.167218360552287670, 61.62499999999999289 ) ) ;
#175 = B_SPLINE_CURVE_WITH_KNOTS ( 'NONE', 3,
 ( #1788, #2670, #5340, #3495, #1317, #3997, #4025, #3939, #5815, #1348, #3114, #1731, #4464, #4901, #871, #3060, #5727, #3585, #5702, #1670, #5286, #3141, #4377, #4929, #906, #2698, #1758, #4491, #457, #3030, #4432, #405, #2196, #348, #2169, #3464, #375, #5784, #2252, #2618, #5258, #1230, #1287, #4818, #1702, #788, #1260, #3972, #4847, #3527, #5756, #5313, #3086, #815, #4406, #4873, #843 ),
 .UNSPECIFIED., .F., .F.,
 ( 4, 1, 1, 1, 2, 2, 1, 1, 2, 2, 1, 1, 1, 2, 2, 1, 1, 1, 1, 1, 2, 2, 1, 1, 1, 2, 2, 1, 1, 1, 1, 2, 2, 1, 1, 1, 1, 2, 2, 1, 4 ),
 ( 0.1439684925078884292, 0.1974704617261428263, 0.2242214463352699694, 0.2375969386398338046, 0.2442846847921156805, 0.2509724309443975288, 0.3044744001626507046, 0.3312253847717775423, 0.3446008770763412388, 0.3512886232286230870, 0.3579763693809048242, 0.4649803078174158388, 0.4917312924265432317, 0.4984190385788253019, 0.5051067847311073722, 0.5184822770356720678, 0.5719842462539311834, 0.5987352308630609077, 0.6121107231676256033, 0.6187984693199078956, 0.6221423423960491528, 0.6254862154721902989, 0.6789881846904465279, 0.7324901539087026459, 0.7458656462132666753, 0.7492095192894079325, 0.7525533923655490787, 0.7592411385178313710, 0.7859921231269603181, 0.8394940923452182124, 0.8662450769543471596, 0.8729328231066295629, 0.8762766961827708201, 0.8796205692589120773, 0.8929960615634775500, 0.9197470461726082736, 0.9331225384771737463, 0.9364664115533150035, 0.9398102846294562607, 0.9464980307817389971, 1.000000000000000000 ),
 .UNSPECIFIED. ) ;
#176 = CARTESIAN_POINT ( 'NONE',  ( 9.139768407420435281, -6.120837095352252177, 8.950348815923280910 ) ) ;
#177 = ORIENTED_EDGE ( 'NONE', *, *, #3685, .T. ) ;
#178 = CARTESIAN_POINT ( 'NONE',  ( 26.84678751731757984, 15.50000000000003197, 4.000000000000000000 ) ) ;
#179 = CARTESIAN_POINT ( 'NONE',  ( -5.854395717864607995, -9.313613675350392640, 9.158627922748946659 ) ) ;
#180 = CARTESIAN_POINT ( 'NONE',  ( -14.40984710608419128, -7.247975793957387225, 9.550102190098641586 ) ) ;
#181 = AXIS2_PLACEMENT_3D ( 'NONE', #4234, #201, #2379 ) ;
#182 = DIRECTION ( 'NONE',  ( -0.000000000000000000, 0.000000000000000000, -1.000000000000000000 ) ) ;
#183 = CARTESIAN_POINT ( 'NONE',  ( -8.855305761539883136, -13.48185471662388935, 9.550102190098646915 ) ) ;
#184 = CARTESIAN_POINT ( 'NONE',  ( 2.522070504394314572, 6.826881907277098094, 57.50000000000000000 ) ) ;
#185 = CARTESIAN_POINT ( 'NONE',  ( -5.098780407186631614, -7.017869168904328880, 62.62500000000000711 ) ) ;
#186 = CARTESIAN_POINT ( 'NONE',  ( -3.102776200920767558, -2.524436540497639214, 24.00000000000000000 ) ) ;
#187 = CARTESIAN_POINT ( 'NONE',  ( 18.00670529405385523, -12.24312635372294089, 9.702929324004889722 ) ) ;
#188 = PLANE ( 'NONE',  #486 ) ;
#189 = EDGE_CURVE ( 'NONE', #2737, #2075, #5425, .T. ) ;
#190 = CARTESIAN_POINT ( 'NONE',  ( 13.91728321009897584, 7.039121824010452499, 9.528853671068430842 ) ) ;
#191 = CYLINDRICAL_SURFACE ( 'NONE', #63, 7.500000000000000000 ) ;
#192 = AXIS2_PLACEMENT_3D ( 'NONE', #3477, #3951, #4416 ) ;
#193 = CARTESIAN_POINT ( 'NONE',  ( -1.807051521814650563, -23.50287507785682095, 9.733462124878718313 ) ) ;
#194 = CARTESIAN_POINT ( 'NONE',  ( -4.000000000000000000, 0.000000000000000000, 34.00000000000000000 ) ) ;
#195 = CARTESIAN_POINT ( 'NONE',  ( 0.9066327476823961007, 15.92846901835822493, 9.543886106340938369 ) ) ;
#196 = CARTESIAN_POINT ( 'NONE',  ( -2.549390203593317583, 7.846216259435016660, 59.25000000000001421 ) ) ;
#197 = CARTESIAN_POINT ( 'NONE',  ( -12.23293117180793033, 0.4417348982476385078, 9.344654686358291329 ) ) ;
#198 = CARTESIAN_POINT ( 'NONE',  ( 10.98277185188051419, -7.978798161935514166, 8.812913050800611714 ) ) ;
#199 = CARTESIAN_POINT ( 'NONE',  ( -6.641868825734092319, 12.97788522598755279, 9.483911076193066947 ) ) ;
#200 = CARTESIAN_POINT ( 'NONE',  ( 9.572488027055868542, -6.954250794379594147, 8.728034140222046489 ) ) ;
#201 = DIRECTION ( 'NONE',  ( -0.6123724356957911397, 0.3535533905932718990, -0.7071067811865515695 ) ) ;
#202 = VERTEX_POINT ( 'NONE', #4546 ) ;
#203 = EDGE_CURVE ( 'NONE', #1560, #5462, #1624, .T. ) ;
#204 = ORIENTED_EDGE ( 'NONE', *, *, #27, .T. ) ;
#205 = CARTESIAN_POINT ( 'NONE',  ( 11.16601230793426502, 4.971949395769198254, 8.748585655624683710 ) ) ;
#206 = ORIENTED_EDGE ( 'NONE', *, *, #665, .F. ) ;
#207 = EDGE_CURVE ( 'NONE', #3915, #3456, #1054, .T. ) ;
#208 = CARTESIAN_POINT ( 'NONE',  ( -1.294685104962054689, -7.161769801105906552, 57.50000000000002132 ) ) ;
#209 = CARTESIAN_POINT ( 'NONE',  ( -7.250000000000000000, 8.878689293818310074E-16, 36.99390334559012672 ) ) ;
#210 = ORIENTED_EDGE ( 'NONE', *, *, #1744, .T. ) ;
#211 = CARTESIAN_POINT ( 'NONE',  ( -22.71683810606887732, 15.73496791596207345, 9.785582408824417655 ) ) ;
#212 = CARTESIAN_POINT ( 'NONE',  ( 3.608439182435160042, 6.249999999999998224, 44.00000000000000711 ) ) ;
#213 = ADVANCED_FACE ( 'NONE', ( #5032 ), #2725, .T. ) ;
#214 = EDGE_CURVE ( 'NONE', #4525, #3203, #5803, .T. ) ;
#215 = CARTESIAN_POINT ( 'NONE',  ( 5.742052567068637536, 9.382368161451585920, 9.244236608254535525 ) ) ;
#216 = CARTESIAN_POINT ( 'NONE',  ( 12.22066387408951371, 16.82167670915061564, 8.997110467374628939 ) ) ;
#217 = EDGE_CURVE ( 'NONE', #4525, #3456, #2358, .T. ) ;
#218 = DIRECTION ( 'NONE',  ( -1.000000000000000000, 0.000000000000000000, 0.000000000000000000 ) ) ;
#219 = CARTESIAN_POINT ( 'NONE',  ( -25.57882982243471304, -11.38962092937794601, 9.845359688719304003 ) ) ;
#220 = EDGE_LOOP ( 'NONE', ( #2932, #2567, #4622, #4500, #1635 ) ) ;
#221 = CARTESIAN_POINT ( 'NONE',  ( 19.50964990160090551, -13.36025527174383143, 9.734601941943550329 ) ) ;
#222 = CARTESIAN_POINT ( 'NONE',  ( -1.403460431670835848E-15, 1.019590287732953401E-15, 24.66837655001592822 ) ) ;
#223 = CARTESIAN_POINT ( 'NONE',  ( -1.280011304079117451, -19.01079789254686148, 9.642623109992770836 ) ) ;
#224 = DIRECTION ( 'NONE',  ( 0.8660254037844387076, -0.5000000000000001110, 0.000000000000000000 ) ) ;
#225 = CARTESIAN_POINT ( 'NONE',  ( -8.946130845441164325, 5.408039274635009441, 9.194114427929031663 ) ) ;
#226 = CARTESIAN_POINT ( 'NONE',  ( 5.311638120268220408E-16, -8.674563349965705328, 60.37500000000000000 ) ) ;
#227 = CARTESIAN_POINT ( 'NONE',  ( -12.38032881476995684, 0.4606749594394423664, 9.355217637996819491 ) ) ;
#228 = CARTESIAN_POINT ( 'NONE',  ( 7.247975793957438739, -14.40984710608416997, 9.550102190098638033 ) ) ;
#229 = VECTOR ( 'NONE', #4246, 1000.000000000000114 ) ;
#230 = CARTESIAN_POINT ( 'NONE',  ( -5.220254006911432043, 9.582304512035822341, 9.237924718603887086 ) ) ;
#231 = B_SPLINE_CURVE_WITH_KNOTS ( 'NONE', 3,
 ( #1282, #5362, #3080, #5333, #4868, #838, #4507, #4427, #399, #866 ),
 .UNSPECIFIED., .F., .F.,
 ( 4, 3, 3, 4 ),
 ( 0.000000000000000000, 0.005031637882900890681, 0.01006327576580177963, 0.01700000035875126603 ),
 .UNSPECIFIED. ) ;
#232 =( GEOMETRIC_REPRESENTATION_CONTEXT ( 3 ) GLOBAL_UNCERTAINTY_ASSIGNED_CONTEXT ( ( #4788 ) ) GLOBAL_UNIT_ASSIGNED_CONTEXT ( ( #1398, #5515, #1866 ) ) REPRESENTATION_CONTEXT ( 'NONE', 'WORKASPACE' ) );
#233 = CARTESIAN_POINT ( 'NONE',  ( 22.92206408260091166, -16.65249221567950144, 9.077380910921631241 ) ) ;
#234 = CARTESIAN_POINT ( 'NONE',  ( 2.240373209218368800, -6.895159743139863018, 64.25000000000000000 ) ) ;
#235 = VERTEX_POINT ( 'NONE', #4572 ) ;
#236 = ORIENTED_EDGE ( 'NONE', *, *, #2001, .F. ) ;
#237 = CARTESIAN_POINT ( 'NONE',  ( 10.93750730239925240, 16.25651817882611994, 9.656074444160086756 ) ) ;
#238 = ORIENTED_EDGE ( 'NONE', *, *, #5245, .T. ) ;
#239 = EDGE_CURVE ( 'NONE', #5428, #2130, #1894, .T. ) ;
#240 = CARTESIAN_POINT ( 'NONE',  ( 6.674390203593315363, 4.849228331412905213, 58.75000000000001421 ) ) ;
#241 = CARTESIAN_POINT ( 'NONE',  ( -1.149387582711131506, -10.93978556392717394, 4.999478381024407447 ) ) ;
#242 = VERTEX_POINT ( 'NONE', #2372 ) ;
#243 = CARTESIAN_POINT ( 'NONE',  ( -14.43594255885746236, 9.573495166217213637, 9.593051699102415952 ) ) ;
#244 = CARTESIAN_POINT ( 'NONE',  ( -17.72766643412893472, -8.664410710382517422, 9.659401114105772734 ) ) ;
#245 = CARTESIAN_POINT ( 'NONE',  ( 10.79984043935069415, -24.25429980685799336, 9.063038290305440725 ) ) ;
#246 = CARTESIAN_POINT ( 'NONE',  ( 12.09346176818578655, -0.4237894267321273833, 9.334463155791649314 ) ) ;
#247 = CARTESIAN_POINT ( 'NONE',  ( -6.521224081330500688, 14.64537600018510055, 4.999478381024409224 ) ) ;
#248 = CARTESIAN_POINT ( 'NONE',  ( 14.72904305650394186, 20.27444687820845814, 9.049481907957815707 ) ) ;
#249 = CARTESIAN_POINT ( 'NONE',  ( -25.57882982243472014, -11.38962092937794957, 9.074671307245079532 ) ) ;
#250 = DIRECTION ( 'NONE',  ( -1.000000000000000000, 0.000000000000000000, 0.000000000000000000 ) ) ;
#251 = ORIENTED_EDGE ( 'NONE', *, *, #628, .F. ) ;
#252 = CARTESIAN_POINT ( 'NONE',  ( 19.40104171647777420, -13.27962574668525697, 9.732501247234315755 ) ) ;
#253 = CARTESIAN_POINT ( 'NONE',  ( 16.18927381799812082, 8.005587091518114207, 9.615340244562171179 ) ) ;
#254 = CARTESIAN_POINT ( 'NONE',  ( -20.34885910458349656, 23.64580326534710508, 7.214285714285715301 ) ) ;
#255 = CARTESIAN_POINT ( 'NONE',  ( -7.224311572658327130, -11.32612694102899020, 9.422071066585941068 ) ) ;
#256 = CARTESIAN_POINT ( 'NONE',  ( 10.44841406800012074, -3.656058208137697108, 7.214285714285715301 ) ) ;
#257 = CARTESIAN_POINT ( 'NONE',  ( -10.04372994222139326, 6.247847843178744753, 9.315460168994839307 ) ) ;
#258 = CARTESIAN_POINT ( 'NONE',  ( -8.250000000000000000, -1.010333609296566550E-15, 59.75000000000001421 ) ) ;
#259 = CARTESIAN_POINT ( 'NONE',  ( -14.51774293525407522, -6.464392231018785573, 8.893807934287657702 ) ) ;
#260 = CARTESIAN_POINT ( 'NONE',  ( 8.396876639809686793, -17.10383957319680448, 9.642623109992770836 ) ) ;
#261 = CARTESIAN_POINT ( 'NONE',  ( -9.313613675350378429, 5.854395717864631976, 9.158627922748969752 ) ) ;
#262 = CARTESIAN_POINT ( 'NONE',  ( -12.32728949066233959, 1.295165557520020272, 8.757739689660130722 ) ) ;
#263 = CARTESIAN_POINT ( 'NONE',  ( 8.250000000000000000, 0.000000000000000000, 58.74999999999999289 ) ) ;
#264 = ORIENTED_EDGE ( 'NONE', *, *, #3100, .F. ) ;
#265 = VECTOR ( 'NONE', #4969, 1000.000000000000000 ) ;
#266 = ORIENTED_EDGE ( 'NONE', *, *, #3596, .F. ) ;
#267 = CARTESIAN_POINT ( 'NONE',  ( 0.000000000000000000, -0.07499999999997786215, 44.75000000000000000 ) ) ;
#268 = ORIENTED_EDGE ( 'NONE', *, *, #1884, .T. ) ;
#269 = EDGE_CURVE ( 'NONE', #1741, #111, #3694, .T. ) ;
#270 = CARTESIAN_POINT ( 'NONE',  ( -6.674390203593315363, -4.849228331412904325, 62.50000000000001421 ) ) ;
#271 = CARTESIAN_POINT ( 'NONE',  ( -28.00000000000000000, 1.156747272036742880, 9.394389863003764773 ) ) ;
#272 = ORIENTED_EDGE ( 'NONE', *, *, #3877, .F. ) ;
#273 = EDGE_CURVE ( 'NONE', #968, #2886, #5524, .T. ) ;
#274 = CARTESIAN_POINT ( 'NONE',  ( -10.97569017320867246, 0.7309162132909005072, 8.950348815923232948 ) ) ;
#275 = DIRECTION ( 'NONE',  ( -0.1531164347273663295, -0.2652054444216021545, -0.9519566322398939073 ) ) ;
#276 = EDGE_CURVE ( 'NONE', #4886, #4763, #1110, .T. ) ;
#277 = B_SPLINE_CURVE_WITH_KNOTS ( 'NONE', 1,
 ( #2043, #310 ),
 .UNSPECIFIED., .F., .F.,
 ( 2, 2 ),
 ( 0.000000000000000000, 1.000000000000000000 ),
 .UNSPECIFIED. ) ;
#278 = CARTESIAN_POINT ( 'NONE',  ( 11.17982211601640152, -23.54693717810427955, 9.767761934507690924 ) ) ;
#279 = CARTESIAN_POINT ( 'NONE',  ( 0.000000000000000000, 0.000000000000000000, 4.000000000000000000 ) ) ;
#280 = CARTESIAN_POINT ( 'NONE',  ( -19.77731944706066614, 14.36788837830567367, 9.043200165331587215 ) ) ;
#281 =( BOUNDED_CURVE ( )  B_SPLINE_CURVE ( 2, ( #490, #2284, #5820, #46, #5426, #3590, #1325 ),
 .UNSPECIFIED., .F., .T. ) 
 B_SPLINE_CURVE_WITH_KNOTS ( ( 3, 2, 2, 3 ),
 ( 0.01666172618599907895, 0.03571428571428571230, 0.07142857142857142461, 0.08333888588391054342 ),
 .UNSPECIFIED. ) 
 CURVE ( )  GEOMETRIC_REPRESENTATION_ITEM ( )  RATIONAL_B_SPLINE_CURVE ( ( 0.9968701940290738417, 0.9966456421313096836, 1.000000000000000000, 0.9937122098932426040, 1.000000000000000000, 0.9979030923927818542, 0.9972047752087662698 ) ) 
 REPRESENTATION_ITEM ( '' )  );
#282 = CARTESIAN_POINT ( 'NONE',  ( -9.482704326415822393, -13.05289042812477263, 8.900697539376409395 ) ) ;
#283 = DIRECTION ( 'NONE',  ( -0.1044897802464769682, -0.9945259603570150153, 0.000000000000000000 ) ) ;
#284 = CARTESIAN_POINT ( 'NONE',  ( 13.45039591264420409, 27.93003490497504160, 8.285714285714284699 ) ) ;
#285 = ORIENTED_EDGE ( 'NONE', *, *, #3331, .F. ) ;
#286 = CARTESIAN_POINT ( 'NONE',  ( 4.811252243246879168, -4.166666666666668739, 44.00000000000000711 ) ) ;
#287 = CARTESIAN_POINT ( 'NONE',  ( 6.500000000000005329, 0.000000000000000000, -64.00000000000000000 ) ) ;
#288 = FACE_OUTER_BOUND ( 'NONE', #4523, .T. ) ;
#289 = VECTOR ( 'NONE', #72, 1000.000000000000114 ) ;
#290 = EDGE_CURVE ( 'NONE', #4061, #330, #2241, .T. ) ;
#291 = CARTESIAN_POINT ( 'NONE',  ( -4.480746418436736711, -6.167218360552288559, 59.12499999999998579 ) ) ;
#292 = EDGE_CURVE ( 'NONE', #5219, #884, #2087, .T. ) ;
#293 = CARTESIAN_POINT ( 'NONE',  ( 10.25000000000000000, 0.000000000000000000, 4.000000000000000000 ) ) ;
#294 = FACE_OUTER_BOUND ( 'NONE', #706, .T. ) ;
#295 = CARTESIAN_POINT ( 'NONE',  ( -5.899193599809457567, 11.21025918660256515, 9.374522705705649273 ) ) ;
#296 = CARTESIAN_POINT ( 'NONE',  ( 25.04483290843433707, 11.15184529733583751, 9.070458438625532693 ) ) ;
#297 = EDGE_LOOP ( 'NONE', ( #579, #2119, #3893, #4909, #1654 ) ) ;
#298 = CARTESIAN_POINT ( 'NONE',  ( -7.250000000000000000, 8.878689293818310074E-16, 57.50000000000000000 ) ) ;
#299 = CARTESIAN_POINT ( 'NONE',  ( 9.377335178048065600, 12.90785037406341651, 8.896083650334510651 ) ) ;
#300 = CARTESIAN_POINT ( 'NONE',  ( -17.73040482578394972, -24.40580487072162441, 9.089868230524976056 ) ) ;
#301 = CARTESIAN_POINT ( 'NONE',  ( 0.06495190528381297734, 0.03749999999998850780, 44.75000000000000000 ) ) ;
#302 = ORIENTED_EDGE ( 'NONE', *, *, #3225, .F. ) ;
#303 = DIRECTION ( 'NONE',  ( 0.000000000000000000, 0.000000000000000000, -1.000000000000000000 ) ) ;
#304 = CARTESIAN_POINT ( 'NONE',  ( -22.69782641230630915, -10.81073441407807678, 9.756333960009659023 ) ) ;
#305 = CARTESIAN_POINT ( 'NONE',  ( 9.752901008472667499, -20.25529308040002263, 9.715715572878977468 ) ) ;
#306 = CARTESIAN_POINT ( 'NONE',  ( 27.85270684142196629, -2.868797113797417531, 9.140768878993267066 ) ) ;
#307 = CARTESIAN_POINT ( 'NONE',  ( -15.43226035822764963, 11.21127637370089403, 8.968104430231891300 ) ) ;
#308 = VECTOR ( 'NONE', #3243, 999.9999999999998863 ) ;
#309 = CARTESIAN_POINT ( 'NONE',  ( 15.43665420499212360, 21.24846973803822436, 9.060546209440230925 ) ) ;
#310 = CARTESIAN_POINT ( 'NONE',  ( 3.102776200920766225, 2.524436540497640991, 24.00000000000000000 ) ) ;
#311 = CARTESIAN_POINT ( 'NONE',  ( -3.102776200920767558, -2.524436540497639214, 24.00000000000000000 ) ) ;
#312 = VERTEX_POINT ( 'NONE', #3933 ) ;
#313 = CARTESIAN_POINT ( 'NONE',  ( 27.84672688999641821, -2.925713846901357051, 9.845359688719304003 ) ) ;
#314 =( BOUNDED_CURVE ( )  B_SPLINE_CURVE ( 2, ( #2540, #676, #1181, #5234, #767, #4353, #5648, #5292, #270, #328, #2093, #2033, #4386, #5620, #738, #1592, #795, #1652, #3445, #3919, #1206, #4266, #2063, #3416, #5206, #1152, #3385, #2983, #5734, #5680, #707, #5708, #3474, #5265, #1268, #4767, #5176, #1237, #240, #3038, #4825 ),
 .UNSPECIFIED., .F., .T. ) 
 B_SPLINE_CURVE_WITH_KNOTS ( ( 3, 2, 2, 2, 2, 2, 2, 2, 2, 2, 2, 2, 2, 2, 2, 2, 2, 2, 2, 2, 3 ),
 ( 0.000000000000000000, 0.05000000000000000278, 0.1000000000000000056, 0.1499999999999999944, 0.2000000000000000111, 0.2500000000000000000, 0.2999999999999999889, 0.3499999999999999778, 0.4000000000000000222, 0.4500000000000000111, 0.5000000000000000000, 0.5500000000000000444, 0.5999999999999999778, 0.6500000000000000222, 0.6999999999999999556, 0.7500000000000000000, 0.8000000000000000444, 0.8499999999999999778, 0.9000000000000000222, 0.9499999999999999556, 1.000000000000000000 ),
 .UNSPECIFIED. ) 
 CURVE ( )  GEOMETRIC_REPRESENTATION_ITEM ( )  RATIONAL_B_SPLINE_CURVE ( ( 1.000000000000000000, 0.9510565162951535312, 1.000000000000000000, 0.9510565162951535312, 1.000000000000000000, 0.9510565162951535312, 1.000000000000000000, 0.9510565162951535312, 1.000000000000000000, 0.9510565162951535312, 1.000000000000000000, 0.9510565162951535312, 1.000000000000000000, 0.9510565162951535312, 1.000000000000000000, 0.9510565162951535312, 1.000000000000000000, 0.9510565162951535312, 1.000000000000000000, 0.9510565162951535312, 1.000000000000000000, 0.9510565162951535312, 1.000000000000000000, 0.9510565162951535312, 1.000000000000000000, 0.9510565162951535312, 1.000000000000000000, 0.9510565162951535312, 1.000000000000000000, 0.9510565162951535312, 1.000000000000000000, 0.9510565162951535312, 1.000000000000000000, 0.9510565162951535312, 1.000000000000000000, 0.9510565162951535312, 1.000000000000000000, 0.9510565162951535312, 1.000000000000000000, 0.9510565162951535312, 1.000000000000000000 ) ) 
 REPRESENTATION_ITEM ( '' )  );
#315 = FACE_OUTER_BOUND ( 'NONE', #5082, .T. ) ;
#316 = CARTESIAN_POINT ( 'NONE',  ( 17.81472771099157981, 21.66682671517482106, 5.572962681898415482 ) ) ;
#317 = CARTESIAN_POINT ( 'NONE',  ( -22.90628991581818141, 16.10311502689378926, 9.577280781481606553 ) ) ;
#318 = CARTESIAN_POINT ( 'NONE',  ( 1.092882997533416001, 10.40197912289396065, 8.636644459345795610 ) ) ;
#319 = CARTESIAN_POINT ( 'NONE',  ( 13.19139442198551926, -0.5644095466366648717, 9.409485193919609358 ) ) ;
#320 = PLANE ( 'NONE',  #37 ) ;
#321 = CARTESIAN_POINT ( 'NONE',  ( -5.733911942283349994, 10.81489660665604191, 9.344654686358287776 ) ) ;
#322 = CARTESIAN_POINT ( 'NONE',  ( 22.26194746672974389, 10.62144544721303774, 9.750172582966193602 ) ) ;
#323 = ORIENTED_EDGE ( 'NONE', *, *, #3530, .F. ) ;
#324 = EDGE_LOOP ( 'NONE', ( #1407, #1024, #3124, #5741 ) ) ;
#325 = CARTESIAN_POINT ( 'NONE',  ( 11.65332533357757505, 17.21526863640216831, 9.683098232677268768 ) ) ;
#326 = CARTESIAN_POINT ( 'NONE',  ( 0.000000000000000000, 0.000000000000000000, 64.75000000000000000 ) ) ;
#327 = AXIS2_PLACEMENT_3D ( 'NONE', #2659, #445, #4449 ) ;
#328 = CARTESIAN_POINT ( 'NONE',  ( -8.249999999999998224, -2.680587493921477993, 62.37500000000000000 ) ) ;
#329 = FACE_BOUND ( 'NONE', #2741, .T. ) ;
#330 = VERTEX_POINT ( 'NONE', #4810 ) ;
#331 = VECTOR ( 'NONE', #3459, 1000.000000000000000 ) ;
#332 = DIRECTION ( 'NONE',  ( 0.001226723534937188172, -0.002124747489351527362, 0.9999969902942084099 ) ) ;
#333 = CARTESIAN_POINT ( 'NONE',  ( 25.88211259429946764, -2.719301823274774321, 9.058421679211720701 ) ) ;
#334 = ORIENTED_EDGE ( 'NONE', *, *, #2583, .T. ) ;
#335 = FACE_OUTER_BOUND ( 'NONE', #2380, .T. ) ;
#336 = CARTESIAN_POINT ( 'NONE',  ( -22.65311597553354872, 16.45710596061854147, 9.074663436463129784 ) ) ;
#337 = CARTESIAN_POINT ( 'NONE',  ( 14.11663882739794751, 19.43147582005019913, 9.038635318908221805 ) ) ;
#338 = PLANE ( 'NONE',  #973 ) ;
#339 = CARTESIAN_POINT ( 'NONE',  ( -1.279641250899321125, -12.17953029436231915, 8.749853076271485008 ) ) ;
#340 = CARTESIAN_POINT ( 'NONE',  ( 18.99424372064758160, 8.457667427328670939, 8.997110467374628939 ) ) ;
#341 = CARTESIAN_POINT ( 'NONE',  ( 21.10369669819882432, 10.11985403714985310, 9.730842690680059803 ) ) ;
#342 = CARTESIAN_POINT ( 'NONE',  ( 25.32085755726652820, 11.95216183644694929, 9.789322327038767924 ) ) ;
#343 = DIRECTION ( 'NONE',  ( 0.000000000000000000, 0.000000000000000000, 1.000000000000000000 ) ) ;
#344 = CARTESIAN_POINT ( 'NONE',  ( -5.138628184955248202, 9.726862253152809501, 9.158627922748976857 ) ) ;
#345 = CARTESIAN_POINT ( 'NONE',  ( 31.88295385014720651, -2.755553573259064137, 9.824066885615200917 ) ) ;
#346 = FACE_OUTER_BOUND ( 'NONE', #4766, .T. ) ;
#347 = DIRECTION ( 'NONE',  ( 0.000000000000000000, -0.000000000000000000, 1.000000000000000000 ) ) ;
#348 = CARTESIAN_POINT ( 'NONE',  ( -6.562782540362803729, 14.73870805731511346, 8.900697539376407619 ) ) ;
#349 = CARTESIAN_POINT ( 'NONE',  ( -5.724550316878780798, 10.79248727826609766, 9.342911665793497633 ) ) ;
#350 = EDGE_CURVE ( 'NONE', #4327, #235, #1315, .T. ) ;
#351 = CARTESIAN_POINT ( 'NONE',  ( 29.23326206622822099, 13.01684931542361845, 9.100485408565127443 ) ) ;
#352 = CARTESIAN_POINT ( 'NONE',  ( -4.480746418436738487, 6.167218360552287670, 63.12500000000000711 ) ) ;
#353 = CARTESIAN_POINT ( 'NONE',  ( -21.85529985790072516, 1.616074925516044258, 9.706279605717398340 ) ) ;
#354 = CARTESIAN_POINT ( 'NONE',  ( 13.96868932029604515, 20.32941531556194548, 9.750172582966193602 ) ) ;
#355 = CARTESIAN_POINT ( 'NONE',  ( 0.000000000000000000, 0.000000000000000000, 8.000000000000000000 ) ) ;
#356 = CARTESIAN_POINT ( 'NONE',  ( 1.202813060811721790, -6.250000000000000000, 44.00000000000000000 ) ) ;
#357 = ORIENTED_EDGE ( 'NONE', *, *, #126, .T. ) ;
#358 = PLANE ( 'NONE',  #3766 ) ;
#359 = CARTESIAN_POINT ( 'NONE',  ( 18.42724872157885230, -1.936057223457241960, 8.957444811035013998 ) ) ;
#360 = ORIENTED_EDGE ( 'NONE', *, *, #1279, .T. ) ;
#361 = CARTESIAN_POINT ( 'NONE',  ( -16.17805893812660400, -22.85323629148620128, 9.471248398658762113 ) ) ;
#362 = CARTESIAN_POINT ( 'NONE',  ( -11.58814066302334567, 8.418588373621563647, 8.843057415417666434 ) ) ;
#363 = CARTESIAN_POINT ( 'NONE',  ( 8.249999999999998224, -2.680587493921476661, 61.12499999999997868 ) ) ;
#364 = CARTESIAN_POINT ( 'NONE',  ( -3.608439182435162706, 6.249999999999999112, 44.00000000000000711 ) ) ;
#365 = CARTESIAN_POINT ( 'NONE',  ( 18.56224228904512330, 8.265307863538733812, 8.989849980057540435 ) ) ;
#366 = B_SPLINE_CURVE_WITH_KNOTS ( 'NONE', 3,
 ( #2786, #1963, #4606, #2280, #4640, #988, #3663, #5042, #3637, #2848, #604, #5516, #4986, #5013, #2817, #1491, #961, #4574, #4516, #541, #2404, #5451, #4138, #4197, #164, #3221, #3759, #2758, #1523, #3312, #4107, #5105, #104, #71, #1084, #488, #1867, #259, #3405, #3883, #2054, #1555, #2084, #1113, #5195, #4787, #5670, #728, #1170, #5639, #4728, #3346, #2497, #2022, #4346, #4697, #5610 ),
 .UNSPECIFIED., .F., .F.,
 ( 4, 1, 1, 1, 2, 2, 1, 1, 2, 2, 1, 1, 1, 2, 2, 1, 1, 1, 1, 1, 2, 2, 1, 1, 1, 2, 2, 1, 1, 1, 1, 2, 2, 1, 1, 1, 1, 2, 2, 1, 4 ),
 ( 0.1439684925078883460, 0.1974704617261469619, 0.2242214463352762421, 0.2375969386398406602, 0.2442846847921228970, 0.2509724309444051338, 0.3044744001626648044, 0.3312253847717944177, 0.3446008770763589468, 0.3512886232286412946, 0.3579763693809235869, 0.4649803078174418736, 0.4917312924265715979, 0.4984190385788541122, 0.5051067847311365711, 0.5184822770357014887, 0.5719842462539611594, 0.5987352308630911057, 0.6121107231676556903, 0.6187984693199379826, 0.6221423423960792398, 0.6254862154722202749, 0.6789881846904753937, 0.7324901539087305125, 0.7458656462132943199, 0.7492095192894351330, 0.7525533923655760571, 0.7592411385178577943, 0.7859921231269842989, 0.8394940923452376413, 0.8662450769543642570, 0.8729328231066458832, 0.8762766961827868073, 0.8796205692589277314, 0.8929960615634917609, 0.9197470461726192648, 0.9331225384771832942, 0.9364664115533241073, 0.9398102846294650314, 0.9464980307817467686, 1.000000000000000000 ),
 .UNSPECIFIED. ) ;
#367 = CARTESIAN_POINT ( 'NONE',  ( 18.69971009564404696, 9.082197305308962854, 9.683098232677263439 ) ) ;
#368 = CARTESIAN_POINT ( 'NONE',  ( -0.7236413169019019209, -10.97617221683375455, 8.955131925794933778 ) ) ;
#369 = DIRECTION ( 'NONE',  ( 0.000000000000000000, 0.000000000000000000, 1.000000000000000000 ) ) ;
#370 = CARTESIAN_POINT ( 'NONE',  ( 6.117026353155384122, -13.73762806303103901, 8.867918396825432481 ) ) ;
#371 = EDGE_CURVE ( 'NONE', #4676, #242, #5161, .T. ) ;
#372 = CARTESIAN_POINT ( 'NONE',  ( 12.22242059415087390, -1.284147516374676723, 8.753121458834705493 ) ) ;
#373 = CARTESIAN_POINT ( 'NONE',  ( -10.93978556392717039, 1.149387582711171918, 24.66837655001592822 ) ) ;
#374 = CARTESIAN_POINT ( 'NONE',  ( -26.84678751731746615, -15.50000000000021672, 4.000000000000000000 ) ) ;
#375 = CARTESIAN_POINT ( 'NONE',  ( -6.494026448598574142, 14.58429551089255050, 8.895901432997597169 ) ) ;
#376 = ADVANCED_FACE ( 'NONE', ( #5606 ), #4284, .F. ) ;
#377 = CARTESIAN_POINT ( 'NONE',  ( -5.254342891941075067, 9.663947473672870103, 9.244236608254535525 ) ) ;
#378 = CARTESIAN_POINT ( 'NONE',  ( 14.57493567102281240, 6.489858743163337884, 8.896083650334510651 ) ) ;
#379 = CARTESIAN_POINT ( 'NONE',  ( -7.249999999999995559, 2.355667797688578702, 63.37499999999998579 ) ) ;
#380 = CARTESIAN_POINT ( 'NONE',  ( 10.72420703400005948, -2.447730273519459487, 6.142857142857142350 ) ) ;
#381 = CARTESIAN_POINT ( 'NONE',  ( 13.41883779792293119, 18.47095653516673508, 9.025451658185614789 ) ) ;
#382 = CARTESIAN_POINT ( 'NONE',  ( -8.838621713749226672, -12.16631424896693758, 8.867918396825432481 ) ) ;
#383 = CARTESIAN_POINT ( 'NONE',  ( -1.239402338901106626, -11.00000000000001243, 5.071428571428571175 ) ) ;
#384 = EDGE_LOOP ( 'NONE', ( #442, #5586 ) ) ;
#385 = EDGE_CURVE ( 'NONE', #1902, #4550, #1547, .T. ) ;
#386 = CARTESIAN_POINT ( 'NONE',  ( 6.250000000000000000, 7.654042494670957606E-16, 8.000000000000000000 ) ) ;
#387 = VECTOR ( 'NONE', #2160, 1000.000000000000114 ) ;
#388 = CARTESIAN_POINT ( 'NONE',  ( -21.32514541717547729, -10.21572479785524123, 9.734601941943552106 ) ) ;
#389 = EDGE_CURVE ( 'NONE', #4009, #4061, #725, .T. ) ;
#390 = ORIENTED_EDGE ( 'NONE', *, *, #4609, .T. ) ;
#391 = CARTESIAN_POINT ( 'NONE',  ( 23.50287507785682095, -1.807051521814894812, 9.733462124878716537 ) ) ;
#392 = CARTESIAN_POINT ( 'NONE',  ( -15.92359495553337467, 11.56822265600091981, 8.979242739895559211 ) ) ;
#393 = CARTESIAN_POINT ( 'NONE',  ( -8.249999999999998224, -2.680587493921477993, 60.12499999999998579 ) ) ;
#394 = CARTESIAN_POINT ( 'NONE',  ( -1.439753422708514696, -13.70346604250712907, 8.821446984288810356 ) ) ;
#395 = CARTESIAN_POINT ( 'NONE',  ( 22.09540814673112408, 9.838539324047856027, 9.040454340733054650 ) ) ;
#396 = ADVANCED_FACE ( 'NONE', ( #756 ), #3434, .T. ) ;
#397 = CARTESIAN_POINT ( 'NONE',  ( 22.00365604373335060, 10.50955368688943992, 9.745943207972317168 ) ) ;
#398 = CARTESIAN_POINT ( 'NONE',  ( -15.04983340162811167, -20.71601302655335886, 9.054651662031227843 ) ) ;
#399 = CARTESIAN_POINT ( 'NONE',  ( -20.78242041964760389, 15.09807725054952243, 4.999478381024407447 ) ) ;
#400 = CARTESIAN_POINT ( 'NONE',  ( 0.3889299800619375191, 11.82204920030351047, 9.315460168994839307 ) ) ;
#401 = CONICAL_SURFACE ( 'NONE', #5657, 6.500000000000005329, 0.7853981633974452814 ) ;
#402 = CARTESIAN_POINT ( 'NONE',  ( 31.82517224255341404, -3.343708848723217386, 9.100485408565127443 ) ) ;
#403 = CARTESIAN_POINT ( 'NONE',  ( -15.94009393790564388, 0.9079263600297315939, 9.543723846560888902 ) ) ;
#404 = CARTESIAN_POINT ( 'NONE',  ( 16.45710596061862674, 22.65311597553349543, 9.074663436463122679 ) ) ;
#405 = CARTESIAN_POINT ( 'NONE',  ( -7.058763976775431104, 15.85258400066297568, 8.932521311116834895 ) ) ;
#406 = LINE ( 'NONE', #2619, #4366 ) ;
#407 = CARTESIAN_POINT ( 'NONE',  ( 7.249999999999999112, 0.000000000000000000, 62.25000000000000000 ) ) ;
#408 = CARTESIAN_POINT ( 'NONE',  ( -25.57882982243472014, -11.38962092937794957, 9.074671307245079532 ) ) ;
#409 = CARTESIAN_POINT ( 'NONE',  ( -7.249999999999981348, 2.355667797688596909, 60.87500000000000000 ) ) ;
#410 = CARTESIAN_POINT ( 'NONE',  ( 6.954250794379560396, 9.572488027055893411, 8.728034140222046489 ) ) ;
#411 = LINE ( 'NONE', #5319, #129 ) ;
#412 = CARTESIAN_POINT ( 'NONE',  ( -5.664502150503671452, -9.481198442058941467, 9.141370585886830824 ) ) ;
#413 = ORIENTED_EDGE ( 'NONE', *, *, #1262, .F. ) ;
#414 = CARTESIAN_POINT ( 'NONE',  ( -26.23367119528492708, 18.32785632100477713, 9.824066885615200917 ) ) ;
#415 = CARTESIAN_POINT ( 'NONE',  ( 20.95204235492073153, -2.201324438624650437, 9.001241796277090756 ) ) ;
#416 = EDGE_LOOP ( 'NONE', ( #3954, #2982, #2535, #1536, #734, #4580, #2471, #672, #4446, #2105, #2508, #1, #5495, #3354, #1497, #5139, #2345, #3669, #2856, #5376, #4144, #4117 ) ) ;
#417 = ORIENTED_EDGE ( 'NONE', *, *, #2281, .T. ) ;
#418 = CARTESIAN_POINT ( 'NONE',  ( 19.68481483696360357, -1.360233433051396323, 9.659401114105778063 ) ) ;
#419 = AXIS2_PLACEMENT_3D ( 'NONE', #3717, #2420, #5504 ) ;
#420 = CARTESIAN_POINT ( 'NONE',  ( 8.250000000000000000, 0.000000000000000000, 63.62500000000000000 ) ) ;
#421 = CARTESIAN_POINT ( 'NONE',  ( -2.549390203593315807, -7.846216259435018436, 62.99999999999998579 ) ) ;
#422 = CARTESIAN_POINT ( 'NONE',  ( -2.414682318588825982, -22.98276679486909657, 9.028671707602009988 ) ) ;
#423 = EDGE_CURVE ( 'NONE', #2790, #645, #2747, .T. ) ;
#424 = CARTESIAN_POINT ( 'NONE',  ( 23.80777736890308560, 10.60101503021038205, 9.058750113913898616 ) ) ;
#425 = CARTESIAN_POINT ( 'NONE',  ( -13.73762806303105855, -6.117026353155334384, 8.867918396825432481 ) ) ;
#426 = CARTESIAN_POINT ( 'NONE',  ( 22.68675313193333665, -16.41080459956305404, 9.140768878993270619 ) ) ;
#427 = CARTESIAN_POINT ( 'NONE',  ( -3.625014661673710670, -6.278709542963011536, 57.50000000000000000 ) ) ;
#428 = DIRECTION ( 'NONE',  ( -1.224646799147353207E-16, 1.000000000000000000, 0.000000000000000000 ) ) ;
#429 = CARTESIAN_POINT ( 'NONE',  ( -11.54625080579271490, 25.50851019424165145, 9.272963267648430374 ) ) ;
#430 = CARTESIAN_POINT ( 'NONE',  ( -23.05710723316121857, 1.755506234515719077, 9.726382675456347826 ) ) ;
#431 = CARTESIAN_POINT ( 'NONE',  ( 4.000000000000000000, 0.000000000000000000, 34.00000000000000000 ) ) ;
#432 = DIRECTION ( 'NONE',  ( 0.000000000000000000, 0.000000000000000000, 1.000000000000000000 ) ) ;
#433 = CARTESIAN_POINT ( 'NONE',  ( -11.17982211601623810, 23.54693717810435061, 9.767761934507690924 ) ) ;
#434 = CARTESIAN_POINT ( 'NONE',  ( -2.240373209218369688, 6.895159743139863018, 63.00000000000000000 ) ) ;
#435 = DIRECTION ( 'NONE',  ( 1.000000000000000000, 0.000000000000000000, 0.000000000000000000 ) ) ;
#436 = CARTESIAN_POINT ( 'NONE',  ( 22.65311597553344569, -16.45710596061870845, 9.074671307245079532 ) ) ;
#437 = CARTESIAN_POINT ( 'NONE',  ( -5.500000000000042633, 9.526279441628798139, 4.000000000000000000 ) ) ;
#438 = CARTESIAN_POINT ( 'NONE',  ( -24.05445442407875589, 2.527279082607796656, 9.040454340733061755 ) ) ;
#439 = ORIENTED_EDGE ( 'NONE', *, *, #1100, .T. ) ;
#440 = CARTESIAN_POINT ( 'NONE',  ( -16.24551155075217324, 11.80208962263450267, 8.986512289013813159 ) ) ;
#441 = CARTESIAN_POINT ( 'NONE',  ( 8.250000000000000000, 0.000000000000000000, 63.74999999999998579 ) ) ;
#442 = ORIENTED_EDGE ( 'NONE', *, *, #3884, .T. ) ;
#443 = ORIENTED_EDGE ( 'NONE', *, *, #3328, .F. ) ;
#444 = CARTESIAN_POINT ( 'NONE',  ( 23.47161876538827840, -1.803440221133072674, 9.732972412448537725 ) ) ;
#445 = DIRECTION ( 'NONE',  ( -0.000000000000000000, -0.000000000000000000, -1.000000000000000000 ) ) ;
#446 = EDGE_CURVE ( 'NONE', #4963, #4038, #4440, .T. ) ;
#447 = CARTESIAN_POINT ( 'NONE',  ( 2.240373209218368800, -6.895159743139863018, 61.75000000000000000 ) ) ;
#448 = CARTESIAN_POINT ( 'NONE',  ( -2.098153655565997422, -19.97007051174217906, 8.986512289013813159 ) ) ;
#449 = DIRECTION ( 'NONE',  ( 0.000000000000000000, 0.000000000000000000, -1.000000000000000000 ) ) ;
#450 = FACE_OUTER_BOUND ( 'NONE', #675, .T. ) ;
#451 = CARTESIAN_POINT ( 'NONE',  ( 2.309552998127271106, 27.90458680842348471, 9.789322327038767924 ) ) ;
#452 = CARTESIAN_POINT ( 'NONE',  ( -10.04882600167078444, -4.474493936541334982, 4.999478381024408336 ) ) ;
#453 = CARTESIAN_POINT ( 'NONE',  ( 7.216878364870322748, -1.938269836575387836E-17, 44.00000000000000711 ) ) ;
#454 = CARTESIAN_POINT ( 'NONE',  ( 4.480746418436736711, 6.167218360552289447, 57.87499999999999289 ) ) ;
#455 = CARTESIAN_POINT ( 'NONE',  ( -18.75051107359506730, 1.248870261287642114, 9.635644574541020191 ) ) ;
#456 = CARTESIAN_POINT ( 'NONE',  ( 1.317040029371216336, 19.32136739307224360, 9.650545749611527668 ) ) ;
#457 = CARTESIAN_POINT ( 'NONE',  ( -7.536949622095169055, 16.92649412647019957, 8.957444811035017551 ) ) ;
#458 = CARTESIAN_POINT ( 'NONE',  ( -8.193159343666057026, 16.62790056595845201, 9.628694860343003370 ) ) ;
#459 =( BOUNDED_CURVE ( )  B_SPLINE_CURVE ( 2, ( #151, #3745, #2418, #4214, #2183, #2578, #3018 ),
 .UNSPECIFIED., .F., .T. ) 
 B_SPLINE_CURVE_WITH_KNOTS ( ( 3, 2, 2, 3 ),
 ( 0.01666172618599905120, 0.03571428571428571230, 0.07142857142857142461, 0.09646968323894188069 ),
 .UNSPECIFIED. ) 
 CURVE ( )  GEOMETRIC_REPRESENTATION_ITEM ( )  RATIONAL_B_SPLINE_CURVE ( ( 0.9968701940290736196, 0.9966456421313096836, 1.000000000000000000, 0.9937122098932426040, 1.000000000000000000, 0.9955913088571033409, 0.9973649352736200235 ) ) 
 REPRESENTATION_ITEM ( '' )  );
#460 = EDGE_CURVE ( 'NONE', #4038, #5401, #4842, .T. ) ;
#461 = ADVANCED_FACE ( 'NONE', ( #1726 ), #2220, .T. ) ;
#462 = CARTESIAN_POINT ( 'NONE',  ( -11.32612694102895823, 7.224311572658364433, 9.422071066585935739 ) ) ;
#463 = CARTESIAN_POINT ( 'NONE',  ( -7.249999999999999112, -8.878689293818310074E-16, 61.00000000000000000 ) ) ;
#464 = CARTESIAN_POINT ( 'NONE',  ( 17.04433872121655824, -12.38242406328085288, 9.001241796277088980 ) ) ;
#465 = CARTESIAN_POINT ( 'NONE',  ( -6.247847843178708338, -10.04372994222141457, 9.315460168994839307 ) ) ;
#466 = CARTESIAN_POINT ( 'NONE',  ( -22.03845972683648213, 2.315468781731111481, 9.016918189217619783 ) ) ;
#467 = ORIENTED_EDGE ( 'NONE', *, *, #1486, .T. ) ;
#468 = FACE_OUTER_BOUND ( 'NONE', #2318, .T. ) ;
#469 = CARTESIAN_POINT ( 'NONE',  ( 15.56452787643468660, -1.635285716287391056, 8.886785159412953661 ) ) ;
#470 = VERTEX_POINT ( 'NONE', #5388 ) ;
#471 = EDGE_LOOP ( 'NONE', ( #3815, #546, #4262, #4520, #582, #1821, #5111 ) ) ;
#472 = CARTESIAN_POINT ( 'NONE',  ( 2.187502177567430817, 20.82048310175992967, 8.999269646801847600 ) ) ;
#473 = AXIS2_PLACEMENT_3D ( 'NONE', #4089, #1330, #3126 ) ;
#474 = CARTESIAN_POINT ( 'NONE',  ( -6.014065304058603623, 2.083333333333331705, 44.00000000000000711 ) ) ;
#475 = CARTESIAN_POINT ( 'NONE',  ( 8.249999999999998224, 2.680587493921479325, 61.37499999999997158 ) ) ;
#476 = CARTESIAN_POINT ( 'NONE',  ( -1.092882997533341394, -10.40197912289397131, 8.636644459345795610 ) ) ;
#477 = CARTESIAN_POINT ( 'NONE',  ( -15.93858018551636668, -7.898504188482893262, 9.607311826833496937 ) ) ;
#478 = CARTESIAN_POINT ( 'NONE',  ( -1.149387582711132838, -10.93978556392717749, 8.674148813960478321 ) ) ;
#479 = CARTESIAN_POINT ( 'NONE',  ( 2.549390203593316695, -7.846216259435016660, 63.24999999999998579 ) ) ;
#480 = CARTESIAN_POINT ( 'NONE',  ( 9.663947473672887867, 5.254342891941041316, 9.244236608254535525 ) ) ;
#481 = CARTESIAN_POINT ( 'NONE',  ( -2.240373209218369688, 6.895159743139863018, 58.24999999999999289 ) ) ;
#482 = CARTESIAN_POINT ( 'NONE',  ( -1.999999999999998224, -3.464101615137755275, 34.00000000000000000 ) ) ;
#483 = ADVANCED_FACE ( 'NONE', ( #1368 ), #928, .T. ) ;
#484 = CARTESIAN_POINT ( 'NONE',  ( 1.801034366076172955, 23.45079775666468791, 9.732645666514963878 ) ) ;
#485 = CARTESIAN_POINT ( 'NONE',  ( -11.12679247141540806, 23.42495775118176127, 9.766135347243723785 ) ) ;
#486 = AXIS2_PLACEMENT_3D ( 'NONE', #3752, #2424, #4662 ) ;
#487 = CARTESIAN_POINT ( 'NONE',  ( -5.098780407186633390, 7.017869168904327992, 61.87500000000000000 ) ) ;
#488 = CARTESIAN_POINT ( 'NONE',  ( -14.60757409891641956, -6.504391828688480537, 8.896629249940168904 ) ) ;
#489 = FACE_OUTER_BOUND ( 'NONE', #1905, .T. ) ;
#490 = CARTESIAN_POINT ( 'NONE',  ( -10.93978556392717216, 1.149387582711172140, 4.999478381024408336 ) ) ;
#491 = CARTESIAN_POINT ( 'NONE',  ( 16.41080459956297588, 22.68675313193338994, 9.140768878993268842 ) ) ;
#492 = ORIENTED_EDGE ( 'NONE', *, *, #1307, .F. ) ;
#493 = CARTESIAN_POINT ( 'NONE',  ( -24.40580487072156401, 17.73040482578403498, 9.089868230524976056 ) ) ;
#494 = CARTESIAN_POINT ( 'NONE',  ( 11.27443182660934795, -1.184547162090567651, 8.697288872700683626 ) ) ;
#495 = VERTEX_POINT ( 'NONE', #1310 ) ;
#496 = VERTEX_POINT ( 'NONE', #3549 ) ;
#497 = CARTESIAN_POINT ( 'NONE',  ( 2.527279082607881033, 24.05445442407872036, 9.040454340733058203 ) ) ;
#498 = CARTESIAN_POINT ( 'NONE',  ( -4.148223681453101719, 5.976600844103845844, 57.50000000000000000 ) ) ;
#499 = CARTESIAN_POINT ( 'NONE',  ( -3.957676365536818786, 0.6782145250745571508, 34.00000000000000000 ) ) ;
#500 = CARTESIAN_POINT ( 'NONE',  ( -1.714977265655685201, -16.32302611885735999, 8.908695597015118040 ) ) ;
#501 = VECTOR ( 'NONE', #1711, 1000.000000000000114 ) ;
#502 = AXIS2_PLACEMENT_3D ( 'NONE', #1949, #182, #1540 ) ;
#503 = CARTESIAN_POINT ( 'NONE',  ( -12.13035354516785524, -6.284972679717551358, 9.436039436531943991 ) ) ;
#504 = CARTESIAN_POINT ( 'NONE',  ( -12.24312635372276326, -18.00670529405398312, 9.702929324004889722 ) ) ;
#505 = CARTESIAN_POINT ( 'NONE',  ( -3.101776318546904498, 6.580767510770511031, 57.49999999999999289 ) ) ;
#506 = CARTESIAN_POINT ( 'NONE',  ( -2.549390203593317583, 7.846216259435016660, 59.25000000000001421 ) ) ;
#507 = CARTESIAN_POINT ( 'NONE',  ( -9.306329984350217188, -26.59596308218222660, 7.214285714285715301 ) ) ;
#508 = VECTOR ( 'NONE', #3024, 1000.000000000000000 ) ;
#509 = DIRECTION ( 'NONE',  ( 1.000000000000000000, 0.000000000000000000, 0.000000000000000000 ) ) ;
#510 = CARTESIAN_POINT ( 'NONE',  ( 1.280011304079254231, 19.01079789254685437, 9.642623109992769059 ) ) ;
#511 = CARTESIAN_POINT ( 'NONE',  ( -8.293702164491486784, 16.86285405431860696, 9.635644574541021967 ) ) ;
#512 = CARTESIAN_POINT ( 'NONE',  ( 7.058763976775545679, -15.85258400066292772, 8.932521311116829565 ) ) ;
#513 = CARTESIAN_POINT ( 'NONE',  ( 8.249999999999998224, -2.680587493921476661, 63.37500000000002132 ) ) ;
#514 = CARTESIAN_POINT ( 'NONE',  ( -5.865373209218368800, 4.261443079120429189, 61.00000000000000000 ) ) ;
#515 = CARTESIAN_POINT ( 'NONE',  ( 16.93731619640496433, -12.30467400748722362, 8.999269646801840494 ) ) ;
#516 = CARTESIAN_POINT ( 'NONE',  ( -2.057967748038250555, 10.87662111621565053, 7.214285714285715301 ) ) ;
#517 = CARTESIAN_POINT ( 'NONE',  ( -25.46551024693860299, 2.675531535256894244, 9.054651662031218962 ) ) ;
#518 = EDGE_LOOP ( 'NONE', ( #918, #51, #3033, #1594 ) ) ;
#519 = CARTESIAN_POINT ( 'NONE',  ( -12.16631424896690916, 8.838621713749269304, 8.867918396825432481 ) ) ;
#520 = CARTESIAN_POINT ( 'NONE',  ( -0.1650035410982796658, -11.04320978439632484, 9.141370585886830824 ) ) ;
#521 = ORIENTED_EDGE ( 'NONE', *, *, #3161, .T. ) ;
#522 = ORIENTED_EDGE ( 'NONE', *, *, #423, .T. ) ;
#523 = CARTESIAN_POINT ( 'NONE',  ( 2.222953254160138670, 21.15790381324853442, 9.004298147025636467 ) ) ;
#524 = CARTESIAN_POINT ( 'NONE',  ( -2.309552796581364920, -27.90458682510463717, 9.789319808576792070 ) ) ;
#525 = CARTESIAN_POINT ( 'NONE',  ( 10.14598061107943217, 4.426646089001702755, 5.071428571428571175 ) ) ;
#526 = PLANE ( 'NONE',  #3186 ) ;
#527 = PLANE ( 'NONE',  #2290 ) ;
#528 = CARTESIAN_POINT ( 'NONE',  ( -14.72321225939280254, -21.34856381847411555, 9.766135347243723785 ) ) ;
#529 = DIRECTION ( 'NONE',  ( -1.000000000000000000, 0.000000000000000000, 0.000000000000000000 ) ) ;
#530 = CARTESIAN_POINT ( 'NONE',  ( 8.249999999999998224, 2.680587493921479325, 61.37499999999997158 ) ) ;
#531 = CARTESIAN_POINT ( 'NONE',  ( -9.979789781498991985, -4.626990465285903298, 8.784349666569209347 ) ) ;
#532 = STYLED_ITEM ( 'NONE', ( #2079 ), #1724 ) ;
#533 = CARTESIAN_POINT ( 'NONE',  ( 5.865373209218367911, 4.261443079120431854, 57.75000000000000000 ) ) ;
#534 = CARTESIAN_POINT ( 'NONE',  ( -3.007032652029300923, 6.249999999999998224, 44.00000000000000711 ) ) ;
#535 = CARTESIAN_POINT ( 'NONE',  ( 5.976959662288870767, 9.235858491349087984, 9.063833485541756829 ) ) ;
#536 = CARTESIAN_POINT ( 'NONE',  ( 0.4297129566466884598, 12.13946756776437574, 9.337857415294154251 ) ) ;
#537 = DIRECTION ( 'NONE',  ( 1.000000000000000000, 0.000000000000000000, 0.000000000000000000 ) ) ;
#538 = CARTESIAN_POINT ( 'NONE',  ( -0.6101104991207196848, -13.55304518093936039, 9.429744918685752708 ) ) ;
#539 = CARTESIAN_POINT ( 'NONE',  ( 5.497223494061977966, -12.34567376055592902, 8.810339537001679489 ) ) ;
#540 = CARTESIAN_POINT ( 'NONE',  ( 5.098780407186632502, -7.017869168904328880, 63.12500000000002132 ) ) ;
#541 = CARTESIAN_POINT ( 'NONE',  ( -19.17030374867625042, -8.536062607795736668, 9.000015129673826664 ) ) ;
#542 = DIRECTION ( 'NONE',  ( 0.000000000000000000, 0.000000000000000000, -1.000000000000000000 ) ) ;
#543 = ADVANCED_FACE ( 'NONE', ( #5808 ), #3629, .T. ) ;
#544 = CARTESIAN_POINT ( 'NONE',  ( -9.526279441628894062, 5.499999999999874767, 8.999332994034727307 ) ) ;
#545 = CARTESIAN_POINT ( 'NONE',  ( 16.22477362268957179, 22.82016644918920178, 9.405155380086270611 ) ) ;
#546 = ORIENTED_EDGE ( 'NONE', *, *, #5609, .T. ) ;
#547 = CARTESIAN_POINT ( 'NONE',  ( 12.32728949066233604, -1.295165557520107757, 8.757739689660127169 ) ) ;
#548 = ORIENTED_EDGE ( 'NONE', *, *, #2539, .F. ) ;
#549 = ORIENTED_EDGE ( 'NONE', *, *, #1840, .F. ) ;
#550 = CARTESIAN_POINT ( 'NONE',  ( 0.000000000000000000, -0.07499999999997786215, 44.75000000000000000 ) ) ;
#551 = ORIENTED_EDGE ( 'NONE', *, *, #95, .F. ) ;
#552 = CARTESIAN_POINT ( 'NONE',  ( 2.405626121623441360, -6.250000000000000000, 44.00000000000000711 ) ) ;
#553 = EDGE_CURVE ( 'NONE', #5379, #914, #5336, .T. ) ;
#554 = CARTESIAN_POINT ( 'NONE',  ( -7.216878364870322748, 0.000000000000000000, 44.00000000000000711 ) ) ;
#555 = VERTEX_POINT ( 'NONE', #2613 ) ;
#556 = CARTESIAN_POINT ( 'NONE',  ( 25.48490999469270690, 11.59838945589710413, 9.339059826362914762 ) ) ;
#557 = CARTESIAN_POINT ( 'NONE',  ( -2.289767125790881153, -21.79383327632277556, 9.013873883218943561 ) ) ;
#558 = DIRECTION ( 'NONE',  ( 0.000000000000000000, 0.000000000000000000, -1.000000000000000000 ) ) ;
#559 = CARTESIAN_POINT ( 'NONE',  ( -7.672403155172583311, -11.91655281805252820, 9.463104457248803669 ) ) ;
#560 = CARTESIAN_POINT ( 'NONE',  ( -8.250000000000000000, -1.010333609296566550E-15, 59.99999999999998579 ) ) ;
#561 = CARTESIAN_POINT ( 'NONE',  ( 6.641868825734186466, -12.97788522598750838, 9.483911076193066947 ) ) ;
#562 = CARTESIAN_POINT ( 'NONE',  ( -1.400340958979803481E-15, 7.623101125727435701, 58.12499999999998579 ) ) ;
#563 = CARTESIAN_POINT ( 'NONE',  ( 10.16198211300904397, -21.20101410761807514, 9.732501247234315755 ) ) ;
#564 = CARTESIAN_POINT ( 'NONE',  ( 5.742052567068637536, 9.382368161451585920, 9.244236608254535525 ) ) ;
#565 = CARTESIAN_POINT ( 'NONE',  ( 13.38781400466946714, 6.815119587485146901, 9.503916713854554388 ) ) ;
#566 = DIRECTION ( 'NONE',  ( 0.000000000000000000, 0.000000000000000000, 1.000000000000000000 ) ) ;
#567 = LINE ( 'NONE', #1485, #4864 ) ;
#568 = CARTESIAN_POINT ( 'NONE',  ( -1.354676875126010760, -19.63801766603627996, 9.658275495602527627 ) ) ;
#569 = CARTESIAN_POINT ( 'NONE',  ( 6.504391828688533828, -14.60757409891639469, 8.896629249940168904 ) ) ;
#570 = CARTESIAN_POINT ( 'NONE',  ( -2.549390203593317583, 7.846216259435016660, 61.75000000000001421 ) ) ;
#571 = CARTESIAN_POINT ( 'NONE',  ( 9.910657546926609385, -4.772721130293139602, 8.285714285714284699 ) ) ;
#572 = CARTESIAN_POINT ( 'NONE',  ( 5.697591447090923467, -10.72794378042453722, 9.337857415294154251 ) ) ;
#573 = CARTESIAN_POINT ( 'NONE',  ( 13.01056841991537638, -0.5412871870191962032, 9.397411250737828681 ) ) ;
#574 = CIRCLE ( 'NONE', #3501, 6.250000000000000000 ) ;
#575 = B_SPLINE_CURVE_WITH_KNOTS ( 'NONE', 3,
 ( #3750, #5539, #3303, #5096, #1071, #2870, #624, #2661, #778, #1691, #2135, #1304, #3902, #3961, #5774, #422, #3021, #1660, #862, #3929, #4422, #1247, #5745, #2186, #2633, #4451, #3047, #3988, #1749, #3485, #5717, #3455, #5246, #2215, #2104, #4918, #4364, #4016, #3105, #3545, #4807, #394, #3513, #5303, #5358, #5327, #4891, #5276, #1721, #1277, #5802, #339, #2581, #4836, #1778, #804, #3574 ),
 .UNSPECIFIED., .F., .F.,
 ( 4, 1, 1, 1, 2, 2, 1, 1, 2, 2, 1, 1, 1, 2, 2, 1, 1, 1, 1, 1, 2, 2, 1, 1, 1, 2, 2, 1, 1, 1, 1, 2, 2, 1, 1, 1, 1, 2, 2, 1, 4 ),
 ( 0.1439684925078883182, 0.1974704617261472395, 0.2242214463352764087, 0.2375969386398409933, 0.2442846847921235909, 0.2509724309444061330, 0.3044744001626677465, 0.3312253847717985256, 0.3446008770763638873, 0.3512886232286466237, 0.3579763693809293046, 0.4649803078174534754, 0.4917312924265844210, 0.4984190385788667133, 0.5051067847311490056, 0.5184822770357137012, 0.5719842462539729278, 0.5987352308631025410, 0.6121107231676673477, 0.6187984693199500841, 0.6221423423960911192, 0.6254862154722321543, 0.6789881846904869400, 0.7324901539087415037, 0.7458656462133052001, 0.7492095192894460132, 0.7525533923655868263, 0.7592411385178683414, 0.7859921231269944020, 0.8394940923452465231, 0.8662450769543725837, 0.8729328231066540988, 0.8762766961827946899, 0.8796205692589352809, 0.8929960615634977561, 0.9197470461726224844, 0.9331225384771851816, 0.9364664115533257727, 0.9398102846294663637, 0.9464980307817478788, 1.000000000000000000 ),
 .UNSPECIFIED. ) ;
#576 = CARTESIAN_POINT ( 'NONE',  ( 17.72912970024257717, -12.87991313784697667, 9.013873883218943561 ) ) ;
#577 = EDGE_LOOP ( 'NONE', ( #413, #2011, #2767, #1033, #4702, #2452 ) ) ;
#578 = CARTESIAN_POINT ( 'NONE',  ( 2.549390203593314919, 7.846216259435018436, 59.24999999999998579 ) ) ;
#579 = ORIENTED_EDGE ( 'NONE', *, *, #3959, .T. ) ;
#580 = ORIENTED_EDGE ( 'NONE', *, *, #4734, .F. ) ;
#581 = CARTESIAN_POINT ( 'NONE',  ( 11.10189136245482722, 4.943397923019511531, 8.744794086262942301 ) ) ;
#582 = ORIENTED_EDGE ( 'NONE', *, *, #4156, .T. ) ;
#583 = CARTESIAN_POINT ( 'NONE',  ( 3.637306695894642505, -1.968512776180124087E-16, 44.75000000000000000 ) ) ;
#584 = CARTESIAN_POINT ( 'NONE',  ( 0.000000000000000000, 0.000000000000000000, -64.00000000000000000 ) ) ;
#585 = EDGE_LOOP ( 'NONE', ( #1232, #1178, #2237, #5016 ) ) ;
#586 = CARTESIAN_POINT ( 'NONE',  ( -6.674390203593317139, 4.849228331412902548, 59.74999999999998579 ) ) ;
#587 = CARTESIAN_POINT ( 'NONE',  ( -6.329256242563517709, -8.996986176755477516, 8.784349666569200465 ) ) ;
#588 = CARTESIAN_POINT ( 'NONE',  ( -21.20950377932077657, -10.16565736422167276, 9.732645666514962102 ) ) ;
#589 = DIRECTION ( 'NONE',  ( 0.000000000000000000, 0.000000000000000000, 1.000000000000000000 ) ) ;
#590 = CARTESIAN_POINT ( 'NONE',  ( -12.66514786448929719, -18.57390657413219159, 9.715715572878979245 ) ) ;
#591 = ADVANCED_FACE ( 'NONE', ( #925 ), #35, .F. ) ;
#592 = LINE ( 'NONE', #4157, #3228 ) ;
#593 = CARTESIAN_POINT ( 'NONE',  ( -8.250000000000000000, -1.010333609296566550E-15, 62.25000000000001421 ) ) ;
#594 = CARTESIAN_POINT ( 'NONE',  ( -3.616719591217579133, -6.264342088718590773, 50.75000000000000000 ) ) ;
#595 = CARTESIAN_POINT ( 'NONE',  ( 21.55730703887356015, -14.87768550451275829, 9.769298644417235167 ) ) ;
#596 = CIRCLE ( 'NONE', #3899, 5.000000000000000888 ) ;
#597 = DIRECTION ( 'NONE',  ( 0.000000000000000000, 0.000000000000000000, 1.000000000000000000 ) ) ;
#598 = FACE_OUTER_BOUND ( 'NONE', #2211, .T. ) ;
#599 = VECTOR ( 'NONE', #1993, 1000.000000000000000 ) ;
#600 = DIRECTION ( 'NONE',  ( -0.000000000000000000, 0.000000000000000000, -1.000000000000000000 ) ) ;
#601 = CARTESIAN_POINT ( 'NONE',  ( -2.309552796581364920, -27.90458682510463717, 9.789319808576792070 ) ) ;
#602 = CARTESIAN_POINT ( 'NONE',  ( 7.553799690535250022, -16.96433603848763738, 8.958275176990266431 ) ) ;
#603 = CARTESIAN_POINT ( 'NONE',  ( -1.593491436080465827E-15, 8.674563349965705328, 61.62500000000000000 ) ) ;
#604 = CARTESIAN_POINT ( 'NONE',  ( -22.33161605788223980, -9.943716870761761584, 9.043200165331581886 ) ) ;
#605 = CARTESIAN_POINT ( 'NONE',  ( 5.519755805799134052, -10.30193064697439098, 9.303692016028184852 ) ) ;
#606 = CARTESIAN_POINT ( 'NONE',  ( -5.371626202974506548, 12.06360715317751620, 8.797761960110745960 ) ) ;
#607 = CARTESIAN_POINT ( 'NONE',  ( -14.95389432035076638, 1.571129556840799024, 8.867948148798298291 ) ) ;
#608 = B_SPLINE_CURVE_WITH_KNOTS ( 'NONE', 3,
 ( #1046, #2936, #4253, #1893, #1551, #5038, #3693, #4637, #3248, #160, #2492, #4283, #255, #2048, #3849, #692, #559, #5566, #2301, #3332, #4658, #2836, #3716, #90, #4216, #3652, #183, #3211, #1950, #5123, #1919, #4627, #1068, #1101, #4187, #152, #5027, #1541, #1855, #59, #2895, #5503, #1038, #1512, #1477, #1980, #504, #590, #4562, #1883, #3779, #4098, #5002, #5439, #1416, #975, #2774, #528, #5536, #3747, #621, #3300, #2866, #2356, #5093 ),
 .UNSPECIFIED., .F., .F.,
 ( 4, 2, 2, 2, 1, 1, 1, 2, 2, 1, 1, 2, 2, 1, 1, 2, 2, 1, 1, 2, 2, 1, 1, 2, 2, 1, 1, 1, 2, 2, 1, 1, 1, 2, 2, 1, 1, 1, 2, 2, 1, 1, 1, 4 ),
 ( 0.000000000000000000, 0.05318794598723083911, 0.05983643923563487094, 0.06316068585983684869, 0.06648493248403881950, 0.07978191898084729949, 0.1063758919744640929, 0.1196728784712723648, 0.1263213717196764174, 0.1329698649680804423, 0.1595638379616970415, 0.1861578109553136684, 0.1928063042037178598, 0.1994547974521220235, 0.2127517839489304896, 0.2393457569425470888, 0.2526427434393552773, 0.2659397299361634381, 0.3191276759233966365, 0.3723156219106297793, 0.3856126084074381066, 0.3989095949042463785, 0.4255035678978632552, 0.4321520611462677519, 0.4388005543946723597, 0.4520975408914817972, 0.4786915138851011720, 0.4919885003819106095, 0.4986369936303153283, 0.5052854868787199916, 0.5318794598723385336, 0.5850674058595749516, 0.6116613788531932716, 0.6249583653500024871, 0.6266204886621041803, 0.6282826119742058735, 0.6316068585984091488, 0.6382553518468156994, 0.7446312438213250617, 0.7512797370697318344, 0.7579282303181384961, 0.7712252168149522635, 0.7978191898085799094, 0.8510071357958352012 ),
 .UNSPECIFIED. ) ;
#609 = CARTESIAN_POINT ( 'NONE',  ( 8.249999999999998224, 2.680587493921479325, 61.37499999999997868 ) ) ;
#610 = ORIENTED_EDGE ( 'NONE', *, *, #4512, .F. ) ;
#611 = ORIENTED_EDGE ( 'NONE', *, *, #273, .T. ) ;
#612 = CARTESIAN_POINT ( 'NONE',  ( 11.57917885100740918, 5.155922249061227092, 8.772138810067739101 ) ) ;
#613 = VERTEX_POINT ( 'NONE', #427 ) ;
#614 = DIRECTION ( 'NONE',  ( -1.000000000000000000, 0.000000000000000000, 0.000000000000000000 ) ) ;
#615 = CARTESIAN_POINT ( 'NONE',  ( 9.313613675350332244, -5.854395717864708359, 9.158627922749010608 ) ) ;
#616 = EDGE_LOOP ( 'NONE', ( #2763, #4584, #1772, #2708 ) ) ;
#617 = CARTESIAN_POINT ( 'NONE',  ( -6.916175099667392523, 0.5208333333333338144, 44.00000000000000711 ) ) ;
#618 = CARTESIAN_POINT ( 'NONE',  ( -19.40846941324469199, 13.28514039244306488, 9.732645666514960325 ) ) ;
#619 = CARTESIAN_POINT ( 'NONE',  ( 4.209845712841018717, 5.208333333333333037, 44.00000000000000711 ) ) ;
#620 = PLANE ( 'NONE',  #1822 ) ;
#621 = CARTESIAN_POINT ( 'NONE',  ( -14.87768550451253624, -21.55730703887371646, 9.769298644417235167 ) ) ;
#622 = CARTESIAN_POINT ( 'NONE',  ( -11.00000000000000888, 1.239402338901145262, 5.071428571428571175 ) ) ;
#623 = CARTESIAN_POINT ( 'NONE',  ( 5.098780407186632502, -7.017869168904328880, 60.62500000000002132 ) ) ;
#624 = CARTESIAN_POINT ( 'NONE',  ( -2.723140362388448033, -25.91864752421955131, 9.058750113913896840 ) ) ;
#625 = CARTESIAN_POINT ( 'NONE',  ( 19.45056111848870373, -13.31639006276745718, 9.733462124878721866 ) ) ;
#626 = CARTESIAN_POINT ( 'NONE',  ( -7.249999999999999112, -8.878689293818310074E-16, 63.50000000000000000 ) ) ;
#627 = CARTESIAN_POINT ( 'NONE',  ( 2.268462889921862402, 27.54084285149504652, 9.785582408824421208 ) ) ;
#628 = EDGE_CURVE ( 'NONE', #968, #4647, #231, .T. ) ;
#629 = CYLINDRICAL_SURFACE ( 'NONE', #826, 28.00000000000000000 ) ;
#630 = CARTESIAN_POINT ( 'NONE',  ( -2.139521998201859176, -26.40423961574724743, 9.772851664565392227 ) ) ;
#631 = CARTESIAN_POINT ( 'NONE',  ( 4.773051607333348656, -10.71932732043480208, 8.721862271799624367 ) ) ;
#632 = CARTESIAN_POINT ( 'NONE',  ( 2.552127005080397470, 30.05971620087304075, 9.809850538807884490 ) ) ;
#633 = ADVANCED_FACE ( 'NONE', ( #2191 ), #1323, .F. ) ;
#634 = CARTESIAN_POINT ( 'NONE',  ( 4.480746418436737599, -6.167218360552288559, 59.62499999999998579 ) ) ;
#635 = CARTESIAN_POINT ( 'NONE',  ( -13.42086944374759305, 0.5933738762615579088, 9.422071066585939292 ) ) ;
#636 = CARTESIAN_POINT ( 'NONE',  ( 12.66163368075979001, -9.198462910968070005, 8.886785159412957213 ) ) ;
#637 = CARTESIAN_POINT ( 'NONE',  ( -6.820694020073559294, 13.40134893029781082, 9.505212387406180241 ) ) ;
#638 = ADVANCED_FACE ( 'NONE', ( #1385, #5022 ), #1944, .T. ) ;
#639 = CARTESIAN_POINT ( 'NONE',  ( 9.942852972085402641, -7.223314668462611721, 8.753121458834705493 ) ) ;
#640 = EDGE_CURVE ( 'NONE', #4687, #648, #4719, .T. ) ;
#641 = CARTESIAN_POINT ( 'NONE',  ( -5.098780407186632502, -7.017869168904328880, 60.37499999999998579 ) ) ;
#642 = ORIENTED_EDGE ( 'NONE', *, *, #4545, .F. ) ;
#643 = ORIENTED_EDGE ( 'NONE', *, *, #4456, .T. ) ;
#644 = CARTESIAN_POINT ( 'NONE',  ( 8.250000000000000000, 0.000000000000000000, 58.50000000000001421 ) ) ;
#645 = VERTEX_POINT ( 'NONE', #1000 ) ;
#646 = CARTESIAN_POINT ( 'NONE',  ( -27.87523067493197004, 2.640982903306107854, 9.405155380086270611 ) ) ;
#647 = CARTESIAN_POINT ( 'NONE',  ( 9.088036271806371857, -6.197532156395220149, 8.889619462053438781 ) ) ;
#648 = VERTEX_POINT ( 'NONE', #4998 ) ;
#649 = FACE_OUTER_BOUND ( 'NONE', #1532, .T. ) ;
#650 = CARTESIAN_POINT ( 'NONE',  ( -13.15197003653758934, -6.715503310444826290, 9.492080732382257580 ) ) ;
#651 = AXIS2_PLACEMENT_3D ( 'NONE', #5089, #2005, #1125 ) ;
#652 = B_SPLINE_SURFACE_WITH_KNOTS ( 'NONE', 1, 3, ( 
 ( #4474, #3642, #493, #4059, #1405, #2764, #5350, #3125, #3201, #440, #966, #5402, #4911, #1819, #4551, #519, #885, #2682, #1873, #3670, #5457, #1521, #4444, #2234 ),
 ( #414, #915, #1796, #3593, #5377, #1356, #3152, #4937, #2706, #4498, #664, #2970, #1989, #3435, #5668, #726, #4785, #3403, #5253, #5637, #257, #2906, #225, #2526 ) ),
 .UNSPECIFIED., .F., .F., .F.,
 ( 2, 2 ),
 ( 4, 2, 2, 2, 2, 2, 2, 2, 2, 2, 2, 4 ),
 ( 0.000000000000000000, 1.000000000000000000 ),
 ( 0.01982871850929110447, 0.02257970761283119993, 0.02533069671637129538, 0.02808168581991139084, 0.03083267492345148977, 0.03358366402699158870, 0.03495915857876163990, 0.03633465313053168416, 0.03771014768230172842, 0.03908564223407177962, 0.04046113678584183082, 0.04183663133761187508 ),
 .UNSPECIFIED. ) ;
#653 = CARTESIAN_POINT ( 'NONE',  ( 4.474493936541371397, -10.04882600167076845, 24.66837655001592822 ) ) ;
#654 = CARTESIAN_POINT ( 'NONE',  ( -6.896683967310462293, -9.493247605742210382, 8.721862271799631472 ) ) ;
#655 = DIRECTION ( 'NONE',  ( 0.000000000000000000, 0.000000000000000000, -1.000000000000000000 ) ) ;
#656 = CARTESIAN_POINT ( 'NONE',  ( -9.875548627205599672, -4.844959742311233164, 8.943115694354073497 ) ) ;
#657 = ORIENTED_EDGE ( 'NONE', *, *, #4545, .T. ) ;
#658 = CARTESIAN_POINT ( 'NONE',  ( 12.49293583675895647, -8.108705156040363349, 9.497982529720241374 ) ) ;
#659 = CARTESIAN_POINT ( 'NONE',  ( 11.96392403434615836, 6.215213273664436322, 9.424864755848401998 ) ) ;
#660 = CARTESIAN_POINT ( 'NONE',  ( 0.000000000000000000, 0.000000000000000000, -64.00000000000000000 ) ) ;
#661 = AXIS2_PLACEMENT_3D ( 'NONE', #2144, #432, #5367 ) ;
#662 = CARTESIAN_POINT ( 'NONE',  ( -2.207999319135476757, -27.00686086247774398, 9.779827166081958012 ) ) ;
#663 = CARTESIAN_POINT ( 'NONE',  ( -15.94387970480048367, 1.675142281889458573, 4.999478381024408336 ) ) ;
#664 = CARTESIAN_POINT ( 'NONE',  ( -15.91184866756421457, 10.68030614275147627, 9.646862156838700741 ) ) ;
#665 = EDGE_CURVE ( 'NONE', #169, #3764, #1098, .T. ) ;
#666 = CARTESIAN_POINT ( 'NONE',  ( -1.400340958979803679E-15, 7.623101125727434813, 58.12499999999999289 ) ) ;
#667 = CARTESIAN_POINT ( 'NONE',  ( 10.99302390281989972, -0.4132485778024941880, 9.158627922749007055 ) ) ;
#668 = CARTESIAN_POINT ( 'NONE',  ( 7.146077198434038102, -14.16963060741903568, 9.539913078800433155 ) ) ;
#669 = CARTESIAN_POINT ( 'NONE',  ( -5.751519678938998403, 10.85744698817056531, 9.349182199096759405 ) ) ;
#670 = CARTESIAN_POINT ( 'NONE',  ( -11.66973557464378963, 1.226079714692630107, 8.721862271799629696 ) ) ;
#671 = CARTESIAN_POINT ( 'NONE',  ( -3.637306695894642061, 4.342160359065296731E-16, 44.75000000000000000 ) ) ;
#672 = ORIENTED_EDGE ( 'NONE', *, *, #989, .T. ) ;
#673 = ORIENTED_EDGE ( 'NONE', *, *, #1849, .T. ) ;
#674 = CARTESIAN_POINT ( 'NONE',  ( 11.79010312929307069, 17.39872143354539702, 9.687831937662291892 ) ) ;
#675 = EDGE_LOOP ( 'NONE', ( #2028, #1588, #3235, #1119 ) ) ;
#676 = CARTESIAN_POINT ( 'NONE',  ( 8.249999999999998224, -2.680587493921476661, 63.37500000000001421 ) ) ;
#677 = CARTESIAN_POINT ( 'NONE',  ( -2.804219591217579577, -4.857050807568877637, 39.00000000000000711 ) ) ;
#678 = ORIENTED_EDGE ( 'NONE', *, *, #2754, .F. ) ;
#679 = CARTESIAN_POINT ( 'NONE',  ( -6.112908548292033117, -9.145073735084750410, 8.956607300572706265 ) ) ;
#680 = AXIS2_PLACEMENT_3D ( 'NONE', #6, #5114, #2855 ) ;
#681 = CARTESIAN_POINT ( 'NONE',  ( -17.84588429431012102, -8.715157619361477259, 9.662450345237980187 ) ) ;
#682 = CARTESIAN_POINT ( 'NONE',  ( 1.711324865405186246, 3.630768281804420905, 33.99999999999999289 ) ) ;
#683 = CARTESIAN_POINT ( 'NONE',  ( 12.13946756776436864, -0.4297129566467304262, 9.337857415294152474 ) ) ;
#684 = CARTESIAN_POINT ( 'NONE',  ( 17.70974288434793209, 7.885710941809929153, 4.999478381024410112 ) ) ;
#685 = CARTESIAN_POINT ( 'NONE',  ( 15.60491956406787928, 21.48008608072504444, 9.063038290305438949 ) ) ;
#686 = CARTESIAN_POINT ( 'NONE',  ( 7.249999999999999112, 0.000000000000000000, 64.75000000000000000 ) ) ;
#687 = CARTESIAN_POINT ( 'NONE',  ( 12.31831280331399903, -6.600884007442518353, 21.00000000000000000 ) ) ;
#688 = EDGE_LOOP ( 'NONE', ( #2000, #3379, #1147, #2095, #2705, #4649, #5352, #4006, #4337, #3155, #1649, #3068, #965, #1383, #1062, #5710, #2985, #3227, #417, #1673, #3595, #4858 ) ) ;
#689 = CARTESIAN_POINT ( 'NONE',  ( 16.36743300107759680, -11.02040412658124602, 9.659401114105774511 ) ) ;
#690 = CARTESIAN_POINT ( 'NONE',  ( 14.25848946895153091, 7.183759676401458627, 9.543723846560885349 ) ) ;
#691 = CARTESIAN_POINT ( 'NONE',  ( -26.84678751731768642, 15.49999999999984368, 4.000000000000000000 ) ) ;
#692 = CARTESIAN_POINT ( 'NONE',  ( -7.434120188635302107, -11.60241991106614279, 9.441877396648989063 ) ) ;
#693 = CARTESIAN_POINT ( 'NONE',  ( -22.72024831769088493, 16.36440013537659866, 9.206866708977543112 ) ) ;
#694 = CARTESIAN_POINT ( 'NONE',  ( 2.654053589454972606, 30.97132880813206057, 9.817307459269112968 ) ) ;
#695 = ADVANCED_FACE ( 'NONE', ( #1826 ), #938, .T. ) ;
#696 = CARTESIAN_POINT ( 'NONE',  ( -4.480746418436738487, 6.167218360552288559, 60.87500000000000000 ) ) ;
#697 = CARTESIAN_POINT ( 'NONE',  ( 10.98696791041096432, -0.5582696592625220333, 9.063833485541769264 ) ) ;
#698 = CARTESIAN_POINT ( 'NONE',  ( 6.625323316025358622, -12.93833531256551694, 9.481103272736850940 ) ) ;
#699 = VECTOR ( 'NONE', #4708, 1000.000000000000000 ) ;
#700 = CARTESIAN_POINT ( 'NONE',  ( -6.117026353155284646, 13.73762806303108164, 8.867918396825432481 ) ) ;
#701 = EDGE_CURVE ( 'NONE', #4327, #2824, #1703, .T. ) ;
#702 = CARTESIAN_POINT ( 'NONE',  ( -13.25742453871880322, 1.392890112378367240, 8.802444968223854360 ) ) ;
#703 = CARTESIAN_POINT ( 'NONE',  ( -7.249999999999999112, -8.878689293818310074E-16, 63.50000000000000000 ) ) ;
#704 = ORIENTED_EDGE ( 'NONE', *, *, #2543, .T. ) ;
#705 = CARTESIAN_POINT ( 'NONE',  ( -24.52957074296940476, 2.577197135762045566, 9.045875455953151345 ) ) ;
#706 = EDGE_LOOP ( 'NONE', ( #4792, #4355, #2062, #2178 ) ) ;
#707 = CARTESIAN_POINT ( 'NONE',  ( -8.250000000000000000, -1.010333609296566550E-15, 59.75000000000001421 ) ) ;
#708 = DIRECTION ( 'NONE',  ( 0.5000000000000002220, -0.8660254037844384856, 0.000000000000000000 ) ) ;
#709 = ORIENTED_EDGE ( 'NONE', *, *, #780, .F. ) ;
#710 = CARTESIAN_POINT ( 'NONE',  ( -16.67821634559984290, 11.25258646618667946, 9.668500753904174516 ) ) ;
#711 = CARTESIAN_POINT ( 'NONE',  ( -15.50886129638034916, -7.715145400434928469, 9.593051699102415952 ) ) ;
#712 = CARTESIAN_POINT ( 'NONE',  ( 11.23033278058951367, -23.66310711586016780, 9.769298644417229838 ) ) ;
#713 = CARTESIAN_POINT ( 'NONE',  ( -2.057967748038250555, 10.87662111621565053, 7.214285714285715301 ) ) ;
#714 = CARTESIAN_POINT ( 'NONE',  ( -20.27444687820850788, 14.72904305650386547, 9.049481907957821036 ) ) ;
#715 = EDGE_CURVE ( 'NONE', #4009, #993, #1683, .T. ) ;
#716 = CARTESIAN_POINT ( 'NONE',  ( -7.142820988431077822, -9.832053863577598918, 8.744794086262947630 ) ) ;
#717 = CARTESIAN_POINT ( 'NONE',  ( 0.000000000000000000, 0.000000000000000000, 34.00000000000000000 ) ) ;
#718 = ADVANCED_FACE ( 'NONE', ( #4181 ), #4541, .F. ) ;
#719 = CARTESIAN_POINT ( 'NONE',  ( -0.1766910423142067921, -6.247501922814103992, 21.00000000000000000 ) ) ;
#720 = ORIENTED_EDGE ( 'NONE', *, *, #879, .F. ) ;
#721 = CARTESIAN_POINT ( 'NONE',  ( 21.38779045400705314, -14.75224336313014284, 9.766734352938287955 ) ) ;
#722 =( BOUNDED_CURVE ( )  B_SPLINE_CURVE ( 2, ( #3015, #3568, #2575, #771, #2180, #4771, #4830 ),
 .UNSPECIFIED., .F., .F. ) 
 B_SPLINE_CURVE_WITH_KNOTS ( ( 3, 2, 2, 3 ),
 ( 0.01666172618600135491, 0.03571428571428571230, 0.07142857142857142461, 0.08740979427194937867 ),
 .UNSPECIFIED. ) 
 CURVE ( )  GEOMETRIC_REPRESENTATION_ITEM ( )  RATIONAL_B_SPLINE_CURVE ( ( 0.9968701940290738417, 0.9966456421313101277, 1.000000000000000000, 0.9937122098932426040, 1.000000000000000000, 0.9971863759031226460, 0.9968908004128682609 ) ) 
 REPRESENTATION_ITEM ( '' )  );
#723 = CARTESIAN_POINT ( 'NONE',  ( 23.46971274228459237, 11.14624818242340609, 9.766734352938289732 ) ) ;
#724 = CARTESIAN_POINT ( 'NONE',  ( -7.220562908078012043, 8.390446319961879951, 7.214285714285715301 ) ) ;
#725 = LINE ( 'NONE', #287, #3746 ) ;
#726 = CARTESIAN_POINT ( 'NONE',  ( -12.60756875797322429, 8.195561608580518964, 9.505212387406180241 ) ) ;
#727 = CARTESIAN_POINT ( 'NONE',  ( 5.865373209218367911, 4.261443079120431854, 57.75000000000000000 ) ) ;
#728 = CARTESIAN_POINT ( 'NONE',  ( -11.90465803500597808, -5.300850087898402840, 8.789169392377736756 ) ) ;
#729 = UNCERTAINTY_MEASURE_WITH_UNIT (LENGTH_MEASURE( 1.000000000000000082E-05 ), #3659, 'distance_accuracy_value', 'NONE');
#730 = CARTESIAN_POINT ( 'NONE',  ( 9.082197305309158253, -18.69971009564393327, 9.683098232677261663 ) ) ;
#731 = CARTESIAN_POINT ( 'NONE',  ( -12.81965128035263035, 27.30854136304689206, 9.809850538807884490 ) ) ;
#732 = CARTESIAN_POINT ( 'NONE',  ( 22.54196090363462801, -15.60599705585135943, 9.783644783752150076 ) ) ;
#733 = CARTESIAN_POINT ( 'NONE',  ( 23.10357740127622606, 10.98687843811259590, 9.762216838740801705 ) ) ;
#734 = ORIENTED_EDGE ( 'NONE', *, *, #814, .T. ) ;
#735 = VERTEX_POINT ( 'NONE', #3805 ) ;
#736 = CARTESIAN_POINT ( 'NONE',  ( -17.23471036831955416, 1.810763289025528300, 8.931712705553785270 ) ) ;
#737 = ORIENTED_EDGE ( 'NONE', *, *, #5467, .T. ) ;
#738 = CARTESIAN_POINT ( 'NONE',  ( -2.549390203593317583, 7.846216259435016660, 61.75000000000001421 ) ) ;
#739 = FACE_OUTER_BOUND ( 'NONE', #5178, .T. ) ;
#740 = EDGE_LOOP ( 'NONE', ( #2473, #3288, #1843, #1273 ) ) ;
#741 = CARTESIAN_POINT ( 'NONE',  ( 28.00000000000000000, 1.047686081597258179, 8.641523130926715979 ) ) ;
#742 = CARTESIAN_POINT ( 'NONE',  ( 23.88647110688549091, -2.509629930551347421, 9.038635318908225358 ) ) ;
#743 = VECTOR ( 'NONE', #3662, 999.9999999999998863 ) ;
#744 = CARTESIAN_POINT ( 'NONE',  ( 10.16565736422174915, -21.20950377932074460, 9.732645666514963878 ) ) ;
#745 = EDGE_CURVE ( 'NONE', #2950, #3351, #3321, .T. ) ;
#746 = CARTESIAN_POINT ( 'NONE',  ( 1.584721306464044394E-15, 7.056372431667339639E-16, 24.66837655001592822 ) ) ;
#747 = CARTESIAN_POINT ( 'NONE',  ( -9.907962015630229047, 7.197966978190510901, 8.749853076271483232 ) ) ;
#748 = CARTESIAN_POINT ( 'NONE',  ( -11.56822265600087007, -15.92359495553341198, 8.979242739895566316 ) ) ;
#749 = DIRECTION ( 'NONE',  ( 0.5000000000000000000, 0.8660254037844385966, 0.000000000000000000 ) ) ;
#750 = DIRECTION ( 'NONE',  ( 0.000000000000000000, 0.000000000000000000, -1.000000000000000000 ) ) ;
#751 = ORIENTED_EDGE ( 'NONE', *, *, #3964, .T. ) ;
#752 = DIRECTION ( 'NONE',  ( -0.5000000000000002220, 0.8660254037844384856, 0.000000000000000000 ) ) ;
#753 = PRODUCT_RELATED_PRODUCT_CATEGORY ( 'part', '', ( #3691 ) ) ;
#754 = CARTESIAN_POINT ( 'NONE',  ( 17.39131501293850235, 8.520093573299606149, 9.650545749611529445 ) ) ;
#755 = LINE ( 'NONE', #5634, #508 ) ;
#756 = FACE_OUTER_BOUND ( 'NONE', #3043, .T. ) ;
#757 = B_SPLINE_SURFACE_WITH_KNOTS ( 'NONE', 3, 1, ( 
 ( #1700, #4789 ),
 ( #3971, #1730 ),
 ( #4431, #2195 ),
 ( #5285, #5257 ),
 ( #3996, #5227 ),
 ( #3885, #4817 ),
 ( #1757, #3555 ),
 ( #1316, #3113 ),
 ( #4900, #2143 ),
 ( #787, #1645 ) ),
 .UNSPECIFIED., .F., .F., .F.,
 ( 4, 2, 2, 2, 4 ),
 ( 2, 2 ),
 ( 0.000000000000000000, 0.2500000000000000555, 0.5000000000000000000, 0.7500000000000002220, 1.000000000000000000 ),
 ( 0.000000000000000000, 1.000000000000000000 ),
 .UNSPECIFIED. ) ;
#758 = CARTESIAN_POINT ( 'NONE',  ( 1.427698004453676006, 13.58872346778648321, 8.817288346933223053 ) ) ;
#759 = CARTESIAN_POINT ( 'NONE',  ( -7.249999999999999112, -8.878689293818310074E-16, 58.75000000000000000 ) ) ;
#760 = CARTESIAN_POINT ( 'NONE',  ( 10.97316186684856909, -0.7681950981822482927, 8.925829213361829773 ) ) ;
#761 = VECTOR ( 'NONE', #4309, 1000.000000000000000 ) ;
#762 = CARTESIAN_POINT ( 'NONE',  ( 12.24096974468337429, -7.918243880236996546, 9.483911076193066947 ) ) ;
#763 = CARTESIAN_POINT ( 'NONE',  ( 11.22700048846008158, 4.999105925688287044, 8.753121458834705493 ) ) ;
#764 = ORIENTED_EDGE ( 'NONE', *, *, #3363, .F. ) ;
#765 = CARTESIAN_POINT ( 'NONE',  ( -14.49994646487060201, 1.523435566383837481, 8.852374245559889943 ) ) ;
#766 = CARTESIAN_POINT ( 'NONE',  ( -23.64580326534703048, -20.34885910458357472, 7.214285714285715301 ) ) ;
#767 = CARTESIAN_POINT ( 'NONE',  ( 2.549390203593316695, -7.846216259435016660, 63.00000000000001421 ) ) ;
#768 = CARTESIAN_POINT ( 'NONE',  ( -3.656058208137585197, -10.44841406800015626, 7.214285714285715301 ) ) ;
#769 = VERTEX_POINT ( 'NONE', #241 ) ;
#770 = CARTESIAN_POINT ( 'NONE',  ( -10.97316186684857264, 0.7681950981821829005, 8.925829213361787140 ) ) ;
#771 = CARTESIAN_POINT ( 'NONE',  ( 7.220562908078073328, -8.390446319961826660, 7.214285714285715301 ) ) ;
#772 = VERTEX_POINT ( 'NONE', #2507 ) ;
#773 = CARTESIAN_POINT ( 'NONE',  ( -16.10311502689370400, -22.90628991581823115, 9.577280781481604777 ) ) ;
#774 = CARTESIAN_POINT ( 'NONE',  ( -9.171670794034247010, 6.663063847655819494, 8.697288872700687179 ) ) ;
#775 = AXIS2_PLACEMENT_3D ( 'NONE', #4030, #3561, #3976 ) ;
#776 = CARTESIAN_POINT ( 'NONE',  ( 16.45710596061862674, 22.65311597553349543, 9.074663436463122679 ) ) ;
#777 = DIRECTION ( 'NONE',  ( 1.000000000000000000, 0.000000000000000000, 0.000000000000000000 ) ) ;
#778 = CARTESIAN_POINT ( 'NONE',  ( -2.675531535256805871, -25.46551024693862431, 9.054651662031208303 ) ) ;
#779 = CARTESIAN_POINT ( 'NONE',  ( 14.29691939704718706, 6.366064965466645909, 8.886785159412948332 ) ) ;
#780 = EDGE_CURVE ( 'NONE', #5208, #4675, #4268, .T. ) ;
#781 = CARTESIAN_POINT ( 'NONE',  ( 19.13873914899688344, 9.271244530480085899, 9.692893076733819058 ) ) ;
#782 = DIRECTION ( 'NONE',  ( -1.000000000000000000, 0.000000000000000000, 0.000000000000000000 ) ) ;
#783 = CARTESIAN_POINT ( 'NONE',  ( -25.57882982243472014, -11.38962092937794957, 4.999478381024407447 ) ) ;
#784 = CARTESIAN_POINT ( 'NONE',  ( 7.795028124859600283, -17.50608726165610562, 8.970773426962608710 ) ) ;
#785 = CARTESIAN_POINT ( 'NONE',  ( 10.40197912289395710, -1.092882997533451528, 8.636644459345795610 ) ) ;
#786 = CARTESIAN_POINT ( 'NONE',  ( -12.31831280331399903, 6.600884007442518353, 21.00000000000000000 ) ) ;
#787 = CARTESIAN_POINT ( 'NONE',  ( 7.216878364870322748, 0.000000000000000000, 44.00000000000000711 ) ) ;
#788 = CARTESIAN_POINT ( 'NONE',  ( -5.469810905230199083, 12.28411052249336066, 8.807460931324810005 ) ) ;
#789 = CARTESIAN_POINT ( 'NONE',  ( -7.715145400434876066, 15.50886129638037048, 9.593051699102415952 ) ) ;
#790 = CARTESIAN_POINT ( 'NONE',  ( 28.39557140533326773, 12.64384636142201046, 9.095426565020519050 ) ) ;
#791 = CARTESIAN_POINT ( 'NONE',  ( -12.39178148431249049, 8.032188506230923508, 9.492080732382259356 ) ) ;
#792 = CARTESIAN_POINT ( 'NONE',  ( 15.73496791596214273, 22.71683810606882048, 9.785582408824424760 ) ) ;
#793 = CARTESIAN_POINT ( 'NONE',  ( 14.49670356161522200, 19.95463283945794686, 9.045875455953151345 ) ) ;
#794 = VECTOR ( 'NONE', #2571, 1000.000000000000000 ) ;
#795 = CARTESIAN_POINT ( 'NONE',  ( 2.549390203593314919, 7.846216259435018436, 61.50000000000001421 ) ) ;
#796 = DIRECTION ( 'NONE',  ( -0.5000000000000001110, 0.8660254037844385966, 0.000000000000000000 ) ) ;
#797 = VERTEX_POINT ( 'NONE', #2003 ) ;
#798 = PRESENTATION_LAYER_ASSIGNMENT (  '', '', ( #532 ) ) ;
#799 = CARTESIAN_POINT ( 'NONE',  ( -13.94875345071599071, 24.37840975558486534, 9.035529747155958802 ) ) ;
#800 = VERTEX_POINT ( 'NONE', #3864 ) ;
#801 = PLANE ( 'NONE',  #5301 ) ;
#802 = CARTESIAN_POINT ( 'NONE',  ( -21.95126177275816559, 15.94722074233532716, 9.067943206606479123 ) ) ;
#803 = CARTESIAN_POINT ( 'NONE',  ( 7.249999999999999112, -2.355667797688570264, 62.12499999999998579 ) ) ;
#804 = CARTESIAN_POINT ( 'NONE',  ( -1.184547162090448635, -11.27443182660936749, 8.697288872700680074 ) ) ;
#805 = DIRECTION ( 'NONE',  ( -0.000000000000000000, -0.000000000000000000, -1.000000000000000000 ) ) ;
#806 = EDGE_CURVE ( 'NONE', #3467, #169, #5649, .T. ) ;
#807 = CARTESIAN_POINT ( 'NONE',  ( -27.90458680842348471, 2.309552998127173407, 9.789322327038767924 ) ) ;
#808 =( NAMED_UNIT ( * ) SI_UNIT ( $, .STERADIAN. ) SOLID_ANGLE_UNIT ( ) );
#809 = CARTESIAN_POINT ( 'NONE',  ( -8.250000000000000000, -1.010333609296566550E-15, 62.49999999999998579 ) ) ;
#810 = CARTESIAN_POINT ( 'NONE',  ( -4.863411899919175774, 9.866470961374350424, 8.956607300572734687 ) ) ;
#811 = PLANE ( 'NONE',  #1359 ) ;
#812 = CARTESIAN_POINT ( 'NONE',  ( -18.49676397355469959, 1.218466154110536825, 9.628694860343003370 ) ) ;
#813 = CARTESIAN_POINT ( 'NONE',  ( -30.83030477106747824, 3.239183187640569450, 10.00049293681678542 ) ) ;
#814 = EDGE_CURVE ( 'NONE', #645, #2603, #3727, .T. ) ;
#815 = CARTESIAN_POINT ( 'NONE',  ( -4.943397923019551499, 11.10189136245481123, 8.744794086262944077 ) ) ;
#816 = CARTESIAN_POINT ( 'NONE',  ( -7.249999999999999112, -8.878689293818310074E-16, 61.25000000000000000 ) ) ;
#817 = EDGE_CURVE ( 'NONE', #1684, #2709, #1094, .T. ) ;
#818 = CARTESIAN_POINT ( 'NONE',  ( 12.13035354516790321, 6.284972679717467869, 9.436039436531943991 ) ) ;
#819 = CARTESIAN_POINT ( 'NONE',  ( -10.40686171213510391, 6.524714229545213406, 9.347679155393775474 ) ) ;
#820 = CARTESIAN_POINT ( 'NONE',  ( -17.75246743515390691, 1.128984813634224649, 9.607311826833496937 ) ) ;
#821 = CARTESIAN_POINT ( 'NONE',  ( 10.68030614275153312, 15.91184866756418081, 9.646862156838700741 ) ) ;
#822 = CARTESIAN_POINT ( 'NONE',  ( -17.24006492052029316, -24.75641435796660517, 9.809850538807884490 ) ) ;
#823 = CARTESIAN_POINT ( 'NONE',  ( -1.391487174838244023, -3.766555535049430414, 34.00000000000000711 ) ) ;
#824 = ORIENTED_EDGE ( 'NONE', *, *, #3964, .F. ) ;
#825 = DIRECTION ( 'NONE',  ( 0.5000000000000001110, -0.8660254037844385966, 0.000000000000000000 ) ) ;
#826 = AXIS2_PLACEMENT_3D ( 'NONE', #2426, #1863, #4224 ) ;
#827 = CARTESIAN_POINT ( 'NONE',  ( 26.12004168718202379, -2.744299821940005213, 9.060546209440234477 ) ) ;
#828 = EDGE_CURVE ( 'NONE', #3290, #1566, #4578, .T. ) ;
#829 = ORIENTED_EDGE ( 'NONE', *, *, #4632, .F. ) ;
#830 = CARTESIAN_POINT ( 'NONE',  ( 20.07005227819566429, -1.405917565198823826, 9.668500753904176293 ) ) ;
#831 = CARTESIAN_POINT ( 'NONE',  ( -19.46417791105649187, 14.14039634390928946, 9.039072486902590242 ) ) ;
#832 = CARTESIAN_POINT ( 'NONE',  ( -5.098780407186631614, -7.017869168904328880, 60.37499999999998579 ) ) ;
#833 = B_SPLINE_CURVE_WITH_KNOTS ( 'NONE', 3,
 ( #1565, #2952, #5529, #2064, #647, #5207, #2889, #176, #1182, #3293, #2984, #615, #2443 ),
 .UNSPECIFIED., .F., .F.,
 ( 4, 2, 1, 1, 1, 2, 2, 4 ),
 ( 0.000000000000000000, 0.2499999999999701905, 0.3749999999999552580, 0.4374999999999478195, 0.4687499999999454880, 0.4843749999999468203, 0.4999999999999481526, 1.000000000000000000 ),
 .UNSPECIFIED. ) ;
#834 = CARTESIAN_POINT ( 'NONE',  ( -3.247893552127439243, -30.91320937270464242, 9.095426565020519050 ) ) ;
#835 = CARTESIAN_POINT ( 'NONE',  ( 25.57882982243479830, 11.38962092937776482, 9.074663436463124455 ) ) ;
#836 = CARTESIAN_POINT ( 'NONE',  ( 7.216878364870322748, 0.000000000000000000, 44.00000000000000711 ) ) ;
#837 = CARTESIAN_POINT ( 'NONE',  ( 2.583991878596603176, 27.88051265617881569, 9.471248398658760337 ) ) ;
#838 = CARTESIAN_POINT ( 'NONE',  ( -15.68409744468232603, 11.39423176143096761, 4.999478381024409224 ) ) ;
#839 = CARTESIAN_POINT ( 'NONE',  ( 1.999999999999999556, 3.464101615137754830, 34.00000000000000000 ) ) ;
#840 = CARTESIAN_POINT ( 'NONE',  ( 10.85701420266187789, -1.140691217111446942, 8.669790818246722708 ) ) ;
#841 = CARTESIAN_POINT ( 'NONE',  ( 8.151649281916053980, -3.681115861343894125, 24.00000000000000000 ) ) ;
#842 = FACE_OUTER_BOUND ( 'NONE', #1442, .T. ) ;
#843 = CARTESIAN_POINT ( 'NONE',  ( -4.474493936541298567, 10.04882600167079865, 8.674148813960478321 ) ) ;
#844 = CLOSED_SHELL ( 'NONE', ( #3832, #1236, #1609, #5663, #5124, #1787, #1760, #4391, #3676, #4133, #2907, #5244, #2146, #718, #5033, #1460, #1312, #5517, #5339, #2560, #1004, #3291, #4439, #26, #2729, #2470, #2341, #4085, #98, #1076, #4964, #3414, #1852, #2312, #2780, #3338, #4978, #5557, #5175, #45, #3506, #4772, #5664, #1408, #1508, #3616, #4202, #2039, #2801, #3393, #1679, #898, #5228, #3252, #3650, #1682, #2690, #483 ) ) ;
#845 = CARTESIAN_POINT ( 'NONE',  ( 18.85566626830913961, -12.87487134188262949, 9.722190541089178240 ) ) ;
#846 = DIRECTION ( 'NONE',  ( -1.000000000000000000, 0.000000000000000000, 0.000000000000000000 ) ) ;
#847 = CARTESIAN_POINT ( 'NONE',  ( -4.811252243246877391, -4.166666666666670515, 44.00000000000000711 ) ) ;
#848 = CARTESIAN_POINT ( 'NONE',  ( -24.59013476750911309, 1.932532151167669410, 9.750172582966193602 ) ) ;
#849 = CARTESIAN_POINT ( 'NONE',  ( 18.26936301128256801, 25.14767785320555404, 9.095426565020519050 ) ) ;
#850 = CARTESIAN_POINT ( 'NONE',  ( -13.41883779792279796, -18.47095653516682390, 9.025451658185614789 ) ) ;
#851 = ADVANCED_FACE ( 'NONE', ( #739 ), #3417, .T. ) ;
#852 = CARTESIAN_POINT ( 'NONE',  ( -13.45039591264400158, -27.93003490497513042, 8.285714285714284699 ) ) ;
#853 = ORIENTED_EDGE ( 'NONE', *, *, #5813, .T. ) ;
#854 = CARTESIAN_POINT ( 'NONE',  ( -0.2815793122212060240, -10.99639545900969395, 9.244236608254535525 ) ) ;
#855 = CARTESIAN_POINT ( 'NONE',  ( 24.05445442407872036, -2.527279082607965854, 9.040454340733054650 ) ) ;
#856 = ORIENTED_EDGE ( 'NONE', *, *, #1249, .F. ) ;
#857 = B_SPLINE_CURVE_WITH_KNOTS ( 'NONE', 3,
 ( #1803, #4146, #2382, #144, #1438, #1904, #5359, #3707, #1941, #3737, #2794, #5494, #3318, #1091, #1468, #2887, #3231, #2440, #4238, #2691, #1339, #5019, #996, #3260, #4919, #5052, #895, #1028, #2826, #4617, #2537, #5675, #3353, #5141, #2918, #237, #5706, #4793, #3799, #3889, #4704, #325, #1148, #674, #2568, #3470, #3412, #4351, #3035, #2472, #1650, #5587, #4823, #4735, #1120, #4294, #4323, #5203, #1590, #1674, #4264, #2030, #3443, #792, #1179 ),
 .UNSPECIFIED., .F., .F.,
 ( 4, 2, 2, 2, 1, 1, 1, 2, 2, 1, 1, 2, 2, 1, 1, 2, 2, 1, 1, 2, 2, 1, 1, 2, 2, 1, 1, 1, 2, 2, 1, 1, 1, 2, 2, 1, 1, 1, 2, 2, 1, 1, 1, 4 ),
 ( 0.000000000000000000, 0.05318794598723853434, 0.05983643923564332251, 0.06316068585984575823, 0.06648493248404818701, 0.07978191898085745803, 0.1063758919744762221, 0.1196728784712856319, 0.1263213717196904062, 0.1329698649680951805, 0.1595638379617143054, 0.1861578109553334304, 0.1928063042037383434, 0.1994547974521432565, 0.2127517839489530549, 0.2393457569425724574, 0.2526427434393821447, 0.2659397299361918598, 0.3191276759234302207, 0.3723156219106686371, 0.3856126084074781857, 0.3989095949042876788, 0.4255035678979063873, 0.4321520611463114392, 0.4388005543947163800, 0.4520975408915262062, 0.4786915138851465246, 0.4919885003819569613, 0.4986369936303622352, 0.5052854868787673981, 0.5318794598723879385, 0.5850674058596289084, 0.6116613788532491158, 0.6249583653500589975, 0.6266204886621603576, 0.6282826119742616067, 0.6316068585984643269, 0.6382553518468698783, 0.7446312438213517071, 0.7512797370697570365, 0.7579282303181623659, 0.7712252168149726916, 0.7978191898085932321, 0.8510071357958343130 ),
 .UNSPECIFIED. ) ;
#858 = ORIENTED_EDGE ( 'NONE', *, *, #3345, .T. ) ;
#859 = CARTESIAN_POINT ( 'NONE',  ( 23.44160785969403449, -1.799972391140414407, 9.732501247234319308 ) ) ;
#860 = CARTESIAN_POINT ( 'NONE',  ( 1.934103979646190519, 18.40865789219486715, 8.957068822608102110 ) ) ;
#861 = CARTESIAN_POINT ( 'NONE',  ( -6.674390203593317139, 4.849228331412902548, 62.24999999999998579 ) ) ;
#862 = CARTESIAN_POINT ( 'NONE',  ( -2.201324438624428392, -20.95204235492076705, 9.001241796277085427 ) ) ;
#863 = CARTESIAN_POINT ( 'NONE',  ( 0.000000000000000000, 0.000000000000000000, 57.50000000000000000 ) ) ;
#864 = CARTESIAN_POINT ( 'NONE',  ( -8.730906341724713471, -4.867316815616591796, 9.143094280162275211 ) ) ;
#865 = CARTESIAN_POINT ( 'NONE',  ( -14.11663882739781073, -19.43147582005030216, 9.038635318908225358 ) ) ;
#866 = CARTESIAN_POINT ( 'NONE',  ( -22.65311597553355938, 16.45710596061855213, 4.999478381024406559 ) ) ;
#867 = FACE_OUTER_BOUND ( 'NONE', #1942, .T. ) ;
#868 = CARTESIAN_POINT ( 'NONE',  ( 14.49994646487059313, -1.523435566383938955, 8.852374245559889943 ) ) ;
#869 = CARTESIAN_POINT ( 'NONE',  ( -20.96278631946567472, 1.511168106433404601, 9.687831937662293669 ) ) ;
#870 = CARTESIAN_POINT ( 'NONE',  ( -4.867316815616562486, 8.730906341724731234, 9.143094280162275211 ) ) ;
#871 = CARTESIAN_POINT ( 'NONE',  ( -9.730813276761812958, 21.85347680871194953, 9.037590209674169373 ) ) ;
#872 = CARTESIAN_POINT ( 'NONE',  ( -0.5759163139084584326, -13.28319404546672367, 9.413923788595457864 ) ) ;
#873 = EDGE_CURVE ( 'NONE', #5462, #1133, #833, .T. ) ;
#874 =( BOUNDED_SURFACE ( )  B_SPLINE_SURFACE ( 3, 1, ( 
 ( #719, #186 ),
 ( #687, #4749 ),
 ( #3844, #1634 ),
 ( #1604, #5187 ),
 ( #2487, #5218 ),
 ( #1191, #2552 ),
 ( #4336, #311 ) ),
 .UNSPECIFIED., .T., .F., .T. ) 
 B_SPLINE_SURFACE_WITH_KNOTS ( ( 4, 3, 4 ),
 ( 2, 2 ),
 ( 0.000000000000000000, 0.5000000000000000000, 1.000000000000000000 ),
 ( 0.000000000000000000, 1.000000000000000000 ),
 .UNSPECIFIED. ) 
 GEOMETRIC_REPRESENTATION_ITEM ( )  RATIONAL_B_SPLINE_SURFACE ( (
 ( 1.000000000000000000, 1.000000000000000000),
 ( 0.3333333333333333703, 0.3333333333333332038),
 ( 0.3333333333333333703, 0.3333333333333332038),
 ( 1.000000000000000000, 1.000000000000000000),
 ( 0.3333333333333333703, 0.3333333333333333703),
 ( 0.3333333333333333703, 0.3333333333333333703),
 ( 1.000000000000000000, 1.000000000000000000) ) ) 
 REPRESENTATION_ITEM ( '' )  SURFACE ( )  );
#875 = DIRECTION ( 'NONE',  ( -0.7559289460184581699, -3.653718467762363616E-16, -0.6546536707079728679 ) ) ;
#876 = CARTESIAN_POINT ( 'NONE',  ( -5.111955508449807617, -3.645833333333338366, 44.00000000000000711 ) ) ;
#877 = CARTESIAN_POINT ( 'NONE',  ( -12.27858475146805084, 0.4477613417579644484, 9.349182199096759405 ) ) ;
#878 = CARTESIAN_POINT ( 'NONE',  ( -8.390446319961851529, -7.220562908078042241, 7.214285714285715301 ) ) ;
#879 = EDGE_CURVE ( 'NONE', #769, #4905, #5148, .T. ) ;
#880 = EDGE_CURVE ( 'NONE', #1798, #2060, #3771, .T. ) ;
#881 = CARTESIAN_POINT ( 'NONE',  ( -11.22992211840151278, -16.64728856475710472, 9.668587843497215673 ) ) ;
#882 = CARTESIAN_POINT ( 'NONE',  ( 16.17805893812677454, 22.85323629148608759, 9.471248398658758560 ) ) ;
#883 = CARTESIAN_POINT ( 'NONE',  ( 3.269606807521086012E-13, -30.99999999999999289, 4.000000000000000000 ) ) ;
#884 = VERTEX_POINT ( 'NONE', #1123 ) ;
#885 = CARTESIAN_POINT ( 'NONE',  ( -11.79560420890037875, 8.569307133952451139, 8.852374245559889943 ) ) ;
#886 = CARTESIAN_POINT ( 'NONE',  ( 10.93978556392716506, -1.149387582711248967, 24.66837655001592822 ) ) ;
#887 = ORIENTED_EDGE ( 'NONE', *, *, #203, .F. ) ;
#888 = AXIS2_PLACEMENT_3D ( 'NONE', #279, #4832, #4774 ) ;
#889 = ORIENTED_EDGE ( 'NONE', *, *, #1533, .T. ) ;
#890 = CARTESIAN_POINT ( 'NONE',  ( 23.57598006959886661, -1.815495515574644170, 9.734601941943553882 ) ) ;
#891 = VECTOR ( 'NONE', #2425, 1000.000000000000000 ) ;
#892 = CARTESIAN_POINT ( 'NONE',  ( 2.499606907197371441, 23.79107271573951721, 9.037590209674171149 ) ) ;
#893 = CARTESIAN_POINT ( 'NONE',  ( 4.480746418436736711, 6.167218360552289447, 62.62500000000000711 ) ) ;
#894 = CARTESIAN_POINT ( 'NONE',  ( 27.99999999999999645, 3.479172019836427839E-15, 8.999332994034793032 ) ) ;
#895 = CARTESIAN_POINT ( 'NONE',  ( 8.855305761539971954, 13.48185471662382895, 9.550102190098639809 ) ) ;
#896 = EDGE_CURVE ( 'NONE', #2597, #3176, #2651, .T. ) ;
#897 = CARTESIAN_POINT ( 'NONE',  ( -22.26194746672966573, -10.62144544721319050, 9.750172582966193602 ) ) ;
#898 = ADVANCED_FACE ( 'NONE', ( #329, #5764 ), #2152, .T. ) ;
#899 = B_SPLINE_CURVE_WITH_KNOTS ( 'NONE', 3,
 ( #4656, #1476, #4683, #1917, #3268, #684, #1570, #5026, #3362, #3715 ),
 .UNSPECIFIED., .F., .F.,
 ( 4, 3, 3, 4 ),
 ( 0.000000000000000000, 0.005031637882900891548, 0.01006327576580178310, 0.01700000035875126603 ),
 .UNSPECIFIED. ) ;
#900 = CARTESIAN_POINT ( 'NONE',  ( -0.8232021523058909995, -10.96923636009634784, 8.889619462053364174 ) ) ;
#901 = CARTESIAN_POINT ( 'NONE',  ( -5.098780407186631614, -7.017869168904328880, 62.87499999999998579 ) ) ;
#902 = CARTESIAN_POINT ( 'NONE',  ( -5.010008248122107766, 9.794128150611562944, 9.063833485541744395 ) ) ;
#903 = CARTESIAN_POINT ( 'NONE',  ( 13.64768066686076331, -0.6222307698574829349, 9.436039436531943991 ) ) ;
#904 = CARTESIAN_POINT ( 'NONE',  ( -18.57830103635855323, 1.228242905208390967, 9.630950504033302551 ) ) ;
#905 = CARTESIAN_POINT ( 'NONE',  ( 0.9785353239473110198, 16.51489849772872986, 9.565904075243510718 ) ) ;
#906 = CARTESIAN_POINT ( 'NONE',  ( -7.759091321190217272, 17.42538032758709221, 8.968104430231891300 ) ) ;
#907 = CARTESIAN_POINT ( 'NONE',  ( -0.8295285446040469024, -15.30507420767161797, 9.517545350385887559 ) ) ;
#908 = CARTESIAN_POINT ( 'NONE',  ( -1.400340958979803481E-15, 7.623101125727435701, 62.87500000000000711 ) ) ;
#909 = CARTESIAN_POINT ( 'NONE',  ( -15.92846901835822493, 0.9066327476823389242, 9.543886106340938369 ) ) ;
#910 = CARTESIAN_POINT ( 'NONE',  ( 21.95126177275805546, -15.94722074233547993, 9.067943206606472017 ) ) ;
#911 =( BOUNDED_CURVE ( )  B_SPLINE_CURVE ( 2, ( #544, #2340, #2658 ),
 .UNSPECIFIED., .F., .T. ) 
 B_SPLINE_CURVE_WITH_KNOTS ( ( 3, 3 ),
 ( 0.08333888588391054342, 0.08740979427194937867 ),
 .UNSPECIFIED. ) 
 CURVE ( )  GEOMETRIC_REPRESENTATION_ITEM ( )  RATIONAL_B_SPLINE_CURVE ( ( 0.9972047752087662698, 0.9969660925700685183, 0.9968908004128683720 ) ) 
 REPRESENTATION_ITEM ( '' )  );
#912 = CARTESIAN_POINT ( 'NONE',  ( -15.03564492351066129, -20.69648266434503014, 9.054700542784383188 ) ) ;
#913 = CARTESIAN_POINT ( 'NONE',  ( 10.63825429266172051, 14.64349861060407854, 8.948779096979999181 ) ) ;
#914 = VERTEX_POINT ( 'NONE', #5735 ) ;
#915 = CARTESIAN_POINT ( 'NONE',  ( -25.49493074207573784, 17.78414223553924955, 9.817307459269112968 ) ) ;
#916 = CARTESIAN_POINT ( 'NONE',  ( 5.311638120268219422E-16, -8.674563349965705328, 63.12499999999998579 ) ) ;
#917 = ORIENTED_EDGE ( 'NONE', *, *, #880, .F. ) ;
#918 = ORIENTED_EDGE ( 'NONE', *, *, #5245, .F. ) ;
#919 = CARTESIAN_POINT ( 'NONE',  ( 1.279641250899407501, 12.17953029436230672, 8.749853076271488561 ) ) ;
#920 = CARTESIAN_POINT ( 'NONE',  ( 8.063570590128186666, -7.481900115480010882, 6.142857142857142350 ) ) ;
#921 = CARTESIAN_POINT ( 'NONE',  ( -7.249999999999999112, -2.355667797688572040, 61.12500000000000000 ) ) ;
#922 = CARTESIAN_POINT ( 'NONE',  ( -0.5644095466365252056, -13.19139442198552814, 9.409485193919609358 ) ) ;
#923 = CARTESIAN_POINT ( 'NONE',  ( -20.01889682603362530, -8.913920138475956989, 9.013873883218943561 ) ) ;
#924 = CARTESIAN_POINT ( 'NONE',  ( -0.9828036047434970390, -10.95624670784943611, 8.784349666569195136 ) ) ;
#925 = FACE_OUTER_BOUND ( 'NONE', #3916, .T. ) ;
#926 = LINE ( 'NONE', #594, #4800 ) ;
#927 = DIRECTION ( 'NONE',  ( -1.000000000000000000, 0.000000000000000000, 0.000000000000000000 ) ) ;
#928 = CONICAL_SURFACE ( 'NONE', #1489, 6.500000000000005329, 0.7853981633974452814 ) ;
#929 = B_SPLINE_CURVE_WITH_KNOTS ( 'NONE', 3,
 ( #835, #5775, #5694, #1278, #2634, #2136, #424, #3546, #1662, #4423, #5248, #395, #5304, #4397, #3076, #5328, #3457, #4780, #1305, #1221, #1722, #340, #365, #2187, #5746, #3930, #3106, #3022, #4892, #4452, #4338, #3514, #1692, #2161, #4808, #2216, #4017, #5804, #779, #1779, #2582, #5220, #5718, #1193, #5277, #2997, #2554, #4206, #612, #1498, #5555, #4178, #205, #581, #3575, #4585, #3603 ),
 .UNSPECIFIED., .F., .F.,
 ( 4, 1, 1, 1, 2, 2, 1, 1, 2, 2, 1, 1, 1, 2, 2, 1, 1, 1, 1, 1, 2, 2, 1, 1, 1, 2, 2, 1, 1, 1, 1, 2, 2, 1, 1, 1, 1, 2, 2, 1, 4 ),
 ( 0.1439684925078894007, 0.1974704617261459627, 0.2242214463352742437, 0.2375969386398386618, 0.2442846847921208986, 0.2509724309444031354, 0.3044744001626599750, 0.3312253847717880895, 0.3446008770763518969, 0.3512886232286338561, 0.3579763693809157599, 0.4649803078174286064, 0.4917312924265563878, 0.4984190385788385691, 0.5051067847311208059, 0.5184822770356847244, 0.5719842462539410644, 0.5987352308630689013, 0.6121107231676325977, 0.6187984693199144459, 0.6221423423960553700, 0.6254862154721962941, 0.6789881846904550766, 0.7324901539087138591, 0.7458656462132786658, 0.7492095192894199229, 0.7525533923655609581, 0.7592411385178432504, 0.7859921231269717534, 0.8394940923452287596, 0.8662450769543574847, 0.8729328231066395549, 0.8762766961827808121, 0.8796205692589220693, 0.8929960615634862098, 0.9197470461726151569, 0.9331225384771797415, 0.9364664115533205546, 0.9398102846294615897, 0.9464980307817438820, 1.000000000000000000 ),
 .UNSPECIFIED. ) ;
#930 = DIRECTION ( 'NONE',  ( -1.000000000000000000, 0.000000000000000000, 0.000000000000000000 ) ) ;
#931 = CARTESIAN_POINT ( 'NONE',  ( 1.787797670337070155, 23.33626447297688955, 9.730842690680061580 ) ) ;
#932 = CARTESIAN_POINT ( 'NONE',  ( 3.625018694413992382, -6.278716531225775555, 57.50000000000000000 ) ) ;
#933 = CARTESIAN_POINT ( 'NONE',  ( -0.9279923894602742918, -16.10328155549728635, 9.550102190098641586 ) ) ;
#934 = CIRCLE ( 'NONE', #4222, 6.250000000000000000 ) ;
#935 = CARTESIAN_POINT ( 'NONE',  ( 8.249999999999998224, -2.680587493921476661, 60.87500000000002132 ) ) ;
#936 = CARTESIAN_POINT ( 'NONE',  ( 5.865373209218367911, 4.261443079120431854, 60.00000000000000711 ) ) ;
#937 = CARTESIAN_POINT ( 'NONE',  ( 0.000000000000000000, 0.000000000000000000, 21.00000000000000000 ) ) ;
#938 = B_SPLINE_SURFACE_WITH_KNOTS ( 'NONE', 3, 1, ( 
 ( #2798, #2322 ),
 ( #4621, #498 ),
 ( #84, #1877 ),
 ( #3157, #3675 ),
 ( #3234, #5464 ),
 ( #4502, #5056 ),
 ( #474, #1032 ),
 ( #4942, #2266 ),
 ( #4589, #1441 ),
 ( #554, #2351 ) ),
 .UNSPECIFIED., .F., .F., .F.,
 ( 4, 2, 2, 2, 4 ),
 ( 2, 2 ),
 ( 0.000000000000000000, 0.2499999999999998890, 0.5000000000000000000, 0.7499999999999998890, 1.000000000000000000 ),
 ( 0.000000000000000000, 1.000000000000000000 ),
 .UNSPECIFIED. ) ;
#939 = DIRECTION ( 'NONE',  ( -0.000000000000000000, 0.000000000000000000, -1.000000000000000000 ) ) ;
#940 = CARTESIAN_POINT ( 'NONE',  ( 7.197966978190549980, 9.907962015630204178, 8.749853076271479679 ) ) ;
#941 = ORIENTED_EDGE ( 'NONE', *, *, #2867, .T. ) ;
#942 = CARTESIAN_POINT ( 'NONE',  ( 15.77296162578171312, -23.13468568084764954, 8.285714285714284699 ) ) ;
#943 = CARTESIAN_POINT ( 'NONE',  ( 5.500000000000111910, -9.526279441628759059, 4.000000000000000000 ) ) ;
#944 = ORIENTED_EDGE ( 'NONE', *, *, #4200, .F. ) ;
#945 = ORIENTED_EDGE ( 'NONE', *, *, #3777, .T. ) ;
#946 = CARTESIAN_POINT ( 'NONE',  ( 2.315468781731190084, 22.03845972683646792, 9.016918189217619783 ) ) ;
#947 = CIRCLE ( 'NONE', #5255, 4.000000000000000000 ) ;
#948 = LINE ( 'NONE', #2744, #4305 ) ;
#949 = CARTESIAN_POINT ( 'NONE',  ( -27.84672688999643242, 2.925713846901159876, 9.074663436463131561 ) ) ;
#950 = CARTESIAN_POINT ( 'NONE',  ( -11.22700048846004428, -4.999105925688364316, 8.753121458834705493 ) ) ;
#951 = CARTESIAN_POINT ( 'NONE',  ( -2.522070504394322121, 6.826881907277093653, 57.50000000000000711 ) ) ;
#952 = CARTESIAN_POINT ( 'NONE',  ( 8.249999999999998224, 2.680587493921479325, 58.87499999999998579 ) ) ;
#953 = CARTESIAN_POINT ( 'NONE',  ( 4.440639529438753286, -9.972795717309308472, 8.669790818246722708 ) ) ;
#954 = CARTESIAN_POINT ( 'NONE',  ( 7.250000000000000000, 0.000000000000000000, 57.50000000000000000 ) ) ;
#955 = CARTESIAN_POINT ( 'NONE',  ( -3.779099109679983304, -1.357050874347305314, 34.00000000000000711 ) ) ;
#956 = EDGE_CURVE ( 'NONE', #797, #1903, #4797, .T. ) ;
#957 = LINE ( 'NONE', #5814, #3430 ) ;
#958 = CARTESIAN_POINT ( 'NONE',  ( -9.188511357460797058, 18.94664531688205500, 9.688649277955970973 ) ) ;
#959 = VECTOR ( 'NONE', #5618, 1000.000000000000000 ) ;
#960 = CARTESIAN_POINT ( 'NONE',  ( 10.01325154341968648, 4.554387114882823440, 8.731743395424979681 ) ) ;
#961 = CARTESIAN_POINT ( 'NONE',  ( -20.24360037458620099, -9.013975076769314754, 9.016918189217619783 ) ) ;
#962 = CARTESIAN_POINT ( 'NONE',  ( 8.390446319961903043, 7.220562908077983622, 7.214285714285715301 ) ) ;
#963 = CARTESIAN_POINT ( 'NONE',  ( -4.426646089001737394, 10.14598061107941795, 5.071428571428571175 ) ) ;
#964 = CARTESIAN_POINT ( 'NONE',  ( -23.88647110688550512, 2.509629930551178667, 9.038635318908223582 ) ) ;
#965 = ORIENTED_EDGE ( 'NONE', *, *, #4945, .T. ) ;
#966 = CARTESIAN_POINT ( 'NONE',  ( -15.50373601017057368, 11.26320222703163587, 8.970773426962608710 ) ) ;
#967 = CARTESIAN_POINT ( 'NONE',  ( 14.24491838361644369, -1.496641064049006653, 8.843057415417666434 ) ) ;
#968 = VERTEX_POINT ( 'NONE', #2177 ) ;
#969 = EDGE_LOOP ( 'NONE', ( #492, #3322, #5592, #3428, #1095, #5523 ) ) ;
#970 = CARTESIAN_POINT ( 'NONE',  ( 1.361658179730056206, 12.96016132563090117, 8.789169392377738532 ) ) ;
#971 = CARTESIAN_POINT ( 'NONE',  ( -2.697955085553627175, -27.86977419651241306, 9.339059826362916539 ) ) ;
#972 = CARTESIAN_POINT ( 'NONE',  ( -1.236313838692769007, -11.76714320604257580, 8.728034140222046489 ) ) ;
#973 = AXIS2_PLACEMENT_3D ( 'NONE', #5599, #2134, #3928 ) ;
#974 = FACE_OUTER_BOUND ( 'NONE', #1872, .T. ) ;
#975 = CARTESIAN_POINT ( 'NONE',  ( -13.80094826656319995, -20.10336849714945728, 9.745943207972320721 ) ) ;
#976 = CARTESIAN_POINT ( 'NONE',  ( -25.08023554434071301, 18.22036731354196348, 10.00049293681678542 ) ) ;
#977 = CARTESIAN_POINT ( 'NONE',  ( 8.250000000000000000, 0.000000000000000000, 61.24999999999998579 ) ) ;
#978 = CARTESIAN_POINT ( 'NONE',  ( 6.250000000000000000, 9.246948741478207341E-16, 21.00000000000000000 ) ) ;
#979 = EDGE_CURVE ( 'NONE', #3711, #312, #3980, .T. ) ;
#980 = CARTESIAN_POINT ( 'NONE',  ( 9.650466312901599508, -5.947262607347691521, 9.274755408069180973 ) ) ;
#981 = CARTESIAN_POINT ( 'NONE',  ( 11.38962092937804371, -25.57882982243468462, 9.074671307245079532 ) ) ;
#982 = FACE_OUTER_BOUND ( 'NONE', #2386, .T. ) ;
#983 = CARTESIAN_POINT ( 'NONE',  ( 1.375394250802603802, 19.81256796155102506, 9.662450345237981963 ) ) ;
#984 = CARTESIAN_POINT ( 'NONE',  ( -3.637306695894642061, 4.342160359065296731E-16, 64.75000000000000000 ) ) ;
#985 = CARTESIAN_POINT ( 'NONE',  ( -10.00824062098798350, 20.84579371895743449, 9.726382675456344273 ) ) ;
#986 = CARTESIAN_POINT ( 'NONE',  ( 11.65045705224263450, -25.46114935249532962, 9.405155380086272388 ) ) ;
#987 = CARTESIAN_POINT ( 'NONE',  ( 6.674390203593317139, -4.849228331412903437, 63.25000000000001421 ) ) ;
#988 = CARTESIAN_POINT ( 'NONE',  ( -23.88164611864187847, -10.63390695935247621, 9.059469684201998163 ) ) ;
#989 = EDGE_CURVE ( 'NONE', #4038, #884, #5753, .T. ) ;
#990 = CARTESIAN_POINT ( 'NONE',  ( 9.399955717183145154, 5.739884570637435957, 8.763480628664169103 ) ) ;
#991 = CARTESIAN_POINT ( 'NONE',  ( 13.55304518093935684, -0.6101104991208633477, 9.429744918685754484 ) ) ;
#992 = CARTESIAN_POINT ( 'NONE',  ( 6.663063847655851468, 9.171670794034225693, 8.697288872700678297 ) ) ;
#993 = VERTEX_POINT ( 'NONE', #4414 ) ;
#994 = CARTESIAN_POINT ( 'NONE',  ( 13.50075850866494243, -1.418455973964466432, 8.812913050800608161 ) ) ;
#995 = ORIENTED_EDGE ( 'NONE', *, *, #3431, .T. ) ;
#996 = CARTESIAN_POINT ( 'NONE',  ( 8.370929896627346878, 12.83981879834751538, 9.517545350385884007 ) ) ;
#997 = ORIENTED_EDGE ( 'NONE', *, *, #189, .T. ) ;
#998 = B_SPLINE_CURVE_WITH_KNOTS ( 'NONE', 3,
 ( #1281, #1752, #2612, #5332, #3188, #2190, #837, #4972, #3966, #451 ),
 .UNSPECIFIED., .F., .F.,
 ( 4, 3, 3, 4 ),
 ( 0.000000000000000000, 0.0002622927178851088502, 0.0005245854360846700492, 0.0009453804127720484259 ),
 .UNSPECIFIED. ) ;
#999 = DIRECTION ( 'NONE',  ( -0.000000000000000000, -0.000000000000000000, 1.000000000000000000 ) ) ;
#1000 = CARTESIAN_POINT ( 'NONE',  ( -27.99999999999999645, 4.348965024795536771E-16, 8.999332994034862310 ) ) ;
#1001 = ORIENTED_EDGE ( 'NONE', *, *, #5762, .T. ) ;
#1002 = CARTESIAN_POINT ( 'NONE',  ( -4.811252243246880944, 4.166666666666667851, 44.00000000000000711 ) ) ;
#1003 = CARTESIAN_POINT ( 'NONE',  ( -1.818653347947320142, -3.149999999999999911, 44.75000000000000000 ) ) ;
#1004 = ADVANCED_FACE ( 'NONE', ( #2126 ), #3543, .F. ) ;
#1005 = DIRECTION ( 'NONE',  ( 0.5000000000000001110, -0.8660254037844385966, 0.000000000000000000 ) ) ;
#1006 = CARTESIAN_POINT ( 'NONE',  ( -9.118939387438459221, 6.151857403512731359, 8.925829213361790693 ) ) ;
#1007 = CARTESIAN_POINT ( 'NONE',  ( 3.624999999999995559, 6.278684177437183322, 57.50000000000000000 ) ) ;
#1008 = CARTESIAN_POINT ( 'NONE',  ( 5.311638120268220408E-16, -8.674563349965705328, 60.62499999999998579 ) ) ;
#1009 = CARTESIAN_POINT ( 'NONE',  ( 4.812892411663105108, -10.80880186574871615, 8.728034140222046489 ) ) ;
#1010 = AXIS2_PLACEMENT_3D ( 'NONE', #100, #2783, #4664 ) ;
#1011 = CARTESIAN_POINT ( 'NONE',  ( 27.84672688999641821, -2.925713846901357940, 4.999478381024408336 ) ) ;
#1012 = CARTESIAN_POINT ( 'NONE',  ( -2.000000000000000888, 3.464101615137754386, 34.00000000000000000 ) ) ;
#1013 = CARTESIAN_POINT ( 'NONE',  ( 0.000000000000000000, 0.000000000000000000, 34.00000000000000000 ) ) ;
#1014 = CARTESIAN_POINT ( 'NONE',  ( -28.00000000000000000, 0.000000000000000000, -4.000000000000000000 ) ) ;
#1015 =( NAMED_UNIT ( * ) PLANE_ANGLE_UNIT ( ) SI_UNIT ( $, .RADIAN. ) );
#1016 = CARTESIAN_POINT ( 'NONE',  ( -9.088626517475884015, -6.196520638699925421, 8.285714285714284699 ) ) ;
#1017 = CARTESIAN_POINT ( 'NONE',  ( -1.447421748708005218, -20.42127712299246056, 9.676375761156624122 ) ) ;
#1018 = CARTESIAN_POINT ( 'NONE',  ( 4.943397923019630547, -11.10189136245477748, 8.744794086262942301 ) ) ;
#1019 = FACE_OUTER_BOUND ( 'NONE', #4739, .T. ) ;
#1020 = CARTESIAN_POINT ( 'NONE',  ( -4.480746418436738487, 6.167218360552287670, 60.87500000000000000 ) ) ;
#1021 = CARTESIAN_POINT ( 'NONE',  ( 17.92813159285499580, -13.02448465006733969, 9.016918189217616231 ) ) ;
#1022 = CARTESIAN_POINT ( 'NONE',  ( 7.056372431667285404E-16, -1.584721306464047155E-15, 24.66837655001592822 ) ) ;
#1023 = CARTESIAN_POINT ( 'NONE',  ( -12.60582416446654364, 1.324429777879211123, 8.772138810067749759 ) ) ;
#1024 = ORIENTED_EDGE ( 'NONE', *, *, #1747, .T. ) ;
#1025 = CARTESIAN_POINT ( 'NONE',  ( 8.250000000000000000, 0.000000000000000000, 61.24999999999998579 ) ) ;
#1026 = VERTEX_POINT ( 'NONE', #5793 ) ;
#1027 = ORIENTED_EDGE ( 'NONE', *, *, #4339, .F. ) ;
#1028 = CARTESIAN_POINT ( 'NONE',  ( 9.104885697903188913, 13.81305397798087498, 9.565904075243510718 ) ) ;
#1029 = ORIENTED_EDGE ( 'NONE', *, *, #214, .F. ) ;
#1030 = ADVANCED_FACE ( 'NONE', ( #2572 ), #5636, .T. ) ;
#1031 = CARTESIAN_POINT ( 'NONE',  ( -3.608439182435160486, -6.250000000000000000, 44.00000000000000711 ) ) ;
#1032 = CARTESIAN_POINT ( 'NONE',  ( -6.849617136294971154, 2.459654709754490298, 57.50000000000001421 ) ) ;
#1033 = ORIENTED_EDGE ( 'NONE', *, *, #4200, .T. ) ;
#1034 = CARTESIAN_POINT ( 'NONE',  ( 25.32085755726652820, 11.95216183644694929, 9.789322327038767924 ) ) ;
#1035 = CARTESIAN_POINT ( 'NONE',  ( -20.71128384231143116, 14.25152707670768670, 9.756333960009660800 ) ) ;
#1036 = CARTESIAN_POINT ( 'NONE',  ( 6.602456118291451403, 3.064210548375215115, 57.50000000000000000 ) ) ;
#1037 = CARTESIAN_POINT ( 'NONE',  ( -6.465291627385827411, -8.899438418959629615, 8.674148813960478321 ) ) ;
#1038 = CARTESIAN_POINT ( 'NONE',  ( -11.73527575448360949, -17.32517899631345770, 9.685943259803069694 ) ) ;
#1039 = CARTESIAN_POINT ( 'NONE',  ( -9.481198442058923703, 5.664502150503705202, 9.141370585886830824 ) ) ;
#1040 = CARTESIAN_POINT ( 'NONE',  ( 8.249999999999998224, 2.680587493921479325, 61.12500000000001421 ) ) ;
#1041 = CARTESIAN_POINT ( 'NONE',  ( 4.999105925688406060, -11.22700048846002829, 8.753121458834705493 ) ) ;
#1042 = CARTESIAN_POINT ( 'NONE',  ( 19.09028748444158907, -13.04886661217334876, 9.726382675456347826 ) ) ;
#1043 = CARTESIAN_POINT ( 'NONE',  ( -3.957676365536820562, -0.6782145250745565956, 34.00000000000002132 ) ) ;
#1044 = CARTESIAN_POINT ( 'NONE',  ( 2.105800076986651614, 26.10801828510195577, 9.769298644417231614 ) ) ;
#1045 = CARTESIAN_POINT ( 'NONE',  ( 22.65311597553344569, -16.45710596061870845, 9.074671307245079532 ) ) ;
#1046 = CARTESIAN_POINT ( 'NONE',  ( -5.742052567068570923, -9.382368161451624999, 9.244236608254535525 ) ) ;
#1047 = CARTESIAN_POINT ( 'NONE',  ( 5.826330009994960868, -13.08478172707224019, 8.843057415417662881 ) ) ;
#1048 = SURFACE_STYLE_FILL_AREA ( #4167 ) ;
#1049 = CARTESIAN_POINT ( 'NONE',  ( 3.625014661673709782, 6.278709542963015089, 57.50000000000000000 ) ) ;
#1050 = CARTESIAN_POINT ( 'NONE',  ( 10.93357207641618878, -7.943055356445554160, 8.810339537001679489 ) ) ;
#1051 = PLANE ( 'NONE',  #4176 ) ;
#1052 = AXIS2_PLACEMENT_3D ( 'NONE', #1370, #1888, #927 ) ;
#1053 = CARTESIAN_POINT ( 'NONE',  ( -12.17953029436230850, 1.279641250899363758, 8.749853076271486785 ) ) ;
#1054 = B_SPLINE_CURVE_WITH_KNOTS ( 'NONE', 3,
 ( #3792, #2849, #605, #5611, #572, #4698, #2405, #2433, #4729, #4198, #1964, #165, #4231, #5578, #3760, #5196, #3347, #698, #5549, #2818, #5135, #1114, #2911, #2464, #668, #4258, #228, #2023, #1616, #3824, #2498, #1584, #4289, #260, #5640, #3406, #2529, #4318, #2974, #1171, #4759, #730, #4599, #1924, #2331, #2067, #3896, #305, #4161, #1186, #563, #744, #2099, #5476, #5149, #4131, #2363, #1569, #5686, #278, #712, #3244, #128, #2988, #3838 ),
 .UNSPECIFIED., .F., .F.,
 ( 4, 2, 2, 2, 1, 1, 1, 2, 2, 1, 1, 2, 2, 1, 1, 2, 2, 1, 1, 2, 2, 1, 1, 2, 2, 1, 1, 1, 2, 2, 1, 1, 1, 2, 2, 1, 1, 1, 2, 2, 1, 1, 1, 4 ),
 ( 0.000000000000000000, 0.05318794598723913802, 0.05983643923564409273, 0.06316068585984642436, 0.06648493248404876987, 0.07978191898085856826, 0.1063758919744779846, 0.1196728784712878108, 0.1263213717196925712, 0.1329698649680973455, 0.1595638379617170255, 0.1861578109553366778, 0.1928063042037416464, 0.1994547974521465872, 0.2127517839489567741, 0.2393457569425768983, 0.2526427434393869187, 0.2659397299361969669, 0.3191276759234376592, 0.3723156219106781850, 0.3856126084074882887, 0.3989095949042983924, 0.4255035678979191549, 0.4321520611463242623, 0.4388005543947295362, 0.4520975408915398064, 0.4786915138851609575, 0.4919885003819715052, 0.4986369936303766681, 0.5052854868787817200, 0.5318794598724012612, 0.5850674058596404548, 0.6116613788532596629, 0.6249583653500694336, 0.6266204886621709047, 0.6282826119742724869, 0.6316068585984748740, 0.6382553518468803144, 0.7446312438213594787, 0.7512797370697642529, 0.7579282303181690272, 0.7712252168149781317, 0.7978191898085968958, 0.8510071357958343130 ),
 .UNSPECIFIED. ) ;
#1055 = CARTESIAN_POINT ( 'NONE',  ( 6.674390203593315363, 4.849228331412905213, 61.49999999999998579 ) ) ;
#1056 = EDGE_LOOP ( 'NONE', ( #5047, #1620, #108, #4418 ) ) ;
#1057 = ORIENTED_EDGE ( 'NONE', *, *, #3877, .T. ) ;
#1058 = CARTESIAN_POINT ( 'NONE',  ( 6.500000000000005329, 0.000000000000000000, -64.00000000000000000 ) ) ;
#1059 = ORIENTED_EDGE ( 'NONE', *, *, #3530, .T. ) ;
#1060 = CARTESIAN_POINT ( 'NONE',  ( -3.007032652029299147, -6.250000000000000000, 44.00000000000000711 ) ) ;
#1061 = DIRECTION ( 'NONE',  ( 0.000000000000000000, 0.000000000000000000, 1.000000000000000000 ) ) ;
#1062 = ORIENTED_EDGE ( 'NONE', *, *, #1334, .F. ) ;
#1063 = CARTESIAN_POINT ( 'NONE',  ( -2.288675134594813976, 3.297434948471087424, 34.00000000000000000 ) ) ;
#1064 = CARTESIAN_POINT ( 'NONE',  ( -15.02767870246256443, 10.01752884944953692, 9.615340244562172956 ) ) ;
#1065 =( BOUNDED_CURVE ( )  B_SPLINE_CURVE ( 2, ( #3656, #2722, #4130, #3608, #481, #562, #5475, #454, #533, #5391, #954 ),
 .UNSPECIFIED., .F., .T. ) 
 B_SPLINE_CURVE_WITH_KNOTS ( ( 3, 2, 2, 2, 2, 3 ),
 ( 0.7500000000000006661, 0.8000000000000005995, 0.8500000000000004219, 0.9000000000000003553, 0.9500000000000000666, 1.000000000000000000 ),
 .UNSPECIFIED. ) 
 CURVE ( )  GEOMETRIC_REPRESENTATION_ITEM ( )  RATIONAL_B_SPLINE_CURVE ( ( 0.9999999999999993339, 0.9510565162951541973, 1.000000000000000000, 0.9510565162951535312, 1.000000000000000000, 0.9510565162951535312, 1.000000000000000000, 0.9510565162951535312, 1.000000000000000000, 0.9510565162951535312, 1.000000000000000000 ) ) 
 REPRESENTATION_ITEM ( '' )  );
#1066 = CARTESIAN_POINT ( 'NONE',  ( -14.16963060741906055, -7.146077198433986588, 9.539913078800433155 ) ) ;
#1067 = DIRECTION ( 'NONE',  ( 1.000000000000000000, 0.000000000000000000, 0.000000000000000000 ) ) ;
#1068 = CARTESIAN_POINT ( 'NONE',  ( -10.45680890910351124, -15.61398379303096817, 9.635644574541020191 ) ) ;
#1069 = CARTESIAN_POINT ( 'NONE',  ( 3.101776318546896061, 6.580767510770515472, 57.49999999999999289 ) ) ;
#1070 = CARTESIAN_POINT ( 'NONE',  ( 6.674390203593315363, 4.849228331412905213, 61.25000000000001421 ) ) ;
#1071 = CARTESIAN_POINT ( 'NONE',  ( -2.744299821939728101, -26.12004168718205221, 9.060546209440230925 ) ) ;
#1072 = CARTESIAN_POINT ( 'NONE',  ( 16.32968374119188226, -10.99219342079678441, 9.658275495602525851 ) ) ;
#1073 = AXIS2_PLACEMENT_3D ( 'NONE', #1022, #1775, #1374 ) ;
#1074 = FACE_OUTER_BOUND ( 'NONE', #4554, .T. ) ;
#1075 = EDGE_CURVE ( 'NONE', #3351, #2181, #592, .T. ) ;
#1076 = ADVANCED_FACE ( 'NONE', ( #153 ), #4330, .F. ) ;
#1077 = CARTESIAN_POINT ( 'NONE',  ( 2.240373209218368800, -6.895159743139863018, 59.50000000000000000 ) ) ;
#1078 = CIRCLE ( 'NONE', #4082, 7.250000000000000000 ) ;
#1079 = FACE_OUTER_BOUND ( 'NONE', #4443, .T. ) ;
#1080 = CARTESIAN_POINT ( 'NONE',  ( -1.511168106433332436, -20.96278631946567117, 9.687831937662291892 ) ) ;
#1081 = CARTESIAN_POINT ( 'NONE',  ( 11.78587146010310427, -25.39885165126197109, 9.577280781481604777 ) ) ;
#1082 = CARTESIAN_POINT ( 'NONE',  ( 0.5582696592624778464, 10.98696791041097143, 9.063833485541749724 ) ) ;
#1083 = CARTESIAN_POINT ( 'NONE',  ( -7.250000000000001776, 2.355667797688569820, 61.12500000000000000 ) ) ;
#1084 = CARTESIAN_POINT ( 'NONE',  ( -14.64497650039987953, -6.521046193946872904, 8.897793442001319164 ) ) ;
#1085 = CARTESIAN_POINT ( 'NONE',  ( 10.54299985527591055, -7.659311237732607580, 8.789169392377734980 ) ) ;
#1086 = CARTESIAN_POINT ( 'NONE',  ( -7.718325367626759359, 15.51612086313652128, 9.592965428804635764 ) ) ;
#1087 = CARTESIAN_POINT ( 'NONE',  ( 11.05433072587799082, -8.030784474682524987, 8.817288346933223053 ) ) ;
#1088 = CARTESIAN_POINT ( 'NONE',  ( -8.250000000000000000, -1.010333609296566550E-15, 59.99999999999998579 ) ) ;
#1089 = EDGE_LOOP ( 'NONE', ( #467, #3410, #4736, #5049 ) ) ;
#1090 = ORIENTED_EDGE ( 'NONE', *, *, #3479, .T. ) ;
#1091 = CARTESIAN_POINT ( 'NONE',  ( 7.253455505858744878, 11.36449460210473106, 9.424864755848394893 ) ) ;
#1092 = EDGE_LOOP ( 'NONE', ( #1945, #3383, #3798, #4035 ) ) ;
#1093 = CARTESIAN_POINT ( 'NONE',  ( -2.240373209218368356, -6.895159743139863906, 61.75000000000000000 ) ) ;
#1094 = LINE ( 'NONE', #677, #1735 ) ;
#1095 = ORIENTED_EDGE ( 'NONE', *, *, #4456, .F. ) ;
#1096 = CARTESIAN_POINT ( 'NONE',  ( -6.465291627385827411, -8.899438418959629615, 8.674148813960478321 ) ) ;
#1097 = CARTESIAN_POINT ( 'NONE',  ( 5.554932031332913134, 4.702115091351420695, 57.50000000000001421 ) ) ;
#1098 =( BOUNDED_CURVE ( )  B_SPLINE_CURVE ( 1, ( #29, #2770 ),
 .UNSPECIFIED., .F., .F. ) 
 B_SPLINE_CURVE_WITH_KNOTS ( ( 2, 2 ),
 ( 3.587512589331088104E-10, 0.01700000035875126256 ),
 .UNSPECIFIED. ) 
 CURVE ( )  GEOMETRIC_REPRESENTATION_ITEM ( )  RATIONAL_B_SPLINE_CURVE ( ( 0.9968701940290738417, 0.9968701940290738417 ) ) 
 REPRESENTATION_ITEM ( '' )  );
#1099 = CARTESIAN_POINT ( 'NONE',  ( -11.38962092937785897, 25.57882982243475922, 4.999478381024409224 ) ) ;
#1100 = EDGE_CURVE ( 'NONE', #3711, #2130, #4099, .T. ) ;
#1101 = CARTESIAN_POINT ( 'NONE',  ( -10.61392125273721554, -15.82382826911767459, 9.642623109992769059 ) ) ;
#1102 = LINE ( 'NONE', #4363, #229 ) ;
#1103 = CARTESIAN_POINT ( 'NONE',  ( 8.249999999999998224, 2.680587493921479325, 58.62500000000002132 ) ) ;
#1104 = CARTESIAN_POINT ( 'NONE',  ( 2.447730273519422184, 10.72420703400006836, 6.142857142857142350 ) ) ;
#1105 = ORIENTED_EDGE ( 'NONE', *, *, #1861, .F. ) ;
#1106 = CARTESIAN_POINT ( 'NONE',  ( 17.39872143354536149, -11.79010312929313464, 9.687831937662291892 ) ) ;
#1107 = CARTESIAN_POINT ( 'NONE',  ( 2.081922288277440192, 25.89849154555350452, 9.766734352938289732 ) ) ;
#1108 = DIRECTION ( 'NONE',  ( 0.5000000000000001110, -0.8660254037844385966, 0.000000000000000000 ) ) ;
#1109 = CARTESIAN_POINT ( 'NONE',  ( -2.268462889921665226, -27.54084285149506428, 9.785582408824417655 ) ) ;
#1110 = LINE ( 'NONE', #3820, #4032 ) ;
#1111 = CARTESIAN_POINT ( 'NONE',  ( 2.864635127650245305, 27.26538418090856553, 9.070458438625532693 ) ) ;
#1112 = CARTESIAN_POINT ( 'NONE',  ( -2.240373209218368356, -6.895159743139863906, 59.25000000000000000 ) ) ;
#1113 = CARTESIAN_POINT ( 'NONE',  ( -12.34567376055594501, -5.497223494061934446, 8.810339537001683041 ) ) ;
#1114 = CARTESIAN_POINT ( 'NONE',  ( 6.815119587485293451, -13.38781400466939786, 9.503916713854554388 ) ) ;
#1115 = CARTESIAN_POINT ( 'NONE',  ( -13.01684931542371793, 29.23326206622817480, 9.100485408565127443 ) ) ;
#1116 = CARTESIAN_POINT ( 'NONE',  ( -13.41971035843759275, 1.409940657377159789, 8.809460114356459925 ) ) ;
#1117 = CARTESIAN_POINT ( 'NONE',  ( -5.865373209218367911, -4.261443079120430966, 63.75000000000000000 ) ) ;
#1118 = ORIENTED_EDGE ( 'NONE', *, *, #3852, .T. ) ;
#1119 = ORIENTED_EDGE ( 'NONE', *, *, #3085, .F. ) ;
#1120 = CARTESIAN_POINT ( 'NONE',  ( 13.36025527174375327, 19.50964990160095525, 9.734601941943552106 ) ) ;
#1121 = ORIENTED_EDGE ( 'NONE', *, *, #1262, .T. ) ;
#1122 = CARTESIAN_POINT ( 'NONE',  ( -0.6475438817085458210, -7.249999999999999112, 57.50000000000000000 ) ) ;
#1123 = CARTESIAN_POINT ( 'NONE',  ( -23.01130455913925488, 15.95242497197640930, 9.789322327038767924 ) ) ;
#1124 = ORIENTED_EDGE ( 'NONE', *, *, #3328, .T. ) ;
#1125 = DIRECTION ( 'NONE',  ( 0.000000000000000000, -0.000000000000000000, -1.000000000000000000 ) ) ;
#1126 = CARTESIAN_POINT ( 'NONE',  ( 4.651217908141162205, 5.597618080579463751, 57.50000000000001421 ) ) ;
#1127 = B_SPLINE_CURVE_WITH_KNOTS ( 'NONE', 3,
 ( #2342, #4141, #107, #1899, #3700, #1403, #5821, #2679, #517, #3199, #4471, #438, #4057, #964, #4519, #2762, #466, #1794, #3591, #5375, #2259, #20, #1817, #3618, #5400, #1378, #4172, #3255, #4291, #5613, #3795, #2467, #3349, #1995, #2944, #2914, #2851, #3377, #3315, #607, #139, #2026, #2057, #5137, #1116, #167, #702, #2821, #1023, #262, #4700, #1053, #5169, #1558, #670, #3858, #5109 ),
 .UNSPECIFIED., .F., .F.,
 ( 4, 1, 1, 1, 2, 2, 1, 1, 2, 2, 1, 1, 1, 2, 2, 1, 1, 1, 1, 1, 2, 2, 1, 1, 1, 2, 2, 1, 1, 1, 1, 2, 2, 1, 1, 1, 1, 2, 2, 1, 4 ),
 ( 0.1439684925078889011, 0.1974704617261560935, 0.2242214463352899534, 0.2375969386398568972, 0.2442846847921400499, 0.2509724309444232304, 0.3044744001626852326, 0.3312253847718162891, 0.3446008770763818174, 0.3512886232286645538, 0.3579763693809473457, 0.4649803078174646331, 0.4917312924265939689, 0.4984190385788758726, 0.5051067847311578873, 0.5184822770357215838, 0.5719842462539774797, 0.5987352308631055386, 0.6121107231676696792, 0.6187984693199514163, 0.6221423423960925625, 0.6254862154722337086, 0.6789881846904899376, 0.7324901539087461666, 0.7458656462133101961, 0.7492095192894511202, 0.7525533923655919333, 0.7592411385178736705, 0.7859921231270007302, 0.8394940923452545167, 0.8662450769543813545, 0.8729328231066629806, 0.8762766961828035717, 0.8796205692589442737, 0.8929960615635069709, 0.9197470461726323654, 0.9331225384771949516, 0.9364664115533354316, 0.9398102846294759116, 0.9464980307817565386, 1.000000000000000000 ),
 .UNSPECIFIED. ) ;
#1128 = CARTESIAN_POINT ( 'NONE',  ( -2.405626121623439584, 6.249999999999998224, 44.00000000000000711 ) ) ;
#1129 = CARTESIAN_POINT ( 'NONE',  ( -4.474493936541301231, 10.04882600167079687, 4.999478381024406559 ) ) ;
#1130 = CARTESIAN_POINT ( 'NONE',  ( -8.418588373621529897, -11.58814066302338297, 8.843057415417671763 ) ) ;
#1131 = FACE_OUTER_BOUND ( 'NONE', #471, .T. ) ;
#1132 = CARTESIAN_POINT ( 'NONE',  ( 5.664502150503739841, 9.481198442058904163, 9.141370585886830824 ) ) ;
#1133 = VERTEX_POINT ( 'NONE', #2837 ) ;
#1134 = CARTESIAN_POINT ( 'NONE',  ( 13.48185471662380230, -8.855305761540019915, 9.550102190098643362 ) ) ;
#1135 = CARTESIAN_POINT ( 'NONE',  ( 14.40984710608424457, 7.247975793957285973, 9.550102190098639809 ) ) ;
#1136 = VECTOR ( 'NONE', #332, 1000.000000000000227 ) ;
#1137 = CARTESIAN_POINT ( 'NONE',  ( -1.500457425641644527, -20.87168301316183872, 9.685943259803069694 ) ) ;
#1138 = CARTESIAN_POINT ( 'NONE',  ( 0.000000000000000000, 0.000000000000000000, -63.00000000000000000 ) ) ;
#1139 = CARTESIAN_POINT ( 'NONE',  ( 1.571313814064199343, 14.95564806690456727, 8.867918396825432481 ) ) ;
#1140 = CARTESIAN_POINT ( 'NONE',  ( -2.240373209218368356, -6.895159743139863906, 61.75000000000000000 ) ) ;
#1141 = CARTESIAN_POINT ( 'NONE',  ( -14.15623904355881280, 0.6862196314291082455, 9.463104457248791235 ) ) ;
#1142 = CARTESIAN_POINT ( 'NONE',  ( 12.85719935971597927, -9.340538072032817496, 8.893807934287654149 ) ) ;
#1143 = CARTESIAN_POINT ( 'NONE',  ( -7.235643762380707500, 16.24982092040589521, 8.942110561798720880 ) ) ;
#1144 = CARTESIAN_POINT ( 'NONE',  ( 25.14767785320549365, -18.26936301128265683, 9.095426565020519050 ) ) ;
#1145 = CARTESIAN_POINT ( 'NONE',  ( -2.240373209218368356, -6.895159743139863906, 64.00000000000000000 ) ) ;
#1146 = ORIENTED_EDGE ( 'NONE', *, *, #5413, .F. ) ;
#1147 = ORIENTED_EDGE ( 'NONE', *, *, #5581, .F. ) ;
#1148 = CARTESIAN_POINT ( 'NONE',  ( 11.73527575448372851, 17.32517899631337244, 9.685943259803071470 ) ) ;
#1149 = VERTEX_POINT ( 'NONE', #1951 ) ;
#1150 = B_SPLINE_CURVE_WITH_KNOTS ( 'NONE', 3,
 ( #5005, #2777, #531, #5600, #4219, #4278, #656, #2074, #3814, #1573, #2517, #1162, #2961 ),
 .UNSPECIFIED., .F., .F.,
 ( 4, 2, 1, 1, 1, 2, 2, 4 ),
 ( 0.000000000000000000, 0.2499999999999809042, 0.3749999999999732436, 0.4374999999999694134, 0.4687499999999663602, 0.4843749999999659717, 0.4999999999999655831, 1.000000000000000000 ),
 .UNSPECIFIED. ) ;
#1151 = EDGE_CURVE ( 'NONE', #4779, #1903, #5009, .T. ) ;
#1152 = CARTESIAN_POINT ( 'NONE',  ( 5.311638120268219422E-16, -8.674563349965705328, 60.37500000000000000 ) ) ;
#1153 = CARTESIAN_POINT ( 'NONE',  ( 2.309552998127271106, 27.90458680842348471, 9.789322327038767924 ) ) ;
#1154 = ORIENTED_EDGE ( 'NONE', *, *, #956, .F. ) ;
#1155 = CARTESIAN_POINT ( 'NONE',  ( -13.05469992497603293, 8.533159899603059984, 9.528853671068432618 ) ) ;
#1156 = CARTESIAN_POINT ( 'NONE',  ( -20.25529308040006171, -9.752901008472592892, 9.715715572878977468 ) ) ;
#1157 = CARTESIAN_POINT ( 'NONE',  ( 10.58607183763672310, -23.77421792190977712, 9.058421679211720701 ) ) ;
#1158 = CARTESIAN_POINT ( 'NONE',  ( -16.02790393469592090, -22.95897929932398540, 9.683307533425935532 ) ) ;
#1159 = CARTESIAN_POINT ( 'NONE',  ( -12.16488758851119023, 8.837585269036120295, 8.867948148798296515 ) ) ;
#1160 = CARTESIAN_POINT ( 'NONE',  ( -7.222866025196203132, -9.942235417092863514, 8.752111538817342051 ) ) ;
#1161 = CARTESIAN_POINT ( 'NONE',  ( -4.480746418436736711, -6.167218360552288559, 63.87500000000000711 ) ) ;
#1162 = CARTESIAN_POINT ( 'NONE',  ( -9.726862253152786408, -5.138628184955276623, 9.158627922748951988 ) ) ;
#1163 = VERTEX_POINT ( 'NONE', #1885 ) ;
#1164 = CARTESIAN_POINT ( 'NONE',  ( 18.57390657413204238, -12.66514786448948904, 9.715715572878977468 ) ) ;
#1165 = CARTESIAN_POINT ( 'NONE',  ( 10.95201674051503815, 5.791208189622994773, 9.355217637996823044 ) ) ;
#1166 = CARTESIAN_POINT ( 'NONE',  ( 1.073794588529640270, 17.29651751947933391, 9.592965428804635764 ) ) ;
#1167 = CIRCLE ( 'NONE', #2588, 12.50000000000000000 ) ;
#1168 = CARTESIAN_POINT ( 'NONE',  ( -2.240373209218369688, 6.895159743139863018, 60.75000000000000000 ) ) ;
#1169 =( BOUNDED_CURVE ( )  B_SPLINE_CURVE ( 2, ( #5251, #316, #4341, #5720, #5696, #3401, #342 ),
 .UNSPECIFIED., .F., .T. ) 
 B_SPLINE_CURVE_WITH_KNOTS ( ( 3, 2, 2, 3 ),
 ( 0.01666172618599907895, 0.03571428571428571230, 0.07142857142857142461, 0.09646968323894186681 ),
 .UNSPECIFIED. ) 
 CURVE ( )  GEOMETRIC_REPRESENTATION_ITEM ( )  RATIONAL_B_SPLINE_CURVE ( ( 0.9968701940290738417, 0.9966456421313096836, 1.000000000000000000, 0.9937122098932426040, 1.000000000000000000, 0.9955913088571033409, 0.9973649352736200235 ) ) 
 REPRESENTATION_ITEM ( '' )  );
#1170 = CARTESIAN_POINT ( 'NONE',  ( -11.57917885100737188, -5.155922249061306140, 8.772138810067746206 ) ) ;
#1171 = CARTESIAN_POINT ( 'NONE',  ( 8.817465812009093185, -18.08413391079849220, 9.668500753904172740 ) ) ;
#1172 = VECTOR ( 'NONE', #1525, 1000.000000000000000 ) ;
#1173 = CARTESIAN_POINT ( 'NONE',  ( -11.71891226573767320, 24.78617035356967691, 9.783644783752150076 ) ) ;
#1174 = CARTESIAN_POINT ( 'NONE',  ( -6.483835888386174418, 12.60277244948163400, 9.463104457248803669 ) ) ;
#1175 = FACE_OUTER_BOUND ( 'NONE', #3644, .T. ) ;
#1176 = ORIENTED_EDGE ( 'NONE', *, *, #2250, .T. ) ;
#1177 = EDGE_CURVE ( 'NONE', #111, #5051, #3702, .T. ) ;
#1178 = ORIENTED_EDGE ( 'NONE', *, *, #956, .T. ) ;
#1179 = CARTESIAN_POINT ( 'NONE',  ( 15.95242497197650167, 23.01130455913920869, 9.789322327038767924 ) ) ;
#1180 = EDGE_LOOP ( 'NONE', ( #2890, #3865, #2439, #81 ) ) ;
#1181 = CARTESIAN_POINT ( 'NONE',  ( 6.674390203593317139, -4.849228331412903437, 63.25000000000001421 ) ) ;
#1182 = CARTESIAN_POINT ( 'NONE',  ( 9.143823317639968806, -6.114777872082066246, 8.955131925795004832 ) ) ;
#1183 = ORIENTED_EDGE ( 'NONE', *, *, #3515, .F. ) ;
#1184 = CARTESIAN_POINT ( 'NONE',  ( 27.92170632107304229, 2.092442620419912913, 8.285714285714284699 ) ) ;
#1185 = CARTESIAN_POINT ( 'NONE',  ( -18.90988953997885602, -9.172683190172703505, 9.687831937662291892 ) ) ;
#1186 = CARTESIAN_POINT ( 'NONE',  ( 10.11985403715008047, -21.10369669819871774, 9.730842690680065132 ) ) ;
#1187 = CARTESIAN_POINT ( 'NONE',  ( 11.95216201933149058, -25.32085747093983485, 9.789319808576792070 ) ) ;
#1188 = CARTESIAN_POINT ( 'NONE',  ( -9.942235417092836869, 7.222866025196234219, 8.752111538817334946 ) ) ;
#1189 = CARTESIAN_POINT ( 'NONE',  ( -6.465291627385827411, -8.899438418959629615, 8.674148813960478321 ) ) ;
#1190 = CARTESIAN_POINT ( 'NONE',  ( -16.45710596061846687, -22.65311597553361267, 9.074671307245079532 ) ) ;
#1191 = CARTESIAN_POINT ( 'NONE',  ( -12.67169488794241516, -5.894119838185690519, 21.00000000000000000 ) ) ;
#1192 = ORIENTED_EDGE ( 'NONE', *, *, #4512, .T. ) ;
#1193 = CARTESIAN_POINT ( 'NONE',  ( 12.34567376055598409, 5.497223494061844740, 8.810339537001677712 ) ) ;
#1194 = CARTESIAN_POINT ( 'NONE',  ( 3.608439182435160486, -6.250000000000000000, 44.00000000000000711 ) ) ;
#1195 =( NAMED_UNIT ( * ) PLANE_ANGLE_UNIT ( ) SI_UNIT ( $, .RADIAN. ) );
#1196 = DIRECTION ( 'NONE',  ( 0.000000000000000000, 0.000000000000000000, 1.000000000000000000 ) ) ;
#1197 = CARTESIAN_POINT ( 'NONE',  ( 3.247893552127657735, 30.91320937270461400, 9.095426565020519050 ) ) ;
#1198 = CARTESIAN_POINT ( 'NONE',  ( 7.249999999999999112, -2.355667797688570264, 59.87499999999998579 ) ) ;
#1199 = CARTESIAN_POINT ( 'NONE',  ( 3.616719591217577356, 6.264342088718590773, 50.75000000000000000 ) ) ;
#1200 = CARTESIAN_POINT ( 'NONE',  ( 0.000000000000000000, 0.000000000000000000, 8.000000000000000000 ) ) ;
#1201 = CARTESIAN_POINT ( 'NONE',  ( -6.731496285756399800, 13.18984625568493207, 9.494005665049332521 ) ) ;
#1202 = CARTESIAN_POINT ( 'NONE',  ( 15.83107865034460282, 7.049188175623314123, 8.931712705553785270 ) ) ;
#1203 = EDGE_LOOP ( 'NONE', ( #52, #4092, #439, #5140 ) ) ;
#1204 = CARTESIAN_POINT ( 'NONE',  ( -17.69057960520968820, 1.858659149246797648, 8.942110561798720880 ) ) ;
#1205 = CARTESIAN_POINT ( 'NONE',  ( 9.578192151852613634, 14.44232627460687901, 9.592965428804635764 ) ) ;
#1206 = CARTESIAN_POINT ( 'NONE',  ( 8.250000000000000000, 0.000000000000000000, 61.00000000000001421 ) ) ;
#1207 = CARTESIAN_POINT ( 'NONE',  ( 3.608439182435158710, -6.250000000000000000, 44.00000000000000711 ) ) ;
#1208 = ORIENTED_EDGE ( 'NONE', *, *, #5150, .F. ) ;
#1209 = CARTESIAN_POINT ( 'NONE',  ( 21.08535487089844906, 22.72460802672466329, 6.142857142857142350 ) ) ;
#1210 = CARTESIAN_POINT ( 'NONE',  ( 24.31160524906737663, -2.554296610821728208, 9.043200165331578333 ) ) ;
#1211 = AXIS2_PLACEMENT_3D ( 'NONE', #2246, #2693, #2719 ) ;
#1212 = B_SPLINE_CURVE_WITH_KNOTS ( 'NONE', 3,
 ( #5006, #980, #1808, #3686, #1452, #4598, #1833, #5418, #1923, #5507, #1481, #1393, #3191, #4280, #1636, #2933, #2900, #4688, #3816, #156, #658, #2871, #1606, #4220, #2453, #4661, #1134, #1954, #3398, #3846, #4718, #2964, #1575, #3429, #5602, #4249, #1072, #689, #3751, #5097, #4751, #1984, #2013, #1106, #2076, #5189, #187, #1164, #1042, #2490, #252, #5570, #2046, #625, #221, #5540, #5631, #2423, #721, #2520, #595, #3368, #5156, #4311, #3783 ),
 .UNSPECIFIED., .F., .F.,
 ( 4, 2, 2, 2, 1, 1, 1, 2, 2, 1, 1, 2, 2, 1, 1, 2, 2, 1, 1, 2, 2, 1, 1, 2, 2, 1, 1, 1, 2, 2, 1, 1, 1, 2, 2, 1, 1, 1, 2, 2, 1, 1, 1, 4 ),
 ( 0.000000000000000000, 0.05318794598724174705, 0.05983643923564692380, 0.06316068585984944972, 0.06648493248405197564, 0.07978191898086160749, 0.1063758919744809822, 0.1196728784712906418, 0.1263213717196954022, 0.1329698649681001765, 0.1595638379617190517, 0.1861578109553378435, 0.1928063042037426178, 0.1994547974521474198, 0.2127517839489572460, 0.2393457569425768983, 0.2526427434393869187, 0.2659397299361969114, 0.3191276759234373817, 0.3723156219106778519, 0.3856126084074882332, 0.3989095949042986144, 0.4255035678979197655, 0.4321520611463250394, 0.4388005543947301468, 0.4520975408915404725, 0.4786915138851607909, 0.4919885003819706726, 0.4986369936303756689, 0.5052854868787806097, 0.5318794598723998179, 0.5850674058596380123, 0.6116613788532572205, 0.6249583653500668801, 0.6266204886621682402, 0.6282826119742696003, 0.6316068585984722095, 0.6382553518468773168, 0.7446312438213544826, 0.7512797370697592569, 0.7579282303181639202, 0.7712252168149741349, 0.7978191898085943423, 0.8510071357958346461 ),
 .UNSPECIFIED. ) ;
#1213 = ADVANCED_FACE ( 'NONE', ( #4127 ), #5534, .T. ) ;
#1214 = ORIENTED_EDGE ( 'NONE', *, *, #3935, .T. ) ;
#1215 = CARTESIAN_POINT ( 'NONE',  ( 27.88898648699672833, -2.492561735444032589, 9.577280781481604777 ) ) ;
#1216 = CARTESIAN_POINT ( 'NONE',  ( -10.25474907312815276, 7.449901915405263253, 8.772138810067744430 ) ) ;
#1217 = CARTESIAN_POINT ( 'NONE',  ( -9.198462910967940331, -12.66163368075989304, 8.886785159412964319 ) ) ;
#1218 = CARTESIAN_POINT ( 'NONE',  ( 4.771704203701248481, -9.911238424112330136, 8.889619462053357068 ) ) ;
#1219 = CARTESIAN_POINT ( 'NONE',  ( -2.960449253800272906, -28.17733591054701847, 9.077380910921631241 ) ) ;
#1220 = ORIENTED_EDGE ( 'NONE', *, *, #3576, .T. ) ;
#1221 = CARTESIAN_POINT ( 'NONE',  ( 19.17030374867630371, 8.536062607795601664, 9.000015129673823111 ) ) ;
#1222 = CARTESIAN_POINT ( 'NONE',  ( 20.84579371895746647, 10.00824062098791423, 9.726382675456347826 ) ) ;
#1223 = CARTESIAN_POINT ( 'NONE',  ( -26.26142011680866517, -9.856658499241101268, 5.572962681898414594 ) ) ;
#1224 = B_SPLINE_SURFACE_WITH_KNOTS ( 'NONE', 1, 3, ( 
 ( #2506, #4325, #300, #4518, #3563, #912, #3093, #850, #5399, #2205, #4470, #2650, #4934, #3979, #1377, #382, #3120, #2176, #3174, #1402, #1793, #2231, #4879, #4495 ),
 ( #2735, #1815, #822, #2703, #1739, #1353, #1294, #3149, #1766, #881, #5346, #4853, #2624, #4413, #4441, #4906, #4084, #5763, #1841, #4958, #465, #19, #2258, #5373 ) ),
 .UNSPECIFIED., .F., .F., .F.,
 ( 2, 2 ),
 ( 4, 2, 2, 2, 2, 2, 2, 2, 2, 2, 2, 4 ),
 ( 0.000000000000000000, 1.000000000000000000 ),
 ( 0.01982871850929110447, 0.02257970761283119993, 0.02533069671637129538, 0.02808168581991139084, 0.03083267492345148977, 0.03358366402699158870, 0.03495915857876163990, 0.03633465313053168416, 0.03771014768230172842, 0.03908564223407177962, 0.04046113678584183082, 0.04183663133761187508 ),
 .UNSPECIFIED. ) ;
#1225 = CARTESIAN_POINT ( 'NONE',  ( 10.03286718135438704, -22.53182997522001330, 9.045875455953151345 ) ) ;
#1226 = CARTESIAN_POINT ( 'NONE',  ( -11.49411215572262535, 25.53211039377508484, 9.206866708977537783 ) ) ;
#1227 = CARTESIAN_POINT ( 'NONE',  ( 1.946096880074513980, -8.729988942339176106, 24.00000000000000000 ) ) ;
#1228 = CARTESIAN_POINT ( 'NONE',  ( 7.233439182435161818, 0.000000000000000000, 50.75000000000000000 ) ) ;
#1229 = AXIS2_PLACEMENT_3D ( 'NONE', #4475, #5378, #1845 ) ;
#1230 = CARTESIAN_POINT ( 'NONE',  ( -5.604869982002318451, 12.58742642406286905, 8.821446984288815685 ) ) ;
#1231 = CARTESIAN_POINT ( 'NONE',  ( -6.215213273664475402, 11.96392403434613527, 9.424864755848398445 ) ) ;
#1232 = ORIENTED_EDGE ( 'NONE', *, *, #5330, .F. ) ;
#1233 = CARTESIAN_POINT ( 'NONE',  ( -9.931214073995855429, 6.161855745405769191, 9.303692016028186629 ) ) ;
#1234 = CARTESIAN_POINT ( 'NONE',  ( -11.76714320604256869, 1.236313838692810751, 8.728034140222046489 ) ) ;
#1235 = ORIENTED_EDGE ( 'NONE', *, *, #745, .F. ) ;
#1236 = ADVANCED_FACE ( 'NONE', ( #2302 ), #3804, .F. ) ;
#1237 = CARTESIAN_POINT ( 'NONE',  ( 5.098780407186631614, 7.017869168904329769, 58.87500000000000711 ) ) ;
#1238 = CARTESIAN_POINT ( 'NONE',  ( -3.608439182435160486, -6.250000000000000000, 44.00000000000000711 ) ) ;
#1239 = VERTEX_POINT ( 'NONE', #2327 ) ;
#1240 = CARTESIAN_POINT ( 'NONE',  ( 6.573353910998288363, 8.906578272178228062, 5.071428571428571175 ) ) ;
#1241 = CARTESIAN_POINT ( 'NONE',  ( 21.15790381324853087, -2.222953254160212389, 9.004298147025632915 ) ) ;
#1242 = ORIENTED_EDGE ( 'NONE', *, *, #2721, .T. ) ;
#1243 = CARTESIAN_POINT ( 'NONE',  ( -9.663947473672850563, -5.254342891941107929, 9.244236608254535525 ) ) ;
#1244 = CARTESIAN_POINT ( 'NONE',  ( -16.43908772444645194, 11.94271944174544586, 8.989849980057547540 ) ) ;
#1245 = AXIS2_PLACEMENT_3D ( 'NONE', #4535, #2248, #1859 ) ;
#1246 = CARTESIAN_POINT ( 'NONE',  ( -4.480746418436736711, -6.167218360552288559, 61.37499999999998579 ) ) ;
#1247 = CARTESIAN_POINT ( 'NONE',  ( -2.172567011496793210, -20.67833130141823261, 8.997110467374628939 ) ) ;
#1248 = CARTESIAN_POINT ( 'NONE',  ( 7.216878364870322748, -1.938269836575387836E-17, 44.00000000000000711 ) ) ;
#1249 = EDGE_CURVE ( 'NONE', #3845, #4582, #91, .T. ) ;
#1250 = EDGE_CURVE ( 'NONE', #3203, #3915, #2098, .T. ) ;
#1251 = CARTESIAN_POINT ( 'NONE',  ( 5.111955508449809393, -3.645833333333335702, 44.00000000000000711 ) ) ;
#1252 = SURFACE_STYLE_USAGE ( .BOTH. , #3433 ) ;
#1253 = CARTESIAN_POINT ( 'NONE',  ( -12.60781670635998353, 1.324639124113373034, 4.999478381024411888 ) ) ;
#1254 = CARTESIAN_POINT ( 'NONE',  ( 3.608439182435160042, 6.249999999999998224, 44.00000000000000711 ) ) ;
#1255 = CARTESIAN_POINT ( 'NONE',  ( 28.17733591054698650, -2.960449253800571334, 9.077380910921631241 ) ) ;
#1256 = EDGE_CURVE ( 'NONE', #4618, #2378, #1324, .T. ) ;
#1258 = EDGE_CURVE ( 'NONE', #3317, #1684, #1102, .T. ) ;
#1257 = CARTESIAN_POINT ( 'NONE',  ( -14.87355238050243855, 0.7758767385492160162, 9.497982529720236045 ) ) ;
#1259 = CARTESIAN_POINT ( 'NONE',  ( -28.59321808576920887, -12.47509352355045564, 5.071428571428571175 ) ) ;
#1260 = CARTESIAN_POINT ( 'NONE',  ( -5.422434047359543818, 12.17771149547487042, 8.802444968223854360 ) ) ;
#1261 = CARTESIAN_POINT ( 'NONE',  ( 10.04372994222135063, -6.247847843178815808, 9.315460168994839307 ) ) ;
#1262 = EDGE_CURVE ( 'NONE', #735, #1626, #277, .T. ) ;
#1263 = CARTESIAN_POINT ( 'NONE',  ( 17.50608726165618734, 7.795028124859413765, 8.970773426962608710 ) ) ;
#1264 = CARTESIAN_POINT ( 'NONE',  ( -10.29823082377791188, 6.441876120673515338, 9.337857415294152474 ) ) ;
#1265 = VECTOR ( 'NONE', #5472, 1000.000000000000000 ) ;
#1266 = CARTESIAN_POINT ( 'NONE',  ( 9.853963246671103349, 14.80959537188210717, 9.607311826833496937 ) ) ;
#1267 = STYLED_ITEM ( 'NONE', ( #70 ), #3523 ) ;
#1268 = CARTESIAN_POINT ( 'NONE',  ( -2.549390203593317583, 7.846216259435016660, 59.25000000000001421 ) ) ;
#1269 = CARTESIAN_POINT ( 'NONE',  ( -27.29798154109110442, 6.230586150776611376, 6.142857142857142350 ) ) ;
#1270 = VERTEX_POINT ( 'NONE', #3901 ) ;
#1271 = AXIS2_PLACEMENT_3D ( 'NONE', #5755, #2642, #5312 ) ;
#1272 = CARTESIAN_POINT ( 'NONE',  ( -10.04882600167078444, -4.474493936541334982, 4.999478381024408336 ) ) ;
#1273 = ORIENTED_EDGE ( 'NONE', *, *, #1689, .F. ) ;
#1274 = CARTESIAN_POINT ( 'NONE',  ( 15.00174682292741046, -0.7918403097436903515, 9.503916713854554388 ) ) ;
#1275 = CARTESIAN_POINT ( 'NONE',  ( -21.15005662760028926, 15.36515874325771946, 9.059469684202001716 ) ) ;
#1276 = CARTESIAN_POINT ( 'NONE',  ( -5.098780407186633390, 7.017869168904327992, 62.12499999999997158 ) ) ;
#1277 = CARTESIAN_POINT ( 'NONE',  ( -1.295165557519977195, -12.32728949066234847, 8.757739689660125393 ) ) ;
#1278 = CARTESIAN_POINT ( 'NONE',  ( 24.25429980685810705, 10.79984043935043125, 9.063038290305440725 ) ) ;
#1279 = EDGE_CURVE ( 'NONE', #993, #4009, #4539, .T. ) ;
#1280 = CARTESIAN_POINT ( 'NONE',  ( 23.42495775118180745, 11.12679247141531924, 9.766135347243729115 ) ) ;
#1281 = CARTESIAN_POINT ( 'NONE',  ( 2.925713846901259352, 27.84672688999642531, 9.074663436463128008 ) ) ;
#1282 = CARTESIAN_POINT ( 'NONE',  ( -8.899438418959608299, 6.465291627385859385, 4.999478381024408336 ) ) ;
#1283 = CARTESIAN_POINT ( 'NONE',  ( -4.626990465285878429, 9.979789781499011525, 8.784349666569232440 ) ) ;
#1284 = CARTESIAN_POINT ( 'NONE',  ( 11.76714320604256159, -1.236313838692894018, 8.728034140222046489 ) ) ;
#1285 = CARTESIAN_POINT ( 'NONE',  ( -17.28864056665209503, 1.072918737522881472, 9.593051699102414176 ) ) ;
#1286 = CARTESIAN_POINT ( 'NONE',  ( -10.87662111621564165, -2.057967748038288747, 7.214285714285715301 ) ) ;
#1287 = CARTESIAN_POINT ( 'NONE',  ( -5.521960346729505531, 12.40122782584496619, 8.812913050800615267 ) ) ;
#1288 = CARTESIAN_POINT ( 'NONE',  ( 5.608439182435161818, -9.691349182876939179E-18, 39.00000000000000711 ) ) ;
#1289 =( BOUNDED_CURVE ( )  B_SPLINE_CURVE ( 2, ( #463, #409, #3533, #3614, #1375, #3172, #4955, #1321, #936, #3118, #5760 ),
 .UNSPECIFIED., .F., .T. ) 
 B_SPLINE_CURVE_WITH_KNOTS ( ( 3, 2, 2, 2, 2, 3 ),
 ( 0.7500000000000006661, 0.8000000000000005995, 0.8500000000000004219, 0.9000000000000003553, 0.9500000000000000666, 1.000000000000000000 ),
 .UNSPECIFIED. ) 
 CURVE ( )  GEOMETRIC_REPRESENTATION_ITEM ( )  RATIONAL_B_SPLINE_CURVE ( ( 0.9999999999999993339, 0.9510565162951541973, 1.000000000000000000, 0.9510565162951535312, 1.000000000000000000, 0.9510565162951535312, 1.000000000000000000, 0.9510565162951535312, 1.000000000000000000, 0.9510565162951535312, 1.000000000000000000 ) ) 
 REPRESENTATION_ITEM ( '' )  );
#1290 = CARTESIAN_POINT ( 'NONE',  ( 11.70628745409812588, 6.106904205466964441, 9.409485193919609358 ) ) ;
#1291 = CARTESIAN_POINT ( 'NONE',  ( 7.249999999999999112, 0.000000000000000000, 62.25000000000000000 ) ) ;
#1292 = CARTESIAN_POINT ( 'NONE',  ( -9.947824505845263232, 1.045167283690546345, 8.597533043457977087 ) ) ;
#1293 = CARTESIAN_POINT ( 'NONE',  ( 11.80208962263456129, 16.24551155075213416, 8.986512289013813159 ) ) ;
#1294 = CARTESIAN_POINT ( 'NONE',  ( -13.96868932029589772, -20.32941531556203785, 9.750172582966193602 ) ) ;
#1295 = CARTESIAN_POINT ( 'NONE',  ( -3.492861136903114616, -31.00000000000002842, 5.071428571428571175 ) ) ;
#1296 = ORIENTED_EDGE ( 'NONE', *, *, #2001, .T. ) ;
#1297 = CARTESIAN_POINT ( 'NONE',  ( -10.99302390281989616, 0.4132485778024149736, 9.158627922748960870 ) ) ;
#1298 = VECTOR ( 'NONE', #600, 1000.000000000000000 ) ;
#1299 = CARTESIAN_POINT ( 'NONE',  ( -11.95216183644703989, 25.32085755726648912, 9.789322327038767924 ) ) ;
#1300 = ORIENTED_EDGE ( 'NONE', *, *, #2945, .F. ) ;
#1301 = CARTESIAN_POINT ( 'NONE',  ( 14.15623904251615883, -0.6862196313419366422, 9.463104457377120582 ) ) ;
#1302 = CARTESIAN_POINT ( 'NONE',  ( 1.226079714692671407, 11.66973557464378075, 8.721862271799629696 ) ) ;
#1303 = CARTESIAN_POINT ( 'NONE',  ( -2.240373209218369688, 6.895159743139863018, 63.00000000000000000 ) ) ;
#1304 = CARTESIAN_POINT ( 'NONE',  ( -2.527279082607712279, -24.05445442407877366, 9.040454340733054650 ) ) ;
#1305 = CARTESIAN_POINT ( 'NONE',  ( 19.24566315984118958, 8.569618291639915952, 9.001241796277085427 ) ) ;
#1306 = ADVANCED_BREP_SHAPE_REPRESENTATION ( 'clutch_interface_shaft', ( #1724, #3523, #3169 ), #5512 ) ;
#1307 = EDGE_CURVE ( 'NONE', #2709, #4553, #5299, .T. ) ;
#1308 = CARTESIAN_POINT ( 'NONE',  ( 21.22873822933632226, 10.17398433698629923, 9.732972412448539501 ) ) ;
#1309 = CARTESIAN_POINT ( 'NONE',  ( -0.4132485778023757828, -10.99302390281989616, 9.158627922748943107 ) ) ;
#1310 = CARTESIAN_POINT ( 'NONE',  ( -15.95242480577320521, -23.01130467435846327, 9.789319808576792070 ) ) ;
#1311 = CARTESIAN_POINT ( 'NONE',  ( 3.285468820183672367, 2.309401076758504257, 34.00000000000000711 ) ) ;
#1312 = ADVANCED_FACE ( 'NONE', ( #5659 ), #338, .T. ) ;
#1313 = CARTESIAN_POINT ( 'NONE',  ( 24.59013476750910243, -1.932532151167841050, 9.750172582966193602 ) ) ;
#1314 = CARTESIAN_POINT ( 'NONE',  ( -26.10801828510197353, 2.105800076986558800, 9.769298644417233390 ) ) ;
#1315 = B_SPLINE_CURVE_WITH_KNOTS ( 'NONE', 3,
 ( #1639, #2109, #3907, #3402, #5697, #5721, #5635, #3371, #4784, #4254 ),
 .UNSPECIFIED., .F., .F.,
 ( 4, 3, 3, 4 ),
 ( 0.000000000000000000, 0.005031637882900889813, 0.01006327576580177616, 0.01700000035875125562 ),
 .UNSPECIFIED. ) ;
#1316 = CARTESIAN_POINT ( 'NONE',  ( 6.615471834464464962, -1.041666666666662078, 44.00000000000000711 ) ) ;
#1317 = CARTESIAN_POINT ( 'NONE',  ( -10.68338748218997125, 23.99276955997815008, 9.060546209440239807 ) ) ;
#1318 = CARTESIAN_POINT ( 'NONE',  ( -11.95216183644703989, 25.32085755726648912, 9.789322327038767924 ) ) ;
#1319 = CARTESIAN_POINT ( 'NONE',  ( -4.480746418436736711, -6.167218360552287670, 61.37499999999999289 ) ) ;
#1320 = CARTESIAN_POINT ( 'NONE',  ( -5.713362038855668068, -2.604166666666671404, 44.00000000000000711 ) ) ;
#1321 = CARTESIAN_POINT ( 'NONE',  ( 4.480746418436736711, 6.167218360552289447, 60.12500000000000000 ) ) ;
#1322 = CARTESIAN_POINT ( 'NONE',  ( 11.26320222703169449, 15.50373601017053637, 8.970773426962608710 ) ) ;
#1323 =( BOUNDED_SURFACE ( )  B_SPLINE_SURFACE ( 1, 2, ( 
 ( #5779, #2665, #1753, #4458, #479, #1343, #4922, #901, #1806, #3053, #809, #4401, #4189, #3189, #3271, #4100, #92, #1952, #5004, #530, #977, #5029, #4158, #1418, #3781, #1008, #5538, #61, #1391, #3213, #560, #3683, #2328, #1886, #1514, #2776, #2838, #154, #5473, #952, #2359 ),
 ( #1857, #4629, #3749, #4973, #2395, #124, #2303, #185, #1479, #5505, #593, #2421, #3718, #4564, #3302, #1982, #5066, #5095, #1070, #1040, #1921, #2869, #4659, #623, #1450, #4596, #5441, #3654, #4128, #3241, #4218, #2750, #2807, #4532, #506, #5126, #5568, #2897, #1543, #1103, #3334 ) ),
 .UNSPECIFIED., .F., .F., .F. ) 
 B_SPLINE_SURFACE_WITH_KNOTS ( ( 2, 2 ),
 ( 3, 2, 2, 2, 2, 2, 2, 2, 2, 2, 2, 2, 2, 2, 2, 2, 2, 2, 2, 2, 3 ),
 ( 0.000000000000000000, 1.000000000000000000 ),
 ( 0.000000000000000000, 0.05000000000000000278, 0.1000000000000000056, 0.1499999999999999944, 0.2000000000000000111, 0.2500000000000000000, 0.2999999999999999889, 0.3499999999999999778, 0.4000000000000000222, 0.4500000000000000111, 0.5000000000000000000, 0.5500000000000000444, 0.5999999999999999778, 0.6500000000000000222, 0.6999999999999999556, 0.7500000000000000000, 0.8000000000000000444, 0.8499999999999999778, 0.9000000000000000222, 0.9499999999999999556, 1.000000000000000000 ),
 .UNSPECIFIED. ) 
 GEOMETRIC_REPRESENTATION_ITEM ( )  RATIONAL_B_SPLINE_SURFACE ( (
 ( 1.000000000000000000, 0.9510565162951535312, 1.000000000000000000, 0.9510565162951535312, 1.000000000000000000, 0.9510565162951535312, 1.000000000000000000, 0.9510565162951535312, 1.000000000000000000, 0.9510565162951535312, 1.000000000000000000, 0.9510565162951535312, 1.000000000000000000, 0.9510565162951535312, 1.000000000000000000, 0.9510565162951535312, 1.000000000000000000, 0.9510565162951535312, 1.000000000000000000, 0.9510565162951535312, 1.000000000000000000, 0.9510565162951535312, 1.000000000000000000, 0.9510565162951535312, 1.000000000000000000, 0.9510565162951535312, 1.000000000000000000, 0.9510565162951535312, 1.000000000000000000, 0.9510565162951535312, 1.000000000000000000, 0.9510565162951535312, 1.000000000000000000, 0.9510565162951535312, 1.000000000000000000, 0.9510565162951535312, 1.000000000000000000, 0.9510565162951535312, 1.000000000000000000, 0.9510565162951535312, 1.000000000000000000),
 ( 1.000000000000000000, 0.9510565162951535312, 1.000000000000000000, 0.9510565162951535312, 1.000000000000000000, 0.9510565162951535312, 1.000000000000000000, 0.9510565162951535312, 1.000000000000000000, 0.9510565162951535312, 1.000000000000000000, 0.9510565162951535312, 1.000000000000000000, 0.9510565162951535312, 1.000000000000000000, 0.9510565162951535312, 1.000000000000000000, 0.9510565162951535312, 1.000000000000000000, 0.9510565162951535312, 1.000000000000000000, 0.9510565162951535312, 1.000000000000000000, 0.9510565162951535312, 1.000000000000000000, 0.9510565162951535312, 1.000000000000000000, 0.9510565162951535312, 1.000000000000000000, 0.9510565162951535312, 1.000000000000000000, 0.9510565162951535312, 1.000000000000000000, 0.9510565162951535312, 1.000000000000000000, 0.9510565162951535312, 1.000000000000000000, 0.9510565162951535312, 1.000000000000000000, 0.9510565162951535312, 1.000000000000000000) ) ) 
 REPRESENTATION_ITEM ( '' )  SURFACE ( )  );
#1324 = B_SPLINE_CURVE_WITH_KNOTS ( 'NONE', 3,
 ( #249, #3395, #2580, #1659, #5691, #3454, #4748, #5153, #2551, #3813 ),
 .UNSPECIFIED., .F., .F.,
 ( 4, 3, 3, 4 ),
 ( 0.000000000000000000, 0.0002622927178851068445, 0.0005245854360846622429, 0.0009453804127720459322 ),
 .UNSPECIFIED. ) ;
#1325 = CARTESIAN_POINT ( 'NONE',  ( -9.526279441628894062, 5.499999999999874767, 8.999332994034727307 ) ) ;
#1326 = CARTESIAN_POINT ( 'NONE',  ( 12.50408589615225985, 17.21180556602080003, 9.004298147025632915 ) ) ;
#1327 = CARTESIAN_POINT ( 'NONE',  ( 1.711324865405184692, -3.630768281804422681, 34.00000000000000711 ) ) ;
#1328 = VERTEX_POINT ( 'NONE', #1190 ) ;
#1329 = CARTESIAN_POINT ( 'NONE',  ( 0.8232021523059661616, 10.96923636009633718, 8.889619462053403254 ) ) ;
#1330 = DIRECTION ( 'NONE',  ( 0.8090398562690535034, -0.5877537843078081137, 0.000000000000000000 ) ) ;
#1331 = VERTEX_POINT ( 'NONE', #5716 ) ;
#1332 = EDGE_CURVE ( 'NONE', #4763, #2181, #2993, .T. ) ;
#1333 = ORIENTED_EDGE ( 'NONE', *, *, #5469, .T. ) ;
#1334 = EDGE_CURVE ( 'NONE', #5297, #1163, #5186, .T. ) ;
#1335 = CARTESIAN_POINT ( 'NONE',  ( 13.46866877952319541, -0.5994294322414459586, 9.424864755848396669 ) ) ;
#1336 = CARTESIAN_POINT ( 'NONE',  ( 2.414682318588988075, 22.98276679486906460, 9.028671707602017094 ) ) ;
#1337 = CARTESIAN_POINT ( 'NONE',  ( 5.865373209218367911, 4.261443079120431854, 62.50000000000000000 ) ) ;
#1338 = CARTESIAN_POINT ( 'NONE',  ( 10.04882600167081641, 4.474493936541261263, 4.999478381024411888 ) ) ;
#1339 = CARTESIAN_POINT ( 'NONE',  ( 8.108705156040318940, 12.49293583675897956, 9.497982529720237821 ) ) ;
#1340 = AXIS2_PLACEMENT_3D ( 'NONE', #1013, #2781, #97 ) ;
#1341 = LINE ( 'NONE', #2244, #32 ) ;
#1342 = CARTESIAN_POINT ( 'NONE',  ( -12.22066387408940003, -16.82167670915070801, 8.997110467374641374 ) ) ;
#1343 = CARTESIAN_POINT ( 'NONE',  ( 5.311638120268220408E-16, -8.674563349965705328, 63.12499999999998579 ) ) ;
#1344 = CARTESIAN_POINT ( 'NONE',  ( -4.554387114882850973, 10.01325154341967583, 8.731743395424960141 ) ) ;
#1345 = CARTESIAN_POINT ( 'NONE',  ( 15.92846901835821782, -0.9066327476824516118, 9.543886106340938369 ) ) ;
#1346 = CARTESIAN_POINT ( 'NONE',  ( -19.68481483696361067, 1.360233433051257323, 9.659401114105772734 ) ) ;
#1347 = CARTESIAN_POINT ( 'NONE',  ( 0.8625832851229442433, 15.57228172361356933, 9.528853671068432618 ) ) ;
#1348 = CARTESIAN_POINT ( 'NONE',  ( -10.19366451595471013, 22.89294889947141343, 9.049481907957819260 ) ) ;
#1349 = CARTESIAN_POINT ( 'NONE',  ( -10.16565736422160882, 21.20950377932082986, 9.732645666514965654 ) ) ;
#1350 = CARTESIAN_POINT ( 'NONE',  ( -6.615471834464459633, -1.041666666666669183, 44.00000000000000711 ) ) ;
#1351 = CARTESIAN_POINT ( 'NONE',  ( -13.64768066686076331, 0.6222307698573866785, 9.436039436531943991 ) ) ;
#1352 = CARTESIAN_POINT ( 'NONE',  ( 20.27444687820841196, -14.72904305650400936, 9.049481907957815707 ) ) ;
#1353 = CARTESIAN_POINT ( 'NONE',  ( -14.51484572874880463, -21.06670453633523010, 9.762216838740801705 ) ) ;
#1354 = CARTESIAN_POINT ( 'NONE',  ( 16.02790393469609143, 22.95897929932387171, 9.683307533425933755 ) ) ;
#1355 = ORIENTED_EDGE ( 'NONE', *, *, #1506, .T. ) ;
#1356 = CARTESIAN_POINT ( 'NONE',  ( -21.06670453633518036, 14.51484572874888102, 9.762216838740801705 ) ) ;
#1357 = DIRECTION ( 'NONE',  ( 0.000000000000000000, -0.000000000000000000, -1.000000000000000000 ) ) ;
#1358 = EDGE_LOOP ( 'NONE', ( #145, #5323, #210, #3598 ) ) ;
#1359 = AXIS2_PLACEMENT_3D ( 'NONE', #4345, #4844, #3082 ) ;
#1360 = ORIENTED_EDGE ( 'NONE', *, *, #5597, .T. ) ;
#1361 = VECTOR ( 'NONE', #4195, 1000.000000000000000 ) ;
#1362 = CARTESIAN_POINT ( 'NONE',  ( 1.635285716287335989, 15.56452787643468838, 8.886785159412958990 ) ) ;
#1363 = CARTESIAN_POINT ( 'NONE',  ( 8.906578272178299116, -6.573353910998194216, 5.071428571428571175 ) ) ;
#1364 = CARTESIAN_POINT ( 'NONE',  ( 8.249999999999998224, -2.680587493921476661, 63.62499999999998579 ) ) ;
#1365 = CARTESIAN_POINT ( 'NONE',  ( 7.250000000000000888, 0.6041666666666671848, 57.50000000000000000 ) ) ;
#1366 = CARTESIAN_POINT ( 'NONE',  ( -23.36949179821529299, -10.40585729455168007, 9.054700542784383188 ) ) ;
#1367 = CARTESIAN_POINT ( 'NONE',  ( 22.75360161340379150, -16.31789243801138412, 9.272963267648441033 ) ) ;
#1368 = FACE_OUTER_BOUND ( 'NONE', #82, .T. ) ;
#1369 = DIRECTION ( 'NONE',  ( 0.8660254037844450359, -0.4999999999999887867, 0.000000000000000000 ) ) ;
#1370 = CARTESIAN_POINT ( 'NONE',  ( 0.000000000000000000, 0.000000000000000000, 34.00000000000000000 ) ) ;
#1371 = DIRECTION ( 'NONE',  ( 0.000000000000000000, 0.000000000000000000, -1.000000000000000000 ) ) ;
#1372 = CARTESIAN_POINT ( 'NONE',  ( 0.6101104991208157191, 13.55304518093935151, 9.429744918685750932 ) ) ;
#1373 = CARTESIAN_POINT ( 'NONE',  ( -0.7758767385491632806, -14.87355238050244566, 9.497982529720237821 ) ) ;
#1374 = DIRECTION ( 'NONE',  ( 0.9135296365155285425, 0.4067721760492060135, 0.000000000000000000 ) ) ;
#1375 = CARTESIAN_POINT ( 'NONE',  ( -2.240373209218369688, 6.895159743139863018, 60.50000000000000000 ) ) ;
#1376 = CARTESIAN_POINT ( 'NONE',  ( 1.019590287732958332E-15, 1.403460431670832298E-15, 24.66837655001592822 ) ) ;
#1377 = CARTESIAN_POINT ( 'NONE',  ( -9.377335178047975006, -12.90785037406347868, 8.896083650334510651 ) ) ;
#1378 = CARTESIAN_POINT ( 'NONE',  ( -18.67580121331445397, 1.962171368563832230, 8.962402508024640113 ) ) ;
#1379 = ORIENTED_EDGE ( 'NONE', *, *, #1912, .T. ) ;
#1380 = CARTESIAN_POINT ( 'NONE',  ( 22.65311597553343503, -16.45710596061870490, 4.999478381024543339 ) ) ;
#1381 = CARTESIAN_POINT ( 'NONE',  ( 12.22166145420588101, -1.284067757405126908, 8.752111538817331393 ) ) ;
#1382 = ORIENTED_EDGE ( 'NONE', *, *, #5410, .F. ) ;
#1383 = ORIENTED_EDGE ( 'NONE', *, *, #3431, .F. ) ;
#1384 = CARTESIAN_POINT ( 'NONE',  ( 1.731387782072639547, 16.47922019411374350, 8.912760710018208243 ) ) ;
#1385 = FACE_BOUND ( 'NONE', #2059, .T. ) ;
#1386 = CARTESIAN_POINT ( 'NONE',  ( 25.36006162652531870, 11.86910735082745205, 9.683307533425933755 ) ) ;
#1387 = CARTESIAN_POINT ( 'NONE',  ( -2.347204027423931638, -28.23650524962875608, 9.793014732039781123 ) ) ;
#1388 = EDGE_CURVE ( 'NONE', #4675, #4173, #2450, .T. ) ;
#1389 = CARTESIAN_POINT ( 'NONE',  ( -25.04483290843425536, -11.15184529733600804, 9.070458438625532693 ) ) ;
#1390 = CARTESIAN_POINT ( 'NONE',  ( -2.000000000000000888, 3.464101615137754386, 34.00000000000000000 ) ) ;
#1391 = CARTESIAN_POINT ( 'NONE',  ( -6.674390203593315363, -4.849228331412904325, 60.24999999999998579 ) ) ;
#1392 = CARTESIAN_POINT ( 'NONE',  ( -6.230586150776516341, -27.29798154109112929, 6.142857142857142350 ) ) ;
#1393 = CARTESIAN_POINT ( 'NONE',  ( 11.21562532981805305, -7.140355181032112419, 9.413923788595452535 ) ) ;
#1394 = CARTESIAN_POINT ( 'NONE',  ( -5.713362038855671621, -2.604166666666664298, 44.00000000000000711 ) ) ;
#1395 = CARTESIAN_POINT ( 'NONE',  ( 1.360233433051327268, 19.68481483696360712, 9.659401114105776287 ) ) ;
#1396 =( NAMED_UNIT ( * ) SI_UNIT ( $, .STERADIAN. ) SOLID_ANGLE_UNIT ( ) );
#1397 = CARTESIAN_POINT ( 'NONE',  ( -8.664410710382457026, 17.72766643412897736, 9.659401114105776287 ) ) ;
#1398 =( LENGTH_UNIT ( ) NAMED_UNIT ( * ) SI_UNIT ( .MILLI., .METRE. ) );
#1399 = CARTESIAN_POINT ( 'NONE',  ( 31.00000000000000000, 1.925929944387235853E-31, 4.000000000000000000 ) ) ;
#1400 = CARTESIAN_POINT ( 'NONE',  ( 16.43908772444636668, -11.94271944174555955, 8.989849980057543988 ) ) ;
#1401 = B_SPLINE_CURVE_WITH_KNOTS ( 'NONE', 3,
 ( #2430, #3492, #1226, #429, #5810, #1755, #3969, #5310, #3994, #2589 ),
 .UNSPECIFIED., .F., .F.,
 ( 4, 3, 3, 4 ),
 ( 0.000000000000000000, 0.0002622927178851047845, 0.0005245854360846716755, 0.0009453804127720504859 ),
 .UNSPECIFIED. ) ;
#1402 = CARTESIAN_POINT ( 'NONE',  ( -7.223314668462505139, -9.942852972085477248, 8.753121458834705493 ) ) ;
#1403 = CARTESIAN_POINT ( 'NONE',  ( -25.99906570261014238, 2.731589491041590101, 9.059469684201999939 ) ) ;
#1404 = ORIENTED_EDGE ( 'NONE', *, *, #715, .F. ) ;
#1405 = CARTESIAN_POINT ( 'NONE',  ( -22.18019778078409843, 16.11353888357261965, 9.070458438625532693 ) ) ;
#1406 = CARTESIAN_POINT ( 'NONE',  ( 16.47922019411374350, -1.731387782072697279, 8.912760710018202914 ) ) ;
#1407 = ORIENTED_EDGE ( 'NONE', *, *, #3345, .F. ) ;
#1408 = ADVANCED_FACE ( 'NONE', ( #2009 ), #1572, .T. ) ;
#1409 = ORIENTED_EDGE ( 'NONE', *, *, #5632, .T. ) ;
#1410 = CARTESIAN_POINT ( 'NONE',  ( 2.192704807692669178, 20.87000134851553668, 9.000015129673828440 ) ) ;
#1411 = CARTESIAN_POINT ( 'NONE',  ( -2.583991878596407332, -27.88051265617883701, 9.471248398658756784 ) ) ;
#1412 = ADVANCED_FACE ( 'NONE', ( #1131 ), #5185, .F. ) ;
#1413 = DIRECTION ( 'NONE',  ( 0.3779644730092291960, 0.6546536707079801953, 0.6546536707079728679 ) ) ;
#1414 = CARTESIAN_POINT ( 'NONE',  ( -2.036872864940872940, -25.50172416686159593, 9.762216838740801705 ) ) ;
#1415 = CARTESIAN_POINT ( 'NONE',  ( -17.20534077359985403, -8.439912095908482570, 9.646862156838700741 ) ) ;
#1416 = CARTESIAN_POINT ( 'NONE',  ( -13.36025527174361649, -19.50964990160104051, 9.734601941943545000 ) ) ;
#1417 = CARTESIAN_POINT ( 'NONE',  ( -29.44553055527313390, 10.30343676838784361, 7.214285714285715301 ) ) ;
#1418 = CARTESIAN_POINT ( 'NONE',  ( 5.098780407186632502, -7.017869168904328880, 60.87499999999998579 ) ) ;
#1419 = CARTESIAN_POINT ( 'NONE',  ( 4.068770834042285678, -9.137652376296633960, 8.597533043457977087 ) ) ;
#1420 = EDGE_CURVE ( 'NONE', #5051, #5202, #5044, .T. ) ;
#1421 = DIRECTION ( 'NONE',  ( 1.000000000000000000, 0.000000000000000000, 0.000000000000000000 ) ) ;
#1422 = ADVANCED_FACE ( 'NONE', ( #1946 ), #4693, .T. ) ;
#1423 = CARTESIAN_POINT ( 'NONE',  ( 6.129996116313023435, 9.133632530757198609, 8.943115694354107248 ) ) ;
#1424 = CARTESIAN_POINT ( 'NONE',  ( 1.161595115535554834, 18.02311594096772751, 9.615340244562172956 ) ) ;
#1425 = DIRECTION ( 'NONE',  ( -1.000000000000000000, 0.000000000000000000, -0.000000000000000000 ) ) ;
#1426 = CARTESIAN_POINT ( 'NONE',  ( -0.4606749594393994007, -12.38032881476996394, 9.355217637996823044 ) ) ;
#1427 = CARTESIAN_POINT ( 'NONE',  ( 11.49411215572281719, -25.53211039377502800, 9.206866708977543112 ) ) ;
#1428 = CIRCLE ( 'NONE', #4062, 4.000000000000000000 ) ;
#1429 = CARTESIAN_POINT ( 'NONE',  ( 10.04882600167081641, 4.474493936541264816, 8.674148813960478321 ) ) ;
#1430 = CARTESIAN_POINT ( 'NONE',  ( 29.44553055527306995, -10.30343676838805322, 7.214285714285715301 ) ) ;
#1431 = CARTESIAN_POINT ( 'NONE',  ( 6.465291627385893136, 8.899438418959586983, 4.999478381024410112 ) ) ;
#1432 = CARTESIAN_POINT ( 'NONE',  ( 19.01079789254684016, -1.280011304079321066, 9.642623109992767283 ) ) ;
#1433 = EDGE_CURVE ( 'NONE', #2075, #1149, #2167, .T. ) ;
#1434 = CARTESIAN_POINT ( 'NONE',  ( 7.285291020250191707, 10.02816307995847467, 8.757739689660123616 ) ) ;
#1435 = ORIENTED_EDGE ( 'NONE', *, *, #1279, .F. ) ;
#1436 = CARTESIAN_POINT ( 'NONE',  ( -3.239183187640462425, -30.83030477106749956, 10.00049293681678542 ) ) ;
#1437 = VERTEX_POINT ( 'NONE', #4095 ) ;
#1438 = CARTESIAN_POINT ( 'NONE',  ( 6.441876120673551753, 10.29823082377789056, 9.337857415294156027 ) ) ;
#1439 = ORIENTED_EDGE ( 'NONE', *, *, #780, .T. ) ;
#1440 = DIRECTION ( 'NONE',  ( 1.000000000000000000, 0.000000000000000000, 0.000000000000000000 ) ) ;
#1441 = CARTESIAN_POINT ( 'NONE',  ( -7.250000000000000888, 0.6041666666666659635, 57.50000000000000000 ) ) ;
#1442 = EDGE_LOOP ( 'NONE', ( #4279, #1876, #3621, #3504, #5349 ) ) ;
#1443 = CARTESIAN_POINT ( 'NONE',  ( -5.713362038855671621, 2.604166666666667851, 44.00000000000000711 ) ) ;
#1444 = FACE_OUTER_BOUND ( 'NONE', #1908, .T. ) ;
#1445 = VECTOR ( 'NONE', #3356, 1000.000000000000000 ) ;
#1446 = MECHANICAL_DESIGN_GEOMETRIC_PRESENTATION_REPRESENTATION (  '', ( #532 ), #1824 ) ;
#1447 = CYLINDRICAL_SURFACE ( 'NONE', #502, 11.00000000000000000 ) ;
#1448 = CARTESIAN_POINT ( 'NONE',  ( -8.950840711866918653, 6.394536653643740465, 8.731743395424949483 ) ) ;
#1449 = CARTESIAN_POINT ( 'NONE',  ( -30.99999999999999645, -2.168265567092930723E-13, 4.000000000000000000 ) ) ;
#1450 = CARTESIAN_POINT ( 'NONE',  ( 2.549390203593316695, -7.846216259435016660, 60.50000000000001421 ) ) ;
#1451 = CARTESIAN_POINT ( 'NONE',  ( 5.557938993104111880, -12.48202873033165972, 8.817288346933223053 ) ) ;
#1452 = CARTESIAN_POINT ( 'NONE',  ( 10.29823082377786747, -6.441876120673587280, 9.337857415294154251 ) ) ;
#1453 = CARTESIAN_POINT ( 'NONE',  ( -1.711324865405188467, 3.630768281804422237, 34.00000000000000711 ) ) ;
#1454 = CARTESIAN_POINT ( 'NONE',  ( -3.909142447638090712, -5.729166666666666963, 44.00000000000000711 ) ) ;
#1455 = CARTESIAN_POINT ( 'NONE',  ( 0.3252473444895252475, 11.33118028901257368, 9.274755408069175644 ) ) ;
#1456 = CARTESIAN_POINT ( 'NONE',  ( 12.60781670635996932, -1.324639124113462074, 4.999478381024408336 ) ) ;
#1457 = CARTESIAN_POINT ( 'NONE',  ( -0.04330127018920788828, -0.07499999999997786215, 44.75000000000000000 ) ) ;
#1458 = CARTESIAN_POINT ( 'NONE',  ( 7.638610354902554356, -17.15480397104045096, 8.962402508024638337 ) ) ;
#1459 = CARTESIAN_POINT ( 'NONE',  ( 9.875548627205635199, 4.844959742311159445, 8.943115694354117906 ) ) ;
#1460 = ADVANCED_FACE ( 'NONE', ( #2832 ), #5088, .T. ) ;
#1461 = CARTESIAN_POINT ( 'NONE',  ( 7.481900115480095259, 8.063570590128106730, 6.142857142857142350 ) ) ;
#1462 = CARTESIAN_POINT ( 'NONE',  ( 19.54731137114658068, -1.343900088542542726, 9.656074444160086756 ) ) ;
#1463 = DIRECTION ( 'NONE',  ( 1.000000000000000000, 0.000000000000000000, 0.000000000000000000 ) ) ;
#1464 = ORIENTED_EDGE ( 'NONE', *, *, #3884, .F. ) ;
#1465 = CARTESIAN_POINT ( 'NONE',  ( -4.000000000000000000, 4.898587196589412829E-16, 34.00000000000000000 ) ) ;
#1466 = EDGE_LOOP ( 'NONE', ( #5380, #657 ) ) ;
#1467 = ORIENTED_EDGE ( 'NONE', *, *, #446, .T. ) ;
#1468 = CARTESIAN_POINT ( 'NONE',  ( 7.304893781823921906, 11.43222617577132993, 9.429744918685754484 ) ) ;
#1469 = EDGE_LOOP ( 'NONE', ( #1355, #549, #5188, #4680 ) ) ;
#1470 = DIRECTION ( 'NONE',  ( -1.000000000000000000, 0.000000000000000000, 0.000000000000000000 ) ) ;
#1471 = ORIENTED_EDGE ( 'NONE', *, *, #4303, .T. ) ;
#1472 = DIRECTION ( 'NONE',  ( 1.000000000000000000, 0.000000000000000000, 0.000000000000000000 ) ) ;
#1473 = CARTESIAN_POINT ( 'NONE',  ( -17.32517899631341507, 11.73527575448366811, 9.685943259803071470 ) ) ;
#1474 =( BOUNDED_SURFACE ( )  B_SPLINE_SURFACE ( 1, 2, ( 
 ( #4411, #2622, #380, #4543, #571, #1932, #4168 ),
 ( #1399, #2374, #136, #1430, #5548, #5076, #3195 ) ),
 .UNSPECIFIED., .F., .F., .T. ) 
 B_SPLINE_SURFACE_WITH_KNOTS ( ( 2, 2 ),
 ( 3, 2, 2, 3 ),
 ( 0.000000000000000000, 1.000000000000000000 ),
 ( 0.000000000000000000, 0.03571428571428571230, 0.07142857142857142461, 0.09998661063300855190 ),
 .UNSPECIFIED. ) 
 GEOMETRIC_REPRESENTATION_ITEM ( )  RATIONAL_B_SPLINE_SURFACE ( (
 ( 1.000000000000000000, 0.9937122098932426040, 1.000000000000000000, 0.9937122098932426040, 1.000000000000000000, 0.9949721252214146494, 0.9979850801651724002),
 ( 1.000000000000000000, 0.9937122098932426040, 1.000000000000000000, 0.9937122098932426040, 1.000000000000000000, 0.9949721252214146494, 0.9979850801651724002) ) ) 
 REPRESENTATION_ITEM ( '' )  SURFACE ( )  );
#1475 = CARTESIAN_POINT ( 'NONE',  ( 6.849617136294968489, 2.459654709754491630, 57.50000000000000711 ) ) ;
#1476 = CARTESIAN_POINT ( 'NONE',  ( 11.58100911602231342, 5.156737220850974524, 4.999478381024404783 ) ) ;
#1477 = CARTESIAN_POINT ( 'NONE',  ( -11.81402048218284229, -17.43080691696397366, 9.688649277955969197 ) ) ;
#1478 = CARTESIAN_POINT ( 'NONE',  ( -1.202813060811725787, 6.249999999999998224, 44.00000000000000711 ) ) ;
#1479 = CARTESIAN_POINT ( 'NONE',  ( -6.674390203593315363, -4.849228331412904325, 62.50000000000001421 ) ) ;
#1480 = CARTESIAN_POINT ( 'NONE',  ( 4.254525122219035893, -9.554819668828217871, 8.636644459345795610 ) ) ;
#1481 = CARTESIAN_POINT ( 'NONE',  ( 10.99683917581267067, -6.974052664659343925, 9.397411250737828681 ) ) ;
#1482 = EDGE_CURVE ( 'NONE', #5428, #312, #2415, .T. ) ;
#1483 = CARTESIAN_POINT ( 'NONE',  ( -7.233439182435161818, -4.439344646909155037E-16, 50.75000000000000000 ) ) ;
#1484 = CARTESIAN_POINT ( 'NONE',  ( 22.65311597553343503, -16.45710596061870490, 9.845359688719304003 ) ) ;
#1485 = CARTESIAN_POINT ( 'NONE',  ( 7.250000000000000000, 0.000000000000000000, 36.99390334559012672 ) ) ;
#1486 = EDGE_CURVE ( 'NONE', #1437, #3797, #948, .T. ) ;
#1487 = LINE ( 'NONE', #1959, #2591 ) ;
#1488 = CARTESIAN_POINT ( 'NONE',  ( 7.362514650734559574, -16.53474777466587398, 8.948779096980004510 ) ) ;
#1489 = AXIS2_PLACEMENT_3D ( 'NONE', #1782, #3967, #1831 ) ;
#1490 = CARTESIAN_POINT ( 'NONE',  ( -8.250000000000000000, -1.010333609296566550E-15, 62.25000000000001421 ) ) ;
#1491 = CARTESIAN_POINT ( 'NONE',  ( -21.11100105290452689, -9.400207167467460323, 9.028671707602017094 ) ) ;
#1492 = CARTESIAN_POINT ( 'NONE',  ( 9.171670794034199048, -6.663063847655884331, 8.697288872700685403 ) ) ;
#1493 = CARTESIAN_POINT ( 'NONE',  ( 11.38962092937803838, -25.57882982243467751, 9.845359688719304003 ) ) ;
#1494 = CARTESIAN_POINT ( 'NONE',  ( 14.02031536131894818, -10.18552219269626669, 8.931712705553785270 ) ) ;
#1495 = CARTESIAN_POINT ( 'NONE',  ( -1.593491436080466221E-15, 8.674563349965705328, 61.87499999999997868 ) ) ;
#1496 = ORIENTED_EDGE ( 'NONE', *, *, #385, .T. ) ;
#1497 = ORIENTED_EDGE ( 'NONE', *, *, #1916, .F. ) ;
#1498 = CARTESIAN_POINT ( 'NONE',  ( 11.32332863747856244, 5.041998470412129230, 8.757739689660123616 ) ) ;
#1499 = ORIENTED_EDGE ( 'NONE', *, *, #3940, .F. ) ;
#1500 = B_SPLINE_CURVE_WITH_KNOTS ( 'NONE', 3,
 ( #4230, #5166, #2113, #3910, #4257, #5700, #197, #1668, #227, #3462, #2880, #4669, #635, #1991, #3791, #3374, #1141, #2940, #5311, #2641, #1257, #2668, #4430, #1756, #2224, #403, #4845, #2194, #1285, #3995, #812, #904, #455, #5725, #3583, #3083, #4404, #1346, #4489, #3112, #3139, #3970, #5284, #869, #2249, #3057, #4899, #4462, #430, #1785, #3937, #4023, #5812, #5754, #4051, #5365, #1699, #4927, #2616, #2696, #1314, #5782, #3552, #3493, #3525 ),
 .UNSPECIFIED., .F., .F.,
 ( 4, 2, 2, 2, 1, 1, 1, 2, 2, 1, 1, 2, 2, 1, 1, 2, 2, 1, 1, 2, 2, 1, 1, 2, 2, 1, 1, 1, 2, 2, 1, 1, 1, 2, 2, 1, 1, 1, 2, 2, 1, 1, 1, 4 ),
 ( 0.000000000000000000, 0.05318794598724074785, 0.05983643923564570949, 0.06316068585984807582, 0.06648493248405042133, 0.07978191898085938705, 0.1063758919744772768, 0.1196728784712863397, 0.1263213717196907671, 0.1329698649680951528, 0.1595638379617133340, 0.1861578109553315152, 0.1928063042037361230, 0.1994547974521407308, 0.2127517839489499185, 0.2393457569425685161, 0.2526427434393774818, 0.2659397299361864198, 0.3191276759234238369, 0.3723156219106611986, 0.3856126084074705807, 0.3989095949042799072, 0.4255035678978981162, 0.4321520611463027794, 0.4388005543947075537, 0.4520975408915174909, 0.4786915138851366991, 0.4919885003819463032, 0.4986369936303510775, 0.5052854868787559628, 0.5318794598723757261, 0.5850674058596152527, 0.6116613788532352380, 0.6249583653500455638, 0.6266204886621469239, 0.6282826119742482840, 0.6316068585984511152, 0.6382553518468567777, 0.7446312438213493756, 0.7512797370697548160, 0.7579282303181601455, 0.7712252168149709153, 0.7978191898085924549, 0.8510071357958349791 ),
 .UNSPECIFIED. ) ;
#1501 = CARTESIAN_POINT ( 'NONE',  ( 4.480746418436737599, -6.167218360552287670, 62.12499999999999289 ) ) ;
#1502 = CARTESIAN_POINT ( 'NONE',  ( -8.253144883505443730, 26.75603856201190567, 6.142857142857142350 ) ) ;
#1503 = EDGE_LOOP ( 'NONE', ( #5525, #673, #858, #2408 ) ) ;
#1504 = CARTESIAN_POINT ( 'NONE',  ( -3.064790086252642265, 2.594270395228368553, 34.00000000000000000 ) ) ;
#1505 = PLANE ( 'NONE',  #651 ) ;
#1506 = EDGE_CURVE ( 'NONE', #4675, #2950, #1851, .T. ) ;
#1507 = CARTESIAN_POINT ( 'NONE',  ( 4.811252243246879168, 4.166666666666668739, 44.00000000000000711 ) ) ;
#1508 = ADVANCED_FACE ( 'NONE', ( #4999 ), #5787, .F. ) ;
#1509 = EDGE_CURVE ( 'NONE', #4358, #5201, #3557, .T. ) ;
#1510 = CIRCLE ( 'NONE', #1229, 4.000000000000000000 ) ;
#1511 = LINE ( 'NONE', #653, #4271 ) ;
#1512 = CARTESIAN_POINT ( 'NONE',  ( -11.79010312929295345, -17.39872143354548228, 9.687831937662295445 ) ) ;
#1513 = CARTESIAN_POINT ( 'NONE',  ( -8.899438418959608299, 6.465291627385855833, 10.00049293681678542 ) ) ;
#1514 = CARTESIAN_POINT ( 'NONE',  ( -2.549390203593317583, 7.846216259435016660, 59.49999999999998579 ) ) ;
#1515 = CARTESIAN_POINT ( 'NONE',  ( -0.1092300383463693236, -28.08669887756087391, 9.035529747155960578 ) ) ;
#1516 = CARTESIAN_POINT ( 'NONE',  ( 28.00000000000000000, 3.429011037612589276E-15, -4.000000000000000000 ) ) ;
#1517 = CARTESIAN_POINT ( 'NONE',  ( 12.23934689367806072, 6.330930294039916362, 9.441877396648987286 ) ) ;
#1518 = CARTESIAN_POINT ( 'NONE',  ( 27.84672688999641821, -2.925713846901357940, 4.999478381024408336 ) ) ;
#1519 = CARTESIAN_POINT ( 'NONE',  ( -1.248870261287576833, -18.75051107359507441, 9.635644574541021967 ) ) ;
#1520 = CARTESIAN_POINT ( 'NONE',  ( 11.95216201933149058, -25.32085747093983485, 9.789319808576792070 ) ) ;
#1521 = CARTESIAN_POINT ( 'NONE',  ( -8.832104500197951680, 6.416374673223190328, 8.669790818246722708 ) ) ;
#1522 = DIRECTION ( 'NONE',  ( -0.7071067811865425767, -0.000000000000000000, 0.7071067811865525687 ) ) ;
#1523 = CARTESIAN_POINT ( 'NONE',  ( -16.92649412647016405, -7.536949622095228563, 8.957444811035015775 ) ) ;
#1524 = CARTESIAN_POINT ( 'NONE',  ( 12.16488758851112451, -8.837585269036203783, 8.867948148798294739 ) ) ;
#1525 = DIRECTION ( 'NONE',  ( -3.854941057726234153E-16, -0.000000000000000000, -1.000000000000000000 ) ) ;
#1526 = VECTOR ( 'NONE', #752, 1000.000000000000227 ) ;
#1527 = CARTESIAN_POINT ( 'NONE',  ( 4.474493936541370509, -10.04882600167077022, 4.999478381024410112 ) ) ;
#1528 = CARTESIAN_POINT ( 'NONE',  ( -6.674390203593317139, 4.849228331412902548, 62.24999999999998579 ) ) ;
#1529 = ORIENTED_EDGE ( 'NONE', *, *, #2920, .T. ) ;
#1530 = ORIENTED_EDGE ( 'NONE', *, *, #3442, .F. ) ;
#1531 = CARTESIAN_POINT ( 'NONE',  ( 0.000000000000000000, 0.000000000000000000, 21.00000000000000000 ) ) ;
#1532 = EDGE_LOOP ( 'NONE', ( #1220, #4265, #4087, #1940 ) ) ;
#1533 = EDGE_CURVE ( 'NONE', #5155, #4886, #133, .T. ) ;
#1534 = DIRECTION ( 'NONE',  ( -0.5000000000000002220, 0.8660254037844384856, 0.000000000000000000 ) ) ;
#1535 = DIRECTION ( 'NONE',  ( 0.1531164347273664683, 0.2652054444216022100, -0.9519566322398939073 ) ) ;
#1536 = ORIENTED_EDGE ( 'NONE', *, *, #5776, .F. ) ;
#1537 = CARTESIAN_POINT ( 'NONE',  ( 10.93978556392716506, -1.149387582711246969, 10.00049293681678542 ) ) ;
#1538 = CARTESIAN_POINT ( 'NONE',  ( -6.114777872081970322, -9.143823317640030979, 8.955131925794940884 ) ) ;
#1539 = CARTESIAN_POINT ( 'NONE',  ( -19.13873914899681949, -9.271244530480219126, 9.692893076733820834 ) ) ;
#1540 = DIRECTION ( 'NONE',  ( -0.8660254037844450359, 0.4999999999999887867, 0.000000000000000000 ) ) ;
#1541 = CARTESIAN_POINT ( 'NONE',  ( -11.02040412658107904, -16.36743300107771759, 9.659401114105774511 ) ) ;
#1542 = CARTESIAN_POINT ( 'NONE',  ( 0.6014065304058545669, 6.249999999999997335, 44.00000000000000711 ) ) ;
#1543 = CARTESIAN_POINT ( 'NONE',  ( 6.674390203593315363, 4.849228331412905213, 58.75000000000001421 ) ) ;
#1544 = CARTESIAN_POINT ( 'NONE',  ( 4.772721130293104963, 9.910657546926627148, 8.285714285714284699 ) ) ;
#1545 = CARTESIAN_POINT ( 'NONE',  ( 9.856658499241190086, -26.26142011680862609, 5.572962681898414594 ) ) ;
#1546 = AXIS2_PLACEMENT_3D ( 'NONE', #4097, #5412, #4484 ) ;
#1547 =( BOUNDED_CURVE ( )  B_SPLINE_CURVE ( 2, ( #1580, #4755, #5252, #256, #3850, #2050, #4314 ),
 .UNSPECIFIED., .F., .T. ) 
 B_SPLINE_CURVE_WITH_KNOTS ( ( 3, 2, 2, 3 ),
 ( 0.01666172618599910671, 0.03571428571428571230, 0.07142857142857142461, 0.08333888588390941932 ),
 .UNSPECIFIED. ) 
 CURVE ( )  GEOMETRIC_REPRESENTATION_ITEM ( )  RATIONAL_B_SPLINE_CURVE ( ( 0.9968701940290736196, 0.9966456421313096836, 1.000000000000000000, 0.9937122098932426040, 1.000000000000000000, 0.9979030923927820762, 0.9972047752087664918 ) ) 
 REPRESENTATION_ITEM ( '' )  );
#1548 = CARTESIAN_POINT ( 'NONE',  ( 12.60277244948165887, 6.483835888386133561, 9.463104457248803669 ) ) ;
#1549 = AXIS2_PLACEMENT_3D ( 'NONE', #3547, #3488, #5250 ) ;
#1550 = FACE_OUTER_BOUND ( 'NONE', #2210, .T. ) ;
#1551 = CARTESIAN_POINT ( 'NONE',  ( -6.441876120673475370, -10.29823082377792787, 9.337857415294154251 ) ) ;
#1552 = CARTESIAN_POINT ( 'NONE',  ( -6.196520638699894334, 9.088626517475907107, 8.285714285714284699 ) ) ;
#1553 = CARTESIAN_POINT ( 'NONE',  ( 1.379838825178706152, 13.13320335741465250, 8.797761960110745960 ) ) ;
#1554 = CARTESIAN_POINT ( 'NONE',  ( 5.098780407186630725, 7.017869168904329769, 58.87500000000002132 ) ) ;
#1555 = CARTESIAN_POINT ( 'NONE',  ( -12.58742642406284773, -5.604869982002362860, 8.821446984288817461 ) ) ;
#1556 = CARTESIAN_POINT ( 'NONE',  ( 10.02816307995844980, -7.285291020250229010, 8.757739689660128946 ) ) ;
#1557 = DIRECTION ( 'NONE',  ( 0.000000000000000000, 0.000000000000000000, 1.000000000000000000 ) ) ;
#1558 = CARTESIAN_POINT ( 'NONE',  ( -12.08621891145067906, 1.269837498877214088, 8.744794086262947630 ) ) ;
#1559 = CARTESIAN_POINT ( 'NONE',  ( 0.2815793122212840727, 10.99639545900968862, 9.244236608254535525 ) ) ;
#1560 = VERTEX_POINT ( 'NONE', #1045 ) ;
#1561 = ORIENTED_EDGE ( 'NONE', *, *, #3913, .T. ) ;
#1562 = CARTESIAN_POINT ( 'NONE',  ( -14.95564806690457083, 1.571313814064146275, 8.867918396825432481 ) ) ;
#1563 = ORIENTED_EDGE ( 'NONE', *, *, #4615, .T. ) ;
#1564 = CARTESIAN_POINT ( 'NONE',  ( -7.249999999999999112, -8.878689293818310074E-16, 61.25000000000000000 ) ) ;
#1565 = CARTESIAN_POINT ( 'NONE',  ( 8.899438418959563890, -6.465291627385922446, 8.674148813960478321 ) ) ;
#1566 = VERTEX_POINT ( 'NONE', #2844 ) ;
#1567 = CARTESIAN_POINT ( 'NONE',  ( -12.59597369492583674, 8.186627235442205830, 9.503916713854554388 ) ) ;
#1568 = CARTESIAN_POINT ( 'NONE',  ( -16.70340210924545232, -8.225460960250828180, 9.630950504033298998 ) ) ;
#1569 = CARTESIAN_POINT ( 'NONE',  ( 11.12679247141556971, -23.42495775118167955, 9.766135347243723785 ) ) ;
#1570 = CARTESIAN_POINT ( 'NONE',  ( 19.24192632642933631, 8.567954372049667811, 4.999478381024410112 ) ) ;
#1571 = CARTESIAN_POINT ( 'NONE',  ( -7.659311237732494781, -10.54299985527598871, 8.789169392377740309 ) ) ;
#1572 = PLANE ( 'NONE',  #5616 ) ;
#1573 = CARTESIAN_POINT ( 'NONE',  ( -9.866470961374336213, -4.863411899919208636, 8.956607300572713370 ) ) ;
#1574 = VERTEX_POINT ( 'NONE', #3307 ) ;
#1575 = CARTESIAN_POINT ( 'NONE',  ( 15.61398379303085981, -10.45680890910367999, 9.635644574541023744 ) ) ;
#1576 = PLANE ( 'NONE',  #4838 ) ;
#1577 = CARTESIAN_POINT ( 'NONE',  ( -5.378707633892603646, 9.646201983157260074, 9.141370585886830824 ) ) ;
#1578 = CARTESIAN_POINT ( 'NONE',  ( -1.405917565198611774, -20.07005227819566784, 9.668500753904174516 ) ) ;
#1579 = VECTOR ( 'NONE', #655, 1000.000000000000000 ) ;
#1580 = CARTESIAN_POINT ( 'NONE',  ( 10.93978556392716506, -1.149387582711250078, 4.999478381024410112 ) ) ;
#1581 = CARTESIAN_POINT ( 'NONE',  ( 2.960449253800472302, 28.17733591054699360, 9.077380910921631241 ) ) ;
#1582 = CARTESIAN_POINT ( 'NONE',  ( -4.480746418436738487, 6.167218360552288559, 58.37499999999999289 ) ) ;
#1583 = DIRECTION ( 'NONE',  ( 0.001226723534936802846, 0.002124747489351848286, 0.9999969902942084099 ) ) ;
#1584 = CARTESIAN_POINT ( 'NONE',  ( 8.225460960250890352, -16.70340210924543101, 9.630950504033306103 ) ) ;
#1585 = CARTESIAN_POINT ( 'NONE',  ( -6.489858743163386734, 14.57493567102278931, 8.896083650334510651 ) ) ;
#1586 = CARTESIAN_POINT ( 'NONE',  ( 3.242306918520068582, -10.51130086364751293, 6.142857142857142350 ) ) ;
#1587 = CARTESIAN_POINT ( 'NONE',  ( -8.249999999999998224, -2.680587493921477993, 62.62499999999998579 ) ) ;
#1588 = ORIENTED_EDGE ( 'NONE', *, *, #5677, .F. ) ;
#1589 = EDGE_LOOP ( 'NONE', ( #5619, #2065, #1409, #889 ) ) ;
#1590 = CARTESIAN_POINT ( 'NONE',  ( 14.75224336313005935, 21.38779045400709222, 9.766734352938287955 ) ) ;
#1591 = ORIENTED_EDGE ( 'NONE', *, *, #5150, .T. ) ;
#1592 = CARTESIAN_POINT ( 'NONE',  ( -1.593491436080466221E-15, 8.674563349965705328, 61.62500000000000000 ) ) ;
#1593 = CARTESIAN_POINT ( 'NONE',  ( -27.90458680842348471, 2.309552998127173407, 9.789322327038767924 ) ) ;
#1594 = ORIENTED_EDGE ( 'NONE', *, *, #1884, .F. ) ;
#1595 = CARTESIAN_POINT ( 'NONE',  ( -19.31589902786176083, 13.21641043582694053, 9.730842690680058027 ) ) ;
#1596 = CARTESIAN_POINT ( 'NONE',  ( -19.60621109109366955, -9.472701046249088819, 9.702929324004895051 ) ) ;
#1597 = EDGE_CURVE ( 'NONE', #2319, #2505, #5329, .T. ) ;
#1598 = CARTESIAN_POINT ( 'NONE',  ( 10.68338748219014001, -23.99276955997806837, 9.060546209440238030 ) ) ;
#1599 = CARTESIAN_POINT ( 'NONE',  ( -6.465291627385828299, -8.899438418959627839, 4.999478381024411000 ) ) ;
#1600 = EDGE_CURVE ( 'NONE', #4550, #496, #3786, .T. ) ;
#1601 = CARTESIAN_POINT ( 'NONE',  ( -19.56812906412326214, 14.21591510003078085, 9.040454340733061755 ) ) ;
#1602 = CARTESIAN_POINT ( 'NONE',  ( 10.89029909948373565, 14.99043690301301979, 8.957444811035012222 ) ) ;
#1603 = CARTESIAN_POINT ( 'NONE',  ( 4.667803196599342966E-16, -7.623101125727434813, 64.12500000000000000 ) ) ;
#1604 = CARTESIAN_POINT ( 'NONE',  ( 0.1766910423142075692, 6.247501922814103992, 21.00000000000000000 ) ) ;
#1605 = VERTEX_POINT ( 'NONE', #3724 ) ;
#1606 = CARTESIAN_POINT ( 'NONE',  ( 12.83981879834749229, -8.370929896627396616, 9.517545350385889336 ) ) ;
#1607 = B_SPLINE_CURVE_WITH_KNOTS ( 'NONE', 3,
 ( #4570, #1456, #4194, #3754, #1986, #67, #5100, #5543, #5572, #1518 ),
 .UNSPECIFIED., .F., .F.,
 ( 4, 3, 3, 4 ),
 ( 0.000000000000000000, 0.005031637882900887211, 0.01006327576580177963, 0.01700000035875126256 ),
 .UNSPECIFIED. ) ;
#1608 = CARTESIAN_POINT ( 'NONE',  ( 11.21025918660258647, 5.899193599809417599, 9.374522705705643943 ) ) ;
#1609 = ADVANCED_FACE ( 'NONE', ( #2903 ), #191, .T. ) ;
#1610 = SURFACE_STYLE_FILL_AREA ( #2935 ) ;
#1611 = CARTESIAN_POINT ( 'NONE',  ( -22.95897929932391790, 16.02790393469599550, 9.683307533425935532 ) ) ;
#1612 = CARTESIAN_POINT ( 'NONE',  ( 2.244209449934992495, 27.32490932158889763, 9.783644783752150076 ) ) ;
#1613 = CARTESIAN_POINT ( 'NONE',  ( -4.480746418436736711, -6.167218360552288559, 61.62499999999998579 ) ) ;
#1614 = CARTESIAN_POINT ( 'NONE',  ( 10.97632044821124708, -0.7213972262896842791, 8.956607300572761332 ) ) ;
#1615 = PRODUCT_DEFINITION_CONTEXT ( 'detailed design', #4753, 'design' ) ;
#1616 = CARTESIAN_POINT ( 'NONE',  ( 7.715145400434980871, -15.50886129638032074, 9.593051699102415952 ) ) ;
#1617 = DIRECTION ( 'NONE',  ( -0.000000000000000000, 1.000000000000000000, 0.000000000000000000 ) ) ;
#1618 = CARTESIAN_POINT ( 'NONE',  ( 20.32941531556189574, -13.96868932029611621, 9.750172582966193602 ) ) ;
#1619 = CARTESIAN_POINT ( 'NONE',  ( 20.57779878668115003, 9.892050322695773446, 9.722190541089178240 ) ) ;
#1620 = ORIENTED_EDGE ( 'NONE', *, *, #880, .T. ) ;
#1621 = CARTESIAN_POINT ( 'NONE',  ( -19.97007051174216485, 2.098153655566066700, 8.986512289013813159 ) ) ;
#1622 = VERTEX_POINT ( 'NONE', #2400 ) ;
#1623 = DIRECTION ( 'NONE',  ( -0.000000000000000000, -0.000000000000000000, 1.000000000000000000 ) ) ;
#1624 = B_SPLINE_CURVE_WITH_KNOTS ( 'NONE', 3,
 ( #436, #5819, #910, #5043, #2339, #4139, #105, #44, #3173, #1352, #4517, #1897, #3638, #3147, #2702, #1792, #1021, #4933, #464, #4469, #515, #4056, #1400, #2230, #18, #1814, #5398, #3196, #4987, #3856, #2375, #4607, #4169, #5077, #2055, #5167, #3375, #1142, #636, #1524, #3731, #137, #198, #1050, #4641, #1933, #3282, #1085, #2881, #1556, #3313, #5518, #5106, #2941, #4670, #1492, #1992 ),
 .UNSPECIFIED., .F., .F.,
 ( 4, 1, 1, 1, 2, 2, 1, 1, 2, 2, 1, 1, 1, 2, 2, 1, 1, 1, 1, 1, 2, 2, 1, 1, 1, 2, 2, 1, 1, 1, 1, 2, 2, 1, 1, 1, 1, 2, 2, 1, 4 ),
 ( 0.1439684925078885680, 0.1974704617261432982, 0.2242214463352704967, 0.2375969386398342487, 0.2442846847921160691, 0.2509724309443978063, 0.3044744001626518703, 0.3312253847717788746, 0.3446008770763424600, 0.3512886232286244748, 0.3579763693809064895, 0.4649803078174211124, 0.4917312924265500595, 0.4984190385788326294, 0.5051067847311152548, 0.5184822770356800614, 0.5719842462539401762, 0.5987352308630704556, 0.6121107231676352622, 0.6187984693199177766, 0.6221423423960590338, 0.6254862154722001799, 0.6789881846904590734, 0.7324901539087178559, 0.7458656462132825515, 0.7492095192894234756, 0.7525533923655646218, 0.7592411385178466920, 0.7859921231269755282, 0.8394940923452332004, 0.8662450769543619256, 0.8729328231066441068, 0.8762766961827849199, 0.8796205692589259550, 0.8929960615634898735, 0.9197470461726181545, 0.9331225384771822950, 0.9364664115533233302, 0.9398102846294641433, 0.9464980307817461025, 1.000000000000000000 ),
 .UNSPECIFIED. ) ;
#1625 = CARTESIAN_POINT ( 'NONE',  ( -27.99999999999999645, 4.348965024795536771E-16, 8.999332994034862310 ) ) ;
#1626 = VERTEX_POINT ( 'NONE', #4164 ) ;
#1627 = CARTESIAN_POINT ( 'NONE',  ( 26.26142011680873267, 9.856658499240914750, 5.572962681898416371 ) ) ;
#1628 = CARTESIAN_POINT ( 'NONE',  ( -13.38781400466941562, -6.815119587485242825, 9.503916713854550835 ) ) ;
#1629 = CARTESIAN_POINT ( 'NONE',  ( 9.769832279487763671, -21.94110575060140178, 9.038635318908220029 ) ) ;
#1630 = CARTESIAN_POINT ( 'NONE',  ( 12.27496373115322470, -0.4471374191524867259, 9.347679155393775474 ) ) ;
#1631 = CARTESIAN_POINT ( 'NONE',  ( -12.93675560927032642, 9.398334342980984246, 8.896629249940167128 ) ) ;
#1632 = CARTESIAN_POINT ( 'NONE',  ( -7.978798161935399591, -10.98277185188059946, 8.812913050800617043 ) ) ;
#1633 = CARTESIAN_POINT ( 'NONE',  ( 5.010008248122167274, -9.794128150611527417, 9.063833485541699986 ) ) ;
#1634 = CARTESIAN_POINT ( 'NONE',  ( 8.151649281916053980, -3.681115861343894125, 24.00000000000000000 ) ) ;
#1635 = ORIENTED_EDGE ( 'NONE', *, *, #4632, .T. ) ;
#1636 = CARTESIAN_POINT ( 'NONE',  ( 11.43222617577129974, -7.304893781823958321, 9.429744918685747379 ) ) ;
#1637 = CARTESIAN_POINT ( 'NONE',  ( 4.209845712841018717, -5.208333333333333925, 44.00000000000000711 ) ) ;
#1638 = DIRECTION ( 'NONE',  ( -0.5000000000000001110, -0.8660254037844387076, 0.000000000000000000 ) ) ;
#1639 = CARTESIAN_POINT ( 'NONE',  ( 1.149387582711208999, 10.93978556392716861, 4.999478381024407447 ) ) ;
#1640 = CARTESIAN_POINT ( 'NONE',  ( 11.01054273084809765, 0.2709079943707675686, 8.763480628664169103 ) ) ;
#1641 = MECHANICAL_DESIGN_GEOMETRIC_PRESENTATION_REPRESENTATION (  '', ( #1267 ), #232 ) ;
#1642 = CARTESIAN_POINT ( 'NONE',  ( 5.865373209218368800, -4.261443079120430077, 62.25000000000000000 ) ) ;
#1643 = CARTESIAN_POINT ( 'NONE',  ( 10.95624670784942190, -0.9828036047436087275, 8.784349666569259085 ) ) ;
#1644 = VECTOR ( 'NONE', #5331, 1000.000000000000000 ) ;
#1645 = CARTESIAN_POINT ( 'NONE',  ( 7.250000000000000000, 0.000000000000000000, 57.50000000000000000 ) ) ;
#1646 = DIRECTION ( 'NONE',  ( -0.000000000000000000, -0.000000000000000000, 1.000000000000000000 ) ) ;
#1647 = EDGE_CURVE ( 'NONE', #1902, #3767, #1607, .T. ) ;
#1648 = CARTESIAN_POINT ( 'NONE',  ( 12.48202873033171834, 5.557938993103980430, 8.817288346933223053 ) ) ;
#1649 = ORIENTED_EDGE ( 'NONE', *, *, #701, .F. ) ;
#1650 = CARTESIAN_POINT ( 'NONE',  ( 13.27962574668518236, 19.40104171647780973, 9.732501247234313979 ) ) ;
#1651 = CARTESIAN_POINT ( 'NONE',  ( 8.749401500574968793, 13.34114243945039391, 9.543886106340938369 ) ) ;
#1652 = CARTESIAN_POINT ( 'NONE',  ( 5.098780407186631614, 7.017869168904329769, 61.37500000000001421 ) ) ;
#1653 = CARTESIAN_POINT ( 'NONE',  ( 2.405626121623440916, -6.250000000000000000, 44.00000000000000711 ) ) ;
#1654 = ORIENTED_EDGE ( 'NONE', *, *, #4885, .T. ) ;
#1655 = CARTESIAN_POINT ( 'NONE',  ( 7.481900115480095259, 8.063570590128106730, 6.142857142857142350 ) ) ;
#1656 = CARTESIAN_POINT ( 'NONE',  ( 3.608439182435160042, 6.249999999999999112, 44.00000000000000711 ) ) ;
#1657 = CARTESIAN_POINT ( 'NONE',  ( -16.97759894098364342, 12.33393874071985330, 9.000015129673830216 ) ) ;
#1658 = CARTESIAN_POINT ( 'NONE',  ( 15.31763249400911064, 21.08463700651443062, 9.058750113913900393 ) ) ;
#1659 = CARTESIAN_POINT ( 'NONE',  ( -25.50851019424162658, -11.54625080579281260, 9.272963267648437480 ) ) ;
#1660 = CARTESIAN_POINT ( 'NONE',  ( -2.222953254159990344, -21.15790381324855929, 9.004298147025629362 ) ) ;
#1661 = ORIENTED_EDGE ( 'NONE', *, *, #163, .F. ) ;
#1662 = CARTESIAN_POINT ( 'NONE',  ( 23.39154456181026021, 10.41567684531030835, 9.054651662031211856 ) ) ;
#1663 = CARTESIAN_POINT ( 'NONE',  ( 23.66310711586029569, 11.23033278058926498, 9.769298644417235167 ) ) ;
#1664 = DIRECTION ( 'NONE',  ( 0.5000000000000000000, 0.8660254037844385966, 0.000000000000000000 ) ) ;
#1665 = CARTESIAN_POINT ( 'NONE',  ( 1.616074925516122418, 21.85529985790072516, 9.706279605717398340 ) ) ;
#1666 =( BOUNDED_CURVE ( )  B_SPLINE_CURVE ( 2, ( #894, #2609, #3075 ),
 .UNSPECIFIED., .F., .T. ) 
 B_SPLINE_CURVE_WITH_KNOTS ( ( 3, 3 ),
 ( 0.08333888588391168140, 0.09646968323894185293 ),
 .UNSPECIFIED. ) 
 CURVE ( )  GEOMETRIC_REPRESENTATION_ITEM ( )  RATIONAL_B_SPLINE_CURVE ( ( 0.9972047752087661587, 0.9964348995293937916, 0.9973649352736199125 ) ) 
 REPRESENTATION_ITEM ( '' )  );
#1667 = CARTESIAN_POINT ( 'NONE',  ( 22.76692166457835853, -1.722132518372004428, 9.722190541089178240 ) ) ;
#1668 = CARTESIAN_POINT ( 'NONE',  ( -12.27496373115322648, 0.4471374191524008501, 9.347679155393770145 ) ) ;
#1669 = CARTESIAN_POINT ( 'NONE',  ( -12.50000000000000000, 0.000000000000000000, -4.000000000000000000 ) ) ;
#1670 = CARTESIAN_POINT ( 'NONE',  ( -8.536062607795670942, 19.17030374867628240, 9.000015129673830216 ) ) ;
#1671 = CARTESIAN_POINT ( 'NONE',  ( 13.34114243945036371, -8.749401500575014978, 9.543886106340938369 ) ) ;
#1672 = CARTESIAN_POINT ( 'NONE',  ( 20.01889682603369280, 8.913920138475818433, 9.013873883218943561 ) ) ;
#1673 = ORIENTED_EDGE ( 'NONE', *, *, #3502, .F. ) ;
#1674 = CARTESIAN_POINT ( 'NONE',  ( 14.80233471954656466, 21.45547855131330550, 9.767761934507692700 ) ) ;
#1675 = CARTESIAN_POINT ( 'NONE',  ( 10.18552219269621695, 14.02031536131898548, 8.931712705553785270 ) ) ;
#1676 = CARTESIAN_POINT ( 'NONE',  ( -6.250000000000000000, 0.000000000000000000, 8.000000000000000000 ) ) ;
#1677 = CARTESIAN_POINT ( 'NONE',  ( -3.007032652029299147, -6.250000000000000000, 44.00000000000000711 ) ) ;
#1678 = ORIENTED_EDGE ( 'NONE', *, *, #292, .T. ) ;
#1679 = ADVANCED_FACE ( 'NONE', ( #1079 ), #629, .T. ) ;
#1680 = CARTESIAN_POINT ( 'NONE',  ( -10.99639545900968862, 0.2815793122212450483, 9.244236608254535525 ) ) ;
#1681 = CARTESIAN_POINT ( 'NONE',  ( 8.899438418959563890, -6.465291627385922446, 8.674148813960478321 ) ) ;
#1682 = ADVANCED_FACE ( 'NONE', ( #1550 ), #3660, .T. ) ;
#1683 = CIRCLE ( 'NONE', #4957, 6.500000000000005329 ) ;
#1684 = VERTEX_POINT ( 'NONE', #5010 ) ;
#1685 = CARTESIAN_POINT ( 'NONE',  ( -16.45710596061846331, -22.65311597553360201, 4.999478381024408336 ) ) ;
#1686 = CARTESIAN_POINT ( 'NONE',  ( -14.97531339439458264, 10.87931212603158038, 8.957068822608100334 ) ) ;
#1687 = CIRCLE ( 'NONE', #1701, 7.500000000000000000 ) ;
#1688 = CARTESIAN_POINT ( 'NONE',  ( 4.854853077856538413, -9.870684620711362101, 8.950348815923206303 ) ) ;
#1689 = EDGE_CURVE ( 'NONE', #5201, #4358, #3361, .T. ) ;
#1690 = EDGE_CURVE ( 'NONE', #1574, #3441, #113, .T. ) ;
#1691 = CARTESIAN_POINT ( 'NONE',  ( -2.618502021262774093, -24.92270757245862711, 9.049481907957813931 ) ) ;
#1692 = CARTESIAN_POINT ( 'NONE',  ( 15.13711721369636543, 6.740184293979933017, 8.912760710018197585 ) ) ;
#1693 = CARTESIAN_POINT ( 'NONE',  ( 5.713362038855669844, -2.604166666666669627, 44.00000000000000711 ) ) ;
#1694 = LINE ( 'NONE', #2585, #331 ) ;
#1695 = CARTESIAN_POINT ( 'NONE',  ( -9.526279441628895839, 5.499999999999876543, 24.66837655001592822 ) ) ;
#1696 = B_SPLINE_SURFACE_WITH_KNOTS ( 'NONE', 1, 3, ( 
 ( #5607, #1197, #2938, #1581, #1111, #2081, #3908, #3372, #2461, #5224, #2878, #3000, #5575, #4756, #3880, #1139, #5698, #758, #1553, #2559, #4255, #4343, #318, #4726 ),
 ( #3343, #694, #632, #2494, #1612, #2110, #4285, #2051, #1665, #5193, #3851, #3460, #1166, #4227, #195, #3789, #3550, #3521, #5281, #4869, #400, #5309, #2587, #4811 ) ),
 .UNSPECIFIED., .F., .F., .F.,
 ( 2, 2 ),
 ( 4, 2, 2, 2, 2, 2, 2, 2, 2, 2, 2, 4 ),
 ( 0.000000000000000000, 1.000000000000000000 ),
 ( 0.01982871850929110447, 0.02257970761283119993, 0.02533069671637129538, 0.02808168581991139084, 0.03083267492345148977, 0.03358366402699158870, 0.03495915857876163990, 0.03633465313053168416, 0.03771014768230172842, 0.03908564223407177962, 0.04046113678584183082, 0.04183663133761187508 ),
 .UNSPECIFIED. ) ;
#1697 = CARTESIAN_POINT ( 'NONE',  ( 6.916175099667392523, 0.5208333333333319271, 44.00000000000000711 ) ) ;
#1698 = CARTESIAN_POINT ( 'NONE',  ( 10.90864613767698543, -0.2702796718251527786, 9.237924718603887086 ) ) ;
#1699 = CARTESIAN_POINT ( 'NONE',  ( -25.06226149078570131, 1.986542569994890206, 9.756333960009662576 ) ) ;
#1700 = CARTESIAN_POINT ( 'NONE',  ( 3.608439182435160486, -6.250000000000000000, 44.00000000000000711 ) ) ;
#1701 = AXIS2_PLACEMENT_3D ( 'NONE', #4875, #4762, #846 ) ;
#1702 = CARTESIAN_POINT ( 'NONE',  ( -5.488810752101612955, 12.32678041052472118, 8.809460114356459925 ) ) ;
#1703 =( BOUNDED_CURVE ( )  B_SPLINE_CURVE ( 2, ( #5408, #1907, #3710, #5497, #3624, #3263, #2830 ),
 .UNSPECIFIED., .F., .F. ) 
 B_SPLINE_CURVE_WITH_KNOTS ( ( 3, 2, 2, 3 ),
 ( 0.01666172618599905814, 0.03571428571428571230, 0.07142857142857142461, 0.08740979427194939255 ),
 .UNSPECIFIED. ) 
 CURVE ( )  GEOMETRIC_REPRESENTATION_ITEM ( )  RATIONAL_B_SPLINE_CURVE ( ( 0.9968701940290736196, 0.9966456421313096836, 1.000000000000000000, 0.9937122098932426040, 1.000000000000000000, 0.9971863759031226460, 0.9968908004128682609 ) ) 
 REPRESENTATION_ITEM ( '' )  );
#1704 = CARTESIAN_POINT ( 'NONE',  ( -5.679718474687677876, 10.68513982431080933, 9.334463155791649314 ) ) ;
#1705 =( BOUNDED_SURFACE ( )  B_SPLINE_SURFACE ( 1, 2, ( 
 ( #5268, #1240, #1655, #1742, #5322, #4770, #2627 ),
 ( #5237, #3538, #1209, #4799, #5295, #3096, #2154 ) ),
 .UNSPECIFIED., .F., .F., .T. ) 
 B_SPLINE_SURFACE_WITH_KNOTS ( ( 2, 2 ),
 ( 3, 2, 2, 3 ),
 ( 0.000000000000000000, 1.000000000000000000 ),
 ( 0.000000000000000000, 0.03571428571428571230, 0.07142857142857142461, 0.09998661063300855190 ),
 .UNSPECIFIED. ) 
 GEOMETRIC_REPRESENTATION_ITEM ( )  RATIONAL_B_SPLINE_SURFACE ( (
 ( 1.000000000000000000, 0.9937122098932426040, 1.000000000000000000, 0.9937122098932426040, 1.000000000000000000, 0.9949721252214146494, 0.9979850801651724002),
 ( 1.000000000000000000, 0.9937122098932426040, 1.000000000000000000, 0.9937122098932426040, 1.000000000000000000, 0.9949721252214146494, 0.9979850801651724002) ) ) 
 REPRESENTATION_ITEM ( '' )  SURFACE ( )  );
#1706 = CARTESIAN_POINT ( 'NONE',  ( 12.06360715317753751, 5.371626202974465691, 8.797761960110745960 ) ) ;
#1707 = CARTESIAN_POINT ( 'NONE',  ( 7.250000000000013323, 2.355667797688555609, 62.37500000000000000 ) ) ;
#1708 = CARTESIAN_POINT ( 'NONE',  ( -3.102776200920767558, -2.524436540497639214, 24.00000000000000000 ) ) ;
#1709 = CARTESIAN_POINT ( 'NONE',  ( 12.32721186886639053, 18.11920742151038510, 9.706279605717398340 ) ) ;
#1710 = CARTESIAN_POINT ( 'NONE',  ( -11.38962092937785897, 25.57882982243475922, 4.999478381024409224 ) ) ;
#1711 = DIRECTION ( 'NONE',  ( 0.1531164347273664683, -0.2652054444216022100, -0.9519566322398937963 ) ) ;
#1712 = ORIENTED_EDGE ( 'NONE', *, *, #1533, .F. ) ;
#1713 = CARTESIAN_POINT ( 'NONE',  ( -3.637306695894642061, 4.342160359065296731E-16, 44.75000000000000000 ) ) ;
#1714 = CARTESIAN_POINT ( 'NONE',  ( -23.46971274228451065, -11.14624818242356596, 9.766734352938289732 ) ) ;
#1715 = EDGE_CURVE ( 'NONE', #4235, #2289, #567, .T. ) ;
#1716 = ORIENTED_EDGE ( 'NONE', *, *, #5413, .T. ) ;
#1717 = B_SPLINE_CURVE_WITH_KNOTS ( 'NONE', 3,
 ( #4600, #2398, #3689, #4192, #4103, #65, #1423, #157, #3216, #4132, #535, #5477, #564 ),
 .UNSPECIFIED., .F., .F.,
 ( 4, 2, 1, 1, 1, 2, 2, 4 ),
 ( 0.000000000000000000, 0.2500000000000136557, 0.3750000000000195954, 0.4375000000000225375, 0.4687500000000243694, 0.4843750000000239253, 0.5000000000000234257, 1.000000000000000000 ),
 .UNSPECIFIED. ) ;
#1718 = CARTESIAN_POINT ( 'NONE',  ( 6.465291627385891360, 8.899438418959586983, 8.674148813960478321 ) ) ;
#1719 = CARTESIAN_POINT ( 'NONE',  ( -10.93357207641624207, 7.943055356445473336, 8.810339537001684818 ) ) ;
#1720 = CARTESIAN_POINT ( 'NONE',  ( 2.549390203593316695, -7.846216259435016660, 60.74999999999998579 ) ) ;
#1721 = CARTESIAN_POINT ( 'NONE',  ( -1.324429777879166714, -12.60582416446654719, 8.772138810067737325 ) ) ;
#1722 = CARTESIAN_POINT ( 'NONE',  ( 19.12481837397245954, 8.515809094272745128, 8.999269646801840494 ) ) ;
#1723 = CARTESIAN_POINT ( 'NONE',  ( -8.899438418959608299, 6.465291627385859385, 24.66837655001592822 ) ) ;
#1724 = MANIFOLD_SOLID_BREP ( '\X2\501289d2\X0\2', #5353 ) ;
#1725 = CARTESIAN_POINT ( 'NONE',  ( -12.60993745752547923, 28.31941873198133663, 10.00049293681678542 ) ) ;
#1726 = FACE_OUTER_BOUND ( 'NONE', #3204, .T. ) ;
#1727 = CARTESIAN_POINT ( 'NONE',  ( 10.40585729455176534, -23.36949179821526101, 9.054700542784383188 ) ) ;
#1728 = CARTESIAN_POINT ( 'NONE',  ( 30.91320937270460334, -3.247893552127768757, 9.095426565020519050 ) ) ;
#1729 = LINE ( 'NONE', #373, #1994 ) ;
#1730 = CARTESIAN_POINT ( 'NONE',  ( 4.148223681453097278, -5.976600844103848509, 57.50000000000000000 ) ) ;
#1731 = CARTESIAN_POINT ( 'NONE',  ( -9.838539324047937740, 22.09540814673110276, 9.040454340733059979 ) ) ;
#1732 = CARTESIAN_POINT ( 'NONE',  ( -6.330930294039960771, 12.23934689367803941, 9.441877396648989063 ) ) ;
#1733 = CARTESIAN_POINT ( 'NONE',  ( 15.51612086313654970, 7.718325367626706068, 9.592965428804635764 ) ) ;
#1734 = CARTESIAN_POINT ( 'NONE',  ( 25.22712830126773653, -12.14874469529162759, 8.285714285714284699 ) ) ;
#1735 = VECTOR ( 'NONE', #1535, 1000.000000000000114 ) ;
#1736 = CARTESIAN_POINT ( 'NONE',  ( -10.45159621504911129, 0.2104339737772917551, 9.194114427929031663 ) ) ;
#1737 = ORIENTED_EDGE ( 'NONE', *, *, #2893, .T. ) ;
#1738 = VECTOR ( 'NONE', #558, 1000.000000000000000 ) ;
#1739 = CARTESIAN_POINT ( 'NONE',  ( -15.60599705585111963, -22.54196090363478788, 9.783644783752150076 ) ) ;
#1740 = CARTESIAN_POINT ( 'NONE',  ( -24.26917971723834810, 14.13794542684485478, 9.035529747155958802 ) ) ;
#1741 = VERTEX_POINT ( 'NONE', #3878 ) ;
#1742 = CARTESIAN_POINT ( 'NONE',  ( 8.390446319961903043, 7.220562908077982733, 7.214285714285715301 ) ) ;
#1743 = CARTESIAN_POINT ( 'NONE',  ( -24.49262724294518989, -11.59124692932873479, 9.779827166081956236 ) ) ;
#1744 = EDGE_CURVE ( 'NONE', #613, #4063, #1078, .T. ) ;
#1745 = ORIENTED_EDGE ( 'NONE', *, *, #4587, .F. ) ;
#1746 = CARTESIAN_POINT ( 'NONE',  ( 1.284067757405084054, 12.22166145420588279, 8.752111538817336722 ) ) ;
#1747 = EDGE_CURVE ( 'NONE', #1437, #3711, #755, .T. ) ;
#1748 = CARTESIAN_POINT ( 'NONE',  ( -7.250000000000001776, 2.355667797688569820, 63.37500000000000711 ) ) ;
#1749 = CARTESIAN_POINT ( 'NONE',  ( -1.936057223457047005, -18.42724872157888427, 8.957444811035010446 ) ) ;
#1750 = DIRECTION ( 'NONE',  ( 1.000000000000000000, 0.000000000000000000, 0.000000000000000000 ) ) ;
#1751 = CARTESIAN_POINT ( 'NONE',  ( 24.98530099599072685, 11.80587493553287182, 9.785582408824424760 ) ) ;
#1752 = CARTESIAN_POINT ( 'NONE',  ( 2.868797113797320719, 27.85270684142197695, 9.140768878993270619 ) ) ;
#1753 = CARTESIAN_POINT ( 'NONE',  ( 6.674390203593317139, -4.849228331412903437, 63.49999999999998579 ) ) ;
#1754 = CARTESIAN_POINT ( 'NONE',  ( 3.957676365536818786, 0.6782145250745567067, 34.00000000000000711 ) ) ;
#1755 = CARTESIAN_POINT ( 'NONE',  ( -11.65045705224245509, 25.46114935249541489, 9.405155380086270611 ) ) ;
#1756 = CARTESIAN_POINT ( 'NONE',  ( -15.57228172361358531, 0.8625832851228888432, 9.528853671068432618 ) ) ;
#1757 = CARTESIAN_POINT ( 'NONE',  ( 6.014065304058605399, -2.083333333333326820, 44.00000000000000711 ) ) ;
#1758 = CARTESIAN_POINT ( 'NONE',  ( -7.579129017920955391, 17.02122068449444825, 8.959518355077154439 ) ) ;
#1759 = CARTESIAN_POINT ( 'NONE',  ( -10.11985403714993481, 21.10369669819879945, 9.730842690680063356 ) ) ;
#1760 = ADVANCED_FACE ( 'NONE', ( #5191 ), #5159, .F. ) ;
#1761 = EDGE_CURVE ( 'NONE', #3764, #1149, #1169, .T. ) ;
#1762 = CARTESIAN_POINT ( 'NONE',  ( 4.480746418436737599, -6.167218360552287670, 61.87499999999999289 ) ) ;
#1763 = CARTESIAN_POINT ( 'NONE',  ( -6.916175099667390747, -0.5208333333333343695, 44.00000000000000711 ) ) ;
#1764 = CARTESIAN_POINT ( 'NONE',  ( -16.38452646131433710, 0.9626198495146509604, 9.561248461985641711 ) ) ;
#1765 = CARTESIAN_POINT ( 'NONE',  ( -15.49999999999974420, -26.84678751731773616, 4.000000000000000000 ) ) ;
#1766 = CARTESIAN_POINT ( 'NONE',  ( -12.32721186886625908, -18.11920742151046682, 9.706279605717398340 ) ) ;
#1767 = CARTESIAN_POINT ( 'NONE',  ( 14.06025943897775932, 19.35386990151455677, 9.037590209674169373 ) ) ;
#1768 = CARTESIAN_POINT ( 'NONE',  ( 1.999999999999997335, -3.464101615137756163, 34.00000000000000000 ) ) ;
#1769 = ORIENTED_EDGE ( 'NONE', *, *, #3953, .F. ) ;
#1770 = CARTESIAN_POINT ( 'NONE',  ( 0.9828036047435650957, 10.95624670784943078, 8.784349666569239545 ) ) ;
#1771 = CARTESIAN_POINT ( 'NONE',  ( 18.53037402515380450, -1.946892074167956510, 8.959518355077150886 ) ) ;
#1772 = ORIENTED_EDGE ( 'NONE', *, *, #1307, .T. ) ;
#1773 =( BOUNDED_SURFACE ( )  B_SPLINE_SURFACE ( 1, 2, ( 
 ( #3052, #4841, #3818, #724, #5604, #1577, #4722 ),
 ( #691, #2523, #2491, #254, #4400, #4071, #1725 ) ),
 .UNSPECIFIED., .F., .F., .T. ) 
 B_SPLINE_SURFACE_WITH_KNOTS ( ( 2, 2 ),
 ( 3, 2, 2, 3 ),
 ( 0.000000000000000000, 1.000000000000000000 ),
 ( 0.000000000000000000, 0.03571428571428571230, 0.07142857142857142461, 0.09998661063300855190 ),
 .UNSPECIFIED. ) 
 GEOMETRIC_REPRESENTATION_ITEM ( )  RATIONAL_B_SPLINE_SURFACE ( (
 ( 1.000000000000000000, 0.9937122098932426040, 1.000000000000000000, 0.9937122098932426040, 1.000000000000000000, 0.9949721252214146494, 0.9979850801651724002),
 ( 1.000000000000000000, 0.9937122098932426040, 1.000000000000000000, 0.9937122098932426040, 1.000000000000000000, 0.9949721252214146494, 0.9979850801651724002) ) ) 
 REPRESENTATION_ITEM ( '' )  SURFACE ( )  );
#1774 = ORIENTED_EDGE ( 'NONE', *, *, #239, .T. ) ;
#1775 = DIRECTION ( 'NONE',  ( 0.4067721760492060135, -0.9135296365155285425, 0.000000000000000000 ) ) ;
#1776 = CARTESIAN_POINT ( 'NONE',  ( -10.04882600167078266, -4.474493936541334094, 8.674148813960478321 ) ) ;
#1777 = CARTESIAN_POINT ( 'NONE',  ( 6.674390203593317139, -4.849228331412903437, 63.49999999999998579 ) ) ;
#1778 = CARTESIAN_POINT ( 'NONE',  ( -1.226079714692588363, -11.66973557464378963, 8.721862271799620814 ) ) ;
#1779 = CARTESIAN_POINT ( 'NONE',  ( 13.73601714535202767, 6.116309051314582135, 8.867948148798287633 ) ) ;
#1780 = CARTESIAN_POINT ( 'NONE',  ( -22.53182997522003816, -10.03286718135430711, 9.045875455953151345 ) ) ;
#1781 = CARTESIAN_POINT ( 'NONE',  ( 7.250000000000000000, 0.000000000000000000, 36.99390334559012672 ) ) ;
#1782 = CARTESIAN_POINT ( 'NONE',  ( 0.000000000000000000, 0.000000000000000000, -64.00000000000000000 ) ) ;
#1783 = CARTESIAN_POINT ( 'NONE',  ( 4.811252243246882720, 4.166666666666662522, 44.00000000000000711 ) ) ;
#1784 = CARTESIAN_POINT ( 'NONE',  ( -12.50000000000000000, 0.000000000000000000, -9.000000000000001776 ) ) ;
#1785 = CARTESIAN_POINT ( 'NONE',  ( -23.33626447297689310, 1.787797670336985778, 9.730842690680058027 ) ) ;
#1786 = CARTESIAN_POINT ( 'NONE',  ( 0.3707165729785968922, 11.68161155120484018, 9.303692016028184852 ) ) ;
#1787 = ADVANCED_FACE ( 'NONE', ( #3906 ), #4282, .T. ) ;
#1788 = CARTESIAN_POINT ( 'NONE',  ( -11.38962092937785542, 25.57882982243475567, 9.074663436463128008 ) ) ;
#1789 = CARTESIAN_POINT ( 'NONE',  ( -8.225460960250771336, 16.70340210924549140, 9.630950504033302551 ) ) ;
#1790 = CARTESIAN_POINT ( 'NONE',  ( -10.26135039757874701, 6.413743293498101572, 9.334463155791654643 ) ) ;
#1791 = CARTESIAN_POINT ( 'NONE',  ( -10.90864613767698543, 0.2702796718250765062, 9.237924718603887086 ) ) ;
#1792 = CARTESIAN_POINT ( 'NONE',  ( 18.69631873431551838, -13.58255962740179612, 9.028671707602015317 ) ) ;
#1793 = CARTESIAN_POINT ( 'NONE',  ( -6.954250794379492007, -9.572488027055939597, 8.728034140222046489 ) ) ;
#1794 = CARTESIAN_POINT ( 'NONE',  ( -21.15790381324855929, 2.222953254160063619, 9.004298147025636467 ) ) ;
#1795 = EDGE_LOOP ( 'NONE', ( #4802, #5087, #2740, #941 ) ) ;
#1796 = CARTESIAN_POINT ( 'NONE',  ( -24.75641435796654832, 17.24006492052038197, 9.809850538807884490 ) ) ;
#1797 = CARTESIAN_POINT ( 'NONE',  ( 5.799727289926199347, -30.65229587297134373, 7.214285714285715301 ) ) ;
#1798 = VERTEX_POINT ( 'NONE', #3932 ) ;
#1799 = ORIENTED_EDGE ( 'NONE', *, *, #1332, .F. ) ;
#1800 = CARTESIAN_POINT ( 'NONE',  ( 2.731589491041682471, 25.99906570261013883, 9.059469684201998163 ) ) ;
#1801 = CARTESIAN_POINT ( 'NONE',  ( -2.240373209218369688, 6.895159743139863018, 60.50000000000000000 ) ) ;
#1802 = CARTESIAN_POINT ( 'NONE',  ( -2.385576154680539407, -22.70573649061407551, 9.025451658185614789 ) ) ;
#1803 = CARTESIAN_POINT ( 'NONE',  ( 5.742052567068637536, 9.382368161451585920, 9.244236608254535525 ) ) ;
#1804 = CARTESIAN_POINT ( 'NONE',  ( -23.10357740127614434, -10.98687843811275400, 9.762216838740801705 ) ) ;
#1805 = CARTESIAN_POINT ( 'NONE',  ( 22.72024831769078190, -16.36440013537676563, 9.206866708977546665 ) ) ;
#1806 = CARTESIAN_POINT ( 'NONE',  ( -6.674390203593315363, -4.849228331412904325, 62.74999999999998579 ) ) ;
#1807 = CARTESIAN_POINT ( 'NONE',  ( 6.014065304058603623, 2.083333333333329040, 44.00000000000000711 ) ) ;
#1808 = CARTESIAN_POINT ( 'NONE',  ( 9.931214073995811020, -6.161855745405841134, 9.303692016028184852 ) ) ;
#1809 = CARTESIAN_POINT ( 'NONE',  ( -0.1766910423142067921, -6.247501922814103992, 21.00000000000000000 ) ) ;
#1810 = CARTESIAN_POINT ( 'NONE',  ( 0.9279923894603883117, 16.10328155549727924, 9.550102190098641586 ) ) ;
#1811 = CARTESIAN_POINT ( 'NONE',  ( -0.4962780740236459875, -12.65796603851043223, 9.374522705705647496 ) ) ;
#1812 = CARTESIAN_POINT ( 'NONE',  ( 6.674390203593315363, 4.849228331412905213, 61.25000000000001421 ) ) ;
#1813 = CARTESIAN_POINT ( 'NONE',  ( -11.82204920030351047, 0.3889299800618958858, 9.315460168994839307 ) ) ;
#1814 = CARTESIAN_POINT ( 'NONE',  ( 15.19263260247655190, -11.03719085841211367, 8.962402508024638337 ) ) ;
#1815 = CARTESIAN_POINT ( 'NONE',  ( -17.78414223553915718, -25.49493074207579468, 9.817307459269112968 ) ) ;
#1816 = EDGE_CURVE ( 'NONE', #4966, #202, #5666, .T. ) ;
#1817 = CARTESIAN_POINT ( 'NONE',  ( -20.20802730528426494, 2.123154564598614957, 8.989849980057549317 ) ) ;
#1818 = ORIENTED_EDGE ( 'NONE', *, *, #1256, .F. ) ;
#1819 = CARTESIAN_POINT ( 'NONE',  ( -13.27866665273949387, 9.646726938399336149, 8.908695597015118040 ) ) ;
#1820 = CARTESIAN_POINT ( 'NONE',  ( 13.41971035843758386, -1.409940657377255269, 8.809460114356456373 ) ) ;
#1821 = ORIENTED_EDGE ( 'NONE', *, *, #3576, .F. ) ;
#1822 = AXIS2_PLACEMENT_3D ( 'NONE', #4626, #589, #2392 ) ;
#1823 = EDGE_LOOP ( 'NONE', ( #4645, #5083, #3469, #5498 ) ) ;
#1824 =( GEOMETRIC_REPRESENTATION_CONTEXT ( 3 ) GLOBAL_UNCERTAINTY_ASSIGNED_CONTEXT ( ( #4374 ) ) GLOBAL_UNIT_ASSIGNED_CONTEXT ( ( #4313, #1195, #808 ) ) REPRESENTATION_CONTEXT ( 'NONE', 'WORKASPACE' ) );
#1825 = CARTESIAN_POINT ( 'NONE',  ( 2.172567011496939759, 20.67833130141821130, 8.997110467374637821 ) ) ;
#1826 = FACE_OUTER_BOUND ( 'NONE', #2542, .T. ) ;
#1827 = CARTESIAN_POINT ( 'NONE',  ( 25.55555024573074974, 11.44190224185897087, 9.140768878993267066 ) ) ;
#1828 = CARTESIAN_POINT ( 'NONE',  ( -2.864635127650051238, -27.26538418090859039, 9.070458438625532693 ) ) ;
#1829 = CARTESIAN_POINT ( 'NONE',  ( -14.57493567102276444, -6.489858743163439136, 8.896083650334510651 ) ) ;
#1830 = CARTESIAN_POINT ( 'NONE',  ( 22.90628991581805707, -16.10311502689393848, 9.577280781481604777 ) ) ;
#1831 = DIRECTION ( 'NONE',  ( 1.000000000000000000, 0.000000000000000000, 0.000000000000000000 ) ) ;
#1832 = CARTESIAN_POINT ( 'NONE',  ( -4.594593401633673579, -27.67138621023256917, 5.572962681898415482 ) ) ;
#1833 = CARTESIAN_POINT ( 'NONE',  ( 10.37316170840833429, -6.499019229524636287, 9.344654686358289553 ) ) ;
#1834 = CARTESIAN_POINT ( 'NONE',  ( -2.566189190698572098, -3.088341009974875817, 34.00000000000000000 ) ) ;
#1835 = CARTESIAN_POINT ( 'NONE',  ( 0.7652763388968468750, 14.78849007231240620, 9.494005665049332521 ) ) ;
#1836 = CARTESIAN_POINT ( 'NONE',  ( -9.082197305309028579, 18.69971009564401143, 9.683098232677265216 ) ) ;
#1837 = CARTESIAN_POINT ( 'NONE',  ( 9.867464634541988744, 4.861394344751722052, 8.955131925794992398 ) ) ;
#1838 = CARTESIAN_POINT ( 'NONE',  ( 7.250000000000013323, 2.355667797688555609, 60.12500000000000000 ) ) ;
#1839 = CARTESIAN_POINT ( 'NONE',  ( 5.127528282188015041, 8.580673181453473575, 9.143094280162275211 ) ) ;
#1840 = EDGE_CURVE ( 'NONE', #2854, #2950, #1694, .T. ) ;
#1841 = CARTESIAN_POINT ( 'NONE',  ( -7.084490216518464223, -11.14187790746153439, 9.409485193919609358 ) ) ;
#1842 = CARTESIAN_POINT ( 'NONE',  ( 7.834990491359283382, 10.78482138309645677, 8.802444968223843702 ) ) ;
#1843 = ORIENTED_EDGE ( 'NONE', *, *, #2346, .T. ) ;
#1844 = CARTESIAN_POINT ( 'NONE',  ( 0.2815793122212840727, 10.99639545900968862, 9.244236608254535525 ) ) ;
#1845 = DIRECTION ( 'NONE',  ( 1.000000000000000000, 0.000000000000000000, 0.000000000000000000 ) ) ;
#1846 = ORIENTED_EDGE ( 'NONE', *, *, #3085, .T. ) ;
#1847 = EDGE_LOOP ( 'NONE', ( #1029, #4828, #4709, #3569 ) ) ;
#1848 = CARTESIAN_POINT ( 'NONE',  ( 1.891249164061843180, 18.00076894339612110, 8.948779096980004510 ) ) ;
#1849 = EDGE_CURVE ( 'NONE', #3351, #1437, #2108, .T. ) ;
#1850 = DIRECTION ( 'NONE',  ( 1.000000000000000000, 0.000000000000000000, 0.000000000000000000 ) ) ;
#1851 = LINE ( 'NONE', #5435, #2524 ) ;
#1852 = ADVANCED_FACE ( 'NONE', ( #5279 ), #1773, .F. ) ;
#1853 = CARTESIAN_POINT ( 'NONE',  ( -1.427698004453579639, -13.58872346778649387, 8.817288346933223053 ) ) ;
#1854 = CARTESIAN_POINT ( 'NONE',  ( -27.55788343387192896, -12.27084460495890816, 9.089868230524976056 ) ) ;
#1855 = CARTESIAN_POINT ( 'NONE',  ( -11.09741034218954070, -16.47049004350762758, 9.662450345237978411 ) ) ;
#1856 = CARTESIAN_POINT ( 'NONE',  ( -0.03711537444789201473, -0.06428571428569504476, 44.73928571428572099 ) ) ;
#1857 = CARTESIAN_POINT ( 'NONE',  ( 8.250000000000000000, 0.000000000000000000, 63.50000000000001421 ) ) ;
#1858 = CARTESIAN_POINT ( 'NONE',  ( -14.13794542684477129, -24.26917971723839784, 9.035529747155960578 ) ) ;
#1859 = DIRECTION ( 'NONE',  ( 1.000000000000000000, 0.000000000000000000, 0.000000000000000000 ) ) ;
#1860 = CARTESIAN_POINT ( 'NONE',  ( -3.064790086252641377, -2.594270395228368553, 34.00000000000000711 ) ) ;
#1861 = EDGE_CURVE ( 'NONE', #4717, #3704, #2718, .T. ) ;
#1862 = CARTESIAN_POINT ( 'NONE',  ( 0.9079263600297867720, 15.94009393790564744, 9.543723846560885349 ) ) ;
#1863 = DIRECTION ( 'NONE',  ( -0.000000000000000000, -0.000000000000000000, -1.000000000000000000 ) ) ;
#1864 = CARTESIAN_POINT ( 'NONE',  ( -0.4417348982475940988, -12.23293117180792500, 9.344654686358289553 ) ) ;
#1865 = CARTESIAN_POINT ( 'NONE',  ( 11.86910735082772028, -25.36006162652519436, 9.683307533425933755 ) ) ;
#1866 =( NAMED_UNIT ( * ) SI_UNIT ( $, .STERADIAN. ) SOLID_ANGLE_UNIT ( ) );
#1867 = CARTESIAN_POINT ( 'NONE',  ( -14.58429551089252563, -6.494026448598623880, 8.895901432997595393 ) ) ;
#1868 = PLANE ( 'NONE',  #5163 ) ;
#1869 = CARTESIAN_POINT ( 'NONE',  ( 19.81256796155101441, -1.375394250802673080, 9.662450345237978411 ) ) ;
#1870 = CARTESIAN_POINT ( 'NONE',  ( -3.242306918519993530, 10.51130086364753247, 6.142857142857142350 ) ) ;
#1871 = CARTESIAN_POINT ( 'NONE',  ( 16.31789243801130240, 22.75360161340383414, 9.272963267648433927 ) ) ;
#1872 = EDGE_LOOP ( 'NONE', ( #4499, #4996, #1146, #2652 ) ) ;
#1873 = CARTESIAN_POINT ( 'NONE',  ( -10.68376832799883402, 7.761577154440135295, 8.797761960110745960 ) ) ;
#1874 = CARTESIAN_POINT ( 'NONE',  ( 15.80493030305146362, -1.660543575538134364, 8.893807934287652373 ) ) ;
#1875 = ORIENTED_EDGE ( 'NONE', *, *, #350, .T. ) ;
#1876 = ORIENTED_EDGE ( 'NONE', *, *, #5467, .F. ) ;
#1877 = CARTESIAN_POINT ( 'NONE',  ( -4.651217908141167534, 5.597618080579459310, 57.50000000000000711 ) ) ;
#1878 = ORIENTED_EDGE ( 'NONE', *, *, #3100, .T. ) ;
#1879 = CARTESIAN_POINT ( 'NONE',  ( 25.46114935249545397, 11.65045705224236450, 9.405155380086270611 ) ) ;
#1880 =( BOUNDED_CURVE ( )  B_SPLINE_CURVE ( 2, ( #2915, #4644, #4174, #2884, #234, #4674, #1145, #5583, #1117, #5491, #703 ),
 .UNSPECIFIED., .F., .F. ) 
 B_SPLINE_CURVE_WITH_KNOTS ( ( 3, 2, 2, 2, 2, 3 ),
 ( 0.000000000000000000, 0.05000000000000004441, 0.1000000000000000888, 0.1500000000000001332, 0.2000000000000001776, 0.2500000000000002220 ),
 .UNSPECIFIED. ) 
 CURVE ( )  GEOMETRIC_REPRESENTATION_ITEM ( )  RATIONAL_B_SPLINE_CURVE ( ( 1.000000000000000000, 0.9510565162951535312, 1.000000000000000000, 0.9510565162951535312, 1.000000000000000000, 0.9510565162951535312, 1.000000000000000000, 0.9510565162951535312, 1.000000000000000000, 0.9510565162951533091, 1.000000000000000222 ) ) 
 REPRESENTATION_ITEM ( '' )  );
#1881 = CARTESIAN_POINT ( 'NONE',  ( -1.667085296959258001, -15.86719392121143457, 8.896083650334510651 ) ) ;
#1882 = CARTESIAN_POINT ( 'NONE',  ( -13.31903977528421734, -5.930639330918178409, 8.852374245559889943 ) ) ;
#1883 = CARTESIAN_POINT ( 'NONE',  ( -13.21641043582687480, -19.31589902786181057, 9.730842690680059803 ) ) ;
#1884 = EDGE_CURVE ( 'NONE', #1026, #4855, #5212, .T. ) ;
#1885 = CARTESIAN_POINT ( 'NONE',  ( -4.474493936541301231, 10.04882600167079687, 4.999478381024406559 ) ) ;
#1886 = CARTESIAN_POINT ( 'NONE',  ( -5.098780407186633390, 7.017869168904327992, 59.62499999999997158 ) ) ;
#1887 = CARTESIAN_POINT ( 'NONE',  ( 13.55509752914261234, -28.98922476854372832, 9.824066885615200917 ) ) ;
#1888 = DIRECTION ( 'NONE',  ( -0.000000000000000000, -0.000000000000000000, -1.000000000000000000 ) ) ;
#1889 = CARTESIAN_POINT ( 'NONE',  ( 8.536062607795805945, -19.17030374867621489, 9.000015129673824887 ) ) ;
#1890 = LINE ( 'NONE', #1483, #3597 ) ;
#1891 = DIRECTION ( 'NONE',  ( -1.000000000000000000, 0.000000000000000000, 0.000000000000000000 ) ) ;
#1892 = CARTESIAN_POINT ( 'NONE',  ( 0.000000000000000000, 0.000000000000000000, 4.000000000000000000 ) ) ;
#1893 = CARTESIAN_POINT ( 'NONE',  ( -6.413743293498065157, -10.26135039757876477, 9.334463155791656419 ) ) ;
#1894 = LINE ( 'NONE', #2785, #743 ) ;
#1895 = CARTESIAN_POINT ( 'NONE',  ( -6.674390203593315363, -4.849228331412904325, 62.50000000000001421 ) ) ;
#1896 = CARTESIAN_POINT ( 'NONE',  ( 7.249999999999999112, 0.000000000000000000, 59.75000000000000711 ) ) ;
#1897 = CARTESIAN_POINT ( 'NONE',  ( 19.56812906412316266, -14.21591510003091585, 9.040454340733054650 ) ) ;
#1898 = CARTESIAN_POINT ( 'NONE',  ( 14.74769181667571516, -0.7601885522252022076, 9.492080732382257580 ) ) ;
#1899 = CARTESIAN_POINT ( 'NONE',  ( -26.40476000341835672, 2.774213726132927160, 9.063038290305446054 ) ) ;
#1900 = ORIENTED_EDGE ( 'NONE', *, *, #2644, .T. ) ;
#1901 = CARTESIAN_POINT ( 'NONE',  ( 2.316632901179515258, -30.91331771261655703, 8.285714285714284699 ) ) ;
#1902 = VERTEX_POINT ( 'NONE', #4046 ) ;
#1903 = VERTEX_POINT ( 'NONE', #1390 ) ;
#1904 = CARTESIAN_POINT ( 'NONE',  ( 6.484292994559448076, 10.35384963879231712, 9.342911665793497633 ) ) ;
#1905 = EDGE_LOOP ( 'NONE', ( #4150, #1360, #1529, #334 ) ) ;
#1906 = CARTESIAN_POINT ( 'NONE',  ( -5.865373209218367911, -4.261443079120430966, 61.50000000000000000 ) ) ;
#1907 = CARTESIAN_POINT ( 'NONE',  ( 1.805018836356163447, 10.87090172544849231, 5.572962681898414594 ) ) ;
#1908 = EDGE_LOOP ( 'NONE', ( #1214, #5630, #3769, #5522 ) ) ;
#1909 = CARTESIAN_POINT ( 'NONE',  ( -4.209845712841021381, 5.208333333333333925, 44.00000000000000711 ) ) ;
#1910 = CARTESIAN_POINT ( 'NONE',  ( -21.34856381847407647, 14.72321225939287537, 9.766135347243725562 ) ) ;
#1911 = TOROIDAL_SURFACE ( 'NONE', #4079, 10.25000000000000000, 4.000000000000000000 ) ;
#1912 = EDGE_CURVE ( 'NONE', #1560, #3570, #4155, .T. ) ;
#1913 = CARTESIAN_POINT ( 'NONE',  ( 7.216878364870322748, -1.938269836575387836E-17, 44.00000000000000711 ) ) ;
#1914 = B_SPLINE_CURVE_WITH_KNOTS ( 'NONE', 3,
 ( #4029, #4821, #1233, #1790, #1264, #3063, #5817, #819, #4931, #4850, #2700, #2621, #462, #2254, #4054, #16, #3468, #3034, #791, #4410, #3975, #1567, #4740, #1155, #2861, #2891, #1976, #2954, #243, #1064, #2833, #2478, #3388, #3324, #4270, #2036, #5622, #3836, #3774, #710, #4654, #5059, #1473, #2924, #3807, #2445, #5179, #3358, #3296, #1595, #5562, #618, #4624, #4243, #5593, #3266, #1035, #1910, #2416, #1947, #4681, #5146, #2509, #211, #4300 ),
 .UNSPECIFIED., .F., .F.,
 ( 4, 2, 2, 2, 1, 1, 1, 2, 2, 1, 1, 2, 2, 1, 1, 2, 2, 1, 1, 2, 2, 1, 1, 2, 2, 1, 1, 1, 2, 2, 1, 1, 1, 2, 2, 1, 1, 1, 2, 2, 1, 1, 1, 4 ),
 ( 0.000000000000000000, 0.05318794598724217032, 0.05983643923564761768, 0.06316068585985032402, 0.06648493248405300260, 0.07978191898086355038, 0.1063758919744844378, 0.1196728784712949301, 0.1263213717197000929, 0.1329698649681052558, 0.1595638379617260183, 0.1861578109553467808, 0.1928063042037519437, 0.1994547974521571065, 0.2127517839489672102, 0.2393457569425875842, 0.2526427434393975768, 0.2659397299362075695, 0.3191276759234473737, 0.3723156219106872333, 0.3856126084074971150, 0.3989095949043070521, 0.4255035678979263158, 0.4321520611463309791, 0.4388005543947357534, 0.4520975408915451910, 0.4786915138851647877, 0.4919885003819748914, 0.4986369936303798323, 0.5052854868787849396, 0.5318794598724047029, 0.5850674058596441185, 0.6116613788532637708, 0.6249583653500737634, 0.6266204886621751236, 0.6282826119742764837, 0.6316068585984788708, 0.6382553518468835341, 0.7446312438213602558, 0.7512797370697648081, 0.7579282303181692493, 0.7712252168149786868, 0.7978191898085974509, 0.8510071357958348681 ),
 .UNSPECIFIED. ) ;
#1915 = AXIS2_PLACEMENT_3D ( 'NONE', #3438, #2617, #347 ) ;
#1916 = EDGE_CURVE ( 'NONE', #2233, #1566, #998, .T. ) ;
#1917 = CARTESIAN_POINT ( 'NONE',  ( 14.64537600018512364, 6.521224081330446509, 4.999478381024410112 ) ) ;
#1918 = EDGE_CURVE ( 'NONE', #1328, #2822, #58, .T. ) ;
#1919 = CARTESIAN_POINT ( 'NONE',  ( -10.30360462988855907, -15.40943441184791318, 9.628694860343001594 ) ) ;
#1920 = CARTESIAN_POINT ( 'NONE',  ( -31.00000000000001776, 3.492861136903225194, 5.071428571428571175 ) ) ;
#1921 = CARTESIAN_POINT ( 'NONE',  ( 8.250000000000000000, 0.000000000000000000, 61.00000000000001421 ) ) ;
#1922 = CARTESIAN_POINT ( 'NONE',  ( 5.043556940414157808, -9.156564819218441897, 9.194114427929031663 ) ) ;
#1923 = CARTESIAN_POINT ( 'NONE',  ( 10.49134178107550497, -6.589120625146994925, 9.355217637996823044 ) ) ;
#1924 = CARTESIAN_POINT ( 'NONE',  ( 9.172683190172763901, -18.90988953997882049, 9.687831937662288340 ) ) ;
#1925 = DIRECTION ( 'NONE',  ( -0.4067721760492125083, 0.9135296365155257670, 0.000000000000000000 ) ) ;
#1926 = CARTESIAN_POINT ( 'NONE',  ( 16.70340210924552338, 8.225460960250714493, 9.630950504033306103 ) ) ;
#1927 = CARTESIAN_POINT ( 'NONE',  ( 0.000000000000000000, 0.000000000000000000, 0.000000000000000000 ) ) ;
#1928 = CARTESIAN_POINT ( 'NONE',  ( 30.91331771261657835, 2.316632901179189297, 8.285714285714284699 ) ) ;
#1929 = CARTESIAN_POINT ( 'NONE',  ( -1.360233433051187601, -19.68481483696361423, 9.659401114105776287 ) ) ;
#1930 = CARTESIAN_POINT ( 'NONE',  ( 6.494026448598677170, -14.58429551089249721, 8.895901432997591840 ) ) ;
#1931 = CARTESIAN_POINT ( 'NONE',  ( -2.549390203593315807, -7.846216259435018436, 62.75000000000001421 ) ) ;
#1932 = CARTESIAN_POINT ( 'NONE',  ( 9.481198442058884623, -5.664502150503774480, 9.141370585886830824 ) ) ;
#1933 = CARTESIAN_POINT ( 'NONE',  ( 10.87905045907314161, -7.903446322759947407, 8.807460931324806452 ) ) ;
#1934 = CARTESIAN_POINT ( 'NONE',  ( 26.40423961574722966, -2.139521998202140285, 9.772851664565395780 ) ) ;
#1935 = EDGE_CURVE ( 'NONE', #2411, #3467, #2175, .T. ) ;
#1936 = EDGE_CURVE ( 'NONE', #2411, #555, #3794, .T. ) ;
#1937 = CARTESIAN_POINT ( 'NONE',  ( 24.40580487072144322, -17.73040482578420907, 9.089868230524976056 ) ) ;
#1938 = CARTESIAN_POINT ( 'NONE',  ( -2.549390203593317583, 7.846216259435016660, 59.49999999999998579 ) ) ;
#1939 = ORIENTED_EDGE ( 'NONE', *, *, #3049, .T. ) ;
#1940 = ORIENTED_EDGE ( 'NONE', *, *, #2077, .T. ) ;
#1941 = CARTESIAN_POINT ( 'NONE',  ( 6.589120625146954957, 10.49134178107552628, 9.355217637996824820 ) ) ;
#1942 = EDGE_LOOP ( 'NONE', ( #2656, #3645, #643, #1382 ) ) ;
#1943 = CARTESIAN_POINT ( 'NONE',  ( 3.101776318546902278, -6.580767510770514583, 57.50000000000000711 ) ) ;
#1944 = PLANE ( 'NONE',  #4215 ) ;
#1945 = ORIENTED_EDGE ( 'NONE', *, *, #5679, .T. ) ;
#1946 = FACE_OUTER_BOUND ( 'NONE', #585, .T. ) ;
#1947 = CARTESIAN_POINT ( 'NONE',  ( -21.45547855131335879, 14.80233471954649360, 9.767761934507689148 ) ) ;
#1948 = CARTESIAN_POINT ( 'NONE',  ( -10.81489660665602059, -5.733911942283388186, 9.344654686358289553 ) ) ;
#1949 = CARTESIAN_POINT ( 'NONE',  ( 0.000000000000000000, 0.000000000000000000, 24.66837655001592822 ) ) ;
#1950 = CARTESIAN_POINT ( 'NONE',  ( -9.573495166217160346, -14.43594255885749433, 9.593051699102414176 ) ) ;
#1951 = CARTESIAN_POINT ( 'NONE',  ( 25.32085755726652820, 11.95216183644694929, 9.789322327038767924 ) ) ;
#1952 = CARTESIAN_POINT ( 'NONE',  ( 5.098780407186630725, 7.017869168904329769, 61.62499999999997158 ) ) ;
#1953 = CARTESIAN_POINT ( 'NONE',  ( 0.000000000000000000, 0.000000000000000000, 4.000000000000000000 ) ) ;
#1954 = CARTESIAN_POINT ( 'NONE',  ( 13.81305397798083945, -9.104885697903236874, 9.565904075243508942 ) ) ;
#1955 = CARTESIAN_POINT ( 'NONE',  ( -7.216878364870322748, 8.692641437761599014E-16, 44.00000000000000711 ) ) ;
#1956 = CARTESIAN_POINT ( 'NONE',  ( 10.81489660665605790, 5.733911942283313579, 9.344654686358291329 ) ) ;
#1957 = B_SPLINE_SURFACE_WITH_KNOTS ( 'NONE', 3, 1, ( 
 ( #1913, #2834 ),
 ( #2802, #1365 ),
 ( #4152, #4592 ),
 ( #120, #1475 ),
 ( #5061, #1036 ),
 ( #4043, #5385 ),
 ( #1507, #1097 ),
 ( #619, #1126 ),
 ( #4185, #2446 ),
 ( #212, #4301 ) ),
 .UNSPECIFIED., .F., .F., .F.,
 ( 4, 2, 2, 2, 4 ),
 ( 2, 2 ),
 ( 0.000000000000000000, 0.2499999999999998890, 0.5000000000000000000, 0.7499999999999998890, 1.000000000000000000 ),
 ( 0.000000000000000000, 1.000000000000000000 ),
 .UNSPECIFIED. ) ;
#1958 = DIRECTION ( 'NONE',  ( -0.000000000000000000, -0.000000000000000000, -1.000000000000000000 ) ) ;
#1959 = CARTESIAN_POINT ( 'NONE',  ( -3.608439182435160486, -6.250000000000000000, 44.00000000000000711 ) ) ;
#1960 = CARTESIAN_POINT ( 'NONE',  ( 11.70245371805228274, -25.43722817008261217, 9.471248398658760337 ) ) ;
#1961 = AXIS2_PLACEMENT_3D ( 'NONE', #1138, #343, #4724 ) ;
#1962 = LINE ( 'NONE', #3758, #3143 ) ;
#1963 = CARTESIAN_POINT ( 'NONE',  ( -25.25772953948954225, -11.24664290698796343, 9.072011571271263008 ) ) ;
#1964 = CARTESIAN_POINT ( 'NONE',  ( 6.036515755256179894, -11.53812636283180204, 9.397411250737826904 ) ) ;
#1965 = CARTESIAN_POINT ( 'NONE',  ( -8.439912095908422174, 17.20534077359988601, 9.646862156838700741 ) ) ;
#1966 = CARTESIAN_POINT ( 'NONE',  ( 14.39116177115899298, -10.45493584282906419, 8.942110561798720880 ) ) ;
#1967 = CARTESIAN_POINT ( 'NONE',  ( 6.674390203593315363, 4.849228331412905213, 58.99999999999999289 ) ) ;
#1968 = ORIENTED_EDGE ( 'NONE', *, *, #4887, .F. ) ;
#1969 = ORIENTED_EDGE ( 'NONE', *, *, #269, .T. ) ;
#1970 = DIRECTION ( 'NONE',  ( -1.000000000000000000, 0.000000000000000000, 0.000000000000000000 ) ) ;
#1971 = ORIENTED_EDGE ( 'NONE', *, *, #1861, .T. ) ;
#1972 = CARTESIAN_POINT ( 'NONE',  ( 9.526279441628895839, -5.499999999999874767, 8.999332994034658029 ) ) ;
#1973 = CARTESIAN_POINT ( 'NONE',  ( -5.742052567068570923, -9.382368161451624999, 9.244236608254535525 ) ) ;
#1974 = VERTEX_POINT ( 'NONE', #4990 ) ;
#1975 = CARTESIAN_POINT ( 'NONE',  ( 28.59321808576930124, 12.47509352355025491, 5.071428571428571175 ) ) ;
#1976 = CARTESIAN_POINT ( 'NONE',  ( -13.48185471662385737, 8.855305761539925768, 9.550102190098641586 ) ) ;
#1977 = CARTESIAN_POINT ( 'NONE',  ( -16.18927381799806398, -8.005587091518222564, 9.615340244562172956 ) ) ;
#1978 = VECTOR ( 'NONE', #2058, 1000.000000000000000 ) ;
#1979 = DIRECTION ( 'NONE',  ( 0.9945259603570153484, -0.1044897802464734848, 0.000000000000000000 ) ) ;
#1980 = CARTESIAN_POINT ( 'NONE',  ( -11.93901203419488688, -17.59850286259182539, 9.692893076733820834 ) ) ;
#1981 = CARTESIAN_POINT ( 'NONE',  ( -27.93003490497508423, 13.45039591264410284, 8.285714285714284699 ) ) ;
#1982 = CARTESIAN_POINT ( 'NONE',  ( -1.593491436080465827E-15, 8.674563349965705328, 61.62500000000000000 ) ) ;
#1983 = FACE_OUTER_BOUND ( 'NONE', #2032, .T. ) ;
#1984 = CARTESIAN_POINT ( 'NONE',  ( 17.21526863640213634, -11.65332533357763722, 9.683098232677266992 ) ) ;
#1985 = CARTESIAN_POINT ( 'NONE',  ( 16.86285405431863538, 8.293702164491429940, 9.635644574541021967 ) ) ;
#1986 = CARTESIAN_POINT ( 'NONE',  ( 17.61191120402071419, -1.850393860777624022, 4.999478381024408336 ) ) ;
#1987 = CARTESIAN_POINT ( 'NONE',  ( -1.900287546583783183, -24.31050195345281040, 9.745943207972318945 ) ) ;
#1988 = CARTESIAN_POINT ( 'NONE',  ( -5.254342891941075067, 9.663947473672870103, 9.244236608254535525 ) ) ;
#1989 = CARTESIAN_POINT ( 'NONE',  ( -14.44232627460691276, 9.578192151852560343, 9.592965428804635764 ) ) ;
#1990 = CARTESIAN_POINT ( 'NONE',  ( -5.865373209218367911, -4.261443079120430966, 61.50000000000000000 ) ) ;
#1991 = CARTESIAN_POINT ( 'NONE',  ( -13.46866877952319896, 0.5994294322413536991, 9.424864755848398445 ) ) ;
#1992 = CARTESIAN_POINT ( 'NONE',  ( 8.899438418959563890, -6.465291627385922446, 8.674148813960478321 ) ) ;
#1993 = DIRECTION ( 'NONE',  ( 0.000000000000000000, 0.000000000000000000, 1.000000000000000000 ) ) ;
#1994 = VECTOR ( 'NONE', #12, 1000.000000000000000 ) ;
#1995 = CARTESIAN_POINT ( 'NONE',  ( -16.04548686677868830, 1.685817629190355937, 8.900697539376407619 ) ) ;
#1996 = CARTESIAN_POINT ( 'NONE',  ( 8.249999999999998224, 2.680587493921479325, 58.87499999999999289 ) ) ;
#1997 = ORIENTED_EDGE ( 'NONE', *, *, #2562, .T. ) ;
#1998 = EDGE_LOOP ( 'NONE', ( #3476, #3154, #1969, #5085, #4994 ) ) ;
#1999 = CARTESIAN_POINT ( 'NONE',  ( -22.70573649061405774, 2.385576154680621119, 9.025451658185614789 ) ) ;
#2000 = ORIENTED_EDGE ( 'NONE', *, *, #1600, .F. ) ;
#2001 = EDGE_CURVE ( 'NONE', #5401, #4477, #1127, .T. ) ;
#2002 = CARTESIAN_POINT ( 'NONE',  ( 4.667803196599343952E-16, -7.623101125727435701, 61.87499999999999289 ) ) ;
#2003 = CARTESIAN_POINT ( 'NONE',  ( -3.608439182435162706, 6.249999999999999112, 44.00000000000000711 ) ) ;
#2004 = ORIENTED_EDGE ( 'NONE', *, *, #4534, .F. ) ;
#2005 = DIRECTION ( 'NONE',  ( 0.000000000000000000, -1.000000000000000000, 0.000000000000000000 ) ) ;
#2006 = CARTESIAN_POINT ( 'NONE',  ( -11.21025918660254206, -5.899193599809494870, 9.374522705705649273 ) ) ;
#2007 = CARTESIAN_POINT ( 'NONE',  ( -8.567954372049728207, 19.24192632642930789, 4.999478381024410112 ) ) ;
#2008 = CARTESIAN_POINT ( 'NONE',  ( -10.63825429266162104, -14.64349861060415492, 8.948779096980011616 ) ) ;
#2009 = FACE_OUTER_BOUND ( 'NONE', #3258, .T. ) ;
#2010 = FACE_OUTER_BOUND ( 'NONE', #577, .T. ) ;
#2011 = ORIENTED_EDGE ( 'NONE', *, *, #4885, .F. ) ;
#2012 = AXIS2_PLACEMENT_3D ( 'NONE', #5243, #4777, #4806 ) ;
#2013 = CARTESIAN_POINT ( 'NONE',  ( 17.32517899631332980, -11.73527575448378713, 9.685943259803069694 ) ) ;
#2014 = VECTOR ( 'NONE', #2279, 1000.000000000000000 ) ;
#2015 = CARTESIAN_POINT ( 'NONE',  ( 13.15197003653764263, 6.715503310444733032, 9.492080732382255803 ) ) ;
#2016 = TOROIDAL_SURFACE ( 'NONE', #1546, 12.50000000000000000, 5.000000000000000000 ) ;
#2017 = DIRECTION ( 'NONE',  ( 0.000000000000000000, 0.000000000000000000, 1.000000000000000000 ) ) ;
#2018 = CARTESIAN_POINT ( 'NONE',  ( -1.375394250802463025, -19.81256796155103572, 9.662450345237980187 ) ) ;
#2019 = CARTESIAN_POINT ( 'NONE',  ( -28.00000000000000000, -1.047686081597354768, 8.641523130926749729 ) ) ;
#2020 = CARTESIAN_POINT ( 'NONE',  ( -7.249999999999999112, -8.878689293818310074E-16, 63.50000000000000000 ) ) ;
#2021 = CARTESIAN_POINT ( 'NONE',  ( 5.865373209218367911, 4.261443079120431854, 60.25000000000000000 ) ) ;
#2022 = CARTESIAN_POINT ( 'NONE',  ( -11.10189136245479524, -4.943397923019590579, 8.744794086262944077 ) ) ;
#2023 = CARTESIAN_POINT ( 'NONE',  ( 7.410012799825682173, -14.79158930192813592, 9.565904075243508942 ) ) ;
#2024 = LINE ( 'NONE', #5078, #1172 ) ;
#2025 = EDGE_CURVE ( 'NONE', #1741, #470, #3705, .T. ) ;
#2026 = CARTESIAN_POINT ( 'NONE',  ( -13.70346604250711664, 1.439753422708562658, 8.821446984288815685 ) ) ;
#2027 = DIRECTION ( 'NONE',  ( -0.000000000000000000, -0.000000000000000000, 1.000000000000000000 ) ) ;
#2028 = ORIENTED_EDGE ( 'NONE', *, *, #4984, .F. ) ;
#2029 = ORIENTED_EDGE ( 'NONE', *, *, #74, .T. ) ;
#2030 = CARTESIAN_POINT ( 'NONE',  ( 15.05500021027226332, 21.79698127574753386, 9.772851664565399332 ) ) ;
#2031 = EDGE_CURVE ( 'NONE', #800, #4855, #2366, .T. ) ;
#2032 = EDGE_LOOP ( 'NONE', ( #678, #2792, #2477, #4388, #390 ) ) ;
#2033 = CARTESIAN_POINT ( 'NONE',  ( -8.250000000000000000, 2.680587493921476216, 62.12500000000000000 ) ) ;
#2034 = CARTESIAN_POINT ( 'NONE',  ( 6.465291627385891360, 8.899438418959586983, 24.66837655001592822 ) ) ;
#2035 = ORIENTED_EDGE ( 'NONE', *, *, #3399, .F. ) ;
#2036 = CARTESIAN_POINT ( 'NONE',  ( -16.25651817882616257, 10.93750730239919733, 9.656074444160088532 ) ) ;
#2037 = CARTESIAN_POINT ( 'NONE',  ( -18.40905564058749277, -8.957134557124959429, 9.676375761156625899 ) ) ;
#2038 = CARTESIAN_POINT ( 'NONE',  ( 11.03673996916328370, -24.78632916899954708, 9.067943206606473794 ) ) ;
#2039 = ADVANCED_FACE ( 'NONE', ( #3826 ), #4370, .T. ) ;
#2040 = CARTESIAN_POINT ( 'NONE',  ( 12.20884331143820134, -0.4386376394738224493, 9.342911665793501186 ) ) ;
#2041 = CARTESIAN_POINT ( 'NONE',  ( -25.57882982243472014, -11.38962092937794957, 4.999478381024407447 ) ) ;
#2042 = CARTESIAN_POINT ( 'NONE',  ( 13.58255962740173040, 18.69631873431556812, 9.028671707602009988 ) ) ;
#2043 = CARTESIAN_POINT ( 'NONE',  ( 0.1766910423142075692, 6.247501922814103992, 21.00000000000000000 ) ) ;
#2044 = CARTESIAN_POINT ( 'NONE',  ( -10.25000000000000000, 1.255262969126037241E-15, 4.000000000000000000 ) ) ;
#2045 = ORIENTED_EDGE ( 'NONE', *, *, #4027, .F. ) ;
#2046 = CARTESIAN_POINT ( 'NONE',  ( 19.42529800820324226, -13.29763442840203069, 9.732972412448535948 ) ) ;
#2047 = DIRECTION ( 'NONE',  ( -0.5877537843078024515, -0.8090398562690576112, 0.000000000000000000 ) ) ;
#2048 = CARTESIAN_POINT ( 'NONE',  ( -7.253455505858666719, -11.36449460210478435, 9.424864755848398445 ) ) ;
#2049 = VECTOR ( 'NONE', #218, 1000.000000000000000 ) ;
#2050 = CARTESIAN_POINT ( 'NONE',  ( 9.732074921942601264, -5.143551772128491351, 8.641523130926648477 ) ) ;
#2051 = CARTESIAN_POINT ( 'NONE',  ( 1.722132518371926491, 22.76692166457836208, 9.722190541089178240 ) ) ;
#2052 = CARTESIAN_POINT ( 'NONE',  ( 5.098780407186632502, -7.017869168904328880, 60.62500000000002132 ) ) ;
#2053 = EDGE_CURVE ( 'NONE', #5589, #2444, #3004, .T. ) ;
#2054 = CARTESIAN_POINT ( 'NONE',  ( -13.08478172707225795, -5.826330009994914683, 8.843057415417668210 ) ) ;
#2055 = CARTESIAN_POINT ( 'NONE',  ( 12.96987991340966850, -9.422398590199106749, 8.897793442001313835 ) ) ;
#2056 = CARTESIAN_POINT ( 'NONE',  ( 0.000000000000000000, 0.000000000000000000, -63.00000000000000000 ) ) ;
#2057 = CARTESIAN_POINT ( 'NONE',  ( -13.50075850866496019, 1.418455973964371397, 8.812913050800615267 ) ) ;
#2058 = DIRECTION ( 'NONE',  ( 0.000000000000000000, 0.000000000000000000, 1.000000000000000000 ) ) ;
#2059 = EDGE_LOOP ( 'NONE', ( #3013, #1712, #551, #2536, #1968, #1799 ) ) ;
#2060 = VERTEX_POINT ( 'NONE', #816 ) ;
#2061 = CARTESIAN_POINT ( 'NONE',  ( 7.500000000000000000, 0.000000000000000000, -63.00000000000000000 ) ) ;
#2062 = ORIENTED_EDGE ( 'NONE', *, *, #2123, .F. ) ;
#2063 = CARTESIAN_POINT ( 'NONE',  ( 6.674390203593317139, -4.849228331412903437, 60.75000000000001421 ) ) ;
#2064 = CARTESIAN_POINT ( 'NONE',  ( 9.058903948310513599, -6.239997633611231720, 8.855776607805415424 ) ) ;
#2065 = ORIENTED_EDGE ( 'NONE', *, *, #979, .T. ) ;
#2066 = CARTESIAN_POINT ( 'NONE',  ( -11.53812636283182691, -6.036515755256137261, 9.397411250737825128 ) ) ;
#2067 = CARTESIAN_POINT ( 'NONE',  ( 9.271244530480290180, -19.13873914899678752, 9.692893076733822610 ) ) ;
#2068 = DIRECTION ( 'NONE',  ( 0.9135296365155272102, 0.4067721760492092331, 0.000000000000000000 ) ) ;
#2069 = B_SPLINE_SURFACE_WITH_KNOTS ( 'NONE', 1, 3, ( 
 ( #1115, #5612, #3857, #2085, #3376, #5168, #4232, #4760, #2850, #4642, #2530, #1143, #5107, #3407, #1585, #700, #3283, #3348, #606, #2942, #5197, #2499, #4290, #2912 ),
 ( #2406, #4199, #731, #5641, #1173, #2975, #4319, #166, #4699, #5550, #1965, #3761, #1086, #2882, #4671, #637, #199, #3793, #5136, #669, #4259, #230, #3084, #870 ) ),
 .UNSPECIFIED., .F., .F., .F.,
 ( 2, 2 ),
 ( 4, 2, 2, 2, 2, 2, 2, 2, 2, 2, 2, 4 ),
 ( 0.000000000000000000, 1.000000000000000000 ),
 ( 0.01982871850929110447, 0.02257970761283119993, 0.02533069671637129538, 0.02808168581991139084, 0.03083267492345148977, 0.03358366402699158870, 0.03495915857876163990, 0.03633465313053168416, 0.03771014768230172842, 0.03908564223407177962, 0.04046113678584183082, 0.04183663133761187508 ),
 .UNSPECIFIED. ) ;
#2070 = CARTESIAN_POINT ( 'NONE',  ( -15.19263260247663538, 11.03719085841200531, 8.962402508024641890 ) ) ;
#2071 = CIRCLE ( 'NONE', #2820, 7.250000000000000000 ) ;
#2072 = CARTESIAN_POINT ( 'NONE',  ( -10.91464612239857068, -15.02395044634634402, 8.958275176990271760 ) ) ;
#2073 = CARTESIAN_POINT ( 'NONE',  ( 4.480746418436737599, -6.167218360552288559, 64.37499999999998579 ) ) ;
#2074 = CARTESIAN_POINT ( 'NONE',  ( -9.870684620711374535, -4.854853077856510879, 8.950348815923225843 ) ) ;
#2075 = VERTEX_POINT ( 'NONE', #5229 ) ;
#2076 = CARTESIAN_POINT ( 'NONE',  ( 17.43080691696384221, -11.81402048218301815, 9.688649277955970973 ) ) ;
#2077 = EDGE_CURVE ( 'NONE', #4011, #4940, #406, .T. ) ;
#2078 = CARTESIAN_POINT ( 'NONE',  ( -6.250000000000000000, -2.059572447774236460E-15, 21.00000000000000000 ) ) ;
#2079 = PRESENTATION_STYLE_ASSIGNMENT (( #1252 ) ) ;
#2080 = CARTESIAN_POINT ( 'NONE',  ( -22.75360161340389453, 16.31789243801121714, 9.272963267648437480 ) ) ;
#2081 = CARTESIAN_POINT ( 'NONE',  ( 2.673009133870401399, 25.44150221806235734, 9.054700542784383188 ) ) ;
#2082 =( BOUNDED_CURVE ( )  B_SPLINE_CURVE ( 2, ( #3449, #5238, #3539, #2655, #4417, #799, #1299 ),
 .UNSPECIFIED., .F., .T. ) 
 B_SPLINE_CURVE_WITH_KNOTS ( ( 3, 2, 2, 3 ),
 ( 0.01666172618599904079, 0.03571428571428571230, 0.07142857142857142461, 0.09646968323894185293 ),
 .UNSPECIFIED. ) 
 CURVE ( )  GEOMETRIC_REPRESENTATION_ITEM ( )  RATIONAL_B_SPLINE_CURVE ( ( 0.9968701940290736196, 0.9966456421313096836, 1.000000000000000000, 0.9937122098932426040, 1.000000000000000000, 0.9955913088571033409, 0.9973649352736200235 ) ) 
 REPRESENTATION_ITEM ( '' )  );
#2083 = CARTESIAN_POINT ( 'NONE',  ( -8.249999999999998224, -2.680587493921477993, 59.87500000000000000 ) ) ;
#2084 = CARTESIAN_POINT ( 'NONE',  ( -12.40122782584494487, -5.521960346729548164, 8.812913050800615267 ) ) ;
#2085 = CARTESIAN_POINT ( 'NONE',  ( -11.52484369486763249, 25.88251333640144836, 9.077380910921631241 ) ) ;
#2086 = CARTESIAN_POINT ( 'NONE',  ( -6.715503310444775664, 13.15197003653761776, 9.492080732382255803 ) ) ;
#2087 = B_SPLINE_CURVE_WITH_KNOTS ( 'NONE', 3,
 ( #2937, #2139, #693, #2080, #2525, #5667, #4342, #317, #1611, #2558 ),
 .UNSPECIFIED., .F., .F.,
 ( 4, 3, 3, 4 ),
 ( 0.000000000000000000, 0.0002622927178851086334, 0.0005245854360846731934, 0.0009453804127720474501 ),
 .UNSPECIFIED. ) ;
#2088 = CARTESIAN_POINT ( 'NONE',  ( 14.99364391839528743, 6.676299180457942128, 8.908695597015118040 ) ) ;
#2089 = EDGE_LOOP ( 'NONE', ( #1745, #3984, #2553, #285, #1105 ) ) ;
#2090 = CARTESIAN_POINT ( 'NONE',  ( -28.17733591054700426, 2.960449253800373270, 9.077380910921631241 ) ) ;
#2091 = CARTESIAN_POINT ( 'NONE',  ( 11.22992211840163002, 16.64728856475703012, 9.668587843497215673 ) ) ;
#2092 = VECTOR ( 'NONE', #4162, 1000.000000000000000 ) ;
#2093 = CARTESIAN_POINT ( 'NONE',  ( -8.250000000000000000, -1.010333609296566550E-15, 62.25000000000001421 ) ) ;
#2094 = CARTESIAN_POINT ( 'NONE',  ( -6.465291627385823858, -8.899438418959631392, 10.00049293681678542 ) ) ;
#2095 = ORIENTED_EDGE ( 'NONE', *, *, #4339, .T. ) ;
#2096 = CARTESIAN_POINT ( 'NONE',  ( -2.925713846901060400, -27.84672688999645018, 9.074671307245075980 ) ) ;
#2097 = CARTESIAN_POINT ( 'NONE',  ( -0.08660254037841765007, 1.084737339397832333E-15, 44.75000000000000000 ) ) ;
#2098 = B_SPLINE_CURVE_WITH_KNOTS ( 'NONE', 3,
 ( #3240, #5028, #2357, #4716, #1218, #5217, #4335, #1688, #2960, #5125, #1633, #3020, #2103 ),
 .UNSPECIFIED., .F., .F.,
 ( 4, 2, 1, 1, 1, 2, 2, 4 ),
 ( 0.000000000000000000, 0.2499999999999754641, 0.3749999999999622524, 0.4374999999999556466, 0.4687499999999511502, 0.4843749999999512612, 0.4999999999999512612, 1.000000000000000000 ),
 .UNSPECIFIED. ) ;
#2099 = CARTESIAN_POINT ( 'NONE',  ( 10.17398433698652660, -21.22873822933620502, 9.732972412448537725 ) ) ;
#2100 = CARTESIAN_POINT ( 'NONE',  ( 27.86414324380395513, -2.754908580837921228, 9.272963267648433927 ) ) ;
#2101 = CARTESIAN_POINT ( 'NONE',  ( -8.899438418959608299, 6.465291627385859385, 8.674148813960478321 ) ) ;
#2102 = CARTESIAN_POINT ( 'NONE',  ( -9.383357184432949083, -12.91613963278072319, 8.895901432997598945 ) ) ;
#2103 = CARTESIAN_POINT ( 'NONE',  ( 5.254342891941142568, -9.663947473672832800, 9.244236608254535525 ) ) ;
#2104 = CARTESIAN_POINT ( 'NONE',  ( -1.675096586990085346, -15.94344478414586774, 8.897793442001312059 ) ) ;
#2105 = ORIENTED_EDGE ( 'NONE', *, *, #5597, .F. ) ;
#2106 = DIRECTION ( 'NONE',  ( 0.8660254037844450359, -0.4999999999999887867, 0.000000000000000000 ) ) ;
#2107 = CARTESIAN_POINT ( 'NONE',  ( 17.68436061631809508, 8.645824245239525752, 9.658275495602525851 ) ) ;
#2108 = LINE ( 'NONE', #3489, #5209 ) ;
#2109 = CARTESIAN_POINT ( 'NONE',  ( 1.324639124113418331, 12.60781670635997820, 4.999478381024411888 ) ) ;
#2110 = CARTESIAN_POINT ( 'NONE',  ( 2.036872864941053241, 25.50172416686157817, 9.762216838740801705 ) ) ;
#2111 = VECTOR ( 'NONE', #3839, 1000.000000000000000 ) ;
#2112 = CARTESIAN_POINT ( 'NONE',  ( 19.97007051174215420, -2.098153655566209252, 8.986512289013813159 ) ) ;
#2113 = CARTESIAN_POINT ( 'NONE',  ( -11.68161155120484374, 0.3707165729785548147, 9.303692016028183076 ) ) ;
#2114 = VECTOR ( 'NONE', #2168, 1000.000000000000000 ) ;
#2115 = FACE_OUTER_BOUND ( 'NONE', #1092, .T. ) ;
#2116 = CARTESIAN_POINT ( 'NONE',  ( -7.183759676401507477, 14.25848946895150782, 9.543723846560888902 ) ) ;
#2117 =( BOUNDED_CURVE ( )  B_SPLINE_CURVE ( 2, ( #2577, #5214, #2131, #713, #3481, #2928, #3955 ),
 .UNSPECIFIED., .F., .T. ) 
 B_SPLINE_CURVE_WITH_KNOTS ( ( 3, 2, 2, 3 ),
 ( 0.01666172618599905467, 0.03571428571428571230, 0.07142857142857142461, 0.08740979427194937867 ),
 .UNSPECIFIED. ) 
 CURVE ( )  GEOMETRIC_REPRESENTATION_ITEM ( )  RATIONAL_B_SPLINE_CURVE ( ( 0.9968701940290738417, 0.9966456421313096836, 1.000000000000000000, 0.9937122098932426040, 1.000000000000000000, 0.9971863759031226460, 0.9968908004128682609 ) ) 
 REPRESENTATION_ITEM ( '' )  );
#2118 = CARTESIAN_POINT ( 'NONE',  ( 15.93858018551642175, 7.898504188482785793, 9.607311826833496937 ) ) ;
#2119 = ORIENTED_EDGE ( 'NONE', *, *, #2754, .T. ) ;
#2120 = ORIENTED_EDGE ( 'NONE', *, *, #3184, .T. ) ;
#2121 = CARTESIAN_POINT ( 'NONE',  ( -13.58872346778648676, 1.427698004453628267, 8.817288346933223053 ) ) ;
#2122 = DIRECTION ( 'NONE',  ( 0.000000000000000000, 0.000000000000000000, 1.000000000000000000 ) ) ;
#2123 = EDGE_CURVE ( 'NONE', #2886, #1331, #4070, .T. ) ;
#2124 = EDGE_CURVE ( 'NONE', #4855, #648, #2455, .T. ) ;
#2125 = LINE ( 'NONE', #2475, #5108 ) ;
#2126 = FACE_OUTER_BOUND ( 'NONE', #4447, .T. ) ;
#2127 = EDGE_LOOP ( 'NONE', ( #2315, #251, #611, #4611 ) ) ;
#2128 = CARTESIAN_POINT ( 'NONE',  ( -9.526279441628894062, 5.499999999999874767, 8.999332994034727307 ) ) ;
#2129 = CARTESIAN_POINT ( 'NONE',  ( 26.40476000341833185, -2.774213726133114122, 9.063038290305442501 ) ) ;
#2130 = VERTEX_POINT ( 'NONE', #1457 ) ;
#2131 = CARTESIAN_POINT ( 'NONE',  ( -3.242306918519993530, 10.51130086364753247, 6.142857142857142350 ) ) ;
#2132 = CARTESIAN_POINT ( 'NONE',  ( -21.48008608072510484, 15.60491956406781711, 9.063038290305446054 ) ) ;
#2133 = CARTESIAN_POINT ( 'NONE',  ( -8.098596060504743122, -11.14767300135430617, 8.821446984288821014 ) ) ;
#2134 = DIRECTION ( 'NONE',  ( -0.9945259603570161255, 0.1044897802464664349, 0.000000000000000000 ) ) ;
#2135 = CARTESIAN_POINT ( 'NONE',  ( -2.554296610821470193, -24.31160524906740150, 9.043200165331571228 ) ) ;
#2136 = CARTESIAN_POINT ( 'NONE',  ( 23.88164611864195663, 10.63390695935230212, 9.059469684201994610 ) ) ;
#2137 = CARTESIAN_POINT ( 'NONE',  ( 22.69782641230639086, 10.81073441407791869, 9.756333960009659023 ) ) ;
#2138 = DIRECTION ( 'NONE',  ( 1.000000000000000000, 0.000000000000000000, 0.000000000000000000 ) ) ;
#2139 = CARTESIAN_POINT ( 'NONE',  ( -22.68675313193344323, 16.41080459956289417, 9.140768878993270619 ) ) ;
#2140 = CARTESIAN_POINT ( 'NONE',  ( 2.288675134594812643, 3.297434948471088312, 34.00000000000000000 ) ) ;
#2141 = CARTESIAN_POINT ( 'NONE',  ( 30.00124943074286676, -3.152078563150574109, 9.089868230524976056 ) ) ;
#2142 = CARTESIAN_POINT ( 'NONE',  ( -8.151649281916046874, 3.681115861343892348, 24.00000000000000355 ) ) ;
#2143 = CARTESIAN_POINT ( 'NONE',  ( 7.250000000000000888, -0.6041666666666669627, 57.50000000000000711 ) ) ;
#2144 = CARTESIAN_POINT ( 'NONE',  ( 0.000000000000000000, 0.000000000000000000, 34.00000000000000000 ) ) ;
#2145 = CARTESIAN_POINT ( 'NONE',  ( 14.80959537188207165, -9.853963246671156639, 9.607311826833496937 ) ) ;
#2146 = ADVANCED_FACE ( 'NONE', ( #2401 ), #5101, .T. ) ;
#2147 = CARTESIAN_POINT ( 'NONE',  ( 24.78617035356972309, 11.71891226573758615, 9.783644783752150076 ) ) ;
#2148 = CARTESIAN_POINT ( 'NONE',  ( 26.59596308218212712, -9.306329984350499629, 7.214285714285715301 ) ) ;
#2149 = ORIENTED_EDGE ( 'NONE', *, *, #1597, .F. ) ;
#2150 = CARTESIAN_POINT ( 'NONE',  ( 0.000000000000000000, 0.000000000000000000, 57.50000000000000000 ) ) ;
#2151 = DIRECTION ( 'NONE',  ( 0.000000000000000000, 0.000000000000000000, 1.000000000000000000 ) ) ;
#2152 = PLANE ( 'NONE',  #2489 ) ;
#2153 = ORIENTED_EDGE ( 'NONE', *, *, #4696, .F. ) ;
#2154 = CARTESIAN_POINT ( 'NONE',  ( 28.31941873198138637, 12.60993745752538331, 10.00049293681678542 ) ) ;
#2155 = CARTESIAN_POINT ( 'NONE',  ( 18.40865789219486715, -1.934103979646255800, 8.957068822608100334 ) ) ;
#2156 = ORIENTED_EDGE ( 'NONE', *, *, #3765, .T. ) ;
#2157 = CARTESIAN_POINT ( 'NONE',  ( 3.637306695894642505, -1.968512776180124087E-16, 47.82499999999998863 ) ) ;
#2158 = CARTESIAN_POINT ( 'NONE',  ( -17.04433872121662930, 12.38242406328072676, 9.001241796277096086 ) ) ;
#2159 = CARTESIAN_POINT ( 'NONE',  ( -5.865373209218368800, 4.261443079120429189, 63.25000000000000000 ) ) ;
#2160 = DIRECTION ( 'NONE',  ( -0.4999999999999999445, -0.8660254037844385966, 0.000000000000000000 ) ) ;
#2161 = CARTESIAN_POINT ( 'NONE',  ( 14.73870805731514722, 6.562782540362756656, 8.900697539376404066 ) ) ;
#2162 = CARTESIAN_POINT ( 'NONE',  ( 21.20950377932086184, 10.16565736422152533, 9.732645666514963878 ) ) ;
#2163 = CARTESIAN_POINT ( 'NONE',  ( -0.7419160964483458853, -10.97495585862420597, 8.943115694354062839 ) ) ;
#2164 = CARTESIAN_POINT ( 'NONE',  ( -25.54714266081804297, 2.684108237451970247, 4.999478381024408336 ) ) ;
#2165 = CARTESIAN_POINT ( 'NONE',  ( 4.000000000000000000, 0.000000000000000000, 34.00000000000000000 ) ) ;
#2166 = CARTESIAN_POINT ( 'NONE',  ( 9.947824505845259679, -1.045167283690616733, 8.597533043457977087 ) ) ;
#2167 = B_SPLINE_CURVE_WITH_KNOTS ( 'NONE', 3,
 ( #2800, #1827, #2860, #2771, #556, #1879, #3265, #3648, #1386, #1034 ),
 .UNSPECIFIED., .F., .F.,
 ( 4, 3, 3, 4 ),
 ( 0.000000000000000000, 0.0002622927178851078202, 0.0005245854360846684229, 0.0009453804127720507027 ),
 .UNSPECIFIED. ) ;
#2168 = DIRECTION ( 'NONE',  ( 0.000000000000000000, 0.000000000000000000, 1.000000000000000000 ) ) ;
#2169 = CARTESIAN_POINT ( 'NONE',  ( -6.521046193946819614, 14.64497650039990262, 8.897793442001317388 ) ) ;
#2170 = CARTESIAN_POINT ( 'NONE',  ( 13.70810621971917342, -9.025916474524125377, 9.561248461985641711 ) ) ;
#2171 = CARTESIAN_POINT ( 'NONE',  ( 14.24777518713281665, 7.179067517783237484, 9.543886106340938369 ) ) ;
#2172 = CARTESIAN_POINT ( 'NONE',  ( -4.209845712841017829, -5.208333333333336590, 44.00000000000000711 ) ) ;
#2173 = CARTESIAN_POINT ( 'NONE',  ( -17.29651751947933747, 1.073794588529580318, 9.592965428804635764 ) ) ;
#2174 = CARTESIAN_POINT ( 'NONE',  ( 10.45493584282901267, 14.39116177115903028, 8.942110561798720880 ) ) ;
#2175 = B_SPLINE_CURVE_WITH_KNOTS ( 'NONE', 3,
 ( #776, #5792, #3871, #685, #309, #5690, #1658, #2579, #2449, #248, #5242, #4362, #3364, #337, #1767, #2042, #5347, #1326, #4245, #3842, #5627, #216, #4307, #3812, #5658, #2992, #4776, #5598, #1602, #3394, #913, #77, #3122, #4907, #4579, #2232, #3175, #4034, #3226, #4086, #47, #3150, #2704, #5489, #5455, #2736, #1842, #5015, #4959, #1434, #3668, #940, #2314, #4112, #4549, #992, #2789 ),
 .UNSPECIFIED., .F., .F.,
 ( 4, 1, 1, 1, 2, 2, 1, 1, 2, 2, 1, 1, 1, 2, 2, 1, 1, 1, 1, 1, 2, 2, 1, 1, 1, 2, 2, 1, 1, 1, 1, 2, 2, 1, 1, 1, 1, 2, 2, 1, 4 ),
 ( 0.1439684925078887623, 0.1974704617261485162, 0.2242214463352781850, 0.2375969386398429917, 0.2442846847921253395, 0.2509724309444076318, 0.3044744001626656371, 0.3312253847717947508, 0.3446008770763593354, 0.3512886232286414612, 0.3579763693809235869, 0.4649803078174382653, 0.4917312924265672125, 0.4984190385788492828, 0.5051067847311314640, 0.5184822770356956045, 0.5719842462539524997, 0.5987352308630810027, 0.6121107231676450322, 0.6187984693199271025, 0.6221423423960680266, 0.6254862154722089507, 0.6789881846904638474, 0.7324901539087185220, 0.7458656462132821074, 0.7492095192894231426, 0.7525533923655640667, 0.7592411385178459149, 0.7859921231269728636, 0.8394940923452269832, 0.8662450769543541540, 0.8729328231066360022, 0.8762766961827771484, 0.8796205692589181835, 0.8929960615634825460, 0.9197470461726117152, 0.9331225384771762998, 0.9364664115533174460, 0.9398102846294587032, 0.9464980307817411065, 1.000000000000000000 ),
 .UNSPECIFIED. ) ;
#2176 = CARTESIAN_POINT ( 'NONE',  ( -8.030784474682407748, -11.05433072587807430, 8.817288346933223053 ) ) ;
#2177 = CARTESIAN_POINT ( 'NONE',  ( -8.899438418959608299, 6.465291627385859385, 4.999478381024408336 ) ) ;
#2178 = ORIENTED_EDGE ( 'NONE', *, *, #4983, .F. ) ;
#2179 = CARTESIAN_POINT ( 'NONE',  ( 1.818653347947321031, -3.149999999999999911, 64.75000000000000000 ) ) ;
#2180 = CARTESIAN_POINT ( 'NONE',  ( 6.196520638699958283, -9.088626517475862698, 8.285714285714284699 ) ) ;
#2181 = VERTEX_POINT ( 'NONE', #5605 ) ;
#2182 = CARTESIAN_POINT ( 'NONE',  ( 22.41804887296190074, -1.681386506268077952, 9.715715572878981021 ) ) ;
#2183 = CARTESIAN_POINT ( 'NONE',  ( -23.13468568084770993, -15.77296162578163319, 8.285714285714284699 ) ) ;
#2184 = AXIS2_PLACEMENT_3D ( 'NONE', #5371, #17, #2675 ) ;
#2185 = CARTESIAN_POINT ( 'NONE',  ( -8.250000000000000000, -1.010333609296566550E-15, 59.99999999999998579 ) ) ;
#2186 = CARTESIAN_POINT ( 'NONE',  ( -2.056577218964712461, -19.57434907906611343, 8.979242739895555658 ) ) ;
#2187 = CARTESIAN_POINT ( 'NONE',  ( 17.98017217449822169, 8.006126423065092368, 8.979242739895555658 ) ) ;
#2188 = CARTESIAN_POINT ( 'NONE',  ( 3.957676365536817009, -0.6782145250745573728, 34.00000000000000711 ) ) ;
#2189 = EDGE_CURVE ( 'NONE', #1605, #5261, #5131, .T. ) ;
#2190 = CARTESIAN_POINT ( 'NONE',  ( 2.640982903306205998, 27.87523067493196649, 9.405155380086272388 ) ) ;
#2191 = FACE_OUTER_BOUND ( 'NONE', #3179, .T. ) ;
#2192 = CARTESIAN_POINT ( 'NONE',  ( 5.713362038855673397, 2.604166666666661634, 44.00000000000000711 ) ) ;
#2193 = CARTESIAN_POINT ( 'NONE',  ( 13.58872346778647611, -1.427698004453723746, 8.817288346933223053 ) ) ;
#2194 = CARTESIAN_POINT ( 'NONE',  ( -16.51489849772873342, 0.9785353239472531772, 9.565904075243508942 ) ) ;
#2195 = CARTESIAN_POINT ( 'NONE',  ( 4.651217908141163981, -5.597618080579459310, 57.50000000000000711 ) ) ;
#2196 = CARTESIAN_POINT ( 'NONE',  ( -6.740184293979987196, 15.13711721369634056, 8.912760710018206467 ) ) ;
#2197 = CARTESIAN_POINT ( 'NONE',  ( 8.832104500197907271, -6.416374673223253389, 8.669790818246722708 ) ) ;
#2198 = B_SPLINE_CURVE_WITH_KNOTS ( 'NONE', 3,
 ( #4036, #2316, #1770, #4114, #1329, #49, #3310, #22, #2738, #4992, #1082, #4088, #1844 ),
 .UNSPECIFIED., .F., .F.,
 ( 4, 2, 1, 1, 1, 2, 2, 4 ),
 ( 0.000000000000000000, 0.2499999999999972244, 0.3749999999999958367, 0.4374999999999951150, 0.4687499999999944489, 0.4843749999999941158, 0.4999999999999937828, 1.000000000000000000 ),
 .UNSPECIFIED. ) ;
#2199 = LINE ( 'NONE', #4903, #2447 ) ;
#2200 = FACE_OUTER_BOUND ( 'NONE', #1358, .T. ) ;
#2201 = AXIS2_PLACEMENT_3D ( 'NONE', #4768, #1061, #4209 ) ;
#2202 = CARTESIAN_POINT ( 'NONE',  ( -25.50172416686158527, 2.036872864940963090, 9.762216838740801705 ) ) ;
#2203 = AXIS2_PLACEMENT_3D ( 'NONE', #4368, #4783, #2557 ) ;
#2204 = CARTESIAN_POINT ( 'NONE',  ( 8.569307133952495548, 11.79560420890035033, 8.852374245559889943 ) ) ;
#2205 = CARTESIAN_POINT ( 'NONE',  ( -11.80208962263444405, -16.24551155075221587, 8.986512289013813159 ) ) ;
#2206 = DIRECTION ( 'NONE',  ( -1.000000000000000000, 0.000000000000000000, -0.000000000000000000 ) ) ;
#2207 = ORIENTED_EDGE ( 'NONE', *, *, #3399, .T. ) ;
#2208 = DIRECTION ( 'NONE',  ( -1.000000000000000000, 0.000000000000000000, 0.000000000000000000 ) ) ;
#2209 = CARTESIAN_POINT ( 'NONE',  ( 20.67833130141819709, -2.172567011497011258, 8.997110467374634268 ) ) ;
#2210 = EDGE_LOOP ( 'NONE', ( #5465, #360 ) ) ;
#2211 = EDGE_LOOP ( 'NONE', ( #2207, #2156, #2576, #1124 ) ) ;
#2212 = CARTESIAN_POINT ( 'NONE',  ( 13.28319404546672189, -0.5759163139086007632, 9.413923788595454312 ) ) ;
#2213 = CARTESIAN_POINT ( 'NONE',  ( 2.509629930551263932, 23.88647110688550157, 9.038635318908225358 ) ) ;
#2214 = CARTESIAN_POINT ( 'NONE',  ( 7.249999999999999112, 0.000000000000000000, 62.25000000000000000 ) ) ;
#2215 = CARTESIAN_POINT ( 'NONE',  ( -1.685817629190300426, -16.04548686677869895, 8.900697539376398737 ) ) ;
#2216 = CARTESIAN_POINT ( 'NONE',  ( 14.60757409891645509, 6.504391828688375732, 8.896629249940161799 ) ) ;
#2217 = EDGE_CURVE ( 'NONE', #1684, #3925, #1487, .T. ) ;
#2218 = CARTESIAN_POINT ( 'NONE',  ( -25.62713287398315387, -12.08551430920004144, 9.793014732039781123 ) ) ;
#2219 = CARTESIAN_POINT ( 'NONE',  ( -12.50408589615213550, -17.21180556602088529, 9.004298147025636467 ) ) ;
#2220 = CYLINDRICAL_SURFACE ( 'NONE', #5526, 7.250000000000000000 ) ;
#2221 = EDGE_CURVE ( 'NONE', #993, #330, #101, .T. ) ;
#2222 = CARTESIAN_POINT ( 'NONE',  ( 11.15184529733610219, -25.04483290843421983, 9.070458438625532693 ) ) ;
#2223 = CARTESIAN_POINT ( 'NONE',  ( 17.29651751947933036, -1.073794588529700889, 9.592965428804635764 ) ) ;
#2224 = CARTESIAN_POINT ( 'NONE',  ( -15.84429866748341809, 0.8961309124609856402, 9.539913078800434931 ) ) ;
#2225 = CARTESIAN_POINT ( 'NONE',  ( 12.50000000000000000, 1.530808498934191521E-15, -4.000000000000000000 ) ) ;
#2226 = PLANE ( 'NONE',  #661 ) ;
#2227 = CARTESIAN_POINT ( 'NONE',  ( -0.7918403097435326998, -15.00174682292741934, 9.503916713854554388 ) ) ;
#2228 = CARTESIAN_POINT ( 'NONE',  ( 27.84672688999641821, -2.925713846901357940, 4.999478381024408336 ) ) ;
#2229 = CARTESIAN_POINT ( 'NONE',  ( -13.19139442198552103, 0.5644095466365720570, 9.409485193919609358 ) ) ;
#2230 = CARTESIAN_POINT ( 'NONE',  ( 15.92359495553329474, -11.56822265600104238, 8.979242739895562764 ) ) ;
#2231 = CARTESIAN_POINT ( 'NONE',  ( -6.416374673223158354, -8.832104500197972996, 8.669790818246722708 ) ) ;
#2232 = CARTESIAN_POINT ( 'NONE',  ( 9.398334342981033984, 12.93675560927029267, 8.896629249940161799 ) ) ;
#2233 = VERTEX_POINT ( 'NONE', #2427 ) ;
#2234 = CARTESIAN_POINT ( 'NONE',  ( -8.092485092606098718, 5.879053671803031733, 8.597533043457977087 ) ) ;
#2235 = CARTESIAN_POINT ( 'NONE',  ( 9.137410406738379010, -29.62275697937025498, 6.142857142857142350 ) ) ;
#2236 = ORIENTED_EDGE ( 'NONE', *, *, #806, .T. ) ;
#2237 = ORIENTED_EDGE ( 'NONE', *, *, #4110, .T. ) ;
#2238 = CARTESIAN_POINT ( 'NONE',  ( 13.42086944374759483, -0.5933738762616516116, 9.422071066585941068 ) ) ;
#2239 = PLANE ( 'NONE',  #4171 ) ;
#2240 = CARTESIAN_POINT ( 'NONE',  ( 5.311638120268220408E-16, -8.674563349965705328, 63.12499999999998579 ) ) ;
#2241 = CIRCLE ( 'NONE', #1961, 7.500000000000000000 ) ;
#2242 = CARTESIAN_POINT ( 'NONE',  ( -1.128984813634161366, -17.75246743515391756, 9.607311826833496937 ) ) ;
#2243 = LINE ( 'NONE', #112, #2364 ) ;
#2244 = CARTESIAN_POINT ( 'NONE',  ( 16.45710596061862674, 22.65311597553349543, 9.845359688719304003 ) ) ;
#2245 = CARTESIAN_POINT ( 'NONE',  ( -15.43665420499197793, -21.24846973803833095, 9.060546209440243359 ) ) ;
#2246 = CARTESIAN_POINT ( 'NONE',  ( -1.818653347947321031, 3.149999999999999467, 44.75000000000000000 ) ) ;
#2247 = CARTESIAN_POINT ( 'NONE',  ( -4.725242132874502232, 9.933448444417336987, 8.855776607805381673 ) ) ;
#2248 = DIRECTION ( 'NONE',  ( -0.000000000000000000, -0.000000000000000000, 1.000000000000000000 ) ) ;
#2249 = CARTESIAN_POINT ( 'NONE',  ( -21.00253183964372994, 1.515838399918085555, 9.688649277955970973 ) ) ;
#2250 = EDGE_CURVE ( 'NONE', #4905, #495, #608, .T. ) ;
#2251 = CARTESIAN_POINT ( 'NONE',  ( 1.405917565198752994, 20.07005227819565718, 9.668500753904172740 ) ) ;
#2252 = CARTESIAN_POINT ( 'NONE',  ( -6.366064965466694758, 14.29691939704716752, 8.886785159412962543 ) ) ;
#2253 = CARTESIAN_POINT ( 'NONE',  ( -11.14624818242348958, 23.46971274228455329, 9.766734352938289732 ) ) ;
#2254 = CARTESIAN_POINT ( 'NONE',  ( -11.36449460210475770, 7.253455505858708463, 9.424864755848398445 ) ) ;
#2255 = CARTESIAN_POINT ( 'NONE',  ( -9.994845097804555323, 0.1502331602712212444, 9.143094280162275211 ) ) ;
#2256 = LINE ( 'NONE', #4956, #289 ) ;
#2257 = CIRCLE ( 'NONE', #4049, 28.00000000000000000 ) ;
#2258 = CARTESIAN_POINT ( 'NONE',  ( -5.408039274634976579, -8.946130845441183865, 9.194114427929031663 ) ) ;
#2259 = CARTESIAN_POINT ( 'NONE',  ( -20.82048310175993322, 2.187502177567356210, 8.999269646801844047 ) ) ;
#2260 = VERTEX_POINT ( 'NONE', #2326 ) ;
#2261 = CARTESIAN_POINT ( 'NONE',  ( 20.52545241123537778, -19.04483665758547417, 6.142857142857142350 ) ) ;
#2262 = CARTESIAN_POINT ( 'NONE',  ( 12.47509352355055690, -28.59321808576917334, 5.071428571428571175 ) ) ;
#2263 = ORIENTED_EDGE ( 'NONE', *, *, #1506, .F. ) ;
#2264 = ORIENTED_EDGE ( 'NONE', *, *, #4434, .F. ) ;
#2265 = CARTESIAN_POINT ( 'NONE',  ( 2.723140362388630109, 25.91864752421952289, 9.058750113913903945 ) ) ;
#2266 = CARTESIAN_POINT ( 'NONE',  ( -7.173288412535484326, 1.229263826697633233, 57.50000000000001421 ) ) ;
#2267 = CARTESIAN_POINT ( 'NONE',  ( 5.865373209218368800, -4.261443079120430077, 62.00000000000000000 ) ) ;
#2268 = CARTESIAN_POINT ( 'NONE',  ( -2.673009133870222875, -25.44150221806237866, 9.054700542784383188 ) ) ;
#2269 = CIRCLE ( 'NONE', #775, 4.000000000000000000 ) ;
#2270 = EDGE_CURVE ( 'NONE', #4063, #4678, #4126, .T. ) ;
#2271 = CARTESIAN_POINT ( 'NONE',  ( -20.85653268984740194, -9.286898692691242019, 9.025451658185614789 ) ) ;
#2272 = CARTESIAN_POINT ( 'NONE',  ( 22.82016644918914139, -16.22477362268963574, 9.405155380086274164 ) ) ;
#2273 = CARTESIAN_POINT ( 'NONE',  ( -11.01054273084809232, -0.2709079943708449512, 8.763480628664169103 ) ) ;
#2274 = CARTESIAN_POINT ( 'NONE',  ( -2.925713846901061732, -27.84672688999645374, 4.999478381024408336 ) ) ;
#2275 = CARTESIAN_POINT ( 'NONE',  ( 4.000000000000000000, 4.898587196589412829E-16, 34.00000000000000000 ) ) ;
#2276 = LINE ( 'NONE', #4536, #2092 ) ;
#2277 = CARTESIAN_POINT ( 'NONE',  ( 0.2815793122212840727, 10.99639545900968862, 9.244236608254535525 ) ) ;
#2278 = CARTESIAN_POINT ( 'NONE',  ( -0.3252473444894442567, -11.33118028901257723, 9.274755408069175644 ) ) ;
#2279 = DIRECTION ( 'NONE',  ( -0.000000000000000000, -0.000000000000000000, 1.000000000000000000 ) ) ;
#2280 = CARTESIAN_POINT ( 'NONE',  ( -24.25429980685803955, -10.79984043935061067, 9.063038290305446054 ) ) ;
#2281 = EDGE_CURVE ( 'NONE', #1974, #3921, #4826, .T. ) ;
#2282 = DIRECTION ( 'NONE',  ( 0.000000000000000000, 0.000000000000000000, 1.000000000000000000 ) ) ;
#2283 = EDGE_CURVE ( 'NONE', #4235, #1270, #2024, .T. ) ;
#2284 = CARTESIAN_POINT ( 'NONE',  ( -10.87090172544849942, 1.805018836356125700, 5.572962681898415482 ) ) ;
#2285 = CARTESIAN_POINT ( 'NONE',  ( 16.27138474061525386, 22.78695490913883503, 9.339059826362914762 ) ) ;
#2286 = ORIENTED_EDGE ( 'NONE', *, *, #27, .F. ) ;
#2287 = CARTESIAN_POINT ( 'NONE',  ( 13.94875345071615946, -24.37840975558476586, 9.035529747155958802 ) ) ;
#2288 = FACE_OUTER_BOUND ( 'NONE', #5825, .T. ) ;
#2289 = VERTEX_POINT ( 'NONE', #3825 ) ;
#2290 = AXIS2_PLACEMENT_3D ( 'NONE', #5535, #4714, #1005 ) ;
#2291 = ORIENTED_EDGE ( 'NONE', *, *, #828, .F. ) ;
#2292 = EDGE_CURVE ( 'NONE', #330, #4061, #3146, .T. ) ;
#2293 = ADVANCED_FACE ( 'NONE', ( #3314 ), #1051, .T. ) ;
#2294 = AXIS2_PLACEMENT_3D ( 'NONE', #1200, #3003, #4347 ) ;
#2295 = CARTESIAN_POINT ( 'NONE',  ( 1.405060063420184635, 13.37325722799007544, 8.807460931324806452 ) ) ;
#2296 = CARTESIAN_POINT ( 'NONE',  ( 4.474493936541372285, -10.04882600167076667, 10.00049293681678542 ) ) ;
#2297 = CARTESIAN_POINT ( 'NONE',  ( 6.674390203593315363, 4.849228331412905213, 58.99999999999999289 ) ) ;
#2298 = CARTESIAN_POINT ( 'NONE',  ( -0.9066327476822825249, -15.92846901835823203, 9.543886106340938369 ) ) ;
#2299 = EDGE_CURVE ( 'NONE', #2260, #4525, #4730, .T. ) ;
#2300 = CARTESIAN_POINT ( 'NONE',  ( -10.43265992228328898, -5.574201357124789702, 9.315460168994839307 ) ) ;
#2301 = CARTESIAN_POINT ( 'NONE',  ( -8.032188506230879099, -12.39178148431251714, 9.492080732382255803 ) ) ;
#2302 = FACE_OUTER_BOUND ( 'NONE', #4269, .T. ) ;
#2303 = CARTESIAN_POINT ( 'NONE',  ( -2.549390203593315807, -7.846216259435018436, 62.75000000000001421 ) ) ;
#2304 = CARTESIAN_POINT ( 'NONE',  ( -12.14874469529136292, -25.22712830126786798, 8.285714285714284699 ) ) ;
#2305 = FACE_OUTER_BOUND ( 'NONE', #3129, .T. ) ;
#2306 = CARTESIAN_POINT ( 'NONE',  ( -3.102776200920767558, -2.524436540497639214, 24.00000000000000000 ) ) ;
#2307 = CARTESIAN_POINT ( 'NONE',  ( 1.072918737522942090, 17.28864056665208793, 9.593051699102414176 ) ) ;
#2308 = CARTESIAN_POINT ( 'NONE',  ( -8.817465812008968840, 18.08413391079856680, 9.668500753904172740 ) ) ;
#2309 = CARTESIAN_POINT ( 'NONE',  ( 5.155922249061346996, -11.57917885100735411, 8.772138810067740877 ) ) ;
#2310 = CARTESIAN_POINT ( 'NONE',  ( -16.45710596061846331, -22.65311597553360201, 4.999478381024408336 ) ) ;
#2311 = DIRECTION ( 'NONE',  ( 0.5877537843078052271, 0.8090398562690555018, 0.000000000000000000 ) ) ;
#2312 = ADVANCED_FACE ( 'NONE', ( #294 ), #2069, .T. ) ;
#2313 = CARTESIAN_POINT ( 'NONE',  ( 0.1650035410983590189, 11.04320978439632306, 9.141370585886830824 ) ) ;
#2314 = CARTESIAN_POINT ( 'NONE',  ( 7.184075619756173481, 9.888840637033954550, 8.748585655624683710 ) ) ;
#2315 = ORIENTED_EDGE ( 'NONE', *, *, #5436, .F. ) ;
#2316 = CARTESIAN_POINT ( 'NONE',  ( 1.062410831552786705, 10.94892376852660298, 8.731743395424963694 ) ) ;
#2317 = CARTESIAN_POINT ( 'NONE',  ( 15.50000000000031797, -26.84678751731741997, 4.000000000000000000 ) ) ;
#2318 = EDGE_LOOP ( 'NONE', ( #3286, #1678, #829, #4324 ) ) ;
#2319 = VERTEX_POINT ( 'NONE', #1669 ) ;
#2320 = CARTESIAN_POINT ( 'NONE',  ( -27.90458680842348471, 2.309552998127173407, 9.789322327038767924 ) ) ;
#2321 = COLOUR_RGB ( '',1.000000000000000000, 1.000000000000000000, 1.000000000000000000 ) ;
#2322 = CARTESIAN_POINT ( 'NONE',  ( -3.625000000000003109, 6.278684177437178882, 57.50000000000000000 ) ) ;
#2323 = CARTESIAN_POINT ( 'NONE',  ( 10.51130086364754312, 3.242306918519957115, 6.142857142857142350 ) ) ;
#2324 = CARTESIAN_POINT ( 'NONE',  ( -1.073794588529517924, -17.29651751947934457, 9.592965428804635764 ) ) ;
#2325 = CARTESIAN_POINT ( 'NONE',  ( -10.85744698817054577, -5.751519678939035707, 9.349182199096759405 ) ) ;
#2326 = CARTESIAN_POINT ( 'NONE',  ( 11.38962092937803838, -25.57882982243467751, 4.999478381024407447 ) ) ;
#2327 = CARTESIAN_POINT ( 'NONE',  ( 27.90458680842346340, -2.309552998127368806, 9.789322327038767924 ) ) ;
#2328 = CARTESIAN_POINT ( 'NONE',  ( -6.674390203593317139, 4.849228331412902548, 59.74999999999998579 ) ) ;
#2329 = CARTESIAN_POINT ( 'NONE',  ( 4.867316815616624659, -8.730906341724697484, 9.143094280162275211 ) ) ;
#2330 = LINE ( 'NONE', #4977, #5090 ) ;
#2331 = CARTESIAN_POINT ( 'NONE',  ( 9.188511357460930284, -18.94664531688198039, 9.688649277955969197 ) ) ;
#2332 = CARTESIAN_POINT ( 'NONE',  ( -4.000000000000000000, 9.339479295090043921E-16, 34.00000000000000000 ) ) ;
#2333 = CARTESIAN_POINT ( 'NONE',  ( 1.511168106433478098, 20.96278631946567472, 9.687831937662291892 ) ) ;
#2334 = DIRECTION ( 'NONE',  ( 1.000000000000000000, 0.000000000000000000, 0.000000000000000000 ) ) ;
#2335 = CARTESIAN_POINT ( 'NONE',  ( -2.076393932707548018, -25.85000473080830119, 9.766135347243723785 ) ) ;
#2336 = CARTESIAN_POINT ( 'NONE',  ( 6.464392231018836199, -14.51774293525404502, 8.893807934287652373 ) ) ;
#2337 = CARTESIAN_POINT ( 'NONE',  ( 2.549390203593316695, -7.846216259435016660, 63.00000000000001421 ) ) ;
#2338 = CARTESIAN_POINT ( 'NONE',  ( 2.240373209218367467, 6.895159743139863906, 60.50000000000000000 ) ) ;
#2339 = CARTESIAN_POINT ( 'NONE',  ( 21.24846973803817463, -15.43665420499220353, 9.060546209440236254 ) ) ;
#2340 = CARTESIAN_POINT ( 'NONE',  ( -9.455873077999742193, 5.621947398981738786, 9.121746233109162105 ) ) ;
#2341 = ADVANCED_FACE ( 'NONE', ( #842 ), #4672, .F. ) ;
#2342 = CARTESIAN_POINT ( 'NONE',  ( -27.84672688999643242, 2.925713846901159876, 9.074663436463131561 ) ) ;
#2343 = EDGE_LOOP ( 'NONE', ( #1001, #1530, #2996, #5023 ) ) ;
#2344 = CARTESIAN_POINT ( 'NONE',  ( 10.93978556392716506, -1.149387582711248967, 8.674148813960478321 ) ) ;
#2345 = ORIENTED_EDGE ( 'NONE', *, *, #4379, .T. ) ;
#2346 = EDGE_CURVE ( 'NONE', #4750, #4358, #4646, .T. ) ;
#2347 = ORIENTED_EDGE ( 'NONE', *, *, #3331, .T. ) ;
#2348 = CARTESIAN_POINT ( 'NONE',  ( 22.65311597553343503, -16.45710596061870490, 4.999478381024543339 ) ) ;
#2349 = ORIENTED_EDGE ( 'NONE', *, *, #2971, .F. ) ;
#2350 = CARTESIAN_POINT ( 'NONE',  ( 2.522070504394318569, -6.826881907277093653, 57.50000000000000711 ) ) ;
#2351 = CARTESIAN_POINT ( 'NONE',  ( -7.250000000000000000, -8.878689293818310074E-16, 57.50000000000000000 ) ) ;
#2352 = EDGE_LOOP ( 'NONE', ( #3806, #704, #3016, #1561 ) ) ;
#2353 = CARTESIAN_POINT ( 'NONE',  ( 0.000000000000000000, 0.000000000000000000, 24.00000000000000000 ) ) ;
#2354 = CARTESIAN_POINT ( 'NONE',  ( -0.1502331602711856895, -9.994845097804558876, 9.143094280162275211 ) ) ;
#2355 = CARTESIAN_POINT ( 'NONE',  ( 6.250000000000000000, 7.654042494670957606E-16, 21.00000000000000000 ) ) ;
#2356 = CARTESIAN_POINT ( 'NONE',  ( -15.73496791596199706, -22.71683810606894482, 9.785582408824422984 ) ) ;
#2357 = CARTESIAN_POINT ( 'NONE',  ( 4.626990465285941490, -9.979789781498979551, 8.784349666569189807 ) ) ;
#2358 = B_SPLINE_CURVE_WITH_KNOTS ( 'NONE', 3,
 ( #2402, #2428, #1427, #3726, #4226, #986, #1960, #1081, #1865, #1520 ),
 .UNSPECIFIED., .F., .F.,
 ( 4, 3, 3, 4 ),
 ( 0.000000000000000000, 0.0002622927178851079287, 0.0005245854360846693987, 0.0009453804127720467996 ),
 .UNSPECIFIED. ) ;
#2359 = CARTESIAN_POINT ( 'NONE',  ( 8.250000000000000000, 0.000000000000000000, 58.74999999999999289 ) ) ;
#2360 = CARTESIAN_POINT ( 'NONE',  ( 5.574201357124828782, -10.43265992228327121, 9.315460168994839307 ) ) ;
#2361 = CARTESIAN_POINT ( 'NONE',  ( 27.99999999999999645, 3.479172019836427839E-15, 8.999332994034793032 ) ) ;
#2362 = ADVANCED_FACE ( 'NONE', ( #3463 ), #5726, .F. ) ;
#2363 = CARTESIAN_POINT ( 'NONE',  ( 10.81073441407816027, -22.69782641230627362, 9.756333960009660800 ) ) ;
#2364 = VECTOR ( 'NONE', #1970, 1000.000000000000000 ) ;
#2365 = CARTESIAN_POINT ( 'NONE',  ( 0.000000000000000000, 0.000000000000000000, 36.99390334559012672 ) ) ;
#2366 =( BOUNDED_CURVE ( )  B_SPLINE_CURVE ( 2, ( #1527, #2377, #1586, #2436, #4233, #4260, #5582 ),
 .UNSPECIFIED., .F., .T. ) 
 B_SPLINE_CURVE_WITH_KNOTS ( ( 3, 2, 2, 3 ),
 ( 0.01666172618599910671, 0.03571428571428571230, 0.07142857142857142461, 0.08740979427194937867 ),
 .UNSPECIFIED. ) 
 CURVE ( )  GEOMETRIC_REPRESENTATION_ITEM ( )  RATIONAL_B_SPLINE_CURVE ( ( 0.9968701940290736196, 0.9966456421313096836, 1.000000000000000000, 0.9937122098932426040, 1.000000000000000000, 0.9971863759031226460, 0.9968908004128682609 ) ) 
 REPRESENTATION_ITEM ( '' )  );
#2367 = EDGE_CURVE ( 'NONE', #5589, #1270, #3938, .T. ) ;
#2368 = CARTESIAN_POINT ( 'NONE',  ( 10.79248727826611365, 5.724550316878740830, 9.342911665793495857 ) ) ;
#2369 = SHAPE_DEFINITION_REPRESENTATION ( #5050, #1306 ) ;
#2370 = DIRECTION ( 'NONE',  ( 0.000000000000000000, 0.000000000000000000, 1.000000000000000000 ) ) ;
#2371 = CARTESIAN_POINT ( 'NONE',  ( -1.599505797039638244, -21.71582739997186806, 9.702929324004891498 ) ) ;
#2372 = CARTESIAN_POINT ( 'NONE',  ( -9.526279441628895839, 5.499999999999876543, 4.000000000000000000 ) ) ;
#2373 = CARTESIAN_POINT ( 'NONE',  ( 9.663947473672887867, 5.254342891941041316, 9.244236608254535525 ) ) ;
#2374 = CARTESIAN_POINT ( 'NONE',  ( 31.00000000000000000, -3.492861136903442798, 5.071428571428571175 ) ) ;
#2375 = CARTESIAN_POINT ( 'NONE',  ( 14.64349861060404123, -10.63825429266177203, 8.948779096980004510 ) ) ;
#2376 = CARTESIAN_POINT ( 'NONE',  ( 15.94009393790564388, -0.9079263600298422832, 9.543723846560887125 ) ) ;
#2377 = CARTESIAN_POINT ( 'NONE',  ( 3.872258696130467026, -10.31698647446053307, 5.572962681898416371 ) ) ;
#2378 = VERTEX_POINT ( 'NONE', #4463 ) ;
#2379 = DIRECTION ( 'NONE',  ( -0.5000000000000001110, -0.8660254037844385966, 0.000000000000000000 ) ) ;
#2380 = EDGE_LOOP ( 'NONE', ( #4204, #3151, #2795, #4299 ) ) ;
#2381 = ORIENTED_EDGE ( 'NONE', *, *, #3162, .T. ) ;
#2382 = CARTESIAN_POINT ( 'NONE',  ( 6.161855745405806495, 9.931214073995839442, 9.303692016028186629 ) ) ;
#2383 = ORIENTED_EDGE ( 'NONE', *, *, #4945, .F. ) ;
#2384 = PLANE ( 'NONE',  #3424 ) ;
#2385 = DIRECTION ( 'NONE',  ( 0.000000000000000000, 0.000000000000000000, -1.000000000000000000 ) ) ;
#2386 = EDGE_LOOP ( 'NONE', ( #610, #2519, #3200, #2349, #3888 ) ) ;
#2387 = CARTESIAN_POINT ( 'NONE',  ( -6.615471834464462297, 1.041666666666667407, 44.00000000000000711 ) ) ;
#2388 = CARTESIAN_POINT ( 'NONE',  ( -6.151857403512705602, -9.118939387438469879, 8.925829213361778258 ) ) ;
#2389 = AXIS2_PLACEMENT_3D ( 'NONE', #2482, #4275, #1067 ) ;
#2390 = CARTESIAN_POINT ( 'NONE',  ( -21.22873822933624410, -10.17398433698644666, 9.732972412448537725 ) ) ;
#2391 = AXIS2_PLACEMENT_3D ( 'NONE', #3458, #5719, #4809 ) ;
#2392 = DIRECTION ( 'NONE',  ( 1.000000000000000000, 0.000000000000000000, -0.000000000000000000 ) ) ;
#2393 = CARTESIAN_POINT ( 'NONE',  ( -9.235858491349105748, 5.976959662288842345, 9.063833485541733737 ) ) ;
#2394 = CARTESIAN_POINT ( 'NONE',  ( 0.000000000000000000, 0.000000000000000000, 24.00000000000000000 ) ) ;
#2395 = CARTESIAN_POINT ( 'NONE',  ( 2.549390203593316695, -7.846216259435016660, 63.00000000000001421 ) ) ;
#2396 = DIRECTION ( 'NONE',  ( -0.001226723534937059802, -0.002124747489351463178, 0.9999969902942084099 ) ) ;
#2397 = CARTESIAN_POINT ( 'NONE',  ( 2.092442620420207344, -27.92170632107301742, 8.285714285714284699 ) ) ;
#2398 = CARTESIAN_POINT ( 'NONE',  ( 6.394536653643767998, 8.950840711866895560, 8.731743395424970799 ) ) ;
#2399 = CARTESIAN_POINT ( 'NONE',  ( 9.975713657391166223, 5.383917681664907029, 9.274755408069177420 ) ) ;
#2400 = CARTESIAN_POINT ( 'NONE',  ( 7.249999999999999112, 0.000000000000000000, 64.75000000000000000 ) ) ;
#2401 = FACE_OUTER_BOUND ( 'NONE', #1795, .T. ) ;
#2402 = CARTESIAN_POINT ( 'NONE',  ( 11.38962092937804371, -25.57882982243468462, 9.074671307245079532 ) ) ;
#2403 = CARTESIAN_POINT ( 'NONE',  ( 5.098780407186630725, 7.017869168904329769, 61.37500000000001421 ) ) ;
#2404 = CARTESIAN_POINT ( 'NONE',  ( -19.12481837397239914, -8.515809094272881907, 8.999269646801845823 ) ) ;
#2405 = CARTESIAN_POINT ( 'NONE',  ( 5.733911942283428154, -10.81489660665600105, 9.344654686358291329 ) ) ;
#2406 = CARTESIAN_POINT ( 'NONE',  ( -13.55509752914240273, 28.98922476854382424, 9.824066885615200917 ) ) ;
#2407 = CARTESIAN_POINT ( 'NONE',  ( -2.549390203593315807, -7.846216259435018436, 60.49999999999998579 ) ) ;
#2408 = ORIENTED_EDGE ( 'NONE', *, *, #1332, .T. ) ;
#2409 = VERTEX_POINT ( 'NONE', #4375 ) ;
#2410 = DIRECTION ( 'NONE',  ( -0.000000000000000000, -0.000000000000000000, 1.000000000000000000 ) ) ;
#2411 = VERTEX_POINT ( 'NONE', #404 ) ;
#2412 = DIRECTION ( 'NONE',  ( 0.000000000000000000, 0.000000000000000000, 1.000000000000000000 ) ) ;
#2413 = CARTESIAN_POINT ( 'NONE',  ( -4.772721130293033909, -9.910657546926659123, 8.285714285714284699 ) ) ;
#2414 = ORIENTED_EDGE ( 'NONE', *, *, #4385, .F. ) ;
#2415 = LINE ( 'NONE', #3183, #265 ) ;
#2416 = CARTESIAN_POINT ( 'NONE',  ( -21.38779045400716328, 14.75224336312999540, 9.766734352938289732 ) ) ;
#2417 = CARTESIAN_POINT ( 'NONE',  ( -10.68513982431078269, -5.679718474687716068, 9.334463155791654643 ) ) ;
#2418 = CARTESIAN_POINT ( 'NONE',  ( -19.04483665758555233, -20.52545241123531738, 6.142857142857142350 ) ) ;
#2419 = DIRECTION ( 'NONE',  ( 0.000000000000000000, 0.000000000000000000, 1.000000000000000000 ) ) ;
#2420 = DIRECTION ( 'NONE',  ( 0.000000000000000000, 0.000000000000000000, 1.000000000000000000 ) ) ;
#2421 = CARTESIAN_POINT ( 'NONE',  ( -8.250000000000000000, 2.680587493921476216, 62.12500000000000000 ) ) ;
#2422 = CARTESIAN_POINT ( 'NONE',  ( 10.30343676838794842, 29.44553055527310192, 7.214285714285715301 ) ) ;
#2423 = CARTESIAN_POINT ( 'NONE',  ( 21.34856381847395923, -14.72321225939302458, 9.766135347243723785 ) ) ;
#2424 = DIRECTION ( 'NONE',  ( 0.000000000000000000, 0.000000000000000000, 1.000000000000000000 ) ) ;
#2425 = DIRECTION ( 'NONE',  ( 0.000000000000000000, 0.000000000000000000, 1.000000000000000000 ) ) ;
#2426 = CARTESIAN_POINT ( 'NONE',  ( 0.000000000000000000, 0.000000000000000000, 9.845359688719304003 ) ) ;
#2427 = CARTESIAN_POINT ( 'NONE',  ( 2.925713846901259352, 27.84672688999642531, 9.074663436463128008 ) ) ;
#2428 = CARTESIAN_POINT ( 'NONE',  ( 11.44190224185924265, -25.55555024573063250, 9.140768878993270619 ) ) ;
#2429 = VECTOR ( 'NONE', #708, 1000.000000000000114 ) ;
#2430 = CARTESIAN_POINT ( 'NONE',  ( -11.38962092937785542, 25.57882982243475567, 9.074663436463128008 ) ) ;
#2431 = EDGE_CURVE ( 'NONE', #3290, #3708, #2669, .T. ) ;
#2432 = CARTESIAN_POINT ( 'NONE',  ( 10.93978556392716506, -1.149387582711248967, 8.674148813960478321 ) ) ;
#2433 = CARTESIAN_POINT ( 'NONE',  ( 5.750249501608074354, -10.85399913128748572, 9.347679155393771921 ) ) ;
#2434 = CARTESIAN_POINT ( 'NONE',  ( 7.750000000000000000, 0.000000000000000000, 64.25000000000000000 ) ) ;
#2435 = VECTOR ( 'NONE', #275, 1000.000000000000000 ) ;
#2436 = CARTESIAN_POINT ( 'NONE',  ( 2.057967748038327827, -10.87662111621563987, 7.214285714285715301 ) ) ;
#2437 = PLANE ( 'NONE',  #181 ) ;
#2438 = EDGE_LOOP ( 'NONE', ( #3232, #5645, #2825, #1027 ) ) ;
#2439 = ORIENTED_EDGE ( 'NONE', *, *, #5486, .T. ) ;
#2440 = CARTESIAN_POINT ( 'NONE',  ( 7.892265405350444851, 12.20686595624598958, 9.481103272736847387 ) ) ;
#2441 = ORIENTED_EDGE ( 'NONE', *, *, #269, .F. ) ;
#2442 = CARTESIAN_POINT ( 'NONE',  ( -27.88051265617881924, 2.583991878596505476, 9.471248398658758560 ) ) ;
#2443 = CARTESIAN_POINT ( 'NONE',  ( 9.382368161451566380, -5.742052567068670399, 9.244236608254535525 ) ) ;
#2444 = VERTEX_POINT ( 'NONE', #431 ) ;
#2445 = CARTESIAN_POINT ( 'NONE',  ( -17.59850286259178276, 11.93901203419494550, 9.692893076733822610 ) ) ;
#2446 = CARTESIAN_POINT ( 'NONE',  ( 4.148223681453095502, 5.976600844103850285, 57.50000000000000000 ) ) ;
#2447 = VECTOR ( 'NONE', #875, 1000.000000000000000 ) ;
#2448 = PLANE ( 'NONE',  #4361 ) ;
#2449 = CARTESIAN_POINT ( 'NONE',  ( 15.04983340162825023, 20.71601302655324872, 9.054651662031211856 ) ) ;
#2450 = LINE ( 'NONE', #2516, #2049 ) ;
#2451 = CARTESIAN_POINT ( 'NONE',  ( 1.239402338901184342, 11.00000000000000533, 5.071428571428571175 ) ) ;
#2452 = ORIENTED_EDGE ( 'NONE', *, *, #2644, .F. ) ;
#2453 = CARTESIAN_POINT ( 'NONE',  ( 13.27349969495801574, -8.698221469049565613, 9.539913078800434931 ) ) ;
#2454 = ADVANCED_FACE ( 'NONE', ( #2115 ), #757, .T. ) ;
#2455 = B_SPLINE_CURVE_WITH_KNOTS ( 'NONE', 3,
 ( #4105, #2278, #4982, #5422, #4514, #5448, #1864, #3142, #1426, #1811, #4930, #872, #3219, #2784, #538, #3611, #4953, #3115, #4902, #4078, #1373, #2227, #907, #4026, #2699, #5395, #933, #2728, #4165, #5545, #2876, #3341, #1519, #223, #4723, #4665, #568, #1929, #2018, #1578, #1017, #4225, #1137, #1080, #2845, #3308, #2371, #2814, #5481, #134, #3370, #3755, #3725, #193, #5573, #1987, #4691, #2335, #4603, #3787, #3819, #630, #662, #1109, #601 ),
 .UNSPECIFIED., .F., .F.,
 ( 4, 2, 2, 2, 1, 1, 1, 2, 2, 1, 1, 2, 2, 1, 1, 2, 2, 1, 1, 2, 2, 1, 1, 2, 2, 1, 1, 1, 2, 2, 1, 1, 1, 2, 2, 1, 1, 1, 2, 2, 1, 1, 1, 4 ),
 ( 0.000000000000000000, 0.05318794598724124051, 0.05983643923564627154, 0.06316068585984865869, 0.06648493248405104583, 0.07978191898086006706, 0.1063758919744781373, 0.1196728784712873250, 0.1263213717196917663, 0.1329698649680962630, 0.1595638379617135560, 0.1861578109553308491, 0.1928063042037352348, 0.1994547974521396483, 0.2127517839489484197, 0.2393457569425657128, 0.2526427434393744287, 0.2659397299361832001, 0.3191276759234198956, 0.3723156219106566467, 0.3856126084074658067, 0.3989095949042749667, 0.4255035678978928426, 0.4321520611462973949, 0.4388005543947019471, 0.4520975408915116067, 0.4786915138851304818, 0.4919885003819399194, 0.4986369936303445827, 0.5052854868787493015, 0.5318794598723687317, 0.5850674058596080362, 0.6116613788532279106, 0.6249583653500381253, 0.6266204886621394854, 0.6282826119742409565, 0.6316068585984436767, 0.6382553518468493392, 0.7446312438213410489, 0.7512797370697468224, 0.7579282303181525959, 0.7712252168149643650, 0.7978191898085879030, 0.8510071357958342020 ),
 .UNSPECIFIED. ) ;
#2456 = CARTESIAN_POINT ( 'NONE',  ( 7.249999999999986677, -2.355667797688588028, 59.87499999999999289 ) ) ;
#2457 = CARTESIAN_POINT ( 'NONE',  ( 9.526279441628897615, -5.499999999999875655, 24.66837655001592822 ) ) ;
#2458 = CARTESIAN_POINT ( 'NONE',  ( 10.04882600167081641, 4.474493936541264816, 24.66837655001592822 ) ) ;
#2459 = CARTESIAN_POINT ( 'NONE',  ( -17.61191120402073196, 1.850393860777500787, 4.999478381024408336 ) ) ;
#2460 = EDGE_CURVE ( 'NONE', #4750, #3176, #5390, .T. ) ;
#2461 = CARTESIAN_POINT ( 'NONE',  ( 2.289767125791035252, 21.79383327632275780, 9.013873883218943561 ) ) ;
#2462 = CARTESIAN_POINT ( 'NONE',  ( 4.480746418436736711, 6.167218360552289447, 57.87499999999999289 ) ) ;
#2463 = CARTESIAN_POINT ( 'NONE',  ( 12.14874469529153878, 25.22712830126777916, 8.285714285714284699 ) ) ;
#2464 = CARTESIAN_POINT ( 'NONE',  ( 7.039121824010595496, -13.91728321009889768, 9.528853671068432618 ) ) ;
#2465 = CARTESIAN_POINT ( 'NONE',  ( -9.382368161451603683, 5.742052567068603786, 9.244236608254535525 ) ) ;
#2466 = VECTOR ( 'NONE', #5443, 1000.000000000000000 ) ;
#2467 = CARTESIAN_POINT ( 'NONE',  ( -17.25812244858860112, 1.813223077125452276, 8.932521311116833118 ) ) ;
#2468 = CARTESIAN_POINT ( 'NONE',  ( 5.098780407186631614, 7.017869168904329769, 59.12499999999998579 ) ) ;
#2469 = ORIENTED_EDGE ( 'NONE', *, *, #2221, .F. ) ;
#2470 = ADVANCED_FACE ( 'NONE', ( #3911 ), #320, .T. ) ;
#2471 = ORIENTED_EDGE ( 'NONE', *, *, #460, .F. ) ;
#2472 = CARTESIAN_POINT ( 'NONE',  ( 13.21641043582700448, 19.31589902786170754, 9.730842690680063356 ) ) ;
#2473 = ORIENTED_EDGE ( 'NONE', *, *, #5488, .F. ) ;
#2474 = EDGE_CURVE ( 'NONE', #3264, #2597, #3327, .T. ) ;
#2475 = CARTESIAN_POINT ( 'NONE',  ( -3.616719591217582686, 6.264342088718588997, 50.75000000000000000 ) ) ;
#2476 = CARTESIAN_POINT ( 'NONE',  ( -5.238463358642822421, 27.68594465945802696, 7.214285714285715301 ) ) ;
#2477 = ORIENTED_EDGE ( 'NONE', *, *, #2474, .T. ) ;
#2478 = CARTESIAN_POINT ( 'NONE',  ( -15.47515920403707490, 10.35284007610777302, 9.630950504033306103 ) ) ;
#2479 = CARTESIAN_POINT ( 'NONE',  ( -13.91728321009892255, -7.039121824010549311, 9.528853671068434394 ) ) ;
#2480 = CARTESIAN_POINT ( 'NONE',  ( 11.24664290698805402, -25.25772953948949251, 9.072011571271263008 ) ) ;
#2481 = CARTESIAN_POINT ( 'NONE',  ( -16.45710596061846687, -22.65311597553361267, 9.074671307245079532 ) ) ;
#2482 = CARTESIAN_POINT ( 'NONE',  ( 0.000000000000000000, 0.000000000000000000, 36.99390334559012672 ) ) ;
#2483 = CARTESIAN_POINT ( 'NONE',  ( -10.19935847181309896, -14.03936092353752585, 8.932521311116838447 ) ) ;
#2484 = EDGE_CURVE ( 'NONE', #5650, #3317, #957, .T. ) ;
#2485 = CARTESIAN_POINT ( 'NONE',  ( 7.249999999999999112, -2.355667797688570264, 64.62499999999998579 ) ) ;
#2486 = B_SPLINE_CURVE_WITH_KNOTS ( 'NONE', 3,
 ( #2432, #5134, #1643, #2910, #4758, #760, #3437, #2528, #4317, #1614, #697, #667, #4288 ),
 .UNSPECIFIED., .F., .F.,
 ( 4, 2, 1, 1, 1, 2, 2, 4 ),
 ( 0.000000000000000000, 0.2499999999999985567, 0.3749999999999978351, 0.4374999999999974465, 0.4687499999999969469, 0.4843749999999965583, 0.4999999999999961142, 1.000000000000000000 ),
 .UNSPECIFIED. ) ;
#2487 = CARTESIAN_POINT ( 'NONE',  ( -12.31831280331399903, 6.600884007442518353, 21.00000000000000000 ) ) ;
#2488 = ORIENTED_EDGE ( 'NONE', *, *, #1433, .T. ) ;
#2489 = AXIS2_PLACEMENT_3D ( 'NONE', #3948, #5681, #2206 ) ;
#2490 = CARTESIAN_POINT ( 'NONE',  ( 19.31589902786167201, -13.21641043582707731, 9.730842690680061580 ) ) ;
#2491 = CARTESIAN_POINT ( 'NONE',  ( -22.72460802672473434, 21.08535487089836735, 6.142857142857142350 ) ) ;
#2492 = CARTESIAN_POINT ( 'NONE',  ( -6.974052664659223133, -10.99683917581274351, 9.397411250737828681 ) ) ;
#2493 = DIRECTION ( 'NONE',  ( -0.000000000000000000, 0.000000000000000000, -1.000000000000000000 ) ) ;
#2494 = CARTESIAN_POINT ( 'NONE',  ( 2.347204027424131034, 28.23650524962873476, 9.793014732039781123 ) ) ;
#2495 =( BOUNDED_SURFACE ( )  B_SPLINE_SURFACE ( 1, 2, ( 
 ( #437, #963, #1870, #516, #3198, #2313, #4111 ),
 ( #76, #4548, #4988, #3667, #5454, #2760, #5625 ) ),
 .UNSPECIFIED., .F., .F., .F. ) 
 B_SPLINE_SURFACE_WITH_KNOTS ( ( 2, 2 ),
 ( 3, 2, 2, 3 ),
 ( 0.000000000000000000, 1.000000000000000000 ),
 ( 0.000000000000000000, 0.03571428571428571230, 0.07142857142857142461, 0.09998661063300855190 ),
 .UNSPECIFIED. ) 
 GEOMETRIC_REPRESENTATION_ITEM ( )  RATIONAL_B_SPLINE_SURFACE ( (
 ( 1.000000000000000000, 0.9937122098932426040, 1.000000000000000000, 0.9937122098932426040, 1.000000000000000000, 0.9949721252214146494, 0.9979850801651724002),
 ( 1.000000000000000000, 0.9937122098932426040, 1.000000000000000000, 0.9937122098932426040, 1.000000000000000000, 0.9949721252214146494, 0.9979850801651724002) ) ) 
 REPRESENTATION_ITEM ( '' )  SURFACE ( )  );
#2496 = CARTESIAN_POINT ( 'NONE',  ( -1.593491436080465827E-15, 8.674563349965705328, 59.12500000000000711 ) ) ;
#2497 = CARTESIAN_POINT ( 'NONE',  ( -11.16601230793423305, -4.971949395769276414, 8.748585655624692592 ) ) ;
#2498 = CARTESIAN_POINT ( 'NONE',  ( 8.193159343666170713, -16.62790056595838806, 9.628694860343001594 ) ) ;
#2499 = CARTESIAN_POINT ( 'NONE',  ( -4.440639529438682231, 9.972795717309340446, 8.669790818246722708 ) ) ;
#2500 = CARTESIAN_POINT ( 'NONE',  ( 18.47095653516668534, -13.41883779792299691, 9.025451658185614789 ) ) ;
#2501 = CARTESIAN_POINT ( 'NONE',  ( 2.549390203593316695, -7.846216259435016660, 60.74999999999998579 ) ) ;
#2502 = VERTEX_POINT ( 'NONE', #1014 ) ;
#2503 = ORIENTED_EDGE ( 'NONE', *, *, #1912, .F. ) ;
#2504 = CARTESIAN_POINT ( 'NONE',  ( -21.79383327632276135, 2.289767125790959312, 9.013873883218943561 ) ) ;
#2505 = VERTEX_POINT ( 'NONE', #2225 ) ;
#2506 = CARTESIAN_POINT ( 'NONE',  ( -18.80832292712958420, -25.88955321750518834, 9.100485408565127443 ) ) ;
#2507 = CARTESIAN_POINT ( 'NONE',  ( 8.899438418959562114, -6.465291627385924222, 4.999478381024546003 ) ) ;
#2508 = ORIENTED_EDGE ( 'NONE', *, *, #5436, .T. ) ;
#2509 = CARTESIAN_POINT ( 'NONE',  ( -22.28462792380962654, 15.41561393314903583, 9.779827166081959788 ) ) ;
#2510 = CARTESIAN_POINT ( 'NONE',  ( -12.23934689367801276, -6.330930294040001627, 9.441877396648990839 ) ) ;
#2511 = EDGE_CURVE ( 'NONE', #5617, #1566, #3011, .T. ) ;
#2512 = CARTESIAN_POINT ( 'NONE',  ( 10.19366451595487355, -22.89294889947133527, 9.049481907957817484 ) ) ;
#2513 = LINE ( 'NONE', #5742, #2862 ) ;
#2514 = CARTESIAN_POINT ( 'NONE',  ( 1.149387582711210776, 10.93978556392716861, 8.674148813960478321 ) ) ;
#2515 = CARTESIAN_POINT ( 'NONE',  ( -6.663063847655786631, -9.171670794034271879, 8.697288872700692508 ) ) ;
#2516 = CARTESIAN_POINT ( 'NONE',  ( 0.000000000000000000, 0.07499999999997743194, 44.75000000000000000 ) ) ;
#2517 = CARTESIAN_POINT ( 'NONE',  ( -9.794128150611539851, -5.010008248122137964, 9.063833485541719526 ) ) ;
#2518 = B_SPLINE_CURVE_WITH_KNOTS ( 'NONE', 3,
 ( #4689, #2399, #158, #3369, #3400, #2368, #1956, #3753, #1165, #1608, #131, #5157, #5542, #659, #4663, #1517, #1548, #4223, #2015, #3817, #2966, #565, #3306, #190, #5099, #690, #1135, #2934, #4721, #253, #4163, #1926, #1985, #3078, #754, #5307, #2107, #4367, #2556, #4840, #3876, #367, #2636, #4425, #5747, #781, #4312, #3931, #1222, #341, #4340, #2162, #1308, #3991, #5695, #397, #2137, #1280, #723, #2998, #1663, #5777, #2522, #1751, #4866 ),
 .UNSPECIFIED., .F., .F.,
 ( 4, 2, 2, 2, 1, 1, 1, 2, 2, 1, 1, 2, 2, 1, 1, 2, 2, 1, 1, 2, 2, 1, 1, 2, 2, 1, 1, 1, 2, 2, 1, 1, 1, 2, 2, 1, 1, 1, 2, 2, 1, 1, 1, 4 ),
 ( 0.000000000000000000, 0.05318794598723490530, 0.05983643923563933265, 0.06316068585984142836, 0.06648493248404352407, 0.07978191898085275346, 0.1063758919744715592, 0.1196728784712809829, 0.1263213717196855490, 0.1329698649680901568, 0.1595638379617090041, 0.1861578109553278793, 0.1928063042037326258, 0.1994547974521373168, 0.2127517839489470319, 0.2393457569425665454, 0.2526427434393761495, 0.2659397299361858646, 0.3191276759234242810, 0.3723156219106627529, 0.3856126084074723570, 0.3989095949042819056, 0.4255035678979014468, 0.4321520611463063877, 0.4388005543947112730, 0.4520975408915217653, 0.4786915138851431939, 0.4919885003819538527, 0.4986369936303590156, 0.5052854868787640674, 0.5318794598723841638, 0.5850674058596248006, 0.6116613788532451190, 0.6249583653500551117, 0.6266204886621563608, 0.6282826119742574988, 0.6316068585984601080, 0.6382553518468658815, 0.7446312438213503748, 0.7512797370697558152, 0.7579282303181613667, 0.7712252168149721365, 0.7978191898085928990, 0.8510071357958346461 ),
 .UNSPECIFIED. ) ;
#2519 = ORIENTED_EDGE ( 'NONE', *, *, #2270, .T. ) ;
#2520 = CARTESIAN_POINT ( 'NONE',  ( 21.45547855131326287, -14.80233471954664992, 9.767761934507692700 ) ) ;
#2521 = PRODUCT_DEFINITION_FORMATION_WITH_SPECIFIED_SOURCE ( 'ANY', '', #3691, .NOT_KNOWN. ) ;
#2522 = CARTESIAN_POINT ( 'NONE',  ( 24.49262724294528581, 11.59124692932856782, 9.779827166081956236 ) ) ;
#2523 = CARTESIAN_POINT ( 'NONE',  ( -25.10035694886598634, 18.52490647644963317, 5.071428571428571175 ) ) ;
#2524 = VECTOR ( 'NONE', #1413, 1000.000000000000000 ) ;
#2525 = CARTESIAN_POINT ( 'NONE',  ( -22.78695490913889898, 16.27138474061516860, 9.339059826362918315 ) ) ;
#2526 = CARTESIAN_POINT ( 'NONE',  ( -8.580673181453491338, 5.127528282187984843, 9.143094280162275211 ) ) ;
#2527 = CARTESIAN_POINT ( 'NONE',  ( 2.240373209218368800, -6.895159743139863018, 59.50000000000000000 ) ) ;
#2528 = CARTESIAN_POINT ( 'NONE',  ( 10.97569017320866358, -0.7309162132909750031, 8.950348815923275581 ) ) ;
#2529 = CARTESIAN_POINT ( 'NONE',  ( 8.645824245239717598, -17.68436061631800982, 9.658275495602524074 ) ) ;
#2530 = CARTESIAN_POINT ( 'NONE',  ( -7.795028124859474161, 17.50608726165615892, 8.970773426962608710 ) ) ;
#2531 = CARTESIAN_POINT ( 'NONE',  ( 21.06670453633508089, -14.51484572874903023, 9.762216838740801705 ) ) ;
#2532 = VECTOR ( 'NONE', #5546, 1000.000000000000000 ) ;
#2533 =( BOUNDED_CURVE ( )  B_SPLINE_CURVE ( 1, ( #4829, #2574 ),
 .UNSPECIFIED., .F., .T. ) 
 B_SPLINE_CURVE_WITH_KNOTS ( ( 2, 2 ),
 ( 3.587512567340623868E-10, 0.01700000035875126256 ),
 .UNSPECIFIED. ) 
 CURVE ( )  GEOMETRIC_REPRESENTATION_ITEM ( )  RATIONAL_B_SPLINE_CURVE ( ( 0.9968701940290736196, 0.9968701940290736196 ) ) 
 REPRESENTATION_ITEM ( '' )  );
#2534 = DIRECTION ( 'NONE',  ( 0.5000000000000001110, 0.8660254037844385966, 0.000000000000000000 ) ) ;
#2535 = ORIENTED_EDGE ( 'NONE', *, *, #5199, .F. ) ;
#2536 = ORIENTED_EDGE ( 'NONE', *, *, #4547, .F. ) ;
#2537 = CARTESIAN_POINT ( 'NONE',  ( 10.30360462988866388, 15.40943441184783680, 9.628694860342999817 ) ) ;
#2538 = EDGE_LOOP ( 'NONE', ( #3772, #5018, #5493, #4936 ) ) ;
#2539 = EDGE_CURVE ( 'NONE', #2289, #4678, #3472, .T. ) ;
#2540 = CARTESIAN_POINT ( 'NONE',  ( 8.250000000000000000, 0.000000000000000000, 63.50000000000001421 ) ) ;
#2541 = CARTESIAN_POINT ( 'NONE',  ( -1.149387582711131506, -10.93978556392717394, 4.999478381024407447 ) ) ;
#2542 = EDGE_LOOP ( 'NONE', ( #2793, #3411, #1192, #521 ) ) ;
#2543 = EDGE_CURVE ( 'NONE', #2657, #1560, #5510, .T. ) ;
#2544 = CARTESIAN_POINT ( 'NONE',  ( 27.99999999999999645, 3.479172019836427839E-15, 8.999332994034793032 ) ) ;
#2545 = CARTESIAN_POINT ( 'NONE',  ( -23.93650327394954758, -11.34923940547511556, 9.772851664565399332 ) ) ;
#2546 = B_SPLINE_CURVE_WITH_KNOTS ( 'NONE', 3,
 ( #2481, #2548, #3017, #4803, #4274, #5182, #361, #773, #1158, #5654 ),
 .UNSPECIFIED., .F., .F.,
 ( 4, 3, 3, 4 ),
 ( 0.000000000000000000, 0.0002622927178851067903, 0.0005245854360846713502, 0.0009453804127720461491 ),
 .UNSPECIFIED. ) ;
#2547 = CARTESIAN_POINT ( 'NONE',  ( 9.013975076769387584, -20.24360037458617612, 9.016918189217618007 ) ) ;
#2548 = CARTESIAN_POINT ( 'NONE',  ( -16.41080459956280890, -22.68675313193350007, 9.140768878993270619 ) ) ;
#2549 = CARTESIAN_POINT ( 'NONE',  ( -9.832053863577575825, 7.142820988431109797, 8.744794086262944077 ) ) ;
#2550 = CARTESIAN_POINT ( 'NONE',  ( -9.398334342980938061, -12.93675560927035839, 8.896629249940172457 ) ) ;
#2551 = CARTESIAN_POINT ( 'NONE',  ( -25.36006162652523699, -11.86910735082762791, 9.683307533425931979 ) ) ;
#2552 = CARTESIAN_POINT ( 'NONE',  ( -8.151649281916046874, 3.681115861343892348, 24.00000000000000355 ) ) ;
#2553 = ORIENTED_EDGE ( 'NONE', *, *, #2991, .F. ) ;
#2554 = CARTESIAN_POINT ( 'NONE',  ( 12.17771149547489173, 5.422434047359502074, 8.802444968223847255 ) ) ;
#2555 = AXIS2_PLACEMENT_3D ( 'NONE', #4328, #303, #2208 ) ;
#2556 = CARTESIAN_POINT ( 'NONE',  ( 17.84588429431018852, 8.715157619361349361, 9.662450345237980187 ) ) ;
#2557 = DIRECTION ( 'NONE',  ( -0.8660254037844450359, 0.4999999999999887867, 0.000000000000000000 ) ) ;
#2558 = CARTESIAN_POINT ( 'NONE',  ( -23.01130455913925488, 15.95242497197640930, 9.789322327038767924 ) ) ;
#2559 = CARTESIAN_POINT ( 'NONE',  ( 1.284147516374633424, 12.22242059415087745, 8.753121458834705493 ) ) ;
#2560 = ADVANCED_FACE ( 'NONE', ( #598 ), #1576, .T. ) ;
#2561 = CARTESIAN_POINT ( 'NONE',  ( 7.249999999999999112, 2.355667797688572485, 57.62499999999999289 ) ) ;
#2562 = EDGE_CURVE ( 'NONE', #5142, #1149, #2518, .T. ) ;
#2564 = EDGE_CURVE ( 'NONE', #1270, #5822, #4544, .T. ) ;
#2563 = CARTESIAN_POINT ( 'NONE',  ( 15.95242497197650167, 23.01130455913920869, 9.789322327038767924 ) ) ;
#2565 = CARTESIAN_POINT ( 'NONE',  ( -9.526279441628776823, -5.500000000000076383, 4.000000000000000000 ) ) ;
#2566 = CARTESIAN_POINT ( 'NONE',  ( -6.815119587485193975, 13.38781400466945115, 9.503916713854554388 ) ) ;
#2567 = ORIENTED_EDGE ( 'NONE', *, *, #446, .F. ) ;
#2568 = CARTESIAN_POINT ( 'NONE',  ( 11.81402048218296308, 17.43080691696388840, 9.688649277955972750 ) ) ;
#2569 = FACE_OUTER_BOUND ( 'NONE', #4392, .T. ) ;
#2570 = VECTOR ( 'NONE', #4566, 1000.000000000000000 ) ;
#2571 = DIRECTION ( 'NONE',  ( 0.000000000000000000, 0.000000000000000000, -1.000000000000000000 ) ) ;
#2572 = FACE_OUTER_BOUND ( 'NONE', #616, .T. ) ;
#2573 = ORIENTED_EDGE ( 'NONE', *, *, #4186, .T. ) ;
#2574 = CARTESIAN_POINT ( 'NONE',  ( -2.925713846901061732, -27.84672688999645374, 4.999478381024408336 ) ) ;
#2575 = CARTESIAN_POINT ( 'NONE',  ( 8.063570590128186666, -7.481900115480010882, 6.142857142857142350 ) ) ;
#2576 = ORIENTED_EDGE ( 'NONE', *, *, #1918, .T. ) ;
#2577 = CARTESIAN_POINT ( 'NONE',  ( -4.474493936541301231, 10.04882600167079687, 4.999478381024406559 ) ) ;
#2578 = CARTESIAN_POINT ( 'NONE',  ( -24.37840975558481560, -13.94875345071607597, 9.035529747155960578 ) ) ;
#2579 = CARTESIAN_POINT ( 'NONE',  ( 15.29604075666299323, 21.05491609863516445, 9.058421679211717148 ) ) ;
#2580 = CARTESIAN_POINT ( 'NONE',  ( -25.53211039377505998, -11.49411215572272127, 9.206866708977543112 ) ) ;
#2581 = CARTESIAN_POINT ( 'NONE',  ( -1.277171670900203226, -12.15602501552539927, 8.748585655624685486 ) ) ;
#2582 = CARTESIAN_POINT ( 'NONE',  ( 13.08478172707230058, 5.826330009994823200, 8.843057415417661105 ) ) ;
#2583 = EDGE_CURVE ( 'NONE', #1974, #968, #4398, .T. ) ;
#2584 = CARTESIAN_POINT ( 'NONE',  ( 3.779099109679981083, -1.357050874347305536, 34.00000000000000000 ) ) ;
#2585 = CARTESIAN_POINT ( 'NONE',  ( 1.818653347947320587, 3.149999999999999467, 47.82499999999998863 ) ) ;
#2586 = CARTESIAN_POINT ( 'NONE',  ( -27.68594465945800565, -5.238463358642919232, 7.214285714285715301 ) ) ;
#2587 = CARTESIAN_POINT ( 'NONE',  ( 0.2104339737773281982, 10.45159621504911129, 9.194114427929031663 ) ) ;
#2588 = AXIS2_PLACEMENT_3D ( 'NONE', #5558, #999, #4679 ) ;
#2589 = CARTESIAN_POINT ( 'NONE',  ( -11.95216183644703989, 25.32085755726648912, 9.789322327038767924 ) ) ;
#2590 = CARTESIAN_POINT ( 'NONE',  ( -1.946096880074515090, 8.729988942339172553, 24.00000000000000355 ) ) ;
#2591 = VECTOR ( 'NONE', #2904, 1000.000000000000000 ) ;
#2592 = CARTESIAN_POINT ( 'NONE',  ( 1.812608747932090389E-16, 1.725227530899694761E-15, 24.66837655001592822 ) ) ;
#2593 = DIRECTION ( 'NONE',  ( -0.000000000000000000, -0.000000000000000000, -1.000000000000000000 ) ) ;
#2594 = CARTESIAN_POINT ( 'NONE',  ( 8.580673181453457588, -5.127528282188045239, 9.143094280162275211 ) ) ;
#2595 = CARTESIAN_POINT ( 'NONE',  ( 27.30854136304693824, 12.81965128035253976, 9.809850538807884490 ) ) ;
#2596 = CARTESIAN_POINT ( 'NONE',  ( 2.240373209218367467, 6.895159743139863906, 62.75000000000000000 ) ) ;
#2597 = VERTEX_POINT ( 'NONE', #2078 ) ;
#2598 = CARTESIAN_POINT ( 'NONE',  ( -16.32302611885735288, 1.714977265655741601, 8.908695597015118040 ) ) ;
#2599 = B_SPLINE_SURFACE_WITH_KNOTS ( 'NONE', 1, 3, ( 
 ( #3381, #5646, #5173, #2090, #5232, #2949, #705, #1999, #2504, #1621, #4765, #1204, #736, #2598, #3008, #1562, #765, #2121, #3917, #5263, #1234, #4382, #5397, #1292 ),
 ( #3064, #4437, #4851, #4001, #4932, #2202, #848, #2732, #353, #5790, #5317, #820, #2173, #1764, #909, #3499, #5732, #1351, #2229, #877, #1813, #1791, #1736, #2255 ) ),
 .UNSPECIFIED., .F., .F., .F.,
 ( 2, 2 ),
 ( 4, 2, 2, 2, 2, 2, 2, 2, 2, 2, 2, 4 ),
 ( 0.000000000000000000, 1.000000000000000000 ),
 ( 0.01982871850929110447, 0.02257970761283119993, 0.02533069671637129538, 0.02808168581991139084, 0.03083267492345148977, 0.03358366402699158870, 0.03495915857876163990, 0.03633465313053168416, 0.03771014768230172842, 0.03908564223407177962, 0.04046113678584183082, 0.04183663133761187508 ),
 .UNSPECIFIED. ) ;
#2600 = CARTESIAN_POINT ( 'NONE',  ( 16.15099094042884431, 23.27992884655906280, 9.793014732039781123 ) ) ;
#2601 = FACE_OUTER_BOUND ( 'NONE', #740, .T. ) ;
#2602 = CARTESIAN_POINT ( 'NONE',  ( 1.391487174838242691, -3.766555535049432191, 34.00000000000000000 ) ) ;
#2603 = VERTEX_POINT ( 'NONE', #807 ) ;
#2604 = CARTESIAN_POINT ( 'NONE',  ( 7.750000000000000000, 0.000000000000000000, 58.00000000000000711 ) ) ;
#2605 = EDGE_LOOP ( 'NONE', ( #2264, #5404, #1057, #1878 ) ) ;
#2606 = CARTESIAN_POINT ( 'NONE',  ( 27.89701128552355058, -2.401082327201498501, 9.683307533425933755 ) ) ;
#2607 = CARTESIAN_POINT ( 'NONE',  ( -13.40572943162373143, 9.739035900133741208, 8.912760710018208243 ) ) ;
#2608 = CARTESIAN_POINT ( 'NONE',  ( 5.098780407186632502, -7.017869168904328880, 63.37499999999998579 ) ) ;
#2609 = CARTESIAN_POINT ( 'NONE',  ( 28.00000000000000000, -1.156747272036837026, 9.394389863003729246 ) ) ;
#2610 = DIRECTION ( 'NONE',  ( 0.000000000000000000, 0.000000000000000000, 1.000000000000000000 ) ) ;
#2611 = CARTESIAN_POINT ( 'NONE',  ( 4.000000000000000888, -0.3333333333333334814, 34.00000000000000000 ) ) ;
#2612 = CARTESIAN_POINT ( 'NONE',  ( 2.811862076084265194, 27.85851229109925953, 9.206866708977543112 ) ) ;
#2613 = CARTESIAN_POINT ( 'NONE',  ( 15.95242497197650167, 23.01130455913920869, 9.789322327038767924 ) ) ;
#2614 = CARTESIAN_POINT ( 'NONE',  ( 5.111955508449812946, 3.645833333333328152, 44.00000000000000711 ) ) ;
#2615 = CARTESIAN_POINT ( 'NONE',  ( 24.52957074296939055, -2.577197135762217428, 9.045875455953151345 ) ) ;
#2616 = CARTESIAN_POINT ( 'NONE',  ( -25.89849154555350452, 2.081922288277346933, 9.766734352938289732 ) ) ;
#2617 = DIRECTION ( 'NONE',  ( 0.000000000000000000, 1.000000000000000000, 0.000000000000000000 ) ) ;
#2618 = CARTESIAN_POINT ( 'NONE',  ( -6.116309051314629208, 13.73601714535200990, 8.867948148798292962 ) ) ;
#2619 = CARTESIAN_POINT ( 'NONE',  ( 8.250000000000000000, 0.000000000000000000, 58.62500000000000000 ) ) ;
#2620 = CARTESIAN_POINT ( 'NONE',  ( 18.34366520631830610, 8.167980889107576914, 8.986512289013813159 ) ) ;
#2621 = CARTESIAN_POINT ( 'NONE',  ( -11.21562532981810456, 7.140355181032032483, 9.413923788595456088 ) ) ;
#2622 = CARTESIAN_POINT ( 'NONE',  ( 11.00000000000000000, -1.239402338901222755, 5.071428571428571175 ) ) ;
#2623 = CARTESIAN_POINT ( 'NONE',  ( -18.52490647644953725, -25.10035694886604674, 5.071428571428571175 ) ) ;
#2624 = CARTESIAN_POINT ( 'NONE',  ( -9.578192151852508829, -14.44232627460694296, 9.592965428804635764 ) ) ;
#2625 = CARTESIAN_POINT ( 'NONE',  ( -23.01130455913925488, 15.95242497197640930, 9.789322327038767924 ) ) ;
#2626 = ORIENTED_EDGE ( 'NONE', *, *, #2991, .T. ) ;
#2627 = CARTESIAN_POINT ( 'NONE',  ( 10.04882600167081286, 4.474493936541266592, 10.00049293681678542 ) ) ;
#2628 = CARTESIAN_POINT ( 'NONE',  ( -22.00365604373327599, -10.50955368688958913, 9.745943207972318945 ) ) ;
#2629 = ORIENTED_EDGE ( 'NONE', *, *, #290, .T. ) ;
#2630 = CARTESIAN_POINT ( 'NONE',  ( 23.05710723316119726, -1.755506234515874953, 9.726382675456340721 ) ) ;
#2631 = CARTESIAN_POINT ( 'NONE',  ( -13.05289042812473355, 9.482704326415863250, 8.900697539376405842 ) ) ;
#2632 = CARTESIAN_POINT ( 'NONE',  ( -6.674390203593315363, -4.849228331412904325, 60.24999999999998579 ) ) ;
#2633 = CARTESIAN_POINT ( 'NONE',  ( -1.993119969359338661, -18.97036769489115215, 8.968104430231887747 ) ) ;
#2634 = CARTESIAN_POINT ( 'NONE',  ( 23.99276955997816430, 10.68338748218987710, 9.060546209440230925 ) ) ;
#2635 = CIRCLE ( 'NONE', #87, 4.000000000000000000 ) ;
#2636 = CARTESIAN_POINT ( 'NONE',  ( 18.82563642195520615, 9.136407258678081789, 9.685943259803073246 ) ) ;
#2637 = CARTESIAN_POINT ( 'NONE',  ( -15.36515874325764663, -21.15005662760033900, 9.059469684202003492 ) ) ;
#2638 = CARTESIAN_POINT ( 'NONE',  ( -20.94797420246122854, 2.200897018553586548, 4.999478381024407447 ) ) ;
#2639 = CARTESIAN_POINT ( 'NONE',  ( 3.909142447638090712, 5.729166666666663410, 44.00000000000000711 ) ) ;
#2640 = CARTESIAN_POINT ( 'NONE',  ( 30.97132880813204991, -2.654053589455080076, 9.817307459269112968 ) ) ;
#2641 = CARTESIAN_POINT ( 'NONE',  ( -14.78849007231241330, 0.7652763388967940283, 9.494005665049332521 ) ) ;
#2642 = DIRECTION ( 'NONE',  ( 0.000000000000000000, -1.000000000000000000, 0.000000000000000000 ) ) ;
#2643 = LINE ( 'NONE', #3556, #3963 ) ;
#2644 = EDGE_CURVE ( 'NONE', #1626, #111, #4924, .T. ) ;
#2645 = CARTESIAN_POINT ( 'NONE',  ( 11.14187790746146156, -7.084490216518583239, 9.409485193919609358 ) ) ;
#2646 = CARTESIAN_POINT ( 'NONE',  ( 3.608439182435160486, -6.250000000000000000, 44.00000000000000711 ) ) ;
#2647 = CARTESIAN_POINT ( 'NONE',  ( -3.909142447638088935, -5.729166666666668739, 44.00000000000000711 ) ) ;
#2648 = FACE_OUTER_BOUND ( 'NONE', #1998, .T. ) ;
#2649 = CARTESIAN_POINT ( 'NONE',  ( -25.61340200379567378, -17.46292179997251637, 8.285714285714284699 ) ) ;
#2650 = CARTESIAN_POINT ( 'NONE',  ( -10.45493584282891142, -14.39116177115910133, 8.942110561798720880 ) ) ;
#2651 = LINE ( 'NONE', #3565, #4737 ) ;
#2652 = ORIENTED_EDGE ( 'NONE', *, *, #5158, .F. ) ;
#2653 = ADVANCED_FACE ( 'NONE', ( #315 ), #4794, .T. ) ;
#2654 = CARTESIAN_POINT ( 'NONE',  ( -10.97495585862420420, 0.7419160964483859644, 8.943115694354078826 ) ) ;
#2655 = CARTESIAN_POINT ( 'NONE',  ( -18.37961467510767477, 21.35749972353932691, 7.214285714285715301 ) ) ;
#2656 = ORIENTED_EDGE ( 'NONE', *, *, #3935, .F. ) ;
#2657 = VERTEX_POINT ( 'NONE', #5438 ) ;
#2658 = CARTESIAN_POINT ( 'NONE',  ( -9.382368161451603683, 5.742052567068603786, 9.244236608254535525 ) ) ;
#2659 = CARTESIAN_POINT ( 'NONE',  ( 0.000000000000000000, 0.000000000000000000, 57.50000000000000000 ) ) ;
#2660 = CARTESIAN_POINT ( 'NONE',  ( -4.480746418436738487, 6.167218360552288559, 63.12500000000000711 ) ) ;
#2661 = CARTESIAN_POINT ( 'NONE',  ( -2.719301823274502539, -25.88211259429952449, 9.058421679211717148 ) ) ;
#2662 = CARTESIAN_POINT ( 'NONE',  ( 8.899438418959563890, -6.465291627385922446, 24.66837655001592822 ) ) ;
#2663 = CARTESIAN_POINT ( 'NONE',  ( -28.39557140533317181, -12.64384636142220764, 9.095426565020519050 ) ) ;
#2664 = CARTESIAN_POINT ( 'NONE',  ( -13.58255962740159895, -18.69631873431566405, 9.028671707602022423 ) ) ;
#2665 = CARTESIAN_POINT ( 'NONE',  ( 8.249999999999998224, -2.680587493921476661, 63.62499999999998579 ) ) ;
#2666 = CARTESIAN_POINT ( 'NONE',  ( 4.000000000000000888, 0.3333333333333332593, 34.00000000000000000 ) ) ;
#2667 = CARTESIAN_POINT ( 'NONE',  ( 19.12021823865991266, -1.293492106035772471, 9.646862156838700741 ) ) ;
#2668 = CARTESIAN_POINT ( 'NONE',  ( -15.00174682292742290, 0.7918403097435846583, 9.503916713854556164 ) ) ;
#2669 = LINE ( 'NONE', #3029, #2114 ) ;
#2670 = CARTESIAN_POINT ( 'NONE',  ( -11.24664290698787283, 25.25772953948957422, 9.072011571271259456 ) ) ;
#2671 = CARTESIAN_POINT ( 'NONE',  ( -9.172683190172634227, 18.90988953997888800, 9.687831937662290116 ) ) ;
#2672 = VECTOR ( 'NONE', #939, 1000.000000000000000 ) ;
#2673 = CARTESIAN_POINT ( 'NONE',  ( -7.250000000000019540, -2.355667797688544951, 61.12500000000000711 ) ) ;
#2674 = CARTESIAN_POINT ( 'NONE',  ( -6.849617136294968489, -2.459654709754491186, 57.49999999999999289 ) ) ;
#2675 = DIRECTION ( 'NONE',  ( -1.000000000000000000, 0.000000000000000000, 0.000000000000000000 ) ) ;
#2676 = VECTOR ( 'NONE', #2419, 1000.000000000000000 ) ;
#2677 = CARTESIAN_POINT ( 'NONE',  ( 17.73040482578412380, 24.40580487072150362, 9.089868230524976056 ) ) ;
#2678 = LINE ( 'NONE', #3535, #2672 ) ;
#2679 = CARTESIAN_POINT ( 'NONE',  ( -25.88211259429949251, 2.719301823274592245, 9.058421679211722477 ) ) ;
#2680 = CARTESIAN_POINT ( 'NONE',  ( -18.22036731354187467, -25.08023554434077340, 10.00049293681678542 ) ) ;
#2681 = EDGE_LOOP ( 'NONE', ( #1737, #997, #5231, #4798 ) ) ;
#2682 = CARTESIAN_POINT ( 'NONE',  ( -11.05433072587804411, 8.030784474682445051, 8.817288346933223053 ) ) ;
#2683 = ORIENTED_EDGE ( 'NONE', *, *, #5609, .F. ) ;
#2684 =( BOUNDED_SURFACE ( )  B_SPLINE_SURFACE ( 1, 2, ( 
 ( #943, #4993, #4143, #5430, #3229, #520, #109 ),
 ( #2317, #2262, #2235, #1797, #1901, #5824, #1436 ) ),
 .UNSPECIFIED., .F., .F., .T. ) 
 B_SPLINE_SURFACE_WITH_KNOTS ( ( 2, 2 ),
 ( 3, 2, 2, 3 ),
 ( 0.000000000000000000, 1.000000000000000000 ),
 ( 0.000000000000000000, 0.03571428571428571230, 0.07142857142857142461, 0.09998661063300855190 ),
 .UNSPECIFIED. ) 
 GEOMETRIC_REPRESENTATION_ITEM ( )  RATIONAL_B_SPLINE_SURFACE ( (
 ( 1.000000000000000000, 0.9937122098932426040, 1.000000000000000000, 0.9937122098932426040, 1.000000000000000000, 0.9949721252214146494, 0.9979850801651724002),
 ( 1.000000000000000000, 0.9937122098932426040, 1.000000000000000000, 0.9937122098932426040, 1.000000000000000000, 0.9949721252214146494, 0.9979850801651724002) ) ) 
 REPRESENTATION_ITEM ( '' )  SURFACE ( )  );
#2685 = EDGE_LOOP ( 'NONE', ( #2291, #5556, #995, #142 ) ) ;
#2686 = CARTESIAN_POINT ( 'NONE',  ( 14.87355238050243855, -0.7758767385493208213, 9.497982529720236045 ) ) ;
#2687 = CARTESIAN_POINT ( 'NONE',  ( 1.412101684139748459, 13.44027885050736693, 8.810339537001683041 ) ) ;
#2688 = CARTESIAN_POINT ( 'NONE',  ( 4.480746418436736711, 6.167218360552289447, 60.12499999999999289 ) ) ;
#2689 = CARTESIAN_POINT ( 'NONE',  ( -4.474493936541298567, 10.04882600167079865, 8.674148813960478321 ) ) ;
#2690 = ADVANCED_FACE ( 'NONE', ( #450 ), #2016, .F. ) ;
#2691 = CARTESIAN_POINT ( 'NONE',  ( 8.056993786556036596, 12.42456991678808365, 9.494005665049334297 ) ) ;
#2692 = CARTESIAN_POINT ( 'NONE',  ( -14.06025943897762787, -19.35386990151466691, 9.037590209674174702 ) ) ;
#2693 = DIRECTION ( 'NONE',  ( -0.8660254037844385966, 0.5000000000000001110, 0.000000000000000000 ) ) ;
#2694 = CARTESIAN_POINT ( 'NONE',  ( -5.254342891941075067, 9.663947473672870103, 9.244236608254535525 ) ) ;
#2695 = LINE ( 'NONE', #2275, #15 ) ;
#2696 = CARTESIAN_POINT ( 'NONE',  ( -25.98215683556276545, 2.091458626790957620, 9.767761934507692700 ) ) ;
#2697 = CARTESIAN_POINT ( 'NONE',  ( 1.218466154110602107, 18.49676397355468538, 9.628694860343003370 ) ) ;
#2698 = CARTESIAN_POINT ( 'NONE',  ( -7.638610354902430011, 17.15480397104050070, 8.962402508024640113 ) ) ;
#2699 = CARTESIAN_POINT ( 'NONE',  ( -0.8961309124609283527, -15.84429866748343940, 9.539913078800436708 ) ) ;
#2700 = CARTESIAN_POINT ( 'NONE',  ( -10.99683917581272041, 6.974052664659264877, 9.397411250737825128 ) ) ;
#2701 = DIRECTION ( 'NONE',  ( 1.000000000000000000, 0.000000000000000000, 0.000000000000000000 ) ) ;
#2702 = CARTESIAN_POINT ( 'NONE',  ( 19.35386990151451059, -14.06025943897782682, 9.037590209674169373 ) ) ;
#2703 = CARTESIAN_POINT ( 'NONE',  ( -16.15099094042867378, -23.27992884655917649, 9.793014732039781123 ) ) ;
#2704 = CARTESIAN_POINT ( 'NONE',  ( 7.978798161935477751, 10.98277185188054617, 8.812913050800606385 ) ) ;
#2705 = ORIENTED_EDGE ( 'NONE', *, *, #4975, .F. ) ;
#2706 = CARTESIAN_POINT ( 'NONE',  ( -18.11920742151042418, 12.32721186886632481, 9.706279605717398340 ) ) ;
#2707 = CARTESIAN_POINT ( 'NONE',  ( -2.549390203593315807, -7.846216259435018436, 62.99999999999998579 ) ) ;
#2708 = ORIENTED_EDGE ( 'NONE', *, *, #2721, .F. ) ;
#2709 = VERTEX_POINT ( 'NONE', #4971 ) ;
#2710 = CARTESIAN_POINT ( 'NONE',  ( 2.201324438624575386, 20.95204235492072442, 9.001241796277094309 ) ) ;
#2711 = CARTESIAN_POINT ( 'NONE',  ( 7.220562908078074216, -8.390446319961824884, 7.214285714285715301 ) ) ;
#2712 = CARTESIAN_POINT ( 'NONE',  ( -6.674390203593315363, -4.849228331412904325, 62.74999999999998579 ) ) ;
#2713 = AXIS2_PLACEMENT_3D ( 'NONE', #5192, #224, #1664 ) ;
#2714 =( BOUNDED_CURVE ( )  B_SPLINE_CURVE ( 2, ( #4081, #3281, #514, #1020, #3696, #43, #2338, #3251, #5483, #1838, #5424 ),
 .UNSPECIFIED., .F., .T. ) 
 B_SPLINE_CURVE_WITH_KNOTS ( ( 3, 2, 2, 2, 2, 3 ),
 ( 0.2500000000000002220, 0.3000000000000002665, 0.3500000000000003109, 0.4000000000000003553, 0.4500000000000003997, 0.5000000000000004441 ),
 .UNSPECIFIED. ) 
 CURVE ( )  GEOMETRIC_REPRESENTATION_ITEM ( )  RATIONAL_B_SPLINE_CURVE ( ( 0.9999999999999997780, 0.9510565162951537532, 1.000000000000000000, 0.9510565162951535312, 1.000000000000000000, 0.9510565162951535312, 1.000000000000000000, 0.9510565162951535312, 1.000000000000000000, 0.9510565162951530871, 1.000000000000000444 ) ) 
 REPRESENTATION_ITEM ( '' )  );
#2715 = CARTESIAN_POINT ( 'NONE',  ( -1.858659149246735920, -17.69057960520969885, 8.942110561798720880 ) ) ;
#2716 = VECTOR ( 'NONE', #1357, 1000.000000000000000 ) ;
#2717 = CARTESIAN_POINT ( 'NONE',  ( -12.48202873033167570, -5.557938993104065695, 8.817288346933223053 ) ) ;
#2718 = LINE ( 'NONE', #1781, #2965 ) ;
#2719 = DIRECTION ( 'NONE',  ( -0.5000000000000001110, -0.8660254037844385966, 0.000000000000000000 ) ) ;
#2720 = CYLINDRICAL_SURFACE ( 'NONE', #5269, 6.250000000000000000 ) ;
#2721 = EDGE_CURVE ( 'NONE', #3925, #4553, #5806, .T. ) ;
#2722 = CARTESIAN_POINT ( 'NONE',  ( -7.249999999999981348, 2.355667797688596909, 58.62500000000000000 ) ) ;
#2723 = EDGE_CURVE ( 'NONE', #3764, #2411, #1341, .T. ) ;
#2724 = LINE ( 'NONE', #5541, #4524 ) ;
#2725 = B_SPLINE_SURFACE_WITH_KNOTS ( 'NONE', 3, 1, ( 
 ( #4273, #1012 ),
 ( #534, #1453 ),
 ( #1128, #5624 ),
 ( #3390, #96 ),
 ( #2956, #3721 ),
 ( #5508, #4773 ),
 ( #3360, #3868 ),
 ( #3687, #2926 ),
 ( #4712, #682 ),
 ( #1656, #3450 ) ),
 .UNSPECIFIED., .F., .F., .F.,
 ( 4, 2, 2, 2, 4 ),
 ( 2, 2 ),
 ( 0.000000000000000000, 0.2500000000000001110, 0.5000000000000000000, 0.7500000000000001110, 1.000000000000000000 ),
 ( 0.000000000000000000, 1.000000000000000000 ),
 .UNSPECIFIED. ) ;
#2726 = CARTESIAN_POINT ( 'NONE',  ( 1.799972391140331363, 23.44160785969403094, 9.732501247234313979 ) ) ;
#2727 = CARTESIAN_POINT ( 'NONE',  ( -1.818653347947321031, 3.149999999999999467, 47.82499999999998863 ) ) ;
#2728 = CARTESIAN_POINT ( 'NONE',  ( -0.9785353239471943354, -16.51489849772873342, 9.565904075243510718 ) ) ;
#2729 = ADVANCED_FACE ( 'NONE', ( #974 ), #3329, .T. ) ;
#2730 = ADVANCED_FACE ( 'NONE', ( #5360 ), #527, .F. ) ;
#2731 = CARTESIAN_POINT ( 'NONE',  ( 6.674390203593317139, -4.849228331412903437, 60.75000000000001421 ) ) ;
#2732 = CARTESIAN_POINT ( 'NONE',  ( -22.76692166457836564, 1.722132518371845000, 9.722190541089178240 ) ) ;
#2733 = DIRECTION ( 'NONE',  ( -1.000000000000000000, 0.000000000000000000, 0.000000000000000000 ) ) ;
#2734 = TOROIDAL_SURFACE ( 'NONE', #4236, 10.25000000000000000, 4.000000000000000000 ) ;
#2735 = CARTESIAN_POINT ( 'NONE',  ( -18.32785632100468476, -26.23367119528499103, 9.824066885615200917 ) ) ;
#2736 = CARTESIAN_POINT ( 'NONE',  ( 7.903446322759909215, 10.87905045907316648, 8.807460931324799347 ) ) ;
#2737 = VERTEX_POINT ( 'NONE', #3238 ) ;
#2738 = CARTESIAN_POINT ( 'NONE',  ( 0.7236413169019810798, 10.97617221683374744, 8.955131925794974634 ) ) ;
#2739 = CARTESIAN_POINT ( 'NONE',  ( 11.66973557464377009, -1.226079714692711597, 8.721862271799622590 ) ) ;
#2740 = ORIENTED_EDGE ( 'NONE', *, *, #214, .T. ) ;
#2741 = EDGE_LOOP ( 'NONE', ( #5705, #1846 ) ) ;
#2742 = CARTESIAN_POINT ( 'NONE',  ( 1.409940657377207529, 13.41971035843758742, 8.809460114356461702 ) ) ;
#2743 = CARTESIAN_POINT ( 'NONE',  ( 6.196520638699958283, -9.088626517475862698, 8.285714285714284699 ) ) ;
#2744 = CARTESIAN_POINT ( 'NONE',  ( 0.03711537444789431150, -0.06428571428569529456, 44.73928571428572099 ) ) ;
#2745 = CARTESIAN_POINT ( 'NONE',  ( -1.401753554677890756, -20.03193586041060570, 9.668587843497215673 ) ) ;
#2746 = VECTOR ( 'NONE', #4055, 1000.000000000000000 ) ;
#2747 =( BOUNDED_CURVE ( )  B_SPLINE_CURVE ( 2, ( #783, #1223, #3025, #2586, #4369, #2019, #3490 ),
 .UNSPECIFIED., .F., .T. ) 
 B_SPLINE_CURVE_WITH_KNOTS ( ( 3, 2, 2, 3 ),
 ( 0.01666172618599906161, 0.03571428571428571230, 0.07142857142857142461, 0.08333888588391281937 ),
 .UNSPECIFIED. ) 
 CURVE ( )  GEOMETRIC_REPRESENTATION_ITEM ( )  RATIONAL_B_SPLINE_CURVE ( ( 0.9968701940290738417, 0.9966456421313096836, 1.000000000000000000, 0.9937122098932426040, 1.000000000000000000, 0.9979030923927814101, 0.9972047752087660477 ) ) 
 REPRESENTATION_ITEM ( '' )  );
#2748 = CARTESIAN_POINT ( 'NONE',  ( -28.14898433153060253, -13.18718657259287674, 9.817307459269112968 ) ) ;
#2749 = CARTESIAN_POINT ( 'NONE',  ( -3.608439182435162706, 6.249999999999999112, 44.00000000000000711 ) ) ;
#2750 = CARTESIAN_POINT ( 'NONE',  ( -8.250000000000000000, 2.680587493921476216, 59.62500000000000000 ) ) ;
#2751 = CARTESIAN_POINT ( 'NONE',  ( 9.528087989034521144, -19.73528234702644113, 9.706279605717398340 ) ) ;
#2752 = DIRECTION ( 'NONE',  ( -0.000000000000000000, -0.000000000000000000, -1.000000000000000000 ) ) ;
#2753 = CARTESIAN_POINT ( 'NONE',  ( 0.000000000000000000, 0.000000000000000000, 57.50000000000000000 ) ) ;
#2754 = EDGE_CURVE ( 'NONE', #5119, #4750, #2804, .T. ) ;
#2755 = CARTESIAN_POINT ( 'NONE',  ( 0.4606749594394876079, 12.38032881476996039, 9.355217637996823044 ) ) ;
#2756 = CARTESIAN_POINT ( 'NONE',  ( -10.50955368688951630, 22.00365604373332218, 9.745943207972318945 ) ) ;
#2757 = CARTESIAN_POINT ( 'NONE',  ( 8.250000000000000000, 0.000000000000000000, 63.50000000000001421 ) ) ;
#2758 = CARTESIAN_POINT ( 'NONE',  ( -16.96433603848766225, -7.553799690535189626, 8.958275176990269983 ) ) ;
#2759 = CARTESIAN_POINT ( 'NONE',  ( 6.465291627385893136, 8.899438418959586983, 4.999478381024410112 ) ) ;
#2760 = CARTESIAN_POINT ( 'NONE',  ( 0.4650099794590064617, 31.12177302875326745, 9.141370585886830824 ) ) ;
#2761 = B_SPLINE_CURVE_WITH_KNOTS ( 'NONE', 3,
 ( #1096, #4212, #587, #5500, #3713, #2388, #3743, #4184, #1538, #679, #5120, #179, #149 ),
 .UNSPECIFIED., .F., .F.,
 ( 4, 2, 1, 1, 1, 2, 2, 4 ),
 ( 0.000000000000000000, 0.2499999999999966693, 0.3749999999999946709, 0.4374999999999936717, 0.4687499999999928391, 0.4843749999999927836, 0.4999999999999926725, 1.000000000000000000 ),
 .UNSPECIFIED. ) ;
#2762 = CARTESIAN_POINT ( 'NONE',  ( -22.98276679486906815, 2.414682318588906362, 9.028671707602022423 ) ) ;
#2763 = ORIENTED_EDGE ( 'NONE', *, *, #2217, .F. ) ;
#2764 = CARTESIAN_POINT ( 'NONE',  ( -20.69648266434497330, 15.03564492351073767, 9.054700542784383188 ) ) ;
#2765 = AXIS2_PLACEMENT_3D ( 'NONE', #2394, #3301, #4188 ) ;
#2766 = CARTESIAN_POINT ( 'NONE',  ( 12.17953029436230139, -1.279641250899450355, 8.749853076271483232 ) ) ;
#2767 = ORIENTED_EDGE ( 'NONE', *, *, #2474, .F. ) ;
#2768 = ORIENTED_EDGE ( 'NONE', *, *, #95, .T. ) ;
#2769 = CARTESIAN_POINT ( 'NONE',  ( 1.324429777879255532, 12.60582416446653831, 8.772138810067749759 ) ) ;
#2770 = CARTESIAN_POINT ( 'NONE',  ( 16.45710596061863029, 22.65311597553349543, 4.999478381024408336 ) ) ;
#2771 = CARTESIAN_POINT ( 'NONE',  ( 25.50851019424170474, 11.54625080579263141, 9.272963267648433927 ) ) ;
#2772 = CARTESIAN_POINT ( 'NONE',  ( -1.523435566383785522, -14.49994646487061090, 8.852374245559889943 ) ) ;
#2773 = CARTESIAN_POINT ( 'NONE',  ( -19.73528234702647310, -9.528087989034446537, 9.706279605717398340 ) ) ;
#2774 = CARTESIAN_POINT ( 'NONE',  ( -14.25152707670761387, -20.71128384231146669, 9.756333960009660800 ) ) ;
#2775 = CARTESIAN_POINT ( 'NONE',  ( -3.007032652029304032, 6.249999999999998224, 44.00000000000000711 ) ) ;
#2776 = CARTESIAN_POINT ( 'NONE',  ( -1.593491436080465827E-15, 8.674563349965705328, 59.37499999999997158 ) ) ;
#2777 = CARTESIAN_POINT ( 'NONE',  ( -10.01325154341966339, -4.554387114882881171, 8.731743395424935272 ) ) ;
#2778 = LINE ( 'NONE', #3631, #308 ) ;
#2779 = CARTESIAN_POINT ( 'NONE',  ( 9.838539324048095835, -22.09540814673102460, 9.040454340733058203 ) ) ;
#2780 = ADVANCED_FACE ( 'NONE', ( #3298 ), #2448, .T. ) ;
#2781 = DIRECTION ( 'NONE',  ( 0.000000000000000000, 0.000000000000000000, 1.000000000000000000 ) ) ;
#2782 = CARTESIAN_POINT ( 'NONE',  ( 1.447421748708150657, 20.42127712299246767, 9.676375761156624122 ) ) ;
#2783 = DIRECTION ( 'NONE',  ( -0.000000000000000000, -0.000000000000000000, 1.000000000000000000 ) ) ;
#2784 = CARTESIAN_POINT ( 'NONE',  ( -0.5994294322413032949, -13.46866877952320252, 9.424864755848396669 ) ) ;
#2785 = CARTESIAN_POINT ( 'NONE',  ( -0.06495190528381279693, -0.03749999999998840372, 44.75000000000000000 ) ) ;
#2786 = CARTESIAN_POINT ( 'NONE',  ( -25.57882982243472014, -11.38962092937794957, 9.074671307245079532 ) ) ;
#2787 = CARTESIAN_POINT ( 'NONE',  ( 0.000000000000000000, 0.000000000000000000, 34.00000000000000000 ) ) ;
#2788 = CARTESIAN_POINT ( 'NONE',  ( 20.87168301316182806, -1.500457425641864129, 9.685943259803071470 ) ) ;
#2789 = CARTESIAN_POINT ( 'NONE',  ( 6.465291627385891360, 8.899438418959586983, 8.674148813960478321 ) ) ;
#2790 = VERTEX_POINT ( 'NONE', #2041 ) ;
#2791 = DIRECTION ( 'NONE',  ( 1.224646799147353207E-16, 1.000000000000000000, -0.000000000000000000 ) ) ;
#2792 = ORIENTED_EDGE ( 'NONE', *, *, #163, .T. ) ;
#2793 = ORIENTED_EDGE ( 'NONE', *, *, #5330, .T. ) ;
#2794 = CARTESIAN_POINT ( 'NONE',  ( 6.974052664659301293, 10.99683917581269554, 9.397411250737830457 ) ) ;
#2795 = ORIENTED_EDGE ( 'NONE', *, *, #5786, .T. ) ;
#2796 = CARTESIAN_POINT ( 'NONE',  ( 1.202813060811723345, -6.250000000000000000, 44.00000000000000711 ) ) ;
#2797 = AXIS2_PLACEMENT_3D ( 'NONE', #4557, #3678, #4653 ) ;
#2798 = CARTESIAN_POINT ( 'NONE',  ( -3.608439182435162706, 6.249999999999999112, 44.00000000000000711 ) ) ;
#2799 = EDGE_LOOP ( 'NONE', ( #887, #1379, #4322, #3874 ) ) ;
#2800 = CARTESIAN_POINT ( 'NONE',  ( 25.57882982243479830, 11.38962092937776482, 9.074663436463124455 ) ) ;
#2801 = ADVANCED_FACE ( 'NONE', ( #121 ), #1447, .F. ) ;
#2802 = CARTESIAN_POINT ( 'NONE',  ( 6.916175099667391635, 0.5208333333333341475, 44.00000000000000711 ) ) ;
#2803 = EDGE_CURVE ( 'NONE', #800, #2260, #5079, .T. ) ;
#2804 = LINE ( 'NONE', #2355, #1738 ) ;
#2805 = CARTESIAN_POINT ( 'NONE',  ( -9.139768407420486795, 6.120837095352175794, 8.950348815923238277 ) ) ;
#2806 = DIRECTION ( 'NONE',  ( 0.3779644730092292515, 0.6546536707079801953, -0.6546536707079728679 ) ) ;
#2807 = CARTESIAN_POINT ( 'NONE',  ( -6.674390203593317139, 4.849228331412902548, 59.50000000000001421 ) ) ;
#2808 = CARTESIAN_POINT ( 'NONE',  ( 10.62144544721327399, -22.26194746672963021, 9.750172582966193602 ) ) ;
#2809 = LINE ( 'NONE', #4510, #2570 ) ;
#2810 = CARTESIAN_POINT ( 'NONE',  ( 10.63390695935256147, -23.88164611864184295, 9.059469684201996387 ) ) ;
#2811 = CARTESIAN_POINT ( 'NONE',  ( 11.38962092937804371, -25.57882982243468462, 9.074671307245079532 ) ) ;
#2812 = CARTESIAN_POINT ( 'NONE',  ( 0.4237894267320854169, 12.09346176818579188, 9.334463155791652866 ) ) ;
#2813 = CARTESIAN_POINT ( 'NONE',  ( -9.399955717183104298, -5.739884570637499905, 8.763480628664169103 ) ) ;
#2814 = CARTESIAN_POINT ( 'NONE',  ( -1.681386506267835701, -22.41804887296190074, 9.715715572878972139 ) ) ;
#2815 = CARTESIAN_POINT ( 'NONE',  ( 4.981563316171861544, -11.18760326652957993, 8.749853076271481456 ) ) ;
#2816 = CARTESIAN_POINT ( 'NONE',  ( -8.249999999999998224, -2.680587493921477993, 62.37500000000000000 ) ) ;
#2817 = CARTESIAN_POINT ( 'NONE',  ( -21.85347680871190335, -9.730813276761884012, 9.037590209674172925 ) ) ;
#2818 = CARTESIAN_POINT ( 'NONE',  ( 6.731496285756493947, -13.18984625568488589, 9.494005665049336073 ) ) ;
#2819 = CARTESIAN_POINT ( 'NONE',  ( 14.78849007231241330, -0.7652763388968987224, 9.494005665049337850 ) ) ;
#2820 = AXIS2_PLACEMENT_3D ( 'NONE', #326, #2122, #5676 ) ;
#2821 = CARTESIAN_POINT ( 'NONE',  ( -12.96016132563091006, 1.361658179730009799, 8.789169392377740309 ) ) ;
#2822 = VERTEX_POINT ( 'NONE', #1037 ) ;
#2823 = LINE ( 'NONE', #3257, #3473 ) ;
#2824 = VERTEX_POINT ( 'NONE', #215 ) ;
#2825 = ORIENTED_EDGE ( 'NONE', *, *, #3479, .F. ) ;
#2826 = CARTESIAN_POINT ( 'NONE',  ( 9.573495166217259822, 14.43594255885742150, 9.593051699102415952 ) ) ;
#2827 = ORIENTED_EDGE ( 'NONE', *, *, #5158, .T. ) ;
#2828 = CARTESIAN_POINT ( 'NONE',  ( -2.522070504394317680, -6.826881907277090988, 57.50000000000000000 ) ) ;
#2829 = EDGE_CURVE ( 'NONE', #1163, #3290, #4612, .T. ) ;
#2830 = CARTESIAN_POINT ( 'NONE',  ( 5.742052567068637536, 9.382368161451585920, 9.244236608254535525 ) ) ;
#2831 = ORIENTED_EDGE ( 'NONE', *, *, #5581, .T. ) ;
#2832 = FACE_OUTER_BOUND ( 'NONE', #2352, .T. ) ;
#2833 = CARTESIAN_POINT ( 'NONE',  ( -15.40943441184787410, 10.30360462988861059, 9.628694860343003370 ) ) ;
#2834 = CARTESIAN_POINT ( 'NONE',  ( 7.250000000000000000, 0.000000000000000000, 57.50000000000000000 ) ) ;
#2835 = FACE_OUTER_BOUND ( 'NONE', #2089, .T. ) ;
#2836 = CARTESIAN_POINT ( 'NONE',  ( -8.186627235442164974, -12.59597369492587227, 9.503916713854559717 ) ) ;
#2837 = CARTESIAN_POINT ( 'NONE',  ( 9.382368161451566380, -5.742052567068670399, 9.244236608254535525 ) ) ;
#2838 = CARTESIAN_POINT ( 'NONE',  ( 2.549390203593314919, 7.846216259435018436, 59.24999999999998579 ) ) ;
#2839 = CARTESIAN_POINT ( 'NONE',  ( 7.750000000000000000, 0.000000000000000000, 64.25000000000000000 ) ) ;
#2840 = CARTESIAN_POINT ( 'NONE',  ( 5.238463358643017820, -27.68594465945798433, 7.214285714285715301 ) ) ;
#2841 = CIRCLE ( 'NONE', #4344, 7.250000000000000000 ) ;
#2842 = CARTESIAN_POINT ( 'NONE',  ( -4.000000000000000888, -0.3333333333333331483, 33.99999999999999289 ) ) ;
#2843 = CARTESIAN_POINT ( 'NONE',  ( -4.480746418436736711, -6.167218360552287670, 59.12499999999999289 ) ) ;
#2844 = CARTESIAN_POINT ( 'NONE',  ( 2.309552998127271106, 27.90458680842348471, 9.789322327038767924 ) ) ;
#2845 = CARTESIAN_POINT ( 'NONE',  ( -1.515838399918011614, -21.00253183964372639, 9.688649277955970973 ) ) ;
#2846 = CARTESIAN_POINT ( 'NONE',  ( 5.521960346729595237, -12.40122782584492356, 8.812913050800611714 ) ) ;
#2847 = CARTESIAN_POINT ( 'NONE',  ( 9.870684620711406509, 4.854853077856450483, 8.950348815923266699 ) ) ;
#2848 = CARTESIAN_POINT ( 'NONE',  ( -22.89294889947137435, -10.19366451595479184, 9.049481907957822813 ) ) ;
#2849 = CARTESIAN_POINT ( 'NONE',  ( 5.383917681665012722, -9.975713657391105826, 9.274755408069177420 ) ) ;
#2850 = CARTESIAN_POINT ( 'NONE',  ( -8.913920138475885935, 20.01889682603366083, 9.013873883218943561 ) ) ;
#2851 = CARTESIAN_POINT ( 'NONE',  ( -15.87738363303158806, 1.668155878111831969, 8.895901432997595393 ) ) ;
#2852 = CARTESIAN_POINT ( 'NONE',  ( 7.216878364870322748, -1.938269836575387836E-17, 44.00000000000000711 ) ) ;
#2853 = ORIENTED_EDGE ( 'NONE', *, *, #4734, .T. ) ;
#2854 = VERTEX_POINT ( 'NONE', #5502 ) ;
#2855 = DIRECTION ( 'NONE',  ( -0.5000000000000002220, 0.8660254037844384856, 0.000000000000000000 ) ) ;
#2856 = ORIENTED_EDGE ( 'NONE', *, *, #2723, .F. ) ;
#2857 = CARTESIAN_POINT ( 'NONE',  ( 7.249999999999998224, -2.355667797688570264, 62.37499999999998579 ) ) ;
#2858 = CARTESIAN_POINT ( 'NONE',  ( -2.447730273519345801, -10.72420703400008435, 6.142857142857142350 ) ) ;
#2859 = ORIENTED_EDGE ( 'NONE', *, *, #3162, .F. ) ;
#2860 = CARTESIAN_POINT ( 'NONE',  ( 25.53211039377513814, 11.49411215572254186, 9.206866708977539560 ) ) ;
#2861 = CARTESIAN_POINT ( 'NONE',  ( -13.27349969495807080, 8.698221469049467913, 9.539913078800431379 ) ) ;
#2862 = VECTOR ( 'NONE', #3044, 1000.000000000000114 ) ;
#2863 = CARTESIAN_POINT ( 'NONE',  ( -11.79154164372661207, -6.142838864434713386, 9.413923788595456088 ) ) ;
#2864 = AXIS2_PLACEMENT_3D ( 'NONE', #3284, #4643, #1463 ) ;
#2865 = CARTESIAN_POINT ( 'NONE',  ( -7.203467511570244675, 16.17755944226650300, 4.999478381024409224 ) ) ;
#2866 = CARTESIAN_POINT ( 'NONE',  ( -15.41561393314896300, -22.28462792380967628, 9.779827166081958012 ) ) ;
#2867 = EDGE_CURVE ( 'NONE', #3203, #800, #1511, .T. ) ;
#2868 = DIRECTION ( 'NONE',  ( -0.000000000000000000, -0.000000000000000000, 1.000000000000000000 ) ) ;
#2869 = CARTESIAN_POINT ( 'NONE',  ( 8.249999999999998224, -2.680587493921476661, 60.87500000000002132 ) ) ;
#2870 = CARTESIAN_POINT ( 'NONE',  ( -2.731589491041499063, -25.99906570261016014, 9.059469684201989281 ) ) ;
#2871 = CARTESIAN_POINT ( 'NONE',  ( 12.59597369492577812, -8.186627235442299977, 9.503916713854552611 ) ) ;
#2872 =( BOUNDED_CURVE ( )  B_SPLINE_CURVE ( 1, ( #1272, #4329 ),
 .UNSPECIFIED., .F., .T. ) 
 B_SPLINE_CURVE_WITH_KNOTS ( ( 2, 2 ),
 ( 3.587512591670414847E-10, 0.01700000035875125562 ),
 .UNSPECIFIED. ) 
 CURVE ( )  GEOMETRIC_REPRESENTATION_ITEM ( )  RATIONAL_B_SPLINE_CURVE ( ( 0.9968701940290736196, 0.9968701940290736196 ) ) 
 REPRESENTATION_ITEM ( '' )  );
#2873 = DIRECTION ( 'NONE',  ( -1.000000000000000000, 0.000000000000000000, 0.000000000000000000 ) ) ;
#2874 = CARTESIAN_POINT ( 'NONE',  ( 2.309552998127271106, 27.90458680842348471, 9.789322327038767924 ) ) ;
#2875 = CARTESIAN_POINT ( 'NONE',  ( 31.12177302875326745, -0.4650099794591145974, 9.141370585886830824 ) ) ;
#2876 = CARTESIAN_POINT ( 'NONE',  ( -1.218466154110471100, -18.49676397355469248, 9.628694860343003370 ) ) ;
#2877 = CARTESIAN_POINT ( 'NONE',  ( -5.739884570637467931, 9.399955717183125614, 8.763480628664169103 ) ) ;
#2878 = CARTESIAN_POINT ( 'NONE',  ( 2.002351251485620764, 19.05823035189112957, 8.970773426962608710 ) ) ;
#2879 = CARTESIAN_POINT ( 'NONE',  ( 7.249999999999999112, -2.355667797688570264, 62.37499999999998579 ) ) ;
#2880 = CARTESIAN_POINT ( 'NONE',  ( -13.01056841991537638, 0.5412871870191037216, 9.397411250737823352 ) ) ;
#2881 = CARTESIAN_POINT ( 'NONE',  ( 10.25474907312811013, -7.449901915405336084, 8.772138810067744430 ) ) ;
#2882 = CARTESIAN_POINT ( 'NONE',  ( -7.358609986790294322, 14.67072606923391653, 9.561248461985641711 ) ) ;
#2883 = CARTESIAN_POINT ( 'NONE',  ( 20.69648266434487383, -15.03564492351088333, 9.054700542784383188 ) ) ;
#2884 = CARTESIAN_POINT ( 'NONE',  ( 4.480746418436737599, -6.167218360552287670, 64.37499999999998579 ) ) ;
#2885 = ORIENTED_EDGE ( 'NONE', *, *, #1388, .T. ) ;
#2886 = VERTEX_POINT ( 'NONE', #5092 ) ;
#2887 = CARTESIAN_POINT ( 'NONE',  ( 7.434120188635383819, 11.60241991106609305, 9.441877396648987286 ) ) ;
#2888 = VERTEX_POINT ( 'NONE', #5596 ) ;
#2889 = CARTESIAN_POINT ( 'NONE',  ( 9.133632530757175516, -6.129996116313068732, 8.943115694354130341 ) ) ;
#2890 = ORIENTED_EDGE ( 'NONE', *, *, #1258, .F. ) ;
#2891 = CARTESIAN_POINT ( 'NONE',  ( -13.35056310892174558, 8.756334261504122196, 9.543723846560883572 ) ) ;
#2892 = CARTESIAN_POINT ( 'NONE',  ( -12.04233667489212145, -6.248151399115500659, 9.429744918685747379 ) ) ;
#2893 = EDGE_CURVE ( 'NONE', #5261, #2737, #899, .T. ) ;
#2894 = CARTESIAN_POINT ( 'NONE',  ( -5.838980651090756702, 13.11319255810369810, 4.999478381024409224 ) ) ;
#2895 = CARTESIAN_POINT ( 'NONE',  ( -11.46414256586747804, -16.96163389187944759, 9.676375761156622346 ) ) ;
#2896 = CARTESIAN_POINT ( 'NONE',  ( 1.818653347947321031, -3.149999999999999911, 64.75000000000000000 ) ) ;
#2897 = CARTESIAN_POINT ( 'NONE',  ( 5.098780407186630725, 7.017869168904329769, 58.87500000000002132 ) ) ;
#2898 = CARTESIAN_POINT ( 'NONE',  ( 3.656058208137659804, 10.44841406800013317, 7.214285714285715301 ) ) ;
#2899 = ORIENTED_EDGE ( 'NONE', *, *, #4376, .F. ) ;
#2900 = CARTESIAN_POINT ( 'NONE',  ( 11.91655281805245181, -7.672403155172712985, 9.463104457248801893 ) ) ;
#2901 = DIRECTION ( 'NONE',  ( -0.8090398562690576112, 0.5877537843078024515, 0.000000000000000000 ) ) ;
#2902 = ADVANCED_FACE ( 'NONE', ( #2835 ), #5565, .T. ) ;
#2903 = FACE_OUTER_BOUND ( 'NONE', #4822, .T. ) ;
#2904 = DIRECTION ( 'NONE',  ( 1.000000000000000000, 0.000000000000000000, 0.000000000000000000 ) ) ;
#2905 = CARTESIAN_POINT ( 'NONE',  ( 5.488810752101703549, -12.32678041052468565, 8.809460114356456373 ) ) ;
#2906 = CARTESIAN_POINT ( 'NONE',  ( -9.312024840210725074, 5.688392130765541843, 9.237924718603887086 ) ) ;
#2907 = ADVANCED_FACE ( 'NONE', ( #5063 ), #620, .T. ) ;
#2908 =( BOUNDED_CURVE ( )  B_SPLINE_CURVE ( 2, ( #1972, #3770, #5496 ),
 .UNSPECIFIED., .F., .T. ) 
 B_SPLINE_CURVE_WITH_KNOTS ( ( 3, 3 ),
 ( 0.08333888588390941932, 0.08740979427194937867 ),
 .UNSPECIFIED. ) 
 CURVE ( )  GEOMETRIC_REPRESENTATION_ITEM ( )  RATIONAL_B_SPLINE_CURVE ( ( 0.9972047752087664918, 0.9969660925700686294, 0.9968908004128683720 ) ) 
 REPRESENTATION_ITEM ( '' )  );
#2909 = CARTESIAN_POINT ( 'NONE',  ( -2.240373209218369688, 6.895159743139863018, 58.24999999999999289 ) ) ;
#2910 = CARTESIAN_POINT ( 'NONE',  ( 10.96523976648566645, -0.8745444961068387091, 8.855776607805406542 ) ) ;
#2911 = CARTESIAN_POINT ( 'NONE',  ( 6.934144311044386555, -13.66934734295162279, 9.517545350385880454 ) ) ;
#2912 = CARTESIAN_POINT ( 'NONE',  ( -4.068770834042219953, 9.137652376296662382, 8.597533043457977087 ) ) ;
#2913 = EDGE_CURVE ( 'NONE', #4295, #2378, #459, .T. ) ;
#2914 = CARTESIAN_POINT ( 'NONE',  ( -15.90272617166943725, 1.670818489646081151, 8.896629249940170681 ) ) ;
#2915 = CARTESIAN_POINT ( 'NONE',  ( 7.249999999999999112, 0.000000000000000000, 64.75000000000000000 ) ) ;
#2916 = ORIENTED_EDGE ( 'NONE', *, *, #5679, .F. ) ;
#2917 = ORIENTED_EDGE ( 'NONE', *, *, #460, .T. ) ;
#2918 = CARTESIAN_POINT ( 'NONE',  ( 10.80127381977261969, 16.07427498356726048, 9.650545749611527668 ) ) ;
#2919 = VERTEX_POINT ( 'NONE', #2514 ) ;
#2920 = EDGE_CURVE ( 'NONE', #5219, #1974, #5381, .T. ) ;
#2921 = CARTESIAN_POINT ( 'NONE',  ( 0.6475438817085464871, -7.249999999999997335, 57.50000000000001421 ) ) ;
#2922 = CARTESIAN_POINT ( 'NONE',  ( 22.72460802672488711, -21.08535487089820748, 6.142857142857142350 ) ) ;
#2923 = ORIENTED_EDGE ( 'NONE', *, *, #1935, .T. ) ;
#2924 = CARTESIAN_POINT ( 'NONE',  ( -17.39872143354544676, 11.79010312929301563, 9.687831937662290116 ) ) ;
#2925 = CARTESIAN_POINT ( 'NONE',  ( -10.72794378042455143, -5.697591447090885275, 9.337857415294156027 ) ) ;
#2926 = CARTESIAN_POINT ( 'NONE',  ( 1.391487174838244023, 3.766555535049430414, 33.99999999999999289 ) ) ;
#2927 = CIRCLE ( 'NONE', #2555, 6.250000000000000000 ) ;
#2928 = CARTESIAN_POINT ( 'NONE',  ( -0.2709079943708053162, 11.01054273084809587, 8.763480628664169103 ) ) ;
#2929 = DIRECTION ( 'NONE',  ( 0.1044897802464734710, 0.9945259603570152374, 0.000000000000000000 ) ) ;
#2930 = CARTESIAN_POINT ( 'NONE',  ( -10.89029909948362196, -14.99043690301308196, 8.957444811035019328 ) ) ;
#2931 = CARTESIAN_POINT ( 'NONE',  ( 0.000000000000000000, 0.000000000000000000, 21.00000000000000000 ) ) ;
#2932 = ORIENTED_EDGE ( 'NONE', *, *, #989, .F. ) ;
#2933 = CARTESIAN_POINT ( 'NONE',  ( 11.60241991106606285, -7.434120188635423787, 9.441877396648981957 ) ) ;
#2934 = CARTESIAN_POINT ( 'NONE',  ( 14.79158930192821408, 7.410012799825523189, 9.565904075243510718 ) ) ;
#2935 = FILL_AREA_STYLE ('',( #5072 ) ) ;
#2936 = CARTESIAN_POINT ( 'NONE',  ( -5.947262607347584051, -9.650466312901652799, 9.274755408069175644 ) ) ;
#2937 = CARTESIAN_POINT ( 'NONE',  ( -22.65311597553354872, 16.45710596061854147, 9.074663436463129784 ) ) ;
#2938 = CARTESIAN_POINT ( 'NONE',  ( 3.152078563150469748, 30.00124943074287387, 9.089868230524976056 ) ) ;
#2939 = CARTESIAN_POINT ( 'NONE',  ( -1.400340958979803679E-15, 7.623101125727434813, 60.62500000000000000 ) ) ;
#2940 = CARTESIAN_POINT ( 'NONE',  ( -14.51758872137568090, 0.7314693563195114878, 9.481103272736849163 ) ) ;
#2941 = CARTESIAN_POINT ( 'NONE',  ( 9.832053863577526087, -7.142820988431179963, 8.744794086262940525 ) ) ;
#2942 = CARTESIAN_POINT ( 'NONE',  ( -4.999105925688326124, 11.22700048846006382, 8.753121458834705493 ) ) ;
#2943 = AXIS2_PLACEMENT_3D ( 'NONE', #2150, #3945, #435 ) ;
#2944 = CARTESIAN_POINT ( 'NONE',  ( -15.94344478414586419, 1.675096586990141523, 8.897793442001319164 ) ) ;
#2945 = EDGE_CURVE ( 'NONE', #2233, #2919, #3299, .T. ) ;
#2946 = CARTESIAN_POINT ( 'NONE',  ( 3.608439182435160042, 6.249999999999999112, 44.00000000000000711 ) ) ;
#2947 = ORIENTED_EDGE ( 'NONE', *, *, #4865, .F. ) ;
#2948 = VERTEX_POINT ( 'NONE', #1776 ) ;
#2949 = CARTESIAN_POINT ( 'NONE',  ( -25.44150221806236090, 2.673009133870313025, 9.054700542784383188 ) ) ;
#2950 = VERTEX_POINT ( 'NONE', #4889 ) ;
#2951 = CARTESIAN_POINT ( 'NONE',  ( -0.1766910423142067921, -6.247501922814103992, 21.00000000000000000 ) ) ;
#2952 = CARTESIAN_POINT ( 'NONE',  ( 8.950840711866861810, -6.394536653643811519, 8.731743395424988563 ) ) ;
#2953 = EDGE_LOOP ( 'NONE', ( #236, #5798, #3367, #2153 ) ) ;
#2954 = CARTESIAN_POINT ( 'NONE',  ( -13.81305397798091050, 9.104885697903140951, 9.565904075243512494 ) ) ;
#2955 = CARTESIAN_POINT ( 'NONE',  ( -21.10369669819874971, -10.11985403715000764, 9.730842690680058027 ) ) ;
#2956 = CARTESIAN_POINT ( 'NONE',  ( -0.6014065304058586747, 6.249999999999998224, 44.00000000000001421 ) ) ;
#2957 = LINE ( 'NONE', #4332, #2111 ) ;
#2958 = CARTESIAN_POINT ( 'NONE',  ( -10.87905045907319668, 7.903446322759869247, 8.807460931324810005 ) ) ;
#2959 = CARTESIAN_POINT ( 'NONE',  ( -7.834990491359203446, -10.78482138309651006, 8.802444968223859689 ) ) ;
#2960 = CARTESIAN_POINT ( 'NONE',  ( 4.861394344751810870, -9.867464634541944335, 8.955131925794930225 ) ) ;
#2961 = CARTESIAN_POINT ( 'NONE',  ( -9.663947473672850563, -5.254342891941107929, 9.244236608254535525 ) ) ;
#2962 = ORIENTED_EDGE ( 'NONE', *, *, #5164, .T. ) ;
#2963 = VECTOR ( 'NONE', #2806, 1000.000000000000000 ) ;
#2964 = CARTESIAN_POINT ( 'NONE',  ( 15.47515920403699674, -10.35284007610787960, 9.630950504033304327 ) ) ;
#2965 = VECTOR ( 'NONE', #4867, 1000.000000000000000 ) ;
#2966 = CARTESIAN_POINT ( 'NONE',  ( 13.26881257530827440, 6.764847224462104514, 9.497982529720237821 ) ) ;
#2967 = CARTESIAN_POINT ( 'NONE',  ( 0.000000000000000000, 0.000000000000000000, 9.845359688719304003 ) ) ;
#2968 = DIRECTION ( 'NONE',  ( 1.000000000000000000, 0.000000000000000000, 0.000000000000000000 ) ) ;
#2969 = B_SPLINE_SURFACE_WITH_KNOTS ( 'NONE', 3, 1, ( 
 ( #5316, #4876 ),
 ( #1763, #3117 ),
 ( #1350, #3560 ),
 ( #5730, #2674 ),
 ( #1320, #3144 ),
 ( #876, #4467 ),
 ( #847, #3498 ),
 ( #2172, #4381 ),
 ( #2647, #5289 ),
 ( #4436, #4000 ) ),
 .UNSPECIFIED., .F., .F., .F.,
 ( 4, 2, 2, 2, 4 ),
 ( 2, 2 ),
 ( 0.000000000000000000, 0.2500000000000000000, 0.5000000000000000000, 0.7500000000000000000, 1.000000000000000000 ),
 ( 0.000000000000000000, 1.000000000000000000 ),
 .UNSPECIFIED. ) ;
#2970 = CARTESIAN_POINT ( 'NONE',  ( -14.80959537188213915, 9.853963246671050058, 9.607311826833496937 ) ) ;
#2971 = EDGE_CURVE ( 'NONE', #4293, #1270, #3325, .T. ) ;
#2972 = CARTESIAN_POINT ( 'NONE',  ( -5.865373209218368800, 4.261443079120429189, 58.50000000000000000 ) ) ;
#2973 = CARTESIAN_POINT ( 'NONE',  ( 1.149387582711208999, 10.93978556392716861, 4.999478381024407447 ) ) ;
#2974 = CARTESIAN_POINT ( 'NONE',  ( 8.715157619361544761, -17.84588429431009260, 9.662450345237981963 ) ) ;
#2975 = CARTESIAN_POINT ( 'NONE',  ( -10.98687843811267406, 23.10357740127619053, 9.762216838740801705 ) ) ;
#2976 = EDGE_CURVE ( 'NONE', #3357, #3319, #4916, .T. ) ;
#2977 = ADVANCED_FACE ( 'NONE', ( #3572 ), #2239, .F. ) ;
#2978 = CARTESIAN_POINT ( 'NONE',  ( -6.036515755256096405, 11.53812636283184823, 9.397411250737828681 ) ) ;
#2979 = CARTESIAN_POINT ( 'NONE',  ( 28.14898433153070556, 13.18718657259268134, 9.817307459269112968 ) ) ;
#2980 = ORIENTED_EDGE ( 'NONE', *, *, #2893, .F. ) ;
#2981 = FACE_OUTER_BOUND ( 'NONE', #2953, .T. ) ;
#2982 = ORIENTED_EDGE ( 'NONE', *, *, #1249, .T. ) ;
#2983 = CARTESIAN_POINT ( 'NONE',  ( -5.098780407186632502, -7.017869168904328880, 60.12500000000001421 ) ) ;
#2984 = CARTESIAN_POINT ( 'NONE',  ( 9.235858491349059562, -5.976959662288917841, 9.063833485541776369 ) ) ;
#2985 = ORIENTED_EDGE ( 'NONE', *, *, #273, .F. ) ;
#2986 = CARTESIAN_POINT ( 'NONE',  ( -10.94892376852661542, 1.062410831552752066, 8.731743395424942378 ) ) ;
#2987 = CARTESIAN_POINT ( 'NONE',  ( 23.92667070670947282, -2.513853497877933219, 9.039072486902584913 ) ) ;
#2988 = CARTESIAN_POINT ( 'NONE',  ( 11.80587493553314005, -24.98530099599060605, 9.785582408824422984 ) ) ;
#2989 = CARTESIAN_POINT ( 'NONE',  ( 10.99639545900968862, -0.2815793122213222643, 9.244236608254535525 ) ) ;
#2990 = CARTESIAN_POINT ( 'NONE',  ( -12.91613963278068589, 9.383357184432991716, 8.895901432997593616 ) ) ;
#2991 = EDGE_CURVE ( 'NONE', #1622, #202, #3612, .T. ) ;
#2992 = CARTESIAN_POINT ( 'NONE',  ( 11.03719085841205860, 15.19263260247659275, 8.962402508024634784 ) ) ;
#2993 = LINE ( 'NONE', #2896, #4267 ) ;
#2994 = ADVANCED_FACE ( 'NONE', ( #4208 ), #2384, .F. ) ;
#2995 = CARTESIAN_POINT ( 'NONE',  ( 6.898148952645640541, 30.22276527763655452, 6.142857142857142350 ) ) ;
#2996 = ORIENTED_EDGE ( 'NONE', *, *, #1486, .F. ) ;
#2997 = CARTESIAN_POINT ( 'NONE',  ( 12.28411052249337487, 5.469810905230154674, 8.807460931324799347 ) ) ;
#2998 = CARTESIAN_POINT ( 'NONE',  ( 23.54693717810439679, 11.17982211601615816, 9.767761934507694477 ) ) ;
#2999 = DIRECTION ( 'NONE',  ( 1.000000000000000000, 0.000000000000000000, 0.000000000000000000 ) ) ;
#3000 = CARTESIAN_POINT ( 'NONE',  ( 1.858659149246861819, 17.69057960520968109, 8.942110561798720880 ) ) ;
#3001 = CARTESIAN_POINT ( 'NONE',  ( 5.865373209218368800, -4.261443079120430077, 59.75000000000000000 ) ) ;
#3002 = CARTESIAN_POINT ( 'NONE',  ( 14.13794542684494360, 24.26917971723830192, 9.035529747155958802 ) ) ;
#3003 = DIRECTION ( 'NONE',  ( 0.000000000000000000, 0.000000000000000000, 1.000000000000000000 ) ) ;
#3004 = LINE ( 'NONE', #1288, #132 ) ;
#3005 = VECTOR ( 'NONE', #5749, 1000.000000000000000 ) ;
#3006 = CARTESIAN_POINT ( 'NONE',  ( 12.97788522598757766, 6.641868825734047910, 9.483911076193066947 ) ) ;
#3007 = EDGE_LOOP ( 'NONE', ( #1875, #4586, #3101, #2120 ) ) ;
#3008 = CARTESIAN_POINT ( 'NONE',  ( -15.86719392121142391, 1.667085296959315288, 8.896083650334510651 ) ) ;
#3009 = CARTESIAN_POINT ( 'NONE',  ( -9.646201983157240534, -5.378707633892637396, 9.141370585886830824 ) ) ;
#3010 = LINE ( 'NONE', #4796, #794 ) ;
#3011 = B_SPLINE_CURVE_WITH_KNOTS ( 'NONE', 3,
 ( #2277, #1455, #1786, #2812, #536, #4537, #3217, #4104, #2755, #3690, #3658, #3610, #4134, #4076, #1372, #4928, #5478, #3246, #5445, #1835, #3193, #4601, #3584, #1347, #3140, #1862, #1810, #905, #2307, #1424, #2697, #40, #4490, #510, #456, #5008, #66, #1395, #983, #2251, #2782, #4052, #4569, #2333, #13, #5394, #3168, #4952, #3633, #931, #2726, #484, #4513, #4980, #4251, #4281, #3847, #3339, #1107, #5071, #1044, #3276, #5603, #627, #2874 ),
 .UNSPECIFIED., .F., .F.,
 ( 4, 2, 2, 2, 1, 1, 1, 2, 2, 1, 1, 2, 2, 1, 1, 2, 2, 1, 1, 2, 2, 1, 1, 2, 2, 1, 1, 1, 2, 2, 1, 1, 1, 2, 2, 1, 1, 1, 2, 2, 1, 1, 1, 4 ),
 ( 0.000000000000000000, 0.05318794598724122663, 0.05983643923564650746, 0.06316068585984925543, 0.06648493248405200340, 0.07978191898086249567, 0.1063758919744834941, 0.1196728784712938892, 0.1263213717196989272, 0.1329698649681039790, 0.1595638379617237701, 0.1861578109553435334, 0.1928063042037485020, 0.1994547974521534983, 0.2127517839489634910, 0.2393457569425837539, 0.2526427434393934690, 0.2659397299362031841, 0.3191276759234416005, 0.3723156219106800169, 0.3856126084074892324, 0.3989095949042984479, 0.4255035678979174341, 0.4321520611463223194, 0.4388005543947272047, 0.4520975408915374749, 0.4786915138851575713, 0.4919885003819678970, 0.4986369936303730044, 0.5052854868787781673, 0.5318794598723970424, 0.5850674058596349036, 0.6116613788532541118, 0.6249583653500634384, 0.6266204886621647985, 0.6282826119742660476, 0.6316068585984685457, 0.6382553518468737641, 0.7446312438213573692, 0.7512797370697622545, 0.7579282303181671399, 0.7712252168149767995, 0.7978191898085962297, 0.8510071357958345351 ),
 .UNSPECIFIED. ) ;
#3012 = CARTESIAN_POINT ( 'NONE',  ( -0.6014065304058572314, -6.250000000000000000, 44.00000000000000711 ) ) ;
#3013 = ORIENTED_EDGE ( 'NONE', *, *, #276, .F. ) ;
#3014 = LINE ( 'NONE', #5684, #1136 ) ;
#3015 = CARTESIAN_POINT ( 'NONE',  ( 8.899438418959562114, -6.465291627385924222, 4.999478381024546003 ) ) ;
#3016 = ORIENTED_EDGE ( 'NONE', *, *, #203, .T. ) ;
#3017 = CARTESIAN_POINT ( 'NONE',  ( -16.36440013537651694, -22.72024831769094178, 9.206866708977543112 ) ) ;
#3018 = CARTESIAN_POINT ( 'NONE',  ( -25.32085747093987749, -11.95216201933139999, 9.789319808576792070 ) ) ;
#3019 = CARTESIAN_POINT ( 'NONE',  ( -7.930899606335923835, -10.91683975314756871, 8.809460114356467031 ) ) ;
#3020 = CARTESIAN_POINT ( 'NONE',  ( 5.138628184955311262, -9.726862253152770421, 9.158627922748934225 ) ) ;
#3021 = CARTESIAN_POINT ( 'NONE',  ( -2.315468781731034209, -22.03845972683649279, 9.016918189217612678 ) ) ;
#3022 = CARTESIAN_POINT ( 'NONE',  ( 16.96433603848771199, 7.553799690535067946, 8.958275176990266431 ) ) ;
#3023 = CARTESIAN_POINT ( 'NONE',  ( 6.916175099667392523, -0.5208333333333340365, 44.00000000000000711 ) ) ;
#3024 = DIRECTION ( 'NONE',  ( -1.000000000000000000, 0.000000000000000000, 0.000000000000000000 ) ) ;
#3025 = CARTESIAN_POINT ( 'NONE',  ( -26.75603856201187369, -8.253144883505536100, 6.142857142857142350 ) ) ;
#3026 = CARTESIAN_POINT ( 'NONE',  ( 9.286898692691316626, -20.85653268984737352, 9.025451658185614789 ) ) ;
#3027 = FACE_OUTER_BOUND ( 'NONE', #2438, .T. ) ;
#3028 = CARTESIAN_POINT ( 'NONE',  ( 12.67169488794241516, 5.894119838185689630, 21.00000000000000000 ) ) ;
#3029 = CARTESIAN_POINT ( 'NONE',  ( -11.38962092937785542, 25.57882982243475567, 9.845359688719304003 ) ) ;
#3030 = CARTESIAN_POINT ( 'NONE',  ( -7.529345766163273446, 16.90941737404074630, 8.957068822608102110 ) ) ;
#3031 = CARTESIAN_POINT ( 'NONE',  ( -5.519755805799061221, 10.30193064697442829, 9.303692016028186629 ) ) ;
#3032 = CARTESIAN_POINT ( 'NONE',  ( 7.249999999999986677, -2.355667797688588028, 62.12499999999999289 ) ) ;
#3033 = ORIENTED_EDGE ( 'NONE', *, *, #2124, .F. ) ;
#3034 = CARTESIAN_POINT ( 'NONE',  ( -12.20686595624601978, 7.892265405350401331, 9.481103272736843834 ) ) ;
#3035 = CARTESIAN_POINT ( 'NONE',  ( 13.04886661217326704, 19.09028748444162460, 9.726382675456342497 ) ) ;
#3036 = CARTESIAN_POINT ( 'NONE',  ( 16.65249221567941973, 22.92206408260096850, 9.077380910921631241 ) ) ;
#3037 = AXIS2_PLACEMENT_3D ( 'NONE', #5392, #1371, #930 ) ;
#3038 = CARTESIAN_POINT ( 'NONE',  ( 8.249999999999998224, 2.680587493921479325, 58.62500000000000711 ) ) ;
#3039 = CARTESIAN_POINT ( 'NONE',  ( -2.405626121623437808, -6.250000000000000000, 44.00000000000000711 ) ) ;
#3040 = ORIENTED_EDGE ( 'NONE', *, *, #5762, .F. ) ;
#3041 = CARTESIAN_POINT ( 'NONE',  ( -7.249999999999999112, -8.878689293818310074E-16, 58.75000000000000000 ) ) ;
#3042 = CARTESIAN_POINT ( 'NONE',  ( 20.87000134851553668, -2.192704807692742008, 9.000015129673824887 ) ) ;
#3043 = EDGE_LOOP ( 'NONE', ( #917, #5713, #1971, #1939 ) ) ;
#3044 = DIRECTION ( 'NONE',  ( 0.5000000000000001110, 0.8660254037844385966, 0.000000000000000000 ) ) ;
#3045 = CARTESIAN_POINT ( 'NONE',  ( -16.82167670915065472, 12.22066387408944976, 8.997110467374634268 ) ) ;
#3046 = CARTESIAN_POINT ( 'NONE',  ( 2.549390203593316695, -7.846216259435016660, 63.24999999999998579 ) ) ;
#3047 = CARTESIAN_POINT ( 'NONE',  ( -1.946892074167761555, -18.53037402515383292, 8.959518355077147334 ) ) ;
#3048 = CARTESIAN_POINT ( 'NONE',  ( 3.608439182435160486, -6.250000000000000000, 44.00000000000000711 ) ) ;
#3049 = EDGE_CURVE ( 'NONE', #3704, #2060, #75, .T. ) ;
#3050 = CARTESIAN_POINT ( 'NONE',  ( 3.909142447638089823, -5.729166666666666963, 44.00000000000000711 ) ) ;
#3051 = B_SPLINE_CURVE_WITH_KNOTS ( 'NONE', 3,
 ( #4923, #1344, #1283, #2247, #3968, #4371, #3081, #5334, #4428, #810, #902, #344, #2694 ),
 .UNSPECIFIED., .F., .F.,
 ( 4, 2, 1, 1, 1, 2, 2, 4 ),
 ( 0.000000000000000000, 0.2499999999999964473, 0.3749999999999946709, 0.4374999999999937828, 0.4687499999999944489, 0.4843749999999947820, 0.4999999999999951150, 1.000000000000000000 ),
 .UNSPECIFIED. ) ;
#3052 = CARTESIAN_POINT ( 'NONE',  ( -9.526279441628854983, 5.499999999999944933, 4.000000000000000000 ) ) ;
#3053 = CARTESIAN_POINT ( 'NONE',  ( -8.249999999999998224, -2.680587493921477993, 62.62499999999998579 ) ) ;
#3054 = CARTESIAN_POINT ( 'NONE',  ( 6.489858743163490651, -14.57493567102274490, 8.896083650334510651 ) ) ;
#3055 = COLOUR_RGB ( '',1.000000000000000000, 1.000000000000000000, 1.000000000000000000 ) ;
#3056 = CARTESIAN_POINT ( 'NONE',  ( 17.23471036831954706, -1.810763289025650646, 8.931712705553785270 ) ) ;
#3057 = CARTESIAN_POINT ( 'NONE',  ( -21.21025656467512377, 1.540236286405033184, 9.692893076733820834 ) ) ;
#3058 = AXIS2_PLACEMENT_3D ( 'NONE', #99, #5366, #1891 ) ;
#3059 = CARTESIAN_POINT ( 'NONE',  ( -30.65229587297135794, -5.799727289926088325, 7.214285714285715301 ) ) ;
#3060 = CARTESIAN_POINT ( 'NONE',  ( -9.400207167467382163, 21.11100105290455886, 9.028671707602017094 ) ) ;
#3061 = CARTESIAN_POINT ( 'NONE',  ( -5.383917681664940780, 9.975713657391143130, 9.274755408069175644 ) ) ;
#3062 = CARTESIAN_POINT ( 'NONE',  ( 16.24982092040592008, 7.235643762380650656, 8.942110561798720880 ) ) ;
#3063 = CARTESIAN_POINT ( 'NONE',  ( -10.35384963879233666, 6.484292994559409884, 9.342911665793499409 ) ) ;
#3064 = CARTESIAN_POINT ( 'NONE',  ( -31.88295385014721361, 2.755553573258837208, 9.824066885615200917 ) ) ;
#3065 = CARTESIAN_POINT ( 'NONE',  ( 15.03564492351081050, 20.69648266434492356, 9.054700542784383188 ) ) ;
#3066 = FACE_OUTER_BOUND ( 'NONE', #5247, .T. ) ;
#3067 = CARTESIAN_POINT ( 'NONE',  ( 0.7143090234273399286, -3.951321269575674311, 34.00000000000000711 ) ) ;
#3068 = ORIENTED_EDGE ( 'NONE', *, *, #3184, .F. ) ;
#3069 = CARTESIAN_POINT ( 'NONE',  ( 1.999999999999999556, 3.464101615137754830, 34.00000000000000000 ) ) ;
#3070 = CARTESIAN_POINT ( 'NONE',  ( 18.97036769489112373, -1.993119969359539390, 8.968104430231891300 ) ) ;
#3071 = ORIENTED_EDGE ( 'NONE', *, *, #1935, .F. ) ;
#3072 = CARTESIAN_POINT ( 'NONE',  ( 15.30507420767161086, -0.8295285446042086619, 9.517545350385884007 ) ) ;
#3073 = CARTESIAN_POINT ( 'NONE',  ( -20.71601302655329491, 15.04983340162817207, 9.054651662031220738 ) ) ;
#3074 = CARTESIAN_POINT ( 'NONE',  ( 5.311638120268220408E-16, -8.674563349965705328, 60.62499999999998579 ) ) ;
#3075 = CARTESIAN_POINT ( 'NONE',  ( 27.90458680842346340, -2.309552998127368806, 9.789322327038767924 ) ) ;
#3076 = CARTESIAN_POINT ( 'NONE',  ( 21.85347680871195664, 9.730813276761727693, 9.037590209674165820 ) ) ;
#3077 = EDGE_CURVE ( 'NONE', #4550, #1133, #2908, .T. ) ;
#3078 = CARTESIAN_POINT ( 'NONE',  ( 17.10383957319689685, 8.396876639809503828, 9.642623109992770836 ) ) ;
#3079 = CARTESIAN_POINT ( 'NONE',  ( -15.60491956406772474, -21.48008608072514036, 9.063038290305447831 ) ) ;
#3080 = CARTESIAN_POINT ( 'NONE',  ( -11.61330185510225377, 8.436867554489458243, 4.999478381024409224 ) ) ;
#3081 = CARTESIAN_POINT ( 'NONE',  ( -4.844959742311186979, 9.875548627205626318, 8.943115694354093037 ) ) ;
#3082 = DIRECTION ( 'NONE',  ( 0.5000000000000000000, 0.8660254037844385966, -0.000000000000000000 ) ) ;
#3083 = CARTESIAN_POINT ( 'NONE',  ( -19.54731137114659845, 1.343900088542405724, 9.656074444160088532 ) ) ;
#3084 = CARTESIAN_POINT ( 'NONE',  ( -5.043556940414091194, 9.156564819218477425, 9.194114427929031663 ) ) ;
#3085 = EDGE_CURVE ( 'NONE', #2505, #2319, #1167, .T. ) ;
#3086 = CARTESIAN_POINT ( 'NONE',  ( -4.971949395769236446, 11.16601230793424904, 8.748585655624690816 ) ) ;
#3087 = AXIS2_PLACEMENT_3D ( 'NONE', #3340, #5130, #1425 ) ;
#3088 = CARTESIAN_POINT ( 'NONE',  ( 23.27992884655900951, -16.15099094042892247, 9.793014732039781123 ) ) ;
#3089 = CARTESIAN_POINT ( 'NONE',  ( 8.730906341724748998, 4.867316815616530512, 9.143094280162275211 ) ) ;
#3090 = CARTESIAN_POINT ( 'NONE',  ( 23.01130462952471234, -15.95242489830978805, 9.789321067969931178 ) ) ;
#3091 = LINE ( 'NONE', #5344, #2746 ) ;
#3092 = CARTESIAN_POINT ( 'NONE',  ( 8.030784474682487684, 11.05433072587801924, 8.817288346933223053 ) ) ;
#3093 = CARTESIAN_POINT ( 'NONE',  ( -14.49670356161507812, -19.95463283945804633, 9.045875455953151345 ) ) ;
#3094 = CARTESIAN_POINT ( 'NONE',  ( -25.22712830126782180, 12.14874469529144996, 8.285714285714284699 ) ) ;
#3095 = EDGE_LOOP ( 'NONE', ( #3071, #5113, #2045, #2004 ) ) ;
#3096 = CARTESIAN_POINT ( 'NONE',  ( 27.18475104344324578, 15.15817605915179200, 9.141370585886830824 ) ) ;
#3097 = CARTESIAN_POINT ( 'NONE',  ( 27.49715687660851771, -2.888986305001346455, 9.072011571271261232 ) ) ;
#3098 = ORIENTED_EDGE ( 'NONE', *, *, #217, .F. ) ;
#3099 =( BOUNDED_SURFACE ( )  B_SPLINE_SURFACE ( 1, 2, ( 
 ( #2757, #513, #987, #540, #2337, #4137, #1931, #103, #1895, #2816, #1490, #4954, #4639, #487, #570, #603, #3728, #2403, #1812, #3613, #5396, #935, #2731, #2052, #4229, #226, #5104, #5638, #5576, #2083, #258, #5547, #4668, #5194, #196, #2496, #3373, #1554, #3882, #3311, #5669 ),
 ( #5133, #2879, #1642, #3436, #3404, #5608, #1140, #1613, #1990, #5225, #4695, #1083, #5165, #696, #1168, #2939, #3790, #4727, #2021, #4287, #3344, #1198, #3001, #634, #2527, #3822, #1112, #291, #4786, #3853, #759, #4256, #2972, #1582, #2909, #666, #4757, #2462, #727, #2561, #4316 ) ),
 .UNSPECIFIED., .F., .F., .T. ) 
 B_SPLINE_SURFACE_WITH_KNOTS ( ( 2, 2 ),
 ( 3, 2, 2, 2, 2, 2, 2, 2, 2, 2, 2, 2, 2, 2, 2, 2, 2, 2, 2, 2, 3 ),
 ( 0.000000000000000000, 1.000000000000000000 ),
 ( 0.000000000000000000, 0.05000000000000000278, 0.1000000000000000056, 0.1499999999999999944, 0.2000000000000000111, 0.2500000000000000000, 0.2999999999999999889, 0.3499999999999999778, 0.4000000000000000222, 0.4500000000000000111, 0.5000000000000000000, 0.5500000000000000444, 0.5999999999999999778, 0.6500000000000000222, 0.6999999999999999556, 0.7500000000000000000, 0.8000000000000000444, 0.8499999999999999778, 0.9000000000000000222, 0.9499999999999999556, 1.000000000000000000 ),
 .UNSPECIFIED. ) 
 GEOMETRIC_REPRESENTATION_ITEM ( )  RATIONAL_B_SPLINE_SURFACE ( (
 ( 1.000000000000000000, 0.9510565162951535312, 1.000000000000000000, 0.9510565162951535312, 1.000000000000000000, 0.9510565162951535312, 1.000000000000000000, 0.9510565162951535312, 1.000000000000000000, 0.9510565162951535312, 1.000000000000000000, 0.9510565162951535312, 1.000000000000000000, 0.9510565162951535312, 1.000000000000000000, 0.9510565162951535312, 1.000000000000000000, 0.9510565162951535312, 1.000000000000000000, 0.9510565162951535312, 1.000000000000000000, 0.9510565162951535312, 1.000000000000000000, 0.9510565162951535312, 1.000000000000000000, 0.9510565162951535312, 1.000000000000000000, 0.9510565162951535312, 1.000000000000000000, 0.9510565162951535312, 1.000000000000000000, 0.9510565162951535312, 1.000000000000000000, 0.9510565162951535312, 1.000000000000000000, 0.9510565162951535312, 1.000000000000000000, 0.9510565162951535312, 1.000000000000000000, 0.9510565162951535312, 1.000000000000000000),
 ( 1.000000000000000000, 0.9510565162951535312, 1.000000000000000000, 0.9510565162951535312, 1.000000000000000000, 0.9510565162951535312, 1.000000000000000000, 0.9510565162951535312, 1.000000000000000000, 0.9510565162951535312, 1.000000000000000000, 0.9510565162951535312, 1.000000000000000000, 0.9510565162951535312, 1.000000000000000000, 0.9510565162951535312, 1.000000000000000000, 0.9510565162951535312, 1.000000000000000000, 0.9510565162951535312, 1.000000000000000000, 0.9510565162951535312, 1.000000000000000000, 0.9510565162951535312, 1.000000000000000000, 0.9510565162951535312, 1.000000000000000000, 0.9510565162951535312, 1.000000000000000000, 0.9510565162951535312, 1.000000000000000000, 0.9510565162951535312, 1.000000000000000000, 0.9510565162951535312, 1.000000000000000000, 0.9510565162951535312, 1.000000000000000000, 0.9510565162951535312, 1.000000000000000000, 0.9510565162951535312, 1.000000000000000000) ) ) 
 REPRESENTATION_ITEM ( '' )  SURFACE ( )  );
#3100 = EDGE_CURVE ( 'NONE', #4237, #3622, #4454, .T. ) ;
#3101 = ORIENTED_EDGE ( 'NONE', *, *, #2945, .T. ) ;
#3102 = CARTESIAN_POINT ( 'NONE',  ( 20.73552263888655034, -1.484441459241911510, 9.683098232677265216 ) ) ;
#3103 = CARTESIAN_POINT ( 'NONE',  ( 1.149387582711210776, 10.93978556392716861, 8.674148813960478321 ) ) ;
#3104 = CARTESIAN_POINT ( 'NONE',  ( 2.240373209218367467, 6.895159743139863906, 60.25000000000000000 ) ) ;
#3105 = CARTESIAN_POINT ( 'NONE',  ( -1.635285716287226521, -15.56452787643471325, 8.886785159412955437 ) ) ;
#3106 = CARTESIAN_POINT ( 'NONE',  ( 17.02122068449446957, 7.579129017920894995, 8.959518355077147334 ) ) ;
#3107 = CARTESIAN_POINT ( 'NONE',  ( -24.78617035356963427, -11.71891226573775668, 9.783644783752150076 ) ) ;
#3108 = CARTESIAN_POINT ( 'NONE',  ( -15.31763249400895432, -21.08463700651453365, 9.058750113913909274 ) ) ;
#3109 = CARTESIAN_POINT ( 'NONE',  ( -27.84672688999644308, 2.925713846901160320, 4.999478381024408336 ) ) ;
#3110 = CARTESIAN_POINT ( 'NONE',  ( 13.01684931542392931, -29.23326206622808598, 9.100485408565127443 ) ) ;
#3111 = CARTESIAN_POINT ( 'NONE',  ( 27.26538418090855842, -2.864635127650339008, 9.070458438625532693 ) ) ;
#3112 = CARTESIAN_POINT ( 'NONE',  ( -20.07005227819566784, 1.405917565198681274, 9.668500753904172740 ) ) ;
#3113 = CARTESIAN_POINT ( 'NONE',  ( 7.173288412535485215, -1.229263826697633677, 57.50000000000001421 ) ) ;
#3114 = CARTESIAN_POINT ( 'NONE',  ( -9.943716870761683424, 22.33161605788227888, 9.043200165331581886 ) ) ;
#3115 = CARTESIAN_POINT ( 'NONE',  ( -0.7314693563194593073, -14.51758872137568268, 9.481103272736847387 ) ) ;
#3116 = CARTESIAN_POINT ( 'NONE',  ( -5.865373209218367911, -4.261443079120430966, 61.25000000000000000 ) ) ;
#3117 = CARTESIAN_POINT ( 'NONE',  ( -7.250000000000000000, -0.6041666666666674068, 57.49999999999999289 ) ) ;
#3118 = CARTESIAN_POINT ( 'NONE',  ( 7.249999999999998224, 2.355667797688572485, 59.87500000000000000 ) ) ;
#3119 = CARTESIAN_POINT ( 'NONE',  ( 17.24006492052047079, 24.75641435796649148, 9.809850538807884490 ) ) ;
#3120 = CARTESIAN_POINT ( 'NONE',  ( -8.569307133952410283, -11.79560420890040717, 8.852374245559889943 ) ) ;
#3121 = EDGE_CURVE ( 'NONE', #5401, #2603, #3224, .T. ) ;
#3122 = CARTESIAN_POINT ( 'NONE',  ( 9.739035900133792722, 13.40572943162369945, 8.912760710018197585 ) ) ;
#3123 = CARTESIAN_POINT ( 'NONE',  ( -6.898148952645424714, -30.22276527763659715, 6.142857142857142350 ) ) ;
#3124 = ORIENTED_EDGE ( 'NONE', *, *, #3516, .T. ) ;
#3125 = CARTESIAN_POINT ( 'NONE',  ( -18.47095653516677416, 13.41883779792286546, 9.025451658185614789 ) ) ;
#3126 = DIRECTION ( 'NONE',  ( 0.5877537843078081137, 0.8090398562690535034, 0.000000000000000000 ) ) ;
#3127 = ORIENTED_EDGE ( 'NONE', *, *, #4434, .T. ) ;
#3128 = AXIS2_PLACEMENT_3D ( 'NONE', #4075, #1925, #5444 ) ;
#3129 = EDGE_LOOP ( 'NONE', ( #1435, #147, #5405, #24 ) ) ;
#3130 = CARTESIAN_POINT ( 'NONE',  ( 15.84429866748341809, -0.8961309124610973287, 9.539913078800433155 ) ) ;
#3131 = CARTESIAN_POINT ( 'NONE',  ( 1.936057223457177345, 18.42724872157886296, 8.957444811035017551 ) ) ;
#3132 = CARTESIAN_POINT ( 'NONE',  ( 7.249999999999999112, 2.355667797688572485, 59.87499999999999289 ) ) ;
#3133 = PLANE ( 'NONE',  #680 ) ;
#3134 = CARTESIAN_POINT ( 'NONE',  ( -10.80880186574873036, -4.812892411663066028, 8.728034140222046489 ) ) ;
#3135 = CARTESIAN_POINT ( 'NONE',  ( -11.94271944174538902, -16.43908772444649813, 8.989849980057551093 ) ) ;
#3136 = CARTESIAN_POINT ( 'NONE',  ( 0.000000000000000000, 0.000000000000000000, 36.99390334559012672 ) ) ;
#3137 = CARTESIAN_POINT ( 'NONE',  ( 5.930639330918227259, -13.31903977528419958, 8.852374245559889943 ) ) ;
#3138 = CARTESIAN_POINT ( 'NONE',  ( 14.56011270597101515, -0.7369154813042008145, 9.483911076193066947 ) ) ;
#3139 = CARTESIAN_POINT ( 'NONE',  ( -20.42127712299246767, 1.447421748708079381, 9.676375761156625899 ) ) ;
#3140 = CARTESIAN_POINT ( 'NONE',  ( 0.8961309124610424837, 15.84429866748341631, 9.539913078800436708 ) ) ;
#3141 = CARTESIAN_POINT ( 'NONE',  ( -8.457667427328736665, 18.99424372064756028, 8.997110467374636045 ) ) ;
#3142 = CARTESIAN_POINT ( 'NONE',  ( -0.4471374191523565522, -12.27496373115322470, 9.347679155393777251 ) ) ;
#3143 = VECTOR ( 'NONE', #1522, 999.9999999999998863 ) ;
#3144 = CARTESIAN_POINT ( 'NONE',  ( -6.602456118291452292, -3.064210548375214671, 57.50000000000000711 ) ) ;
#3145 = CYLINDRICAL_SURFACE ( 'NONE', #2184, 4.000000000000000000 ) ;
#3146 = CIRCLE ( 'NONE', #4460, 7.500000000000000000 ) ;
#3147 = CARTESIAN_POINT ( 'NONE',  ( 19.43147582005014229, -14.11663882739801501, 9.038635318908221805 ) ) ;
#3148 = ADVANCED_FACE ( 'NONE', ( #4707 ), #3382, .T. ) ;
#3149 = CARTESIAN_POINT ( 'NONE',  ( -12.87487134188242699, -18.85566626830927106, 9.722190541089178240 ) ) ;
#3150 = CARTESIAN_POINT ( 'NONE',  ( 8.098596060504823058, 11.14767300135425465, 8.821446984288810356 ) ) ;
#3151 = ORIENTED_EDGE ( 'NONE', *, *, #2431, .T. ) ;
#3152 = CARTESIAN_POINT ( 'NONE',  ( -20.32941531556198811, 13.96868932029597232, 9.750172582966193602 ) ) ;
#3153 = CARTESIAN_POINT ( 'NONE',  ( 5.098780407186633390, -7.017869168904328880, 63.37499999999998579 ) ) ;
#3154 = ORIENTED_EDGE ( 'NONE', *, *, #2025, .F. ) ;
#3155 = ORIENTED_EDGE ( 'NONE', *, *, #4534, .T. ) ;
#3156 = CARTESIAN_POINT ( 'NONE',  ( 1.496641064048956693, 14.24491838361644369, 8.843057415417664657 ) ) ;
#3157 = CARTESIAN_POINT ( 'NONE',  ( -4.811252243246882720, 4.166666666666664298, 44.00000000000000711 ) ) ;
#3158 = CARTESIAN_POINT ( 'NONE',  ( -1.400340958979803679E-15, 7.623101125727434813, 62.87500000000000711 ) ) ;
#3159 = CARTESIAN_POINT ( 'NONE',  ( -0.9626198495145936729, -16.38452646131434776, 9.561248461985641711 ) ) ;
#3160 = DIRECTION ( 'NONE',  ( -0.1531164347273665516, 0.2652054444216021545, -0.9519566322398937963 ) ) ;
#3161 = EDGE_CURVE ( 'NONE', #5057, #797, #2125, .T. ) ;
#3162 = EDGE_CURVE ( 'NONE', #2950, #3352, #3833, .T. ) ;
#3163 = CARTESIAN_POINT ( 'NONE',  ( -0.2815793122212060240, -10.99639545900969395, 9.244236608254535525 ) ) ;
#3164 = CARTESIAN_POINT ( 'NONE',  ( -10.31698647446054551, -3.872258696130430167, 5.572962681898415482 ) ) ;
#3165 = FACE_OUTER_BOUND ( 'NONE', #297, .T. ) ;
#3166 = CARTESIAN_POINT ( 'NONE',  ( 16.45710596061863029, 22.65311597553349543, 4.999478381024408336 ) ) ;
#3167 = CARTESIAN_POINT ( 'NONE',  ( -5.111955508449811170, -3.645833333333331705, 44.00000000000000711 ) ) ;
#3168 = CARTESIAN_POINT ( 'NONE',  ( 1.599505797039790345, 21.71582739997186096, 9.702929324004891498 ) ) ;
#3169 = AXIS2_PLACEMENT_3D ( 'NONE', #1927, #566, #4538 ) ;
#3170 = CARTESIAN_POINT ( 'NONE',  ( -11.23033278058934137, 23.66310711586025661, 9.769298644417235167 ) ) ;
#3171 = SURFACE_SIDE_STYLE ('',( #1048 ) ) ;
#3172 = CARTESIAN_POINT ( 'NONE',  ( -1.400340958979803481E-15, 7.623101125727435701, 60.37500000000000000 ) ) ;
#3173 = CARTESIAN_POINT ( 'NONE',  ( 20.71601302655319543, -15.04983340162832484, 9.054651662031215409 ) ) ;
#3174 = CARTESIAN_POINT ( 'NONE',  ( -7.761577154440096216, -10.68376832799886245, 8.797761960110745960 ) ) ;
#3175 = CARTESIAN_POINT ( 'NONE',  ( 9.383357184433039677, 12.91613963278065391, 8.895901432997584735 ) ) ;
#3176 = VERTEX_POINT ( 'NONE', #1676 ) ;
#3177 = CARTESIAN_POINT ( 'NONE',  ( -10.93978556392717216, 1.149387582711172140, 4.999478381024408336 ) ) ;
#3178 = CARTESIAN_POINT ( 'NONE',  ( 13.37325722799007011, -1.405060063420231042, 8.807460931324802900 ) ) ;
#3179 = EDGE_LOOP ( 'NONE', ( #5431, #3387, #4113, #302 ) ) ;
#3180 = ORIENTED_EDGE ( 'NONE', *, *, #4615, .F. ) ;
#3181 = CARTESIAN_POINT ( 'NONE',  ( 1.418455973964418915, 13.50075850866494775, 8.812913050800613490 ) ) ;
#3182 = CARTESIAN_POINT ( 'NONE',  ( 0.000000000000000000, 0.000000000000000000, 64.75000000000000000 ) ) ;
#3183 = CARTESIAN_POINT ( 'NONE',  ( -0.07423074889578608337, 1.090978436063538837E-15, 44.73928571428572099 ) ) ;
#3184 = EDGE_CURVE ( 'NONE', #2919, #4327, #3010, .T. ) ;
#3185 = CARTESIAN_POINT ( 'NONE',  ( -0.2702796718250374264, -10.90864613767699076, 9.237924718603887086 ) ) ;
#3186 = AXIS2_PLACEMENT_3D ( 'NONE', #1003, #3679, #5468 ) ;
#3187 = CARTESIAN_POINT ( 'NONE',  ( -18.34366520631824571, -8.167980889107704812, 8.986512289013813159 ) ) ;
#3188 = CARTESIAN_POINT ( 'NONE',  ( 2.697955085553823018, 27.86977419651239174, 9.339059826362918315 ) ) ;
#3189 = CARTESIAN_POINT ( 'NONE',  ( -5.098780407186633390, 7.017869168904327992, 62.12499999999997158 ) ) ;
#3190 = CARTESIAN_POINT ( 'NONE',  ( 9.892050322695991937, -20.57779878668104345, 9.722190541089178240 ) ) ;
#3191 = CARTESIAN_POINT ( 'NONE',  ( 11.32612694102891204, -7.224311572658444369, 9.422071066585939292 ) ) ;
#3192 = CARTESIAN_POINT ( 'NONE',  ( -0.1766910423142067921, -6.247501922814103992, 21.00000000000000000 ) ) ;
#3193 = CARTESIAN_POINT ( 'NONE',  ( 0.7758767385492689739, 14.87355238050243678, 9.497982529720237821 ) ) ;
#3194 = CARTESIAN_POINT ( 'NONE',  ( -9.752901008472525390, 20.25529308040009369, 9.715715572878981021 ) ) ;
#3195 = CARTESIAN_POINT ( 'NONE',  ( 25.08023554434058866, -18.22036731354214112, 10.00049293681678542 ) ) ;
#3196 = CARTESIAN_POINT ( 'NONE',  ( 15.02395044634623567, -10.91464612239873055, 8.958275176990266431 ) ) ;
#3197 = CIRCLE ( 'NONE', #3287, 11.00000000000000000 ) ;
#3198 = CARTESIAN_POINT ( 'NONE',  ( -0.8220310294507170434, 10.96924176899297798, 8.285714285714284699 ) ) ;
#3199 = CARTESIAN_POINT ( 'NONE',  ( -24.92270757245860580, 2.618502021262860691, 9.049481907957821036 ) ) ;
#3200 = ORIENTED_EDGE ( 'NONE', *, *, #3776, .T. ) ;
#3201 = CARTESIAN_POINT ( 'NONE',  ( -17.72912970024266244, 12.87991313784685232, 9.013873883218943561 ) ) ;
#3202 = CARTESIAN_POINT ( 'NONE',  ( 14.95389432035075927, -1.571129556840905162, 8.867948148798291186 ) ) ;
#3203 = VERTEX_POINT ( 'NONE', #3892 ) ;
#3204 = EDGE_LOOP ( 'NONE', ( #4913, #2683, #2286 ) ) ;
#3205 = CARTESIAN_POINT ( 'NONE',  ( 2.056577218964851017, 19.57434907906609212, 8.979242739895562764 ) ) ;
#3206 = CARTESIAN_POINT ( 'NONE',  ( -2.492561735443735493, -27.88898648699676031, 9.577280781481603000 ) ) ;
#3207 = CARTESIAN_POINT ( 'NONE',  ( -3.608439182435162706, 6.249999999999999112, 44.00000000000000711 ) ) ;
#3208 = CARTESIAN_POINT ( 'NONE',  ( -0.4477613417579202060, -12.27858475146805617, 9.349182199096759405 ) ) ;
#3209 = VECTOR ( 'NONE', #2610, 1000.000000000000000 ) ;
#3210 = CARTESIAN_POINT ( 'NONE',  ( -9.582304512035802802, -5.220254006911466682, 9.237924718603887086 ) ) ;
#3211 = CARTESIAN_POINT ( 'NONE',  ( -9.104885697903091213, -13.81305397798094070, 9.565904075243510718 ) ) ;
#3212 = DIRECTION ( 'NONE',  ( 0.000000000000000000, 0.000000000000000000, -1.000000000000000000 ) ) ;
#3213 = CARTESIAN_POINT ( 'NONE',  ( -8.249999999999998224, -2.680587493921477993, 60.12499999999998579 ) ) ;
#3214 = CARTESIAN_POINT ( 'NONE',  ( -3.637306695894642061, 4.342160359065296731E-16, 64.75000000000000000 ) ) ;
#3215 = CARTESIAN_POINT ( 'NONE',  ( 9.994845097804557099, -0.1502331602712906333, 9.143094280162275211 ) ) ;
#3216 = CARTESIAN_POINT ( 'NONE',  ( 6.114777872082015620, 9.143823317639997228, 8.955131925794979963 ) ) ;
#3217 = CARTESIAN_POINT ( 'NONE',  ( 0.4417348982476813068, 12.23293117180792677, 9.344654686358289553 ) ) ;
#3218 = DIRECTION ( 'NONE',  ( -0.000000000000000000, -0.000000000000000000, 1.000000000000000000 ) ) ;
#3219 = CARTESIAN_POINT ( 'NONE',  ( -0.5933738762615077267, -13.42086944374759838, 9.422071066585935739 ) ) ;
#3220 = CARTESIAN_POINT ( 'NONE',  ( 5.300850087898448137, -11.90465803500595499, 8.789169392377733203 ) ) ;
#3221 = CARTESIAN_POINT ( 'NONE',  ( -17.15480397104046517, -7.638610354902488631, 8.962402508024643666 ) ) ;
#3222 = DIRECTION ( 'NONE',  ( 0.000000000000000000, 0.000000000000000000, 1.000000000000000000 ) ) ;
#3223 = CARTESIAN_POINT ( 'NONE',  ( 20.96278631946564985, -1.511168106433550706, 9.687831937662290116 ) ) ;
#3224 = B_SPLINE_CURVE_WITH_KNOTS ( 'NONE', 3,
 ( #4180, #83, #3709, #5055, #3262, #646, #2442, #3674, #5463, #2320 ),
 .UNSPECIFIED., .F., .F.,
 ( 4, 3, 3, 4 ),
 ( 0.000000000000000000, 0.0002622927178851062482, 0.0005245854360846678808, 0.0009453804127720471248 ),
 .UNSPECIFIED. ) ;
#3225 = EDGE_CURVE ( 'NONE', #3319, #4011, #314, .T. ) ;
#3226 = CARTESIAN_POINT ( 'NONE',  ( 9.198462910968027373, 12.66163368075982909, 8.886785159412953661 ) ) ;
#3227 = ORIENTED_EDGE ( 'NONE', *, *, #2583, .F. ) ;
#3228 = VECTOR ( 'NONE', #2868, 1000.000000000000000 ) ;
#3229 = CARTESIAN_POINT ( 'NONE',  ( 0.8220310294507950921, -10.96924176899297088, 8.285714285714284699 ) ) ;
#3230 = ORIENTED_EDGE ( 'NONE', *, *, #1509, .T. ) ;
#3231 = CARTESIAN_POINT ( 'NONE',  ( 7.672403155172671241, 11.91655281805246958, 9.463104457248791235 ) ) ;
#3232 = ORIENTED_EDGE ( 'NONE', *, *, #5469, .F. ) ;
#3233 = CARTESIAN_POINT ( 'NONE',  ( -1.202813060811716017, -6.250000000000000000, 44.00000000000000711 ) ) ;
#3234 = CARTESIAN_POINT ( 'NONE',  ( -5.111955508449813834, 3.645833333333330817, 44.00000000000000711 ) ) ;
#3235 = ORIENTED_EDGE ( 'NONE', *, *, #3596, .T. ) ;
#3236 = CARTESIAN_POINT ( 'NONE',  ( -4.000000000000000000, 0.3333333333333337589, 34.00000000000000000 ) ) ;
#3237 = CARTESIAN_POINT ( 'NONE',  ( -1.293492106035569522, -19.12021823865993042, 9.646862156838700741 ) ) ;
#3238 = CARTESIAN_POINT ( 'NONE',  ( 25.57882982243480896, 11.38962092937776660, 4.999478381024410112 ) ) ;
#3239 = CARTESIAN_POINT ( 'NONE',  ( -8.996986176755465081, 6.329256242563537249, 8.784349666569223558 ) ) ;
#3240 = CARTESIAN_POINT ( 'NONE',  ( 4.474493936541371397, -10.04882600167076845, 8.674148813960478321 ) ) ;
#3241 = CARTESIAN_POINT ( 'NONE',  ( -8.249999999999998224, -2.680587493921477993, 59.87500000000000000 ) ) ;
#3242 = CARTESIAN_POINT ( 'NONE',  ( 12.08551430920013736, -25.62713287398311834, 9.793014732039781123 ) ) ;
#3243 = DIRECTION ( 'NONE',  ( -0.7071067811865425767, 0.000000000000000000, -0.7071067811865525687 ) ) ;
#3244 = CARTESIAN_POINT ( 'NONE',  ( 11.34923940547519727, -23.93650327394951205, 9.772851664565397556 ) ) ;
#3245 = CARTESIAN_POINT ( 'NONE',  ( -6.916175099667392523, -0.5208333333333314830, 44.00000000000000711 ) ) ;
#3246 = CARTESIAN_POINT ( 'NONE',  ( 0.7314693563195628911, 14.51758872137568090, 9.481103272736847387 ) ) ;
#3247 = CARTESIAN_POINT ( 'NONE',  ( -7.481900115480036639, -8.063570590128156468, 6.142857142857142350 ) ) ;
#3248 = CARTESIAN_POINT ( 'NONE',  ( -6.589120625146880350, -10.49134178107557247, 9.355217637996819491 ) ) ;
#3249 = CARTESIAN_POINT ( 'NONE',  ( 8.265307863538934541, -18.56224228904504514, 8.989849980057547540 ) ) ;
#3250 = CARTESIAN_POINT ( 'NONE',  ( 9.726862253152818383, 5.138628184955222444, 9.158627922748999950 ) ) ;
#3251 = CARTESIAN_POINT ( 'NONE',  ( 4.480746418436736711, 6.167218360552289447, 60.37500000000000000 ) ) ;
#3252 = ADVANCED_FACE ( 'NONE', ( #2601 ), #1911, .F. ) ;
#3253 = CARTESIAN_POINT ( 'NONE',  ( 9.663947473672887867, 5.254342891941041316, 9.244236608254535525 ) ) ;
#3254 = CARTESIAN_POINT ( 'NONE',  ( 23.33626447297688955, -1.787797670337152312, 9.730842690680065132 ) ) ;
#3255 = CARTESIAN_POINT ( 'NONE',  ( -18.46844581293377274, 1.940385592141346649, 8.958275176990268207 ) ) ;
#3256 = ORIENTED_EDGE ( 'NONE', *, *, #2543, .F. ) ;
#3257 = CARTESIAN_POINT ( 'NONE',  ( -0.06495190528381362960, 0.03749999999998888944, 44.75000000000000000 ) ) ;
#3258 = EDGE_LOOP ( 'NONE', ( #4263, #3413, #1333, #2831 ) ) ;
#3259 = EDGE_LOOP ( 'NONE', ( #2859, #4248, #5560, #3738 ) ) ;
#3260 = CARTESIAN_POINT ( 'NONE',  ( 8.533159899603111498, 13.05469992497600629, 9.528853671068434394 ) ) ;
#3261 = ORIENTED_EDGE ( 'NONE', *, *, #2217, .T. ) ;
#3262 = CARTESIAN_POINT ( 'NONE',  ( -27.86977419651239174, 2.697955085553724874, 9.339059826362916539 ) ) ;
#3263 = CARTESIAN_POINT ( 'NONE',  ( 5.270658160210648369, 9.670863711553934650, 8.763480628664169103 ) ) ;
#3264 = VERTEX_POINT ( 'NONE', #2951 ) ;
#3265 = CARTESIAN_POINT ( 'NONE',  ( 25.43722817008274006, 11.70245371805201096, 9.471248398658756784 ) ) ;
#3266 = CARTESIAN_POINT ( 'NONE',  ( -20.10336849714940399, 13.80094826656326745, 9.745943207972320721 ) ) ;
#3267 = CARTESIAN_POINT ( 'NONE',  ( -2.002351251485485317, -19.05823035189114378, 8.970773426962608710 ) ) ;
#3268 = CARTESIAN_POINT ( 'NONE',  ( 16.17755944226653142, 7.203467511570185167, 4.999478381024410112 ) ) ;
#3269 = CARTESIAN_POINT ( 'NONE',  ( -9.088036271806416266, 6.197532156395135772, 8.889619462053392596 ) ) ;
#3270 = CARTESIAN_POINT ( 'NONE',  ( -10.99999999999999822, -7.559134412746126162E-14, 4.000000000000000000 ) ) ;
#3271 = CARTESIAN_POINT ( 'NONE',  ( -2.549390203593317583, 7.846216259435016660, 61.99999999999998579 ) ) ;
#3272 = CARTESIAN_POINT ( 'NONE',  ( 7.718325367626869493, -15.51612086313646799, 9.592965428804635764 ) ) ;
#3273 = CYLINDRICAL_SURFACE ( 'NONE', #1245, 7.500000000000000000 ) ;
#3274 =( BOUNDED_CURVE ( )  B_SPLINE_CURVE ( 2, ( #3875, #1545, #5662, #2840, #2397, #1515, #4631 ),
 .UNSPECIFIED., .F., .F. ) 
 B_SPLINE_CURVE_WITH_KNOTS ( ( 3, 2, 2, 3 ),
 ( 0.01666172618599908936, 0.03571428571428571230, 0.07142857142857141073, 0.09646968323894188069 ),
 .UNSPECIFIED. ) 
 CURVE ( )  GEOMETRIC_REPRESENTATION_ITEM ( )  RATIONAL_B_SPLINE_CURVE ( ( 0.9968701940290736196, 0.9966456421313096836, 1.000000000000000000, 0.9937122098932426040, 1.000000000000000000, 0.9955913088571033409, 0.9973649352736200235 ) ) 
 REPRESENTATION_ITEM ( '' )  );
#3275 = CARTESIAN_POINT ( 'NONE',  ( -4.209845712841020493, -5.208333333333333037, 44.00000000000000711 ) ) ;
#3276 = CARTESIAN_POINT ( 'NONE',  ( 2.139521998202050135, 26.40423961574725098, 9.772851664565397556 ) ) ;
#3277 = DIRECTION ( 'NONE',  ( -0.000000000000000000, -0.000000000000000000, -1.000000000000000000 ) ) ;
#3278 = DIRECTION ( 'NONE',  ( 0.4067721760492157834, -0.9135296365155242126, 0.000000000000000000 ) ) ;
#3279 = CARTESIAN_POINT ( 'NONE',  ( 6.521046193946927971, -14.64497650039985999, 8.897793442001315611 ) ) ;
#3280 = CARTESIAN_POINT ( 'NONE',  ( 9.979789781499018630, 4.626990465285851784, 8.784349666569251980 ) ) ;
#3281 = CARTESIAN_POINT ( 'NONE',  ( -7.249999999999995559, 2.355667797688578702, 61.12500000000000000 ) ) ;
#3282 = CARTESIAN_POINT ( 'NONE',  ( 10.78482138309643013, -7.834990491359318021, 8.802444968223850807 ) ) ;
#3283 = CARTESIAN_POINT ( 'NONE',  ( -5.930639330918132224, 13.31903977528424043, 8.852374245559889943 ) ) ;
#3284 = CARTESIAN_POINT ( 'NONE',  ( 0.000000000000000000, 0.000000000000000000, 34.00000000000000000 ) ) ;
#3285 = CARTESIAN_POINT ( 'NONE',  ( 5.098780407186631614, 7.017869168904329769, 61.62499999999997868 ) ) ;
#3286 = ORIENTED_EDGE ( 'NONE', *, *, #2920, .F. ) ;
#3287 = AXIS2_PLACEMENT_3D ( 'NONE', #1953, #5389, #1369 ) ;
#3288 = ORIENTED_EDGE ( 'NONE', *, *, #2460, .F. ) ;
#3289 = PLANE ( 'NONE',  #3305 ) ;
#3290 = VERTEX_POINT ( 'NONE', #1710 ) ;
#3291 = ADVANCED_FACE ( 'NONE', ( #3066 ), #1224, .T. ) ;
#3292 = CARTESIAN_POINT ( 'NONE',  ( -2.405626121623437808, -6.250000000000000000, 44.00000000000000711 ) ) ;
#3293 = CARTESIAN_POINT ( 'NONE',  ( 9.145073735084688238, -6.112908548292131705, 8.956607300572768438 ) ) ;
#3294 = ORIENTED_EDGE ( 'NONE', *, *, #4119, .F. ) ;
#3295 = CARTESIAN_POINT ( 'NONE',  ( -3.909142447638092488, 5.729166666666666075, 44.00000000000000711 ) ) ;
#3296 = CARTESIAN_POINT ( 'NONE',  ( -19.09028748444166723, 13.04886661217320842, 9.726382675456346050 ) ) ;
#3297 = LINE ( 'NONE', #4213, #2435 ) ;
#3298 = FACE_OUTER_BOUND ( 'NONE', #3007, .T. ) ;
#3299 = B_SPLINE_CURVE_WITH_KNOTS ( 'NONE', 3,
 ( #3898, #3452, #5241, #4041, #4967, #1800, #2265, #28, #4526, #5433, #5382, #497, #5772, #2213, #892, #1336, #946, #523, #2710, #1410, #472, #1825, #4501, #3205, #5406, #5356, #53, #2, #3131, #860, #1848, #4997, #1384, #3600, #4941, #3623, #4555, #4064, #1362, #5800, #3156, #3646, #3181, #2687, #2742, #2295, #4093, #970, #2769, #3986, #1746, #919, #3542, #5325, #1302, #4479, #3103 ),
 .UNSPECIFIED., .F., .F.,
 ( 4, 1, 1, 1, 2, 2, 1, 1, 2, 2, 1, 1, 1, 2, 2, 1, 1, 1, 1, 1, 2, 2, 1, 1, 1, 2, 2, 1, 1, 1, 1, 2, 2, 1, 1, 1, 1, 2, 2, 1, 4 ),
 ( 0.1439684925078891231, 0.1974704617261520134, 0.2242214463352837361, 0.2375969386398495975, 0.2442846847921322229, 0.2509724309444149037, 0.3044744001626725760, 0.3312253847718014121, 0.3446008770763658302, 0.3512886232286480670, 0.3579763693809303038, 0.4649803078174393756, 0.4917312924265666574, 0.4984190385788486166, 0.5051067847311305758, 0.5184822770356944943, 0.5719842462539506123, 0.5987352308630786712, 0.6121107231676428118, 0.6187984693199244379, 0.6221423423960656951, 0.6254862154722068412, 0.6789881846904628482, 0.7324901539087188551, 0.7458656462132828846, 0.7492095192894238087, 0.7525533923655646218, 0.7592411385178463590, 0.7859921231269731967, 0.8394940923452275383, 0.8662450769543544871, 0.8729328231066363353, 0.8762766961827774814, 0.8796205692589185166, 0.8929960615634825460, 0.9197470461726110491, 0.9331225384771753006, 0.9364664115533163358, 0.9398102846294574819, 0.9464980307817399963, 1.000000000000000000 ),
 .UNSPECIFIED. ) ;
#3300 = CARTESIAN_POINT ( 'NONE',  ( -15.05500021027211588, -21.79698127574764399, 9.772851664565395780 ) ) ;
#3301 = DIRECTION ( 'NONE',  ( 0.000000000000000000, 0.000000000000000000, 1.000000000000000000 ) ) ;
#3302 = CARTESIAN_POINT ( 'NONE',  ( -2.549390203593317583, 7.846216259435016660, 61.75000000000001421 ) ) ;
#3303 = CARTESIAN_POINT ( 'NONE',  ( -2.835067396241319315, -26.98396071149848296, 9.067943206606472017 ) ) ;
#3304 = CARTESIAN_POINT ( 'NONE',  ( 7.500000000000000000, 0.000000000000000000, -64.00000000000000000 ) ) ;
#3305 = AXIS2_PLACEMENT_3D ( 'NONE', #550, #4677, #171 ) ;
#3306 = CARTESIAN_POINT ( 'NONE',  ( 13.66934734295169562, 6.934144311044244446, 9.517545350385884007 ) ) ;
#3307 = CARTESIAN_POINT ( 'NONE',  ( -6.465291627385828299, -8.899438418959627839, 4.999478381024411000 ) ) ;
#3308 = CARTESIAN_POINT ( 'NONE',  ( -1.540236286404957911, -21.21025656467513087, 9.692893076733820834 ) ) ;
#3309 = CARTESIAN_POINT ( 'NONE',  ( -8.899438418959608299, 6.465291627385859385, 4.999478381024408336 ) ) ;
#3310 = CARTESIAN_POINT ( 'NONE',  ( 0.7419160964484254883, 10.97495585862420420, 8.943115694354105472 ) ) ;
#3311 = CARTESIAN_POINT ( 'NONE',  ( 8.249999999999998224, 2.680587493921479325, 58.62500000000002132 ) ) ;
#3312 = CARTESIAN_POINT ( 'NONE',  ( -16.90941737404071787, -7.529345766163332065, 8.957068822608102110 ) ) ;
#3313 = CARTESIAN_POINT ( 'NONE',  ( 9.942235417092788907, -7.222866025196305273, 8.752111538817333170 ) ) ;
#3314 = FACE_OUTER_BOUND ( 'NONE', #4039, .T. ) ;
#3315 = CARTESIAN_POINT ( 'NONE',  ( -15.56452787643469549, 1.635285716287280477, 8.886785159412957213 ) ) ;
#3316 = ORIENTED_EDGE ( 'NONE', *, *, #5656, .T. ) ;
#3317 = VERTEX_POINT ( 'NONE', #3639 ) ;
#3318 = CARTESIAN_POINT ( 'NONE',  ( 7.224311572658404401, 11.32612694102893336, 9.422071066585937515 ) ) ;
#3319 = VERTEX_POINT ( 'NONE', #4033 ) ;
#3320 = CARTESIAN_POINT ( 'NONE',  ( 0.000000000000000000, 0.07499999999997743194, 44.75000000000000000 ) ) ;
#3321 = LINE ( 'NONE', #3740, #2429 ) ;
#3322 = ORIENTED_EDGE ( 'NONE', *, *, #5486, .F. ) ;
#3323 = CARTESIAN_POINT ( 'NONE',  ( 10.96924176899297976, 0.8220310294506788518, 8.285714285714284699 ) ) ;
#3324 = CARTESIAN_POINT ( 'NONE',  ( -15.82382826911764262, 10.61392125273727416, 9.642623109992772612 ) ) ;
#3325 = CIRCLE ( 'NONE', #327, 7.250000000000000000 ) ;
#3326 = CARTESIAN_POINT ( 'NONE',  ( -16.86285405431857498, -8.293702164491547180, 9.635644574541018414 ) ) ;
#3327 = CIRCLE ( 'NONE', #3058, 6.250000000000000000 ) ;
#3328 = EDGE_CURVE ( 'NONE', #2822, #1574, #2678, .T. ) ;
#3329 = B_SPLINE_SURFACE_WITH_KNOTS ( 'NONE', 1, 3, ( 
 ( #4125, #2663, #1854, #4920, #1389, #1366, #1780, #2271, #923, #3187, #4946, #4045, #4018, #3680, #1829, #425, #1882, #2717, #57, #950, #3134, #4505, #4894, #7 ),
 ( #3627, #2748, #4455, #2218, #3107, #1804, #897, #4530, #2773, #4561, #1415, #477, #3577, #4069, #5386, #33, #3604, #503, #5470, #2325, #2300, #3210, #5001, #864 ) ),
 .UNSPECIFIED., .F., .F., .F.,
 ( 2, 2 ),
 ( 4, 2, 2, 2, 2, 2, 2, 2, 2, 2, 2, 4 ),
 ( 0.000000000000000000, 1.000000000000000000 ),
 ( 0.01982871850929110447, 0.02257970761283119993, 0.02533069671637129538, 0.02808168581991139084, 0.03083267492345148977, 0.03358366402699158870, 0.03495915857876163990, 0.03633465313053168416, 0.03771014768230172842, 0.03908564223407177962, 0.04046113678584183082, 0.04183663133761187508 ),
 .UNSPECIFIED. ) ;
#3330 = CARTESIAN_POINT ( 'NONE',  ( 1.725227530899693972E-15, -1.812608747932152018E-16, 24.66837655001592822 ) ) ;
#3331 = EDGE_CURVE ( 'NONE', #3704, #1622, #411, .T. ) ;
#3332 = CARTESIAN_POINT ( 'NONE',  ( -8.056993786555953108, -12.42456991678814049, 9.494005665049334297 ) ) ;
#3333 = CARTESIAN_POINT ( 'NONE',  ( -0.6475438817085505949, 7.250000000000000000, 57.50000000000000711 ) ) ;
#3334 = CARTESIAN_POINT ( 'NONE',  ( 8.250000000000000000, 0.000000000000000000, 58.50000000000001421 ) ) ;
#3335 = CARTESIAN_POINT ( 'NONE',  ( -1.084132783546465362E-13, 31.00000000000000000, 4.000000000000000000 ) ) ;
#3336 = DIRECTION ( 'NONE',  ( -0.000000000000000000, -0.000000000000000000, 1.000000000000000000 ) ) ;
#3337 = EDGE_CURVE ( 'NONE', #4963, #4676, #281, .T. ) ;
#3338 = ADVANCED_FACE ( 'NONE', ( #4003 ), #2495, .F. ) ;
#3339 = CARTESIAN_POINT ( 'NONE',  ( 2.076393932707733203, 25.85000473080828698, 9.766135347243723785 ) ) ;
#3340 = CARTESIAN_POINT ( 'NONE',  ( 0.000000000000000000, 0.000000000000000000, -64.00000000000000000 ) ) ;
#3341 = CARTESIAN_POINT ( 'NONE',  ( -1.228242905208327018, -18.57830103635856744, 9.630950504033306103 ) ) ;
#3342 = CARTESIAN_POINT ( 'NONE',  ( -7.220562908078012931, 8.390446319961879951, 7.214285714285715301 ) ) ;
#3343 = CARTESIAN_POINT ( 'NONE',  ( 2.755553573258951783, 31.88295385014720651, 9.824066885615200917 ) ) ;
#3344 = CARTESIAN_POINT ( 'NONE',  ( 7.249999999999999112, 0.000000000000000000, 60.00000000000000000 ) ) ;
#3345 = EDGE_CURVE ( 'NONE', #1437, #4763, #2957, .T. ) ;
#3346 = CARTESIAN_POINT ( 'NONE',  ( -11.18760326652959769, -4.981563316171821576, 8.749853076271492114 ) ) ;
#3347 = CARTESIAN_POINT ( 'NONE',  ( 6.483835888386264124, -12.60277244948158959, 9.463104457248793011 ) ) ;
#3348 = CARTESIAN_POINT ( 'NONE',  ( -5.557938993104023950, 12.48202873033169702, 8.817288346933223053 ) ) ;
#3349 = CARTESIAN_POINT ( 'NONE',  ( -16.47922019411375061, 1.731387782072580261, 8.912760710018204691 ) ) ;
#3350 = FACE_OUTER_BOUND ( 'NONE', #4182, .T. ) ;
#3351 = VERTEX_POINT ( 'NONE', #2157 ) ;
#3352 = VERTEX_POINT ( 'NONE', #4393 ) ;
#3353 = CARTESIAN_POINT ( 'NONE',  ( 10.45680890910361960, 15.61398379303089179, 9.635644574541025520 ) ) ;
#3354 = ORIENTED_EDGE ( 'NONE', *, *, #828, .T. ) ;
#3355 = CARTESIAN_POINT ( 'NONE',  ( -0.6014065304058553441, -6.250000000000000000, 44.00000000000000711 ) ) ;
#3356 = DIRECTION ( 'NONE',  ( 0.000000000000000000, 0.000000000000000000, 1.000000000000000000 ) ) ;
#3357 = VERTEX_POINT ( 'NONE', #4304 ) ;
#3358 = CARTESIAN_POINT ( 'NONE',  ( -18.57390657413213830, 12.66514786448935759, 9.715715572878975692 ) ) ;
#3359 = CARTESIAN_POINT ( 'NONE',  ( -10.95201674051499730, -5.791208189623068492, 9.355217637996819491 ) ) ;
#3360 = CARTESIAN_POINT ( 'NONE',  ( 1.202813060811722234, 6.249999999999998224, 44.00000000000000711 ) ) ;
#3361 = CIRCLE ( 'NONE', #4109, 10.25000000000000000 ) ;
#3362 = CARTESIAN_POINT ( 'NONE',  ( 23.46652865709965141, 10.44906541026840507, 4.999478381024411888 ) ) ;
#3363 = EDGE_CURVE ( 'NONE', #2409, #1239, #4558, .T. ) ;
#3364 = CARTESIAN_POINT ( 'NONE',  ( 14.14039634390935873, 19.46417791105644923, 9.039072486902581360 ) ) ;
#3365 = DIRECTION ( 'NONE',  ( 0.9945259603570149043, -0.1044897802464769543, 0.000000000000000000 ) ) ;
#3366 = CARTESIAN_POINT ( 'NONE',  ( 6.465291627385887807, 8.899438418959586983, 10.00049293681678542 ) ) ;
#3367 = ORIENTED_EDGE ( 'NONE', *, *, #4384, .F. ) ;
#3368 = CARTESIAN_POINT ( 'NONE',  ( 21.79698127574748057, -15.05500021027234503, 9.772851664565401109 ) ) ;
#3369 = CARTESIAN_POINT ( 'NONE',  ( 10.68513982431082709, 5.679718474687641461, 9.334463155791652866 ) ) ;
#3370 = CARTESIAN_POINT ( 'NONE',  ( -1.799972391140163497, -23.44160785969404159, 9.732501247234317532 ) ) ;
#3371 = CARTESIAN_POINT ( 'NONE',  ( 2.442502628002860998, 23.24755843163962155, 4.999478381024408336 ) ) ;
#3372 = CARTESIAN_POINT ( 'NONE',  ( 2.385576154680701055, 22.70573649061405419, 9.025451658185614789 ) ) ;
#3373 = CARTESIAN_POINT ( 'NONE',  ( 2.549390203593314919, 7.846216259435018436, 59.00000000000001421 ) ) ;
#3374 = CARTESIAN_POINT ( 'NONE',  ( -13.76505048267531706, 0.6369269826118953981, 9.441877396648990839 ) ) ;
#3375 = CARTESIAN_POINT ( 'NONE',  ( 12.91613963278062727, -9.383357184433085862, 8.895901432997593616 ) ) ;
#3376 = CARTESIAN_POINT ( 'NONE',  ( -11.15184529733592456, 25.04483290843429444, 9.070458438625532693 ) ) ;
#3377 = CARTESIAN_POINT ( 'NONE',  ( -15.80493030305147784, 1.660543575538022676, 8.893807934287657702 ) ) ;
#3378 = CARTESIAN_POINT ( 'NONE',  ( -2.549390203593317583, 7.846216259435016660, 61.99999999999998579 ) ) ;
#3379 = ORIENTED_EDGE ( 'NONE', *, *, #385, .F. ) ;
#3380 = EDGE_LOOP ( 'NONE', ( #2626, #204 ) ) ;
#3381 = CARTESIAN_POINT ( 'NONE',  ( -31.82517224255343535, 3.343708848722993565, 9.100485408565127443 ) ) ;
#3382 = B_SPLINE_SURFACE_WITH_KNOTS ( 'NONE', 3, 1, ( 
 ( #1031, #4240 ),
 ( #1060, #5590 ),
 ( #3292, #2828 ),
 ( #3233, #208 ),
 ( #3355, #1122 ),
 ( #5143, #2921 ),
 ( #2796, #4588 ),
 ( #552, #2350 ),
 ( #4620, #1943 ),
 ( #3739, #5086 ) ),
 .UNSPECIFIED., .F., .F., .F.,
 ( 4, 2, 2, 2, 4 ),
 ( 2, 2 ),
 ( 0.000000000000000000, 0.2499999999999998890, 0.5000000000000000000, 0.7499999999999998890, 1.000000000000000000 ),
 ( 0.000000000000000000, 1.000000000000000000 ),
 .UNSPECIFIED. ) ;
#3383 = ORIENTED_EDGE ( 'NONE', *, *, #2367, .T. ) ;
#3384 = CIRCLE ( 'NONE', #4399, 6.250000000000000000 ) ;
#3385 = CARTESIAN_POINT ( 'NONE',  ( -2.549390203593315807, -7.846216259435018436, 60.25000000000001421 ) ) ;
#3386 = CARTESIAN_POINT ( 'NONE',  ( -2.092442620420010169, 27.92170632107303874, 8.285714285714284699 ) ) ;
#3387 = ORIENTED_EDGE ( 'NONE', *, *, #5588, .T. ) ;
#3388 = CARTESIAN_POINT ( 'NONE',  ( -15.61398379303092909, 10.45680890910356808, 9.635644574541021967 ) ) ;
#3389 = CARTESIAN_POINT ( 'NONE',  ( -10.30193064697441052, -5.519755805799098525, 9.303692016028184852 ) ) ;
#3390 = CARTESIAN_POINT ( 'NONE',  ( -1.202813060811718460, 6.249999999999998224, 44.00000000000001421 ) ) ;
#3391 = DIRECTION ( 'NONE',  ( -0.4067721760492092331, 0.9135296365155272102, 0.000000000000000000 ) ) ;
#3392 = CARTESIAN_POINT ( 'NONE',  ( -15.02395044634631205, 10.91464612239862220, 8.958275176990268207 ) ) ;
#3393 = ADVANCED_FACE ( 'NONE', ( #5298, #5687 ), #4359, .T. ) ;
#3394 = CARTESIAN_POINT ( 'NONE',  ( 10.87931212603163900, 14.97531339439455067, 8.957068822608096781 ) ) ;
#3395 = CARTESIAN_POINT ( 'NONE',  ( -25.55555024573066802, -11.44190224185914850, 9.140768878993270619 ) ) ;
#3396 = CARTESIAN_POINT ( 'NONE',  ( 4.000000000000000000, 4.898587196589412829E-16, 24.00000000000000000 ) ) ;
#3397 = ORIENTED_EDGE ( 'NONE', *, *, #3854, .T. ) ;
#3398 = CARTESIAN_POINT ( 'NONE',  ( 14.43594255885740019, -9.573495166217311336, 9.593051699102421281 ) ) ;
#3399 = EDGE_CURVE ( 'NONE', #1574, #4295, #4893, .T. ) ;
#3400 = CARTESIAN_POINT ( 'NONE',  ( 10.72794378042459407, 5.697591447090809780, 9.337857415294154251 ) ) ;
#3401 = CARTESIAN_POINT ( 'NONE',  ( 24.37840975558491863, 13.94875345071590367, 9.035529747155958802 ) ) ;
#3402 = CARTESIAN_POINT ( 'NONE',  ( 1.675142281889515194, 15.94387970480047656, 4.999478381024409224 ) ) ;
#3403 = CARTESIAN_POINT ( 'NONE',  ( -11.50812277531047023, 7.362707987143242150, 9.436039436531943991 ) ) ;
#3404 = CARTESIAN_POINT ( 'NONE',  ( 2.240373209218368800, -6.895159743139863018, 62.00000000000000000 ) ) ;
#3405 = CARTESIAN_POINT ( 'NONE',  ( -14.29691939704714621, -6.366064965466748049, 8.886785159412962543 ) ) ;
#3406 = CARTESIAN_POINT ( 'NONE',  ( 8.609804068747498818, -17.60041826736854276, 9.656074444160090309 ) ) ;
#3407 = CARTESIAN_POINT ( 'NONE',  ( -6.676299180457994531, 14.99364391839526611, 8.908695597015118040 ) ) ;
#3408 = CARTESIAN_POINT ( 'NONE',  ( -5.697591447090845307, 10.72794378042457453, 9.337857415294152474 ) ) ;
#3409 = CARTESIAN_POINT ( 'NONE',  ( 9.582304512035840105, 5.220254006911399181, 9.237924718603887086 ) ) ;
#3410 = ORIENTED_EDGE ( 'NONE', *, *, #4028, .F. ) ;
#3411 = ORIENTED_EDGE ( 'NONE', *, *, #4408, .T. ) ;
#3412 = CARTESIAN_POINT ( 'NONE',  ( 12.24312635372289293, 18.00670529405390141, 9.702929324004895051 ) ) ;
#3413 = ORIENTED_EDGE ( 'NONE', *, *, #3950, .T. ) ;
#3414 = ADVANCED_FACE ( 'NONE', ( #335 ), #801, .T. ) ;
#3415 = EDGE_CURVE ( 'NONE', #1328, #495, #2546, .T. ) ;
#3416 = CARTESIAN_POINT ( 'NONE',  ( 5.098780407186633390, -7.017869168904328880, 60.62500000000001421 ) ) ;
#3417 = CYLINDRICAL_SURFACE ( 'NONE', #2201, 7.250000000000000000 ) ;
#3418 = ORIENTED_EDGE ( 'NONE', *, *, #2031, .T. ) ;
#3419 = CARTESIAN_POINT ( 'NONE',  ( 26.75603856201193054, 8.253144883505349583, 6.142857142857142350 ) ) ;
#3420 = CARTESIAN_POINT ( 'NONE',  ( -17.68436061631803824, -8.645824245239650097, 9.658275495602522298 ) ) ;
#3421 = CARTESIAN_POINT ( 'NONE',  ( 9.730813276761965724, -21.85347680871187137, 9.037590209674165820 ) ) ;
#3422 = CARTESIAN_POINT ( 'NONE',  ( 12.38032881476996216, -0.4606749594395307401, 9.355217637996819491 ) ) ;
#3423 = CARTESIAN_POINT ( 'NONE',  ( -10.78482138309648164, 7.834990491359241638, 8.802444968223856137 ) ) ;
#3424 = AXIS2_PLACEMENT_3D ( 'NONE', #3320, #146, #614 ) ;
#3425 = CARTESIAN_POINT ( 'NONE',  ( -11.03719085841195202, -15.19263260247667269, 8.962402508024643666 ) ) ;
#3426 = DIRECTION ( 'NONE',  ( 0.000000000000000000, 0.000000000000000000, 1.000000000000000000 ) ) ;
#3427 = CARTESIAN_POINT ( 'NONE',  ( 3.492861136903334440, 31.00000000000000711, 5.071428571428571175 ) ) ;
#3428 = ORIENTED_EDGE ( 'NONE', *, *, #1151, .F. ) ;
#3429 = CARTESIAN_POINT ( 'NONE',  ( 15.82382826911756268, -10.61392125273738074, 9.642623109992767283 ) ) ;
#3430 = VECTOR ( 'NONE', #5420, 1000.000000000000114 ) ;
#3431 = EDGE_CURVE ( 'NONE', #1163, #5617, #2117, .T. ) ;
#3432 = CARTESIAN_POINT ( 'NONE',  ( 2.566189190698572986, -3.088341009974876705, 34.00000000000000000 ) ) ;
#3433 = SURFACE_SIDE_STYLE ('',( #1610 ) ) ;
#3434 = CYLINDRICAL_SURFACE ( 'NONE', #173, 7.250000000000000000 ) ;
#3435 = CARTESIAN_POINT ( 'NONE',  ( -13.70810621971923382, 9.025916474524027677, 9.561248461985641711 ) ) ;
#3436 = CARTESIAN_POINT ( 'NONE',  ( 4.480746418436737599, -6.167218360552288559, 62.12499999999998579 ) ) ;
#3437 = CARTESIAN_POINT ( 'NONE',  ( 10.97495585862419887, -0.7419160964484763365, 8.943115694354125012 ) ) ;
#3438 = CARTESIAN_POINT ( 'NONE',  ( 1.818653347947320587, 3.149999999999999467, 44.75000000000000000 ) ) ;
#3439 = CARTESIAN_POINT ( 'NONE',  ( -6.142838864434670754, 11.79154164372663516, 9.413923788595454312 ) ) ;
#3440 = CARTESIAN_POINT ( 'NONE',  ( 10.80880186574876411, 4.812892411662991421, 8.728034140222046489 ) ) ;
#3441 = VERTEX_POINT ( 'NONE', #1243 ) ;
#3442 = EDGE_CURVE ( 'NONE', #3797, #5208, #2513, .T. ) ;
#3443 = CARTESIAN_POINT ( 'NONE',  ( 15.41561393314911221, 22.28462792380955548, 9.779827166081952683 ) ) ;
#3444 = CARTESIAN_POINT ( 'NONE',  ( 8.195561608580566926, 12.60756875797319765, 9.505212387406180241 ) ) ;
#3445 = CARTESIAN_POINT ( 'NONE',  ( 6.674390203593315363, 4.849228331412905213, 61.25000000000001421 ) ) ;
#3446 = CARTESIAN_POINT ( 'NONE',  ( 0.6014065304058621164, -6.250000000000000000, 44.00000000000000000 ) ) ;
#3447 = ORIENTED_EDGE ( 'NONE', *, *, #3161, .F. ) ;
#3448 = FACE_OUTER_BOUND ( 'NONE', #4616, .T. ) ;
#3449 = CARTESIAN_POINT ( 'NONE',  ( -22.65311597553355938, 16.45710596061855213, 4.999478381024406559 ) ) ;
#3450 = CARTESIAN_POINT ( 'NONE',  ( 1.999999999999999556, 3.464101615137754830, 34.00000000000000000 ) ) ;
#3451 = CARTESIAN_POINT ( 'NONE',  ( 27.86977419651237398, -2.697955085553921162, 9.339059826362914762 ) ) ;
#3452 = CARTESIAN_POINT ( 'NONE',  ( 2.888986305001250088, 27.49715687660852481, 9.072011571271261232 ) ) ;
#3453 = CARTESIAN_POINT ( 'NONE',  ( -7.903446322759829279, -10.87905045907322688, 8.807460931324813558 ) ) ;
#3454 = CARTESIAN_POINT ( 'NONE',  ( -25.46114935249537226, -11.65045705224254391, 9.405155380086267058 ) ) ;
#3455 = CARTESIAN_POINT ( 'NONE',  ( -1.813223077125392102, -17.25812244858860467, 8.932521311116827789 ) ) ;
#3456 = VERTEX_POINT ( 'NONE', #1187 ) ;
#3457 = CARTESIAN_POINT ( 'NONE',  ( 20.24360037458626138, 9.013975076769170869, 9.016918189217614454 ) ) ;
#3458 = CARTESIAN_POINT ( 'NONE',  ( 0.000000000000000000, 0.000000000000000000, 24.00000000000000000 ) ) ;
#3459 = DIRECTION ( 'NONE',  ( 1.000000000000000000, 0.000000000000000000, 0.000000000000000000 ) ) ;
#3460 = CARTESIAN_POINT ( 'NONE',  ( 1.128984813634287931, 17.75246743515390691, 9.607311826833496937 ) ) ;
#3461 = CARTESIAN_POINT ( 'NONE',  ( 12.27858475146804906, -0.4477613417580503241, 9.349182199096759405 ) ) ;
#3462 = CARTESIAN_POINT ( 'NONE',  ( -12.65796603851042335, 0.4962780740236922838, 9.374522705705647496 ) ) ;
#3463 = FACE_OUTER_BOUND ( 'NONE', #4476, .T. ) ;
#3464 = CARTESIAN_POINT ( 'NONE',  ( -6.504391828688428134, 14.60757409891643732, 8.896629249940168904 ) ) ;
#3465 = CARTESIAN_POINT ( 'NONE',  ( 8.461936671294807866, -6.147454000675044661, 8.636644459345795610 ) ) ;
#3466 = CARTESIAN_POINT ( 'NONE',  ( 10.43265992228332983, 5.574201357124717759, 9.315460168994839307 ) ) ;
#3467 = VERTEX_POINT ( 'NONE', #1718 ) ;
#3468 = CARTESIAN_POINT ( 'NONE',  ( -11.91655281805249089, 7.672403155172624167, 9.463104457248791235 ) ) ;
#3469 = ORIENTED_EDGE ( 'NONE', *, *, #1509, .F. ) ;
#3470 = CARTESIAN_POINT ( 'NONE',  ( 11.93901203419500945, 17.59850286259174368, 9.692893076733820834 ) ) ;
#3471 = CARTESIAN_POINT ( 'NONE',  ( 7.223314668462577082, 9.942852972085427510, 8.753121458834705493 ) ) ;
#3472 =( BOUNDED_CURVE ( )  B_SPLINE_CURVE ( 2, ( #3785, #2456, #5190, #5129, #1077, #5571, #4635, #2843, #3723, #4193, #5633 ),
 .UNSPECIFIED., .F., .T. ) 
 B_SPLINE_CURVE_WITH_KNOTS ( ( 3, 2, 2, 2, 2, 3 ),
 ( 0.5000000000000004441, 0.5500000000000004885, 0.6000000000000005329, 0.6500000000000005773, 0.7000000000000006217, 0.7500000000000006661 ),
 .UNSPECIFIED. ) 
 CURVE ( )  GEOMETRIC_REPRESENTATION_ITEM ( )  RATIONAL_B_SPLINE_CURVE ( ( 0.9999999999999995559, 0.9510565162951539753, 1.000000000000000000, 0.9510565162951535312, 1.000000000000000000, 0.9510565162951535312, 1.000000000000000000, 0.9510565162951535312, 1.000000000000000000, 0.9510565162951528650, 1.000000000000000666 ) ) 
 REPRESENTATION_ITEM ( '' )  );
#3473 = VECTOR ( 'NONE', #4613, 999.9999999999998863 ) ;
#3474 = CARTESIAN_POINT ( 'NONE',  ( -6.674390203593317139, 4.849228331412902548, 59.50000000000001421 ) ) ;
#3475 = CARTESIAN_POINT ( 'NONE',  ( -1.711324865405184914, -3.630768281804420017, 33.99999999999998579 ) ) ;
#3476 = ORIENTED_EDGE ( 'NONE', *, *, #3777, .F. ) ;
#3477 = CARTESIAN_POINT ( 'NONE',  ( 0.000000000000000000, 0.000000000000000000, 24.00000000000000000 ) ) ;
#3478 = CARTESIAN_POINT ( 'NONE',  ( 27.84672688999641821, -2.925713846901357051, 9.074663436463126232 ) ) ;
#3479 = EDGE_CURVE ( 'NONE', #4179, #1239, #4286, .T. ) ;
#3480 = ORIENTED_EDGE ( 'NONE', *, *, #3950, .F. ) ;
#3481 = CARTESIAN_POINT ( 'NONE',  ( -0.8220310294507170434, 10.96924176899297798, 8.285714285714284699 ) ) ;
#3482 = B_SPLINE_SURFACE_WITH_KNOTS ( 'NONE', 1, 3, ( 
 ( #402, #1728, #2141, #1255, #3111, #5283, #2615, #3582, #4429, #2112, #4461, #4403, #3056, #4870, #3909, #4898, #868, #2193, #5254, #372, #1284, #840, #785, #2166 ),
 ( #345, #2640, #3524, #5699, #5781, #5335, #1313, #1667, #4372, #5364, #2667, #3936, #2223, #4022, #1345, #4925, #3138, #903, #319, #3461, #5723, #1698, #4074, #3215 ) ),
 .UNSPECIFIED., .F., .F., .F.,
 ( 2, 2 ),
 ( 4, 2, 2, 2, 2, 2, 2, 2, 2, 2, 2, 4 ),
 ( 0.000000000000000000, 1.000000000000000000 ),
 ( 0.01982871850929110447, 0.02257970761283119993, 0.02533069671637129538, 0.02808168581991139084, 0.03083267492345148977, 0.03358366402699158870, 0.03495915857876163990, 0.03633465313053168416, 0.03771014768230172842, 0.03908564223407177962, 0.04046113678584183082, 0.04183663133761187508 ),
 .UNSPECIFIED. ) ;
#3483 = CARTESIAN_POINT ( 'NONE',  ( -17.21180556602083911, 12.50408589615219235, 9.004298147025636467 ) ) ;
#3484 = CARTESIAN_POINT ( 'NONE',  ( -7.249999999999999112, -8.878689293818310074E-16, 63.50000000000000000 ) ) ;
#3485 = CARTESIAN_POINT ( 'NONE',  ( -1.934103979646061067, -18.40865789219489201, 8.957068822608093228 ) ) ;
#3486 = LINE ( 'NONE', #1248, #1526 ) ;
#3487 = AXIS2_PLACEMENT_3D ( 'NONE', #4843, #428, #4048 ) ;
#3488 = DIRECTION ( 'NONE',  ( -0.000000000000000000, -0.000000000000000000, -1.000000000000000000 ) ) ;
#3489 = CARTESIAN_POINT ( 'NONE',  ( 1.818653347947321031, -3.149999999999999911, 47.82499999999998863 ) ) ;
#3490 = CARTESIAN_POINT ( 'NONE',  ( -27.99999999999999645, 4.348965024795536771E-16, 8.999332994034862310 ) ) ;
#3491 = CARTESIAN_POINT ( 'NONE',  ( 7.235643762380822075, -16.24982092040584192, 8.942110561798720880 ) ) ;
#3492 = CARTESIAN_POINT ( 'NONE',  ( -11.44190224185905969, 25.55555024573071066, 9.140768878993265290 ) ) ;
#3493 = CARTESIAN_POINT ( 'NONE',  ( -27.54084285149507494, 2.268462889921766479, 9.785582408824424760 ) ) ;
#3494 = CARTESIAN_POINT ( 'NONE',  ( -10.96924176899297265, -0.8220310294507560123, 8.285714285714284699 ) ) ;
#3495 = CARTESIAN_POINT ( 'NONE',  ( -10.79984043935052185, 24.25429980685807152, 9.063038290305442501 ) ) ;
#3496 = CARTESIAN_POINT ( 'NONE',  ( 14.44232627460684526, -9.578192151852663372, 9.592965428804635764 ) ) ;
#3497 = CARTESIAN_POINT ( 'NONE',  ( 0.000000000000000000, 0.000000000000000000, 8.000000000000000000 ) ) ;
#3498 = CARTESIAN_POINT ( 'NONE',  ( -5.554932031332913134, -4.702115091351416254, 57.50000000000000711 ) ) ;
#3499 = CARTESIAN_POINT ( 'NONE',  ( -15.01625562865409513, 0.7937801723245591079, 9.505212387406180241 ) ) ;
#3500 = CARTESIAN_POINT ( 'NONE',  ( 15.60599705585128127, 22.54196090363468485, 9.783644783752150076 ) ) ;
#3501 = AXIS2_PLACEMENT_3D ( 'NONE', #1531, #449, #5084 ) ;
#3502 = EDGE_CURVE ( 'NONE', #4676, #3921, #911, .T. ) ;
#3503 = DIRECTION ( 'NONE',  ( 0.001226723534937188172, -0.002124747489351463178, -0.9999969902942084099 ) ) ;
#3504 = ORIENTED_EDGE ( 'NONE', *, *, #4384, .T. ) ;
#3505 = DIRECTION ( 'NONE',  ( -0.8660254037844385966, -0.5000000000000001110, 0.000000000000000000 ) ) ;
#3506 = ADVANCED_FACE ( 'NONE', ( #4448 ), #4140, .T. ) ;
#3507 = CARTESIAN_POINT ( 'NONE',  ( -23.54693717810431508, -11.17982211601631803, 9.767761934507689148 ) ) ;
#3508 =( BOUNDED_CURVE ( )  B_SPLINE_CURVE ( 2, ( #5256, #3855, #3823, #5577, #2463, #3002, #2563 ),
 .UNSPECIFIED., .F., .T. ) 
 B_SPLINE_CURVE_WITH_KNOTS ( ( 3, 2, 2, 3 ),
 ( 0.01666172618599907548, 0.03571428571428571230, 0.07142857142857142461, 0.09646968323894186681 ),
 .UNSPECIFIED. ) 
 CURVE ( )  GEOMETRIC_REPRESENTATION_ITEM ( )  RATIONAL_B_SPLINE_CURVE ( ( 0.9968701940290736196, 0.9966456421313096836, 1.000000000000000000, 0.9937122098932426040, 1.000000000000000000, 0.9955913088571033409, 0.9973649352736200235 ) ) 
 REPRESENTATION_ITEM ( '' )  );
#3509 = VERTEX_POINT ( 'NONE', #4985 ) ;
#3510 = CARTESIAN_POINT ( 'NONE',  ( 11.33118028901257190, -0.3252473444895643273, 9.274755408069175644 ) ) ;
#3511 = CARTESIAN_POINT ( 'NONE',  ( -10.54299985527595851, 7.659311237732532973, 8.789169392377740309 ) ) ;
#3512 = CARTESIAN_POINT ( 'NONE',  ( -2.240373209218368356, -6.895159743139863906, 61.50000000000000000 ) ) ;
#3513 = CARTESIAN_POINT ( 'NONE',  ( -1.418455973964323658, -13.50075850866496729, 8.812913050800606385 ) ) ;
#3514 = CARTESIAN_POINT ( 'NONE',  ( 15.85258400066299700, 7.058763976775373372, 8.932521311116829565 ) ) ;
#3515 = EDGE_CURVE ( 'NONE', #1605, #5142, #3801, .T. ) ;
#3516 = EDGE_CURVE ( 'NONE', #3711, #4886, #5075, .T. ) ;
#3517 = CARTESIAN_POINT ( 'NONE',  ( 6.014065304058600070, -2.083333333333335258, 44.00000000000000711 ) ) ;
#3518 = CARTESIAN_POINT ( 'NONE',  ( -0.7681950981821432656, -10.97316186684857797, 8.925829213361762271 ) ) ;
#3519 = CARTESIAN_POINT ( 'NONE',  ( -10.96924176899297265, -0.8220310294507560123, 8.285714285714284699 ) ) ;
#3520 = AXIS2_PLACEMENT_3D ( 'NONE', #717, #3426, #777 ) ;
#3521 = CARTESIAN_POINT ( 'NONE',  ( 0.6222307698574353063, 13.64768066686076331, 9.436039436531943991 ) ) ;
#3522 = VECTOR ( 'NONE', #4080, 1000.000000000000000 ) ;
#3523 = MANIFOLD_SOLID_BREP ( 'Chamfer1', #844 ) ;
#3524 = CARTESIAN_POINT ( 'NONE',  ( 30.05971620087303364, -2.552127005080501387, 9.809850538807884490 ) ) ;
#3525 = CARTESIAN_POINT ( 'NONE',  ( -27.90458680842348471, 2.309552998127173407, 9.789322327038767924 ) ) ;
#3526 = CARTESIAN_POINT ( 'NONE',  ( -10.93978556392716861, 1.149387582711168587, 10.00049293681678542 ) ) ;
#3527 = CARTESIAN_POINT ( 'NONE',  ( -5.041998470412170086, 11.32332863747854468, 8.757739689660130722 ) ) ;
#3528 = CARTESIAN_POINT ( 'NONE',  ( 9.312024840210685994, -5.688392130765607568, 9.237924718603887086 ) ) ;
#3529 = B_SPLINE_CURVE_WITH_KNOTS ( 'NONE', 1,
 ( #4877, #1708 ),
 .UNSPECIFIED., .F., .F.,
 ( 2, 2 ),
 ( 0.000000000000000000, 1.000000000000000000 ),
 .UNSPECIFIED. ) ;
#3530 = EDGE_CURVE ( 'NONE', #2948, #5379, #4573, .T. ) ;
#3531 = CARTESIAN_POINT ( 'NONE',  ( 22.53182997522011632, 10.03286718135415079, 9.045875455953151345 ) ) ;
#3532 = DIRECTION ( 'NONE',  ( 0.000000000000000000, 0.000000000000000000, 1.000000000000000000 ) ) ;
#3533 = CARTESIAN_POINT ( 'NONE',  ( -5.865373209218368800, 4.261443079120429189, 60.75000000000000000 ) ) ;
#3534 = CARTESIAN_POINT ( 'NONE',  ( -28.31941873198128690, -12.60993745752558226, 10.00049293681678542 ) ) ;
#3535 = CARTESIAN_POINT ( 'NONE',  ( -6.465291627385827411, -8.899438418959629615, 24.66837655001592822 ) ) ;
#3536 = DIRECTION ( 'NONE',  ( 0.000000000000000000, 0.000000000000000000, -1.000000000000000000 ) ) ;
#3537 = ORIENTED_EDGE ( 'NONE', *, *, #4816, .F. ) ;
#3538 = CARTESIAN_POINT ( 'NONE',  ( 18.52490647644971844, 25.10035694886592239, 5.071428571428571175 ) ) ;
#3539 = CARTESIAN_POINT ( 'NONE',  ( -20.52545241123524633, 19.04483665758562694, 6.142857142857142350 ) ) ;
#3540 = EDGE_LOOP ( 'NONE', ( #2947, #2980, #4881, #1090, #5492 ) ) ;
#3541 = CARTESIAN_POINT ( 'NONE',  ( 27.54084285149503586, -2.268462889921959658, 9.785582408824422984 ) ) ;
#3542 = CARTESIAN_POINT ( 'NONE',  ( 1.277171670900288936, 12.15602501552538506, 8.748585655624694368 ) ) ;
#3543 =( BOUNDED_SURFACE ( )  B_SPLINE_SURFACE ( 1, 2, ( 
 ( #5293, #383, #4442, #768, #5320, #412, #2094 ),
 ( #883, #1295, #3123, #4880, #852, #4005, #2680 ) ),
 .UNSPECIFIED., .F., .F., .T. ) 
 B_SPLINE_SURFACE_WITH_KNOTS ( ( 2, 2 ),
 ( 3, 2, 2, 3 ),
 ( 0.000000000000000000, 1.000000000000000000 ),
 ( 0.000000000000000000, 0.03571428571428571230, 0.07142857142857142461, 0.09998661063300855190 ),
 .UNSPECIFIED. ) 
 GEOMETRIC_REPRESENTATION_ITEM ( )  RATIONAL_B_SPLINE_SURFACE ( (
 ( 1.000000000000000000, 0.9937122098932426040, 1.000000000000000000, 0.9937122098932426040, 1.000000000000000000, 0.9949721252214146494, 0.9979850801651724002),
 ( 1.000000000000000000, 0.9937122098932426040, 1.000000000000000000, 0.9937122098932426040, 1.000000000000000000, 0.9949721252214146494, 0.9979850801651724002) ) ) 
 REPRESENTATION_ITEM ( '' )  SURFACE ( )  );
#3544 = CARTESIAN_POINT ( 'NONE',  ( -4.480746418436738487, 6.167218360552288559, 60.62500000000000000 ) ) ;
#3545 = CARTESIAN_POINT ( 'NONE',  ( -1.571129556840746178, -14.95389432035077348, 8.867948148798285857 ) ) ;
#3546 = CARTESIAN_POINT ( 'NONE',  ( 23.77421792190987659, 10.58607183763646375, 9.058421679211715372 ) ) ;
#3547 = CARTESIAN_POINT ( 'NONE',  ( 0.000000000000000000, 0.000000000000000000, 57.50000000000000000 ) ) ;
#3548 = CARTESIAN_POINT ( 'NONE',  ( -14.21591510003071335, -19.56812906412331188, 9.040454340733063532 ) ) ;
#3549 = CARTESIAN_POINT ( 'NONE',  ( 9.526279441628897615, -5.499999999999875655, 4.000000000000000000 ) ) ;
#3550 = CARTESIAN_POINT ( 'NONE',  ( 0.7369154813041505214, 14.56011270597101692, 9.483911076193066947 ) ) ;
#3551 = DIRECTION ( 'NONE',  ( -0.000000000000000000, -1.000000000000000000, -0.000000000000000000 ) ) ;
#3552 = CARTESIAN_POINT ( 'NONE',  ( -27.00686086247773332, 2.207999319135573568, 9.779827166081956236 ) ) ;
#3553 = ADVANCED_FACE ( 'NONE', ( #1019 ), #3099, .F. ) ;
#3554 = APPLICATION_CONTEXT ( 'automotive_design' ) ;
#3555 = CARTESIAN_POINT ( 'NONE',  ( 6.849617136294970265, -2.459654709754491186, 57.50000000000001421 ) ) ;
#3556 = CARTESIAN_POINT ( 'NONE',  ( -28.00000000000000000, 0.000000000000000000, 9.845359688719304003 ) ) ;
#3557 = CIRCLE ( 'NONE', #3840, 10.25000000000000000 ) ;
#3558 = CARTESIAN_POINT ( 'NONE',  ( -10.21572479785516663, 21.32514541717551637, 9.734601941943548553 ) ) ;
#3559 = CARTESIAN_POINT ( 'NONE',  ( -2.240373209218368356, -6.895159743139863906, 61.50000000000000000 ) ) ;
#3560 = CARTESIAN_POINT ( 'NONE',  ( -7.173288412535485215, -1.229263826697635009, 57.50000000000000711 ) ) ;
#3561 = DIRECTION ( 'NONE',  ( 0.000000000000000000, 0.000000000000000000, 1.000000000000000000 ) ) ;
#3562 = CARTESIAN_POINT ( 'NONE',  ( 17.78414223553934193, 25.49493074207567744, 9.817307459269112968 ) ) ;
#3563 = CARTESIAN_POINT ( 'NONE',  ( -16.11353888357254149, -22.18019778078415882, 9.070458438625532693 ) ) ;
#3564 = CARTESIAN_POINT ( 'NONE',  ( -11.21127637370083718, -15.43226035822768694, 8.968104430231896629 ) ) ;
#3565 = CARTESIAN_POINT ( 'NONE',  ( -6.250000000000000000, 0.000000000000000000, 21.00000000000000000 ) ) ;
#3566 = ORIENTED_EDGE ( 'NONE', *, *, #4385, .T. ) ;
#3567 = CARTESIAN_POINT ( 'NONE',  ( 21.66682671517486725, -17.81472771099149455, 5.572962681898481208 ) ) ;
#3568 = CARTESIAN_POINT ( 'NONE',  ( 8.511967638104415812, -6.998643029318090569, 5.572962681898482984 ) ) ;
#3569 = ORIENTED_EDGE ( 'NONE', *, *, #1250, .F. ) ;
#3570 = VERTEX_POINT ( 'NONE', #162 ) ;
#3571 = CARTESIAN_POINT ( 'NONE',  ( 19.63801766603626575, -1.354676875126218372, 9.658275495602522298 ) ) ;
#3572 = FACE_OUTER_BOUND ( 'NONE', #3259, .T. ) ;
#3573 = CARTESIAN_POINT ( 'NONE',  ( 4.667803196599342966E-16, -7.623101125727434813, 61.62499999999998579 ) ) ;
#3574 = CARTESIAN_POINT ( 'NONE',  ( -1.149387582711132838, -10.93978556392717749, 8.674148813960478321 ) ) ;
#3575 = CARTESIAN_POINT ( 'NONE',  ( 10.71932732043485537, 4.773051607333233193, 8.721862271799622590 ) ) ;
#3576 = EDGE_CURVE ( 'NONE', #4940, #4235, #1962, .T. ) ;
#3577 = CARTESIAN_POINT ( 'NONE',  ( -15.51612086313649108, -7.718325367626814426, 9.592965428804635764 ) ) ;
#3578 = CARTESIAN_POINT ( 'NONE',  ( -12.33393874071979468, -16.97759894098369315, 9.000015129673831993 ) ) ;
#3579 = CARTESIAN_POINT ( 'NONE',  ( 0.000000000000000000, 0.000000000000000000, 36.99390334559012672 ) ) ;
#3580 = CARTESIAN_POINT ( 'NONE',  ( 6.676299180458102001, -14.99364391839521815, 8.908695597015118040 ) ) ;
#3581 = EDGE_CURVE ( 'NONE', #3708, #1331, #1401, .T. ) ;
#3582 = CARTESIAN_POINT ( 'NONE',  ( 22.70573649061404353, -2.385576154680780547, 9.025451658185614789 ) ) ;
#3583 = CARTESIAN_POINT ( 'NONE',  ( -19.32136739307225781, 1.317040029371147503, 9.650545749611529445 ) ) ;
#3584 = CARTESIAN_POINT ( 'NONE',  ( 0.8295285446041552602, 15.30507420767161975, 9.517545350385882230 ) ) ;
#3585 = CARTESIAN_POINT ( 'NONE',  ( -8.653817917096327861, 19.43475882018094936, 9.004298147025638244 ) ) ;
#3586 = CARTESIAN_POINT ( 'NONE',  ( -10.81073441407800395, 22.69782641230636244, 9.756333960009660800 ) ) ;
#3587 = CARTESIAN_POINT ( 'NONE',  ( -5.865373209218368800, 4.261443079120429189, 63.25000000000000000 ) ) ;
#3588 = CARTESIAN_POINT ( 'NONE',  ( 0.000000000000000000, 0.000000000000000000, 34.00000000000000000 ) ) ;
#3589 = CARTESIAN_POINT ( 'NONE',  ( -4.000000000000000000, 0.000000000000000000, 24.00000000000000000 ) ) ;
#3590 = CARTESIAN_POINT ( 'NONE',  ( -9.732074921942615475, 5.143551772128456712, 8.641523130926682228 ) ) ;
#3591 = CARTESIAN_POINT ( 'NONE',  ( -20.95204235492074218, 2.201324438624501223, 9.001241796277092533 ) ) ;
#3592 = ORIENTED_EDGE ( 'NONE', *, *, #3077, .F. ) ;
#3593 = CARTESIAN_POINT ( 'NONE',  ( -23.27992884655911965, 16.15099094042875549, 9.793014732039781123 ) ) ;
#3594 = CARTESIAN_POINT ( 'NONE',  ( 8.249999999999998224, -2.680587493921476661, 63.62499999999998579 ) ) ;
#3595 = ORIENTED_EDGE ( 'NONE', *, *, #371, .T. ) ;
#3596 = EDGE_CURVE ( 'NONE', #3622, #2319, #596, .T. ) ;
#3597 = VECTOR ( 'NONE', #3632, 1000.000000000000227 ) ;
#3598 = ORIENTED_EDGE ( 'NONE', *, *, #4408, .F. ) ;
#3599 = ADVANCED_FACE ( 'NONE', ( #4813 ), #811, .F. ) ;
#3600 = CARTESIAN_POINT ( 'NONE',  ( 1.685817629190413891, 16.04548686677868474, 8.900697539376409395 ) ) ;
#3601 = CARTESIAN_POINT ( 'NONE',  ( 8.250000000000000000, 0.000000000000000000, 63.74999999999998579 ) ) ;
#3602 = CARTESIAN_POINT ( 'NONE',  ( -2.244209449934798428, -27.32490932158891539, 9.783644783752150076 ) ) ;
#3603 = CARTESIAN_POINT ( 'NONE',  ( 10.04882600167081641, 4.474493936541264816, 8.674148813960478321 ) ) ;
#3604 = CARTESIAN_POINT ( 'NONE',  ( -12.97788522598752792, -6.641868825734138504, 9.483911076193066947 ) ) ;
#3605 = CARTESIAN_POINT ( 'NONE',  ( -1.062410831552711876, -10.94892376852661364, 8.731743395424922838 ) ) ;
#3606 = DIRECTION ( 'NONE',  ( 0.000000000000000000, 0.000000000000000000, 1.000000000000000000 ) ) ;
#3607 = CARTESIAN_POINT ( 'NONE',  ( -1.818653347947321031, 3.149999999999999467, 64.75000000000000000 ) ) ;
#3608 = CARTESIAN_POINT ( 'NONE',  ( -4.480746418436738487, 6.167218360552287670, 58.37499999999999289 ) ) ;
#3609 = CARTESIAN_POINT ( 'NONE',  ( 12.31831280331399903, -6.600884007442518353, 21.00000000000000000 ) ) ;
#3610 = CARTESIAN_POINT ( 'NONE',  ( 0.5759163139085543559, 13.28319404546671834, 9.413923788595452535 ) ) ;
#3611 = CARTESIAN_POINT ( 'NONE',  ( -0.6369269826118464373, -13.76505048267531706, 9.441877396648989063 ) ) ;
#3612 = CIRCLE ( 'NONE', #5205, 7.250000000000000000 ) ;
#3613 = CARTESIAN_POINT ( 'NONE',  ( 8.249999999999998224, 2.680587493921479325, 61.12500000000001421 ) ) ;
#3614 = CARTESIAN_POINT ( 'NONE',  ( -4.480746418436738487, 6.167218360552287670, 60.62500000000000000 ) ) ;
#3615 = CARTESIAN_POINT ( 'NONE',  ( 25.57882982243479830, 11.38962092937776482, 9.845359688719304003 ) ) ;
#3616 = ADVANCED_FACE ( 'NONE', ( #3027 ), #3482, .T. ) ;
#3617 = DIRECTION ( 'NONE',  ( 3.854941057726234153E-16, 0.000000000000000000, 1.000000000000000000 ) ) ;
#3618 = CARTESIAN_POINT ( 'NONE',  ( -19.57434907906609212, 2.056577218964780851, 8.979242739895562764 ) ) ;
#3619 = EDGE_LOOP ( 'NONE', ( #5321, #4764, #5584, #110 ) ) ;
#3620 = CARTESIAN_POINT ( 'NONE',  ( 13.25742453871879434, -1.392890112378461387, 8.802444968223852584 ) ) ;
#3621 = ORIENTED_EDGE ( 'NONE', *, *, #553, .T. ) ;
#3622 = VERTEX_POINT ( 'NONE', #64 ) ;
#3623 = CARTESIAN_POINT ( 'NONE',  ( 1.670818489646137328, 15.90272617166942837, 8.896629249940168904 ) ) ;
#3624 = CARTESIAN_POINT ( 'NONE',  ( 4.772721130293104963, 9.910657546926627148, 8.285714285714284699 ) ) ;
#3625 = CARTESIAN_POINT ( 'NONE',  ( -2.549390203593317583, 7.846216259435016660, 59.49999999999998579 ) ) ;
#3626 = CARTESIAN_POINT ( 'NONE',  ( -1.932532151167580814, -24.59013476750912375, 9.750172582966193602 ) ) ;
#3627 = CARTESIAN_POINT ( 'NONE',  ( -28.98922476854377095, -13.55509752914250221, 9.824066885615200917 ) ) ;
#3628 = CARTESIAN_POINT ( 'NONE',  ( 22.95897929932380421, -16.02790393469615182, 9.683307533425933755 ) ) ;
#3629 = CYLINDRICAL_SURFACE ( 'NONE', #5811, 7.250000000000000000 ) ;
#3630 = CARTESIAN_POINT ( 'NONE',  ( 6.284972679717596655, -12.13035354516783748, 9.436039436531943991 ) ) ;
#3631 = CARTESIAN_POINT ( 'NONE',  ( 7.750000000000000000, 0.000000000000000000, 63.00000000000000000 ) ) ;
#3632 = DIRECTION ( 'NONE',  ( -0.002453447069874119604, -6.576787090056090579E-17, 0.9999969902942084099 ) ) ;
#3633 = CARTESIAN_POINT ( 'NONE',  ( 1.755506234515793906, 23.05710723316120081, 9.726382675456340721 ) ) ;
#3634 = APPLICATION_PROTOCOL_DEFINITION ( 'draft international standard', 'automotive_design', 1998, #3554 ) ;
#3635 = CARTESIAN_POINT ( 'NONE',  ( -8.715157619361418639, 17.84588429431015655, 9.662450345237980187 ) ) ;
#3636 = CARTESIAN_POINT ( 'NONE',  ( 9.933448444417347645, 4.725242132874470258, 8.855776607805401213 ) ) ;
#3637 = CARTESIAN_POINT ( 'NONE',  ( -23.39154456181020691, -10.41567684531047355, 9.054651662031220738 ) ) ;
#3638 = CARTESIAN_POINT ( 'NONE',  ( 19.46417791105639239, -14.14039634390942268, 9.039072486902583137 ) ) ;
#3639 = CARTESIAN_POINT ( 'NONE',  ( -7.216878364870322748, 8.692641437761599014E-16, 44.00000000000000711 ) ) ;
#3640 = CARTESIAN_POINT ( 'NONE',  ( 16.36440013537668037, 22.72024831769082454, 9.206866708977541336 ) ) ;
#3641 = ORIENTED_EDGE ( 'NONE', *, *, #3959, .F. ) ;
#3642 = CARTESIAN_POINT ( 'NONE',  ( -25.14767785320561799, 18.26936301128247564, 9.095426565020519050 ) ) ;
#3643 = CARTESIAN_POINT ( 'NONE',  ( 12.08621891145066840, -1.269837498877299131, 8.744794086262942301 ) ) ;
#3644 = EDGE_LOOP ( 'NONE', ( #1769, #2488, #5459, #1183 ) ) ;
#3645 = ORIENTED_EDGE ( 'NONE', *, *, #2053, .T. ) ;
#3646 = CARTESIAN_POINT ( 'NONE',  ( 1.439753422708610842, 13.70346604250711309, 8.821446984288817461 ) ) ;
#3647 = CARTESIAN_POINT ( 'NONE',  ( -2.925713846901060400, -27.84672688999645018, 9.074671307245075980 ) ) ;
#3648 = CARTESIAN_POINT ( 'NONE',  ( 25.39885165126209543, 11.78587146010283604, 9.577280781481603000 ) ) ;
#3649 = CARTESIAN_POINT ( 'NONE',  ( -1.571313814064093428, -14.95564806690458148, 8.867918396825432481 ) ) ;
#3650 = ADVANCED_FACE ( 'NONE', ( #4488 ), #3273, .T. ) ;
#3651 = DIRECTION ( 'NONE',  ( 0.000000000000000000, 0.000000000000000000, 1.000000000000000000 ) ) ;
#3652 = CARTESIAN_POINT ( 'NONE',  ( -8.756334261504076011, -13.35056310892177578, 9.543723846560887125 ) ) ;
#3653 = CARTESIAN_POINT ( 'NONE',  ( 0.000000000000000000, 0.000000000000000000, -9.000000000000001776 ) ) ;
#3654 = CARTESIAN_POINT ( 'NONE',  ( -5.098780407186631614, -7.017869168904328880, 60.12500000000000000 ) ) ;
#3655 = CARTESIAN_POINT ( 'NONE',  ( -15.95242480577320521, -23.01130467435846327, 9.789319808576792070 ) ) ;
#3656 = CARTESIAN_POINT ( 'NONE',  ( -7.249999999999999112, -8.878689293818310074E-16, 58.75000000000000000 ) ) ;
#3657 = DIRECTION ( 'NONE',  ( -0.000000000000000000, -0.000000000000000000, -1.000000000000000000 ) ) ;
#3658 = CARTESIAN_POINT ( 'NONE',  ( 0.5412871870191506840, 13.01056841991537816, 9.397411250737830457 ) ) ;
#3659 =( LENGTH_UNIT ( ) NAMED_UNIT ( * ) SI_UNIT ( .MILLI., .METRE. ) );
#3660 = PLANE ( 'NONE',  #3087 ) ;
#3661 = CARTESIAN_POINT ( 'NONE',  ( -9.136407258678145737, 18.82563642195517772, 9.685943259803069694 ) ) ;
#3662 = DIRECTION ( 'NONE',  ( 0.5000000000000002220, -0.8660254037844385966, 0.000000000000000000 ) ) ;
#3663 = CARTESIAN_POINT ( 'NONE',  ( -23.80777736890301099, -10.60101503021055791, 9.058750113913898616 ) ) ;
#3664 = CARTESIAN_POINT ( 'NONE',  ( 6.998643029318122544, 8.511967638104392719, 5.572962681898416371 ) ) ;
#3665 = VECTOR ( 'NONE', #4981, 1000.000000000000000 ) ;
#3666 = CARTESIAN_POINT ( 'NONE',  ( 23.45079775666467725, -1.801034366076254223, 9.732645666514963878 ) ) ;
#3667 = CARTESIAN_POINT ( 'NONE',  ( -5.799727289925980855, 30.65229587297138281, 7.214285714285715301 ) ) ;
#3668 = CARTESIAN_POINT ( 'NONE',  ( 7.222866025196272410, 9.942235417092812000, 8.752111538817327840 ) ) ;
#3669 = ORIENTED_EDGE ( 'NONE', *, *, #1936, .F. ) ;
#3670 = CARTESIAN_POINT ( 'NONE',  ( -9.942852972085450602, 7.223314668462541555, 8.753121458834705493 ) ) ;
#3671 = CARTESIAN_POINT ( 'NONE',  ( 12.60582416446653831, -1.324429777879300385, 8.772138810067740877 ) ) ;
#3672 = ORIENTED_EDGE ( 'NONE', *, *, #4984, .T. ) ;
#3673 = ORIENTED_EDGE ( 'NONE', *, *, #3415, .T. ) ;
#3674 = CARTESIAN_POINT ( 'NONE',  ( -27.88898648699674254, 2.492561735443834081, 9.577280781481603000 ) ) ;
#3675 = CARTESIAN_POINT ( 'NONE',  ( -5.554932031332913134, 4.702115091351413589, 57.50000000000000711 ) ) ;
#3676 = ADVANCED_FACE ( 'NONE', ( #5031 ), #4050, .T. ) ;
#3677 = ORIENTED_EDGE ( 'NONE', *, *, #4123, .T. ) ;
#3678 = DIRECTION ( 'NONE',  ( -0.5877537843078108892, -0.8090398562690513939, 0.000000000000000000 ) ) ;
#3679 = DIRECTION ( 'NONE',  ( 0.000000000000000000, -1.000000000000000000, 0.000000000000000000 ) ) ;
#3680 = CARTESIAN_POINT ( 'NONE',  ( -14.99364391839523947, -6.676299180458045157, 8.908695597015118040 ) ) ;
#3681 = CARTESIAN_POINT ( 'NONE',  ( -7.250000000000000000, 8.878689293818310074E-16, 36.99390334559012672 ) ) ;
#3682 = CARTESIAN_POINT ( 'NONE',  ( 28.00000000000000000, 3.429011037612589276E-15, 9.845359688719304003 ) ) ;
#3683 = CARTESIAN_POINT ( 'NONE',  ( -8.250000000000000000, 2.680587493921476216, 59.87499999999997158 ) ) ;
#3684 = CARTESIAN_POINT ( 'NONE',  ( 6.106904205467088786, -11.70628745409806371, 9.409485193919609358 ) ) ;
#3685 = EDGE_CURVE ( 'NONE', #2888, #4687, #2330, .T. ) ;
#3686 = CARTESIAN_POINT ( 'NONE',  ( 10.26135039757869727, -6.413743293498173514, 9.334463155791651090 ) ) ;
#3687 = CARTESIAN_POINT ( 'NONE',  ( 2.405626121623441360, 6.249999999999998224, 44.00000000000000711 ) ) ;
#3688 =( BOUNDED_CURVE ( )  B_SPLINE_CURVE ( 2, ( #2228, #5262, #5343, #2148, #1734, #3943, #3090 ),
 .UNSPECIFIED., .F., .T. ) 
 B_SPLINE_CURVE_WITH_KNOTS ( ( 3, 2, 2, 3 ),
 ( 0.01666172618599908242, 0.03571428571428571230, 0.07142857142857142461, 0.09646968323894190844 ),
 .UNSPECIFIED. ) 
 CURVE ( )  GEOMETRIC_REPRESENTATION_ITEM ( )  RATIONAL_B_SPLINE_CURVE ( ( 0.9968701940290736196, 0.9966456421313096836, 1.000000000000000000, 0.9937122098932426040, 1.000000000000000000, 0.9955913088571033409, 0.9973649352736200235 ) ) 
 REPRESENTATION_ITEM ( '' )  );
#3689 = CARTESIAN_POINT ( 'NONE',  ( 6.329256242563563006, 8.996986176755443765, 8.784349666569243098 ) ) ;
#3690 = CARTESIAN_POINT ( 'NONE',  ( 0.4962780740237356381, 12.65796603851042512, 9.374522705705645720 ) ) ;
#3691 = PRODUCT ( 'clutch_interface_shaft', 'clutch_interface_shaft', '', ( #5446 ) ) ;
#3692 = CARTESIAN_POINT ( 'NONE',  ( -6.465291627385828299, -8.899438418959627839, 4.999478381024411000 ) ) ;
#3693 = CARTESIAN_POINT ( 'NONE',  ( -6.499019229524528818, -10.37316170840840535, 9.344654686358293105 ) ) ;
#3694 = LINE ( 'NONE', #194, #2532 ) ;
#3695 = CARTESIAN_POINT ( 'NONE',  ( 9.866470961374364634, 4.863411899919150017, 8.956607300572754227 ) ) ;
#3696 = CARTESIAN_POINT ( 'NONE',  ( -2.240373209218369688, 6.895159743139863018, 60.75000000000000000 ) ) ;
#3697 = CARTESIAN_POINT ( 'NONE',  ( 5.688392130765574706, 9.312024840210705534, 9.237924718603887086 ) ) ;
#3698 = CARTESIAN_POINT ( 'NONE',  ( 20.42127712299244990, -1.447421748708221934, 9.676375761156624122 ) ) ;
#3699 = VECTOR ( 'NONE', #3160, 1000.000000000000114 ) ;
#3700 = CARTESIAN_POINT ( 'NONE',  ( -26.12004168718205577, 2.744299821939820916, 9.060546209440238030 ) ) ;
#3701 = ORIENTED_EDGE ( 'NONE', *, *, #1761, .F. ) ;
#3702 = CIRCLE ( 'NONE', #2765, 4.000000000000000000 ) ;
#3703 = PLANE ( 'NONE',  #473 ) ;
#3704 = VERTEX_POINT ( 'NONE', #4102 ) ;
#3705 = CIRCLE ( 'NONE', #2864, 4.000000000000000000 ) ;
#3706 = EDGE_LOOP ( 'NONE', ( #3230, #5621 ) ) ;
#3707 = CARTESIAN_POINT ( 'NONE',  ( 6.524714229545250710, 10.40686171213508082, 9.347679155393771921 ) ) ;
#3708 = VERTEX_POINT ( 'NONE', #127 ) ;
#3709 = CARTESIAN_POINT ( 'NONE',  ( -27.85851229109925953, 2.811862076084166162, 9.206866708977541336 ) ) ;
#3710 = CARTESIAN_POINT ( 'NONE',  ( 2.447730273519422184, 10.72420703400006836, 6.142857142857142350 ) ) ;
#3711 = VERTEX_POINT ( 'NONE', #5068 ) ;
#3712 = CARTESIAN_POINT ( 'NONE',  ( -2.000000000000000888, 3.464101615137754386, 34.00000000000000000 ) ) ;
#3713 = CARTESIAN_POINT ( 'NONE',  ( -6.197532156395112679, -9.088036271806432254, 8.889619462053373056 ) ) ;
#3714 = CARTESIAN_POINT ( 'NONE',  ( -1.810763289025467682, -17.23471036831956482, 8.931712705553785270 ) ) ;
#3715 = CARTESIAN_POINT ( 'NONE',  ( 25.57882982243480896, 11.38962092937776660, 4.999478381024410112 ) ) ;
#3716 = CARTESIAN_POINT ( 'NONE',  ( -8.370929896627259836, -12.83981879834757223, 9.517545350385882230 ) ) ;
#3717 = CARTESIAN_POINT ( 'NONE',  ( 0.000000000000000000, 0.000000000000000000, 34.00000000000000000 ) ) ;
#3718 = CARTESIAN_POINT ( 'NONE',  ( -6.674390203593317139, 4.849228331412902548, 62.00000000000001421 ) ) ;
#3719 = DIRECTION ( 'NONE',  ( -0.3779644730092290295, 0.6546536707079801953, 0.6546536707079729789 ) ) ;
#3720 = DIRECTION ( 'NONE',  ( 0.000000000000000000, 0.000000000000000000, 1.000000000000000000 ) ) ;
#3721 = CARTESIAN_POINT ( 'NONE',  ( -0.3572655899081643160, 3.999999999999999112, 34.00000000000000000 ) ) ;
#3722 = FACE_OUTER_BOUND ( 'NONE', #1180, .T. ) ;
#3723 = CARTESIAN_POINT ( 'NONE',  ( -5.865373209218367911, -4.261443079120430966, 59.00000000000000000 ) ) ;
#3724 = CARTESIAN_POINT ( 'NONE',  ( 10.04882600167081641, 4.474493936541264816, 8.674148813960478321 ) ) ;
#3725 = CARTESIAN_POINT ( 'NONE',  ( -1.803440221132823096, -23.47161876538829972, 9.732972412448539501 ) ) ;
#3726 = CARTESIAN_POINT ( 'NONE',  ( 11.54625080579290675, -25.50851019424159460, 9.272963267648437480 ) ) ;
#3727 =( BOUNDED_CURVE ( )  B_SPLINE_CURVE ( 2, ( #1625, #271, #1593 ),
 .UNSPECIFIED., .F., .T. ) 
 B_SPLINE_CURVE_WITH_KNOTS ( ( 3, 3 ),
 ( 0.08333888588391281937, 0.09646968323894188069 ),
 .UNSPECIFIED. ) 
 CURVE ( )  GEOMETRIC_REPRESENTATION_ITEM ( )  RATIONAL_B_SPLINE_CURVE ( ( 0.9972047752087660477, 0.9964348995293939026, 0.9973649352736199125 ) ) 
 REPRESENTATION_ITEM ( '' )  );
#3728 = CARTESIAN_POINT ( 'NONE',  ( 2.549390203593314919, 7.846216259435018436, 61.50000000000001421 ) ) ;
#3729 = EDGE_CURVE ( 'NONE', #3319, #3704, #2778, .T. ) ;
#3730 = CARTESIAN_POINT ( 'NONE',  ( 7.500000000000000000, 0.000000000000000000, -9.000000000000001776 ) ) ;
#3731 = CARTESIAN_POINT ( 'NONE',  ( 11.58814066302329060, -8.418588373621648913, 8.843057415417662881 ) ) ;
#3732 = CARTESIAN_POINT ( 'NONE',  ( 12.65796603851042157, -0.4962780740237797694, 9.374522705705640391 ) ) ;
#3733 = CARTESIAN_POINT ( 'NONE',  ( 16.24551155075209508, -11.80208962263461991, 8.986512289013813159 ) ) ;
#3734 = CARTESIAN_POINT ( 'NONE',  ( -6.674390203593315363, -4.849228331412904325, 62.74999999999998579 ) ) ;
#3735 = ORIENTED_EDGE ( 'NONE', *, *, #4634, .F. ) ;
#3736 = ORIENTED_EDGE ( 'NONE', *, *, #1420, .F. ) ;
#3737 = CARTESIAN_POINT ( 'NONE',  ( 6.758772438700996865, 10.71398111257882668, 9.374522705705649273 ) ) ;
#3738 = ORIENTED_EDGE ( 'NONE', *, *, #4887, .T. ) ;
#3739 = CARTESIAN_POINT ( 'NONE',  ( 3.608439182435158710, -6.250000000000000000, 44.00000000000000711 ) ) ;
#3740 = CARTESIAN_POINT ( 'NONE',  ( 3.637306695894642505, -1.968512776180124087E-16, 47.82499999999998863 ) ) ;
#3741 = ORIENTED_EDGE ( 'NONE', *, *, #3442, .T. ) ;
#3742 = CARTESIAN_POINT ( 'NONE',  ( -1.593491436080465827E-15, 8.674563349965705328, 59.37499999999997158 ) ) ;
#3743 = CARTESIAN_POINT ( 'NONE',  ( -6.129996116312959487, -9.133632530757246570, 8.943115694354066392 ) ) ;
#3744 = CARTESIAN_POINT ( 'NONE',  ( -11.96392403434610863, -6.215213273664517146, 9.424864755848400222 ) ) ;
#3745 = CARTESIAN_POINT ( 'NONE',  ( -17.81472771099142349, -21.66682671517494896, 5.572962681898414594 ) ) ;
#3746 = VECTOR ( 'NONE', #3879, 1000.000000000000000 ) ;
#3747 = CARTESIAN_POINT ( 'NONE',  ( -14.80233471954642610, -21.45547855131341564, 9.767761934507690924 ) ) ;
#3748 = CARTESIAN_POINT ( 'NONE',  ( -10.72420703400007547, 2.447730273519383992, 6.142857142857142350 ) ) ;
#3749 = CARTESIAN_POINT ( 'NONE',  ( 6.674390203593317139, -4.849228331412903437, 63.25000000000001421 ) ) ;
#3750 = CARTESIAN_POINT ( 'NONE',  ( -2.925713846901060400, -27.84672688999645018, 9.074671307245075980 ) ) ;
#3751 = CARTESIAN_POINT ( 'NONE',  ( 16.47049004350750678, -11.09741034218970945, 9.662450345237978411 ) ) ;
#3752 = CARTESIAN_POINT ( 'NONE',  ( 0.000000000000000000, 0.000000000000000000, 44.75000000000000000 ) ) ;
#3753 = CARTESIAN_POINT ( 'NONE',  ( 10.85399913128754612, 5.750249501607959779, 9.347679155393773698 ) ) ;
#3754 = CARTESIAN_POINT ( 'NONE',  ( 15.94387970480046590, -1.675142281889569817, 4.999478381024408336 ) ) ;
#3755 = CARTESIAN_POINT ( 'NONE',  ( -1.801034366076005089, -23.45079775666469502, 9.732645666514965654 ) ) ;
#3756 = CARTESIAN_POINT ( 'NONE',  ( 7.529345766163392462, -16.90941737404069656, 8.957068822608098557 ) ) ;
#3757 = B_SPLINE_SURFACE_WITH_KNOTS ( 'NONE', 3, 1, ( 
 ( #1254, #839 ),
 ( #2639, #2140 ),
 ( #5363, #3934 ),
 ( #1783, #4402 ),
 ( #2614, #1311 ),
 ( #2192, #4897 ),
 ( #1807, #3993 ),
 ( #5780, #1754 ),
 ( #1697, #2666 ),
 ( #453, #2165 ) ),
 .UNSPECIFIED., .F., .F., .F.,
 ( 4, 2, 2, 2, 4 ),
 ( 2, 2 ),
 ( 0.000000000000000000, 0.2500000000000000000, 0.5000000000000000000, 0.7500000000000000000, 1.000000000000000000 ),
 ( 0.000000000000000000, 1.000000000000000000 ),
 .UNSPECIFIED. ) ;
#3758 = CARTESIAN_POINT ( 'NONE',  ( 7.750000000000000000, 0.000000000000000000, 59.25000000000000000 ) ) ;
#3759 = CARTESIAN_POINT ( 'NONE',  ( -17.02122068449440917, -7.579129017921014011, 8.959518355077150886 ) ) ;
#3760 = CARTESIAN_POINT ( 'NONE',  ( 6.248151399115545956, -12.04233667489210013, 9.429744918685750932 ) ) ;
#3761 = CARTESIAN_POINT ( 'NONE',  ( -7.898504188482837307, 15.93858018551639510, 9.607311826833496937 ) ) ;
#3762 = CARTESIAN_POINT ( 'NONE',  ( 12.16631424896684877, -8.838621713749356346, 8.867918396825432481 ) ) ;
#3763 = CARTESIAN_POINT ( 'NONE',  ( 2.549390203593314919, 7.846216259435018436, 61.74999999999998579 ) ) ;
#3764 = VERTEX_POINT ( 'NONE', #3166 ) ;
#3765 = EDGE_CURVE ( 'NONE', #4295, #1328, #2809, .T. ) ;
#3766 = AXIS2_PLACEMENT_3D ( 'NONE', #1713, #3505, #825 ) ;
#3767 = VERTEX_POINT ( 'NONE', #1011 ) ;
#3768 = LINE ( 'NONE', #4482, #3978 ) ;
#3769 = ORIENTED_EDGE ( 'NONE', *, *, #2971, .T. ) ;
#3770 = CARTESIAN_POINT ( 'NONE',  ( 9.455873077999722653, -5.621947398981772537, 9.121746233109126578 ) ) ;
#3771 = LINE ( 'NONE', #209, #1445 ) ;
#3772 = ORIENTED_EDGE ( 'NONE', *, *, #4379, .F. ) ;
#3773 = CARTESIAN_POINT ( 'NONE',  ( 29.62275697937034735, 9.137410406738064594, 6.142857142857142350 ) ) ;
#3774 = CARTESIAN_POINT ( 'NONE',  ( -16.47049004350758494, 11.09741034218959577, 9.662450345237978411 ) ) ;
#3775 = CARTESIAN_POINT ( 'NONE',  ( -16.62790056595842003, -8.193159343666113870, 9.628694860343005146 ) ) ;
#3776 = EDGE_CURVE ( 'NONE', #4678, #1270, #1065, .T. ) ;
#3777 = EDGE_CURVE ( 'NONE', #470, #5202, #2695, .T. ) ;
#3778 = CARTESIAN_POINT ( 'NONE',  ( -7.885710941809985108, 17.70974288434790367, 4.999478381024410112 ) ) ;
#3779 = CARTESIAN_POINT ( 'NONE',  ( -13.27962574668506157, -19.40104171647792697, 9.732501247234319308 ) ) ;
#3780 = CARTESIAN_POINT ( 'NONE',  ( 1.202813060811714907, 6.249999999999998224, 44.00000000000000711 ) ) ;
#3781 = CARTESIAN_POINT ( 'NONE',  ( 2.549390203593316695, -7.846216259435016660, 60.74999999999998579 ) ) ;
#3782 = CARTESIAN_POINT ( 'NONE',  ( 0.08660254037841806640, -1.449061418751871438E-15, 44.75000000000000000 ) ) ;
#3783 = CARTESIAN_POINT ( 'NONE',  ( 23.01130462952471234, -15.95242489830978805, 9.789321067969931178 ) ) ;
#3784 = VECTOR ( 'NONE', #1583, 1000.000000000000227 ) ;
#3785 = CARTESIAN_POINT ( 'NONE',  ( 7.249999999999999112, 0.000000000000000000, 60.00000000000000000 ) ) ;
#3786 = LINE ( 'NONE', #2457, #1298 ) ;
#3787 = CARTESIAN_POINT ( 'NONE',  ( -2.091458626790865694, -25.98215683556276190, 9.767761934507690924 ) ) ;
#3788 = CARTESIAN_POINT ( 'NONE',  ( 7.759091321190344281, -17.42538032758703181, 8.968104430231891300 ) ) ;
#3789 = CARTESIAN_POINT ( 'NONE',  ( 0.7937801723246120655, 15.01625562865409513, 9.505212387406180241 ) ) ;
#3790 = CARTESIAN_POINT ( 'NONE',  ( 2.240373209218367467, 6.895159743139863906, 60.50000000000000000 ) ) ;
#3791 = CARTESIAN_POINT ( 'NONE',  ( -13.55304518093935862, 0.6101104991207698669, 9.429744918685750932 ) ) ;
#3792 = CARTESIAN_POINT ( 'NONE',  ( 5.254342891941142568, -9.663947473672832800, 9.244236608254535525 ) ) ;
#3793 = CARTESIAN_POINT ( 'NONE',  ( -6.284972679717509614, 12.13035354516788011, 9.436039436531943991 ) ) ;
#3794 = B_SPLINE_CURVE_WITH_KNOTS ( 'NONE', 3,
 ( #4935, #491, #3640, #1871, #2285, #545, #882, #5427, #1354, #4496 ),
 .UNSPECIFIED., .F., .F.,
 ( 4, 3, 3, 4 ),
 ( 0.000000000000000000, 0.0002622927178851033208, 0.0005245854360846652787, 0.0009453804127720457154 ),
 .UNSPECIFIED. ) ;
#3795 = CARTESIAN_POINT ( 'NONE',  ( -18.00076894339613531, 1.891249164061779897, 8.948779096980008063 ) ) ;
#3796 = CARTESIAN_POINT ( 'NONE',  ( -22.65311597553354872, 16.45710596061854147, 9.845359688719304003 ) ) ;
#3797 = VERTEX_POINT ( 'NONE', #4160 ) ;
#3798 = ORIENTED_EDGE ( 'NONE', *, *, #2564, .T. ) ;
#3799 = CARTESIAN_POINT ( 'NONE',  ( 11.09741034218965439, 16.47049004350754231, 9.662450345237978411 ) ) ;
#3800 = ORIENTED_EDGE ( 'NONE', *, *, #4123, .F. ) ;
#3801 = B_SPLINE_CURVE_WITH_KNOTS ( 'NONE', 3,
 ( #1429, #960, #3280, #3636, #4542, #42, #1459, #2847, #1837, #3695, #5041, #3250, #2373 ),
 .UNSPECIFIED., .F., .F.,
 ( 4, 2, 1, 1, 1, 2, 2, 4 ),
 ( 0.000000000000000000, 0.2499999999999747979, 0.3749999999999640843, 0.4374999999999586997, 0.4687499999999572009, 0.4843749999999586442, 0.4999999999999601430, 1.000000000000000000 ),
 .UNSPECIFIED. ) ;
#3802 = EDGE_CURVE ( 'NONE', #235, #2233, #94, .T. ) ;
#3803 = CARTESIAN_POINT ( 'NONE',  ( -7.250000000000005329, -2.355667797688562271, 61.37499999999999289 ) ) ;
#3804 = TOROIDAL_SURFACE ( 'NONE', #5771, 12.50000000000000000, 5.000000000000000000 ) ;
#3805 = CARTESIAN_POINT ( 'NONE',  ( 0.1766910423142075692, 6.247501922814103992, 21.00000000000000000 ) ) ;
#3806 = ORIENTED_EDGE ( 'NONE', *, *, #4010, .F. ) ;
#3807 = CARTESIAN_POINT ( 'NONE',  ( -17.43080691696392392, 11.81402048218290091, 9.688649277955970973 ) ) ;
#3808 = AXIS2_PLACEMENT_3D ( 'NONE', #4118, #4148, #1470 ) ;
#3809 = CARTESIAN_POINT ( 'NONE',  ( -10.79248727826606924, -5.724550316878818990, 9.342911665793497633 ) ) ;
#3810 = VECTOR ( 'NONE', #5513, 1000.000000000000000 ) ;
#3811 = DIRECTION ( 'NONE',  ( -0.000000000000000000, 0.000000000000000000, -1.000000000000000000 ) ) ;
#3812 = CARTESIAN_POINT ( 'NONE',  ( 11.56822265600097843, 15.92359495553333204, 8.979242739895553882 ) ) ;
#3813 = CARTESIAN_POINT ( 'NONE',  ( -25.32085747093987749, -11.95216201933139999, 9.789319808576792070 ) ) ;
#3814 = CARTESIAN_POINT ( 'NONE',  ( -9.867464634541958546, -4.861394344751786001, 8.955131925794949765 ) ) ;
#3815 = ORIENTED_EDGE ( 'NONE', *, *, #5040, .F. ) ;
#3816 = CARTESIAN_POINT ( 'NONE',  ( 12.39178148431243187, -8.032188506231008773, 9.492080732382255803 ) ) ;
#3817 = CARTESIAN_POINT ( 'NONE',  ( 13.18984625568495872, 6.731496285756356279, 9.494005665049337850 ) ) ;
#3818 = CARTESIAN_POINT ( 'NONE',  ( -8.063570590128131599, 7.481900115480067726, 6.142857142857142350 ) ) ;
#3819 = CARTESIAN_POINT ( 'NONE',  ( -2.105800076986468206, -26.10801828510198064, 9.769298644417236943 ) ) ;
#3820 = CARTESIAN_POINT ( 'NONE',  ( -1.818653347947320142, -3.149999999999999911, 64.75000000000000000 ) ) ;
#3821 = CARTESIAN_POINT ( 'NONE',  ( 10.31698647446057393, 3.872258696130356004, 5.572962681898416371 ) ) ;
#3822 = CARTESIAN_POINT ( 'NONE',  ( 4.667803196599342966E-16, -7.623101125727434813, 59.37499999999998579 ) ) ;
#3823 = CARTESIAN_POINT ( 'NONE',  ( 6.230586150776707299, 27.29798154109108310, 6.142857142857142350 ) ) ;
#3824 = CARTESIAN_POINT ( 'NONE',  ( 8.005587091518281184, -16.18927381799803200, 9.615340244562172956 ) ) ;
#3825 = CARTESIAN_POINT ( 'NONE',  ( 7.249999999999999112, 0.000000000000000000, 60.00000000000000000 ) ) ;
#3826 = FACE_OUTER_BOUND ( 'NONE', #2799, .T. ) ;
#3827 = CARTESIAN_POINT ( 'NONE',  ( -8.250000000000000000, 2.680587493921476216, 59.87499999999997868 ) ) ;
#3828 = ORIENTED_EDGE ( 'NONE', *, *, #4725, .T. ) ;
#3829 = ORIENTED_EDGE ( 'NONE', *, *, #4547, .T. ) ;
#3830 = LINE ( 'NONE', #267, #959 ) ;
#3831 = ORIENTED_EDGE ( 'NONE', *, *, #371, .F. ) ;
#3832 = ADVANCED_FACE ( 'NONE', ( #2305 ), #401, .T. ) ;
#3833 = LINE ( 'NONE', #4297, #5580 ) ;
#3834 = CARTESIAN_POINT ( 'NONE',  ( 20.34885910458365998, -23.64580326534696653, 7.214285714285715301 ) ) ;
#3835 = EDGE_LOOP ( 'NONE', ( #737, #2962, #1471, #1059 ) ) ;
#3836 = CARTESIAN_POINT ( 'NONE',  ( -16.36743300107767141, 11.02040412658112878, 9.659401114105772734 ) ) ;
#3837 = CARTESIAN_POINT ( 'NONE',  ( -18.69971009564397590, -9.082197305309094304, 9.683098232677265216 ) ) ;
#3838 = CARTESIAN_POINT ( 'NONE',  ( 11.95216201933149058, -25.32085747093983485, 9.789319808576792070 ) ) ;
#3839 = DIRECTION ( 'NONE',  ( -0.000000000000000000, -0.000000000000000000, 1.000000000000000000 ) ) ;
#3840 = AXIS2_PLACEMENT_3D ( 'NONE', #4636, #1958, #5447 ) ;
#3841 = CARTESIAN_POINT ( 'NONE',  ( -9.508509891159105720, 21.35422749176446189, 4.999478381024410112 ) ) ;
#3842 = CARTESIAN_POINT ( 'NONE',  ( 12.33393874071991902, 16.97759894098361855, 9.000015129673824887 ) ) ;
#3843 = CARTESIAN_POINT ( 'NONE',  ( 2.240373209218368800, -6.895159743139863018, 64.25000000000000000 ) ) ;
#3844 = CARTESIAN_POINT ( 'NONE',  ( 12.67169488794241516, 5.894119838185689630, 21.00000000000000000 ) ) ;
#3845 = VERTEX_POINT ( 'NONE', #2361 ) ;
#3846 = CARTESIAN_POINT ( 'NONE',  ( 15.02767870246249693, -10.01752884944964173, 9.615340244562174732 ) ) ;
#3847 = CARTESIAN_POINT ( 'NONE',  ( 1.986542569994977914, 25.06226149078569776, 9.756333960009660800 ) ) ;
#3848 = DIRECTION ( 'NONE',  ( -0.000000000000000000, -0.000000000000000000, -1.000000000000000000 ) ) ;
#3849 = CARTESIAN_POINT ( 'NONE',  ( -7.304893781823843746, -11.43222617577138145, 9.429744918685750932 ) ) ;
#3850 = CARTESIAN_POINT ( 'NONE',  ( 9.910657546926609385, -4.772721130293139602, 8.285714285714284699 ) ) ;
#3851 = CARTESIAN_POINT ( 'NONE',  ( 1.293492106035704747, 19.12021823865991621, 9.646862156838700741 ) ) ;
#3852 = EDGE_CURVE ( 'NONE', #1133, #3570, #1212, .T. ) ;
#3853 = CARTESIAN_POINT ( 'NONE',  ( -7.249999999999999112, -2.355667797688572040, 58.87499999999999289 ) ) ;
#3854 = EDGE_CURVE ( 'NONE', #2260, #648, #3274, .T. ) ;
#3855 = CARTESIAN_POINT ( 'NONE',  ( 4.594593401633869867, 27.67138621023253364, 5.572962681898414594 ) ) ;
#3856 = CARTESIAN_POINT ( 'NONE',  ( 14.97531339439450981, -10.87931212603168696, 8.957068822608098557 ) ) ;
#3857 = CARTESIAN_POINT ( 'NONE',  ( -12.27084460495881224, 27.55788343387197870, 9.089868230524976056 ) ) ;
#3858 = CARTESIAN_POINT ( 'NONE',  ( -11.27443182660936571, 1.184547162090488381, 8.697288872700687179 ) ) ;
#3859 = CARTESIAN_POINT ( 'NONE',  ( 13.73762806303110295, 6.117026353155236684, 8.867918396825432481 ) ) ;
#3860 = ORIENTED_EDGE ( 'NONE', *, *, #4028, .T. ) ;
#3861 = ORIENTED_EDGE ( 'NONE', *, *, #3337, .F. ) ;
#3862 = CARTESIAN_POINT ( 'NONE',  ( -27.84672688999644308, 2.925713846901160320, 4.999478381024408336 ) ) ;
#3863 = ORIENTED_EDGE ( 'NONE', *, *, #2976, .T. ) ;
#3864 = CARTESIAN_POINT ( 'NONE',  ( 4.474493936541370509, -10.04882600167077022, 4.999478381024410112 ) ) ;
#3865 = ORIENTED_EDGE ( 'NONE', *, *, #2484, .F. ) ;
#3866 = CARTESIAN_POINT ( 'NONE',  ( 25.57882982243480896, 11.38962092937776660, 4.999478381024410112 ) ) ;
#3867 = CARTESIAN_POINT ( 'NONE',  ( -13.26881257530822822, -6.764847224462199549, 9.497982529720239597 ) ) ;
#3868 = CARTESIAN_POINT ( 'NONE',  ( 0.7143090234273405947, 3.951321269575672535, 34.00000000000000711 ) ) ;
#3869 = CARTESIAN_POINT ( 'NONE',  ( 12.23293117180792677, -0.4417348982477239394, 9.344654686358291329 ) ) ;
#3870 = CARTESIAN_POINT ( 'NONE',  ( -14.64349861060411762, 10.63825429266167077, 8.948779096980008063 ) ) ;
#3871 = CARTESIAN_POINT ( 'NONE',  ( 15.94722074233541065, 21.95126177275810520, 9.067943206606470241 ) ) ;
#3872 = CARTESIAN_POINT ( 'NONE',  ( -5.865373209218367911, -4.261443079120430966, 63.75000000000000000 ) ) ;
#3873 = CARTESIAN_POINT ( 'NONE',  ( 0.000000000000000000, 0.000000000000000000, -4.000000000000000000 ) ) ;
#3874 = ORIENTED_EDGE ( 'NONE', *, *, #873, .F. ) ;
#3875 = CARTESIAN_POINT ( 'NONE',  ( 11.38962092937803838, -25.57882982243467751, 4.999478381024407447 ) ) ;
#3876 = CARTESIAN_POINT ( 'NONE',  ( 18.40905564058756028, 8.957134557124827978, 9.676375761156624122 ) ) ;
#3877 = EDGE_CURVE ( 'NONE', #4061, #4237, #4191, .T. ) ;
#3878 = CARTESIAN_POINT ( 'NONE',  ( -4.000000000000000000, 0.000000000000000000, 34.00000000000000000 ) ) ;
#3879 = DIRECTION ( 'NONE',  ( 0.7071067811865453523, 0.000000000000000000, 0.7071067811865496822 ) ) ;
#3880 = CARTESIAN_POINT ( 'NONE',  ( 1.667085296959371687, 15.86719392121142214, 8.896083650334510651 ) ) ;
#3881 = CIRCLE ( 'NONE', #1340, 4.000000000000000000 ) ;
#3882 = CARTESIAN_POINT ( 'NONE',  ( 6.674390203593315363, 4.849228331412905213, 58.75000000000001421 ) ) ;
#3883 = CARTESIAN_POINT ( 'NONE',  ( -13.73601714535198504, -6.116309051314678946, 8.867948148798294739 ) ) ;
#3884 = EDGE_CURVE ( 'NONE', #242, #496, #4720, .T. ) ;
#3885 = CARTESIAN_POINT ( 'NONE',  ( 5.713362038855675173, -2.604166666666659857, 44.00000000000000711 ) ) ;
#3886 = CARTESIAN_POINT ( 'NONE',  ( -5.791208189623031188, 10.95201674051501861, 9.355217637996821267 ) ) ;
#3887 = CARTESIAN_POINT ( 'NONE',  ( 9.554819668828262280, 4.254525122218934641, 8.636644459345795610 ) ) ;
#3888 = ORIENTED_EDGE ( 'NONE', *, *, #4186, .F. ) ;
#3889 = CARTESIAN_POINT ( 'NONE',  ( 11.25258646618673808, 16.67821634559980026, 9.668500753904174516 ) ) ;
#3890 = CARTESIAN_POINT ( 'NONE',  ( 9.025916474524075639, 13.70810621971920362, 9.561248461985641711 ) ) ;
#3891 =( BOUNDED_CURVE ( )  B_SPLINE_CURVE ( 2, ( #407, #3032, #4820, #1762, #5788, #5342, #3559, #1319, #3116, #2673, #4466 ),
 .UNSPECIFIED., .F., .T. ) 
 B_SPLINE_CURVE_WITH_KNOTS ( ( 3, 2, 2, 2, 2, 3 ),
 ( 0.5000000000000004441, 0.5500000000000004885, 0.6000000000000005329, 0.6500000000000005773, 0.7000000000000006217, 0.7500000000000006661 ),
 .UNSPECIFIED. ) 
 CURVE ( )  GEOMETRIC_REPRESENTATION_ITEM ( )  RATIONAL_B_SPLINE_CURVE ( ( 0.9999999999999995559, 0.9510565162951539753, 1.000000000000000000, 0.9510565162951535312, 1.000000000000000000, 0.9510565162951535312, 1.000000000000000000, 0.9510565162951535312, 1.000000000000000000, 0.9510565162951528650, 1.000000000000000666 ) ) 
 REPRESENTATION_ITEM ( '' )  );
#3892 = CARTESIAN_POINT ( 'NONE',  ( 4.474493936541371397, -10.04882600167076845, 8.674148813960478321 ) ) ;
#3893 = ORIENTED_EDGE ( 'NONE', *, *, #2460, .T. ) ;
#3894 = CARTESIAN_POINT ( 'NONE',  ( 7.249999999999999112, 0.000000000000000000, 62.25000000000000000 ) ) ;
#3895 = CARTESIAN_POINT ( 'NONE',  ( 19.57434907906607791, -2.056577218964918519, 8.979242739895559211 ) ) ;
#3896 = CARTESIAN_POINT ( 'NONE',  ( 9.472701046249159873, -19.60621109109362692, 9.702929324004893274 ) ) ;
#3897 = CARTESIAN_POINT ( 'NONE',  ( 27.88051265617880503, -2.583991878596703540, 9.471248398658758560 ) ) ;
#3898 = CARTESIAN_POINT ( 'NONE',  ( 2.925713846901259352, 27.84672688999642531, 9.074663436463128008 ) ) ;
#3899 = AXIS2_PLACEMENT_3D ( 'NONE', #1784, #3551, #5752 ) ;
#3900 = CARTESIAN_POINT ( 'NONE',  ( -7.449901915405224173, -10.25474907312818296, 8.772138810067749759 ) ) ;
#3901 = CARTESIAN_POINT ( 'NONE',  ( 7.250000000000000000, 0.000000000000000000, 57.50000000000000000 ) ) ;
#3902 = CARTESIAN_POINT ( 'NONE',  ( -2.513853497877681420, -23.92667070670952612, 9.039072486902583137 ) ) ;
#3903 = EDGE_LOOP ( 'NONE', ( #3800, #945, #2853, #1900, #2441 ) ) ;
#3904 = DIRECTION ( 'NONE',  ( -0.000000000000000000, -0.000000000000000000, -1.000000000000000000 ) ) ;
#3905 = CARTESIAN_POINT ( 'NONE',  ( 4.000000000000000000, 0.000000000000000000, 34.00000000000000000 ) ) ;
#3906 = FACE_OUTER_BOUND ( 'NONE', #416, .T. ) ;
#3907 = CARTESIAN_POINT ( 'NONE',  ( 1.499890703001466763, 14.27584820558022649, 4.999478381024409224 ) ) ;
#3908 = CARTESIAN_POINT ( 'NONE',  ( 2.577197135762130387, 24.52957074296939766, 9.045875455953151345 ) ) ;
#3909 = CARTESIAN_POINT ( 'NONE',  ( 15.86719392121141858, -1.667085296959427199, 8.896083650334510651 ) ) ;
#3910 = CARTESIAN_POINT ( 'NONE',  ( -12.09346176818579188, 0.4237894267320418962, 9.334463155791651090 ) ) ;
#3911 = FACE_OUTER_BOUND ( 'NONE', #25, .T. ) ;
#3912 = CARTESIAN_POINT ( 'NONE',  ( 11.50812277531041872, -7.362707987143322974, 9.436039436531943991 ) ) ;
#3913 = EDGE_CURVE ( 'NONE', #5462, #772, #4863, .T. ) ;
#3914 = CARTESIAN_POINT ( 'NONE',  ( 14.67072606923393963, 7.358609986790243696, 9.561248461985641711 ) ) ;
#3915 = VERTEX_POINT ( 'NONE', #3990 ) ;
#3916 = EDGE_LOOP ( 'NONE', ( #5354, #853, #751, #2768 ) ) ;
#3917 = CARTESIAN_POINT ( 'NONE',  ( -13.13320335741465605, 1.379838825178659301, 8.797761960110745960 ) ) ;
#3918 = CARTESIAN_POINT ( 'NONE',  ( 16.11353888357270137, 22.18019778078404869, 9.070458438625532693 ) ) ;
#3919 = CARTESIAN_POINT ( 'NONE',  ( 8.249999999999998224, 2.680587493921479325, 61.12500000000001421 ) ) ;
#3920 = CARTESIAN_POINT ( 'NONE',  ( -27.67138621023254430, 4.594593401633770391, 5.572962681898414594 ) ) ;
#3921 = VERTEX_POINT ( 'NONE', #3962 ) ;
#3922 = CARTESIAN_POINT ( 'NONE',  ( -10.95624670784943433, 0.9828036047435366740, 8.784349666569218229 ) ) ;
#3923 = CARTESIAN_POINT ( 'NONE',  ( 24.92270757245858448, -2.618502021263036106, 9.049481907957813931 ) ) ;
#3924 =( BOUNDED_SURFACE ( )  B_SPLINE_SURFACE ( 1, 2, ( 
 ( #5707, #5291, #4352, #878, #4795, #3009, #4824 ),
 ( #1765, #2623, #3946, #766, #2649, #5761, #3534 ) ),
 .UNSPECIFIED., .F., .F., .F. ) 
 B_SPLINE_SURFACE_WITH_KNOTS ( ( 2, 2 ),
 ( 3, 2, 2, 3 ),
 ( 0.000000000000000000, 1.000000000000000000 ),
 ( 0.000000000000000000, 0.03571428571428571230, 0.07142857142857142461, 0.09998661063300855190 ),
 .UNSPECIFIED. ) 
 GEOMETRIC_REPRESENTATION_ITEM ( )  RATIONAL_B_SPLINE_SURFACE ( (
 ( 1.000000000000000000, 0.9937122098932426040, 1.000000000000000000, 0.9937122098932426040, 1.000000000000000000, 0.9949721252214146494, 0.9979850801651724002),
 ( 1.000000000000000000, 0.9937122098932426040, 1.000000000000000000, 0.9937122098932426040, 1.000000000000000000, 0.9949721252214146494, 0.9979850801651724002) ) ) 
 REPRESENTATION_ITEM ( '' )  SURFACE ( )  );
#3925 = VERTEX_POINT ( 'NONE', #3048 ) ;
#3926 = CARTESIAN_POINT ( 'NONE',  ( 27.87523067493195583, -2.640982903306305474, 9.405155380086270611 ) ) ;
#3927 = CARTESIAN_POINT ( 'NONE',  ( -17.92813159285508107, 13.02448465006721179, 9.016918189217616231 ) ) ;
#3928 = DIRECTION ( 'NONE',  ( -0.1044897802464664210, -0.9945259603570160145, 0.000000000000000000 ) ) ;
#3929 = CARTESIAN_POINT ( 'NONE',  ( -2.192704807692521740, -20.87000134851557576, 9.000015129673821335 ) ) ;
#3930 = CARTESIAN_POINT ( 'NONE',  ( 17.15480397104052912, 7.638610354902368726, 8.962402508024638337 ) ) ;
#3931 = CARTESIAN_POINT ( 'NONE',  ( 20.25529308040013632, 9.752901008472452560, 9.715715572878979245 ) ) ;
#3932 = CARTESIAN_POINT ( 'NONE',  ( -7.249999999999999112, -8.878689293818310074E-16, 61.00000000000000000 ) ) ;
#3933 = CARTESIAN_POINT ( 'NONE',  ( -3.637306695894642061, 4.342160359065296731E-16, 47.82499999999998863 ) ) ;
#3934 = CARTESIAN_POINT ( 'NONE',  ( 2.566189190698572542, 3.088341009974875373, 34.00000000000000000 ) ) ;
#3935 = EDGE_CURVE ( 'NONE', #5589, #5647, #3486, .T. ) ;
#3936 = CARTESIAN_POINT ( 'NONE',  ( 17.75246743515390335, -1.128984813634349438, 9.607311826833496937 ) ) ;
#3937 = CARTESIAN_POINT ( 'NONE',  ( -23.44160785969404159, 1.799972391140247652, 9.732501247234317532 ) ) ;
#3938 = LINE ( 'NONE', #1228, #5305 ) ;
#3939 = CARTESIAN_POINT ( 'NONE',  ( -10.58607183763655257, 23.77421792190985528, 9.058421679211718924 ) ) ;
#3940 = EDGE_CURVE ( 'NONE', #5822, #613, #4995, .T. ) ;
#3941 = CARTESIAN_POINT ( 'NONE',  ( -6.934144311044291520, 13.66934734295167608, 9.517545350385885783 ) ) ;
#3942 = CARTESIAN_POINT ( 'NONE',  ( 18.04904211943509651, 8.802013742008938380, 9.668587843497215673 ) ) ;
#3943 = CARTESIAN_POINT ( 'NONE',  ( 24.26917971723824508, -14.13794542684503064, 9.035529747155958802 ) ) ;
#3944 = ORIENTED_EDGE ( 'NONE', *, *, #5776, .T. ) ;
#3945 = DIRECTION ( 'NONE',  ( -0.000000000000000000, -0.000000000000000000, -1.000000000000000000 ) ) ;
#3946 = CARTESIAN_POINT ( 'NONE',  ( -21.08535487089828564, -22.72460802672480895, 6.142857142857142350 ) ) ;
#3947 = DIRECTION ( 'NONE',  ( 1.000000000000000000, 0.000000000000000000, 0.000000000000000000 ) ) ;
#3948 = CARTESIAN_POINT ( 'NONE',  ( 0.000000000000000000, 0.000000000000000000, -4.000000000000000000 ) ) ;
#3949 = ORIENTED_EDGE ( 'NONE', *, *, #389, .T. ) ;
#3950 = EDGE_CURVE ( 'NONE', #3767, #2409, #4837, .T. ) ;
#3951 = DIRECTION ( 'NONE',  ( 0.000000000000000000, 0.000000000000000000, 1.000000000000000000 ) ) ;
#3952 = CARTESIAN_POINT ( 'NONE',  ( 18.00076894339612110, -1.891249164061906463, 8.948779096980004510 ) ) ;
#3953 = EDGE_CURVE ( 'NONE', #2075, #1605, #929, .T. ) ;
#3954 = ORIENTED_EDGE ( 'NONE', *, *, #4865, .T. ) ;
#3955 = CARTESIAN_POINT ( 'NONE',  ( 0.2815793122212840727, 10.99639545900968862, 9.244236608254535525 ) ) ;
#3956 = B_SPLINE_SURFACE_WITH_KNOTS ( 'NONE', 1, 3, ( 
 ( #3110, #5722, #4459, #5809, #2222, #1727, #1225, #3026, #10, #4487, #784, #3491, #4021, #3580, #3054, #370, #3137, #1451, #93, #1041, #1009, #953, #1480, #1419 ),
 ( #1887, #125, #155, #3242, #5030, #4101, #2808, #3190, #2751, #4129, #4597, #4974, #3272, #5474, #4949, #4073, #561, #3630, #3684, #5067, #2360, #4159, #1922, #2329 ) ),
 .UNSPECIFIED., .F., .F., .F.,
 ( 2, 2 ),
 ( 4, 2, 2, 2, 2, 2, 2, 2, 2, 2, 2, 4 ),
 ( 0.000000000000000000, 1.000000000000000000 ),
 ( 0.01982871850929110447, 0.02257970761283119993, 0.02533069671637129538, 0.02808168581991139084, 0.03083267492345148977, 0.03358366402699158870, 0.03495915857876163990, 0.03633465313053168416, 0.03771014768230172842, 0.03908564223407177962, 0.04046113678584183082, 0.04183663133761187508 ),
 .UNSPECIFIED. ) ;
#3957 = CARTESIAN_POINT ( 'NONE',  ( -10.98277185188056926, 7.978798161935436006, 8.812913050800615267 ) ) ;
#3958 = CARTESIAN_POINT ( 'NONE',  ( -7.249999999999999112, -8.878689293818310074E-16, 61.00000000000000000 ) ) ;
#3959 = EDGE_CURVE ( 'NONE', #735, #5119, #574, .T. ) ;
#3960 = ADVANCED_FACE ( 'NONE', ( #4648 ), #3289, .F. ) ;
#3961 = CARTESIAN_POINT ( 'NONE',  ( -2.509629930551095622, -23.88647110688552644, 9.038635318908223582 ) ) ;
#3962 = CARTESIAN_POINT ( 'NONE',  ( -9.382368161451603683, 5.742052567068603786, 9.244236608254535525 ) ) ;
#3963 = VECTOR ( 'NONE', #2593, 1000.000000000000000 ) ;
#3964 = EDGE_CURVE ( 'NONE', #2854, #4991, #3768, .T. ) ;
#3965 = CARTESIAN_POINT ( 'NONE',  ( 6.615471834464462297, -1.041666666666667851, 44.00000000000000711 ) ) ;
#3966 = CARTESIAN_POINT ( 'NONE',  ( 2.401082327201400801, 27.89701128552357190, 9.683307533425933755 ) ) ;
#3967 = DIRECTION ( 'NONE',  ( 0.000000000000000000, 0.000000000000000000, 1.000000000000000000 ) ) ;
#3968 = CARTESIAN_POINT ( 'NONE',  ( -4.771704203701188085, 9.911238424112360335, 8.889619462053396148 ) ) ;
#3969 = CARTESIAN_POINT ( 'NONE',  ( -11.70245371805210333, 25.43722817008269743, 9.471248398658758560 ) ) ;
#3970 = CARTESIAN_POINT ( 'NONE',  ( -20.73552263888656100, 1.484441459241764738, 9.683098232677263439 ) ) ;
#3971 = CARTESIAN_POINT ( 'NONE',  ( 3.909142447638091600, -5.729166666666664298, 44.00000000000000711 ) ) ;
#3972 = CARTESIAN_POINT ( 'NONE',  ( -5.300850087898361096, 11.90465803500599584, 8.789169392377740309 ) ) ;
#3973 = CARTESIAN_POINT ( 'NONE',  ( 10.40968564641253735, -6.527065072529114609, 9.349182199096759405 ) ) ;
#3974 = CARTESIAN_POINT ( 'NONE',  ( 13.40134893029783569, 6.820694020073513997, 9.505212387406180241 ) ) ;
#3975 = CARTESIAN_POINT ( 'NONE',  ( -12.49293583675900443, 8.108705156040274531, 9.497982529720234268 ) ) ;
#3976 = DIRECTION ( 'NONE',  ( 1.000000000000000000, 0.000000000000000000, 0.000000000000000000 ) ) ;
#3977 = CARTESIAN_POINT ( 'NONE',  ( 8.838621713749311937, 12.16631424896687896, 8.867918396825432481 ) ) ;
#3978 = VECTOR ( 'NONE', #2410, 1000.000000000000000 ) ;
#3979 = CARTESIAN_POINT ( 'NONE',  ( -9.646726938399289963, -13.27866665273952762, 8.908695597015118040 ) ) ;
#3980 = LINE ( 'NONE', #5266, #5479 ) ;
#3981 = ORIENTED_EDGE ( 'NONE', *, *, #1690, .T. ) ;
#3982 = CARTESIAN_POINT ( 'NONE',  ( -10.97632044821125419, 0.7213972262896055643, 8.956607300572722252 ) ) ;
#3983 = CARTESIAN_POINT ( 'NONE',  ( 25.99906570261012462, -2.731589491041773510, 9.059469684201996387 ) ) ;
#3984 = ORIENTED_EDGE ( 'NONE', *, *, #1816, .T. ) ;
#3985 = CARTESIAN_POINT ( 'NONE',  ( 25.85000473080829408, -2.076393932707824241, 9.766135347243722009 ) ) ;
#3986 = CARTESIAN_POINT ( 'NONE',  ( 1.295165557520064681, 12.32728949066233604, 8.757739689660132498 ) ) ;
#3987 = CARTESIAN_POINT ( 'NONE',  ( -8.250000000000000000, 2.680587493921476216, 59.87499999999997158 ) ) ;
#3988 = CARTESIAN_POINT ( 'NONE',  ( -1.940385592141281812, -18.46844581293377985, 8.958275176990262878 ) ) ;
#3989 = EDGE_CURVE ( 'NONE', #5647, #797, #2243, .T. ) ;
#3990 = CARTESIAN_POINT ( 'NONE',  ( 5.254342891941142568, -9.663947473672832800, 9.244236608254535525 ) ) ;
#3991 = CARTESIAN_POINT ( 'NONE',  ( 21.25761264030360920, 10.18648501508940285, 9.733462124878718313 ) ) ;
#3992 = CARTESIAN_POINT ( 'NONE',  ( -14.72904305650379797, -20.27444687820856117, 9.049481907957824589 ) ) ;
#3993 = CARTESIAN_POINT ( 'NONE',  ( 3.779099109679983304, 1.357050874347305536, 34.00000000000000000 ) ) ;
#3994 = CARTESIAN_POINT ( 'NONE',  ( -11.86910735082754265, 25.36006162652527962, 9.683307533425933755 ) ) ;
#3995 = CARTESIAN_POINT ( 'NONE',  ( -18.02311594096772396, 1.161595115535490663, 9.615340244562169403 ) ) ;
#3996 = CARTESIAN_POINT ( 'NONE',  ( 5.111955508449814722, -3.645833333333327264, 44.00000000000000711 ) ) ;
#3997 = CARTESIAN_POINT ( 'NONE',  ( -10.63390695935238739, 23.88164611864191400, 9.059469684201996387 ) ) ;
#3998 = CARTESIAN_POINT ( 'NONE',  ( -8.520093573299671874, 17.39131501293848459, 9.650545749611529445 ) ) ;
#3999 = FACE_OUTER_BOUND ( 'NONE', #969, .T. ) ;
#4000 = CARTESIAN_POINT ( 'NONE',  ( -3.624999999999998668, -6.278684177437180658, 57.50000000000000000 ) ) ;
#4001 = CARTESIAN_POINT ( 'NONE',  ( -28.23650524962873831, 2.347204027424032002, 9.793014732039781123 ) ) ;
#4002 = CARTESIAN_POINT ( 'NONE',  ( 18.32785632100487661, 26.23367119528486313, 9.824066885615200917 ) ) ;
#4003 = FACE_OUTER_BOUND ( 'NONE', #2685, .T. ) ;
#4004 = CARTESIAN_POINT ( 'NONE',  ( -9.739035900133689694, -13.40572943162376518, 8.912760710018210020 ) ) ;
#4005 = CARTESIAN_POINT ( 'NONE',  ( -15.96359696960125341, -26.71974106398429072, 9.141370585886830824 ) ) ;
#4006 = ORIENTED_EDGE ( 'NONE', *, *, #74, .F. ) ;
#4007 = DIRECTION ( 'NONE',  ( -0.5000000000000002220, 0.8660254037844384856, 0.000000000000000000 ) ) ;
#4008 = CARTESIAN_POINT ( 'NONE',  ( 20.20802730528425784, -2.123154564598756622, 8.989849980057545764 ) ) ;
#4009 = VERTEX_POINT ( 'NONE', #1058 ) ;
#4010 = EDGE_CURVE ( 'NONE', #2657, #772, #5274, .T. ) ;
#4011 = VERTEX_POINT ( 'NONE', #644 ) ;
#4012 = CARTESIAN_POINT ( 'NONE',  ( 17.28864056665209148, -1.072918737523002486, 9.593051699102415952 ) ) ;
#4013 = DIRECTION ( 'NONE',  ( 0.000000000000000000, 0.000000000000000000, -1.000000000000000000 ) ) ;
#4014 = ADVANCED_FACE ( 'NONE', ( #5461 ), #3133, .F. ) ;
#4015 = CARTESIAN_POINT ( 'NONE',  ( 2.240373209218367467, 6.895159743139863906, 62.75000000000000000 ) ) ;
#4016 = CARTESIAN_POINT ( 'NONE',  ( -1.660543575537966943, -15.80493030305149205, 8.893807934287650596 ) ) ;
#4017 = CARTESIAN_POINT ( 'NONE',  ( 14.58429551089256471, 6.494026448598522627, 8.895901432997586511 ) ) ;
#4018 = CARTESIAN_POINT ( 'NONE',  ( -15.83107865034455131, -7.049188175623424257, 8.931712705553785270 ) ) ;
#4019 = CARTESIAN_POINT ( 'NONE',  ( -16.45710596061846687, -22.65311597553361267, 9.074671307245079532 ) ) ;
#4020 = CARTESIAN_POINT ( 'NONE',  ( -27.84672688999643242, 2.925713846901159876, 9.845359688719304003 ) ) ;
#4021 = CARTESIAN_POINT ( 'NONE',  ( 7.049188175623481989, -15.83107865034452644, 8.931712705553785270 ) ) ;
#4022 = CARTESIAN_POINT ( 'NONE',  ( 16.38452646131433355, -0.9626198495147663126, 9.561248461985641711 ) ) ;
#4023 = CARTESIAN_POINT ( 'NONE',  ( -23.45079775666469857, 1.801034366076088133, 9.732645666514965654 ) ) ;
#4024 = DIRECTION ( 'NONE',  ( -0.9945259603570156814, 0.1044897802464699182, 0.000000000000000000 ) ) ;
#4025 = CARTESIAN_POINT ( 'NONE',  ( -10.60101503021047264, 23.80777736890305718, 9.058750113913900393 ) ) ;
#4026 = CARTESIAN_POINT ( 'NONE',  ( -0.8625832851228328879, -15.57228172361358887, 9.528853671068434394 ) ) ;
#4027 = EDGE_CURVE ( 'NONE', #2824, #555, #857, .T. ) ;
#4028 = EDGE_CURVE ( 'NONE', #2130, #3797, #3830, .T. ) ;
#4029 = CARTESIAN_POINT ( 'NONE',  ( -9.382368161451603683, 5.742052567068603786, 9.244236608254535525 ) ) ;
#4030 = CARTESIAN_POINT ( 'NONE',  ( 0.000000000000000000, 0.000000000000000000, 34.00000000000000000 ) ) ;
#4031 = CARTESIAN_POINT ( 'NONE',  ( 5.408039274635041416, 8.946130845441148338, 9.194114427929031663 ) ) ;
#4032 = VECTOR ( 'NONE', #2968, 1000.000000000000000 ) ;
#4033 = CARTESIAN_POINT ( 'NONE',  ( 8.250000000000000000, 0.000000000000000000, 63.50000000000001421 ) ) ;
#4034 = CARTESIAN_POINT ( 'NONE',  ( 9.340538072032774863, 12.85719935971601480, 8.893807934287650596 ) ) ;
#4035 = ORIENTED_EDGE ( 'NONE', *, *, #4725, .F. ) ;
#4036 = CARTESIAN_POINT ( 'NONE',  ( 1.149387582711210776, 10.93978556392716861, 8.674148813960478321 ) ) ;
#4037 = CARTESIAN_POINT ( 'NONE',  ( 6.674390203593317139, -4.849228331412903437, 63.49999999999998579 ) ) ;
#4038 = VERTEX_POINT ( 'NONE', #3862 ) ;
#4039 = EDGE_LOOP ( 'NONE', ( #5239, #3863, #4121, #2347 ) ) ;
#4040 = CARTESIAN_POINT ( 'NONE',  ( 14.51758872137567558, -0.7314693563196137394, 9.481103272736847387 ) ) ;
#4041 = CARTESIAN_POINT ( 'NONE',  ( 2.774213726133021307, 26.40476000341833540, 9.063038290305447831 ) ) ;
#4042 = CARTESIAN_POINT ( 'NONE',  ( -1.400340958979803679E-15, 7.623101125727434813, 60.37500000000000000 ) ) ;
#4043 = CARTESIAN_POINT ( 'NONE',  ( 5.111955508449808505, 3.645833333333335702, 44.00000000000000711 ) ) ;
#4044 = CARTESIAN_POINT ( 'NONE',  ( 8.899438418959562114, -6.465291627385924222, 4.999478381024546003 ) ) ;
#4045 = CARTESIAN_POINT ( 'NONE',  ( -16.24982092040586679, -7.235643762380764343, 8.942110561798720880 ) ) ;
#4046 = CARTESIAN_POINT ( 'NONE',  ( 10.93978556392716506, -1.149387582711250078, 4.999478381024410112 ) ) ;
#4047 = CARTESIAN_POINT ( 'NONE',  ( -23.24755843163963576, 2.442502628002778398, 4.999478381024407447 ) ) ;
#4048 = DIRECTION ( 'NONE',  ( -1.000000000000000000, -1.224646799147353207E-16, 0.000000000000000000 ) ) ;
#4049 = AXIS2_PLACEMENT_3D ( 'NONE', #3873, #5569, #250 ) ;
#4050 = CYLINDRICAL_SURFACE ( 'NONE', #1052, 4.000000000000000000 ) ;
#4051 = CARTESIAN_POINT ( 'NONE',  ( -23.57598006959887726, 1.815495515574478524, 9.734601941943552106 ) ) ;
#4052 = CARTESIAN_POINT ( 'NONE',  ( 1.484441459241838679, 20.73552263888655744, 9.683098232677263439 ) ) ;
#4053 = CARTESIAN_POINT ( 'NONE',  ( -8.005587091518167497, 16.18927381799809240, 9.615340244562171179 ) ) ;
#4054 = CARTESIAN_POINT ( 'NONE',  ( -11.43222617577135658, 7.304893781823881049, 9.429744918685749155 ) ) ;
#4055 = DIRECTION ( 'NONE',  ( 0.000000000000000000, 0.000000000000000000, -1.000000000000000000 ) ) ;
#4056 = CARTESIAN_POINT ( 'NONE',  ( 16.82167670915057656, -12.22066387408957056, 8.997110467374636045 ) ) ;
#4057 = CARTESIAN_POINT ( 'NONE',  ( -23.92667070670950480, 2.513853497877764465, 9.039072486902586689 ) ) ;
#4058 = EDGE_LOOP ( 'NONE', ( #48, #5267, #4884, #1154 ) ) ;
#4059 = CARTESIAN_POINT ( 'NONE',  ( -22.92206408260102535, 16.65249221567933802, 9.077380910921631241 ) ) ;
#4060 = CARTESIAN_POINT ( 'NONE',  ( 16.04548686677867764, -1.685817629190469180, 8.900697539376404066 ) ) ;
#4061 = VERTEX_POINT ( 'NONE', #2061 ) ;
#4062 = AXIS2_PLACEMENT_3D ( 'NONE', #3588, #5818, #2701 ) ;
#4063 = VERTEX_POINT ( 'NONE', #298 ) ;
#4064 = CARTESIAN_POINT ( 'NONE',  ( 1.660543575538079297, 15.80493030305147784, 8.893807934287657702 ) ) ;
#4065 = CARTESIAN_POINT ( 'NONE',  ( -2.401082327201201849, -27.89701128552357190, 9.683307533425933755 ) ) ;
#4066 = CARTESIAN_POINT ( 'NONE',  ( 7.249999999999999112, 2.355667797688572485, 62.37499999999998579 ) ) ;
#4067 = CARTESIAN_POINT ( 'NONE',  ( -2.654053589454754114, -30.97132880813208189, 9.817307459269112968 ) ) ;
#4068 = B_SPLINE_SURFACE_WITH_KNOTS ( 'NONE', 1, 3, ( 
 ( #4481, #834, #5692, #1219, #1828, #2268, #5, #1802, #557, #448, #3267, #2715, #3714, #500, #1881, #3649, #2772, #1853, #5437, #5501, #972, #4559, #476, #4096 ),
 ( #4529, #4067, #31, #1387, #3602, #1414, #3626, #4124, #4504, #2745, #3237, #2242, #2324, #3159, #2298, #4944, #56, #5025, #922, #3208, #5411, #3185, #5000, #2354 ) ),
 .UNSPECIFIED., .F., .F., .F.,
 ( 2, 2 ),
 ( 4, 2, 2, 2, 2, 2, 2, 2, 2, 2, 2, 4 ),
 ( 0.000000000000000000, 1.000000000000000000 ),
 ( 0.01982871850929110447, 0.02257970761283119993, 0.02533069671637129538, 0.02808168581991139084, 0.03083267492345148977, 0.03358366402699158870, 0.03495915857876163990, 0.03633465313053168416, 0.03771014768230172842, 0.03908564223407177962, 0.04046113678584183082, 0.04183663133761187508 ),
 .UNSPECIFIED. ) ;
#4069 = CARTESIAN_POINT ( 'NONE',  ( -14.67072606923388811, -7.358609986790344060, 9.561248461985641711 ) ) ;
#4070 = B_SPLINE_CURVE_WITH_KNOTS ( 'NONE', 3,
 ( #377, #3061, #3031, #1704, #3408, #349, #321, #4819, #3886, #295, #2978, #3439, #5198, #1231, #5672, #1732, #1174, #4761, #2086, #1201, #4790, #2566, #3941, #5728, #4348, #2116, #5703, #5259, #789, #4053, #458, #1789, #511, #14, #3998, #4492, #41, #1397, #3635, #2308, #5785, #1836, #3661, #2671, #958, #68, #4465, #3194, #985, #1759, #5816, #1349, #4571, #5011, #3558, #2756, #3586, #485, #2253, #433, #3170, #5368, #4540, #5341, #1318 ),
 .UNSPECIFIED., .F., .F.,
 ( 4, 2, 2, 2, 1, 1, 1, 2, 2, 1, 1, 2, 2, 1, 1, 2, 2, 1, 1, 2, 2, 1, 1, 2, 2, 1, 1, 1, 2, 2, 1, 1, 1, 2, 2, 1, 1, 1, 2, 2, 1, 1, 1, 4 ),
 ( 0.000000000000000000, 0.05318794598722815375, 0.05983643923563172068, 0.06316068585983364292, 0.06648493248403557210, 0.07978191898084301126, 0.1063758919744580977, 0.1196728784712656618, 0.1263213717196695618, 0.1329698649680734757, 0.1595638379616894920, 0.1861578109553055360, 0.1928063042037095332, 0.1994547974521135025, 0.2127517839489217466, 0.2393457569425381792, 0.2526427434393462845, 0.2659397299361543343, 0.3191276759233865334, 0.3723156219106187326, 0.3856126084074268379, 0.3989095949042349432, 0.4255035678978515978, 0.4321520611462560946, 0.4388005543946604803, 0.4520975408914693627, 0.4786915138850875162, 0.4919885003818965097, 0.4986369936303012840, 0.5052854868787060028, 0.5318794598723246558, 0.5850674058595614069, 0.6116613788531797269, 0.6249583653499888314, 0.6266204886620903025, 0.6282826119741916626, 0.6316068585983951600, 0.6382553518468021547, 0.7446312438213159579, 0.7512797370697233967, 0.7579282303181307245, 0.7712252168149458242, 0.7978191898085755795, 0.8510071357958350902 ),
 .UNSPECIFIED. ) ;
#4071 = CARTESIAN_POINT ( 'NONE',  ( -15.15817605915188793, 27.18475104344318893, 9.141370585886830824 ) ) ;
#4072 = CARTESIAN_POINT ( 'NONE',  ( -10.51130086364752003, -3.242306918520030390, 6.142857142857142350 ) ) ;
#4073 = CARTESIAN_POINT ( 'NONE',  ( 6.820694020073654329, -13.40134893029776286, 9.505212387406180241 ) ) ;
#4074 = CARTESIAN_POINT ( 'NONE',  ( 10.45159621504911129, -0.2104339737773646135, 9.194114427929031663 ) ) ;
#4075 = CARTESIAN_POINT ( 'NONE',  ( -7.056372431667395845E-16, 1.584721306464041830E-15, 24.66837655001592822 ) ) ;
#4076 = CARTESIAN_POINT ( 'NONE',  ( 0.5994294322413988851, 13.46866877952319363, 9.424864755848394893 ) ) ;
#4077 = LINE ( 'NONE', #2727, #3665 ) ;
#4078 = CARTESIAN_POINT ( 'NONE',  ( -0.7652763388967416258, -14.78849007231241686, 9.494005665049336073 ) ) ;
#4079 = AXIS2_PLACEMENT_3D ( 'NONE', #355, #2151, #3947 ) ;
#4080 = DIRECTION ( 'NONE',  ( 0.000000000000000000, 0.000000000000000000, -1.000000000000000000 ) ) ;
#4081 = CARTESIAN_POINT ( 'NONE',  ( -7.249999999999999112, -8.878689293818310074E-16, 61.25000000000000000 ) ) ;
#4082 = AXIS2_PLACEMENT_3D ( 'NONE', #5511, #3848, #2138 ) ;
#4083 = CARTESIAN_POINT ( 'NONE',  ( 6.527065072529078193, 10.40968564641255867, 9.349182199096759405 ) ) ;
#4084 = CARTESIAN_POINT ( 'NONE',  ( -7.918243880236865984, -12.24096974468345422, 9.483911076193066947 ) ) ;
#4085 = ADVANCED_FACE ( 'NONE', ( #2981 ), #2599, .T. ) ;
#4086 = CARTESIAN_POINT ( 'NONE',  ( 8.837585269036162927, 12.16488758851116003, 8.867948148798294739 ) ) ;
#4087 = ORIENTED_EDGE ( 'NONE', *, *, #4816, .T. ) ;
#4088 = CARTESIAN_POINT ( 'NONE',  ( 0.4132485778024503897, 10.99302390281989972, 9.158627922748985739 ) ) ;
#4089 = CARTESIAN_POINT ( 'NONE',  ( 1.403460431670829143E-15, -1.019590287732963656E-15, 24.66837655001592822 ) ) ;
#4090 = ORIENTED_EDGE ( 'NONE', *, *, #5060, .F. ) ;
#4091 = B_SPLINE_CURVE_WITH_KNOTS ( 'NONE', 3,
 ( #5533, #150, #3389, #2417, #2925, #3809, #1948, #4244, #3359, #2006, #2066, #2863, #5147, #3744, #2892, #2510, #5594, #5121, #650, #4682, #3867, #1628, #5091, #2479, #1066, #4272, #180, #4655, #711, #1977, #3775, #1568, #3326, #5652, #5564, #4711, #3420, #244, #681, #5180, #2037, #3837, #5211, #1185, #5623, #1539, #1596, #1156, #4625, #2955, #4742, #588, #2390, #4857, #388, #2628, #304, #5739, #1714, #3507, #5685, #2545, #1743, #4801, #5296 ),
 .UNSPECIFIED., .F., .F.,
 ( 4, 2, 2, 2, 1, 1, 1, 2, 2, 1, 1, 2, 2, 1, 1, 2, 2, 1, 1, 2, 2, 1, 1, 2, 2, 1, 1, 1, 2, 2, 1, 1, 1, 2, 2, 1, 1, 1, 2, 2, 1, 1, 1, 4 ),
 ( 0.000000000000000000, 0.05318794598723493305, 0.05983643923563938122, 0.06316068585984152550, 0.06648493248404366285, 0.07978191898085293388, 0.1063758919744712816, 0.1196728784712804416, 0.1263213717196848829, 0.1329698649680892963, 0.1595638379617066449, 0.1861578109553239380, 0.1928063042037283237, 0.1994547974521326816, 0.2127517839489416751, 0.2393457569425596621, 0.2526427434393686555, 0.2659397299361776490, 0.3191276759234130123, 0.3723156219106482645, 0.3856126084074570914, 0.3989095949042659184, 0.4255035678978831282, 0.4321520611462874584, 0.4388005543946916220, 0.4520975408915004490, 0.4786915138851183804, 0.4919885003819273739, 0.4986369936303316486, 0.5052854868787359788, 0.5318794598723525224, 0.5850674058595858318, 0.6116613788532024865, 0.6249583653500108138, 0.6266204886621121739, 0.6282826119742135340, 0.6316068585984168093, 0.6382553518468240261, 0.7446312438213301688, 0.7512797370697371635, 0.7579282303181440472, 0.7712252168149572595, 0.7978191898085831291, 0.8510071357958348681 ),
 .UNSPECIFIED. ) ;
#4092 = ORIENTED_EDGE ( 'NONE', *, *, #979, .F. ) ;
#4093 = CARTESIAN_POINT ( 'NONE',  ( 1.392890112378414758, 13.25742453871879434, 8.802444968223852584 ) ) ;
#4094 = CARTESIAN_POINT ( 'NONE',  ( 26.84678751731780011, -15.49999999999965539, 4.000000000000000000 ) ) ;
#4095 = CARTESIAN_POINT ( 'NONE',  ( 1.818653347947321031, -3.149999999999999911, 47.82499999999998863 ) ) ;
#4096 = CARTESIAN_POINT ( 'NONE',  ( -1.045167283690511706, -9.947824505845268561, 8.597533043457977087 ) ) ;
#4097 = CARTESIAN_POINT ( 'NONE',  ( 0.000000000000000000, 0.000000000000000000, -9.000000000000001776 ) ) ;
#4098 = CARTESIAN_POINT ( 'NONE',  ( -13.28514039244299916, -19.40846941324473818, 9.732645666514965654 ) ) ;
#4099 = LINE ( 'NONE', #1856, #2963 ) ;
#4100 = CARTESIAN_POINT ( 'NONE',  ( -1.593491436080465827E-15, 8.674563349965705328, 61.87499999999997158 ) ) ;
#4101 = CARTESIAN_POINT ( 'NONE',  ( 10.98687843811283926, -23.10357740127611237, 9.762216838740801705 ) ) ;
#4102 = CARTESIAN_POINT ( 'NONE',  ( 7.249999999999999112, 0.000000000000000000, 62.50000000000000000 ) ) ;
#4103 = CARTESIAN_POINT ( 'NONE',  ( 6.197532156395163305, 9.088036271806391397, 8.889619462053410359 ) ) ;
#4104 = CARTESIAN_POINT ( 'NONE',  ( 0.4471374191524440378, 12.27496373115322825, 9.347679155393775474 ) ) ;
#4105 = CARTESIAN_POINT ( 'NONE',  ( -0.2815793122212060240, -10.99639545900969395, 9.244236608254535525 ) ) ;
#4106 = CARTESIAN_POINT ( 'NONE',  ( 6.366064965466799563, -14.29691939704712311, 8.886785159412955437 ) ) ;
#4107 = CARTESIAN_POINT ( 'NONE',  ( -16.53474777466590595, -7.362514650734502730, 8.948779096980008063 ) ) ;
#4108 = CARTESIAN_POINT ( 'NONE',  ( 6.247847843178781169, 10.04372994222137372, 9.315460168994839307 ) ) ;
#4109 = AXIS2_PLACEMENT_3D ( 'NONE', #1892, #3277, #2334 ) ;
#4110 = EDGE_CURVE ( 'NONE', #1903, #5650, #2269, .T. ) ;
#4111 = CARTESIAN_POINT ( 'NONE',  ( 1.149387582711207667, 10.93978556392716683, 10.00049293681678542 ) ) ;
#4112 = CARTESIAN_POINT ( 'NONE',  ( 7.142820988431145324, 9.832053863577550956, 8.744794086262938748 ) ) ;
#4113 = ORIENTED_EDGE ( 'NONE', *, *, #2077, .F. ) ;
#4114 = CARTESIAN_POINT ( 'NONE',  ( 0.8745444961067970757, 10.96523976648567533, 8.855776607805385225 ) ) ;
#4115 = FACE_OUTER_BOUND ( 'NONE', #4590, .T. ) ;
#4116 = ORIENTED_EDGE ( 'NONE', *, *, #2292, .F. ) ;
#4117 = ORIENTED_EDGE ( 'NONE', *, *, #189, .F. ) ;
#4118 = CARTESIAN_POINT ( 'NONE',  ( 0.000000000000000000, 0.000000000000000000, -9.000000000000001776 ) ) ;
#4119 = EDGE_CURVE ( 'NONE', #1026, #769, #3091, .T. ) ;
#4120 = CARTESIAN_POINT ( 'NONE',  ( -2.811862076084069351, -27.85851229109928084, 9.206866708977541336 ) ) ;
#4121 = ORIENTED_EDGE ( 'NONE', *, *, #3729, .T. ) ;
#4122 = CARTESIAN_POINT ( 'NONE',  ( 10.87662111621565941, 2.057967748038212363, 7.214285714285715301 ) ) ;
#4123 = EDGE_CURVE ( 'NONE', #470, #1741, #1428, .T. ) ;
#4124 = CARTESIAN_POINT ( 'NONE',  ( -1.722132518371765064, -22.76692166457837629, 9.722190541089178240 ) ) ;
#4125 = CARTESIAN_POINT ( 'NONE',  ( -29.23326206622812151, -13.01684931542382095, 9.100485408565127443 ) ) ;
#4126 = LINE ( 'NONE', #3681, #2676 ) ;
#4127 = FACE_OUTER_BOUND ( 'NONE', #78, .T. ) ;
#4128 = CARTESIAN_POINT ( 'NONE',  ( -6.674390203593315363, -4.849228331412904325, 60.00000000000001421 ) ) ;
#4129 = CARTESIAN_POINT ( 'NONE',  ( 8.802013742009128450, -18.04904211943500414, 9.668587843497215673 ) ) ;
#4130 = CARTESIAN_POINT ( 'NONE',  ( -5.865373209218368800, 4.261443079120429189, 58.50000000000000000 ) ) ;
#4131 = CARTESIAN_POINT ( 'NONE',  ( 10.50955368688967262, -22.00365604373324757, 9.745943207972318945 ) ) ;
#4132 = CARTESIAN_POINT ( 'NONE',  ( 6.112908548292085520, 9.145073735084716660, 8.956607300572748898 ) ) ;
#4133 = ADVANCED_FACE ( 'NONE', ( #2648 ), #3145, .T. ) ;
#4134 = CARTESIAN_POINT ( 'NONE',  ( 0.5933738762616047602, 13.42086944374759661, 9.422071066585941068 ) ) ;
#4135 = CARTESIAN_POINT ( 'NONE',  ( -1.584721306464039464E-15, -7.056372431667454023E-16, 24.66837655001592822 ) ) ;
#4136 = CARTESIAN_POINT ( 'NONE',  ( 5.041998470412249134, -11.32332863747850915, 8.757739689660128946 ) ) ;
#4137 = CARTESIAN_POINT ( 'NONE',  ( 5.311638120268220408E-16, -8.674563349965705328, 62.87500000000002132 ) ) ;
#4138 = CARTESIAN_POINT ( 'NONE',  ( -18.56224228904507711, -8.265307863538868816, 8.989849980057551093 ) ) ;
#4139 = CARTESIAN_POINT ( 'NONE',  ( 21.15005662760017913, -15.36515874325787401, 9.059469684201996387 ) ) ;
#4140 = PLANE ( 'NONE',  #1073 ) ;
#4141 = CARTESIAN_POINT ( 'NONE',  ( -27.49715687660853547, 2.888986305001151500, 9.072011571271263008 ) ) ;
#4142 = ORIENTED_EDGE ( 'NONE', *, *, #4814, .T. ) ;
#4143 = CARTESIAN_POINT ( 'NONE',  ( 3.242306918520068582, -10.51130086364751293, 6.142857142857142350 ) ) ;
#4144 = ORIENTED_EDGE ( 'NONE', *, *, #1433, .F. ) ;
#4145 = EDGE_LOOP ( 'NONE', ( #3180, #4210, #1496, #172, #1118 ) ) ;
#4146 = CARTESIAN_POINT ( 'NONE',  ( 5.947262607347654217, 9.650466312901617272, 9.274755408069177420 ) ) ;
#4147 = ORIENTED_EDGE ( 'NONE', *, *, #1482, .F. ) ;
#4148 = DIRECTION ( 'NONE',  ( 0.000000000000000000, 0.000000000000000000, -1.000000000000000000 ) ) ;
#4149 = CARTESIAN_POINT ( 'NONE',  ( -2.754908580837626797, -27.86414324380399066, 9.272963267648435703 ) ) ;
#4150 = ORIENTED_EDGE ( 'NONE', *, *, #628, .T. ) ;
#4151 = CARTESIAN_POINT ( 'NONE',  ( -3.285468820183674588, 2.309401076758503368, 34.00000000000000711 ) ) ;
#4152 = CARTESIAN_POINT ( 'NONE',  ( 6.615471834464460521, 1.041666666666667851, 44.00000000000000711 ) ) ;
#4153 = CARTESIAN_POINT ( 'NONE',  ( -5.156737220851012715, 11.58100911602229388, 4.999478381024411888 ) ) ;
#4154 = CARTESIAN_POINT ( 'NONE',  ( -9.133632530757225254, 6.129996116312996790, 8.943115694354089484 ) ) ;
#4155 = B_SPLINE_CURVE_WITH_KNOTS ( 'NONE', 3,
 ( #4947, #426, #1805, #1367, #8, #2272, #34, #1830, #3628, #5415 ),
 .UNSPECIFIED., .F., .F.,
 ( 4, 3, 3, 4 ),
 ( 0.000000000000000000, 0.0002622927178851103139, 0.0005245854360846723260, 0.0009453804127720449564 ),
 .UNSPECIFIED. ) ;
#4156 = EDGE_CURVE ( 'NONE', #1798, #4235, #1289, .T. ) ;
#4157 = CARTESIAN_POINT ( 'NONE',  ( 3.637306695894642505, -1.968512776180124087E-16, 44.75000000000000000 ) ) ;
#4158 = CARTESIAN_POINT ( 'NONE',  ( 6.674390203593317139, -4.849228331412903437, 60.99999999999998579 ) ) ;
#4159 = CARTESIAN_POINT ( 'NONE',  ( 5.220254006911501321, -9.582304512035785038, 9.237924718603887086 ) ) ;
#4160 = CARTESIAN_POINT ( 'NONE',  ( 0.04330127018920969934, -0.07499999999997786215, 44.75000000000000000 ) ) ;
#4161 = CARTESIAN_POINT ( 'NONE',  ( 10.00824062098813449, -20.84579371895735989, 9.726382675456340721 ) ) ;
#4162 = DIRECTION ( 'NONE',  ( -0.000000000000000000, -0.000000000000000000, 1.000000000000000000 ) ) ;
#4163 = CARTESIAN_POINT ( 'NONE',  ( 16.62790056595847332, 8.193159343665998406, 9.628694860342999817 ) ) ;
#4164 = CARTESIAN_POINT ( 'NONE',  ( 3.102776200920766225, 2.524436540497640991, 24.00000000000000000 ) ) ;
#4165 = CARTESIAN_POINT ( 'NONE',  ( -1.072918737522818411, -17.28864056665211280, 9.593051699102417729 ) ) ;
#4166 = CARTESIAN_POINT ( 'NONE',  ( 5.604869982002409934, -12.58742642406283174, 8.821446984288813908 ) ) ;
#4167 = FILL_AREA_STYLE ('',( #5423 ) ) ;
#4168 = CARTESIAN_POINT ( 'NONE',  ( 8.899438418959563890, -6.465291627385918893, 10.00049293681678542 ) ) ;
#4169 = CARTESIAN_POINT ( 'NONE',  ( 13.40572943162366393, -9.739035900133837131, 8.912760710018202914 ) ) ;
#4170 = CARTESIAN_POINT ( 'NONE',  ( 16.51489849772873342, -0.9785353239473691955, 9.565904075243510718 ) ) ;
#4171 = AXIS2_PLACEMENT_3D ( 'NONE', #583, #5021, #1534 ) ;
#4172 = CARTESIAN_POINT ( 'NONE',  ( -18.53037402515382581, 1.946892074167825726, 8.959518355077154439 ) ) ;
#4173 = VERTEX_POINT ( 'NONE', #4904 ) ;
#4174 = CARTESIAN_POINT ( 'NONE',  ( 5.865373209218368800, -4.261443079120430077, 64.50000000000000000 ) ) ;
#4175 = ORIENTED_EDGE ( 'NONE', *, *, #1916, .T. ) ;
#4176 = AXIS2_PLACEMENT_3D ( 'NONE', #2434, #1617, #5579 ) ;
#4177 = ORIENTED_EDGE ( 'NONE', *, *, #5677, .T. ) ;
#4178 = CARTESIAN_POINT ( 'NONE',  ( 11.18760326652963144, 4.981563316171742528, 8.749853076271481456 ) ) ;
#4179 = VERTEX_POINT ( 'NONE', #4468 ) ;
#4180 = CARTESIAN_POINT ( 'NONE',  ( -27.84672688999643242, 2.925713846901159876, 9.074663436463131561 ) ) ;
#4181 = FACE_OUTER_BOUND ( 'NONE', #3619, .T. ) ;
#4182 = EDGE_LOOP ( 'NONE', ( #5171, #5794, #4147, #5204 ) ) ;
#4183 = CARTESIAN_POINT ( 'NONE',  ( -5.098780407186633390, 7.017869168904327992, 59.62499999999997158 ) ) ;
#4184 = CARTESIAN_POINT ( 'NONE',  ( -6.120837095352158919, -9.139768407420501006, 8.950348815923222290 ) ) ;
#4185 = CARTESIAN_POINT ( 'NONE',  ( 3.909142447638089823, 5.729166666666666075, 44.00000000000000711 ) ) ;
#4186 = EDGE_CURVE ( 'NONE', #5057, #4293, #5460, .T. ) ;
#4187 = CARTESIAN_POINT ( 'NONE',  ( -10.80127381977250600, -16.07427498356733864, 9.650545749611525892 ) ) ;
#4188 = DIRECTION ( 'NONE',  ( 1.000000000000000000, 0.000000000000000000, 0.000000000000000000 ) ) ;
#4189 = CARTESIAN_POINT ( 'NONE',  ( -6.674390203593317139, 4.849228331412902548, 62.24999999999998579 ) ) ;
#4190 = LINE ( 'NONE', #4533, #5544 ) ;
#4191 = LINE ( 'NONE', #3304, #5751 ) ;
#4192 = CARTESIAN_POINT ( 'NONE',  ( 6.239997633611187311, 9.058903948310542020, 8.855776607805390555 ) ) ;
#4193 = CARTESIAN_POINT ( 'NONE',  ( -7.250000000000019540, -2.355667797688544951, 58.87500000000000711 ) ) ;
#4194 = CARTESIAN_POINT ( 'NONE',  ( 14.27584820558021761, -1.499890703001515613, 4.999478381024408336 ) ) ;
#4195 = DIRECTION ( 'NONE',  ( -0.7071067811865453523, 8.659560562354906974E-17, 0.7071067811865496822 ) ) ;
#4196 = CARTESIAN_POINT ( 'NONE',  ( 8.006126423065277109, -17.98017217449811511, 8.979242739895555658 ) ) ;
#4197 = CARTESIAN_POINT ( 'NONE',  ( -17.98017217449815419, -8.006126423065214937, 8.979242739895562764 ) ) ;
#4198 = CARTESIAN_POINT ( 'NONE',  ( 5.899193599809535726, -11.21025918660252074, 9.374522705705651049 ) ) ;
#4199 = CARTESIAN_POINT ( 'NONE',  ( -13.18718657259277904, 28.14898433153065582, 9.817307459269112968 ) ) ;
#4200 = EDGE_CURVE ( 'NONE', #3264, #5051, #3529, .T. ) ;
#4201 = CARTESIAN_POINT ( 'NONE',  ( 12.90785037406338276, -9.377335178048111786, 8.896083650334510651 ) ) ;
#4202 = ADVANCED_FACE ( 'NONE', ( #5290 ), #1474, .F. ) ;
#4203 = CARTESIAN_POINT ( 'NONE',  ( -5.098780407186634278, 7.017869168904327992, 62.12499999999997868 ) ) ;
#4204 = ORIENTED_EDGE ( 'NONE', *, *, #2829, .T. ) ;
#4205 = ORIENTED_EDGE ( 'NONE', *, *, #2053, .F. ) ;
#4206 = CARTESIAN_POINT ( 'NONE',  ( 11.90465803500601361, 5.300850087898320240, 8.789169392377731427 ) ) ;
#4207 = ORIENTED_EDGE ( 'NONE', *, *, #2723, .T. ) ;
#4208 = FACE_OUTER_BOUND ( 'NONE', #1469, .T. ) ;
#4209 = DIRECTION ( 'NONE',  ( 1.000000000000000000, 0.000000000000000000, 0.000000000000000000 ) ) ;
#4210 = ORIENTED_EDGE ( 'NONE', *, *, #1647, .F. ) ;
#4211 = CARTESIAN_POINT ( 'NONE',  ( -3.779099109679983748, 1.357050874347305092, 34.00000000000000000 ) ) ;
#4212 = CARTESIAN_POINT ( 'NONE',  ( -6.394536653643713819, -8.950840711866931088, 8.731743395424928167 ) ) ;
#4213 = CARTESIAN_POINT ( 'NONE',  ( 2.804219591217580021, 4.857050807568876749, 39.00000000000000711 ) ) ;
#4214 = CARTESIAN_POINT ( 'NONE',  ( -21.35749972353925941, -18.37961467510774582, 7.214285714285715301 ) ) ;
#4215 = AXIS2_PLACEMENT_3D ( 'NONE', #3182, #4556, #1850 ) ;
#4216 = CARTESIAN_POINT ( 'NONE',  ( -8.698221469049421728, -13.27349969495809923, 9.539913078800433155 ) ) ;
#4217 = CARTESIAN_POINT ( 'NONE',  ( 2.405626121623436919, 6.249999999999998224, 44.00000000000000711 ) ) ;
#4218 = CARTESIAN_POINT ( 'NONE',  ( -8.250000000000000000, -1.010333609296566550E-15, 59.75000000000001421 ) ) ;
#4219 = CARTESIAN_POINT ( 'NONE',  ( -9.911238424112342571, -4.771704203701220948, 8.889619462053380161 ) ) ;
#4220 = CARTESIAN_POINT ( 'NONE',  ( 13.05469992497596898, -8.533159899603154130, 9.528853671068430842 ) ) ;
#4221 = CARTESIAN_POINT ( 'NONE',  ( 9.526279441628895839, -5.499999999999874767, 8.999332994034658029 ) ) ;
#4222 = AXIS2_PLACEMENT_3D ( 'NONE', #5370, #3532, #4493 ) ;
#4223 = CARTESIAN_POINT ( 'NONE',  ( 12.93833531256558267, 6.625323316025217402, 9.481103272736847387 ) ) ;
#4224 = DIRECTION ( 'NONE',  ( -1.000000000000000000, 0.000000000000000000, 0.000000000000000000 ) ) ;
#4225 = CARTESIAN_POINT ( 'NONE',  ( -1.484441459241697014, -20.73552263888656100, 9.683098232677266992 ) ) ;
#4226 = CARTESIAN_POINT ( 'NONE',  ( 11.59838945589737946, -25.48490999469259677, 9.339059826362918315 ) ) ;
#4227 = CARTESIAN_POINT ( 'NONE',  ( 0.9626198495147099132, 16.38452646131433710, 9.561248461985641711 ) ) ;
#4228 = EDGE_CURVE ( 'NONE', #2060, #2289, #2714, .T. ) ;
#4229 = CARTESIAN_POINT ( 'NONE',  ( 2.549390203593316695, -7.846216259435016660, 60.50000000000001421 ) ) ;
#4230 = CARTESIAN_POINT ( 'NONE',  ( -10.99639545900968862, 0.2815793122212450483, 9.244236608254535525 ) ) ;
#4231 = CARTESIAN_POINT ( 'NONE',  ( 6.196557871089300562, -11.91950081729049593, 9.422071066585941068 ) ) ;
#4232 = CARTESIAN_POINT ( 'NONE',  ( -10.03286718135422539, 22.53182997522008080, 9.045875455953151345 ) ) ;
#4233 = CARTESIAN_POINT ( 'NONE',  ( 0.8220310294507950921, -10.96924176899297088, 8.285714285714284699 ) ) ;
#4234 = CARTESIAN_POINT ( 'NONE',  ( -0.06495190528381362960, 0.03749999999998888250, 44.75000000000000000 ) ) ;
#4235 = VERTEX_POINT ( 'NONE', #1896 ) ;
#4236 = AXIS2_PLACEMENT_3D ( 'NONE', #3497, #5230, #5673 ) ;
#4237 = VERTEX_POINT ( 'NONE', #3730 ) ;
#4238 = CARTESIAN_POINT ( 'NONE',  ( 8.032188506230966141, 12.39178148431245674, 9.492080732382259356 ) ) ;
#4239 = ORIENTED_EDGE ( 'NONE', *, *, #2283, .F. ) ;
#4240 = CARTESIAN_POINT ( 'NONE',  ( -3.624999999999998668, -6.278684177437180658, 57.50000000000000000 ) ) ;
#4241 = CARTESIAN_POINT ( 'NONE',  ( 12.60993745752568707, -28.31941873198125492, 10.00049293681678542 ) ) ;
#4242 = ORIENTED_EDGE ( 'NONE', *, *, #2539, .T. ) ;
#4243 = CARTESIAN_POINT ( 'NONE',  ( -19.45056111848879254, 13.31639006276732040, 9.733462124878721866 ) ) ;
#4244 = CARTESIAN_POINT ( 'NONE',  ( -10.85399913128750882, -5.750249501608035274, 9.347679155393771921 ) ) ;
#4245 = CARTESIAN_POINT ( 'NONE',  ( 12.38242406328079603, 17.04433872121659732, 9.001241796277081875 ) ) ;
#4246 = DIRECTION ( 'NONE',  ( 0.5000000000000001110, -0.8660254037844385966, 0.000000000000000000 ) ) ;
#4247 = DIRECTION ( 'NONE',  ( -1.000000000000000000, 0.000000000000000000, 0.000000000000000000 ) ) ;
#4248 = ORIENTED_EDGE ( 'NONE', *, *, #745, .T. ) ;
#4249 = CARTESIAN_POINT ( 'NONE',  ( 16.25651817882609151, -10.93750730239931279, 9.656074444160086756 ) ) ;
#4250 = AXIS2_PLACEMENT_3D ( 'NONE', #5128, #4365, #2106 ) ;
#4251 = CARTESIAN_POINT ( 'NONE',  ( 1.815495515574561125, 23.57598006959885950, 9.734601941943552106 ) ) ;
#4252 = DIRECTION ( 'NONE',  ( -0.000000000000000000, -0.000000000000000000, -1.000000000000000000 ) ) ;
#4253 = CARTESIAN_POINT ( 'NONE',  ( -6.161855745405733664, -9.931214073995876745, 9.303692016028184852 ) ) ;
#4254 = CARTESIAN_POINT ( 'NONE',  ( 2.925713846901259796, 27.84672688999642887, 4.999478381024408336 ) ) ;
#4255 = CARTESIAN_POINT ( 'NONE',  ( 1.236313838692852274, 11.76714320604256514, 8.728034140222046489 ) ) ;
#4256 = CARTESIAN_POINT ( 'NONE',  ( -7.250000000000001776, 2.355667797688569820, 58.62499999999999289 ) ) ;
#4257 = CARTESIAN_POINT ( 'NONE',  ( -12.13946756776437219, 0.4297129566466446060, 9.337857415294154251 ) ) ;
#4258 = CARTESIAN_POINT ( 'NONE',  ( 7.183759676401609617, -14.25848946895145275, 9.543723846560883572 ) ) ;
#4259 = CARTESIAN_POINT ( 'NONE',  ( -5.574201357124754175, 10.43265992228331029, 9.315460168994839307 ) ) ;
#4260 = CARTESIAN_POINT ( 'NONE',  ( 0.2709079943708840865, -11.01054273084809410, 8.763480628664169103 ) ) ;
#4261 = CARTESIAN_POINT ( 'NONE',  ( -6.674390203593317139, 4.849228331412902548, 59.74999999999998579 ) ) ;
#4262 = ORIENTED_EDGE ( 'NONE', *, *, #4587, .T. ) ;
#4263 = ORIENTED_EDGE ( 'NONE', *, *, #1647, .T. ) ;
#4264 = CARTESIAN_POINT ( 'NONE',  ( 14.87768550451267657, 21.55730703887359567, 9.769298644417235167 ) ) ;
#4265 = ORIENTED_EDGE ( 'NONE', *, *, #2283, .T. ) ;
#4266 = CARTESIAN_POINT ( 'NONE',  ( 8.249999999999998224, -2.680587493921476661, 60.87500000000001421 ) ) ;
#4267 = VECTOR ( 'NONE', #749, 1000.000000000000227 ) ;
#4268 = LINE ( 'NONE', #301, #5054 ) ;
#4269 = EDGE_LOOP ( 'NONE', ( #264, #3672, #2149, #266 ) ) ;
#4270 = CARTESIAN_POINT ( 'NONE',  ( -16.07427498356729600, 10.80127381977255929, 9.650545749611531221 ) ) ;
#4271 = VECTOR ( 'NONE', #3811, 1000.000000000000000 ) ;
#4272 = CARTESIAN_POINT ( 'NONE',  ( -14.25848946895147940, -7.183759676401557215, 9.543723846560883572 ) ) ;
#4273 = CARTESIAN_POINT ( 'NONE',  ( -3.608439182435162706, 6.249999999999999112, 44.00000000000000711 ) ) ;
#4274 = CARTESIAN_POINT ( 'NONE',  ( -16.27138474061509044, -22.78695490913895227, 9.339059826362918315 ) ) ;
#4275 = DIRECTION ( 'NONE',  ( 0.000000000000000000, 0.000000000000000000, 1.000000000000000000 ) ) ;
#4276 = CARTESIAN_POINT ( 'NONE',  ( -7.197966978190476262, -9.907962015630253916, 8.749853076271495667 ) ) ;
#4277 = CARTESIAN_POINT ( 'NONE',  ( 5.865373209218368800, -4.261443079120430077, 64.50000000000000000 ) ) ;
#4278 = CARTESIAN_POINT ( 'NONE',  ( -9.887134485620622470, -4.821304463335859047, 8.925829213361774706 ) ) ;
#4279 = ORIENTED_EDGE ( 'NONE', *, *, #423, .F. ) ;
#4280 = CARTESIAN_POINT ( 'NONE',  ( 11.36449460210470264, -7.253455505858785735, 9.424864755848396669 ) ) ;
#4281 = CARTESIAN_POINT ( 'NONE',  ( 1.900287546583956155, 24.31050195345280684, 9.745943207972320721 ) ) ;
#4282 = CYLINDRICAL_SURFACE ( 'NONE', #5112, 28.00000000000000000 ) ;
#4283 = CARTESIAN_POINT ( 'NONE',  ( -7.140355181031990739, -11.21562532981813298, 9.413923788595456088 ) ) ;
#4284 = PLANE ( 'NONE',  #2713 ) ;
#4285 = CARTESIAN_POINT ( 'NONE',  ( 1.932532151167756007, 24.59013476750910954, 9.750172582966193602 ) ) ;
#4286 = B_SPLINE_CURVE_WITH_KNOTS ( 'NONE', 3,
 ( #2989, #3510, #4713, #246, #683, #2040, #3869, #1630, #3422, #3732, #573, #2212, #2238, #1335, #991, #4888, #1301, #4040, #1898, #2819, #2686, #1274, #3072, #5324, #3130, #2376, #4419, #4170, #4012, #106, #5799, #5355, #4608, #1432, #4859, #1462, #3571, #418, #1869, #830, #3698, #3102, #2788, #3223, #4915, #5014, #5485, #2182, #2630, #3254, #859, #3666, #444, #391, #890, #73, #5453, #3985, #5770, #138, #4478, #1934, #5045, #3541, #4577 ),
 .UNSPECIFIED., .F., .F.,
 ( 4, 2, 2, 2, 1, 1, 1, 2, 2, 1, 1, 2, 2, 1, 1, 2, 2, 1, 1, 2, 2, 1, 1, 2, 2, 1, 1, 1, 2, 2, 1, 1, 1, 2, 2, 1, 1, 1, 2, 2, 1, 1, 1, 4 ),
 ( 0.000000000000000000, 0.05318794598723863148, 0.05983643923564332945, 0.06316068585984581374, 0.06648493248404827027, 0.07978191898085763845, 0.1063758919744763470, 0.1196728784712855764, 0.1263213717196903230, 0.1329698649680950417, 0.1595638379617135283, 0.1861578109553319871, 0.1928063042037366226, 0.1994547974521413136, 0.2127517839489506402, 0.2393457569425688214, 0.2526427434393775373, 0.2659397299361862532, 0.3191276759234205618, 0.3723156219106548148, 0.3856126084074634752, 0.3989095949042721911, 0.4255035678978900671, 0.4321520611462947303, 0.4388005543946992826, 0.4520975408915091087, 0.4786915138851290386, 0.4919885003819389757, 0.4986369936303440276, 0.5052854868787490794, 0.5318794598723695088, 0.5850674058596105898, 0.6116613788532309082, 0.6249583653500410119, 0.6266204886621424830, 0.6282826119742439541, 0.6316068585984466743, 0.6382553518468522258, 0.7446312438213427143, 0.7512797370697484878, 0.7579282303181542613, 0.7712252168149658083, 0.7978191898085889022, 0.8510071357958345351 ),
 .UNSPECIFIED. ) ;
#4287 = CARTESIAN_POINT ( 'NONE',  ( 7.249999999999999112, 2.355667797688572485, 60.12499999999998579 ) ) ;
#4288 = CARTESIAN_POINT ( 'NONE',  ( 10.99639545900968862, -0.2815793122213222643, 9.244236608254535525 ) ) ;
#4289 = CARTESIAN_POINT ( 'NONE',  ( 8.293702164491609352, -16.86285405431854656, 9.635644574541025520 ) ) ;
#4290 = CARTESIAN_POINT ( 'NONE',  ( -4.254525122218967503, 9.554819668828246293, 8.636644459345795610 ) ) ;
#4291 = CARTESIAN_POINT ( 'NONE',  ( -18.42724872157887006, 1.936057223457112286, 8.957444811035017551 ) ) ;
#4292 = CARTESIAN_POINT ( 'NONE',  ( -5.098780407186634278, 7.017869168904327992, 59.62499999999997868 ) ) ;
#4293 = VERTEX_POINT ( 'NONE', #1049 ) ;
#4294 = CARTESIAN_POINT ( 'NONE',  ( 13.80094826656333851, 20.10336849714935425, 9.745943207972318945 ) ) ;
#4295 = VERTEX_POINT ( 'NONE', #2310 ) ;
#4296 =( BOUNDED_SURFACE ( )  B_SPLINE_SURFACE ( 1, 2, ( 
 ( #4778, #2451, #1104, #2898, #1544, #1132, #3366 ),
 ( #3335, #3427, #2995, #2422, #284, #5154, #4686 ) ),
 .UNSPECIFIED., .F., .F., .T. ) 
 B_SPLINE_SURFACE_WITH_KNOTS ( ( 2, 2 ),
 ( 3, 2, 2, 3 ),
 ( 0.000000000000000000, 1.000000000000000000 ),
 ( 0.000000000000000000, 0.03571428571428571230, 0.07142857142857142461, 0.09998661063300855190 ),
 .UNSPECIFIED. ) 
 GEOMETRIC_REPRESENTATION_ITEM ( )  RATIONAL_B_SPLINE_SURFACE ( (
 ( 1.000000000000000000, 0.9937122098932426040, 1.000000000000000000, 0.9937122098932426040, 1.000000000000000000, 0.9949721252214146494, 0.9979850801651724002),
 ( 1.000000000000000000, 0.9937122098932426040, 1.000000000000000000, 0.9937122098932426040, 1.000000000000000000, 0.9949721252214146494, 0.9979850801651724002) ) ) 
 REPRESENTATION_ITEM ( '' )  SURFACE ( )  );
#4297 = CARTESIAN_POINT ( 'NONE',  ( 1.818653347947320587, 3.149999999999999467, 44.75000000000000000 ) ) ;
#4298 = CARTESIAN_POINT ( 'NONE',  ( 17.46292179997261584, -25.61340200379561693, 8.285714285714284699 ) ) ;
#4299 = ORIENTED_EDGE ( 'NONE', *, *, #1334, .T. ) ;
#4300 = CARTESIAN_POINT ( 'NONE',  ( -23.01130455913925488, 15.95242497197640930, 9.789322327038767924 ) ) ;
#4301 = CARTESIAN_POINT ( 'NONE',  ( 3.624999999999995559, 6.278684177437183322, 57.50000000000000000 ) ) ;
#4302 = CARTESIAN_POINT ( 'NONE',  ( 9.943716870761837967, -22.33161605788220072, 9.043200165331574780 ) ) ;
#4303 = EDGE_CURVE ( 'NONE', #4618, #2948, #366, .T. ) ;
#4304 = CARTESIAN_POINT ( 'NONE',  ( 8.250000000000000000, 0.000000000000000000, 63.74999999999998579 ) ) ;
#4305 = VECTOR ( 'NONE', #4528, 1000.000000000000000 ) ;
#4306 = CARTESIAN_POINT ( 'NONE',  ( -21.05491609863521418, 15.29604075666291152, 9.058421679211722477 ) ) ;
#4307 = CARTESIAN_POINT ( 'NONE',  ( 11.94271944174550448, 16.43908772444640576, 8.989849980057538659 ) ) ;
#4308 = CARTESIAN_POINT ( 'NONE',  ( -1.812608747932212662E-16, -1.725227530899693577E-15, 24.66837655001592822 ) ) ;
#4309 = DIRECTION ( 'NONE',  ( 0.000000000000000000, 0.000000000000000000, 1.000000000000000000 ) ) ;
#4310 = ORIENTED_EDGE ( 'NONE', *, *, #4634, .T. ) ;
#4311 = CARTESIAN_POINT ( 'NONE',  ( 22.71683810606876719, -15.73496791596223154, 9.785582408824422984 ) ) ;
#4312 = CARTESIAN_POINT ( 'NONE',  ( 19.60621109109372640, 9.472701046248948487, 9.702929324004893274 ) ) ;
#4313 =( LENGTH_UNIT ( ) NAMED_UNIT ( * ) SI_UNIT ( .MILLI., .METRE. ) );
#4314 = CARTESIAN_POINT ( 'NONE',  ( 9.526279441628895839, -5.499999999999874767, 8.999332994034658029 ) ) ;
#4315 = CARTESIAN_POINT ( 'NONE',  ( 10.51130086364754312, 3.242306918519957115, 6.142857142857142350 ) ) ;
#4316 = CARTESIAN_POINT ( 'NONE',  ( 7.249999999999999112, 0.000000000000000000, 57.50000000000000000 ) ) ;
#4317 = CARTESIAN_POINT ( 'NONE',  ( 10.97617221683375099, -0.7236413169020254887, 8.955131925794994174 ) ) ;
#4318 = CARTESIAN_POINT ( 'NONE',  ( 8.664410710382577818, -17.72766643412890630, 9.659401114105774511 ) ) ;
#4319 = CARTESIAN_POINT ( 'NONE',  ( -10.62144544721311057, 22.26194746672970481, 9.750172582966193602 ) ) ;
#4320 = CARTESIAN_POINT ( 'NONE',  ( 24.75641435796643108, -17.24006492052055961, 9.809850538807884490 ) ) ;
#4321 = CARTESIAN_POINT ( 'NONE',  ( 25.88251333640149454, 11.52484369486754368, 9.077380910921631241 ) ) ;
#4322 = ORIENTED_EDGE ( 'NONE', *, *, #3852, .F. ) ;
#4323 = CARTESIAN_POINT ( 'NONE',  ( 14.25152707670775065, 20.71128384231137431, 9.756333960009662576 ) ) ;
#4324 = ORIENTED_EDGE ( 'NONE', *, *, #2281, .F. ) ;
#4325 = CARTESIAN_POINT ( 'NONE',  ( -18.26936301128238682, -25.14767785320567839, 9.095426565020519050 ) ) ;
#4326 = CARTESIAN_POINT ( 'NONE',  ( -1.805018836356085954, -10.87090172544850297, 5.572962681898414594 ) ) ;
#4327 = VERTEX_POINT ( 'NONE', #2973 ) ;
#4328 = CARTESIAN_POINT ( 'NONE',  ( 0.000000000000000000, 0.000000000000000000, 21.00000000000000000 ) ) ;
#4329 = CARTESIAN_POINT ( 'NONE',  ( -25.57882982243472014, -11.38962092937794957, 4.999478381024407447 ) ) ;
#4330 =( BOUNDED_SURFACE ( )  B_SPLINE_SURFACE ( 1, 2, ( 
 ( #3270, #622, #3748, #4628, #123, #1039, #1513 ),
 ( #1449, #1920, #5003, #1417, #1981, #5537, #976 ) ),
 .UNSPECIFIED., .F., .F., .T. ) 
 B_SPLINE_SURFACE_WITH_KNOTS ( ( 2, 2 ),
 ( 3, 2, 2, 3 ),
 ( 0.000000000000000000, 1.000000000000000000 ),
 ( 0.000000000000000000, 0.03571428571428571230, 0.07142857142857142461, 0.09998661063300855190 ),
 .UNSPECIFIED. ) 
 GEOMETRIC_REPRESENTATION_ITEM ( )  RATIONAL_B_SPLINE_SURFACE ( (
 ( 1.000000000000000000, 0.9937122098932426040, 1.000000000000000000, 0.9937122098932426040, 1.000000000000000000, 0.9949721252214146494, 0.9979850801651724002),
 ( 1.000000000000000000, 0.9937122098932426040, 1.000000000000000000, 0.9937122098932426040, 1.000000000000000000, 0.9949721252214146494, 0.9979850801651724002) ) ) 
 REPRESENTATION_ITEM ( '' )  SURFACE ( )  );
#4331 = CARTESIAN_POINT ( 'NONE',  ( 8.653817917096459311, -19.43475882018086764, 9.004298147025634691 ) ) ;
#4332 = CARTESIAN_POINT ( 'NONE',  ( 1.818653347947321031, -3.149999999999999911, 44.75000000000000000 ) ) ;
#4333 = CARTESIAN_POINT ( 'NONE',  ( -9.493247605742185513, 6.896683967310496044, 8.721862271799627919 ) ) ;
#4334 = CARTESIAN_POINT ( 'NONE',  ( -9.340538072032682493, -12.85719935971607875, 8.893807934287661254 ) ) ;
#4335 = CARTESIAN_POINT ( 'NONE',  ( 4.844959742311253592, -9.875548627205594343, 8.943115694354055734 ) ) ;
#4336 = CARTESIAN_POINT ( 'NONE',  ( -0.1766910423142067921, -6.247501922814103992, 21.00000000000000000 ) ) ;
#4337 = ORIENTED_EDGE ( 'NONE', *, *, #806, .F. ) ;
#4338 = CARTESIAN_POINT ( 'NONE',  ( 16.53474777466595214, 7.362514650734383714, 8.948779096980002734 ) ) ;
#4339 = EDGE_CURVE ( 'NONE', #3509, #4179, #2486, .T. ) ;
#4340 = CARTESIAN_POINT ( 'NONE',  ( 21.20101410761819949, 10.16198211300882193, 9.732501247234321085 ) ) ;
#4341 = CARTESIAN_POINT ( 'NONE',  ( 19.04483665758569799, 20.52545241123518238, 6.142857142857142350 ) ) ;
#4342 = CARTESIAN_POINT ( 'NONE',  ( -22.85323629148615510, 16.17805893812668927, 9.471248398658763890 ) ) ;
#4343 = CARTESIAN_POINT ( 'NONE',  ( 1.140691217111408751, 10.85701420266188144, 8.669790818246722708 ) ) ;
#4344 = AXIS2_PLACEMENT_3D ( 'NONE', #2753, #3657, #509 ) ;
#4345 = CARTESIAN_POINT ( 'NONE',  ( 0.06495190528381429573, -0.03749999999998925720, 44.75000000000000000 ) ) ;
#4346 = CARTESIAN_POINT ( 'NONE',  ( -10.71932732043481806, -4.773051607333307800, 8.721862271799627919 ) ) ;
#4347 = DIRECTION ( 'NONE',  ( 1.000000000000000000, 0.000000000000000000, 0.000000000000000000 ) ) ;
#4348 = CARTESIAN_POINT ( 'NONE',  ( -7.146077198433935962, 14.16963060741908720, 9.539913078800434931 ) ) ;
#4349 = CARTESIAN_POINT ( 'NONE',  ( 19.73528234702654771, 9.528087989034309757, 9.706279605717398340 ) ) ;
#4350 = EDGE_LOOP ( 'NONE', ( #3592, #5693, #1464, #3831, #3861, #2414, #4914, #21, #323, #2827, #5682, #443, #4310, #720, #3294, #268, #5644, #5053, #5432, #85, #4703, #5769 ) ) ;
#4351 = CARTESIAN_POINT ( 'NONE',  ( 12.66514786448941621, 18.57390657413209212, 9.715715572878975692 ) ) ;
#4352 = CARTESIAN_POINT ( 'NONE',  ( -7.481900115480036639, -8.063570590128156468, 6.142857142857142350 ) ) ;
#4353 = CARTESIAN_POINT ( 'NONE',  ( 5.311638120268219422E-16, -8.674563349965705328, 62.87500000000001421 ) ) ;
#4354 = CARTESIAN_POINT ( 'NONE',  ( -0.3572655899081636499, -4.000000000000000000, 34.00000000000000711 ) ) ;
#4355 = ORIENTED_EDGE ( 'NONE', *, *, #3581, .T. ) ;
#4356 = CARTESIAN_POINT ( 'NONE',  ( -10.93978556392717039, 1.149387582711171918, 8.674148813960478321 ) ) ;
#4357 = CARTESIAN_POINT ( 'NONE',  ( 25.91864752421950158, -2.723140362388720703, 9.058750113913896840 ) ) ;
#4358 = VERTEX_POINT ( 'NONE', #293 ) ;
#4359 = PLANE ( 'NONE',  #888 ) ;
#4360 = CARTESIAN_POINT ( 'NONE',  ( -11.14767300135428485, 8.098596060504785754, 8.821446984288817461 ) ) ;
#4361 = AXIS2_PLACEMENT_3D ( 'NONE', #3330, #1979, #2929 ) ;
#4362 = CARTESIAN_POINT ( 'NONE',  ( 14.21591510003084835, 19.56812906412320885, 9.040454340733052874 ) ) ;
#4363 = CARTESIAN_POINT ( 'NONE',  ( -7.216878364870322748, 8.692641437761599014E-16, 44.00000000000000711 ) ) ;
#4364 = CARTESIAN_POINT ( 'NONE',  ( -1.668155878111776680, -15.87738363303160050, 8.895901432997588287 ) ) ;
#4365 = DIRECTION ( 'NONE',  ( 0.000000000000000000, 0.000000000000000000, 1.000000000000000000 ) ) ;
#4366 = VECTOR ( 'NONE', #1646, 1000.000000000000000 ) ;
#4367 = CARTESIAN_POINT ( 'NONE',  ( 17.72766643412899867, 8.664410710382394853, 9.659401114105774511 ) ) ;
#4368 = CARTESIAN_POINT ( 'NONE',  ( 0.000000000000000000, 0.000000000000000000, 24.66837655001592822 ) ) ;
#4369 = CARTESIAN_POINT ( 'NONE',  ( -27.92170632107302453, -2.092442620420108756, 8.285714285714284699 ) ) ;
#4370 = B_SPLINE_SURFACE_WITH_KNOTS ( 'NONE', 1, 3, ( 
 ( #4610, #1144, #1937, #233, #5046, #2883, #4731, #2500, #576, #3733, #5520, #1966, #1494, #5080, #4201, #3762, #5551, #1087, #4673, #639, #200, #2197, #3465, #5642 ),
 ( #5314, #4874, #4320, #3088, #732, #2531, #1618, #845, #4848, #5287, #5757, #2145, #3496, #2170, #1671, #4407, #762, #3912, #2645, #3973, #1261, #3528, #4433, #2594 ) ),
 .UNSPECIFIED., .F., .F., .F.,
 ( 2, 2 ),
 ( 4, 2, 2, 2, 2, 2, 2, 2, 2, 2, 2, 4 ),
 ( 0.000000000000000000, 1.000000000000000000 ),
 ( 0.01982871850929110447, 0.02257970761283119993, 0.02533069671637129538, 0.02808168581991139084, 0.03083267492345148977, 0.03358366402699158870, 0.03495915857876163990, 0.03633465313053168416, 0.03771014768230172842, 0.03908564223407177962, 0.04046113678584183082, 0.04183663133761187508 ),
 .UNSPECIFIED. ) ;
#4371 = CARTESIAN_POINT ( 'NONE',  ( -4.821304463335825297, 9.887134485620638458, 8.925829213361803127 ) ) ;
#4372 = CARTESIAN_POINT ( 'NONE',  ( 21.85529985790071805, -1.616074925516198801, 9.706279605717398340 ) ) ;
#4373 = CARTESIAN_POINT ( 'NONE',  ( -12.67169488794241516, -5.894119838185690519, 21.00000000000000000 ) ) ;
#4374 = UNCERTAINTY_MEASURE_WITH_UNIT (LENGTH_MEASURE( 1.000000000000000082E-05 ), #4313, 'distance_accuracy_value', 'NONE');
#4375 = CARTESIAN_POINT ( 'NONE',  ( 27.84672688999641821, -2.925713846901357051, 9.074663436463126232 ) ) ;
#4376 = EDGE_CURVE ( 'NONE', #5647, #4293, #5226, .T. ) ;
#4377 = CARTESIAN_POINT ( 'NONE',  ( -8.265307863538801314, 18.56224228904509488, 8.989849980057547540 ) ) ;
#4378 = DIRECTION ( 'NONE',  ( -0.3062328694547328256, 1.845148825998475573E-18, -0.9519566322398939073 ) ) ;
#4379 = EDGE_CURVE ( 'NONE', #235, #555, #3508, .T. ) ;
#4380 = CARTESIAN_POINT ( 'NONE',  ( 25.62713287398324269, 12.08551430919986558, 9.793014732039781123 ) ) ;
#4381 = CARTESIAN_POINT ( 'NONE',  ( -4.651217908141163093, -5.597618080579459310, 57.50000000000001421 ) ) ;
#4382 = CARTESIAN_POINT ( 'NONE',  ( -10.85701420266188499, 1.140691217111370559, 8.669790818246722708 ) ) ;
#4383 = CARTESIAN_POINT ( 'NONE',  ( 14.51484572874895740, 21.06670453633513418, 9.762216838740801705 ) ) ;
#4384 = EDGE_CURVE ( 'NONE', #914, #2603, #1500, .T. ) ;
#4385 = EDGE_CURVE ( 'NONE', #4477, #4963, #1729, .T. ) ;
#4386 = CARTESIAN_POINT ( 'NONE',  ( -6.674390203593317139, 4.849228331412902548, 62.00000000000001421 ) ) ;
#4387 = CARTESIAN_POINT ( 'NONE',  ( -26.59596308218219107, 9.306329984350311335, 7.214285714285715301 ) ) ;
#4388 = ORIENTED_EDGE ( 'NONE', *, *, #896, .T. ) ;
#4389 = FACE_OUTER_BOUND ( 'NONE', #1589, .T. ) ;
#4390 = CARTESIAN_POINT ( 'NONE',  ( 18.46844581293375853, -1.940385592141476989, 8.958275176990266431 ) ) ;
#4391 = ADVANCED_FACE ( 'NONE', ( #346 ), #4706, .T. ) ;
#4392 = EDGE_LOOP ( 'NONE', ( #4614, #2035, #3981, #1716 ) ) ;
#4393 = CARTESIAN_POINT ( 'NONE',  ( 1.818653347947320587, 3.149999999999999467, 64.75000000000000000 ) ) ;
#4394 = CARTESIAN_POINT ( 'NONE',  ( -16.93731619640503894, 12.30467400748709750, 8.999269646801847600 ) ) ;
#4395 = CARTESIAN_POINT ( 'NONE',  ( -2.549390203593317583, 7.846216259435016660, 61.99999999999998579 ) ) ;
#4396 = LINE ( 'NONE', #364, #387 ) ;
#4397 = CARTESIAN_POINT ( 'NONE',  ( 21.94110575060149060, 9.769832279487522086, 9.038635318908221805 ) ) ;
#4398 = LINE ( 'NONE', #1723, #1644 ) ;
#4399 = AXIS2_PLACEMENT_3D ( 'NONE', #937, #542, #2733 ) ;
#4400 = CARTESIAN_POINT ( 'NONE',  ( -17.46292179997243110, 25.61340200379573773, 8.285714285714284699 ) ) ;
#4401 = CARTESIAN_POINT ( 'NONE',  ( -8.250000000000000000, 2.680587493921476216, 62.37499999999998579 ) ) ;
#4402 = CARTESIAN_POINT ( 'NONE',  ( 3.064790086252641821, 2.594270395228368553, 33.99999999999999289 ) ) ;
#4403 = CARTESIAN_POINT ( 'NONE',  ( 17.69057960520967754, -1.858659149246921549, 8.942110561798720880 ) ) ;
#4404 = CARTESIAN_POINT ( 'NONE',  ( -19.63801766603627641, 1.354676875126080482, 9.658275495602522298 ) ) ;
#4405 = CARTESIAN_POINT ( 'NONE',  ( -30.91331771261655703, -2.316632901179406012, 8.285714285714284699 ) ) ;
#4406 = CARTESIAN_POINT ( 'NONE',  ( -4.773051607333270496, 10.71932732043483405, 8.721862271799627919 ) ) ;
#4407 = CARTESIAN_POINT ( 'NONE',  ( 12.60756875797316745, -8.195561608580609558, 9.505212387406180241 ) ) ;
#4408 = EDGE_CURVE ( 'NONE', #3317, #4063, #1890, .T. ) ;
#4409 = CARTESIAN_POINT ( 'NONE',  ( 23.36949179821536760, 10.40585729455151665, 9.054700542784383188 ) ) ;
#4410 = CARTESIAN_POINT ( 'NONE',  ( -12.42456991678811207, 8.056993786555997517, 9.494005665049336073 ) ) ;
#4411 = CARTESIAN_POINT ( 'NONE',  ( 11.00000000000000000, -1.347111479062088405E-15, 4.000000000000000000 ) ) ;
#4412 = CARTESIAN_POINT ( 'NONE',  ( 12.87991313784691449, 17.72912970024261980, 9.013873883218943561 ) ) ;
#4413 = CARTESIAN_POINT ( 'NONE',  ( -9.025916474523979716, -13.70810621971926402, 9.561248461985641711 ) ) ;
#4414 = CARTESIAN_POINT ( 'NONE',  ( -6.500000000000005329, 8.572527594031474176E-16, -64.00000000000000000 ) ) ;
#4415 = ORIENTED_EDGE ( 'NONE', *, *, #665, .T. ) ;
#4416 = DIRECTION ( 'NONE',  ( 1.000000000000000000, 0.000000000000000000, 0.000000000000000000 ) ) ;
#4417 = CARTESIAN_POINT ( 'NONE',  ( -15.77296162578155325, 23.13468568084777033, 8.285714285714284699 ) ) ;
#4418 = ORIENTED_EDGE ( 'NONE', *, *, #1715, .F. ) ;
#4419 = CARTESIAN_POINT ( 'NONE',  ( 16.10328155549727924, -0.9279923894604446000, 9.550102190098639809 ) ) ;
#4420 = CARTESIAN_POINT ( 'NONE',  ( -12.66163368075985574, 9.198462910967982964, 8.886785159412958990 ) ) ;
#4421 = CARTESIAN_POINT ( 'NONE',  ( -8.249999999999998224, -2.680587493921477993, 62.62499999999998579 ) ) ;
#4422 = CARTESIAN_POINT ( 'NONE',  ( -2.187502177567283823, -20.82048310175995809, 8.999269646801840494 ) ) ;
#4423 = CARTESIAN_POINT ( 'NONE',  ( 22.89294889947144895, 10.19366451595462841, 9.049481907957817484 ) ) ;
#4424 = VECTOR ( 'NONE', #4630, 999.9999999999998863 ) ;
#4425 = CARTESIAN_POINT ( 'NONE',  ( 18.90988953997891997, 9.172683190172570278, 9.687831937662291892 ) ) ;
#4426 = CARTESIAN_POINT ( 'NONE',  ( -15.29604075666284047, -21.05491609863527103, 9.058421679211726030 ) ) ;
#4427 = CARTESIAN_POINT ( 'NONE',  ( -18.91172486376164485, 13.73904854048049984, 4.999478381024409224 ) ) ;
#4428 = CARTESIAN_POINT ( 'NONE',  ( -4.861394344751746033, 9.867464634541976309, 8.955131925794967529 ) ) ;
#4429 = CARTESIAN_POINT ( 'NONE',  ( 21.79383327632275069, -2.289767125791111635, 9.013873883218943561 ) ) ;
#4430 = CARTESIAN_POINT ( 'NONE',  ( -15.30507420767161264, 0.8295285446041004151, 9.517545350385882230 ) ) ;
#4431 = CARTESIAN_POINT ( 'NONE',  ( 4.209845712841022269, -5.208333333333330373, 44.00000000000000711 ) ) ;
#4432 = CARTESIAN_POINT ( 'NONE',  ( -7.362514650734441446, 16.53474777466593437, 8.948779096980006287 ) ) ;
#4433 = CARTESIAN_POINT ( 'NONE',  ( 8.946130845441128798, -5.408039274635072502, 9.194114427929031663 ) ) ;
#4434 = EDGE_CURVE ( 'NONE', #330, #3622, #2276, .T. ) ;
#4435 = CARTESIAN_POINT ( 'NONE',  ( 9.137652376296676593, 4.068770834042188866, 8.597533043457977087 ) ) ;
#4436 = CARTESIAN_POINT ( 'NONE',  ( -3.608439182435159598, -6.250000000000000888, 44.00000000000000711 ) ) ;
#4437 = CARTESIAN_POINT ( 'NONE',  ( -30.97132880813206413, 2.654053589454863360, 9.817307459269112968 ) ) ;
#4438 = CARTESIAN_POINT ( 'NONE',  ( 9.646726938399385887, 13.27866665273946190, 8.908695597015118040 ) ) ;
#4439 = ADVANCED_FACE ( 'NONE', ( #4979 ), #4633, .T. ) ;
#4440 = B_SPLINE_CURVE_WITH_KNOTS ( 'NONE', 3,
 ( #5280, #1253, #4692, #663, #2459, #4486, #2638, #4047, #2164, #3109 ),
 .UNSPECIFIED., .F., .F.,
 ( 4, 3, 3, 4 ),
 ( 0.000000000000000000, 0.005031637882900891548, 0.01006327576580177963, 0.01700000035875126256 ),
 .UNSPECIFIED. ) ;
#4441 = CARTESIAN_POINT ( 'NONE',  ( -8.749401500574872870, -13.34114243945045253, 9.543886106340938369 ) ) ;
#4442 = CARTESIAN_POINT ( 'NONE',  ( -2.447730273519345801, -10.72420703400008435, 6.142857142857142350 ) ) ;
#4443 = EDGE_LOOP ( 'NONE', ( #856, #118, #764, #3480, #1563, #2503, #3256, #5272, #3098, #4652, #3397, #5490, #4831, #1591, #4473, #5731, #5456, #1818, #143, #522, #3944, #642 ) ) ;
#4444 = CARTESIAN_POINT ( 'NONE',  ( -8.461936671294848722, 6.147454000674984265, 8.636644459345795610 ) ) ;
#4445 = CARTESIAN_POINT ( 'NONE',  ( 22.98276679486905394, -2.414682318589068455, 9.028671707602013541 ) ) ;
#4446 = ORIENTED_EDGE ( 'NONE', *, *, #292, .F. ) ;
#4447 = EDGE_LOOP ( 'NONE', ( #1208, #5736, #5554, #1176 ) ) ;
#4448 = FACE_OUTER_BOUND ( 'NONE', #2681, .T. ) ;
#4449 = DIRECTION ( 'NONE',  ( 1.000000000000000000, 0.000000000000000000, 0.000000000000000000 ) ) ;
#4450 = CARTESIAN_POINT ( 'NONE',  ( -7.250000000000001776, 2.355667797688569820, 60.87500000000000000 ) ) ;
#4451 = CARTESIAN_POINT ( 'NONE',  ( -1.962171368563767615, -18.67580121331446108, 8.962402508024634784 ) ) ;
#4452 = CARTESIAN_POINT ( 'NONE',  ( 16.90941737404076051, 7.529345766163210385, 8.957068822608095005 ) ) ;
#4453 = ADVANCED_FACE ( 'NONE', ( #3722 ), #4745, .T. ) ;
#4454 = CIRCLE ( 'NONE', #3808, 7.500000000000000000 ) ;
#4455 = CARTESIAN_POINT ( 'NONE',  ( -27.30854136304684232, -12.81965128035272627, 9.809850538807884490 ) ) ;
#4456 = EDGE_CURVE ( 'NONE', #2444, #4779, #3881, .T. ) ;
#4457 = CARTESIAN_POINT ( 'NONE',  ( -13.02448465006714606, -17.92813159285512370, 9.016918189217623336 ) ) ;
#4458 = CARTESIAN_POINT ( 'NONE',  ( 5.098780407186632502, -7.017869168904328880, 63.37499999999998579 ) ) ;
#4459 = CARTESIAN_POINT ( 'NONE',  ( 12.27084460495900942, -27.55788343387189343, 9.089868230524976056 ) ) ;
#4460 = AXIS2_PLACEMENT_3D ( 'NONE', #2056, #1557, #5519 ) ;
#4461 = CARTESIAN_POINT ( 'NONE',  ( 19.05823035189112247, -2.002351251485687822, 8.970773426962608710 ) ) ;
#4462 = CARTESIAN_POINT ( 'NONE',  ( -22.41804887296190429, 1.681386506267920522, 9.715715572878981021 ) ) ;
#4463 = CARTESIAN_POINT ( 'NONE',  ( -25.32085747093987749, -11.95216201933139999, 9.789319808576792070 ) ) ;
#4464 = CARTESIAN_POINT ( 'NONE',  ( -9.786274362800185145, 21.97803140893430651, 9.039072486902588466 ) ) ;
#4465 = CARTESIAN_POINT ( 'NONE',  ( -9.472701046249015988, 19.60621109109370153, 9.702929324004891498 ) ) ;
#4466 = CARTESIAN_POINT ( 'NONE',  ( -7.249999999999999112, -8.878689293818310074E-16, 61.00000000000000000 ) ) ;
#4467 = CARTESIAN_POINT ( 'NONE',  ( -5.954912236582906360, -4.185789451624787993, 57.50000000000000000 ) ) ;
#4468 = CARTESIAN_POINT ( 'NONE',  ( 10.99639545900968862, -0.2815793122213222643, 9.244236608254535525 ) ) ;
#4469 = CARTESIAN_POINT ( 'NONE',  ( 16.97759894098356170, -12.33393874071997942, 9.000015129673826664 ) ) ;
#4470 = CARTESIAN_POINT ( 'NONE',  ( -11.26320222703158258, -15.50373601017061098, 8.970773426962608710 ) ) ;
#4471 = CARTESIAN_POINT ( 'NONE',  ( -24.31160524906738729, 2.554296610821555902, 9.043200165331585438 ) ) ;
#4472 = CARTESIAN_POINT ( 'NONE',  ( -27.84672688999644308, 2.925713846901160320, 4.999478381024408336 ) ) ;
#4473 = ORIENTED_EDGE ( 'NONE', *, *, #3415, .F. ) ;
#4474 = CARTESIAN_POINT ( 'NONE',  ( -25.88955321750512795, 18.80832292712967657, 9.100485408565127443 ) ) ;
#4475 = CARTESIAN_POINT ( 'NONE',  ( 0.000000000000000000, 0.000000000000000000, 34.00000000000000000 ) ) ;
#4476 = EDGE_LOOP ( 'NONE', ( #824, #4939, #2381, #3829 ) ) ;
#4477 = VERTEX_POINT ( 'NONE', #5034 ) ;
#4478 = CARTESIAN_POINT ( 'NONE',  ( 26.10801828510196998, -2.105800076986745317, 9.769298644417235167 ) ) ;
#4479 = CARTESIAN_POINT ( 'NONE',  ( 1.184547162090529016, 11.27443182660935861, 8.697288872700685403 ) ) ;
#4480 = CARTESIAN_POINT ( 'NONE',  ( 5.865373209218367911, 4.261443079120431854, 60.00000000000000711 ) ) ;
#4481 = CARTESIAN_POINT ( 'NONE',  ( -3.343708848722879434, -31.82517224255345667, 9.100485408565127443 ) ) ;
#4482 = CARTESIAN_POINT ( 'NONE',  ( -1.818653347947321031, 3.149999999999999467, 44.75000000000000000 ) ) ;
#4483 = ADVANCED_FACE ( 'NONE', ( #982 ), #39, .T. ) ;
#4484 = DIRECTION ( 'NONE',  ( -1.000000000000000000, 0.000000000000000000, 0.000000000000000000 ) ) ;
#4485 = CARTESIAN_POINT ( 'NONE',  ( -0.7213972262895659293, -10.97632044821125241, 8.956607300572699160 ) ) ;
#4486 = CARTESIAN_POINT ( 'NONE',  ( -19.27994270324098025, 2.025645439665543890, 4.999478381024407447 ) ) ;
#4487 = CARTESIAN_POINT ( 'NONE',  ( 8.167980889107772313, -18.34366520631822084, 8.986512289013813159 ) ) ;
#4488 = FACE_OUTER_BOUND ( 'NONE', #2605, .T. ) ;
#4489 = CARTESIAN_POINT ( 'NONE',  ( -19.81256796155103928, 1.375394250802533858, 9.662450345237981963 ) ) ;
#4490 = CARTESIAN_POINT ( 'NONE',  ( 1.248870261287710726, 18.75051107359506730, 9.635644574541020191 ) ) ;
#4491 = CARTESIAN_POINT ( 'NONE',  ( -7.553799690535129230, 16.96433603848768357, 8.958275176990269983 ) ) ;
#4492 = CARTESIAN_POINT ( 'NONE',  ( -8.609804068747374473, 17.60041826736859960, 9.656074444160086756 ) ) ;
#4493 = DIRECTION ( 'NONE',  ( 1.000000000000000000, 0.000000000000000000, 0.000000000000000000 ) ) ;
#4494 = CARTESIAN_POINT ( 'NONE',  ( 9.088626517475928424, 6.196520638699862360, 8.285714285714284699 ) ) ;
#4495 = CARTESIAN_POINT ( 'NONE',  ( -5.879053671803002423, -8.092485092606118258, 8.597533043457977087 ) ) ;
#4496 = CARTESIAN_POINT ( 'NONE',  ( 15.95242497197650167, 23.01130455913920869, 9.789322327038767924 ) ) ;
#4497 = ORIENTED_EDGE ( 'NONE', *, *, #2511, .F. ) ;
#4498 = CARTESIAN_POINT ( 'NONE',  ( -16.64728856475706564, 11.22992211840157140, 9.668587843497215673 ) ) ;
#4499 = ORIENTED_EDGE ( 'NONE', *, *, #4303, .F. ) ;
#4500 = ORIENTED_EDGE ( 'NONE', *, *, #3502, .T. ) ;
#4501 = CARTESIAN_POINT ( 'NONE',  ( 2.123154564598686456, 20.20802730528425784, 8.989849980057547540 ) ) ;
#4502 = CARTESIAN_POINT ( 'NONE',  ( -5.713362038855673397, 2.604166666666664298, 44.00000000000000711 ) ) ;
#4503 = CARTESIAN_POINT ( 'NONE',  ( 6.674390203593315363, 4.849228331412905213, 61.49999999999998579 ) ) ;
#4504 = CARTESIAN_POINT ( 'NONE',  ( -1.616074925515966321, -21.85529985790073937, 9.706279605717398340 ) ) ;
#4505 = CARTESIAN_POINT ( 'NONE',  ( -9.972795717309322683, -4.440639529438716870, 8.669790818246722708 ) ) ;
#4506 = CARTESIAN_POINT ( 'NONE',  ( -0.8745444961067319056, -10.96523976648568244, 8.855776607805344369 ) ) ;
#4507 = CARTESIAN_POINT ( 'NONE',  ( -17.04102930787568226, 12.38001983041147191, 4.999478381024409224 ) ) ;
#4508 = DIRECTION ( 'NONE',  ( 0.000000000000000000, 0.000000000000000000, -1.000000000000000000 ) ) ;
#4509 = CIRCLE ( 'NONE', #3487, 5.000000000000000000 ) ;
#4510 = CARTESIAN_POINT ( 'NONE',  ( -16.45710596061846331, -22.65311597553360201, 9.845359688719304003 ) ) ;
#4511 = CARTESIAN_POINT ( 'NONE',  ( -6.615471834464462297, -1.041666666666664076, 44.00000000000000711 ) ) ;
#4512 = EDGE_CURVE ( 'NONE', #4063, #5057, #2841, .T. ) ;
#4513 = CARTESIAN_POINT ( 'NONE',  ( 1.803440221132991184, 23.47161876538828906, 9.732972412448539501 ) ) ;
#4514 = CARTESIAN_POINT ( 'NONE',  ( -0.4297129566466009187, -12.13946756776437397, 9.337857415294152474 ) ) ;
#4515 = SURFACE_STYLE_USAGE ( .BOTH. , #3171 ) ;
#4516 = CARTESIAN_POINT ( 'NONE',  ( -19.24566315984113984, -8.569618291640058061, 9.001241796277092533 ) ) ;
#4517 = CARTESIAN_POINT ( 'NONE',  ( 19.77731944706057732, -14.36788837830582466, 9.043200165331578333 ) ) ;
#4518 = CARTESIAN_POINT ( 'NONE',  ( -16.65249221567925275, -22.92206408260108574, 9.077380910921631241 ) ) ;
#4519 = CARTESIAN_POINT ( 'NONE',  ( -23.79107271573952076, 2.499606907197286620, 9.037590209674167596 ) ) ;
#4520 = ORIENTED_EDGE ( 'NONE', *, *, #5740, .T. ) ;
#4521 = CARTESIAN_POINT ( 'NONE',  ( -1.818653347947320142, -3.149999999999999911, 64.75000000000000000 ) ) ;
#4522 = CARTESIAN_POINT ( 'NONE',  ( 12.15602501552537973, -1.277171670900331790, 8.748585655624690816 ) ) ;
#4523 = EDGE_LOOP ( 'NONE', ( #1300, #4175, #4497, #2383 ) ) ;
#4524 = VECTOR ( 'NONE', #2873, 1000.000000000000000 ) ;
#4525 = VERTEX_POINT ( 'NONE', #2811 ) ;
#4526 = CARTESIAN_POINT ( 'NONE',  ( 2.675531535256985727, 25.46551024693858167, 9.054651662031218962 ) ) ;
#4527 = CARTESIAN_POINT ( 'NONE',  ( 5.378707633892673812, -9.646201983157222770, 9.141370585886830824 ) ) ;
#4528 = DIRECTION ( 'NONE',  ( -0.3779644730092289184, 0.6546536707079803064, -0.6546536707079729789 ) ) ;
#4529 = CARTESIAN_POINT ( 'NONE',  ( -2.755553573258726185, -31.88295385014723493, 9.824066885615200917 ) ) ;
#4530 = CARTESIAN_POINT ( 'NONE',  ( -20.57779878668107543, -9.892050322695915554, 9.722190541089178240 ) ) ;
#4531 = CARTESIAN_POINT ( 'NONE',  ( 3.007032652029298259, 6.249999999999998224, 44.00000000000000711 ) ) ;
#4532 = CARTESIAN_POINT ( 'NONE',  ( -5.098780407186633390, 7.017869168904327992, 59.37500000000000000 ) ) ;
#4533 = CARTESIAN_POINT ( 'NONE',  ( -0.03711537444789368700, 0.06428571428569489210, 44.73928571428572099 ) ) ;
#4534 = EDGE_CURVE ( 'NONE', #3467, #2824, #1717, .T. ) ;
#4535 = CARTESIAN_POINT ( 'NONE',  ( 0.000000000000000000, 0.000000000000000000, -64.00000000000000000 ) ) ;
#4536 = CARTESIAN_POINT ( 'NONE',  ( -7.500000000000000000, 9.184850993605147944E-16, -64.00000000000000000 ) ) ;
#4537 = CARTESIAN_POINT ( 'NONE',  ( 0.4386376394737798723, 12.20884331143820134, 9.342911665793499409 ) ) ;
#4538 = DIRECTION ( 'NONE',  ( 1.000000000000000000, 0.000000000000000000, 0.000000000000000000 ) ) ;
#4539 = CIRCLE ( 'NONE', #2012, 6.500000000000005329 ) ;
#4540 = CARTESIAN_POINT ( 'NONE',  ( -11.59124692932865841, 24.49262724294523252, 9.779827166081952683 ) ) ;
#4541 =( BOUNDED_SURFACE ( )  B_SPLINE_SURFACE ( 1, 2, ( 
 ( #5383, #1363, #920, #2711, #2743, #4527, #2296 ),
 ( #4094, #54, #2922, #3834, #4298, #4738, #4241 ) ),
 .UNSPECIFIED., .F., .F., .F. ) 
 B_SPLINE_SURFACE_WITH_KNOTS ( ( 2, 2 ),
 ( 3, 2, 2, 3 ),
 ( 0.000000000000000000, 1.000000000000000000 ),
 ( 0.000000000000000000, 0.03571428571428571230, 0.07142857142857142461, 0.09998661063300855190 ),
 .UNSPECIFIED. ) 
 GEOMETRIC_REPRESENTATION_ITEM ( )  RATIONAL_B_SPLINE_SURFACE ( (
 ( 1.000000000000000000, 0.9937122098932426040, 1.000000000000000000, 0.9937122098932426040, 1.000000000000000000, 0.9949721252214146494, 0.9979850801651724002),
 ( 1.000000000000000000, 0.9937122098932426040, 1.000000000000000000, 0.9937122098932426040, 1.000000000000000000, 0.9949721252214146494, 0.9979850801651724002) ) ) 
 REPRESENTATION_ITEM ( '' )  SURFACE ( )  );
#4542 = CARTESIAN_POINT ( 'NONE',  ( 9.911238424112367440, 4.771704203701157887, 8.889619462053413912 ) ) ;
#4543 = CARTESIAN_POINT ( 'NONE',  ( 10.44841406800012074, -3.656058208137697108, 7.214285714285715301 ) ) ;
#4544 = CIRCLE ( 'NONE', #1549, 7.250000000000000000 ) ;
#4545 = EDGE_CURVE ( 'NONE', #4582, #2502, #5563, .T. ) ;
#4546 = CARTESIAN_POINT ( 'NONE',  ( -7.250000000000000000, 8.878689293818310074E-16, 64.75000000000000000 ) ) ;
#4547 = EDGE_CURVE ( 'NONE', #3352, #4991, #2724, .T. ) ;
#4548 = CARTESIAN_POINT ( 'NONE',  ( -12.47509352355035261, 28.59321808576925861, 5.071428571428571175 ) ) ;
#4549 = CARTESIAN_POINT ( 'NONE',  ( 6.896683967310531571, 9.493247605742165973, 8.721862271799622590 ) ) ;
#4550 = VERTEX_POINT ( 'NONE', #4221 ) ;
#4551 = CARTESIAN_POINT ( 'NONE',  ( -12.90785037406344671, 9.377335178048019415, 8.896083650334510651 ) ) ;
#4552 = DIRECTION ( 'NONE',  ( -1.000000000000000000, 1.224646799147352961E-16, 0.000000000000000000 ) ) ;
#4553 = VERTEX_POINT ( 'NONE', #5098 ) ;
#4554 = EDGE_LOOP ( 'NONE', ( #3316, #1774, #3860, #3741, #1439, #2885 ) ) ;
#4555 = CARTESIAN_POINT ( 'NONE',  ( 1.668155878111888146, 15.87738363303158096, 8.895901432997595393 ) ) ;
#4556 = DIRECTION ( 'NONE',  ( -0.000000000000000000, 0.000000000000000000, 1.000000000000000000 ) ) ;
#4557 = CARTESIAN_POINT ( 'NONE',  ( -1.019590287732968390E-15, -1.403460431670825396E-15, 24.66837655001592822 ) ) ;
#4558 = B_SPLINE_CURVE_WITH_KNOTS ( 'NONE', 3,
 ( #5240, #306, #4744, #2100, #3451, #3926, #3897, #1215, #2606, #5714 ),
 .UNSPECIFIED., .F., .F.,
 ( 4, 3, 3, 4 ),
 ( 0.000000000000000000, 0.0002622927178851071697, 0.0005245854360846691818, 0.0009453804127720498354 ),
 .UNSPECIFIED. ) ;
#4559 = CARTESIAN_POINT ( 'NONE',  ( -1.140691217111331701, -10.85701420266189210, 8.669790818246722708 ) ) ;
#4560 = ADVANCED_FACE ( 'NONE', ( #1074 ), #188, .T. ) ;
#4561 = CARTESIAN_POINT ( 'NONE',  ( -18.04904211943503256, -8.802013742009062724, 9.668587843497215673 ) ) ;
#4562 = CARTESIAN_POINT ( 'NONE',  ( -13.04886661217313737, -19.09028748444172408, 9.726382675456346050 ) ) ;
#4563 = CARTESIAN_POINT ( 'NONE',  ( 0.6475438817085422682, 7.250000000000000000, 57.50000000000000000 ) ) ;
#4564 = CARTESIAN_POINT ( 'NONE',  ( -5.098780407186633390, 7.017869168904327992, 61.87500000000000000 ) ) ;
#4565 = CARTESIAN_POINT ( 'NONE',  ( -3.625018694414480880, 6.278716531226608666, 57.50000000000000000 ) ) ;
#4566 = DIRECTION ( 'NONE',  ( 0.000000000000000000, 0.000000000000000000, 1.000000000000000000 ) ) ;
#4567 = CARTESIAN_POINT ( 'NONE',  ( 8.569618291640125562, -19.24566315984111142, 9.001241796277088980 ) ) ;
#4568 = CARTESIAN_POINT ( 'NONE',  ( -4.811252243246880944, -4.166666666666665186, 44.00000000000000711 ) ) ;
#4569 = CARTESIAN_POINT ( 'NONE',  ( 1.500457425641791298, 20.87168301316183872, 9.685943259803075023 ) ) ;
#4570 = CARTESIAN_POINT ( 'NONE',  ( 10.93978556392716506, -1.149387582711250078, 4.999478381024410112 ) ) ;
#4571 = CARTESIAN_POINT ( 'NONE',  ( -10.17398433698637739, 21.22873822933629739, 9.732972412448539501 ) ) ;
#4572 = CARTESIAN_POINT ( 'NONE',  ( 2.925713846901259796, 27.84672688999642887, 4.999478381024408336 ) ) ;
#4573 = LINE ( 'NONE', #5450, #3522 ) ;
#4574 = CARTESIAN_POINT ( 'NONE',  ( -19.43475882018091383, -8.653817917096397139, 9.004298147025636467 ) ) ;
#4575 = CARTESIAN_POINT ( 'NONE',  ( 7.362707987143283006, 11.50812277531044536, 9.436039436531943991 ) ) ;
#4576 = AXIS2_PLACEMENT_3D ( 'NONE', #2353, #5058, #1472 ) ;
#4577 = CARTESIAN_POINT ( 'NONE',  ( 27.90458680842346340, -2.309552998127368806, 9.789322327038767924 ) ) ;
#4578 =( BOUNDED_CURVE ( )  B_SPLINE_CURVE ( 2, ( #5144, #5559, #1502, #2476, #3386, #5177, #1153 ),
 .UNSPECIFIED., .F., .T. ) 
 B_SPLINE_CURVE_WITH_KNOTS ( ( 3, 2, 2, 3 ),
 ( 0.01666172618599908936, 0.03571428571428571230, 0.07142857142857142461, 0.09646968323894186681 ),
 .UNSPECIFIED. ) 
 CURVE ( )  GEOMETRIC_REPRESENTATION_ITEM ( )  RATIONAL_B_SPLINE_CURVE ( ( 0.9968701940290736196, 0.9966456421313096836, 1.000000000000000000, 0.9937122098932426040, 1.000000000000000000, 0.9955913088571033409, 0.9973649352736200235 ) ) 
 REPRESENTATION_ITEM ( '' )  );
#4579 = CARTESIAN_POINT ( 'NONE',  ( 9.422398590199065893, 12.96987991340970403, 8.897793442001313835 ) ) ;
#4580 = ORIENTED_EDGE ( 'NONE', *, *, #3121, .F. ) ;
#4581 = CARTESIAN_POINT ( 'NONE',  ( 12.96016132563089940, -1.361658179730101281, 8.789169392377733203 ) ) ;
#4582 = VERTEX_POINT ( 'NONE', #1516 ) ;
#4583 = B_SPLINE_SURFACE_WITH_KNOTS ( 'NONE', 1, 3, ( 
 ( #351, #790, #5704, #4321, #296, #4409, #3531, #5288, #1672, #2620, #1263, #3062, #1202, #2088, #378, #3859, #5643, #1648, #1706, #763, #3440, #5758, #3887, #4435 ),
 ( #4849, #2979, #2595, #4380, #2147, #733, #322, #1619, #4349, #3942, #5729, #2118, #1733, #3914, #2171, #3974, #3006, #818, #1290, #4791, #3466, #3409, #5200, #3089 ) ),
 .UNSPECIFIED., .F., .F., .F.,
 ( 2, 2 ),
 ( 4, 2, 2, 2, 2, 2, 2, 2, 2, 2, 2, 4 ),
 ( 0.000000000000000000, 1.000000000000000000 ),
 ( 0.01982871850929110447, 0.02257970761283119993, 0.02533069671637129538, 0.02808168581991139084, 0.03083267492345148977, 0.03358366402699158870, 0.03495915857876163990, 0.03633465313053168416, 0.03771014768230172842, 0.03908564223407177962, 0.04046113678584183082, 0.04183663133761187508 ),
 .UNSPECIFIED. ) ;
#4584 = ORIENTED_EDGE ( 'NONE', *, *, #817, .T. ) ;
#4585 = CARTESIAN_POINT ( 'NONE',  ( 10.35621795612477314, 4.611367978953494706, 8.697288872700681850 ) ) ;
#4586 = ORIENTED_EDGE ( 'NONE', *, *, #3802, .T. ) ;
#4587 = EDGE_CURVE ( 'NONE', #4966, #4717, #115, .T. ) ;
#4588 = CARTESIAN_POINT ( 'NONE',  ( 1.294685104962055355, -7.161769801105908329, 57.50000000000001421 ) ) ;
#4589 = CARTESIAN_POINT ( 'NONE',  ( -6.916175099667392523, 0.5208333333333328152, 44.00000000000000711 ) ) ;
#4590 = EDGE_LOOP ( 'NONE', ( #4415, #4207, #2923, #2236 ) ) ;
#4591 = CARTESIAN_POINT ( 'NONE',  ( -3.642734410091837294, 1.690598923241496632, 34.00000000000000000 ) ) ;
#4592 = CARTESIAN_POINT ( 'NONE',  ( 7.173288412535486991, 1.229263826697634565, 57.50000000000000711 ) ) ;
#4593 = CARTESIAN_POINT ( 'NONE',  ( 11.38962092937803838, -25.57882982243467751, 4.999478381024407447 ) ) ;
#4594 = CARTESIAN_POINT ( 'NONE',  ( -9.143823317640018544, 6.114777872081990751, 8.955131925794963976 ) ) ;
#4595 = CARTESIAN_POINT ( 'NONE',  ( -2.405626121623444913, 6.249999999999998224, 44.00000000000000711 ) ) ;
#4596 = CARTESIAN_POINT ( 'NONE',  ( 5.311638120268220408E-16, -8.674563349965705328, 60.37500000000000000 ) ) ;
#4597 = CARTESIAN_POINT ( 'NONE',  ( 8.439912095908546519, -17.20534077359982916, 9.646862156838700741 ) ) ;
#4598 = CARTESIAN_POINT ( 'NONE',  ( 10.35384963879228870, -6.484292994559482715, 9.342911665793497633 ) ) ;
#4599 = CARTESIAN_POINT ( 'NONE',  ( 9.136407258678277188, -18.82563642195511022, 9.685943259803075023 ) ) ;
#4600 = CARTESIAN_POINT ( 'NONE',  ( 6.465291627385891360, 8.899438418959586983, 8.674148813960478321 ) ) ;
#4601 = CARTESIAN_POINT ( 'NONE',  ( 0.7918403097436378379, 15.00174682292741579, 9.503916713854550835 ) ) ;
#4602 = CARTESIAN_POINT ( 'NONE',  ( -9.663947473672850563, -5.254342891941107929, 9.244236608254535525 ) ) ;
#4603 = CARTESIAN_POINT ( 'NONE',  ( -2.081922288277254118, -25.89849154555351163, 9.766734352938287955 ) ) ;
#4604 = CARTESIAN_POINT ( 'NONE',  ( 4.474493936541371397, -10.04882600167076845, 8.674148813960478321 ) ) ;
#4605 = CARTESIAN_POINT ( 'NONE',  ( -1.818653347947320142, -3.149999999999999911, 44.75000000000000000 ) ) ;
#4606 = CARTESIAN_POINT ( 'NONE',  ( -24.78632916899958616, -11.03673996916319489, 9.067943206606479123 ) ) ;
#4607 = CARTESIAN_POINT ( 'NONE',  ( 14.03936092353742460, -10.19935847181324995, 8.932521311116833118 ) ) ;
#4608 = CARTESIAN_POINT ( 'NONE',  ( 18.75051107359506020, -1.248870261287775563, 9.635644574541020191 ) ) ;
#4609 = EDGE_CURVE ( 'NONE', #3176, #4750, #934, .T. ) ;
#4610 = CARTESIAN_POINT ( 'NONE',  ( 25.88955321750500005, -18.80832292712986131, 9.100485408565127443 ) ) ;
#4611 = ORIENTED_EDGE ( 'NONE', *, *, #2123, .T. ) ;
#4612 = B_SPLINE_CURVE_WITH_KNOTS ( 'NONE', 3,
 ( #1129, #4153, #2894, #247, #2865, #3778, #2007, #3841, #5122, #1099 ),
 .UNSPECIFIED., .F., .F.,
 ( 4, 3, 3, 4 ),
 ( 0.000000000000000000, 0.005031637882900891548, 0.01006327576580177963, 0.01700000035875125909 ),
 .UNSPECIFIED. ) ;
#4613 = DIRECTION ( 'NONE',  ( -0.5000000000000002220, -0.8660254037844385966, 0.000000000000000000 ) ) ;
#4614 = ORIENTED_EDGE ( 'NONE', *, *, #2913, .F. ) ;
#4615 = EDGE_CURVE ( 'NONE', #3767, #3570, #3688, .T. ) ;
#4616 = EDGE_LOOP ( 'NONE', ( #3701, #206, #2029, #1997 ) ) ;
#4617 = CARTESIAN_POINT ( 'NONE',  ( 10.01752884944958844, 15.02767870246253423, 9.615340244562174732 ) ) ;
#4618 = VERTEX_POINT ( 'NONE', #408 ) ;
#4619 = ADVANCED_FACE ( 'NONE', ( #2200 ), #2969, .T. ) ;
#4620 = CARTESIAN_POINT ( 'NONE',  ( 3.007032652029300035, -6.250000000000000000, 44.00000000000000711 ) ) ;
#4621 = CARTESIAN_POINT ( 'NONE',  ( -3.909142447638093376, 5.729166666666665186, 44.00000000000000711 ) ) ;
#4622 = ORIENTED_EDGE ( 'NONE', *, *, #3337, .T. ) ;
#4623 = CARTESIAN_POINT ( 'NONE',  ( 2.549390203593314919, 7.846216259435018436, 59.24999999999998579 ) ) ;
#4624 = CARTESIAN_POINT ( 'NONE',  ( -19.42529800820334529, 13.29763442840189214, 9.732972412448535948 ) ) ;
#4625 = CARTESIAN_POINT ( 'NONE',  ( -20.84579371895738831, -10.00824062098805811, 9.726382675456346050 ) ) ;
#4626 = CARTESIAN_POINT ( 'NONE',  ( 0.000000000000000000, 0.000000000000000000, 34.00000000000000000 ) ) ;
#4627 = CARTESIAN_POINT ( 'NONE',  ( -10.35284007610771617, -15.47515920403710510, 9.630950504033302551 ) ) ;
#4628 = CARTESIAN_POINT ( 'NONE',  ( -10.44841406800014383, 3.656058208137623833, 7.214285714285715301 ) ) ;
#4629 = CARTESIAN_POINT ( 'NONE',  ( 8.249999999999998224, -2.680587493921476661, 63.37500000000002132 ) ) ;
#4630 = DIRECTION ( 'NONE',  ( 0.7071067811865425767, 0.000000000000000000, -0.7071067811865525687 ) ) ;
#4631 = CARTESIAN_POINT ( 'NONE',  ( -2.309552796581364920, -27.90458682510463717, 9.789319808576792070 ) ) ;
#4632 = EDGE_CURVE ( 'NONE', #3921, #884, #1914, .T. ) ;
#4633 = PLANE ( 'NONE',  #3128 ) ;
#4634 = EDGE_CURVE ( 'NONE', #2822, #4905, #2761, .T. ) ;
#4635 = CARTESIAN_POINT ( 'NONE',  ( -2.240373209218368356, -6.895159743139863906, 59.25000000000000000 ) ) ;
#4636 = CARTESIAN_POINT ( 'NONE',  ( 0.000000000000000000, 0.000000000000000000, 4.000000000000000000 ) ) ;
#4637 = CARTESIAN_POINT ( 'NONE',  ( -6.524714229545176991, -10.40686171213512345, 9.347679155393773698 ) ) ;
#4638 = CARTESIAN_POINT ( 'NONE',  ( 4.998795429009719626, -11.22630317449786475, 8.752111538817331393 ) ) ;
#4639 = CARTESIAN_POINT ( 'NONE',  ( -6.674390203593317139, 4.849228331412902548, 62.00000000000001421 ) ) ;
#4640 = CARTESIAN_POINT ( 'NONE',  ( -23.99276955997809324, -10.68338748219005296, 9.060546209440236254 ) ) ;
#4641 = CARTESIAN_POINT ( 'NONE',  ( 10.91683975314748878, -7.930899606336041963, 8.809460114356461702 ) ) ;
#4642 = CARTESIAN_POINT ( 'NONE',  ( -8.167980889107639086, 18.34366520631827768, 8.986512289013813159 ) ) ;
#4643 = DIRECTION ( 'NONE',  ( 0.000000000000000000, 0.000000000000000000, 1.000000000000000000 ) ) ;
#4644 = CARTESIAN_POINT ( 'NONE',  ( 7.249999999999998224, -2.355667797688570264, 64.62499999999998579 ) ) ;
#4645 = ORIENTED_EDGE ( 'NONE', *, *, #4609, .F. ) ;
#4646 = CIRCLE ( 'NONE', #1271, 4.000000000000000000 ) ;
#4647 = VERTEX_POINT ( 'NONE', #5532 ) ;
#4648 = FACE_OUTER_BOUND ( 'NONE', #1089, .T. ) ;
#4649 = ORIENTED_EDGE ( 'NONE', *, *, #2189, .F. ) ;
#4650 = CARTESIAN_POINT ( 'NONE',  ( 2.240373209218368800, -6.895159743139863018, 62.00000000000000000 ) ) ;
#4651 = CARTESIAN_POINT ( 'NONE',  ( -3.656058208137585641, -10.44841406800015804, 7.214285714285715301 ) ) ;
#4652 = ORIENTED_EDGE ( 'NONE', *, *, #2299, .F. ) ;
#4653 = DIRECTION ( 'NONE',  ( 0.8090398562690513939, -0.5877537843078108892, 0.000000000000000000 ) ) ;
#4654 = CARTESIAN_POINT ( 'NONE',  ( -16.96163389187940851, 11.46414256586754377, 9.676375761156624122 ) ) ;
#4655 = CARTESIAN_POINT ( 'NONE',  ( -14.79158930192816079, -7.410012799825625329, 9.565904075243512494 ) ) ;
#4656 = CARTESIAN_POINT ( 'NONE',  ( 10.04882600167081641, 4.474493936541261263, 4.999478381024411888 ) ) ;
#4657 = ADVANCED_FACE ( 'NONE', ( #649 ), #1505, .T. ) ;
#4658 = CARTESIAN_POINT ( 'NONE',  ( -8.108705156040228346, -12.49293583675903463, 9.497982529720239597 ) ) ;
#4659 = CARTESIAN_POINT ( 'NONE',  ( 6.674390203593317139, -4.849228331412903437, 60.75000000000001421 ) ) ;
#4660 = LINE ( 'NONE', #219, #761 ) ;
#4661 = CARTESIAN_POINT ( 'NONE',  ( 13.35056310892168696, -8.756334261504214567, 9.543723846560885349 ) ) ;
#4662 = DIRECTION ( 'NONE',  ( 1.000000000000000000, 0.000000000000000000, -0.000000000000000000 ) ) ;
#4663 = CARTESIAN_POINT ( 'NONE',  ( 12.04233667489217474, 6.248151399115418059, 9.429744918685750932 ) ) ;
#4664 = DIRECTION ( 'NONE',  ( -1.000000000000000000, 0.000000000000000000, 0.000000000000000000 ) ) ;
#4665 = CARTESIAN_POINT ( 'NONE',  ( -1.343900088542336002, -19.54731137114659845, 9.656074444160090309 ) ) ;
#4666 = CARTESIAN_POINT ( 'NONE',  ( 5.422434047359634413, -12.17771149547483667, 8.802444968223852584 ) ) ;
#4667 = CARTESIAN_POINT ( 'NONE',  ( 10.99639545900968862, -0.2815793122213222643, 9.244236608254535525 ) ) ;
#4668 = CARTESIAN_POINT ( 'NONE',  ( -6.674390203593317139, 4.849228331412902548, 59.50000000000001421 ) ) ;
#4669 = CARTESIAN_POINT ( 'NONE',  ( -13.28319404546672544, 0.5759163139085078376, 9.413923788595456088 ) ) ;
#4670 = CARTESIAN_POINT ( 'NONE',  ( 9.493247605742141104, -6.896683967310562657, 8.721862271799620814 ) ) ;
#4671 = CARTESIAN_POINT ( 'NONE',  ( -7.179067517783286334, 14.24777518713279001, 9.543886106340938369 ) ) ;
#4672 =( BOUNDED_SURFACE ( )  B_SPLINE_SURFACE ( 1, 2, ( 
 ( #2565, #5783, #5338, #1286, #3494, #4846, #3526 ),
 ( #374, #1259, #5701, #3059, #4405, #4872, #813 ) ),
 .UNSPECIFIED., .F., .F., .F. ) 
 B_SPLINE_SURFACE_WITH_KNOTS ( ( 2, 2 ),
 ( 3, 2, 2, 3 ),
 ( 0.000000000000000000, 1.000000000000000000 ),
 ( 0.000000000000000000, 0.03571428571428571230, 0.07142857142857142461, 0.09998661063300855190 ),
 .UNSPECIFIED. ) 
 GEOMETRIC_REPRESENTATION_ITEM ( )  RATIONAL_B_SPLINE_SURFACE ( (
 ( 1.000000000000000000, 0.9937122098932426040, 1.000000000000000000, 0.9937122098932426040, 1.000000000000000000, 0.9949721252214146494, 0.9979850801651724002),
 ( 1.000000000000000000, 0.9937122098932426040, 1.000000000000000000, 0.9937122098932426040, 1.000000000000000000, 0.9949721252214146494, 0.9979850801651724002) ) ) 
 REPRESENTATION_ITEM ( '' )  SURFACE ( )  );
#4673 = CARTESIAN_POINT ( 'NONE',  ( 10.68376832799878251, -7.761577154440210791, 8.797761960110745960 ) ) ;
#4674 = CARTESIAN_POINT ( 'NONE',  ( 4.667803196599343952E-16, -7.623101125727435701, 64.12500000000000000 ) ) ;
#4675 = VERTEX_POINT ( 'NONE', #4710 ) ;
#4676 = VERTEX_POINT ( 'NONE', #2128 ) ;
#4677 = DIRECTION ( 'NONE',  ( 0.000000000000000000, -0.7071067811865435759, -0.7071067811865514585 ) ) ;
#4678 = VERTEX_POINT ( 'NONE', #3041 ) ;
#4679 = DIRECTION ( 'NONE',  ( -1.000000000000000000, 0.000000000000000000, 0.000000000000000000 ) ) ;
#4680 = ORIENTED_EDGE ( 'NONE', *, *, #1388, .F. ) ;
#4681 = CARTESIAN_POINT ( 'NONE',  ( -21.55730703887365607, 14.87768550451261262, 9.769298644417233390 ) ) ;
#4682 = CARTESIAN_POINT ( 'NONE',  ( -13.18984625568490898, -6.731496285756448650, 9.494005665049336073 ) ) ;
#4683 = CARTESIAN_POINT ( 'NONE',  ( 13.11319255810372120, 5.838980651090707852, 4.999478381024410112 ) ) ;
#4684 = CARTESIAN_POINT ( 'NONE',  ( -8.837585269036077662, -12.16488758851121510, 8.867948148798298291 ) ) ;
#4685 = CARTESIAN_POINT ( 'NONE',  ( -4.474493936541298567, 10.04882600167079865, 24.66837655001592822 ) ) ;
#4686 = CARTESIAN_POINT ( 'NONE',  ( 18.22036731354205585, 25.08023554434065261, 10.00049293681678542 ) ) ;
#4687 = VERTEX_POINT ( 'NONE', #2096 ) ;
#4688 = CARTESIAN_POINT ( 'NONE',  ( 12.20686595624596826, -7.892265405350490148, 9.481103272736847387 ) ) ;
#4689 = CARTESIAN_POINT ( 'NONE',  ( 9.663947473672887867, 5.254342891941041316, 9.244236608254535525 ) ) ;
#4690 = CARTESIAN_POINT ( 'NONE',  ( 30.65229587297140412, 5.799727289925876050, 7.214285714285715301 ) ) ;
#4691 = CARTESIAN_POINT ( 'NONE',  ( -1.986542569994798724, -25.06226149078569776, 9.756333960009659023 ) ) ;
#4692 = CARTESIAN_POINT ( 'NONE',  ( -14.27584820558023182, 1.499890703001415915, 4.999478381024408336 ) ) ;
#4693 = B_SPLINE_SURFACE_WITH_KNOTS ( 'NONE', 3, 1, ( 
 ( #148, #5409 ),
 ( #617, #3236 ),
 ( #2387, #499 ),
 ( #5531, #4211 ),
 ( #1443, #4591 ),
 ( #5024, #4151 ),
 ( #1002, #1504 ),
 ( #1909, #55 ),
 ( #3295, #1063 ),
 ( #3207, #3712 ) ),
 .UNSPECIFIED., .F., .F., .F.,
 ( 4, 2, 2, 2, 4 ),
 ( 2, 2 ),
 ( 0.000000000000000000, 0.2500000000000000000, 0.5000000000000000000, 0.7500000000000000000, 1.000000000000000000 ),
 ( 0.000000000000000000, 1.000000000000000000 ),
 .UNSPECIFIED. ) ;
#4694 = CARTESIAN_POINT ( 'NONE',  ( 10.04882600167081641, 4.474493936541261263, 4.999478381024411888 ) ) ;
#4695 = CARTESIAN_POINT ( 'NONE',  ( -7.249999999999999112, -8.878689293818310074E-16, 61.25000000000000000 ) ) ;
#4696 = EDGE_CURVE ( 'NONE', #4477, #914, #5070, .T. ) ;
#4697 = CARTESIAN_POINT ( 'NONE',  ( -10.35621795612473939, -4.611367978953566649, 8.697288872700688955 ) ) ;
#4698 = CARTESIAN_POINT ( 'NONE',  ( 5.724550316878857181, -10.79248727826605858, 9.342911665793499409 ) ) ;
#4699 = CARTESIAN_POINT ( 'NONE',  ( -9.528087989034375482, 19.73528234702651218, 9.706279605717398340 ) ) ;
#4700 = CARTESIAN_POINT ( 'NONE',  ( -12.22166145420589345, 1.284067757405040977, 8.752111538817336722 ) ) ;
#4701 = LINE ( 'NONE', #671, #4976 ) ;
#4702 = ORIENTED_EDGE ( 'NONE', *, *, #1177, .F. ) ;
#4703 = ORIENTED_EDGE ( 'NONE', *, *, #3913, .F. ) ;
#4704 = CARTESIAN_POINT ( 'NONE',  ( 11.46414256586760416, 16.96163389187936943, 9.676375761156624122 ) ) ;
#4705 = ORIENTED_EDGE ( 'NONE', *, *, #3940, .T. ) ;
#4706 =( BOUNDED_SURFACE ( )  B_SPLINE_SURFACE ( 3, 1, ( 
 ( #1809, #4871 ),
 ( #3609, #1227 ),
 ( #3028, #841 ),
 ( #5337, #4815 ),
 ( #786, #2590 ),
 ( #4373, #2142 ),
 ( #3192, #2306 ) ),
 .UNSPECIFIED., .T., .F., .F. ) 
 B_SPLINE_SURFACE_WITH_KNOTS ( ( 4, 3, 4 ),
 ( 2, 2 ),
 ( 0.000000000000000000, 0.5000000000000000000, 1.000000000000000000 ),
 ( 0.000000000000000000, 1.000000000000000000 ),
 .UNSPECIFIED. ) 
 GEOMETRIC_REPRESENTATION_ITEM ( )  RATIONAL_B_SPLINE_SURFACE ( (
 ( 1.000000000000000000, 1.000000000000000000),
 ( 0.3333333333333333703, 0.3333333333333332038),
 ( 0.3333333333333333703, 0.3333333333333332038),
 ( 1.000000000000000000, 1.000000000000000000),
 ( 0.3333333333333333703, 0.3333333333333333703),
 ( 0.3333333333333333703, 0.3333333333333333703),
 ( 1.000000000000000000, 1.000000000000000000) ) ) 
 REPRESENTATION_ITEM ( '' )  SURFACE ( )  );
#4707 = FACE_OUTER_BOUND ( 'NONE', #5553, .T. ) ;
#4708 = DIRECTION ( 'NONE',  ( 0.000000000000000000, 0.000000000000000000, -1.000000000000000000 ) ) ;
#4709 = ORIENTED_EDGE ( 'NONE', *, *, #207, .F. ) ;
#4710 = CARTESIAN_POINT ( 'NONE',  ( 0.04330127018920842258, 0.07499999999997743194, 44.75000000000000000 ) ) ;
#4711 = CARTESIAN_POINT ( 'NONE',  ( -17.60041826736857828, -8.609804068747436645, 9.656074444160090309 ) ) ;
#4712 = CARTESIAN_POINT ( 'NONE',  ( 3.007032652029300923, 6.249999999999998224, 44.00000000000000711 ) ) ;
#4713 = CARTESIAN_POINT ( 'NONE',  ( 11.68161155120484551, -0.3707165729786376374, 9.303692016028184852 ) ) ;
#4714 = DIRECTION ( 'NONE',  ( -0.6123724356957910286, -0.3535533905932717880, -0.7071067811865515695 ) ) ;
#4715 = CARTESIAN_POINT ( 'NONE',  ( -9.422398590198968193, -12.96987991340977153, 8.897793442001324493 ) ) ;
#4716 = CARTESIAN_POINT ( 'NONE',  ( 4.725242132874561740, -9.933448444417306789, 8.855776607805340817 ) ) ;
#4717 = VERTEX_POINT ( 'NONE', #3894 ) ;
#4718 = CARTESIAN_POINT ( 'NONE',  ( 15.40943441184780305, -10.30360462988872428, 9.628694860342998041 ) ) ;
#4719 = B_SPLINE_CURVE_WITH_KNOTS ( 'NONE', 3,
 ( #3647, #5434, #4120, #4149, #971, #117, #1411, #3206, #4065, #524 ),
 .UNSPECIFIED., .F., .F.,
 ( 4, 3, 3, 4 ),
 ( 0.000000000000000000, 0.0002622927178851086876, 0.0005245854360846686397, 0.0009453804127720504859 ),
 .UNSPECIFIED. ) ;
#4720 = CIRCLE ( 'NONE', #4250, 11.00000000000000000 ) ;
#4721 = CARTESIAN_POINT ( 'NONE',  ( 15.50886129638040600, 7.715145400434820111, 9.593051699102421281 ) ) ;
#4722 = CARTESIAN_POINT ( 'NONE',  ( -4.474493936541300343, 10.04882600167079509, 10.00049293681678542 ) ) ;
#4723 = CARTESIAN_POINT ( 'NONE',  ( -1.317040029371080223, -19.32136739307225426, 9.650545749611529445 ) ) ;
#4724 = DIRECTION ( 'NONE',  ( -1.000000000000000000, 0.000000000000000000, 0.000000000000000000 ) ) ;
#4725 = EDGE_CURVE ( 'NONE', #3925, #5822, #3014, .T. ) ;
#4726 = CARTESIAN_POINT ( 'NONE',  ( 1.045167283690581872, 9.947824505845261456, 8.597533043457977087 ) ) ;
#4727 = CARTESIAN_POINT ( 'NONE',  ( 4.480746418436736711, 6.167218360552289447, 60.37500000000000000 ) ) ;
#4728 = CARTESIAN_POINT ( 'NONE',  ( -11.22630317449787896, -4.998795429009678770, 8.752111538817334946 ) ) ;
#4729 = CARTESIAN_POINT ( 'NONE',  ( 5.791208189623111124, -10.95201674051497776, 9.355217637996821267 ) ) ;
#4730 = LINE ( 'NONE', #1493, #599 ) ;
#4731 = CARTESIAN_POINT ( 'NONE',  ( 19.95463283945789712, -14.49670356161529128, 9.045875455953151345 ) ) ;
#4732 = CARTESIAN_POINT ( 'NONE',  ( 5.311638120268219422E-16, -8.674563349965705328, 60.62499999999998579 ) ) ;
#4733 = ORIENTED_EDGE ( 'NONE', *, *, #3989, .T. ) ;
#4734 = EDGE_CURVE ( 'NONE', #5202, #1626, #5442, .T. ) ;
#4735 = CARTESIAN_POINT ( 'NONE',  ( 13.31639006276739146, 19.45056111848873215, 9.733462124878718313 ) ) ;
#4736 = ORIENTED_EDGE ( 'NONE', *, *, #1100, .F. ) ;
#4737 = VECTOR ( 'NONE', #3536, 1000.000000000000000 ) ;
#4738 = CARTESIAN_POINT ( 'NONE',  ( 15.15817605915207977, -27.18475104344308946, 9.141370585886830824 ) ) ;
#4739 = EDGE_LOOP ( 'NONE', ( #5115, #4960, #3537, #114, #548, #5674, #5661 ) ) ;
#4740 = CARTESIAN_POINT ( 'NONE',  ( -12.83981879834754736, 8.370929896627304245, 9.517545350385885783 ) ) ;
#4741 = PRODUCT_DEFINITION ( 'UNKNOWN', '', #2521, #1615 ) ;
#4742 = CARTESIAN_POINT ( 'NONE',  ( -21.20101410761812133, -10.16198211300896936, 9.732501247234317532 ) ) ;
#4743 = CARTESIAN_POINT ( 'NONE',  ( 10.41567684531055704, -23.39154456181015718, 9.054651662031213633 ) ) ;
#4744 = CARTESIAN_POINT ( 'NONE',  ( 27.85851229109924532, -2.811862076084362894, 9.206866708977539560 ) ) ;
#4745 = B_SPLINE_SURFACE_WITH_KNOTS ( 'NONE', 3, 1, ( 
 ( #4951, #482 ),
 ( #1454, #5509 ),
 ( #3275, #1834 ),
 ( #4568, #1860 ),
 ( #3167, #5069 ),
 ( #1394, #130 ),
 ( #5007, #955 ),
 ( #4511, #1043 ),
 ( #3245, #2842 ),
 ( #1955, #2332 ) ),
 .UNSPECIFIED., .F., .F., .F.,
 ( 4, 2, 2, 2, 4 ),
 ( 2, 2 ),
 ( 0.000000000000000000, 0.2500000000000001665, 0.5000000000000000000, 0.7500000000000002220, 1.000000000000000000 ),
 ( 0.000000000000000000, 1.000000000000000000 ),
 .UNSPECIFIED. ) ;
#4746 = CARTESIAN_POINT ( 'NONE',  ( -10.02816307995850309, 7.285291020250155292, 8.757739689660130722 ) ) ;
#4747 = CARTESIAN_POINT ( 'NONE',  ( -7.285291020250115324, -10.02816307995852085, 8.757739689660130722 ) ) ;
#4748 = CARTESIAN_POINT ( 'NONE',  ( -25.43722817008265480, -11.70245371805218859, 9.471248398658753231 ) ) ;
#4749 = CARTESIAN_POINT ( 'NONE',  ( 1.946096880074513980, -8.729988942339176106, 24.00000000000000000 ) ) ;
#4750 = VERTEX_POINT ( 'NONE', #386 ) ;
#4751 = CARTESIAN_POINT ( 'NONE',  ( 16.96163389187932324, -11.46414256586766278, 9.676375761156627675 ) ) ;
#4752 = CARTESIAN_POINT ( 'NONE',  ( 3.285468820183671923, -2.309401076758504701, 34.00000000000000711 ) ) ;
#4753 = APPLICATION_CONTEXT ( 'automotive_design' ) ;
#4754 = CARTESIAN_POINT ( 'NONE',  ( -7.250000000000000000, 8.878689293818310074E-16, 36.99390334559012672 ) ) ;
#4755 = CARTESIAN_POINT ( 'NONE',  ( 10.87090172544848699, -1.805018836356202749, 5.572962681898416371 ) ) ;
#4756 = CARTESIAN_POINT ( 'NONE',  ( 1.714977265655800664, 16.32302611885734578, 8.908695597015118040 ) ) ;
#4757 = CARTESIAN_POINT ( 'NONE',  ( 2.240373209218367467, 6.895159743139863906, 57.99999999999999289 ) ) ;
#4758 = CARTESIAN_POINT ( 'NONE',  ( 10.96923636009633896, -0.8232021523060160106, 8.889619462053429899 ) ) ;
#4759 = CARTESIAN_POINT ( 'NONE',  ( 8.957134557125021601, -18.40905564058745014, 9.676375761156620570 ) ) ;
#4760 = CARTESIAN_POINT ( 'NONE',  ( -9.286898692691167412, 20.85653268984743747, 9.025451658185614789 ) ) ;
#4761 = CARTESIAN_POINT ( 'NONE',  ( -6.625323316025259146, 12.93833531256556135, 9.481103272736845611 ) ) ;
#4762 = DIRECTION ( 'NONE',  ( 0.000000000000000000, 0.000000000000000000, -1.000000000000000000 ) ) ;
#4763 = VERTEX_POINT ( 'NONE', #2179 ) ;
#4764 = ORIENTED_EDGE ( 'NONE', *, *, #4010, .T. ) ;
#4765 = CARTESIAN_POINT ( 'NONE',  ( -19.05823035189113313, 2.002351251485553263, 8.970773426962608710 ) ) ;
#4766 = EDGE_LOOP ( 'NONE', ( #3641, #1121, #580, #3736, #944, #1661 ) ) ;
#4767 = CARTESIAN_POINT ( 'NONE',  ( -1.593491436080466221E-15, 8.674563349965705328, 59.12500000000000711 ) ) ;
#4768 = CARTESIAN_POINT ( 'NONE',  ( 0.000000000000000000, 0.000000000000000000, 36.99390334559012672 ) ) ;
#4769 = EDGE_LOOP ( 'NONE', ( #4142, #177, #238, #170 ) ) ;
#4770 = CARTESIAN_POINT ( 'NONE',  ( 9.646201983157281390, 5.378707633892569895, 9.141370585886830824 ) ) ;
#4771 = CARTESIAN_POINT ( 'NONE',  ( 5.739884570637533656, -9.399955717183086534, 8.763480628664169103 ) ) ;
#4772 = ADVANCED_FACE ( 'NONE', ( #3448 ), #1705, .F. ) ;
#4773 = CARTESIAN_POINT ( 'NONE',  ( 0.3572655899081629283, 3.999999999999999112, 34.00000000000000000 ) ) ;
#4774 = DIRECTION ( 'NONE',  ( 1.000000000000000000, 0.000000000000000000, -0.000000000000000000 ) ) ;
#4775 = CARTESIAN_POINT ( 'NONE',  ( -10.91683975314753852, 7.930899606335960250, 8.809460114356459925 ) ) ;
#4776 = CARTESIAN_POINT ( 'NONE',  ( 10.95124500723290240, 15.07432861032655325, 8.959518355077147334 ) ) ;
#4777 = DIRECTION ( 'NONE',  ( 0.000000000000000000, 0.000000000000000000, -1.000000000000000000 ) ) ;
#4778 = CARTESIAN_POINT ( 'NONE',  ( -3.712211632419958750E-14, 11.00000000000000000, 4.000000000000000000 ) ) ;
#4779 = VERTEX_POINT ( 'NONE', #3069 ) ;
#4780 = CARTESIAN_POINT ( 'NONE',  ( 19.43475882018096357, 8.653817917096256807, 9.004298147025629362 ) ) ;
#4781 = VECTOR ( 'NONE', #2493, 1000.000000000000000 ) ;
#4782 = CARTESIAN_POINT ( 'NONE',  ( 1.999999999999997335, -3.464101615137756163, 34.00000000000000000 ) ) ;
#4783 = DIRECTION ( 'NONE',  ( -0.000000000000000000, 0.000000000000000000, -1.000000000000000000 ) ) ;
#4784 = CARTESIAN_POINT ( 'NONE',  ( 2.684108237452059509, 25.54714266081802521, 4.999478381024409224 ) ) ;
#4785 = CARTESIAN_POINT ( 'NONE',  ( -12.24096974468342935, 7.918243880236909504, 9.483911076193066947 ) ) ;
#4786 = CARTESIAN_POINT ( 'NONE',  ( -5.865373209218367911, -4.261443079120430966, 59.00000000000000000 ) ) ;
#4787 = CARTESIAN_POINT ( 'NONE',  ( -12.28411052249333757, -5.469810905230241715, 8.807460931324810005 ) ) ;
#4788 = UNCERTAINTY_MEASURE_WITH_UNIT (LENGTH_MEASURE( 1.000000000000000082E-05 ), #1398, 'distance_accuracy_value', 'NONE');
#4789 = CARTESIAN_POINT ( 'NONE',  ( 3.624999999999999112, -6.278684177437180658, 57.50000000000000000 ) ) ;
#4790 = CARTESIAN_POINT ( 'NONE',  ( -6.764847224462149811, 13.26881257530825131, 9.497982529720237821 ) ) ;
#4791 = CARTESIAN_POINT ( 'NONE',  ( 10.85744698817058840, 5.751519678938961100, 9.349182199096759405 ) ) ;
#4792 = ORIENTED_EDGE ( 'NONE', *, *, #5786, .F. ) ;
#4793 = CARTESIAN_POINT ( 'NONE',  ( 11.02040412658118917, 16.36743300107763943, 9.659401114105776287 ) ) ;
#4794 = B_SPLINE_SURFACE_WITH_KNOTS ( 'NONE', 3, 1, ( 
 ( #836, #3905 ),
 ( #3023, #2611 ),
 ( #3965, #2188 ),
 ( #3517, #2584 ),
 ( #1693, #5278 ),
 ( #1251, #4752 ),
 ( #286, #5665 ),
 ( #1637, #3432 ),
 ( #3050, #5221 ),
 ( #1194, #4782 ) ),
 .UNSPECIFIED., .F., .F., .F.,
 ( 4, 2, 2, 2, 4 ),
 ( 2, 2 ),
 ( 0.000000000000000000, 0.2499999999999998890, 0.5000000000000000000, 0.7499999999999998890, 1.000000000000000000 ),
 ( 0.000000000000000000, 1.000000000000000000 ),
 .UNSPECIFIED. ) ;
#4795 = CARTESIAN_POINT ( 'NONE',  ( -9.088626517475884015, -6.196520638699925421, 8.285714285714284699 ) ) ;
#4796 = CARTESIAN_POINT ( 'NONE',  ( 1.149387582711210776, 10.93978556392716861, 24.66837655001592822 ) ) ;
#4797 = LINE ( 'NONE', #4908, #501 ) ;
#4798 = ORIENTED_EDGE ( 'NONE', *, *, #2189, .T. ) ;
#4799 = CARTESIAN_POINT ( 'NONE',  ( 23.64580326534718324, 20.34885910458341485, 7.214285714285715301 ) ) ;
#4800 = VECTOR ( 'NONE', #2396, 1000.000000000000227 ) ;
#4801 = CARTESIAN_POINT ( 'NONE',  ( -24.98530099599064513, -11.80587493553304768, 9.785582408824419431 ) ) ;
#4802 = ORIENTED_EDGE ( 'NONE', *, *, #2803, .T. ) ;
#4803 = CARTESIAN_POINT ( 'NONE',  ( -16.31789243801113898, -22.75360161340395138, 9.272963267648437480 ) ) ;
#4804 = CARTESIAN_POINT ( 'NONE',  ( -14.99043690301304821, 10.89029909948367525, 8.957444811035012222 ) ) ;
#4805 = CARTESIAN_POINT ( 'NONE',  ( -7.184075619756106867, -9.888840637034009617, 8.748585655624697921 ) ) ;
#4806 = DIRECTION ( 'NONE',  ( -1.000000000000000000, 0.000000000000000000, 0.000000000000000000 ) ) ;
#4807 = CARTESIAN_POINT ( 'NONE',  ( -1.496641064048856773, -14.24491838361646678, 8.843057415417662881 ) ) ;
#4808 = CARTESIAN_POINT ( 'NONE',  ( 14.64497650039992749, 6.521046193946766323, 8.897793442001312059 ) ) ;
#4809 = DIRECTION ( 'NONE',  ( 1.000000000000000000, 0.000000000000000000, 0.000000000000000000 ) ) ;
#4810 = CARTESIAN_POINT ( 'NONE',  ( -7.500000000000000000, 9.184850993605147944E-16, -63.00000000000000000 ) ) ;
#4811 = CARTESIAN_POINT ( 'NONE',  ( 0.1502331602712559389, 9.994845097804557099, 9.143094280162275211 ) ) ;
#4812 = AXIS2_PLACEMENT_3D ( 'NONE', #863, #805, #1750 ) ;
#4813 = FACE_OUTER_BOUND ( 'NONE', #2343, .T. ) ;
#4814 = EDGE_CURVE ( 'NONE', #769, #2888, #2533, .T. ) ;
#4816 = EDGE_CURVE ( 'NONE', #1270, #4011, #5651, .T. ) ;
#4815 = CARTESIAN_POINT ( 'NONE',  ( 3.102776200920766225, 2.524436540497640991, 24.00000000000000000 ) ) ;
#4817 = CARTESIAN_POINT ( 'NONE',  ( 6.602456118291455844, -3.064210548375214227, 57.50000000000003553 ) ) ;
#4818 = CARTESIAN_POINT ( 'NONE',  ( -5.497223494061887372, 12.34567376055596455, 8.810339537001681265 ) ) ;
#4819 = CARTESIAN_POINT ( 'NONE',  ( -5.750249501607997971, 10.85399913128752658, 9.347679155393773698 ) ) ;
#4820 = CARTESIAN_POINT ( 'NONE',  ( 5.865373209218368800, -4.261443079120430077, 62.00000000000000000 ) ) ;
#4821 = CARTESIAN_POINT ( 'NONE',  ( -9.650466312901635035, 5.947262607347622243, 9.274755408069175644 ) ) ;
#4822 = EDGE_LOOP ( 'NONE', ( #2629, #3127, #4177, #272 ) ) ;
#4823 = CARTESIAN_POINT ( 'NONE',  ( 13.29763442840195609, 19.42529800820328489, 9.732972412448539501 ) ) ;
#4824 = CARTESIAN_POINT ( 'NONE',  ( -10.04882600167077911, -4.474493936541335870, 10.00049293681678542 ) ) ;
#4825 = CARTESIAN_POINT ( 'NONE',  ( 8.250000000000000000, 0.000000000000000000, 58.50000000000001421 ) ) ;
#4826 = B_SPLINE_CURVE_WITH_KNOTS ( 'NONE', 3,
 ( #5471, #1448, #3239, #122, #3269, #1006, #4154, #2805, #4594, #5064, #2393, #261, #2465 ),
 .UNSPECIFIED., .F., .F.,
 ( 4, 2, 1, 1, 1, 2, 2, 4 ),
 ( 0.000000000000000000, 0.2500000000000149325, 0.3750000000000214828, 0.4375000000000248135, 0.4687500000000260902, 0.4843750000000270894, 0.5000000000000280886, 1.000000000000000000 ),
 .UNSPECIFIED. ) ;
#4827 = CARTESIAN_POINT ( 'NONE',  ( -1.999999999999998668, -3.464101615137754830, 34.00000000000000000 ) ) ;
#4828 = ORIENTED_EDGE ( 'NONE', *, *, #217, .T. ) ;
#4829 = CARTESIAN_POINT ( 'NONE',  ( -1.149387582711131506, -10.93978556392717394, 4.999478381024407447 ) ) ;
#4830 = CARTESIAN_POINT ( 'NONE',  ( 5.254342891941142568, -9.663947473672832800, 9.244236608254535525 ) ) ;
#4831 = ORIENTED_EDGE ( 'NONE', *, *, #3685, .F. ) ;
#4832 = DIRECTION ( 'NONE',  ( 0.000000000000000000, 0.000000000000000000, 1.000000000000000000 ) ) ;
#4833 = CARTESIAN_POINT ( 'NONE',  ( -19.43147582005024177, 14.11663882739787645, 9.038635318908221805 ) ) ;
#4834 = VECTOR ( 'NONE', #4013, 1000.000000000000000 ) ;
#4835 = CARTESIAN_POINT ( 'NONE',  ( -5.098780407186631614, -7.017869168904328880, 62.87499999999998579 ) ) ;
#4836 = CARTESIAN_POINT ( 'NONE',  ( -1.269837498877171456, -12.08621891145068261, 8.744794086262942301 ) ) ;
#4837 = LINE ( 'NONE', #313, #3209 ) ;
#4838 = AXIS2_PLACEMENT_3D ( 'NONE', #222, #2901, #2047 ) ;
#4839 = ADVANCED_FACE ( 'NONE', ( #4389 ), #358, .F. ) ;
#4840 = CARTESIAN_POINT ( 'NONE',  ( 18.08413391079859878, 8.817465812008906667, 9.668500753904174516 ) ) ;
#4841 = CARTESIAN_POINT ( 'NONE',  ( -8.906578272178251154, 6.573353910998257277, 5.071428571428571175 ) ) ;
#4842 = LINE ( 'NONE', #4020, #3005 ) ;
#4843 = CARTESIAN_POINT ( 'NONE',  ( 12.50000000000000000, 1.530808498934191521E-15, -9.000000000000001776 ) ) ;
#4844 = DIRECTION ( 'NONE',  ( 0.6123724356957911397, -0.3535533905932718435, -0.7071067811865514585 ) ) ;
#4845 = CARTESIAN_POINT ( 'NONE',  ( -16.10328155549728280, 0.9279923894603328005, 9.550102190098645139 ) ) ;
#4846 = CARTESIAN_POINT ( 'NONE',  ( -11.04320978439632128, 0.1650035410983188844, 9.141370585886830824 ) ) ;
#4847 = CARTESIAN_POINT ( 'NONE',  ( -5.155922249061267060, 11.57917885100738786, 8.772138810067749759 ) ) ;
#4848 = CARTESIAN_POINT ( 'NONE',  ( 18.11920742151034247, -12.32721186886645448, 9.706279605717398340 ) ) ;
#4849 = CARTESIAN_POINT ( 'NONE',  ( 28.98922476854387043, 13.55509752914230148, 9.824066885615200917 ) ) ;
#4850 = CARTESIAN_POINT ( 'NONE',  ( -10.71398111257885155, 6.758772438700957785, 9.374522705705647496 ) ) ;
#4851 = CARTESIAN_POINT ( 'NONE',  ( -30.05971620087304785, 2.552127005080290001, 9.809850538807884490 ) ) ;
#4852 = FACE_OUTER_BOUND ( 'NONE', #3095, .T. ) ;
#4853 = CARTESIAN_POINT ( 'NONE',  ( -9.853963246670998544, -14.80959537188217290, 9.607311826833496937 ) ) ;
#4854 = CARTESIAN_POINT ( 'NONE',  ( -1.202813060811716905, -6.250000000000000000, 44.00000000000000711 ) ) ;
#4855 = VERTEX_POINT ( 'NONE', #854 ) ;
#4856 = CARTESIAN_POINT ( 'NONE',  ( -10.96523976648568244, 0.8745444961067715406, 8.855776607805367462 ) ) ;
#4857 = CARTESIAN_POINT ( 'NONE',  ( -21.25761264030354170, -10.18648501508954851, 9.733462124878721866 ) ) ;
#4858 = ORIENTED_EDGE ( 'NONE', *, *, #5062, .F. ) ;
#4859 = CARTESIAN_POINT ( 'NONE',  ( 19.32136739307224360, -1.317040029371283838, 9.650545749611527668 ) ) ;
#4860 = CARTESIAN_POINT ( 'NONE',  ( -21.08463700651447326, 15.31763249400902360, 9.058750113913896840 ) ) ;
#4861 = CARTESIAN_POINT ( 'NONE',  ( -2.549390203593315807, -7.846216259435018436, 60.49999999999998579 ) ) ;
#4862 = FACE_OUTER_BOUND ( 'NONE', #518, .T. ) ;
#4863 = LINE ( 'NONE', #2662, #5282 ) ;
#4864 = VECTOR ( 'NONE', #2370, 1000.000000000000000 ) ;
#4865 = EDGE_CURVE ( 'NONE', #2737, #3845, #5306, .T. ) ;
#4866 = CARTESIAN_POINT ( 'NONE',  ( 25.32085755726652820, 11.95216183644694929, 9.789322327038767924 ) ) ;
#4867 = DIRECTION ( 'NONE',  ( 0.000000000000000000, 0.000000000000000000, 1.000000000000000000 ) ) ;
#4868 = CARTESIAN_POINT ( 'NONE',  ( -14.32716558148896802, 10.40844369245046508, 4.999478381024409224 ) ) ;
#4869 = CARTESIAN_POINT ( 'NONE',  ( 0.4477613417580078026, 12.27858475146804906, 9.349182199096759405 ) ) ;
#4870 = CARTESIAN_POINT ( 'NONE',  ( 16.32302611885734223, -1.714977265655857952, 8.908695597015118040 ) ) ;
#4871 = CARTESIAN_POINT ( 'NONE',  ( -3.102776200920767558, -2.524436540497639214, 24.00000000000000000 ) ) ;
#4872 = CARTESIAN_POINT ( 'NONE',  ( -31.12177302875326745, 0.4650099794588966606, 9.141370585886830824 ) ) ;
#4873 = CARTESIAN_POINT ( 'NONE',  ( -4.611367978953529345, 10.35621795612475537, 8.697288872700690732 ) ) ;
#4874 = CARTESIAN_POINT ( 'NONE',  ( 25.49493074207561349, -17.78414223553943074, 9.817307459269112968 ) ) ;
#4875 = CARTESIAN_POINT ( 'NONE',  ( 0.000000000000000000, 0.000000000000000000, -9.000000000000001776 ) ) ;
#4876 = CARTESIAN_POINT ( 'NONE',  ( -7.250000000000000000, -8.878689293818310074E-16, 57.50000000000000000 ) ) ;
#4877 = CARTESIAN_POINT ( 'NONE',  ( -0.1766910423142067921, -6.247501922814103992, 21.00000000000000000 ) ) ;
#4878 = CARTESIAN_POINT ( 'NONE',  ( 7.761577154440173487, 10.68376832799881093, 8.797761960110745960 ) ) ;
#4879 = CARTESIAN_POINT ( 'NONE',  ( -6.147454000674953178, -8.461936671294870038, 8.636644459345795610 ) ) ;
#4880 = CARTESIAN_POINT ( 'NONE',  ( -10.30343676838773881, -29.44553055527316943, 7.214285714285715301 ) ) ;
#4881 = ORIENTED_EDGE ( 'NONE', *, *, #4975, .T. ) ;
#4882 = CARTESIAN_POINT ( 'NONE',  ( -10.97617221683376165, 0.7236413169019515479, 8.955131925794956871 ) ) ;
#4883 = CARTESIAN_POINT ( 'NONE',  ( 26.98396071149843323, -2.835067396241604420, 9.067943206606470241 ) ) ;
#4884 = ORIENTED_EDGE ( 'NONE', *, *, #1151, .T. ) ;
#4885 = EDGE_CURVE ( 'NONE', #2597, #735, #2927, .T. ) ;
#4886 = VERTEX_POINT ( 'NONE', #4521 ) ;
#4887 = EDGE_CURVE ( 'NONE', #2181, #3352, #5103, .T. ) ;
#4888 = CARTESIAN_POINT ( 'NONE',  ( 13.76505048267531528, -0.6369269826119923206, 9.441877396648987286 ) ) ;
#4889 = CARTESIAN_POINT ( 'NONE',  ( 1.818653347947320587, 3.149999999999999467, 47.82499999999998863 ) ) ;
#4890 = CARTESIAN_POINT ( 'NONE',  ( -8.250000000000000000, 2.680587493921476216, 62.37499999999998579 ) ) ;
#4891 = CARTESIAN_POINT ( 'NONE',  ( -1.392890112378320833, -13.25742453871880855, 8.802444968223849031 ) ) ;
#4892 = CARTESIAN_POINT ( 'NONE',  ( 16.92649412647021379, 7.536949622095105106, 8.957444811035008669 ) ) ;
#4893 =( BOUNDED_CURVE ( )  B_SPLINE_CURVE ( 1, ( #1599, #1685 ),
 .UNSPECIFIED., .F., .T. ) 
 B_SPLINE_CURVE_WITH_KNOTS ( ( 2, 2 ),
 ( 3.587512584233136248E-10, 0.01700000035875125215 ),
 .UNSPECIFIED. ) 
 CURVE ( )  GEOMETRIC_REPRESENTATION_ITEM ( )  RATIONAL_B_SPLINE_CURVE ( ( 0.9968701940290736196, 0.9968701940290736196 ) ) 
 REPRESENTATION_ITEM ( '' )  );
#4894 = CARTESIAN_POINT ( 'NONE',  ( -9.554819668828230306, -4.254525122219001254, 8.636644459345795610 ) ) ;
#4895 = CARTESIAN_POINT ( 'NONE',  ( -14.14039634390922195, -19.46417791105655226, 9.039072486902593795 ) ) ;
#4896 = CARTESIAN_POINT ( 'NONE',  ( -10.87662111621564165, -2.057967748038288747, 7.214285714285715301 ) ) ;
#4897 = CARTESIAN_POINT ( 'NONE',  ( 3.642734410091835962, 1.690598923241497076, 34.00000000000001421 ) ) ;
#4898 = CARTESIAN_POINT ( 'NONE',  ( 14.95564806690456372, -1.571313814064251302, 8.867918396825432481 ) ) ;
#4899 = CARTESIAN_POINT ( 'NONE',  ( -21.71582739997187517, 1.599505797039712851, 9.702929324004893274 ) ) ;
#4900 = CARTESIAN_POINT ( 'NONE',  ( 6.916175099667393411, -0.5208333333333308168, 44.00000000000000711 ) ) ;
#4901 = CARTESIAN_POINT ( 'NONE',  ( -9.769832279487607352, 21.94110575060147639, 9.038635318908223582 ) ) ;
#4902 = CARTESIAN_POINT ( 'NONE',  ( -0.7601885522250462213, -14.74769181667572049, 9.492080732382262909 ) ) ;
#4903 = CARTESIAN_POINT ( 'NONE',  ( 0.07423074889578652746, -1.524659305057740610E-15, 44.73928571428572099 ) ) ;
#4904 = CARTESIAN_POINT ( 'NONE',  ( -0.04330127018920926218, 0.07499999999997743194, 44.75000000000000000 ) ) ;
#4905 = VERTEX_POINT ( 'NONE', #79 ) ;
#4906 = CARTESIAN_POINT ( 'NONE',  ( -8.195561608580474555, -12.60756875797325094, 9.505212387406180241 ) ) ;
#4907 = CARTESIAN_POINT ( 'NONE',  ( 9.482704326415907659, 13.05289042812469447, 8.900697539376395184 ) ) ;
#4908 = CARTESIAN_POINT ( 'NONE',  ( -2.804219591217581797, 4.857050807568876749, 39.00000000000000711 ) ) ;
#4909 = ORIENTED_EDGE ( 'NONE', *, *, #896, .F. ) ;
#4910 = EDGE_CURVE ( 'NONE', #2657, #3456, #5487, .T. ) ;
#4911 = CARTESIAN_POINT ( 'NONE',  ( -14.02031536131901746, 10.18552219269616543, 8.931712705553785270 ) ) ;
#4912 = LINE ( 'NONE', #886, #2716 ) ;
#4913 = ORIENTED_EDGE ( 'NONE', *, *, #1816, .F. ) ;
#4914 = ORIENTED_EDGE ( 'NONE', *, *, #4696, .T. ) ;
#4915 = CARTESIAN_POINT ( 'NONE',  ( 21.00253183964370862, -1.515838399918233437, 9.688649277955970973 ) ) ;
#4916 = LINE ( 'NONE', #420, #4834 ) ;
#4917 = CARTESIAN_POINT ( 'NONE',  ( 2.549390203593314919, 7.846216259435018436, 61.74999999999998579 ) ) ;
#4918 = CARTESIAN_POINT ( 'NONE',  ( -1.670818489646024529, -15.90272617166944080, 8.896629249940165352 ) ) ;
#4919 = CARTESIAN_POINT ( 'NONE',  ( 8.698221469049519428, 13.27349969495803883, 9.539913078800434931 ) ) ;
#4920 = CARTESIAN_POINT ( 'NONE',  ( -25.88251333640140217, -11.52484369486772486, 9.077380910921631241 ) ) ;
#4921 = CARTESIAN_POINT ( 'NONE',  ( -16.25051396962055961, -22.36874323448843427, 9.072011571271270114 ) ) ;
#4922 = CARTESIAN_POINT ( 'NONE',  ( -2.549390203593315807, -7.846216259435018436, 62.99999999999998579 ) ) ;
#4923 = CARTESIAN_POINT ( 'NONE',  ( -4.474493936541298567, 10.04882600167079865, 8.674148813960478321 ) ) ;
#4924 = CIRCLE ( 'NONE', #2391, 4.000000000000000000 ) ;
#4925 = CARTESIAN_POINT ( 'NONE',  ( 15.01625562865409336, -0.7937801723246641350, 9.505212387406180241 ) ) ;
#4926 =( BOUNDED_CURVE ( )  B_SPLINE_CURVE ( 2, ( #2759, #3664, #1461, #962, #4494, #990, #3253 ),
 .UNSPECIFIED., .F., .T. ) 
 B_SPLINE_CURVE_WITH_KNOTS ( ( 3, 2, 2, 3 ),
 ( 0.01666172618599911018, 0.03571428571428571230, 0.07142857142857142461, 0.08740979427194937867 ),
 .UNSPECIFIED. ) 
 CURVE ( )  GEOMETRIC_REPRESENTATION_ITEM ( )  RATIONAL_B_SPLINE_CURVE ( ( 0.9968701940290738417, 0.9966456421313096836, 1.000000000000000000, 0.9937122098932426040, 1.000000000000000000, 0.9971863759031226460, 0.9968908004128682609 ) ) 
 REPRESENTATION_ITEM ( '' )  );
#4927 = CARTESIAN_POINT ( 'NONE',  ( -25.85000473080830830, 2.076393932707640388, 9.766135347243727338 ) ) ;
#4928 = CARTESIAN_POINT ( 'NONE',  ( 0.6369269826119441369, 13.76505048267531173, 9.441877396648987286 ) ) ;
#4929 = CARTESIAN_POINT ( 'NONE',  ( -8.006126423065154540, 17.98017217449819682, 8.979242739895560987 ) ) ;
#4930 = CARTESIAN_POINT ( 'NONE',  ( -0.5412871870190569812, -13.01056841991537993, 9.397411250737830457 ) ) ;
#4931 = CARTESIAN_POINT ( 'NONE',  ( -10.49134178107554582, 6.589120625146919430, 9.355217637996821267 ) ) ;
#4932 = CARTESIAN_POINT ( 'NONE',  ( -27.32490932158889763, 2.244209449934895240, 9.783644783752150076 ) ) ;
#4933 = CARTESIAN_POINT ( 'NONE',  ( 17.21180556602074674, -12.50408589615231492, 9.004298147025632915 ) ) ;
#4934 = CARTESIAN_POINT ( 'NONE',  ( -10.18552219269611747, -14.02031536131905298, 8.931712705553785270 ) ) ;
#4935 = CARTESIAN_POINT ( 'NONE',  ( 16.45710596061862674, 22.65311597553349543, 9.074663436463122679 ) ) ;
#4936 = ORIENTED_EDGE ( 'NONE', *, *, #4027, .T. ) ;
#4937 = CARTESIAN_POINT ( 'NONE',  ( -18.85566626830922488, 12.87487134188249627, 9.722190541089178240 ) ) ;
#4938 = CARTESIAN_POINT ( 'NONE',  ( 2.549390203593316695, -7.846216259435016660, 63.24999999999998579 ) ) ;
#4939 = ORIENTED_EDGE ( 'NONE', *, *, #1840, .T. ) ;
#4940 = VERTEX_POINT ( 'NONE', #5429 ) ;
#4941 = CARTESIAN_POINT ( 'NONE',  ( 1.675096586990198588, 15.94344478414585353, 8.897793442001320940 ) ) ;
#4942 = CARTESIAN_POINT ( 'NONE',  ( -6.615471834464462297, 1.041666666666665853, 44.00000000000000711 ) ) ;
#4943 = CARTESIAN_POINT ( 'NONE',  ( 7.249999999999999112, 0.000000000000000000, 59.75000000000000711 ) ) ;
#4944 = CARTESIAN_POINT ( 'NONE',  ( -0.7937801723245062613, -15.01625562865410402, 9.505212387406180241 ) ) ;
#4945 = EDGE_CURVE ( 'NONE', #2919, #5617, #2198, .T. ) ;
#4946 = CARTESIAN_POINT ( 'NONE',  ( -17.50608726165613049, -7.795028124859535446, 8.970773426962608710 ) ) ;
#4947 = CARTESIAN_POINT ( 'NONE',  ( 22.65311597553344569, -16.45710596061870845, 9.074671307245079532 ) ) ;
#4948 = CARTESIAN_POINT ( 'NONE',  ( -10.99639545900968862, 0.2815793122212450483, 9.244236608254535525 ) ) ;
#4949 = CARTESIAN_POINT ( 'NONE',  ( 7.179067517783389363, -14.24777518713274027, 9.543886106340938369 ) ) ;
#4950 = CARTESIAN_POINT ( 'NONE',  ( 2.925713846901259352, 27.84672688999642531, 9.845359688719304003 ) ) ;
#4951 = CARTESIAN_POINT ( 'NONE',  ( -3.608439182435159598, -6.250000000000000888, 44.00000000000000711 ) ) ;
#4952 = CARTESIAN_POINT ( 'NONE',  ( 1.681386506267999570, 22.41804887296190074, 9.715715572878977468 ) ) ;
#4953 = CARTESIAN_POINT ( 'NONE',  ( -0.6862196314290585075, -14.15623904355881990, 9.463104457248793011 ) ) ;
#4954 = CARTESIAN_POINT ( 'NONE',  ( -8.250000000000000000, 2.680587493921476216, 62.12500000000000000 ) ) ;
#4955 = CARTESIAN_POINT ( 'NONE',  ( 2.240373209218367467, 6.895159743139863906, 60.25000000000000000 ) ) ;
#4956 = CARTESIAN_POINT ( 'NONE',  ( -1.818653347947321031, 3.149999999999999467, 64.75000000000000000 ) ) ;
#4957 = AXIS2_PLACEMENT_3D ( 'NONE', #584, #2385, #4968 ) ;
#4958 = CARTESIAN_POINT ( 'NONE',  ( -6.527065072529002698, -10.40968564641260485, 9.349182199096759405 ) ) ;
#4959 = CARTESIAN_POINT ( 'NONE',  ( 7.449901915405299668, 10.25474907312813322, 8.772138810067737325 ) ) ;
#4960 = ORIENTED_EDGE ( 'NONE', *, *, #3225, .T. ) ;
#4961 = CARTESIAN_POINT ( 'NONE',  ( 3.637306695894642505, -1.968512776180124087E-16, 64.75000000000000000 ) ) ;
#4962 = CARTESIAN_POINT ( 'NONE',  ( 13.44027885050736693, -1.412101684139795976, 8.810339537001681265 ) ) ;
#4963 = VERTEX_POINT ( 'NONE', #3177 ) ;
#4964 = ADVANCED_FACE ( 'NONE', ( #468 ), #652, .T. ) ;
#4965 = VECTOR ( 'NONE', #2534, 1000.000000000000000 ) ;
#4966 = VERTEX_POINT ( 'NONE', #2020 ) ;
#4967 = CARTESIAN_POINT ( 'NONE',  ( 2.744299821939914619, 26.12004168718203800, 9.060546209440238030 ) ) ;
#4968 = DIRECTION ( 'NONE',  ( -1.000000000000000000, 0.000000000000000000, 0.000000000000000000 ) ) ;
#4969 = DIRECTION ( 'NONE',  ( -0.7559289460184581699, -2.221029578189870595E-16, 0.6546536707079728679 ) ) ;
#4970 = FACE_OUTER_BOUND ( 'NONE', #324, .T. ) ;
#4971 = CARTESIAN_POINT ( 'NONE',  ( -1.999999999999999112, -3.464101615137755719, 34.00000000000000000 ) ) ;
#4972 = CARTESIAN_POINT ( 'NONE',  ( 2.492561735443932225, 27.88898648699673899, 9.577280781481604777 ) ) ;
#4973 = CARTESIAN_POINT ( 'NONE',  ( 5.098780407186632502, -7.017869168904328880, 63.12500000000002132 ) ) ;
#4974 = CARTESIAN_POINT ( 'NONE',  ( 7.898504188482951882, -15.93858018551634004, 9.607311826833496937 ) ) ;
#4975 = EDGE_CURVE ( 'NONE', #5261, #4179, #5689, .T. ) ;
#4976 = VECTOR ( 'NONE', #2027, 1000.000000000000000 ) ;
#4977 = CARTESIAN_POINT ( 'NONE',  ( -2.925713846901061732, -27.84672688999645374, 9.845359688719304003 ) ) ;
#4978 = ADVANCED_FACE ( 'NONE', ( #288 ), #1696, .T. ) ;
#4979 = FACE_OUTER_BOUND ( 'NONE', #3835, .T. ) ;
#4980 = CARTESIAN_POINT ( 'NONE',  ( 1.807051521814812212, 23.50287507785681740, 9.733462124878716537 ) ) ;
#4981 = DIRECTION ( 'NONE',  ( 0.5000000000000001110, 0.8660254037844385966, 0.000000000000000000 ) ) ;
#4982 = CARTESIAN_POINT ( 'NONE',  ( -0.3707165729785136810, -11.68161155120484906, 9.303692016028186629 ) ) ;
#4983 = EDGE_CURVE ( 'NONE', #5297, #2886, #3051, .T. ) ;
#4984 = EDGE_CURVE ( 'NONE', #4237, #2505, #4509, .T. ) ;
#4985 = CARTESIAN_POINT ( 'NONE',  ( 10.93978556392716506, -1.149387582711248967, 8.674148813960478321 ) ) ;
#4986 = CARTESIAN_POINT ( 'NONE',  ( -21.97803140893426743, -9.786274362800263305, 9.039072486902586689 ) ) ;
#4987 = CARTESIAN_POINT ( 'NONE',  ( 14.99043690301297538, -10.89029909948378716, 8.957444811035012222 ) ) ;
#4988 = CARTESIAN_POINT ( 'NONE',  ( -9.137410406738169399, 29.62275697937031893, 6.142857142857142350 ) ) ;
#4989 = ADVANCED_FACE ( 'NONE', ( #867 ), #3757, .T. ) ;
#4990 = CARTESIAN_POINT ( 'NONE',  ( -8.899438418959608299, 6.465291627385859385, 8.674148813960478321 ) ) ;
#4991 = VERTEX_POINT ( 'NONE', #3607 ) ;
#4992 = CARTESIAN_POINT ( 'NONE',  ( 0.7213972262896404253, 10.97632044821125241, 8.956607300572740016 ) ) ;
#4993 = CARTESIAN_POINT ( 'NONE',  ( 4.426646089001812001, -10.14598061107938420, 5.071428571428571175 ) ) ;
#4994 = ORIENTED_EDGE ( 'NONE', *, *, #1420, .T. ) ;
#4995 = CIRCLE ( 'NONE', #4812, 7.250000000000000000 ) ;
#4996 = ORIENTED_EDGE ( 'NONE', *, *, #1256, .T. ) ;
#4997 = CARTESIAN_POINT ( 'NONE',  ( 1.813223077125514227, 17.25812244858859046, 8.932521311116834895 ) ) ;
#4998 = CARTESIAN_POINT ( 'NONE',  ( -2.309552796581364920, -27.90458682510463717, 9.789319808576792070 ) ) ;
#4999 = FACE_OUTER_BOUND ( 'NONE', #3540, .T. ) ;
#5000 = CARTESIAN_POINT ( 'NONE',  ( -0.2104339737772544794, -10.45159621504911485, 9.194114427929031663 ) ) ;
#5001 = CARTESIAN_POINT ( 'NONE',  ( -9.156564819218456108, -5.043556940414122280, 9.194114427929031663 ) ) ;
#5002 = CARTESIAN_POINT ( 'NONE',  ( -13.29763442840182641, -19.42529800820338437, 9.732972412448537725 ) ) ;
#5003 = CARTESIAN_POINT ( 'NONE',  ( -30.22276527763657583, 6.898148952645533072, 6.142857142857142350 ) ) ;
#5004 = CARTESIAN_POINT ( 'NONE',  ( 6.674390203593315363, 4.849228331412905213, 61.49999999999998579 ) ) ;
#5005 = CARTESIAN_POINT ( 'NONE',  ( -10.04882600167078266, -4.474493936541334094, 8.674148813960478321 ) ) ;
#5006 = CARTESIAN_POINT ( 'NONE',  ( 9.382368161451566380, -5.742052567068670399, 9.244236608254535525 ) ) ;
#5007 = CARTESIAN_POINT ( 'NONE',  ( -6.014065304058601846, -2.083333333333330373, 44.00000000000000711 ) ) ;
#5008 = CARTESIAN_POINT ( 'NONE',  ( 1.343900088542475002, 19.54731137114658779, 9.656074444160090309 ) ) ;
#5009 = CIRCLE ( 'NONE', #419, 4.000000000000000000 ) ;
#5010 = CARTESIAN_POINT ( 'NONE',  ( -3.608439182435160486, -6.250000000000000000, 44.00000000000000711 ) ) ;
#5011 = CARTESIAN_POINT ( 'NONE',  ( -10.18648501508947568, 21.25761264030357722, 9.733462124878723642 ) ) ;
#5012 = CARTESIAN_POINT ( 'NONE',  ( 7.579129017921073519, -17.02122068449439141, 8.959518355077149110 ) ) ;
#5013 = CARTESIAN_POINT ( 'NONE',  ( -21.94110575060143731, -9.769832279487683735, 9.038635318908230687 ) ) ;
#5014 = CARTESIAN_POINT ( 'NONE',  ( 21.21025656467511311, -1.540236286405182398, 9.692893076733820834 ) ) ;
#5015 = CARTESIAN_POINT ( 'NONE',  ( 7.659311237732574718, 10.54299985527593542, 8.789169392377729650 ) ) ;
#5016 = ORIENTED_EDGE ( 'NONE', *, *, #2484, .T. ) ;
#5017 = CARTESIAN_POINT ( 'NONE',  ( 15.94344478414584998, -1.675096586990254321, 8.897793442001319164 ) ) ;
#5018 = ORIENTED_EDGE ( 'NONE', *, *, #350, .F. ) ;
#5019 = CARTESIAN_POINT ( 'NONE',  ( 8.186627235442255568, 12.59597369492580832, 9.503916713854554388 ) ) ;
#5020 = ORIENTED_EDGE ( 'NONE', *, *, #1715, .T. ) ;
#5021 = DIRECTION ( 'NONE',  ( 0.8660254037844385966, 0.5000000000000003331, 0.000000000000000000 ) ) ;
#5022 = FACE_OUTER_BOUND ( 'NONE', #3380, .T. ) ;
#5023 = ORIENTED_EDGE ( 'NONE', *, *, #1849, .F. ) ;
#5024 = CARTESIAN_POINT ( 'NONE',  ( -5.111955508449811170, 3.645833333333334370, 44.00000000000000711 ) ) ;
#5025 = CARTESIAN_POINT ( 'NONE',  ( -0.6222307698573372736, -13.64768066686077042, 9.436039436531943991 ) ) ;
#5026 = CARTESIAN_POINT ( 'NONE',  ( 21.35422749176449386, 9.508509891159034666, 4.999478381024410112 ) ) ;
#5027 = CARTESIAN_POINT ( 'NONE',  ( -10.99219342079661210, -16.32968374119199950, 9.658275495602531180 ) ) ;
#5028 = CARTESIAN_POINT ( 'NONE',  ( 4.554387114882914034, -10.01325154341965273, 8.731743395424917509 ) ) ;
#5029 = CARTESIAN_POINT ( 'NONE',  ( 8.249999999999998224, -2.680587493921476661, 61.12499999999997868 ) ) ;
#5030 = CARTESIAN_POINT ( 'NONE',  ( 11.71891226573784728, -24.78617035356959875, 9.783644783752150076 ) ) ;
#5031 = FACE_OUTER_BOUND ( 'NONE', #3903, .T. ) ;
#5032 = FACE_OUTER_BOUND ( 'NONE', #4058, .T. ) ;
#5033 = ADVANCED_FACE ( 'NONE', ( #5750 ), #3956, .T. ) ;
#5034 = CARTESIAN_POINT ( 'NONE',  ( -10.93978556392717039, 1.149387582711171918, 8.674148813960478321 ) ) ;
#5035 = DIRECTION ( 'NONE',  ( 0.1044897802464699321, 0.9945259603570157925, 0.000000000000000000 ) ) ;
#5036 = CARTESIAN_POINT ( 'NONE',  ( -8.390446319961851529, -7.220562908078041353, 7.214285714285715301 ) ) ;
#5037 = EDGE_CURVE ( 'NONE', #4173, #2854, #4190, .T. ) ;
#5038 = CARTESIAN_POINT ( 'NONE',  ( -6.484292994559371692, -10.35384963879236508, 9.342911665793502962 ) ) ;
#5039 = CARTESIAN_POINT ( 'NONE',  ( 6.562782540362912975, -14.73870805731507261, 8.900697539376402290 ) ) ;
#5040 = EDGE_CURVE ( 'NONE', #1622, #3357, #5506, .T. ) ;
#5041 = CARTESIAN_POINT ( 'NONE',  ( 9.794128150611573602, 5.010008248122080232, 9.063833485541763935 ) ) ;
#5042 = CARTESIAN_POINT ( 'NONE',  ( -23.77421792190981620, -10.58607183763663784, 9.058421679211724253 ) ) ;
#5043 = CARTESIAN_POINT ( 'NONE',  ( 21.48008608072499115, -15.60491956406796099, 9.063038290305440725 ) ) ;
#5044 = CIRCLE ( 'NONE', #4576, 4.000000000000000000 ) ;
#5045 = CARTESIAN_POINT ( 'NONE',  ( 27.00686086247769779, -2.207999319135759642, 9.779827166081952683 ) ) ;
#5046 = CARTESIAN_POINT ( 'NONE',  ( 22.18019778078399185, -16.11353888357277597, 9.070458438625532693 ) ) ;
#5047 = ORIENTED_EDGE ( 'NONE', *, *, #4156, .F. ) ;
#5048 = CARTESIAN_POINT ( 'NONE',  ( -8.250000000000000000, 2.680587493921476216, 62.37499999999998579 ) ) ;
#5049 = ORIENTED_EDGE ( 'NONE', *, *, #1747, .F. ) ;
#5050 = PRODUCT_DEFINITION_SHAPE ( 'NONE', 'NONE',  #4741 ) ;
#5051 = VERTEX_POINT ( 'NONE', #62 ) ;
#5052 = CARTESIAN_POINT ( 'NONE',  ( 8.756334261504170158, 13.35056310892171716, 9.543723846560885349 ) ) ;
#5053 = ORIENTED_EDGE ( 'NONE', *, *, #2867, .F. ) ;
#5054 = VECTOR ( 'NONE', #5118, 999.9999999999998863 ) ;
#5055 = CARTESIAN_POINT ( 'NONE',  ( -27.86414324380396934, 2.754908580837724497, 9.272963267648435703 ) ) ;
#5056 = CARTESIAN_POINT ( 'NONE',  ( -6.602456118291454956, 3.064210548375211562, 57.50000000000001421 ) ) ;
#5057 = VERTEX_POINT ( 'NONE', #4565 ) ;
#5058 = DIRECTION ( 'NONE',  ( 0.000000000000000000, 0.000000000000000000, 1.000000000000000000 ) ) ;
#5059 = CARTESIAN_POINT ( 'NONE',  ( -17.21526863640220739, 11.65332533357751466, 9.683098232677265216 ) ) ;
#5060 = EDGE_CURVE ( 'NONE', #1684, #613, #926, .T. ) ;
#5061 = CARTESIAN_POINT ( 'NONE',  ( 5.713362038855668068, 2.604166666666669627, 44.00000000000000711 ) ) ;
#5062 = EDGE_CURVE ( 'NONE', #496, #242, #3197, .T. ) ;
#5063 = FACE_OUTER_BOUND ( 'NONE', #5294, .T. ) ;
#5064 = CARTESIAN_POINT ( 'NONE',  ( -9.145073735084736199, 6.112908548292057098, 8.956607300572725805 ) ) ;
#5065 = CARTESIAN_POINT ( 'NONE',  ( -0.6014065304058655581, 6.249999999999998224, 44.00000000000000711 ) ) ;
#5066 = CARTESIAN_POINT ( 'NONE',  ( 2.549390203593314919, 7.846216259435018436, 61.50000000000001421 ) ) ;
#5067 = CARTESIAN_POINT ( 'NONE',  ( 5.751519678939073899, -10.85744698817052800, 9.349182199096759405 ) ) ;
#5068 = CARTESIAN_POINT ( 'NONE',  ( -1.818653347947320142, -3.149999999999999911, 47.82499999999998863 ) ) ;
#5069 = CARTESIAN_POINT ( 'NONE',  ( -3.285468820183671479, -2.309401076758504701, 34.00000000000000000 ) ) ;
#5070 = B_SPLINE_CURVE_WITH_KNOTS ( 'NONE', 3,
 ( #4356, #2986, #3922, #4856, #5711, #770, #2654, #274, #4882, #3982, #5766, #1297, #1680 ),
 .UNSPECIFIED., .F., .F.,
 ( 4, 2, 1, 1, 1, 2, 2, 4 ),
 ( 0.000000000000000000, 0.2499999999999962808, 0.3749999999999944489, 0.4374999999999935052, 0.4687499999999930056, 0.4843749999999929501, 0.4999999999999928946, 1.000000000000000000 ),
 .UNSPECIFIED. ) ;
#5071 = CARTESIAN_POINT ( 'NONE',  ( 2.091458626791050879, 25.98215683556275835, 9.767761934507690924 ) ) ;
#5072 = FILL_AREA_STYLE_COLOUR ( '', #2321 ) ;
#5073 = CARTESIAN_POINT ( 'NONE',  ( -6.500000000000005329, 7.960204194457802379E-16, -64.00000000000000000 ) ) ;
#5074 = CARTESIAN_POINT ( 'NONE',  ( 6.116309051314728684, -13.73601714535196727, 8.867948148798292962 ) ) ;
#5075 = LINE ( 'NONE', #4605, #2014 ) ;
#5076 = CARTESIAN_POINT ( 'NONE',  ( 26.71974106398412729, -15.96359696960154118, 9.141370585886830824 ) ) ;
#5077 = CARTESIAN_POINT ( 'NONE',  ( 13.05289042812466782, -9.482704326415957397, 8.900697539376402290 ) ) ;
#5078 = CARTESIAN_POINT ( 'NONE',  ( 7.249999999999999112, 0.000000000000000000, 58.62500000000000000 ) ) ;
#5079 =( BOUNDED_CURVE ( )  B_SPLINE_CURVE ( 1, ( #5151, #4593 ),
 .UNSPECIFIED., .F., .F. ) 
 B_SPLINE_CURVE_WITH_KNOTS ( ( 2, 2 ),
 ( 3.587512611045814267E-10, 0.01700000035875125562 ),
 .UNSPECIFIED. ) 
 CURVE ( )  GEOMETRIC_REPRESENTATION_ITEM ( )  RATIONAL_B_SPLINE_CURVE ( ( 0.9968701940290738417, 0.9968701940290738417 ) ) 
 REPRESENTATION_ITEM ( '' )  );
#5080 = CARTESIAN_POINT ( 'NONE',  ( 13.27866665273942814, -9.646726938399432072, 8.908695597015118040 ) ) ;
#5081 = CARTESIAN_POINT ( 'NONE',  ( -5.098780407186632502, -7.017869168904328880, 62.87499999999998579 ) ) ;
#5082 = EDGE_LOOP ( 'NONE', ( #2916, #1242, #357, #4205 ) ) ;
#5083 = ORIENTED_EDGE ( 'NONE', *, *, #5488, .T. ) ;
#5084 = DIRECTION ( 'NONE',  ( -1.000000000000000000, 0.000000000000000000, 0.000000000000000000 ) ) ;
#5085 = ORIENTED_EDGE ( 'NONE', *, *, #1177, .T. ) ;
#5086 = CARTESIAN_POINT ( 'NONE',  ( 3.624999999999999112, -6.278684177437180658, 57.50000000000000000 ) ) ;
#5087 = ORIENTED_EDGE ( 'NONE', *, *, #2299, .T. ) ;
#5088 = PLANE ( 'NONE',  #2797 ) ;
#5089 = CARTESIAN_POINT ( 'NONE',  ( 7.750000000000000000, 0.000000000000000000, 59.25000000000000000 ) ) ;
#5090 = VECTOR ( 'NONE', #3720, 1000.000000000000000 ) ;
#5091 = CARTESIAN_POINT ( 'NONE',  ( -13.66934734295164411, -6.934144311044337705, 9.517545350385882230 ) ) ;
#5092 = CARTESIAN_POINT ( 'NONE',  ( -5.254342891941075067, 9.663947473672870103, 9.244236608254535525 ) ) ;
#5093 = CARTESIAN_POINT ( 'NONE',  ( -15.95242480577320521, -23.01130467435846327, 9.789319808576792070 ) ) ;
#5094 = CARTESIAN_POINT ( 'NONE',  ( 3.608439182435160042, 6.249999999999999112, 44.00000000000000711 ) ) ;
#5095 = CARTESIAN_POINT ( 'NONE',  ( 5.098780407186630725, 7.017869168904329769, 61.37500000000001421 ) ) ;
#5096 = CARTESIAN_POINT ( 'NONE',  ( -2.774213726132834790, -26.40476000341837093, 9.063038290305435396 ) ) ;
#5097 = CARTESIAN_POINT ( 'NONE',  ( 16.67821634559977539, -11.25258646618679848, 9.668500753904174516 ) ) ;
#5098 = CARTESIAN_POINT ( 'NONE',  ( 1.999999999999997335, -3.464101615137756163, 34.00000000000000000 ) ) ;
#5099 = CARTESIAN_POINT ( 'NONE',  ( 14.16963060741910851, 7.146077198433888000, 9.539913078800431379 ) ) ;
#5100 = CARTESIAN_POINT ( 'NONE',  ( 20.94797420246121078, -2.200897018553733986, 4.999478381024409224 ) ) ;
#5101 = PLANE ( 'NONE',  #5683 ) ;
#5102 = CARTESIAN_POINT ( 'NONE',  ( -8.063570590128131599, 7.481900115480067726, 6.142857142857142350 ) ) ;
#5103 = LINE ( 'NONE', #4961, #3 ) ;
#5104 = CARTESIAN_POINT ( 'NONE',  ( -2.549390203593315807, -7.846216259435018436, 60.25000000000001421 ) ) ;
#5105 = CARTESIAN_POINT ( 'NONE',  ( -15.85258400066294904, -7.058763976775488835, 8.932521311116834895 ) ) ;
#5106 = CARTESIAN_POINT ( 'NONE',  ( 9.888840637033935010, -7.184075619756212561, 8.748585655624690816 ) ) ;
#5107 = CARTESIAN_POINT ( 'NONE',  ( -7.049188175623368302, 15.83107865034457440, 8.931712705553785270 ) ) ;
#5108 = VECTOR ( 'NONE', #3503, 1000.000000000000227 ) ;
#5109 = CARTESIAN_POINT ( 'NONE',  ( -10.93978556392717039, 1.149387582711171918, 8.674148813960478321 ) ) ;
#5110 = CARTESIAN_POINT ( 'NONE',  ( -1.593491436080466221E-15, 8.674563349965705328, 59.37499999999997868 ) ) ;
#5111 = ORIENTED_EDGE ( 'NONE', *, *, #5588, .F. ) ;
#5112 = AXIS2_PLACEMENT_3D ( 'NONE', #2967, #4252, #782 ) ;
#5113 = ORIENTED_EDGE ( 'NONE', *, *, #1936, .T. ) ;
#5114 = DIRECTION ( 'NONE',  ( 0.6123724356957909176, 0.3535533905932718990, -0.7071067811865516806 ) ) ;
#5115 = ORIENTED_EDGE ( 'NONE', *, *, #3729, .F. ) ;
#5116 =( BOUNDED_CURVE ( )  B_SPLINE_CURVE ( 2, ( #2274, #1832, #1392, #507, #2304, #1858, #3655 ),
 .UNSPECIFIED., .F., .F. ) 
 B_SPLINE_CURVE_WITH_KNOTS ( ( 3, 2, 2, 3 ),
 ( 0.01666172618599907201, 0.03571428571428571230, 0.07142857142857142461, 0.09646968323894186681 ),
 .UNSPECIFIED. ) 
 CURVE ( )  GEOMETRIC_REPRESENTATION_ITEM ( )  RATIONAL_B_SPLINE_CURVE ( ( 0.9968701940290736196, 0.9966456421313096836, 1.000000000000000000, 0.9937122098932426040, 1.000000000000000000, 0.9955913088571033409, 0.9973649352736200235 ) ) 
 REPRESENTATION_ITEM ( '' )  );
#5117 = CARTESIAN_POINT ( 'NONE',  ( 5.865373209218368800, -4.261443079120430077, 62.25000000000000000 ) ) ;
#5118 = DIRECTION ( 'NONE',  ( -0.5000000000000002220, 0.8660254037844385966, 0.000000000000000000 ) ) ;
#5119 = VERTEX_POINT ( 'NONE', #978 ) ;
#5120 = CARTESIAN_POINT ( 'NONE',  ( -5.976959662288820141, -9.235858491349118182, 9.063833485541712420 ) ) ;
#5121 = CARTESIAN_POINT ( 'NONE',  ( -12.93833531256553471, -6.625323316025307996, 9.481103272736849163 ) ) ;
#5122 = CARTESIAN_POINT ( 'NONE',  ( -10.44906541026848146, 23.46652865709961588, 4.999478381024410112 ) ) ;
#5123 = CARTESIAN_POINT ( 'NONE',  ( -10.01752884944948541, -15.02767870246260706, 9.615340244562171179 ) ) ;
#5124 = ADVANCED_FACE ( 'NONE', ( #3165 ), #2720, .T. ) ;
#5125 = CARTESIAN_POINT ( 'NONE',  ( 4.863411899919238834, -9.866470961374323778, 8.956607300572692054 ) ) ;
#5126 = CARTESIAN_POINT ( 'NONE',  ( -1.593491436080465827E-15, 8.674563349965705328, 59.12500000000000711 ) ) ;
#5127 = CYLINDRICAL_SURFACE ( 'NONE', #5724, 6.250000000000000000 ) ;
#5128 = CARTESIAN_POINT ( 'NONE',  ( 0.000000000000000000, 0.000000000000000000, 4.000000000000000000 ) ) ;
#5129 = CARTESIAN_POINT ( 'NONE',  ( 4.480746418436737599, -6.167218360552287670, 59.62499999999999289 ) ) ;
#5130 = DIRECTION ( 'NONE',  ( 0.000000000000000000, 0.000000000000000000, -1.000000000000000000 ) ) ;
#5131 = LINE ( 'NONE', #2458, #3810 ) ;
#5132 = CARTESIAN_POINT ( 'NONE',  ( 10.87662111621565941, 2.057967748038212363, 7.214285714285715301 ) ) ;
#5133 = CARTESIAN_POINT ( 'NONE',  ( 7.249999999999999112, 0.000000000000000000, 62.50000000000000000 ) ) ;
#5134 = CARTESIAN_POINT ( 'NONE',  ( 10.94892376852660298, -1.062410831552830448, 8.731743395424985010 ) ) ;
#5135 = CARTESIAN_POINT ( 'NONE',  ( 6.764847224462245734, -13.26881257530820335, 9.497982529720237821 ) ) ;
#5136 = CARTESIAN_POINT ( 'NONE',  ( -6.106904205467004410, 11.70628745409810634, 9.409485193919609358 ) ) ;
#5137 = CARTESIAN_POINT ( 'NONE',  ( -13.44027885050738114, 1.412101684139700719, 8.810339537001683041 ) ) ;
#5138 = CARTESIAN_POINT ( 'NONE',  ( 5.098780407186633390, -7.017869168904328880, 60.87499999999998579 ) ) ;
#5139 = ORIENTED_EDGE ( 'NONE', *, *, #3802, .F. ) ;
#5140 = ORIENTED_EDGE ( 'NONE', *, *, #239, .F. ) ;
#5141 = CARTESIAN_POINT ( 'NONE',  ( 10.61392125273732923, 15.82382826911760176, 9.642623109992772612 ) ) ;
#5142 = VERTEX_POINT ( 'NONE', #480 ) ;
#5143 = CARTESIAN_POINT ( 'NONE',  ( 0.6014065304058642258, -6.250000000000000000, 44.00000000000000711 ) ) ;
#5144 = CARTESIAN_POINT ( 'NONE',  ( -11.38962092937785897, 25.57882982243475922, 4.999478381024409224 ) ) ;
#5145 = ORIENTED_EDGE ( 'NONE', *, *, #2564, .F. ) ;
#5146 = CARTESIAN_POINT ( 'NONE',  ( -21.79698127574758360, 15.05500021027218338, 9.772851664565397556 ) ) ;
#5147 = CARTESIAN_POINT ( 'NONE',  ( -11.91950081729051902, -6.196557871089261482, 9.422071066585941068 ) ) ;
#5148 =( BOUNDED_CURVE ( )  B_SPLINE_CURVE ( 2, ( #2541, #4326, #2858, #4651, #2413, #5591, #1973 ),
 .UNSPECIFIED., .F., .T. ) 
 B_SPLINE_CURVE_WITH_KNOTS ( ( 3, 2, 2, 3 ),
 ( 0.01666172618599905814, 0.03571428571428571230, 0.07142857142857142461, 0.08740979427194939255 ),
 .UNSPECIFIED. ) 
 CURVE ( )  GEOMETRIC_REPRESENTATION_ITEM ( )  RATIONAL_B_SPLINE_CURVE ( ( 0.9968701940290736196, 0.9966456421313096836, 1.000000000000000000, 0.9937122098932426040, 1.000000000000000000, 0.9971863759031226460, 0.9968908004128682609 ) ) 
 REPRESENTATION_ITEM ( '' )  );
#5149 = CARTESIAN_POINT ( 'NONE',  ( 10.21572479785531584, -21.32514541717544176, 9.734601941943550329 ) ) ;
#5150 = EDGE_CURVE ( 'NONE', #2888, #495, #5116, .T. ) ;
#5151 = CARTESIAN_POINT ( 'NONE',  ( 4.474493936541370509, -10.04882600167077022, 4.999478381024410112 ) ) ;
#5152 = CARTESIAN_POINT ( 'NONE',  ( -10.87931212603153064, -14.97531339439461995, 8.957068822608103886 ) ) ;
#5153 = CARTESIAN_POINT ( 'NONE',  ( -25.39885165126201372, -11.78587146010301367, 9.577280781481599448 ) ) ;
#5154 = CARTESIAN_POINT ( 'NONE',  ( 15.96359696960144703, 26.71974106398418058, 9.141370585886830824 ) ) ;
#5155 = VERTEX_POINT ( 'NONE', #3214 ) ;
#5156 = CARTESIAN_POINT ( 'NONE',  ( 22.28462792380951996, -15.41561393314920281, 9.779827166081954459 ) ) ;
#5157 = CARTESIAN_POINT ( 'NONE',  ( 11.79154164372665825, 6.142838864434629009, 9.413923788595454312 ) ) ;
#5158 = EDGE_CURVE ( 'NONE', #2948, #3441, #1150, .T. ) ;
#5159 = CYLINDRICAL_SURFACE ( 'NONE', #2203, 11.00000000000000000 ) ;
#5160 = DIRECTION ( 'NONE',  ( -0.9135296365155242126, -0.4067721760492157834, 0.000000000000000000 ) ) ;
#5161 = LINE ( 'NONE', #1695, #4781 ) ;
#5162 = CARTESIAN_POINT ( 'NONE',  ( 10.96924176899297976, 0.8220310294506788518, 8.285714285714284699 ) ) ;
#5163 = AXIS2_PLACEMENT_3D ( 'NONE', #1376, #2311, #5452 ) ;
#5164 = EDGE_CURVE ( 'NONE', #2790, #4618, #4660, .T. ) ;
#5165 = CARTESIAN_POINT ( 'NONE',  ( -5.865373209218368800, 4.261443079120429189, 61.00000000000000000 ) ) ;
#5166 = CARTESIAN_POINT ( 'NONE',  ( -11.33118028901257190, 0.3252473444894845578, 9.274755408069175644 ) ) ;
#5167 = CARTESIAN_POINT ( 'NONE',  ( 12.93675560927026247, -9.398334342981074840, 8.896629249940167128 ) ) ;
#5168 = CARTESIAN_POINT ( 'NONE',  ( -10.40585729455159836, 23.36949179821533207, 9.054700542784383188 ) ) ;
#5169 = CARTESIAN_POINT ( 'NONE',  ( -12.15602501552539394, 1.277171670900245415, 8.748585655624694368 ) ) ;
#5170 = CARTESIAN_POINT ( 'NONE',  ( 8.249999999999998224, -2.680587493921476661, 61.12499999999997868 ) ) ;
#5171 = ORIENTED_EDGE ( 'NONE', *, *, #5037, .T. ) ;
#5172 = EDGE_LOOP ( 'NONE', ( #3040, #1235, #2263, #709 ) ) ;
#5173 = CARTESIAN_POINT ( 'NONE',  ( -30.00124943074288097, 3.152078563150362278, 9.089868230524976056 ) ) ;
#5174 = ORIENTED_EDGE ( 'NONE', *, *, #1918, .F. ) ;
#5175 = ADVANCED_FACE ( 'NONE', ( #5629 ), #4296, .F. ) ;
#5176 = CARTESIAN_POINT ( 'NONE',  ( 2.549390203593314919, 7.846216259435018436, 59.00000000000001421 ) ) ;
#5177 = CARTESIAN_POINT ( 'NONE',  ( 0.1092300383465677899, 28.08669887756087746, 9.035529747155958802 ) ) ;
#5178 = EDGE_LOOP ( 'NONE', ( #5236, #140, #1499, #5145, #4239, #5020, #4242 ) ) ;
#5179 = CARTESIAN_POINT ( 'NONE',  ( -18.00670529405394049, 12.24312635372282010, 9.702929324004889722 ) ) ;
#5180 = CARTESIAN_POINT ( 'NONE',  ( -18.08413391079853483, -8.817465812009031012, 9.668500753904172740 ) ) ;
#5181 = CARTESIAN_POINT ( 'NONE',  ( 10.60101503021064495, -23.80777736890298257, 9.058750113913898616 ) ) ;
#5182 = CARTESIAN_POINT ( 'NONE',  ( -16.22477362268940126, -22.82016644918931547, 9.405155380086274164 ) ) ;
#5183 = CARTESIAN_POINT ( 'NONE',  ( -12.96987991340973601, 9.422398590199016155, 8.897793442001317388 ) ) ;
#5184 = CARTESIAN_POINT ( 'NONE',  ( -10.95124500723279226, -15.07432861032662785, 8.959518355077159768 ) ) ;
#5185 =( BOUNDED_SURFACE ( )  B_SPLINE_SURFACE ( 1, 2, ( 
 ( #686, #2485, #4277, #2073, #3843, #1603, #5628, #1161, #3872, #5302, #3484, #1748, #2159, #2660, #1303, #3158, #4015, #893, #1337, #4066, #2214, #803, #2267, #5326, #447, #3573, #3512, #1246, #5275, #921, #3958, #4450, #5384, #3544, #1801, #4042, #3104, #2688, #4480, #3132, #4943 ),
 ( #3601, #1364, #1777, #2608, #3046, #2240, #421, #4835, #2712, #4421, #5801, #4890, #861, #1276, #4395, #5357, #4917, #4, #4503, #475, #5773, #363, #30, #5744, #1720, #3074, #4861, #832, #2632, #393, #2185, #3987, #586, #4183, #3625, #3742, #4623, #5499, #2297, #119, #86 ) ),
 .UNSPECIFIED., .F., .F., .F. ) 
 B_SPLINE_SURFACE_WITH_KNOTS ( ( 2, 2 ),
 ( 3, 2, 2, 2, 2, 2, 2, 2, 2, 2, 2, 2, 2, 2, 2, 2, 2, 2, 2, 2, 3 ),
 ( 0.000000000000000000, 1.000000000000000000 ),
 ( 0.000000000000000000, 0.05000000000000000278, 0.1000000000000000056, 0.1499999999999999944, 0.2000000000000000111, 0.2500000000000000000, 0.2999999999999999889, 0.3499999999999999778, 0.4000000000000000222, 0.4500000000000000111, 0.5000000000000000000, 0.5500000000000000444, 0.5999999999999999778, 0.6500000000000000222, 0.6999999999999999556, 0.7500000000000000000, 0.8000000000000000444, 0.8499999999999999778, 0.9000000000000000222, 0.9499999999999999556, 1.000000000000000000 ),
 .UNSPECIFIED. ) 
 GEOMETRIC_REPRESENTATION_ITEM ( )  RATIONAL_B_SPLINE_SURFACE ( (
 ( 1.000000000000000000, 0.9510565162951535312, 1.000000000000000000, 0.9510565162951535312, 1.000000000000000000, 0.9510565162951535312, 1.000000000000000000, 0.9510565162951535312, 1.000000000000000000, 0.9510565162951535312, 1.000000000000000000, 0.9510565162951535312, 1.000000000000000000, 0.9510565162951535312, 1.000000000000000000, 0.9510565162951535312, 1.000000000000000000, 0.9510565162951535312, 1.000000000000000000, 0.9510565162951535312, 1.000000000000000000, 0.9510565162951535312, 1.000000000000000000, 0.9510565162951535312, 1.000000000000000000, 0.9510565162951535312, 1.000000000000000000, 0.9510565162951535312, 1.000000000000000000, 0.9510565162951535312, 1.000000000000000000, 0.9510565162951535312, 1.000000000000000000, 0.9510565162951535312, 1.000000000000000000, 0.9510565162951535312, 1.000000000000000000, 0.9510565162951535312, 1.000000000000000000, 0.9510565162951535312, 1.000000000000000000),
 ( 1.000000000000000000, 0.9510565162951535312, 1.000000000000000000, 0.9510565162951535312, 1.000000000000000000, 0.9510565162951535312, 1.000000000000000000, 0.9510565162951535312, 1.000000000000000000, 0.9510565162951535312, 1.000000000000000000, 0.9510565162951535312, 1.000000000000000000, 0.9510565162951535312, 1.000000000000000000, 0.9510565162951535312, 1.000000000000000000, 0.9510565162951535312, 1.000000000000000000, 0.9510565162951535312, 1.000000000000000000, 0.9510565162951535312, 1.000000000000000000, 0.9510565162951535312, 1.000000000000000000, 0.9510565162951535312, 1.000000000000000000, 0.9510565162951535312, 1.000000000000000000, 0.9510565162951535312, 1.000000000000000000, 0.9510565162951535312, 1.000000000000000000, 0.9510565162951535312, 1.000000000000000000, 0.9510565162951535312, 1.000000000000000000, 0.9510565162951535312, 1.000000000000000000, 0.9510565162951535312, 1.000000000000000000) ) ) 
 REPRESENTATION_ITEM ( '' )  SURFACE ( )  );
#5186 = LINE ( 'NONE', #4685, #1579 ) ;
#5187 = CARTESIAN_POINT ( 'NONE',  ( 3.102776200920766225, 2.524436540497640991, 24.00000000000000000 ) ) ;
#5188 = ORIENTED_EDGE ( 'NONE', *, *, #5037, .F. ) ;
#5189 = CARTESIAN_POINT ( 'NONE',  ( 17.59850286259169749, -11.93901203419506807, 9.692893076733820834 ) ) ;
#5190 = CARTESIAN_POINT ( 'NONE',  ( 5.865373209218368800, -4.261443079120430077, 59.75000000000000000 ) ) ;
#5191 = FACE_OUTER_BOUND ( 'NONE', #4350, .T. ) ;
#5192 = CARTESIAN_POINT ( 'NONE',  ( 1.818653347947321031, -3.149999999999999911, 44.75000000000000000 ) ) ;
#5193 = CARTESIAN_POINT ( 'NONE',  ( 1.401753554678033087, 20.03193586041059149, 9.668587843497215673 ) ) ;
#5194 = CARTESIAN_POINT ( 'NONE',  ( -5.098780407186633390, 7.017869168904327992, 59.37500000000000000 ) ) ;
#5195 = CARTESIAN_POINT ( 'NONE',  ( -12.32678041052470164, -5.488810752101655588, 8.809460114356461702 ) ) ;
#5196 = CARTESIAN_POINT ( 'NONE',  ( 6.330930294040044259, -12.23934689367799145, 9.441877396648985510 ) ) ;
#5197 = CARTESIAN_POINT ( 'NONE',  ( -4.812892411663028724, 10.80880186574874635, 8.728034140222046489 ) ) ;
#5198 = CARTESIAN_POINT ( 'NONE',  ( -6.196557871089216185, 11.91950081729054389, 9.422071066585939292 ) ) ;
#5199 = EDGE_CURVE ( 'NONE', #2502, #4582, #2257, .T. ) ;
#5200 = CARTESIAN_POINT ( 'NONE',  ( 9.156564819218493412, 5.043556940414060108, 9.194114427929031663 ) ) ;
#5201 = VERTEX_POINT ( 'NONE', #2044 ) ;
#5202 = VERTEX_POINT ( 'NONE', #3396 ) ;
#5203 = CARTESIAN_POINT ( 'NONE',  ( 14.72321225939294109, 21.34856381847402318, 9.766135347243723785 ) ) ;
#5204 = ORIENTED_EDGE ( 'NONE', *, *, #5656, .F. ) ;
#5205 = AXIS2_PLACEMENT_3D ( 'NONE', #116, #2412, #1440 ) ;
#5206 = CARTESIAN_POINT ( 'NONE',  ( 2.549390203593316695, -7.846216259435016660, 60.50000000000001421 ) ) ;
#5207 = CARTESIAN_POINT ( 'NONE',  ( 9.118939387438411259, -6.151857403512806854, 8.925829213361835102 ) ) ;
#5208 = VERTEX_POINT ( 'NONE', #3782 ) ;
#5209 = VECTOR ( 'NONE', #1638, 999.9999999999998863 ) ;
#5210 = CARTESIAN_POINT ( 'NONE',  ( 27.68594465945804828, 5.238463358642727385, 7.214285714285715301 ) ) ;
#5211 = CARTESIAN_POINT ( 'NONE',  ( -18.82563642195514575, -9.136407258678215015, 9.685943259803069694 ) ) ;
#5212 = B_SPLINE_CURVE_WITH_KNOTS ( 'NONE', 3,
 ( #478, #3605, #924, #4506, #900, #3518, #2163, #5387, #368, #4485, #5308, #1309, #3163 ),
 .UNSPECIFIED., .F., .F.,
 ( 4, 2, 1, 1, 1, 2, 2, 4 ),
 ( 0.000000000000000000, 0.2500000000000005551, 0.3750000000000008327, 0.4375000000000009992, 0.4687500000000007216, 0.4843750000000003886, 0.5000000000000001110, 1.000000000000000000 ),
 .UNSPECIFIED. ) ;
#5213 = CARTESIAN_POINT ( 'NONE',  ( 9.400207167467534930, -21.11100105290449136, 9.028671707602013541 ) ) ;
#5214 = CARTESIAN_POINT ( 'NONE',  ( -3.872258696130395084, 10.31698647446055972, 5.572962681898414594 ) ) ;
#5215 = CARTESIAN_POINT ( 'NONE',  ( -21.24846973803827055, 15.43665420499205077, 9.060546209440238030 ) ) ;
#5216 = CARTESIAN_POINT ( 'NONE',  ( -7.943055356445433368, -10.93357207641627227, 8.810339537001686594 ) ) ;
#5217 = CARTESIAN_POINT ( 'NONE',  ( 4.821304463335892798, -9.887134485620610036, 8.925829213361762271 ) ) ;
#5218 = CARTESIAN_POINT ( 'NONE',  ( -1.946096880074515090, 8.729988942339172553, 24.00000000000000355 ) ) ;
#5219 = VERTEX_POINT ( 'NONE', #5660 ) ;
#5220 = CARTESIAN_POINT ( 'NONE',  ( 12.58742642406288859, 5.604869982002274043, 8.821446984288810356 ) ) ;
#5221 = CARTESIAN_POINT ( 'NONE',  ( 2.288675134594811311, -3.297434948471090532, 34.00000000000000000 ) ) ;
#5222 = B_SPLINE_CURVE_WITH_KNOTS ( 'NONE', 3,
 ( #3478, #3097, #4883, #2129, #827, #3983, #4357, #333, #5768, #3923, #1210, #855, #2987, #742, #5712, #4445, #5270, #1241, #415, #3042, #5351, #2209, #4008, #3895, #3070, #5796, #1771, #4390, #359, #2155, #3952, #50, #1406, #4060, #5017, #23, #80, #1874, #469, #3202, #967, #5403, #994, #4962, #1820, #3178, #3620, #4581, #3671, #547, #1381, #2766, #4522, #3643, #2739, #494, #2344 ),
 .UNSPECIFIED., .F., .F.,
 ( 4, 1, 1, 1, 2, 2, 1, 1, 2, 2, 1, 1, 1, 2, 2, 1, 1, 1, 1, 1, 2, 2, 1, 1, 1, 2, 2, 1, 1, 1, 1, 2, 2, 1, 1, 1, 1, 2, 2, 1, 4 ),
 ( 0.1439684925078892064, 0.1974704617261499595, 0.2242214463352800724, 0.2375969386398451011, 0.2442846847921273379, 0.2509724309444095747, 0.3044744001626640273, 0.3312253847717912536, 0.3446008770763548945, 0.3512886232286367427, 0.3579763693809184799, 0.4649803078174282733, 0.4917312924265556662, 0.4984190385788377364, 0.5051067847311196957, 0.5184822770356837252, 0.5719842462539402872, 0.5987352308630689013, 0.6121107231676331528, 0.6187984693199154451, 0.6221423423960564802, 0.6254862154721972933, 0.6789881846904498586, 0.7324901539087023128, 0.7458656462132654541, 0.7492095192894066003, 0.7525533923655478574, 0.7592411385178302607, 0.7859921231269598740, 0.8394940923452191006, 0.8662450769543487139, 0.8729328231066311172, 0.8762766961827723744, 0.8796205692589136316, 0.8929960615634789933, 0.9197470461726097168, 0.9331225384771751896, 0.9364664115533162247, 0.9398102846294573709, 0.9464980307817398852, 1.000000000000000000 ),
 .UNSPECIFIED. ) ;
#5223 = CARTESIAN_POINT ( 'NONE',  ( 0.000000000000000000, 0.000000000000000000, 36.99390334559012672 ) ) ;
#5224 = CARTESIAN_POINT ( 'NONE',  ( 2.098153655566139530, 19.97007051174216130, 8.986512289013813159 ) ) ;
#5225 = CARTESIAN_POINT ( 'NONE',  ( -7.249999999999999112, -2.355667797688572040, 61.37499999999998579 ) ) ;
#5226 = LINE ( 'NONE', #1199, #3784 ) ;
#5227 = CARTESIAN_POINT ( 'NONE',  ( 5.954912236582907248, -4.185789451624787993, 57.50000000000000000 ) ) ;
#5228 = ADVANCED_FACE ( 'NONE', ( #1983 ), #5127, .T. ) ;
#5229 = CARTESIAN_POINT ( 'NONE',  ( 25.57882982243479830, 11.38962092937776482, 9.074663436463124455 ) ) ;
#5230 = DIRECTION ( 'NONE',  ( 0.000000000000000000, 0.000000000000000000, 1.000000000000000000 ) ) ;
#5231 = ORIENTED_EDGE ( 'NONE', *, *, #3953, .T. ) ;
#5232 = CARTESIAN_POINT ( 'NONE',  ( -27.26538418090857263, 2.864635127650148050, 9.070458438625532693 ) ) ;
#5233 = CARTESIAN_POINT ( 'NONE',  ( 7.918243880236953025, 12.24096974468340271, 9.483911076193066947 ) ) ;
#5234 = CARTESIAN_POINT ( 'NONE',  ( 5.098780407186633390, -7.017869168904328880, 63.12500000000001421 ) ) ;
#5235 = CARTESIAN_POINT ( 'NONE',  ( 0.3572655899081627617, -4.000000000000000000, 34.00000000000000000 ) ) ;
#5236 = ORIENTED_EDGE ( 'NONE', *, *, #2270, .F. ) ;
#5237 = CARTESIAN_POINT ( 'NONE',  ( 15.49999999999993783, 26.84678751731763313, 4.000000000000000000 ) ) ;
#5238 = CARTESIAN_POINT ( 'NONE',  ( -21.66682671517488501, 17.81472771099150521, 5.572962681898414594 ) ) ;
#5239 = ORIENTED_EDGE ( 'NONE', *, *, #5040, .T. ) ;
#5240 = CARTESIAN_POINT ( 'NONE',  ( 27.84672688999641821, -2.925713846901357051, 9.074663436463126232 ) ) ;
#5241 = CARTESIAN_POINT ( 'NONE',  ( 2.835067396241507609, 26.98396071149845099, 9.067943206606472017 ) ) ;
#5242 = CARTESIAN_POINT ( 'NONE',  ( 14.36788837830575183, 19.77731944706062350, 9.043200165331571228 ) ) ;
#5243 = CARTESIAN_POINT ( 'NONE',  ( 0.000000000000000000, 0.000000000000000000, -64.00000000000000000 ) ) ;
#5244 = ADVANCED_FACE ( 'NONE', ( #2010 ), #874, .T. ) ;
#5245 = EDGE_CURVE ( 'NONE', #4687, #1026, #575, .T. ) ;
#5246 = CARTESIAN_POINT ( 'NONE',  ( -1.731387782072523418, -16.47922019411376482, 8.912760710018199362 ) ) ;
#5247 = EDGE_LOOP ( 'NONE', ( #5174, #3673, #5530, #3735 ) ) ;
#5248 = CARTESIAN_POINT ( 'NONE',  ( 22.33161605788228954, 9.943716870761599935, 9.043200165331580109 ) ) ;
#5249 = VECTOR ( 'NONE', #2282, 1000.000000000000000 ) ;
#5250 = DIRECTION ( 'NONE',  ( 1.000000000000000000, 0.000000000000000000, 0.000000000000000000 ) ) ;
#5251 = CARTESIAN_POINT ( 'NONE',  ( 16.45710596061863029, 22.65311597553349543, 4.999478381024408336 ) ) ;
#5252 = CARTESIAN_POINT ( 'NONE',  ( 10.72420703400005948, -2.447730273519459487, 6.142857142857142350 ) ) ;
#5253 = CARTESIAN_POINT ( 'NONE',  ( -11.14187790746150952, 7.084490216518504191, 9.409485193919609358 ) ) ;
#5254 = CARTESIAN_POINT ( 'NONE',  ( 13.13320335741464895, -1.379838825178752115, 8.797761960110745960 ) ) ;
#5255 = AXIS2_PLACEMENT_3D ( 'NONE', #5458, #2791, #4552 ) ;
#5256 = CARTESIAN_POINT ( 'NONE',  ( 2.925713846901259796, 27.84672688999642887, 4.999478381024408336 ) ) ;
#5257 = CARTESIAN_POINT ( 'NONE',  ( 5.554932031332914022, -4.702115091351416254, 57.50000000000000711 ) ) ;
#5258 = CARTESIAN_POINT ( 'NONE',  ( -5.826330009994867609, 13.08478172707227571, 8.843057415417666434 ) ) ;
#5259 = CARTESIAN_POINT ( 'NONE',  ( -7.410012799825574703, 14.79158930192819454, 9.565904075243510718 ) ) ;
#5260 = LINE ( 'NONE', #2646, #4965 ) ;
#5261 = VERTEX_POINT ( 'NONE', #1338 ) ;
#5262 = CARTESIAN_POINT ( 'NONE',  ( 27.67138621023251943, -4.594593401633965790, 5.572962681898414594 ) ) ;
#5263 = CARTESIAN_POINT ( 'NONE',  ( -12.22242059415087923, 1.284147516374590126, 8.753121458834705493 ) ) ;
#5264 = CARTESIAN_POINT ( 'NONE',  ( 6.416374673223221414, 8.832104500197930363, 8.669790818246722708 ) ) ;
#5265 = CARTESIAN_POINT ( 'NONE',  ( -5.098780407186634278, 7.017869168904327992, 59.37500000000001421 ) ) ;
#5266 = CARTESIAN_POINT ( 'NONE',  ( -3.637306695894642061, 4.342160359065296731E-16, 47.82499999999998863 ) ) ;
#5267 = ORIENTED_EDGE ( 'NONE', *, *, #5410, .T. ) ;
#5268 = CARTESIAN_POINT ( 'NONE',  ( 5.499999999999978684, 9.526279441628837219, 4.000000000000000000 ) ) ;
#5269 = AXIS2_PLACEMENT_3D ( 'NONE', #36, #4508, #5417 ) ;
#5270 = CARTESIAN_POINT ( 'NONE',  ( 22.03845972683646082, -2.315468781731266912, 9.016918189217616231 ) ) ;
#5271 = EDGE_CURVE ( 'NONE', #3845, #1239, #1666, .T. ) ;
#5272 = ORIENTED_EDGE ( 'NONE', *, *, #4910, .T. ) ;
#5273 = CARTESIAN_POINT ( 'NONE',  ( -19.35386990151461362, 14.06025943897769181, 9.037590209674169373 ) ) ;
#5274 =( BOUNDED_CURVE ( )  B_SPLINE_CURVE ( 1, ( #2348, #4044 ),
 .UNSPECIFIED., .F., .T. ) 
 B_SPLINE_CURVE_WITH_KNOTS ( ( 2, 2 ),
 ( 0.003000000000000006134, 0.02000000000000000389 ),
 .UNSPECIFIED. ) 
 CURVE ( )  GEOMETRIC_REPRESENTATION_ITEM ( )  RATIONAL_B_SPLINE_CURVE ( ( 0.9968701940290736196, 0.9968701940290736196 ) ) 
 REPRESENTATION_ITEM ( '' )  );
#5275 = CARTESIAN_POINT ( 'NONE',  ( -5.865373209218367911, -4.261443079120430966, 61.25000000000000000 ) ) ;
#5276 = CARTESIAN_POINT ( 'NONE',  ( -1.361658179729964724, -12.96016132563092249, 8.789169392377731427 ) ) ;
#5277 = CARTESIAN_POINT ( 'NONE',  ( 12.32678041052473894, 5.488810752101570323, 8.809460114356449267 ) ) ;
#5278 = CARTESIAN_POINT ( 'NONE',  ( 3.642734410091834629, -1.690598923241498186, 34.00000000000000711 ) ) ;
#5279 = FACE_OUTER_BOUND ( 'NONE', #2127, .T. ) ;
#5280 = CARTESIAN_POINT ( 'NONE',  ( -10.93978556392717216, 1.149387582711172140, 4.999478381024408336 ) ) ;
#5281 = CARTESIAN_POINT ( 'NONE',  ( 0.5644095466366189084, 13.19139442198552103, 9.409485193919609358 ) ) ;
#5282 = VECTOR ( 'NONE', #3904, 1000.000000000000000 ) ;
#5283 = CARTESIAN_POINT ( 'NONE',  ( 25.44150221806234669, -2.673009133870491549, 9.054700542784383188 ) ) ;
#5284 = CARTESIAN_POINT ( 'NONE',  ( -20.87168301316183516, 1.500457425641717135, 9.685943259803073246 ) ) ;
#5285 = CARTESIAN_POINT ( 'NONE',  ( 4.811252243246884497, -4.166666666666661634, 44.00000000000000711 ) ) ;
#5286 = CARTESIAN_POINT ( 'NONE',  ( -8.515809094272812629, 19.12481837397243467, 8.999269646801845823 ) ) ;
#5287 = CARTESIAN_POINT ( 'NONE',  ( 16.64728856475699104, -11.22992211840168864, 9.668587843497215673 ) ) ;
#5288 = CARTESIAN_POINT ( 'NONE',  ( 20.85653268984747655, 9.286898692691096358, 9.025451658185614789 ) ) ;
#5289 = CARTESIAN_POINT ( 'NONE',  ( -4.148223681453096390, -5.976600844103848509, 57.50000000000000711 ) ) ;
#5290 = FACE_OUTER_BOUND ( 'NONE', #4145, .T. ) ;
#5291 = CARTESIAN_POINT ( 'NONE',  ( -6.573353910998225302, -8.906578272178272471, 5.071428571428571175 ) ) ;
#5292 = CARTESIAN_POINT ( 'NONE',  ( -5.098780407186632502, -7.017869168904328880, 62.62500000000000711 ) ) ;
#5293 = CARTESIAN_POINT ( 'NONE',  ( 1.146711945942667466E-13, -10.99999999999999822, 4.000000000000000000 ) ) ;
#5294 = EDGE_LOOP ( 'NONE', ( #5601, #3677 ) ) ;
#5295 = CARTESIAN_POINT ( 'NONE',  ( 25.61340200379580168, 17.46292179997234228, 8.285714285714284699 ) ) ;
#5296 = CARTESIAN_POINT ( 'NONE',  ( -25.32085747093987749, -11.95216201933139999, 9.789319808576792070 ) ) ;
#5297 = VERTEX_POINT ( 'NONE', #2689 ) ;
#5298 = FACE_BOUND ( 'NONE', #3706, .T. ) ;
#5299 = CIRCLE ( 'NONE', #3520, 4.000000000000000000 ) ;
#5300 = CARTESIAN_POINT ( 'NONE',  ( -22.36874323448836677, 16.25051396962063421, 9.072011571271259456 ) ) ;
#5301 = AXIS2_PLACEMENT_3D ( 'NONE', #746, #2068, #3391 ) ;
#5302 = CARTESIAN_POINT ( 'NONE',  ( -7.249999999999999112, -2.355667797688572040, 63.62500000000000711 ) ) ;
#5303 = CARTESIAN_POINT ( 'NONE',  ( -1.412101684139653868, -13.44027885050738469, 8.810339537001674159 ) ) ;
#5304 = CARTESIAN_POINT ( 'NONE',  ( 21.97803140893432783, 9.786274362800103432, 9.039072486902579584 ) ) ;
#5305 = VECTOR ( 'NONE', #5671, 1000.000000000000227 ) ;
#5306 =( BOUNDED_CURVE ( )  B_SPLINE_CURVE ( 2, ( #3866, #1627, #3419, #5210, #1184, #741, #2544 ),
 .UNSPECIFIED., .F., .T. ) 
 B_SPLINE_CURVE_WITH_KNOTS ( ( 3, 2, 2, 3 ),
 ( 0.01666172618599909977, 0.03571428571428571230, 0.07142857142857142461, 0.08333888588391166752 ),
 .UNSPECIFIED. ) 
 CURVE ( )  GEOMETRIC_REPRESENTATION_ITEM ( )  RATIONAL_B_SPLINE_CURVE ( ( 0.9968701940290736196, 0.9966456421313096836, 1.000000000000000000, 0.9937122098932426040, 1.000000000000000000, 0.9979030923927816321, 0.9972047752087661587 ) ) 
 REPRESENTATION_ITEM ( '' )  );
#5307 = CARTESIAN_POINT ( 'NONE',  ( 17.60041826736863158, 8.609804068747315853, 9.656074444160084980 ) ) ;
#5308 = CARTESIAN_POINT ( 'NONE',  ( -0.5582696592624032395, -10.98696791041097143, 9.063833485541707091 ) ) ;
#5309 = CARTESIAN_POINT ( 'NONE',  ( 0.2702796718251155306, 10.90864613767698543, 9.237924718603887086 ) ) ;
#5310 = CARTESIAN_POINT ( 'NONE',  ( -11.78587146010292663, 25.39885165126205635, 9.577280781481603000 ) ) ;
#5311 = CARTESIAN_POINT ( 'NONE',  ( -14.74769181667571516, 0.7601885522250980687, 9.492080732382255803 ) ) ;
#5312 = DIRECTION ( 'NONE',  ( 0.000000000000000000, 0.000000000000000000, -1.000000000000000000 ) ) ;
#5313 = CARTESIAN_POINT ( 'NONE',  ( -4.981563316171779832, 11.18760326652961012, 8.749853076271488561 ) ) ;
#5314 = CARTESIAN_POINT ( 'NONE',  ( 26.23367119528480274, -18.32785632100496542, 9.824066885615200917 ) ) ;
#5315 = FACE_OUTER_BOUND ( 'NONE', #1823, .T. ) ;
#5316 = CARTESIAN_POINT ( 'NONE',  ( -7.216878364870322748, 8.692641437761599014E-16, 44.00000000000000711 ) ) ;
#5317 = CARTESIAN_POINT ( 'NONE',  ( -19.12021823865991976, 1.293492106035637024, 9.646862156838700741 ) ) ;
#5318 = CARTESIAN_POINT ( 'NONE',  ( 18.80832292712977249, 25.88955321750506400, 9.100485408565127443 ) ) ;
#5319 = CARTESIAN_POINT ( 'NONE',  ( 7.249999999999999112, 0.000000000000000000, 63.62500000000000000 ) ) ;
#5320 = CARTESIAN_POINT ( 'NONE',  ( -4.772721130293033909, -9.910657546926659123, 8.285714285714284699 ) ) ;
#5321 = ORIENTED_EDGE ( 'NONE', *, *, #4910, .F. ) ;
#5322 = CARTESIAN_POINT ( 'NONE',  ( 9.088626517475928424, 6.196520638699862360, 8.285714285714284699 ) ) ;
#5323 = ORIENTED_EDGE ( 'NONE', *, *, #5060, .T. ) ;
#5324 = CARTESIAN_POINT ( 'NONE',  ( 15.57228172361357998, -0.8625832851229985332, 9.528853671068436171 ) ) ;
#5325 = CARTESIAN_POINT ( 'NONE',  ( 1.269837498877256721, 12.08621891145067195, 8.744794086262947630 ) ) ;
#5326 = CARTESIAN_POINT ( 'NONE',  ( 4.480746418436737599, -6.167218360552288559, 61.87499999999998579 ) ) ;
#5327 = CARTESIAN_POINT ( 'NONE',  ( -1.405060063420090044, -13.37325722799009320, 8.807460931324804676 ) ) ;
#5328 = CARTESIAN_POINT ( 'NONE',  ( 21.11100105290458018, 9.400207167467311109, 9.028671707602011764 ) ) ;
#5329 = CIRCLE ( 'NONE', #1010, 12.50000000000000000 ) ;
#5330 = EDGE_CURVE ( 'NONE', #797, #3317, #4396, .T. ) ;
#5331 = DIRECTION ( 'NONE',  ( 0.000000000000000000, 0.000000000000000000, -1.000000000000000000 ) ) ;
#5332 = CARTESIAN_POINT ( 'NONE',  ( 2.754908580837822640, 27.86414324380396934, 9.272963267648437480 ) ) ;
#5333 = CARTESIAN_POINT ( 'NONE',  ( -12.97023371829561178, 9.422655623469962549, 4.999478381024409224 ) ) ;
#5334 = CARTESIAN_POINT ( 'NONE',  ( -4.854853077856472687, 9.870684620711392299, 8.950348815923247159 ) ) ;
#5335 = CARTESIAN_POINT ( 'NONE',  ( 25.50172416686157462, -2.036872864941143391, 9.762216838740801705 ) ) ;
#5336 =( BOUNDED_CURVE ( )  B_SPLINE_CURVE ( 2, ( #452, #3164, #4072, #4896, #3519, #2273, #4948 ),
 .UNSPECIFIED., .F., .F. ) 
 B_SPLINE_CURVE_WITH_KNOTS ( ( 3, 2, 2, 3 ),
 ( 0.01666172618599907895, 0.03571428571428571230, 0.07142857142857142461, 0.08740979427194937867 ),
 .UNSPECIFIED. ) 
 CURVE ( )  GEOMETRIC_REPRESENTATION_ITEM ( )  RATIONAL_B_SPLINE_CURVE ( ( 0.9968701940290738417, 0.9966456421313096836, 1.000000000000000000, 0.9937122098932426040, 1.000000000000000000, 0.9971863759031226460, 0.9968908004128682609 ) ) 
 REPRESENTATION_ITEM ( '' )  );
#5337 = CARTESIAN_POINT ( 'NONE',  ( 0.1766910423142075692, 6.247501922814103992, 21.00000000000000000 ) ) ;
#5338 = CARTESIAN_POINT ( 'NONE',  ( -10.51130086364752003, -3.242306918520030390, 6.142857142857142350 ) ) ;
#5339 = ADVANCED_FACE ( 'NONE', ( #4862 ), #4068, .T. ) ;
#5340 = CARTESIAN_POINT ( 'NONE',  ( -11.03673996916310607, 24.78632916899962879, 9.067943206606473794 ) ) ;
#5341 = CARTESIAN_POINT ( 'NONE',  ( -11.80587493553295708, 24.98530099599070198, 9.785582408824424760 ) ) ;
#5342 = CARTESIAN_POINT ( 'NONE',  ( 4.667803196599343952E-16, -7.623101125727435701, 61.62499999999999289 ) ) ;
#5343 = CARTESIAN_POINT ( 'NONE',  ( 27.29798154109105823, -6.230586150776803223, 6.142857142857142350 ) ) ;
#5344 = CARTESIAN_POINT ( 'NONE',  ( -1.149387582711132838, -10.93978556392717749, 24.66837655001592822 ) ) ;
#5345 = CARTESIAN_POINT ( 'NONE',  ( 5.879053671803061043, 8.092485092606079178, 8.597533043457977087 ) ) ;
#5346 = CARTESIAN_POINT ( 'NONE',  ( -10.68030614275141943, -15.91184866756425009, 9.646862156838700741 ) ) ;
#5347 = CARTESIAN_POINT ( 'NONE',  ( 13.02448465006727218, 17.92813159285503133, 9.016918189217610902 ) ) ;
#5348 = CARTESIAN_POINT ( 'NONE',  ( 3.007032652029300035, -6.250000000000000000, 44.00000000000000711 ) ) ;
#5349 = ORIENTED_EDGE ( 'NONE', *, *, #814, .F. ) ;
#5350 = CARTESIAN_POINT ( 'NONE',  ( -19.95463283945799304, 14.49670356161515095, 9.045875455953151345 ) ) ;
#5351 = CARTESIAN_POINT ( 'NONE',  ( 20.82048310175991901, -2.187502177567503203, 8.999269646801842271 ) ) ;
#5352 = ORIENTED_EDGE ( 'NONE', *, *, #3515, .T. ) ;
#5353 = CLOSED_SHELL ( 'NONE', ( #2902, #4483, #543, #851, #396, #461, #638, #695, #4619, #1213, #3148, #2454, #5407, #5767, #1030, #2653, #4989, #4453, #213, #1422, #2293, #4657, #1412, #3553, #633, #5374, #4839, #591, #2362, #2977, #376, #4560, #4014, #2994, #3599, #5595, #3960, #2730 ) ) ;
#5354 = ORIENTED_EDGE ( 'NONE', *, *, #5632, .F. ) ;
#5355 = CARTESIAN_POINT ( 'NONE',  ( 18.57830103635854613, -1.228242905208523528, 9.630950504033302551 ) ) ;
#5356 = CARTESIAN_POINT ( 'NONE',  ( 1.962171368563899954, 18.67580121331444687, 8.962402508024638337 ) ) ;
#5357 = CARTESIAN_POINT ( 'NONE',  ( -1.593491436080465827E-15, 8.674563349965705328, 61.87499999999997158 ) ) ;
#5358 = CARTESIAN_POINT ( 'NONE',  ( -1.409940657377113160, -13.41971035843760163, 8.809460114356458149 ) ) ;
#5359 = CARTESIAN_POINT ( 'NONE',  ( 6.499019229524603425, 10.37316170840836094, 9.344654686358291329 ) ) ;
#5360 = FACE_OUTER_BOUND ( 'NONE', #1203, .T. ) ;
#5361 = CARTESIAN_POINT ( 'NONE',  ( -12.30467400748704243, -16.93731619640508868, 8.999269646801852929 ) ) ;
#5362 = CARTESIAN_POINT ( 'NONE',  ( -10.25636999190889753, 7.451079485508953049, 4.999478381024411888 ) ) ;
#5363 = CARTESIAN_POINT ( 'NONE',  ( 4.209845712841021381, 5.208333333333329485, 44.00000000000000711 ) ) ;
#5364 = CARTESIAN_POINT ( 'NONE',  ( 20.03193586041058794, -1.401753554678102365, 9.668587843497215673 ) ) ;
#5365 = CARTESIAN_POINT ( 'NONE',  ( -24.31050195345282106, 1.900287546583868892, 9.745943207972318945 ) ) ;
#5366 = DIRECTION ( 'NONE',  ( 0.000000000000000000, 0.000000000000000000, -1.000000000000000000 ) ) ;
#5367 = DIRECTION ( 'NONE',  ( 1.000000000000000000, 0.000000000000000000, -0.000000000000000000 ) ) ;
#5368 = CARTESIAN_POINT ( 'NONE',  ( -11.34923940547502674, 23.93650327394959021, 9.772851664565397556 ) ) ;
#5369 = AXIS2_PLACEMENT_3D ( 'NONE', #2365, #597, #5419 ) ;
#5370 = CARTESIAN_POINT ( 'NONE',  ( 0.000000000000000000, 0.000000000000000000, 8.000000000000000000 ) ) ;
#5371 = CARTESIAN_POINT ( 'NONE',  ( 0.000000000000000000, 0.000000000000000000, 34.00000000000000000 ) ) ;
#5372 = DIRECTION ( 'NONE',  ( 1.000000000000000000, 0.000000000000000000, 0.000000000000000000 ) ) ;
#5373 = CARTESIAN_POINT ( 'NONE',  ( -5.127528282187954645, -8.580673181453509102, 9.143094280162275211 ) ) ;
#5374 = ADVANCED_FACE ( 'NONE', ( #4970 ), #526, .F. ) ;
#5375 = CARTESIAN_POINT ( 'NONE',  ( -20.87000134851554378, 2.192704807692593683, 9.000015129673828440 ) ) ;
#5376 = ORIENTED_EDGE ( 'NONE', *, *, #1761, .T. ) ;
#5377 = CARTESIAN_POINT ( 'NONE',  ( -22.54196090363473104, 15.60599705585119956, 9.783644783752150076 ) ) ;
#5378 = DIRECTION ( 'NONE',  ( 0.000000000000000000, 0.000000000000000000, 1.000000000000000000 ) ) ;
#5379 = VERTEX_POINT ( 'NONE', #88 ) ;
#5380 = ORIENTED_EDGE ( 'NONE', *, *, #5199, .T. ) ;
#5381 = B_SPLINE_CURVE_WITH_KNOTS ( 'NONE', 3,
 ( #336, #5300, #802, #2132, #5215, #1275, #4860, #4306, #3073, #714, #280, #1601, #831, #4833, #5273, #5743, #3927, #3483, #2158, #1657, #4394, #3045, #1244, #392, #307, #2070, #5715, #3392, #4804, #1686, #3870, #5655, #2607, #2631, #5183, #1631, #2990, #5626, #4420, #1159, #362, #4360, #3957, #1719, #4775, #2958, #3423, #3511, #1216, #4746, #1188, #747, #5688, #2549, #4333, #774, #2101 ),
 .UNSPECIFIED., .F., .F.,
 ( 4, 1, 1, 1, 2, 2, 1, 1, 2, 2, 1, 1, 1, 2, 2, 1, 1, 1, 1, 1, 2, 2, 1, 1, 1, 2, 2, 1, 1, 1, 1, 2, 2, 1, 1, 1, 1, 2, 2, 1, 4 ),
 ( 0.1439684925078886513, 0.1974704617261424100, 0.2242214463352692755, 0.2375969386398324168, 0.2442846847921140707, 0.2509724309443956969, 0.3044744001626495944, 0.3312253847717765431, 0.3446008770763400175, 0.3512886232286220878, 0.3579763693809040470, 0.4649803078174169491, 0.4917312924265454521, 0.4984190385788276334, 0.5051067847311098147, 0.5184822770356741772, 0.5719842462539322936, 0.5987352308630612407, 0.6121107231676257143, 0.6187984693199080066, 0.6221423423960492638, 0.6254862154721905210, 0.6789881846904487483, 0.7324901539087070867, 0.7458656462132716713, 0.7492095192894129285, 0.7525533923655541857, 0.7592411385178364780, 0.7859921231269657582, 0.8394940923452239856, 0.8662450769543532658, 0.8729328231066353361, 0.8762766961827764822, 0.8796205692589176284, 0.8929960615634822130, 0.9197470461726117152, 0.9331225384771762998, 0.9364664115533175570, 0.9398102846294588142, 0.9464980307817412175, 1.000000000000000000 ),
 .UNSPECIFIED. ) ;
#5382 = CARTESIAN_POINT ( 'NONE',  ( 2.554296610821640723, 24.31160524906736597, 9.043200165331587215 ) ) ;
#5383 = CARTESIAN_POINT ( 'NONE',  ( 9.526279441628895839, -5.499999999999877431, 4.000000000000000000 ) ) ;
#5384 = CARTESIAN_POINT ( 'NONE',  ( -5.865373209218368800, 4.261443079120429189, 60.75000000000000000 ) ) ;
#5385 = CARTESIAN_POINT ( 'NONE',  ( 5.954912236582905471, 4.185789451624790658, 57.50000000000001421 ) ) ;
#5386 = CARTESIAN_POINT ( 'NONE',  ( -14.24777518713276336, -7.179067517783335184, 9.543886106340938369 ) ) ;
#5387 = CARTESIAN_POINT ( 'NONE',  ( -0.7309162132908518794, -10.97569017320867246, 8.950348815923211632 ) ) ;
#5388 = CARTESIAN_POINT ( 'NONE',  ( 4.000000000000000000, 4.898587196589412829E-16, 34.00000000000000000 ) ) ;
#5389 = DIRECTION ( 'NONE',  ( 0.000000000000000000, 0.000000000000000000, 1.000000000000000000 ) ) ;
#5390 = CIRCLE ( 'NONE', #2294, 6.250000000000000000 ) ;
#5391 = CARTESIAN_POINT ( 'NONE',  ( 7.249999999999998224, 2.355667797688572485, 57.62499999999999289 ) ) ;
#5392 = CARTESIAN_POINT ( 'NONE',  ( 0.000000000000000000, 0.000000000000000000, -4.000000000000000000 ) ) ;
#5393 = B_SPLINE_SURFACE_WITH_KNOTS ( 'NONE', 1, 3, ( 
 ( #5318, #849, #2677, #3036, #3918, #3065, #793, #381, #4412, #1293, #1322, #2174, #1675, #4438, #299, #3977, #2204, #3092, #4878, #3471, #410, #5264, #5791, #5345 ),
 ( #4002, #3562, #3119, #2600, #3500, #4383, #354, #5733, #1709, #2091, #821, #1266, #1205, #3890, #1651, #3444, #5233, #4575, #5484, #4083, #4108, #3697, #4031, #1839 ) ),
 .UNSPECIFIED., .F., .F., .F.,
 ( 2, 2 ),
 ( 4, 2, 2, 2, 2, 2, 2, 2, 2, 2, 2, 4 ),
 ( 0.000000000000000000, 1.000000000000000000 ),
 ( 0.01982871850929110447, 0.02257970761283119993, 0.02533069671637129538, 0.02808168581991139084, 0.03083267492345148977, 0.03358366402699158870, 0.03495915857876163990, 0.03633465313053168416, 0.03771014768230172842, 0.03908564223407177962, 0.04046113678584183082, 0.04183663133761187508 ),
 .UNSPECIFIED. ) ;
#5394 = CARTESIAN_POINT ( 'NONE',  ( 1.540236286405108457, 21.21025656467512022, 9.692893076733822610 ) ) ;
#5395 = CARTESIAN_POINT ( 'NONE',  ( -0.9079263600296736403, -15.94009393790565454, 9.543723846560885349 ) ) ;
#5396 = CARTESIAN_POINT ( 'NONE',  ( 8.250000000000000000, 0.000000000000000000, 61.00000000000001421 ) ) ;
#5397 = CARTESIAN_POINT ( 'NONE',  ( -10.40197912289396420, 1.092882997533378697, 8.636644459345795610 ) ) ;
#5398 = CARTESIAN_POINT ( 'NONE',  ( 15.07432861032650706, -10.95124500723294858, 8.959518355077149110 ) ) ;
#5399 = CARTESIAN_POINT ( 'NONE',  ( -12.87991313784678660, -17.72912970024270862, 9.013873883218943561 ) ) ;
#5400 = CARTESIAN_POINT ( 'NONE',  ( -18.97036769489113084, 1.993119969359405941, 8.968104430231893076 ) ) ;
#5401 = VERTEX_POINT ( 'NONE', #949 ) ;
#5402 = CARTESIAN_POINT ( 'NONE',  ( -14.39116177115906581, 10.45493584282896116, 8.942110561798720880 ) ) ;
#5403 = CARTESIAN_POINT ( 'NONE',  ( 13.70346604250711131, -1.439753422708659691, 8.821446984288812132 ) ) ;
#5404 = ORIENTED_EDGE ( 'NONE', *, *, #2292, .T. ) ;
#5405 = ORIENTED_EDGE ( 'NONE', *, *, #290, .F. ) ;
#5406 = CARTESIAN_POINT ( 'NONE',  ( 1.993119969359473886, 18.97036769489113084, 8.968104430231894852 ) ) ;
#5407 = ADVANCED_FACE ( 'NONE', ( #1444 ), #1957, .T. ) ;
#5408 = CARTESIAN_POINT ( 'NONE',  ( 1.149387582711208999, 10.93978556392716861, 4.999478381024407447 ) ) ;
#5409 = CARTESIAN_POINT ( 'NONE',  ( -4.000000000000000000, 4.898587196589412829E-16, 34.00000000000000000 ) ) ;
#5410 = EDGE_CURVE ( 'NONE', #5647, #4779, #3297, .T. ) ;
#5411 = CARTESIAN_POINT ( 'NONE',  ( -0.3889299800618542524, -11.82204920030351580, 9.315460168994839307 ) ) ;
#5412 = DIRECTION ( 'NONE',  ( 0.000000000000000000, 0.000000000000000000, -1.000000000000000000 ) ) ;
#5413 = EDGE_CURVE ( 'NONE', #3441, #2378, #4091, .T. ) ;
#5414 = EDGE_CURVE ( 'NONE', #772, #3915, #722, .T. ) ;
#5415 = CARTESIAN_POINT ( 'NONE',  ( 23.01130462952471234, -15.95242489830978805, 9.789321067969931178 ) ) ;
#5416 = DIRECTION ( 'NONE',  ( 1.000000000000000000, 0.000000000000000000, 0.000000000000000000 ) ) ;
#5417 = DIRECTION ( 'NONE',  ( -1.000000000000000000, 0.000000000000000000, 0.000000000000000000 ) ) ;
#5418 = CARTESIAN_POINT ( 'NONE',  ( 10.40686171213505595, -6.524714229545286237, 9.347679155393771921 ) ) ;
#5419 = DIRECTION ( 'NONE',  ( 1.000000000000000000, 0.000000000000000000, 0.000000000000000000 ) ) ;
#5420 = DIRECTION ( 'NONE',  ( -0.3062328694547328256, -4.663242570398719417E-17, 0.9519566322398939073 ) ) ;
#5421 = APPLICATION_PROTOCOL_DEFINITION ( 'draft international standard', 'automotive_design', 1998, #4753 ) ;
#5422 = CARTESIAN_POINT ( 'NONE',  ( -0.4237894267319991526, -12.09346176818579188, 9.334463155791651090 ) ) ;
#5423 = FILL_AREA_STYLE_COLOUR ( '', #3055 ) ;
#5424 = CARTESIAN_POINT ( 'NONE',  ( 7.249999999999999112, 0.000000000000000000, 60.00000000000000000 ) ) ;
#5425 = LINE ( 'NONE', #3615, #5249 ) ;
#5426 = CARTESIAN_POINT ( 'NONE',  ( -9.910657546926641359, 4.772721130293069436, 8.285714285714284699 ) ) ;
#5427 = CARTESIAN_POINT ( 'NONE',  ( 16.10311502689387453, 22.90628991581811391, 9.577280781481604777 ) ) ;
#5428 = VERTEX_POINT ( 'NONE', #2097 ) ;
#5429 = CARTESIAN_POINT ( 'NONE',  ( 8.250000000000000000, 0.000000000000000000, 58.74999999999999289 ) ) ;
#5430 = CARTESIAN_POINT ( 'NONE',  ( 2.057967748038327827, -10.87662111621563810, 7.214285714285715301 ) ) ;
#5431 = ORIENTED_EDGE ( 'NONE', *, *, #2976, .F. ) ;
#5432 = ORIENTED_EDGE ( 'NONE', *, *, #1250, .T. ) ;
#5433 = CARTESIAN_POINT ( 'NONE',  ( 2.618502021262949064, 24.92270757245858803, 9.049481907957821036 ) ) ;
#5434 = CARTESIAN_POINT ( 'NONE',  ( -2.868797113797122211, -27.85270684142199116, 9.140768878993267066 ) ) ;
#5435 = CARTESIAN_POINT ( 'NONE',  ( 0.03711537444789284046, 0.06428571428569496149, 44.73928571428572099 ) ) ;
#5436 = EDGE_CURVE ( 'NONE', #4647, #1331, #2082, .T. ) ;
#5437 = CARTESIAN_POINT ( 'NONE',  ( -1.379838825178612449, -13.13320335741466494, 8.797761960110745960 ) ) ;
#5438 = CARTESIAN_POINT ( 'NONE',  ( 22.65311597553343503, -16.45710596061870490, 4.999478381024543339 ) ) ;
#5439 = CARTESIAN_POINT ( 'NONE',  ( -13.31639006276725468, -19.45056111848883873, 9.733462124878721866 ) ) ;
#5440 = CARTESIAN_POINT ( 'NONE',  ( -3.625000000000003997, 6.278684177437178882, 57.50000000000000000 ) ) ;
#5441 = CARTESIAN_POINT ( 'NONE',  ( -2.549390203593315807, -7.846216259435018436, 60.25000000000001421 ) ) ;
#5442 = CIRCLE ( 'NONE', #192, 4.000000000000000000 ) ;
#5443 = DIRECTION ( 'NONE',  ( 0.000000000000000000, 0.000000000000000000, 1.000000000000000000 ) ) ;
#5444 = DIRECTION ( 'NONE',  ( -0.9135296365155256559, -0.4067721760492124528, 0.000000000000000000 ) ) ;
#5445 = CARTESIAN_POINT ( 'NONE',  ( 0.7601885522251505822, 14.74769181667570805, 9.492080732382255803 ) ) ;
#5446 = PRODUCT_CONTEXT ( 'NONE', #3554, 'mechanical' ) ;
#5447 = DIRECTION ( 'NONE',  ( 1.000000000000000000, 0.000000000000000000, 0.000000000000000000 ) ) ;
#5448 = CARTESIAN_POINT ( 'NONE',  ( -0.4386376394736916651, -12.20884331143820312, 9.342911665793494080 ) ) ;
#5449 = CARTESIAN_POINT ( 'NONE',  ( -8.511967638104415812, 6.998643029318091457, 5.572962681898414594 ) ) ;
#5450 = CARTESIAN_POINT ( 'NONE',  ( -10.04882600167078266, -4.474493936541334094, 24.66837655001592822 ) ) ;
#5451 = CARTESIAN_POINT ( 'NONE',  ( -18.99424372064753186, -8.457667427328802390, 8.997110467374637821 ) ) ;
#5452 = DIRECTION ( 'NONE',  ( -0.8090398562690555018, 0.5877537843078052271, 0.000000000000000000 ) ) ;
#5453 = CARTESIAN_POINT ( 'NONE',  ( 25.06226149078568355, -1.986542569995065399, 9.756333960009657247 ) ) ;
#5454 = CARTESIAN_POINT ( 'NONE',  ( -2.316632901179296766, 30.91331771261657124, 8.285714285714284699 ) ) ;
#5455 = CARTESIAN_POINT ( 'NONE',  ( 7.930899606336000218, 10.91683975314751009, 8.809460114356451044 ) ) ;
#5456 = ORIENTED_EDGE ( 'NONE', *, *, #2913, .T. ) ;
#5457 = CARTESIAN_POINT ( 'NONE',  ( -9.572488027055914728, 6.954250794379526646, 8.728034140222046489 ) ) ;
#5458 = CARTESIAN_POINT ( 'NONE',  ( -10.25000000000000000, 1.255262969126037241E-15, 8.000000000000000000 ) ) ;
#5459 = ORIENTED_EDGE ( 'NONE', *, *, #2562, .F. ) ;
#5460 = CIRCLE ( 'NONE', #2943, 7.250000000000000000 ) ;
#5461 = FACE_OUTER_BOUND ( 'NONE', #5172, .T. ) ;
#5462 = VERTEX_POINT ( 'NONE', #1681 ) ;
#5463 = CARTESIAN_POINT ( 'NONE',  ( -27.89701128552357190, 2.401082327201303102, 9.683307533425933755 ) ) ;
#5464 = CARTESIAN_POINT ( 'NONE',  ( -5.954912236582909024, 4.185789451624785329, 57.50000000000000000 ) ) ;
#5465 = ORIENTED_EDGE ( 'NONE', *, *, #715, .T. ) ;
#5466 = CARTESIAN_POINT ( 'NONE',  ( 9.526279441628817679, 5.500000000000009770, 4.000000000000000000 ) ) ;
#5467 = EDGE_CURVE ( 'NONE', #5379, #2790, #2872, .T. ) ;
#5468 = DIRECTION ( 'NONE',  ( 0.000000000000000000, -0.000000000000000000, -1.000000000000000000 ) ) ;
#5469 = EDGE_CURVE ( 'NONE', #2409, #3509, #5222, .T. ) ;
#5470 = CARTESIAN_POINT ( 'NONE',  ( -11.70628745409808147, -6.106904205467045266, 9.409485193919609358 ) ) ;
#5471 = CARTESIAN_POINT ( 'NONE',  ( -8.899438418959608299, 6.465291627385859385, 8.674148813960478321 ) ) ;
#5472 = DIRECTION ( 'NONE',  ( -0.000000000000000000, -0.000000000000000000, -1.000000000000000000 ) ) ;
#5473 = CARTESIAN_POINT ( 'NONE',  ( 6.674390203593315363, 4.849228331412905213, 58.99999999999999289 ) ) ;
#5474 = CARTESIAN_POINT ( 'NONE',  ( 7.358609986790399127, -14.67072606923386324, 9.561248461985641711 ) ) ;
#5475 = CARTESIAN_POINT ( 'NONE',  ( 2.240373209218367467, 6.895159743139863906, 57.99999999999999289 ) ) ;
#5476 = CARTESIAN_POINT ( 'NONE',  ( 10.18648501508962312, -21.25761264030349906, 9.733462124878721866 ) ) ;
#5477 = CARTESIAN_POINT ( 'NONE',  ( 5.854395717864661286, 9.313613675350360666, 9.158627922748992845 ) ) ;
#5478 = CARTESIAN_POINT ( 'NONE',  ( 0.6862196314291592047, 14.15623904355882168, 9.463104457248794787 ) ) ;
#5479 = VECTOR ( 'NONE', #796, 1000.000000000000000 ) ;
#5480 = CARTESIAN_POINT ( 'NONE',  ( -6.998643029318061259, -8.511967638104438905, 5.572962681898416371 ) ) ;
#5481 = CARTESIAN_POINT ( 'NONE',  ( -1.755506234515632036, -23.05710723316121147, 9.726382675456344273 ) ) ;
#5482 = CARTESIAN_POINT ( 'NONE',  ( 4.971949395769316382, -11.16601230793420996, 8.748585655624687263 ) ) ;
#5483 = CARTESIAN_POINT ( 'NONE',  ( 5.865373209218367911, 4.261443079120431854, 60.25000000000000000 ) ) ;
#5484 = CARTESIAN_POINT ( 'NONE',  ( 7.084490216518544159, 11.14187790746148643, 9.409485193919609358 ) ) ;
#5485 = CARTESIAN_POINT ( 'NONE',  ( 21.71582739997185385, -1.599505797039866506, 9.702929324004889722 ) ) ;
#5486 = EDGE_CURVE ( 'NONE', #5650, #2709, #1510, .T. ) ;
#5487 =( BOUNDED_CURVE ( )  B_SPLINE_CURVE ( 2, ( #1380, #3567, #2261, #5823, #942, #2287, #5795 ),
 .UNSPECIFIED., .F., .F. ) 
 B_SPLINE_CURVE_WITH_KNOTS ( ( 3, 2, 2, 3 ),
 ( 0.01666172618600132369, 0.03571428571428571230, 0.07142857142857142461, 0.09646968323894186681 ),
 .UNSPECIFIED. ) 
 CURVE ( )  GEOMETRIC_REPRESENTATION_ITEM ( )  RATIONAL_B_SPLINE_CURVE ( ( 0.9968701940290736196, 0.9966456421313101277, 1.000000000000000000, 0.9937122098932426040, 1.000000000000000000, 0.9955913088571033409, 0.9973649352736200235 ) ) 
 REPRESENTATION_ITEM ( '' )  );
#5488 = EDGE_CURVE ( 'NONE', #3176, #5201, #947, .T. ) ;
#5489 = CARTESIAN_POINT ( 'NONE',  ( 7.943055356445513304, 10.93357207641621542, 8.810339537001677712 ) ) ;
#5490 = ORIENTED_EDGE ( 'NONE', *, *, #640, .F. ) ;
#5491 = CARTESIAN_POINT ( 'NONE',  ( -7.250000000000005329, -2.355667797688562271, 63.62500000000000711 ) ) ;
#5492 = ORIENTED_EDGE ( 'NONE', *, *, #5271, .F. ) ;
#5493 = ORIENTED_EDGE ( 'NONE', *, *, #701, .T. ) ;
#5494 = CARTESIAN_POINT ( 'NONE',  ( 7.140355181032073340, 11.21562532981808147, 9.413923788595456088 ) ) ;
#5495 = ORIENTED_EDGE ( 'NONE', *, *, #2431, .F. ) ;
#5496 = CARTESIAN_POINT ( 'NONE',  ( 9.382368161451566380, -5.742052567068670399, 9.244236608254535525 ) ) ;
#5497 = CARTESIAN_POINT ( 'NONE',  ( 3.656058208137660692, 10.44841406800013317, 7.214285714285715301 ) ) ;
#5498 = ORIENTED_EDGE ( 'NONE', *, *, #2346, .F. ) ;
#5499 = CARTESIAN_POINT ( 'NONE',  ( 5.098780407186630725, 7.017869168904329769, 59.12499999999997868 ) ) ;
#5500 = CARTESIAN_POINT ( 'NONE',  ( -6.239997633611143790, -9.058903948310570442, 8.855776607805356804 ) ) ;
#5501 = CARTESIAN_POINT ( 'NONE',  ( -1.284147516374546605, -12.22242059415088811, 8.753121458834705493 ) ) ;
#5502 = CARTESIAN_POINT ( 'NONE',  ( -1.818653347947321031, 3.149999999999999467, 47.82499999999998863 ) ) ;
#5503 = CARTESIAN_POINT ( 'NONE',  ( -11.65332533357745959, -17.21526863640224292, 9.683098232677265216 ) ) ;
#5504 = DIRECTION ( 'NONE',  ( 1.000000000000000000, 0.000000000000000000, 0.000000000000000000 ) ) ;
#5505 = CARTESIAN_POINT ( 'NONE',  ( -8.249999999999998224, -2.680587493921477993, 62.37500000000000000 ) ) ;
#5506 = LINE ( 'NONE', #2839, #4424 ) ;
#5507 = CARTESIAN_POINT ( 'NONE',  ( 10.71398111257880714, -6.758772438701034169, 9.374522705705647496 ) ) ;
#5508 = CARTESIAN_POINT ( 'NONE',  ( 0.6014065304058617834, 6.249999999999998224, 44.00000000000000711 ) ) ;
#5509 = CARTESIAN_POINT ( 'NONE',  ( -2.288675134594811755, -3.297434948471086980, 34.00000000000000000 ) ) ;
#5510 = LINE ( 'NONE', #1484, #891 ) ;
#5511 = CARTESIAN_POINT ( 'NONE',  ( 0.000000000000000000, 0.000000000000000000, 57.50000000000000000 ) ) ;
#5512 =( GEOMETRIC_REPRESENTATION_CONTEXT ( 3 ) GLOBAL_UNCERTAINTY_ASSIGNED_CONTEXT ( ( #729 ) ) GLOBAL_UNIT_ASSIGNED_CONTEXT ( ( #3659, #1015, #1396 ) ) REPRESENTATION_CONTEXT ( 'NONE', 'WORKASPACE' ) );
#5513 = DIRECTION ( 'NONE',  ( 0.000000000000000000, -0.000000000000000000, -1.000000000000000000 ) ) ;
#5514 = CARTESIAN_POINT ( 'NONE',  ( 8.515809094272947632, -19.12481837397237072, 8.999269646801840494 ) ) ;
#5515 =( NAMED_UNIT ( * ) PLANE_ANGLE_UNIT ( ) SI_UNIT ( $, .RADIAN. ) );
#5516 = CARTESIAN_POINT ( 'NONE',  ( -22.09540814673106013, -9.838539324048015899, 9.040454340733059979 ) ) ;
#5517 = ADVANCED_FACE ( 'NONE', ( #2288 ), #2684, .F. ) ;
#5518 = CARTESIAN_POINT ( 'NONE',  ( 9.907962015630181085, -7.197966978190583731, 8.749853076271488561 ) ) ;
#5519 = DIRECTION ( 'NONE',  ( -1.000000000000000000, 0.000000000000000000, 0.000000000000000000 ) ) ;
#5520 = CARTESIAN_POINT ( 'NONE',  ( 15.50373601017049729, -11.26320222703174778, 8.970773426962608710 ) ) ;
#5521 = CARTESIAN_POINT ( 'NONE',  ( -8.250000000000000000, -1.010333609296566550E-15, 62.49999999999998579 ) ) ;
#5522 = ORIENTED_EDGE ( 'NONE', *, *, #2367, .F. ) ;
#5523 = ORIENTED_EDGE ( 'NONE', *, *, #126, .F. ) ;
#5524 =( BOUNDED_CURVE ( )  B_SPLINE_CURVE ( 2, ( #3309, #5449, #5102, #3342, #1552, #2877, #1988 ),
 .UNSPECIFIED., .F., .F. ) 
 B_SPLINE_CURVE_WITH_KNOTS ( ( 3, 2, 2, 3 ),
 ( 0.01666172618599908242, 0.03571428571428571230, 0.07142857142857142461, 0.08740979427194937867 ),
 .UNSPECIFIED. ) 
 CURVE ( )  GEOMETRIC_REPRESENTATION_ITEM ( )  RATIONAL_B_SPLINE_CURVE ( ( 0.9968701940290736196, 0.9966456421313096836, 1.000000000000000000, 0.9937122098932426040, 1.000000000000000000, 0.9971863759031226460, 0.9968908004128682609 ) ) 
 REPRESENTATION_ITEM ( '' )  );
#5525 = ORIENTED_EDGE ( 'NONE', *, *, #1075, .F. ) ;
#5526 = AXIS2_PLACEMENT_3D ( 'NONE', #3136, #3606, #9 ) ;
#5527 =( BOUNDED_CURVE ( )  B_SPLINE_CURVE ( 2, ( #441, #3594, #4037, #3153, #4938, #916, #2707, #5081, #3734, #1587, #5521, #5048, #1528, #4203, #3378, #1495, #3763, #3285, #1055, #609, #1025, #5170, #141, #5138, #2501, #4732, #2407, #641, #5552, #168, #1088, #3827, #4261, #4292, #1938, #5110, #578, #2468, #1967, #1996, #263 ),
 .UNSPECIFIED., .F., .T. ) 
 B_SPLINE_CURVE_WITH_KNOTS ( ( 3, 2, 2, 2, 2, 2, 2, 2, 2, 2, 2, 2, 2, 2, 2, 2, 2, 2, 2, 2, 3 ),
 ( 0.000000000000000000, 0.05000000000000000278, 0.1000000000000000056, 0.1499999999999999944, 0.2000000000000000111, 0.2500000000000000000, 0.2999999999999999889, 0.3499999999999999778, 0.4000000000000000222, 0.4500000000000000111, 0.5000000000000000000, 0.5500000000000000444, 0.5999999999999999778, 0.6500000000000000222, 0.6999999999999999556, 0.7500000000000000000, 0.8000000000000000444, 0.8499999999999999778, 0.9000000000000000222, 0.9499999999999999556, 1.000000000000000000 ),
 .UNSPECIFIED. ) 
 CURVE ( )  GEOMETRIC_REPRESENTATION_ITEM ( )  RATIONAL_B_SPLINE_CURVE ( ( 1.000000000000000000, 0.9510565162951535312, 1.000000000000000000, 0.9510565162951535312, 1.000000000000000000, 0.9510565162951535312, 1.000000000000000000, 0.9510565162951535312, 1.000000000000000000, 0.9510565162951535312, 1.000000000000000000, 0.9510565162951535312, 1.000000000000000000, 0.9510565162951535312, 1.000000000000000000, 0.9510565162951535312, 1.000000000000000000, 0.9510565162951535312, 1.000000000000000000, 0.9510565162951535312, 1.000000000000000000, 0.9510565162951535312, 1.000000000000000000, 0.9510565162951535312, 1.000000000000000000, 0.9510565162951535312, 1.000000000000000000, 0.9510565162951535312, 1.000000000000000000, 0.9510565162951535312, 1.000000000000000000, 0.9510565162951535312, 1.000000000000000000, 0.9510565162951535312, 1.000000000000000000, 0.9510565162951535312, 1.000000000000000000, 0.9510565162951535312, 1.000000000000000000, 0.9510565162951535312, 1.000000000000000000 ) ) 
 REPRESENTATION_ITEM ( '' )  );
#5528 = CARTESIAN_POINT ( 'NONE',  ( 7.249999999999999112, 0.000000000000000000, 62.50000000000000000 ) ) ;
#5529 = CARTESIAN_POINT ( 'NONE',  ( 8.996986176755415343, -6.329256242563608303, 8.784349666569266191 ) ) ;
#5530 = ORIENTED_EDGE ( 'NONE', *, *, #2250, .F. ) ;
#5531 = CARTESIAN_POINT ( 'NONE',  ( -6.014065304058601846, 2.083333333333334814, 44.00000000000000711 ) ) ;
#5532 = CARTESIAN_POINT ( 'NONE',  ( -22.65311597553355938, 16.45710596061855213, 4.999478381024406559 ) ) ;
#5533 = CARTESIAN_POINT ( 'NONE',  ( -9.663947473672850563, -5.254342891941107929, 9.244236608254535525 ) ) ;
#5534 = B_SPLINE_SURFACE_WITH_KNOTS ( 'NONE', 3, 1, ( 
 ( #5094, #1007 ),
 ( #4531, #1069 ),
 ( #4217, #184 ),
 ( #3780, #5567 ),
 ( #1542, #4563 ),
 ( #5065, #3333 ),
 ( #1478, #60 ),
 ( #4595, #951 ),
 ( #2775, #505 ),
 ( #2749, #5440 ) ),
 .UNSPECIFIED., .F., .F., .F.,
 ( 4, 2, 2, 2, 4 ),
 ( 2, 2 ),
 ( 0.000000000000000000, 0.2500000000000001665, 0.5000000000000000000, 0.7500000000000001110, 1.000000000000000000 ),
 ( 0.000000000000000000, 1.000000000000000000 ),
 .UNSPECIFIED. ) ;
#5535 = CARTESIAN_POINT ( 'NONE',  ( -0.06495190528381268591, -0.03749999999998834127, 44.75000000000000000 ) ) ;
#5536 = CARTESIAN_POINT ( 'NONE',  ( -14.75224336312992612, -21.38779045400721657, 9.766734352938289732 ) ) ;
#5537 = CARTESIAN_POINT ( 'NONE',  ( -26.71974106398423743, 15.96359696960135111, 9.141370585886830824 ) ) ;
#5538 = CARTESIAN_POINT ( 'NONE',  ( -2.549390203593315807, -7.846216259435018436, 60.49999999999998579 ) ) ;
#5539 = CARTESIAN_POINT ( 'NONE',  ( -2.888986305001056909, -27.49715687660856034, 9.072011571271255903 ) ) ;
#5540 = CARTESIAN_POINT ( 'NONE',  ( 20.10336849714930807, -13.80094826656340423, 9.745943207972317168 ) ) ;
#5541 = CARTESIAN_POINT ( 'NONE',  ( 1.818653347947320587, 3.149999999999999467, 64.75000000000000000 ) ) ;
#5542 = CARTESIAN_POINT ( 'NONE',  ( 11.91950081729056521, 6.196557871089177993, 9.422071066585941068 ) ) ;
#5543 = CARTESIAN_POINT ( 'NONE',  ( 23.24755843163961444, -2.442502628002941822, 4.999478381024409224 ) ) ;
#5544 = VECTOR ( 'NONE', #3719, 1000.000000000000114 ) ;
#5545 = CARTESIAN_POINT ( 'NONE',  ( -1.161595115535427380, -18.02311594096771685, 9.615340244562167626 ) ) ;
#5546 = DIRECTION ( 'NONE',  ( -0.000000000000000000, -0.000000000000000000, -1.000000000000000000 ) ) ;
#5547 = CARTESIAN_POINT ( 'NONE',  ( -8.250000000000000000, 2.680587493921476216, 59.62500000000000000 ) ) ;
#5548 = CARTESIAN_POINT ( 'NONE',  ( 27.93003490497499541, -13.45039591264430001, 8.285714285714284699 ) ) ;
#5549 = CARTESIAN_POINT ( 'NONE',  ( 6.715503310444871587, -13.15197003653756802, 9.492080732382257580 ) ) ;
#5550 = CARTESIAN_POINT ( 'NONE',  ( -8.802013742009000552, 18.04904211943506809, 9.668587843497215673 ) ) ;
#5551 = CARTESIAN_POINT ( 'NONE',  ( 11.79560420890032013, -8.569307133952536404, 8.852374245559889943 ) ) ;
#5552 = CARTESIAN_POINT ( 'NONE',  ( -6.674390203593315363, -4.849228331412904325, 60.24999999999998579 ) ) ;
#5553 = EDGE_LOOP ( 'NONE', ( #3261, #3828, #4705, #4090 ) ) ;
#5554 = ORIENTED_EDGE ( 'NONE', *, *, #879, .T. ) ;
#5555 = CARTESIAN_POINT ( 'NONE',  ( 11.22630317449791626, 4.998795429009598834, 8.752111538817326064 ) ) ;
#5556 = ORIENTED_EDGE ( 'NONE', *, *, #2829, .F. ) ;
#5557 = ADVANCED_FACE ( 'NONE', ( #4115 ), #3703, .T. ) ;
#5558 = CARTESIAN_POINT ( 'NONE',  ( 0.000000000000000000, 0.000000000000000000, -4.000000000000000000 ) ) ;
#5559 = CARTESIAN_POINT ( 'NONE',  ( -9.856658499241007121, 26.26142011680869714, 5.572962681898414594 ) ) ;
#5560 = ORIENTED_EDGE ( 'NONE', *, *, #1075, .T. ) ;
#5561 = CARTESIAN_POINT ( 'NONE',  ( 11.04320978439632306, -0.1650035410983965167, 9.141370585886830824 ) ) ;
#5562 = CARTESIAN_POINT ( 'NONE',  ( -19.40104171647785236, 13.27962574668512019, 9.732501247234317532 ) ) ;
#5563 = CIRCLE ( 'NONE', #3037, 28.00000000000000000 ) ;
#5564 = CARTESIAN_POINT ( 'NONE',  ( -17.39131501293843840, -8.520093573299726941, 9.650545749611529445 ) ) ;
#5565 = CYLINDRICAL_SURFACE ( 'NONE', #2389, 7.250000000000000000 ) ;
#5566 = CARTESIAN_POINT ( 'NONE',  ( -7.892265405350363139, -12.20686595624604998, 9.481103272736849163 ) ) ;
#5567 = CARTESIAN_POINT ( 'NONE',  ( 1.294685104962050470, 7.161769801105907440, 57.50000000000000000 ) ) ;
#5568 = CARTESIAN_POINT ( 'NONE',  ( 2.549390203593314919, 7.846216259435018436, 59.00000000000001421 ) ) ;
#5569 = DIRECTION ( 'NONE',  ( 0.000000000000000000, 0.000000000000000000, -1.000000000000000000 ) ) ;
#5570 = CARTESIAN_POINT ( 'NONE',  ( 19.40846941324459252, -13.28514039244319633, 9.732645666514963878 ) ) ;
#5571 = CARTESIAN_POINT ( 'NONE',  ( 4.667803196599343952E-16, -7.623101125727435701, 59.37499999999999289 ) ) ;
#5572 = CARTESIAN_POINT ( 'NONE',  ( 25.54714266081802165, -2.684108237452148771, 4.999478381024409224 ) ) ;
#5573 = CARTESIAN_POINT ( 'NONE',  ( -1.815495515574394814, -23.57598006959888792, 9.734601941943552106 ) ) ;
#5574 = CARTESIAN_POINT ( 'NONE',  ( 6.740184293980093777, -15.13711721369628904, 8.912760710018202914 ) ) ;
#5575 = CARTESIAN_POINT ( 'NONE',  ( 1.810763289025588918, 17.23471036831954706, 8.931712705553785270 ) ) ;
#5576 = CARTESIAN_POINT ( 'NONE',  ( -6.674390203593315363, -4.849228331412904325, 60.00000000000001421 ) ) ;
#5577 = CARTESIAN_POINT ( 'NONE',  ( 9.306329984350405482, 26.59596308218215555, 7.214285714285715301 ) ) ;
#5578 = CARTESIAN_POINT ( 'NONE',  ( 6.215213273664563332, -11.96392403434608553, 9.424864755848396669 ) ) ;
#5579 = DIRECTION ( 'NONE',  ( 0.000000000000000000, -0.000000000000000000, 1.000000000000000000 ) ) ;
#5580 = VECTOR ( 'NONE', #1623, 1000.000000000000000 ) ;
#5581 = EDGE_CURVE ( 'NONE', #3509, #1902, #4912, .T. ) ;
#5582 = CARTESIAN_POINT ( 'NONE',  ( -0.2815793122212060240, -10.99639545900969395, 9.244236608254535525 ) ) ;
#5583 = CARTESIAN_POINT ( 'NONE',  ( -4.480746418436736711, -6.167218360552287670, 63.87500000000000711 ) ) ;
#5584 = ORIENTED_EDGE ( 'NONE', *, *, #5414, .T. ) ;
#5585 = VECTOR ( 'NONE', #2017, 1000.000000000000000 ) ;
#5586 = ORIENTED_EDGE ( 'NONE', *, *, #5062, .T. ) ;
#5587 = CARTESIAN_POINT ( 'NONE',  ( 13.28514039244313061, 19.40846941324463870, 9.732645666514965654 ) ) ;
#5588 = EDGE_CURVE ( 'NONE', #3357, #4940, #5527, .T. ) ;
#5589 = VERTEX_POINT ( 'NONE', #2852 ) ;
#5590 = CARTESIAN_POINT ( 'NONE',  ( -3.101776318546900058, -6.580767510770514583, 57.50000000000000000 ) ) ;
#5591 = CARTESIAN_POINT ( 'NONE',  ( -5.270658160210579091, -9.670863711553968400, 8.763480628664169103 ) ) ;
#5592 = ORIENTED_EDGE ( 'NONE', *, *, #4110, .F. ) ;
#5593 = CARTESIAN_POINT ( 'NONE',  ( -19.50964990160098367, 13.36025527174369287, 9.734601941943552106 ) ) ;
#5594 = CARTESIAN_POINT ( 'NONE',  ( -12.60277244948159847, -6.483835888386215274, 9.463104457248789458 ) ) ;
#5595 = ADVANCED_FACE ( 'NONE', ( #3350 ), #2437, .F. ) ;
#5596 = CARTESIAN_POINT ( 'NONE',  ( -2.925713846901061732, -27.84672688999645374, 4.999478381024408336 ) ) ;
#5597 = EDGE_CURVE ( 'NONE', #4647, #5219, #5614, .T. ) ;
#5598 = CARTESIAN_POINT ( 'NONE',  ( 10.91464612239867549, 15.02395044634627297, 8.958275176990261102 ) ) ;
#5599 = CARTESIAN_POINT ( 'NONE',  ( -1.725227530899695550E-15, 1.812608747932029745E-16, 24.66837655001592822 ) ) ;
#5600 = CARTESIAN_POINT ( 'NONE',  ( -9.933448444417324552, -4.725242132874525325, 8.855776607805362133 ) ) ;
#5601 = ORIENTED_EDGE ( 'NONE', *, *, #2025, .T. ) ;
#5602 = CARTESIAN_POINT ( 'NONE',  ( 16.07427498356722850, -10.80127381977267476, 9.650545749611531221 ) ) ;
#5603 = CARTESIAN_POINT ( 'NONE',  ( 2.207999319135665495, 27.00686086247771556, 9.779827166081956236 ) ) ;
#5604 = CARTESIAN_POINT ( 'NONE',  ( -6.196520638699894334, 9.088626517475907107, 8.285714285714284699 ) ) ;
#5605 = CARTESIAN_POINT ( 'NONE',  ( 3.637306695894642505, -1.968512776180124087E-16, 64.75000000000000000 ) ) ;
#5606 = FACE_OUTER_BOUND ( 'NONE', #1503, .T. ) ;
#5607 = CARTESIAN_POINT ( 'NONE',  ( 3.343708848723104587, 31.82517224255342114, 9.100485408565127443 ) ) ;
#5608 = CARTESIAN_POINT ( 'NONE',  ( 4.667803196599342966E-16, -7.623101125727434813, 61.87499999999998579 ) ) ;
#5609 = EDGE_CURVE ( 'NONE', #1622, #4966, #1880, .T. ) ;
#5610 = CARTESIAN_POINT ( 'NONE',  ( -10.04882600167078266, -4.474493936541334094, 8.674148813960478321 ) ) ;
#5611 = CARTESIAN_POINT ( 'NONE',  ( 5.679718474687755148, -10.68513982431076492, 9.334463155791652866 ) ) ;
#5612 = CARTESIAN_POINT ( 'NONE',  ( -12.64384636142210816, 28.39557140533322155, 9.095426565020519050 ) ) ;
#5613 = CARTESIAN_POINT ( 'NONE',  ( -18.40865789219487780, 1.934103979646125460, 8.957068822608102110 ) ) ;
#5614 = LINE ( 'NONE', #3796, #1978 ) ;
#5615 = ORIENTED_EDGE ( 'NONE', *, *, #2803, .F. ) ;
#5616 = AXIS2_PLACEMENT_3D ( 'NONE', #4308, #283, #3365 ) ;
#5617 = VERTEX_POINT ( 'NONE', #1559 ) ;
#5618 = DIRECTION ( 'NONE',  ( 1.000000000000000000, 0.000000000000000000, 0.000000000000000000 ) ) ;
#5619 = ORIENTED_EDGE ( 'NONE', *, *, #3516, .F. ) ;
#5620 = CARTESIAN_POINT ( 'NONE',  ( -5.098780407186634278, 7.017869168904327992, 61.87500000000000000 ) ) ;
#5621 = ORIENTED_EDGE ( 'NONE', *, *, #1689, .T. ) ;
#5622 = CARTESIAN_POINT ( 'NONE',  ( -16.32968374119195332, 10.99219342079666184, 9.658275495602522298 ) ) ;
#5623 = CARTESIAN_POINT ( 'NONE',  ( -18.94664531688201947, -9.188511357460866336, 9.688649277955969197 ) ) ;
#5624 = CARTESIAN_POINT ( 'NONE',  ( -1.391487174838246244, 3.766555535049430414, 34.00000000000000000 ) ) ;
#5625 = CARTESIAN_POINT ( 'NONE',  ( 3.239183187640679584, 30.83030477106747469, 10.00049293681678542 ) ) ;
#5626 = CARTESIAN_POINT ( 'NONE',  ( -12.85719935971604677, 9.340538072032726902, 8.893807934287659478 ) ) ;
#5627 = CARTESIAN_POINT ( 'NONE',  ( 12.30467400748716322, 16.93731619640499986, 8.999269646801838718 ) ) ;
#5628 = CARTESIAN_POINT ( 'NONE',  ( -2.240373209218368356, -6.895159743139863906, 64.00000000000000000 ) ) ;
#5629 = FACE_OUTER_BOUND ( 'NONE', #2538, .T. ) ;
#5630 = ORIENTED_EDGE ( 'NONE', *, *, #4376, .T. ) ;
#5631 = CARTESIAN_POINT ( 'NONE',  ( 20.71128384231132102, -14.25152707670783236, 9.756333960009655470 ) ) ;
#5632 = EDGE_CURVE ( 'NONE', #312, #5155, #4701, .T. ) ;
#5633 = CARTESIAN_POINT ( 'NONE',  ( -7.249999999999999112, -8.878689293818310074E-16, 58.75000000000000000 ) ) ;
#5634 = CARTESIAN_POINT ( 'NONE',  ( -1.818653347947320142, -3.149999999999999911, 47.82499999999998863 ) ) ;
#5635 = CARTESIAN_POINT ( 'NONE',  ( 2.200897018553661599, 20.94797420246121789, 4.999478381024408336 ) ) ;
#5636 = B_SPLINE_SURFACE_WITH_KNOTS ( 'NONE', 3, 1, ( 
 ( #1207, #1768 ),
 ( #5348, #1327 ),
 ( #1653, #2602 ),
 ( #356, #3067 ),
 ( #3446, #5235 ),
 ( #3012, #4354 ),
 ( #4854, #5709 ),
 ( #3039, #823 ),
 ( #1677, #3475 ),
 ( #1238, #4827 ) ),
 .UNSPECIFIED., .F., .F., .F.,
 ( 4, 2, 2, 2, 4 ),
 ( 2, 2 ),
 ( 0.000000000000000000, 0.2499999999999999445, 0.5000000000000000000, 0.7499999999999997780, 1.000000000000000000 ),
 ( 0.000000000000000000, 1.000000000000000000 ),
 .UNSPECIFIED. ) ;
#5637 = CARTESIAN_POINT ( 'NONE',  ( -10.40968564641257998, 6.527065072529040890, 9.349182199096759405 ) ) ;
#5638 = CARTESIAN_POINT ( 'NONE',  ( -5.098780407186631614, -7.017869168904328880, 60.12500000000000000 ) ) ;
#5639 = CARTESIAN_POINT ( 'NONE',  ( -11.32332863747852691, -5.041998470412210942, 8.757739689660130722 ) ) ;
#5640 = CARTESIAN_POINT ( 'NONE',  ( 8.520093573299790890, -17.39131501293840998, 9.650545749611527668 ) ) ;
#5641 = CARTESIAN_POINT ( 'NONE',  ( -12.08551430919995262, 25.62713287398320361, 9.793014732039781123 ) ) ;
#5642 = CARTESIAN_POINT ( 'NONE',  ( 8.092485092606057862, -5.879053671803089465, 8.597533043457977087 ) ) ;
#5643 = CARTESIAN_POINT ( 'NONE',  ( 13.31903977528426175, 5.930639330918086927, 8.852374245559889943 ) ) ;
#5644 = ORIENTED_EDGE ( 'NONE', *, *, #2031, .F. ) ;
#5645 = ORIENTED_EDGE ( 'NONE', *, *, #3363, .T. ) ;
#5646 = CARTESIAN_POINT ( 'NONE',  ( -30.91320937270462110, 3.247893552127552041, 9.095426565020519050 ) ) ;
#5647 = VERTEX_POINT ( 'NONE', #2946 ) ;
#5648 = CARTESIAN_POINT ( 'NONE',  ( -2.549390203593315807, -7.846216259435018436, 62.75000000000001421 ) ) ;
#5649 = LINE ( 'NONE', #2034, #699 ) ;
#5650 = VERTEX_POINT ( 'NONE', #1465 ) ;
#5651 = LINE ( 'NONE', #2604, #5738 ) ;
#5652 = CARTESIAN_POINT ( 'NONE',  ( -17.10383957319682580, -8.396876639809621068, 9.642623109992770836 ) ) ;
#5653 = CARTESIAN_POINT ( 'NONE',  ( 9.786274362800341464, -21.97803140893422835, 9.039072486902584913 ) ) ;
#5654 = CARTESIAN_POINT ( 'NONE',  ( -15.95242480577320521, -23.01130467435846327, 9.789319808576792070 ) ) ;
#5655 = CARTESIAN_POINT ( 'NONE',  ( -14.03936092353750098, 10.19935847181315403, 8.932521311116838447 ) ) ;
#5656 = EDGE_CURVE ( 'NONE', #4173, #5428, #2823, .T. ) ;
#5657 = AXIS2_PLACEMENT_3D ( 'NONE', #11, #38, #1421 ) ;
#5658 = CARTESIAN_POINT ( 'NONE',  ( 11.21127637370095442, 15.43226035822761411, 8.968104430231887747 ) ) ;
#5659 = FACE_OUTER_BOUND ( 'NONE', #4769, .T. ) ;
#5660 = CARTESIAN_POINT ( 'NONE',  ( -22.65311597553354872, 16.45710596061854147, 9.074663436463129784 ) ) ;
#5661 = ORIENTED_EDGE ( 'NONE', *, *, #3049, .F. ) ;
#5662 = CARTESIAN_POINT ( 'NONE',  ( 8.253144883505632023, -26.75603856201184172, 6.142857142857142350 ) ) ;
#5663 = ADVANCED_FACE ( 'NONE', ( #5315 ), #2734, .F. ) ;
#5664 = ADVANCED_FACE ( 'NONE', ( #1175 ), #4583, .T. ) ;
#5665 = CARTESIAN_POINT ( 'NONE',  ( 3.064790086252640933, -2.594270395228369441, 34.00000000000001421 ) ) ;
#5666 = LINE ( 'NONE', #4754, #5585 ) ;
#5667 = CARTESIAN_POINT ( 'NONE',  ( -22.82016644918926573, 16.22477362268948653, 9.405155380086275940 ) ) ;
#5668 = CARTESIAN_POINT ( 'NONE',  ( -13.34114243945042233, 8.749401500574920831, 9.543886106340938369 ) ) ;
#5669 = CARTESIAN_POINT ( 'NONE',  ( 8.250000000000000000, 0.000000000000000000, 58.50000000000001421 ) ) ;
#5670 = CARTESIAN_POINT ( 'NONE',  ( -12.17771149547485443, -5.422434047359587339, 8.802444968223856137 ) ) ;
#5671 = DIRECTION ( 'NONE',  ( 0.002453447069874119604, 0.000000000000000000, 0.9999969902942084099 ) ) ;
#5672 = CARTESIAN_POINT ( 'NONE',  ( -6.248151399115459803, 12.04233667489214810, 9.429744918685750932 ) ) ;
#5673 = DIRECTION ( 'NONE',  ( 1.000000000000000000, 0.000000000000000000, 0.000000000000000000 ) ) ;
#5674 = ORIENTED_EDGE ( 'NONE', *, *, #4228, .F. ) ;
#5675 = CARTESIAN_POINT ( 'NONE',  ( 10.35284007610782098, 15.47515920403702872, 9.630950504033306103 ) ) ;
#5676 = DIRECTION ( 'NONE',  ( 1.000000000000000000, 0.000000000000000000, 0.000000000000000000 ) ) ;
#5677 = EDGE_CURVE ( 'NONE', #3622, #4237, #1687, .T. ) ;
#5678 = PRESENTATION_LAYER_ASSIGNMENT (  '', '', ( #1267 ) ) ;
#5679 = EDGE_CURVE ( 'NONE', #3925, #5589, #5260, .T. ) ;
#5680 = CARTESIAN_POINT ( 'NONE',  ( -8.249999999999998224, -2.680587493921477993, 59.87500000000001421 ) ) ;
#5681 = DIRECTION ( 'NONE',  ( 0.000000000000000000, 0.000000000000000000, -1.000000000000000000 ) ) ;
#5682 = ORIENTED_EDGE ( 'NONE', *, *, #1690, .F. ) ;
#5683 = AXIS2_PLACEMENT_3D ( 'NONE', #4135, #5160, #3278 ) ;
#5684 = CARTESIAN_POINT ( 'NONE',  ( 3.616719591217579133, -6.264342088718590773, 50.75000000000000000 ) ) ;
#5685 = CARTESIAN_POINT ( 'NONE',  ( -23.66310711586019977, -11.23033278058941953, 9.769298644417229838 ) ) ;
#5686 = CARTESIAN_POINT ( 'NONE',  ( 11.14624818242364590, -23.46971274228446092, 9.766734352938287955 ) ) ;
#5687 = FACE_OUTER_BOUND ( 'NONE', #384, .T. ) ;
#5688 = CARTESIAN_POINT ( 'NONE',  ( -9.888840637033979419, 7.184075619756137954, 8.748585655624692592 ) ) ;
#5689 =( BOUNDED_CURVE ( )  B_SPLINE_CURVE ( 2, ( #4694, #3821, #4315, #5132, #5162, #1640, #4667 ),
 .UNSPECIFIED., .F., .T. ) 
 B_SPLINE_CURVE_WITH_KNOTS ( ( 3, 2, 2, 3 ),
 ( 0.01666172618599914487, 0.03571428571428571230, 0.07142857142857142461, 0.08740979427194937867 ),
 .UNSPECIFIED. ) 
 CURVE ( )  GEOMETRIC_REPRESENTATION_ITEM ( )  RATIONAL_B_SPLINE_CURVE ( ( 0.9968701940290736196, 0.9966456421313096836, 1.000000000000000000, 0.9937122098932426040, 1.000000000000000000, 0.9971863759031226460, 0.9968908004128682609 ) ) 
 REPRESENTATION_ITEM ( '' )  );
#5690 = CARTESIAN_POINT ( 'NONE',  ( 15.36515874325779940, 21.15005662760023597, 9.059469684201992834 ) ) ;
#5691 = CARTESIAN_POINT ( 'NONE',  ( -25.48490999469262874, -11.59838945589728354, 9.339059826362916539 ) ) ;
#5692 = CARTESIAN_POINT ( 'NONE',  ( -3.152078563150256585, -30.00124943074289874, 9.089868230524976056 ) ) ;
#5693 = ORIENTED_EDGE ( 'NONE', *, *, #1600, .T. ) ;
#5694 = CARTESIAN_POINT ( 'NONE',  ( 24.78632916899964655, 11.03673996916301192, 9.067943206606464912 ) ) ;
#5695 = CARTESIAN_POINT ( 'NONE',  ( 21.32514541717555545, 10.21572479785509024, 9.734601941943553882 ) ) ;
#5696 = CARTESIAN_POINT ( 'NONE',  ( 23.13468568084781651, 15.77296162578146976, 8.285714285714284699 ) ) ;
#5697 = CARTESIAN_POINT ( 'NONE',  ( 1.850393860777563182, 17.61191120402072485, 4.999478381024409224 ) ) ;
#5698 = CARTESIAN_POINT ( 'NONE',  ( 1.523435566383888551, 14.49994646487059846, 8.852374245559889943 ) ) ;
#5699 = CARTESIAN_POINT ( 'NONE',  ( 28.23650524962872765, -2.347204027424231398, 9.793014732039781123 ) ) ;
#5700 = CARTESIAN_POINT ( 'NONE',  ( -12.20884331143820134, 0.4386376394737360185, 9.342911665793497633 ) ) ;
#5701 = CARTESIAN_POINT ( 'NONE',  ( -29.62275697937028340, -9.137410406738272428, 6.142857142857142350 ) ) ;
#5702 = CARTESIAN_POINT ( 'NONE',  ( -8.569618291639988783, 19.24566315984117537, 9.001241796277094309 ) ) ;
#5703 = CARTESIAN_POINT ( 'NONE',  ( -7.247975793957336599, 14.40984710608422148, 9.550102190098643362 ) ) ;
#5704 = CARTESIAN_POINT ( 'NONE',  ( 27.55788343387202488, 12.27084460495871454, 9.089868230524976056 ) ) ;
#5705 = ORIENTED_EDGE ( 'NONE', *, *, #1597, .T. ) ;
#5706 = CARTESIAN_POINT ( 'NONE',  ( 10.99219342079672046, 16.32968374119191779, 9.658275495602525851 ) ) ;
#5707 = CARTESIAN_POINT ( 'NONE',  ( -5.499999999999910294, -9.526279441628874523, 4.000000000000000000 ) ) ;
#5708 = CARTESIAN_POINT ( 'NONE',  ( -8.250000000000000000, 2.680587493921476216, 59.62500000000001421 ) ) ;
#5709 = CARTESIAN_POINT ( 'NONE',  ( -0.7143090234273412609, -3.951321269575671646, 33.99999999999999289 ) ) ;
#5710 = ORIENTED_EDGE ( 'NONE', *, *, #4983, .T. ) ;
#5711 = CARTESIAN_POINT ( 'NONE',  ( -10.96923636009634428, 0.8232021523059307455, 8.889619462053385490 ) ) ;
#5712 = CARTESIAN_POINT ( 'NONE',  ( 23.79107271573950300, -2.499606907197454042, 9.037590209674169373 ) ) ;
#5713 = ORIENTED_EDGE ( 'NONE', *, *, #5740, .F. ) ;
#5714 = CARTESIAN_POINT ( 'NONE',  ( 27.90458680842346340, -2.309552998127368806, 9.789322327038767924 ) ) ;
#5715 = CARTESIAN_POINT ( 'NONE',  ( -15.07432861032658344, 10.95124500723284022, 8.959518355077154439 ) ) ;
#5716 = CARTESIAN_POINT ( 'NONE',  ( -11.95216183644703989, 25.32085755726648912, 9.789322327038767924 ) ) ;
#5717 = CARTESIAN_POINT ( 'NONE',  ( -1.891249164061716392, -18.00076894339614952, 8.948779096980000958 ) ) ;
#5718 = CARTESIAN_POINT ( 'NONE',  ( 12.40122782584498218, 5.521960346729460234, 8.812913050800608161 ) ) ;
#5719 = DIRECTION ( 'NONE',  ( 0.000000000000000000, 0.000000000000000000, 1.000000000000000000 ) ) ;
#5720 = CARTESIAN_POINT ( 'NONE',  ( 21.35749972353938730, 18.37961467510759661, 7.214285714285715301 ) ) ;
#5721 = CARTESIAN_POINT ( 'NONE',  ( 2.025645439665613168, 19.27994270324096959, 4.999478381024408336 ) ) ;
#5722 = CARTESIAN_POINT ( 'NONE',  ( 12.64384636142231066, -28.39557140533313273, 9.095426565020519050 ) ) ;
#5723 = CARTESIAN_POINT ( 'NONE',  ( 11.82204920030351047, -0.3889299800619782643, 9.315460168994839307 ) ) ;
#5724 = AXIS2_PLACEMENT_3D ( 'NONE', #2931, #750, #4247 ) ;
#5725 = CARTESIAN_POINT ( 'NONE',  ( -19.01079789254685082, 1.280011304079186951, 9.642623109992769059 ) ) ;
#5726 = PLANE ( 'NONE',  #1915 ) ;
#5727 = CARTESIAN_POINT ( 'NONE',  ( -9.013975076769241923, 20.24360037458623296, 9.016918189217619783 ) ) ;
#5728 = CARTESIAN_POINT ( 'NONE',  ( -7.039121824010500461, 13.91728321009895097, 9.528853671068430842 ) ) ;
#5729 = CARTESIAN_POINT ( 'NONE',  ( 17.20534077359992153, 8.439912095908365330, 9.646862156838700741 ) ) ;
#5730 = CARTESIAN_POINT ( 'NONE',  ( -6.014065304058598294, -2.083333333333337478, 44.00000000000000711 ) ) ;
#5731 = ORIENTED_EDGE ( 'NONE', *, *, #3765, .F. ) ;
#5732 = CARTESIAN_POINT ( 'NONE',  ( -14.56011270597101870, 0.7369154813040975638, 9.483911076193066947 ) ) ;
#5733 = CARTESIAN_POINT ( 'NONE',  ( 12.87487134188256377, 18.85566626830918224, 9.722190541089178240 ) ) ;
#5734 = CARTESIAN_POINT ( 'NONE',  ( -6.674390203593315363, -4.849228331412904325, 60.00000000000001421 ) ) ;
#5735 = CARTESIAN_POINT ( 'NONE',  ( -10.99639545900968862, 0.2815793122212450483, 9.244236608254535525 ) ) ;
#5736 = ORIENTED_EDGE ( 'NONE', *, *, #4814, .F. ) ;
#5737 = DIRECTION ( 'NONE',  ( 0.7071067811865425767, -0.000000000000000000, 0.7071067811865525687 ) ) ;
#5738 = VECTOR ( 'NONE', #5737, 999.9999999999998863 ) ;
#5739 = CARTESIAN_POINT ( 'NONE',  ( -23.42495775118172929, -11.12679247141548622, 9.766135347243723785 ) ) ;
#5740 = EDGE_CURVE ( 'NONE', #4717, #1798, #3891, .T. ) ;
#5741 = ORIENTED_EDGE ( 'NONE', *, *, #276, .T. ) ;
#5742 = CARTESIAN_POINT ( 'NONE',  ( 0.06495190528381419859, -0.03749999999998920863, 44.75000000000000000 ) ) ;
#5743 = CARTESIAN_POINT ( 'NONE',  ( -18.69631873431560720, 13.58255962740166822, 9.028671707602018870 ) ) ;
#5744 = CARTESIAN_POINT ( 'NONE',  ( 5.098780407186632502, -7.017869168904328880, 60.87499999999998579 ) ) ;
#5745 = CARTESIAN_POINT ( 'NONE',  ( -2.123154564598544347, -20.20802730528428270, 8.989849980057542211 ) ) ;
#5746 = CARTESIAN_POINT ( 'NONE',  ( 17.42538032758710287, 7.759091321190152435, 8.968104430231882418 ) ) ;
#5747 = CARTESIAN_POINT ( 'NONE',  ( 18.94664531688207987, 9.188511357460731332, 9.688649277955969197 ) ) ;
#5748 = CARTESIAN_POINT ( 'NONE',  ( -15.94722074233525433, -21.95126177275822954, 9.067943206606482676 ) ) ;
#5749 = DIRECTION ( 'NONE',  ( 0.000000000000000000, 0.000000000000000000, 1.000000000000000000 ) ) ;
#5750 = FACE_OUTER_BOUND ( 'NONE', #1847, .T. ) ;
#5751 = VECTOR ( 'NONE', #3336, 1000.000000000000000 ) ;
#5752 = DIRECTION ( 'NONE',  ( 0.000000000000000000, 0.000000000000000000, -1.000000000000000000 ) ) ;
#5753 =( BOUNDED_CURVE ( )  B_SPLINE_CURVE ( 2, ( #4472, #3920, #1269, #4387, #3094, #1740, #2625 ),
 .UNSPECIFIED., .F., .F. ) 
 B_SPLINE_CURVE_WITH_KNOTS ( ( 3, 2, 2, 3 ),
 ( 0.01666172618599906854, 0.03571428571428571230, 0.07142857142857142461, 0.09646968323894185293 ),
 .UNSPECIFIED. ) 
 CURVE ( )  GEOMETRIC_REPRESENTATION_ITEM ( )  RATIONAL_B_SPLINE_CURVE ( ( 0.9968701940290736196, 0.9966456421313096836, 1.000000000000000000, 0.9937122098932426040, 1.000000000000000000, 0.9955913088571033409, 0.9973649352736200235 ) ) 
 REPRESENTATION_ITEM ( '' )  );
#5754 = CARTESIAN_POINT ( 'NONE',  ( -23.50287507785682806, 1.807051521814735162, 9.733462124878720090 ) ) ;
#5755 = CARTESIAN_POINT ( 'NONE',  ( 10.25000000000000000, 0.000000000000000000, 8.000000000000000000 ) ) ;
#5756 = CARTESIAN_POINT ( 'NONE',  ( -4.998795429009639690, 11.22630317449790027, 8.752111538817336722 ) ) ;
#5757 = CARTESIAN_POINT ( 'NONE',  ( 15.91184866756414173, -10.68030614275158818, 9.646862156838700741 ) ) ;
#5758 = CARTESIAN_POINT ( 'NONE',  ( 9.972795717309356434, 4.440639529438646704, 8.669790818246722708 ) ) ;
#5759 = CARTESIAN_POINT ( 'NONE',  ( 5.865373209218367911, 4.261443079120431854, 62.50000000000000000 ) ) ;
#5760 = CARTESIAN_POINT ( 'NONE',  ( 7.249999999999999112, 0.000000000000000000, 59.75000000000000711 ) ) ;
#5761 = CARTESIAN_POINT ( 'NONE',  ( -27.18475104344313564, -15.15817605915198207, 9.141370585886830824 ) ) ;
#5762 = EDGE_CURVE ( 'NONE', #3351, #5208, #2199, .T. ) ;
#5763 = CARTESIAN_POINT ( 'NONE',  ( -7.362707987143200405, -11.50812277531049510, 9.436039436531943991 ) ) ;
#5764 = FACE_OUTER_BOUND ( 'NONE', #1466, .T. ) ;
#5765 = ORIENTED_EDGE ( 'NONE', *, *, #3854, .F. ) ;
#5766 = CARTESIAN_POINT ( 'NONE',  ( -10.98696791041097143, 0.5582696592624429854, 9.063833485541728407 ) ) ;
#5767 = ADVANCED_FACE ( 'NONE', ( #3999 ), #2226, .F. ) ;
#5768 = CARTESIAN_POINT ( 'NONE',  ( 25.46551024693857457, -2.675531535257075433, 9.054651662031217185 ) ) ;
#5769 = ORIENTED_EDGE ( 'NONE', *, *, #873, .T. ) ;
#5770 = CARTESIAN_POINT ( 'NONE',  ( 25.89849154555349386, -2.081922288277531230, 9.766734352938289732 ) ) ;
#5771 = AXIS2_PLACEMENT_3D ( 'NONE', #3653, #3212, #529 ) ;
#5772 = CARTESIAN_POINT ( 'NONE',  ( 2.513853497877849730, 23.92667070670948348, 9.039072486902592019 ) ) ;
#5773 = CARTESIAN_POINT ( 'NONE',  ( 8.250000000000000000, 0.000000000000000000, 61.24999999999998579 ) ) ;
#5774 = CARTESIAN_POINT ( 'NONE',  ( -2.499606907197203576, -23.79107271573954563, 9.037590209674169373 ) ) ;
#5775 = CARTESIAN_POINT ( 'NONE',  ( 25.25772953948960264, 11.24664290698777869, 9.072011571271254127 ) ) ;
#5776 = EDGE_CURVE ( 'NONE', #645, #2502, #2643, .T. ) ;
#5777 = CARTESIAN_POINT ( 'NONE',  ( 23.93650327394962218, 11.34923940547493793, 9.772851664565397556 ) ) ;
#5778 = CARTESIAN_POINT ( 'NONE',  ( -14.36788837830561150, -19.77731944706071943, 9.043200165331590767 ) ) ;
#5779 = CARTESIAN_POINT ( 'NONE',  ( 8.250000000000000000, 0.000000000000000000, 63.74999999999998579 ) ) ;
#5780 = CARTESIAN_POINT ( 'NONE',  ( 6.615471834464463186, 1.041666666666664076, 44.00000000000000711 ) ) ;
#5781 = CARTESIAN_POINT ( 'NONE',  ( 27.32490932158889052, -2.244209449935087974, 9.783644783752150076 ) ) ;
#5782 = CARTESIAN_POINT ( 'NONE',  ( -26.40423961574725453, 2.139521998201959097, 9.772851664565397556 ) ) ;
#5783 = CARTESIAN_POINT ( 'NONE',  ( -10.14598061107939841, -4.426646089001772921, 5.071428571428571175 ) ) ;
#5784 = CARTESIAN_POINT ( 'NONE',  ( -6.464392231018734947, 14.51774293525409831, 8.893807934287657702 ) ) ;
#5785 = CARTESIAN_POINT ( 'NONE',  ( -8.957134557124895480, 18.40905564058751764, 9.676375761156622346 ) ) ;
#5786 = EDGE_CURVE ( 'NONE', #3708, #5297, #175, .T. ) ;
#5787 =( BOUNDED_SURFACE ( )  B_SPLINE_SURFACE ( 1, 2, ( 
 ( #5466, #525, #2323, #4122, #3323, #5561, #1537 ),
 ( #178, #1975, #3773, #4690, #1928, #2875, #159 ) ),
 .UNSPECIFIED., .F., .F., .F. ) 
 B_SPLINE_SURFACE_WITH_KNOTS ( ( 2, 2 ),
 ( 3, 2, 2, 3 ),
 ( 0.000000000000000000, 1.000000000000000000 ),
 ( 0.000000000000000000, 0.03571428571428571230, 0.07142857142857142461, 0.09998661063300855190 ),
 .UNSPECIFIED. ) 
 GEOMETRIC_REPRESENTATION_ITEM ( )  RATIONAL_B_SPLINE_SURFACE ( (
 ( 1.000000000000000000, 0.9937122098932426040, 1.000000000000000000, 0.9937122098932426040, 1.000000000000000000, 0.9949721252214146494, 0.9979850801651724002),
 ( 1.000000000000000000, 0.9937122098932426040, 1.000000000000000000, 0.9937122098932426040, 1.000000000000000000, 0.9949721252214146494, 0.9979850801651724002) ) ) 
 REPRESENTATION_ITEM ( '' )  SURFACE ( )  );
#5788 = CARTESIAN_POINT ( 'NONE',  ( 2.240373209218368800, -6.895159743139863018, 61.75000000000000000 ) ) ;
#5789 = CARTESIAN_POINT ( 'NONE',  ( 4.480746418436736711, 6.167218360552289447, 62.62500000000000711 ) ) ;
#5790 = CARTESIAN_POINT ( 'NONE',  ( -20.03193586041059504, 1.401753554677962033, 9.668587843497215673 ) ) ;
#5791 = CARTESIAN_POINT ( 'NONE',  ( 6.147454000675014463, 8.461936671294829182, 8.636644459345795610 ) ) ;
#5792 = CARTESIAN_POINT ( 'NONE',  ( 16.25051396962071948, 22.36874323448831703, 9.072011571271255903 ) ) ;
#5793 = CARTESIAN_POINT ( 'NONE',  ( -1.149387582711132838, -10.93978556392717749, 8.674148813960478321 ) ) ;
#5794 = ORIENTED_EDGE ( 'NONE', *, *, #5813, .F. ) ;
#5795 = CARTESIAN_POINT ( 'NONE',  ( 11.95216201933149058, -25.32085747093983485, 9.789319808576792070 ) ) ;
#5796 = CARTESIAN_POINT ( 'NONE',  ( 18.67580121331443976, -1.962171368563964569, 8.962402508024638337 ) ) ;
#5797 = ORIENTED_EDGE ( 'NONE', *, *, #2124, .T. ) ;
#5798 = ORIENTED_EDGE ( 'NONE', *, *, #3121, .T. ) ;
#5799 = CARTESIAN_POINT ( 'NONE',  ( 18.49676397355468183, -1.218466154110666944, 9.628694860343005146 ) ) ;
#5800 = CARTESIAN_POINT ( 'NONE',  ( 1.571129556840852315, 14.95389432035075750, 8.867948148798294739 ) ) ;
#5801 = CARTESIAN_POINT ( 'NONE',  ( -8.250000000000000000, -1.010333609296566550E-15, 62.49999999999998579 ) ) ;
#5802 = CARTESIAN_POINT ( 'NONE',  ( -1.284067757404998122, -12.22166145420590233, 8.752111538817334946 ) ) ;
#5803 = B_SPLINE_CURVE_WITH_KNOTS ( 'NONE', 3,
 ( #981, #2480, #2038, #245, #1598, #2810, #5181, #1157, #4743, #2512, #4302, #2779, #5653, #1629, #3421, #5213, #2547, #4331, #4567, #1889, #5514, #161, #3249, #4196, #3788, #1458, #5012, #602, #69, #3756, #1488, #512, #5574, #5039, #3279, #569, #1930, #2336, #4106, #5074, #1047, #4166, #2846, #539, #2905, #135, #4666, #3220, #2309, #4136, #4638, #2815, #5482, #1018, #631, #102, #4604 ),
 .UNSPECIFIED., .F., .F.,
 ( 4, 1, 1, 1, 2, 2, 1, 1, 2, 2, 1, 1, 1, 2, 2, 1, 1, 1, 1, 1, 2, 2, 1, 1, 1, 2, 2, 1, 1, 1, 1, 2, 2, 1, 1, 1, 1, 2, 2, 1, 4 ),
 ( 0.1439684925078886790, 0.1974704617261477946, 0.2242214463352771026, 0.2375969386398420202, 0.2442846847921243958, 0.2509724309444067991, 0.3044744001626644714, 0.3312253847717933075, 0.3446008770763575035, 0.3512886232286395183, 0.3579763693809215330, 0.4649803078174352677, 0.4917312924265639373, 0.4984190385788462296, 0.5051067847311285774, 0.5184822770356933841, 0.5719842462539523886, 0.5987352308630817799, 0.6121107231676469196, 0.6187984693199294339, 0.6221423423960706911, 0.6254862154722120593, 0.6789881846904695095, 0.7324901539087271818, 0.7458656462132917664, 0.7492095192894329125, 0.7525533923655740587, 0.7592411385178561289, 0.7859921231269846320, 0.8394940923452419712, 0.8662450769543705853, 0.8729328231066526556, 0.8762766961827934686, 0.8796205692589345038, 0.8929960615634974230, 0.9197470461726237057, 0.9331225384771867359, 0.9364664115533274380, 0.9398102846294681401, 0.9464980307817495442, 1.000000000000000000 ),
 .UNSPECIFIED. ) ;
#5804 = CARTESIAN_POINT ( 'NONE',  ( 14.51774293525411608, 6.464392231018681656, 8.893807934287650596 ) ) ;
#5805 = VECTOR ( 'NONE', #1108, 1000.000000000000114 ) ;
#5806 = LINE ( 'NONE', #89, #3699 ) ;
#5807 = CARTESIAN_POINT ( 'NONE',  ( -12.38242406328067524, -17.04433872121668614, 9.001241796277092533 ) ) ;
#5808 = FACE_OUTER_BOUND ( 'NONE', #1056, .T. ) ;
#5809 = CARTESIAN_POINT ( 'NONE',  ( 11.52484369486781723, -25.88251333640136664, 9.077380910921631241 ) ) ;
#5810 = CARTESIAN_POINT ( 'NONE',  ( -11.59838945589718939, 25.48490999469265361, 9.339059826362912986 ) ) ;
#5811 = AXIS2_PLACEMENT_3D ( 'NONE', #3579, #369, #5416 ) ;
#5812 = CARTESIAN_POINT ( 'NONE',  ( -23.47161876538829262, 1.803440221132905918, 9.732972412448535948 ) ) ;
#5813 = EDGE_CURVE ( 'NONE', #312, #2854, #4077, .T. ) ;
#5814 = CARTESIAN_POINT ( 'NONE',  ( -5.608439182435161818, 2.449293598294706414E-16, 39.00000000000000711 ) ) ;
#5815 = CARTESIAN_POINT ( 'NONE',  ( -10.41567684531039362, 23.39154456181023889, 9.054651662031220738 ) ) ;
#5816 = CARTESIAN_POINT ( 'NONE',  ( -10.16198211300889831, 21.20101410761816751, 9.732501247234321085 ) ) ;
#5817 = CARTESIAN_POINT ( 'NONE',  ( -10.37316170840838048, 6.499019229524562569, 9.344654686358289553 ) ) ;
#5818 = DIRECTION ( 'NONE',  ( 0.000000000000000000, 0.000000000000000000, 1.000000000000000000 ) ) ;
#5819 = CARTESIAN_POINT ( 'NONE',  ( 22.36874323448825663, -16.25051396962079053, 9.072011571271257679 ) ) ;
#5820 = CARTESIAN_POINT ( 'NONE',  ( -10.72420703400007547, 2.447730273519383992, 6.142857142857142350 ) ) ;
#5821 = CARTESIAN_POINT ( 'NONE',  ( -25.91864752421953355, 2.723140362388538183, 9.058750113913900393 ) ) ;
#5822 = VERTEX_POINT ( 'NONE', #932 ) ;
#5823 = CARTESIAN_POINT ( 'NONE',  ( 18.37961467510782754, -21.35749972353919190, 7.214285714285715301 ) ) ;
#5824 = CARTESIAN_POINT ( 'NONE',  ( -0.4650099794587850832, -31.12177302875328166, 9.141370585886830824 ) ) ;
#5825 = EDGE_LOOP ( 'NONE', ( #5765, #5615, #3418, #5797 ) ) ;
ENDSEC;
END-ISO-10303-21;
