ISO-10303-21;
HEADER;
FILE_DESCRIPTION (( 'STEP AP214' ),
    '1' );
FILE_NAME ('fidget_spinner.STEP',
    '2026-07-07T16:17:27',
    ( '' ),
    ( '' ),
    'SwSTEP 2.0',
    'SolidWorks 2026',
    '' );
FILE_SCHEMA (( 'AUTOMOTIVE_DESIGN' ));
ENDSEC;

DATA;
#1 = EDGE_CURVE ( 'NONE', #773, #4598, #1978, .T. ) ;
#2 = CARTESIAN_POINT ( 'NONE',  ( -7.249624935083526012, 111.0000000000000142, -84.13877085686812052 ) ) ;
#3 = CARTESIAN_POINT ( 'NONE',  ( 9.854656579792601789, 105.4999999999999858, -61.25356058021137784 ) ) ;
#4 = ORIENTED_EDGE ( 'NONE', *, *, #1055, .F. ) ;
#5 = CARTESIAN_POINT ( 'NONE',  ( 10.67026573805624245, 105.4999999999999858, -79.28107650558459341 ) ) ;
#6 = CARTESIAN_POINT ( 'NONE',  ( 12.11798991030442174, 105.4999999999999858, -80.78738718320383327 ) ) ;
#7 = CARTESIAN_POINT ( 'NONE',  ( 8.769185662245455148, 110.9999999999999858, -58.18029100110415186 ) ) ;
#8 = EDGE_CURVE ( 'NONE', #1789, #2035, #6024, .T. ) ;
#9 = CARTESIAN_POINT ( 'NONE',  ( 12.96079323228967617, 105.4999999999999858, -66.45943697439331288 ) ) ;
#10 = FACE_BOUND ( 'NONE', #5558, .T. ) ;
#11 = LINE ( 'NONE', #549, #2533 ) ;
#12 = ORIENTED_EDGE ( 'NONE', *, *, #4912, .T. ) ;
#13 = CARTESIAN_POINT ( 'NONE',  ( -4.612637021839380402, 105.4999999999999858, -86.24034524435874971 ) ) ;
#14 = EDGE_LOOP ( 'NONE', ( #5104, #4791, #6817, #2221 ) ) ;
#15 = CYLINDRICAL_SURFACE ( 'NONE', #494, 16.99999999999859668 ) ;
#16 = CARTESIAN_POINT ( 'NONE',  ( 4.599747802779993400, 111.0000000000000142, -58.46278485817385473 ) ) ;
#17 = CARTESIAN_POINT ( 'NONE',  ( 23.81569860407268990, 114.9999999999999858, -58.24999999999947420 ) ) ;
#18 = AXIS2_PLACEMENT_3D ( 'NONE', #250, #4562, #757 ) ;
#19 = CARTESIAN_POINT ( 'NONE',  ( 13.75336083684422483, 105.4999999999999858, -68.86195116231083091 ) ) ;
#20 = CARTESIAN_POINT ( 'NONE',  ( 4.486458645442479742, 110.9999999999999858, -86.06862480978094254 ) ) ;
#21 = LINE ( 'NONE', #1088, #6908 ) ;
#22 = DIRECTION ( 'NONE',  ( -0.9928535775496396543, 0.000000000000000000, -0.1193389020683602447 ) ) ;
#23 = CARTESIAN_POINT ( 'NONE',  ( 1.728907054294809953, 110.9999999999999858, -84.80154390683992460 ) ) ;
#24 = ORIENTED_EDGE ( 'NONE', *, *, #6137, .F. ) ;
#25 = CIRCLE ( 'NONE', #6871, 10.50000000000000888 ) ;
#26 = CYLINDRICAL_SURFACE ( 'NONE', #3546, 16.99999999999860378 ) ;
#27 = B_SPLINE_SURFACE_WITH_KNOTS ( 'NONE', 4, 1, ( 
 ( #389, #323 ),
 ( #2468, #4628 ),
 ( #6750, #3574 ),
 ( #889, #3042 ),
 ( #2600, #4297 ),
 ( #5350, #2041 ),
 ( #4818, #455 ),
 ( #1649, #5944 ),
 ( #4727, #4201 ),
 ( #2703, #3206 ),
 ( #6852, #4239 ),
 ( #2107, #6332 ),
 ( #6469, #3144 ),
 ( #4788, #5912 ),
 ( #557, #3678 ),
 ( #1117, #4848 ),
 ( #4334, #3776 ),
 ( #19, #4754 ),
 ( #1614, #3812 ) ),
 .UNSPECIFIED., .F., .F., .F.,
 ( 5, 1, 1, 1, 1, 1, 1, 1, 1, 1, 1, 1, 1, 1, 1, 5 ),
 ( 2, 2 ),
 ( 0.000000000000000000, 0.01510380894618329473, 0.06983612823799767444, 0.1205638147985295117, 0.1479301470313329203, 0.1752962048027451036, 0.2026623067199501693, 0.2300286649678376649, 0.2573949849334067341, 0.2847606352807794949, 0.3120163113035102631, 0.3302610210450994122, 0.3483393403036955105, 0.3617874722637031693, 0.3714944117322120931, 0.3768711599805257828 ),
 ( 0.000000000000000000, 1.000000000000000000 ),
 .UNSPECIFIED. ) ;
#28 = CARTESIAN_POINT ( 'NONE',  ( -10.80649035581139117, 110.9999999999999858, -63.88375474834019485 ) ) ;
#29 = ADVANCED_FACE ( 'NONE', ( #1652 ), #3307, .T. ) ;
#30 = CARTESIAN_POINT ( 'NONE',  ( -10.02618222935367953, 110.9999999999999858, -60.88516653846906479 ) ) ;
#31 = AXIS2_PLACEMENT_3D ( 'NONE', #4595, #4664, #1418 ) ;
#32 = CARTESIAN_POINT ( 'NONE',  ( -12.78990417712740069, 105.4999999999999858, -77.92438612772858164 ) ) ;
#33 = ORIENTED_EDGE ( 'NONE', *, *, #3912, .F. ) ;
#34 = CARTESIAN_POINT ( 'NONE',  ( -3.119695238510567847, 105.4999999999999858, -84.10444140052790374 ) ) ;
#35 = CARTESIAN_POINT ( 'NONE',  ( 2.073336447187903442, 105.4999999999999858, -84.32685182748465991 ) ) ;
#36 = VERTEX_POINT ( 'NONE', #528 ) ;
#37 = VECTOR ( 'NONE', #3899, 1000.000000000000000 ) ;
#38 = CARTESIAN_POINT ( 'NONE',  ( -13.24253798505387891, 105.4999999999999858, -66.28899770380768075 ) ) ;
#39 = CIRCLE ( 'NONE', #1962, 12.50000000000000178 ) ;
#40 = CARTESIAN_POINT ( 'NONE',  ( 9.282203818988755017, 110.9999999999999858, -82.62275750825911302 ) ) ;
#41 = ADVANCED_FACE ( 'NONE', ( #4337 ), #3451, .T. ) ;
#42 = CIRCLE ( 'NONE', #2750, 1.500000000000001332 ) ;
#43 = CARTESIAN_POINT ( 'NONE',  ( 10.50186873632305229, 105.4999999999999858, -58.82263912892768332 ) ) ;
#45 = ORIENTED_EDGE ( 'NONE', *, *, #1834, .F. ) ;
#44 = AXIS2_PLACEMENT_3D ( 'NONE', #6643, #6612, #3959 ) ;
#46 = DIRECTION ( 'NONE',  ( 0.000000000000000000, 1.000000000000000000, 0.000000000000000000 ) ) ;
#47 = CARTESIAN_POINT ( 'NONE',  ( 13.05421872552177120, 110.9999999999999858, -82.84820545211320564 ) ) ;
#48 = AXIS2_PLACEMENT_3D ( 'NONE', #2536, #4237, #3143 ) ;
#49 = CARTESIAN_POINT ( 'NONE',  ( -27.68122796361760152, 112.4999999999999858, -68.54843108296070398 ) ) ;
#50 = VECTOR ( 'NONE', #1218, 1000.000000000000000 ) ;
#51 = AXIS2_PLACEMENT_3D ( 'NONE', #3377, #5970, #120 ) ;
#52 = CARTESIAN_POINT ( 'NONE',  ( 7.532749002079713208, 110.9999999999999858, -85.18613734640844370 ) ) ;
#53 = CARTESIAN_POINT ( 'NONE',  ( -13.74216322135147195, 111.0000000000000142, -68.86424652617267839 ) ) ;
#54 = CARTESIAN_POINT ( 'NONE',  ( -13.87181067862431050, 110.9999999999999858, -74.73490184674703585 ) ) ;
#55 = ORIENTED_EDGE ( 'NONE', *, *, #226, .F. ) ;
#56 = CARTESIAN_POINT ( 'NONE',  ( 2.514624488129743263, 110.9999999999999858, -55.66384641134210653 ) ) ;
#58 = ORIENTED_EDGE ( 'NONE', *, *, #6456, .F. ) ;
#57 = VECTOR ( 'NONE', #6916, 1000.000000000000000 ) ;
#59 = CARTESIAN_POINT ( 'NONE',  ( 12.96079323228967617, 105.4999999999999858, -66.45943697439331288 ) ) ;
#60 = CLOSED_SHELL ( 'NONE', ( #2265, #5950, #70, #4994, #41, #6347, #6008, #3031, #1916, #3651, #2019, #3375, #3859, #29, #3809, #4078, #2947, #4861, #6728, #6398, #4782, #4180, #1875, #1016, #3535, #4742, #6749, #1610, #6553, #3792, #2955, #4554, #5252, #5308, #2548, #2576, #5825, #1251, #4112, #264, #4208, #5806, #4939, #5937, #5542, #2647, #3246, #4280, #3828, #2355, #6670, #5233, #2985, #5431, #5762, #6382, #4763, #1842, #590, #165, #6714, #5863, #564, #1468, #4805, #2303, #4376, #6158, #5261, #101, #3820, #2717, #324, #1045, #1128, #1894, #4640, #4316, #3658, #3119, #5063, #2869, #1215, #1693, #4563, #6626, #6169, #1364, #2103, #5176, #6204, #3688, #754, #6652, #106, #5152, #1358, #5413, #5034, #2763, #759, #3336, #436, #4272, #2605, #2690, #3125, #6687, #1118, #5357, #2747, #4305, #4223, #6535, #1660, #1205, #5716, #1706, #6122, #4202, #1516, #2632, #3074, #6174, #473, #5097, #2242, #1990, #5108, #5858, #3644, #6819, #4128, #118, #6223, #2682, #146, #2486, #951, #1932, #2008, #5654, #3673, #6425, #825, #3095, #1432 ) ) ;
#61 = EDGE_CURVE ( 'NONE', #1950, #358, #3239, .T. ) ;
#62 = CARTESIAN_POINT ( 'NONE',  ( 4.234218955527755845, 105.4999999999999858, -55.69038699667963499 ) ) ;
#63 = DIRECTION ( 'NONE',  ( 0.000000000000000000, 0.000000000000000000, 1.000000000000000000 ) ) ;
#64 = FILL_AREA_STYLE ('',( #3386 ) ) ;
#65 = CARTESIAN_POINT ( 'NONE',  ( 0.000000000000000000, 110.9999999999999858, -71.99999999999998579 ) ) ;
#66 = CARTESIAN_POINT ( 'NONE',  ( -3.119695238510569180, 110.9999999999999858, -84.10444140052790374 ) ) ;
#67 = CARTESIAN_POINT ( 'NONE',  ( 0.000000000000000000, 105.4999999999999858, -71.99999999999998579 ) ) ;
#68 = ORIENTED_EDGE ( 'NONE', *, *, #2614, .F. ) ;
#69 = CARTESIAN_POINT ( 'NONE',  ( 12.78990417712426719, 105.4999999999999858, -77.92438612776582829 ) ) ;
#70 = ADVANCED_FACE ( 'NONE', ( #5947 ), #507, .T. ) ;
#71 = CARTESIAN_POINT ( 'NONE',  ( 9.638698607694497156, 105.4999999999999858, -64.04101205240085903 ) ) ;
#72 = CARTESIAN_POINT ( 'NONE',  ( -9.614995609741894711, 105.4999999999999858, -61.63377218853364781 ) ) ;
#73 = CARTESIAN_POINT ( 'NONE',  ( -14.13393755131311202, 105.4999999999999858, -78.11605792223561195 ) ) ;
#74 = ORIENTED_EDGE ( 'NONE', *, *, #5318, .F. ) ;
#75 = CARTESIAN_POINT ( 'NONE',  ( 1.449089840208087843, 110.9999999999999858, -87.33213924564464037 ) ) ;
#76 = CARTESIAN_POINT ( 'NONE',  ( -12.47604671605529170, 105.4999999999999858, -72.77347161473832671 ) ) ;
#77 = EDGE_CURVE ( 'NONE', #6929, #5332, #6374, .T. ) ;
#78 = B_SPLINE_CURVE_WITH_KNOTS ( 'NONE', 4,
 ( #3700, #5244, #416, #2563, #5836, #1009, #6843, #4163, #3601, #4134, #4779, #2033, #4092, #6264, #3067, #6292, #4191, #3666, #5804 ),
 .UNSPECIFIED., .F., .F.,
 ( 5, 1, 1, 1, 1, 1, 1, 1, 1, 1, 1, 1, 1, 1, 1, 5 ),
 ( 0.000000000000000000, 0.005376748248313690560, 0.01508368771682262223, 0.02853181967683027578, 0.04661013893542635678, 0.06485484867701551970, 0.09211052469974631562, 0.1194761750471190626, 0.1468424950126881179, 0.1742088532605756135, 0.2015749551777806792, 0.2289410129491928625, 0.2563073451819962711, 0.3070350317425281084, 0.3617673510343424326, 0.3768711599805257828 ),
 .UNSPECIFIED. ) ;
#79 = VERTEX_POINT ( 'NONE', #1089 ) ;
#80 = CARTESIAN_POINT ( 'NONE',  ( -6.887671465221725242, 110.9999999999999858, -59.65225520987307561 ) ) ;
#81 = CARTESIAN_POINT ( 'NONE',  ( 0.000000000000000000, 110.9999999999999858, -71.99999999999998579 ) ) ;
#82 = CARTESIAN_POINT ( 'NONE',  ( -12.57900862091512195, 105.4999999999999858, -81.59476491924847608 ) ) ;
#83 = VERTEX_POINT ( 'NONE', #559 ) ;
#84 = CARTESIAN_POINT ( 'NONE',  ( -8.031390678579809261, 105.4999999999999858, -58.61227352453458650 ) ) ;
#85 = FACE_OUTER_BOUND ( 'NONE', #2943, .T. ) ;
#86 = EDGE_CURVE ( 'NONE', #6355, #775, #6797, .T. ) ;
#87 = DIRECTION ( 'NONE',  ( 0.3514117599586877305, 0.000000000000000000, 0.9362210075418825328 ) ) ;
#88 = CARTESIAN_POINT ( 'NONE',  ( 13.00006026595376341, 111.0000000000000000, -66.44075070746899314 ) ) ;
#89 = CARTESIAN_POINT ( 'NONE',  ( 1.891761547942409027, 105.4999999999999858, -56.50304240635152553 ) ) ;
#90 = CARTESIAN_POINT ( 'NONE',  ( -6.309818809593902067, 105.4999999999999858, -87.78563228350536463 ) ) ;
#91 = VERTEX_POINT ( 'NONE', #4890 ) ;
#92 = CARTESIAN_POINT ( 'NONE',  ( -5.704278851339863010, 105.4999999999999858, -87.34093141824349971 ) ) ;
#93 = VERTEX_POINT ( 'NONE', #66 ) ;
#94 = FACE_OUTER_BOUND ( 'NONE', #3177, .T. ) ;
#95 = CARTESIAN_POINT ( 'NONE',  ( 4.555022691701712034, 105.4999999999999858, -58.66089327844745327 ) ) ;
#96 = FACE_OUTER_BOUND ( 'NONE', #935, .T. ) ;
#97 = CARTESIAN_POINT ( 'NONE',  ( 15.92193086975788141, 105.4999999999999858, -77.88118231682022952 ) ) ;
#98 = CARTESIAN_POINT ( 'NONE',  ( -1.371576636564661555, 105.4999999999999858, -87.55163123096367883 ) ) ;
#99 = FACE_OUTER_BOUND ( 'NONE', #1969, .T. ) ;
#100 = VERTEX_POINT ( 'NONE', #4373 ) ;
#101 = ADVANCED_FACE ( 'NONE', ( #2781 ), #5718, .F. ) ;
#102 = CARTESIAN_POINT ( 'NONE',  ( 12.98225229161268146, 105.4999999999999858, -77.98957419873757146 ) ) ;
#103 = DIRECTION ( 'NONE',  ( 0.000000000000000000, 0.000000000000000000, 1.000000000000000000 ) ) ;
#104 = DIRECTION ( 'NONE',  ( 0.000000000000000000, 1.000000000000000000, -0.000000000000000000 ) ) ;
#105 = CARTESIAN_POINT ( 'NONE',  ( -12.04260137073200454, 105.4999999999999858, -68.64951462834953588 ) ) ;
#106 = ADVANCED_FACE ( 'NONE', ( #4588 ), #3588, .F. ) ;
#107 = ORIENTED_EDGE ( 'NONE', *, *, #5082, .T. ) ;
#108 = DIRECTION ( 'NONE',  ( 0.000000000000000000, 1.000000000000000000, 0.000000000000000000 ) ) ;
#109 = VERTEX_POINT ( 'NONE', #3389 ) ;
#110 = CARTESIAN_POINT ( 'NONE',  ( -5.568177290555279768, 110.9999999999999858, -60.80869079772411823 ) ) ;
#111 = CARTESIAN_POINT ( 'NONE',  ( -11.64073008976015977, 105.4999999999999858, -77.60018294149982410 ) ) ;
#112 = CARTESIAN_POINT ( 'NONE',  ( 14.19777028870318780, 105.4999999999999858, -72.20395753603379774 ) ) ;
#113 = CARTESIAN_POINT ( 'NONE',  ( -9.274493938821287031, 110.9999999999999858, -82.61431872657358610 ) ) ;
#114 = ORIENTED_EDGE ( 'NONE', *, *, #968, .F. ) ;
#115 = CARTESIAN_POINT ( 'NONE',  ( 13.82951663048718594, 110.9999999999999858, -74.72478799498279045 ) ) ;
#116 = CARTESIAN_POINT ( 'NONE',  ( -4.567410863137911115, 105.4999999999999858, -58.61920863245136104 ) ) ;
#117 = CARTESIAN_POINT ( 'NONE',  ( 12.36422895317213921, 110.9999999999999858, -73.83734656326446100 ) ) ;
#118 = ADVANCED_FACE ( 'NONE', ( #5526 ), #4345, .T. ) ;
#119 = CARTESIAN_POINT ( 'NONE',  ( 14.46786136183148308, 111.0000000000000000, -65.00369770855658658 ) ) ;
#120 = DIRECTION ( 'NONE',  ( 0.9864970560672765565, 0.000000000000000000, 0.1637789924581190271 ) ) ;
#121 = CARTESIAN_POINT ( 'NONE',  ( -13.00006026592829222, 105.4999999999999858, -66.44075070744202094 ) ) ;
#122 = ORIENTED_EDGE ( 'NONE', *, *, #4920, .F. ) ;
#123 = CARTESIAN_POINT ( 'NONE',  ( -13.75336083684893396, 110.9999999999999858, -68.86195116227379742 ) ) ;
#124 = VERTEX_POINT ( 'NONE', #4621 ) ;
#125 = CARTESIAN_POINT ( 'NONE',  ( -15.95310383445450242, 110.9999999999999858, -77.87354050356898938 ) ) ;
#126 = FACE_OUTER_BOUND ( 'NONE', #3480, .T. ) ;
#127 = CARTESIAN_POINT ( 'NONE',  ( -23.81569860407218542, 112.9999999999999858, -68.74999999999937472 ) ) ;
#128 = DIRECTION ( 'NONE',  ( 0.000000000000000000, 1.000000000000000000, -0.000000000000000000 ) ) ;
#129 = CARTESIAN_POINT ( 'NONE',  ( 13.26572759404513135, 110.9999999999999858, -78.05150294632875330 ) ) ;
#130 = CARTESIAN_POINT ( 'NONE',  ( -1.686911345410014196, 105.4999999999999858, -86.09867404971171823 ) ) ;
#131 = DIRECTION ( 'NONE',  ( 0.000000000000000000, 1.000000000000000000, -0.000000000000000000 ) ) ;
#132 = CARTESIAN_POINT ( 'NONE',  ( 0.000000000000000000, 105.4999999999999858, -71.99999999999998579 ) ) ;
#133 = VERTEX_POINT ( 'NONE', #1266 ) ;
#134 = EDGE_CURVE ( 'NONE', #2911, #2980, #2853, .T. ) ;
#135 = CARTESIAN_POINT ( 'NONE',  ( 12.96079323228967617, 110.9999999999999858, -66.45943697439331288 ) ) ;
#136 = VECTOR ( 'NONE', #3996, 1000.000000000000000 ) ;
#137 = CARTESIAN_POINT ( 'NONE',  ( -11.67824955976157852, 105.4999999999999858, -80.24817318351124129 ) ) ;
#138 = EDGE_CURVE ( 'NONE', #5828, #4811, #3960, .T. ) ;
#139 = CARTESIAN_POINT ( 'NONE',  ( -9.523655234406382064, 105.4999999999999858, -82.82960527853495591 ) ) ;
#140 = CARTESIAN_POINT ( 'NONE',  ( 16.35281189707958305, 110.9999999999999858, -71.31551694546004683 ) ) ;
#141 = VERTEX_POINT ( 'NONE', #1310 ) ;
#142 = CARTESIAN_POINT ( 'NONE',  ( -3.119695238510567847, 105.4999999999999858, -84.10444140052790374 ) ) ;
#143 = CARTESIAN_POINT ( 'NONE',  ( -4.590925677243044234, 110.9999999999999858, -60.37359034671360547 ) ) ;
#144 = ORIENTED_EDGE ( 'NONE', *, *, #2191, .F. ) ;
#145 = CARTESIAN_POINT ( 'NONE',  ( -13.00006026592829222, 110.9999999999999858, -66.44075070744202094 ) ) ;
#146 = ADVANCED_FACE ( 'NONE', ( #3464 ), #2996, .T. ) ;
#147 = AXIS2_PLACEMENT_3D ( 'NONE', #1539, #6911, #2127 ) ;
#148 = CARTESIAN_POINT ( 'NONE',  ( -11.36635421402006507, 110.9999999999999858, -63.48975489608456257 ) ) ;
#149 = B_SPLINE_CURVE_WITH_KNOTS ( 'NONE', 4,
 ( #1348, #2469, #6271, #425, #2540, #2437, #1451, #6200, #4142, #6719, #890, #1382, #3681, #3609, #391, #954, #1419, #1907, #3116 ),
 .UNSPECIFIED., .F., .F.,
 ( 5, 1, 1, 1, 1, 1, 1, 1, 1, 1, 1, 1, 1, 1, 1, 5 ),
 ( 0.000000000000000000, 0.01510380894618329473, 0.06983612823799767444, 0.1205638147985295117, 0.1479301470313329203, 0.1752962048027451036, 0.2026623067199501693, 0.2300286649678376372, 0.2573949849334067341, 0.2847606352807794949, 0.3120163113035102631, 0.3302610210450994122, 0.3483393403036955105, 0.3617874722637031693, 0.3714944117322120931, 0.3768711599805257828 ),
 .UNSPECIFIED. ) ;
#150 = CARTESIAN_POINT ( 'NONE',  ( 14.09382379058831880, 105.4999999999999858, -72.21007334607602957 ) ) ;
#151 = DIRECTION ( 'NONE',  ( 0.000000000000000000, 0.000000000000000000, 1.000000000000000000 ) ) ;
#152 = AXIS2_PLACEMENT_3D ( 'NONE', #2142, #4793, #1691 ) ;
#153 = ORIENTED_EDGE ( 'NONE', *, *, #1674, .T. ) ;
#154 = CARTESIAN_POINT ( 'NONE',  ( 13.92992009981655244, 110.9999999999999858, -74.75238185207895469 ) ) ;
#155 = CARTESIAN_POINT ( 'NONE',  ( -15.09667704849458580, 105.4999999999999858, -68.95620347160195251 ) ) ;
#156 = DIRECTION ( 'NONE',  ( 0.000000000000000000, 1.000000000000000000, 0.000000000000000000 ) ) ;
#157 = AXIS2_PLACEMENT_3D ( 'NONE', #3636, #5210, #5148 ) ;
#158 = CARTESIAN_POINT ( 'NONE',  ( 3.972025084481231705, 110.9999999999999858, -84.91807599929596506 ) ) ;
#159 = CARTESIAN_POINT ( 'NONE',  ( 7.496182274013326818, 105.4999999999999858, -84.95650818270658533 ) ) ;
#160 = CARTESIAN_POINT ( 'NONE',  ( -14.86850930407208971, 111.0000000000000142, -68.91067050612954858 ) ) ;
#161 = CARTESIAN_POINT ( 'NONE',  ( -13.13794342037001606, 105.4999999999999858, -66.36011380185183839 ) ) ;
#162 = ORIENTED_EDGE ( 'NONE', *, *, #4351, .T. ) ;
#163 = CARTESIAN_POINT ( 'NONE',  ( -7.356595353083648092, 105.4999999999999858, -84.40406644306823125 ) ) ;
#164 = ORIENTED_EDGE ( 'NONE', *, *, #6466, .F. ) ;
#165 = ADVANCED_FACE ( 'NONE', ( #2001 ), #348, .T. ) ;
#166 = B_SPLINE_CURVE_WITH_KNOTS ( 'NONE', 4,
 ( #6149, #5227, #1327, #797, #2945, #5085, #262, #1884, #4607, #1562, #3185, #5363, #6933, #4178, #2686, #6309, #3794, #538, #6409 ),
 .UNSPECIFIED., .F., .F.,
 ( 5, 1, 1, 1, 1, 1, 1, 1, 1, 1, 1, 1, 1, 1, 1, 5 ),
 ( 0.000000000000000000, 0.01510380894618329473, 0.06983612823799767444, 0.1205638147985295117, 0.1479301470313329203, 0.1752962048027451036, 0.2026623067199501693, 0.2300286649678376372, 0.2573949849334067341, 0.2847606352807794949, 0.3120163113035102631, 0.3302610210450994122, 0.3483393403036955105, 0.3617874722637031693, 0.3714944117322120931, 0.3768711599805257828 ),
 .UNSPECIFIED. ) ;
#167 = AXIS2_PLACEMENT_3D ( 'NONE', #667, #1152, #5378 ) ;
#168 = CARTESIAN_POINT ( 'NONE',  ( 0.000000000000000000, 105.4999999999999858, -71.99999999999998579 ) ) ;
#169 = CARTESIAN_POINT ( 'NONE',  ( 15.85315169316514350, 105.4999999999999858, -76.06946622870728447 ) ) ;
#170 = CIRCLE ( 'NONE', #6345, 1.499999999999999778 ) ;
#171 = CARTESIAN_POINT ( 'NONE',  ( -1.518223395023230227, 110.9999999999999858, -87.10998091890853345 ) ) ;
#172 = CARTESIAN_POINT ( 'NONE',  ( -8.356536486907536698, 110.9999999999999858, -81.85073316783557118 ) ) ;
#173 = VECTOR ( 'NONE', #6261, 1000.000000000000000 ) ;
#174 = CARTESIAN_POINT ( 'NONE',  ( -8.882880340531091434, 105.4999999999999858, -82.18568150153937779 ) ) ;
#175 = DIRECTION ( 'NONE',  ( 0.000000000000000000, 1.000000000000000000, -0.000000000000000000 ) ) ;
#176 = CARTESIAN_POINT ( 'NONE',  ( -14.02344611070620672, 110.9999999999999858, -74.78510912270678546 ) ) ;
#177 = AXIS2_PLACEMENT_3D ( 'NONE', #6938, #1598, #1033 ) ;
#178 = CARTESIAN_POINT ( 'NONE',  ( -9.638698607692782971, 105.4999999999999858, -64.04101205239877004 ) ) ;
#179 = ORIENTED_EDGE ( 'NONE', *, *, #1862, .F. ) ;
#180 = CARTESIAN_POINT ( 'NONE',  ( 0.000000000000000000, 105.4999999999999858, -71.99999999999998579 ) ) ;
#181 = CARTESIAN_POINT ( 'NONE',  ( -11.52562097703219912, 110.9999999999999858, -80.11418886548004537 ) ) ;
#182 = EDGE_CURVE ( 'NONE', #1368, #3217, #170, .T. ) ;
#183 = CARTESIAN_POINT ( 'NONE',  ( -16.07133587230408622, 105.4999999999999858, -76.29684793774167417 ) ) ;
#184 = CARTESIAN_POINT ( 'NONE',  ( 14.23401782765946955, 105.4999999999999858, -68.83883676625815440 ) ) ;
#185 = ORIENTED_EDGE ( 'NONE', *, *, #2709, .F. ) ;
#186 = CARTESIAN_POINT ( 'NONE',  ( 14.38331250274789852, 105.4999999999999858, -62.93797365661252030 ) ) ;
#187 = DIRECTION ( 'NONE',  ( 0.000000000000000000, 1.000000000000000000, 0.000000000000000000 ) ) ;
#188 = ORIENTED_EDGE ( 'NONE', *, *, #878, .F. ) ;
#189 = CARTESIAN_POINT ( 'NONE',  ( -7.175214880277781759, 110.9999999999999858, -59.30683223420265904 ) ) ;
#190 = CARTESIAN_POINT ( 'NONE',  ( -14.38331250274416107, 110.9999999999999858, -62.93797365660659437 ) ) ;
#191 = CARTESIAN_POINT ( 'NONE',  ( 12.18490139587366805, 110.9999999999999858, -83.85445814758261918 ) ) ;
#192 = CARTESIAN_POINT ( 'NONE',  ( -11.12469391732262380, 110.9999999999999858, -83.59777751916895738 ) ) ;
#193 = ORIENTED_EDGE ( 'NONE', *, *, #297, .T. ) ;
#194 = CARTESIAN_POINT ( 'NONE',  ( 0.6562887717702948764, 105.4999999999999858, -88.98732718964346589 ) ) ;
#195 = CARTESIAN_POINT ( 'NONE',  ( -4.314488465858564936, 105.4999999999999858, -55.93339089296122069 ) ) ;
#196 = DIRECTION ( 'NONE',  ( -0.9928535775496396543, 0.000000000000000000, -0.1193389020683603002 ) ) ;
#197 = B_SPLINE_SURFACE_WITH_KNOTS ( 'NONE', 4, 1, ( 
 ( #3264, #1607 ),
 ( #2698, #5907 ),
 ( #3299, #3169 ),
 ( #5445, #3806 ),
 ( #92, #2239 ),
 ( #5305, #482 ),
 ( #5939, #6530 ),
 ( #5404, #3733 ),
 ( #3232, #583 ),
 ( #2101, #5374 ),
 ( #13, #1042 ),
 ( #2732, #2666 ),
 ( #1225, #2921 ),
 ( #3985, #1298 ),
 ( #3414, #2843 ),
 ( #271, #4580 ),
 ( #3341, #2809 ),
 ( #4950, #6155 ),
 ( #5485, #4987 ) ),
 .UNSPECIFIED., .F., .F., .F.,
 ( 5, 1, 1, 1, 1, 1, 1, 1, 1, 1, 1, 1, 1, 1, 1, 5 ),
 ( 2, 2 ),
 ( 0.000000000000000000, 0.01510380894618329473, 0.06983612823799767444, 0.1205638147985295117, 0.1479301470313329203, 0.1752962048027451036, 0.2026623067199501693, 0.2300286649678376649, 0.2573949849334067341, 0.2847606352807794949, 0.3120163113035102631, 0.3302610210450994122, 0.3483393403036955105, 0.3617874722637031693, 0.3714944117322120931, 0.3768711599805257828 ),
 ( 0.000000000000000000, 1.000000000000000000 ),
 .UNSPECIFIED. ) ;
#198 = CARTESIAN_POINT ( 'NONE',  ( 7.313777566332055002, 110.9999999999999858, -84.28505316859167351 ) ) ;
#199 = CARTESIAN_POINT ( 'NONE',  ( 14.10525394431036439, 105.4999999999999858, -72.20999043559534414 ) ) ;
#200 = CARTESIAN_POINT ( 'NONE',  ( -11.52562097703219912, 105.4999999999999858, -80.11418886548004537 ) ) ;
#201 = VERTEX_POINT ( 'NONE', #942 ) ;
#202 = CARTESIAN_POINT ( 'NONE',  ( -13.94386143010087586, 110.9999999999999858, -68.84047439266417712 ) ) ;
#203 = VERTEX_POINT ( 'NONE', #4656 ) ;
#204 = CARTESIAN_POINT ( 'NONE',  ( -15.60980656595232929, 105.4999999999999858, -71.73847488234609671 ) ) ;
#205 = CARTESIAN_POINT ( 'NONE',  ( 15.95310383445372082, 110.9999999999999858, -77.87354050357112101 ) ) ;
#206 = CARTESIAN_POINT ( 'NONE',  ( 4.295494682691084698, 110.9999999999999858, -85.76695627014322554 ) ) ;
#207 = DIRECTION ( 'NONE',  ( 0.000000000000000000, 1.000000000000000000, -0.000000000000000000 ) ) ;
#208 = EDGE_CURVE ( 'NONE', #1368, #5069, #3104, .T. ) ;
#209 = CARTESIAN_POINT ( 'NONE',  ( 13.45705252280094122, 110.9999999999999858, -78.07965892252398987 ) ) ;
#210 = CARTESIAN_POINT ( 'NONE',  ( -1.684686988164369348, 110.9999999999999858, -86.19773585460632148 ) ) ;
#211 = CARTESIAN_POINT ( 'NONE',  ( -15.21432071101379613, 110.9999999999999858, -75.50127144281509572 ) ) ;
#212 = DIRECTION ( 'NONE',  ( 0.000000000000000000, 0.000000000000000000, 1.000000000000000000 ) ) ;
#213 = ORIENTED_EDGE ( 'NONE', *, *, #3183, .T. ) ;
#214 = CARTESIAN_POINT ( 'NONE',  ( 8.470279130392340150, 110.9999999999999858, -58.34270782360218277 ) ) ;
#215 = CARTESIAN_POINT ( 'NONE',  ( -16.33798488876574240, 105.4999999999999858, -76.60069971194489824 ) ) ;
#216 = CARTESIAN_POINT ( 'NONE',  ( 8.356536486906172456, 105.4999999999999858, -81.85073316784834674 ) ) ;
#217 = EDGE_LOOP ( 'NONE', ( #4860, #1168, #4102, #6109 ) ) ;
#218 = DIRECTION ( 'NONE',  ( 0.000000000000000000, 1.000000000000000000, 0.000000000000000000 ) ) ;
#219 = EDGE_CURVE ( 'NONE', #3973, #5687, #78, .T. ) ;
#220 = LINE ( 'NONE', #5077, #6123 ) ;
#221 = CARTESIAN_POINT ( 'NONE',  ( 6.571045829583094466, 110.9999999999999858, -60.19004540650072244 ) ) ;
#222 = ORIENTED_EDGE ( 'NONE', *, *, #988, .T. ) ;
#223 = LINE ( 'NONE', #4531, #476 ) ;
#224 = DIRECTION ( 'NONE',  ( 0.000000000000000000, 1.000000000000000000, -0.000000000000000000 ) ) ;
#225 = ORIENTED_EDGE ( 'NONE', *, *, #2295, .T. ) ;
#226 = EDGE_CURVE ( 'NONE', #5822, #4829, #6777, .T. ) ;
#227 = CARTESIAN_POINT ( 'NONE',  ( -8.923273903624934889, 110.9999999999999858, -62.65955949423155857 ) ) ;
#228 = CARTESIAN_POINT ( 'NONE',  ( 11.67824955973201284, 110.9999999999999858, -80.24817318353127860 ) ) ;
#229 = APPLICATION_CONTEXT ( 'automotive_design' ) ;
#230 = EDGE_CURVE ( 'NONE', #913, #1525, #4117, .T. ) ;
#231 = CARTESIAN_POINT ( 'NONE',  ( -4.612637021839380402, 110.9999999999999858, -86.24034524435874971 ) ) ;
#232 = CARTESIAN_POINT ( 'NONE',  ( 16.81980934022273999, 105.4999999999999858, -70.98703393937255157 ) ) ;
#233 = CARTESIAN_POINT ( 'NONE',  ( -10.85706823368399476, 110.9999999999999858, -83.50717346308874767 ) ) ;
#234 = VERTEX_POINT ( 'NONE', #3005 ) ;
#235 = CARTESIAN_POINT ( 'NONE',  ( -13.78491443102294056, 110.9999999999999858, -68.85628345038686859 ) ) ;
#236 = ORIENTED_EDGE ( 'NONE', *, *, #4420, .F. ) ;
#237 = CARTESIAN_POINT ( 'NONE',  ( -14.76644926664480906, 105.4999999999999858, -72.08056842383929563 ) ) ;
#238 = EDGE_CURVE ( 'NONE', #4666, #5304, #3105, .T. ) ;
#239 = FACE_OUTER_BOUND ( 'NONE', #991, .T. ) ;
#240 = CARTESIAN_POINT ( 'NONE',  ( -13.26572759404716351, 110.9999999999999858, -78.05150294629564200 ) ) ;
#241 = CARTESIAN_POINT ( 'NONE',  ( 15.92193086975788141, 110.9999999999999858, -77.88118231682022952 ) ) ;
#242 = CARTESIAN_POINT ( 'NONE',  ( 8.923273903637747750, 110.9999999999999858, -62.65955949423158700 ) ) ;
#243 = CARTESIAN_POINT ( 'NONE',  ( 0.4999999999999900080, 105.4999999999999858, -78.48074069840784261 ) ) ;
#244 = ORIENTED_EDGE ( 'NONE', *, *, #6880, .T. ) ;
#245 = CYLINDRICAL_SURFACE ( 'NONE', #1515, 12.50000000000000178 ) ;
#246 = CARTESIAN_POINT ( 'NONE',  ( 27.68122796361754823, 114.9999999999999858, -68.54843108296059029 ) ) ;
#247 = CARTESIAN_POINT ( 'NONE',  ( -2.019805852948201252, 111.0000000000000000, -56.30887652023935885 ) ) ;
#248 = CARTESIAN_POINT ( 'NONE',  ( 15.81706902147136518, 105.4999999999999858, -69.15613191088834810 ) ) ;
#249 = EDGE_LOOP ( 'NONE', ( #3405, #614, #5112, #2885 ) ) ;
#250 = CARTESIAN_POINT ( 'NONE',  ( -23.81569860407218542, 112.9999999999999858, -68.74999999999937472 ) ) ;
#251 = CIRCLE ( 'NONE', #4653, 16.99999999999860023 ) ;
#252 = EDGE_CURVE ( 'NONE', #4485, #837, #2034, .T. ) ;
#253 = B_SPLINE_CURVE_WITH_KNOTS ( 'NONE', 4,
 ( #4958, #2892, #3387, #5980, #635, #6503, #1721, #2357, #1308, #1685, #3422, #701, #1198, #3846, #1796, #1154, #3882, #6019, #3958 ),
 .UNSPECIFIED., .F., .F.,
 ( 5, 1, 1, 1, 1, 1, 1, 1, 1, 1, 1, 1, 1, 1, 1, 5 ),
 ( 0.000000000000000000, 0.005376748248313690560, 0.01508368771682262223, 0.02853181967683027578, 0.04661013893542635678, 0.06485484867701551970, 0.09211052469974631562, 0.1194761750471190626, 0.1468424950126881179, 0.1742088532605756135, 0.2015749551777806792, 0.2289410129491928625, 0.2563073451819962711, 0.3070350317425281084, 0.3617673510343424326, 0.3768711599805257828 ),
 .UNSPECIFIED. ) ;
#254 = CARTESIAN_POINT ( 'NONE',  ( 16.82566797711336193, 110.9999999999999858, -69.57164724063930805 ) ) ;
#255 = B_SPLINE_SURFACE_WITH_KNOTS ( 'NONE', 3, 1, ( 
 ( #1023, #3273 ),
 ( #3178, #5414 ),
 ( #1583, #3742 ),
 ( #5354, #529 ) ),
 .UNSPECIFIED., .F., .F., .F.,
 ( 4, 4 ),
 ( 2, 2 ),
 ( 0.000000000000000000, 1.000000000000000000 ),
 ( 0.000000000000000000, 1.000000000000000000 ),
 .UNSPECIFIED. ) ;
#256 = CARTESIAN_POINT ( 'NONE',  ( 0.6562887717702948764, 105.4999999999999858, -88.98732718964346589 ) ) ;
#257 = TOROIDAL_SURFACE ( 'NONE', #4314, 10.50000000000001066, 2.000000000000000000 ) ;
#258 = ORIENTED_EDGE ( 'NONE', *, *, #6340, .F. ) ;
#259 = FACE_OUTER_BOUND ( 'NONE', #272, .T. ) ;
#260 = ORIENTED_EDGE ( 'NONE', *, *, #6856, .T. ) ;
#261 = AXIS2_PLACEMENT_3D ( 'NONE', #2891, #2277, #2850 ) ;
#262 = CARTESIAN_POINT ( 'NONE',  ( -10.30926330478154362, 110.9999999999999858, -59.99958076344123725 ) ) ;
#263 = DIRECTION ( 'NONE',  ( 0.000000000000000000, 1.000000000000000000, -0.000000000000000000 ) ) ;
#264 = ADVANCED_FACE ( 'NONE', ( #5274 ), #3530, .F. ) ;
#265 = B_SPLINE_CURVE_WITH_KNOTS ( 'NONE', 3,
 ( #2024, #4182, #6701, #6804 ),
 .UNSPECIFIED., .F., .F.,
 ( 4, 4 ),
 ( 0.000000000000000000, 1.000000000000000000 ),
 .UNSPECIFIED. ) ;
#266 = AXIS2_PLACEMENT_3D ( 'NONE', #4957, #2321, #1263 ) ;
#267 = DIRECTION ( 'NONE',  ( 0.000000000000000000, 0.000000000000000000, 1.000000000000000000 ) ) ;
#268 = CYLINDRICAL_SURFACE ( 'NONE', #6350, 12.49999999999999645 ) ;
#269 = CARTESIAN_POINT ( 'NONE',  ( 0.000000000000000000, 105.4999999999999858, -71.99999999999998579 ) ) ;
#270 = ORIENTED_EDGE ( 'NONE', *, *, #5293, .F. ) ;
#271 = CARTESIAN_POINT ( 'NONE',  ( -4.193377157775825204, 105.4999999999999858, -85.56590829467639026 ) ) ;
#272 = EDGE_LOOP ( 'NONE', ( #5225, #1393, #6847, #1071 ) ) ;
#273 = CARTESIAN_POINT ( 'NONE',  ( 14.35123191981367974, 105.4999999999999858, -62.93698005912249016 ) ) ;
#274 = CIRCLE ( 'NONE', #4004, 16.99999999999860378 ) ;
#275 = DIRECTION ( 'NONE',  ( -0.000000000000000000, -1.000000000000000000, 0.000000000000000000 ) ) ;
#276 = CARTESIAN_POINT ( 'NONE',  ( 0.000000000000000000, 105.4999999999999858, -71.99999999999998579 ) ) ;
#277 = DIRECTION ( 'NONE',  ( 0.000000000000000000, 1.000000000000000000, -0.000000000000000000 ) ) ;
#278 = CARTESIAN_POINT ( 'NONE',  ( -13.82951663050654290, 105.4999999999999858, -74.72478799495083024 ) ) ;
#279 = DIRECTION ( 'NONE',  ( 0.9928535775496396543, 0.000000000000000000, 0.1193389020683602447 ) ) ;
#280 = CIRCLE ( 'NONE', #1622, 12.50000000000000178 ) ;
#281 = ORIENTED_EDGE ( 'NONE', *, *, #61, .F. ) ;
#282 = FACE_OUTER_BOUND ( 'NONE', #1438, .T. ) ;
#283 = CARTESIAN_POINT ( 'NONE',  ( -16.61350354400137519, 110.9999999999999858, -71.13846711388281108 ) ) ;
#284 = AXIS2_PLACEMENT_3D ( 'NONE', #5096, #6808, #2487 ) ;
#285 = CARTESIAN_POINT ( 'NONE',  ( -9.282203819006722867, 105.4999999999999858, -82.62275750822638543 ) ) ;
#286 = VECTOR ( 'NONE', #1403, 1000.000000000000000 ) ;
#287 = AXIS2_PLACEMENT_3D ( 'NONE', #5803, #5302, #4874 ) ;
#288 = DIRECTION ( 'NONE',  ( 0.000000000000000000, 1.000000000000000000, 0.000000000000000000 ) ) ;
#289 = ORIENTED_EDGE ( 'NONE', *, *, #5190, .F. ) ;
#290 = CARTESIAN_POINT ( 'NONE',  ( 7.249624935047140006, 105.4999999999999858, -84.13877085687494173 ) ) ;
#291 = AXIS2_PLACEMENT_3D ( 'NONE', #49, #1075, #87 ) ;
#292 = AXIS2_PLACEMENT_3D ( 'NONE', #2639, #6471, #3238 ) ;
#293 = DIRECTION ( 'NONE',  ( -0.9928535775496396543, 0.000000000000000000, -0.1193389020683599394 ) ) ;
#294 = AXIS2_PLACEMENT_3D ( 'NONE', #593, #6021, #22 ) ;
#295 = LINE ( 'NONE', #4636, #2849 ) ;
#296 = ORIENTED_EDGE ( 'NONE', *, *, #6660, .T. ) ;
#297 = EDGE_CURVE ( 'NONE', #364, #1415, #5900, .T. ) ;
#298 = DIRECTION ( 'NONE',  ( -0.1637789924581190548, 0.000000000000000000, 0.9864970560672766675 ) ) ;
#299 = ORIENTED_EDGE ( 'NONE', *, *, #5428, .F. ) ;
#300 = DIRECTION ( 'NONE',  ( -0.000000000000000000, -1.000000000000000000, -0.000000000000000000 ) ) ;
#301 = CARTESIAN_POINT ( 'NONE',  ( 6.864983040961222471, 110.9999999999999858, -59.68935388788065666 ) ) ;
#302 = CARTESIAN_POINT ( 'NONE',  ( 14.95365000612542872, 111.0000000000000000, -64.23337666834989079 ) ) ;
#303 = DIRECTION ( 'NONE',  ( 0.000000000000000000, 1.000000000000000000, -0.000000000000000000 ) ) ;
#304 = CARTESIAN_POINT ( 'NONE',  ( 0.000000000000000000, 105.4999999999999858, -71.99999999999998579 ) ) ;
#305 = ORIENTED_EDGE ( 'NONE', *, *, #6324, .T. ) ;
#306 = CARTESIAN_POINT ( 'NONE',  ( 9.708160154912828688, 110.9999999999999858, -61.50402457835247816 ) ) ;
#307 = ORIENTED_EDGE ( 'NONE', *, *, #3277, .F. ) ;
#308 = CARTESIAN_POINT ( 'NONE',  ( 14.20291810990396542, 110.9999999999999858, -62.93307088123231807 ) ) ;
#309 = EDGE_CURVE ( 'NONE', #4485, #4857, #3867, .T. ) ;
#310 = DIRECTION ( 'NONE',  ( 0.000000000000000000, 1.000000000000000000, 0.000000000000000000 ) ) ;
#311 = CARTESIAN_POINT ( 'NONE',  ( 0.000000000000000000, 105.4999999999999858, -71.99999999999998579 ) ) ;
#312 = CARTESIAN_POINT ( 'NONE',  ( 0.000000000000000000, 105.4999999999999858, -71.99999999999998579 ) ) ;
#313 = CARTESIAN_POINT ( 'NONE',  ( 13.17339452564297098, 110.9999999999999858, -68.98083662801182925 ) ) ;
#314 = CARTESIAN_POINT ( 'NONE',  ( -15.21432071101379613, 105.4999999999999858, -75.50127144281509572 ) ) ;
#315 = CARTESIAN_POINT ( 'NONE',  ( 12.25780488725250805, 110.9999999999999858, -77.69209013819909160 ) ) ;
#316 = ORIENTED_EDGE ( 'NONE', *, *, #5463, .T. ) ;
#317 = B_SPLINE_SURFACE_WITH_KNOTS ( 'NONE', 3, 1, ( 
 ( #178, #4484 ),
 ( #6094, #3765 ),
 ( #978, #3260 ),
 ( #5865, #444 ) ),
 .UNSPECIFIED., .F., .F., .F.,
 ( 4, 4 ),
 ( 2, 2 ),
 ( 0.000000000000000000, 1.000000000000000000 ),
 ( 0.000000000000000000, 1.000000000000000000 ),
 .UNSPECIFIED. ) ;
#318 = CARTESIAN_POINT ( 'NONE',  ( -1.685579019668632661, 105.4999999999999858, -86.03800708731080249 ) ) ;
#319 = B_SPLINE_CURVE_WITH_KNOTS ( 'NONE', 4,
 ( #6934, #5330, #5294, #931, #5231, #3187, #6834, #6310, #3156, #508, #2120, #2023, #1494, #2582, #5826, #4249, #3403, #3829, #650 ),
 .UNSPECIFIED., .F., .F.,
 ( 5, 1, 1, 1, 1, 1, 1, 1, 1, 1, 1, 1, 1, 1, 1, 5 ),
 ( 0.000000000000000000, 0.01510380894618329473, 0.06983612823799767444, 0.1205638147985295117, 0.1479301470313329203, 0.1752962048027451036, 0.2026623067199501693, 0.2300286649678376372, 0.2573949849334067341, 0.2847606352807794949, 0.3120163113035102631, 0.3302610210450994122, 0.3483393403036955105, 0.3617874722637031693, 0.3714944117322120931, 0.3768711599805257828 ),
 .UNSPECIFIED. ) ;
#320 = EDGE_LOOP ( 'NONE', ( #3558, #4674, #5569, #3603 ) ) ;
#321 = CARTESIAN_POINT ( 'NONE',  ( -3.627421808717643525, 105.4999999999999858, -84.39800213835086140 ) ) ;
#322 = CARTESIAN_POINT ( 'NONE',  ( 0.000000000000000000, 112.9999999999999858, -99.49999999999997158 ) ) ;
#323 = CARTESIAN_POINT ( 'NONE',  ( 16.82566797711336193, 110.9999999999999858, -69.57164724063930805 ) ) ;
#324 = ADVANCED_FACE ( 'NONE', ( #6226 ), #4044, .F. ) ;
#325 = LINE ( 'NONE', #3075, #5462 ) ;
#326 = ORIENTED_EDGE ( 'NONE', *, *, #3901, .T. ) ;
#327 = CARTESIAN_POINT ( 'NONE',  ( -1.392108514428388233, 110.9999999999999858, -57.48579143070855935 ) ) ;
#328 = CARTESIAN_POINT ( 'NONE',  ( 13.92992009981655244, 105.4999999999999858, -74.75238185207895469 ) ) ;
#329 = FACE_OUTER_BOUND ( 'NONE', #1497, .T. ) ;
#330 = ORIENTED_EDGE ( 'NONE', *, *, #5226, .T. ) ;
#331 = CARTESIAN_POINT ( 'NONE',  ( 15.18590442083017322, 105.4999999999999858, -71.93048332296064018 ) ) ;
#332 = EDGE_LOOP ( 'NONE', ( #3426, #6393, #6960, #802, #886 ) ) ;
#333 = DIRECTION ( 'NONE',  ( 1.224646799147352468E-16, 0.000000000000000000, -1.000000000000000000 ) ) ;
#334 = CARTESIAN_POINT ( 'NONE',  ( 12.33121320084095096, 114.9999999999999858, -97.45276259427346588 ) ) ;
#335 = EDGE_CURVE ( 'NONE', #109, #6364, #42, .T. ) ;
#336 = DIRECTION ( 'NONE',  ( 0.000000000000000000, 1.000000000000000000, 0.000000000000000000 ) ) ;
#337 = CARTESIAN_POINT ( 'NONE',  ( 14.66063268841480749, 110.9999999999999858, -64.72340579882295231 ) ) ;
#338 = CARTESIAN_POINT ( 'NONE',  ( 16.35871260184050158, 105.4999999999999858, -76.62520507765191269 ) ) ;
#339 = EDGE_LOOP ( 'NONE', ( #2842, #4813, #3605, #1224 ) ) ;
#340 = CARTESIAN_POINT ( 'NONE',  ( -11.89895147195179170, 105.4999999999999858, -63.25531766821770674 ) ) ;
#341 = ORIENTED_EDGE ( 'NONE', *, *, #5393, .F. ) ;
#342 = CARTESIAN_POINT ( 'NONE',  ( -14.09382379057604950, 105.4999999999999858, -72.21007334604077244 ) ) ;
#343 = EDGE_CURVE ( 'NONE', #5237, #1678, #5684, .T. ) ;
#344 = CARTESIAN_POINT ( 'NONE',  ( 13.17339452564297098, 105.4999999999999858, -68.98083662801182925 ) ) ;
#345 = CARTESIAN_POINT ( 'NONE',  ( -15.40483625196457851, 110.9999999999999858, -77.99034810663341943 ) ) ;
#346 = DIRECTION ( 'NONE',  ( 0.9928535775496397653, 0.000000000000000000, 0.1193389020683589263 ) ) ;
#347 = CARTESIAN_POINT ( 'NONE',  ( -5.568177290555279768, 105.4999999999999858, -60.80869079772411823 ) ) ;
#348 = CYLINDRICAL_SURFACE ( 'NONE', #6240, 16.99999999999859668 ) ;
#349 = CARTESIAN_POINT ( 'NONE',  ( -4.402314712682393605, 110.9999999999999858, -56.23603478931794797 ) ) ;
#350 = ORIENTED_EDGE ( 'NONE', *, *, #4536, .F. ) ;
#351 = DIRECTION ( 'NONE',  ( 0.000000000000000000, 1.000000000000000000, 0.000000000000000000 ) ) ;
#352 = ORIENTED_EDGE ( 'NONE', *, *, #2372, .T. ) ;
#353 = CARTESIAN_POINT ( 'NONE',  ( -11.08283655869327511, 105.4999999999999858, -77.78106684041031826 ) ) ;
#354 = CARTESIAN_POINT ( 'NONE',  ( 6.907869425497130678, 110.9999999999999858, -82.41783758753618372 ) ) ;
#355 = DIRECTION ( 'NONE',  ( 0.000000000000000000, 1.000000000000000000, 0.000000000000000000 ) ) ;
#356 = EDGE_CURVE ( 'NONE', #2855, #2953, #3619, .T. ) ;
#357 = PLANE ( 'NONE',  #4575 ) ;
#358 = VERTEX_POINT ( 'NONE', #6361 ) ;
#359 = CARTESIAN_POINT ( 'NONE',  ( 9.304399815447759181, 105.4999999999999858, -82.64588952080715956 ) ) ;
#360 = CARTESIAN_POINT ( 'NONE',  ( 9.714451465470119729E-14, 113.4999999999999858, -29.28342443435894182 ) ) ;
#361 = CARTESIAN_POINT ( 'NONE',  ( 4.155439442330526312, 105.4999999999999858, -85.46893918955788649 ) ) ;
#362 = ORIENTED_EDGE ( 'NONE', *, *, #5551, .T. ) ;
#363 = CARTESIAN_POINT ( 'NONE',  ( 14.96875636758210604, 110.9999999999999858, -72.01363018937458094 ) ) ;
#364 = VERTEX_POINT ( 'NONE', #1078 ) ;
#365 = EDGE_CURVE ( 'NONE', #5166, #432, #502, .T. ) ;
#366 = CARTESIAN_POINT ( 'NONE',  ( -23.81569860407218542, 110.9999999999999858, -58.24999999999938183 ) ) ;
#367 = CARTESIAN_POINT ( 'NONE',  ( 14.13393755131164475, 110.9999999999999858, -78.11605792226117728 ) ) ;
#368 = AXIS2_PLACEMENT_3D ( 'NONE', #477, #515, #4323 ) ;
#369 = CARTESIAN_POINT ( 'NONE',  ( -5.704278851339863010, 110.9999999999999858, -87.34093141824349971 ) ) ;
#370 = CARTESIAN_POINT ( 'NONE',  ( 13.82951663048718594, 110.9999999999999858, -74.72478799498279045 ) ) ;
#371 = CARTESIAN_POINT ( 'NONE',  ( 9.651732629743548841, 105.4999999999999858, -61.58547470639049948 ) ) ;
#372 = AXIS2_PLACEMENT_3D ( 'NONE', #81, #6040, #1779 ) ;
#373 = ORIENTED_EDGE ( 'NONE', *, *, #2856, .F. ) ;
#374 = CARTESIAN_POINT ( 'NONE',  ( -13.01229113502208001, 105.4999999999999858, -63.00159729962454236 ) ) ;
#375 = ORIENTED_EDGE ( 'NONE', *, *, #1055, .T. ) ;
#376 = CARTESIAN_POINT ( 'NONE',  ( 12.32651562896671926, 105.4999999999999858, -63.13018951185991767 ) ) ;
#377 = CARTESIAN_POINT ( 'NONE',  ( -13.82951663050654290, 110.9999999999999858, -74.72478799495083024 ) ) ;
#378 = CIRCLE ( 'NONE', #3869, 11.00000000000007283 ) ;
#379 = CARTESIAN_POINT ( 'NONE',  ( 12.47604671605494531, 110.9999999999999858, -72.77347161474396842 ) ) ;
#380 = CARTESIAN_POINT ( 'NONE',  ( 2.867712144238618865, 105.4999999999999858, -55.27061223108242416 ) ) ;
#381 = CARTESIAN_POINT ( 'NONE',  ( -0.8797706761290331468, 110.9999999999999858, -88.61254774193008643 ) ) ;
#382 = CARTESIAN_POINT ( 'NONE',  ( -4.574970340463472951, 110.9999999999999858, -57.07337604153263300 ) ) ;
#383 = ORIENTED_EDGE ( 'NONE', *, *, #840, .F. ) ;
#384 = CARTESIAN_POINT ( 'NONE',  ( -1.686911345410014196, 105.4999999999999858, -86.09867404971171823 ) ) ;
#385 = ORIENTED_EDGE ( 'NONE', *, *, #1563, .T. ) ;
#386 = AXIS2_PLACEMENT_3D ( 'NONE', #820, #5683, #863 ) ;
#387 = CARTESIAN_POINT ( 'NONE',  ( -3.627421808717643525, 110.9999999999999858, -84.39800213835086140 ) ) ;
#388 = CARTESIAN_POINT ( 'NONE',  ( -7.063938973382815512, 110.9999999999999858, -59.42696831733143625 ) ) ;
#389 = CARTESIAN_POINT ( 'NONE',  ( 16.82566797711336193, 105.4999999999999858, -69.57164724063930805 ) ) ;
#390 = CIRCLE ( 'NONE', #1293, 16.99999999999860378 ) ;
#391 = CARTESIAN_POINT ( 'NONE',  ( -12.98225229161524652, 105.4999999999999858, -77.98957419870200169 ) ) ;
#392 = ORIENTED_EDGE ( 'NONE', *, *, #1407, .F. ) ;
#393 = CARTESIAN_POINT ( 'NONE',  ( 9.523655234390220770, 110.9999999999999858, -82.82960527856560873 ) ) ;
#394 = CARTESIAN_POINT ( 'NONE',  ( 13.87181067860504946, 105.4999999999999858, -74.73490184677865500 ) ) ;
#395 = AXIS2_PLACEMENT_3D ( 'NONE', #2786, #5498, #103 ) ;
#396 = EDGE_CURVE ( 'NONE', #1781, #1575, #11, .T. ) ;
#397 = VECTOR ( 'NONE', #2753, 1000.000000000000000 ) ;
#398 = CARTESIAN_POINT ( 'NONE',  ( -12.96079323226404156, 105.4999999999999858, -66.45943697436599962 ) ) ;
#399 = ORIENTED_EDGE ( 'NONE', *, *, #1394, .T. ) ;
#400 = VECTOR ( 'NONE', #351, 1000.000000000000000 ) ;
#401 = VERTEX_POINT ( 'NONE', #3701 ) ;
#402 = CARTESIAN_POINT ( 'NONE',  ( 14.35123191981367974, 105.4999999999999858, -62.93698005912249016 ) ) ;
#403 = LINE ( 'NONE', #334, #6239 ) ;
#404 = EDGE_CURVE ( 'NONE', #5786, #6243, #3315, .T. ) ;
#405 = CARTESIAN_POINT ( 'NONE',  ( -8.923273903624934889, 105.4999999999999858, -62.65955949423155857 ) ) ;
#406 = DIRECTION ( 'NONE',  ( 0.000000000000000000, 1.000000000000000000, -0.000000000000000000 ) ) ;
#407 = CARTESIAN_POINT ( 'NONE',  ( 16.33798488876271193, 105.4999999999999858, -76.60069971195507321 ) ) ;
#408 = ORIENTED_EDGE ( 'NONE', *, *, #2570, .F. ) ;
#409 = CARTESIAN_POINT ( 'NONE',  ( 0.000000000000000000, 110.9999999999999858, -71.99999999999998579 ) ) ;
#410 = ORIENTED_EDGE ( 'NONE', *, *, #6945, .T. ) ;
#411 = CARTESIAN_POINT ( 'NONE',  ( 13.94700302803239111, 105.4999999999999858, -62.93182237401233436 ) ) ;
#412 = CYLINDRICAL_SURFACE ( 'NONE', #4573, 16.99999999999860378 ) ;
#413 = EDGE_CURVE ( 'NONE', #2418, #6185, #2015, .T. ) ;
#414 = CARTESIAN_POINT ( 'NONE',  ( -11.71203505488228913, 105.4999999999999858, -67.63213612011449527 ) ) ;
#415 = CARTESIAN_POINT ( 'NONE',  ( -6.864983040936785130, 110.9999999999999858, -59.68935388785236285 ) ) ;
#416 = CARTESIAN_POINT ( 'NONE',  ( -11.31448124628113128, 105.4999999999999858, -63.52124220522320286 ) ) ;
#417 = CARTESIAN_POINT ( 'NONE',  ( 10.42436958044680040, 105.4999999999999858, -83.33608724662467182 ) ) ;
#418 = ORIENTED_EDGE ( 'NONE', *, *, #6288, .F. ) ;
#419 = CARTESIAN_POINT ( 'NONE',  ( -1.683240604810041452, 105.4999999999999858, -86.00603390981339658 ) ) ;
#420 = ORIENTED_EDGE ( 'NONE', *, *, #3562, .T. ) ;
#421 = CARTESIAN_POINT ( 'NONE',  ( -4.155439442360330915, 105.4999999999999858, -85.46893918953527702 ) ) ;
#422 = CARTESIAN_POINT ( 'NONE',  ( -9.052861137566610594, 105.4999999999999858, -58.04305032808315445 ) ) ;
#423 = CARTESIAN_POINT ( 'NONE',  ( -8.922906132221944731, 105.4999999999999858, -63.24604397112046428 ) ) ;
#424 = CARTESIAN_POINT ( 'NONE',  ( -16.82976034687726852, 113.4999999999999858, -49.75313783407823820 ) ) ;
#425 = CARTESIAN_POINT ( 'NONE',  ( -15.52760769215017156, 105.4999999999999858, -77.97027120649356391 ) ) ;
#426 = ORIENTED_EDGE ( 'NONE', *, *, #6046, .F. ) ;
#427 = CARTESIAN_POINT ( 'NONE',  ( -23.81569860407218542, 110.9999999999999858, -58.24999999999938183 ) ) ;
#428 = CARTESIAN_POINT ( 'NONE',  ( -15.03960127451290596, 110.9999999999999858, -64.07469915374676361 ) ) ;
#429 = B_SPLINE_SURFACE_WITH_KNOTS ( 'NONE', 3, 1, ( 
 ( #421, #3141 ),
 ( #451, #2595 ),
 ( #321, #387 ),
 ( #4696, #6782 ) ),
 .UNSPECIFIED., .F., .F., .F.,
 ( 4, 4 ),
 ( 2, 2 ),
 ( 0.000000000000000000, 1.000000000000000000 ),
 ( 0.000000000000000000, 1.000000000000000000 ),
 .UNSPECIFIED. ) ;
#430 = EDGE_CURVE ( 'NONE', #5426, #1113, #2110, .T. ) ;
#431 = CARTESIAN_POINT ( 'NONE',  ( 1.286699764493370202, 110.9999999999999858, -87.76817603455613437 ) ) ;
#432 = VERTEX_POINT ( 'NONE', #4398 ) ;
#433 = ORIENTED_EDGE ( 'NONE', *, *, #404, .F. ) ;
#434 = CARTESIAN_POINT ( 'NONE',  ( 14.09382379058831880, 105.4999999999999858, -72.21007334607602957 ) ) ;
#435 = CARTESIAN_POINT ( 'NONE',  ( -7.513259550793238262, 105.4999999999999858, -87.21995791674343934 ) ) ;
#436 = ADVANCED_FACE ( 'NONE', ( #3486 ), #2004, .F. ) ;
#437 = CARTESIAN_POINT ( 'NONE',  ( 10.18434364179321427, 105.4999999999999858, -60.44779242747527803 ) ) ;
#438 = ORIENTED_EDGE ( 'NONE', *, *, #2121, .F. ) ;
#439 = DIRECTION ( 'NONE',  ( 0.9928535775496396543, 0.000000000000000000, 0.1193389020683599672 ) ) ;
#440 = ORIENTED_EDGE ( 'NONE', *, *, #6445, .F. ) ;
#441 = DIRECTION ( 'NONE',  ( 0.000000000000000000, 1.000000000000000000, -0.000000000000000000 ) ) ;
#442 = EDGE_CURVE ( 'NONE', #6547, #6905, #940, .T. ) ;
#443 = CARTESIAN_POINT ( 'NONE',  ( -12.36422895317238613, 105.4999999999999858, -73.83734656326281254 ) ) ;
#444 = CARTESIAN_POINT ( 'NONE',  ( -11.27866494759071081, 110.9999999999999858, -63.54590532044537809 ) ) ;
#445 = CARTESIAN_POINT ( 'NONE',  ( 11.27866494760152172, 105.4999999999999858, -63.54590532048115392 ) ) ;
#446 = CARTESIAN_POINT ( 'NONE',  ( 0.000000000000000000, 105.4999999999999858, -71.99999999999998579 ) ) ;
#447 = CARTESIAN_POINT ( 'NONE',  ( -4.173811205964238269, 105.4999999999999858, -55.52033677477236040 ) ) ;
#448 = ORIENTED_EDGE ( 'NONE', *, *, #3266, .T. ) ;
#449 = CYLINDRICAL_SURFACE ( 'NONE', #1523, 16.99999999999860023 ) ;
#450 = VERTEX_POINT ( 'NONE', #90 ) ;
#451 = CARTESIAN_POINT ( 'NONE',  ( -3.972025084499012593, 105.4999999999999858, -84.91807599927734884 ) ) ;
#452 = EDGE_CURVE ( 'NONE', #1789, #5784, #3443, .T. ) ;
#453 = CARTESIAN_POINT ( 'NONE',  ( 0.000000000000000000, 110.9999999999999858, -71.99999999999998579 ) ) ;
#454 = CARTESIAN_POINT ( 'NONE',  ( -11.99366533464750972, 110.9999999999999858, -80.61431988354991063 ) ) ;
#455 = CARTESIAN_POINT ( 'NONE',  ( 15.54729956731469187, 110.9999999999999858, -69.07212570203898849 ) ) ;
#456 = CARTESIAN_POINT ( 'NONE',  ( 4.314488465872224232, 105.4999999999999858, -55.93339089296253519 ) ) ;
#457 = ORIENTED_EDGE ( 'NONE', *, *, #2207, .T. ) ;
#458 = CARTESIAN_POINT ( 'NONE',  ( -2.183063851183296489, 110.9999999999999858, -56.07826986913515555 ) ) ;
#459 = B_SPLINE_CURVE_WITH_KNOTS ( 'NONE', 4,
 ( #729, #6079, #5653, #2881, #5020, #4503, #1815, #3979, #3449, #5592, #798, #2915, #5053, #228, #2376, #6661, #1852, #4215 ),
 .UNSPECIFIED., .F., .F.,
 ( 5, 1, 1, 1, 1, 1, 1, 1, 1, 1, 1, 1, 1, 1, 5 ),
 ( 0.06596826500838622043, 0.06983612823799767444, 0.1205638147985295117, 0.1479301470313329203, 0.1752962048027451036, 0.2026623067199501693, 0.2300286649678376372, 0.2573949849334067341, 0.2847606352807794949, 0.3120163113035102631, 0.3302610210450994122, 0.3483393403036955105, 0.3617874722637031693, 0.3714944117322120931, 0.3768711599805257828 ),
 .UNSPECIFIED. ) ;
#460 = DIRECTION ( 'NONE',  ( 0.1637789924581190548, 9.316338720149480929E-15, 0.9864970560672766675 ) ) ;
#461 = CARTESIAN_POINT ( 'NONE',  ( 36.99363960252269834, 113.4999999999999858, -93.35828778282059659 ) ) ;
#462 = ORIENTED_EDGE ( 'NONE', *, *, #1, .F. ) ;
#463 = EDGE_CURVE ( 'NONE', #584, #1950, #3662, .T. ) ;
#464 = ORIENTED_EDGE ( 'NONE', *, *, #5693, .T. ) ;
#465 = CARTESIAN_POINT ( 'NONE',  ( -14.82677370415269280, 110.9999999999999858, -64.45562988406226168 ) ) ;
#466 = FACE_OUTER_BOUND ( 'NONE', #784, .T. ) ;
#467 = DIRECTION ( 'NONE',  ( 0.000000000000000000, 1.000000000000000000, 0.000000000000000000 ) ) ;
#468 = ORIENTED_EDGE ( 'NONE', *, *, #5975, .F. ) ;
#469 = DIRECTION ( 'NONE',  ( 0.000000000000000000, -1.000000000000000000, 0.000000000000000000 ) ) ;
#470 = EDGE_LOOP ( 'NONE', ( #1958, #1725, #2082, #823 ) ) ;
#471 = AXIS2_PLACEMENT_3D ( 'NONE', #1121, #3781, #5983 ) ;
#472 = CARTESIAN_POINT ( 'NONE',  ( 0.000000000000000000, 105.4999999999999858, -71.99999999999998579 ) ) ;
#473 = ADVANCED_FACE ( 'NONE', ( #5657 ), #2417, .T. ) ;
#474 = CARTESIAN_POINT ( 'NONE',  ( 12.55069571234569992, 105.4999999999999858, -68.94243836742080589 ) ) ;
#475 = FACE_OUTER_BOUND ( 'NONE', #1715, .T. ) ;
#476 = VECTOR ( 'NONE', #3019, 1000.000000000000000 ) ;
#477 = CARTESIAN_POINT ( 'NONE',  ( -1.727384259361098851, 110.9999999999999858, -85.12207433153901093 ) ) ;
#478 = CARTESIAN_POINT ( 'NONE',  ( 13.06318720347042905, 105.4999999999999858, -82.87902293806932619 ) ) ;
#479 = DIRECTION ( 'NONE',  ( 0.000000000000000000, 0.000000000000000000, 1.000000000000000000 ) ) ;
#480 = CARTESIAN_POINT ( 'NONE',  ( -4.616885666963393753, 105.4999999999999858, -58.33746999085099105 ) ) ;
#481 = EDGE_LOOP ( 'NONE', ( #3371, #299, #1428, #6744, #433, #1890, #4797, #4185, #3657 ) ) ;
#482 = CARTESIAN_POINT ( 'NONE',  ( -5.445672500546963946, 110.9999999999999858, -87.11991763056408900 ) ) ;
#483 = ORIENTED_EDGE ( 'NONE', *, *, #4493, .F. ) ;
#484 = DIRECTION ( 'NONE',  ( 0.000000000000000000, -1.000000000000000000, 0.000000000000000000 ) ) ;
#485 = CARTESIAN_POINT ( 'NONE',  ( 4.481623000395146050, 111.0000000000000142, -56.56684369868685280 ) ) ;
#486 = CIRCLE ( 'NONE', #261, 26.49999999999995381 ) ;
#487 = DIRECTION ( 'NONE',  ( 0.000000000000000000, 0.000000000000000000, 1.000000000000000000 ) ) ;
#488 = CARTESIAN_POINT ( 'NONE',  ( -9.708160154879786674, 105.4999999999999858, -61.50402457833904890 ) ) ;
#489 = CARTESIAN_POINT ( 'NONE',  ( 12.78990417712426719, 110.9999999999999858, -77.92438612776582829 ) ) ;
#490 = CARTESIAN_POINT ( 'NONE',  ( -6.453548254072657642, 105.4999999999999858, -72.77570286344432304 ) ) ;
#491 = CARTESIAN_POINT ( 'NONE',  ( 2.073336447187903442, 110.9999999999999858, -84.32685182748465991 ) ) ;
#492 = CIRCLE ( 'NONE', #1510, 16.99999999999860378 ) ;
#493 = FACE_OUTER_BOUND ( 'NONE', #5209, .T. ) ;
#494 = AXIS2_PLACEMENT_3D ( 'NONE', #3234, #630, #3203 ) ;
#495 = FACE_OUTER_BOUND ( 'NONE', #1734, .T. ) ;
#496 = CARTESIAN_POINT ( 'NONE',  ( -4.555022691664293966, 105.4999999999999858, -58.66089327844824197 ) ) ;
#497 = EDGE_CURVE ( 'NONE', #3363, #6165, #1302, .T. ) ;
#498 = VERTEX_POINT ( 'NONE', #4578 ) ;
#499 = B_SPLINE_CURVE_WITH_KNOTS ( 'NONE', 3,
 ( #2226, #3365, #1777, #2258 ),
 .UNSPECIFIED., .F., .F.,
 ( 4, 4 ),
 ( 0.000000000000000000, 1.000000000000000000 ),
 .UNSPECIFIED. ) ;
#500 = AXIS2_PLACEMENT_3D ( 'NONE', #4080, #4824, #1585 ) ;
#501 = ORIENTED_EDGE ( 'NONE', *, *, #2344, .F. ) ;
#502 = CIRCLE ( 'NONE', #741, 26.49999999999996092 ) ;
#503 = CARTESIAN_POINT ( 'NONE',  ( 15.51127131069605269, 110.9999999999999858, -77.97110647069565914 ) ) ;
#504 = TOROIDAL_SURFACE ( 'NONE', #6455, 11.00000000000007105, 1.500000000000000000 ) ;
#505 = AXIS2_PLACEMENT_3D ( 'NONE', #5087, #2983, #4981 ) ;
#506 = AXIS2_PLACEMENT_3D ( 'NONE', #5146, #5738, #3634 ) ;
#507 = TOROIDAL_SURFACE ( 'NONE', #2309, 11.00000000000007105, 1.500000000000000000 ) ;
#508 = CARTESIAN_POINT ( 'NONE',  ( 12.32651562896671926, 110.9999999999999858, -63.13018951185991767 ) ) ;
#509 = B_SPLINE_CURVE_WITH_KNOTS ( 'NONE', 4,
 ( #2060, #2601, #4371, #3712, #2173, #5945, #3680, #20, #5877, #5313, #1517, #3778, #2739, #3271, #5814, #5913, #1087, #2211, #1615 ),
 .UNSPECIFIED., .F., .F.,
 ( 5, 1, 1, 1, 1, 1, 1, 1, 1, 1, 1, 1, 1, 1, 1, 5 ),
 ( 0.000000000000000000, 0.005376748248313690560, 0.01508368771682262223, 0.02853181967683027578, 0.04661013893542635678, 0.06485484867701551970, 0.09211052469974631562, 0.1194761750471190626, 0.1468424950126881179, 0.1742088532605756135, 0.2015749551777806792, 0.2289410129491928625, 0.2563073451819962711, 0.3070350317425281084, 0.3617673510343424326, 0.3768711599805257828 ),
 .UNSPECIFIED. ) ;
#510 = CARTESIAN_POINT ( 'NONE',  ( 11.64073008976409795, 105.4999999999999858, -77.60018294151203122 ) ) ;
#511 = ORIENTED_EDGE ( 'NONE', *, *, #2899, .F. ) ;
#512 = CARTESIAN_POINT ( 'NONE',  ( 14.64448700262125769, 110.9999999999999858, -75.09884710881840419 ) ) ;
#513 = CARTESIAN_POINT ( 'NONE',  ( 12.11798991030442174, 110.9999999999999858, -80.78738718320383327 ) ) ;
#514 = DIRECTION ( 'NONE',  ( 0.9928535775496396543, 0.000000000000000000, 0.1193389020683599394 ) ) ;
#515 = DIRECTION ( 'NONE',  ( 0.000000000000000000, -1.000000000000000000, -0.000000000000000000 ) ) ;
#516 = LINE ( 'NONE', #4324, #4226 ) ;
#517 = DIRECTION ( 'NONE',  ( 0.000000000000000000, 0.000000000000000000, 1.000000000000000000 ) ) ;
#518 = ORIENTED_EDGE ( 'NONE', *, *, #3941, .T. ) ;
#519 = EDGE_CURVE ( 'NONE', #5687, #5426, #6132, .T. ) ;
#520 = CARTESIAN_POINT ( 'NONE',  ( -36.99363960252276229, 110.9999999999999858, -93.35828778282062501 ) ) ;
#521 = ORIENTED_EDGE ( 'NONE', *, *, #5872, .T. ) ;
#522 = CARTESIAN_POINT ( 'NONE',  ( 4.402314712698689014, 110.9999999999999858, -56.23603478931848798 ) ) ;
#523 = DIRECTION ( 'NONE',  ( 1.000000000000000000, 0.000000000000000000, 6.383782391594650107E-16 ) ) ;
#524 = CARTESIAN_POINT ( 'NONE',  ( 9.638698607692804288, 110.9999999999999858, -64.04101205239879846 ) ) ;
#525 = CARTESIAN_POINT ( 'NONE',  ( -10.47635999384503691, 105.4999999999999858, -59.07728278573848257 ) ) ;
#526 = CARTESIAN_POINT ( 'NONE',  ( 13.10508927637135024, 110.9999999999999858, -78.01971715044822986 ) ) ;
#527 = CARTESIAN_POINT ( 'NONE',  ( 4.234218955527755845, 105.4999999999999858, -55.69038699667963499 ) ) ;
#528 = CARTESIAN_POINT ( 'NONE',  ( -28.20834560355562459, 112.4999999999999858, -69.95276259427352272 ) ) ;
#529 = CARTESIAN_POINT ( 'NONE',  ( -7.228840749649124042, 110.9999999999999858, -84.10057276607585663 ) ) ;
#530 = CARTESIAN_POINT ( 'NONE',  ( 9.714451465470119729E-14, 112.4999999999999858, -29.28342443435894182 ) ) ;
#531 = CARTESIAN_POINT ( 'NONE',  ( 12.88735155236122765, 110.9999999999999858, -77.96107790698466999 ) ) ;
#532 = EDGE_CURVE ( 'NONE', #1258, #203, #265, .T. ) ;
#533 = DIRECTION ( 'NONE',  ( 0.000000000000000000, 0.000000000000000000, 1.000000000000000000 ) ) ;
#534 = CARTESIAN_POINT ( 'NONE',  ( -12.55069571235209835, 110.9999999999999858, -68.94243836740969300 ) ) ;
#535 = ORIENTED_EDGE ( 'NONE', *, *, #6937, .T. ) ;
#536 = CARTESIAN_POINT ( 'NONE',  ( -12.78990417712740069, 105.4999999999999858, -77.92438612772858164 ) ) ;
#537 = ORIENTED_EDGE ( 'NONE', *, *, #86, .F. ) ;
#538 = CARTESIAN_POINT ( 'NONE',  ( -9.594310430179275428, 110.9999999999999858, -61.65826454672540535 ) ) ;
#539 = EDGE_CURVE ( 'NONE', #5917, #6529, #1281, .T. ) ;
#540 = B_SPLINE_SURFACE_WITH_KNOTS ( 'NONE', 3, 1, ( 
 ( #2648, #4274 ),
 ( #6403, #3214 ),
 ( #1623, #4825 ),
 ( #6958, #3788 ) ),
 .UNSPECIFIED., .F., .F., .F.,
 ( 4, 4 ),
 ( 2, 2 ),
 ( 0.000000000000000000, 1.000000000000000000 ),
 ( 0.000000000000000000, 1.000000000000000000 ),
 .UNSPECIFIED. ) ;
#541 = CARTESIAN_POINT ( 'NONE',  ( -7.313777566367167360, 105.4999999999999858, -84.28505316858536389 ) ) ;
#542 = CARTESIAN_POINT ( 'NONE',  ( 10.50186873632305229, 110.9999999999999858, -58.82263912892768332 ) ) ;
#543 = ORIENTED_EDGE ( 'NONE', *, *, #1134, .T. ) ;
#544 = CARTESIAN_POINT ( 'NONE',  ( 14.28918325236882758, 110.9999999999999858, -74.90163031565218432 ) ) ;
#545 = CARTESIAN_POINT ( 'NONE',  ( 13.01210508686499701, 110.9999999999999858, -82.70594263433990534 ) ) ;
#546 = CARTESIAN_POINT ( 'NONE',  ( 7.839667027593120174, 105.4999999999999858, -58.74428515284710528 ) ) ;
#547 = CARTESIAN_POINT ( 'NONE',  ( 14.15389603458705103, 105.4999999999999858, -65.41200459502609021 ) ) ;
#548 = DIRECTION ( 'NONE',  ( -0.000000000000000000, -1.000000000000000000, -0.000000000000000000 ) ) ;
#549 = CARTESIAN_POINT ( 'NONE',  ( -9.274493938821287031, 105.4999999999999858, -82.61431872657358610 ) ) ;
#550 = ORIENTED_EDGE ( 'NONE', *, *, #1945, .F. ) ;
#551 = CARTESIAN_POINT ( 'NONE',  ( 11.60612067753405086, 105.4999999999999858, -80.18023487837866980 ) ) ;
#552 = ORIENTED_EDGE ( 'NONE', *, *, #5962, .T. ) ;
#553 = EDGE_CURVE ( 'NONE', #3323, #4916, #5133, .T. ) ;
#554 = CARTESIAN_POINT ( 'NONE',  ( 4.536970427965545838, 110.9999999999999858, -56.84391636746269683 ) ) ;
#555 = CARTESIAN_POINT ( 'NONE',  ( 4.626588252298978077, 105.4999999999999858, -57.53586481013586962 ) ) ;
#556 = LINE ( 'NONE', #5979, #3668 ) ;
#557 = CARTESIAN_POINT ( 'NONE',  ( 13.94386143009598555, 105.4999999999999858, -68.84047439269954793 ) ) ;
#558 = CARTESIAN_POINT ( 'NONE',  ( 4.626588252298978077, 105.4999999999999858, -57.53586481013586962 ) ) ;
#559 = CARTESIAN_POINT ( 'NONE',  ( 9.638698607694497156, 110.9999999999999858, -64.04101205240085903 ) ) ;
#560 = CARTESIAN_POINT ( 'NONE',  ( -6.907869425497703553, 105.4999999999999858, -82.41783758753580003 ) ) ;
#561 = EDGE_LOOP ( 'NONE', ( #1755, #6219, #1871, #5637 ) ) ;
#562 = CARTESIAN_POINT ( 'NONE',  ( -13.06318720347620399, 105.4999999999999858, -82.87902293806240550 ) ) ;
#563 = DIRECTION ( 'NONE',  ( 0.000000000000000000, 0.000000000000000000, 1.000000000000000000 ) ) ;
#564 = ADVANCED_FACE ( 'NONE', ( #5234 ), #2989, .T. ) ;
#565 = CARTESIAN_POINT ( 'NONE',  ( -9.940557158829474105, 105.4999999999999858, -61.08030043511457308 ) ) ;
#566 = CARTESIAN_POINT ( 'NONE',  ( -12.04260137073200454, 110.9999999999999858, -68.64951462834953588 ) ) ;
#567 = EDGE_LOOP ( 'NONE', ( #5444, #6915, #4614, #3182 ) ) ;
#568 = CARTESIAN_POINT ( 'NONE',  ( -6.309818809593902067, 105.4999999999999858, -87.78563228350536463 ) ) ;
#569 = ORIENTED_EDGE ( 'NONE', *, *, #6408, .T. ) ;
#570 = CARTESIAN_POINT ( 'NONE',  ( -14.46786136181855298, 105.4999999999999858, -65.00369770854241835 ) ) ;
#571 = CARTESIAN_POINT ( 'NONE',  ( 10.21301439204301964, 110.9999999999999858, -83.23881055427567333 ) ) ;
#572 = EDGE_CURVE ( 'NONE', #1950, #1193, #5977, .T. ) ;
#573 = CARTESIAN_POINT ( 'NONE',  ( -23.81569860407218542, 112.4999999999999858, -47.24999999999930367 ) ) ;
#574 = ORIENTED_EDGE ( 'NONE', *, *, #2395, .T. ) ;
#575 = CARTESIAN_POINT ( 'NONE',  ( -14.35123191980815704, 110.9999999999999858, -62.93698005911342364 ) ) ;
#576 = CARTESIAN_POINT ( 'NONE',  ( 12.24479387382671547, 105.4999999999999858, -80.98229083442390674 ) ) ;
#577 = DIRECTION ( 'NONE',  ( 0.000000000000000000, 1.000000000000000000, 0.000000000000000000 ) ) ;
#578 = CARTESIAN_POINT ( 'NONE',  ( 12.97120147457200545, 111.0000000000000000, -66.45471216954554450 ) ) ;
#579 = DIRECTION ( 'NONE',  ( 0.000000000000000000, 0.000000000000000000, -1.000000000000000000 ) ) ;
#580 = EDGE_CURVE ( 'NONE', #3895, #4829, #5788, .T. ) ;
#581 = DIRECTION ( 'NONE',  ( -1.000000000000000000, 0.000000000000000000, 0.000000000000000000 ) ) ;
#582 = VERTEX_POINT ( 'NONE', #3591 ) ;
#583 = CARTESIAN_POINT ( 'NONE',  ( -4.912333406717775297, 110.9999999999999858, -86.59600410091076128 ) ) ;
#584 = VERTEX_POINT ( 'NONE', #5727 ) ;
#585 = LINE ( 'NONE', #4264, #3313 ) ;
#586 = CARTESIAN_POINT ( 'NONE',  ( 4.605154744867393291, 105.4999999999999858, -57.30418750158206365 ) ) ;
#587 = CARTESIAN_POINT ( 'NONE',  ( 11.95091575813470364, 105.4999999999999858, -67.09650547638632645 ) ) ;
#588 = TOROIDAL_SURFACE ( 'NONE', #2155, 10.99999999999999822, 1.500000000000000000 ) ;
#589 = PRESENTATION_STYLE_ASSIGNMENT (( #2210 ) ) ;
#590 = ADVANCED_FACE ( 'NONE', ( #1401 ), #6541, .F. ) ;
#591 = CARTESIAN_POINT ( 'NONE',  ( 12.80037986486779289, 110.9999999999999858, -77.92895944762754823 ) ) ;
#592 = CARTESIAN_POINT ( 'NONE',  ( 4.536970427965545838, 105.4999999999999858, -56.84391636746269683 ) ) ;
#593 = CARTESIAN_POINT ( 'NONE',  ( 0.000000000000000000, 110.9999999999999858, -71.99999999999998579 ) ) ;
#594 = CARTESIAN_POINT ( 'NONE',  ( 7.508918062289791528, 110.9999999999999858, -87.25175889967351850 ) ) ;
#595 = ORIENTED_EDGE ( 'NONE', *, *, #5045, .F. ) ;
#596 = AXIS2_PLACEMENT_3D ( 'NONE', #6555, #6073, #6692 ) ;
#597 = CARTESIAN_POINT ( 'NONE',  ( 15.77767083622415001, 105.4999999999999858, -77.91584224478548037 ) ) ;
#598 = B_SPLINE_SURFACE_WITH_KNOTS ( 'NONE', 4, 1, ( 
 ( #4313, #4248 ),
 ( #4735, #6346 ),
 ( #1630, #1065 ),
 ( #4862, #465 ),
 ( #5823, #3220 ),
 ( #570, #1100 ),
 ( #3252, #2021 ),
 ( #1492, #969 ),
 ( #999, #3650 ),
 ( #3124, #5262 ),
 ( #5292, #4767 ),
 ( #6898, #1133 ),
 ( #3401, #6516 ),
 ( #38, #1809 ),
 ( #6038, #6592 ),
 ( #4494, #2904 ),
 ( #1170, #145 ),
 ( #3326, #5539 ),
 ( #6483, #5961 ) ),
 .UNSPECIFIED., .F., .F., .F.,
 ( 5, 1, 1, 1, 1, 1, 1, 1, 1, 1, 1, 1, 1, 1, 1, 5 ),
 ( 2, 2 ),
 ( 0.000000000000000000, 0.01510380894618329473, 0.06983612823799767444, 0.1205638147985295117, 0.1479301470313329203, 0.1752962048027451036, 0.2026623067199501693, 0.2300286649678376649, 0.2573949849334067341, 0.2847606352807794949, 0.3120163113035102631, 0.3302610210450994122, 0.3483393403036955105, 0.3617874722637031693, 0.3714944117322120931, 0.3768711599805257828 ),
 ( 0.000000000000000000, 1.000000000000000000 ),
 .UNSPECIFIED. ) ;
#599 = CARTESIAN_POINT ( 'NONE',  ( -11.52562097703219912, 105.4999999999999858, -80.11418886548004537 ) ) ;
#600 = B_SPLINE_CURVE_WITH_KNOTS ( 'NONE', 3,
 ( #2656, #6935, #6902, #3724 ),
 .UNSPECIFIED., .F., .F.,
 ( 4, 4 ),
 ( 0.000000000000000000, 1.000000000000000000 ),
 .UNSPECIFIED. ) ;
#601 = CARTESIAN_POINT ( 'NONE',  ( -9.774786521353702184, 105.4999999999999858, -61.39651434788206785 ) ) ;
#602 = CARTESIAN_POINT ( 'NONE',  ( -12.78990417712740069, 110.9999999999999858, -77.92438612772858164 ) ) ;
#603 = EDGE_LOOP ( 'NONE', ( #3472, #2257, #6420, #5050, #2292, #6520 ) ) ;
#604 = CARTESIAN_POINT ( 'NONE',  ( 1.371576636564633578, 110.9999999999999858, -87.55163123096370725 ) ) ;
#605 = CARTESIAN_POINT ( 'NONE',  ( -15.95310383445450242, 110.9999999999999858, -77.87354050356898938 ) ) ;
#606 = ORIENTED_EDGE ( 'NONE', *, *, #2558, .T. ) ;
#607 = EDGE_CURVE ( 'NONE', #924, #364, #6897, .T. ) ;
#608 = AXIS2_PLACEMENT_3D ( 'NONE', #2701, #3843, #5377 ) ;
#609 = CARTESIAN_POINT ( 'NONE',  ( -7.063938973382815512, 110.9999999999999858, -59.42696831733143625 ) ) ;
#610 = CIRCLE ( 'NONE', #730, 12.50000000000000178 ) ;
#611 = CARTESIAN_POINT ( 'NONE',  ( 10.85706823367373453, 110.9999999999999858, -83.50717346310776179 ) ) ;
#612 = AXIS2_PLACEMENT_3D ( 'NONE', #6283, #1463, #4054 ) ;
#613 = CARTESIAN_POINT ( 'NONE',  ( -12.36363030734736768, 110.9999999999999858, -81.18232001381309715 ) ) ;
#614 = ORIENTED_EDGE ( 'NONE', *, *, #2433, .T. ) ;
#615 = CARTESIAN_POINT ( 'NONE',  ( 7.508918062289791528, 110.9999999999999858, -87.25175889967351850 ) ) ;
#616 = CARTESIAN_POINT ( 'NONE',  ( 15.03960127451460238, 105.4999999999999858, -64.07469915374997527 ) ) ;
#617 = CIRCLE ( 'NONE', #1522, 10.50000000000000888 ) ;
#618 = CARTESIAN_POINT ( 'NONE',  ( 7.063938973404970234, 105.4999999999999858, -59.42696831735799634 ) ) ;
#619 = CIRCLE ( 'NONE', #4344, 6.500000000000005329 ) ;
#620 = VECTOR ( 'NONE', #3766, 1000.000000000000000 ) ;
#621 = EDGE_CURVE ( 'NONE', #3623, #4803, #3188, .T. ) ;
#622 = CARTESIAN_POINT ( 'NONE',  ( 7.532749002079713208, 105.4999999999999858, -85.18613734640844370 ) ) ;
#623 = CARTESIAN_POINT ( 'NONE',  ( -12.47604671605529170, 105.4999999999999858, -72.77347161473832671 ) ) ;
#624 = CARTESIAN_POINT ( 'NONE',  ( -9.423698307941455354, 105.4999999999999858, -82.75210601909259367 ) ) ;
#625 = AXIS2_PLACEMENT_3D ( 'NONE', #655, #4807, #4322 ) ;
#626 = EDGE_LOOP ( 'NONE', ( #316, #724, #3128, #3823 ) ) ;
#627 = CARTESIAN_POINT ( 'NONE',  ( -4.379618764922207141, 110.9999999999999858, -59.21435921555211479 ) ) ;
#629 = ORIENTED_EDGE ( 'NONE', *, *, #5621, .F. ) ;
#628 = VECTOR ( 'NONE', #288, 1000.000000000000000 ) ;
#630 = DIRECTION ( 'NONE',  ( 0.000000000000000000, 1.000000000000000000, 0.000000000000000000 ) ) ;
#631 = CARTESIAN_POINT ( 'NONE',  ( 4.638563182662428730, 105.4999999999999858, -57.76807867592917489 ) ) ;
#632 = EDGE_CURVE ( 'NONE', #4639, #3873, #6580, .T. ) ;
#633 = CARTESIAN_POINT ( 'NONE',  ( -1.675395922980892793, 110.9999999999999858, -86.32387545374234605 ) ) ;
#634 = CARTESIAN_POINT ( 'NONE',  ( 23.81569860407268990, 112.4999999999999858, -47.24999999999934630 ) ) ;
#635 = CARTESIAN_POINT ( 'NONE',  ( 9.708160154912828688, 105.4999999999999858, -61.50402457835247816 ) ) ;
#636 = CARTESIAN_POINT ( 'NONE',  ( -1.449089840208113822, 110.9999999999999858, -87.33213924564461195 ) ) ;
#637 = CARTESIAN_POINT ( 'NONE',  ( -16.35281189707507821, 110.9999999999999858, -71.31551694544440068 ) ) ;
#638 = CYLINDRICAL_SURFACE ( 'NONE', #4089, 16.99999999999860378 ) ;
#639 = VERTEX_POINT ( 'NONE', #6352 ) ;
#640 = LINE ( 'NONE', #562, #2622 ) ;
#641 = DIRECTION ( 'NONE',  ( -0.000000000000000000, -1.000000000000000000, 0.000000000000000000 ) ) ;
#642 = CARTESIAN_POINT ( 'NONE',  ( -36.99363960252276229, 110.9999999999999858, -93.35828778282062501 ) ) ;
#643 = CARTESIAN_POINT ( 'NONE',  ( -14.59881447386568709, 105.4999999999999858, -78.09635856049608549 ) ) ;
#644 = ORIENTED_EDGE ( 'NONE', *, *, #2966, .F. ) ;
#645 = CARTESIAN_POINT ( 'NONE',  ( 1.684686988164343147, 110.9999999999999858, -86.19773585460634990 ) ) ;
#646 = ORIENTED_EDGE ( 'NONE', *, *, #1156, .T. ) ;
#647 = EDGE_CURVE ( 'NONE', #6596, #6206, #2542, .T. ) ;
#648 = CARTESIAN_POINT ( 'NONE',  ( -7.472574093536880291, 105.4999999999999858, -59.02986162792800684 ) ) ;
#649 = CARTESIAN_POINT ( 'NONE',  ( -11.31448124628113128, 110.9999999999999858, -63.52124220522320286 ) ) ;
#650 = CARTESIAN_POINT ( 'NONE',  ( 11.27866494760152172, 110.9999999999999858, -63.54590532048115392 ) ) ;
#651 = CARTESIAN_POINT ( 'NONE',  ( -12.47487818351624433, 105.4999999999999858, -81.38679235523434841 ) ) ;
#652 = ORIENTED_EDGE ( 'NONE', *, *, #5226, .F. ) ;
#653 = CARTESIAN_POINT ( 'NONE',  ( 1.623641311369508511, 105.4999999999999858, -86.67713541899993857 ) ) ;
#654 = CARTESIAN_POINT ( 'NONE',  ( -4.626588252271357504, 105.4999999999999858, -57.53586481013726939 ) ) ;
#655 = CARTESIAN_POINT ( 'NONE',  ( 0.000000000000000000, 110.9999999999999858, -71.99999999999998579 ) ) ;
#656 = EDGE_CURVE ( 'NONE', #3161, #1881, #5122, .T. ) ;
#657 = CARTESIAN_POINT ( 'NONE',  ( 13.05326555943409339, 105.4999999999999858, -66.41157105420670348 ) ) ;
#658 = CARTESIAN_POINT ( 'NONE',  ( -15.54729956731755891, 111.0000000000000142, -69.07212570201757273 ) ) ;
#659 = CARTESIAN_POINT ( 'NONE',  ( -14.29899089950515645, 105.4999999999999858, -65.23022666580682483 ) ) ;
#660 = ORIENTED_EDGE ( 'NONE', *, *, #1171, .F. ) ;
#661 = B_SPLINE_SURFACE_WITH_KNOTS ( 'NONE', 4, 1, ( 
 ( #6927, #4855 ),
 ( #1558, #1125 ),
 ( #2114, #2181 ),
 ( #3685, #3180 ),
 ( #3247, #5820 ),
 ( #5920, #2679 ),
 ( #1658, #6341 ),
 ( #3717, #995 ),
 ( #5883, #1058 ),
 ( #4346, #3745 ),
 ( #5387, #30 ),
 ( #565, #2749 ),
 ( #3821, #3278 ),
 ( #601, #5421 ),
 ( #5852, #6438 ),
 ( #5289, #4899 ),
 ( #72, #2081 ),
 ( #5954, #1025 ),
 ( #5358, #4209 ) ),
 .UNSPECIFIED., .F., .F., .F.,
 ( 5, 1, 1, 1, 1, 1, 1, 1, 1, 1, 1, 1, 1, 1, 1, 5 ),
 ( 2, 2 ),
 ( 0.000000000000000000, 0.01510380894618329473, 0.06983612823799767444, 0.1205638147985295117, 0.1479301470313329203, 0.1752962048027451036, 0.2026623067199501693, 0.2300286649678376649, 0.2573949849334067341, 0.2847606352807794949, 0.3120163113035102631, 0.3302610210450994122, 0.3483393403036955105, 0.3617874722637031693, 0.3714944117322120931, 0.3768711599805257828 ),
 ( 0.000000000000000000, 1.000000000000000000 ),
 .UNSPECIFIED. ) ;
#662 = CARTESIAN_POINT ( 'NONE',  ( -15.32306896981205746, 110.9999999999999858, -69.01034888988048976 ) ) ;
#663 = EDGE_LOOP ( 'NONE', ( #2003, #4232, #2793, #2456 ) ) ;
#664 = DIRECTION ( 'NONE',  ( -0.9928535775496396543, 0.000000000000000000, -0.1193389020683603002 ) ) ;
#665 = EDGE_CURVE ( 'NONE', #6474, #3342, #2052, .T. ) ;
#666 = CARTESIAN_POINT ( 'NONE',  ( 16.35871260184050158, 110.9999999999999858, -76.62520507765191269 ) ) ;
#667 = CARTESIAN_POINT ( 'NONE',  ( -1.727384259361098851, 110.9999999999999858, -85.12207433153901093 ) ) ;
#668 = CARTESIAN_POINT ( 'NONE',  ( 2.324339610774055487, 110.9999999999999858, -55.89403372526552261 ) ) ;
#669 = CARTESIAN_POINT ( 'NONE',  ( 14.36663973143817863, 110.9999999999999858, -78.11016523842995696 ) ) ;
#670 = CARTESIAN_POINT ( 'NONE',  ( 7.653155418737924265, 105.4999999999999858, -58.88337933066129182 ) ) ;
#671 = CARTESIAN_POINT ( 'NONE',  ( -0.9704643516949690296, 105.4999999999999858, -59.11874055291053764 ) ) ;
#672 = CARTESIAN_POINT ( 'NONE',  ( 0.000000000000000000, 114.9999999999999858, -99.49999999999997158 ) ) ;
#673 = VERTEX_POINT ( 'NONE', #3127 ) ;
#674 = CARTESIAN_POINT ( 'NONE',  ( 12.96079323228967617, 105.4999999999999858, -66.45943697439331288 ) ) ;
#675 = CARTESIAN_POINT ( 'NONE',  ( 0.5348675345779839718, 105.4999999999999858, -59.51144857397564181 ) ) ;
#676 = CARTESIAN_POINT ( 'NONE',  ( -15.21432071101379613, 105.4999999999999858, -75.50127144281509572 ) ) ;
#677 = CARTESIAN_POINT ( 'NONE',  ( 1.682128284694953013, 110.9999999999999858, -85.99465770516425778 ) ) ;
#678 = VERTEX_POINT ( 'NONE', #1532 ) ;
#679 = DIRECTION ( 'NONE',  ( 0.000000000000000000, 1.000000000000000000, 0.000000000000000000 ) ) ;
#680 = VERTEX_POINT ( 'NONE', #3692 ) ;
#681 = CARTESIAN_POINT ( 'NONE',  ( -7.175214880277781759, 105.4999999999999858, -59.30683223420265904 ) ) ;
#682 = CARTESIAN_POINT ( 'NONE',  ( 10.51584916751914101, 110.9999999999999858, -58.64272047586262460 ) ) ;
#683 = EDGE_CURVE ( 'NONE', #4525, #100, #619, .T. ) ;
#684 = CARTESIAN_POINT ( 'NONE',  ( 0.000000000000000000, 110.9999999999999858, -71.99999999999998579 ) ) ;
#685 = CARTESIAN_POINT ( 'NONE',  ( -10.85706823368399476, 110.9999999999999858, -83.50717346308874767 ) ) ;
#686 = ORIENTED_EDGE ( 'NONE', *, *, #3597, .T. ) ;
#687 = CARTESIAN_POINT ( 'NONE',  ( -15.95310383445450242, 110.9999999999999858, -77.87354050356898938 ) ) ;
#688 = CARTESIAN_POINT ( 'NONE',  ( -4.184669618647834710, 105.4999999999999858, -55.55054018370851310 ) ) ;
#689 = DIRECTION ( 'NONE',  ( 0.000000000000000000, 0.000000000000000000, 1.000000000000000000 ) ) ;
#690 = CARTESIAN_POINT ( 'NONE',  ( 13.13794342039479091, 105.4999999999999858, -66.36011380187760267 ) ) ;
#691 = CARTESIAN_POINT ( 'NONE',  ( -16.79676503880157767, 105.4999999999999858, -69.55769119554447855 ) ) ;
#692 = CARTESIAN_POINT ( 'NONE',  ( -10.00592381998683145, 105.4999999999999858, -83.13307421525584573 ) ) ;
#693 = ORIENTED_EDGE ( 'NONE', *, *, #3773, .T. ) ;
#694 = CARTESIAN_POINT ( 'NONE',  ( -7.588953712926964634, 105.4999999999999858, -85.88159764882091451 ) ) ;
#695 = ORIENTED_EDGE ( 'NONE', *, *, #4504, .T. ) ;
#696 = CARTESIAN_POINT ( 'NONE',  ( -2.676892090346143060, 110.9999999999999858, -55.47575072606571922 ) ) ;
#697 = EDGE_CURVE ( 'NONE', #1984, #2380, #600, .T. ) ;
#698 = CARTESIAN_POINT ( 'NONE',  ( 16.07133587229840899, 110.9999999999999858, -76.29684793775415130 ) ) ;
#699 = CARTESIAN_POINT ( 'NONE',  ( -1.371576636564661555, 110.9999999999999858, -87.55163123096367883 ) ) ;
#700 = CARTESIAN_POINT ( 'NONE',  ( 12.33121320084095096, 112.4999999999999858, -97.45276259427346588 ) ) ;
#701 = CARTESIAN_POINT ( 'NONE',  ( 10.25064829472423611, 105.4999999999999858, -60.22465856326351741 ) ) ;
#702 = CARTESIAN_POINT ( 'NONE',  ( 6.870769920404685038, 105.4999999999999858, -59.67949653962850931 ) ) ;
#703 = CARTESIAN_POINT ( 'NONE',  ( -14.02344611070620672, 105.4999999999999858, -74.78510912270678546 ) ) ;
#704 = FACE_OUTER_BOUND ( 'NONE', #4415, .T. ) ;
#705 = ORIENTED_EDGE ( 'NONE', *, *, #3018, .T. ) ;
#706 = FACE_OUTER_BOUND ( 'NONE', #5739, .T. ) ;
#707 = CIRCLE ( 'NONE', #1385, 1.500000000000001332 ) ;
#708 = CARTESIAN_POINT ( 'NONE',  ( -15.03960127451290596, 105.4999999999999858, -64.07469915374676361 ) ) ;
#709 = CARTESIAN_POINT ( 'NONE',  ( -15.02952432531579774, 105.4999999999999858, -75.35972525179839465 ) ) ;
#710 = CARTESIAN_POINT ( 'NONE',  ( 23.81569860407268990, 114.9999999999999858, -47.74999999999946709 ) ) ;
#711 = VERTEX_POINT ( 'NONE', #2616 ) ;
#712 = CARTESIAN_POINT ( 'NONE',  ( 7.532749002079713208, 105.4999999999999858, -85.18613734640844370 ) ) ;
#713 = TOROIDAL_SURFACE ( 'NONE', #4662, 10.50000000000001066, 2.000000000000000000 ) ;
#714 = CARTESIAN_POINT ( 'NONE',  ( -2.889916630977483081, 110.9999999999999858, -55.24743655836657297 ) ) ;
#715 = ORIENTED_EDGE ( 'NONE', *, *, #5819, .F. ) ;
#716 = CARTESIAN_POINT ( 'NONE',  ( -6.864983040936785130, 110.9999999999999858, -59.68935388785236285 ) ) ;
#717 = COLOUR_RGB ( '',1.000000000000000000, 1.000000000000000000, 1.000000000000000000 ) ;
#718 = EDGE_CURVE ( 'NONE', #1415, #1575, #3133, .T. ) ;
#719 = B_SPLINE_CURVE_WITH_KNOTS ( 'NONE', 3,
 ( #1131, #1698, #5994, #6715 ),
 .UNSPECIFIED., .F., .F.,
 ( 4, 4 ),
 ( 0.000000000000000000, 1.000000000000000000 ),
 .UNSPECIFIED. ) ;
#720 = CARTESIAN_POINT ( 'NONE',  ( -9.638698607692782971, 105.4999999999999858, -64.04101205239877004 ) ) ;
#721 = CARTESIAN_POINT ( 'NONE',  ( 9.714451465470119729E-14, 110.9999999999999858, -29.28342443435894182 ) ) ;
#722 = CARTESIAN_POINT ( 'NONE',  ( -11.76577261406735353, 105.4999999999999858, -80.33948165698124910 ) ) ;
#723 = CIRCLE ( 'NONE', #5782, 24.99999999999996092 ) ;
#724 = ORIENTED_EDGE ( 'NONE', *, *, #3345, .F. ) ;
#725 = CARTESIAN_POINT ( 'NONE',  ( -6.982279347651342505, 105.4999999999999858, -59.52355624560318148 ) ) ;
#726 = CARTESIAN_POINT ( 'NONE',  ( -4.173811205964238269, 105.4999999999999858, -55.52033677477236040 ) ) ;
#727 = B_SPLINE_CURVE_WITH_KNOTS ( 'NONE', 3,
 ( #855, #2329, #1938, #1904 ),
 .UNSPECIFIED., .F., .F.,
 ( 4, 4 ),
 ( 0.000000000000000000, 1.000000000000000000 ),
 .UNSPECIFIED. ) ;
#728 = EDGE_CURVE ( 'NONE', #6165, #4111, #2646, .T. ) ;
#729 = CARTESIAN_POINT ( 'NONE',  ( 12.89021176383545608, 110.9999999999999858, -82.34580548203143735 ) ) ;
#730 = AXIS2_PLACEMENT_3D ( 'NONE', #2134, #484, #2700 ) ;
#731 = AXIS2_PLACEMENT_3D ( 'NONE', #1199, #2323, #2852 ) ;
#732 = CARTESIAN_POINT ( 'NONE',  ( 7.578415887354621461, 110.9999999999999858, -85.64925159310584490 ) ) ;
#733 = CARTESIAN_POINT ( 'NONE',  ( -15.09667704849458580, 111.0000000000000142, -68.95620347160195251 ) ) ;
#734 = CARTESIAN_POINT ( 'NONE',  ( -9.304399815465520973, 105.4999999999999858, -82.64588952077461670 ) ) ;
#735 = ORIENTED_EDGE ( 'NONE', *, *, #4420, .T. ) ;
#736 = FACE_OUTER_BOUND ( 'NONE', #4096, .T. ) ;
#737 = ORIENTED_EDGE ( 'NONE', *, *, #6833, .F. ) ;
#738 = AXIS2_PLACEMENT_3D ( 'NONE', #472, #2587, #3696 ) ;
#739 = CARTESIAN_POINT ( 'NONE',  ( -16.35281189707507821, 105.4999999999999858, -71.31551694544440068 ) ) ;
#740 = CARTESIAN_POINT ( 'NONE',  ( -1.727384259361098851, 110.9999999999999858, -85.12207433153901093 ) ) ;
#741 = AXIS2_PLACEMENT_3D ( 'NONE', #1572, #5340, #517 ) ;
#742 = TOROIDAL_SURFACE ( 'NONE', #6241, 11.00000000000007105, 1.500000000000000000 ) ;
#743 = CARTESIAN_POINT ( 'NONE',  ( 5.238036262512433261, 105.4999999999999858, -86.92829353453716124 ) ) ;
#744 = DIRECTION ( 'NONE',  ( 0.000000000000000000, 0.000000000000000000, 1.000000000000000000 ) ) ;
#745 =( GEOMETRIC_REPRESENTATION_CONTEXT ( 3 ) GLOBAL_UNCERTAINTY_ASSIGNED_CONTEXT ( ( #5315 ) ) GLOBAL_UNIT_ASSIGNED_CONTEXT ( ( #6730, #2581, #6252 ) ) REPRESENTATION_CONTEXT ( 'NONE', 'WORKASPACE' ) );
#746 = CARTESIAN_POINT ( 'NONE',  ( 15.77767083622415001, 110.9999999999999858, -77.91584224478548037 ) ) ;
#747 = CARTESIAN_POINT ( 'NONE',  ( -1.683240604810041452, 105.4999999999999858, -86.00603390981339658 ) ) ;
#748 = VECTOR ( 'NONE', #467, 1000.000000000000000 ) ;
#749 = DIRECTION ( 'NONE',  ( 0.000000000000000000, 1.000000000000000000, 0.000000000000000000 ) ) ;
#750 = ORIENTED_EDGE ( 'NONE', *, *, #3475, .T. ) ;
#751 = CARTESIAN_POINT ( 'NONE',  ( 11.95091575813470364, 105.4999999999999858, -67.09650547638632645 ) ) ;
#752 = CARTESIAN_POINT ( 'NONE',  ( -15.81629306544965097, 105.4999999999999858, -71.63142787911462506 ) ) ;
#753 = CARTESIAN_POINT ( 'NONE',  ( -14.83960264434360532, 105.4999999999999858, -75.22532463559350902 ) ) ;
#754 = ADVANCED_FACE ( 'NONE', ( #5049 ), #6627, .T. ) ;
#755 = CARTESIAN_POINT ( 'NONE',  ( 4.352716925803076009, 110.9999999999999858, -59.83766053076262637 ) ) ;
#756 = VERTEX_POINT ( 'NONE', #2373 ) ;
#757 = DIRECTION ( 'NONE',  ( 0.000000000000000000, 0.000000000000000000, -1.000000000000000000 ) ) ;
#758 = DIRECTION ( 'NONE',  ( 0.000000000000000000, 1.000000000000000000, 0.000000000000000000 ) ) ;
#759 = ADVANCED_FACE ( 'NONE', ( #5545 ), #4971, .F. ) ;
#760 = CARTESIAN_POINT ( 'NONE',  ( -11.27866494759071081, 110.9999999999999858, -63.54590532044537809 ) ) ;
#761 = ORIENTED_EDGE ( 'NONE', *, *, #1328, .F. ) ;
#762 = CARTESIAN_POINT ( 'NONE',  ( 15.60980656596050054, 105.4999999999999858, -71.73847488236818037 ) ) ;
#763 = CARTESIAN_POINT ( 'NONE',  ( -11.56014483844734109, 110.9999999999999858, -80.14063086800126712 ) ) ;
#764 = ORIENTED_EDGE ( 'NONE', *, *, #6193, .F. ) ;
#765 = EDGE_CURVE ( 'NONE', #1122, #1737, #1632, .T. ) ;
#766 = CARTESIAN_POINT ( 'NONE',  ( -6.922252736855531552, 105.4999999999999858, -59.60239148487157479 ) ) ;
#767 = LINE ( 'NONE', #616, #3322 ) ;
#768 = CARTESIAN_POINT ( 'NONE',  ( 1.682128284694953013, 105.4999999999999858, -85.99465770516425778 ) ) ;
#769 = B_SPLINE_SURFACE_WITH_KNOTS ( 'NONE', 3, 1, ( 
 ( #3924, #6127 ),
 ( #3349, #242 ),
 ( #1309, #5492 ),
 ( #5525, #2927 ) ),
 .UNSPECIFIED., .F., .F., .F.,
 ( 4, 4 ),
 ( 2, 2 ),
 ( 0.000000000000000000, 1.000000000000000000 ),
 ( 0.000000000000000000, 1.000000000000000000 ),
 .UNSPECIFIED. ) ;
#770 = CARTESIAN_POINT ( 'NONE',  ( -6.160994901029465787, 110.9999999999999858, -87.68356554839759553 ) ) ;
#771 = CARTESIAN_POINT ( 'NONE',  ( 15.60980656596050054, 105.4999999999999858, -71.73847488236818037 ) ) ;
#772 = CARTESIAN_POINT ( 'NONE',  ( -11.75684740643832171, 105.4999999999999858, -83.76976116929021998 ) ) ;
#773 = VERTEX_POINT ( 'NONE', #143 ) ;
#774 = CARTESIAN_POINT ( 'NONE',  ( -7.404998299536807771, 105.4999999999999858, -84.56050224683282579 ) ) ;
#775 = VERTEX_POINT ( 'NONE', #605 ) ;
#776 = CARTESIAN_POINT ( 'NONE',  ( -16.96286969065801387, 105.4999999999999858, -70.87703434704887684 ) ) ;
#777 = CARTESIAN_POINT ( 'NONE',  ( 4.193377157746862594, 105.4999999999999858, -85.56590829469865866 ) ) ;
#778 = CARTESIAN_POINT ( 'NONE',  ( -13.45705252280272823, 110.9999999999999858, -78.07965892249255546 ) ) ;
#779 = CARTESIAN_POINT ( 'NONE',  ( 15.52760769214744663, 105.4999999999999858, -77.97027120650700738 ) ) ;
#780 = CARTESIAN_POINT ( 'NONE',  ( 0.000000000000000000, 105.4999999999999858, -71.99999999999998579 ) ) ;
#781 = CARTESIAN_POINT ( 'NONE',  ( -1.199407783317656850, 110.9999999999999858, -58.53838450390695414 ) ) ;
#782 = EDGE_CURVE ( 'NONE', #133, #2765, #3856, .T. ) ;
#783 = FACE_OUTER_BOUND ( 'NONE', #5362, .T. ) ;
#784 = EDGE_LOOP ( 'NONE', ( #1544, #6139, #3012, #4364 ) ) ;
#785 = CARTESIAN_POINT ( 'NONE',  ( 8.227339352541013895, 110.9999999999999858, -58.48697447206529887 ) ) ;
#786 = FACE_OUTER_BOUND ( 'NONE', #6480, .T. ) ;
#787 = CARTESIAN_POINT ( 'NONE',  ( -13.84067976988754545, 105.4999999999999858, -74.72724555622524178 ) ) ;
#788 = CARTESIAN_POINT ( 'NONE',  ( -6.125843526393073724, 105.4999999999999858, -60.62710735602900058 ) ) ;
#789 = ORIENTED_EDGE ( 'NONE', *, *, #3978, .T. ) ;
#790 = CARTESIAN_POINT ( 'NONE',  ( 7.313777566332055002, 105.4999999999999858, -84.28505316859167351 ) ) ;
#791 = DIRECTION ( 'NONE',  ( 0.000000000000000000, -1.000000000000000000, 0.000000000000000000 ) ) ;
#792 = EDGE_CURVE ( 'NONE', #1390, #773, #2291, .T. ) ;
#793 = CARTESIAN_POINT ( 'NONE',  ( -12.78231939801788464, 110.9999999999999858, -63.03636417401334313 ) ) ;
#794 = EDGE_LOOP ( 'NONE', ( #5000, #3455, #6120, #5471 ) ) ;
#795 = CARTESIAN_POINT ( 'NONE',  ( 15.18590442083017322, 110.9999999999999858, -71.93048332296064018 ) ) ;
#796 = VERTEX_POINT ( 'NONE', #2256 ) ;
#797 = CARTESIAN_POINT ( 'NONE',  ( -10.47635999384503691, 110.9999999999999858, -59.07728278573848257 ) ) ;
#798 = CARTESIAN_POINT ( 'NONE',  ( 11.99366533462113260, 110.9999999999999858, -80.61431988356720524 ) ) ;
#799 = CARTESIAN_POINT ( 'NONE',  ( 15.02442146371837595, 111.0000000000000000, -64.10297855229032393 ) ) ;
#800 = CARTESIAN_POINT ( 'NONE',  ( -23.81569860407218542, 112.9999999999999858, -66.74999999999937472 ) ) ;
#801 = CARTESIAN_POINT ( 'NONE',  ( 15.60631691770017859, 105.4999999999999858, -75.83537878214941941 ) ) ;
#802 = ORIENTED_EDGE ( 'NONE', *, *, #2170, .F. ) ;
#803 = CARTESIAN_POINT ( 'NONE',  ( -7.532749002106986502, 105.4999999999999858, -85.18613734640405255 ) ) ;
#804 = ORIENTED_EDGE ( 'NONE', *, *, #6766, .F. ) ;
#805 = DIRECTION ( 'NONE',  ( -0.9928535775496396543, 0.000000000000000000, -0.1193389020683599394 ) ) ;
#806 = CARTESIAN_POINT ( 'NONE',  ( -1.174955163963969262, 110.9999999999999858, -88.02768662349954809 ) ) ;
#807 = CARTESIAN_POINT ( 'NONE',  ( -12.78990417712740069, 110.9999999999999858, -77.92438612772858164 ) ) ;
#808 = CARTESIAN_POINT ( 'NONE',  ( -7.773303275923877820, 110.9999999999999858, -81.78906309002607600 ) ) ;
#809 = CARTESIAN_POINT ( 'NONE',  ( -1.028600912950920820, 105.4999999999999858, -88.33477744430867062 ) ) ;
#810 = CARTESIAN_POINT ( 'NONE',  ( -16.35871260184331888, 110.9999999999999858, -76.62520507764193667 ) ) ;
#811 = DIRECTION ( 'NONE',  ( 0.000000000000000000, 0.000000000000000000, 1.000000000000000000 ) ) ;
#812 = EDGE_LOOP ( 'NONE', ( #574, #1248, #761, #2334 ) ) ;
#813 = DIRECTION ( 'NONE',  ( 0.3514117599586877305, 0.000000000000000000, -0.9362210075418825328 ) ) ;
#814 = CARTESIAN_POINT ( 'NONE',  ( 12.78990417712426719, 105.4999999999999858, -77.92438612776582829 ) ) ;
#815 = PLANE ( 'NONE',  #31 ) ;
#816 = B_SPLINE_CURVE_WITH_KNOTS ( 'NONE', 4,
 ( #6930, #2117, #6406, #3748, #5957, #1129, #4934, #604, #75, #2223, #4385, #1697, #3319, #5469, #645, #6721, #3398, #4526, #5043 ),
 .UNSPECIFIED., .F., .F.,
 ( 5, 1, 1, 1, 1, 1, 1, 1, 1, 1, 1, 1, 1, 1, 1, 5 ),
 ( 0.000000000000000000, 0.01510380894618329473, 0.06983612823799767444, 0.1205638147985295117, 0.1479301470313329203, 0.1752962048027451036, 0.2026623067199501693, 0.2300286649678376372, 0.2573949849334067341, 0.2847606352807794949, 0.3120163113035102631, 0.3302610210450994122, 0.3483393403036955105, 0.3617874722637031693, 0.3714944117322120931, 0.3768711599805257828 ),
 .UNSPECIFIED. ) ;
#817 = DIRECTION ( 'NONE',  ( 0.000000000000000000, 0.000000000000000000, 1.000000000000000000 ) ) ;
#818 = CARTESIAN_POINT ( 'NONE',  ( 7.508918062289791528, 105.4999999999999858, -87.25175889967351850 ) ) ;
#819 = VECTOR ( 'NONE', #218, 1000.000000000000000 ) ;
#820 = CARTESIAN_POINT ( 'NONE',  ( 0.000000000000000000, 114.9999999999999858, -71.99999999999998579 ) ) ;
#821 = CARTESIAN_POINT ( 'NONE',  ( -11.64073008976015977, 110.9999999999999858, -77.60018294149982410 ) ) ;
#822 = TOROIDAL_SURFACE ( 'NONE', #5658, 10.49999999999999645, 2.000000000000000000 ) ;
#823 = ORIENTED_EDGE ( 'NONE', *, *, #4710, .T. ) ;
#824 = CARTESIAN_POINT ( 'NONE',  ( 16.96286969065870665, 105.4999999999999858, -70.87703434705923655 ) ) ;
#825 = ADVANCED_FACE ( 'NONE', ( #6069 ), #5581, .T. ) ;
#826 = EDGE_LOOP ( 'NONE', ( #1208, #3147, #3280, #144 ) ) ;
#827 = CIRCLE ( 'NONE', #6554, 16.99999999999860378 ) ;
#828 = CARTESIAN_POINT ( 'NONE',  ( -15.87713240271467008, 114.9999999999999858, -48.59447481145295455 ) ) ;
#829 = CARTESIAN_POINT ( 'NONE',  ( -4.599747802744301062, 110.9999999999999858, -58.46278485817502002 ) ) ;
#830 = CARTESIAN_POINT ( 'NONE',  ( -13.74216322135147195, 110.9999999999999858, -68.86424652617267839 ) ) ;
#831 = AXIS2_PLACEMENT_3D ( 'NONE', #3818, #5951, #2644 ) ;
#832 = CARTESIAN_POINT ( 'NONE',  ( 14.66063268841480749, 111.0000000000000000, -64.72340579882295231 ) ) ;
#833 = CARTESIAN_POINT ( 'NONE',  ( 14.00256700119531850, 110.9999999999999858, -65.58887899116952269 ) ) ;
#834 = CARTESIAN_POINT ( 'NONE',  ( 4.555022691701712034, 105.4999999999999858, -58.66089327844745327 ) ) ;
#835 = ORIENTED_EDGE ( 'NONE', *, *, #3998, .F. ) ;
#836 = CARTESIAN_POINT ( 'NONE',  ( -13.29290619786284289, 105.4999999999999858, -62.96861566794700593 ) ) ;
#837 = VERTEX_POINT ( 'NONE', #4386 ) ;
#838 = CARTESIAN_POINT ( 'NONE',  ( 12.55347716098953370, 110.9999999999999858, -63.07898176321365469 ) ) ;
#839 = AXIS2_PLACEMENT_3D ( 'NONE', #530, #2745, #5320 ) ;
#840 = EDGE_CURVE ( 'NONE', #3170, #1099, #2450, .T. ) ;
#841 = CARTESIAN_POINT ( 'NONE',  ( 4.235701275184623249, 105.4999999999999858, -85.65550102898697560 ) ) ;
#842 = PLANE ( 'NONE',  #1282 ) ;
#843 = DIRECTION ( 'NONE',  ( -0.000000000000000000, -1.000000000000000000, 0.000000000000000000 ) ) ;
#844 = CARTESIAN_POINT ( 'NONE',  ( -6.571045829569577279, 105.4999999999999858, -60.19004540647883772 ) ) ;
#845 = DIRECTION ( 'NONE',  ( 0.000000000000000000, 0.000000000000000000, 1.000000000000000000 ) ) ;
#846 = CARTESIAN_POINT ( 'NONE',  ( 0.000000000000000000, 114.9999999999999858, -111.9999999999999716 ) ) ;
#847 = VECTOR ( 'NONE', #1549, 1000.000000000000000 ) ;
#848 = VERTEX_POINT ( 'NONE', #2754 ) ;
#849 = CARTESIAN_POINT ( 'NONE',  ( -12.33121320084094741, 114.9999999999999858, -97.45276259427345167 ) ) ;
#851 = VERTEX_POINT ( 'NONE', #3825 ) ;
#850 = AXIS2_PLACEMENT_3D ( 'NONE', #3757, #1070, #4355 ) ;
#852 = CARTESIAN_POINT ( 'NONE',  ( 6.922252736879210389, 110.9999999999999858, -59.60239148489939254 ) ) ;
#853 = CIRCLE ( 'NONE', #51, 1.499999999999999778 ) ;
#854 = EDGE_CURVE ( 'NONE', #6621, #2116, #4964, .T. ) ;
#855 = CARTESIAN_POINT ( 'NONE',  ( 8.922906132225215003, 110.9999999999999858, -63.24604397112379672 ) ) ;
#856 = CARTESIAN_POINT ( 'NONE',  ( -2.867712144228191651, 111.0000000000000000, -55.27061223108047017 ) ) ;
#857 = AXIS2_PLACEMENT_3D ( 'NONE', #2194, #2688, #5265 ) ;
#858 = DIRECTION ( 'NONE',  ( 0.000000000000000000, 1.000000000000000000, 0.000000000000000000 ) ) ;
#859 = ORIENTED_EDGE ( 'NONE', *, *, #4635, .T. ) ;
#860 = CARTESIAN_POINT ( 'NONE',  ( 10.42436958044680040, 110.9999999999999858, -83.33608724662467182 ) ) ;
#861 = CARTESIAN_POINT ( 'NONE',  ( -14.66063268840430744, 110.9999999999999858, -64.72340579881047518 ) ) ;
#862 = AXIS2_PLACEMENT_3D ( 'NONE', #1733, #1239, #817 ) ;
#863 = DIRECTION ( 'NONE',  ( 0.000000000000000000, 0.000000000000000000, 1.000000000000000000 ) ) ;
#864 = CARTESIAN_POINT ( 'NONE',  ( -8.922906132221944731, 105.4999999999999858, -63.24604397112046428 ) ) ;
#865 = ORIENTED_EDGE ( 'NONE', *, *, #77, .F. ) ;
#866 = CARTESIAN_POINT ( 'NONE',  ( 0.000000000000000000, 105.4999999999999858, -71.99999999999998579 ) ) ;
#867 = EDGE_CURVE ( 'NONE', #678, #3060, #719, .T. ) ;
#868 = ORIENTED_EDGE ( 'NONE', *, *, #2637, .F. ) ;
#869 = CARTESIAN_POINT ( 'NONE',  ( 1.304002731882733634, 110.9999999999999858, -57.76225261777169351 ) ) ;
#870 = CARTESIAN_POINT ( 'NONE',  ( -4.558475950859881110, 110.9999999999999858, -58.64999693552111637 ) ) ;
#871 = CARTESIAN_POINT ( 'NONE',  ( 3.119695238503663592, 105.4999999999999858, -84.10444140052969431 ) ) ;
#872 = CARTESIAN_POINT ( 'NONE',  ( 13.84473902398710266, 110.9999999999999858, -65.75982956926132772 ) ) ;
#873 = CARTESIAN_POINT ( 'NONE',  ( 9.594310430213655039, 105.4999999999999858, -61.65826454673982226 ) ) ;
#874 = ORIENTED_EDGE ( 'NONE', *, *, #5721, .T. ) ;
#875 = CARTESIAN_POINT ( 'NONE',  ( 9.586723779017560787, 110.9999999999999858, -61.66681428427300915 ) ) ;
#876 = ORIENTED_EDGE ( 'NONE', *, *, #413, .T. ) ;
#877 = LINE ( 'NONE', #4650, #6453 ) ;
#878 = EDGE_CURVE ( 'NONE', #4857, #2370, #6462, .T. ) ;
#879 = CARTESIAN_POINT ( 'NONE',  ( 0.000000000000000000, 105.4999999999999858, -71.99999999999998579 ) ) ;
#880 = CARTESIAN_POINT ( 'NONE',  ( 13.51324361031477572, 110.9999999999999858, -72.21428467892422987 ) ) ;
#881 = CYLINDRICAL_SURFACE ( 'NONE', #5780, 16.99999999999860378 ) ;
#882 = CARTESIAN_POINT ( 'NONE',  ( -0.7507318962219622360, 105.4999999999999858, -88.83355245043128434 ) ) ;
#883 = DIRECTION ( 'NONE',  ( 0.9928535775496396543, 0.000000000000000000, 0.1193389020683603002 ) ) ;
#884 = EDGE_LOOP ( 'NONE', ( #1445, #1466, #2541, #5630, #438, #5175, #3570, #6635 ) ) ;
#885 = CARTESIAN_POINT ( 'NONE',  ( -0.8797706761290331468, 105.4999999999999858, -88.61254774193008643 ) ) ;
#886 = ORIENTED_EDGE ( 'NONE', *, *, #1269, .T. ) ;
#887 = CARTESIAN_POINT ( 'NONE',  ( 11.95091575813470364, 110.9999999999999858, -67.09650547638632645 ) ) ;
#888 = CARTESIAN_POINT ( 'NONE',  ( -0.5348675345779562162, 110.9999999999999858, -59.51144857397565602 ) ) ;
#889 = CARTESIAN_POINT ( 'NONE',  ( 16.42958139039598819, 105.4999999999999858, -69.38856471327328279 ) ) ;
#890 = CARTESIAN_POINT ( 'NONE',  ( -13.66909548869403324, 105.4999999999999858, -78.10079351353077470 ) ) ;
#891 = EDGE_CURVE ( 'NONE', #2685, #93, #4507, .T. ) ;
#892 = PRODUCT_DEFINITION_CONTEXT ( 'detailed design', #3122, 'design' ) ;
#893 = ORIENTED_EDGE ( 'NONE', *, *, #2207, .F. ) ;
#894 = CARTESIAN_POINT ( 'NONE',  ( 9.820809144269002644, 110.9999999999999858, -83.02752116150729478 ) ) ;
#895 = CARTESIAN_POINT ( 'NONE',  ( -13.52259278330330972, 110.9999999999999858, -66.06754691276300662 ) ) ;
#896 = DIRECTION ( 'NONE',  ( 0.000000000000000000, 1.000000000000000000, 0.000000000000000000 ) ) ;
#897 = ORIENTED_EDGE ( 'NONE', *, *, #4351, .F. ) ;
#898 = EDGE_LOOP ( 'NONE', ( #457, #6604, #4221, #1934 ) ) ;
#899 = CARTESIAN_POINT ( 'NONE',  ( 13.63203177546464318, 105.4999999999999858, -62.94181675688682986 ) ) ;
#900 = CARTESIAN_POINT ( 'NONE',  ( 14.59881447386404396, 110.9999999999999858, -78.09635856051760072 ) ) ;
#901 = CARTESIAN_POINT ( 'NONE',  ( -23.81569860407218542, 113.4999999999999858, -58.24999999999938183 ) ) ;
#902 = CARTESIAN_POINT ( 'NONE',  ( 13.68018328363388925, 110.9999999999999858, -65.92411008161957398 ) ) ;
#903 = CARTESIAN_POINT ( 'NONE',  ( 9.594310430213655039, 110.9999999999999858, -61.65826454673982226 ) ) ;
#904 = EDGE_LOOP ( 'NONE', ( #5007, #6487, #3918, #1986 ) ) ;
#905 = CARTESIAN_POINT ( 'NONE',  ( 10.51584916751914101, 110.9999999999999858, -58.64272047586262460 ) ) ;
#906 = ORIENTED_EDGE ( 'NONE', *, *, #2826, .T. ) ;
#907 = CARTESIAN_POINT ( 'NONE',  ( 13.29290619786863914, 110.9999999999999858, -62.96861566796525977 ) ) ;
#908 = CARTESIAN_POINT ( 'NONE',  ( -11.95091575812299567, 110.9999999999999858, -67.09650547638105422 ) ) ;
#909 = CARTESIAN_POINT ( 'NONE',  ( 1.264283200125452478, 110.9999999999999858, -57.96142500677489551 ) ) ;
#910 = CARTESIAN_POINT ( 'NONE',  ( 2.183063851200751415, 105.4999999999999858, -56.07826986914306389 ) ) ;
#911 = CARTESIAN_POINT ( 'NONE',  ( 4.912333406697787730, 105.4999999999999858, -86.59600410092680534 ) ) ;
#912 = CARTESIAN_POINT ( 'NONE',  ( -4.402314712682393605, 105.4999999999999858, -56.23603478931794797 ) ) ;
#913 = VERTEX_POINT ( 'NONE', #5959 ) ;
#914 = EDGE_CURVE ( 'NONE', #3199, #4681, #5689, .T. ) ;
#915 = CARTESIAN_POINT ( 'NONE',  ( -0.6731895439051789332, 105.4999999999999858, -88.96004138859939303 ) ) ;
#916 = EDGE_LOOP ( 'NONE', ( #326, #906, #4340, #4283, #2316 ) ) ;
#917 = CARTESIAN_POINT ( 'NONE',  ( 36.99363960252269834, 113.4999999999999858, -93.35828778282059659 ) ) ;
#918 = CARTESIAN_POINT ( 'NONE',  ( -23.81569860407218542, 114.9999999999999858, -47.24999999999930367 ) ) ;
#919 = CARTESIAN_POINT ( 'NONE',  ( -2.593397313759192802, 105.4999999999999858, -55.56756167534865654 ) ) ;
#920 = CARTESIAN_POINT ( 'NONE',  ( -28.20834560355562459, 113.4999999999999858, -69.95276259427352272 ) ) ;
#921 = CARTESIAN_POINT ( 'NONE',  ( -1.264283200091607995, 110.9999999999999858, -57.96142500675897935 ) ) ;
#922 = CARTESIAN_POINT ( 'NONE',  ( 15.02952432530197235, 105.4999999999999858, -75.35972525181995252 ) ) ;
#923 = CARTESIAN_POINT ( 'NONE',  ( 1.686911345409991547, 110.9999999999999858, -86.09867404971171823 ) ) ;
#924 = VERTEX_POINT ( 'NONE', #1774 ) ;
#925 = ORIENTED_EDGE ( 'NONE', *, *, #2934, .T. ) ;
#926 = CARTESIAN_POINT ( 'NONE',  ( 1.463387188181047183, 110.9999999999999858, -57.30602119394536942 ) ) ;
#927 = EDGE_CURVE ( 'NONE', #6296, #5723, #2560, .T. ) ;
#928 = CARTESIAN_POINT ( 'NONE',  ( -4.574970340463472951, 110.9999999999999858, -57.07337604153263300 ) ) ;
#929 = AXIS2_PLACEMENT_3D ( 'NONE', #427, #4729, #2044 ) ;
#930 = B_SPLINE_SURFACE_WITH_KNOTS ( 'NONE', 3, 1, ( 
 ( #3598, #3563 ),
 ( #5733, #5271 ),
 ( #6317, #908 ),
 ( #6910, #5300 ) ),
 .UNSPECIFIED., .F., .F., .F.,
 ( 4, 4 ),
 ( 2, 2 ),
 ( 0.000000000000000000, 1.000000000000000000 ),
 ( 0.000000000000000000, 1.000000000000000000 ),
 .UNSPECIFIED. ) ;
#931 = CARTESIAN_POINT ( 'NONE',  ( 13.94700302803239111, 110.9999999999999858, -62.93182237401233436 ) ) ;
#932 = CARTESIAN_POINT ( 'NONE',  ( 9.638698607694497156, 105.4999999999999858, -64.04101205240085903 ) ) ;
#933 = CARTESIAN_POINT ( 'NONE',  ( 1.264283200125452478, 110.9999999999999858, -57.96142500677489551 ) ) ;
#934 = AXIS2_PLACEMENT_3D ( 'NONE', #5616, #4045, #5079 ) ;
#935 = EDGE_LOOP ( 'NONE', ( #5709, #6286, #6307, #1745 ) ) ;
#936 = CARTESIAN_POINT ( 'NONE',  ( -13.63203177545909028, 110.9999999999999858, -62.94181675687151056 ) ) ;
#937 = VERTEX_POINT ( 'NONE', #714 ) ;
#938 = LINE ( 'NONE', #3098, #2636 ) ;
#939 = CARTESIAN_POINT ( 'NONE',  ( 9.453951628364910320, 105.4999999999999858, -57.87120675328252872 ) ) ;
#940 = B_SPLINE_CURVE_WITH_KNOTS ( 'NONE', 3,
 ( #5516, #4474, #1754, #200 ),
 .UNSPECIFIED., .F., .F.,
 ( 4, 4 ),
 ( 0.000000000000000000, 1.000000000000000000 ),
 .UNSPECIFIED. ) ;
#941 = LINE ( 'NONE', #5667, #6222 ) ;
#942 = CARTESIAN_POINT ( 'NONE',  ( -13.06318720347620399, 105.4999999999999858, -82.87902293806240550 ) ) ;
#943 = CARTESIAN_POINT ( 'NONE',  ( 10.63935037052513977, 105.4999999999999858, -83.42535251565843168 ) ) ;
#944 = ORIENTED_EDGE ( 'NONE', *, *, #1690, .F. ) ;
#945 = CARTESIAN_POINT ( 'NONE',  ( -1.682128284694977438, 105.4999999999999858, -85.99465770516428620 ) ) ;
#946 = ORIENTED_EDGE ( 'NONE', *, *, #3392, .T. ) ;
#947 = EDGE_CURVE ( 'NONE', #5026, #756, #4748, .T. ) ;
#948 = CIRCLE ( 'NONE', #1398, 12.50000000000000178 ) ;
#949 = CARTESIAN_POINT ( 'NONE',  ( 12.96079323228967617, 110.9999999999999858, -66.45943697439331288 ) ) ;
#950 = DIRECTION ( 'NONE',  ( 0.000000000000000000, 1.000000000000000000, -0.000000000000000000 ) ) ;
#951 = ADVANCED_FACE ( 'NONE', ( #1935 ), #3560, .T. ) ;
#952 = CARTESIAN_POINT ( 'NONE',  ( -1.264283200091607995, 111.0000000000000000, -57.96142500675897935 ) ) ;
#953 = AXIS2_PLACEMENT_3D ( 'NONE', #5448, #6013, #664 ) ;
#954 = CARTESIAN_POINT ( 'NONE',  ( -12.88735155236404140, 105.4999999999999858, -77.96107790694827600 ) ) ;
#955 = ORIENTED_EDGE ( 'NONE', *, *, #580, .F. ) ;
#956 = AXIS2_PLACEMENT_3D ( 'NONE', #4154, #3516, #6835 ) ;
#957 = CARTESIAN_POINT ( 'NONE',  ( 10.85706823367373453, 110.9999999999999858, -83.50717346310776179 ) ) ;
#958 = VECTOR ( 'NONE', #5603, 1000.000000000000000 ) ;
#959 = CARTESIAN_POINT ( 'NONE',  ( -12.96079323226404156, 110.9999999999999858, -66.45943697436599962 ) ) ;
#960 = TOROIDAL_SURFACE ( 'NONE', #6683, 10.50000000000001066, 2.000000000000000000 ) ;
#961 = AXIS2_PLACEMENT_3D ( 'NONE', #5323, #5422, #4856 ) ;
#962 = AXIS2_PLACEMENT_3D ( 'NONE', #1008, #2729, #1109 ) ;
#963 = EDGE_CURVE ( 'NONE', #2936, #3379, #1446, .T. ) ;
#964 = CARTESIAN_POINT ( 'NONE',  ( 1.623641311369508511, 110.9999999999999858, -86.67713541899993857 ) ) ;
#965 = ORIENTED_EDGE ( 'NONE', *, *, #1563, .F. ) ;
#966 = VECTOR ( 'NONE', #5041, 1000.000000000000000 ) ;
#967 = ORIENTED_EDGE ( 'NONE', *, *, #697, .F. ) ;
#968 = EDGE_CURVE ( 'NONE', #6243, #4639, #1311, .T. ) ;
#969 = CARTESIAN_POINT ( 'NONE',  ( -14.15389603457055578, 110.9999999999999858, -65.41200459500919351 ) ) ;
#970 = CARTESIAN_POINT ( 'NONE',  ( -7.592422406486691422, 105.4999999999999858, -86.16412299226151106 ) ) ;
#971 = EDGE_CURVE ( 'NONE', #2035, #1127, #2192, .T. ) ;
#972 = DIRECTION ( 'NONE',  ( -2.775557561562891351E-16, -0.000000000000000000, 1.000000000000000000 ) ) ;
#973 = ORIENTED_EDGE ( 'NONE', *, *, #2610, .F. ) ;
#974 = DIRECTION ( 'NONE',  ( 0.000000000000000000, -1.000000000000000000, 0.000000000000000000 ) ) ;
#975 = ORIENTED_EDGE ( 'NONE', *, *, #3783, .T. ) ;
#976 = CARTESIAN_POINT ( 'NONE',  ( 12.69709083991984677, 110.9999999999999858, -81.85145381865439163 ) ) ;
#977 = FACE_OUTER_BOUND ( 'NONE', #4918, .T. ) ;
#978 = CARTESIAN_POINT ( 'NONE',  ( -10.80649035581139117, 105.4999999999999858, -63.88375474834019485 ) ) ;
#979 = CARTESIAN_POINT ( 'NONE',  ( -14.07028120408034333, 111.0000000000000142, -68.83652938196551929 ) ) ;
#980 = CARTESIAN_POINT ( 'NONE',  ( 12.15331527010611978, 105.4999999999999858, -83.84876010434983584 ) ) ;
#981 = ORIENTED_EDGE ( 'NONE', *, *, #1138, .T. ) ;
#982 = FACE_OUTER_BOUND ( 'NONE', #4799, .T. ) ;
#983 = VERTEX_POINT ( 'NONE', #2495 ) ;
#984 = DIRECTION ( 'NONE',  ( 0.000000000000000000, -1.000000000000000000, 0.000000000000000000 ) ) ;
#985 = CARTESIAN_POINT ( 'NONE',  ( 14.63881925119657090, 110.9999999999999858, -68.87448821717605085 ) ) ;
#986 = CARTESIAN_POINT ( 'NONE',  ( -7.472574093536880291, 110.9999999999999858, -59.02986162792800684 ) ) ;
#987 = CARTESIAN_POINT ( 'NONE',  ( -10.37139652092075615, 105.4999999999999858, -59.72395045855183326 ) ) ;
#988 = EDGE_CURVE ( 'NONE', #1004, #4844, #2998, .T. ) ;
#989 = FACE_OUTER_BOUND ( 'NONE', #1625, .T. ) ;
#990 = CARTESIAN_POINT ( 'NONE',  ( 15.95310383445372082, 105.4999999999999858, -77.87354050357112101 ) ) ;
#991 = EDGE_LOOP ( 'NONE', ( #2361, #4263, #5648, #4138 ) ) ;
#992 = B_SPLINE_CURVE_WITH_KNOTS ( 'NONE', 4,
 ( #568, #3896, #5887, #5390, #6034, #5992, #1061, #2683, #4902, #1662, #1590, #6548, #4309, #4416, #5361, #4858, #2255, #6441, #4798 ),
 .UNSPECIFIED., .F., .F.,
 ( 5, 1, 1, 1, 1, 1, 1, 1, 1, 1, 1, 1, 1, 1, 1, 5 ),
 ( 0.000000000000000000, 0.01510380894618329473, 0.06983612823799767444, 0.1205638147985295117, 0.1479301470313329203, 0.1752962048027451036, 0.2026623067199501693, 0.2300286649678376372, 0.2573949849334067341, 0.2847606352807794949, 0.3120163113035102631, 0.3302610210450994122, 0.3483393403036955105, 0.3617874722637031693, 0.3714944117322120931, 0.3768711599805257828 ),
 .UNSPECIFIED. ) ;
#993 = CARTESIAN_POINT ( 'NONE',  ( 11.12469391731315405, 110.9999999999999858, -83.59777751918565514 ) ) ;
#994 = CARTESIAN_POINT ( 'NONE',  ( 14.14054090137140385, 105.4999999999999858, -74.83292473061878525 ) ) ;
#995 = CARTESIAN_POINT ( 'NONE',  ( -10.25064829470232475, 110.9999999999999858, -60.22465856325479194 ) ) ;
#996 = ORIENTED_EDGE ( 'NONE', *, *, #3885, .T. ) ;
#997 = ORIENTED_EDGE ( 'NONE', *, *, #4499, .T. ) ;
#998 = EDGE_CURVE ( 'NONE', #2225, #1004, #3585, .T. ) ;
#999 = CARTESIAN_POINT ( 'NONE',  ( -14.00256700117727782, 105.4999999999999858, -65.58887899115129017 ) ) ;
#1000 = CARTESIAN_POINT ( 'NONE',  ( -9.586723778983101241, 110.9999999999999858, -61.66681428425850697 ) ) ;
#1001 = CARTESIAN_POINT ( 'NONE',  ( 9.774786521385809834, 110.9999999999999858, -61.39651434789490736 ) ) ;
#1002 = ORIENTED_EDGE ( 'NONE', *, *, #5872, .F. ) ;
#1003 = CARTESIAN_POINT ( 'NONE',  ( 11.05839710391121145, 105.4999999999999858, -79.76952535790979937 ) ) ;
#1004 = VERTEX_POINT ( 'NONE', #5808 ) ;
#1005 = CARTESIAN_POINT ( 'NONE',  ( 0.000000000000000000, 113.4999999999999858, -111.9999999999999716 ) ) ;
#1006 = LINE ( 'NONE', #2488, #173 ) ;
#1007 = CARTESIAN_POINT ( 'NONE',  ( 7.508918062289791528, 110.9999999999999858, -87.25175889967351850 ) ) ;
#1008 = CARTESIAN_POINT ( 'NONE',  ( -23.81569860407218542, 112.9999999999999858, -47.74999999999938183 ) ) ;
#1009 = CARTESIAN_POINT ( 'NONE',  ( -11.56714206209304585, 105.4999999999999858, -63.38712684242815953 ) ) ;
#1010 = CARTESIAN_POINT ( 'NONE',  ( 9.714451465470119729E-14, 110.9999999999999858, -29.28342443435894182 ) ) ;
#1011 = ORIENTED_EDGE ( 'NONE', *, *, #134, .T. ) ;
#1012 = CARTESIAN_POINT ( 'NONE',  ( -12.18490139587479071, 105.4999999999999858, -83.85445814758146810 ) ) ;
#1013 = VERTEX_POINT ( 'NONE', #5177 ) ;
#1014 = DIRECTION ( 'NONE',  ( 0.000000000000000000, 1.000000000000000000, 0.000000000000000000 ) ) ;
#1015 = CARTESIAN_POINT ( 'NONE',  ( 16.66286363734649001, 110.9999999999999858, -69.49379532268585535 ) ) ;
#1016 = ADVANCED_FACE ( 'NONE', ( #3604 ), #449, .T. ) ;
#1017 = CARTESIAN_POINT ( 'NONE',  ( -9.453951628359638093, 110.9999999999999858, -57.87120675327900443 ) ) ;
#1018 = CARTESIAN_POINT ( 'NONE',  ( -10.02618222935367953, 105.4999999999999858, -60.88516653846906479 ) ) ;
#1019 = DIRECTION ( 'NONE',  ( 0.000000000000000000, 1.000000000000000000, -0.000000000000000000 ) ) ;
#1020 = CARTESIAN_POINT ( 'NONE',  ( 9.052861137576730499, 105.4999999999999858, -58.04305032809239862 ) ) ;
#1021 = UNCERTAINTY_MEASURE_WITH_UNIT (LENGTH_MEASURE( 1.000000000000000082E-05 ), #1684, 'distance_accuracy_value', 'NONE');
#1022 = EDGE_LOOP ( 'NONE', ( #2789, #114, #6342, #6917 ) ) ;
#1023 = CARTESIAN_POINT ( 'NONE',  ( -6.907869425497703553, 105.4999999999999858, -82.41783758753580003 ) ) ;
#1024 = LINE ( 'NONE', #4823, #6230 ) ;
#1025 = CARTESIAN_POINT ( 'NONE',  ( -9.594310430179275428, 110.9999999999999858, -61.65826454672540535 ) ) ;
#1026 = CARTESIAN_POINT ( 'NONE',  ( -13.26572759404716351, 105.4999999999999858, -78.05150294629564200 ) ) ;
#1027 = EDGE_LOOP ( 'NONE', ( #5730, #5690, #1509, #2092 ) ) ;
#1028 = VERTEX_POINT ( 'NONE', #3108 ) ;
#1029 = DIRECTION ( 'NONE',  ( -1.000000000000000000, 0.000000000000000000, 0.000000000000000000 ) ) ;
#1030 = CARTESIAN_POINT ( 'NONE',  ( -7.588953712926964634, 111.0000000000000142, -85.88159764882091451 ) ) ;
#1031 = CARTESIAN_POINT ( 'NONE',  ( 10.51348398794836214, 105.4999999999999858, -58.67472917722938064 ) ) ;
#1032 = ORIENTED_EDGE ( 'NONE', *, *, #3506, .F. ) ;
#1033 = DIRECTION ( 'NONE',  ( -0.9928535775496397653, 0.000000000000000000, -0.1193389020683589263 ) ) ;
#1034 = CARTESIAN_POINT ( 'NONE',  ( 11.60612067753405086, 105.4999999999999858, -80.18023487837866980 ) ) ;
#1035 = DIRECTION ( 'NONE',  ( 0.000000000000000000, 1.000000000000000000, 0.000000000000000000 ) ) ;
#1036 = AXIS2_PLACEMENT_3D ( 'NONE', #6654, #3902, #5507 ) ;
#1037 = FACE_OUTER_BOUND ( 'NONE', #3580, .T. ) ;
#1038 = FACE_OUTER_BOUND ( 'NONE', #5501, .T. ) ;
#1039 = B_SPLINE_CURVE_WITH_KNOTS ( 'NONE', 4,
 ( #5508, #40, #4354, #3330, #4424, #6557, #1742, #4975, #5432, #571, #2193, #2873, #611, #2797, #2832, #3860, #6074, #2762, #191 ),
 .UNSPECIFIED., .F., .F.,
 ( 5, 1, 1, 1, 1, 1, 1, 1, 1, 1, 1, 1, 1, 1, 1, 5 ),
 ( 0.000000000000000000, 0.005376748248313690560, 0.01508368771682262223, 0.02853181967683027578, 0.04661013893542635678, 0.06485484867701551970, 0.09211052469974631562, 0.1194761750471190626, 0.1468424950126881179, 0.1742088532605756135, 0.2015749551777806792, 0.2289410129491928625, 0.2563073451819962711, 0.3070350317425281084, 0.3617673510343424326, 0.3768711599805257828 ),
 .UNSPECIFIED. ) ;
#1040 = CARTESIAN_POINT ( 'NONE',  ( -4.567410863137911115, 110.9999999999999858, -58.61920863245136104 ) ) ;
#1041 = VERTEX_POINT ( 'NONE', #4721 ) ;
#1042 = CARTESIAN_POINT ( 'NONE',  ( -4.612637021839380402, 110.9999999999999858, -86.24034524435874971 ) ) ;
#1043 = ORIENTED_EDGE ( 'NONE', *, *, #5199, .F. ) ;
#1044 = CARTESIAN_POINT ( 'NONE',  ( -15.03960127451290596, 105.4999999999999858, -64.07469915374676361 ) ) ;
#1045 = ADVANCED_FACE ( 'NONE', ( #982 ), #3353, .F. ) ;
#1046 = CARTESIAN_POINT ( 'NONE',  ( 4.402314712698689014, 111.0000000000000142, -56.23603478931848798 ) ) ;
#1047 = CIRCLE ( 'NONE', #4982, 2.000000000000001776 ) ;
#1048 = CARTESIAN_POINT ( 'NONE',  ( -16.96286969065801387, 105.4999999999999858, -70.87703434704887684 ) ) ;
#1049 = CARTESIAN_POINT ( 'NONE',  ( -23.81569860407218542, 112.4999999999999858, -45.74999999999930367 ) ) ;
#1050 = CARTESIAN_POINT ( 'NONE',  ( -1.682128284694977438, 105.4999999999999858, -85.99465770516428620 ) ) ;
#1051 = CARTESIAN_POINT ( 'NONE',  ( 4.631706060474517272, 105.4999999999999858, -58.17438914629083513 ) ) ;
#1052 = CARTESIAN_POINT ( 'NONE',  ( -14.58021317980552034, 110.9999999999999858, -72.13266551893788403 ) ) ;
#1053 = CARTESIAN_POINT ( 'NONE',  ( 12.91213570738850969, 110.9999999999999858, -72.38131020852326003 ) ) ;
#1054 = AXIS2_PLACEMENT_3D ( 'NONE', #5849, #1056, #3211 ) ;
#1055 = EDGE_CURVE ( 'NONE', #2370, #678, #4253, .T. ) ;
#1056 = DIRECTION ( 'NONE',  ( 1.000000000000000000, 0.000000000000000000, 1.224646799147353207E-16 ) ) ;
#1057 = CARTESIAN_POINT ( 'NONE',  ( 15.39674265808084819, 110.9999999999999858, -77.99181128982142752 ) ) ;
#1058 = CARTESIAN_POINT ( 'NONE',  ( -10.18434364176935958, 110.9999999999999858, -60.44779242746597703 ) ) ;
#1059 = CARTESIAN_POINT ( 'NONE',  ( 0.000000000000000000, 105.4999999999999858, -71.99999999999998579 ) ) ;
#1060 = ORIENTED_EDGE ( 'NONE', *, *, #3324, .T. ) ;
#1061 = CARTESIAN_POINT ( 'NONE',  ( -5.238036262529528919, 105.4999999999999858, -86.92829353452397356 ) ) ;
#1062 = TOROIDAL_SURFACE ( 'NONE', #5897, 26.50000000000001776, 1.500000000000000000 ) ;
#1063 = VERTEX_POINT ( 'NONE', #6392 ) ;
#1064 = AXIS2_PLACEMENT_3D ( 'NONE', #6712, #5736, #3528 ) ;
#1065 = CARTESIAN_POINT ( 'NONE',  ( -14.95365000611921324, 110.9999999999999858, -64.23337666833994319 ) ) ;
#1066 = TOROIDAL_SURFACE ( 'NONE', #4896, 10.49999999999999645, 2.000000000000000000 ) ;
#1067 = AXIS2_PLACEMENT_3D ( 'NONE', #520, #3769, #1080 ) ;
#1068 = EDGE_CURVE ( 'NONE', #1256, #1415, #4292, .T. ) ;
#1069 = CARTESIAN_POINT ( 'NONE',  ( -7.404998299536807771, 111.0000000000000142, -84.56050224683282579 ) ) ;
#1070 = DIRECTION ( 'NONE',  ( 0.000000000000000000, 1.000000000000000000, -0.000000000000000000 ) ) ;
#1071 = ORIENTED_EDGE ( 'NONE', *, *, #208, .F. ) ;
#1072 = CARTESIAN_POINT ( 'NONE',  ( -16.82566797711224993, 110.9999999999999858, -69.57164724063171946 ) ) ;
#1073 = B_SPLINE_CURVE_WITH_KNOTS ( 'NONE', 4,
 ( #4357, #6488, #3191, #2618, #1671, #3832, #3225, #5436, #5333, #5367, #512, #2658, #544, #2800, #6077, #154, #3864, #3447, #115 ),
 .UNSPECIFIED., .F., .F.,
 ( 5, 1, 1, 1, 1, 1, 1, 1, 1, 1, 1, 1, 1, 1, 1, 5 ),
 ( 0.000000000000000000, 0.01510380894618329473, 0.06983612823799767444, 0.1205638147985295117, 0.1479301470313329203, 0.1752962048027451036, 0.2026623067199501693, 0.2300286649678376372, 0.2573949849334067341, 0.2847606352807794949, 0.3120163113035102631, 0.3302610210450994122, 0.3483393403036955105, 0.3617874722637031693, 0.3714944117322120931, 0.3768711599805257828 ),
 .UNSPECIFIED. ) ;
#1074 = CARTESIAN_POINT ( 'NONE',  ( 11.56014483841683393, 110.9999999999999858, -80.14063086802234182 ) ) ;
#1075 = DIRECTION ( 'NONE',  ( -0.9362210075418833100, 2.057478053709751737E-14, 0.3514117599586857321 ) ) ;
#1076 = LINE ( 'NONE', #3228, #5541 ) ;
#1077 = CARTESIAN_POINT ( 'NONE',  ( 6.309818809593036981, 105.4999999999999858, -87.78563228350571990 ) ) ;
#1078 = CARTESIAN_POINT ( 'NONE',  ( -12.30457893991369467, 110.9999999999999858, -83.73018913365783078 ) ) ;
#1079 = EDGE_LOOP ( 'NONE', ( #6276, #5134, #3970, #5854 ) ) ;
#1080 = DIRECTION ( 'NONE',  ( 0.000000000000000000, 0.000000000000000000, 1.000000000000000000 ) ) ;
#1081 = EDGE_LOOP ( 'NONE', ( #3734, #5714, #5058, #5588 ) ) ;
#1082 = DIRECTION ( 'NONE',  ( 0.000000000000000000, 1.000000000000000000, 0.000000000000000000 ) ) ;
#1083 = EDGE_CURVE ( 'NONE', #2225, #4637, #4917, .T. ) ;
#1084 = CARTESIAN_POINT ( 'NONE',  ( -11.95091575812299567, 105.4999999999999858, -67.09650547638105422 ) ) ;
#1085 = CARTESIAN_POINT ( 'NONE',  ( 10.22200870383495719, 110.9999999999999858, -64.10195061678923878 ) ) ;
#1086 = CARTESIAN_POINT ( 'NONE',  ( -7.773303275929054124, 105.4999999999999858, -81.78906309002196906 ) ) ;
#1087 = CARTESIAN_POINT ( 'NONE',  ( 6.160994901018946202, 110.9999999999999858, -87.68356554840272565 ) ) ;
#1088 = CARTESIAN_POINT ( 'NONE',  ( -0.5000000000000108802, 105.9999999999999858, -80.48074069840785683 ) ) ;
#1089 = CARTESIAN_POINT ( 'NONE',  ( 0.000000000000000000, 110.9999999999999858, -88.99999999999997158 ) ) ;
#1090 = CARTESIAN_POINT ( 'NONE',  ( 14.09382379058831880, 110.9999999999999858, -72.21007334607602957 ) ) ;
#1091 = EDGE_LOOP ( 'NONE', ( #2283, #4579, #511, #483 ) ) ;
#1092 = CARTESIAN_POINT ( 'NONE',  ( 15.87713240271468251, 112.4999999999999858, -48.59447481145294745 ) ) ;
#1093 = CARTESIAN_POINT ( 'NONE',  ( 23.81569860407268990, 110.9999999999999858, -58.24999999999947420 ) ) ;
#1094 = EDGE_CURVE ( 'NONE', #6596, #4399, #4400, .T. ) ;
#1095 = CARTESIAN_POINT ( 'NONE',  ( -7.249624935083526012, 110.9999999999999858, -84.13877085686812052 ) ) ;
#1096 = CARTESIAN_POINT ( 'NONE',  ( -13.45705252280272823, 110.9999999999999858, -78.07965892249255546 ) ) ;
#1097 = ORIENTED_EDGE ( 'NONE', *, *, #5844, .T. ) ;
#1098 = CARTESIAN_POINT ( 'NONE',  ( 13.17339452564297098, 110.9999999999999858, -68.98083662801182925 ) ) ;
#1099 = VERTEX_POINT ( 'NONE', #56 ) ;
#1100 = CARTESIAN_POINT ( 'NONE',  ( -14.46786136181855298, 110.9999999999999858, -65.00369770854241835 ) ) ;
#1101 = EDGE_CURVE ( 'NONE', #4705, #6355, #5457, .T. ) ;
#1102 = CARTESIAN_POINT ( 'NONE',  ( 0.000000000000000000, 110.9999999999999858, -99.49999999999997158 ) ) ;
#1103 = CARTESIAN_POINT ( 'NONE',  ( 10.51584916752390875, 105.4999999999999858, -58.64272047586636916 ) ) ;
#1104 = ORIENTED_EDGE ( 'NONE', *, *, #4972, .F. ) ;
#1105 = CARTESIAN_POINT ( 'NONE',  ( 7.513259550783662810, 110.9999999999999858, -87.21995791674800103 ) ) ;
#1106 = CARTESIAN_POINT ( 'NONE',  ( -9.586723778983101241, 110.9999999999999858, -61.66681428425850697 ) ) ;
#1107 = CARTESIAN_POINT ( 'NONE',  ( 8.470279130392340150, 105.4999999999999858, -58.34270782360218277 ) ) ;
#1108 = CARTESIAN_POINT ( 'NONE',  ( -9.453951628359638093, 105.4999999999999858, -57.87120675327900443 ) ) ;
#1109 = DIRECTION ( 'NONE',  ( 0.000000000000000000, 0.000000000000000000, 1.000000000000000000 ) ) ;
#1110 = CARTESIAN_POINT ( 'NONE',  ( -4.631706060441336703, 105.4999999999999858, -58.17438914629227753 ) ) ;
#1111 = ORIENTED_EDGE ( 'NONE', *, *, #4583, .F. ) ;
#1112 = CARTESIAN_POINT ( 'NONE',  ( 11.53481943205315119, 105.4999999999999858, -80.12097441727850367 ) ) ;
#1113 = VERTEX_POINT ( 'NONE', #1574 ) ;
#1114 = CYLINDRICAL_SURFACE ( 'NONE', #5891, 12.50000000000000178 ) ;
#1115 = FACE_OUTER_BOUND ( 'NONE', #3635, .T. ) ;
#1116 = CARTESIAN_POINT ( 'NONE',  ( -12.36422895317238613, 110.9999999999999858, -73.83734656326281254 ) ) ;
#1117 = CARTESIAN_POINT ( 'NONE',  ( 13.84510978748899213, 105.4999999999999858, -68.84861699895066067 ) ) ;
#1118 = ADVANCED_FACE ( 'NONE', ( #4877 ), #197, .F. ) ;
#1119 = DIRECTION ( 'NONE',  ( -0.9928535775496396543, 0.000000000000000000, -0.1193389020683602447 ) ) ;
#1120 = CARTESIAN_POINT ( 'NONE',  ( 0.000000000000000000, 110.9999999999999858, -71.99999999999998579 ) ) ;
#1121 = CARTESIAN_POINT ( 'NONE',  ( 0.000000000000000000, 105.4999999999999858, -71.99999999999998579 ) ) ;
#1122 = VERTEX_POINT ( 'NONE', #6085 ) ;
#1123 = CARTESIAN_POINT ( 'NONE',  ( -4.555022691664293966, 105.4999999999999858, -58.66089327844824197 ) ) ;
#1124 = CARTESIAN_POINT ( 'NONE',  ( 1.264283200125452478, 105.4999999999999858, -57.96142500677489551 ) ) ;
#1125 = CARTESIAN_POINT ( 'NONE',  ( -10.51348398793992800, 110.9999999999999858, -58.67472917722295023 ) ) ;
#1126 = CARTESIAN_POINT ( 'NONE',  ( -4.352716925791351166, 105.4999999999999858, -59.83766053076780622 ) ) ;
#1127 = VERTEX_POINT ( 'NONE', #5557 ) ;
#1128 = ADVANCED_FACE ( 'NONE', ( #736 ), #5059, .T. ) ;
#1129 = CARTESIAN_POINT ( 'NONE',  ( 1.174955163963941507, 110.9999999999999858, -88.02768662349957651 ) ) ;
#1130 = B_SPLINE_CURVE_WITH_KNOTS ( 'NONE', 3,
 ( #5046, #2297, #4529, #4011 ),
 .UNSPECIFIED., .F., .F.,
 ( 4, 4 ),
 ( 0.000000000000000000, 1.000000000000000000 ),
 .UNSPECIFIED. ) ;
#1131 = CARTESIAN_POINT ( 'NONE',  ( 11.52562097700145927, 105.4999999999999858, -80.11418886550141849 ) ) ;
#1132 = ORIENTED_EDGE ( 'NONE', *, *, #4840, .F. ) ;
#1133 = CARTESIAN_POINT ( 'NONE',  ( -13.52259278330330972, 110.9999999999999858, -66.06754691276300662 ) ) ;
#1134 = EDGE_CURVE ( 'NONE', #6859, #1284, #2906, .T. ) ;
#1135 = CARTESIAN_POINT ( 'NONE',  ( 0.000000000000000000, 110.9999999999999858, -71.99999999999998579 ) ) ;
#1136 = CARTESIAN_POINT ( 'NONE',  ( -12.11798991032928718, 110.9999999999999858, -80.78738718318759027 ) ) ;
#1137 = EDGE_LOOP ( 'NONE', ( #6102, #6326, #2665, #4165 ) ) ;
#1138 = EDGE_CURVE ( 'NONE', #2445, #851, #5078, .T. ) ;
#1139 = CARTESIAN_POINT ( 'NONE',  ( -1.682128284694977438, 110.9999999999999858, -85.99465770516428620 ) ) ;
#1140 = CARTESIAN_POINT ( 'NONE',  ( -13.78491443102294056, 105.4999999999999858, -68.85628345038686859 ) ) ;
#1141 = CARTESIAN_POINT ( 'NONE',  ( -1.727384259361098851, 110.9999999999999858, -85.12207433153901093 ) ) ;
#1142 = B_SPLINE_CURVE_WITH_KNOTS ( 'NONE', 4,
 ( #2895, #2326, #1766, #6164, #3465, #2282 ),
 .UNSPECIFIED., .F., .F.,
 ( 5, 1, 5 ),
 ( 0.000000000000000000, 0.01510380894618329473, 0.06596826500838622043 ),
 .UNSPECIFIED. ) ;
#1143 = FACE_OUTER_BOUND ( 'NONE', #898, .T. ) ;
#1144 = DIRECTION ( 'NONE',  ( 0.000000000000000000, 1.000000000000000000, -0.000000000000000000 ) ) ;
#1145 = CARTESIAN_POINT ( 'NONE',  ( -15.21432071101379613, 110.9999999999999858, -75.50127144281509572 ) ) ;
#1146 = AXIS2_PLACEMENT_3D ( 'NONE', #132, #749, #4998 ) ;
#1147 = ORIENTED_EDGE ( 'NONE', *, *, #1424, .T. ) ;
#1148 = CARTESIAN_POINT ( 'NONE',  ( -2.073336447187922538, 105.4999999999999858, -84.32685182748465991 ) ) ;
#1149 = VERTEX_POINT ( 'NONE', #6605 ) ;
#1150 = CARTESIAN_POINT ( 'NONE',  ( 4.558475950897204143, 110.9999999999999858, -58.64999693552029925 ) ) ;
#1151 = CARTESIAN_POINT ( 'NONE',  ( 4.581327445131868181, 111.0000000000000142, -58.56014439483181633 ) ) ;
#1152 = DIRECTION ( 'NONE',  ( 0.000000000000000000, -1.000000000000000000, -0.000000000000000000 ) ) ;
#1153 = AXIS2_PLACEMENT_3D ( 'NONE', #461, #2607, #533 ) ;
#1154 = CARTESIAN_POINT ( 'NONE',  ( 10.47635999385697758, 105.4999999999999858, -59.07728278574522562 ) ) ;
#1155 = CARTESIAN_POINT ( 'NONE',  ( 4.599747802779993400, 105.4999999999999858, -58.46278485817385473 ) ) ;
#1156 = EDGE_CURVE ( 'NONE', #2420, #5786, #5344, .T. ) ;
#1157 = CARTESIAN_POINT ( 'NONE',  ( -7.228840749649124042, 105.4999999999999858, -84.10057276607587085 ) ) ;
#1158 = ORIENTED_EDGE ( 'NONE', *, *, #867, .T. ) ;
#1159 = VECTOR ( 'NONE', #1380, 1000.000000000000000 ) ;
#1160 = CARTESIAN_POINT ( 'NONE',  ( 0.000000000000000000, 105.4999999999999858, -71.99999999999998579 ) ) ;
#1161 = B_SPLINE_SURFACE_WITH_KNOTS ( 'NONE', 3, 1, ( 
 ( #3921, #6468 ),
 ( #5349, #2670 ),
 ( #1648, #1085 ),
 ( #3346, #524 ) ),
 .UNSPECIFIED., .F., .F., .F.,
 ( 4, 4 ),
 ( 2, 2 ),
 ( 0.000000000000000000, 1.000000000000000000 ),
 ( 0.000000000000000000, 1.000000000000000000 ),
 .UNSPECIFIED. ) ;
#1162 = CARTESIAN_POINT ( 'NONE',  ( 0.9704643517035628220, 105.4999999999999858, -59.11874055292004471 ) ) ;
#1163 = CARTESIAN_POINT ( 'NONE',  ( -13.92992009983567137, 105.4999999999999858, -74.75238185204786134 ) ) ;
#1164 = AXIS2_PLACEMENT_3D ( 'NONE', #2077, #6274, #1485 ) ;
#1165 = CARTESIAN_POINT ( 'NONE',  ( -12.80037986487088375, 110.9999999999999858, -77.92895944759038684 ) ) ;
#1166 = VERTEX_POINT ( 'NONE', #2952 ) ;
#1167 = CARTESIAN_POINT ( 'NONE',  ( 12.55069571234569992, 110.9999999999999858, -68.94243836742080589 ) ) ;
#1168 = ORIENTED_EDGE ( 'NONE', *, *, #2372, .F. ) ;
#1169 = AXIS2_PLACEMENT_3D ( 'NONE', #5279, #2168, #5407 ) ;
#1170 = CARTESIAN_POINT ( 'NONE',  ( -13.00006026592829222, 105.4999999999999858, -66.44075070744202094 ) ) ;
#1171 = EDGE_CURVE ( 'NONE', #83, #2302, #2308, .T. ) ;
#1172 = AXIS2_PLACEMENT_3D ( 'NONE', #65, #1651, #3814 ) ;
#1173 = CARTESIAN_POINT ( 'NONE',  ( 0.6731895439051511776, 105.4999999999999858, -88.96004138859939303 ) ) ;
#1174 = CIRCLE ( 'NONE', #953, 16.99999999999859668 ) ;
#1175 = EDGE_CURVE ( 'NONE', #3400, #1850, #2455, .T. ) ;
#1176 = DIRECTION ( 'NONE',  ( -0.9928535775496396543, 0.000000000000000000, -0.1193389020683599394 ) ) ;
#1177 = CARTESIAN_POINT ( 'NONE',  ( 0.000000000000000000, 105.4999999999999858, -71.99999999999998579 ) ) ;
#1179 = ORIENTED_EDGE ( 'NONE', *, *, #252, .F. ) ;
#1178 = AXIS2_PLACEMENT_3D ( 'NONE', #2416, #4577, #5656 ) ;
#1180 = CARTESIAN_POINT ( 'NONE',  ( 1.518223395023204247, 105.4999999999999858, -87.10998091890850503 ) ) ;
#1181 = CARTESIAN_POINT ( 'NONE',  ( -4.599747802744301062, 105.4999999999999858, -58.46278485817502002 ) ) ;
#1182 = VECTOR ( 'NONE', #3596, 1000.000000000000000 ) ;
#1183 = CARTESIAN_POINT ( 'NONE',  ( 7.313450331537320714, 110.9999999999999858, -59.17159559947334202 ) ) ;
#1184 = CIRCLE ( 'NONE', #177, 6.500000000000000000 ) ;
#1185 = EDGE_CURVE ( 'NONE', #3342, #3379, #2222, .T. ) ;
#1186 = CARTESIAN_POINT ( 'NONE',  ( 7.275517551809311811, 110.9999999999999858, -84.19365097910551299 ) ) ;
#1187 = CARTESIAN_POINT ( 'NONE',  ( -14.63881925120116279, 105.4999999999999858, -68.87448821714673386 ) ) ;
#1188 = CARTESIAN_POINT ( 'NONE',  ( -10.85706823368399476, 105.4999999999999858, -83.50717346308874767 ) ) ;
#1189 = CIRCLE ( 'NONE', #5127, 16.99999999999860378 ) ;
#1190 = ORIENTED_EDGE ( 'NONE', *, *, #621, .T. ) ;
#1191 = CARTESIAN_POINT ( 'NONE',  ( -7.532650328430437803, 105.4999999999999858, -87.07286520576043642 ) ) ;
#1193 = VERTEX_POINT ( 'NONE', #6218 ) ;
#1192 = VECTOR ( 'NONE', #3575, 1000.000000000000000 ) ;
#1194 = DIRECTION ( 'NONE',  ( 0.000000000000000000, 0.000000000000000000, 1.000000000000000000 ) ) ;
#1195 = DIRECTION ( 'NONE',  ( 0.000000000000000000, -1.000000000000000000, 0.000000000000000000 ) ) ;
#1196 = CARTESIAN_POINT ( 'NONE',  ( 12.43211974918900431, 105.4999999999999858, -66.69942745194822464 ) ) ;
#1197 = CARTESIAN_POINT ( 'NONE',  ( 2.514624488129743263, 110.9999999999999858, -55.66384641134210653 ) ) ;
#1198 = CARTESIAN_POINT ( 'NONE',  ( 10.30926330480149922, 105.4999999999999858, -59.99958076344946534 ) ) ;
#1199 = CARTESIAN_POINT ( 'NONE',  ( 0.000000000000000000, 110.9999999999999858, -71.99999999999998579 ) ) ;
#1200 = CARTESIAN_POINT ( 'NONE',  ( -0.5348675345779562162, 105.4999999999999858, -59.51144857397565602 ) ) ;
#1201 = CARTESIAN_POINT ( 'NONE',  ( 1.264283200125452478, 105.4999999999999858, -57.96142500677489551 ) ) ;
#1202 = ORIENTED_EDGE ( 'NONE', *, *, #3295, .T. ) ;
#1203 = DIRECTION ( 'NONE',  ( 0.000000000000000000, -1.000000000000000000, 0.000000000000000000 ) ) ;
#1204 = CARTESIAN_POINT ( 'NONE',  ( -12.93421037838732879, 105.4999999999999858, -82.46216711815006306 ) ) ;
#1205 = ADVANCED_FACE ( 'NONE', ( #1367 ), #3129, .F. ) ;
#1206 = CARTESIAN_POINT ( 'NONE',  ( -10.42436958045855455, 105.4999999999999858, -83.33608724660189182 ) ) ;
#1207 = CARTESIAN_POINT ( 'NONE',  ( 16.66286363734649001, 105.4999999999999858, -69.49379532268585535 ) ) ;
#1208 = ORIENTED_EDGE ( 'NONE', *, *, #4395, .F. ) ;
#1209 = CARTESIAN_POINT ( 'NONE',  ( -0.6562887717703226320, 105.4999999999999858, -88.98732718964346589 ) ) ;
#1210 = DIRECTION ( 'NONE',  ( 0.000000000000000000, 1.000000000000000000, 0.000000000000000000 ) ) ;
#1211 = ORIENTED_EDGE ( 'NONE', *, *, #356, .F. ) ;
#1212 = LINE ( 'NONE', #4388, #37 ) ;
#1213 = CARTESIAN_POINT ( 'NONE',  ( -14.20291810989847825, 110.9999999999999858, -62.93307088122199389 ) ) ;
#1214 = CARTESIAN_POINT ( 'NONE',  ( -6.942197780742889179, 110.9999999999999858, -83.59566991460100382 ) ) ;
#1215 = ADVANCED_FACE ( 'NONE', ( #4184 ), #2449, .F. ) ;
#1216 = CARTESIAN_POINT ( 'NONE',  ( -11.60612067756421517, 105.4999999999999858, -80.18023487835799301 ) ) ;
#1217 = VERTEX_POINT ( 'NONE', #5297 ) ;
#1218 = DIRECTION ( 'NONE',  ( 0.000000000000000000, 1.000000000000000000, 0.000000000000000000 ) ) ;
#1219 = CARTESIAN_POINT ( 'NONE',  ( -13.84510978749381849, 105.4999999999999858, -68.84861699891440878 ) ) ;
#1220 = CARTESIAN_POINT ( 'NONE',  ( 0.000000000000000000, 114.9999999999999858, -88.99999999999997158 ) ) ;
#1221 = CARTESIAN_POINT ( 'NONE',  ( 7.234484023890982662, 110.9999999999999858, -84.11051302481563141 ) ) ;
#1222 = CARTESIAN_POINT ( 'NONE',  ( -16.13777575158591304, 105.4999999999999858, -69.26958468639915623 ) ) ;
#1223 = CARTESIAN_POINT ( 'NONE',  ( -11.12469391732262380, 105.4999999999999858, -83.59777751916895738 ) ) ;
#1224 = ORIENTED_EDGE ( 'NONE', *, *, #3043, .F. ) ;
#1225 = CARTESIAN_POINT ( 'NONE',  ( -4.379361247894288489, 105.4999999999999858, -85.90760265354637681 ) ) ;
#1226 = ORIENTED_EDGE ( 'NONE', *, *, #2149, .T. ) ;
#1227 = CARTESIAN_POINT ( 'NONE',  ( -2.867712144228191651, 110.9999999999999858, -55.27061223108047017 ) ) ;
#1228 = PLANE ( 'NONE',  #3090 ) ;
#1229 = CARTESIAN_POINT ( 'NONE',  ( 0.5348675345816236160, 110.9999999999999858, -59.51144857397579813 ) ) ;
#1230 = CARTESIAN_POINT ( 'NONE',  ( -0.9704643516949690296, 110.9999999999999858, -59.11874055291053764 ) ) ;
#1231 = CARTESIAN_POINT ( 'NONE',  ( 14.59881447386404396, 105.4999999999999858, -78.09635856051760072 ) ) ;
#1232 = DIRECTION ( 'NONE',  ( 0.000000000000000000, 0.000000000000000000, 1.000000000000000000 ) ) ;
#1233 = CARTESIAN_POINT ( 'NONE',  ( -15.60631691770986329, 110.9999999999999858, -75.83537878213289218 ) ) ;
#1234 = LINE ( 'NONE', #3497, #2048 ) ;
#1235 = CARTESIAN_POINT ( 'NONE',  ( 10.22200870383495719, 110.9999999999999858, -64.10195061678923878 ) ) ;
#1236 = EDGE_CURVE ( 'NONE', #1800, #2667, #3213, .T. ) ;
#1237 = CARTESIAN_POINT ( 'NONE',  ( -12.47487818351624433, 105.4999999999999858, -81.38679235523434841 ) ) ;
#1238 = CARTESIAN_POINT ( 'NONE',  ( -14.14054090138981579, 105.4999999999999858, -74.83292473058949668 ) ) ;
#1239 = DIRECTION ( 'NONE',  ( 0.000000000000000000, 1.000000000000000000, -0.000000000000000000 ) ) ;
#1240 = ORIENTED_EDGE ( 'NONE', *, *, #1094, .T. ) ;
#1241 = DIRECTION ( 'NONE',  ( 0.000000000000000000, 0.000000000000000000, 1.000000000000000000 ) ) ;
#1242 = CARTESIAN_POINT ( 'NONE',  ( 2.676892090361385979, 110.9999999999999858, -55.47575072606599633 ) ) ;
#1243 = ORIENTED_EDGE ( 'NONE', *, *, #3085, .F. ) ;
#1244 = CARTESIAN_POINT ( 'NONE',  ( -23.81569860407218542, 110.9999999999999858, -47.24999999999930367 ) ) ;
#1245 = DIRECTION ( 'NONE',  ( 0.000000000000000000, 1.000000000000000000, 0.000000000000000000 ) ) ;
#1246 = CARTESIAN_POINT ( 'NONE',  ( 14.13729640030767243, 110.9999999999999858, -72.20897393326308134 ) ) ;
#1247 = CARTESIAN_POINT ( 'NONE',  ( -12.24479387384988094, 105.4999999999999858, -80.98229083440880061 ) ) ;
#1248 = ORIENTED_EDGE ( 'NONE', *, *, #6891, .F. ) ;
#1249 = CARTESIAN_POINT ( 'NONE',  ( -15.92193086976139504, 105.4999999999999858, -77.88118231681019665 ) ) ;
#1250 = LINE ( 'NONE', #6562, #2298 ) ;
#1251 = ADVANCED_FACE ( 'NONE', ( #1567 ), #3928, .F. ) ;
#1252 = CARTESIAN_POINT ( 'NONE',  ( -6.786292180993280354, 105.4999999999999858, -82.99158243545171842 ) ) ;
#1253 = CARTESIAN_POINT ( 'NONE',  ( 7.228840749612406746, 110.9999999999999858, -84.10057276608289101 ) ) ;
#1254 = CARTESIAN_POINT ( 'NONE',  ( 1.551105578389038619, 105.4999999999999858, -57.11181930327058609 ) ) ;
#1255 = CARTESIAN_POINT ( 'NONE',  ( -9.657477191925853077, 105.4999999999999858, -82.92398053806032010 ) ) ;
#1256 = VERTEX_POINT ( 'NONE', #2154 ) ;
#1257 = DIRECTION ( 'NONE',  ( 0.000000000000000000, 1.000000000000000000, -0.000000000000000000 ) ) ;
#1258 = VERTEX_POINT ( 'NONE', #5930 ) ;
#1259 = DIRECTION ( 'NONE',  ( 0.000000000000000000, -1.000000000000000000, 0.000000000000000000 ) ) ;
#1260 = LINE ( 'NONE', #2353, #3879 ) ;
#1261 = EDGE_CURVE ( 'NONE', #2697, #1447, #6337, .T. ) ;
#1262 = CARTESIAN_POINT ( 'NONE',  ( 4.912333406697787730, 110.9999999999999858, -86.59600410092680534 ) ) ;
#1263 = DIRECTION ( 'NONE',  ( -0.9928535775496396543, 0.000000000000000000, -0.1193389020683602447 ) ) ;
#1264 = FACE_OUTER_BOUND ( 'NONE', #5188, .T. ) ;
#1265 = CARTESIAN_POINT ( 'NONE',  ( -7.773303275929054124, 105.4999999999999858, -81.78906309002196906 ) ) ;
#1266 = CARTESIAN_POINT ( 'NONE',  ( 2.073336447187903442, 105.4999999999999858, -84.32685182748465991 ) ) ;
#1267 = FACE_OUTER_BOUND ( 'NONE', #5196, .T. ) ;
#1268 = ORIENTED_EDGE ( 'NONE', *, *, #3134, .T. ) ;
#1269 = EDGE_CURVE ( 'NONE', #1041, #3170, #6385, .T. ) ;
#1270 = CARTESIAN_POINT ( 'NONE',  ( 16.82566797711336193, 105.4999999999999858, -69.57164724063930805 ) ) ;
#1271 = AXIS2_PLACEMENT_3D ( 'NONE', #1751, #4361, #3409 ) ;
#1272 = CARTESIAN_POINT ( 'NONE',  ( -14.76644926664480906, 110.9999999999999858, -72.08056842383929563 ) ) ;
#1273 = CARTESIAN_POINT ( 'NONE',  ( -7.592422406486691422, 110.9999999999999858, -86.16412299226151106 ) ) ;
#1274 = CARTESIAN_POINT ( 'NONE',  ( 13.94386143009598555, 105.4999999999999858, -68.84047439269954793 ) ) ;
#1275 = EDGE_CURVE ( 'NONE', #4637, #1994, #2312, .T. ) ;
#1276 = ORIENTED_EDGE ( 'NONE', *, *, #6593, .F. ) ;
#1277 = DIRECTION ( 'NONE',  ( 0.000000000000000000, 1.000000000000000000, 0.000000000000000000 ) ) ;
#1278 = TOROIDAL_SURFACE ( 'NONE', #1153, 26.49999999999995737, 1.500000000000000000 ) ;
#1279 = EDGE_LOOP ( 'NONE', ( #3908, #3123, #804, #4509, #5198, #1202 ) ) ;
#1280 = CARTESIAN_POINT ( 'NONE',  ( -8.227339352527028637, 110.9999999999999858, -58.48697447204885691 ) ) ;
#1281 = B_SPLINE_CURVE_WITH_KNOTS ( 'NONE', 3,
 ( #933, #5756, #1435, #3093 ),
 .UNSPECIFIED., .F., .F.,
 ( 4, 4 ),
 ( 0.000000000000000000, 1.000000000000000000 ),
 .UNSPECIFIED. ) ;
#1282 = AXIS2_PLACEMENT_3D ( 'NONE', #6739, #2999, #5099 ) ;
#1283 = CARTESIAN_POINT ( 'NONE',  ( 5.568177290558131709, 110.9999999999999858, -60.80869079772553931 ) ) ;
#1284 = VERTEX_POINT ( 'NONE', #1072 ) ;
#1285 = DIRECTION ( 'NONE',  ( -0.000000000000000000, -1.000000000000000000, 0.000000000000000000 ) ) ;
#1286 = CARTESIAN_POINT ( 'NONE',  ( -11.60612067756421517, 110.9999999999999858, -80.18023487835799301 ) ) ;
#1287 = AXIS2_PLACEMENT_3D ( 'NONE', #6861, #1529, #5789 ) ;
#1288 = EDGE_LOOP ( 'NONE', ( #4435, #6836, #967, #2721 ) ) ;
#1289 = CARTESIAN_POINT ( 'NONE',  ( 1.578216621895656813, 105.4999999999999858, -86.88533121124497427 ) ) ;
#1290 = CARTESIAN_POINT ( 'NONE',  ( -4.555022691664293966, 105.4999999999999858, -58.66089327844824197 ) ) ;
#1291 = CARTESIAN_POINT ( 'NONE',  ( -0.6562887717703226320, 110.9999999999999858, -88.98732718964346589 ) ) ;
#1292 = EDGE_CURVE ( 'NONE', #2713, #5237, #1184, .T. ) ;
#1293 = AXIS2_PLACEMENT_3D ( 'NONE', #6532, #6572, #6121 ) ;
#1294 = CARTESIAN_POINT ( 'NONE',  ( 13.24253798507802493, 105.4999999999999858, -66.28899770383252132 ) ) ;
#1295 = CARTESIAN_POINT ( 'NONE',  ( -15.32306896981205746, 105.4999999999999858, -69.01034888988048976 ) ) ;
#1296 = CARTESIAN_POINT ( 'NONE',  ( -11.45083698048119913, 105.4999999999999858, -83.69449898198026006 ) ) ;
#1297 = EDGE_LOOP ( 'NONE', ( #629, #646, #4366 ) ) ;
#1298 = CARTESIAN_POINT ( 'NONE',  ( -4.295494682718292268, 110.9999999999999858, -85.76695627012185241 ) ) ;
#1299 = ORIENTED_EDGE ( 'NONE', *, *, #5162, .T. ) ;
#1300 = CIRCLE ( 'NONE', #1968, 1.499999999999996003 ) ;
#1301 = CARTESIAN_POINT ( 'NONE',  ( -7.508918062298489460, 105.4999999999999858, -87.25175889966924103 ) ) ;
#1302 = CIRCLE ( 'NONE', #2188, 10.50000000000000888 ) ;
#1303 = VECTOR ( 'NONE', #2790, 1000.000000000000000 ) ;
#1304 = CARTESIAN_POINT ( 'NONE',  ( 6.309818809584273325, 105.4999999999999858, -87.78563228350921577 ) ) ;
#1305 = CARTESIAN_POINT ( 'NONE',  ( -14.88015469112137446, 110.9999999999999858, -78.07027631220810804 ) ) ;
#1306 = B_SPLINE_CURVE_WITH_KNOTS ( 'NONE', 4,
 ( #2933, #787, #5073, #1163, #3430, #1238, #3395, #5532, #6136, #753, #709, #676, #6545, #5989, #5575, #183, #6511, #215, #1694 ),
 .UNSPECIFIED., .F., .F.,
 ( 5, 1, 1, 1, 1, 1, 1, 1, 1, 1, 1, 1, 1, 1, 1, 5 ),
 ( 0.000000000000000000, 0.005376748248313690560, 0.01508368771682262223, 0.02853181967683027578, 0.04661013893542635678, 0.06485484867701551970, 0.09211052469974631562, 0.1194761750471190626, 0.1468424950126881179, 0.1742088532605756135, 0.2015749551777806792, 0.2289410129491928625, 0.2563073451819962711, 0.3070350317425281084, 0.3617673510343424326, 0.3768711599805257828 ),
 .UNSPECIFIED. ) ;
#1307 = AXIS2_PLACEMENT_3D ( 'NONE', #4776, #6870, #4717 ) ;
#1308 = CARTESIAN_POINT ( 'NONE',  ( 10.02618222938133918, 105.4999999999999858, -60.88516653847973714 ) ) ;
#1309 = CARTESIAN_POINT ( 'NONE',  ( 9.201369441165732965, 105.4999999999999858, -62.10108737272035739 ) ) ;
#1310 = CARTESIAN_POINT ( 'NONE',  ( 0.4999999999999900080, 105.4999999999999858, -80.48074069840785683 ) ) ;
#1311 = CIRCLE ( 'NONE', #506, 11.00000000000007283 ) ;
#1312 = FACE_OUTER_BOUND ( 'NONE', #1573, .T. ) ;
#1313 = ORIENTED_EDGE ( 'NONE', *, *, #1534, .F. ) ;
#1314 = EDGE_CURVE ( 'NONE', #358, #1402, #1073, .T. ) ;
#1315 = FACE_OUTER_BOUND ( 'NONE', #5894, .T. ) ;
#1316 = CARTESIAN_POINT ( 'NONE',  ( -14.29605691400885625, 110.9999999999999858, -72.19139058578225843 ) ) ;
#1317 = CARTESIAN_POINT ( 'NONE',  ( 0.000000000000000000, 112.9999999999999858, -88.99999999999997158 ) ) ;
#1318 = CARTESIAN_POINT ( 'NONE',  ( 8.882880340522412155, 105.4999999999999858, -82.18568150156362151 ) ) ;
#1319 = ORIENTED_EDGE ( 'NONE', *, *, #5318, .T. ) ;
#1320 = LINE ( 'NONE', #142, #4859 ) ;
#1321 = FACE_OUTER_BOUND ( 'NONE', #4738, .T. ) ;
#1322 = EDGE_CURVE ( 'NONE', #3400, #2911, #5192, .T. ) ;
#1323 = CARTESIAN_POINT ( 'NONE',  ( -11.27866494759071081, 105.4999999999999858, -63.54590532044537809 ) ) ;
#1324 = ORIENTED_EDGE ( 'NONE', *, *, #226, .T. ) ;
#1325 = DIRECTION ( 'NONE',  ( -0.9928535775496396543, 0.000000000000000000, -0.1193389020683599394 ) ) ;
#1326 = ORIENTED_EDGE ( 'NONE', *, *, #532, .F. ) ;
#1327 = CARTESIAN_POINT ( 'NONE',  ( -10.50186873631333029, 110.9999999999999858, -58.82263912892114632 ) ) ;
#1328 = EDGE_CURVE ( 'NONE', #5207, #2133, #5282, .T. ) ;
#1329 = LINE ( 'NONE', #768, #2083 ) ;
#1330 = B_SPLINE_CURVE_WITH_KNOTS ( 'NONE', 3,
 ( #6253, #2415, #5624, #1989 ),
 .UNSPECIFIED., .F., .F.,
 ( 4, 4 ),
 ( 0.000000000000000000, 1.000000000000000000 ),
 .UNSPECIFIED. ) ;
#1331 = FACE_OUTER_BOUND ( 'NONE', #2332, .T. ) ;
#1332 = CARTESIAN_POINT ( 'NONE',  ( 13.00006026595376341, 110.9999999999999858, -66.44075070746899314 ) ) ;
#1333 = CARTESIAN_POINT ( 'NONE',  ( -13.84473902396756984, 105.4999999999999858, -65.75982956924173095 ) ) ;
#1334 = ORIENTED_EDGE ( 'NONE', *, *, #6288, .T. ) ;
#1335 = CARTESIAN_POINT ( 'NONE',  ( -7.583626234842353320, 105.4999999999999858, -86.50419205345232854 ) ) ;
#1336 = ORIENTED_EDGE ( 'NONE', *, *, #1785, .T. ) ;
#1337 = CARTESIAN_POINT ( 'NONE',  ( 9.714451465470119729E-14, 114.9999999999999858, -29.28342443435894182 ) ) ;
#1338 = CARTESIAN_POINT ( 'NONE',  ( 6.309818809584273325, 110.9999999999999858, -87.78563228350921577 ) ) ;
#1339 = CARTESIAN_POINT ( 'NONE',  ( 4.590925677246917580, 105.4999999999999858, -60.37359034671514735 ) ) ;
#1340 = CARTESIAN_POINT ( 'NONE',  ( 2.019805852967664794, 105.4999999999999858, -56.30887652024870249 ) ) ;
#1341 = DIRECTION ( 'NONE',  ( 0.000000000000000000, 0.000000000000000000, 1.000000000000000000 ) ) ;
#1342 = CARTESIAN_POINT ( 'NONE',  ( -1.264283200091607995, 105.4999999999999858, -57.96142500675897935 ) ) ;
#1343 = CARTESIAN_POINT ( 'NONE',  ( -10.54796902411511361, 105.4999999999999858, -78.70748458561834582 ) ) ;
#1344 = ORIENTED_EDGE ( 'NONE', *, *, #497, .F. ) ;
#1345 = CARTESIAN_POINT ( 'NONE',  ( 27.68122796361759796, 113.4999999999999858, -68.54843108296071819 ) ) ;
#1346 = CARTESIAN_POINT ( 'NONE',  ( -15.81629306544965097, 110.9999999999999858, -71.63142787911462506 ) ) ;
#1347 = CARTESIAN_POINT ( 'NONE',  ( -2.390067682457869047, 105.4999999999999858, -55.80831847933974643 ) ) ;
#1348 = CARTESIAN_POINT ( 'NONE',  ( -15.95310383445450242, 105.4999999999999858, -77.87354050356898938 ) ) ;
#1349 = EDGE_LOOP ( 'NONE', ( #2496, #3876, #5661, #4700 ) ) ;
#1350 = DIRECTION ( 'NONE',  ( 0.000000000000000000, 0.000000000000000000, 1.000000000000000000 ) ) ;
#1351 = CARTESIAN_POINT ( 'NONE',  ( 14.07028120407541749, 110.9999999999999858, -68.83652938199981008 ) ) ;
#1352 = DIRECTION ( 'NONE',  ( 1.000000000000000000, 0.000000000000000000, 1.224646799147353207E-16 ) ) ;
#1353 = EDGE_CURVE ( 'NONE', #6905, #6185, #6629, .T. ) ;
#1354 = ORIENTED_EDGE ( 'NONE', *, *, #3845, .T. ) ;
#1355 = CARTESIAN_POINT ( 'NONE',  ( 16.61350354400433815, 110.9999999999999858, -71.13846711389618349 ) ) ;
#1356 = CARTESIAN_POINT ( 'NONE',  ( -13.05421872552867946, 105.4999999999999858, -82.84820545210513387 ) ) ;
#1357 = ORIENTED_EDGE ( 'NONE', *, *, #2718, .T. ) ;
#1358 = ADVANCED_FACE ( 'NONE', ( #5510 ), #5037, .F. ) ;
#1359 = CARTESIAN_POINT ( 'NONE',  ( 1.264283200125452478, 105.4999999999999858, -57.96142500677489551 ) ) ;
#1360 = CARTESIAN_POINT ( 'NONE',  ( -4.631706060441336703, 110.9999999999999858, -58.17438914629227753 ) ) ;
#1361 = CARTESIAN_POINT ( 'NONE',  ( 0.000000000000000000, 112.4999999999999858, -99.49999999999997158 ) ) ;
#1362 = CARTESIAN_POINT ( 'NONE',  ( -14.38331250274416107, 105.4999999999999858, -62.93797365660659437 ) ) ;
#1363 = DIRECTION ( 'NONE',  ( 0.000000000000000000, 1.000000000000000000, 0.000000000000000000 ) ) ;
#1364 = ADVANCED_FACE ( 'NONE', ( #3181 ), #1886, .F. ) ;
#1365 = CARTESIAN_POINT ( 'NONE',  ( 14.83960264432860043, 105.4999999999999858, -75.22532463561671534 ) ) ;
#1366 = VERTEX_POINT ( 'NONE', #2649 ) ;
#1367 = FACE_OUTER_BOUND ( 'NONE', #6788, .T. ) ;
#1368 = VERTEX_POINT ( 'NONE', #2712 ) ;
#1369 = CARTESIAN_POINT ( 'NONE',  ( 16.87851081834248390, 105.4999999999999858, -69.97123866483802601 ) ) ;
#1370 = CARTESIAN_POINT ( 'NONE',  ( 5.953221396535458787, 105.4999999999999858, -87.53415250099972411 ) ) ;
#1371 = CARTESIAN_POINT ( 'NONE',  ( -14.36663973143969919, 110.9999999999999858, -78.11016523840640957 ) ) ;
#1372 = CARTESIAN_POINT ( 'NONE',  ( 2.867712144238618865, 110.9999999999999858, -55.27061223108242416 ) ) ;
#1373 = CARTESIAN_POINT ( 'NONE',  ( -0.6731895439051789332, 110.9999999999999858, -88.96004138859939303 ) ) ;
#1374 = CARTESIAN_POINT ( 'NONE',  ( 0.000000000000000000, 112.9999999999999858, -99.49999999999997158 ) ) ;
#1375 = CARTESIAN_POINT ( 'NONE',  ( -4.234218955516215743, 105.4999999999999858, -55.69038699667759573 ) ) ;
#1376 = ORIENTED_EDGE ( 'NONE', *, *, #1964, .T. ) ;
#1377 = CARTESIAN_POINT ( 'NONE',  ( 0.000000000000000000, 105.4999999999999858, -71.99999999999998579 ) ) ;
#1378 = DIRECTION ( 'NONE',  ( 7.855351589328930865E-16, 0.000000000000000000, 1.000000000000000000 ) ) ;
#1379 = DIRECTION ( 'NONE',  ( 0.000000000000000000, 1.000000000000000000, 0.000000000000000000 ) ) ;
#1380 = DIRECTION ( 'NONE',  ( 0.000000000000000000, 1.000000000000000000, 0.000000000000000000 ) ) ;
#1381 = EDGE_CURVE ( 'NONE', #432, #3170, #4016, .T. ) ;
#1382 = CARTESIAN_POINT ( 'NONE',  ( -13.45705252280272823, 105.4999999999999858, -78.07965892249255546 ) ) ;
#1383 = VERTEX_POINT ( 'NONE', #6928 ) ;
#1384 = CARTESIAN_POINT ( 'NONE',  ( 7.583626234826546408, 105.4999999999999858, -86.50419205345627915 ) ) ;
#1385 = AXIS2_PLACEMENT_3D ( 'NONE', #4042, #3473, #1350 ) ;
#1386 = CARTESIAN_POINT ( 'NONE',  ( 13.51324361031477572, 105.4999999999999858, -72.21428467892422987 ) ) ;
#1387 = B_SPLINE_SURFACE_WITH_KNOTS ( 'NONE', 3, 1, ( 
 ( #6432, #4926 ),
 ( #4374, #1053 ),
 ( #2782, #1618 ),
 ( #1688, #1090 ) ),
 .UNSPECIFIED., .F., .F., .F.,
 ( 4, 4 ),
 ( 2, 2 ),
 ( 0.000000000000000000, 1.000000000000000000 ),
 ( 0.000000000000000000, 1.000000000000000000 ),
 .UNSPECIFIED. ) ;
#1388 = CARTESIAN_POINT ( 'NONE',  ( 1.655986041169590139, 105.4999999999999858, -86.48647392363950814 ) ) ;
#1389 = CIRCLE ( 'NONE', #5429, 2.000000000000001776 ) ;
#1390 = VERTEX_POINT ( 'NONE', #4307 ) ;
#1391 = DIRECTION ( 'NONE',  ( 0.000000000000000000, -1.000000000000000000, 0.000000000000000000 ) ) ;
#1392 = CARTESIAN_POINT ( 'NONE',  ( -13.01210508687313983, 110.9999999999999858, -82.70594263433149251 ) ) ;
#1393 = ORIENTED_EDGE ( 'NONE', *, *, #4187, .T. ) ;
#1394 = EDGE_CURVE ( 'NONE', #5036, #1390, #3023, .T. ) ;
#1395 = CARTESIAN_POINT ( 'NONE',  ( 0.000000000000000000, 110.9999999999999858, -71.99999999999998579 ) ) ;
#1396 = CARTESIAN_POINT ( 'NONE',  ( 13.26249910545484667, 105.4999999999999858, -74.59995928291294831 ) ) ;
#1397 = EDGE_CURVE ( 'NONE', #5751, #5153, #4891, .T. ) ;
#1398 = AXIS2_PLACEMENT_3D ( 'NONE', #6424, #1195, #2889 ) ;
#1399 = CARTESIAN_POINT ( 'NONE',  ( 11.64073008976409795, 110.9999999999999858, -77.60018294151203122 ) ) ;
#1400 = CARTESIAN_POINT ( 'NONE',  ( -9.638698607692782971, 110.9999999999999858, -64.04101205239877004 ) ) ;
#1401 = FACE_OUTER_BOUND ( 'NONE', #663, .T. ) ;
#1402 = VERTEX_POINT ( 'NONE', #2680 ) ;
#1403 = DIRECTION ( 'NONE',  ( 0.000000000000000000, 1.000000000000000000, 0.000000000000000000 ) ) ;
#1404 = ORIENTED_EDGE ( 'NONE', *, *, #6260, .T. ) ;
#1405 = CARTESIAN_POINT ( 'NONE',  ( 13.63203177546464318, 110.9999999999999858, -62.94181675688682986 ) ) ;
#1406 = CIRCLE ( 'NONE', #5329, 12.50000000000000178 ) ;
#1407 = EDGE_CURVE ( 'NONE', #5822, #5706, #6022, .T. ) ;
#1408 = CARTESIAN_POINT ( 'NONE',  ( -7.228840749649124042, 110.9999999999999858, -84.10057276607587085 ) ) ;
#1409 = CARTESIAN_POINT ( 'NONE',  ( 1.339316662334558927, 110.9999999999999858, -57.64080119259077151 ) ) ;
#1410 = DIRECTION ( 'NONE',  ( 0.9928535775496396543, 0.000000000000000000, 0.1193389020683603002 ) ) ;
#1411 = CARTESIAN_POINT ( 'NONE',  ( 5.704278851326367139, 105.4999999999999858, -87.34093141825260886 ) ) ;
#1412 = CARTESIAN_POINT ( 'NONE',  ( -4.173811205964238269, 110.9999999999999858, -55.52033677477236040 ) ) ;
#1413 = ORIENTED_EDGE ( 'NONE', *, *, #309, .F. ) ;
#1414 = CARTESIAN_POINT ( 'NONE',  ( 10.51584916751914456, 105.4999999999999858, -58.64272047586262460 ) ) ;
#1415 = VERTEX_POINT ( 'NONE', #3822 ) ;
#1416 = DIRECTION ( 'NONE',  ( -0.000000000000000000, -1.000000000000000000, 0.000000000000000000 ) ) ;
#1417 = CARTESIAN_POINT ( 'NONE',  ( -14.19777028869097002, 110.9999999999999858, -72.20395753599943589 ) ) ;
#1418 = DIRECTION ( 'NONE',  ( -0.9928535775496396543, 0.000000000000000000, -0.1193389020683599672 ) ) ;
#1419 = CARTESIAN_POINT ( 'NONE',  ( -12.83006555374513091, 105.4999999999999858, -77.94106366749058168 ) ) ;
#1420 = ORIENTED_EDGE ( 'NONE', *, *, #2518, .T. ) ;
#1421 = CARTESIAN_POINT ( 'NONE',  ( 10.21301439204301964, 105.4999999999999858, -83.23881055427567333 ) ) ;
#1422 = B_SPLINE_CURVE_WITH_KNOTS ( 'NONE', 4,
 ( #5955, #3279, #2751, #4966, #4560, #2399, #3967, #2825, #5612, #1771, #5111, #2253, #4005, #2935, #140, #3933, #4489, #6686, #4414 ),
 .UNSPECIFIED., .F., .F.,
 ( 5, 1, 1, 1, 1, 1, 1, 1, 1, 1, 1, 1, 1, 1, 1, 5 ),
 ( 0.000000000000000000, 0.005376748248313690560, 0.01508368771682262223, 0.02853181967683027578, 0.04661013893542635678, 0.06485484867701551970, 0.09211052469974631562, 0.1194761750471190626, 0.1468424950126881179, 0.1742088532605756135, 0.2015749551777806792, 0.2289410129491928625, 0.2563073451819962711, 0.3070350317425281084, 0.3617673510343424326, 0.3768711599805257828 ),
 .UNSPECIFIED. ) ;
#1423 = CARTESIAN_POINT ( 'NONE',  ( -13.84473902396756984, 110.9999999999999858, -65.75982956924173095 ) ) ;
#1424 = EDGE_CURVE ( 'NONE', #2902, #3529, #1422, .T. ) ;
#1425 = CARTESIAN_POINT ( 'NONE',  ( 1.683240604810017027, 105.4999999999999858, -86.00603390981339658 ) ) ;
#1426 = ORIENTED_EDGE ( 'NONE', *, *, #5795, .T. ) ;
#1427 = CARTESIAN_POINT ( 'NONE',  ( 4.555022691701712034, 105.4999999999999858, -58.66089327844745327 ) ) ;
#1428 = ORIENTED_EDGE ( 'NONE', *, *, #5145, .F. ) ;
#1429 = CARTESIAN_POINT ( 'NONE',  ( 14.38331250274789852, 105.4999999999999858, -62.93797365661252030 ) ) ;
#1430 = CARTESIAN_POINT ( 'NONE',  ( -4.639708894466981093, 110.9999999999999858, -57.98116921459142503 ) ) ;
#1431 = B_SPLINE_CURVE_WITH_KNOTS ( 'NONE', 3,
 ( #5202, #4160, #6810, #3564 ),
 .UNSPECIFIED., .F., .F.,
 ( 4, 4 ),
 ( 0.000000000000000000, 1.000000000000000000 ),
 .UNSPECIFIED. ) ;
#1432 = ADVANCED_FACE ( 'NONE', ( #6620 ), #2760, .T. ) ;
#1433 = FACE_OUTER_BOUND ( 'NONE', #4155, .T. ) ;
#1434 = CARTESIAN_POINT ( 'NONE',  ( 0.000000000000000000, 110.9999999999999858, -71.99999999999998579 ) ) ;
#1435 = CARTESIAN_POINT ( 'NONE',  ( 0.9704643517035628220, 110.9999999999999858, -59.11874055292004471 ) ) ;
#1436 = ORIENTED_EDGE ( 'NONE', *, *, #963, .T. ) ;
#1437 = CARTESIAN_POINT ( 'NONE',  ( -12.32651562895952146, 110.9999999999999858, -63.13018951183325811 ) ) ;
#1438 = EDGE_LOOP ( 'NONE', ( #4018, #973, #4764, #107 ) ) ;
#1439 = CARTESIAN_POINT ( 'NONE',  ( -14.13729640029541379, 105.4999999999999858, -72.20897393322819369 ) ) ;
#1440 = CARTESIAN_POINT ( 'NONE',  ( 0.000000000000000000, 110.9999999999999858, -71.99999999999998579 ) ) ;
#1441 = CARTESIAN_POINT ( 'NONE',  ( 1.265560432817239178, 110.9999999999999858, -57.95006613513601934 ) ) ;
#1442 = CARTESIAN_POINT ( 'NONE',  ( 2.593397313772203283, 110.9999999999999858, -55.56756167535299795 ) ) ;
#1443 = CARTESIAN_POINT ( 'NONE',  ( 9.714451465470119729E-14, 113.4999999999999858, -29.28342443435894182 ) ) ;
#1444 = CARTESIAN_POINT ( 'NONE',  ( 10.21301439204301964, 105.4999999999999858, -83.23881055427567333 ) ) ;
#1445 = ORIENTED_EDGE ( 'NONE', *, *, #4954, .T. ) ;
#1446 = LINE ( 'NONE', #1414, #400 ) ;
#1447 = VERTEX_POINT ( 'NONE', #1876 ) ;
#1448 = DIRECTION ( 'NONE',  ( 0.000000000000000000, 0.000000000000000000, 1.000000000000000000 ) ) ;
#1449 = CARTESIAN_POINT ( 'NONE',  ( -16.31093125090070117, 110.9999999999999858, -76.79098337800739671 ) ) ;
#1450 = CARTESIAN_POINT ( 'NONE',  ( -1.551105578362585780, 105.4999999999999858, -57.11181930325719236 ) ) ;
#1451 = CARTESIAN_POINT ( 'NONE',  ( -14.59881447386568709, 105.4999999999999858, -78.09635856049608549 ) ) ;
#1452 = VERTEX_POINT ( 'NONE', #677 ) ;
#1453 = CARTESIAN_POINT ( 'NONE',  ( -2.434413621910040959, 110.9999999999999858, -55.75883054443334430 ) ) ;
#1454 = EDGE_CURVE ( 'NONE', #6076, #3400, #3949, .T. ) ;
#1455 = CARTESIAN_POINT ( 'NONE',  ( 14.02344611068738089, 110.9999999999999858, -74.78510912273706879 ) ) ;
#1456 = CARTESIAN_POINT ( 'NONE',  ( 1.028600912950893065, 110.9999999999999858, -88.33477744430867062 ) ) ;
#1457 = ORIENTED_EDGE ( 'NONE', *, *, #728, .T. ) ;
#1458 = ORIENTED_EDGE ( 'NONE', *, *, #6137, .T. ) ;
#1459 = CARTESIAN_POINT ( 'NONE',  ( 1.265560432817239178, 110.9999999999999858, -57.95006613513601934 ) ) ;
#1460 = CARTESIAN_POINT ( 'NONE',  ( 12.36422895317238968, 110.9999999999999858, -73.83734656326282675 ) ) ;
#1461 = CARTESIAN_POINT ( 'NONE',  ( 14.82677370416085338, 105.4999999999999858, -64.45562988407330351 ) ) ;
#1462 = CARTESIAN_POINT ( 'NONE',  ( 15.03960127451460238, 110.9999999999999858, -64.07469915374997527 ) ) ;
#1463 = DIRECTION ( 'NONE',  ( -0.000000000000000000, -1.000000000000000000, -0.000000000000000000 ) ) ;
#1464 = VERTEX_POINT ( 'NONE', #710 ) ;
#1465 = CARTESIAN_POINT ( 'NONE',  ( -13.29290619786284289, 110.9999999999999858, -62.96861566794700593 ) ) ;
#1466 = ORIENTED_EDGE ( 'NONE', *, *, #3754, .F. ) ;
#1467 = CARTESIAN_POINT ( 'NONE',  ( 14.38331250274789852, 110.9999999999999858, -62.93797365661252030 ) ) ;
#1468 = ADVANCED_FACE ( 'NONE', ( #5006 ), #2905, .F. ) ;
#1469 = CARTESIAN_POINT ( 'NONE',  ( 23.81569860407268990, 110.9999999999999858, -58.24999999999947420 ) ) ;
#1470 = B_SPLINE_CURVE_WITH_KNOTS ( 'NONE', 3,
 ( #5874, #1479, #2009, #354 ),
 .UNSPECIFIED., .F., .F.,
 ( 4, 4 ),
 ( 0.000000000000000000, 1.000000000000000000 ),
 .UNSPECIFIED. ) ;
#1471 = FACE_OUTER_BOUND ( 'NONE', #4740, .T. ) ;
#1472 = CARTESIAN_POINT ( 'NONE',  ( 4.295494682691084698, 105.4999999999999858, -85.76695627014322554 ) ) ;
#1473 = CARTESIAN_POINT ( 'NONE',  ( -4.605154744841790659, 110.9999999999999858, -57.30418750158326446 ) ) ;
#1474 = ORIENTED_EDGE ( 'NONE', *, *, #4101, .T. ) ;
#1475 = DIRECTION ( 'NONE',  ( 0.000000000000000000, 1.000000000000000000, 0.000000000000000000 ) ) ;
#1476 = ORIENTED_EDGE ( 'NONE', *, *, #2403, .F. ) ;
#1477 = CARTESIAN_POINT ( 'NONE',  ( 7.773303275923859168, 105.4999999999999858, -81.78906309002609021 ) ) ;
#1478 = EDGE_CURVE ( 'NONE', #5153, #4936, #2671, .T. ) ;
#1479 = CARTESIAN_POINT ( 'NONE',  ( 6.942197780717182631, 110.9999999999999858, -83.59566991460177121 ) ) ;
#1480 = DIRECTION ( 'NONE',  ( 0.9928535775496396543, 0.000000000000000000, 0.1193389020683602447 ) ) ;
#1481 = EDGE_CURVE ( 'NONE', #5974, #4660, #2901, .T. ) ;
#1482 = CARTESIAN_POINT ( 'NONE',  ( 4.558475950897204143, 105.4999999999999858, -58.64999693552029925 ) ) ;
#1483 = ORIENTED_EDGE ( 'NONE', *, *, #219, .T. ) ;
#1484 = CARTESIAN_POINT ( 'NONE',  ( 9.282203818988755017, 105.4999999999999858, -82.62275750825911302 ) ) ;
#1485 = DIRECTION ( 'NONE',  ( 0.000000000000000000, 0.000000000000000000, 1.000000000000000000 ) ) ;
#1486 = B_SPLINE_CURVE_WITH_KNOTS ( 'NONE', 3,
 ( #4838, #3135, #2589, #2561 ),
 .UNSPECIFIED., .F., .F.,
 ( 4, 4 ),
 ( 0.000000000000000000, 1.000000000000000000 ),
 .UNSPECIFIED. ) ;
#1487 = EDGE_CURVE ( 'NONE', #6400, #4485, #6527, .T. ) ;
#1488 = CARTESIAN_POINT ( 'NONE',  ( 1.683240604810017027, 110.9999999999999858, -86.00603390981339658 ) ) ;
#1489 = ORIENTED_EDGE ( 'NONE', *, *, #5072, .T. ) ;
#1490 = VECTOR ( 'NONE', #4851, 1000.000000000000000 ) ;
#1491 = EDGE_LOOP ( 'NONE', ( #3968, #1179, #2990, #5936 ) ) ;
#1492 = CARTESIAN_POINT ( 'NONE',  ( -14.15389603457055578, 105.4999999999999858, -65.41200459500919351 ) ) ;
#1493 = VECTOR ( 'NONE', #679, 1000.000000000000000 ) ;
#1494 = CARTESIAN_POINT ( 'NONE',  ( 11.71766140855495486, 110.9999999999999858, -63.32263705824450994 ) ) ;
#1495 = DIRECTION ( 'NONE',  ( 0.000000000000000000, 1.000000000000000000, -0.000000000000000000 ) ) ;
#1496 = CIRCLE ( 'NONE', #2402, 26.49999999999996092 ) ;
#1497 = EDGE_LOOP ( 'NONE', ( #3265, #946, #997, #1344, #3251 ) ) ;
#1498 = CARTESIAN_POINT ( 'NONE',  ( -11.71766140854608373, 105.4999999999999858, -63.32263705821256394 ) ) ;
#1499 = ORIENTED_EDGE ( 'NONE', *, *, #3684, .T. ) ;
#1500 = CARTESIAN_POINT ( 'NONE',  ( 13.01229113502816759, 105.4999999999999858, -63.00159729964521915 ) ) ;
#1501 = EDGE_CURVE ( 'NONE', #2392, #124, #149, .T. ) ;
#1502 = CARTESIAN_POINT ( 'NONE',  ( -12.36422895317238613, 110.9999999999999858, -73.83734656326281254 ) ) ;
#1503 = CIRCLE ( 'NONE', #6114, 12.49999999999999822 ) ;
#1504 = CARTESIAN_POINT ( 'NONE',  ( 14.29899089952007074, 105.4999999999999858, -65.23022666582245677 ) ) ;
#1505 = DIRECTION ( 'NONE',  ( 0.000000000000000000, 1.000000000000000000, -0.000000000000000000 ) ) ;
#1506 = CARTESIAN_POINT ( 'NONE',  ( 16.82976034687756339, 113.4999999999999858, -49.75313783407843715 ) ) ;
#1507 = CARTESIAN_POINT ( 'NONE',  ( 12.25780488725250805, 105.4999999999999858, -77.69209013819909160 ) ) ;
#1508 = VERTEX_POINT ( 'NONE', #5744 ) ;
#1509 = ORIENTED_EDGE ( 'NONE', *, *, #1730, .F. ) ;
#1510 = AXIS2_PLACEMENT_3D ( 'NONE', #6552, #5506, #6072 ) ;
#1511 = CARTESIAN_POINT ( 'NONE',  ( -12.36422895317238613, 110.9999999999999858, -73.83734656326281254 ) ) ;
#1512 = DIRECTION ( 'NONE',  ( 0.000000000000000000, 1.000000000000000000, 0.000000000000000000 ) ) ;
#1513 = CARTESIAN_POINT ( 'NONE',  ( -11.87361907961623864, 110.9999999999999858, -80.46270562296771800 ) ) ;
#1514 = FACE_OUTER_BOUND ( 'NONE', #339, .T. ) ;
#1515 = AXIS2_PLACEMENT_3D ( 'NONE', #4451, #3428, #2394 ) ;
#1516 = ADVANCED_FACE ( 'NONE', ( #1979 ), #2573, .F. ) ;
#1517 = CARTESIAN_POINT ( 'NONE',  ( 4.912333406697787730, 110.9999999999999858, -86.59600410092680534 ) ) ;
#1518 = FACE_OUTER_BOUND ( 'NONE', #1027, .T. ) ;
#1519 = CARTESIAN_POINT ( 'NONE',  ( -2.509310537376533645, 110.9999999999999858, -55.67012407765954407 ) ) ;
#1520 = CIRCLE ( 'NONE', #731, 16.99999999999860378 ) ;
#1521 = CARTESIAN_POINT ( 'NONE',  ( 14.83960264432860043, 105.4999999999999858, -75.22532463561671534 ) ) ;
#1522 = AXIS2_PLACEMENT_3D ( 'NONE', #5562, #275, #6159 ) ;
#1523 = AXIS2_PLACEMENT_3D ( 'NONE', #2566, #1475, #5771 ) ;
#1524 = FACE_OUTER_BOUND ( 'NONE', #3097, .T. ) ;
#1525 = VERTEX_POINT ( 'NONE', #920 ) ;
#1526 = CIRCLE ( 'NONE', #291, 1.499999999999996003 ) ;
#1527 = VECTOR ( 'NONE', #6822, 1000.000000000000000 ) ;
#1528 = ORIENTED_EDGE ( 'NONE', *, *, #1236, .F. ) ;
#1529 = DIRECTION ( 'NONE',  ( -1.000000000000000000, 0.000000000000000000, 0.000000000000000000 ) ) ;
#1530 = DIRECTION ( 'NONE',  ( 0.000000000000000000, 0.000000000000000000, 1.000000000000000000 ) ) ;
#1531 = CARTESIAN_POINT ( 'NONE',  ( -7.532749002106986502, 105.4999999999999858, -85.18613734640405255 ) ) ;
#1532 = CARTESIAN_POINT ( 'NONE',  ( 11.52562097700145927, 105.4999999999999858, -80.11418886550141849 ) ) ;
#1533 = ORIENTED_EDGE ( 'NONE', *, *, #5641, .F. ) ;
#1534 = EDGE_CURVE ( 'NONE', #450, #5435, #5183, .T. ) ;
#1535 = CARTESIAN_POINT ( 'NONE',  ( 10.54796902411510651, 105.4999999999999858, -78.70748458561837424 ) ) ;
#1536 = ORIENTED_EDGE ( 'NONE', *, *, #6046, .T. ) ;
#1537 = CARTESIAN_POINT ( 'NONE',  ( 12.24479387382671547, 110.9999999999999858, -80.98229083442390674 ) ) ;
#1538 = DIRECTION ( 'NONE',  ( 0.000000000000000000, 1.000000000000000000, 0.000000000000000000 ) ) ;
#1539 = CARTESIAN_POINT ( 'NONE',  ( -23.81569860407218542, 112.9999999999999858, -58.24999999999938183 ) ) ;
#1540 = CARTESIAN_POINT ( 'NONE',  ( 14.95365000612542872, 105.4999999999999858, -64.23337666834989079 ) ) ;
#1541 = LINE ( 'NONE', #445, #620 ) ;
#1542 = DIRECTION ( 'NONE',  ( -0.6350852961086428383, 0.000000000000000000, 0.7724420150837195687 ) ) ;
#1543 = CARTESIAN_POINT ( 'NONE',  ( -16.35871260184277176, 110.9999999999999858, -76.62520507764388356 ) ) ;
#1544 = ORIENTED_EDGE ( 'NONE', *, *, #3691, .T. ) ;
#1545 = CARTESIAN_POINT ( 'NONE',  ( 36.99363960252269834, 110.9999999999999858, -93.35828778282059659 ) ) ;
#1546 = ORIENTED_EDGE ( 'NONE', *, *, #2826, .F. ) ;
#1547 = DIRECTION ( 'NONE',  ( -0.9928535775496396543, 0.000000000000000000, -0.1193389020683599394 ) ) ;
#1548 = CARTESIAN_POINT ( 'NONE',  ( 0.000000000000000000, 105.4999999999999858, -71.99999999999998579 ) ) ;
#1549 = DIRECTION ( 'NONE',  ( 0.000000000000000000, -1.000000000000000000, 0.000000000000000000 ) ) ;
#1550 = B_SPLINE_CURVE_WITH_KNOTS ( 'NONE', 3,
 ( #5030, #6641, #172, #6502 ),
 .UNSPECIFIED., .F., .F.,
 ( 4, 4 ),
 ( 0.000000000000000000, 1.000000000000000000 ),
 .UNSPECIFIED. ) ;
#1551 = CARTESIAN_POINT ( 'NONE',  ( -10.43349690024121657, 105.4999999999999858, -59.38948389534548511 ) ) ;
#1552 = CARTESIAN_POINT ( 'NONE',  ( -1.728907054294832601, 110.9999999999999858, -84.80154390683993881 ) ) ;
#1553 = CARTESIAN_POINT ( 'NONE',  ( 0.000000000000000000, 105.4999999999999858, -71.99999999999998579 ) ) ;
#1554 = ORIENTED_EDGE ( 'NONE', *, *, #4832, .T. ) ;
#1555 = FACE_OUTER_BOUND ( 'NONE', #3805, .T. ) ;
#1556 = CARTESIAN_POINT ( 'NONE',  ( 15.60631691770017859, 105.4999999999999858, -75.83537878214941941 ) ) ;
#1557 = EDGE_CURVE ( 'NONE', #1800, #1122, #325, .T. ) ;
#1558 = CARTESIAN_POINT ( 'NONE',  ( -10.51348398793992800, 105.4999999999999858, -58.67472917722295023 ) ) ;
#1559 = CARTESIAN_POINT ( 'NONE',  ( -15.52760769215017156, 105.4999999999999858, -77.97027120649356391 ) ) ;
#1560 = EDGE_LOOP ( 'NONE', ( #5291, #3503, #2733, #1240 ) ) ;
#1561 = ORIENTED_EDGE ( 'NONE', *, *, #238, .T. ) ;
#1562 = CARTESIAN_POINT ( 'NONE',  ( -10.10969247436488416, 110.9999999999999858, -60.66815797319559067 ) ) ;
#1563 = EDGE_CURVE ( 'NONE', #5036, #796, #3638, .T. ) ;
#1564 = CARTESIAN_POINT ( 'NONE',  ( -9.201369441140746730, 110.9999999999999858, -62.10108737271424673 ) ) ;
#1565 = CARTESIAN_POINT ( 'NONE',  ( 10.43349690025587329, 110.9999999999999858, -59.38948389535260475 ) ) ;
#1566 = ORIENTED_EDGE ( 'NONE', *, *, #5888, .T. ) ;
#1567 = FACE_OUTER_BOUND ( 'NONE', #5157, .T. ) ;
#1568 = CARTESIAN_POINT ( 'NONE',  ( 11.87361907958854168, 110.9999999999999858, -80.46270562298605000 ) ) ;
#1569 = CARTESIAN_POINT ( 'NONE',  ( 6.864983040961222471, 110.9999999999999858, -59.68935388788065666 ) ) ;
#1570 = CARTESIAN_POINT ( 'NONE',  ( 14.00256700119531850, 105.4999999999999858, -65.58887899116952269 ) ) ;
#1571 = PLANE ( 'NONE',  #3675 ) ;
#1572 = CARTESIAN_POINT ( 'NONE',  ( 9.714451465470119729E-14, 110.9999999999999858, -29.28342443435894182 ) ) ;
#1573 = EDGE_LOOP ( 'NONE', ( #1336, #464, #3020, #3672, #4561 ) ) ;
#1574 = CARTESIAN_POINT ( 'NONE',  ( -12.96079323226404156, 105.4999999999999858, -66.45943697436599962 ) ) ;
#1575 = VERTEX_POINT ( 'NONE', #5215 ) ;
#1576 = DIRECTION ( 'NONE',  ( 0.000000000000000000, -1.000000000000000000, 0.000000000000000000 ) ) ;
#1577 = CARTESIAN_POINT ( 'NONE',  ( 4.567410863174966806, 105.4999999999999858, -58.61920863245048707 ) ) ;
#1578 = CARTESIAN_POINT ( 'NONE',  ( -7.839667027576900260, 110.9999999999999858, -58.74428515282728824 ) ) ;
#1579 = CARTESIAN_POINT ( 'NONE',  ( -9.594310430179275428, 105.4999999999999858, -61.65826454672540535 ) ) ;
#1580 = CARTESIAN_POINT ( 'NONE',  ( 12.78990417712426719, 105.4999999999999858, -77.92438612776582829 ) ) ;
#1581 = CARTESIAN_POINT ( 'NONE',  ( 9.424240425039167590, 105.4999999999999858, -57.88334740541936441 ) ) ;
#1582 = ORIENTED_EDGE ( 'NONE', *, *, #5747, .T. ) ;
#1583 = CARTESIAN_POINT ( 'NONE',  ( -6.942197780742889179, 105.4999999999999858, -83.59566991460100382 ) ) ;
#1584 = CARTESIAN_POINT ( 'NONE',  ( 13.66909548869243629, 105.4999999999999858, -78.10079351356037591 ) ) ;
#1585 = DIRECTION ( 'NONE',  ( 0.000000000000000000, 0.000000000000000000, 1.000000000000000000 ) ) ;
#1586 = EDGE_CURVE ( 'NONE', #584, #4867, #4699, .T. ) ;
#1587 = DIRECTION ( 'NONE',  ( 0.000000000000000000, 1.000000000000000000, -0.000000000000000000 ) ) ;
#1588 = CARTESIAN_POINT ( 'NONE',  ( -15.21744136810878345, 110.9999999999999858, -78.02598143054433422 ) ) ;
#1589 = ORIENTED_EDGE ( 'NONE', *, *, #2539, .T. ) ;
#1590 = CARTESIAN_POINT ( 'NONE',  ( -4.612637021839380402, 105.4999999999999858, -86.24034524435874971 ) ) ;
#1591 = B_SPLINE_CURVE_WITH_KNOTS ( 'NONE', 3,
 ( #1937, #887, #6327, #949 ),
 .UNSPECIFIED., .F., .F.,
 ( 4, 4 ),
 ( 0.000000000000000000, 1.000000000000000000 ),
 .UNSPECIFIED. ) ;
#1592 = ORIENTED_EDGE ( 'NONE', *, *, #5451, .F. ) ;
#1593 = LINE ( 'NONE', #434, #2743 ) ;
#1594 = CARTESIAN_POINT ( 'NONE',  ( -7.234484023927618246, 111.0000000000000142, -84.11051302480868230 ) ) ;
#1595 = EDGE_CURVE ( 'NONE', #4492, #2240, #4070, .T. ) ;
#1596 = CARTESIAN_POINT ( 'NONE',  ( 9.854656579792601789, 110.9999999999999858, -61.25356058021137784 ) ) ;
#1597 = ORIENTED_EDGE ( 'NONE', *, *, #5583, .T. ) ;
#1598 = DIRECTION ( 'NONE',  ( 0.000000000000000000, -1.000000000000000000, 0.000000000000000000 ) ) ;
#1599 = CARTESIAN_POINT ( 'NONE',  ( -10.54796902411511361, 105.4999999999999858, -78.70748458561834582 ) ) ;
#1600 = CARTESIAN_POINT ( 'NONE',  ( 8.227339352541013895, 105.4999999999999858, -58.48697447206529887 ) ) ;
#1601 = AXIS2_PLACEMENT_3D ( 'NONE', #901, #3484, #4052 ) ;
#1602 = CARTESIAN_POINT ( 'NONE',  ( 7.592422406467926876, 110.9999999999999858, -86.16412299226533378 ) ) ;
#1603 = CARTESIAN_POINT ( 'NONE',  ( 0.000000000000000000, 114.9999999999999858, 0.000000000000000000 ) ) ;
#1604 = CARTESIAN_POINT ( 'NONE',  ( -4.631706060441336703, 110.9999999999999858, -58.17438914629227753 ) ) ;
#1605 = ORIENTED_EDGE ( 'NONE', *, *, #343, .F. ) ;
#1606 = B_SPLINE_SURFACE_WITH_KNOTS ( 'NONE', 4, 1, ( 
 ( #150, #4389 ),
 ( #6518, #3940 ),
 ( #1702, #1246 ),
 ( #112, #5998 ),
 ( #2261, #5474 ),
 ( #4047, #3051 ),
 ( #6177, #4015 ),
 ( #4604, #6725 ),
 ( #2978, #363 ),
 ( #331, #795 ),
 ( #2474, #6245 ),
 ( #762, #1949 ),
 ( #2509, #1848 ),
 ( #1811, #3509 ),
 ( #2371, #3974 ),
 ( #5647, #1355 ),
 ( #1882, #4109 ),
 ( #6657, #6107 ),
 ( #824, #5722 ) ),
 .UNSPECIFIED., .F., .F., .F.,
 ( 5, 1, 1, 1, 1, 1, 1, 1, 1, 1, 1, 1, 1, 1, 1, 5 ),
 ( 2, 2 ),
 ( 0.000000000000000000, 0.005376748248313690560, 0.01508368771682262396, 0.02853181967683027578, 0.04661013893542635678, 0.06485484867701551970, 0.09211052469974630175, 0.1194761750471190764, 0.1468424950126881179, 0.1742088532605756135, 0.2015749551777806792, 0.2289410129491928625, 0.2563073451819962711, 0.3070350317425281084, 0.3617673510343424881, 0.3768711599805257828 ),
 ( 0.000000000000000000, 1.000000000000000000 ),
 .UNSPECIFIED. ) ;
#1607 = CARTESIAN_POINT ( 'NONE',  ( -6.309818809593902067, 110.9999999999999858, -87.78563228350536463 ) ) ;
#1608 = EDGE_LOOP ( 'NONE', ( #3857, #595, #4942, #5389 ) ) ;
#1609 = DIRECTION ( 'NONE',  ( 0.000000000000000000, -1.000000000000000000, 0.000000000000000000 ) ) ;
#1610 = ADVANCED_FACE ( 'NONE', ( #5713 ), #1833, .F. ) ;
#1611 = CARTESIAN_POINT ( 'NONE',  ( -12.43211974916862061, 105.4999999999999858, -66.69942745193246481 ) ) ;
#1612 = CIRCLE ( 'NONE', #5884, 1.500000000000000444 ) ;
#1613 = FACE_OUTER_BOUND ( 'NONE', #5728, .T. ) ;
#1614 = CARTESIAN_POINT ( 'NONE',  ( 13.74216322134678592, 105.4999999999999858, -68.86424652620981135 ) ) ;
#1615 = CARTESIAN_POINT ( 'NONE',  ( 6.309818809593036981, 110.9999999999999858, -87.78563228350571990 ) ) ;
#1616 = DIRECTION ( 'NONE',  ( 0.000000000000000000, 0.000000000000000000, 1.000000000000000000 ) ) ;
#1617 = CARTESIAN_POINT ( 'NONE',  ( -16.81980934022108443, 110.9999999999999858, -70.98703393936094130 ) ) ;
#1618 = CARTESIAN_POINT ( 'NONE',  ( 13.51324361031477572, 110.9999999999999858, -72.21428467892422987 ) ) ;
#1619 = VECTOR ( 'NONE', #2653, 1000.000000000000000 ) ;
#1620 = CARTESIAN_POINT ( 'NONE',  ( 16.87851081834248390, 110.9999999999999858, -69.97123866483802601 ) ) ;
#1621 = CARTESIAN_POINT ( 'NONE',  ( -12.69709083993543430, 105.4999999999999858, -81.85145381864320768 ) ) ;
#1622 = AXIS2_PLACEMENT_3D ( 'NONE', #4919, #3490, #6157 ) ;
#1623 = CARTESIAN_POINT ( 'NONE',  ( -12.91213570737996719, 105.4999999999999858, -72.38131020851372455 ) ) ;
#1624 = CARTESIAN_POINT ( 'NONE',  ( -12.83006555374513091, 105.4999999999999858, -77.94106366749058168 ) ) ;
#1625 = EDGE_LOOP ( 'NONE', ( #3898, #1032, #4977, #3807 ) ) ;
#1626 = CARTESIAN_POINT ( 'NONE',  ( -4.155439442360330915, 105.4999999999999858, -85.46893918953527702 ) ) ;
#1627 = AXIS2_PLACEMENT_3D ( 'NONE', #6269, #950, #487 ) ;
#1628 = ORIENTED_EDGE ( 'NONE', *, *, #5962, .F. ) ;
#1629 = VECTOR ( 'NONE', #3166, 1000.000000000000000 ) ;
#1630 = CARTESIAN_POINT ( 'NONE',  ( -14.95365000611921324, 105.4999999999999858, -64.23337666833994319 ) ) ;
#1631 = AXIS2_PLACEMENT_3D ( 'NONE', #4224, #1538, #3032 ) ;
#1632 = CIRCLE ( 'NONE', #2757, 12.50000000000000178 ) ;
#1633 = CARTESIAN_POINT ( 'NONE',  ( -1.264283200091607995, 105.4999999999999858, -57.96142500675897935 ) ) ;
#1634 = CARTESIAN_POINT ( 'NONE',  ( 10.37139652093831543, 110.9999999999999858, -59.72395045855950713 ) ) ;
#1635 = ORIENTED_EDGE ( 'NONE', *, *, #1275, .F. ) ;
#1636 = CARTESIAN_POINT ( 'NONE',  ( 7.275517551809311811, 110.9999999999999858, -84.19365097910551299 ) ) ;
#1637 = CARTESIAN_POINT ( 'NONE',  ( 12.93421037837705612, 110.9999999999999858, -82.46216711815915801 ) ) ;
#1638 = EDGE_CURVE ( 'NONE', #2392, #775, #3537, .T. ) ;
#1639 = CARTESIAN_POINT ( 'NONE',  ( 7.175214880298899089, 110.9999999999999858, -59.30683223422825279 ) ) ;
#1640 = DIRECTION ( 'NONE',  ( 0.000000000000000000, -1.000000000000000000, 0.000000000000000000 ) ) ;
#1641 = FACE_OUTER_BOUND ( 'NONE', #3006, .T. ) ;
#1642 = CARTESIAN_POINT ( 'NONE',  ( -15.02442146371329379, 105.4999999999999858, -64.10297855228101582 ) ) ;
#1643 = ORIENTED_EDGE ( 'NONE', *, *, #878, .T. ) ;
#1644 = CARTESIAN_POINT ( 'NONE',  ( 11.08283655869326445, 105.4999999999999858, -77.78106684041034669 ) ) ;
#1645 = ORIENTED_EDGE ( 'NONE', *, *, #3863, .F. ) ;
#1646 = CARTESIAN_POINT ( 'NONE',  ( 4.639708894498477676, 110.9999999999999858, -57.98116921458992579 ) ) ;
#1647 = CARTESIAN_POINT ( 'NONE',  ( -12.04260137073200454, 110.9999999999999858, -68.64951462834953588 ) ) ;
#1648 = CARTESIAN_POINT ( 'NONE',  ( 10.22200870383495719, 105.4999999999999858, -64.10195061678923878 ) ) ;
#1649 = CARTESIAN_POINT ( 'NONE',  ( 15.32306896980864863, 105.4999999999999858, -69.01034888990385241 ) ) ;
#1650 = CARTESIAN_POINT ( 'NONE',  ( 12.88735155236122765, 110.9999999999999858, -77.96107790698466999 ) ) ;
#1651 = DIRECTION ( 'NONE',  ( 0.000000000000000000, -1.000000000000000000, 0.000000000000000000 ) ) ;
#1652 = FACE_OUTER_BOUND ( 'NONE', #4734, .T. ) ;
#1653 = DIRECTION ( 'NONE',  ( 0.000000000000000000, 0.000000000000000000, 1.000000000000000000 ) ) ;
#1654 = ORIENTED_EDGE ( 'NONE', *, *, #5610, .F. ) ;
#1655 = EDGE_CURVE ( 'NONE', #5723, #6865, #3011, .T. ) ;
#1656 = CARTESIAN_POINT ( 'NONE',  ( 0.000000000000000000, 105.4999999999999858, -71.99999999999998579 ) ) ;
#1657 = CARTESIAN_POINT ( 'NONE',  ( -11.27866494759071081, 110.9999999999999858, -63.54590532044537809 ) ) ;
#1658 = CARTESIAN_POINT ( 'NONE',  ( -10.30926330478154362, 105.4999999999999858, -59.99958076344123725 ) ) ;
#1659 = DIRECTION ( 'NONE',  ( 0.000000000000000000, 0.000000000000000000, 1.000000000000000000 ) ) ;
#1660 = ADVANCED_FACE ( 'NONE', ( #1518 ), #357, .F. ) ;
#1661 = ORIENTED_EDGE ( 'NONE', *, *, #1487, .T. ) ;
#1662 = CARTESIAN_POINT ( 'NONE',  ( -4.758816829699381579, 105.4999999999999858, -86.42117152065148389 ) ) ;
#1663 = DIRECTION ( 'NONE',  ( 0.000000000000000000, -1.000000000000000000, 0.000000000000000000 ) ) ;
#1664 = ORIENTED_EDGE ( 'NONE', *, *, #5072, .F. ) ;
#1665 = CARTESIAN_POINT ( 'NONE',  ( -6.870769920380331186, 105.4999999999999858, -59.67949653960026524 ) ) ;
#1666 = EDGE_CURVE ( 'NONE', #3323, #6628, #3355, .T. ) ;
#1667 = B_SPLINE_SURFACE_WITH_KNOTS ( 'NONE', 3, 1, ( 
 ( #2151, #1000 ),
 ( #2655, #1564 ),
 ( #405, #3653 ),
 ( #5792, #6901 ) ),
 .UNSPECIFIED., .F., .F., .F.,
 ( 4, 4 ),
 ( 2, 2 ),
 ( 0.000000000000000000, 1.000000000000000000 ),
 ( 0.000000000000000000, 1.000000000000000000 ),
 .UNSPECIFIED. ) ;
#1668 = CARTESIAN_POINT ( 'NONE',  ( 12.04260137073259429, 110.9999999999999858, -68.64951462835165330 ) ) ;
#1669 = CARTESIAN_POINT ( 'NONE',  ( -9.282203819006722867, 110.9999999999999858, -82.62275750822638543 ) ) ;
#1670 = ORIENTED_EDGE ( 'NONE', *, *, #1730, .T. ) ;
#1671 = CARTESIAN_POINT ( 'NONE',  ( 15.85315169316514350, 110.9999999999999858, -76.06946622870728447 ) ) ;
#1672 = CARTESIAN_POINT ( 'NONE',  ( 12.36363030732594659, 110.9999999999999858, -81.18232001382716589 ) ) ;
#1673 = CARTESIAN_POINT ( 'NONE',  ( 6.982279347674338332, 105.4999999999999858, -59.52355624563045211 ) ) ;
#1674 = EDGE_CURVE ( 'NONE', #582, #6176, #6886, .T. ) ;
#1675 = CARTESIAN_POINT ( 'NONE',  ( 14.29899089952007074, 111.0000000000000000, -65.23022666582245677 ) ) ;
#1676 = CARTESIAN_POINT ( 'NONE',  ( 1.392108514458093804, 105.4999999999999858, -57.48579143072335285 ) ) ;
#1677 = CARTESIAN_POINT ( 'NONE',  ( -14.02344611070620672, 110.9999999999999858, -74.78510912270678546 ) ) ;
#1678 = VERTEX_POINT ( 'NONE', #490 ) ;
#1679 = CARTESIAN_POINT ( 'NONE',  ( 12.47487818349660493, 105.4999999999999858, -81.38679235524745081 ) ) ;
#1680 = ORIENTED_EDGE ( 'NONE', *, *, #4794, .T. ) ;
#1681 = CARTESIAN_POINT ( 'NONE',  ( 4.567410863174966806, 110.9999999999999858, -58.61920863245048707 ) ) ;
#1682 = CARTESIAN_POINT ( 'NONE',  ( 0.000000000000000000, 112.4999999999999858, -111.9999999999999716 ) ) ;
#1683 = CARTESIAN_POINT ( 'NONE',  ( -4.590925677243044234, 110.9999999999999858, -60.37359034671360547 ) ) ;
#1684 =( LENGTH_UNIT ( ) NAMED_UNIT ( * ) SI_UNIT ( .MILLI., .METRE. ) );
#1685 = CARTESIAN_POINT ( 'NONE',  ( 10.10969247439065910, 105.4999999999999858, -60.66815797320553116 ) ) ;
#1686 = CARTESIAN_POINT ( 'NONE',  ( 9.453951628364910320, 105.4999999999999858, -57.87120675328252872 ) ) ;
#1687 = DIRECTION ( 'NONE',  ( 0.000000000000000000, 0.000000000000000000, 1.000000000000000000 ) ) ;
#1688 = CARTESIAN_POINT ( 'NONE',  ( 14.09382379058831880, 105.4999999999999858, -72.21007334607602957 ) ) ;
#1689 = ORIENTED_EDGE ( 'NONE', *, *, #5123, .F. ) ;
#1690 = EDGE_CURVE ( 'NONE', #5277, #364, #6690, .T. ) ;
#1691 = DIRECTION ( 'NONE',  ( 0.000000000000000000, 0.000000000000000000, -1.000000000000000000 ) ) ;
#1692 = CARTESIAN_POINT ( 'NONE',  ( -13.01210508687313983, 105.4999999999999858, -82.70594263433149251 ) ) ;
#1693 = ADVANCED_FACE ( 'NONE', ( #6954 ), #4299, .T. ) ;
#1694 = CARTESIAN_POINT ( 'NONE',  ( -16.35871260184277531, 105.4999999999999858, -76.62520507764388356 ) ) ;
#1695 = CARTESIAN_POINT ( 'NONE',  ( -13.90128898370211452, 110.9999999999999858, -78.11315714163167456 ) ) ;
#1696 = ORIENTED_EDGE ( 'NONE', *, *, #3470, .F. ) ;
#1697 = CARTESIAN_POINT ( 'NONE',  ( 1.623641311369508511, 110.9999999999999858, -86.67713541899993857 ) ) ;
#1698 = CARTESIAN_POINT ( 'NONE',  ( 11.05839710391121145, 105.4999999999999858, -79.76952535790979937 ) ) ;
#1699 = ORIENTED_EDGE ( 'NONE', *, *, #3043, .T. ) ;
#1700 = DIRECTION ( 'NONE',  ( 0.000000000000000000, 1.000000000000000000, 0.000000000000000000 ) ) ;
#1701 = EDGE_CURVE ( 'NONE', #4811, #141, #4849, .T. ) ;
#1702 = CARTESIAN_POINT ( 'NONE',  ( 14.13729640030767243, 105.4999999999999858, -72.20897393326308134 ) ) ;
#1703 = CARTESIAN_POINT ( 'NONE',  ( -9.657477191925853077, 110.9999999999999858, -82.92398053806032010 ) ) ;
#1704 = ORIENTED_EDGE ( 'NONE', *, *, #6499, .T. ) ;
#1705 = CARTESIAN_POINT ( 'NONE',  ( 1.028600912950893065, 105.4999999999999858, -88.33477744430867062 ) ) ;
#1706 = ADVANCED_FACE ( 'NONE', ( #3272 ), #6924, .F. ) ;
#1707 = CARTESIAN_POINT ( 'NONE',  ( -13.94386143010087586, 105.4999999999999858, -68.84047439266417712 ) ) ;
#1708 = CARTESIAN_POINT ( 'NONE',  ( 7.839667027593120174, 110.9999999999999858, -58.74428515284710528 ) ) ;
#1709 = CARTESIAN_POINT ( 'NONE',  ( 7.404998299504094383, 110.9999999999999858, -84.56050224683832539 ) ) ;
#1710 = CARTESIAN_POINT ( 'NONE',  ( 14.29605691402096745, 105.4999999999999858, -72.19139058581576762 ) ) ;
#1711 = CARTESIAN_POINT ( 'NONE',  ( -14.66063268840430744, 105.4999999999999858, -64.72340579881047518 ) ) ;
#1712 = CIRCLE ( 'NONE', #929, 10.49999999999999467 ) ;
#1713 = ORIENTED_EDGE ( 'NONE', *, *, #6340, .T. ) ;
#1714 = CARTESIAN_POINT ( 'NONE',  ( -4.352716925791351166, 105.4999999999999858, -59.83766053076780622 ) ) ;
#1715 = EDGE_LOOP ( 'NONE', ( #164, #3655, #4293, #3070 ) ) ;
#1716 = EDGE_CURVE ( 'NONE', #6583, #924, #6029, .T. ) ;
#1717 = CARTESIAN_POINT ( 'NONE',  ( 12.33121320084095096, 113.4999999999999858, -97.45276259427346588 ) ) ;
#1718 = CARTESIAN_POINT ( 'NONE',  ( 12.36422895317214277, 105.4999999999999858, -73.83734656326446100 ) ) ;
#1719 = VECTOR ( 'NONE', #6764, 1000.000000000000000 ) ;
#1720 = B_SPLINE_CURVE_WITH_KNOTS ( 'NONE', 4,
 ( #2252, #4413, #1731, #4523, #6649, #3892, #1838, #6030, #1206, #3357, #5499, #2824, #4965, #139, #2286, #4455, #6586, #285, #4698 ),
 .UNSPECIFIED., .F., .F.,
 ( 5, 1, 1, 1, 1, 1, 1, 1, 1, 1, 1, 1, 1, 1, 1, 5 ),
 ( 0.000000000000000000, 0.01510380894618329473, 0.06983612823799767444, 0.1205638147985295117, 0.1479301470313329203, 0.1752962048027451036, 0.2026623067199501693, 0.2300286649678376372, 0.2573949849334067341, 0.2847606352807794949, 0.3120163113035102631, 0.3302610210450994122, 0.3483393403036955105, 0.3617874722637031693, 0.3714944117322120931, 0.3768711599805257828 ),
 .UNSPECIFIED. ) ;
#1721 = CARTESIAN_POINT ( 'NONE',  ( 9.854656579792601789, 105.4999999999999858, -61.25356058021137784 ) ) ;
#1722 = CARTESIAN_POINT ( 'NONE',  ( 7.472574093555586217, 105.4999999999999858, -59.02986162795101421 ) ) ;
#1723 = CARTESIAN_POINT ( 'NONE',  ( 0.000000000000000000, 105.4999999999999858, -71.99999999999998579 ) ) ;
#1724 = CARTESIAN_POINT ( 'NONE',  ( -11.52562097703219912, 110.9999999999999858, -80.11418886548004537 ) ) ;
#1725 = ORIENTED_EDGE ( 'NONE', *, *, #5732, .F. ) ;
#1726 = CIRCLE ( 'NONE', #4210, 10.49999999999999467 ) ;
#1727 = CARTESIAN_POINT ( 'NONE',  ( 14.13393755131164475, 105.4999999999999858, -78.11605792226117728 ) ) ;
#1728 = B_SPLINE_SURFACE_WITH_KNOTS ( 'NONE', 4, 1, ( 
 ( #939, #2559 ),
 ( #2588, #4743 ),
 ( #3227, #2725 ),
 ( #5438, #6490 ),
 ( #4945, #7 ),
 ( #1107, #3194 ),
 ( #1600, #3762 ),
 ( #4360, #3868 ),
 ( #546, #1708 ),
 ( #6387, #2661 ),
 ( #5336, #3259 ),
 ( #3835, #1183 ),
 ( #5932, #1639 ),
 ( #618, #4911 ),
 ( #1673, #4286 ),
 ( #2198, #2126 ),
 ( #5369, #2803 ),
 ( #5864, #4870 ),
 ( #5968, #1569 ) ),
 .UNSPECIFIED., .F., .F., .F.,
 ( 5, 1, 1, 1, 1, 1, 1, 1, 1, 1, 1, 1, 1, 1, 1, 5 ),
 ( 2, 2 ),
 ( 0.000000000000000000, 0.01510380894618329473, 0.06983612823799767444, 0.1205638147985295117, 0.1479301470313329203, 0.1752962048027451036, 0.2026623067199501693, 0.2300286649678376649, 0.2573949849334067341, 0.2847606352807794949, 0.3120163113035102631, 0.3302610210450994122, 0.3483393403036955105, 0.3617874722637031693, 0.3714944117322120931, 0.3768711599805257828 ),
 ( 0.000000000000000000, 1.000000000000000000 ),
 .UNSPECIFIED. ) ;
#1729 = CYLINDRICAL_SURFACE ( 'NONE', #3106, 12.50000000000000178 ) ;
#1730 = EDGE_CURVE ( 'NONE', #401, #1013, #21, .T. ) ;
#1731 = CARTESIAN_POINT ( 'NONE',  ( -12.00742970900968665, 105.4999999999999858, -83.82174768232624729 ) ) ;
#1732 = AXIS2_PLACEMENT_3D ( 'NONE', #366, #4642, #4113 ) ;
#1733 = CARTESIAN_POINT ( 'NONE',  ( 9.714451465470119729E-14, 113.4999999999999858, -29.28342443435894182 ) ) ;
#1734 = EDGE_LOOP ( 'NONE', ( #6878, #6513, #3050, #3413 ) ) ;
#1735 = CARTESIAN_POINT ( 'NONE',  ( 12.04260137073201875, 110.9999999999999858, -68.64951462834956430 ) ) ;
#1736 = DIRECTION ( 'NONE',  ( 0.000000000000000000, -1.000000000000000000, 0.000000000000000000 ) ) ;
#1737 = VERTEX_POINT ( 'NONE', #4242 ) ;
#1738 = CIRCLE ( 'NONE', #3887, 16.99999999999860378 ) ;
#1739 = CARTESIAN_POINT ( 'NONE',  ( -7.653155418720497316, 105.4999999999999858, -58.88337933063986185 ) ) ;
#1740 = CARTESIAN_POINT ( 'NONE',  ( -36.99363960252276229, 113.4999999999999858, -93.35828778282062501 ) ) ;
#1741 = VECTOR ( 'NONE', #6298, 1000.000000000000000 ) ;
#1742 = CARTESIAN_POINT ( 'NONE',  ( 9.657477191910508907, 110.9999999999999858, -82.92398053808979341 ) ) ;
#1743 = VECTOR ( 'NONE', #4657, 1000.000000000000000 ) ;
#1744 = CARTESIAN_POINT ( 'NONE',  ( -12.69709083993543430, 105.4999999999999858, -81.85145381864320768 ) ) ;
#1745 = ORIENTED_EDGE ( 'NONE', *, *, #5280, .F. ) ;
#1746 = CARTESIAN_POINT ( 'NONE',  ( 0.7507318962219344805, 105.4999999999999858, -88.83355245043128434 ) ) ;
#1747 = CARTESIAN_POINT ( 'NONE',  ( -4.558475950859881110, 105.4999999999999858, -58.64999693552111637 ) ) ;
#1748 = PRODUCT_DEFINITION_FORMATION_WITH_SPECIFIED_SOURCE ( 'ANY', '', #3703, .NOT_KNOWN. ) ;
#1749 = CARTESIAN_POINT ( 'NONE',  ( -15.87713240271467008, 113.4999999999999858, -48.59447481145295455 ) ) ;
#1750 = VECTOR ( 'NONE', #187, 1000.000000000000000 ) ;
#1751 = CARTESIAN_POINT ( 'NONE',  ( -10.85146761674003280, 113.4999999999999858, -97.69843108296061018 ) ) ;
#1752 = CARTESIAN_POINT ( 'NONE',  ( 2.889916630983060397, 105.4999999999999858, -55.24743655836754641 ) ) ;
#1753 = EDGE_CURVE ( 'NONE', #5016, #1258, #3904, .T. ) ;
#1754 = CARTESIAN_POINT ( 'NONE',  ( -11.05839710393441422, 105.4999999999999858, -79.76952535789861543 ) ) ;
#1755 = ORIENTED_EDGE ( 'NONE', *, *, #2478, .T. ) ;
#1756 = CARTESIAN_POINT ( 'NONE',  ( -7.578415887377865090, 105.4999999999999858, -85.64925159310188008 ) ) ;
#1757 = EDGE_LOOP ( 'NONE', ( #4490, #5720, #5124, #5136 ) ) ;
#1758 = CARTESIAN_POINT ( 'NONE',  ( -16.93749997582612821, 105.4999999999999858, -70.89669467783755863 ) ) ;
#1759 = CARTESIAN_POINT ( 'NONE',  ( 0.000000000000000000, 110.9999999999999858, -71.99999999999998579 ) ) ;
#1760 = CARTESIAN_POINT ( 'NONE',  ( -4.379618764922207141, 110.9999999999999858, -59.21435921555211479 ) ) ;
#1761 = B_SPLINE_CURVE_WITH_KNOTS ( 'NONE', 4,
 ( #3910, #6044, #1140, #1219, #1707, #3448, #3373, #2835, #6598, #4980, #155, #3945, #3407, #2342, #5549, #4393, #2879, #5967, #5590 ),
 .UNSPECIFIED., .F., .F.,
 ( 5, 1, 1, 1, 1, 1, 1, 1, 1, 1, 1, 1, 1, 1, 1, 5 ),
 ( 0.000000000000000000, 0.005376748248313690560, 0.01508368771682262223, 0.02853181967683027578, 0.04661013893542635678, 0.06485484867701551970, 0.09211052469974631562, 0.1194761750471190626, 0.1468424950126881179, 0.1742088532605756135, 0.2015749551777806792, 0.2289410129491928625, 0.2563073451819962711, 0.3070350317425281084, 0.3617673510343424326, 0.3768711599805257828 ),
 .UNSPECIFIED. ) ;
#1762 = CARTESIAN_POINT ( 'NONE',  ( 1.770307243986520618, 110.9999999999999858, -56.70162206394253701 ) ) ;
#1763 = CARTESIAN_POINT ( 'NONE',  ( -9.274493938821287031, 105.4999999999999858, -82.61431872657358610 ) ) ;
#1764 = CARTESIAN_POINT ( 'NONE',  ( 7.175214880298899089, 105.4999999999999858, -59.30683223422825279 ) ) ;
#1765 = CARTESIAN_POINT ( 'NONE',  ( 36.99363960252269834, 110.9999999999999858, -93.35828778282059659 ) ) ;
#1766 = CARTESIAN_POINT ( 'NONE',  ( 13.01443754426971644, 110.9999999999999858, -82.71382183863843807 ) ) ;
#1767 = ORIENTED_EDGE ( 'NONE', *, *, #2029, .T. ) ;
#1768 = DIRECTION ( 'NONE',  ( -0.9928535775496396543, 0.000000000000000000, -0.1193389020683599394 ) ) ;
#1769 = CARTESIAN_POINT ( 'NONE',  ( -12.57900862091512195, 105.4999999999999858, -81.59476491924847608 ) ) ;
#1770 = CARTESIAN_POINT ( 'NONE',  ( -7.532749002106986502, 110.9999999999999858, -85.18613734640405255 ) ) ;
#1771 = CARTESIAN_POINT ( 'NONE',  ( 15.18590442083017322, 110.9999999999999858, -71.93048332296064018 ) ) ;
#1772 = EDGE_LOOP ( 'NONE', ( #2565, #965, #1002, #1566 ) ) ;
#1773 = CARTESIAN_POINT ( 'NONE',  ( 0.000000000000000000, 110.9999999999999858, -71.99999999999998579 ) ) ;
#1774 = CARTESIAN_POINT ( 'NONE',  ( -12.89021176384368417, 110.9999999999999858, -82.34580548201344641 ) ) ;
#1775 = ORIENTED_EDGE ( 'NONE', *, *, #4101, .F. ) ;
#1776 = EDGE_CURVE ( 'NONE', #4781, #4399, #4770, .T. ) ;
#1777 = CARTESIAN_POINT ( 'NONE',  ( 3.972025084481231705, 105.4999999999999858, -84.91807599929596506 ) ) ;
#1778 = CARTESIAN_POINT ( 'NONE',  ( -12.25780488725057538, 105.4999999999999858, -77.69209013817345522 ) ) ;
#1779 = DIRECTION ( 'NONE',  ( -0.9928535775496396543, 0.000000000000000000, -0.1193389020683602447 ) ) ;
#1780 = CARTESIAN_POINT ( 'NONE',  ( -11.87361907961623864, 105.4999999999999858, -80.46270562296771800 ) ) ;
#1781 = VERTEX_POINT ( 'NONE', #4372 ) ;
#1782 = CARTESIAN_POINT ( 'NONE',  ( 1.286699764493370202, 105.4999999999999858, -87.76817603455613437 ) ) ;
#1783 = CARTESIAN_POINT ( 'NONE',  ( -4.639708894466981093, 105.4999999999999858, -57.98116921459142503 ) ) ;
#1784 = DIRECTION ( 'NONE',  ( 0.000000000000000000, 0.000000000000000000, 1.000000000000000000 ) ) ;
#1785 = EDGE_CURVE ( 'NONE', #937, #5786, #3549, .T. ) ;
#1786 = CARTESIAN_POINT ( 'NONE',  ( 14.66063268841480749, 105.4999999999999858, -64.72340579882295231 ) ) ;
#1787 = CARTESIAN_POINT ( 'NONE',  ( 1.770307243986520618, 105.4999999999999858, -56.70162206394253701 ) ) ;
#1788 = DIRECTION ( 'NONE',  ( -0.9928535775496396543, 0.000000000000000000, -0.1193389020683602447 ) ) ;
#1789 = VERTEX_POINT ( 'NONE', #6504 ) ;
#1790 = CARTESIAN_POINT ( 'NONE',  ( -7.508918062298489460, 105.4999999999999858, -87.25175889966924103 ) ) ;
#1791 = ORIENTED_EDGE ( 'NONE', *, *, #5463, .F. ) ;
#1792 = CARTESIAN_POINT ( 'NONE',  ( 36.99363960252269834, 110.9999999999999858, -93.35828778282059659 ) ) ;
#1793 = EDGE_CURVE ( 'NONE', #2992, #5259, #5619, .T. ) ;
#1794 = CARTESIAN_POINT ( 'NONE',  ( 4.486458645442479742, 105.4999999999999858, -86.06862480978094254 ) ) ;
#1795 = CARTESIAN_POINT ( 'NONE',  ( 12.78990417712426719, 110.9999999999999858, -77.92438612776582829 ) ) ;
#1796 = CARTESIAN_POINT ( 'NONE',  ( 10.43349690025587329, 105.4999999999999858, -59.38948389535260475 ) ) ;
#1797 = CARTESIAN_POINT ( 'NONE',  ( 6.922252736879210389, 105.4999999999999858, -59.60239148489939254 ) ) ;
#1798 = CARTESIAN_POINT ( 'NONE',  ( -16.07133587230408622, 110.9999999999999858, -76.29684793774167417 ) ) ;
#1799 = CARTESIAN_POINT ( 'NONE',  ( -11.52562097703219912, 105.4999999999999858, -80.11418886548004537 ) ) ;
#1800 = VERTEX_POINT ( 'NONE', #1265 ) ;
#1801 = DIRECTION ( 'NONE',  ( -0.000000000000000000, -1.000000000000000000, -0.000000000000000000 ) ) ;
#1802 = CARTESIAN_POINT ( 'NONE',  ( -14.58021317980552034, 110.9999999999999858, -72.13266551893788403 ) ) ;
#1803 = CARTESIAN_POINT ( 'NONE',  ( -7.404998299536807771, 110.9999999999999858, -84.56050224683282579 ) ) ;
#1804 = CARTESIAN_POINT ( 'NONE',  ( 4.379618764947541543, 105.4999999999999858, -59.21435921554750337 ) ) ;
#1805 = ORIENTED_EDGE ( 'NONE', *, *, #5693, .F. ) ;
#1806 = LINE ( 'NONE', #3434, #4541 ) ;
#1807 = ORIENTED_EDGE ( 'NONE', *, *, #4716, .T. ) ;
#1808 = EDGE_CURVE ( 'NONE', #6828, #5435, #1520, .T. ) ;
#1809 = CARTESIAN_POINT ( 'NONE',  ( -13.24253798505387891, 110.9999999999999858, -66.28899770380768075 ) ) ;
#1810 = CARTESIAN_POINT ( 'NONE',  ( 0.6562887717702948764, 110.9999999999999858, -88.98732718964346589 ) ) ;
#1811 = CARTESIAN_POINT ( 'NONE',  ( 16.06270153686928026, 105.4999999999999858, -71.49316918415537714 ) ) ;
#1812 = VERTEX_POINT ( 'NONE', #4550 ) ;
#1813 = CARTESIAN_POINT ( 'NONE',  ( -7.653155418720497316, 105.4999999999999858, -58.88337933063986185 ) ) ;
#1814 = CARTESIAN_POINT ( 'NONE',  ( -4.234218955516215743, 105.4999999999999858, -55.69038699667759573 ) ) ;
#1815 = CARTESIAN_POINT ( 'NONE',  ( 12.47487818349660493, 110.9999999999999858, -81.38679235524745081 ) ) ;
#1816 = EDGE_CURVE ( 'NONE', #6433, #4176, #3101, .T. ) ;
#1817 = CARTESIAN_POINT ( 'NONE',  ( -9.453951628359638093, 110.9999999999999858, -57.87120675327900443 ) ) ;
#1818 = DIRECTION ( 'NONE',  ( 0.000000000000000000, 0.000000000000000000, 1.000000000000000000 ) ) ;
#1819 = CARTESIAN_POINT ( 'NONE',  ( -12.15331527011340285, 110.9999999999999858, -83.84876010434213356 ) ) ;
#1820 = ORIENTED_EDGE ( 'NONE', *, *, #4006, .T. ) ;
#1821 = CARTESIAN_POINT ( 'NONE',  ( -15.81706902147349680, 110.9999999999999858, -69.15613191086930556 ) ) ;
#1822 = ORIENTED_EDGE ( 'NONE', *, *, #1753, .F. ) ;
#1823 = CARTESIAN_POINT ( 'NONE',  ( -16.61350354400137519, 105.4999999999999858, -71.13846711388281108 ) ) ;
#1824 = B_SPLINE_CURVE_WITH_KNOTS ( 'NONE', 4,
 ( #818, #2333, #5614, #5643, #1384, #2903, #2971, #1909, #5502, #712, #2864, #6622, #6688, #6140, #790, #2937, #290, #2439, #5076 ),
 .UNSPECIFIED., .F., .F.,
 ( 5, 1, 1, 1, 1, 1, 1, 1, 1, 1, 1, 1, 1, 1, 1, 5 ),
 ( 0.000000000000000000, 0.01510380894618329473, 0.06983612823799767444, 0.1205638147985295117, 0.1479301470313329203, 0.1752962048027451036, 0.2026623067199501693, 0.2300286649678376372, 0.2573949849334067341, 0.2847606352807794949, 0.3120163113035102631, 0.3302610210450994122, 0.3483393403036955105, 0.3617874722637031693, 0.3714944117322120931, 0.3768711599805257828 ),
 .UNSPECIFIED. ) ;
#1825 = CARTESIAN_POINT ( 'NONE',  ( 16.33798488876271193, 105.4999999999999858, -76.60069971195507321 ) ) ;
#1826 = CARTESIAN_POINT ( 'NONE',  ( 5.953221396535458787, 110.9999999999999858, -87.53415250099972411 ) ) ;
#1827 = DIRECTION ( 'NONE',  ( 0.000000000000000000, 0.000000000000000000, 1.000000000000000000 ) ) ;
#1828 = CARTESIAN_POINT ( 'NONE',  ( 15.77767083622415001, 105.4999999999999858, -77.91584224478548037 ) ) ;
#1829 = CARTESIAN_POINT ( 'NONE',  ( -1.655986041169616341, 110.9999999999999858, -86.48647392363950814 ) ) ;
#1830 = CARTESIAN_POINT ( 'NONE',  ( -16.33798488876574240, 110.9999999999999858, -76.60069971194489824 ) ) ;
#1831 = CARTESIAN_POINT ( 'NONE',  ( 0.000000000000000000, 105.4999999999999858, -71.99999999999998579 ) ) ;
#1832 = ORIENTED_EDGE ( 'NONE', *, *, #6891, .T. ) ;
#1833 = B_SPLINE_SURFACE_WITH_KNOTS ( 'NONE', 3, 1, ( 
 ( #4728, #4597 ),
 ( #3044, #2011 ),
 ( #2042, #4172 ),
 ( #6235, #2501 ) ),
 .UNSPECIFIED., .F., .F., .F.,
 ( 4, 4 ),
 ( 2, 2 ),
 ( 0.000000000000000000, 1.000000000000000000 ),
 ( 0.000000000000000000, 1.000000000000000000 ),
 .UNSPECIFIED. ) ;
#1834 = EDGE_CURVE ( 'NONE', #851, #450, #5572, .T. ) ;
#1835 = CARTESIAN_POINT ( 'NONE',  ( 7.839667027593120174, 110.9999999999999858, -58.74428515284710528 ) ) ;
#1836 = CIRCLE ( 'NONE', #5765, 10.50000000000000888 ) ;
#1837 = CARTESIAN_POINT ( 'NONE',  ( -16.06270153686323710, 110.9999999999999858, -71.49316918413724409 ) ) ;
#1838 = CARTESIAN_POINT ( 'NONE',  ( -10.85706823368399476, 105.4999999999999858, -83.50717346308874767 ) ) ;
#1839 = CARTESIAN_POINT ( 'NONE',  ( 4.555022691701712034, 105.4999999999999858, -58.66089327844745327 ) ) ;
#1840 = ORIENTED_EDGE ( 'NONE', *, *, #1322, .F. ) ;
#1841 = VECTOR ( 'NONE', #2377, 1000.000000000000000 ) ;
#1842 = ADVANCED_FACE ( 'NONE', ( #4406 ), #769, .F. ) ;
#1843 = CARTESIAN_POINT ( 'NONE',  ( 1.682128284694953013, 105.4999999999999858, -85.99465770516425778 ) ) ;
#1844 = AXIS2_PLACEMENT_3D ( 'NONE', #276, #4090, #346 ) ;
#1845 = CARTESIAN_POINT ( 'NONE',  ( -12.55347716098277822, 110.9999999999999858, -63.07898176318896333 ) ) ;
#1846 = ORIENTED_EDGE ( 'NONE', *, *, #6660, .F. ) ;
#1847 = EDGE_CURVE ( 'NONE', #5268, #6815, #3437, .T. ) ;
#1848 = CARTESIAN_POINT ( 'NONE',  ( 15.81629306545688785, 110.9999999999999858, -71.63142787913491816 ) ) ;
#1849 = AXIS2_PLACEMENT_3D ( 'NONE', #1759, #6088, #5028 ) ;
#1850 = VERTEX_POINT ( 'NONE', #4925 ) ;
#1851 = FACE_OUTER_BOUND ( 'NONE', #567, .T. ) ;
#1852 = CARTESIAN_POINT ( 'NONE',  ( 11.53481943205315119, 110.9999999999999858, -80.12097441727850367 ) ) ;
#1853 = AXIS2_PLACEMENT_3D ( 'NONE', #3987, #6607, #1194 ) ;
#1854 = CARTESIAN_POINT ( 'NONE',  ( 12.78990417712426719, 110.9999999999999858, -77.92438612776582829 ) ) ;
#1855 = DIRECTION ( 'NONE',  ( 0.000000000000000000, -1.000000000000000000, 0.000000000000000000 ) ) ;
#1856 = CARTESIAN_POINT ( 'NONE',  ( -9.523655234406382064, 105.4999999999999858, -82.82960527853495591 ) ) ;
#1857 = ORIENTED_EDGE ( 'NONE', *, *, #3863, .T. ) ;
#1858 = CARTESIAN_POINT ( 'NONE',  ( -16.66286363734568354, 110.9999999999999858, -69.49379532267417403 ) ) ;
#1859 = ORIENTED_EDGE ( 'NONE', *, *, #2499, .T. ) ;
#1860 = CIRCLE ( 'NONE', #48, 11.00000000000007283 ) ;
#1861 = CARTESIAN_POINT ( 'NONE',  ( -2.514624488110082545, 110.9999999999999858, -55.66384641134396816 ) ) ;
#1862 = EDGE_CURVE ( 'NONE', #6615, #3934, #3463, .T. ) ;
#1863 = CARTESIAN_POINT ( 'NONE',  ( 6.160994901018946202, 110.9999999999999858, -87.68356554840272565 ) ) ;
#1864 = CARTESIAN_POINT ( 'NONE',  ( -13.10508927637365240, 110.9999999999999858, -78.01971715041372590 ) ) ;
#1865 = CIRCLE ( 'NONE', #5798, 16.99999999999859668 ) ;
#1866 = CARTESIAN_POINT ( 'NONE',  ( 2.183063851200751415, 110.9999999999999858, -56.07826986914306389 ) ) ;
#1867 = CARTESIAN_POINT ( 'NONE',  ( -1.518223395023230227, 110.9999999999999858, -87.10998091890853345 ) ) ;
#1868 = CARTESIAN_POINT ( 'NONE',  ( -14.83960264434360532, 110.9999999999999858, -75.22532463559350902 ) ) ;
#1869 = AXIS2_PLACEMENT_3D ( 'NONE', #4347, #6479, #1659 ) ;
#1870 = DIRECTION ( 'NONE',  ( 0.000000000000000000, -1.000000000000000000, 0.000000000000000000 ) ) ;
#1871 = ORIENTED_EDGE ( 'NONE', *, *, #2726, .F. ) ;
#1872 = CARTESIAN_POINT ( 'NONE',  ( 7.472574093555586217, 110.9999999999999858, -59.02986162795101421 ) ) ;
#1873 = CARTESIAN_POINT ( 'NONE',  ( -15.18590442082033043, 105.4999999999999858, -71.93048332293484748 ) ) ;
#1874 = CARTESIAN_POINT ( 'NONE',  ( -1.304002731850623764, 111.0000000000000000, -57.76225261775611131 ) ) ;
#1875 = ADVANCED_FACE ( 'NONE', ( #5565 ), #5607, .F. ) ;
#1876 = CARTESIAN_POINT ( 'NONE',  ( 7.228840749612406746, 110.9999999999999858, -84.10057276608289101 ) ) ;
#1877 = LINE ( 'NONE', #186, #1493 ) ;
#1878 = CARTESIAN_POINT ( 'NONE',  ( 11.71203505488408858, 110.9999999999999858, -67.63213612011932696 ) ) ;
#1879 = EDGE_CURVE ( 'NONE', #1368, #4143, #4883, .T. ) ;
#1880 = CARTESIAN_POINT ( 'NONE',  ( -11.45325643222636813, 110.9999999999999858, -63.44215034351906013 ) ) ;
#1881 = VERTEX_POINT ( 'NONE', #3526 ) ;
#1882 = CARTESIAN_POINT ( 'NONE',  ( 16.81980934022273999, 105.4999999999999858, -70.98703393937255157 ) ) ;
#1883 = ORIENTED_EDGE ( 'NONE', *, *, #5017, .F. ) ;
#1884 = CARTESIAN_POINT ( 'NONE',  ( -10.25064829470232475, 110.9999999999999858, -60.22465856325479194 ) ) ;
#1885 = DIRECTION ( 'NONE',  ( 0.000000000000000000, 0.000000000000000000, 1.000000000000000000 ) ) ;
#1886 = B_SPLINE_SURFACE_WITH_KNOTS ( 'NONE', 3, 1, ( 
 ( #105, #566 ),
 ( #2220, #534 ),
 ( #4382, #5467 ),
 ( #3746, #4245 ) ),
 .UNSPECIFIED., .F., .F., .F.,
 ( 4, 4 ),
 ( 2, 2 ),
 ( 0.000000000000000000, 1.000000000000000000 ),
 ( 0.000000000000000000, 1.000000000000000000 ),
 .UNSPECIFIED. ) ;
#1887 = CARTESIAN_POINT ( 'NONE',  ( -4.193377157775825204, 110.9999999999999858, -85.56590829467639026 ) ) ;
#1888 = DIRECTION ( 'NONE',  ( 0.000000000000000000, 1.000000000000000000, -0.000000000000000000 ) ) ;
#1889 = CARTESIAN_POINT ( 'NONE',  ( 13.87181067860504946, 105.4999999999999858, -74.73490184677865500 ) ) ;
#1890 = ORIENTED_EDGE ( 'NONE', *, *, #1156, .F. ) ;
#1891 = CARTESIAN_POINT ( 'NONE',  ( -11.36635421402006507, 110.9999999999999858, -63.48975489608456257 ) ) ;
#1892 = VERTEX_POINT ( 'NONE', #5668 ) ;
#1893 = CARTESIAN_POINT ( 'NONE',  ( -14.58021317980552034, 105.4999999999999858, -72.13266551893788403 ) ) ;
#1894 = ADVANCED_FACE ( 'NONE', ( #6192 ), #4537, .F. ) ;
#1895 = CARTESIAN_POINT ( 'NONE',  ( -10.54796902411511361, 105.4999999999999858, -78.70748458561834582 ) ) ;
#1896 = B_SPLINE_CURVE_WITH_KNOTS ( 'NONE', 4,
 ( #2571, #6851, #2040, #4199, #6330, #6920, #1513, #454, #6883, #2070, #4922, #6056, #2702, #2136, #4443, #2778, #6426, #5911 ),
 .UNSPECIFIED., .F., .F.,
 ( 5, 1, 1, 1, 1, 1, 1, 1, 1, 1, 1, 1, 1, 1, 5 ),
 ( 0.000000000000000000, 0.005376748248313690560, 0.01508368771682262396, 0.02853181967683027578, 0.04661013893542635678, 0.06485484867701551970, 0.09211052469974630175, 0.1194761750471190903, 0.1468424950126881179, 0.1742088532605756135, 0.2015749551777807069, 0.2289410129491928625, 0.2563073451819962711, 0.3070350317425281084, 0.3109028949710793688 ),
 .UNSPECIFIED. ) ;
#1897 = CARTESIAN_POINT ( 'NONE',  ( -1.281230874796543739, 105.4999999999999858, -57.85868721466223974 ) ) ;
#1898 = DIRECTION ( 'NONE',  ( 0.000000000000000000, 0.000000000000000000, 1.000000000000000000 ) ) ;
#1899 = CARTESIAN_POINT ( 'NONE',  ( -15.60631691770986329, 105.4999999999999858, -75.83537878213289218 ) ) ;
#1900 = CARTESIAN_POINT ( 'NONE',  ( 12.78990417712426719, 105.4999999999999858, -77.92438612776582829 ) ) ;
#1901 = ORIENTED_EDGE ( 'NONE', *, *, #2973, .F. ) ;
#1902 = CARTESIAN_POINT ( 'NONE',  ( 23.81569860407268990, 113.4999999999999858, -58.24999999999947420 ) ) ;
#1903 = CARTESIAN_POINT ( 'NONE',  ( 6.864983040961222471, 110.9999999999999858, -59.68935388788065666 ) ) ;
#1904 = CARTESIAN_POINT ( 'NONE',  ( 9.586723779017560787, 110.9999999999999858, -61.66681428427300915 ) ) ;
#1905 = CARTESIAN_POINT ( 'NONE',  ( -1.281230874796543739, 111.0000000000000000, -57.85868721466223974 ) ) ;
#1906 = EDGE_CURVE ( 'NONE', #1063, #3199, #5707, .T. ) ;
#1907 = CARTESIAN_POINT ( 'NONE',  ( -12.80037986487088375, 105.4999999999999858, -77.92895944759038684 ) ) ;
#1908 = ORIENTED_EDGE ( 'NONE', *, *, #6456, .T. ) ;
#1909 = CARTESIAN_POINT ( 'NONE',  ( 7.578415887354621461, 105.4999999999999858, -85.64925159310584490 ) ) ;
#1910 = CARTESIAN_POINT ( 'NONE',  ( 16.42958139039598819, 110.9999999999999858, -69.38856471327328279 ) ) ;
#1911 = EDGE_CURVE ( 'NONE', #2773, #6474, #2158, .T. ) ;
#1912 = DIRECTION ( 'NONE',  ( 0.000000000000000000, 1.000000000000000000, 0.000000000000000000 ) ) ;
#1913 = EDGE_LOOP ( 'NONE', ( #1704, #1936, #2400, #1561 ) ) ;
#1914 = DIRECTION ( 'NONE',  ( 0.9864970560672765565, 0.000000000000000000, 0.1637789924581190271 ) ) ;
#1915 = ORIENTED_EDGE ( 'NONE', *, *, #1834, .T. ) ;
#1916 = ADVANCED_FACE ( 'NONE', ( #5635 ), #3893, .T. ) ;
#1917 = LINE ( 'NONE', #828, #4670 ) ;
#1918 = CARTESIAN_POINT ( 'NONE',  ( -1.199407783317656850, 105.4999999999999858, -58.53838450390695414 ) ) ;
#1919 = CARTESIAN_POINT ( 'NONE',  ( 15.03960127451773765, 111.0000000000000000, -64.07469915375594383 ) ) ;
#1920 = CARTESIAN_POINT ( 'NONE',  ( 13.13794342039479091, 110.9999999999999858, -66.36011380187760267 ) ) ;
#1921 = CARTESIAN_POINT ( 'NONE',  ( 0.000000000000000000, 112.4999999999999858, -99.49999999999997158 ) ) ;
#1922 = ORIENTED_EDGE ( 'NONE', *, *, #6484, .T. ) ;
#1923 = CARTESIAN_POINT ( 'NONE',  ( 10.02618222938133918, 110.9999999999999858, -60.88516653847973714 ) ) ;
#1924 = VERTEX_POINT ( 'NONE', #2959 ) ;
#1925 = CARTESIAN_POINT ( 'NONE',  ( 11.89895147196007663, 105.4999999999999858, -63.25531766824810376 ) ) ;
#1926 = CARTESIAN_POINT ( 'NONE',  ( 4.486458645442479742, 110.9999999999999858, -86.06862480978094254 ) ) ;
#1927 = DIRECTION ( 'NONE',  ( 0.000000000000000000, 1.000000000000000000, 0.000000000000000000 ) ) ;
#1928 = DIRECTION ( 'NONE',  ( 0.9928535775496396543, 0.000000000000000000, 0.1193389020683602447 ) ) ;
#1929 = CARTESIAN_POINT ( 'NONE',  ( 5.072420675084215347, 105.4999999999999858, -86.76499254686007134 ) ) ;
#1930 = B_SPLINE_CURVE_WITH_KNOTS ( 'NONE', 4,
 ( #125, #3954, #4512, #6087, #4545, #4402 ),
 .UNSPECIFIED., .F., .F.,
 ( 5, 1, 5 ),
 ( 0.000000000000000000, 0.01510380894618329646, 0.06596826500865479725 ),
 .UNSPECIFIED. ) ;
#1931 = CARTESIAN_POINT ( 'NONE',  ( -0.9704643516949690296, 110.9999999999999858, -59.11874055291053764 ) ) ;
#1932 = ADVANCED_FACE ( 'NONE', ( #3002 ), #504, .T. ) ;
#1933 = CARTESIAN_POINT ( 'NONE',  ( 11.75684740643035830, 105.4999999999999858, -83.76976116930138971 ) ) ;
#1934 = ORIENTED_EDGE ( 'NONE', *, *, #5419, .T. ) ;
#1935 = FACE_OUTER_BOUND ( 'NONE', #320, .T. ) ;
#1936 = ORIENTED_EDGE ( 'NONE', *, *, #6517, .F. ) ;
#1937 = CARTESIAN_POINT ( 'NONE',  ( 11.71203505488408858, 110.9999999999999858, -67.63213612011932696 ) ) ;
#1938 = CARTESIAN_POINT ( 'NONE',  ( 9.201369441165732965, 110.9999999999999858, -62.10108737272035739 ) ) ;
#1939 = CARTESIAN_POINT ( 'NONE',  ( 3.119695238503663592, 110.9999999999999858, -84.10444140052969431 ) ) ;
#1940 = DIRECTION ( 'NONE',  ( 0.000000000000000000, 1.000000000000000000, 0.000000000000000000 ) ) ;
#1941 = ORIENTED_EDGE ( 'NONE', *, *, #3964, .T. ) ;
#1942 = CARTESIAN_POINT ( 'NONE',  ( 9.423698307924613715, 105.4999999999999858, -82.75210601912408492 ) ) ;
#1943 = CIRCLE ( 'NONE', #471, 16.99999999999859668 ) ;
#1944 = CARTESIAN_POINT ( 'NONE',  ( -14.46786136181855298, 110.9999999999999858, -65.00369770854241835 ) ) ;
#1945 = EDGE_CURVE ( 'NONE', #680, #639, #4703, .T. ) ;
#1946 = CARTESIAN_POINT ( 'NONE',  ( 1.174955163963941507, 110.9999999999999858, -88.02768662349957651 ) ) ;
#1947 = CIRCLE ( 'NONE', #5774, 12.50000000000000178 ) ;
#1948 = ORIENTED_EDGE ( 'NONE', *, *, #6862, .T. ) ;
#1949 = CARTESIAN_POINT ( 'NONE',  ( 15.60980656596050054, 110.9999999999999858, -71.73847488236818037 ) ) ;
#1950 = VERTEX_POINT ( 'NONE', #3803 ) ;
#1951 = AXIS2_PLACEMENT_3D ( 'NONE', #3237, #6921, #5813 ) ;
#1952 = CARTESIAN_POINT ( 'NONE',  ( 1.551105578389038619, 105.4999999999999858, -57.11181930327058609 ) ) ;
#1953 = CARTESIAN_POINT ( 'NONE',  ( 13.66909548869243629, 110.9999999999999858, -78.10079351356037591 ) ) ;
#1954 = CIRCLE ( 'NONE', #4871, 12.50000000000000178 ) ;
#1955 = CARTESIAN_POINT ( 'NONE',  ( -6.309818809593902067, 110.9999999999999858, -87.78563228350536463 ) ) ;
#1956 = DIRECTION ( 'NONE',  ( -0.9928535775496396543, 0.000000000000000000, -0.1193389020683602725 ) ) ;
#1957 = DIRECTION ( 'NONE',  ( 0.9928535775496396543, 0.000000000000000000, 0.1193389020683599394 ) ) ;
#1958 = ORIENTED_EDGE ( 'NONE', *, *, #3216, .T. ) ;
#1959 = CARTESIAN_POINT ( 'NONE',  ( -11.89895147195179170, 110.9999999999999858, -63.25531766821770674 ) ) ;
#1960 = ORIENTED_EDGE ( 'NONE', *, *, #1586, .F. ) ;
#1961 = CARTESIAN_POINT ( 'NONE',  ( 11.45325643223628020, 105.4999999999999858, -63.44215034355331539 ) ) ;
#1962 = AXIS2_PLACEMENT_3D ( 'NONE', #168, #2383, #805 ) ;
#1963 = CARTESIAN_POINT ( 'NONE',  ( 0.000000000000000000, 105.4999999999999858, -71.99999999999998579 ) ) ;
#1964 = EDGE_CURVE ( 'NONE', #2187, #2240, #5576, .T. ) ;
#1965 = CARTESIAN_POINT ( 'NONE',  ( 2.765565749361393433, 105.4999999999999858, -55.37821512089165310 ) ) ;
#1966 = CARTESIAN_POINT ( 'NONE',  ( 4.155439442330526312, 105.4999999999999858, -85.46893918955788649 ) ) ;
#1967 = CARTESIAN_POINT ( 'NONE',  ( -4.481623000375970278, 110.9999999999999858, -56.56684369868697360 ) ) ;
#1968 = AXIS2_PLACEMENT_3D ( 'NONE', #2156, #6452, #6939 ) ;
#1969 = EDGE_LOOP ( 'NONE', ( #3184, #4352, #1528, #2775 ) ) ;
#1970 = CARTESIAN_POINT ( 'NONE',  ( -1.728907054294832601, 105.4999999999999858, -84.80154390683993881 ) ) ;
#1972 = ORIENTED_EDGE ( 'NONE', *, *, #4716, .F. ) ;
#1971 = VECTOR ( 'NONE', #6844, 1000.000000000000000 ) ;
#1973 = CARTESIAN_POINT ( 'NONE',  ( -11.08283655869327511, 110.9999999999999858, -77.78106684041031826 ) ) ;
#1974 = FACE_OUTER_BOUND ( 'NONE', #1757, .T. ) ;
#1975 = EDGE_CURVE ( 'NONE', #2133, #133, #2846, .T. ) ;
#1976 = CARTESIAN_POINT ( 'NONE',  ( -1.281230874796543739, 105.4999999999999858, -57.85868721466223974 ) ) ;
#1977 = VECTOR ( 'NONE', #2532, 1000.000000000000000 ) ;
#1978 = CIRCLE ( 'NONE', #2761, 12.50000000000000178 ) ;
#1979 = FACE_OUTER_BOUND ( 'NONE', #6734, .T. ) ;
#1980 = CARTESIAN_POINT ( 'NONE',  ( 12.00742970900217266, 110.9999999999999858, -83.82174768233524276 ) ) ;
#1981 = CARTESIAN_POINT ( 'NONE',  ( 14.46051803875205977, 110.9999999999999858, -74.99130962393414279 ) ) ;
#1982 = CARTESIAN_POINT ( 'NONE',  ( 1.578216621895656813, 105.4999999999999858, -86.88533121124497427 ) ) ;
#1983 = B_SPLINE_CURVE_WITH_KNOTS ( 'NONE', 4,
 ( #3586, #6801, #3088, #6831, #6210, #5651, #5882, #928, #4114, #2678, #6729, #1430, #1360, #2022, #829, #5692, #5228, #870, #4273 ),
 .UNSPECIFIED., .F., .F.,
 ( 5, 1, 1, 1, 1, 1, 1, 1, 1, 1, 1, 1, 1, 1, 1, 5 ),
 ( 0.000000000000000000, 0.01510380894618329473, 0.06983612823799767444, 0.1205638147985295117, 0.1479301470313329203, 0.1752962048027451036, 0.2026623067199501693, 0.2300286649678376372, 0.2573949849334067341, 0.2847606352807794949, 0.3120163113035102631, 0.3302610210450994122, 0.3483393403036955105, 0.3617874722637031693, 0.3714944117322120931, 0.3768711599805257828 ),
 .UNSPECIFIED. ) ;
#1984 = VERTEX_POINT ( 'NONE', #2129 ) ;
#1985 = EDGE_CURVE ( 'NONE', #2370, #5784, #3197, .T. ) ;
#1986 = ORIENTED_EDGE ( 'NONE', *, *, #3795, .T. ) ;
#1987 = CARTESIAN_POINT ( 'NONE',  ( 1.392108514458093804, 110.9999999999999858, -57.48579143072335285 ) ) ;
#1988 = FACE_OUTER_BOUND ( 'NONE', #249, .T. ) ;
#1989 = CARTESIAN_POINT ( 'NONE',  ( -11.71203505488229624, 110.9999999999999858, -67.63213612011449527 ) ) ;
#1990 = ADVANCED_FACE ( 'NONE', ( #5903, #6913, #10, #2624, #3229 ), #1571, .T. ) ;
#1991 = DIRECTION ( 'NONE',  ( 0.000000000000000000, 1.000000000000000000, 0.000000000000000000 ) ) ;
#1992 = ORIENTED_EDGE ( 'NONE', *, *, #3150, .F. ) ;
#1993 = CARTESIAN_POINT ( 'NONE',  ( -12.78231939801788464, 105.4999999999999858, -63.03636417401334313 ) ) ;
#1994 = VERTEX_POINT ( 'NONE', #6418 ) ;
#1995 = CARTESIAN_POINT ( 'NONE',  ( 11.28796086976873170, 110.9999999999999858, -63.53925392067971956 ) ) ;
#1996 = EDGE_CURVE ( 'NONE', #2584, #1028, #1541, .T. ) ;
#1997 = CARTESIAN_POINT ( 'NONE',  ( -15.40483625196457851, 110.9999999999999858, -77.99034810663341943 ) ) ;
#1998 = CARTESIAN_POINT ( 'NONE',  ( -15.39674265809007991, 110.9999999999999858, -77.99181128980563926 ) ) ;
#1999 = CARTESIAN_POINT ( 'NONE',  ( -1.770307243963639809, 105.4999999999999858, -56.70162206393103332 ) ) ;
#2000 = CARTESIAN_POINT ( 'NONE',  ( -0.6731895439051789332, 105.4999999999999858, -88.96004138859939303 ) ) ;
#2001 = FACE_OUTER_BOUND ( 'NONE', #6033, .T. ) ;
#2002 = CARTESIAN_POINT ( 'NONE',  ( 12.78990417712426719, 110.9999999999999858, -77.92438612776582829 ) ) ;
#2003 = ORIENTED_EDGE ( 'NONE', *, *, #1185, .T. ) ;
#2004 = B_SPLINE_SURFACE_WITH_KNOTS ( 'NONE', 4, 1, ( 
 ( #3378, #3454 ),
 ( #6528, #1819 ),
 ( #6603, #4948 ),
 ( #772, #6567 ),
 ( #1296, #5595 ),
 ( #1223, #3950 ),
 ( #1188, #233 ),
 ( #2313, #3915 ),
 ( #6083, #2347 ),
 ( #6049, #2379 ),
 ( #692, #3339 ),
 ( #2269, #5483 ),
 ( #1255, #4540 ),
 ( #1856, #4024 ),
 ( #624, #2772 ),
 ( #5555, #6153 ),
 ( #734, #4434 ),
 ( #2840, #2884 ),
 ( #4915, #3872 ) ),
 .UNSPECIFIED., .F., .F., .F.,
 ( 5, 1, 1, 1, 1, 1, 1, 1, 1, 1, 1, 1, 1, 1, 1, 5 ),
 ( 2, 2 ),
 ( 0.000000000000000000, 0.01510380894618329473, 0.06983612823799767444, 0.1205638147985295117, 0.1479301470313329203, 0.1752962048027451036, 0.2026623067199501693, 0.2300286649678376649, 0.2573949849334067341, 0.2847606352807794949, 0.3120163113035102631, 0.3302610210450994122, 0.3483393403036955105, 0.3617874722637031693, 0.3714944117322120931, 0.3768711599805257828 ),
 ( 0.000000000000000000, 1.000000000000000000 ),
 .UNSPECIFIED. ) ;
#2005 = CARTESIAN_POINT ( 'NONE',  ( 23.81569860407268990, 112.4999999999999858, -58.24999999999947420 ) ) ;
#2006 = EDGE_LOOP ( 'NONE', ( #5965, #2531, #6667, #4692 ) ) ;
#2007 = CARTESIAN_POINT ( 'NONE',  ( 6.870769920404685038, 110.9999999999999858, -59.67949653962850931 ) ) ;
#2008 = ADVANCED_FACE ( 'NONE', ( #3730 ), #5685, .T. ) ;
#2009 = CARTESIAN_POINT ( 'NONE',  ( 6.786292180980747268, 110.9999999999999858, -82.99158243544906099 ) ) ;
#2010 = CARTESIAN_POINT ( 'NONE',  ( -1.392108514428388233, 105.4999999999999858, -57.48579143070855935 ) ) ;
#2011 = CARTESIAN_POINT ( 'NONE',  ( 3.627421808711214890, 110.9999999999999858, -84.39800213836194587 ) ) ;
#2012 = ORIENTED_EDGE ( 'NONE', *, *, #2384, .T. ) ;
#2013 = CARTESIAN_POINT ( 'NONE',  ( 12.15331527010611978, 105.4999999999999858, -83.84876010434983584 ) ) ;
#2014 = CARTESIAN_POINT ( 'NONE',  ( 15.21432071100120176, 105.4999999999999858, -75.50127144283504776 ) ) ;
#2015 = B_SPLINE_CURVE_WITH_KNOTS ( 'NONE', 3,
 ( #5303, #2664, #4810, #2162 ),
 .UNSPECIFIED., .F., .F.,
 ( 4, 4 ),
 ( 0.000000000000000000, 1.000000000000000000 ),
 .UNSPECIFIED. ) ;
#2016 = CARTESIAN_POINT ( 'NONE',  ( 23.81569860407268990, 112.9999999999999858, -68.74999999999948841 ) ) ;
#2017 = ORIENTED_EDGE ( 'NONE', *, *, #5975, .T. ) ;
#2018 = B_SPLINE_CURVE_WITH_KNOTS ( 'NONE', 4,
 ( #4486, #3963, #6096, #4556, #5571, #214, #785, #4521, #1835, #5070, #1872, #4037, #3674, #6231, #2568, #852, #3008, #2007, #1903 ),
 .UNSPECIFIED., .F., .F.,
 ( 5, 1, 1, 1, 1, 1, 1, 1, 1, 1, 1, 1, 1, 1, 1, 5 ),
 ( 0.000000000000000000, 0.01510380894618329473, 0.06983612823799767444, 0.1205638147985295117, 0.1479301470313329203, 0.1752962048027451036, 0.2026623067199501693, 0.2300286649678376372, 0.2573949849334067341, 0.2847606352807794949, 0.3120163113035102631, 0.3302610210450994122, 0.3483393403036955105, 0.3617874722637031693, 0.3714944117322120931, 0.3768711599805257828 ),
 .UNSPECIFIED. ) ;
#2019 = ADVANCED_FACE ( 'NONE', ( #1038 ), #5401, .T. ) ;
#2020 = ORIENTED_EDGE ( 'NONE', *, *, #5199, .T. ) ;
#2021 = CARTESIAN_POINT ( 'NONE',  ( -14.29899089950515645, 110.9999999999999858, -65.23022666580682483 ) ) ;
#2022 = CARTESIAN_POINT ( 'NONE',  ( -4.616885666963393753, 110.9999999999999858, -58.33746999085099105 ) ) ;
#2023 = CARTESIAN_POINT ( 'NONE',  ( 11.89895147196007663, 110.9999999999999858, -63.25531766824810376 ) ) ;
#2024 = CARTESIAN_POINT ( 'NONE',  ( -12.04260137073200454, 105.4999999999999858, -68.64951462834953588 ) ) ;
#2025 = EDGE_LOOP ( 'NONE', ( #4157, #3632, #2594, #5929, #3359, #4204 ) ) ;
#2026 = CARTESIAN_POINT ( 'NONE',  ( 9.854656579792601789, 110.9999999999999858, -61.25356058021137784 ) ) ;
#2027 = ORIENTED_EDGE ( 'NONE', *, *, #4439, .T. ) ;
#2028 = CARTESIAN_POINT ( 'NONE',  ( 12.78231939802427775, 105.4999999999999858, -63.03636417403601655 ) ) ;
#2029 = EDGE_CURVE ( 'NONE', #5751, #5147, #516, .T. ) ;
#2030 = CARTESIAN_POINT ( 'NONE',  ( -14.09382379057604950, 110.9999999999999858, -72.21007334604077244 ) ) ;
#2031 = DIRECTION ( 'NONE',  ( 0.000000000000000000, 1.000000000000000000, 0.000000000000000000 ) ) ;
#2032 = CARTESIAN_POINT ( 'NONE',  ( -6.571045829569577279, 110.9999999999999858, -60.19004540647883772 ) ) ;
#2033 = CARTESIAN_POINT ( 'NONE',  ( -12.78231939801788464, 105.4999999999999858, -63.03636417401334313 ) ) ;
#2034 = LINE ( 'NONE', #3137, #1743 ) ;
#2035 = VERTEX_POINT ( 'NONE', #6389 ) ;
#2036 = CARTESIAN_POINT ( 'NONE',  ( -1.174955163963969262, 105.4999999999999858, -88.02768662349954809 ) ) ;
#2037 = ORIENTED_EDGE ( 'NONE', *, *, #2785, .F. ) ;
#2038 = LINE ( 'NONE', #59, #6004 ) ;
#2039 = CARTESIAN_POINT ( 'NONE',  ( 1.728907054294809953, 105.4999999999999858, -84.80154390683992460 ) ) ;
#2040 = CARTESIAN_POINT ( 'NONE',  ( -11.56014483844734109, 110.9999999999999858, -80.14063086800126712 ) ) ;
#2041 = CARTESIAN_POINT ( 'NONE',  ( 15.81706902147136518, 110.9999999999999858, -69.15613191088834810 ) ) ;
#2042 = CARTESIAN_POINT ( 'NONE',  ( 3.972025084481231705, 105.4999999999999858, -84.91807599929596506 ) ) ;
#2043 = EDGE_LOOP ( 'NONE', ( #5956, #5679, #4533, #5598 ) ) ;
#2044 = DIRECTION ( 'NONE',  ( 0.000000000000000000, 0.000000000000000000, 1.000000000000000000 ) ) ;
#2045 = CARTESIAN_POINT ( 'NONE',  ( 15.39403866162955126, 110.9999999999999858, -75.64891016945320246 ) ) ;
#2046 = CARTESIAN_POINT ( 'NONE',  ( 1.682128284694953013, 110.9999999999999858, -85.99465770516425778 ) ) ;
#2047 = ORIENTED_EDGE ( 'NONE', *, *, #3253, .T. ) ;
#2048 = VECTOR ( 'NONE', #4448, 1000.000000000000000 ) ;
#2049 = EDGE_LOOP ( 'NONE', ( #3625, #3446, #6494, #5984 ) ) ;
#2050 = CARTESIAN_POINT ( 'NONE',  ( 23.81569860407268990, 112.9999999999999858, -47.74999999999946709 ) ) ;
#2051 = CARTESIAN_POINT ( 'NONE',  ( -7.234484023927618246, 105.4999999999999858, -84.11051302480868230 ) ) ;
#2052 = LINE ( 'NONE', #4865, #748 ) ;
#2053 = VECTOR ( 'NONE', #2172, 1000.000000000000000 ) ;
#2054 = ORIENTED_EDGE ( 'NONE', *, *, #1701, .F. ) ;
#2055 = CARTESIAN_POINT ( 'NONE',  ( 7.592422406467926876, 110.9999999999999858, -86.16412299226533378 ) ) ;
#2056 = ORIENTED_EDGE ( 'NONE', *, *, #3345, .T. ) ;
#2057 = CARTESIAN_POINT ( 'NONE',  ( -4.173811205964238269, 105.4999999999999858, -55.52033677477236040 ) ) ;
#2058 = DIRECTION ( 'NONE',  ( 0.000000000000000000, 0.000000000000000000, 1.000000000000000000 ) ) ;
#2059 = AXIS2_PLACEMENT_3D ( 'NONE', #2112, #5355, #3311 ) ;
#2060 = CARTESIAN_POINT ( 'NONE',  ( 4.155439442330526312, 110.9999999999999858, -85.46893918955788649 ) ) ;
#2061 = CARTESIAN_POINT ( 'NONE',  ( 13.37364744971983654, 105.4999999999999858, -66.19088901815098325 ) ) ;
#2062 = CARTESIAN_POINT ( 'NONE',  ( -14.42701580430481911, 105.4999999999999858, -68.85107475509688868 ) ) ;
#2063 = CARTESIAN_POINT ( 'NONE',  ( -16.24164866453140021, 110.9999999999999858, -76.48786532099080659 ) ) ;
#2064 = ORIENTED_EDGE ( 'NONE', *, *, #309, .T. ) ;
#2065 = DIRECTION ( 'NONE',  ( 0.000000000000000000, 0.000000000000000000, 1.000000000000000000 ) ) ;
#2066 = ORIENTED_EDGE ( 'NONE', *, *, #452, .F. ) ;
#2067 = CIRCLE ( 'NONE', #2748, 26.50000000000002487 ) ;
#2068 = CARTESIAN_POINT ( 'NONE',  ( 4.173811205969065519, 110.9999999999999858, -55.52033677477358253 ) ) ;
#2069 = CARTESIAN_POINT ( 'NONE',  ( -12.36422895317238613, 105.4999999999999858, -73.83734656326281254 ) ) ;
#2070 = CARTESIAN_POINT ( 'NONE',  ( -12.24479387384988094, 110.9999999999999858, -80.98229083440880061 ) ) ;
#2071 = CARTESIAN_POINT ( 'NONE',  ( -9.274493938821287031, 105.4999999999999858, -82.61431872657358610 ) ) ;
#2072 = CIRCLE ( 'NONE', #3660, 24.99999999999995381 ) ;
#2073 = DIRECTION ( 'NONE',  ( -0.000000000000000000, -1.000000000000000000, -0.000000000000000000 ) ) ;
#2074 = DIRECTION ( 'NONE',  ( 0.000000000000000000, 1.000000000000000000, -0.000000000000000000 ) ) ;
#2075 = AXIS2_PLACEMENT_3D ( 'NONE', #304, #6215, #1957 ) ;
#2076 = FACE_OUTER_BOUND ( 'NONE', #4852, .T. ) ;
#2077 = CARTESIAN_POINT ( 'NONE',  ( 23.81569860407268990, 112.4999999999999858, -58.24999999999947420 ) ) ;
#2078 = TOROIDAL_SURFACE ( 'NONE', #5120, 10.49999999999999645, 2.000000000000000000 ) ;
#2079 = AXIS2_PLACEMENT_3D ( 'NONE', #6558, #224, #151 ) ;
#2080 = EDGE_CURVE ( 'NONE', #1166, #4916, #4116, .T. ) ;
#2081 = CARTESIAN_POINT ( 'NONE',  ( -9.614995609741894711, 110.9999999999999858, -61.63377218853364781 ) ) ;
#2082 = ORIENTED_EDGE ( 'NONE', *, *, #2918, .F. ) ;
#2083 = VECTOR ( 'NONE', #3946, 1000.000000000000000 ) ;
#2084 = AXIS2_PLACEMENT_3D ( 'NONE', #2212, #3176, #6430 ) ;
#2086 = ORIENTED_EDGE ( 'NONE', *, *, #5663, .T. ) ;
#2085 = AXIS2_PLACEMENT_3D ( 'NONE', #6321, #6813, #479 ) ;
#2087 = CARTESIAN_POINT ( 'NONE',  ( 6.942197780717182631, 110.9999999999999858, -83.59566991460177121 ) ) ;
#2088 = EDGE_CURVE ( 'NONE', #5860, #6353, #4017, .T. ) ;
#2089 = B_SPLINE_CURVE_WITH_KNOTS ( 'NONE', 3,
 ( #1106, #3258, #227, #3866 ),
 .UNSPECIFIED., .F., .F.,
 ( 4, 4 ),
 ( 0.000000000000000000, 1.000000000000000000 ),
 .UNSPECIFIED. ) ;
#2090 = CARTESIAN_POINT ( 'NONE',  ( -7.592422406486691422, 111.0000000000000142, -86.16412299226151106 ) ) ;
#2091 = CARTESIAN_POINT ( 'NONE',  ( 9.774786521385809834, 105.4999999999999858, -61.39651434789490736 ) ) ;
#2092 = ORIENTED_EDGE ( 'NONE', *, *, #5819, .T. ) ;
#2093 = DIRECTION ( 'NONE',  ( -0.9928535775496396543, 0.000000000000000000, -0.1193389020683599394 ) ) ;
#2094 = CARTESIAN_POINT ( 'NONE',  ( 11.99366533462113260, 105.4999999999999858, -80.61431988356720524 ) ) ;
#2095 = CARTESIAN_POINT ( 'NONE',  ( -9.586723778983101241, 105.4999999999999858, -61.66681428425850697 ) ) ;
#2096 = CARTESIAN_POINT ( 'NONE',  ( 3.119695238503663592, 110.9999999999999858, -84.10444140052969431 ) ) ;
#2097 = CARTESIAN_POINT ( 'NONE',  ( 12.97120147457200545, 105.4999999999999858, -66.45471216954554450 ) ) ;
#2098 = CARTESIAN_POINT ( 'NONE',  ( -13.84510978749381849, 105.4999999999999858, -68.84861699891440878 ) ) ;
#2099 = CARTESIAN_POINT ( 'NONE',  ( -4.555022691664293966, 110.9999999999999858, -58.66089327844824197 ) ) ;
#2100 = ORIENTED_EDGE ( 'NONE', *, *, #6037, .F. ) ;
#2101 = CARTESIAN_POINT ( 'NONE',  ( -4.758816829699381579, 105.4999999999999858, -86.42117152065148389 ) ) ;
#2102 = ORIENTED_EDGE ( 'NONE', *, *, #4058, .T. ) ;
#2103 = ADVANCED_FACE ( 'NONE', ( #1641 ), #5088, .F. ) ;
#2104 = CARTESIAN_POINT ( 'NONE',  ( 0.000000000000000000, 110.9999999999999858, -71.99999999999998579 ) ) ;
#2105 = CARTESIAN_POINT ( 'NONE',  ( 4.536970427965545838, 105.4999999999999858, -56.84391636746269683 ) ) ;
#2106 = DIRECTION ( 'NONE',  ( 0.000000000000000000, 1.000000000000000000, -0.000000000000000000 ) ) ;
#2107 = CARTESIAN_POINT ( 'NONE',  ( 14.42701580430001407, 105.4999999999999858, -68.85107475512803887 ) ) ;
#2108 = CARTESIAN_POINT ( 'NONE',  ( 12.88735155236122765, 105.4999999999999858, -77.96107790698466999 ) ) ;
#2109 = CARTESIAN_POINT ( 'NONE',  ( 8.470279130392340150, 105.4999999999999858, -58.34270782360218277 ) ) ;
#2110 = B_SPLINE_CURVE_WITH_KNOTS ( 'NONE', 4,
 ( #6459, #1642, #3804, #2237, #1711, #6634, #659, #6009, #2807, #1333, #5057, #4985, #6664, #6117, #161, #2919, #121, #3411, #3982 ),
 .UNSPECIFIED., .F., .F.,
 ( 5, 1, 1, 1, 1, 1, 1, 1, 1, 1, 1, 1, 1, 1, 1, 5 ),
 ( 0.000000000000000000, 0.01510380894618329473, 0.06983612823799767444, 0.1205638147985295117, 0.1479301470313329203, 0.1752962048027451036, 0.2026623067199501693, 0.2300286649678376372, 0.2573949849334067341, 0.2847606352807794949, 0.3120163113035102631, 0.3302610210450994122, 0.3483393403036955105, 0.3617874722637031693, 0.3714944117322120931, 0.3768711599805257828 ),
 .UNSPECIFIED. ) ;
#2111 = DIRECTION ( 'NONE',  ( 0.000000000000000000, 1.000000000000000000, 0.000000000000000000 ) ) ;
#2112 = CARTESIAN_POINT ( 'NONE',  ( 0.000000000000000000, 105.4999999999999858, -71.99999999999998579 ) ) ;
#2113 = EDGE_CURVE ( 'NONE', #1924, #3895, #853, .T. ) ;
#2114 = CARTESIAN_POINT ( 'NONE',  ( -10.50186873631333029, 105.4999999999999858, -58.82263912892114632 ) ) ;
#2115 = CARTESIAN_POINT ( 'NONE',  ( -13.66909548869403324, 105.4999999999999858, -78.10079351353077470 ) ) ;
#2116 = VERTEX_POINT ( 'NONE', #623 ) ;
#2117 = CARTESIAN_POINT ( 'NONE',  ( 0.6731895439051511776, 110.9999999999999858, -88.96004138859939303 ) ) ;
#2118 = EDGE_LOOP ( 'NONE', ( #5093, #179, #3352, #6407 ) ) ;
#2119 = CARTESIAN_POINT ( 'NONE',  ( 15.78566065600788271, 110.9999999999999858, -77.91392261000254393 ) ) ;
#2120 = CARTESIAN_POINT ( 'NONE',  ( 12.10196666174165614, 110.9999999999999858, -63.19055870716713486 ) ) ;
#2121 = EDGE_CURVE ( 'NONE', #6355, #6583, #4893, .T. ) ;
#2122 = DIRECTION ( 'NONE',  ( 0.000000000000000000, 0.000000000000000000, 1.000000000000000000 ) ) ;
#2123 = EDGE_LOOP ( 'NONE', ( #5290, #1820, #6780, #33 ) ) ;
#2124 = CARTESIAN_POINT ( 'NONE',  ( 7.560642406421475670, 110.9999999999999858, -86.81848255802965753 ) ) ;
#2125 = CYLINDRICAL_SURFACE ( 'NONE', #738, 16.99999999999860378 ) ;
#2126 = CARTESIAN_POINT ( 'NONE',  ( 6.922252736879210389, 110.9999999999999858, -59.60239148489939254 ) ) ;
#2127 = DIRECTION ( 'NONE',  ( 0.000000000000000000, 0.000000000000000000, 1.000000000000000000 ) ) ;
#2128 = CARTESIAN_POINT ( 'NONE',  ( 7.583626234826546408, 105.4999999999999858, -86.50419205345627915 ) ) ;
#2129 = CARTESIAN_POINT ( 'NONE',  ( -4.155439442360330915, 105.4999999999999858, -85.46893918953527702 ) ) ;
#2130 = CARTESIAN_POINT ( 'NONE',  ( -14.28918325238663734, 110.9999999999999858, -74.90163031562420315 ) ) ;
#2131 = ORIENTED_EDGE ( 'NONE', *, *, #1068, .F. ) ;
#2132 = CARTESIAN_POINT ( 'NONE',  ( 11.56014483841683393, 105.4999999999999858, -80.14063086802234182 ) ) ;
#2133 = VERTEX_POINT ( 'NONE', #2268 ) ;
#2134 = CARTESIAN_POINT ( 'NONE',  ( 0.000000000000000000, 105.4999999999999858, -71.99999999999998579 ) ) ;
#2135 = CARTESIAN_POINT ( 'NONE',  ( 4.555022691701712034, 111.0000000000000142, -58.66089327844745327 ) ) ;
#2136 = CARTESIAN_POINT ( 'NONE',  ( -12.69709083993543430, 110.9999999999999858, -81.85145381864320768 ) ) ;
#2137 = DIRECTION ( 'NONE',  ( 0.7724420150837614241, 0.000000000000000000, -0.6350852961085921011 ) ) ;
#2138 = CARTESIAN_POINT ( 'NONE',  ( 12.83006555374214130, 110.9999999999999858, -77.94106366752748727 ) ) ;
#2139 = DIRECTION ( 'NONE',  ( 1.000000000000000000, 0.000000000000000000, 6.383782391594650107E-16 ) ) ;
#2140 = CARTESIAN_POINT ( 'NONE',  ( -15.81629306544965097, 110.9999999999999858, -71.63142787911462506 ) ) ;
#2141 = CARTESIAN_POINT ( 'NONE',  ( -15.03960127451290596, 110.9999999999999858, -64.07469915374676361 ) ) ;
#2142 = CARTESIAN_POINT ( 'NONE',  ( 36.99363960252269834, 114.9999999999999858, -93.35828778282059659 ) ) ;
#2143 = CARTESIAN_POINT ( 'NONE',  ( -12.24479387384988094, 105.4999999999999858, -80.98229083440880061 ) ) ;
#2144 = CARTESIAN_POINT ( 'NONE',  ( -7.228840749649124042, 110.9999999999999858, -84.10057276607587085 ) ) ;
#2145 = CARTESIAN_POINT ( 'NONE',  ( -15.52760769215017156, 110.9999999999999858, -77.97027120649356391 ) ) ;
#2146 = ORIENTED_EDGE ( 'NONE', *, *, #5512, .T. ) ;
#2147 = LINE ( 'NONE', #536, #1303 ) ;
#2148 = ORIENTED_EDGE ( 'NONE', *, *, #6799, .T. ) ;
#2149 = EDGE_CURVE ( 'NONE', #6344, #2951, #6619, .T. ) ;
#2150 = FACE_OUTER_BOUND ( 'NONE', #6759, .T. ) ;
#2151 = CARTESIAN_POINT ( 'NONE',  ( -9.586723778983101241, 105.4999999999999858, -61.66681428425850697 ) ) ;
#2152 = CARTESIAN_POINT ( 'NONE',  ( 9.708160154912828688, 110.9999999999999858, -61.50402457835247816 ) ) ;
#2153 = VERTEX_POINT ( 'NONE', #6566 ) ;
#2154 = CARTESIAN_POINT ( 'NONE',  ( -12.18490139587479071, 105.4999999999999858, -83.85445814758146810 ) ) ;
#2155 = AXIS2_PLACEMENT_3D ( 'NONE', #4792, #2742, #1653 ) ;
#2156 = CARTESIAN_POINT ( 'NONE',  ( 27.68122796361759796, 112.4999999999999858, -68.54843108296071819 ) ) ;
#2157 = CARTESIAN_POINT ( 'NONE',  ( 7.773303275923859168, 105.4999999999999858, -81.78906309002609021 ) ) ;
#2158 = B_SPLINE_CURVE_WITH_KNOTS ( 'NONE', 3,
 ( #6263, #4690, #6842, #6776 ),
 .UNSPECIFIED., .F., .F.,
 ( 4, 4 ),
 ( 0.000000000000000000, 1.000000000000000000 ),
 .UNSPECIFIED. ) ;
#2159 = AXIS2_PLACEMENT_3D ( 'NONE', #5321, #4761, #6892 ) ;
#2160 = CARTESIAN_POINT ( 'NONE',  ( 13.24253798507802493, 105.4999999999999858, -66.28899770383252132 ) ) ;
#2161 = DIRECTION ( 'NONE',  ( 0.000000000000000000, 0.000000000000000000, 1.000000000000000000 ) ) ;
#2162 = CARTESIAN_POINT ( 'NONE',  ( -11.52562097703219912, 110.9999999999999858, -80.11418886548004537 ) ) ;
#2163 = ORIENTED_EDGE ( 'NONE', *, *, #4724, .T. ) ;
#2164 = B_SPLINE_SURFACE_WITH_KNOTS ( 'NONE', 4, 1, ( 
 ( #4831, #4181 ),
 ( #2051, #1594 ),
 ( #4217, #2 ),
 ( #4281, #3126 ),
 ( #541, #4736 ),
 ( #3756, #6863 ),
 ( #5892, #1069 ),
 ( #2615, #6351 ),
 ( #3091, #6381 ),
 ( #1531, #3723 ),
 ( #5857, #6411 ),
 ( #5364, #3222 ),
 ( #4801, #1030 ),
 ( #970, #2090 ),
 ( #4315, #2687 ),
 ( #2551, #5264 ),
 ( #6447, #3620 ),
 ( #435, #3690 ),
 ( #4768, #4709 ) ),
 .UNSPECIFIED., .F., .F., .F.,
 ( 5, 1, 1, 1, 1, 1, 1, 1, 1, 1, 1, 1, 1, 1, 1, 5 ),
 ( 2, 2 ),
 ( 0.000000000000000000, 0.005376748248313690560, 0.01508368771682262396, 0.02853181967683027578, 0.04661013893542635678, 0.06485484867701551970, 0.09211052469974630175, 0.1194761750471190764, 0.1468424950126881179, 0.1742088532605756135, 0.2015749551777806792, 0.2289410129491928625, 0.2563073451819962711, 0.3070350317425281084, 0.3617673510343424881, 0.3768711599805257828 ),
 ( 0.000000000000000000, 1.000000000000000000 ),
 .UNSPECIFIED. ) ;
#2165 = CARTESIAN_POINT ( 'NONE',  ( 11.52562097700145927, 105.4999999999999858, -80.11418886550141849 ) ) ;
#2166 = ORIENTED_EDGE ( 'NONE', *, *, #6484, .F. ) ;
#2167 = CARTESIAN_POINT ( 'NONE',  ( 9.714451465470119729E-14, 112.4999999999999858, -29.28342443435894182 ) ) ;
#2168 = DIRECTION ( 'NONE',  ( 0.000000000000000000, 1.000000000000000000, 0.000000000000000000 ) ) ;
#2169 = VECTOR ( 'NONE', #6578, 1000.000000000000000 ) ;
#2170 = EDGE_CURVE ( 'NONE', #1041, #2829, #6941, .T. ) ;
#2171 = DIRECTION ( 'NONE',  ( 0.000000000000000000, 1.000000000000000000, -0.000000000000000000 ) ) ;
#2172 = DIRECTION ( 'NONE',  ( 0.000000000000000000, 1.000000000000000000, 0.000000000000000000 ) ) ;
#2173 = CARTESIAN_POINT ( 'NONE',  ( 4.235701275184623249, 110.9999999999999858, -85.65550102898697560 ) ) ;
#2174 = DIRECTION ( 'NONE',  ( 0.000000000000000000, -1.000000000000000000, 0.000000000000000000 ) ) ;
#2175 = DIRECTION ( 'NONE',  ( 0.000000000000000000, 1.000000000000000000, 0.000000000000000000 ) ) ;
#2176 = FACE_OUTER_BOUND ( 'NONE', #3611, .T. ) ;
#2177 = CIRCLE ( 'NONE', #4766, 16.99999999999859668 ) ;
#2178 = DIRECTION ( 'NONE',  ( 0.000000000000000000, 1.000000000000000000, -0.000000000000000000 ) ) ;
#2179 = CARTESIAN_POINT ( 'NONE',  ( 10.22200870383495719, 105.4999999999999858, -64.10195061678923878 ) ) ;
#2180 = CIRCLE ( 'NONE', #3099, 16.99999999999860378 ) ;
#2181 = CARTESIAN_POINT ( 'NONE',  ( -10.50186873631333029, 110.9999999999999858, -58.82263912892114632 ) ) ;
#2182 = DIRECTION ( 'NONE',  ( 0.000000000000000000, -1.000000000000000000, 0.000000000000000000 ) ) ;
#2183 = ORIENTED_EDGE ( 'NONE', *, *, #6658, .T. ) ;
#2184 = CARTESIAN_POINT ( 'NONE',  ( 13.06318720347042905, 105.4999999999999858, -82.87902293806932619 ) ) ;
#2185 = DIRECTION ( 'NONE',  ( 0.000000000000000000, 1.000000000000000000, -0.000000000000000000 ) ) ;
#2186 = CIRCLE ( 'NONE', #6348, 12.50000000000007283 ) ;
#2187 = VERTEX_POINT ( 'NONE', #6214 ) ;
#2188 = AXIS2_PLACEMENT_3D ( 'NONE', #3622, #1495, #5627 ) ;
#2189 = DIRECTION ( 'NONE',  ( -0.9928535775496396543, 0.000000000000000000, -0.1193389020683602447 ) ) ;
#2190 = CIRCLE ( 'NONE', #5418, 10.49999999999999467 ) ;
#2191 = EDGE_CURVE ( 'NONE', #3161, #2412, #5901, .T. ) ;
#2192 = CIRCLE ( 'NONE', #4569, 26.49999999999995381 ) ;
#2193 = CARTESIAN_POINT ( 'NONE',  ( 10.42436958044680040, 110.9999999999999858, -83.33608724662467182 ) ) ;
#2194 = CARTESIAN_POINT ( 'NONE',  ( 1.285879139104722014E-15, 112.9999999999999858, -109.9999999999999858 ) ) ;
#2195 = VERTEX_POINT ( 'NONE', #932 ) ;
#2196 = CARTESIAN_POINT ( 'NONE',  ( 0.000000000000000000, 105.4999999999999858, -71.99999999999998579 ) ) ;
#2197 = DIRECTION ( 'NONE',  ( 0.000000000000000000, 1.000000000000000000, 0.000000000000000000 ) ) ;
#2198 = CARTESIAN_POINT ( 'NONE',  ( 6.922252736879210389, 105.4999999999999858, -59.60239148489939254 ) ) ;
#2199 = EDGE_CURVE ( 'NONE', #2650, #1366, #5337, .T. ) ;
#2200 = CARTESIAN_POINT ( 'NONE',  ( 7.249624935047140006, 105.4999999999999858, -84.13877085687494173 ) ) ;
#2201 = CARTESIAN_POINT ( 'NONE',  ( -13.84510978749381849, 111.0000000000000142, -68.84861699891440878 ) ) ;
#2202 = CARTESIAN_POINT ( 'NONE',  ( -4.558475950859881110, 110.9999999999999858, -58.64999693552111637 ) ) ;
#2203 = ORIENTED_EDGE ( 'NONE', *, *, #3545, .T. ) ;
#2204 = CARTESIAN_POINT ( 'NONE',  ( -4.590925677246893599, 110.9999999999999858, -60.37359034671511893 ) ) ;
#2205 = ORIENTED_EDGE ( 'NONE', *, *, #6375, .T. ) ;
#2206 = CARTESIAN_POINT ( 'NONE',  ( 0.000000000000000000, 105.4999999999999858, -71.99999999999998579 ) ) ;
#2207 = EDGE_CURVE ( 'NONE', #983, #3224, #5850, .T. ) ;
#2208 = CARTESIAN_POINT ( 'NONE',  ( 4.631706060474517272, 105.4999999999999858, -58.17438914629083513 ) ) ;
#2209 = CARTESIAN_POINT ( 'NONE',  ( 9.586723779017560787, 105.4999999999999858, -61.66681428427300915 ) ) ;
#2210 = SURFACE_STYLE_USAGE ( .BOTH. , #3992 ) ;
#2211 = CARTESIAN_POINT ( 'NONE',  ( 6.283281050849531368, 110.9999999999999858, -87.76757962723074513 ) ) ;
#2212 = CARTESIAN_POINT ( 'NONE',  ( 0.000000000000000000, 110.9999999999999858, 0.000000000000000000 ) ) ;
#2213 = CARTESIAN_POINT ( 'NONE',  ( -16.06270153686323710, 110.9999999999999858, -71.49316918413724409 ) ) ;
#2214 = CARTESIAN_POINT ( 'NONE',  ( -16.96286969065801387, 105.4999999999999858, -70.87703434704887684 ) ) ;
#2215 = VERTEX_POINT ( 'NONE', #4645 ) ;
#2216 = EDGE_CURVE ( 'NONE', #1402, #6746, #4605, .T. ) ;
#2217 = CARTESIAN_POINT ( 'NONE',  ( 15.52760769214744663, 105.4999999999999858, -77.97027120650700738 ) ) ;
#2218 = DIRECTION ( 'NONE',  ( 0.000000000000000000, -1.000000000000000000, 0.000000000000000000 ) ) ;
#2219 = DIRECTION ( 'NONE',  ( 0.000000000000000000, 0.000000000000000000, 1.000000000000000000 ) ) ;
#2220 = CARTESIAN_POINT ( 'NONE',  ( -12.55069571235209835, 105.4999999999999858, -68.94243836740969300 ) ) ;
#2221 = ORIENTED_EDGE ( 'NONE', *, *, #3834, .T. ) ;
#2222 = B_SPLINE_CURVE_WITH_KNOTS ( 'NONE', 4,
 ( #875, #5660, #4713, #6837, #306, #2484, #2026, #3557, #1923, #5796, #3028, #3594, #5167, #4156, #5197, #3624, #5135, #4085, #905 ),
 .UNSPECIFIED., .F., .F.,
 ( 5, 1, 1, 1, 1, 1, 1, 1, 1, 1, 1, 1, 1, 1, 1, 5 ),
 ( 0.000000000000000000, 0.005376748248313690560, 0.01508368771682262223, 0.02853181967683027578, 0.04661013893542635678, 0.06485484867701551970, 0.09211052469974631562, 0.1194761750471190626, 0.1468424950126881179, 0.1742088532605756135, 0.2015749551777806792, 0.2289410129491928625, 0.2563073451819962711, 0.3070350317425281084, 0.3617673510343424326, 0.3768711599805257828 ),
 .UNSPECIFIED. ) ;
#2223 = CARTESIAN_POINT ( 'NONE',  ( 1.518223395023204247, 110.9999999999999858, -87.10998091890850503 ) ) ;
#2224 = CARTESIAN_POINT ( 'NONE',  ( -4.590925677243040681, 105.4999999999999858, -60.37359034671361968 ) ) ;
#2225 = VERTEX_POINT ( 'NONE', #4539 ) ;
#2226 = CARTESIAN_POINT ( 'NONE',  ( 3.119695238503663592, 105.4999999999999858, -84.10444140052969431 ) ) ;
#2227 = B_SPLINE_SURFACE_WITH_KNOTS ( 'NONE', 4, 1, ( 
 ( #256, #1810 ),
 ( #1173, #5473 ),
 ( #5783, #2506 ),
 ( #4731, #6275 ),
 ( #4671, #1456 ),
 ( #6793, #1946 ),
 ( #3579, #431 ),
 ( #5719, #3542 ),
 ( #4146, #3614 ),
 ( #6205, #5748 ),
 ( #1982, #2577 ),
 ( #6827, #964 ),
 ( #1388, #3645 ),
 ( #4074, #5645 ),
 ( #6858, #5222 ),
 ( #2442, #923 ),
 ( #4704, #3120 ),
 ( #1425, #1488 ),
 ( #5686, #2046 ) ),
 .UNSPECIFIED., .F., .F., .F.,
 ( 5, 1, 1, 1, 1, 1, 1, 1, 1, 1, 1, 1, 1, 1, 1, 5 ),
 ( 2, 2 ),
 ( 0.000000000000000000, 0.01510380894618329473, 0.06983612823799767444, 0.1205638147985295117, 0.1479301470313329203, 0.1752962048027451036, 0.2026623067199501693, 0.2300286649678376649, 0.2573949849334067341, 0.2847606352807794949, 0.3120163113035102631, 0.3302610210450994122, 0.3483393403036955105, 0.3617874722637031693, 0.3714944117322120931, 0.3768711599805257828 ),
 ( 0.000000000000000000, 1.000000000000000000 ),
 .UNSPECIFIED. ) ;
#2228 = EDGE_CURVE ( 'NONE', #2911, #6201, #2301, .T. ) ;
#2229 = FACE_OUTER_BOUND ( 'NONE', #6025, .T. ) ;
#2230 = CARTESIAN_POINT ( 'NONE',  ( -12.57900862091512195, 110.9999999999999858, -81.59476491924847608 ) ) ;
#2231 = VERTEX_POINT ( 'NONE', #800 ) ;
#2232 = CARTESIAN_POINT ( 'NONE',  ( -8.769185662234145084, 105.4999999999999858, -58.18029100109241369 ) ) ;
#2233 = CARTESIAN_POINT ( 'NONE',  ( -4.605154744841790659, 105.4999999999999858, -57.30418750158326446 ) ) ;
#2234 = CARTESIAN_POINT ( 'NONE',  ( 9.638698607694497156, 105.4999999999999858, -64.04101205240085903 ) ) ;
#2235 = CARTESIAN_POINT ( 'NONE',  ( 13.24253798507802493, 111.0000000000000000, -66.28899770383252132 ) ) ;
#2236 = CARTESIAN_POINT ( 'NONE',  ( -16.66286363734568354, 111.0000000000000142, -69.49379532267417403 ) ) ;
#2237 = CARTESIAN_POINT ( 'NONE',  ( -14.82677370415269280, 105.4999999999999858, -64.45562988406226168 ) ) ;
#2238 = EDGE_LOOP ( 'NONE', ( #6798, #2657, #4328, #1420 ) ) ;
#2239 = CARTESIAN_POINT ( 'NONE',  ( -5.704278851339863010, 110.9999999999999858, -87.34093141824349971 ) ) ;
#2240 = VERTEX_POINT ( 'NONE', #1400 ) ;
#2241 = CARTESIAN_POINT ( 'NONE',  ( 4.173811205969065519, 110.9999999999999858, -55.52033677477358253 ) ) ;
#2242 = ADVANCED_FACE ( 'NONE', ( #5090 ), #268, .T. ) ;
#2243 = CARTESIAN_POINT ( 'NONE',  ( -12.96079323226404156, 105.4999999999999858, -66.45943697436599962 ) ) ;
#2244 = CARTESIAN_POINT ( 'NONE',  ( -1.655986041169616341, 110.9999999999999858, -86.48647392363950814 ) ) ;
#2245 = DIRECTION ( 'NONE',  ( -0.000000000000000000, -1.000000000000000000, 0.000000000000000000 ) ) ;
#2246 = CARTESIAN_POINT ( 'NONE',  ( 9.453951628364910320, 105.4999999999999858, -57.87120675328252872 ) ) ;
#2247 = CARTESIAN_POINT ( 'NONE',  ( -1.684686988164369348, 105.4999999999999858, -86.19773585460632148 ) ) ;
#2248 = CARTESIAN_POINT ( 'NONE',  ( -23.81569860407218542, 112.4999999999999858, -58.24999999999938183 ) ) ;
#2249 = CARTESIAN_POINT ( 'NONE',  ( -6.907869425497703553, 105.4999999999999858, -82.41783758753580003 ) ) ;
#2250 = DIRECTION ( 'NONE',  ( 0.9928535775496396543, 0.000000000000000000, 0.1193389020683599394 ) ) ;
#2251 = CARTESIAN_POINT ( 'NONE',  ( 0.9704643517035628220, 110.9999999999999858, -59.11874055292004471 ) ) ;
#2252 = CARTESIAN_POINT ( 'NONE',  ( -12.18490139587479071, 105.4999999999999858, -83.85445814758146810 ) ) ;
#2253 = CARTESIAN_POINT ( 'NONE',  ( 15.60980656596050054, 110.9999999999999858, -71.73847488236818037 ) ) ;
#2254 = ORIENTED_EDGE ( 'NONE', *, *, #4383, .T. ) ;
#2255 = CARTESIAN_POINT ( 'NONE',  ( -4.169918821272929677, 105.4999999999999858, -85.50994436104630836 ) ) ;
#2256 = CARTESIAN_POINT ( 'NONE',  ( -4.555022691664293966, 110.9999999999999858, -58.66089327844824197 ) ) ;
#2257 = ORIENTED_EDGE ( 'NONE', *, *, #6144, .T. ) ;
#2258 = CARTESIAN_POINT ( 'NONE',  ( 4.155439442330526312, 105.4999999999999858, -85.46893918955788649 ) ) ;
#2259 = EDGE_CURVE ( 'NONE', #3217, #3138, #3316, .T. ) ;
#2260 = CARTESIAN_POINT ( 'NONE',  ( -1.682128284694977438, 105.4999999999999858, -85.99465770516428620 ) ) ;
#2261 = CARTESIAN_POINT ( 'NONE',  ( 14.29605691402096745, 105.4999999999999858, -72.19139058581576762 ) ) ;
#2262 = ORIENTED_EDGE ( 'NONE', *, *, #3691, .F. ) ;
#2263 = CARTESIAN_POINT ( 'NONE',  ( 0.8797706761290019495, 105.4999999999999858, -88.61254774193008643 ) ) ;
#2264 = CARTESIAN_POINT ( 'NONE',  ( 6.125843526397059868, 105.4999999999999858, -60.62710735604116508 ) ) ;
#2265 = ADVANCED_FACE ( 'NONE', ( #6183 ), #742, .T. ) ;
#2266 = CARTESIAN_POINT ( 'NONE',  ( -6.942197780742889179, 105.4999999999999858, -83.59566991460100382 ) ) ;
#2267 = CARTESIAN_POINT ( 'NONE',  ( 13.05326555943409339, 111.0000000000000000, -66.41157105420670348 ) ) ;
#2268 = CARTESIAN_POINT ( 'NONE',  ( 1.682128284694953013, 105.4999999999999858, -85.99465770516425778 ) ) ;
#2269 = CARTESIAN_POINT ( 'NONE',  ( -9.820809144283440872, 105.4999999999999858, -83.02752116147927097 ) ) ;
#2270 = ORIENTED_EDGE ( 'NONE', *, *, #5017, .T. ) ;
#2271 = CARTESIAN_POINT ( 'NONE',  ( 0.000000000000000000, 105.4999999999999858, -71.99999999999998579 ) ) ;
#2272 = ORIENTED_EDGE ( 'NONE', *, *, #1314, .F. ) ;
#2273 = DIRECTION ( 'NONE',  ( 0.000000000000000000, 1.000000000000000000, 0.000000000000000000 ) ) ;
#2274 = DIRECTION ( 'NONE',  ( 0.000000000000000000, 1.000000000000000000, -0.000000000000000000 ) ) ;
#2275 = DIRECTION ( 'NONE',  ( 0.000000000000000000, 0.000000000000000000, 1.000000000000000000 ) ) ;
#2276 = CIRCLE ( 'NONE', #2507, 12.50000000000000178 ) ;
#2277 = DIRECTION ( 'NONE',  ( 0.000000000000000000, 1.000000000000000000, -0.000000000000000000 ) ) ;
#2278 = EDGE_CURVE ( 'NONE', #6294, #2187, #4610, .T. ) ;
#2279 = CARTESIAN_POINT ( 'NONE',  ( 13.45705252280094122, 105.4999999999999858, -78.07965892252398987 ) ) ;
#2280 = CARTESIAN_POINT ( 'NONE',  ( -1.578216621895686345, 110.9999999999999858, -86.88533121124497427 ) ) ;
#2281 = CARTESIAN_POINT ( 'NONE',  ( -15.60980656595232929, 110.9999999999999858, -71.73847488234609671 ) ) ;
#2282 = CARTESIAN_POINT ( 'NONE',  ( 12.89021176383545608, 110.9999999999999858, -82.34580548203143735 ) ) ;
#2283 = ORIENTED_EDGE ( 'NONE', *, *, #3978, .F. ) ;
#2284 = FACE_OUTER_BOUND ( 'NONE', #2432, .T. ) ;
#2285 = CARTESIAN_POINT ( 'NONE',  ( -11.99366533464750972, 105.4999999999999858, -80.61431988354991063 ) ) ;
#2286 = CARTESIAN_POINT ( 'NONE',  ( -9.423698307941455354, 105.4999999999999858, -82.75210601909259367 ) ) ;
#2287 = AXIS2_PLACEMENT_3D ( 'NONE', #1656, #5918, #2250 ) ;
#2288 = CARTESIAN_POINT ( 'NONE',  ( -5.568177290555279768, 105.4999999999999858, -60.80869079772411823 ) ) ;
#2289 = ORIENTED_EDGE ( 'NONE', *, *, #927, .T. ) ;
#2290 = LINE ( 'NONE', #5113, #2503 ) ;
#2291 = LINE ( 'NONE', #2224, #1750 ) ;
#2292 = ORIENTED_EDGE ( 'NONE', *, *, #1847, .T. ) ;
#2293 = VECTOR ( 'NONE', #5909, 1000.000000000000000 ) ;
#2294 = DIRECTION ( 'NONE',  ( 0.000000000000000000, -1.000000000000000000, 0.000000000000000000 ) ) ;
#2295 = EDGE_CURVE ( 'NONE', #79, #5060, #2876, .T. ) ;
#2296 = AXIS2_PLACEMENT_3D ( 'NONE', #5411, #3209, #4889 ) ;
#2297 = CARTESIAN_POINT ( 'NONE',  ( -12.55069571235209835, 110.9999999999999858, -68.94243836740969300 ) ) ;
#2298 = VECTOR ( 'NONE', #4469, 1000.000000000000000 ) ;
#2299 = DIRECTION ( 'NONE',  ( -0.000000000000000000, -1.000000000000000000, 0.000000000000000000 ) ) ;
#2300 = CARTESIAN_POINT ( 'NONE',  ( -11.87361907961623864, 110.9999999999999858, -80.46270562296771800 ) ) ;
#2302 = VERTEX_POINT ( 'NONE', #4120 ) ;
#2301 = CIRCLE ( 'NONE', #6574, 16.99999999999859668 ) ;
#2303 = ADVANCED_FACE ( 'NONE', ( #6254 ), #5424, .T. ) ;
#2304 = CARTESIAN_POINT ( 'NONE',  ( -8.227339352527028637, 105.4999999999999858, -58.48697447204885691 ) ) ;
#2305 = CARTESIAN_POINT ( 'NONE',  ( 6.571045829583094466, 110.9999999999999858, -60.19004540650072244 ) ) ;
#2306 = AXIS2_PLACEMENT_3D ( 'NONE', #3374, #6697, #1885 ) ;
#2307 = CARTESIAN_POINT ( 'NONE',  ( 16.82566797711336193, 105.4999999999999858, -69.57164724063930805 ) ) ;
#2308 = CIRCLE ( 'NONE', #6247, 12.49999999999999822 ) ;
#2309 = AXIS2_PLACEMENT_3D ( 'NONE', #2248, #5982, #5456 ) ;
#2310 = CARTESIAN_POINT ( 'NONE',  ( 13.68018328363388925, 111.0000000000000000, -65.92411008161957398 ) ) ;
#2311 = CARTESIAN_POINT ( 'NONE',  ( -15.09667704849458580, 105.4999999999999858, -68.95620347160195251 ) ) ;
#2312 = B_SPLINE_CURVE_WITH_KNOTS ( 'NONE', 3,
 ( #5966, #5829, #3160, #1139 ),
 .UNSPECIFIED., .F., .F.,
 ( 4, 4 ),
 ( 0.000000000000000000, 1.000000000000000000 ),
 .UNSPECIFIED. ) ;
#2313 = CARTESIAN_POINT ( 'NONE',  ( -10.63935037053611410, 105.4999999999999858, -83.42535251563752752 ) ) ;
#2314 = ORIENTED_EDGE ( 'NONE', *, *, #553, .F. ) ;
#2315 = CARTESIAN_POINT ( 'NONE',  ( -14.86850930407208971, 110.9999999999999858, -68.91067050612954858 ) ) ;
#2316 = ORIENTED_EDGE ( 'NONE', *, *, #3062, .T. ) ;
#2317 = CARTESIAN_POINT ( 'NONE',  ( 0.000000000000000000, 105.4999999999999858, -71.99999999999998579 ) ) ;
#2318 = DIRECTION ( 'NONE',  ( 0.000000000000000000, -1.000000000000000000, 0.000000000000000000 ) ) ;
#2319 = CARTESIAN_POINT ( 'NONE',  ( 4.169918821243484786, 105.4999999999999858, -85.50994436106878993 ) ) ;
#2320 = B_SPLINE_CURVE_WITH_KNOTS ( 'NONE', 3,
 ( #3054, #3744, #1918, #4676 ),
 .UNSPECIFIED., .F., .F.,
 ( 4, 4 ),
 ( 0.000000000000000000, 1.000000000000000000 ),
 .UNSPECIFIED. ) ;
#2321 = DIRECTION ( 'NONE',  ( 0.000000000000000000, -1.000000000000000000, 0.000000000000000000 ) ) ;
#2322 = CARTESIAN_POINT ( 'NONE',  ( -8.882880340531091434, 110.9999999999999858, -82.18568150153937779 ) ) ;
#2323 = DIRECTION ( 'NONE',  ( 0.000000000000000000, -1.000000000000000000, 0.000000000000000000 ) ) ;
#2324 = CARTESIAN_POINT ( 'NONE',  ( -13.82951663050654290, 110.9999999999999858, -74.72478799495083024 ) ) ;
#2325 = EDGE_CURVE ( 'NONE', #1984, #2685, #3360, .T. ) ;
#2326 = CARTESIAN_POINT ( 'NONE',  ( 13.05421872552177120, 110.9999999999999858, -82.84820545211320564 ) ) ;
#2327 = VERTEX_POINT ( 'NONE', #2651 ) ;
#2328 = DIRECTION ( 'NONE',  ( 0.000000000000000000, 1.000000000000000000, 0.000000000000000000 ) ) ;
#2329 = CARTESIAN_POINT ( 'NONE',  ( 8.923273903637747750, 110.9999999999999858, -62.65955949423158700 ) ) ;
#2330 = DIRECTION ( 'NONE',  ( 0.000000000000000000, 1.000000000000000000, -0.000000000000000000 ) ) ;
#2331 = CARTESIAN_POINT ( 'NONE',  ( 13.84510978748899213, 105.4999999999999858, -68.84861699895066067 ) ) ;
#2332 = EDGE_LOOP ( 'NONE', ( #6070, #3508, #2887, #2970 ) ) ;
#2333 = CARTESIAN_POINT ( 'NONE',  ( 7.513259550783662810, 105.4999999999999858, -87.21995791674800103 ) ) ;
#2334 = ORIENTED_EDGE ( 'NONE', *, *, #2938, .T. ) ;
#2335 = CARTESIAN_POINT ( 'NONE',  ( -7.839667027576900260, 105.4999999999999858, -58.74428515282728824 ) ) ;
#2336 = EDGE_CURVE ( 'NONE', #124, #1892, #2147, .T. ) ;
#2337 = CARTESIAN_POINT ( 'NONE',  ( -13.29290619786284289, 110.9999999999999858, -62.96861566794700593 ) ) ;
#2338 = CARTESIAN_POINT ( 'NONE',  ( 28.20834560355562459, 112.4999999999999858, -69.95276259427353693 ) ) ;
#2339 = CARTESIAN_POINT ( 'NONE',  ( -9.820809144283440872, 110.9999999999999858, -83.02752116147927097 ) ) ;
#2340 = ORIENTED_EDGE ( 'NONE', *, *, #4601, .F. ) ;
#2341 = CARTESIAN_POINT ( 'NONE',  ( 1.655986041169590139, 105.4999999999999858, -86.48647392363950814 ) ) ;
#2342 = CARTESIAN_POINT ( 'NONE',  ( -15.81706902147349680, 105.4999999999999858, -69.15613191086930556 ) ) ;
#2343 = LINE ( 'NONE', #2307, #5238 ) ;
#2344 = EDGE_CURVE ( 'NONE', #450, #1984, #992, .T. ) ;
#2345 = CARTESIAN_POINT ( 'NONE',  ( -16.82566797711224993, 105.4999999999999858, -69.57164724063171946 ) ) ;
#2346 = CARTESIAN_POINT ( 'NONE',  ( -15.54729956731755891, 105.4999999999999858, -69.07212570201757273 ) ) ;
#2347 = CARTESIAN_POINT ( 'NONE',  ( -10.42436958045855455, 110.9999999999999858, -83.33608724660189182 ) ) ;
#2348 = ORIENTED_EDGE ( 'NONE', *, *, #5451, .T. ) ;
#2349 = CARTESIAN_POINT ( 'NONE',  ( -14.07028120408034333, 110.9999999999999858, -68.83652938196551929 ) ) ;
#2350 = VERTEX_POINT ( 'NONE', #4828 ) ;
#2351 = B_SPLINE_CURVE_WITH_KNOTS ( 'NONE', 3,
 ( #5811, #6850, #1386, #3707 ),
 .UNSPECIFIED., .F., .F.,
 ( 4, 4 ),
 ( 0.000000000000000000, 1.000000000000000000 ),
 .UNSPECIFIED. ) ;
#2352 = DIRECTION ( 'NONE',  ( 0.000000000000000000, 1.000000000000000000, -0.000000000000000000 ) ) ;
#2353 = CARTESIAN_POINT ( 'NONE',  ( -14.09382379057604950, 105.4999999999999858, -72.21007334604077244 ) ) ;
#2354 = CARTESIAN_POINT ( 'NONE',  ( 5.704278851326367139, 110.9999999999999858, -87.34093141825260886 ) ) ;
#2355 = ADVANCED_FACE ( 'NONE', ( #6514 ), #3476, .F. ) ;
#2356 = SURFACE_STYLE_FILL_AREA ( #64 ) ;
#2357 = CARTESIAN_POINT ( 'NONE',  ( 9.940557158858839060, 105.4999999999999858, -61.08030043512599150 ) ) ;
#2358 = CARTESIAN_POINT ( 'NONE',  ( -1.675395922980892793, 105.4999999999999858, -86.32387545374234605 ) ) ;
#2359 = CARTESIAN_POINT ( 'NONE',  ( -13.92992009983567137, 105.4999999999999858, -74.75238185204786134 ) ) ;
#2360 = DIRECTION ( 'NONE',  ( 0.000000000000000000, -1.000000000000000000, 0.000000000000000000 ) ) ;
#2361 = ORIENTED_EDGE ( 'NONE', *, *, #1701, .T. ) ;
#2362 = DIRECTION ( 'NONE',  ( -0.9928535775496396543, 0.000000000000000000, -0.1193389020683602447 ) ) ;
#2363 = CARTESIAN_POINT ( 'NONE',  ( -16.82976034687726852, 110.9999999999999858, -49.75313783407823820 ) ) ;
#2364 = DIRECTION ( 'NONE',  ( -1.000000000000000000, 0.000000000000000000, 0.000000000000000000 ) ) ;
#2365 = CARTESIAN_POINT ( 'NONE',  ( 14.07028120407541749, 105.4999999999999858, -68.83652938199981008 ) ) ;
#2366 = ORIENTED_EDGE ( 'NONE', *, *, #2837, .T. ) ;
#2367 = CARTESIAN_POINT ( 'NONE',  ( 4.352716925803076009, 105.4999999999999858, -59.83766053076262637 ) ) ;
#2368 = CARTESIAN_POINT ( 'NONE',  ( 1.625629393373777987, 110.9999999999999858, -85.41681779971440847 ) ) ;
#2369 = CARTESIAN_POINT ( 'NONE',  ( -11.56714206209304585, 110.9999999999999858, -63.38712684242815953 ) ) ;
#2370 = VERTEX_POINT ( 'NONE', #2184 ) ;
#2371 = CARTESIAN_POINT ( 'NONE',  ( 16.35281189707958305, 105.4999999999999858, -71.31551694546004683 ) ) ;
#2372 = EDGE_CURVE ( 'NONE', #4844, #6962, #3218, .T. ) ;
#2373 = CARTESIAN_POINT ( 'NONE',  ( -12.33121320084094741, 112.4999999999999858, -97.45276259427345167 ) ) ;
#2374 = ORIENTED_EDGE ( 'NONE', *, *, #683, .T. ) ;
#2375 = CARTESIAN_POINT ( 'NONE',  ( 6.864983040961222471, 105.4999999999999858, -59.68935388788065666 ) ) ;
#2376 = CARTESIAN_POINT ( 'NONE',  ( 11.60612067753405086, 110.9999999999999858, -80.18023487837866980 ) ) ;
#2377 = DIRECTION ( 'NONE',  ( 0.000000000000000000, 1.000000000000000000, 0.000000000000000000 ) ) ;
#2378 = DIRECTION ( 'NONE',  ( 0.000000000000000000, -1.000000000000000000, 0.000000000000000000 ) ) ;
#2379 = CARTESIAN_POINT ( 'NONE',  ( -10.21301439205561401, 110.9999999999999858, -83.23881055425104591 ) ) ;
#2380 = VERTEX_POINT ( 'NONE', #34 ) ;
#2381 = CARTESIAN_POINT ( 'NONE',  ( -14.42701580430481911, 110.9999999999999858, -68.85107475509688868 ) ) ;
#2382 = ORIENTED_EDGE ( 'NONE', *, *, #4596, .F. ) ;
#2383 = DIRECTION ( 'NONE',  ( 0.000000000000000000, -1.000000000000000000, 0.000000000000000000 ) ) ;
#2384 = EDGE_CURVE ( 'NONE', #4176, #6353, #2190, .T. ) ;
#2385 = CARTESIAN_POINT ( 'NONE',  ( 4.169918821243484786, 110.9999999999999858, -85.50994436106878993 ) ) ;
#2386 = CARTESIAN_POINT ( 'NONE',  ( -12.88735155236404140, 110.9999999999999858, -77.96107790694827600 ) ) ;
#2387 = VECTOR ( 'NONE', #4822, 1000.000000000000000 ) ;
#2388 = DIRECTION ( 'NONE',  ( 1.000000000000000000, 0.000000000000000000, 2.775557561562891351E-16 ) ) ;
#2389 = DIRECTION ( 'NONE',  ( -0.9928535775496396543, 0.000000000000000000, -0.1193389020683602447 ) ) ;
#2390 = CARTESIAN_POINT ( 'NONE',  ( -1.264283200091607995, 110.9999999999999858, -57.96142500675897935 ) ) ;
#2391 = CYLINDRICAL_SURFACE ( 'NONE', #6543, 16.99999999999860378 ) ;
#2392 = VERTEX_POINT ( 'NONE', #3824 ) ;
#2393 = B_SPLINE_SURFACE_WITH_KNOTS ( 'NONE', 4, 1, ( 
 ( #6237, #3077 ),
 ( #1484, #6303 ),
 ( #359, #6372 ),
 ( #3612, #3682 ),
 ( #1942, #5817 ),
 ( #3539, #393 ),
 ( #5715, #3013 ),
 ( #3117, #894 ),
 ( #5217, #6824 ),
 ( #1421, #5680 ),
 ( #6335, #860 ),
 ( #5779, #5154 ),
 ( #2471, #957 ),
 ( #4632, #993 ),
 ( #2574, #6753 ),
 ( #4103, #2502 ),
 ( #2543, #1980 ),
 ( #2013, #4173 ),
 ( #3640, #5254 ) ),
 .UNSPECIFIED., .F., .F., .F.,
 ( 5, 1, 1, 1, 1, 1, 1, 1, 1, 1, 1, 1, 1, 1, 1, 5 ),
 ( 2, 2 ),
 ( 0.000000000000000000, 0.005376748248313690560, 0.01508368771682262396, 0.02853181967683027578, 0.04661013893542635678, 0.06485484867701551970, 0.09211052469974630175, 0.1194761750471190764, 0.1468424950126881179, 0.1742088532605756135, 0.2015749551777806792, 0.2289410129491928625, 0.2563073451819962711, 0.3070350317425281084, 0.3617673510343424881, 0.3768711599805257828 ),
 ( 0.000000000000000000, 1.000000000000000000 ),
 .UNSPECIFIED. ) ;
#2394 = DIRECTION ( 'NONE',  ( 0.9928535775496396543, 0.000000000000000000, 0.1193389020683599394 ) ) ;
#2395 = EDGE_CURVE ( 'NONE', #5060, #1452, #816, .T. ) ;
#2396 = CIRCLE ( 'NONE', #596, 12.50000000000000178 ) ;
#2397 = DIRECTION ( 'NONE',  ( 0.000000000000000000, 0.000000000000000000, 1.000000000000000000 ) ) ;
#2398 = CARTESIAN_POINT ( 'NONE',  ( -1.770307243963639809, 111.0000000000000000, -56.70162206393103332 ) ) ;
#2399 = CARTESIAN_POINT ( 'NONE',  ( 14.42053432646894429, 110.9999999999999858, -72.16896523960468812 ) ) ;
#2400 = ORIENTED_EDGE ( 'NONE', *, *, #2912, .F. ) ;
#2401 = CARTESIAN_POINT ( 'NONE',  ( 1.285879139104722803E-15, 114.9999999999999858, -109.9999999999999858 ) ) ;
#2402 = AXIS2_PLACEMENT_3D ( 'NONE', #721, #4496, #3906 ) ;
#2403 = EDGE_CURVE ( 'NONE', #1217, #3487, #1877, .T. ) ;
#2404 = CARTESIAN_POINT ( 'NONE',  ( 15.81706902147136518, 110.9999999999999858, -69.15613191088834810 ) ) ;
#2405 = TOROIDAL_SURFACE ( 'NONE', #147, 10.49999999999999645, 2.000000000000000000 ) ;
#2406 = CARTESIAN_POINT ( 'NONE',  ( -12.96079323226404156, 110.9999999999999858, -66.45943697436599962 ) ) ;
#2407 = ORIENTED_EDGE ( 'NONE', *, *, #5440, .T. ) ;
#2408 = CYLINDRICAL_SURFACE ( 'NONE', #5319, 24.99999999999996092 ) ;
#2409 = EDGE_CURVE ( 'NONE', #2380, #93, #1320, .T. ) ;
#2410 = CARTESIAN_POINT ( 'NONE',  ( -13.01210508687313983, 105.4999999999999858, -82.70594263433149251 ) ) ;
#2411 = AXIS2_PLACEMENT_3D ( 'NONE', #3683, #460, #5256 ) ;
#2412 = VERTEX_POINT ( 'NONE', #2828 ) ;
#2413 = CARTESIAN_POINT ( 'NONE',  ( 1.339316662334558927, 105.4999999999999858, -57.64080119259077151 ) ) ;
#2414 = CARTESIAN_POINT ( 'NONE',  ( 7.773303275923859168, 110.9999999999999858, -81.78906309002609021 ) ) ;
#2415 = CARTESIAN_POINT ( 'NONE',  ( -12.43211974916862061, 110.9999999999999858, -66.69942745193246481 ) ) ;
#2416 = CARTESIAN_POINT ( 'NONE',  ( 23.81569860407268990, 114.9999999999999858, -58.24999999999947420 ) ) ;
#2417 = CYLINDRICAL_SURFACE ( 'NONE', #612, 12.50000000000012967 ) ;
#2418 = VERTEX_POINT ( 'NONE', #4599 ) ;
#2419 = CARTESIAN_POINT ( 'NONE',  ( -7.452998935136002423, 105.4999999999999858, -84.74783597668681523 ) ) ;
#2420 = VERTEX_POINT ( 'NONE', #6172 ) ;
#2421 = CIRCLE ( 'NONE', #284, 1.499999999999998890 ) ;
#2422 = CARTESIAN_POINT ( 'NONE',  ( 12.32651562896671926, 110.9999999999999858, -63.13018951185991767 ) ) ;
#2423 = AXIS2_PLACEMENT_3D ( 'NONE', #4739, #5267, #439 ) ;
#2424 = EDGE_CURVE ( 'NONE', #4035, #3323, #4694, .T. ) ;
#2425 = CARTESIAN_POINT ( 'NONE',  ( 4.379361247868303941, 110.9999999999999858, -85.90760265356703940 ) ) ;
#2426 = CARTESIAN_POINT ( 'NONE',  ( 1.281230874829494937, 110.9999999999999858, -57.85868721467801379 ) ) ;
#2427 = LINE ( 'NONE', #414, #5322 ) ;
#2428 = CARTESIAN_POINT ( 'NONE',  ( 4.235701275184623249, 105.4999999999999858, -85.65550102898697560 ) ) ;
#2429 = CARTESIAN_POINT ( 'NONE',  ( -14.28918325238663734, 105.4999999999999858, -74.90163031562420315 ) ) ;
#2430 = VECTOR ( 'NONE', #858, 1000.000000000000000 ) ;
#2431 = CARTESIAN_POINT ( 'NONE',  ( -10.54796902411511361, 110.9999999999999858, -78.70748458561834582 ) ) ;
#2432 = EDGE_LOOP ( 'NONE', ( #3519, #5809, #6062, #3029 ) ) ;
#2433 = EDGE_CURVE ( 'NONE', #6815, #3138, #707, .T. ) ;
#2434 = CARTESIAN_POINT ( 'NONE',  ( -6.864983040936785130, 110.9999999999999858, -59.68935388785236285 ) ) ;
#2435 = CARTESIAN_POINT ( 'NONE',  ( -16.96286969065801387, 105.4999999999999858, -70.87703434704887684 ) ) ;
#2436 = CARTESIAN_POINT ( 'NONE',  ( -11.27866494759071081, 105.4999999999999858, -63.54590532044537809 ) ) ;
#2437 = CARTESIAN_POINT ( 'NONE',  ( -14.88015469112137446, 105.4999999999999858, -78.07027631220810804 ) ) ;
#2438 = VERTEX_POINT ( 'NONE', #2401 ) ;
#2439 = CARTESIAN_POINT ( 'NONE',  ( 7.234484023890982662, 105.4999999999999858, -84.11051302481563141 ) ) ;
#2440 = B_SPLINE_CURVE_WITH_KNOTS ( 'NONE', 3,
 ( #379, #2526, #880, #4548 ),
 .UNSPECIFIED., .F., .F.,
 ( 4, 4 ),
 ( 0.000000000000000000, 1.000000000000000000 ),
 .UNSPECIFIED. ) ;
#2441 = CARTESIAN_POINT ( 'NONE',  ( -9.424240425030436796, 110.9999999999999858, -57.88334740541333190 ) ) ;
#2442 = CARTESIAN_POINT ( 'NONE',  ( 1.686911345409991547, 105.4999999999999858, -86.09867404971171823 ) ) ;
#2443 = ORIENTED_EDGE ( 'NONE', *, *, #6964, .F. ) ;
#2444 = CARTESIAN_POINT ( 'NONE',  ( 9.714451465470119729E-14, 110.9999999999999858, -29.28342443435894182 ) ) ;
#2445 = VERTEX_POINT ( 'NONE', #6651 ) ;
#2446 = CARTESIAN_POINT ( 'NONE',  ( 11.27866494760152172, 105.4999999999999858, -63.54590532048115392 ) ) ;
#2447 = CARTESIAN_POINT ( 'NONE',  ( 12.98225229161268146, 110.9999999999999858, -77.98957419873757146 ) ) ;
#2448 = EDGE_CURVE ( 'NONE', #1366, #4681, #2290, .T. ) ;
#2449 = B_SPLINE_SURFACE_WITH_KNOTS ( 'NONE', 4, 1, ( 
 ( #3518, #6313 ),
 ( #6285, #5698 ),
 ( #6806, #6735 ),
 ( #6770, #1891 ),
 ( #2991, #4056 ),
 ( #4613, #4648 ),
 ( #1498, #4123 ),
 ( #340, #1959 ),
 ( #3656, #6257 ),
 ( #6186, #1437 ),
 ( #5729, #4682 ),
 ( #1993, #3059 ),
 ( #374, #2521 ),
 ( #836, #1465 ),
 ( #5759, #936 ),
 ( #3096, #5236 ),
 ( #4772, #4284 ),
 ( #4835, #575 ),
 ( #3257, #6904 ) ),
 .UNSPECIFIED., .F., .F., .F.,
 ( 5, 1, 1, 1, 1, 1, 1, 1, 1, 1, 1, 1, 1, 1, 1, 5 ),
 ( 2, 2 ),
 ( 0.000000000000000000, 0.005376748248313690560, 0.01508368771682262396, 0.02853181967683027578, 0.04661013893542635678, 0.06485484867701551970, 0.09211052469974630175, 0.1194761750471190764, 0.1468424950126881179, 0.1742088532605756135, 0.2015749551777806792, 0.2289410129491928625, 0.2563073451819962711, 0.3070350317425281084, 0.3617673510343424881, 0.3768711599805257828 ),
 ( 0.000000000000000000, 1.000000000000000000 ),
 .UNSPECIFIED. ) ;
#2450 = B_SPLINE_CURVE_WITH_KNOTS ( 'NONE', 4,
 ( #4935, #4459, #4350, #1242, #2791, #6550 ),
 .UNSPECIFIED., .F., .F.,
 ( 5, 1, 5 ),
 ( 0.000000000000000000, 0.01510380894618329473, 0.06596826500852114028 ),
 .UNSPECIFIED. ) ;
#2451 = CARTESIAN_POINT ( 'NONE',  ( -4.235701275212803374, 110.9999999999999858, -85.65550102896506246 ) ) ;
#2452 = DIRECTION ( 'NONE',  ( 0.000000000000000000, 0.000000000000000000, 1.000000000000000000 ) ) ;
#2453 = CARTESIAN_POINT ( 'NONE',  ( 15.21432071100120176, 105.4999999999999858, -75.50127144283504776 ) ) ;
#2454 = ORIENTED_EDGE ( 'NONE', *, *, #6301, .T. ) ;
#2455 = LINE ( 'NONE', #2554, #286 ) ;
#2456 = ORIENTED_EDGE ( 'NONE', *, *, #665, .T. ) ;
#2457 = CARTESIAN_POINT ( 'NONE',  ( 13.29290619786863914, 105.4999999999999858, -62.96861566796525977 ) ) ;
#2458 = CARTESIAN_POINT ( 'NONE',  ( 4.159050406631888741, 105.4999999999999858, -85.47978429098995434 ) ) ;
#2459 = CARTESIAN_POINT ( 'NONE',  ( -2.593397313759192802, 105.4999999999999858, -55.56756167534865654 ) ) ;
#2460 = CARTESIAN_POINT ( 'NONE',  ( 4.193377157746862594, 105.4999999999999858, -85.56590829469865866 ) ) ;
#2461 = CARTESIAN_POINT ( 'NONE',  ( -15.02952432531579774, 105.4999999999999858, -75.35972525179839465 ) ) ;
#2462 = DIRECTION ( 'NONE',  ( 0.000000000000000000, -1.000000000000000000, 0.000000000000000000 ) ) ;
#2463 = EDGE_LOOP ( 'NONE', ( #1404, #6540, #4450, #5535, #1948, #6362, #2366, #4384 ) ) ;
#2464 = EDGE_CURVE ( 'NONE', #639, #3083, #6589, .T. ) ;
#2465 = EDGE_LOOP ( 'NONE', ( #4878, #3381, #4631, #2148 ) ) ;
#2466 = CARTESIAN_POINT ( 'NONE',  ( 6.571045829583094466, 105.4999999999999858, -60.19004540650072244 ) ) ;
#2467 = DIRECTION ( 'NONE',  ( -0.000000000000000000, -1.000000000000000000, -0.000000000000000000 ) ) ;
#2468 = CARTESIAN_POINT ( 'NONE',  ( 16.79676503880293481, 105.4999999999999858, -69.55769119555499458 ) ) ;
#2469 = CARTESIAN_POINT ( 'NONE',  ( -15.92193086976139504, 105.4999999999999858, -77.88118231681019665 ) ) ;
#2470 = ORIENTED_EDGE ( 'NONE', *, *, #8, .T. ) ;
#2471 = CARTESIAN_POINT ( 'NONE',  ( 10.85706823367373453, 105.4999999999999858, -83.50717346310776179 ) ) ;
#2472 = DIRECTION ( 'NONE',  ( 0.000000000000000000, 0.000000000000000000, 1.000000000000000000 ) ) ;
#2473 = ORIENTED_EDGE ( 'NONE', *, *, #1478, .F. ) ;
#2474 = CARTESIAN_POINT ( 'NONE',  ( 15.39961931676260143, 105.4999999999999858, -71.83850662049661651 ) ) ;
#2475 = ORIENTED_EDGE ( 'NONE', *, *, #3018, .F. ) ;
#2476 = CARTESIAN_POINT ( 'NONE',  ( 0.9704643517035628220, 105.4999999999999858, -59.11874055292004471 ) ) ;
#2477 = B_SPLINE_CURVE_WITH_KNOTS ( 'NONE', 3,
 ( #4817, #587, #1196, #6951 ),
 .UNSPECIFIED., .F., .F.,
 ( 4, 4 ),
 ( 0.000000000000000000, 1.000000000000000000 ),
 .UNSPECIFIED. ) ;
#2478 = EDGE_CURVE ( 'NONE', #3083, #2697, #6868, .T. ) ;
#2479 = CARTESIAN_POINT ( 'NONE',  ( 13.26572759404513135, 110.9999999999999858, -78.05150294632875330 ) ) ;
#2480 = CARTESIAN_POINT ( 'NONE',  ( -5.072420675102733867, 110.9999999999999858, -86.76499254684544837 ) ) ;
#2481 = CARTESIAN_POINT ( 'NONE',  ( 1.304002731882733634, 105.4999999999999858, -57.76225261777169351 ) ) ;
#2482 = CARTESIAN_POINT ( 'NONE',  ( 14.64448700262125769, 105.4999999999999858, -75.09884710881840419 ) ) ;
#2483 = ORIENTED_EDGE ( 'NONE', *, *, #1101, .T. ) ;
#2484 = CARTESIAN_POINT ( 'NONE',  ( 9.774786521385809834, 110.9999999999999858, -61.39651434789490736 ) ) ;
#2485 = VERTEX_POINT ( 'NONE', #5536 ) ;
#2486 = ADVANCED_FACE ( 'NONE', ( #3935 ), #2609, .T. ) ;
#2487 = DIRECTION ( 'NONE',  ( -0.6350852961086200787, 0.000000000000000000, -0.7724420150837385535 ) ) ;
#2488 = CARTESIAN_POINT ( 'NONE',  ( -1.264283200091607995, 105.4999999999999858, -57.96142500675897935 ) ) ;
#2489 = CARTESIAN_POINT ( 'NONE',  ( 23.81569860407268990, 110.9999999999999858, -68.74999999999948841 ) ) ;
#2490 = CARTESIAN_POINT ( 'NONE',  ( -1.891761547921255726, 105.4999999999999858, -56.50304240634107344 ) ) ;
#2491 = CARTESIAN_POINT ( 'NONE',  ( -1.174955163963969262, 110.9999999999999858, -88.02768662349954809 ) ) ;
#2492 = DIRECTION ( 'NONE',  ( 0.000000000000000000, 1.000000000000000000, 0.000000000000000000 ) ) ;
#2493 = CARTESIAN_POINT ( 'NONE',  ( -4.481623000375970278, 105.4999999999999858, -56.56684369868697360 ) ) ;
#2494 = VERTEX_POINT ( 'NONE', #4008 ) ;
#2495 = CARTESIAN_POINT ( 'NONE',  ( 12.96079323228967617, 110.9999999999999858, -66.45943697439331288 ) ) ;
#2496 = ORIENTED_EDGE ( 'NONE', *, *, #77, .T. ) ;
#2497 = CARTESIAN_POINT ( 'NONE',  ( -23.81569860407218542, 114.9999999999999858, -47.74999999999938183 ) ) ;
#2498 = CARTESIAN_POINT ( 'NONE',  ( -9.052861137566610594, 110.9999999999999858, -58.04305032808315445 ) ) ;
#2499 = EDGE_CURVE ( 'NONE', #5925, #6296, #1824, .T. ) ;
#2500 = LINE ( 'NONE', #2436, #1159 ) ;
#2501 = CARTESIAN_POINT ( 'NONE',  ( 4.155439442330526312, 110.9999999999999858, -85.46893918955788649 ) ) ;
#2502 = CARTESIAN_POINT ( 'NONE',  ( 11.75684740643035830, 110.9999999999999858, -83.76976116930138971 ) ) ;
#2503 = VECTOR ( 'NONE', #5008, 1000.000000000000000 ) ;
#2504 = FACE_OUTER_BOUND ( 'NONE', #2123, .T. ) ;
#2505 = EDGE_CURVE ( 'NONE', #5925, #2697, #1806, .T. ) ;
#2506 = CARTESIAN_POINT ( 'NONE',  ( 0.7507318962219344805, 110.9999999999999858, -88.83355245043128434 ) ) ;
#2507 = AXIS2_PLACEMENT_3D ( 'NONE', #4638, #6147, #1325 ) ;
#2508 = EDGE_LOOP ( 'NONE', ( #5260, #408, #5830, #5505 ) ) ;
#2509 = CARTESIAN_POINT ( 'NONE',  ( 15.81629306545688785, 105.4999999999999858, -71.63142787913491816 ) ) ;
#2510 = ORIENTED_EDGE ( 'NONE', *, *, #3582, .T. ) ;
#2511 = EDGE_CURVE ( 'NONE', #5868, #2231, #4753, .T. ) ;
#2512 = AXIS2_PLACEMENT_3D ( 'NONE', #4298, #1019, #6429 ) ;
#2513 = CARTESIAN_POINT ( 'NONE',  ( 13.29290619786863914, 105.4999999999999858, -62.96861566796525977 ) ) ;
#2514 = CARTESIAN_POINT ( 'NONE',  ( 12.36422895317238968, 105.4999999999999858, -73.83734656326282675 ) ) ;
#2515 = AXIS2_PLACEMENT_3D ( 'NONE', #2050, #1029, #3722 ) ;
#2516 = CARTESIAN_POINT ( 'NONE',  ( 14.82677370416085338, 111.0000000000000000, -64.45562988407330351 ) ) ;
#2517 = CARTESIAN_POINT ( 'NONE',  ( 0.000000000000000000, 114.9999999999999858, -99.49999999999997158 ) ) ;
#2518 = EDGE_CURVE ( 'NONE', #4936, #1063, #5579, .T. ) ;
#2519 = CARTESIAN_POINT ( 'NONE',  ( 9.651732629743548841, 110.9999999999999858, -61.58547470639049948 ) ) ;
#2520 = ORIENTED_EDGE ( 'NONE', *, *, #2912, .T. ) ;
#2521 = CARTESIAN_POINT ( 'NONE',  ( -13.01229113502208001, 110.9999999999999858, -63.00159729962454236 ) ) ;
#2522 = ORIENTED_EDGE ( 'NONE', *, *, #5851, .F. ) ;
#2523 = CARTESIAN_POINT ( 'NONE',  ( 13.94700302803239111, 110.9999999999999858, -62.93182237401233436 ) ) ;
#2524 = AXIS2_PLACEMENT_3D ( 'NONE', #3267, #1609, #3706 ) ;
#2525 = DIRECTION ( 'NONE',  ( 0.000000000000000000, 1.000000000000000000, 0.000000000000000000 ) ) ;
#2526 = CARTESIAN_POINT ( 'NONE',  ( 12.91213570738850969, 110.9999999999999858, -72.38131020852326003 ) ) ;
#2527 = CARTESIAN_POINT ( 'NONE',  ( 2.019805852967664794, 110.9999999999999858, -56.30887652024870249 ) ) ;
#2528 = CARTESIAN_POINT ( 'NONE',  ( 5.953221396535458787, 105.4999999999999858, -87.53415250099972411 ) ) ;
#2529 = CARTESIAN_POINT ( 'NONE',  ( -4.605154744841790659, 105.4999999999999858, -57.30418750158326446 ) ) ;
#2530 = AXIS2_PLACEMENT_3D ( 'NONE', #3775, #2171, #2275 ) ;
#2531 = ORIENTED_EDGE ( 'NONE', *, *, #1094, .F. ) ;
#2532 = DIRECTION ( 'NONE',  ( -0.000000000000000000, -1.000000000000000000, -0.000000000000000000 ) ) ;
#2534 = ORIENTED_EDGE ( 'NONE', *, *, #2448, .F. ) ;
#2533 = VECTOR ( 'NONE', #3230, 1000.000000000000000 ) ;
#2535 = CARTESIAN_POINT ( 'NONE',  ( 5.568177290558129933, 105.4999999999999858, -60.80869079772553931 ) ) ;
#2536 = CARTESIAN_POINT ( 'NONE',  ( -23.81569860407218542, 114.9999999999999858, -58.24999999999938183 ) ) ;
#2537 = CARTESIAN_POINT ( 'NONE',  ( -1.891761547921255726, 105.4999999999999858, -56.50304240634107344 ) ) ;
#2538 = AXIS2_PLACEMENT_3D ( 'NONE', #1377, #1736, #3321 ) ;
#2539 = EDGE_CURVE ( 'NONE', #4747, #2420, #5263, .T. ) ;
#2540 = CARTESIAN_POINT ( 'NONE',  ( -15.21744136810878345, 105.4999999999999858, -78.02598143054433422 ) ) ;
#2541 = ORIENTED_EDGE ( 'NONE', *, *, #607, .F. ) ;
#2542 = B_SPLINE_CURVE_WITH_KNOTS ( 'NONE', 3,
 ( #6383, #510, #5793, #3223 ),
 .UNSPECIFIED., .F., .F.,
 ( 4, 4 ),
 ( 0.000000000000000000, 1.000000000000000000 ),
 .UNSPECIFIED. ) ;
#2543 = CARTESIAN_POINT ( 'NONE',  ( 12.00742970900217266, 105.4999999999999858, -83.82174768233524276 ) ) ;
#2544 = CARTESIAN_POINT ( 'NONE',  ( 15.21432071100120176, 110.9999999999999858, -75.50127144283504776 ) ) ;
#2545 = DIRECTION ( 'NONE',  ( 0.000000000000000000, -1.000000000000000000, 0.000000000000000000 ) ) ;
#2546 = ORIENTED_EDGE ( 'NONE', *, *, #404, .T. ) ;
#2547 = ORIENTED_EDGE ( 'NONE', *, *, #3845, .F. ) ;
#2548 = ADVANCED_FACE ( 'NONE', ( #2076 ), #2393, .F. ) ;
#2549 = CARTESIAN_POINT ( 'NONE',  ( 11.71766140855495486, 105.4999999999999858, -63.32263705824450994 ) ) ;
#2550 = CARTESIAN_POINT ( 'NONE',  ( 15.11034575179660067, 110.9999999999999858, -78.04004598743489396 ) ) ;
#2551 = CARTESIAN_POINT ( 'NONE',  ( -7.560642406434548768, 105.4999999999999858, -86.81848255802552217 ) ) ;
#2552 = CARTESIAN_POINT ( 'NONE',  ( 16.24164866452739275, 105.4999999999999858, -76.48786532100182001 ) ) ;
#2553 = EDGE_LOOP ( 'NONE', ( #2163, #2652, #2473, #410 ) ) ;
#2554 = CARTESIAN_POINT ( 'NONE',  ( -6.864983040936785130, 105.4999999999999858, -59.68935388785236285 ) ) ;
#2555 = B_SPLINE_CURVE_WITH_KNOTS ( 'NONE', 3,
 ( #720, #3972, #6145, #1323 ),
 .UNSPECIFIED., .F., .F.,
 ( 4, 4 ),
 ( 0.000000000000000000, 1.000000000000000000 ),
 .UNSPECIFIED. ) ;
#2556 = ORIENTED_EDGE ( 'NONE', *, *, #3610, .T. ) ;
#2557 = CARTESIAN_POINT ( 'NONE',  ( 13.06318720347042905, 110.9999999999999858, -82.87902293806932619 ) ) ;
#2558 = EDGE_CURVE ( 'NONE', #6353, #6433, #1712, .T. ) ;
#2559 = CARTESIAN_POINT ( 'NONE',  ( 9.453951628364910320, 110.9999999999999858, -57.87120675328252872 ) ) ;
#2560 = B_SPLINE_CURVE_WITH_KNOTS ( 'NONE', 3,
 ( #4194, #6363, #5208, #6325 ),
 .UNSPECIFIED., .F., .F.,
 ( 4, 4 ),
 ( 0.000000000000000000, 1.000000000000000000 ),
 .UNSPECIFIED. ) ;
#2561 = CARTESIAN_POINT ( 'NONE',  ( -13.82951663050654290, 105.4999999999999858, -74.72478799495083024 ) ) ;
#2562 = DIRECTION ( 'NONE',  ( 0.000000000000000000, 1.000000000000000000, -0.000000000000000000 ) ) ;
#2563 = CARTESIAN_POINT ( 'NONE',  ( -11.36635421402006507, 105.4999999999999858, -63.48975489608456257 ) ) ;
#2564 = CARTESIAN_POINT ( 'NONE',  ( 11.12469391731315405, 105.4999999999999858, -83.59777751918565514 ) ) ;
#2565 = ORIENTED_EDGE ( 'NONE', *, *, #5988, .T. ) ;
#2566 = CARTESIAN_POINT ( 'NONE',  ( 0.000000000000000000, 105.4999999999999858, -71.99999999999998579 ) ) ;
#2567 = ORIENTED_EDGE ( 'NONE', *, *, #1847, .F. ) ;
#2568 = CARTESIAN_POINT ( 'NONE',  ( 6.982279347674338332, 110.9999999999999858, -59.52355624563045211 ) ) ;
#2569 = DIRECTION ( 'NONE',  ( -0.9928535775496396543, 0.000000000000000000, -0.1193389020683603002 ) ) ;
#2570 = EDGE_CURVE ( 'NONE', #5259, #6012, #3148, .T. ) ;
#2571 = CARTESIAN_POINT ( 'NONE',  ( -11.52562097703219912, 110.9999999999999858, -80.11418886548004537 ) ) ;
#2572 = CARTESIAN_POINT ( 'NONE',  ( -10.25064829470232475, 105.4999999999999858, -60.22465856325479194 ) ) ;
#2573 = PLANE ( 'NONE',  #4240 ) ;
#2574 = CARTESIAN_POINT ( 'NONE',  ( 11.45083698047257670, 105.4999999999999858, -83.69449898199410143 ) ) ;
#2575 = CARTESIAN_POINT ( 'NONE',  ( 23.81569860407268990, 112.4999999999999858, -58.24999999999947420 ) ) ;
#2576 = ADVANCED_FACE ( 'NONE', ( #5948 ), #638, .T. ) ;
#2577 = CARTESIAN_POINT ( 'NONE',  ( 1.578216621895656813, 110.9999999999999858, -86.88533121124497427 ) ) ;
#2578 = ORIENTED_EDGE ( 'NONE', *, *, #335, .T. ) ;
#2579 = EDGE_LOOP ( 'NONE', ( #5042, #2348, #715, #5080, #6894, #2731, #1699, #2374 ) ) ;
#2580 = FACE_OUTER_BOUND ( 'NONE', #6570, .T. ) ;
#2581 =( NAMED_UNIT ( * ) PLANE_ANGLE_UNIT ( ) SI_UNIT ( $, .RADIAN. ) );
#2582 = CARTESIAN_POINT ( 'NONE',  ( 11.56714206210248186, 110.9999999999999858, -63.38712684246140583 ) ) ;
#2583 = CARTESIAN_POINT ( 'NONE',  ( 10.02618222938133918, 105.4999999999999858, -60.88516653847973714 ) ) ;
#2584 = VERTEX_POINT ( 'NONE', #3816 ) ;
#2585 = DIRECTION ( 'NONE',  ( -0.9928535775496396543, 0.000000000000000000, -0.1193389020683599672 ) ) ;
#2586 = ORIENTED_EDGE ( 'NONE', *, *, #3172, .T. ) ;
#2587 = DIRECTION ( 'NONE',  ( 0.000000000000000000, 1.000000000000000000, 0.000000000000000000 ) ) ;
#2588 = CARTESIAN_POINT ( 'NONE',  ( 9.424240425039167590, 105.4999999999999858, -57.88334740541936441 ) ) ;
#2589 = CARTESIAN_POINT ( 'NONE',  ( -13.26249910547147692, 105.4999999999999858, -74.59995928289332312 ) ) ;
#2590 = CARTESIAN_POINT ( 'NONE',  ( -13.78491443102294056, 111.0000000000000142, -68.85628345038686859 ) ) ;
#2591 = CARTESIAN_POINT ( 'NONE',  ( -15.60631691770986329, 110.9999999999999858, -75.83537878213289218 ) ) ;
#2592 = ORIENTED_EDGE ( 'NONE', *, *, #1269, .F. ) ;
#2593 = DIRECTION ( 'NONE',  ( 0.000000000000000000, 0.000000000000000000, 1.000000000000000000 ) ) ;
#2594 = ORIENTED_EDGE ( 'NONE', *, *, #5649, .F. ) ;
#2595 = CARTESIAN_POINT ( 'NONE',  ( -3.972025084499012593, 110.9999999999999858, -84.91807599927734884 ) ) ;
#2596 = EDGE_CURVE ( 'NONE', #2951, #3529, #4270, .T. ) ;
#2597 = CARTESIAN_POINT ( 'NONE',  ( 14.23401782765946955, 110.9999999999999858, -68.83883676625815440 ) ) ;
#2598 = DIRECTION ( 'NONE',  ( -0.9928535775496396543, 0.000000000000000000, -0.1193389020683599394 ) ) ;
#2599 = B_SPLINE_CURVE_WITH_KNOTS ( 'NONE', 3,
 ( #3571, #5710, #6297, #4750 ),
 .UNSPECIFIED., .F., .F.,
 ( 4, 4 ),
 ( 0.000000000000000000, 1.000000000000000000 ),
 .UNSPECIFIED. ) ;
#2600 = CARTESIAN_POINT ( 'NONE',  ( 16.13777575158474065, 105.4999999999999858, -69.26958468641541344 ) ) ;
#2601 = CARTESIAN_POINT ( 'NONE',  ( 4.159050406631888741, 110.9999999999999858, -85.47978429098995434 ) ) ;
#2602 = CARTESIAN_POINT ( 'NONE',  ( 4.184669618658158008, 105.4999999999999858, -55.55054018371097158 ) ) ;
#2603 = ORIENTED_EDGE ( 'NONE', *, *, #2228, .T. ) ;
#2604 = CARTESIAN_POINT ( 'NONE',  ( 6.864983040961222471, 105.4999999999999858, -59.68935388788065666 ) ) ;
#2605 = ADVANCED_FACE ( 'NONE', ( #99 ), #5458, .T. ) ;
#2606 = CARTESIAN_POINT ( 'NONE',  ( -11.71203505488228913, 105.4999999999999858, -67.63213612011449527 ) ) ;
#2607 = DIRECTION ( 'NONE',  ( 0.000000000000000000, 1.000000000000000000, -0.000000000000000000 ) ) ;
#2608 = EDGE_LOOP ( 'NONE', ( #4901, #2054, #3241, #1592, #1605, #5403 ) ) ;
#2609 = TOROIDAL_SURFACE ( 'NONE', #6427, 26.50000000000001776, 1.500000000000000000 ) ;
#2610 = EDGE_CURVE ( 'NONE', #6284, #6929, #2707, .T. ) ;
#2611 = ORIENTED_EDGE ( 'NONE', *, *, #3221, .F. ) ;
#2612 = CARTESIAN_POINT ( 'NONE',  ( 6.942197780717182631, 105.4999999999999858, -83.59566991460177121 ) ) ;
#2613 = AXIS2_PLACEMENT_3D ( 'NONE', #1135, #3796, #5927 ) ;
#2614 = EDGE_CURVE ( 'NONE', #1452, #2765, #6932, .T. ) ;
#2615 = CARTESIAN_POINT ( 'NONE',  ( -7.452998935136002423, 105.4999999999999858, -84.74783597668681523 ) ) ;
#2616 = CARTESIAN_POINT ( 'NONE',  ( 3.119695238503663592, 105.4999999999999858, -84.10444140052969431 ) ) ;
#2617 = ORIENTED_EDGE ( 'NONE', *, *, #5529, .T. ) ;
#2618 = CARTESIAN_POINT ( 'NONE',  ( 16.07133587229840899, 110.9999999999999858, -76.29684793775415130 ) ) ;
#2619 = EDGE_LOOP ( 'NONE', ( #3841, #2314, #6726, #2556 ) ) ;
#2620 = CARTESIAN_POINT ( 'NONE',  ( 12.69709083991984677, 105.4999999999999858, -81.85145381865439163 ) ) ;
#2621 = DIRECTION ( 'NONE',  ( 0.000000000000000000, 0.000000000000000000, 1.000000000000000000 ) ) ;
#2622 = VECTOR ( 'NONE', #4303, 1000.000000000000000 ) ;
#2623 = CARTESIAN_POINT ( 'NONE',  ( 7.532650328419581598, 110.9999999999999858, -87.07286520576479916 ) ) ;
#2624 = FACE_BOUND ( 'NONE', #4193, .T. ) ;
#2625 = DIRECTION ( 'NONE',  ( -0.7724420150837207899, -7.047111105102362157E-14, -0.6350852961086416171 ) ) ;
#2626 = CARTESIAN_POINT ( 'NONE',  ( -4.599747802744301062, 110.9999999999999858, -58.46278485817502002 ) ) ;
#2627 = EDGE_LOOP ( 'NONE', ( #5697, #2534, #5855, #2407 ) ) ;
#2628 = CARTESIAN_POINT ( 'NONE',  ( 12.69709083991984677, 105.4999999999999858, -81.85145381865439163 ) ) ;
#2629 = ORIENTED_EDGE ( 'NONE', *, *, #854, .T. ) ;
#2630 = AXIS2_PLACEMENT_3D ( 'NONE', #6584, #5107, #1768 ) ;
#2631 = CARTESIAN_POINT ( 'NONE',  ( -12.47604671605529170, 105.4999999999999858, -72.77347161473832671 ) ) ;
#2632 = ADVANCED_FACE ( 'NONE', ( #6401 ), #6955, .F. ) ;
#2633 = CARTESIAN_POINT ( 'NONE',  ( 4.616885666997996296, 111.0000000000000142, -58.33746999084966944 ) ) ;
#2634 = CARTESIAN_POINT ( 'NONE',  ( -7.313450331517389102, 110.9999999999999858, -59.17159559944894198 ) ) ;
#2635 = DIRECTION ( 'NONE',  ( -0.6350852961085921011, 0.000000000000000000, -0.7724420150837614241 ) ) ;
#2636 = VECTOR ( 'NONE', #5239, 1000.000000000000000 ) ;
#2637 = EDGE_CURVE ( 'NONE', #6628, #1041, #1943, .T. ) ;
#2638 = FACE_OUTER_BOUND ( 'NONE', #3747, .T. ) ;
#2639 = CARTESIAN_POINT ( 'NONE',  ( 0.000000000000000000, 105.4999999999999858, -71.99999999999998579 ) ) ;
#2640 = VERTEX_POINT ( 'NONE', #2141 ) ;
#2641 = AXIS2_PLACEMENT_3D ( 'NONE', #5023, #4508, #1788 ) ;
#2642 = DIRECTION ( 'NONE',  ( -0.000000000000000000, -1.000000000000000000, -0.000000000000000000 ) ) ;
#2643 = AXIS2_PLACEMENT_3D ( 'NONE', #5232, #2378, #4153 ) ;
#2644 = DIRECTION ( 'NONE',  ( -0.9928535775496396543, 0.000000000000000000, -0.1193389020683602447 ) ) ;
#2645 = AXIS2_PLACEMENT_3D ( 'NONE', #5522, #6609, #6671 ) ;
#2646 = CIRCLE ( 'NONE', #2079, 10.50000000000000888 ) ;
#2647 = ADVANCED_FACE ( 'NONE', ( #1555 ), #1387, .F. ) ;
#2648 = CARTESIAN_POINT ( 'NONE',  ( -14.09382379057604950, 105.4999999999999858, -72.21007334604077244 ) ) ;
#2649 = CARTESIAN_POINT ( 'NONE',  ( 11.71203505488408858, 105.4999999999999858, -67.63213612011932696 ) ) ;
#2650 = VERTEX_POINT ( 'NONE', #3240 ) ;
#2651 = CARTESIAN_POINT ( 'NONE',  ( -4.173811205964238269, 110.9999999999999858, -55.52033677477236040 ) ) ;
#2652 = ORIENTED_EDGE ( 'NONE', *, *, #2518, .F. ) ;
#2653 = DIRECTION ( 'NONE',  ( 0.000000000000000000, 1.000000000000000000, 0.000000000000000000 ) ) ;
#2654 = B_SPLINE_CURVE_WITH_KNOTS ( 'NONE', 4,
 ( #6762, #4050, #5191, #531, #2447, #3618, #2479, #3550, #1953, #4608, #367, #2982, #900, #3512, #2550, #5753, #1057, #6180 ),
 .UNSPECIFIED., .F., .F.,
 ( 5, 1, 1, 1, 1, 1, 1, 1, 1, 1, 1, 1, 1, 1, 5 ),
 ( 0.000000000000000000, 0.005376748248313690560, 0.01508368771682262396, 0.02853181967683027231, 0.04661013893542635678, 0.06485484867701551970, 0.09211052469974630175, 0.1194761750471190764, 0.1468424950126881179, 0.1742088532605756135, 0.2015749551777807069, 0.2289410129491928902, 0.2563073451819962711, 0.3070350317425281084, 0.3109028949708054212 ),
 .UNSPECIFIED. ) ;
#2655 = CARTESIAN_POINT ( 'NONE',  ( -9.201369441140746730, 105.4999999999999858, -62.10108737271424673 ) ) ;
#2656 = CARTESIAN_POINT ( 'NONE',  ( -4.155439442360330915, 105.4999999999999858, -85.46893918953527702 ) ) ;
#2657 = ORIENTED_EDGE ( 'NONE', *, *, #5440, .F. ) ;
#2658 = CARTESIAN_POINT ( 'NONE',  ( 14.46051803875205977, 110.9999999999999858, -74.99130962393414279 ) ) ;
#2659 = CARTESIAN_POINT ( 'NONE',  ( 11.52562097700145927, 110.9999999999999858, -80.11418886550141849 ) ) ;
#2660 = EDGE_CURVE ( 'NONE', #2445, #6588, #5383, .T. ) ;
#2661 = CARTESIAN_POINT ( 'NONE',  ( 7.653155418737924265, 110.9999999999999858, -58.88337933066129182 ) ) ;
#2662 = CARTESIAN_POINT ( 'NONE',  ( 7.513259550783662810, 105.4999999999999858, -87.21995791674800103 ) ) ;
#2663 = DIRECTION ( 'NONE',  ( -0.9928535775496396543, 0.000000000000000000, -0.1193389020683599394 ) ) ;
#2664 = CARTESIAN_POINT ( 'NONE',  ( -10.67026573806877998, 110.9999999999999858, -79.28107650558192177 ) ) ;
#2665 = ORIENTED_EDGE ( 'NONE', *, *, #3710, .F. ) ;
#2666 = CARTESIAN_POINT ( 'NONE',  ( -4.486458645467057416, 110.9999999999999858, -86.06862480976118945 ) ) ;
#2667 = VERTEX_POINT ( 'NONE', #2249 ) ;
#2668 = CARTESIAN_POINT ( 'NONE',  ( 4.481623000395146050, 110.9999999999999858, -56.56684369868685280 ) ) ;
#2669 = FACE_OUTER_BOUND ( 'NONE', #626, .T. ) ;
#2670 = CARTESIAN_POINT ( 'NONE',  ( 10.80649035581483375, 110.9999999999999858, -63.88375474836566070 ) ) ;
#2671 = B_SPLINE_CURVE_WITH_KNOTS ( 'NONE', 4,
 ( #5074, #3396, #1207, #3358, #6138, #248, #4456, #5533, #6099, #4040, #5500, #6170, #184, #2365, #1274, #2331, #5577, #3471, #6587 ),
 .UNSPECIFIED., .F., .F.,
 ( 5, 1, 1, 1, 1, 1, 1, 1, 1, 1, 1, 1, 1, 1, 1, 5 ),
 ( 0.000000000000000000, 0.01510380894618329473, 0.06983612823799767444, 0.1205638147985295117, 0.1479301470313329203, 0.1752962048027451036, 0.2026623067199501693, 0.2300286649678376372, 0.2573949849334067341, 0.2847606352807794949, 0.3120163113035102631, 0.3302610210450994122, 0.3483393403036955105, 0.3617874722637031693, 0.3714944117322120931, 0.3768711599805257828 ),
 .UNSPECIFIED. ) ;
#2672 = CARTESIAN_POINT ( 'NONE',  ( -10.51584916751575527, 105.4999999999999858, -58.64272047585996006 ) ) ;
#2673 = EDGE_CURVE ( 'NONE', #2667, #1737, #3308, .T. ) ;
#2674 = CARTESIAN_POINT ( 'NONE',  ( -2.073336447187922538, 110.9999999999999858, -84.32685182748465991 ) ) ;
#2675 = DIRECTION ( 'NONE',  ( 0.9928535775496396543, 0.000000000000000000, 0.1193389020683602447 ) ) ;
#2676 = CARTESIAN_POINT ( 'NONE',  ( 0.000000000000000000, 105.4999999999999858, -71.99999999999998579 ) ) ;
#2677 = DIRECTION ( 'NONE',  ( 0.000000000000000000, 1.000000000000000000, 0.000000000000000000 ) ) ;
#2678 = CARTESIAN_POINT ( 'NONE',  ( -4.626588252271357504, 110.9999999999999858, -57.53586481013726939 ) ) ;
#2679 = CARTESIAN_POINT ( 'NONE',  ( -10.37139652092075615, 110.9999999999999858, -59.72395045855183326 ) ) ;
#2680 = CARTESIAN_POINT ( 'NONE',  ( 13.82951663048718594, 110.9999999999999858, -74.72478799498279045 ) ) ;
#2681 = ORIENTED_EDGE ( 'NONE', *, *, #3221, .T. ) ;
#2682 = ADVANCED_FACE ( 'NONE', ( #2176 ), #588, .T. ) ;
#2683 = CARTESIAN_POINT ( 'NONE',  ( -5.072420675102733867, 105.4999999999999858, -86.76499254684544837 ) ) ;
#2684 = CARTESIAN_POINT ( 'NONE',  ( 0.000000000000000000, 110.9999999999999858, -71.99999999999998579 ) ) ;
#2685 = VERTEX_POINT ( 'NONE', #5848 ) ;
#2686 = CARTESIAN_POINT ( 'NONE',  ( -9.708160154879786674, 110.9999999999999858, -61.50402457833904890 ) ) ;
#2687 = CARTESIAN_POINT ( 'NONE',  ( -7.583626234842353320, 111.0000000000000142, -86.50419205345232854 ) ) ;
#2688 = DIRECTION ( 'NONE',  ( 1.000000000000000000, 0.000000000000000000, 1.224646799147353207E-16 ) ) ;
#2689 = EDGE_LOOP ( 'NONE', ( #750, #3037, #1326, #6227 ) ) ;
#2690 = ADVANCED_FACE ( 'NONE', ( #3210 ), #255, .F. ) ;
#2691 = CARTESIAN_POINT ( 'NONE',  ( 7.532749002079713208, 110.9999999999999858, -85.18613734640844370 ) ) ;
#2692 = CARTESIAN_POINT ( 'NONE',  ( 11.67824955973201284, 105.4999999999999858, -80.24817318353127860 ) ) ;
#2693 = CYLINDRICAL_SURFACE ( 'NONE', #6141, 12.50000000000000178 ) ;
#2694 = CARTESIAN_POINT ( 'NONE',  ( 15.02442146371837595, 105.4999999999999858, -64.10297855229032393 ) ) ;
#2695 = CARTESIAN_POINT ( 'NONE',  ( 0.000000000000000000, 110.9999999999999858, -71.99999999999998579 ) ) ;
#2696 = DIRECTION ( 'NONE',  ( 0.000000000000000000, 0.000000000000000000, 1.000000000000000000 ) ) ;
#2697 = VERTEX_POINT ( 'NONE', #594 ) ;
#2698 = CARTESIAN_POINT ( 'NONE',  ( -6.283281050859318206, 105.4999999999999858, -87.76757962722669504 ) ) ;
#2699 = ORIENTED_EDGE ( 'NONE', *, *, #1261, .F. ) ;
#2700 = DIRECTION ( 'NONE',  ( -0.9928535775496396543, 0.000000000000000000, -0.1193389020683599394 ) ) ;
#2701 = CARTESIAN_POINT ( 'NONE',  ( -1.727384259361098851, 105.4999999999999858, -85.12207433153901093 ) ) ;
#2702 = CARTESIAN_POINT ( 'NONE',  ( -12.57900862091512195, 110.9999999999999858, -81.59476491924847608 ) ) ;
#2703 = CARTESIAN_POINT ( 'NONE',  ( 14.86850930406780336, 105.4999999999999858, -68.91067050615687606 ) ) ;
#2704 = CARTESIAN_POINT ( 'NONE',  ( 4.155439442330526312, 110.9999999999999858, -85.46893918955788649 ) ) ;
#2705 = CARTESIAN_POINT ( 'NONE',  ( 4.605154744867393291, 105.4999999999999858, -57.30418750158206365 ) ) ;
#2706 = CARTESIAN_POINT ( 'NONE',  ( -15.39961931675355444, 110.9999999999999858, -71.83850662047268543 ) ) ;
#2707 = LINE ( 'NONE', #2214, #2387 ) ;
#2708 = CARTESIAN_POINT ( 'NONE',  ( 13.26572759404513135, 105.4999999999999858, -78.05150294632875330 ) ) ;
#2709 = EDGE_CURVE ( 'NONE', #6962, #79, #251, .T. ) ;
#2710 = CARTESIAN_POINT ( 'NONE',  ( -11.87361907961623864, 105.4999999999999858, -80.46270562296771800 ) ) ;
#2711 = CARTESIAN_POINT ( 'NONE',  ( 23.81569860407268990, 112.9999999999999858, -58.24999999999947420 ) ) ;
#2712 = CARTESIAN_POINT ( 'NONE',  ( 15.87713240271468251, 113.4999999999999858, -48.59447481145294745 ) ) ;
#2713 = VERTEX_POINT ( 'NONE', #243 ) ;
#2714 = CARTESIAN_POINT ( 'NONE',  ( 12.04260137073201875, 105.4999999999999858, -68.64951462834956430 ) ) ;
#2715 = ORIENTED_EDGE ( 'NONE', *, *, #3438, .F. ) ;
#2716 = CARTESIAN_POINT ( 'NONE',  ( 6.907869425497685789, 110.9999999999999858, -82.41783758753580003 ) ) ;
#2717 = ADVANCED_FACE ( 'NONE', ( #1312 ), #2391, .T. ) ;
#2718 = EDGE_CURVE ( 'NONE', #6076, #4598, #4519, .T. ) ;
#2719 = CARTESIAN_POINT ( 'NONE',  ( 2.889916630983060397, 110.9999999999999858, -55.24743655836754641 ) ) ;
#2720 = DIRECTION ( 'NONE',  ( -1.000000000000000000, 0.000000000000000000, 0.000000000000000000 ) ) ;
#2721 = ORIENTED_EDGE ( 'NONE', *, *, #2325, .T. ) ;
#2722 = CARTESIAN_POINT ( 'NONE',  ( 10.67026573805624245, 110.9999999999999858, -79.28107650558459341 ) ) ;
#2723 = VECTOR ( 'NONE', #336, 1000.000000000000000 ) ;
#2724 = CARTESIAN_POINT ( 'NONE',  ( 13.06318720347042905, 110.9999999999999858, -82.87902293806932619 ) ) ;
#2725 = CARTESIAN_POINT ( 'NONE',  ( 9.287159011798250319, 110.9999999999999858, -57.94010085487913386 ) ) ;
#2726 = EDGE_CURVE ( 'NONE', #639, #5925, #4200, .T. ) ;
#2727 = CIRCLE ( 'NONE', #5211, 12.50000000000007283 ) ;
#2728 = CARTESIAN_POINT ( 'NONE',  ( 13.52259278332552661, 105.4999999999999858, -66.06754691278540292 ) ) ;
#2729 = DIRECTION ( 'NONE',  ( -1.000000000000000000, 0.000000000000000000, 0.000000000000000000 ) ) ;
#2730 = CARTESIAN_POINT ( 'NONE',  ( -14.14054090138981579, 110.9999999999999858, -74.83292473058949668 ) ) ;
#2731 = ORIENTED_EDGE ( 'NONE', *, *, #1292, .T. ) ;
#2732 = CARTESIAN_POINT ( 'NONE',  ( -4.486458645467057416, 105.4999999999999858, -86.06862480976118945 ) ) ;
#2733 = ORIENTED_EDGE ( 'NONE', *, *, #647, .F. ) ;
#2734 = CARTESIAN_POINT ( 'NONE',  ( 4.599747802779993400, 110.9999999999999858, -58.46278485817385473 ) ) ;
#2735 = CARTESIAN_POINT ( 'NONE',  ( 4.574970340487059417, 105.4999999999999858, -57.07337604153168797 ) ) ;
#2736 = AXIS2_PLACEMENT_3D ( 'NONE', #6160, #4585, #6707 ) ;
#2737 = CARTESIAN_POINT ( 'NONE',  ( -13.82951663050654290, 110.9999999999999858, -74.72478799495083024 ) ) ;
#2738 = CARTESIAN_POINT ( 'NONE',  ( -9.586723778983101241, 105.4999999999999858, -61.66681428425850697 ) ) ;
#2739 = CARTESIAN_POINT ( 'NONE',  ( 5.238036262512433261, 110.9999999999999858, -86.92829353453716124 ) ) ;
#2740 = CARTESIAN_POINT ( 'NONE',  ( -36.99363960252276229, 110.9999999999999858, -93.35828778282062501 ) ) ;
#2741 = DIRECTION ( 'NONE',  ( -0.9928535775496396543, 0.000000000000000000, -0.1193389020683599394 ) ) ;
#2742 = DIRECTION ( 'NONE',  ( 0.000000000000000000, 1.000000000000000000, -0.000000000000000000 ) ) ;
#2743 = VECTOR ( 'NONE', #6444, 1000.000000000000000 ) ;
#2744 = ORIENTED_EDGE ( 'NONE', *, *, #5681, .T. ) ;
#2745 = DIRECTION ( 'NONE',  ( -0.000000000000000000, -1.000000000000000000, 0.000000000000000000 ) ) ;
#2746 = CARTESIAN_POINT ( 'NONE',  ( 0.000000000000000000, 105.4999999999999858, -71.99999999999998579 ) ) ;
#2747 = ADVANCED_FACE ( 'NONE', ( #1267 ), #3926, .T. ) ;
#2748 = AXIS2_PLACEMENT_3D ( 'NONE', #3071, #1416, #1378 ) ;
#2749 = CARTESIAN_POINT ( 'NONE',  ( -9.940557158829474105, 110.9999999999999858, -61.08030043511457308 ) ) ;
#2750 = AXIS2_PLACEMENT_3D ( 'NONE', #6914, #581, #6419 ) ;
#2751 = CARTESIAN_POINT ( 'NONE',  ( 14.13729640030767243, 110.9999999999999858, -72.20897393326308134 ) ) ;
#2752 = VERTEX_POINT ( 'NONE', #5605 ) ;
#2753 = DIRECTION ( 'NONE',  ( 0.000000000000000000, 1.000000000000000000, 0.000000000000000000 ) ) ;
#2754 = CARTESIAN_POINT ( 'NONE',  ( 12.96079323228967617, 105.4999999999999858, -66.45943697439331288 ) ) ;
#2755 = VECTOR ( 'NONE', #5896, 1000.000000000000000 ) ;
#2756 = ORIENTED_EDGE ( 'NONE', *, *, #2660, .F. ) ;
#2757 = AXIS2_PLACEMENT_3D ( 'NONE', #2684, #1663, #3936 ) ;
#2758 = CARTESIAN_POINT ( 'NONE',  ( 7.228840749612406746, 105.4999999999999858, -84.10057276608289101 ) ) ;
#2759 = AXIS2_PLACEMENT_3D ( 'NONE', #6113, #156, #3513 ) ;
#2760 = TOROIDAL_SURFACE ( 'NONE', #862, 26.49999999999996092, 1.500000000000000000 ) ;
#2761 = AXIS2_PLACEMENT_3D ( 'NONE', #6431, #4960, #2741 ) ;
#2762 = CARTESIAN_POINT ( 'NONE',  ( 12.15331527010611978, 110.9999999999999858, -83.84876010434983584 ) ) ;
#2763 = ADVANCED_FACE ( 'NONE', ( #783 ), #2963, .F. ) ;
#2764 = CARTESIAN_POINT ( 'NONE',  ( -12.11798991032928718, 105.4999999999999858, -80.78738718318759027 ) ) ;
#2765 = VERTEX_POINT ( 'NONE', #3425 ) ;
#2766 = CARTESIAN_POINT ( 'NONE',  ( 7.583626234826546408, 110.9999999999999858, -86.50419205345627915 ) ) ;
#2767 = DIRECTION ( 'NONE',  ( 0.000000000000000000, 1.000000000000000000, 0.000000000000000000 ) ) ;
#2768 = B_SPLINE_CURVE_WITH_KNOTS ( 'NONE', 4,
 ( #69, #4377, #5881, #6402, #102, #5416, #2708, #4410, #1584, #3784, #1727, #5985, #3179, #3743, #4341, #2217, #597, #6435, #4853 ),
 .UNSPECIFIED., .F., .F.,
 ( 5, 1, 1, 1, 1, 1, 1, 1, 1, 1, 1, 1, 1, 1, 1, 5 ),
 ( 0.000000000000000000, 0.005376748248313690560, 0.01508368771682262223, 0.02853181967683027578, 0.04661013893542635678, 0.06485484867701551970, 0.09211052469974631562, 0.1194761750471190626, 0.1468424950126881179, 0.1742088532605756135, 0.2015749551777806792, 0.2289410129491928625, 0.2563073451819962711, 0.3070350317425281084, 0.3617673510343424326, 0.3768711599805257828 ),
 .UNSPECIFIED. ) ;
#2769 = PLANE ( 'NONE',  #6244 ) ;
#2770 = CARTESIAN_POINT ( 'NONE',  ( 7.496182274013326818, 110.9999999999999858, -84.95650818270658533 ) ) ;
#2771 = CARTESIAN_POINT ( 'NONE',  ( 16.96286969065821992, 105.4999999999999858, -70.87703434705181849 ) ) ;
#2772 = CARTESIAN_POINT ( 'NONE',  ( -9.423698307941455354, 110.9999999999999858, -82.75210601909259367 ) ) ;
#2773 = VERTEX_POINT ( 'NONE', #6645 ) ;
#2774 = CARTESIAN_POINT ( 'NONE',  ( 11.76577261403858188, 105.4999999999999858, -80.33948165700053323 ) ) ;
#2775 = ORIENTED_EDGE ( 'NONE', *, *, #1557, .T. ) ;
#2776 = CARTESIAN_POINT ( 'NONE',  ( -6.309818809593902067, 110.9999999999999858, -87.78563228350536463 ) ) ;
#2777 = CARTESIAN_POINT ( 'NONE',  ( -0.5000000000000108802, 105.4999999999999858, -80.48074069840785683 ) ) ;
#2778 = CARTESIAN_POINT ( 'NONE',  ( -12.84805852473170340, 110.9999999999999858, -82.22884876767943751 ) ) ;
#2779 = CARTESIAN_POINT ( 'NONE',  ( 14.88015469111950573, 110.9999999999999858, -78.07027631222717901 ) ) ;
#2780 = CARTESIAN_POINT ( 'NONE',  ( -1.286699764493399734, 105.4999999999999858, -87.76817603455616279 ) ) ;
#2781 = FACE_OUTER_BOUND ( 'NONE', #6507, .T. ) ;
#2782 = CARTESIAN_POINT ( 'NONE',  ( 13.51324361031477572, 105.4999999999999858, -72.21428467892422987 ) ) ;
#2783 = ORIENTED_EDGE ( 'NONE', *, *, #1655, .F. ) ;
#2784 = CARTESIAN_POINT ( 'NONE',  ( 12.18490139587366805, 105.4999999999999858, -83.85445814758261918 ) ) ;
#2785 = EDGE_CURVE ( 'NONE', #2936, #2992, #3524, .T. ) ;
#2786 = CARTESIAN_POINT ( 'NONE',  ( 0.000000000000000000, 110.9999999999999858, 0.000000000000000000 ) ) ;
#2787 = DIRECTION ( 'NONE',  ( -0.9928535775496396543, 0.000000000000000000, -0.1193389020683599672 ) ) ;
#2788 = CARTESIAN_POINT ( 'NONE',  ( -13.45705252280272823, 105.4999999999999858, -78.07965892249255546 ) ) ;
#2789 = ORIENTED_EDGE ( 'NONE', *, *, #632, .F. ) ;
#2790 = DIRECTION ( 'NONE',  ( 0.000000000000000000, 1.000000000000000000, 0.000000000000000000 ) ) ;
#2791 = CARTESIAN_POINT ( 'NONE',  ( 2.584505763045429561, 110.9999999999999858, -55.58129176459581799 ) ) ;
#2792 = EDGE_CURVE ( 'NONE', #5784, #2035, #1142, .T. ) ;
#2793 = ORIENTED_EDGE ( 'NONE', *, *, #4252, .F. ) ;
#2794 = CARTESIAN_POINT ( 'NONE',  ( -7.472574093536880291, 110.9999999999999858, -59.02986162792800684 ) ) ;
#2795 = CARTESIAN_POINT ( 'NONE',  ( -11.71766140854608373, 110.9999999999999858, -63.32263705821256394 ) ) ;
#2796 = B_SPLINE_SURFACE_WITH_KNOTS ( 'NONE', 4, 1, ( 
 ( #5834, #1007 ),
 ( #2662, #3164 ),
 ( #5301, #2623 ),
 ( #4777, #6942 ),
 ( #2128, #4288 ),
 ( #6417, #1602 ),
 ( #3337, #5553 ),
 ( #5969, #732 ),
 ( #3452, #4432 ),
 ( #622, #52 ),
 ( #159, #2770 ),
 ( #6081, #3376 ),
 ( #4505, #1709 ),
 ( #2882, #3870 ),
 ( #5021, #198 ),
 ( #6565, #1186 ),
 ( #2200, #5514 ),
 ( #4913, #1221 ),
 ( #3913, #1253 ) ),
 .UNSPECIFIED., .F., .F., .F.,
 ( 5, 1, 1, 1, 1, 1, 1, 1, 1, 1, 1, 1, 1, 1, 1, 5 ),
 ( 2, 2 ),
 ( 0.000000000000000000, 0.01510380894618329473, 0.06983612823799767444, 0.1205638147985295117, 0.1479301470313329203, 0.1752962048027451036, 0.2026623067199501693, 0.2300286649678376649, 0.2573949849334067341, 0.2847606352807794949, 0.3120163113035102631, 0.3302610210450994122, 0.3483393403036955105, 0.3617874722637031693, 0.3714944117322120931, 0.3768711599805257828 ),
 ( 0.000000000000000000, 1.000000000000000000 ),
 .UNSPECIFIED. ) ;
#2797 = CARTESIAN_POINT ( 'NONE',  ( 11.12469391731315405, 110.9999999999999858, -83.59777751918565514 ) ) ;
#2798 = CARTESIAN_POINT ( 'NONE',  ( -11.45083698048119913, 110.9999999999999858, -83.69449898198026006 ) ) ;
#2799 = ORIENTED_EDGE ( 'NONE', *, *, #4629, .F. ) ;
#2800 = CARTESIAN_POINT ( 'NONE',  ( 14.14054090137140385, 110.9999999999999858, -74.83292473061878525 ) ) ;
#2801 = CARTESIAN_POINT ( 'NONE',  ( -4.481623000375970278, 105.4999999999999858, -56.56684369868697360 ) ) ;
#2802 = EDGE_CURVE ( 'NONE', #1525, #36, #1234, .T. ) ;
#2803 = CARTESIAN_POINT ( 'NONE',  ( 6.887671465245843727, 110.9999999999999858, -59.65225520990117758 ) ) ;
#2804 = CARTESIAN_POINT ( 'NONE',  ( 13.37364744971983654, 111.0000000000000000, -66.19088901815098325 ) ) ;
#2805 = CARTESIAN_POINT ( 'NONE',  ( -14.63881925120116279, 111.0000000000000142, -68.87448821714673386 ) ) ;
#2806 = B_SPLINE_CURVE_WITH_KNOTS ( 'NONE', 3,
 ( #6610, #1230, #5409, #6090 ),
 .UNSPECIFIED., .F., .F.,
 ( 4, 4 ),
 ( 0.000000000000000000, 1.000000000000000000 ),
 .UNSPECIFIED. ) ;
#2807 = CARTESIAN_POINT ( 'NONE',  ( -14.00256700117727782, 105.4999999999999858, -65.58887899115129017 ) ) ;
#2808 = VERTEX_POINT ( 'NONE', #2818 ) ;
#2809 = CARTESIAN_POINT ( 'NONE',  ( -4.169918821272929677, 110.9999999999999858, -85.50994436104630836 ) ) ;
#2810 = VERTEX_POINT ( 'NONE', #5035 ) ;
#2811 = LINE ( 'NONE', #4028, #3435 ) ;
#2812 = CARTESIAN_POINT ( 'NONE',  ( 16.33798488876271193, 110.9999999999999858, -76.60069971195507321 ) ) ;
#2813 = FACE_OUTER_BOUND ( 'NONE', #5538, .T. ) ;
#2814 = CARTESIAN_POINT ( 'NONE',  ( 2.019805852967664794, 110.9999999999999858, -56.30887652024870249 ) ) ;
#2815 = CARTESIAN_POINT ( 'NONE',  ( 14.59881447386404396, 110.9999999999999858, -78.09635856051760072 ) ) ;
#2816 = CARTESIAN_POINT ( 'NONE',  ( -1.682128284694977438, 105.4999999999999858, -85.99465770516428620 ) ) ;
#2817 = CARTESIAN_POINT ( 'NONE',  ( 0.000000000000000000, 112.9999999999999858, -99.49999999999997158 ) ) ;
#2818 = CARTESIAN_POINT ( 'NONE',  ( -15.87713240271467008, 112.4999999999999858, -48.59447481145295455 ) ) ;
#2819 = ORIENTED_EDGE ( 'NONE', *, *, #6246, .F. ) ;
#2820 = EDGE_CURVE ( 'NONE', #2485, #1812, #6655, .T. ) ;
#2821 = CARTESIAN_POINT ( 'NONE',  ( 11.95091575813470364, 110.9999999999999858, -67.09650547638632645 ) ) ;
#2822 = B_SPLINE_CURVE_WITH_KNOTS ( 'NONE', 3,
 ( #2030, #3163, #4188, #4129 ),
 .UNSPECIFIED., .F., .F.,
 ( 4, 4 ),
 ( 0.000000000000000000, 1.000000000000000000 ),
 .UNSPECIFIED. ) ;
#2823 = CARTESIAN_POINT ( 'NONE',  ( -13.06318720347620399, 105.4999999999999858, -82.87902293806240550 ) ) ;
#2824 = CARTESIAN_POINT ( 'NONE',  ( -9.820809144283440872, 105.4999999999999858, -83.02752116147927097 ) ) ;
#2825 = CARTESIAN_POINT ( 'NONE',  ( 14.76644926665595925, 110.9999999999999858, -72.08056842386869789 ) ) ;
#2826 = EDGE_CURVE ( 'NONE', #6433, #2640, #3983, .T. ) ;
#2827 = ORIENTED_EDGE ( 'NONE', *, *, #6922, .T. ) ;
#2828 = CARTESIAN_POINT ( 'NONE',  ( 0.000000000000000000, 112.9999999999999858, -90.99999999999997158 ) ) ;
#2829 = VERTEX_POINT ( 'NONE', #1201 ) ;
#2830 = CARTESIAN_POINT ( 'NONE',  ( -7.313450331517389102, 110.9999999999999858, -59.17159559944894198 ) ) ;
#2831 = CARTESIAN_POINT ( 'NONE',  ( 6.864983040961222471, 110.9999999999999858, -59.68935388788065666 ) ) ;
#2832 = CARTESIAN_POINT ( 'NONE',  ( 11.45083698047257670, 110.9999999999999858, -83.69449898199410143 ) ) ;
#2833 = ORIENTED_EDGE ( 'NONE', *, *, #1595, .T. ) ;
#2834 = CARTESIAN_POINT ( 'NONE',  ( -9.287159011789027474, 105.4999999999999858, -57.94010085487192896 ) ) ;
#2835 = CARTESIAN_POINT ( 'NONE',  ( -14.42701580430481911, 105.4999999999999858, -68.85107475509688868 ) ) ;
#2836 = CARTESIAN_POINT ( 'NONE',  ( 6.907869425497130678, 110.9999999999999858, -82.41783758753618372 ) ) ;
#2837 = EDGE_CURVE ( 'NONE', #6752, #6695, #4974, .T. ) ;
#2838 = CARTESIAN_POINT ( 'NONE',  ( 13.52259278332552661, 111.0000000000000000, -66.06754691278540292 ) ) ;
#2839 = CARTESIAN_POINT ( 'NONE',  ( 14.13729640030767243, 105.4999999999999858, -72.20897393326308134 ) ) ;
#2840 = CARTESIAN_POINT ( 'NONE',  ( -9.282203819006722867, 105.4999999999999858, -82.62275750822638543 ) ) ;
#2841 = AXIS2_PLACEMENT_3D ( 'NONE', #6676, #3390, #5527 ) ;
#2842 = ORIENTED_EDGE ( 'NONE', *, *, #343, .T. ) ;
#2843 = CARTESIAN_POINT ( 'NONE',  ( -4.235701275212803374, 110.9999999999999858, -85.65550102896506246 ) ) ;
#2844 = ORIENTED_EDGE ( 'NONE', *, *, #1454, .F. ) ;
#2845 = DIRECTION ( 'NONE',  ( 1.776356839400250859E-15, 0.000000000000000000, 1.000000000000000000 ) ) ;
#2846 = B_SPLINE_CURVE_WITH_KNOTS ( 'NONE', 3,
 ( #3699, #3136, #4839, #4289 ),
 .UNSPECIFIED., .F., .F.,
 ( 4, 4 ),
 ( 0.000000000000000000, 1.000000000000000000 ),
 .UNSPECIFIED. ) ;
#2847 = DIRECTION ( 'NONE',  ( 0.000000000000000000, -1.000000000000000000, -0.000000000000000000 ) ) ;
#2848 = CARTESIAN_POINT ( 'NONE',  ( -0.6562887717703226320, 110.9999999999999858, -88.98732718964346589 ) ) ;
#2849 = VECTOR ( 'NONE', #896, 1000.000000000000000 ) ;
#2850 = DIRECTION ( 'NONE',  ( 0.000000000000000000, 0.000000000000000000, 1.000000000000000000 ) ) ;
#2851 = CARTESIAN_POINT ( 'NONE',  ( 15.95310383445091773, 105.4999999999999858, -77.87354050357869539 ) ) ;
#2852 = DIRECTION ( 'NONE',  ( -0.9928535775496396543, 0.000000000000000000, -0.1193389020683602447 ) ) ;
#2853 = LINE ( 'NONE', #5142, #6248 ) ;
#2854 = CARTESIAN_POINT ( 'NONE',  ( 0.000000000000000000, 110.9999999999999858, -71.99999999999998579 ) ) ;
#2855 = VERTEX_POINT ( 'NONE', #5493 ) ;
#2856 = EDGE_CURVE ( 'NONE', #1149, #5304, #5086, .T. ) ;
#2857 = CIRCLE ( 'NONE', #266, 16.99999999999860378 ) ;
#2858 = CYLINDRICAL_SURFACE ( 'NONE', #6130, 12.50000000000000178 ) ;
#2859 = CARTESIAN_POINT ( 'NONE',  ( 12.47604671605494531, 105.4999999999999858, -72.77347161474396842 ) ) ;
#2860 = DIRECTION ( 'NONE',  ( 0.000000000000000000, 0.000000000000000000, 1.000000000000000000 ) ) ;
#2861 = AXIS2_PLACEMENT_3D ( 'NONE', #453, #6328, #2569 ) ;
#2862 = CARTESIAN_POINT ( 'NONE',  ( 4.590925677246917580, 110.9999999999999858, -60.37359034671514735 ) ) ;
#2863 = EDGE_LOOP ( 'NONE', ( #2941, #193, #2131, #24, #6036 ) ) ;
#2864 = CARTESIAN_POINT ( 'NONE',  ( 7.496182274013326818, 105.4999999999999858, -84.95650818270658533 ) ) ;
#2865 = CARTESIAN_POINT ( 'NONE',  ( -13.51324361030259880, 105.4999999999999858, -72.21428467890163461 ) ) ;
#2866 = ORIENTED_EDGE ( 'NONE', *, *, #6862, .F. ) ;
#2867 = CIRCLE ( 'NONE', #5785, 26.49999999999996092 ) ;
#2868 = CARTESIAN_POINT ( 'NONE',  ( -6.870769920380331186, 110.9999999999999858, -59.67949653960026524 ) ) ;
#2869 = ADVANCED_FACE ( 'NONE', ( #704 ), #317, .F. ) ;
#2870 = AXIS2_PLACEMENT_3D ( 'NONE', #3388, #175, #1232 ) ;
#2871 = CARTESIAN_POINT ( 'NONE',  ( -14.35123191980815704, 110.9999999999999858, -62.93698005911342364 ) ) ;
#2872 = CIRCLE ( 'NONE', #6792, 10.50000000000000888 ) ;
#2873 = CARTESIAN_POINT ( 'NONE',  ( 10.63935037052513977, 110.9999999999999858, -83.42535251565843168 ) ) ;
#2874 = AXIS2_PLACEMENT_3D ( 'NONE', #3767, #4290, #6493 ) ;
#2875 = CARTESIAN_POINT ( 'NONE',  ( -11.99366533464750972, 105.4999999999999858, -80.61431988354991063 ) ) ;
#2877 = ORIENTED_EDGE ( 'NONE', *, *, #1185, .F. ) ;
#2876 = CIRCLE ( 'NONE', #5117, 16.99999999999860023 ) ;
#2878 = CARTESIAN_POINT ( 'NONE',  ( -9.453951628359638093, 105.4999999999999858, -57.87120675327900443 ) ) ;
#2879 = CARTESIAN_POINT ( 'NONE',  ( -16.66286363734568354, 105.4999999999999858, -69.49379532267417403 ) ) ;
#2880 = CIRCLE ( 'NONE', #2306, 11.00000000000012790 ) ;
#2881 = CARTESIAN_POINT ( 'NONE',  ( 12.78600614102648869, 110.9999999999999858, -82.06592028732285371 ) ) ;
#2882 = CARTESIAN_POINT ( 'NONE',  ( 7.356595353049566022, 105.4999999999999858, -84.40406644307412876 ) ) ;
#2883 = CARTESIAN_POINT ( 'NONE',  ( -16.42958139039610899, 111.0000000000000142, -69.38856471325956932 ) ) ;
#2884 = CARTESIAN_POINT ( 'NONE',  ( -9.282203819006722867, 110.9999999999999858, -82.62275750822638543 ) ) ;
#2885 = ORIENTED_EDGE ( 'NONE', *, *, #182, .F. ) ;
#2886 = DIRECTION ( 'NONE',  ( 0.000000000000000000, 1.000000000000000000, 0.000000000000000000 ) ) ;
#2887 = ORIENTED_EDGE ( 'NONE', *, *, #3562, .F. ) ;
#2888 = CARTESIAN_POINT ( 'NONE',  ( -15.81629306544965097, 105.4999999999999858, -71.63142787911462506 ) ) ;
#2889 = DIRECTION ( 'NONE',  ( -0.9928535775496396543, 0.000000000000000000, -0.1193389020683599394 ) ) ;
#2890 = CARTESIAN_POINT ( 'NONE',  ( 5.445672500531541615, 105.4999999999999858, -87.11991763057547189 ) ) ;
#2891 = CARTESIAN_POINT ( 'NONE',  ( 36.99363960252269834, 110.9999999999999858, -93.35828778282059659 ) ) ;
#2892 = CARTESIAN_POINT ( 'NONE',  ( 9.594310430213655039, 105.4999999999999858, -61.65826454673982226 ) ) ;
#2893 = CARTESIAN_POINT ( 'NONE',  ( -1.685579019668632661, 110.9999999999999858, -86.03800708731080249 ) ) ;
#2894 = CARTESIAN_POINT ( 'NONE',  ( -0.5000000000000108802, 105.4999999999999858, -80.48074069840785683 ) ) ;
#2895 = CARTESIAN_POINT ( 'NONE',  ( 13.06318720347042905, 110.9999999999999858, -82.87902293806932619 ) ) ;
#2896 = VERTEX_POINT ( 'NONE', #5400 ) ;
#2897 = CARTESIAN_POINT ( 'NONE',  ( -6.125843526393073724, 110.9999999999999858, -60.62710735602900058 ) ) ;
#2898 = CARTESIAN_POINT ( 'NONE',  ( -14.10525394429809509, 105.4999999999999858, -72.20999043556017227 ) ) ;
#2899 = EDGE_CURVE ( 'NONE', #5860, #2231, #6763, .T. ) ;
#2900 = CARTESIAN_POINT ( 'NONE',  ( -7.313777566367167360, 110.9999999999999858, -84.28505316858536389 ) ) ;
#2901 = LINE ( 'NONE', #4524, #966 ) ;
#2902 = VERTEX_POINT ( 'NONE', #6912 ) ;
#2903 = CARTESIAN_POINT ( 'NONE',  ( 7.592422406467926876, 105.4999999999999858, -86.16412299226533378 ) ) ;
#2904 = CARTESIAN_POINT ( 'NONE',  ( -13.05326555940887800, 110.9999999999999858, -66.41157105418020024 ) ) ;
#2905 = B_SPLINE_SURFACE_WITH_KNOTS ( 'NONE', 3, 1, ( 
 ( #3432, #2862 ),
 ( #3894, #755 ),
 ( #1804, #6032 ),
 ( #1839, #2969 ) ),
 .UNSPECIFIED., .F., .F., .F.,
 ( 4, 4 ),
 ( 2, 2 ),
 ( 0.000000000000000000, 1.000000000000000000 ),
 ( 0.000000000000000000, 1.000000000000000000 ),
 .UNSPECIFIED. ) ;
#2906 = B_SPLINE_CURVE_WITH_KNOTS ( 'NONE', 4,
 ( #5094, #123, #235, #5025, #202, #2349, #5629, #2381, #4510, #2315, #5518, #662, #4543, #1821, #6666, #6703, #1858, #3917, #4437 ),
 .UNSPECIFIED., .F., .F.,
 ( 5, 1, 1, 1, 1, 1, 1, 1, 1, 1, 1, 1, 1, 1, 1, 5 ),
 ( 0.000000000000000000, 0.005376748248313690560, 0.01508368771682262223, 0.02853181967683027578, 0.04661013893542635678, 0.06485484867701551970, 0.09211052469974631562, 0.1194761750471190626, 0.1468424950126881179, 0.1742088532605756135, 0.2015749551777806792, 0.2289410129491928625, 0.2563073451819962711, 0.3070350317425281084, 0.3617673510343424326, 0.3768711599805257828 ),
 .UNSPECIFIED. ) ;
#2907 = CARTESIAN_POINT ( 'NONE',  ( -12.10196666173393254, 110.9999999999999858, -63.19055870713850709 ) ) ;
#2908 = ORIENTED_EDGE ( 'NONE', *, *, #971, .T. ) ;
#2909 = CYLINDRICAL_SURFACE ( 'NONE', #3420, 16.99999999999860378 ) ;
#2910 = CARTESIAN_POINT ( 'NONE',  ( -9.523655234406382064, 110.9999999999999858, -82.82960527853495591 ) ) ;
#2911 = VERTEX_POINT ( 'NONE', #1108 ) ;
#2912 = EDGE_CURVE ( 'NONE', #4666, #4025, #1486, .T. ) ;
#2913 = CARTESIAN_POINT ( 'NONE',  ( 1.371576636564633578, 105.4999999999999858, -87.55163123096370725 ) ) ;
#2914 = CARTESIAN_POINT ( 'NONE',  ( -4.638563182632789328, 105.4999999999999858, -57.76807867593068835 ) ) ;
#2915 = CARTESIAN_POINT ( 'NONE',  ( 11.87361907958854168, 110.9999999999999858, -80.46270562298605000 ) ) ;
#2916 = CARTESIAN_POINT ( 'NONE',  ( -5.953221396547274225, 110.9999999999999858, -87.53415250099274658 ) ) ;
#2917 = CARTESIAN_POINT ( 'NONE',  ( 14.96875636758210604, 105.4999999999999858, -72.01363018937458094 ) ) ;
#2918 = EDGE_CURVE ( 'NONE', #1508, #6100, #4423, .T. ) ;
#2919 = CARTESIAN_POINT ( 'NONE',  ( -13.05326555940887800, 105.4999999999999858, -66.41157105418020024 ) ) ;
#2920 = ORIENTED_EDGE ( 'NONE', *, *, #4601, .T. ) ;
#2921 = CARTESIAN_POINT ( 'NONE',  ( -4.379361247894288489, 110.9999999999999858, -85.90760265354637681 ) ) ;
#2922 = EDGE_LOOP ( 'NONE', ( #6463, #3538, #550, #4530 ) ) ;
#2923 = CARTESIAN_POINT ( 'NONE',  ( -2.771223111730118926, 110.9999999999999858, -55.37225555137570865 ) ) ;
#2924 = CARTESIAN_POINT ( 'NONE',  ( -0.7507318962219622360, 110.9999999999999858, -88.83355245043128434 ) ) ;
#2925 = CARTESIAN_POINT ( 'NONE',  ( 1.269920715327804706, 110.9999999999999858, -57.91830546449197925 ) ) ;
#2926 = CARTESIAN_POINT ( 'NONE',  ( 0.4999999999999900080, 105.9999999999999858, -80.48074069840785683 ) ) ;
#2927 = CARTESIAN_POINT ( 'NONE',  ( 9.586723779017560787, 110.9999999999999858, -61.66681428427300915 ) ) ;
#2928 = CARTESIAN_POINT ( 'NONE',  ( -11.05839710393441422, 110.9999999999999858, -79.76952535789861543 ) ) ;
#2929 = ORIENTED_EDGE ( 'NONE', *, *, #5610, .T. ) ;
#2930 = B_SPLINE_CURVE_WITH_KNOTS ( 'NONE', 4,
 ( #1955, #5089, #770, #2916, #369, #2948, #4609, #2480, #2987, #3055, #231, #4678, #6699, #3024, #2451, #1887, #3514, #6731, #5655 ),
 .UNSPECIFIED., .F., .F.,
 ( 5, 1, 1, 1, 1, 1, 1, 1, 1, 1, 1, 1, 1, 1, 1, 5 ),
 ( 0.000000000000000000, 0.01510380894618329473, 0.06983612823799767444, 0.1205638147985295117, 0.1479301470313329203, 0.1752962048027451036, 0.2026623067199501693, 0.2300286649678376372, 0.2573949849334067341, 0.2847606352807794949, 0.3120163113035102631, 0.3302610210450994122, 0.3483393403036955105, 0.3617874722637031693, 0.3714944117322120931, 0.3768711599805257828 ),
 .UNSPECIFIED. ) ;
#2931 = CARTESIAN_POINT ( 'NONE',  ( 9.638698607694497156, 110.9999999999999858, -64.04101205240085903 ) ) ;
#2932 = CARTESIAN_POINT ( 'NONE',  ( -16.93749997582612821, 105.4999999999999858, -70.89669467783755863 ) ) ;
#2933 = CARTESIAN_POINT ( 'NONE',  ( -13.82951663050654290, 105.4999999999999858, -74.72478799495083024 ) ) ;
#2934 = EDGE_CURVE ( 'NONE', #678, #2810, #1076, .T. ) ;
#2935 = CARTESIAN_POINT ( 'NONE',  ( 16.06270153686928026, 110.9999999999999858, -71.49316918415537714 ) ) ;
#2936 = VERTEX_POINT ( 'NONE', #6872 ) ;
#2937 = CARTESIAN_POINT ( 'NONE',  ( 7.275517551809311811, 105.4999999999999858, -84.19365097910551299 ) ) ;
#2938 = EDGE_CURVE ( 'NONE', #5207, #5060, #4718, .T. ) ;
#2939 = CARTESIAN_POINT ( 'NONE',  ( -9.424240425030436796, 105.4999999999999858, -57.88334740541333190 ) ) ;
#2940 = CARTESIAN_POINT ( 'NONE',  ( 16.96286969065821282, 110.9999999999999858, -70.87703434705181849 ) ) ;
#2941 = ORIENTED_EDGE ( 'NONE', *, *, #1690, .T. ) ;
#2942 = DIRECTION ( 'NONE',  ( -1.000000000000000000, 0.000000000000000000, 0.000000000000000000 ) ) ;
#2943 = EDGE_LOOP ( 'NONE', ( #3168, #3154, #6154, #4308 ) ) ;
#2944 = EDGE_CURVE ( 'NONE', #848, #6794, #5105, .T. ) ;
#2945 = CARTESIAN_POINT ( 'NONE',  ( -10.43349690024121657, 110.9999999999999858, -59.38948389534548511 ) ) ;
#2946 = CARTESIAN_POINT ( 'NONE',  ( -12.97197360451860426, 110.9999999999999858, -82.58038119039970582 ) ) ;
#2947 = ADVANCED_FACE ( 'NONE', ( #1037 ), #3196, .F. ) ;
#2948 = CARTESIAN_POINT ( 'NONE',  ( -5.445672500546963946, 110.9999999999999858, -87.11991763056408900 ) ) ;
#2949 = CARTESIAN_POINT ( 'NONE',  ( 15.02442146371837595, 110.9999999999999858, -64.10297855229032393 ) ) ;
#2950 = CARTESIAN_POINT ( 'NONE',  ( 14.14054090137140385, 105.4999999999999858, -74.83292473061878525 ) ) ;
#2951 = VERTEX_POINT ( 'NONE', #4808 ) ;
#2952 = CARTESIAN_POINT ( 'NONE',  ( 4.590925677246917580, 110.9999999999999858, -60.37359034671514735 ) ) ;
#2953 = VERTEX_POINT ( 'NONE', #3698 ) ;
#2954 = CARTESIAN_POINT ( 'NONE',  ( -14.19777028869097002, 105.4999999999999858, -72.20395753599943589 ) ) ;
#2955 = ADVANCED_FACE ( 'NONE', ( #6457 ), #2796, .F. ) ;
#2956 = CARTESIAN_POINT ( 'NONE',  ( 5.238036262512433261, 110.9999999999999858, -86.92829353453716124 ) ) ;
#2957 = AXIS2_PLACEMENT_3D ( 'NONE', #3664, #5272, #3802 ) ;
#2958 = CYLINDRICAL_SURFACE ( 'NONE', #1844, 6.500000000000000000 ) ;
#2959 = CARTESIAN_POINT ( 'NONE',  ( 10.85146761673989957, 110.9999999999999858, -97.69843108296066703 ) ) ;
#2960 = CARTESIAN_POINT ( 'NONE',  ( -15.39403866164086487, 105.4999999999999858, -75.64891016943484203 ) ) ;
#2961 = DIRECTION ( 'NONE',  ( 0.000000000000000000, 1.000000000000000000, -0.000000000000000000 ) ) ;
#2962 = ORIENTED_EDGE ( 'NONE', *, *, #5054, .F. ) ;
#2963 = B_SPLINE_SURFACE_WITH_KNOTS ( 'NONE', 3, 1, ( 
 ( #1343, #2431 ),
 ( #6129, #5103 ),
 ( #6539, #2928 ),
 ( #1799, #1724 ) ),
 .UNSPECIFIED., .F., .F., .F.,
 ( 4, 4 ),
 ( 2, 2 ),
 ( 0.000000000000000000, 1.000000000000000000 ),
 ( 0.000000000000000000, 1.000000000000000000 ),
 .UNSPECIFIED. ) ;
#2964 = CARTESIAN_POINT ( 'NONE',  ( -5.568177290555279768, 110.9999999999999858, -60.80869079772411823 ) ) ;
#2965 = VECTOR ( 'NONE', #1245, 1000.000000000000000 ) ;
#2966 = EDGE_CURVE ( 'NONE', #6695, #5026, #4310, .T. ) ;
#2967 = LINE ( 'NONE', #5109, #6135 ) ;
#2968 = CARTESIAN_POINT ( 'NONE',  ( -2.765565749350032743, 111.0000000000000000, -55.37821512088881803 ) ) ;
#2969 = CARTESIAN_POINT ( 'NONE',  ( 4.555022691701712034, 110.9999999999999858, -58.66089327844745327 ) ) ;
#2970 = ORIENTED_EDGE ( 'NONE', *, *, #1862, .T. ) ;
#2971 = CARTESIAN_POINT ( 'NONE',  ( 7.588953712905743387, 105.4999999999999858, -85.88159764882477987 ) ) ;
#2972 =( GEOMETRIC_REPRESENTATION_CONTEXT ( 3 ) GLOBAL_UNCERTAINTY_ASSIGNED_CONTEXT ( ( #1021 ) ) GLOBAL_UNIT_ASSIGNED_CONTEXT ( ( #1684, #3304, #4923 ) ) REPRESENTATION_CONTEXT ( 'NONE', 'WORKASPACE' ) );
#2973 = EDGE_CURVE ( 'NONE', #1881, #79, #1836, .T. ) ;
#2974 = CARTESIAN_POINT ( 'NONE',  ( -8.470279130379612553, 110.9999999999999858, -58.34270782358785823 ) ) ;
#2975 = CIRCLE ( 'NONE', #5439, 12.50000000000000178 ) ;
#2976 = CARTESIAN_POINT ( 'NONE',  ( -11.08283655869610485, 110.9999999999999858, -77.78106684040487551 ) ) ;
#2977 = VERTEX_POINT ( 'NONE', #2345 ) ;
#2978 = CARTESIAN_POINT ( 'NONE',  ( 14.96875636758210604, 105.4999999999999858, -72.01363018937458094 ) ) ;
#2979 = AXIS2_PLACEMENT_3D ( 'NONE', #2317, #1259, #4989 ) ;
#2980 = VERTEX_POINT ( 'NONE', #1817 ) ;
#2981 = CARTESIAN_POINT ( 'NONE',  ( 14.20291810990396542, 105.4999999999999858, -62.93307088123231807 ) ) ;
#2982 = CARTESIAN_POINT ( 'NONE',  ( 14.36663973143817863, 110.9999999999999858, -78.11016523842995696 ) ) ;
#2983 = DIRECTION ( 'NONE',  ( -0.000000000000000000, -1.000000000000000000, 0.000000000000000000 ) ) ;
#2984 = TOROIDAL_SURFACE ( 'NONE', #6895, 10.50000000000000888, 2.000000000000000000 ) ;
#2985 = ADVANCED_FACE ( 'NONE', ( #1143 ), #3244, .F. ) ;
#2986 = AXIS2_PLACEMENT_3D ( 'NONE', #1921, #6255, #4083 ) ;
#2987 = CARTESIAN_POINT ( 'NONE',  ( -4.912333406717775297, 110.9999999999999858, -86.59600410091076128 ) ) ;
#2988 = DIRECTION ( 'NONE',  ( 0.000000000000000000, 0.000000000000000000, -1.000000000000000000 ) ) ;
#2989 = CYLINDRICAL_SURFACE ( 'NONE', #2075, 12.50000000000000178 ) ;
#2990 = ORIENTED_EDGE ( 'NONE', *, *, #1487, .F. ) ;
#2991 = CARTESIAN_POINT ( 'NONE',  ( -11.45325643222636813, 105.4999999999999858, -63.44215034351906013 ) ) ;
#2992 = VERTEX_POINT ( 'NONE', #5593 ) ;
#2993 = CIRCLE ( 'NONE', #3441, 16.99999999999860378 ) ;
#2994 = FACE_OUTER_BOUND ( 'NONE', #3616, .T. ) ;
#2995 = VECTOR ( 'NONE', #1210, 1000.000000000000000 ) ;
#2996 = TOROIDAL_SURFACE ( 'NONE', #2085, 26.49999999999995737, 1.500000000000000000 ) ;
#2997 = CARTESIAN_POINT ( 'NONE',  ( 4.379361247868303941, 105.4999999999999858, -85.90760265356703940 ) ) ;
#2998 = B_SPLINE_CURVE_WITH_KNOTS ( 'NONE', 4,
 ( #945, #419, #318, #384, #6779, #4166, #4624, #6745, #6877, #4095, #6228, #4659, #3569, #2036, #5708, #885, #6816, #915, #3038 ),
 .UNSPECIFIED., .F., .F.,
 ( 5, 1, 1, 1, 1, 1, 1, 1, 1, 1, 1, 1, 1, 1, 1, 5 ),
 ( 0.000000000000000000, 0.005376748248313690560, 0.01508368771682262223, 0.02853181967683027578, 0.04661013893542635678, 0.06485484867701551970, 0.09211052469974631562, 0.1194761750471190626, 0.1468424950126881179, 0.1742088532605756135, 0.2015749551777806792, 0.2289410129491928625, 0.2563073451819962711, 0.3070350317425281084, 0.3617673510343424326, 0.3768711599805257828 ),
 .UNSPECIFIED. ) ;
#2999 = DIRECTION ( 'NONE',  ( 0.000000000000000000, -1.000000000000000000, -0.000000000000000000 ) ) ;
#3000 = AXIS2_PLACEMENT_3D ( 'NONE', #3459, #6289, #2621 ) ;
#3001 = CARTESIAN_POINT ( 'NONE',  ( 2.390067682472972965, 105.4999999999999858, -55.80831847934584999 ) ) ;
#3002 = FACE_OUTER_BOUND ( 'NONE', #1022, .T. ) ;
#3003 = CARTESIAN_POINT ( 'NONE',  ( -14.14054090138981579, 105.4999999999999858, -74.83292473058949668 ) ) ;
#3004 = AXIS2_PLACEMENT_3D ( 'NONE', #2740, #2074, #1616 ) ;
#3005 = CARTESIAN_POINT ( 'NONE',  ( 16.31093125090070117, 110.9999999999999858, -76.79098337800738250 ) ) ;
#3006 = EDGE_LOOP ( 'NONE', ( #543, #3962, #3433, #305 ) ) ;
#3007 = ORIENTED_EDGE ( 'NONE', *, *, #2216, .F. ) ;
#3008 = CARTESIAN_POINT ( 'NONE',  ( 6.887671465245843727, 110.9999999999999858, -59.65225520990117758 ) ) ;
#3009 = CARTESIAN_POINT ( 'NONE',  ( -14.96875636757154737, 110.9999999999999858, -72.01363018934691240 ) ) ;
#3010 = CARTESIAN_POINT ( 'NONE',  ( -2.889916630972835687, 105.4999999999999858, -55.24743655836578426 ) ) ;
#3011 = LINE ( 'NONE', #4203, #1192 ) ;
#3012 = ORIENTED_EDGE ( 'NONE', *, *, #1138, .F. ) ;
#3013 = CARTESIAN_POINT ( 'NONE',  ( 9.657477191910508907, 110.9999999999999858, -82.92398053808979341 ) ) ;
#3014 = EDGE_CURVE ( 'NONE', #711, #3790, #5055, .T. ) ;
#3015 = CARTESIAN_POINT ( 'NONE',  ( 15.02952432530197235, 110.9999999999999858, -75.35972525181995252 ) ) ;
#3016 = CARTESIAN_POINT ( 'NONE',  ( -12.78990417712740069, 110.9999999999999858, -77.92438612772858164 ) ) ;
#3017 = ORIENTED_EDGE ( 'NONE', *, *, #3496, .F. ) ;
#3018 = EDGE_CURVE ( 'NONE', #5435, #2685, #2930, .T. ) ;
#3019 = DIRECTION ( 'NONE',  ( 0.000000000000000000, 1.000000000000000000, 0.000000000000000000 ) ) ;
#3020 = ORIENTED_EDGE ( 'NONE', *, *, #5888, .F. ) ;
#3021 = CARTESIAN_POINT ( 'NONE',  ( 1.199407783338917621, 105.4999999999999858, -58.53838450392142789 ) ) ;
#3022 = FACE_OUTER_BOUND ( 'NONE', #3107, .T. ) ;
#3023 = B_SPLINE_CURVE_WITH_KNOTS ( 'NONE', 3,
 ( #496, #4796, #1126, #5885 ),
 .UNSPECIFIED., .F., .F.,
 ( 4, 4 ),
 ( 0.000000000000000000, 1.000000000000000000 ),
 .UNSPECIFIED. ) ;
#3024 = CARTESIAN_POINT ( 'NONE',  ( -4.295494682718292268, 110.9999999999999858, -85.76695627012185241 ) ) ;
#3025 = DIRECTION ( 'NONE',  ( -0.000000000000000000, -1.000000000000000000, -0.000000000000000000 ) ) ;
#3026 = CARTESIAN_POINT ( 'NONE',  ( 9.586723779017560787, 110.9999999999999858, -61.66681428427300915 ) ) ;
#3027 = ORIENTED_EDGE ( 'NONE', *, *, #697, .T. ) ;
#3028 = CARTESIAN_POINT ( 'NONE',  ( 10.18434364179321427, 110.9999999999999858, -60.44779242747527803 ) ) ;
#3029 = ORIENTED_EDGE ( 'NONE', *, *, #1655, .T. ) ;
#3030 = CARTESIAN_POINT ( 'NONE',  ( 11.36635421403038215, 110.9999999999999858, -63.48975489611957812 ) ) ;
#3031 = ADVANCED_FACE ( 'NONE', ( #4081 ), #822, .T. ) ;
#3032 = DIRECTION ( 'NONE',  ( 0.9928535775496396543, 0.000000000000000000, 0.1193389020683599672 ) ) ;
#3033 = CARTESIAN_POINT ( 'NONE',  ( 1.551105578389038619, 110.9999999999999858, -57.11181930327058609 ) ) ;
#3034 = CARTESIAN_POINT ( 'NONE',  ( -1.304002731850623764, 105.4999999999999858, -57.76225261775611131 ) ) ;
#3035 = CARTESIAN_POINT ( 'NONE',  ( -0.8797706761290331468, 105.4999999999999858, -88.61254774193008643 ) ) ;
#3036 = CARTESIAN_POINT ( 'NONE',  ( -4.314488465858564936, 110.9999999999999858, -55.93339089296122069 ) ) ;
#3037 = ORIENTED_EDGE ( 'NONE', *, *, #6324, .F. ) ;
#3038 = CARTESIAN_POINT ( 'NONE',  ( -0.6562887717703226320, 105.4999999999999858, -88.98732718964346589 ) ) ;
#3039 = ORIENTED_EDGE ( 'NONE', *, *, #1175, .T. ) ;
#3040 = FACE_OUTER_BOUND ( 'NONE', #3702, .T. ) ;
#3041 = CYLINDRICAL_SURFACE ( 'NONE', #5229, 24.99999999999996092 ) ;
#3042 = CARTESIAN_POINT ( 'NONE',  ( 16.42958139039598819, 110.9999999999999858, -69.38856471327328279 ) ) ;
#3043 = EDGE_CURVE ( 'NONE', #5237, #4525, #6213, .T. ) ;
#3044 = CARTESIAN_POINT ( 'NONE',  ( 3.627421808711214890, 105.4999999999999858, -84.39800213836194587 ) ) ;
#3045 = ORIENTED_EDGE ( 'NONE', *, *, #1478, .T. ) ;
#3046 = CARTESIAN_POINT ( 'NONE',  ( -1.891761547921255726, 110.9999999999999858, -56.50304240634107344 ) ) ;
#3047 = CARTESIAN_POINT ( 'NONE',  ( -13.37364744969654851, 110.9999999999999858, -66.19088901812727954 ) ) ;
#3048 = EDGE_CURVE ( 'NONE', #3517, #4046, #1330, .T. ) ;
#3049 = CARTESIAN_POINT ( 'NONE',  ( -9.201369441140746730, 105.4999999999999858, -62.10108737271424673 ) ) ;
#3050 = ORIENTED_EDGE ( 'NONE', *, *, #854, .F. ) ;
#3051 = CARTESIAN_POINT ( 'NONE',  ( 14.42053432646894429, 110.9999999999999858, -72.16896523960468812 ) ) ;
#3052 = EDGE_LOOP ( 'NONE', ( #4683, #6805 ) ) ;
#3053 = CARTESIAN_POINT ( 'NONE',  ( 1.269920715327804706, 105.4999999999999858, -57.91830546449197925 ) ) ;
#3054 = CARTESIAN_POINT ( 'NONE',  ( -0.5348675345779562162, 105.4999999999999858, -59.51144857397565602 ) ) ;
#3055 = CARTESIAN_POINT ( 'NONE',  ( -4.758816829699381579, 110.9999999999999858, -86.42117152065148389 ) ) ;
#3056 = CARTESIAN_POINT ( 'NONE',  ( 1.281230874829494937, 105.4999999999999858, -57.85868721467801379 ) ) ;
#3057 = CARTESIAN_POINT ( 'NONE',  ( 9.614995609776064711, 105.4999999999999858, -61.63377218854790129 ) ) ;
#3058 = ORIENTED_EDGE ( 'NONE', *, *, #5512, .F. ) ;
#3059 = CARTESIAN_POINT ( 'NONE',  ( -12.78231939801788464, 110.9999999999999858, -63.03636417401334313 ) ) ;
#3060 = VERTEX_POINT ( 'NONE', #4644 ) ;
#3061 = CARTESIAN_POINT ( 'NONE',  ( -14.29605691400885625, 105.4999999999999858, -72.19139058578225843 ) ) ;
#3062 = EDGE_CURVE ( 'NONE', #5687, #4219, #6281, .T. ) ;
#3063 = CARTESIAN_POINT ( 'NONE',  ( -13.82951663050654290, 105.4999999999999858, -74.72478799495083024 ) ) ;
#3064 = CARTESIAN_POINT ( 'NONE',  ( -11.71203505488229624, 110.9999999999999858, -67.63213612011449527 ) ) ;
#3065 = CARTESIAN_POINT ( 'NONE',  ( -1.463387188152906582, 105.4999999999999858, -57.30602119393117277 ) ) ;
#3066 = CARTESIAN_POINT ( 'NONE',  ( 6.160994901018946202, 105.4999999999999858, -87.68356554840272565 ) ) ;
#3067 = CARTESIAN_POINT ( 'NONE',  ( -13.63203177545909028, 105.4999999999999858, -62.94181675687151056 ) ) ;
#3068 = CARTESIAN_POINT ( 'NONE',  ( -4.536970427943959550, 110.9999999999999858, -56.84391636746329368 ) ) ;
#3069 = ORIENTED_EDGE ( 'NONE', *, *, #656, .F. ) ;
#3070 = ORIENTED_EDGE ( 'NONE', *, *, #2384, .F. ) ;
#3071 = CARTESIAN_POINT ( 'NONE',  ( -36.99363960252276229, 114.9999999999999858, -93.35828778282062501 ) ) ;
#3072 = DIRECTION ( 'NONE',  ( 0.000000000000000000, 1.000000000000000000, 0.000000000000000000 ) ) ;
#3073 = CARTESIAN_POINT ( 'NONE',  ( -2.765565749350032743, 105.4999999999999858, -55.37821512088881803 ) ) ;
#3074 = ADVANCED_FACE ( 'NONE', ( #3553 ), #4152, .T. ) ;
#3075 = CARTESIAN_POINT ( 'NONE',  ( -7.773303275929054124, 105.4999999999999858, -81.78906309002196906 ) ) ;
#3076 = ORIENTED_EDGE ( 'NONE', *, *, #3417, .T. ) ;
#3077 = CARTESIAN_POINT ( 'NONE',  ( 9.274493938803244575, 110.9999999999999858, -82.61431872660638476 ) ) ;
#3078 = B_SPLINE_CURVE_WITH_KNOTS ( 'NONE', 4,
 ( #4574, #4430, #2946, #6563, #4051, #4020 ),
 .UNSPECIFIED., .F., .F.,
 ( 5, 1, 5 ),
 ( 0.3109028949710793688, 0.3617673510343424881, 0.3768711599805257828 ),
 .UNSPECIFIED. ) ;
#3079 = VECTOR ( 'NONE', #2031, 1000.000000000000000 ) ;
#3080 = CARTESIAN_POINT ( 'NONE',  ( -13.05326555940887800, 110.9999999999999858, -66.41157105418020024 ) ) ;
#3081 = CARTESIAN_POINT ( 'NONE',  ( -12.25780488725057538, 110.9999999999999858, -77.69209013817345522 ) ) ;
#3082 = CIRCLE ( 'NONE', #5993, 25.00000000000002132 ) ;
#3083 = VERTEX_POINT ( 'NONE', #4538 ) ;
#3084 = ORIENTED_EDGE ( 'NONE', *, *, #3545, .F. ) ;
#3085 = EDGE_CURVE ( 'NONE', #4399, #3984, #6031, .T. ) ;
#3086 = AXIS2_PLACEMENT_3D ( 'NONE', #6233, #355, #1480 ) ;
#3087 = CARTESIAN_POINT ( 'NONE',  ( 1.264283200125452478, 110.9999999999999858, -57.96142500677489551 ) ) ;
#3088 = CARTESIAN_POINT ( 'NONE',  ( -4.234218955516215743, 110.9999999999999858, -55.69038699667759573 ) ) ;
#3089 = PRODUCT_CONTEXT ( 'NONE', #229, 'mechanical' ) ;
#3090 = AXIS2_PLACEMENT_3D ( 'NONE', #740, #2847, #5488 ) ;
#3091 = CARTESIAN_POINT ( 'NONE',  ( -7.496182274042598515, 105.4999999999999858, -84.95650818270190996 ) ) ;
#3092 = CARTESIAN_POINT ( 'NONE',  ( 14.82677370416085338, 110.9999999999999858, -64.45562988407330351 ) ) ;
#3093 = CARTESIAN_POINT ( 'NONE',  ( 0.5348675345816236160, 110.9999999999999858, -59.51144857397579813 ) ) ;
#3094 = ORIENTED_EDGE ( 'NONE', *, *, #2726, .T. ) ;
#3095 = ADVANCED_FACE ( 'NONE', ( #1433 ), #4428, .T. ) ;
#3096 = CARTESIAN_POINT ( 'NONE',  ( -13.94700302802691638, 105.4999999999999858, -62.93182237399975776 ) ) ;
#3097 = EDGE_LOOP ( 'NONE', ( #3693, #1533, #4234, #6860 ) ) ;
#3098 = CARTESIAN_POINT ( 'NONE',  ( 0.4999999999999900080, 105.4999999999999858, -80.48074069840785683 ) ) ;
#3099 = AXIS2_PLACEMENT_3D ( 'NONE', #2104, #6498, #5976 ) ;
#3100 = CARTESIAN_POINT ( 'NONE',  ( -13.26249910547147692, 105.4999999999999858, -74.59995928289332312 ) ) ;
#3101 = CIRCLE ( 'NONE', #2870, 10.49999999999999467 ) ;
#3102 = DIRECTION ( 'NONE',  ( 0.000000000000000000, 1.000000000000000000, 0.000000000000000000 ) ) ;
#3103 = CARTESIAN_POINT ( 'NONE',  ( 23.81569860407268990, 112.9999999999999858, -58.24999999999947420 ) ) ;
#3104 = LINE ( 'NONE', #4229, #1629 ) ;
#3105 = LINE ( 'NONE', #5143, #1971 ) ;
#3106 = AXIS2_PLACEMENT_3D ( 'NONE', #6028, #1379, #5711 ) ;
#3107 = EDGE_LOOP ( 'NONE', ( #6095, #5095, #4408, #3862, #4041 ) ) ;
#3108 = CARTESIAN_POINT ( 'NONE',  ( 11.27866494760152172, 110.9999999999999858, -63.54590532048115392 ) ) ;
#3109 = ORIENTED_EDGE ( 'NONE', *, *, #1586, .T. ) ;
#3110 = CARTESIAN_POINT ( 'NONE',  ( 6.125843526397059868, 105.4999999999999858, -60.62710735604116508 ) ) ;
#3111 = AXIS2_PLACEMENT_3D ( 'NONE', #5339, #548, #579 ) ;
#3112 = CARTESIAN_POINT ( 'NONE',  ( 1.682128284694953013, 110.9999999999999858, -85.99465770516425778 ) ) ;
#3113 = CARTESIAN_POINT ( 'NONE',  ( -8.227339352527028637, 110.9999999999999858, -58.48697447204885691 ) ) ;
#3114 = CARTESIAN_POINT ( 'NONE',  ( -2.019805852948201252, 105.4999999999999858, -56.30887652023935885 ) ) ;
#3115 = VECTOR ( 'NONE', #3995, 1000.000000000000000 ) ;
#3116 = CARTESIAN_POINT ( 'NONE',  ( -12.78990417712740069, 105.4999999999999858, -77.92438612772858164 ) ) ;
#3117 = CARTESIAN_POINT ( 'NONE',  ( 9.820809144269002644, 105.4999999999999858, -83.02752116150729478 ) ) ;
#3118 = CARTESIAN_POINT ( 'NONE',  ( -12.33121320084094741, 113.4999999999999858, -97.45276259427345167 ) ) ;
#3119 = ADVANCED_FACE ( 'NONE', ( #1331 ), #1667, .F. ) ;
#3120 = CARTESIAN_POINT ( 'NONE',  ( 1.685579019668606460, 110.9999999999999858, -86.03800708731080249 ) ) ;
#3121 = ORIENTED_EDGE ( 'NONE', *, *, #6055, .T. ) ;
#3122 = APPLICATION_CONTEXT ( 'automotive_design' ) ;
#3123 = ORIENTED_EDGE ( 'NONE', *, *, #3931, .F. ) ;
#3124 = CARTESIAN_POINT ( 'NONE',  ( -13.84473902396756984, 105.4999999999999858, -65.75982956924173095 ) ) ;
#3125 = ADVANCED_FACE ( 'NONE', ( #466 ), #2164, .F. ) ;
#3126 = CARTESIAN_POINT ( 'NONE',  ( -7.275517551845224418, 111.0000000000000142, -84.19365097909890494 ) ) ;
#3127 = CARTESIAN_POINT ( 'NONE',  ( -16.82976034687726852, 114.9999999999999858, -49.75313783407823820 ) ) ;
#3128 = ORIENTED_EDGE ( 'NONE', *, *, #1666, .F. ) ;
#3129 = PLANE ( 'NONE',  #2423 ) ;
#3130 = VERTEX_POINT ( 'NONE', #5754 ) ;
#3131 = CARTESIAN_POINT ( 'NONE',  ( -0.5000000000000108802, 105.9999999999999858, -78.48074069840784261 ) ) ;
#3132 = DIRECTION ( 'NONE',  ( 0.9928535775496396543, 0.000000000000000000, 0.1193389020683602447 ) ) ;
#3133 = B_SPLINE_CURVE_WITH_KNOTS ( 'NONE', 4,
 ( #5859, #4282, #6412, #3942, #2798, #192, #685, #3861, #6519, #4425, #4976, #2339, #1703, #2910, #3444, #4497, #4532, #1669, #113 ),
 .UNSPECIFIED., .F., .F.,
 ( 5, 1, 1, 1, 1, 1, 1, 1, 1, 1, 1, 1, 1, 1, 1, 5 ),
 ( 0.000000000000000000, 0.01510380894618329473, 0.06983612823799767444, 0.1205638147985295117, 0.1479301470313329203, 0.1752962048027451036, 0.2026623067199501693, 0.2300286649678376372, 0.2573949849334067341, 0.2847606352807794949, 0.3120163113035102631, 0.3302610210450994122, 0.3483393403036955105, 0.3617874722637031693, 0.3714944117322120931, 0.3768711599805257828 ),
 .UNSPECIFIED. ) ;
#3134 = EDGE_CURVE ( 'NONE', #3487, #1028, #319, .T. ) ;
#3135 = CARTESIAN_POINT ( 'NONE',  ( -12.70925341271077436, 105.4999999999999858, -74.31160630139326884 ) ) ;
#3136 = CARTESIAN_POINT ( 'NONE',  ( 1.625629393373777987, 105.4999999999999858, -85.41681779971440847 ) ) ;
#3137 = CARTESIAN_POINT ( 'NONE',  ( 9.274493938803244575, 105.4999999999999858, -82.61431872660638476 ) ) ;
#3138 = VERTEX_POINT ( 'NONE', #5544 ) ;
#3139 = CARTESIAN_POINT ( 'NONE',  ( -4.555022691664293966, 105.4999999999999858, -58.66089327844824197 ) ) ;
#3140 = VERTEX_POINT ( 'NONE', #1633 ) ;
#3141 = CARTESIAN_POINT ( 'NONE',  ( -4.155439442360330915, 110.9999999999999858, -85.46893918953527702 ) ) ;
#3142 = CYLINDRICAL_SURFACE ( 'NONE', #1169, 12.49999999999999822 ) ;
#3143 = DIRECTION ( 'NONE',  ( 0.000000000000000000, 0.000000000000000000, 1.000000000000000000 ) ) ;
#3144 = CARTESIAN_POINT ( 'NONE',  ( 14.23401782765946955, 110.9999999999999858, -68.83883676625815440 ) ) ;
#3145 = CARTESIAN_POINT ( 'NONE',  ( -2.073336447187922538, 105.4999999999999858, -84.32685182748465991 ) ) ;
#3146 = DIRECTION ( 'NONE',  ( 0.000000000000000000, 1.000000000000000000, -0.000000000000000000 ) ) ;
#3147 = ORIENTED_EDGE ( 'NONE', *, *, #3522, .F. ) ;
#3148 = LINE ( 'NONE', #2604, #1490 ) ;
#3149 = CARTESIAN_POINT ( 'NONE',  ( 14.14054090137140385, 110.9999999999999858, -74.83292473061878525 ) ) ;
#3150 = EDGE_CURVE ( 'NONE', #6460, #1924, #5880, .T. ) ;
#3151 = ORIENTED_EDGE ( 'NONE', *, *, #5953, .F. ) ;
#3152 = B_SPLINE_CURVE_WITH_KNOTS ( 'NONE', 4,
 ( #2672, #6369, #5251, #525, #1551, #987, #3709, #2572, #5379, #5845, #1018, #3175, #5876, #5312, #488, #4267, #6397, #1579, #2738 ),
 .UNSPECIFIED., .F., .F.,
 ( 5, 1, 1, 1, 1, 1, 1, 1, 1, 1, 1, 1, 1, 1, 1, 5 ),
 ( 0.000000000000000000, 0.01510380894618329473, 0.06983612823799767444, 0.1205638147985295117, 0.1479301470313329203, 0.1752962048027451036, 0.2026623067199501693, 0.2300286649678376372, 0.2573949849334067341, 0.2847606352807794949, 0.3120163113035102631, 0.3302610210450994122, 0.3483393403036955105, 0.3617874722637031693, 0.3714944117322120931, 0.3768711599805257828 ),
 .UNSPECIFIED. ) ;
#3153 = CARTESIAN_POINT ( 'NONE',  ( -13.05421872552867946, 110.9999999999999858, -82.84820545210513387 ) ) ;
#3154 = ORIENTED_EDGE ( 'NONE', *, *, #4710, .F. ) ;
#3155 = CARTESIAN_POINT ( 'NONE',  ( 15.95310383445372082, 110.9999999999999858, -77.87354050357112101 ) ) ;
#3156 = CARTESIAN_POINT ( 'NONE',  ( 12.55347716098953370, 110.9999999999999858, -63.07898176321365469 ) ) ;
#3157 = EDGE_CURVE ( 'NONE', #432, #1099, #1496, .T. ) ;
#3158 = CARTESIAN_POINT ( 'NONE',  ( 10.30926330480149922, 105.4999999999999858, -59.99958076344946534 ) ) ;
#3159 = VERTEX_POINT ( 'NONE', #5963 ) ;
#3160 = CARTESIAN_POINT ( 'NONE',  ( -1.625629393373798859, 110.9999999999999858, -85.41681779971442268 ) ) ;
#3161 = VERTEX_POINT ( 'NONE', #3254 ) ;
#3162 = CARTESIAN_POINT ( 'NONE',  ( 12.93421037837705612, 105.4999999999999858, -82.46216711815915801 ) ) ;
#3163 = CARTESIAN_POINT ( 'NONE',  ( -13.51324361030259880, 110.9999999999999858, -72.21428467890163461 ) ) ;
#3164 = CARTESIAN_POINT ( 'NONE',  ( 7.513259550783662810, 110.9999999999999858, -87.21995791674800103 ) ) ;
#3165 = CARTESIAN_POINT ( 'NONE',  ( -13.75336083684893396, 111.0000000000000142, -68.86195116227379742 ) ) ;
#3166 = DIRECTION ( 'NONE',  ( -0.000000000000000000, -1.000000000000000000, -0.000000000000000000 ) ) ;
#3167 = DIRECTION ( 'NONE',  ( 0.000000000000000000, 1.000000000000000000, -0.000000000000000000 ) ) ;
#3168 = ORIENTED_EDGE ( 'NONE', *, *, #2216, .T. ) ;
#3169 = CARTESIAN_POINT ( 'NONE',  ( -6.160994901029465787, 110.9999999999999858, -87.68356554839759553 ) ) ;
#3170 = VERTEX_POINT ( 'NONE', #2719 ) ;
#3171 = CARTESIAN_POINT ( 'NONE',  ( 4.631706060474517272, 110.9999999999999858, -58.17438914629083513 ) ) ;
#3172 = EDGE_CURVE ( 'NONE', #1737, #6588, #5257, .T. ) ;
#3173 = CARTESIAN_POINT ( 'NONE',  ( 4.639708894498477676, 105.4999999999999858, -57.98116921458992579 ) ) ;
#3174 = CARTESIAN_POINT ( 'NONE',  ( 0.000000000000000000, 110.9999999999999858, -71.99999999999998579 ) ) ;
#3175 = CARTESIAN_POINT ( 'NONE',  ( -9.940557158829474105, 105.4999999999999858, -61.08030043511457308 ) ) ;
#3176 = DIRECTION ( 'NONE',  ( 0.000000000000000000, 1.000000000000000000, -0.000000000000000000 ) ) ;
#3177 = EDGE_LOOP ( 'NONE', ( #644, #5772, #307, #392, #737 ) ) ;
#3178 = CARTESIAN_POINT ( 'NONE',  ( -6.786292180993280354, 105.4999999999999858, -82.99158243545171842 ) ) ;
#3179 = CARTESIAN_POINT ( 'NONE',  ( 14.59881447386404396, 105.4999999999999858, -78.09635856051760072 ) ) ;
#3180 = CARTESIAN_POINT ( 'NONE',  ( -10.47635999384503691, 110.9999999999999858, -59.07728278573848257 ) ) ;
#3181 = FACE_OUTER_BOUND ( 'NONE', #2689, .T. ) ;
#3182 = ORIENTED_EDGE ( 'NONE', *, *, #2570, .T. ) ;
#3183 = EDGE_CURVE ( 'NONE', #4046, #4784, #6111, .T. ) ;
#3184 = ORIENTED_EDGE ( 'NONE', *, *, #765, .T. ) ;
#3185 = CARTESIAN_POINT ( 'NONE',  ( -10.02618222935367953, 110.9999999999999858, -60.88516653846906479 ) ) ;
#3186 = AXIS2_PLACEMENT_3D ( 'NONE', #2444, #4076, #6207 ) ;
#3187 = CARTESIAN_POINT ( 'NONE',  ( 13.29290619786863914, 110.9999999999999858, -62.96861566796525977 ) ) ;
#3188 = LINE ( 'NONE', #6864, #6796 ) ;
#3189 = CIRCLE ( 'NONE', #4104, 25.00000000000002132 ) ;
#3190 = ORIENTED_EDGE ( 'NONE', *, *, #1906, .F. ) ;
#3191 = CARTESIAN_POINT ( 'NONE',  ( 16.24164866452739275, 110.9999999999999858, -76.48786532100182001 ) ) ;
#3192 = CARTESIAN_POINT ( 'NONE',  ( 11.56014483841683393, 105.4999999999999858, -80.14063086802234182 ) ) ;
#3193 = EDGE_CURVE ( 'NONE', #1258, #4784, #5394, .T. ) ;
#3194 = CARTESIAN_POINT ( 'NONE',  ( 8.470279130392340150, 110.9999999999999858, -58.34270782360218277 ) ) ;
#3195 = AXIS2_PLACEMENT_3D ( 'NONE', #3275, #2178, #6542 ) ;
#3196 = PLANE ( 'NONE',  #368 ) ;
#3197 = LINE ( 'NONE', #478, #3445 ) ;
#3198 = CARTESIAN_POINT ( 'NONE',  ( -4.616885666963393753, 110.9999999999999858, -58.33746999085099105 ) ) ;
#3199 = VERTEX_POINT ( 'NONE', #1668 ) ;
#3200 = CARTESIAN_POINT ( 'NONE',  ( 13.05421872552177120, 105.4999999999999858, -82.84820545211320564 ) ) ;
#3201 = ORIENTED_EDGE ( 'NONE', *, *, #5496, .T. ) ;
#3202 = VECTOR ( 'NONE', #1801, 1000.000000000000000 ) ;
#3203 = DIRECTION ( 'NONE',  ( 0.9928535775496396543, 0.000000000000000000, 0.1193389020683603002 ) ) ;
#3204 = CARTESIAN_POINT ( 'NONE',  ( 4.616885666997996296, 105.4999999999999858, -58.33746999084966944 ) ) ;
#3205 = DIRECTION ( 'NONE',  ( 0.000000000000000000, 1.000000000000000000, -0.000000000000000000 ) ) ;
#3206 = CARTESIAN_POINT ( 'NONE',  ( 14.86850930406780336, 110.9999999999999858, -68.91067050615687606 ) ) ;
#3207 = TOROIDAL_SURFACE ( 'NONE', #1627, 10.50000000000000888, 2.000000000000000000 ) ;
#3208 = CARTESIAN_POINT ( 'NONE',  ( -1.625629393373798859, 105.4999999999999858, -85.41681779971442268 ) ) ;
#3209 = DIRECTION ( 'NONE',  ( 0.000000000000000000, -1.000000000000000000, 0.000000000000000000 ) ) ;
#3210 = FACE_OUTER_BOUND ( 'NONE', #4722, .T. ) ;
#3211 = DIRECTION ( 'NONE',  ( 0.000000000000000000, 0.000000000000000000, -1.000000000000000000 ) ) ;
#3212 = CARTESIAN_POINT ( 'NONE',  ( -23.81569860407218542, 112.9999999999999858, -58.24999999999938183 ) ) ;
#3213 = CIRCLE ( 'NONE', #4233, 12.50000000000000178 ) ;
#3214 = CARTESIAN_POINT ( 'NONE',  ( -13.51324361030259880, 110.9999999999999858, -72.21428467890163461 ) ) ;
#3215 = DIRECTION ( 'NONE',  ( -0.9928535775496396543, 0.000000000000000000, -0.1193389020683602447 ) ) ;
#3216 = EDGE_CURVE ( 'NONE', #6746, #3130, #1947, .T. ) ;
#3217 = VERTEX_POINT ( 'NONE', #3285 ) ;
#3218 = LINE ( 'NONE', #1209, #5230 ) ;
#3219 = EDGE_LOOP ( 'NONE', ( #4477, #4071, #6665, #188, #1489 ) ) ;
#3220 = CARTESIAN_POINT ( 'NONE',  ( -14.66063268840430744, 110.9999999999999858, -64.72340579881047518 ) ) ;
#3221 = EDGE_CURVE ( 'NONE', #837, #2153, #1039, .T. ) ;
#3222 = CARTESIAN_POINT ( 'NONE',  ( -7.578415887377865090, 111.0000000000000142, -85.64925159310188008 ) ) ;
#3223 = CARTESIAN_POINT ( 'NONE',  ( 12.78990417712426719, 105.4999999999999858, -77.92438612776582829 ) ) ;
#3224 = VERTEX_POINT ( 'NONE', #4906 ) ;
#3225 = CARTESIAN_POINT ( 'NONE',  ( 15.39403866162955126, 110.9999999999999858, -75.64891016945320246 ) ) ;
#3226 = CARTESIAN_POINT ( 'NONE',  ( 1.264283200125452478, 105.4999999999999858, -57.96142500677489551 ) ) ;
#3227 = CARTESIAN_POINT ( 'NONE',  ( 9.287159011798250319, 105.4999999999999858, -57.94010085487913386 ) ) ;
#3228 = CARTESIAN_POINT ( 'NONE',  ( 11.52562097700145927, 105.4999999999999858, -80.11418886550141849 ) ) ;
#3229 = FACE_BOUND ( 'NONE', #3052, .T. ) ;
#3230 = DIRECTION ( 'NONE',  ( 0.000000000000000000, 1.000000000000000000, 0.000000000000000000 ) ) ;
#3231 = VERTEX_POINT ( 'NONE', #2338 ) ;
#3232 = CARTESIAN_POINT ( 'NONE',  ( -4.912333406717775297, 105.4999999999999858, -86.59600410091076128 ) ) ;
#3233 = ORIENTED_EDGE ( 'NONE', *, *, #4473, .F. ) ;
#3234 = CARTESIAN_POINT ( 'NONE',  ( 0.000000000000000000, 105.4999999999999858, -71.99999999999998579 ) ) ;
#3235 = CARTESIAN_POINT ( 'NONE',  ( -11.71203505488228913, 105.4999999999999858, -67.63213612011449527 ) ) ;
#3236 = PLANE ( 'NONE',  #167 ) ;
#3237 = CARTESIAN_POINT ( 'NONE',  ( 0.000000000000000000, 105.4999999999999858, -71.99999999999998579 ) ) ;
#3238 = DIRECTION ( 'NONE',  ( 0.9928535775496396543, 0.000000000000000000, 0.1193389020683602447 ) ) ;
#3239 = LINE ( 'NONE', #6472, #5464 ) ;
#3240 = CARTESIAN_POINT ( 'NONE',  ( 12.04260137073259074, 105.4999999999999858, -68.64951462835165330 ) ) ;
#3241 = ORIENTED_EDGE ( 'NONE', *, *, #138, .F. ) ;
#3242 = EDGE_CURVE ( 'NONE', #234, #358, #3753, .T. ) ;
#3243 = DIRECTION ( 'NONE',  ( 0.000000000000000000, 1.000000000000000000, 0.000000000000000000 ) ) ;
#3244 = B_SPLINE_SURFACE_WITH_KNOTS ( 'NONE', 4, 1, ( 
 ( #6005, #3293 ),
 ( #6632, #578 ),
 ( #5481, #88 ),
 ( #657, #2267 ),
 ( #690, #3980 ),
 ( #1294, #2235 ),
 ( #6047, #2804 ),
 ( #2728, #2838 ),
 ( #4983, #2310 ),
 ( #5441, #4396 ),
 ( #4873, #6491 ),
 ( #4471, #6601 ),
 ( #6525, #1675 ),
 ( #3836, #119 ),
 ( #1786, #832 ),
 ( #1461, #2516 ),
 ( #5694, #302 ),
 ( #5163, #799 ),
 ( #6182, #1919 ) ),
 .UNSPECIFIED., .F., .F., .F.,
 ( 5, 1, 1, 1, 1, 1, 1, 1, 1, 1, 1, 1, 1, 1, 1, 5 ),
 ( 2, 2 ),
 ( 0.000000000000000000, 0.005376748248313690560, 0.01508368771682262396, 0.02853181967683027578, 0.04661013893542635678, 0.06485484867701551970, 0.09211052469974630175, 0.1194761750471190764, 0.1468424950126881179, 0.1742088532605756135, 0.2015749551777806792, 0.2289410129491928625, 0.2563073451819962711, 0.3070350317425281084, 0.3617673510343424881, 0.3768711599805257828 ),
 ( 0.000000000000000000, 1.000000000000000000 ),
 .UNSPECIFIED. ) ;
#3245 = CARTESIAN_POINT ( 'NONE',  ( -5.568177290555279768, 105.4999999999999858, -60.80869079772411823 ) ) ;
#3246 = ADVANCED_FACE ( 'NONE', ( #2229 ), #1606, .F. ) ;
#3247 = CARTESIAN_POINT ( 'NONE',  ( -10.43349690024121657, 105.4999999999999858, -59.38948389534548511 ) ) ;
#3248 = CARTESIAN_POINT ( 'NONE',  ( -15.21744136810878345, 105.4999999999999858, -78.02598143054433422 ) ) ;
#3249 = ORIENTED_EDGE ( 'NONE', *, *, #2918, .T. ) ;
#3250 = CARTESIAN_POINT ( 'NONE',  ( 12.55069571234569992, 105.4999999999999858, -68.94243836742080589 ) ) ;
#3251 = ORIENTED_EDGE ( 'NONE', *, *, #6055, .F. ) ;
#3252 = CARTESIAN_POINT ( 'NONE',  ( -14.29899089950515645, 105.4999999999999858, -65.23022666580682483 ) ) ;
#3253 = EDGE_CURVE ( 'NONE', #109, #1525, #2727, .T. ) ;
#3254 = CARTESIAN_POINT ( 'NONE',  ( 1.163414459189987063E-15, 112.9999999999999858, -107.9999999999999858 ) ) ;
#3255 = CARTESIAN_POINT ( 'NONE',  ( 10.51584916752390875, 110.9999999999999858, -58.64272047586636916 ) ) ;
#3256 = ORIENTED_EDGE ( 'NONE', *, *, #5591, .F. ) ;
#3257 = CARTESIAN_POINT ( 'NONE',  ( -14.38331250274236517, 105.4999999999999858, -62.93797365660373799 ) ) ;
#3258 = CARTESIAN_POINT ( 'NONE',  ( -9.201369441140746730, 110.9999999999999858, -62.10108737271424673 ) ) ;
#3259 = CARTESIAN_POINT ( 'NONE',  ( 7.472574093555586217, 110.9999999999999858, -59.02986162795101421 ) ) ;
#3260 = CARTESIAN_POINT ( 'NONE',  ( -10.80649035581139117, 110.9999999999999858, -63.88375474834019485 ) ) ;
#3261 = CARTESIAN_POINT ( 'NONE',  ( -13.74216322135147195, 105.4999999999999858, -68.86424652617267839 ) ) ;
#3262 = CARTESIAN_POINT ( 'NONE',  ( -4.599747802744301062, 105.4999999999999858, -58.46278485817502002 ) ) ;
#3263 = ORIENTED_EDGE ( 'NONE', *, *, #3461, .F. ) ;
#3264 = CARTESIAN_POINT ( 'NONE',  ( -6.309818809593902067, 105.4999999999999858, -87.78563228350536463 ) ) ;
#3265 = ORIENTED_EDGE ( 'NONE', *, *, #5137, .F. ) ;
#3266 = EDGE_CURVE ( 'NONE', #5974, #6547, #2276, .T. ) ;
#3267 = CARTESIAN_POINT ( 'NONE',  ( 0.000000000000000000, 105.4999999999999858, -71.99999999999998579 ) ) ;
#3268 = CARTESIAN_POINT ( 'NONE',  ( 4.481623000395146050, 105.4999999999999858, -56.56684369868685280 ) ) ;
#3269 = CARTESIAN_POINT ( 'NONE',  ( -1.686911345410014196, 110.9999999999999858, -86.09867404971171823 ) ) ;
#3270 = CARTESIAN_POINT ( 'NONE',  ( -9.586723778983101241, 110.9999999999999858, -61.66681428425850697 ) ) ;
#3271 = CARTESIAN_POINT ( 'NONE',  ( 5.445672500531541615, 110.9999999999999858, -87.11991763057547189 ) ) ;
#3272 = FACE_OUTER_BOUND ( 'NONE', #6771, .T. ) ;
#3273 = CARTESIAN_POINT ( 'NONE',  ( -6.907869425497703553, 110.9999999999999858, -82.41783758753580003 ) ) ;
#3274 = ORIENTED_EDGE ( 'NONE', *, *, #3242, .F. ) ;
#3275 = CARTESIAN_POINT ( 'NONE',  ( 0.000000000000000000, 110.9999999999999858, 0.000000000000000000 ) ) ;
#3276 = CARTESIAN_POINT ( 'NONE',  ( -11.56014483844734109, 105.4999999999999858, -80.14063086800126712 ) ) ;
#3277 = EDGE_CURVE ( 'NONE', #5706, #6752, #6434, .T. ) ;
#3278 = CARTESIAN_POINT ( 'NONE',  ( -9.854656579761735813, 110.9999999999999858, -61.25356058019922045 ) ) ;
#3279 = CARTESIAN_POINT ( 'NONE',  ( 14.10525394431036439, 110.9999999999999858, -72.20999043559534414 ) ) ;
#3280 = ORIENTED_EDGE ( 'NONE', *, *, #3721, .T. ) ;
#3281 = CARTESIAN_POINT ( 'NONE',  ( 0.000000000000000000, 105.4999999999999858, -71.99999999999998579 ) ) ;
#3282 = ORIENTED_EDGE ( 'NONE', *, *, #867, .F. ) ;
#3283 = CARTESIAN_POINT ( 'NONE',  ( -7.063938973382815512, 105.4999999999999858, -59.42696831733143625 ) ) ;
#3284 = VECTOR ( 'NONE', #3715, 1000.000000000000000 ) ;
#3285 = CARTESIAN_POINT ( 'NONE',  ( 16.82976034687748523, 114.9999999999999858, -49.75313783407850110 ) ) ;
#3286 = CARTESIAN_POINT ( 'NONE',  ( -12.24479387384988094, 110.9999999999999858, -80.98229083440880061 ) ) ;
#3287 = ORIENTED_EDGE ( 'NONE', *, *, #647, .T. ) ;
#3288 = CARTESIAN_POINT ( 'NONE',  ( 11.05839710391121145, 110.9999999999999858, -79.76952535790979937 ) ) ;
#3289 = VECTOR ( 'NONE', #1912, 1000.000000000000000 ) ;
#3290 = CARTESIAN_POINT ( 'NONE',  ( 1.264283200125452478, 110.9999999999999858, -57.96142500677489551 ) ) ;
#3291 = DIRECTION ( 'NONE',  ( 0.000000000000000000, 1.000000000000000000, 0.000000000000000000 ) ) ;
#3292 = CIRCLE ( 'NONE', #3649, 10.50000000000000888 ) ;
#3293 = CARTESIAN_POINT ( 'NONE',  ( 12.96079323228967617, 111.0000000000000000, -66.45943697439331288 ) ) ;
#3294 = CARTESIAN_POINT ( 'NONE',  ( 14.42053432646894429, 105.4999999999999858, -72.16896523960468812 ) ) ;
#3295 = EDGE_CURVE ( 'NONE', #1099, #2420, #4979, .T. ) ;
#3296 = CARTESIAN_POINT ( 'NONE',  ( -13.84067976988754545, 110.9999999999999858, -74.72724555622524178 ) ) ;
#3297 = ORIENTED_EDGE ( 'NONE', *, *, #6679, .F. ) ;
#3298 = B_SPLINE_SURFACE_WITH_KNOTS ( 'NONE', 3, 1, ( 
 ( #1477, #4139 ),
 ( #4066, #5810 ),
 ( #4168, #3606 ),
 ( #5248, #6268 ) ),
 .UNSPECIFIED., .F., .F., .F.,
 ( 4, 4 ),
 ( 2, 2 ),
 ( 0.000000000000000000, 1.000000000000000000 ),
 ( 0.000000000000000000, 1.000000000000000000 ),
 .UNSPECIFIED. ) ;
#3299 = CARTESIAN_POINT ( 'NONE',  ( -6.160994901029465787, 105.4999999999999858, -87.68356554839759553 ) ) ;
#3300 = ORIENTED_EDGE ( 'NONE', *, *, #5328, .T. ) ;
#3301 = DIRECTION ( 'NONE',  ( 0.000000000000000000, 0.000000000000000000, 1.000000000000000000 ) ) ;
#3302 = CARTESIAN_POINT ( 'NONE',  ( 4.402314712698689014, 105.4999999999999858, -56.23603478931848798 ) ) ;
#3303 = DIRECTION ( 'NONE',  ( 1.000000000000000000, 0.000000000000000000, 1.224646799147353207E-16 ) ) ;
#3304 =( NAMED_UNIT ( * ) PLANE_ANGLE_UNIT ( ) SI_UNIT ( $, .RADIAN. ) );
#3305 = CARTESIAN_POINT ( 'NONE',  ( 13.26572759404513135, 105.4999999999999858, -78.05150294632875330 ) ) ;
#3306 = CARTESIAN_POINT ( 'NONE',  ( 6.864983040961222471, 105.4999999999999858, -59.68935388788065666 ) ) ;
#3307 = CYLINDRICAL_SURFACE ( 'NONE', #6465, 16.99999999999860378 ) ;
#3308 = LINE ( 'NONE', #560, #3641 ) ;
#3309 = CIRCLE ( 'NONE', #386, 6.500000000000005329 ) ;
#3310 = ORIENTED_EDGE ( 'NONE', *, *, #3931, .T. ) ;
#3311 = DIRECTION ( 'NONE',  ( 0.9928535775496396543, 0.000000000000000000, 0.1193389020683599394 ) ) ;
#3312 = CARTESIAN_POINT ( 'NONE',  ( -12.82737368564782265, 105.4999999999999858, -82.16570009010541753 ) ) ;
#3313 = VECTOR ( 'NONE', #1014, 1000.000000000000000 ) ;
#3314 = DIRECTION ( 'NONE',  ( 0.000000000000000000, 0.000000000000000000, 1.000000000000000000 ) ) ;
#3315 = CIRCLE ( 'NONE', #6454, 26.49999999999996092 ) ;
#3316 = CIRCLE ( 'NONE', #1178, 11.00000000000012790 ) ;
#3317 = CARTESIAN_POINT ( 'NONE',  ( -12.83006555374513091, 110.9999999999999858, -77.94106366749058168 ) ) ;
#3318 = ORIENTED_EDGE ( 'NONE', *, *, #3773, .F. ) ;
#3319 = CARTESIAN_POINT ( 'NONE',  ( 1.655986041169590139, 110.9999999999999858, -86.48647392363950814 ) ) ;
#3320 = B_SPLINE_CURVE_WITH_KNOTS ( 'NONE', 4,
 ( #2144, #4306, #1095, #3932, #2900, #3469, #1803, #5465, #4931, #1770, #5004, #4381, #4003, #1273, #3966, #6065, #5040, #5611, #6098 ),
 .UNSPECIFIED., .F., .F.,
 ( 5, 1, 1, 1, 1, 1, 1, 1, 1, 1, 1, 1, 1, 1, 1, 5 ),
 ( 0.000000000000000000, 0.005376748248313690560, 0.01508368771682262223, 0.02853181967683027578, 0.04661013893542635678, 0.06485484867701551970, 0.09211052469974631562, 0.1194761750471190626, 0.1468424950126881179, 0.1742088532605756135, 0.2015749551777806792, 0.2289410129491928625, 0.2563073451819962711, 0.3070350317425281084, 0.3617673510343424326, 0.3768711599805257828 ),
 .UNSPECIFIED. ) ;
#3321 = DIRECTION ( 'NONE',  ( -0.9928535775496396543, 0.000000000000000000, -0.1193389020683602447 ) ) ;
#3322 = VECTOR ( 'NONE', #2767, 1000.000000000000000 ) ;
#3323 = VERTEX_POINT ( 'NONE', #1427 ) ;
#3324 = EDGE_CURVE ( 'NONE', #3224, #3363, #3533, .T. ) ;
#3325 = AXIS2_PLACEMENT_3D ( 'NONE', #1059, #2182, #3215 ) ;
#3326 = CARTESIAN_POINT ( 'NONE',  ( -12.97120147454641348, 105.4999999999999858, -66.45471216951833071 ) ) ;
#3327 = CARTESIAN_POINT ( 'NONE',  ( -13.01229113502208001, 110.9999999999999858, -63.00159729962454236 ) ) ;
#3328 = CIRCLE ( 'NONE', #3000, 12.50000000000012967 ) ;
#3329 = VECTOR ( 'NONE', #2139, 1000.000000000000000 ) ;
#3330 = CARTESIAN_POINT ( 'NONE',  ( 9.348592654702216009, 110.9999999999999858, -82.68747375312501902 ) ) ;
#3331 = DIRECTION ( 'NONE',  ( 0.000000000000000000, 1.000000000000000000, 0.000000000000000000 ) ) ;
#3332 = EDGE_LOOP ( 'NONE', ( #5494, #6384, #5375, #4, #4672 ) ) ;
#3333 = CARTESIAN_POINT ( 'NONE',  ( -9.052861137566610594, 105.4999999999999858, -58.04305032808315445 ) ) ;
#3334 = CARTESIAN_POINT ( 'NONE',  ( 6.125843526397059868, 110.9999999999999858, -60.62710735604116508 ) ) ;
#3335 = DIRECTION ( 'NONE',  ( 0.000000000000000000, -1.000000000000000000, -0.000000000000000000 ) ) ;
#3336 = ADVANCED_FACE ( 'NONE', ( #5586 ), #2909, .T. ) ;
#3337 = CARTESIAN_POINT ( 'NONE',  ( 7.588953712905743387, 105.4999999999999858, -85.88159764882477987 ) ) ;
#3338 = CARTESIAN_POINT ( 'NONE',  ( 1.463387188181047183, 105.4999999999999858, -57.30602119394536942 ) ) ;
#3339 = CARTESIAN_POINT ( 'NONE',  ( -10.00592381998683145, 110.9999999999999858, -83.13307421525584573 ) ) ;
#3340 = ORIENTED_EDGE ( 'NONE', *, *, #3048, .T. ) ;
#3341 = CARTESIAN_POINT ( 'NONE',  ( -4.169918821272929677, 105.4999999999999858, -85.50994436104630836 ) ) ;
#3342 = VERTEX_POINT ( 'NONE', #3581 ) ;
#3343 = DIRECTION ( 'NONE',  ( -0.000000000000000000, -1.000000000000000000, 0.000000000000000000 ) ) ;
#3344 = DIRECTION ( 'NONE',  ( -0.9928535775496396543, 0.000000000000000000, -0.1193389020683599394 ) ) ;
#3345 = EDGE_CURVE ( 'NONE', #6628, #5672, #223, .T. ) ;
#3346 = CARTESIAN_POINT ( 'NONE',  ( 9.638698607692804288, 105.4999999999999858, -64.04101205239879846 ) ) ;
#3347 = CARTESIAN_POINT ( 'NONE',  ( 2.509310537394801255, 110.9999999999999858, -55.67012407765945170 ) ) ;
#3348 = FACE_OUTER_BOUND ( 'NONE', #5769, .T. ) ;
#3349 = CARTESIAN_POINT ( 'NONE',  ( 8.923273903637747750, 105.4999999999999858, -62.65955949423158700 ) ) ;
#3350 = CARTESIAN_POINT ( 'NONE',  ( -0.5348675345779562162, 110.9999999999999858, -59.51144857397565602 ) ) ;
#3351 = DIRECTION ( 'NONE',  ( 0.000000000000000000, 1.000000000000000000, -0.000000000000000000 ) ) ;
#3352 = ORIENTED_EDGE ( 'NONE', *, *, #3885, .F. ) ;
#3353 = B_SPLINE_SURFACE_WITH_KNOTS ( 'NONE', 3, 1, ( 
 ( #3139, #6846 ),
 ( #5276, #627 ),
 ( #1714, #5839 ),
 ( #4327, #2204 ) ),
 .UNSPECIFIED., .F., .F., .F.,
 ( 4, 4 ),
 ( 2, 2 ),
 ( 0.000000000000000000, 1.000000000000000000 ),
 ( 0.000000000000000000, 1.000000000000000000 ),
 .UNSPECIFIED. ) ;
#3354 = CARTESIAN_POINT ( 'NONE',  ( 28.20834560355562459, 114.9999999999999858, -69.95276259427353693 ) ) ;
#3355 = B_SPLINE_CURVE_WITH_KNOTS ( 'NONE', 4,
 ( #5151, #1482, #3741, #6399, #1155, #3779, #1051, #4820, #5285, #558, #2705, #3847, #592, #5981, #4336, #456, #527, #2602, #4756 ),
 .UNSPECIFIED., .F., .F.,
 ( 5, 1, 1, 1, 1, 1, 1, 1, 1, 1, 1, 1, 1, 1, 1, 5 ),
 ( 0.000000000000000000, 0.005376748248313690560, 0.01508368771682262223, 0.02853181967683027578, 0.04661013893542635678, 0.06485484867701551970, 0.09211052469974631562, 0.1194761750471190626, 0.1468424950126881179, 0.1742088532605756135, 0.2015749551777806792, 0.2289410129491928625, 0.2563073451819962711, 0.3070350317425281084, 0.3617673510343424326, 0.3768711599805257828 ),
 .UNSPECIFIED. ) ;
#3356 = CARTESIAN_POINT ( 'NONE',  ( 23.81569860407268990, 112.4999999999999858, -58.24999999999947420 ) ) ;
#3357 = CARTESIAN_POINT ( 'NONE',  ( -10.21301439205561401, 105.4999999999999858, -83.23881055425104591 ) ) ;
#3358 = CARTESIAN_POINT ( 'NONE',  ( 16.42958139039598819, 105.4999999999999858, -69.38856471327328279 ) ) ;
#3359 = ORIENTED_EDGE ( 'NONE', *, *, #4068, .F. ) ;
#3360 = LINE ( 'NONE', #1626, #397 ) ;
#3361 = B_SPLINE_CURVE_WITH_KNOTS ( 'NONE', 4,
 ( #726, #688, #1814, #195, #6522, #2801, #4429, #3977, #2233, #654, #2914, #1783, #6112, #4944, #1181, #5052, #116, #1747, #1290 ),
 .UNSPECIFIED., .F., .F.,
 ( 5, 1, 1, 1, 1, 1, 1, 1, 1, 1, 1, 1, 1, 1, 1, 5 ),
 ( 0.000000000000000000, 0.01510380894618329473, 0.06983612823799767444, 0.1205638147985295117, 0.1479301470313329203, 0.1752962048027451036, 0.2026623067199501693, 0.2300286649678376372, 0.2573949849334067341, 0.2847606352807794949, 0.3120163113035102631, 0.3302610210450994122, 0.3483393403036955105, 0.3617874722637031693, 0.3714944117322120931, 0.3768711599805257828 ),
 .UNSPECIFIED. ) ;
#3362 = CARTESIAN_POINT ( 'NONE',  ( -3.119695238510569180, 110.9999999999999858, -84.10444140052790374 ) ) ;
#3363 = VERTEX_POINT ( 'NONE', #3479 ) ;
#3364 = EDGE_CURVE ( 'NONE', #1464, #2485, #1389, .T. ) ;
#3365 = CARTESIAN_POINT ( 'NONE',  ( 3.627421808711214890, 105.4999999999999858, -84.39800213836194587 ) ) ;
#3366 = DIRECTION ( 'NONE',  ( 0.000000000000000000, 1.000000000000000000, -0.000000000000000000 ) ) ;
#3367 = B_SPLINE_SURFACE_WITH_KNOTS ( 'NONE', 4, 1, ( 
 ( #5731, #1467 ),
 ( #273, #4126 ),
 ( #3520, #308 ),
 ( #411, #2523 ),
 ( #5799, #1405 ),
 ( #2457, #907 ),
 ( #1500, #6772 ),
 ( #2028, #3659 ),
 ( #4186, #838 ),
 ( #376, #2422 ),
 ( #4615, #4582 ),
 ( #1925, #6737 ),
 ( #5700, #6705 ),
 ( #4087, #6220 ),
 ( #1961, #3626 ),
 ( #3559, #3030 ),
 ( #5169, #5761 ),
 ( #4685, #1995 ),
 ( #4158, #6287 ) ),
 .UNSPECIFIED., .F., .F., .F.,
 ( 5, 1, 1, 1, 1, 1, 1, 1, 1, 1, 1, 1, 1, 1, 1, 5 ),
 ( 2, 2 ),
 ( 0.000000000000000000, 0.01510380894618329473, 0.06983612823799767444, 0.1205638147985295117, 0.1479301470313329203, 0.1752962048027451036, 0.2026623067199501693, 0.2300286649678376649, 0.2573949849334067341, 0.2847606352807794949, 0.3120163113035102631, 0.3302610210450994122, 0.3483393403036955105, 0.3617874722637031693, 0.3714944117322120931, 0.3768711599805257828 ),
 ( 0.000000000000000000, 1.000000000000000000 ),
 .UNSPECIFIED. ) ;
#3368 = B_SPLINE_CURVE_WITH_KNOTS ( 'NONE', 4,
 ( #3752, #503, #5392, #2119, #4830, #3155 ),
 .UNSPECIFIED., .F., .F.,
 ( 5, 1, 5 ),
 ( 0.3109028949708054212, 0.3617673510343424881, 0.3768711599805257828 ),
 .UNSPECIFIED. ) ;
#3369 = DIRECTION ( 'NONE',  ( 0.000000000000000000, 0.000000000000000000, 1.000000000000000000 ) ) ;
#3370 = CARTESIAN_POINT ( 'NONE',  ( -12.82737368564782265, 110.9999999999999858, -82.16570009010541753 ) ) ;
#3371 = ORIENTED_EDGE ( 'NONE', *, *, #3912, .T. ) ;
#3372 = CARTESIAN_POINT ( 'NONE',  ( -15.95310383445450242, 105.4999999999999858, -77.87354050356898938 ) ) ;
#3373 = CARTESIAN_POINT ( 'NONE',  ( -14.23401782766437762, 105.4999999999999858, -68.83883676622529890 ) ) ;
#3374 = CARTESIAN_POINT ( 'NONE',  ( 23.81569860407268990, 114.9999999999999858, -58.24999999999947420 ) ) ;
#3375 = ADVANCED_FACE ( 'NONE', ( #259 ), #2408, .F. ) ;
#3376 = CARTESIAN_POINT ( 'NONE',  ( 7.452998935104909073, 110.9999999999999858, -84.74783597669184587 ) ) ;
#3377 = CARTESIAN_POINT ( 'NONE',  ( 10.85146761674003635, 112.4999999999999858, -97.69843108296063861 ) ) ;
#3378 = CARTESIAN_POINT ( 'NONE',  ( -12.18490139587479071, 105.4999999999999858, -83.85445814758146810 ) ) ;
#3379 = VERTEX_POINT ( 'NONE', #682 ) ;
#3380 = DIRECTION ( 'NONE',  ( 0.9928535775496396543, 0.000000000000000000, 0.1193389020683599394 ) ) ;
#3381 = ORIENTED_EDGE ( 'NONE', *, *, #632, .T. ) ;
#3382 = DIRECTION ( 'NONE',  ( 0.000000000000000000, 1.000000000000000000, 0.000000000000000000 ) ) ;
#3383 = EDGE_CURVE ( 'NONE', #1525, #5026, #3082, .T. ) ;
#3384 = CARTESIAN_POINT ( 'NONE',  ( 16.24164866452739275, 110.9999999999999858, -76.48786532100182001 ) ) ;
#3385 = CARTESIAN_POINT ( 'NONE',  ( -0.8797706761290331468, 110.9999999999999858, -88.61254774193008643 ) ) ;
#3386 = FILL_AREA_STYLE_COLOUR ( '', #717 ) ;
#3387 = CARTESIAN_POINT ( 'NONE',  ( 9.614995609776064711, 105.4999999999999858, -61.63377218854790129 ) ) ;
#3388 = CARTESIAN_POINT ( 'NONE',  ( -23.81569860407218542, 110.9999999999999858, -58.24999999999938183 ) ) ;
#3389 = CARTESIAN_POINT ( 'NONE',  ( -23.81569860407218542, 113.4999999999999858, -45.74999999999930367 ) ) ;
#3390 = DIRECTION ( 'NONE',  ( 0.000000000000000000, -1.000000000000000000, 0.000000000000000000 ) ) ;
#3391 = ORIENTED_EDGE ( 'NONE', *, *, #5145, .T. ) ;
#3392 = EDGE_CURVE ( 'NONE', #1812, #2485, #4098, .T. ) ;
#3393 = CARTESIAN_POINT ( 'NONE',  ( 12.43211974918900431, 105.4999999999999858, -66.69942745194822464 ) ) ;
#3394 = DIRECTION ( 'NONE',  ( 0.000000000000000000, 0.000000000000000000, 1.000000000000000000 ) ) ;
#3395 = CARTESIAN_POINT ( 'NONE',  ( -14.28918325238663734, 105.4999999999999858, -74.90163031562420315 ) ) ;
#3396 = CARTESIAN_POINT ( 'NONE',  ( 16.79676503880293481, 105.4999999999999858, -69.55769119555499458 ) ) ;
#3397 = ORIENTED_EDGE ( 'NONE', *, *, #607, .T. ) ;
#3398 = CARTESIAN_POINT ( 'NONE',  ( 1.685579019668606460, 110.9999999999999858, -86.03800708731080249 ) ) ;
#3399 = DIRECTION ( 'NONE',  ( 0.000000000000000000, -1.000000000000000000, 0.000000000000000000 ) ) ;
#3400 = VERTEX_POINT ( 'NONE', #5584 ) ;
#3401 = CARTESIAN_POINT ( 'NONE',  ( -13.37364744969654851, 105.4999999999999858, -66.19088901812727954 ) ) ;
#3402 = DIRECTION ( 'NONE',  ( 0.000000000000000000, 0.000000000000000000, 1.000000000000000000 ) ) ;
#3403 = CARTESIAN_POINT ( 'NONE',  ( 11.31448124629172725, 110.9999999999999858, -63.52124220525865184 ) ) ;
#3404 = CARTESIAN_POINT ( 'NONE',  ( -12.93421037838732879, 105.4999999999999858, -82.46216711815006306 ) ) ;
#3405 = ORIENTED_EDGE ( 'NONE', *, *, #6581, .F. ) ;
#3406 = CARTESIAN_POINT ( 'NONE',  ( -15.92193086976139504, 110.9999999999999858, -77.88118231681019665 ) ) ;
#3407 = CARTESIAN_POINT ( 'NONE',  ( -15.54729956731755891, 105.4999999999999858, -69.07212570201757273 ) ) ;
#3408 = CARTESIAN_POINT ( 'NONE',  ( 0.000000000000000000, 110.9999999999999858, -71.99999999999998579 ) ) ;
#3409 = DIRECTION ( 'NONE',  ( 0.9864970560672782218, 0.000000000000000000, -0.1637789924581098677 ) ) ;
#3410 = CARTESIAN_POINT ( 'NONE',  ( 15.81629306545688785, 105.4999999999999858, -71.63142787913491816 ) ) ;
#3411 = CARTESIAN_POINT ( 'NONE',  ( -12.97120147454641348, 105.4999999999999858, -66.45471216951833071 ) ) ;
#3412 = AXIS2_PLACEMENT_3D ( 'NONE', #672, #3351, #212 ) ;
#3413 = ORIENTED_EDGE ( 'NONE', *, *, #4904, .T. ) ;
#3414 = CARTESIAN_POINT ( 'NONE',  ( -4.235701275212803374, 105.4999999999999858, -85.65550102896506246 ) ) ;
#3415 = EDGE_LOOP ( 'NONE', ( #705, #4401, #501, #6650 ) ) ;
#3416 = DIRECTION ( 'NONE',  ( 7.855351589328951572E-16, 0.000000000000000000, 1.000000000000000000 ) ) ;
#3417 = EDGE_CURVE ( 'NONE', #2412, #79, #6329, .T. ) ;
#3418 = DIRECTION ( 'NONE',  ( 0.000000000000000000, -1.000000000000000000, 0.000000000000000000 ) ) ;
#3419 = CARTESIAN_POINT ( 'NONE',  ( 5.072420675084215347, 105.4999999999999858, -86.76499254686007134 ) ) ;
#3420 = AXIS2_PLACEMENT_3D ( 'NONE', #866, #6758, #5048 ) ;
#3421 = DIRECTION ( 'NONE',  ( 0.000000000000000000, 1.000000000000000000, -0.000000000000000000 ) ) ;
#3422 = CARTESIAN_POINT ( 'NONE',  ( 10.18434364179321427, 105.4999999999999858, -60.44779242747527803 ) ) ;
#3423 = CARTESIAN_POINT ( 'NONE',  ( -1.685579019668632661, 105.4999999999999858, -86.03800708731080249 ) ) ;
#3424 = CARTESIAN_POINT ( 'NONE',  ( -16.07133587230408622, 105.4999999999999858, -76.29684793774167417 ) ) ;
#3425 = CARTESIAN_POINT ( 'NONE',  ( 2.073336447187903442, 110.9999999999999858, -84.32685182748465991 ) ) ;
#3426 = ORIENTED_EDGE ( 'NONE', *, *, #840, .T. ) ;
#3427 = MECHANICAL_DESIGN_GEOMETRIC_PRESENTATION_REPRESENTATION (  '', ( #5665 ), #2972 ) ;
#3428 = DIRECTION ( 'NONE',  ( 0.000000000000000000, 1.000000000000000000, 0.000000000000000000 ) ) ;
#3429 = CARTESIAN_POINT ( 'NONE',  ( -14.09382379057604950, 105.4999999999999858, -72.21007334604077244 ) ) ;
#3430 = CARTESIAN_POINT ( 'NONE',  ( -14.02344611070620672, 105.4999999999999858, -74.78510912270678546 ) ) ;
#3431 = VECTOR ( 'NONE', #1700, 1000.000000000000000 ) ;
#3432 = CARTESIAN_POINT ( 'NONE',  ( 4.590925677246917580, 105.4999999999999858, -60.37359034671514735 ) ) ;
#3433 = ORIENTED_EDGE ( 'NONE', *, *, #5898, .F. ) ;
#3434 = CARTESIAN_POINT ( 'NONE',  ( 7.508918062289791528, 105.4999999999999858, -87.25175889967351850 ) ) ;
#3435 = VECTOR ( 'NONE', #3382, 1000.000000000000000 ) ;
#3436 = CARTESIAN_POINT ( 'NONE',  ( -7.653155418720497316, 110.9999999999999858, -58.88337933063986185 ) ) ;
#3437 = CIRCLE ( 'NONE', #44, 12.50000000000012967 ) ;
#3438 = EDGE_CURVE ( 'NONE', #6012, #2752, #6331, .T. ) ;
#3439 = DIRECTION ( 'NONE',  ( 0.000000000000000000, 0.000000000000000000, 1.000000000000000000 ) ) ;
#3440 = ORIENTED_EDGE ( 'NONE', *, *, #5270, .F. ) ;
#3441 = AXIS2_PLACEMENT_3D ( 'NONE', #2746, #2218, #6585 ) ;
#3442 = CARTESIAN_POINT ( 'NONE',  ( 10.85146761674003635, 113.4999999999999858, -97.69843108296063861 ) ) ;
#3443 = CIRCLE ( 'NONE', #2641, 16.99999999999860378 ) ;
#3444 = CARTESIAN_POINT ( 'NONE',  ( -9.423698307941455354, 110.9999999999999858, -82.75210601909259367 ) ) ;
#3446 = ORIENTED_EDGE ( 'NONE', *, *, #6071, .F. ) ;
#3445 = VECTOR ( 'NONE', #6360, 1000.000000000000000 ) ;
#3447 = CARTESIAN_POINT ( 'NONE',  ( 13.84067976986820980, 110.9999999999999858, -74.72724555625711673 ) ) ;
#3448 = CARTESIAN_POINT ( 'NONE',  ( -14.07028120408034333, 105.4999999999999858, -68.83652938196551929 ) ) ;
#3449 = CARTESIAN_POINT ( 'NONE',  ( 12.24479387382671547, 110.9999999999999858, -80.98229083442390674 ) ) ;
#3450 = AXIS2_PLACEMENT_3D ( 'NONE', #5537, #3399, #6035 ) ;
#3451 = TOROIDAL_SURFACE ( 'NONE', #3561, 10.50000000000000888, 2.000000000000000000 ) ;
#3452 = CARTESIAN_POINT ( 'NONE',  ( 7.559952289157678251, 105.4999999999999858, -85.41720822668483493 ) ) ;
#3453 = CARTESIAN_POINT ( 'NONE',  ( 14.09382379058831880, 105.4999999999999858, -72.21007334607602957 ) ) ;
#3454 = CARTESIAN_POINT ( 'NONE',  ( -12.18490139587479071, 110.9999999999999858, -83.85445814758146810 ) ) ;
#3455 = ORIENTED_EDGE ( 'NONE', *, *, #3633, .F. ) ;
#3456 = CARTESIAN_POINT ( 'NONE',  ( -7.234484023927618246, 105.4999999999999858, -84.11051302480868230 ) ) ;
#3457 = ORIENTED_EDGE ( 'NONE', *, *, #5777, .T. ) ;
#3458 = CARTESIAN_POINT ( 'NONE',  ( 9.714451465470119729E-14, 112.4999999999999858, -54.28342443435889919 ) ) ;
#3459 = CARTESIAN_POINT ( 'NONE',  ( 23.81569860407268990, 113.4999999999999858, -58.24999999999947420 ) ) ;
#3460 = CARTESIAN_POINT ( 'NONE',  ( -13.82951663050654290, 105.4999999999999858, -74.72478799495083024 ) ) ;
#3461 = EDGE_CURVE ( 'NONE', #93, #4637, #2396, .T. ) ;
#3462 = CARTESIAN_POINT ( 'NONE',  ( 13.66909548869243629, 110.9999999999999858, -78.10079351356037591 ) ) ;
#3463 = LINE ( 'NONE', #6092, #958 ) ;
#3464 = FACE_OUTER_BOUND ( 'NONE', #3937, .T. ) ;
#3465 = CARTESIAN_POINT ( 'NONE',  ( 12.92676554766021546, 110.9999999999999858, -82.44760176473015179 ) ) ;
#3466 = ORIENTED_EDGE ( 'NONE', *, *, #1261, .T. ) ;
#3467 = DIRECTION ( 'NONE',  ( 0.9362210075418833100, -0.000000000000000000, 0.3514117599586857321 ) ) ;
#3468 = CARTESIAN_POINT ( 'NONE',  ( -14.09382379057604950, 110.9999999999999858, -72.21007334604077244 ) ) ;
#3469 = CARTESIAN_POINT ( 'NONE',  ( -7.356595353083648092, 110.9999999999999858, -84.40406644306823125 ) ) ;
#3470 = EDGE_CURVE ( 'NONE', #5075, #4219, #4013, .T. ) ;
#3471 = CARTESIAN_POINT ( 'NONE',  ( 13.75336083684422483, 105.4999999999999858, -68.86195116231083091 ) ) ;
#3472 = ORIENTED_EDGE ( 'NONE', *, *, #208, .T. ) ;
#3473 = DIRECTION ( 'NONE',  ( -1.000000000000000000, 0.000000000000000000, 0.000000000000000000 ) ) ;
#3474 = CARTESIAN_POINT ( 'NONE',  ( -8.470279130379612553, 105.4999999999999858, -58.34270782358785823 ) ) ;
#3475 = EDGE_CURVE ( 'NONE', #4784, #6859, #1130, .T. ) ;
#3476 = B_SPLINE_SURFACE_WITH_KNOTS ( 'NONE', 3, 1, ( 
 ( #3791, #5924 ),
 ( #4277, #1098 ),
 ( #3250, #1167 ),
 ( #2714, #1735 ) ),
 .UNSPECIFIED., .F., .F., .F.,
 ( 4, 4 ),
 ( 2, 2 ),
 ( 0.000000000000000000, 1.000000000000000000 ),
 ( 0.000000000000000000, 1.000000000000000000 ),
 .UNSPECIFIED. ) ;
#3477 = DIRECTION ( 'NONE',  ( -0.000000000000000000, -1.000000000000000000, 0.000000000000000000 ) ) ;
#3478 = ORIENTED_EDGE ( 'NONE', *, *, #5347, .F. ) ;
#3479 = CARTESIAN_POINT ( 'NONE',  ( 14.72243186433610163, 110.9999999999999858, -63.49999999999953104 ) ) ;
#3480 = EDGE_LOOP ( 'NONE', ( #4075, #3397, #944 ) ) ;
#3481 = EDGE_CURVE ( 'NONE', #4492, #3973, #2555, .T. ) ;
#3482 = CARTESIAN_POINT ( 'NONE',  ( 1.281230874829494937, 110.9999999999999858, -57.85868721467801379 ) ) ;
#3483 = CARTESIAN_POINT ( 'NONE',  ( 0.000000000000000000, 113.4999999999999858, -99.49999999999997158 ) ) ;
#3484 = DIRECTION ( 'NONE',  ( 0.000000000000000000, 1.000000000000000000, -0.000000000000000000 ) ) ;
#3485 = CARTESIAN_POINT ( 'NONE',  ( 14.95365000612542872, 110.9999999999999858, -64.23337666834989079 ) ) ;
#3486 = FACE_OUTER_BOUND ( 'NONE', #5596, .T. ) ;
#3487 = VERTEX_POINT ( 'NONE', #4463 ) ;
#3488 = CARTESIAN_POINT ( 'NONE',  ( -7.560642406434548768, 105.4999999999999858, -86.81848255802552217 ) ) ;
#3489 = ORIENTED_EDGE ( 'NONE', *, *, #5045, .T. ) ;
#3490 = DIRECTION ( 'NONE',  ( 0.000000000000000000, -1.000000000000000000, 0.000000000000000000 ) ) ;
#3491 = CARTESIAN_POINT ( 'NONE',  ( 4.612637021816291316, 105.4999999999999858, -86.24034524437738014 ) ) ;
#3492 = CARTESIAN_POINT ( 'NONE',  ( -15.28247214664865794, 110.9999999999999716, -78.01232068787722085 ) ) ;
#3493 = CARTESIAN_POINT ( 'NONE',  ( 1.891761547942409027, 110.9999999999999858, -56.50304240635152553 ) ) ;
#3494 = CARTESIAN_POINT ( 'NONE',  ( -1.174955163963969262, 105.4999999999999858, -88.02768662349954809 ) ) ;
#3495 = CARTESIAN_POINT ( 'NONE',  ( -13.92992009983567137, 110.9999999999999858, -74.75238185204786134 ) ) ;
#3496 = EDGE_CURVE ( 'NONE', #124, #5974, #4502, .T. ) ;
#3497 = CARTESIAN_POINT ( 'NONE',  ( -28.20834560355562459, 114.9999999999999858, -69.95276259427352272 ) ) ;
#3498 = ORIENTED_EDGE ( 'NONE', *, *, #1753, .T. ) ;
#3499 = CARTESIAN_POINT ( 'NONE',  ( 0.6562887717702948764, 105.4999999999999858, -88.98732718964346589 ) ) ;
#3500 = CARTESIAN_POINT ( 'NONE',  ( -16.35281189707507821, 110.9999999999999858, -71.31551694544440068 ) ) ;
#3501 = CARTESIAN_POINT ( 'NONE',  ( -2.593397313759192802, 111.0000000000000000, -55.56756167534865654 ) ) ;
#3502 = CARTESIAN_POINT ( 'NONE',  ( 7.773303275923859168, 105.4999999999999858, -81.78906309002609021 ) ) ;
#3503 = ORIENTED_EDGE ( 'NONE', *, *, #4616, .F. ) ;
#3504 = DIRECTION ( 'NONE',  ( 0.000000000000000000, 1.000000000000000000, -0.000000000000000000 ) ) ;
#3505 = CARTESIAN_POINT ( 'NONE',  ( 13.94386143009598555, 110.9999999999999858, -68.84047439269954793 ) ) ;
#3506 = EDGE_CURVE ( 'NONE', #1004, #1994, #4495, .T. ) ;
#3507 = LINE ( 'NONE', #398, #3865 ) ;
#3508 = ORIENTED_EDGE ( 'NONE', *, *, #2278, .F. ) ;
#3509 = CARTESIAN_POINT ( 'NONE',  ( 16.06270153686928026, 110.9999999999999858, -71.49316918415537714 ) ) ;
#3510 = ORIENTED_EDGE ( 'NONE', *, *, #182, .T. ) ;
#3511 = CARTESIAN_POINT ( 'NONE',  ( 1.265560432817239178, 105.4999999999999858, -57.95006613513601934 ) ) ;
#3512 = CARTESIAN_POINT ( 'NONE',  ( 14.88015469111950573, 110.9999999999999858, -78.07027631222717901 ) ) ;
#3513 = DIRECTION ( 'NONE',  ( 0.9928535775496395432, 0.000000000000000000, 0.1193389020683610080 ) ) ;
#3514 = CARTESIAN_POINT ( 'NONE',  ( -4.169918821272929677, 110.9999999999999858, -85.50994436104630836 ) ) ;
#3515 = CARTESIAN_POINT ( 'NONE',  ( 1.269920715327804706, 105.4999999999999858, -57.91830546449197925 ) ) ;
#3516 = DIRECTION ( 'NONE',  ( 0.000000000000000000, -1.000000000000000000, 0.000000000000000000 ) ) ;
#3517 = VERTEX_POINT ( 'NONE', #2406 ) ;
#3518 = CARTESIAN_POINT ( 'NONE',  ( -11.27866494759071081, 105.4999999999999858, -63.54590532044537809 ) ) ;
#3519 = ORIENTED_EDGE ( 'NONE', *, *, #4840, .T. ) ;
#3520 = CARTESIAN_POINT ( 'NONE',  ( 14.20291810990396542, 105.4999999999999858, -62.93307088123231807 ) ) ;
#3521 = LINE ( 'NONE', #4088, #4014 ) ;
#3522 = EDGE_CURVE ( 'NONE', #6867, #2438, #25, .T. ) ;
#3523 = FACE_OUTER_BOUND ( 'NONE', #2006, .T. ) ;
#3524 = CIRCLE ( 'NONE', #6105, 16.99999999999859668 ) ;
#3525 = DIRECTION ( 'NONE',  ( 0.000000000000000000, 1.000000000000000000, 0.000000000000000000 ) ) ;
#3526 = CARTESIAN_POINT ( 'NONE',  ( 1.285879139104722803E-15, 110.9999999999999858, -109.9999999999999858 ) ) ;
#3527 = CARTESIAN_POINT ( 'NONE',  ( -14.83960264434360532, 105.4999999999999858, -75.22532463559350902 ) ) ;
#3528 = DIRECTION ( 'NONE',  ( 0.3514117599586664142, 0.000000000000000000, 0.9362210075418905264 ) ) ;
#3529 = VERTEX_POINT ( 'NONE', #2940 ) ;
#3530 = B_SPLINE_SURFACE_WITH_KNOTS ( 'NONE', 3, 1, ( 
 ( #5670, #5768 ),
 ( #6194, #4135 ),
 ( #1507, #315 ),
 ( #1900, #2002 ) ),
 .UNSPECIFIED., .F., .F., .F.,
 ( 4, 4 ),
 ( 2, 2 ),
 ( 0.000000000000000000, 1.000000000000000000 ),
 ( 0.000000000000000000, 1.000000000000000000 ),
 .UNSPECIFIED. ) ;
#3531 = ORIENTED_EDGE ( 'NONE', *, *, #230, .T. ) ;
#3532 = CARTESIAN_POINT ( 'NONE',  ( -13.06318720347620399, 110.9999999999999858, -82.87902293806240550 ) ) ;
#3533 = CIRCLE ( 'NONE', #5092, 16.99999999999859668 ) ;
#3534 = FACE_OUTER_BOUND ( 'NONE', #6713, .T. ) ;
#3535 = ADVANCED_FACE ( 'NONE', ( #5540 ), #2227, .F. ) ;
#3536 = CARTESIAN_POINT ( 'NONE',  ( -1.304002731850623764, 105.4999999999999858, -57.76225261775611131 ) ) ;
#3537 = LINE ( 'NONE', #6300, #2430 ) ;
#3538 = ORIENTED_EDGE ( 'NONE', *, *, #2464, .F. ) ;
#3539 = CARTESIAN_POINT ( 'NONE',  ( 9.523655234390220770, 105.4999999999999858, -82.82960527856560873 ) ) ;
#3540 = AXIS2_PLACEMENT_3D ( 'NONE', #3852, #2330, #3314 ) ;
#3541 = CARTESIAN_POINT ( 'NONE',  ( 14.42701580430001407, 110.9999999999999858, -68.85107475512803887 ) ) ;
#3542 = CARTESIAN_POINT ( 'NONE',  ( 1.371576636564633578, 110.9999999999999858, -87.55163123096370725 ) ) ;
#3543 = ORIENTED_EDGE ( 'NONE', *, *, #3737, .T. ) ;
#3544 = DIRECTION ( 'NONE',  ( -0.9928535775496396543, 0.000000000000000000, -0.1193389020683603002 ) ) ;
#3545 = EDGE_CURVE ( 'NONE', #2896, #1812, #6318, .T. ) ;
#3546 = AXIS2_PLACEMENT_3D ( 'NONE', #1160, #4962, #6681 ) ;
#3547 = ORIENTED_EDGE ( 'NONE', *, *, #891, .F. ) ;
#3548 = CARTESIAN_POINT ( 'NONE',  ( 1.656495109874787319, 110.9999999999999858, -56.90455202394966960 ) ) ;
#3549 = CIRCLE ( 'NONE', #2296, 16.99999999999860378 ) ;
#3550 = CARTESIAN_POINT ( 'NONE',  ( 13.45705252280094122, 110.9999999999999858, -78.07965892252398987 ) ) ;
#3551 = TOROIDAL_SURFACE ( 'NONE', #500, 11.00000000000013145, 1.500000000000000000 ) ;
#3552 = AXIS2_PLACEMENT_3D ( 'NONE', #4397, #1144, #1818 ) ;
#3553 = FACE_OUTER_BOUND ( 'NONE', #4246, .T. ) ;
#3554 = CARTESIAN_POINT ( 'NONE',  ( 13.24253798507802493, 110.9999999999999858, -66.28899770383252132 ) ) ;
#3555 = DIRECTION ( 'NONE',  ( -0.9928535775496396543, 0.000000000000000000, -0.1193389020683602447 ) ) ;
#3556 = ORIENTED_EDGE ( 'NONE', *, *, #2121, .T. ) ;
#3557 = CARTESIAN_POINT ( 'NONE',  ( 9.940557158858839060, 110.9999999999999858, -61.08030043512599150 ) ) ;
#3558 = ORIENTED_EDGE ( 'NONE', *, *, #4006, .F. ) ;
#3559 = CARTESIAN_POINT ( 'NONE',  ( 11.36635421403038215, 105.4999999999999858, -63.48975489611957812 ) ) ;
#3560 = TOROIDAL_SURFACE ( 'NONE', #4127, 11.00000000000013145, 1.500000000000000000 ) ;
#3561 = AXIS2_PLACEMENT_3D ( 'NONE', #2817, #6538, #1687 ) ;
#3562 = EDGE_CURVE ( 'NONE', #6615, #6294, #6410, .T. ) ;
#3563 = CARTESIAN_POINT ( 'NONE',  ( -12.96079323226404156, 110.9999999999999858, -66.45943697436599962 ) ) ;
#3564 = CARTESIAN_POINT ( 'NONE',  ( 9.274493938803244575, 110.9999999999999858, -82.61431872660638476 ) ) ;
#3565 = CARTESIAN_POINT ( 'NONE',  ( -1.264283200091607995, 105.4999999999999858, -57.96142500675897935 ) ) ;
#3566 = CARTESIAN_POINT ( 'NONE',  ( -6.125843526393073724, 105.4999999999999858, -60.62710735602900058 ) ) ;
#3567 = CARTESIAN_POINT ( 'NONE',  ( -4.234218955516215743, 110.9999999999999858, -55.69038699667759573 ) ) ;
#3568 = ORIENTED_EDGE ( 'NONE', *, *, #3324, .F. ) ;
#3569 = CARTESIAN_POINT ( 'NONE',  ( -1.286699764493399734, 105.4999999999999858, -87.76817603455616279 ) ) ;
#3570 = ORIENTED_EDGE ( 'NONE', *, *, #6799, .F. ) ;
#3571 = CARTESIAN_POINT ( 'NONE',  ( 11.52562097700145927, 110.9999999999999858, -80.11418886550141849 ) ) ;
#3572 = EDGE_CURVE ( 'NONE', #1892, #4660, #5750, .T. ) ;
#3573 = CARTESIAN_POINT ( 'NONE',  ( -14.13729640029541379, 110.9999999999999858, -72.20897393322819369 ) ) ;
#3574 = CARTESIAN_POINT ( 'NONE',  ( 16.66286363734649001, 110.9999999999999858, -69.49379532268585535 ) ) ;
#3575 = DIRECTION ( 'NONE',  ( 0.000000000000000000, 1.000000000000000000, 0.000000000000000000 ) ) ;
#3576 = EDGE_LOOP ( 'NONE', ( #3849, #3595, #383 ) ) ;
#3577 = CARTESIAN_POINT ( 'NONE',  ( -2.019805852948201252, 110.9999999999999858, -56.30887652023935885 ) ) ;
#3578 = CARTESIAN_POINT ( 'NONE',  ( -14.95365000611921324, 110.9999999999999858, -64.23337666833994319 ) ) ;
#3579 = CARTESIAN_POINT ( 'NONE',  ( 1.286699764493370202, 105.4999999999999858, -87.76817603455613437 ) ) ;
#3580 = EDGE_LOOP ( 'NONE', ( #537, #3556, #4658 ) ) ;
#3581 = CARTESIAN_POINT ( 'NONE',  ( 9.586723779017560787, 110.9999999999999858, -61.66681428427300915 ) ) ;
#3582 = EDGE_CURVE ( 'NONE', #1113, #3517, #3507, .T. ) ;
#3583 = ORIENTED_EDGE ( 'NONE', *, *, #6080, .F. ) ;
#3584 = CARTESIAN_POINT ( 'NONE',  ( 1.285879139104722014E-15, 112.9999999999999858, -109.9999999999999858 ) ) ;
#3585 = B_SPLINE_CURVE_WITH_KNOTS ( 'NONE', 3,
 ( #6295, #1970, #3670, #4137 ),
 .UNSPECIFIED., .F., .F.,
 ( 4, 4 ),
 ( 0.000000000000000000, 1.000000000000000000 ),
 .UNSPECIFIED. ) ;
#3586 = CARTESIAN_POINT ( 'NONE',  ( -4.173811205964238269, 110.9999999999999858, -55.52033677477236040 ) ) ;
#3587 = APPLICATION_PROTOCOL_DEFINITION ( 'draft international standard', 'automotive_design', 1998, #229 ) ;
#3588 = B_SPLINE_SURFACE_WITH_KNOTS ( 'NONE', 4, 1, ( 
 ( #278, #2324 ),
 ( #5604, #6742 ),
 ( #4997, #6128 ),
 ( #2359, #3495 ),
 ( #703, #176 ),
 ( #3003, #5067 ),
 ( #2429, #5102 ),
 ( #4551, #4483 ),
 ( #6711, #6093 ),
 ( #3527, #1868 ),
 ( #2461, #6613 ),
 ( #314, #211 ),
 ( #2960, #6675 ),
 ( #1899, #1233 ),
 ( #4063, #4033 ),
 ( #3424, #1798 ),
 ( #4518, #6644 ),
 ( #6163, #1830 ),
 ( #6060, #810 ) ),
 .UNSPECIFIED., .F., .F., .F.,
 ( 5, 1, 1, 1, 1, 1, 1, 1, 1, 1, 1, 1, 1, 1, 1, 5 ),
 ( 2, 2 ),
 ( 0.000000000000000000, 0.005376748248313690560, 0.01508368771682262396, 0.02853181967683027578, 0.04661013893542635678, 0.06485484867701551970, 0.09211052469974630175, 0.1194761750471190764, 0.1468424950126881179, 0.1742088532605756135, 0.2015749551777806792, 0.2289410129491928625, 0.2563073451819962711, 0.3070350317425281084, 0.3617673510343424881, 0.3768711599805257828 ),
 ( 0.000000000000000000, 1.000000000000000000 ),
 .UNSPECIFIED. ) ;
#3589 = CARTESIAN_POINT ( 'NONE',  ( 6.453548254072658530, 105.4999999999999858, -71.22429713655564854 ) ) ;
#3590 = CARTESIAN_POINT ( 'NONE',  ( 13.05326555943409339, 110.9999999999999858, -66.41157105420670348 ) ) ;
#3591 = CARTESIAN_POINT ( 'NONE',  ( -0.5348675345779562162, 105.4999999999999858, -59.51144857397565602 ) ) ;
#3592 = ORIENTED_EDGE ( 'NONE', *, *, #4814, .T. ) ;
#3593 = B_SPLINE_CURVE_WITH_KNOTS ( 'NONE', 4,
 ( #6820, #4726, #3677, #6368, #3708, #388, #6783, #2634, #986, #5250, #1578, #3607, #3113, #3738, #5843, #2498, #5741, #5812, #1017 ),
 .UNSPECIFIED., .F., .F.,
 ( 5, 1, 1, 1, 1, 1, 1, 1, 1, 1, 1, 1, 1, 1, 1, 5 ),
 ( 0.000000000000000000, 0.005376748248313690560, 0.01508368771682262223, 0.02853181967683027578, 0.04661013893542635678, 0.06485484867701551970, 0.09211052469974631562, 0.1194761750471190626, 0.1468424950126881179, 0.1742088532605756135, 0.2015749551777806792, 0.2289410129491928625, 0.2563073451819962711, 0.3070350317425281084, 0.3617673510343424326, 0.3768711599805257828 ),
 .UNSPECIFIED. ) ;
#3594 = CARTESIAN_POINT ( 'NONE',  ( 10.25064829472423611, 110.9999999999999858, -60.22465856326351741 ) ) ;
#3595 = ORIENTED_EDGE ( 'NONE', *, *, #3157, .T. ) ;
#3596 = DIRECTION ( 'NONE',  ( 0.000000000000000000, 1.000000000000000000, 0.000000000000000000 ) ) ;
#3597 = EDGE_CURVE ( 'NONE', #3363, #3487, #4206, .T. ) ;
#3598 = CARTESIAN_POINT ( 'NONE',  ( -12.96079323226404156, 105.4999999999999858, -66.45943697436599962 ) ) ;
#3599 = CARTESIAN_POINT ( 'NONE',  ( -1.392108514428388233, 105.4999999999999858, -57.48579143070855935 ) ) ;
#3600 = CARTESIAN_POINT ( 'NONE',  ( 4.159050406631888741, 105.4999999999999858, -85.47978429098995434 ) ) ;
#3601 = CARTESIAN_POINT ( 'NONE',  ( -12.10196666173393254, 105.4999999999999858, -63.19055870713850709 ) ) ;
#3602 = CARTESIAN_POINT ( 'NONE',  ( 11.45083698047257670, 105.4999999999999858, -83.69449898199410143 ) ) ;
#3603 = ORIENTED_EDGE ( 'NONE', *, *, #5012, .F. ) ;
#3604 = FACE_OUTER_BOUND ( 'NONE', #4251, .T. ) ;
#3605 = ORIENTED_EDGE ( 'NONE', *, *, #4733, .T. ) ;
#3606 = CARTESIAN_POINT ( 'NONE',  ( 8.882880340522412155, 110.9999999999999858, -82.18568150156362151 ) ) ;
#3607 = CARTESIAN_POINT ( 'NONE',  ( -8.031390678579809261, 110.9999999999999858, -58.61227352453458650 ) ) ;
#3608 = CARTESIAN_POINT ( 'NONE',  ( -1.656495109850143699, 105.4999999999999858, -56.90455202393717116 ) ) ;
#3609 = CARTESIAN_POINT ( 'NONE',  ( -13.10508927637365240, 105.4999999999999858, -78.01971715041372590 ) ) ;
#3610 = EDGE_CURVE ( 'NONE', #4035, #1166, #295, .T. ) ;
#3611 = EDGE_LOOP ( 'NONE', ( #3686, #4084, #955, #6531, #1992 ) ) ;
#3612 = CARTESIAN_POINT ( 'NONE',  ( 9.348592654702216009, 105.4999999999999858, -82.68747375312501902 ) ) ;
#3613 = CARTESIAN_POINT ( 'NONE',  ( -14.29899089950515645, 110.9999999999999858, -65.23022666580682483 ) ) ;
#3614 = CARTESIAN_POINT ( 'NONE',  ( 1.449089840208087843, 110.9999999999999858, -87.33213924564464037 ) ) ;
#3615 = ORIENTED_EDGE ( 'NONE', *, *, #6475, .F. ) ;
#3616 = EDGE_LOOP ( 'NONE', ( #1268, #6778, #5316, #3953 ) ) ;
#3617 = CARTESIAN_POINT ( 'NONE',  ( 12.32651562896671926, 105.4999999999999858, -63.13018951185991767 ) ) ;
#3618 = CARTESIAN_POINT ( 'NONE',  ( 13.10508927637135024, 110.9999999999999858, -78.01971715044822986 ) ) ;
#3619 = B_SPLINE_CURVE_WITH_KNOTS ( 'NONE', 4,
 ( #4259, #3296, #54, #6944, #1677, #2730, #2130, #4875, #6390, #5371, #3838, #1145, #5904, #2591, #4746, #6874, #2063, #4230, #1543 ),
 .UNSPECIFIED., .F., .F.,
 ( 5, 1, 1, 1, 1, 1, 1, 1, 1, 1, 1, 1, 1, 1, 1, 5 ),
 ( 0.000000000000000000, 0.005376748248313690560, 0.01508368771682262223, 0.02853181967683027578, 0.04661013893542635678, 0.06485484867701551970, 0.09211052469974631562, 0.1194761750471190626, 0.1468424950126881179, 0.1742088532605756135, 0.2015749551777806792, 0.2289410129491928625, 0.2563073451819962711, 0.3070350317425281084, 0.3617673510343424326, 0.3768711599805257828 ),
 .UNSPECIFIED. ) ;
#3620 = CARTESIAN_POINT ( 'NONE',  ( -7.532650328430437803, 111.0000000000000142, -87.07286520576043642 ) ) ;
#3621 = CARTESIAN_POINT ( 'NONE',  ( 12.97120147457200545, 110.9999999999999858, -66.45471216954554450 ) ) ;
#3622 = CARTESIAN_POINT ( 'NONE',  ( 23.81569860407268990, 110.9999999999999858, -58.24999999999947420 ) ) ;
#3623 = VERTEX_POINT ( 'NONE', #5156 ) ;
#3624 = CARTESIAN_POINT ( 'NONE',  ( 10.47635999385697758, 110.9999999999999858, -59.07728278574522562 ) ) ;
#3625 = ORIENTED_EDGE ( 'NONE', *, *, #2511, .F. ) ;
#3626 = CARTESIAN_POINT ( 'NONE',  ( 11.45325643223628020, 110.9999999999999858, -63.44215034355331539 ) ) ;
#3627 = DIRECTION ( 'NONE',  ( -0.000000000000000000, -1.000000000000000000, 0.000000000000000000 ) ) ;
#3628 = B_SPLINE_CURVE_WITH_KNOTS ( 'NONE', 4,
 ( #345, #1998, #3492, #5064, #1305, #5702, #1371, #5601, #6672, #6190, #778, #240, #1864, #5633, #2386, #4030, #5666, #807 ),
 .UNSPECIFIED., .F., .F.,
 ( 5, 1, 1, 1, 1, 1, 1, 1, 1, 1, 1, 1, 1, 1, 5 ),
 ( 0.06596826500865479725, 0.06983612823799767444, 0.1205638147985295117, 0.1479301470313329203, 0.1752962048027451036, 0.2026623067199501693, 0.2300286649678376649, 0.2573949849334067341, 0.2847606352807794949, 0.3120163113035102631, 0.3302610210450994677, 0.3483393403036955105, 0.3617874722637032248, 0.3714944117322120931, 0.3768711599805257828 ),
 .UNSPECIFIED. ) ;
#3629 = CARTESIAN_POINT ( 'NONE',  ( -36.99363960252276229, 112.4999999999999858, -93.35828778282062501 ) ) ;
#3630 = CARTESIAN_POINT ( 'NONE',  ( -6.125843526393073724, 110.9999999999999858, -60.62710735602900058 ) ) ;
#3631 = CARTESIAN_POINT ( 'NONE',  ( 10.85706823367373453, 105.4999999999999858, -83.50717346310776179 ) ) ;
#3632 = ORIENTED_EDGE ( 'NONE', *, *, #413, .F. ) ;
#3633 = EDGE_CURVE ( 'NONE', #680, #2215, #6723, .T. ) ;
#3634 = DIRECTION ( 'NONE',  ( 2.523234146875339136E-15, 0.000000000000000000, 1.000000000000000000 ) ) ;
#3635 = EDGE_LOOP ( 'NONE', ( #5960, #222, #4988, #5477, #6208, #296, #859, #5949, #3094, #1859, #2289, #3201, #1661, #2064, #1643, #375, #1158, #5325, #3287, #6334, #4603, #4136, #3592, #3249, #4077, #1226, #3489, #6720, #3045, #4467, #3854, #1922, #6266, #1474, #2027, #1536, #693, #5816, #4553, #3951, #6229, #5737, #5886, #6249, #6659, #4057, #4177, #2254, #5168, #2017, #162, #6308, #521, #399, #6704, #5144, #6314, #2603, #996, #420, #1499, #4094, #1483, #4771, #5306, #1554, #3498, #5084, #5446, #6086, #874, #2629, #2929, #2520, #5423, #260, #5266, #4969, #448, #5840, #4457, #1458, #975, #1857, #6591, #535, #981, #1915, #6559, #3027, #2146 ) ) ;
#3636 = CARTESIAN_POINT ( 'NONE',  ( 36.99363960252269834, 112.4999999999999858, -93.35828778282059659 ) ) ;
#3637 = FACE_OUTER_BOUND ( 'NONE', #4566, .T. ) ;
#3638 = LINE ( 'NONE', #6751, #628 ) ;
#3639 = EDGE_LOOP ( 'NONE', ( #552, #695, #1960, #1689, #4712 ) ) ;
#3640 = CARTESIAN_POINT ( 'NONE',  ( 12.18490139586756271, 105.4999999999999858, -83.85445814758887195 ) ) ;
#3641 = VECTOR ( 'NONE', #2111, 1000.000000000000000 ) ;
#3642 = CARTESIAN_POINT ( 'NONE',  ( -13.24253798505387891, 110.9999999999999858, -66.28899770380768075 ) ) ;
#3643 = B_SPLINE_SURFACE_WITH_KNOTS ( 'NONE', 3, 1, ( 
 ( #4723, #4196 ),
 ( #4097, #4626 ),
 ( #6848, #5179 ),
 ( #353, #1973 ) ),
 .UNSPECIFIED., .F., .F., .F.,
 ( 4, 4 ),
 ( 2, 2 ),
 ( 0.000000000000000000, 1.000000000000000000 ),
 ( 0.000000000000000000, 1.000000000000000000 ),
 .UNSPECIFIED. ) ;
#3644 = ADVANCED_FACE ( 'NONE', ( #329 ), #713, .T. ) ;
#3645 = CARTESIAN_POINT ( 'NONE',  ( 1.655986041169590139, 110.9999999999999858, -86.48647392363950814 ) ) ;
#3646 = AXIS2_PLACEMENT_3D ( 'NONE', #1317, #2364, #2219 ) ;
#3647 = ORIENTED_EDGE ( 'NONE', *, *, #2709, .T. ) ;
#3648 = VERTEX_POINT ( 'NONE', #6755 ) ;
#3649 = AXIS2_PLACEMENT_3D ( 'NONE', #5452, #3421, #744 ) ;
#3650 = CARTESIAN_POINT ( 'NONE',  ( -14.00256700117727782, 110.9999999999999858, -65.58887899115129017 ) ) ;
#3651 = ADVANCED_FACE ( 'NONE', ( #6376 ), #257, .T. ) ;
#3652 = CIRCLE ( 'NONE', #1849, 12.50000000000000178 ) ;
#3653 = CARTESIAN_POINT ( 'NONE',  ( -8.923273903624934889, 110.9999999999999858, -62.65955949423155857 ) ) ;
#3654 = CARTESIAN_POINT ( 'NONE',  ( 10.30926330480149922, 110.9999999999999858, -59.99958076344946534 ) ) ;
#3655 = ORIENTED_EDGE ( 'NONE', *, *, #3905, .T. ) ;
#3656 = CARTESIAN_POINT ( 'NONE',  ( -12.10196666173393254, 105.4999999999999858, -63.19055870713850709 ) ) ;
#3657 = ORIENTED_EDGE ( 'NONE', *, *, #365, .F. ) ;
#3658 = ADVANCED_FACE ( 'NONE', ( #4795 ), #661, .F. ) ;
#3659 = CARTESIAN_POINT ( 'NONE',  ( 12.78231939802427775, 110.9999999999999858, -63.03636417403601655 ) ) ;
#3660 = AXIS2_PLACEMENT_3D ( 'NONE', #917, #5773, #1448 ) ;
#3661 = DIRECTION ( 'NONE',  ( -0.9928535775496396543, 0.000000000000000000, -0.1193389020683599394 ) ) ;
#3662 = CIRCLE ( 'NONE', #4225, 16.99999999999860378 ) ;
#3663 = AXIS2_PLACEMENT_3D ( 'NONE', #1443, #2562, #1898 ) ;
#3664 = CARTESIAN_POINT ( 'NONE',  ( -23.81569860407218542, 112.9999999999999858, -58.24999999999938183 ) ) ;
#3665 = CARTESIAN_POINT ( 'NONE',  ( -14.07028120408034333, 105.4999999999999858, -68.83652938196551929 ) ) ;
#3666 = CARTESIAN_POINT ( 'NONE',  ( -14.35123191980815704, 105.4999999999999858, -62.93698005911342364 ) ) ;
#3667 = CARTESIAN_POINT ( 'NONE',  ( 9.423698307924613715, 105.4999999999999858, -82.75210601912408492 ) ) ;
#3668 = VECTOR ( 'NONE', #4956, 1000.000000000000000 ) ;
#3669 = ORIENTED_EDGE ( 'NONE', *, *, #2395, .F. ) ;
#3670 = CARTESIAN_POINT ( 'NONE',  ( -1.625629393373798859, 105.4999999999999858, -85.41681779971442268 ) ) ;
#3672 = ORIENTED_EDGE ( 'NONE', *, *, #4197, .F. ) ;
#3671 = AXIS2_PLACEMENT_3D ( 'NONE', #573, #2720, #2122 ) ;
#3673 = ADVANCED_FACE ( 'NONE', ( #1524 ), #1278, .T. ) ;
#3674 = CARTESIAN_POINT ( 'NONE',  ( 7.175214880298899089, 110.9999999999999858, -59.30683223422825279 ) ) ;
#3675 = AXIS2_PLACEMENT_3D ( 'NONE', #1603, #1505, #2161 ) ;
#3676 = CARTESIAN_POINT ( 'NONE',  ( -8.769185662234145084, 105.4999999999999858, -58.18029100109241369 ) ) ;
#3677 = CARTESIAN_POINT ( 'NONE',  ( -6.887671465221725242, 110.9999999999999858, -59.65225520987307561 ) ) ;
#3678 = CARTESIAN_POINT ( 'NONE',  ( 13.94386143009598555, 110.9999999999999858, -68.84047439269954793 ) ) ;
#3679 = AXIS2_PLACEMENT_3D ( 'NONE', #1120, #3713, #5878 ) ;
#3680 = CARTESIAN_POINT ( 'NONE',  ( 4.379361247868303941, 110.9999999999999858, -85.90760265356703940 ) ) ;
#3681 = CARTESIAN_POINT ( 'NONE',  ( -13.26572759404716351, 105.4999999999999858, -78.05150294629564200 ) ) ;
#3682 = CARTESIAN_POINT ( 'NONE',  ( 9.348592654702216009, 110.9999999999999858, -82.68747375312501902 ) ) ;
#3683 = CARTESIAN_POINT ( 'NONE',  ( -10.85146761674003457, 112.4999999999999858, -97.69843108296062439 ) ) ;
#3684 = EDGE_CURVE ( 'NONE', #6294, #4492, #3991, .T. ) ;
#3685 = CARTESIAN_POINT ( 'NONE',  ( -10.47635999384503691, 105.4999999999999858, -59.07728278573848257 ) ) ;
#3686 = ORIENTED_EDGE ( 'NONE', *, *, #4954, .F. ) ;
#3687 = ORIENTED_EDGE ( 'NONE', *, *, #3783, .F. ) ;
#3688 = ADVANCED_FACE ( 'NONE', ( #495 ), #540, .F. ) ;
#3689 = CARTESIAN_POINT ( 'NONE',  ( 6.907869425497685789, 105.4999999999999858, -82.41783758753580003 ) ) ;
#3690 = CARTESIAN_POINT ( 'NONE',  ( -7.513259550793238262, 111.0000000000000142, -87.21995791674343934 ) ) ;
#3691 = EDGE_CURVE ( 'NONE', #6588, #6828, #3320, .T. ) ;
#3692 = CARTESIAN_POINT ( 'NONE',  ( 4.155439442330526312, 105.4999999999999858, -85.46893918955788649 ) ) ;
#3693 = ORIENTED_EDGE ( 'NONE', *, *, #3277, .T. ) ;
#3694 = CARTESIAN_POINT ( 'NONE',  ( 7.249624935047140006, 110.9999999999999858, -84.13877085687494173 ) ) ;
#3695 = ORIENTED_EDGE ( 'NONE', *, *, #4151, .F. ) ;
#3696 = DIRECTION ( 'NONE',  ( 0.9928535775496396543, 0.000000000000000000, 0.1193389020683602447 ) ) ;
#3697 = CARTESIAN_POINT ( 'NONE',  ( 11.08283655869326445, 105.4999999999999858, -77.78106684041034669 ) ) ;
#3698 = CARTESIAN_POINT ( 'NONE',  ( -16.35871260184277176, 110.9999999999999858, -76.62520507764388356 ) ) ;
#3699 = CARTESIAN_POINT ( 'NONE',  ( 1.682128284694953013, 105.4999999999999858, -85.99465770516425778 ) ) ;
#3700 = CARTESIAN_POINT ( 'NONE',  ( -11.27866494759071081, 105.4999999999999858, -63.54590532044537809 ) ) ;
#3701 = CARTESIAN_POINT ( 'NONE',  ( -0.5000000000000108802, 105.9999999999999858, -78.48074069840784261 ) ) ;
#3702 = EDGE_LOOP ( 'NONE', ( #3793, #6378, #3017, #3831 ) ) ;
#3703 = PRODUCT ( 'fidget_spinner', 'fidget_spinner', '', ( #3089 ) ) ;
#3704 = DIRECTION ( 'NONE',  ( 0.000000000000000000, 1.000000000000000000, -0.000000000000000000 ) ) ;
#3705 = EDGE_LOOP ( 'NONE', ( #2382, #2611, #4749, #1132, #5047, #2699, #4949, #4148, #3695, #258, #68, #3669, #5342, #518, #6875, #185, #4312, #1635, #3263, #3547, #2475, #5366, #2262, #6391, #6497, #6948, #4647, #6440, #5391, #4834, #4108 ) ) ;
#3706 = DIRECTION ( 'NONE',  ( -0.9928535775496396543, 0.000000000000000000, -0.1193389020683602725 ) ) ;
#3707 = CARTESIAN_POINT ( 'NONE',  ( 14.09382379058831880, 105.4999999999999858, -72.21007334607602957 ) ) ;
#3708 = CARTESIAN_POINT ( 'NONE',  ( -6.982279347651342505, 110.9999999999999858, -59.52355624560318148 ) ) ;
#3709 = CARTESIAN_POINT ( 'NONE',  ( -10.30926330478154362, 105.4999999999999858, -59.99958076344123725 ) ) ;
#3710 = EDGE_CURVE ( 'NONE', #4025, #1383, #1306, .T. ) ;
#3711 = B_SPLINE_CURVE_WITH_KNOTS ( 'NONE', 3,
 ( #1359, #3021, #2476, #5189 ),
 .UNSPECIFIED., .F., .F.,
 ( 4, 4 ),
 ( 0.000000000000000000, 1.000000000000000000 ),
 .UNSPECIFIED. ) ;
#3712 = CARTESIAN_POINT ( 'NONE',  ( 4.193377157746862594, 110.9999999999999858, -85.56590829469865866 ) ) ;
#3713 = DIRECTION ( 'NONE',  ( 0.000000000000000000, -1.000000000000000000, 0.000000000000000000 ) ) ;
#3714 = ORIENTED_EDGE ( 'NONE', *, *, #1134, .F. ) ;
#3715 = DIRECTION ( 'NONE',  ( 0.000000000000000000, 1.000000000000000000, 0.000000000000000000 ) ) ;
#3716 = CARTESIAN_POINT ( 'NONE',  ( -14.82677370415269280, 110.9999999999999858, -64.45562988406226168 ) ) ;
#3717 = CARTESIAN_POINT ( 'NONE',  ( -10.25064829470232475, 105.4999999999999858, -60.22465856325479194 ) ) ;
#3718 = CARTESIAN_POINT ( 'NONE',  ( -14.88015469112137446, 105.4999999999999858, -78.07027631220810804 ) ) ;
#3719 = ORIENTED_EDGE ( 'NONE', *, *, #4068, .T. ) ;
#3720 = EDGE_LOOP ( 'NONE', ( #3466, #2340, #4387, #6946 ) ) ;
#3721 = EDGE_CURVE ( 'NONE', #6867, #2412, #4863, .T. ) ;
#3722 = DIRECTION ( 'NONE',  ( 0.000000000000000000, 0.000000000000000000, 1.000000000000000000 ) ) ;
#3723 = CARTESIAN_POINT ( 'NONE',  ( -7.532749002106986502, 111.0000000000000142, -85.18613734640405255 ) ) ;
#3724 = CARTESIAN_POINT ( 'NONE',  ( -3.119695238510567847, 105.4999999999999858, -84.10444140052790374 ) ) ;
#3725 = ORIENTED_EDGE ( 'NONE', *, *, #6658, .F. ) ;
#3726 = CARTESIAN_POINT ( 'NONE',  ( 2.889916630983060397, 105.4999999999999858, -55.24743655836754641 ) ) ;
#3727 = CARTESIAN_POINT ( 'NONE',  ( 11.76577261403858188, 110.9999999999999858, -80.33948165700053323 ) ) ;
#3728 = DIRECTION ( 'NONE',  ( -0.9928535775496396543, 0.000000000000000000, -0.1193389020683599672 ) ) ;
#3729 = CARTESIAN_POINT ( 'NONE',  ( 15.03960127451460238, 105.4999999999999858, -64.07469915374997527 ) ) ;
#3730 = FACE_OUTER_BOUND ( 'NONE', #481, .T. ) ;
#3731 = CARTESIAN_POINT ( 'NONE',  ( -4.639708894466981093, 105.4999999999999858, -57.98116921459142503 ) ) ;
#3732 = ORIENTED_EDGE ( 'NONE', *, *, #1964, .F. ) ;
#3733 = CARTESIAN_POINT ( 'NONE',  ( -5.072420675102733867, 110.9999999999999858, -86.76499254684544837 ) ) ;
#3734 = ORIENTED_EDGE ( 'NONE', *, *, #5649, .T. ) ;
#3735 = CARTESIAN_POINT ( 'NONE',  ( 4.581327445131868181, 110.9999999999999858, -58.56014439483181633 ) ) ;
#3736 = CARTESIAN_POINT ( 'NONE',  ( 4.581327445131868181, 105.4999999999999858, -58.56014439483181633 ) ) ;
#3737 = EDGE_CURVE ( 'NONE', #2412, #3161, #4318, .T. ) ;
#3738 = CARTESIAN_POINT ( 'NONE',  ( -8.470279130379612553, 110.9999999999999858, -58.34270782358785823 ) ) ;
#3739 = CARTESIAN_POINT ( 'NONE',  ( -8.356536486907536698, 105.4999999999999858, -81.85073316783557118 ) ) ;
#3740 = CARTESIAN_POINT ( 'NONE',  ( 13.10508927637135024, 105.4999999999999858, -78.01971715044822986 ) ) ;
#3741 = CARTESIAN_POINT ( 'NONE',  ( 4.567410863174966806, 105.4999999999999858, -58.61920863245048707 ) ) ;
#3742 = CARTESIAN_POINT ( 'NONE',  ( -6.942197780742889179, 110.9999999999999858, -83.59566991460100382 ) ) ;
#3743 = CARTESIAN_POINT ( 'NONE',  ( 14.88015469111950573, 105.4999999999999858, -78.07027631222717901 ) ) ;
#3744 = CARTESIAN_POINT ( 'NONE',  ( -0.9704643516949690296, 105.4999999999999858, -59.11874055291053764 ) ) ;
#3745 = CARTESIAN_POINT ( 'NONE',  ( -10.10969247436488416, 110.9999999999999858, -60.66815797319559067 ) ) ;
#3746 = CARTESIAN_POINT ( 'NONE',  ( -13.74216322135147195, 105.4999999999999858, -68.86424652617267839 ) ) ;
#3747 = EDGE_LOOP ( 'NONE', ( #3927, #1791, #6312, #5247, #2715, #3440, #5519, #2877, #764, #660, #1043, #4065, #5384, #6131, #1457, #3121, #3568, #893, #341, #3975, #3190, #3986, #2799, #289, #3770, #5024, #6118, #3007, #2272, #3274, #1941, #5468, #6413, #6896 ) ) ;
#3748 = CARTESIAN_POINT ( 'NONE',  ( 0.8797706761290019495, 110.9999999999999858, -88.61254774193008643 ) ) ;
#3749 = AXIS2_PLACEMENT_3D ( 'NONE', #4744, #1640, #4257 ) ;
#3750 = CARTESIAN_POINT ( 'NONE',  ( -13.06318720347706552, 110.9999999999999858, -82.87902293806135390 ) ) ;
#3751 = ORIENTED_EDGE ( 'NONE', *, *, #2820, .F. ) ;
#3752 = CARTESIAN_POINT ( 'NONE',  ( 15.40483625195309969, 110.9999999999999858, -77.99034810664953454 ) ) ;
#3753 = CIRCLE ( 'NONE', #372, 16.99999999999860378 ) ;
#3754 = EDGE_CURVE ( 'NONE', #364, #6460, #4762, .T. ) ;
#3755 = B_SPLINE_SURFACE_WITH_KNOTS ( 'NONE', 3, 1, ( 
 ( #1124, #4379 ),
 ( #5987, #6509 ),
 ( #1162, #2251 ),
 ( #675, #5461 ) ),
 .UNSPECIFIED., .F., .F., .F.,
 ( 4, 4 ),
 ( 2, 2 ),
 ( 0.000000000000000000, 1.000000000000000000 ),
 ( 0.000000000000000000, 1.000000000000000000 ),
 .UNSPECIFIED. ) ;
#3756 = CARTESIAN_POINT ( 'NONE',  ( -7.356595353083648092, 105.4999999999999858, -84.40406644306823125 ) ) ;
#3757 = CARTESIAN_POINT ( 'NONE',  ( -36.99363960252276229, 110.9999999999999858, -93.35828778282062501 ) ) ;
#3758 = CIRCLE ( 'NONE', #6882, 1.500000000000001332 ) ;
#3759 = ORIENTED_EDGE ( 'NONE', *, *, #5419, .F. ) ;
#3760 = CARTESIAN_POINT ( 'NONE',  ( 11.52562097700145927, 105.4999999999999858, -80.11418886550141849 ) ) ;
#3761 = LINE ( 'NONE', #1599, #2755 ) ;
#3762 = CARTESIAN_POINT ( 'NONE',  ( 8.227339352541013895, 110.9999999999999858, -58.48697447206529887 ) ) ;
#3763 = VECTOR ( 'NONE', #758, 1000.000000000000000 ) ;
#3764 = CARTESIAN_POINT ( 'NONE',  ( 3.627421808711214890, 110.9999999999999858, -84.39800213836194587 ) ) ;
#3765 = CARTESIAN_POINT ( 'NONE',  ( -10.22200870383626459, 110.9999999999999858, -64.10195061677650585 ) ) ;
#3766 = DIRECTION ( 'NONE',  ( 0.000000000000000000, 1.000000000000000000, 0.000000000000000000 ) ) ;
#3767 = CARTESIAN_POINT ( 'NONE',  ( 0.000000000000000000, 105.4999999999999858, -71.99999999999998579 ) ) ;
#3768 = ORIENTED_EDGE ( 'NONE', *, *, #3941, .F. ) ;
#3769 = DIRECTION ( 'NONE',  ( 0.000000000000000000, 1.000000000000000000, -0.000000000000000000 ) ) ;
#3770 = ORIENTED_EDGE ( 'NONE', *, *, #1424, .F. ) ;
#3771 = AXIS2_PLACEMENT_3D ( 'NONE', #4845, #4785, #3301 ) ;
#3772 = LINE ( 'NONE', #2631, #2293 ) ;
#3773 = EDGE_CURVE ( 'NONE', #2195, #2773, #1503, .T. ) ;
#3774 = FACE_BOUND ( 'NONE', #2608, .T. ) ;
#3775 = CARTESIAN_POINT ( 'NONE',  ( 36.99363960252269834, 110.9999999999999858, -93.35828778282059659 ) ) ;
#3776 = CARTESIAN_POINT ( 'NONE',  ( 13.78491443101818525, 110.9999999999999858, -68.85628345042366050 ) ) ;
#3777 = CIRCLE ( 'NONE', #4677, 2.000000000000001776 ) ;
#3778 = CARTESIAN_POINT ( 'NONE',  ( 5.072420675084215347, 110.9999999999999858, -86.76499254686007134 ) ) ;
#3779 = CARTESIAN_POINT ( 'NONE',  ( 4.616885666997996296, 105.4999999999999858, -58.33746999084966944 ) ) ;
#3780 = CARTESIAN_POINT ( 'NONE',  ( -14.29605691400885625, 110.9999999999999858, -72.19139058578225843 ) ) ;
#3781 = DIRECTION ( 'NONE',  ( 0.000000000000000000, -1.000000000000000000, 0.000000000000000000 ) ) ;
#3782 = ORIENTED_EDGE ( 'NONE', *, *, #947, .T. ) ;
#3783 = EDGE_CURVE ( 'NONE', #1256, #1781, #1720, .T. ) ;
#3784 = CARTESIAN_POINT ( 'NONE',  ( 13.90128898370061528, 105.4999999999999858, -78.11315714165925783 ) ) ;
#3785 = AXIS2_PLACEMENT_3D ( 'NONE', #1440, #5241, #5801 ) ;
#3786 = CARTESIAN_POINT ( 'NONE',  ( 10.80649035581483375, 105.4999999999999858, -63.88375474836566070 ) ) ;
#3787 = AXIS2_PLACEMENT_3D ( 'NONE', #1177, #3331, #5587 ) ;
#3788 = CARTESIAN_POINT ( 'NONE',  ( -12.47604671605494708, 110.9999999999999858, -72.77347161474393999 ) ) ;
#3789 = CARTESIAN_POINT ( 'NONE',  ( -13.10508927637365240, 110.9999999999999858, -78.01971715041372590 ) ) ;
#3790 = VERTEX_POINT ( 'NONE', #1939 ) ;
#3791 = CARTESIAN_POINT ( 'NONE',  ( 13.74216322134677881, 105.4999999999999858, -68.86424652620981135 ) ) ;
#3792 = ADVANCED_FACE ( 'NONE', ( #4100 ), #6299, .T. ) ;
#3793 = ORIENTED_EDGE ( 'NONE', *, *, #3572, .T. ) ;
#3794 = CARTESIAN_POINT ( 'NONE',  ( -9.614995609741894711, 110.9999999999999858, -61.63377218853364781 ) ) ;
#3795 = EDGE_CURVE ( 'NONE', #3973, #5075, #2500, .T. ) ;
#3796 = DIRECTION ( 'NONE',  ( 0.000000000000000000, -1.000000000000000000, 0.000000000000000000 ) ) ;
#3797 = CARTESIAN_POINT ( 'NONE',  ( 10.10969247439065910, 110.9999999999999858, -60.66815797320553116 ) ) ;
#3798 = EDGE_LOOP ( 'NONE', ( #2744, #3719, #5187, #6010, #4027 ) ) ;
#3799 = CARTESIAN_POINT ( 'NONE',  ( 7.588953712905743387, 110.9999999999999858, -85.88159764882477987 ) ) ;
#3800 = CARTESIAN_POINT ( 'NONE',  ( 11.60612067753405086, 110.9999999999999858, -80.18023487837866980 ) ) ;
#3801 = CARTESIAN_POINT ( 'NONE',  ( -7.508918062298481466, 110.9999999999999858, -87.25175889966922682 ) ) ;
#3802 = DIRECTION ( 'NONE',  ( 0.000000000000000000, 0.000000000000000000, 1.000000000000000000 ) ) ;
#3803 = CARTESIAN_POINT ( 'NONE',  ( 16.35871260184050158, 105.4999999999999858, -76.62520507765191269 ) ) ;
#3804 = CARTESIAN_POINT ( 'NONE',  ( -14.95365000611921324, 105.4999999999999858, -64.23337666833994319 ) ) ;
#3805 = EDGE_LOOP ( 'NONE', ( #2102, #350, #4326, #5415 ) ) ;
#3806 = CARTESIAN_POINT ( 'NONE',  ( -5.953221396547274225, 110.9999999999999858, -87.53415250099274658 ) ) ;
#3807 = ORIENTED_EDGE ( 'NONE', *, *, #1083, .T. ) ;
#3808 = CARTESIAN_POINT ( 'NONE',  ( 4.605154744867393291, 110.9999999999999858, -57.30418750158206365 ) ) ;
#3809 = ADVANCED_FACE ( 'NONE', ( #5110 ), #815, .F. ) ;
#3810 = CARTESIAN_POINT ( 'NONE',  ( -0.5000000000000108802, 105.9999999999999858, -80.48074069840785683 ) ) ;
#3811 = CARTESIAN_POINT ( 'NONE',  ( -10.85146761674003280, 110.9999999999999858, -97.69843108296061018 ) ) ;
#3812 = CARTESIAN_POINT ( 'NONE',  ( 13.74216322134678592, 110.9999999999999858, -68.86424652620981135 ) ) ;
#3813 = CARTESIAN_POINT ( 'NONE',  ( 12.98225229161268146, 105.4999999999999858, -77.98957419873757146 ) ) ;
#3814 = DIRECTION ( 'NONE',  ( -0.9928535775496396543, 0.000000000000000000, -0.1193389020683599394 ) ) ;
#3815 = DIRECTION ( 'NONE',  ( 0.000000000000000000, 1.000000000000000000, 0.000000000000000000 ) ) ;
#3816 = CARTESIAN_POINT ( 'NONE',  ( 11.27866494760152172, 105.4999999999999858, -63.54590532048115392 ) ) ;
#3817 = ORIENTED_EDGE ( 'NONE', *, *, #5393, .T. ) ;
#3818 = CARTESIAN_POINT ( 'NONE',  ( 0.000000000000000000, 105.4999999999999858, -71.99999999999998579 ) ) ;
#3819 = DIRECTION ( 'NONE',  ( 0.000000000000000000, 0.000000000000000000, 1.000000000000000000 ) ) ;
#3820 = ADVANCED_FACE ( 'NONE', ( #3637 ), #5824, .F. ) ;
#3821 = CARTESIAN_POINT ( 'NONE',  ( -9.854656579761735813, 105.4999999999999858, -61.25356058019922045 ) ) ;
#3822 = CARTESIAN_POINT ( 'NONE',  ( -12.18490139587479071, 110.9999999999999858, -83.85445814758146810 ) ) ;
#3823 = ORIENTED_EDGE ( 'NONE', *, *, #553, .T. ) ;
#3824 = CARTESIAN_POINT ( 'NONE',  ( -15.95310383445450242, 105.4999999999999858, -77.87354050356898938 ) ) ;
#3825 = CARTESIAN_POINT ( 'NONE',  ( -7.508918062298489460, 105.4999999999999858, -87.25175889966924103 ) ) ;
#3826 = ORIENTED_EDGE ( 'NONE', *, *, #2802, .F. ) ;
#3827 = CARTESIAN_POINT ( 'NONE',  ( -6.982279347651342505, 110.9999999999999858, -59.52355624560318148 ) ) ;
#3828 = ADVANCED_FACE ( 'NONE', ( #5150 ), #27, .F. ) ;
#3829 = CARTESIAN_POINT ( 'NONE',  ( 11.28796086976873170, 110.9999999999999858, -63.53925392067971956 ) ) ;
#3830 = CARTESIAN_POINT ( 'NONE',  ( -11.53481943208382887, 110.9999999999999858, -80.12097441725720159 ) ) ;
#3831 = ORIENTED_EDGE ( 'NONE', *, *, #2336, .T. ) ;
#3832 = CARTESIAN_POINT ( 'NONE',  ( 15.60631691770017859, 110.9999999999999858, -75.83537878214941941 ) ) ;
#3833 = FACE_OUTER_BOUND ( 'NONE', #5235, .T. ) ;
#3834 = EDGE_CURVE ( 'NONE', #91, #2752, #5283, .T. ) ;
#3835 = CARTESIAN_POINT ( 'NONE',  ( 7.313450331537320714, 105.4999999999999858, -59.17159559947334202 ) ) ;
#3836 = CARTESIAN_POINT ( 'NONE',  ( 14.46786136183148308, 105.4999999999999858, -65.00369770855658658 ) ) ;
#3837 = CARTESIAN_POINT ( 'NONE',  ( -16.42958139039610899, 105.4999999999999858, -69.38856471325956932 ) ) ;
#3838 = CARTESIAN_POINT ( 'NONE',  ( -15.02952432531579774, 110.9999999999999858, -75.35972525179839465 ) ) ;
#3839 = ORIENTED_EDGE ( 'NONE', *, *, #396, .T. ) ;
#3840 = CARTESIAN_POINT ( 'NONE',  ( 12.11798991030442174, 105.4999999999999858, -80.78738718320383327 ) ) ;
#3841 = ORIENTED_EDGE ( 'NONE', *, *, #2080, .T. ) ;
#3842 = DIRECTION ( 'NONE',  ( -0.000000000000000000, -1.000000000000000000, 0.000000000000000000 ) ) ;
#3843 = DIRECTION ( 'NONE',  ( 0.000000000000000000, -1.000000000000000000, -0.000000000000000000 ) ) ;
#3844 = CARTESIAN_POINT ( 'NONE',  ( -13.26249910547147692, 110.9999999999999858, -74.59995928289332312 ) ) ;
#3845 = EDGE_CURVE ( 'NONE', #673, #6838, #6662, .T. ) ;
#3846 = CARTESIAN_POINT ( 'NONE',  ( 10.37139652093831543, 105.4999999999999858, -59.72395045855950713 ) ) ;
#3847 = CARTESIAN_POINT ( 'NONE',  ( 4.574970340487059417, 105.4999999999999858, -57.07337604153168797 ) ) ;
#3848 = DIRECTION ( 'NONE',  ( 0.9928535775496396543, 0.000000000000000000, 0.1193389020683602447 ) ) ;
#3849 = ORIENTED_EDGE ( 'NONE', *, *, #1381, .F. ) ;
#3850 = CARTESIAN_POINT ( 'NONE',  ( -11.27866494759071081, 110.9999999999999858, -63.54590532044537809 ) ) ;
#3851 = FACE_OUTER_BOUND ( 'NONE', #1279, .T. ) ;
#3852 = CARTESIAN_POINT ( 'NONE',  ( 0.000000000000000000, 112.9999999999999858, -99.49999999999997158 ) ) ;
#3853 = CARTESIAN_POINT ( 'NONE',  ( -14.13393755131311202, 110.9999999999999858, -78.11605792223561195 ) ) ;
#3854 = ORIENTED_EDGE ( 'NONE', *, *, #2199, .T. ) ;
#3855 = DIRECTION ( 'NONE',  ( 0.000000000000000000, 1.000000000000000000, 0.000000000000000000 ) ) ;
#3856 = LINE ( 'NONE', #35, #2995 ) ;
#3857 = ORIENTED_EDGE ( 'NONE', *, *, #2029, .F. ) ;
#3858 = CARTESIAN_POINT ( 'NONE',  ( 0.000000000000000000, 110.9999999999999858, -71.99999999999998579 ) ) ;
#3859 = ADVANCED_FACE ( 'NONE', ( #1514 ), #6428, .F. ) ;
#3860 = CARTESIAN_POINT ( 'NONE',  ( 11.75684740643035830, 110.9999999999999858, -83.76976116930138971 ) ) ;
#3861 = CARTESIAN_POINT ( 'NONE',  ( -10.63935037053611410, 110.9999999999999858, -83.42535251563752752 ) ) ;
#3862 = ORIENTED_EDGE ( 'NONE', *, *, #2558, .F. ) ;
#3863 = EDGE_CURVE ( 'NONE', #1781, #1800, #5503, .T. ) ;
#3864 = CARTESIAN_POINT ( 'NONE',  ( 13.87181067860504946, 110.9999999999999858, -74.73490184677865500 ) ) ;
#3865 = VECTOR ( 'NONE', #5118, 1000.000000000000000 ) ;
#3866 = CARTESIAN_POINT ( 'NONE',  ( -8.922906132221944731, 110.9999999999999858, -63.24604397112046428 ) ) ;
#3867 = B_SPLINE_CURVE_WITH_KNOTS ( 'NONE', 4,
 ( #6265, #4192, #4719, #5245, #3667, #4164, #5174, #6743, #5805, #1444, #417, #943, #3631, #2564, #3602, #1933, #6322, #980, #4093 ),
 .UNSPECIFIED., .F., .F.,
 ( 5, 1, 1, 1, 1, 1, 1, 1, 1, 1, 1, 1, 1, 1, 1, 5 ),
 ( 0.000000000000000000, 0.005376748248313690560, 0.01508368771682262223, 0.02853181967683027578, 0.04661013893542635678, 0.06485484867701551970, 0.09211052469974631562, 0.1194761750471190626, 0.1468424950126881179, 0.1742088532605756135, 0.2015749551777806792, 0.2289410129491928625, 0.2563073451819962711, 0.3070350317425281084, 0.3617673510343424326, 0.3768711599805257828 ),
 .UNSPECIFIED. ) ;
#3868 = CARTESIAN_POINT ( 'NONE',  ( 8.031390678594885202, 110.9999999999999858, -58.61227352455272666 ) ) ;
#3869 = AXIS2_PLACEMENT_3D ( 'NONE', #4515, #207, #6125 ) ;
#3870 = CARTESIAN_POINT ( 'NONE',  ( 7.356595353049566022, 110.9999999999999858, -84.40406644307412876 ) ) ;
#3871 = CARTESIAN_POINT ( 'NONE',  ( 2.867712144238618865, 105.4999999999999858, -55.27061223108242416 ) ) ;
#3872 = CARTESIAN_POINT ( 'NONE',  ( -9.274493938821287031, 110.9999999999999858, -82.61431872657358610 ) ) ;
#3873 = VERTEX_POINT ( 'NONE', #1049 ) ;
#3874 = PRODUCT_DEFINITION_SHAPE ( 'NONE', 'NONE',  #6885 ) ;
#3875 = CARTESIAN_POINT ( 'NONE',  ( -7.275517551845224418, 105.4999999999999858, -84.19365097909890494 ) ) ;
#3876 = ORIENTED_EDGE ( 'NONE', *, *, #4904, .F. ) ;
#3877 = CARTESIAN_POINT ( 'NONE',  ( 0.000000000000000000, 110.9999999999999858, 0.000000000000000000 ) ) ;
#3878 = CARTESIAN_POINT ( 'NONE',  ( 4.567410863174966806, 111.0000000000000142, -58.61920863245048707 ) ) ;
#3879 = VECTOR ( 'NONE', #4955, 1000.000000000000000 ) ;
#3880 = CARTESIAN_POINT ( 'NONE',  ( -4.352716925791351166, 110.9999999999999858, -59.83766053076780622 ) ) ;
#3881 = DIRECTION ( 'NONE',  ( -1.000000000000000000, 0.000000000000000000, 0.000000000000000000 ) ) ;
#3882 = CARTESIAN_POINT ( 'NONE',  ( 10.50186873632305229, 105.4999999999999858, -58.82263912892768332 ) ) ;
#3883 = CARTESIAN_POINT ( 'NONE',  ( -1.578216621895686345, 105.4999999999999858, -86.88533121124497427 ) ) ;
#3884 = CARTESIAN_POINT ( 'NONE',  ( -16.93749997582612821, 110.9999999999999858, -70.89669467783755863 ) ) ;
#3885 = EDGE_CURVE ( 'NONE', #6201, #6615, #3152, .T. ) ;
#3886 = CARTESIAN_POINT ( 'NONE',  ( 23.81569860407268990, 112.9999999999999858, -58.24999999999947420 ) ) ;
#3887 = AXIS2_PLACEMENT_3D ( 'NONE', #4001, #1203, #2362 ) ;
#3888 = EDGE_LOOP ( 'NONE', ( #4706, #4195, #4625, #4086 ) ) ;
#3889 = CYLINDRICAL_SURFACE ( 'NONE', #6343, 16.99999999999859668 ) ;
#3890 = CARTESIAN_POINT ( 'NONE',  ( -10.22200870383626459, 110.9999999999999858, -64.10195061677650585 ) ) ;
#3891 = CIRCLE ( 'NONE', #4453, 10.50000000000000888 ) ;
#3892 = CARTESIAN_POINT ( 'NONE',  ( -11.12469391732262380, 105.4999999999999858, -83.59777751916895738 ) ) ;
#3893 = TOROIDAL_SURFACE ( 'NONE', #6685, 10.50000000000001066, 2.000000000000000000 ) ;
#3894 = CARTESIAN_POINT ( 'NONE',  ( 4.352716925803076009, 105.4999999999999858, -59.83766053076262637 ) ) ;
#3895 = VERTEX_POINT ( 'NONE', #700 ) ;
#3896 = CARTESIAN_POINT ( 'NONE',  ( -6.283281050859318206, 105.4999999999999858, -87.76757962722669504 ) ) ;
#3897 = CARTESIAN_POINT ( 'NONE',  ( -3.627421808717643525, 110.9999999999999858, -84.39800213835086140 ) ) ;
#3898 = ORIENTED_EDGE ( 'NONE', *, *, #1275, .T. ) ;
#3899 = DIRECTION ( 'NONE',  ( 0.000000000000000000, 1.000000000000000000, 0.000000000000000000 ) ) ;
#3900 = AXIS2_PLACEMENT_3D ( 'NONE', #1765, #131, #6505 ) ;
#3901 = EDGE_CURVE ( 'NONE', #4219, #6433, #2857, .T. ) ;
#3902 = DIRECTION ( 'NONE',  ( -1.000000000000000000, 0.000000000000000000, 0.000000000000000000 ) ) ;
#3903 = CIRCLE ( 'NONE', #2759, 6.500000000000002665 ) ;
#3904 = CIRCLE ( 'NONE', #6893, 12.50000000000000178 ) ;
#3905 = EDGE_CURVE ( 'NONE', #2231, #5860, #4000, .T. ) ;
#3906 = DIRECTION ( 'NONE',  ( 0.000000000000000000, 0.000000000000000000, 1.000000000000000000 ) ) ;
#3907 = CARTESIAN_POINT ( 'NONE',  ( -11.52562097703219912, 105.4999999999999858, -80.11418886548004537 ) ) ;
#3908 = ORIENTED_EDGE ( 'NONE', *, *, #2539, .F. ) ;
#3909 = CARTESIAN_POINT ( 'NONE',  ( 1.685579019668606460, 105.4999999999999858, -86.03800708731080249 ) ) ;
#3910 = CARTESIAN_POINT ( 'NONE',  ( -13.74216322135147195, 105.4999999999999858, -68.86424652617267839 ) ) ;
#3911 = CARTESIAN_POINT ( 'NONE',  ( 0.000000000000000000, 105.4999999999999858, -71.99999999999998579 ) ) ;
#3912 = EDGE_CURVE ( 'NONE', #5166, #5069, #1612, .T. ) ;
#3913 = CARTESIAN_POINT ( 'NONE',  ( 7.228840749612406746, 105.4999999999999858, -84.10057276608289101 ) ) ;
#3914 = CARTESIAN_POINT ( 'NONE',  ( -14.86850930407208971, 105.4999999999999858, -68.91067050612954858 ) ) ;
#3915 = CARTESIAN_POINT ( 'NONE',  ( -10.63935037053611410, 110.9999999999999858, -83.42535251563752752 ) ) ;
#3916 = ORIENTED_EDGE ( 'NONE', *, *, #1879, .F. ) ;
#3917 = CARTESIAN_POINT ( 'NONE',  ( -16.79676503880157767, 110.9999999999999858, -69.55769119554447855 ) ) ;
#3918 = ORIENTED_EDGE ( 'NONE', *, *, #219, .F. ) ;
#3919 = CARTESIAN_POINT ( 'NONE',  ( -16.81980934022108443, 105.4999999999999858, -70.98703393936094130 ) ) ;
#3920 = CARTESIAN_POINT ( 'NONE',  ( 12.18490139587366805, 105.4999999999999858, -83.85445814758261918 ) ) ;
#3921 = CARTESIAN_POINT ( 'NONE',  ( 11.27866494760152172, 105.4999999999999858, -63.54590532048115392 ) ) ;
#3922 = CARTESIAN_POINT ( 'NONE',  ( 1.656495109874787319, 110.9999999999999858, -56.90455202394966960 ) ) ;
#3923 = CARTESIAN_POINT ( 'NONE',  ( -10.51584916751575527, 110.9999999999999858, -58.64272047585996006 ) ) ;
#3924 = CARTESIAN_POINT ( 'NONE',  ( 8.922906132225215003, 105.4999999999999858, -63.24604397112379672 ) ) ;
#3925 = CARTESIAN_POINT ( 'NONE',  ( -16.96286969065801387, 110.9999999999999858, -70.87703434704887684 ) ) ;
#3926 = CYLINDRICAL_SURFACE ( 'NONE', #1146, 12.50000000000000178 ) ;
#3927 = ORIENTED_EDGE ( 'NONE', *, *, #4454, .F. ) ;
#3928 = B_SPLINE_SURFACE_WITH_KNOTS ( 'NONE', 3, 1, ( 
 ( #3760, #6354 ),
 ( #1003, #3288 ),
 ( #5, #2722 ),
 ( #1535, #4868 ) ),
 .UNSPECIFIED., .F., .F., .F.,
 ( 4, 4 ),
 ( 2, 2 ),
 ( 0.000000000000000000, 1.000000000000000000 ),
 ( 0.000000000000000000, 1.000000000000000000 ),
 .UNSPECIFIED. ) ;
#3929 = CARTESIAN_POINT ( 'NONE',  ( 6.864983040961222471, 105.4999999999999858, -59.68935388788065666 ) ) ;
#3930 = CARTESIAN_POINT ( 'NONE',  ( -9.638698607692782971, 110.9999999999999858, -64.04101205239877004 ) ) ;
#3931 = EDGE_CURVE ( 'NONE', #6176, #4747, #2806, .T. ) ;
#3932 = CARTESIAN_POINT ( 'NONE',  ( -7.275517551845224418, 110.9999999999999858, -84.19365097909890494 ) ) ;
#3933 = CARTESIAN_POINT ( 'NONE',  ( 16.61350354400433815, 110.9999999999999858, -71.13846711389618349 ) ) ;
#3934 = VERTEX_POINT ( 'NONE', #3270 ) ;
#3935 = FACE_OUTER_BOUND ( 'NONE', #884, .T. ) ;
#3936 = DIRECTION ( 'NONE',  ( -0.9928535775496396543, 0.000000000000000000, -0.1193389020683599394 ) ) ;
#3937 = EDGE_LOOP ( 'NONE', ( #4124, #74, #6551, #5546, #4967, #5628, #5246, #3615 ) ) ;
#3938 = CARTESIAN_POINT ( 'NONE',  ( -6.864983040936785130, 105.4999999999999858, -59.68935388785236285 ) ) ;
#3939 = CARTESIAN_POINT ( 'NONE',  ( -11.08283655869610129, 105.4999999999999858, -77.78106684040487551 ) ) ;
#3940 = CARTESIAN_POINT ( 'NONE',  ( 14.10525394431036439, 110.9999999999999858, -72.20999043559534414 ) ) ;
#3941 = EDGE_CURVE ( 'NONE', #79, #1881, #3292, .T. ) ;
#3942 = CARTESIAN_POINT ( 'NONE',  ( -11.75684740643832171, 110.9999999999999858, -83.76976116929021998 ) ) ;
#3943 = ORIENTED_EDGE ( 'NONE', *, *, #4832, .F. ) ;
#3944 = CARTESIAN_POINT ( 'NONE',  ( 1.682128284694953013, 105.4999999999999858, -85.99465770516425778 ) ) ;
#3945 = CARTESIAN_POINT ( 'NONE',  ( -15.32306896981205746, 105.4999999999999858, -69.01034888988048976 ) ) ;
#3946 = DIRECTION ( 'NONE',  ( 0.000000000000000000, 1.000000000000000000, 0.000000000000000000 ) ) ;
#3947 = CARTESIAN_POINT ( 'NONE',  ( 0.000000000000000000, 110.9999999999999858, -99.49999999999997158 ) ) ;
#3948 = CARTESIAN_POINT ( 'NONE',  ( 16.93749997582699507, 105.4999999999999858, -70.89669467784811729 ) ) ;
#3950 = CARTESIAN_POINT ( 'NONE',  ( -11.12469391732262380, 110.9999999999999858, -83.59777751916895738 ) ) ;
#3949 = B_SPLINE_CURVE_WITH_KNOTS ( 'NONE', 3,
 ( #2288, #788, #6066, #6546 ),
 .UNSPECIFIED., .F., .F.,
 ( 4, 4 ),
 ( 0.000000000000000000, 1.000000000000000000 ),
 .UNSPECIFIED. ) ;
#3951 = ORIENTED_EDGE ( 'NONE', *, *, #2785, .T. ) ;
#3952 = CARTESIAN_POINT ( 'NONE',  ( 9.714451465470119729E-14, 110.9999999999999858, -29.28342443435894182 ) ) ;
#3953 = ORIENTED_EDGE ( 'NONE', *, *, #2403, .T. ) ;
#3954 = CARTESIAN_POINT ( 'NONE',  ( -15.92193086976139504, 110.9999999999999858, -77.88118231681019665 ) ) ;
#3955 = DIRECTION ( 'NONE',  ( 0.000000000000000000, 0.000000000000000000, 1.000000000000000000 ) ) ;
#3956 = CARTESIAN_POINT ( 'NONE',  ( 4.758816829677870786, 105.4999999999999858, -86.42117152066886376 ) ) ;
#3957 = DIRECTION ( 'NONE',  ( 0.000000000000000000, 0.000000000000000000, 1.000000000000000000 ) ) ;
#3958 = CARTESIAN_POINT ( 'NONE',  ( 10.51584916751914456, 105.4999999999999858, -58.64272047586262460 ) ) ;
#3959 = DIRECTION ( 'NONE',  ( 0.000000000000000000, 0.000000000000000000, 1.000000000000000000 ) ) ;
#3960 = LINE ( 'NONE', #2894, #3115 ) ;
#3961 = CARTESIAN_POINT ( 'NONE',  ( 0.000000000000000000, 110.9999999999999858, -71.99999999999998579 ) ) ;
#3962 = ORIENTED_EDGE ( 'NONE', *, *, #5082, .F. ) ;
#3963 = CARTESIAN_POINT ( 'NONE',  ( 9.424240425039167590, 110.9999999999999858, -57.88334740541936441 ) ) ;
#3964 = EDGE_CURVE ( 'NONE', #234, #2350, #486, .T. ) ;
#3965 = CARTESIAN_POINT ( 'NONE',  ( -16.81980934022108443, 110.9999999999999858, -70.98703393936094130 ) ) ;
#3966 = CARTESIAN_POINT ( 'NONE',  ( -7.583626234842353320, 110.9999999999999858, -86.50419205345232854 ) ) ;
#3967 = CARTESIAN_POINT ( 'NONE',  ( 14.58021317981711817, 110.9999999999999858, -72.13266551896890633 ) ) ;
#3968 = ORIENTED_EDGE ( 'NONE', *, *, #4036, .T. ) ;
#3969 = CARTESIAN_POINT ( 'NONE',  ( -36.99363960252276229, 112.4999999999999858, -93.35828778282062501 ) ) ;
#3970 = ORIENTED_EDGE ( 'NONE', *, *, #728, .F. ) ;
#3971 = CARTESIAN_POINT ( 'NONE',  ( 12.78990417712426719, 105.4999999999999858, -77.92438612776582829 ) ) ;
#3972 = CARTESIAN_POINT ( 'NONE',  ( -10.22200870383626459, 105.4999999999999858, -64.10195061677650585 ) ) ;
#3973 = VERTEX_POINT ( 'NONE', #6057 ) ;
#3974 = CARTESIAN_POINT ( 'NONE',  ( 16.35281189707958305, 110.9999999999999858, -71.31551694546004683 ) ) ;
#3975 = ORIENTED_EDGE ( 'NONE', *, *, #914, .F. ) ;
#3976 = CARTESIAN_POINT ( 'NONE',  ( -7.839667027576900260, 105.4999999999999858, -58.74428515282728824 ) ) ;
#3977 = CARTESIAN_POINT ( 'NONE',  ( -4.574970340463472951, 105.4999999999999858, -57.07337604153263300 ) ) ;
#3978 = EDGE_CURVE ( 'NONE', #5868, #5286, #1726, .T. ) ;
#3979 = CARTESIAN_POINT ( 'NONE',  ( 12.36363030732594659, 110.9999999999999858, -81.18232001382716589 ) ) ;
#3980 = CARTESIAN_POINT ( 'NONE',  ( 13.13794342039479091, 111.0000000000000000, -66.36011380187760267 ) ) ;
#3981 = CARTESIAN_POINT ( 'NONE',  ( 14.58021317981711817, 105.4999999999999858, -72.13266551896890633 ) ) ;
#3982 = CARTESIAN_POINT ( 'NONE',  ( -12.96079323226404156, 105.4999999999999858, -66.45943697436599962 ) ) ;
#3983 = CIRCLE ( 'NONE', #5875, 16.99999999999860378 ) ;
#3984 = VERTEX_POINT ( 'NONE', #1795 ) ;
#3985 = CARTESIAN_POINT ( 'NONE',  ( -4.295494682718292268, 105.4999999999999858, -85.76695627012185241 ) ) ;
#3986 = ORIENTED_EDGE ( 'NONE', *, *, #4724, .F. ) ;
#3987 = CARTESIAN_POINT ( 'NONE',  ( 0.000000000000000000, 113.4999999999999858, -99.49999999999997158 ) ) ;
#3988 = CARTESIAN_POINT ( 'NONE',  ( 4.555022691701712034, 110.9999999999999858, -58.66089327844745327 ) ) ;
#3989 = EDGE_CURVE ( 'NONE', #1575, #1122, #1550, .T. ) ;
#3990 = CARTESIAN_POINT ( 'NONE',  ( 6.160994901018946202, 105.4999999999999858, -87.68356554840272565 ) ) ;
#3991 = CIRCLE ( 'NONE', #2159, 12.50000000000000178 ) ;
#3992 = SURFACE_SIDE_STYLE ('',( #2356 ) ) ;
#3993 = CARTESIAN_POINT ( 'NONE',  ( 15.21744136810653281, 105.4999999999999858, -78.02598143056046354 ) ) ;
#3994 = CARTESIAN_POINT ( 'NONE',  ( 7.839667027593120174, 105.4999999999999858, -58.74428515284710528 ) ) ;
#3995 = DIRECTION ( 'NONE',  ( 0.000000000000000000, 0.000000000000000000, -1.000000000000000000 ) ) ;
#3996 = DIRECTION ( 'NONE',  ( 0.000000000000000000, 1.000000000000000000, 0.000000000000000000 ) ) ;
#3997 = ORIENTED_EDGE ( 'NONE', *, *, #6957, .T. ) ;
#3998 = EDGE_CURVE ( 'NONE', #6364, #673, #378, .T. ) ;
#3999 = MANIFOLD_SOLID_BREP ( '\X2\7ec45408\X0\1', #60 ) ;
#4000 = CIRCLE ( 'NONE', #6774, 8.500000000000000000 ) ;
#4001 = CARTESIAN_POINT ( 'NONE',  ( 0.000000000000000000, 110.9999999999999858, -71.99999999999998579 ) ) ;
#4002 = FACE_OUTER_BOUND ( 'NONE', #1349, .T. ) ;
#4003 = CARTESIAN_POINT ( 'NONE',  ( -7.588953712926964634, 110.9999999999999858, -85.88159764882091451 ) ) ;
#4004 = AXIS2_PLACEMENT_3D ( 'NONE', #4441, #2318, #4990 ) ;
#4005 = CARTESIAN_POINT ( 'NONE',  ( 15.81629306545688785, 110.9999999999999858, -71.63142787913491816 ) ) ;
#4006 = EDGE_CURVE ( 'NONE', #6371, #5275, #3758, .T. ) ;
#4007 = ORIENTED_EDGE ( 'NONE', *, *, #4912, .F. ) ;
#4008 = CARTESIAN_POINT ( 'NONE',  ( 16.82566797711336193, 110.9999999999999858, -69.57164724063930805 ) ) ;
#4009 = CIRCLE ( 'NONE', #2979, 12.50000000000000178 ) ;
#4010 = CARTESIAN_POINT ( 'NONE',  ( -1.264283200091607995, 110.9999999999999858, -57.96142500675897935 ) ) ;
#4011 = CARTESIAN_POINT ( 'NONE',  ( -13.74216322135147195, 110.9999999999999858, -68.86424652617267839 ) ) ;
#4012 = ORIENTED_EDGE ( 'NONE', *, *, #2938, .F. ) ;
#4013 = B_SPLINE_CURVE_WITH_KNOTS ( 'NONE', 4,
 ( #760, #6039, #649, #148, #1880, #2369, #2795, #4422, #2907, #6625, #1845, #793, #3327, #2337, #4973, #4938, #1213, #2871, #190 ),
 .UNSPECIFIED., .F., .F.,
 ( 5, 1, 1, 1, 1, 1, 1, 1, 1, 1, 1, 1, 1, 1, 1, 5 ),
 ( 0.000000000000000000, 0.005376748248313690560, 0.01508368771682262223, 0.02853181967683027578, 0.04661013893542635678, 0.06485484867701551970, 0.09211052469974631562, 0.1194761750471190626, 0.1468424950126881179, 0.1742088532605756135, 0.2015749551777806792, 0.2289410129491928625, 0.2563073451819962711, 0.3070350317425281084, 0.3617673510343424326, 0.3768711599805257828 ),
 .UNSPECIFIED. ) ;
#4014 = VECTOR ( 'NONE', #310, 1000.000000000000000 ) ;
#4015 = CARTESIAN_POINT ( 'NONE',  ( 14.58021317981711817, 110.9999999999999858, -72.13266551896890633 ) ) ;
#4016 = CIRCLE ( 'NONE', #961, 16.99999999999859668 ) ;
#4018 = ORIENTED_EDGE ( 'NONE', *, *, #6593, .T. ) ;
#4017 = CIRCLE ( 'NONE', #962, 2.000000000000001776 ) ;
#4019 = DIRECTION ( 'NONE',  ( -0.9928535775496396543, 0.000000000000000000, -0.1193389020683603002 ) ) ;
#4020 = CARTESIAN_POINT ( 'NONE',  ( -13.06318720347620399, 110.9999999999999858, -82.87902293806240550 ) ) ;
#4021 = AXIS2_PLACEMENT_3D ( 'NONE', #3952, #1257, #4026 ) ;
#4022 = EDGE_CURVE ( 'NONE', #1099, #5917, #4641, .T. ) ;
#4023 = CARTESIAN_POINT ( 'NONE',  ( 1.265560432817239178, 105.4999999999999858, -57.95006613513601934 ) ) ;
#4024 = CARTESIAN_POINT ( 'NONE',  ( -9.523655234406382064, 110.9999999999999858, -82.82960527853495591 ) ) ;
#4025 = VERTEX_POINT ( 'NONE', #3460 ) ;
#4026 = DIRECTION ( 'NONE',  ( 0.000000000000000000, 0.000000000000000000, 1.000000000000000000 ) ) ;
#4027 = ORIENTED_EDGE ( 'NONE', *, *, #1638, .T. ) ;
#4028 = CARTESIAN_POINT ( 'NONE',  ( 0.5348675345816233939, 105.4999999999999858, -59.51144857397580523 ) ) ;
#4029 = CARTESIAN_POINT ( 'NONE',  ( 6.283281050849531368, 110.9999999999999858, -87.76757962723074513 ) ) ;
#4030 = CARTESIAN_POINT ( 'NONE',  ( -12.83006555374513091, 110.9999999999999858, -77.94106366749058168 ) ) ;
#4031 = FACE_OUTER_BOUND ( 'NONE', #332, .T. ) ;
#4032 = CARTESIAN_POINT ( 'NONE',  ( -1.623641311369532936, 105.4999999999999858, -86.67713541899996699 ) ) ;
#4033 = CARTESIAN_POINT ( 'NONE',  ( -15.85315169317280670, 110.9999999999999858, -76.06946622869288888 ) ) ;
#4034 = CARTESIAN_POINT ( 'NONE',  ( 0.000000000000000000, 105.4999999999999858, -71.99999999999998579 ) ) ;
#4035 = VERTEX_POINT ( 'NONE', #1339 ) ;
#4036 = EDGE_CURVE ( 'NONE', #6829, #837, #1431, .T. ) ;
#4037 = CARTESIAN_POINT ( 'NONE',  ( 7.313450331537320714, 110.9999999999999858, -59.17159559947334202 ) ) ;
#4038 = CARTESIAN_POINT ( 'NONE',  ( -15.60980656595232929, 105.4999999999999858, -71.73847488234609671 ) ) ;
#4039 = CARTESIAN_POINT ( 'NONE',  ( -1.269920715294336588, 111.0000000000000000, -57.91830546447612704 ) ) ;
#4040 = CARTESIAN_POINT ( 'NONE',  ( 14.86850930406780336, 105.4999999999999858, -68.91067050615687606 ) ) ;
#4041 = ORIENTED_EDGE ( 'NONE', *, *, #2088, .F. ) ;
#4042 = CARTESIAN_POINT ( 'NONE',  ( 23.81569860407268990, 113.4999999999999858, -47.24999999999934630 ) ) ;
#4043 = CARTESIAN_POINT ( 'NONE',  ( -27.68122796361762994, 110.9999999999999858, -68.54843108296068976 ) ) ;
#4044 = B_SPLINE_SURFACE_WITH_KNOTS ( 'NONE', 4, 1, ( 
 ( #447, #1412 ),
 ( #4589, #4064 ),
 ( #1375, #3567 ),
 ( #5705, #3036 ),
 ( #912, #349 ),
 ( #2493, #1967 ),
 ( #6293, #3068 ),
 ( #5206, #382 ),
 ( #2529, #1473 ),
 ( #5867, #4841 ),
 ( #4325, #5837 ),
 ( #3731, #5971 ),
 ( #1110, #1604 ),
 ( #480, #3198 ),
 ( #3262, #2626 ),
 ( #4363, #5402 ),
 ( #5443, #1040 ),
 ( #5935, #2202 ),
 ( #4780, #2099 ) ),
 .UNSPECIFIED., .F., .F., .F.,
 ( 5, 1, 1, 1, 1, 1, 1, 1, 1, 1, 1, 1, 1, 1, 1, 5 ),
 ( 2, 2 ),
 ( 0.000000000000000000, 0.01510380894618329473, 0.06983612823799767444, 0.1205638147985295117, 0.1479301470313329203, 0.1752962048027451036, 0.2026623067199501693, 0.2300286649678376649, 0.2573949849334067341, 0.2847606352807794949, 0.3120163113035102631, 0.3302610210450994122, 0.3483393403036955105, 0.3617874722637031693, 0.3714944117322120931, 0.3768711599805257828 ),
 ( 0.000000000000000000, 1.000000000000000000 ),
 .UNSPECIFIED. ) ;
#4045 = DIRECTION ( 'NONE',  ( 0.000000000000000000, 1.000000000000000000, -0.000000000000000000 ) ) ;
#4046 = VERTEX_POINT ( 'NONE', #3064 ) ;
#4047 = CARTESIAN_POINT ( 'NONE',  ( 14.42053432646894429, 105.4999999999999858, -72.16896523960468812 ) ) ;
#4048 = ORIENTED_EDGE ( 'NONE', *, *, #6193, .T. ) ;
#4049 = CARTESIAN_POINT ( 'NONE',  ( 1.463387188181047183, 105.4999999999999858, -57.30602119394536942 ) ) ;
#4050 = CARTESIAN_POINT ( 'NONE',  ( 12.80037986486779289, 110.9999999999999858, -77.92895944762754823 ) ) ;
#4051 = CARTESIAN_POINT ( 'NONE',  ( -13.05421872552867946, 110.9999999999999858, -82.84820545210513387 ) ) ;
#4052 = DIRECTION ( 'NONE',  ( 0.000000000000000000, 0.000000000000000000, 1.000000000000000000 ) ) ;
#4053 = CARTESIAN_POINT ( 'NONE',  ( 12.36422895317213921, 110.9999999999999858, -73.83734656326446100 ) ) ;
#4054 = DIRECTION ( 'NONE',  ( 0.000000000000000000, 0.000000000000000000, -1.000000000000000000 ) ) ;
#4055 = EDGE_LOOP ( 'NONE', ( #1299, #1319, #3151, #3300 ) ) ;
#4056 = CARTESIAN_POINT ( 'NONE',  ( -11.45325643222636813, 110.9999999999999858, -63.44215034351906013 ) ) ;
#4057 = ORIENTED_EDGE ( 'NONE', *, *, #2637, .T. ) ;
#4058 = EDGE_CURVE ( 'NONE', #3130, #2902, #2440, .T. ) ;
#4059 = CARTESIAN_POINT ( 'NONE',  ( -14.42053432645703381, 105.4999999999999858, -72.16896523957227316 ) ) ;
#4060 = CARTESIAN_POINT ( 'NONE',  ( 5.072420675084215347, 110.9999999999999858, -86.76499254686007134 ) ) ;
#4061 = FACE_OUTER_BOUND ( 'NONE', #2579, .T. ) ;
#4062 = CARTESIAN_POINT ( 'NONE',  ( -1.028600912950920820, 110.9999999999999858, -88.33477744430867062 ) ) ;
#4063 = CARTESIAN_POINT ( 'NONE',  ( -15.85315169317280670, 105.4999999999999858, -76.06946622869288888 ) ) ;
#4064 = CARTESIAN_POINT ( 'NONE',  ( -4.184669618647834710, 110.9999999999999858, -55.55054018370851310 ) ) ;
#4065 = ORIENTED_EDGE ( 'NONE', *, *, #3134, .F. ) ;
#4066 = CARTESIAN_POINT ( 'NONE',  ( 8.356536486906172456, 105.4999999999999858, -81.85073316784834674 ) ) ;
#4067 = DIRECTION ( 'NONE',  ( 0.000000000000000000, 1.000000000000000000, 0.000000000000000000 ) ) ;
#4068 = EDGE_CURVE ( 'NONE', #6583, #1892, #3628, .T. ) ;
#4069 = CARTESIAN_POINT ( 'NONE',  ( -2.390067682457869047, 111.0000000000000000, -55.80831847933974643 ) ) ;
#4070 = LINE ( 'NONE', #5678, #1527 ) ;
#4071 = ORIENTED_EDGE ( 'NONE', *, *, #452, .T. ) ;
#4072 = DIRECTION ( 'NONE',  ( 0.000000000000000000, 1.000000000000000000, 0.000000000000000000 ) ) ;
#4073 = CARTESIAN_POINT ( 'NONE',  ( 15.09667704849070446, 110.9999999999999858, -68.95620347162729047 ) ) ;
#4074 = CARTESIAN_POINT ( 'NONE',  ( 1.675395922980865038, 105.4999999999999858, -86.32387545374231763 ) ) ;
#4075 = ORIENTED_EDGE ( 'NONE', *, *, #6849, .F. ) ;
#4076 = DIRECTION ( 'NONE',  ( 0.000000000000000000, 1.000000000000000000, -0.000000000000000000 ) ) ;
#4077 = ORIENTED_EDGE ( 'NONE', *, *, #4687, .T. ) ;
#4078 = ADVANCED_FACE ( 'NONE', ( #5171 ), #842, .F. ) ;
#4079 = CARTESIAN_POINT ( 'NONE',  ( 11.89895147196007663, 105.4999999999999858, -63.25531766824810376 ) ) ;
#4080 = CARTESIAN_POINT ( 'NONE',  ( 23.81569860407268990, 113.4999999999999858, -58.24999999999947420 ) ) ;
#4081 = FACE_OUTER_BOUND ( 'NONE', #1091, .T. ) ;
#4082 = CARTESIAN_POINT ( 'NONE',  ( 13.37364744971983654, 110.9999999999999858, -66.19088901815098325 ) ) ;
#4083 = DIRECTION ( 'NONE',  ( 0.000000000000000000, 0.000000000000000000, 1.000000000000000000 ) ) ;
#4084 = ORIENTED_EDGE ( 'NONE', *, *, #6957, .F. ) ;
#4085 = CARTESIAN_POINT ( 'NONE',  ( 10.51348398794836214, 110.9999999999999858, -58.67472917722938064 ) ) ;
#4086 = ORIENTED_EDGE ( 'NONE', *, *, #5787, .T. ) ;
#4087 = CARTESIAN_POINT ( 'NONE',  ( 11.56714206210248186, 105.4999999999999858, -63.38712684246140583 ) ) ;
#4088 = CARTESIAN_POINT ( 'NONE',  ( -13.82951663050654290, 105.4999999999999858, -74.72478799495083024 ) ) ;
#4089 = AXIS2_PLACEMENT_3D ( 'NONE', #67, #5916, #3848 ) ;
#4090 = DIRECTION ( 'NONE',  ( 0.000000000000000000, 1.000000000000000000, 0.000000000000000000 ) ) ;
#4091 = CARTESIAN_POINT ( 'NONE',  ( 5.238036262512433261, 105.4999999999999858, -86.92829353453716124 ) ) ;
#4092 = CARTESIAN_POINT ( 'NONE',  ( -13.01229113502208001, 105.4999999999999858, -63.00159729962454236 ) ) ;
#4093 = CARTESIAN_POINT ( 'NONE',  ( 12.18490139587366805, 105.4999999999999858, -83.85445814758261918 ) ) ;
#4094 = ORIENTED_EDGE ( 'NONE', *, *, #3481, .T. ) ;
#4095 = CARTESIAN_POINT ( 'NONE',  ( -1.518223395023230227, 105.4999999999999858, -87.10998091890853345 ) ) ;
#4096 = EDGE_LOOP ( 'NONE', ( #4827, #5396, #4438, #6724 ) ) ;
#4097 = CARTESIAN_POINT ( 'NONE',  ( -12.25780488725057538, 105.4999999999999858, -77.69209013817345522 ) ) ;
#4098 = CIRCLE ( 'NONE', #934, 8.500000000000014211 ) ;
#4099 = CARTESIAN_POINT ( 'NONE',  ( -10.51584916751575527, 105.4999999999999858, -58.64272047585996006 ) ) ;
#4100 = FACE_OUTER_BOUND ( 'NONE', #561, .T. ) ;
#4101 = EDGE_CURVE ( 'NONE', #6794, #1217, #5434, .T. ) ;
#4102 = ORIENTED_EDGE ( 'NONE', *, *, #988, .F. ) ;
#4103 = CARTESIAN_POINT ( 'NONE',  ( 11.75684740643035830, 105.4999999999999858, -83.76976116930138971 ) ) ;
#4104 = AXIS2_PLACEMENT_3D ( 'NONE', #3629, #843, #4654 ) ;
#4105 = CARTESIAN_POINT ( 'NONE',  ( 13.87181067860504946, 110.9999999999999858, -74.73490184677865500 ) ) ;
#4106 = CIRCLE ( 'NONE', #1054, 2.000000000000001776 ) ;
#4107 = CARTESIAN_POINT ( 'NONE',  ( 23.81569860407268990, 112.9999999999999858, -58.24999999999947420 ) ) ;
#4108 = ORIENTED_EDGE ( 'NONE', *, *, #6475, .T. ) ;
#4109 = CARTESIAN_POINT ( 'NONE',  ( 16.81980934022273999, 110.9999999999999858, -70.98703393937255157 ) ) ;
#4110 = VECTOR ( 'NONE', #4815, 1000.000000000000000 ) ;
#4111 = VERTEX_POINT ( 'NONE', #2489 ) ;
#4112 = ADVANCED_FACE ( 'NONE', ( #3523 ), #5139, .T. ) ;
#4113 = DIRECTION ( 'NONE',  ( 0.000000000000000000, 0.000000000000000000, 1.000000000000000000 ) ) ;
#4114 = CARTESIAN_POINT ( 'NONE',  ( -4.605154744841790659, 110.9999999999999858, -57.30418750158326446 ) ) ;
#4115 = VECTOR ( 'NONE', #4255, 1000.000000000000000 ) ;
#4116 = B_SPLINE_CURVE_WITH_KNOTS ( 'NONE', 3,
 ( #6458, #4809, #4778, #5835 ),
 .UNSPECIFIED., .F., .F.,
 ( 4, 4 ),
 ( 0.000000000000000000, 1.000000000000000000 ),
 .UNSPECIFIED. ) ;
#4117 = CIRCLE ( 'NONE', #1064, 1.499999999999998224 ) ;
#4118 = AXIS2_PLACEMENT_3D ( 'NONE', #2695, #5934, #2663 ) ;
#4119 = CARTESIAN_POINT ( 'NONE',  ( -23.81569860407218542, 114.9999999999999858, -58.24999999999938183 ) ) ;
#4120 = CARTESIAN_POINT ( 'NONE',  ( 8.922906132225215003, 110.9999999999999858, -63.24604397112379672 ) ) ;
#4121 = CARTESIAN_POINT ( 'NONE',  ( 14.02344611068738089, 105.4999999999999858, -74.78510912273706879 ) ) ;
#4122 = ORIENTED_EDGE ( 'NONE', *, *, #3242, .T. ) ;
#4123 = CARTESIAN_POINT ( 'NONE',  ( -11.71766140854608373, 110.9999999999999858, -63.32263705821256394 ) ) ;
#4124 = ORIENTED_EDGE ( 'NONE', *, *, #2113, .T. ) ;
#4125 = AXIS2_PLACEMENT_3D ( 'NONE', #1469, #3627, #2058 ) ;
#4126 = CARTESIAN_POINT ( 'NONE',  ( 14.35123191981367974, 110.9999999999999858, -62.93698005912249016 ) ) ;
#4127 = AXIS2_PLACEMENT_3D ( 'NONE', #2005, #4693, #2593 ) ;
#4128 = ADVANCED_FACE ( 'NONE', ( #475 ), #2405, .T. ) ;
#4129 = CARTESIAN_POINT ( 'NONE',  ( -12.47604671605529347, 110.9999999999999858, -72.77347161473832671 ) ) ;
#4130 = CARTESIAN_POINT ( 'NONE',  ( 1.304002731882733634, 110.9999999999999858, -57.76225261777169351 ) ) ;
#4131 = CARTESIAN_POINT ( 'NONE',  ( 2.765565749361393433, 110.9999999999999858, -55.37821512089165310 ) ) ;
#4132 = CARTESIAN_POINT ( 'NONE',  ( -0.6562887717703191903, 110.9999999999999858, -88.98732718964346589 ) ) ;
#4133 = B_SPLINE_CURVE_WITH_KNOTS ( 'NONE', 3,
 ( #5001, #5495, #1235, #2931 ),
 .UNSPECIFIED., .F., .F.,
 ( 4, 4 ),
 ( 0.000000000000000000, 1.000000000000000000 ),
 .UNSPECIFIED. ) ;
#4134 = CARTESIAN_POINT ( 'NONE',  ( -12.32651562895952146, 105.4999999999999858, -63.13018951183325811 ) ) ;
#4135 = CARTESIAN_POINT ( 'NONE',  ( 11.64073008976409795, 110.9999999999999858, -77.60018294151203122 ) ) ;
#4136 = ORIENTED_EDGE ( 'NONE', *, *, #572, .T. ) ;
#4137 = CARTESIAN_POINT ( 'NONE',  ( -1.682128284694977438, 105.4999999999999858, -85.99465770516428620 ) ) ;
#4138 = ORIENTED_EDGE ( 'NONE', *, *, #6277, .T. ) ;
#4139 = CARTESIAN_POINT ( 'NONE',  ( 7.773303275923859168, 110.9999999999999858, -81.78906309002609021 ) ) ;
#4140 = LINE ( 'NONE', #4170, #1741 ) ;
#4141 = CARTESIAN_POINT ( 'NONE',  ( -1.339316662303507321, 111.0000000000000000, -57.64080119257550194 ) ) ;
#4142 = CARTESIAN_POINT ( 'NONE',  ( -14.13393755131311202, 105.4999999999999858, -78.11605792223561195 ) ) ;
#4143 = VERTEX_POINT ( 'NONE', #5764 ) ;
#4144 = CARTESIAN_POINT ( 'NONE',  ( -1.463387188152906582, 110.9999999999999858, -57.30602119393117277 ) ) ;
#4145 = CARTESIAN_POINT ( 'NONE',  ( 14.28918325236882758, 110.9999999999999858, -74.90163031565218432 ) ) ;
#4146 = CARTESIAN_POINT ( 'NONE',  ( 1.449089840208087843, 105.4999999999999858, -87.33213924564464037 ) ) ;
#4147 = ORIENTED_EDGE ( 'NONE', *, *, #1171, .T. ) ;
#4148 = ORIENTED_EDGE ( 'NONE', *, *, #4169, .F. ) ;
#4149 = CARTESIAN_POINT ( 'NONE',  ( 1.339316662334558927, 110.9999999999999858, -57.64080119259077151 ) ) ;
#4150 = CARTESIAN_POINT ( 'NONE',  ( 12.70925341270042352, 110.9999999999999858, -74.31160630140082901 ) ) ;
#4151 = EDGE_CURVE ( 'NONE', #3790, #2215, #5216, .T. ) ;
#4152 = CYLINDRICAL_SURFACE ( 'NONE', #4547, 12.50000000000007283 ) ;
#4153 = DIRECTION ( 'NONE',  ( -0.9928535775496396543, 0.000000000000000000, -0.1193389020683599672 ) ) ;
#4154 = CARTESIAN_POINT ( 'NONE',  ( 0.000000000000000000, 105.4999999999999858, -71.99999999999998579 ) ) ;
#4155 = EDGE_LOOP ( 'NONE', ( #4720, #6823, #2547, #835 ) ) ;
#4156 = CARTESIAN_POINT ( 'NONE',  ( 10.37139652093831543, 110.9999999999999858, -59.72395045855950713 ) ) ;
#4157 = ORIENTED_EDGE ( 'NONE', *, *, #6375, .F. ) ;
#4158 = CARTESIAN_POINT ( 'NONE',  ( 11.27866494760152172, 105.4999999999999858, -63.54590532048115392 ) ) ;
#4159 = CARTESIAN_POINT ( 'NONE',  ( -12.70925341271077436, 110.9999999999999858, -74.31160630139326884 ) ) ;
#4160 = CARTESIAN_POINT ( 'NONE',  ( 8.356536486906172456, 110.9999999999999858, -81.85073316784834674 ) ) ;
#4161 = CARTESIAN_POINT ( 'NONE',  ( 1.656495109874787319, 105.4999999999999858, -56.90455202394966960 ) ) ;
#4162 = CARTESIAN_POINT ( 'NONE',  ( 4.169918821243484786, 105.4999999999999858, -85.50994436106878993 ) ) ;
#4163 = CARTESIAN_POINT ( 'NONE',  ( -11.89895147195179170, 105.4999999999999858, -63.25531766821770674 ) ) ;
#4164 = CARTESIAN_POINT ( 'NONE',  ( 9.523655234390220770, 105.4999999999999858, -82.82960527856560873 ) ) ;
#4165 = ORIENTED_EDGE ( 'NONE', *, *, #6517, .T. ) ;
#4166 = CARTESIAN_POINT ( 'NONE',  ( -1.675395922980892793, 105.4999999999999858, -86.32387545374234605 ) ) ;
#4167 = ORIENTED_EDGE ( 'NONE', *, *, #396, .F. ) ;
#4168 = CARTESIAN_POINT ( 'NONE',  ( 8.882880340522412155, 105.4999999999999858, -82.18568150156362151 ) ) ;
#4169 = EDGE_CURVE ( 'NONE', #2215, #3083, #509, .T. ) ;
#4170 = CARTESIAN_POINT ( 'NONE',  ( -13.74216322135147195, 105.4999999999999858, -68.86424652617267839 ) ) ;
#4171 = CARTESIAN_POINT ( 'NONE',  ( -1.770307243963639809, 105.4999999999999858, -56.70162206393103332 ) ) ;
#4172 = CARTESIAN_POINT ( 'NONE',  ( 3.972025084481231705, 110.9999999999999858, -84.91807599929596506 ) ) ;
#4173 = CARTESIAN_POINT ( 'NONE',  ( 12.15331527010611978, 110.9999999999999858, -83.84876010434983584 ) ) ;
#4174 = CARTESIAN_POINT ( 'NONE',  ( 13.92992009981655244, 110.9999999999999858, -74.75238185207895469 ) ) ;
#4175 = CARTESIAN_POINT ( 'NONE',  ( -9.586723778983101241, 105.4999999999999858, -61.66681428425850697 ) ) ;
#4176 = VERTEX_POINT ( 'NONE', #4335 ) ;
#4177 = ORIENTED_EDGE ( 'NONE', *, *, #2170, .T. ) ;
#4178 = CARTESIAN_POINT ( 'NONE',  ( -9.774786521353702184, 110.9999999999999858, -61.39651434788206785 ) ) ;
#4179 = SHAPE_DEFINITION_REPRESENTATION ( #3874, #4593 ) ;
#4180 = ADVANCED_FACE ( 'NONE', ( #989 ), #5497, .F. ) ;
#4181 = CARTESIAN_POINT ( 'NONE',  ( -7.228840749649124042, 111.0000000000000142, -84.10057276607587085 ) ) ;
#4182 = CARTESIAN_POINT ( 'NONE',  ( -12.55069571235209835, 105.4999999999999858, -68.94243836740969300 ) ) ;
#4183 = ORIENTED_EDGE ( 'NONE', *, *, #1397, .F. ) ;
#4184 = FACE_OUTER_BOUND ( 'NONE', #904, .T. ) ;
#4185 = ORIENTED_EDGE ( 'NONE', *, *, #3157, .F. ) ;
#4186 = CARTESIAN_POINT ( 'NONE',  ( 12.55347716098953370, 105.4999999999999858, -63.07898176321365469 ) ) ;
#4187 = EDGE_CURVE ( 'NONE', #4143, #5606, #4755, .T. ) ;
#4188 = CARTESIAN_POINT ( 'NONE',  ( -12.91213570737996719, 110.9999999999999858, -72.38131020851372455 ) ) ;
#4189 = CARTESIAN_POINT ( 'NONE',  ( 0.6562887717702948764, 105.4999999999999858, -88.98732718964346589 ) ) ;
#4190 = CARTESIAN_POINT ( 'NONE',  ( 12.04260137073259429, 110.9999999999999858, -68.64951462835165330 ) ) ;
#4191 = CARTESIAN_POINT ( 'NONE',  ( -14.20291810989847825, 105.4999999999999858, -62.93307088122199389 ) ) ;
#4192 = CARTESIAN_POINT ( 'NONE',  ( 9.282203818988755017, 105.4999999999999858, -82.62275750825911302 ) ) ;
#4193 = EDGE_LOOP ( 'NONE', ( #6807, #6256 ) ) ;
#4194 = CARTESIAN_POINT ( 'NONE',  ( 7.228840749612406746, 105.4999999999999858, -84.10057276608289101 ) ) ;
#4195 = ORIENTED_EDGE ( 'NONE', *, *, #5663, .F. ) ;
#4196 = CARTESIAN_POINT ( 'NONE',  ( -12.78990417712740069, 110.9999999999999858, -77.92438612772858164 ) ) ;
#4197 = EDGE_CURVE ( 'NONE', #3159, #5821, #827, .T. ) ;
#4198 = CARTESIAN_POINT ( 'NONE',  ( 1.728907054294809953, 110.9999999999999858, -84.80154390683992460 ) ) ;
#4199 = CARTESIAN_POINT ( 'NONE',  ( -11.60612067756421517, 110.9999999999999858, -80.18023487835799301 ) ) ;
#4200 = CIRCLE ( 'NONE', #5203, 16.99999999999860378 ) ;
#4201 = CARTESIAN_POINT ( 'NONE',  ( 15.09667704849070446, 110.9999999999999858, -68.95620347162729047 ) ) ;
#4202 = ADVANCED_FACE ( 'NONE', ( #2638 ), #5410, .F. ) ;
#4203 = CARTESIAN_POINT ( 'NONE',  ( 6.907869425497130678, 105.4999999999999858, -82.41783758753618372 ) ) ;
#4204 = ORIENTED_EDGE ( 'NONE', *, *, #1716, .T. ) ;
#4205 = CARTESIAN_POINT ( 'NONE',  ( -1.770307243963639809, 110.9999999999999858, -56.70162206393103332 ) ) ;
#4206 = CIRCLE ( 'NONE', #4758, 16.99999999999859668 ) ;
#4207 = CARTESIAN_POINT ( 'NONE',  ( 14.64448700262125769, 110.9999999999999858, -75.09884710881840419 ) ) ;
#4208 = ADVANCED_FACE ( 'NONE', ( #4789 ), #4436, .F. ) ;
#4209 = CARTESIAN_POINT ( 'NONE',  ( -9.586723778983101241, 110.9999999999999858, -61.66681428425850697 ) ) ;
#4210 = AXIS2_PLACEMENT_3D ( 'NONE', #4886, #2245, #1827 ) ;
#4211 = ORIENTED_EDGE ( 'NONE', *, *, #927, .F. ) ;
#4212 = VERTEX_POINT ( 'NONE', #3923 ) ;
#4213 = AXIS2_PLACEMENT_3D ( 'NONE', #3858, #2294, #2189 ) ;
#4214 = CARTESIAN_POINT ( 'NONE',  ( 6.786292180980747268, 105.4999999999999858, -82.99158243544906099 ) ) ;
#4215 = CARTESIAN_POINT ( 'NONE',  ( 11.52562097700145927, 110.9999999999999858, -80.11418886550141849 ) ) ;
#4216 = AXIS2_PLACEMENT_3D ( 'NONE', #2575, #6304, #6338 ) ;
#4217 = CARTESIAN_POINT ( 'NONE',  ( -7.249624935083526012, 105.4999999999999858, -84.13877085686812052 ) ) ;
#4218 = CARTESIAN_POINT ( 'NONE',  ( 10.25064829472423611, 110.9999999999999858, -60.22465856326351741 ) ) ;
#4219 = VERTEX_POINT ( 'NONE', #5454 ) ;
#4220 = CARTESIAN_POINT ( 'NONE',  ( 7.578415887354621461, 110.9999999999999858, -85.64925159310584490 ) ) ;
#4221 = ORIENTED_EDGE ( 'NONE', *, *, #2944, .F. ) ;
#4222 = CARTESIAN_POINT ( 'NONE',  ( 12.82737368563496538, 105.4999999999999858, -82.16570009011546460 ) ) ;
#4223 = ADVANCED_FACE ( 'NONE', ( #1264 ), #5031, .F. ) ;
#4224 = CARTESIAN_POINT ( 'NONE',  ( 0.000000000000000000, 105.4999999999999858, -71.99999999999998579 ) ) ;
#4225 = AXIS2_PLACEMENT_3D ( 'NONE', #269, #5165, #3555 ) ;
#4226 = VECTOR ( 'NONE', #4228, 1000.000000000000000 ) ;
#4227 = CARTESIAN_POINT ( 'NONE',  ( 14.66063268841480749, 105.4999999999999858, -64.72340579882295231 ) ) ;
#4228 = DIRECTION ( 'NONE',  ( 0.000000000000000000, 1.000000000000000000, 0.000000000000000000 ) ) ;
#4229 = CARTESIAN_POINT ( 'NONE',  ( 15.87713240271468251, 114.9999999999999858, -48.59447481145294745 ) ) ;
#4230 = CARTESIAN_POINT ( 'NONE',  ( -16.33798488876574240, 110.9999999999999858, -76.60069971194489824 ) ) ;
#4231 = AXIS2_PLACEMENT_3D ( 'NONE', #3356, #5952, #3394 ) ;
#4232 = ORIENTED_EDGE ( 'NONE', *, *, #963, .F. ) ;
#4234 = ORIENTED_EDGE ( 'NONE', *, *, #5213, .F. ) ;
#4233 = AXIS2_PLACEMENT_3D ( 'NONE', #2196, #469, #2093 ) ;
#4235 = LINE ( 'NONE', #6366, #4110 ) ;
#4236 = FACE_OUTER_BOUND ( 'NONE', #4291, .T. ) ;
#4237 = DIRECTION ( 'NONE',  ( 0.000000000000000000, 1.000000000000000000, -0.000000000000000000 ) ) ;
#4238 = CIRCLE ( 'NONE', #3785, 16.99999999999859668 ) ;
#4239 = CARTESIAN_POINT ( 'NONE',  ( 14.63881925119657090, 110.9999999999999858, -68.87448821717605085 ) ) ;
#4240 = AXIS2_PLACEMENT_3D ( 'NONE', #6853, #3146, #4630 ) ;
#4241 = EDGE_CURVE ( 'NONE', #2992, #498, #6126, .T. ) ;
#4242 = CARTESIAN_POINT ( 'NONE',  ( -6.907869425497703553, 110.9999999999999858, -82.41783758753580003 ) ) ;
#4243 = CARTESIAN_POINT ( 'NONE',  ( -1.281230874796543739, 110.9999999999999858, -57.85868721466223974 ) ) ;
#4244 = CARTESIAN_POINT ( 'NONE',  ( 15.60631691770017859, 110.9999999999999858, -75.83537878214941941 ) ) ;
#4245 = CARTESIAN_POINT ( 'NONE',  ( -13.74216322135147195, 110.9999999999999858, -68.86424652617267839 ) ) ;
#4246 = EDGE_LOOP ( 'NONE', ( #6267, #2454, #1426, #236, #244, #2047 ) ) ;
#4247 = ORIENTED_EDGE ( 'NONE', *, *, #3417, .F. ) ;
#4248 = CARTESIAN_POINT ( 'NONE',  ( -15.03960127451290596, 110.9999999999999858, -64.07469915374676361 ) ) ;
#4249 = CARTESIAN_POINT ( 'NONE',  ( 11.36635421403038215, 110.9999999999999858, -63.48975489611957812 ) ) ;
#4250 = DIRECTION ( 'NONE',  ( 0.000000000000000000, 1.000000000000000000, -0.000000000000000000 ) ) ;
#4251 = EDGE_LOOP ( 'NONE', ( #3647, #225, #4012, #5617, #352 ) ) ;
#4252 = EDGE_CURVE ( 'NONE', #6474, #2936, #253, .T. ) ;
#4253 = B_SPLINE_CURVE_WITH_KNOTS ( 'NONE', 4,
 ( #4843, #3200, #4783, #5973, #4812, #2628, #6496, #1679, #4262, #6421, #3840, #5343, #5869, #2774, #6947, #551, #2132, #1112, #2165 ),
 .UNSPECIFIED., .F., .F.,
 ( 5, 1, 1, 1, 1, 1, 1, 1, 1, 1, 1, 1, 1, 1, 1, 5 ),
 ( 0.000000000000000000, 0.01510380894618329473, 0.06983612823799767444, 0.1205638147985295117, 0.1479301470313329203, 0.1752962048027451036, 0.2026623067199501693, 0.2300286649678376372, 0.2573949849334067341, 0.2847606352807794949, 0.3120163113035102631, 0.3302610210450994122, 0.3483393403036955105, 0.3617874722637031693, 0.3714944117322120931, 0.3768711599805257828 ),
 .UNSPECIFIED. ) ;
#4254 = CARTESIAN_POINT ( 'NONE',  ( 7.452998935104909073, 110.9999999999999858, -84.74783597669184587 ) ) ;
#4255 = DIRECTION ( 'NONE',  ( 0.000000000000000000, -1.000000000000000000, 0.000000000000000000 ) ) ;
#4256 = CARTESIAN_POINT ( 'NONE',  ( 15.03960127451460238, 105.4999999999999858, -64.07469915374997527 ) ) ;
#4257 = DIRECTION ( 'NONE',  ( -0.9928535775496396543, 0.000000000000000000, -0.1193389020683599394 ) ) ;
#4258 = CARTESIAN_POINT ( 'NONE',  ( -14.42701580430481911, 111.0000000000000142, -68.85107475509688868 ) ) ;
#4259 = CARTESIAN_POINT ( 'NONE',  ( -13.82951663050654290, 110.9999999999999858, -74.72478799495083024 ) ) ;
#4260 = ORIENTED_EDGE ( 'NONE', *, *, #1674, .F. ) ;
#4261 = B_SPLINE_SURFACE_WITH_KNOTS ( 'NONE', 3, 1, ( 
 ( #1763, #4995 ),
 ( #174, #2322 ),
 ( #6611, #6091 ),
 ( #5564, #808 ) ),
 .UNSPECIFIED., .F., .F., .F.,
 ( 4, 4 ),
 ( 2, 2 ),
 ( 0.000000000000000000, 1.000000000000000000 ),
 ( 0.000000000000000000, 1.000000000000000000 ),
 .UNSPECIFIED. ) ;
#4262 = CARTESIAN_POINT ( 'NONE',  ( 12.36363030732594659, 105.4999999999999858, -81.18232001382716589 ) ) ;
#4263 = ORIENTED_EDGE ( 'NONE', *, *, #5747, .F. ) ;
#4264 = CARTESIAN_POINT ( 'NONE',  ( 12.04260137073259074, 105.4999999999999858, -68.64951462835165330 ) ) ;
#4265 = CARTESIAN_POINT ( 'NONE',  ( 4.234218955527755845, 111.0000000000000142, -55.69038699667963499 ) ) ;
#4266 = DIRECTION ( 'NONE',  ( 0.000000000000000000, 0.000000000000000000, 1.000000000000000000 ) ) ;
#4267 = CARTESIAN_POINT ( 'NONE',  ( -9.651732629709796285, 105.4999999999999858, -61.58547470637657284 ) ) ;
#4268 = CARTESIAN_POINT ( 'NONE',  ( 12.98225229161268146, 110.9999999999999858, -77.98957419873757146 ) ) ;
#4269 = CARTESIAN_POINT ( 'NONE',  ( 8.227339352541013895, 105.4999999999999858, -58.48697447206529887 ) ) ;
#4270 = LINE ( 'NONE', #5317, #5311 ) ;
#4271 = PLANE ( 'NONE',  #3195 ) ;
#4272 = ADVANCED_FACE ( 'NONE', ( #3348 ), #4261, .F. ) ;
#4273 = CARTESIAN_POINT ( 'NONE',  ( -4.555022691664293966, 110.9999999999999858, -58.66089327844824197 ) ) ;
#4274 = CARTESIAN_POINT ( 'NONE',  ( -14.09382379057604950, 110.9999999999999858, -72.21007334604077244 ) ) ;
#4275 = CARTESIAN_POINT ( 'NONE',  ( -13.90128898370211452, 105.4999999999999858, -78.11315714163167456 ) ) ;
#4276 = ORIENTED_EDGE ( 'NONE', *, *, #3014, .F. ) ;
#4277 = CARTESIAN_POINT ( 'NONE',  ( 13.17339452564297098, 105.4999999999999858, -68.98083662801182925 ) ) ;
#4278 = ORIENTED_EDGE ( 'NONE', *, *, #2596, .F. ) ;
#4279 = CARTESIAN_POINT ( 'NONE',  ( -6.453548254072658530, 105.4999999999999858, -72.77570286344432304 ) ) ;
#4280 = ADVANCED_FACE ( 'NONE', ( #6740 ), #881, .T. ) ;
#4281 = CARTESIAN_POINT ( 'NONE',  ( -7.275517551845224418, 105.4999999999999858, -84.19365097909890494 ) ) ;
#4282 = CARTESIAN_POINT ( 'NONE',  ( -12.15331527011340285, 110.9999999999999858, -83.84876010434213356 ) ) ;
#4283 = ORIENTED_EDGE ( 'NONE', *, *, #519, .F. ) ;
#4284 = CARTESIAN_POINT ( 'NONE',  ( -14.20291810989847825, 110.9999999999999858, -62.93307088122199389 ) ) ;
#4285 = CARTESIAN_POINT ( 'NONE',  ( 11.52562097700145927, 105.4999999999999858, -80.11418886550141849 ) ) ;
#4286 = CARTESIAN_POINT ( 'NONE',  ( 6.982279347674338332, 110.9999999999999858, -59.52355624563045211 ) ) ;
#4287 = EDGE_CURVE ( 'NONE', #5016, #4046, #2427, .T. ) ;
#4288 = CARTESIAN_POINT ( 'NONE',  ( 7.583626234826546408, 110.9999999999999858, -86.50419205345627915 ) ) ;
#4289 = CARTESIAN_POINT ( 'NONE',  ( 2.073336447187903442, 105.4999999999999858, -84.32685182748465991 ) ) ;
#4290 = DIRECTION ( 'NONE',  ( 0.000000000000000000, -1.000000000000000000, 0.000000000000000000 ) ) ;
#4291 = EDGE_LOOP ( 'NONE', ( #6931, #4908, #6606, #1832 ) ) ;
#4292 = LINE ( 'NONE', #1012, #6900 ) ;
#4293 = ORIENTED_EDGE ( 'NONE', *, *, #2088, .T. ) ;
#4294 = FACE_OUTER_BOUND ( 'NONE', #6678, .T. ) ;
#4295 = CARTESIAN_POINT ( 'NONE',  ( 13.26249910545484667, 105.4999999999999858, -74.59995928291294831 ) ) ;
#4296 = CARTESIAN_POINT ( 'NONE',  ( -36.99363960252276229, 113.4999999999999858, -93.35828778282062501 ) ) ;
#4297 = CARTESIAN_POINT ( 'NONE',  ( 16.13777575158474065, 110.9999999999999858, -69.26958468641541344 ) ) ;
#4298 = CARTESIAN_POINT ( 'NONE',  ( 0.000000000000000000, 110.9999999999999858, 0.000000000000000000 ) ) ;
#4299 = CYLINDRICAL_SURFACE ( 'NONE', #292, 16.99999999999860378 ) ;
#4300 = CARTESIAN_POINT ( 'NONE',  ( -14.10525394429809509, 110.9999999999999858, -72.20999043556017227 ) ) ;
#4301 = DIRECTION ( 'NONE',  ( 0.000000000000000000, 1.000000000000000000, 0.000000000000000000 ) ) ;
#4302 = ORIENTED_EDGE ( 'NONE', *, *, #4287, .F. ) ;
#4303 = DIRECTION ( 'NONE',  ( 0.000000000000000000, 1.000000000000000000, 0.000000000000000000 ) ) ;
#4304 = CARTESIAN_POINT ( 'NONE',  ( 11.27866494760152172, 105.4999999999999858, -63.54590532048115392 ) ) ;
#4305 = ADVANCED_FACE ( 'NONE', ( #4061 ), #2958, .F. ) ;
#4306 = CARTESIAN_POINT ( 'NONE',  ( -7.234484023927618246, 110.9999999999999858, -84.11051302480868230 ) ) ;
#4307 = CARTESIAN_POINT ( 'NONE',  ( -4.590925677243040681, 105.4999999999999858, -60.37359034671361968 ) ) ;
#4308 = ORIENTED_EDGE ( 'NONE', *, *, #5475, .T. ) ;
#4309 = CARTESIAN_POINT ( 'NONE',  ( -4.379361247894288489, 105.4999999999999858, -85.90760265354637681 ) ) ;
#4310 = CIRCLE ( 'NONE', #1271, 1.499999999999998890 ) ;
#4311 = CARTESIAN_POINT ( 'NONE',  ( -13.06318720347706552, 105.4999999999999858, -82.87902293806135390 ) ) ;
#4312 = ORIENTED_EDGE ( 'NONE', *, *, #6510, .F. ) ;
#4313 = CARTESIAN_POINT ( 'NONE',  ( -15.03960127451290596, 105.4999999999999858, -64.07469915374676361 ) ) ;
#4314 = AXIS2_PLACEMENT_3D ( 'NONE', #2711, #1587, #6478 ) ;
#4315 = CARTESIAN_POINT ( 'NONE',  ( -7.583626234842353320, 105.4999999999999858, -86.50419205345232854 ) ) ;
#4316 = ADVANCED_FACE ( 'NONE', ( #1471 ), #6224, .T. ) ;
#4317 = CARTESIAN_POINT ( 'NONE',  ( 9.940557158858839060, 110.9999999999999858, -61.08030043512599150 ) ) ;
#4318 = CIRCLE ( 'NONE', #3540, 8.500000000000007105 ) ;
#4319 = ORIENTED_EDGE ( 'NONE', *, *, #4629, .T. ) ;
#4320 = CARTESIAN_POINT ( 'NONE',  ( 7.356595353049566022, 110.9999999999999858, -84.40406644307412876 ) ) ;
#4321 = FACE_OUTER_BOUND ( 'NONE', #5760, .T. ) ;
#4322 = DIRECTION ( 'NONE',  ( -0.9928535775496396543, 0.000000000000000000, -0.1193389020683599394 ) ) ;
#4323 = DIRECTION ( 'NONE',  ( -0.9928535775496396543, 0.000000000000000000, -0.1193389020683599672 ) ) ;
#4324 = CARTESIAN_POINT ( 'NONE',  ( 16.87851081834248745, 105.4999999999999858, -69.97123866483802601 ) ) ;
#4325 = CARTESIAN_POINT ( 'NONE',  ( -4.638563182632789328, 105.4999999999999858, -57.76807867593068835 ) ) ;
#4326 = ORIENTED_EDGE ( 'NONE', *, *, #4687, .F. ) ;
#4327 = CARTESIAN_POINT ( 'NONE',  ( -4.590925677246893599, 105.4999999999999858, -60.37359034671511893 ) ) ;
#4328 = ORIENTED_EDGE ( 'NONE', *, *, #6560, .F. ) ;
#4329 = VECTOR ( 'NONE', #2273, 1000.000000000000000 ) ;
#4330 = DIRECTION ( 'NONE',  ( -0.9928535775496397653, 0.000000000000000000, -0.1193389020683589263 ) ) ;
#4331 = PLANE ( 'NONE',  #608 ) ;
#4332 = B_SPLINE_CURVE_WITH_KNOTS ( 'NONE', 4,
 ( #599, #5002, #3276, #4897, #137, #5420, #2710, #2285, #4452, #2143, #6064, #1237, #1769, #1621, #3312, #1204, #1692, #5386, #2823 ),
 .UNSPECIFIED., .F., .F.,
 ( 5, 1, 1, 1, 1, 1, 1, 1, 1, 1, 1, 1, 1, 1, 1, 5 ),
 ( 0.000000000000000000, 0.005376748248313690560, 0.01508368771682262223, 0.02853181967683027578, 0.04661013893542635678, 0.06485484867701551970, 0.09211052469974631562, 0.1194761750471190626, 0.1468424950126881179, 0.1742088532605756135, 0.2015749551777806792, 0.2289410129491928625, 0.2563073451819962711, 0.3070350317425281084, 0.3617673510343424326, 0.3768711599805257828 ),
 .UNSPECIFIED. ) ;
#4333 = CARTESIAN_POINT ( 'NONE',  ( -1.684686988164369348, 110.9999999999999858, -86.19773585460632148 ) ) ;
#4334 = CARTESIAN_POINT ( 'NONE',  ( 13.78491443101818525, 105.4999999999999858, -68.85628345042366050 ) ) ;
#4335 = CARTESIAN_POINT ( 'NONE',  ( -23.81569860407218542, 110.9999999999999858, -68.74999999999937472 ) ) ;
#4336 = CARTESIAN_POINT ( 'NONE',  ( 4.402314712698689014, 105.4999999999999858, -56.23603478931848798 ) ) ;
#4337 = FACE_OUTER_BOUND ( 'NONE', #6156, .T. ) ;
#4338 = DIRECTION ( 'NONE',  ( 0.000000000000000000, 1.000000000000000000, 0.000000000000000000 ) ) ;
#4339 = AXIS2_PLACEMENT_3D ( 'NONE', #3281, #3855, #6961 ) ;
#4340 = ORIENTED_EDGE ( 'NONE', *, *, #6018, .F. ) ;
#4341 = CARTESIAN_POINT ( 'NONE',  ( 15.21744136810653281, 105.4999999999999858, -78.02598143056046354 ) ) ;
#4342 = EDGE_CURVE ( 'NONE', #6201, #4212, #941, .T. ) ;
#4343 = DIRECTION ( 'NONE',  ( 0.000000000000000000, 0.000000000000000000, 1.000000000000000000 ) ) ;
#4344 = AXIS2_PLACEMENT_3D ( 'NONE', #4802, #4250, #4769 ) ;
#4345 = TOROIDAL_SURFACE ( 'NONE', #5240, 10.50000000000000888, 2.000000000000000000 ) ;
#4346 = CARTESIAN_POINT ( 'NONE',  ( -10.10969247436488416, 105.4999999999999858, -60.66815797319559067 ) ) ;
#4347 = CARTESIAN_POINT ( 'NONE',  ( 0.000000000000000000, 113.4999999999999858, -99.49999999999997158 ) ) ;
#4348 = ORIENTED_EDGE ( 'NONE', *, *, #792, .F. ) ;
#4349 = CARTESIAN_POINT ( 'NONE',  ( -23.81569860407218542, 110.9999999999999858, -58.24999999999938183 ) ) ;
#4350 = CARTESIAN_POINT ( 'NONE',  ( 2.771223111742978862, 110.9999999999999858, -55.37225555137685262 ) ) ;
#4351 = EDGE_CURVE ( 'NONE', #3140, #3159, #4380, .T. ) ;
#4352 = ORIENTED_EDGE ( 'NONE', *, *, #2673, .F. ) ;
#4353 = CARTESIAN_POINT ( 'NONE',  ( -2.073336447187922538, 110.9999999999999858, -84.32685182748465991 ) ) ;
#4354 = CARTESIAN_POINT ( 'NONE',  ( 9.304399815447759181, 110.9999999999999858, -82.64588952080715956 ) ) ;
#4355 = DIRECTION ( 'NONE',  ( 0.000000000000000000, 0.000000000000000000, 1.000000000000000000 ) ) ;
#4356 = ORIENTED_EDGE ( 'NONE', *, *, #6945, .F. ) ;
#4357 = CARTESIAN_POINT ( 'NONE',  ( 16.35871260184050158, 110.9999999999999858, -76.62520507765191269 ) ) ;
#4358 = CARTESIAN_POINT ( 'NONE',  ( 13.01210508686499701, 105.4999999999999858, -82.70594263433990534 ) ) ;
#4359 = EDGE_CURVE ( 'NONE', #756, #36, #3189, .T. ) ;
#4360 = CARTESIAN_POINT ( 'NONE',  ( 8.031390678594885202, 105.4999999999999858, -58.61227352455272666 ) ) ;
#4361 = DIRECTION ( 'NONE',  ( 0.1637789924581098400, -0.000000000000000000, 0.9864970560672781108 ) ) ;
#4362 = CARTESIAN_POINT ( 'NONE',  ( 2.593397313772203283, 105.4999999999999858, -55.56756167535299795 ) ) ;
#4363 = CARTESIAN_POINT ( 'NONE',  ( -4.581327445095324968, 105.4999999999999858, -58.56014439483282530 ) ) ;
#4364 = ORIENTED_EDGE ( 'NONE', *, *, #2660, .T. ) ;
#4365 = DIRECTION ( 'NONE',  ( 0.000000000000000000, 1.000000000000000000, 0.000000000000000000 ) ) ;
#4366 = ORIENTED_EDGE ( 'NONE', *, *, #1785, .F. ) ;
#4367 = CARTESIAN_POINT ( 'NONE',  ( 0.000000000000000000, 105.4999999999999858, -71.99999999999998579 ) ) ;
#4368 = CARTESIAN_POINT ( 'NONE',  ( 4.558475950897204143, 111.0000000000000142, -58.64999693552029925 ) ) ;
#4369 = CARTESIAN_POINT ( 'NONE',  ( -12.70925341271077436, 110.9999999999999858, -74.31160630139326884 ) ) ;
#4370 = B_SPLINE_CURVE_WITH_KNOTS ( 'NONE', 3,
 ( #5740, #2466, #3110, #2535 ),
 .UNSPECIFIED., .F., .F.,
 ( 4, 4 ),
 ( 0.000000000000000000, 1.000000000000000000 ),
 .UNSPECIFIED. ) ;
#4371 = CARTESIAN_POINT ( 'NONE',  ( 4.169918821243484786, 110.9999999999999858, -85.50994436106878993 ) ) ;
#4372 = CARTESIAN_POINT ( 'NONE',  ( -9.274493938821287031, 105.4999999999999858, -82.61431872657358610 ) ) ;
#4373 = CARTESIAN_POINT ( 'NONE',  ( -6.453548254072664747, 114.9999999999999858, -72.77570286344432304 ) ) ;
#4374 = CARTESIAN_POINT ( 'NONE',  ( 12.91213570738850969, 105.4999999999999858, -72.38131020852326003 ) ) ;
#4375 = ORIENTED_EDGE ( 'NONE', *, *, #6071, .T. ) ;
#4376 = ADVANCED_FACE ( 'NONE', ( #4031 ), #6556, .F. ) ;
#4377 = CARTESIAN_POINT ( 'NONE',  ( 12.80037986486779289, 105.4999999999999858, -77.92895944762754823 ) ) ;
#4378 = B_SPLINE_SURFACE_WITH_KNOTS ( 'NONE', 4, 1, ( 
 ( #95, #2135 ),
 ( #5449, #4368 ),
 ( #1577, #3878 ),
 ( #3736, #1151 ),
 ( #6014, #16 ),
 ( #3204, #2633 ),
 ( #2208, #4846 ),
 ( #3173, #5348 ),
 ( #631, #5309 ),
 ( #555, #4816 ),
 ( #586, #4403 ),
 ( #2735, #5942 ),
 ( #2105, #6950 ),
 ( #3268, #485 ),
 ( #3302, #1046 ),
 ( #4881, #5873 ),
 ( #62, #4265 ),
 ( #4786, #5978 ),
 ( #6500, #6533 ) ),
 .UNSPECIFIED., .F., .F., .F.,
 ( 5, 1, 1, 1, 1, 1, 1, 1, 1, 1, 1, 1, 1, 1, 1, 5 ),
 ( 2, 2 ),
 ( 0.000000000000000000, 0.005376748248313690560, 0.01508368771682262396, 0.02853181967683027578, 0.04661013893542635678, 0.06485484867701551970, 0.09211052469974630175, 0.1194761750471190764, 0.1468424950126881179, 0.1742088532605756135, 0.2015749551777806792, 0.2289410129491928625, 0.2563073451819962711, 0.3070350317425281084, 0.3617673510343424881, 0.3768711599805257828 ),
 ( 0.000000000000000000, 1.000000000000000000 ),
 .UNSPECIFIED. ) ;
#4379 = CARTESIAN_POINT ( 'NONE',  ( 1.264283200125452478, 110.9999999999999858, -57.96142500677489551 ) ) ;
#4380 = B_SPLINE_CURVE_WITH_KNOTS ( 'NONE', 4,
 ( #3565, #5703, #5242, #1897, #3034, #5172, #3599, #3065, #4586, #6161, #1999, #2490, #4619, #4549, #5100, #2459, #6673, #5204, #6708 ),
 .UNSPECIFIED., .F., .F.,
 ( 5, 1, 1, 1, 1, 1, 1, 1, 1, 1, 1, 1, 1, 1, 1, 5 ),
 ( 0.000000000000000000, 0.005376748248313690560, 0.01508368771682262223, 0.02853181967683027578, 0.04661013893542635678, 0.06485484867701551970, 0.09211052469974631562, 0.1194761750471190626, 0.1468424950126881179, 0.1742088532605756135, 0.2015749551777806792, 0.2289410129491928625, 0.2563073451819962711, 0.3070350317425281084, 0.3617673510343424326, 0.3768711599805257828 ),
 .UNSPECIFIED. ) ;
#4381 = CARTESIAN_POINT ( 'NONE',  ( -7.578415887377865090, 110.9999999999999858, -85.64925159310188008 ) ) ;
#4382 = CARTESIAN_POINT ( 'NONE',  ( -13.17339452565020430, 105.4999999999999858, -68.98083662798711657 ) ) ;
#4383 = EDGE_CURVE ( 'NONE', #2829, #3648, #3711, .T. ) ;
#4384 = ORIENTED_EDGE ( 'NONE', *, *, #5280, .T. ) ;
#4385 = CARTESIAN_POINT ( 'NONE',  ( 1.578216621895656813, 110.9999999999999858, -86.88533121124497427 ) ) ;
#4386 = CARTESIAN_POINT ( 'NONE',  ( 9.274493938803244575, 110.9999999999999858, -82.61431872660638476 ) ) ;
#4387 = ORIENTED_EDGE ( 'NONE', *, *, #2499, .F. ) ;
#4388 = CARTESIAN_POINT ( 'NONE',  ( 10.54796902411448123, 105.4999999999999858, -78.70748458561936900 ) ) ;
#4389 = CARTESIAN_POINT ( 'NONE',  ( 14.09382379058831880, 110.9999999999999858, -72.21007334607602957 ) ) ;
#4390 = CARTESIAN_POINT ( 'NONE',  ( -12.69709083993543430, 110.9999999999999858, -81.85145381864320768 ) ) ;
#4391 = ORIENTED_EDGE ( 'NONE', *, *, #4972, .T. ) ;
#4392 = CARTESIAN_POINT ( 'NONE',  ( -6.870769920380331186, 105.4999999999999858, -59.67949653960026524 ) ) ;
#4393 = CARTESIAN_POINT ( 'NONE',  ( -16.42958139039610899, 105.4999999999999858, -69.38856471325956932 ) ) ;
#4394 = CARTESIAN_POINT ( 'NONE',  ( 23.81569860407268990, 113.4999999999999858, -45.74999999999934630 ) ) ;
#4395 = EDGE_CURVE ( 'NONE', #2438, #3161, #1047, .T. ) ;
#4396 = CARTESIAN_POINT ( 'NONE',  ( 13.84473902398710266, 111.0000000000000000, -65.75982956926132772 ) ) ;
#4397 = CARTESIAN_POINT ( 'NONE',  ( -36.99363960252276229, 110.9999999999999858, -93.35828778282062501 ) ) ;
#4398 = CARTESIAN_POINT ( 'NONE',  ( 4.006352310987010057, 110.9999999999999858, -55.47882748833480093 ) ) ;
#4399 = VERTEX_POINT ( 'NONE', #5160 ) ;
#4400 = LINE ( 'NONE', #1644, #4461 ) ;
#4401 = ORIENTED_EDGE ( 'NONE', *, *, #2325, .F. ) ;
#4402 = CARTESIAN_POINT ( 'NONE',  ( -15.40483625196457851, 110.9999999999999858, -77.99034810663341943 ) ) ;
#4403 = CARTESIAN_POINT ( 'NONE',  ( 4.605154744867393291, 111.0000000000000142, -57.30418750158206365 ) ) ;
#4404 = CARTESIAN_POINT ( 'NONE',  ( -4.555022691664293966, 110.9999999999999858, -58.66089327844824197 ) ) ;
#4405 = CARTESIAN_POINT ( 'NONE',  ( 15.95310383445091773, 110.9999999999999858, -77.87354050357869539 ) ) ;
#4406 = FACE_OUTER_BOUND ( 'NONE', #4903, .T. ) ;
#4407 = CARTESIAN_POINT ( 'NONE',  ( -14.09382379057604950, 110.9999999999999858, -72.21007334604077244 ) ) ;
#4408 = ORIENTED_EDGE ( 'NONE', *, *, #1816, .F. ) ;
#4409 = EDGE_CURVE ( 'NONE', #4639, #4705, #6888, .T. ) ;
#4410 = CARTESIAN_POINT ( 'NONE',  ( 13.45705252280094122, 105.4999999999999858, -78.07965892252398987 ) ) ;
#4411 = CARTESIAN_POINT ( 'NONE',  ( 23.81569860407268990, 110.9999999999999858, -47.74999999999946709 ) ) ;
#4412 = PRODUCT_RELATED_PRODUCT_CATEGORY ( 'part', '', ( #3703 ) ) ;
#4413 = CARTESIAN_POINT ( 'NONE',  ( -12.15331527011340285, 105.4999999999999858, -83.84876010434213356 ) ) ;
#4414 = CARTESIAN_POINT ( 'NONE',  ( 16.96286969065821282, 110.9999999999999858, -70.87703434705181849 ) ) ;
#4415 = EDGE_LOOP ( 'NONE', ( #6646, #6195, #6379, #2833 ) ) ;
#4416 = CARTESIAN_POINT ( 'NONE',  ( -4.295494682718292268, 105.4999999999999858, -85.76695627012185241 ) ) ;
#4417 = CARTESIAN_POINT ( 'NONE',  ( -12.91213570737996719, 105.4999999999999858, -72.38131020851372455 ) ) ;
#4418 = ORIENTED_EDGE ( 'NONE', *, *, #3582, .F. ) ;
#4419 = CARTESIAN_POINT ( 'NONE',  ( -8.227339352527028637, 105.4999999999999858, -58.48697447204885691 ) ) ;
#4420 = EDGE_CURVE ( 'NONE', #6838, #2808, #1917, .T. ) ;
#4421 = B_SPLINE_CURVE_WITH_KNOTS ( 'NONE', 3,
 ( #4304, #3786, #2179, #71 ),
 .UNSPECIFIED., .F., .F.,
 ( 4, 4 ),
 ( 0.000000000000000000, 1.000000000000000000 ),
 .UNSPECIFIED. ) ;
#4422 = CARTESIAN_POINT ( 'NONE',  ( -11.89895147195179170, 110.9999999999999858, -63.25531766821770674 ) ) ;
#4423 = CIRCLE ( 'NONE', #3749, 12.50000000000000178 ) ;
#4424 = CARTESIAN_POINT ( 'NONE',  ( 9.423698307924613715, 110.9999999999999858, -82.75210601912408492 ) ) ;
#4425 = CARTESIAN_POINT ( 'NONE',  ( -10.21301439205561401, 110.9999999999999858, -83.23881055425104591 ) ) ;
#4426 = EDGE_LOOP ( 'NONE', ( #3782, #5906, #3826, #6515 ) ) ;
#4427 = CARTESIAN_POINT ( 'NONE',  ( -6.887671465221725242, 105.4999999999999858, -59.65225520987307561 ) ) ;
#4428 = TOROIDAL_SURFACE ( 'NONE', #1601, 11.00000000000007105, 1.500000000000000000 ) ;
#4429 = CARTESIAN_POINT ( 'NONE',  ( -4.536970427943959550, 105.4999999999999858, -56.84391636746329368 ) ) ;
#4430 = CARTESIAN_POINT ( 'NONE',  ( -12.92676554766843644, 110.9999999999999858, -82.44760176471457669 ) ) ;
#4431 = AXIS2_PLACEMENT_3D ( 'NONE', #2926, #2388, #5065 ) ;
#4432 = CARTESIAN_POINT ( 'NONE',  ( 7.559952289157678251, 110.9999999999999858, -85.41720822668483493 ) ) ;
#4433 = CARTESIAN_POINT ( 'NONE',  ( 14.19777028870318780, 105.4999999999999858, -72.20395753603379774 ) ) ;
#4434 = CARTESIAN_POINT ( 'NONE',  ( -9.304399815465520973, 110.9999999999999858, -82.64588952077461670 ) ) ;
#4435 = ORIENTED_EDGE ( 'NONE', *, *, #891, .T. ) ;
#4436 = B_SPLINE_SURFACE_WITH_KNOTS ( 'NONE', 4, 1, ( 
 ( #1580, #489 ),
 ( #5351, #591 ),
 ( #6923, #2138 ),
 ( #2108, #1650 ),
 ( #3813, #4268 ),
 ( #3740, #526 ),
 ( #3305, #129 ),
 ( #2279, #209 ),
 ( #6536, #3462 ),
 ( #4445, #4516 ),
 ( #4924, #6642 ),
 ( #5602, #669 ),
 ( #1231, #2815 ),
 ( #6058, #2779 ),
 ( #3993, #5524 ),
 ( #779, #5491 ),
 ( #1828, #746 ),
 ( #97, #241 ),
 ( #2851, #4405 ) ),
 .UNSPECIFIED., .F., .F., .F.,
 ( 5, 1, 1, 1, 1, 1, 1, 1, 1, 1, 1, 1, 1, 1, 1, 5 ),
 ( 2, 2 ),
 ( 0.000000000000000000, 0.005376748248313690560, 0.01508368771682262396, 0.02853181967683027578, 0.04661013893542635678, 0.06485484867701551970, 0.09211052469974630175, 0.1194761750471190764, 0.1468424950126881179, 0.1742088532605756135, 0.2015749551777806792, 0.2289410129491928625, 0.2563073451819962711, 0.3070350317425281084, 0.3617673510343424881, 0.3768711599805257828 ),
 ( 0.000000000000000000, 1.000000000000000000 ),
 .UNSPECIFIED. ) ;
#4437 = CARTESIAN_POINT ( 'NONE',  ( -16.82566797711224993, 110.9999999999999858, -69.57164724063171946 ) ) ;
#4438 = ORIENTED_EDGE ( 'NONE', *, *, #5221, .F. ) ;
#4439 = EDGE_CURVE ( 'NONE', #1217, #2584, #6791, .T. ) ;
#4440 = CARTESIAN_POINT ( 'NONE',  ( 36.99363960252269834, 114.9999999999999858, -93.35828778282059659 ) ) ;
#4441 = CARTESIAN_POINT ( 'NONE',  ( 0.000000000000000000, 110.9999999999999858, -71.99999999999998579 ) ) ;
#4442 = CIRCLE ( 'NONE', #4213, 16.99999999999860378 ) ;
#4443 = CARTESIAN_POINT ( 'NONE',  ( -12.78600614103934952, 110.9999999999999858, -82.06592028731037658 ) ) ;
#4444 = CARTESIAN_POINT ( 'NONE',  ( 2.183063851200751415, 110.9999999999999858, -56.07826986914306389 ) ) ;
#4445 = CARTESIAN_POINT ( 'NONE',  ( 13.90128898370061528, 105.4999999999999858, -78.11315714165925783 ) ) ;
#4446 = CARTESIAN_POINT ( 'NONE',  ( 7.063938973404970234, 105.4999999999999858, -59.42696831735799634 ) ) ;
#4447 = CARTESIAN_POINT ( 'NONE',  ( -15.18590442082033043, 110.9999999999999858, -71.93048332293484748 ) ) ;
#4448 = DIRECTION ( 'NONE',  ( -0.000000000000000000, -1.000000000000000000, -0.000000000000000000 ) ) ;
#4449 = CIRCLE ( 'NONE', #5224, 6.500000000000000000 ) ;
#4450 = ORIENTED_EDGE ( 'NONE', *, *, #5591, .T. ) ;
#4451 = CARTESIAN_POINT ( 'NONE',  ( 0.000000000000000000, 105.4999999999999858, -71.99999999999998579 ) ) ;
#4452 = CARTESIAN_POINT ( 'NONE',  ( -12.11798991032928718, 105.4999999999999858, -80.78738718318759027 ) ) ;
#4453 = AXIS2_PLACEMENT_3D ( 'NONE', #1093, #5919, #4343 ) ;
#4454 = EDGE_CURVE ( 'NONE', #5672, #432, #2177, .T. ) ;
#4455 = CARTESIAN_POINT ( 'NONE',  ( -9.348592654719615425, 105.4999999999999858, -82.68747375309285985 ) ) ;
#4456 = CARTESIAN_POINT ( 'NONE',  ( 15.54729956731469187, 105.4999999999999858, -69.07212570203898849 ) ) ;
#4457 = ORIENTED_EDGE ( 'NONE', *, *, #6037, .T. ) ;
#4458 = CARTESIAN_POINT ( 'NONE',  ( 4.590925677246917580, 105.4999999999999858, -60.37359034671514735 ) ) ;
#4459 = CARTESIAN_POINT ( 'NONE',  ( 2.867712144238618865, 110.9999999999999858, -55.27061223108242416 ) ) ;
#4460 = ORIENTED_EDGE ( 'NONE', *, *, #6306, .T. ) ;
#4461 = VECTOR ( 'NONE', #4365, 1000.000000000000000 ) ;
#4462 = FACE_OUTER_BOUND ( 'NONE', #4695, .T. ) ;
#4463 = CARTESIAN_POINT ( 'NONE',  ( 14.38331250274789852, 110.9999999999999858, -62.93797365661252030 ) ) ;
#4464 = B_SPLINE_CURVE_WITH_KNOTS ( 'NONE', 4,
 ( #776, #1758, #3919, #1823, #739, #5520, #2888, #204, #5027, #6638, #5061, #237, #1893, #4059, #3061, #2954, #1439, #5200, #342 ),
 .UNSPECIFIED., .F., .F.,
 ( 5, 1, 1, 1, 1, 1, 1, 1, 1, 1, 1, 1, 1, 1, 1, 5 ),
 ( 0.000000000000000000, 0.01510380894618329473, 0.06983612823799767444, 0.1205638147985295117, 0.1479301470313329203, 0.1752962048027451036, 0.2026623067199501693, 0.2300286649678376372, 0.2573949849334067341, 0.2847606352807794949, 0.3120163113035102631, 0.3302610210450994122, 0.3483393403036955105, 0.3617874722637031693, 0.3714944117322120931, 0.3768711599805257828 ),
 .UNSPECIFIED. ) ;
#4465 = CARTESIAN_POINT ( 'NONE',  ( -6.907869425497703553, 110.9999999999999858, -82.41783758753580003 ) ) ;
#4466 = CARTESIAN_POINT ( 'NONE',  ( -11.67824955976157852, 105.4999999999999858, -80.24817318351124129 ) ) ;
#4467 = ORIENTED_EDGE ( 'NONE', *, *, #6560, .T. ) ;
#4468 = CARTESIAN_POINT ( 'NONE',  ( 0.6731895439051511776, 105.4999999999999858, -88.96004138859939303 ) ) ;
#4469 = DIRECTION ( 'NONE',  ( 0.000000000000000000, 1.000000000000000000, 0.000000000000000000 ) ) ;
#4470 = CARTESIAN_POINT ( 'NONE',  ( -11.52562097703219912, 105.4999999999999858, -80.11418886548004537 ) ) ;
#4471 = CARTESIAN_POINT ( 'NONE',  ( 14.15389603458705103, 105.4999999999999858, -65.41200459502609021 ) ) ;
#4472 = CARTESIAN_POINT ( 'NONE',  ( 14.76644926665595925, 105.4999999999999858, -72.08056842386869789 ) ) ;
#4473 = EDGE_CURVE ( 'NONE', #4212, #3934, #166, .T. ) ;
#4474 = CARTESIAN_POINT ( 'NONE',  ( -10.67026573806877998, 105.4999999999999858, -79.28107650558192177 ) ) ;
#4475 = ORIENTED_EDGE ( 'NONE', *, *, #1911, .F. ) ;
#4476 = CARTESIAN_POINT ( 'NONE',  ( -7.513259550793238262, 105.4999999999999858, -87.21995791674343934 ) ) ;
#4477 = ORIENTED_EDGE ( 'NONE', *, *, #4596, .T. ) ;
#4478 = DIRECTION ( 'NONE',  ( -0.000000000000000000, -1.000000000000000000, 0.000000000000000000 ) ) ;
#4479 = CARTESIAN_POINT ( 'NONE',  ( 15.85315169316514350, 110.9999999999999858, -76.06946622870728447 ) ) ;
#4480 = CARTESIAN_POINT ( 'NONE',  ( 4.193377157746862594, 110.9999999999999858, -85.56590829469865866 ) ) ;
#4481 = DIRECTION ( 'NONE',  ( -0.7724420150837655319, -0.000000000000000000, -0.6350852961085871051 ) ) ;
#4482 = CARTESIAN_POINT ( 'NONE',  ( 7.313450331537320714, 105.4999999999999858, -59.17159559947334202 ) ) ;
#4483 = CARTESIAN_POINT ( 'NONE',  ( -14.46051803876909503, 110.9999999999999858, -74.99130962390768218 ) ) ;
#4484 = CARTESIAN_POINT ( 'NONE',  ( -9.638698607692782971, 110.9999999999999858, -64.04101205239877004 ) ) ;
#4485 = VERTEX_POINT ( 'NONE', #5926 ) ;
#4486 = CARTESIAN_POINT ( 'NONE',  ( 9.453951628364910320, 110.9999999999999858, -57.87120675328252872 ) ) ;
#4487 = CARTESIAN_POINT ( 'NONE',  ( -14.42053432645703381, 105.4999999999999858, -72.16896523957227316 ) ) ;
#4488 = CARTESIAN_POINT ( 'NONE',  ( 0.000000000000000000, 105.4999999999999858, -71.99999999999998579 ) ) ;
#4489 = CARTESIAN_POINT ( 'NONE',  ( 16.81980934022273999, 110.9999999999999858, -70.98703393937255157 ) ) ;
#4490 = ORIENTED_EDGE ( 'NONE', *, *, #6600, .F. ) ;
#4491 = DIRECTION ( 'NONE',  ( 0.000000000000000000, -1.000000000000000000, 0.000000000000000000 ) ) ;
#4492 = VERTEX_POINT ( 'NONE', #5327 ) ;
#4493 = EDGE_CURVE ( 'NONE', #5286, #5860, #5561, .T. ) ;
#4494 = CARTESIAN_POINT ( 'NONE',  ( -13.05326555940887800, 105.4999999999999858, -66.41157105418020024 ) ) ;
#4495 = LINE ( 'NONE', #2260, #2965 ) ;
#4496 = DIRECTION ( 'NONE',  ( 0.000000000000000000, 1.000000000000000000, -0.000000000000000000 ) ) ;
#4497 = CARTESIAN_POINT ( 'NONE',  ( -9.348592654719615425, 110.9999999999999858, -82.68747375309285985 ) ) ;
#4498 = ORIENTED_EDGE ( 'NONE', *, *, #6260, .F. ) ;
#4499 = EDGE_CURVE ( 'NONE', #2485, #6165, #6339, .T. ) ;
#4500 = CARTESIAN_POINT ( 'NONE',  ( -15.77767083622736166, 105.4999999999999858, -77.91584224477422538 ) ) ;
#4501 = DIRECTION ( 'NONE',  ( 0.000000000000000000, 1.000000000000000000, -0.000000000000000000 ) ) ;
#4502 = B_SPLINE_CURVE_WITH_KNOTS ( 'NONE', 3,
 ( #6594, #1778, #111, #3939 ),
 .UNSPECIFIED., .F., .F.,
 ( 4, 4 ),
 ( 0.000000000000000000, 1.000000000000000000 ),
 .UNSPECIFIED. ) ;
#4503 = CARTESIAN_POINT ( 'NONE',  ( 12.57900862089729799, 110.9999999999999858, -81.59476491926068320 ) ) ;
#4504 = EDGE_CURVE ( 'NONE', #1127, #4867, #3368, .T. ) ;
#4505 = CARTESIAN_POINT ( 'NONE',  ( 7.404998299504094383, 105.4999999999999858, -84.56050224683832539 ) ) ;
#4506 = CARTESIAN_POINT ( 'NONE',  ( -15.81706902147349680, 105.4999999999999858, -69.15613191086930556 ) ) ;
#4507 = B_SPLINE_CURVE_WITH_KNOTS ( 'NONE', 3,
 ( #5470, #6590, #3897, #3362 ),
 .UNSPECIFIED., .F., .F.,
 ( 4, 4 ),
 ( 0.000000000000000000, 1.000000000000000000 ),
 .UNSPECIFIED. ) ;
#4508 = DIRECTION ( 'NONE',  ( 0.000000000000000000, -1.000000000000000000, 0.000000000000000000 ) ) ;
#4509 = ORIENTED_EDGE ( 'NONE', *, *, #539, .F. ) ;
#4510 = CARTESIAN_POINT ( 'NONE',  ( -14.63881925120116279, 110.9999999999999858, -68.87448821714673386 ) ) ;
#4511 = ORIENTED_EDGE ( 'NONE', *, *, #2856, .T. ) ;
#4512 = CARTESIAN_POINT ( 'NONE',  ( -15.78566065601331303, 110.9999999999999858, -77.91392260999083419 ) ) ;
#4513 = CARTESIAN_POINT ( 'NONE',  ( -0.6562887717703226320, 105.4999999999999858, -88.98732718964346589 ) ) ;
#4514 = CARTESIAN_POINT ( 'NONE',  ( 4.612637021816291316, 110.9999999999999858, -86.24034524437738014 ) ) ;
#4515 = CARTESIAN_POINT ( 'NONE',  ( -23.81569860407218542, 114.9999999999999858, -58.24999999999938183 ) ) ;
#4516 = CARTESIAN_POINT ( 'NONE',  ( 13.90128898370061528, 110.9999999999999858, -78.11315714165925783 ) ) ;
#4517 = CARTESIAN_POINT ( 'NONE',  ( -1.655986041169616341, 105.4999999999999858, -86.48647392363950814 ) ) ;
#4518 = CARTESIAN_POINT ( 'NONE',  ( -16.24164866453140021, 105.4999999999999858, -76.48786532099080659 ) ) ;
#4519 = LINE ( 'NONE', #6023, #136 ) ;
#4520 = ORIENTED_EDGE ( 'NONE', *, *, #968, .T. ) ;
#4521 = CARTESIAN_POINT ( 'NONE',  ( 8.031390678594885202, 110.9999999999999858, -58.61227352455272666 ) ) ;
#4522 = CARTESIAN_POINT ( 'NONE',  ( -16.61350354400137519, 105.4999999999999858, -71.13846711388281108 ) ) ;
#4523 = CARTESIAN_POINT ( 'NONE',  ( -11.75684740643832171, 105.4999999999999858, -83.76976116929021998 ) ) ;
#4524 = CARTESIAN_POINT ( 'NONE',  ( -11.08283655869610129, 105.4999999999999858, -77.78106684040487551 ) ) ;
#4525 = VERTEX_POINT ( 'NONE', #6963 ) ;
#4526 = CARTESIAN_POINT ( 'NONE',  ( 1.683240604810017027, 110.9999999999999858, -86.00603390981339658 ) ) ;
#4527 = EDGE_CURVE ( 'NONE', #1678, #100, #5856, .T. ) ;
#4528 = CARTESIAN_POINT ( 'NONE',  ( 2.073336447187903442, 105.4999999999999858, -84.32685182748465991 ) ) ;
#4529 = CARTESIAN_POINT ( 'NONE',  ( -13.17339452565020430, 110.9999999999999858, -68.98083662798711657 ) ) ;
#4530 = ORIENTED_EDGE ( 'NONE', *, *, #3633, .T. ) ;
#4531 = CARTESIAN_POINT ( 'NONE',  ( 4.173811205969067295, 105.4999999999999858, -55.52033677477358253 ) ) ;
#4532 = CARTESIAN_POINT ( 'NONE',  ( -9.304399815465520973, 110.9999999999999858, -82.64588952077461670 ) ) ;
#4533 = ORIENTED_EDGE ( 'NONE', *, *, #572, .F. ) ;
#4534 = CARTESIAN_POINT ( 'NONE',  ( 6.864983040961222471, 110.9999999999999858, -59.68935388788065666 ) ) ;
#4535 = DIRECTION ( 'NONE',  ( -0.000000000000000000, -1.000000000000000000, 0.000000000000000000 ) ) ;
#4536 = EDGE_CURVE ( 'NONE', #6344, #2902, #1593, .T. ) ;
#4537 = B_SPLINE_SURFACE_WITH_KNOTS ( 'NONE', 3, 1, ( 
 ( #347, #5173 ),
 ( #3566, #3630 ),
 ( #844, #2032 ),
 ( #5704, #415 ) ),
 .UNSPECIFIED., .F., .F., .F.,
 ( 4, 4 ),
 ( 2, 2 ),
 ( 0.000000000000000000, 1.000000000000000000 ),
 ( 0.000000000000000000, 1.000000000000000000 ),
 .UNSPECIFIED. ) ;
#4538 = CARTESIAN_POINT ( 'NONE',  ( 6.309818809593036981, 110.9999999999999858, -87.78563228350571990 ) ) ;
#4539 = CARTESIAN_POINT ( 'NONE',  ( -2.073336447187922538, 105.4999999999999858, -84.32685182748465991 ) ) ;
#4540 = CARTESIAN_POINT ( 'NONE',  ( -9.657477191925853077, 110.9999999999999858, -82.92398053806032010 ) ) ;
#4541 = VECTOR ( 'NONE', #1277, 1000.000000000000000 ) ;
#4542 = ORIENTED_EDGE ( 'NONE', *, *, #5551, .F. ) ;
#4543 = CARTESIAN_POINT ( 'NONE',  ( -15.54729956731755891, 110.9999999999999858, -69.07212570201757273 ) ) ;
#4544 = ORIENTED_EDGE ( 'NONE', *, *, #1083, .F. ) ;
#4545 = CARTESIAN_POINT ( 'NONE',  ( -15.51127131070544074, 110.9999999999999858, -77.97110647068075195 ) ) ;
#4546 = CARTESIAN_POINT ( 'NONE',  ( 4.235701275184623249, 110.9999999999999858, -85.65550102898697560 ) ) ;
#4547 = AXIS2_PLACEMENT_3D ( 'NONE', #4119, #6151, #4576 ) ;
#4548 = CARTESIAN_POINT ( 'NONE',  ( 14.09382379058831880, 110.9999999999999858, -72.21007334607602957 ) ) ;
#4549 = CARTESIAN_POINT ( 'NONE',  ( -2.183063851183296489, 105.4999999999999858, -56.07826986913515555 ) ) ;
#4550 = CARTESIAN_POINT ( 'NONE',  ( 23.81569860407268990, 112.9999999999999858, -66.74999999999948841 ) ) ;
#4551 = CARTESIAN_POINT ( 'NONE',  ( -14.46051803876909503, 105.4999999999999858, -74.99130962390768218 ) ) ;
#4552 = DIRECTION ( 'NONE',  ( -0.9928535775496396543, 0.000000000000000000, -0.1193389020683602447 ) ) ;
#4553 = ORIENTED_EDGE ( 'NONE', *, *, #4252, .T. ) ;
#4554 = ADVANCED_FACE ( 'NONE', ( #2580 ), #5430, .F. ) ;
#4555 = AXIS2_PLACEMENT_3D ( 'NONE', #424, #2137, #2635 ) ;
#4556 = CARTESIAN_POINT ( 'NONE',  ( 9.052861137576730499, 110.9999999999999858, -58.04305032809239862 ) ) ;
#4557 = CARTESIAN_POINT ( 'NONE',  ( -15.18590442082033043, 110.9999999999999858, -71.93048332293484748 ) ) ;
#4558 = CARTESIAN_POINT ( 'NONE',  ( -2.183063851183296489, 105.4999999999999858, -56.07826986913515555 ) ) ;
#4559 = CIRCLE ( 'NONE', #6781, 26.49999999999995381 ) ;
#4560 = CARTESIAN_POINT ( 'NONE',  ( 14.29605691402096745, 110.9999999999999858, -72.19139058581576762 ) ) ;
#4561 = ORIENTED_EDGE ( 'NONE', *, *, #6246, .T. ) ;
#4562 = DIRECTION ( 'NONE',  ( 1.000000000000000000, 0.000000000000000000, 1.224646799147353207E-16 ) ) ;
#4563 = ADVANCED_FACE ( 'NONE', ( #2150 ), #598, .F. ) ;
#4564 = CARTESIAN_POINT ( 'NONE',  ( -11.08283655869610485, 110.9999999999999858, -77.78106684040487551 ) ) ;
#4565 = CARTESIAN_POINT ( 'NONE',  ( 0.000000000000000000, 114.9999999999999858, -99.49999999999997158 ) ) ;
#4566 = EDGE_LOOP ( 'NONE', ( #1589, #6084, #2819, #897, #2183 ) ) ;
#4567 = VECTOR ( 'NONE', #3072, 1000.000000000000000 ) ;
#4568 = CARTESIAN_POINT ( 'NONE',  ( 9.714451465470119729E-14, 114.9999999999999858, -29.28342443435894182 ) ) ;
#4569 = AXIS2_PLACEMENT_3D ( 'NONE', #1545, #3704, #2065 ) ;
#4571 = ORIENTED_EDGE ( 'NONE', *, *, #6785, .F. ) ;
#4570 = AXIS2_PLACEMENT_3D ( 'NONE', #4679, #1888, #5164 ) ;
#4572 = CARTESIAN_POINT ( 'NONE',  ( 11.56714206210248186, 105.4999999999999858, -63.38712684246140583 ) ) ;
#4573 = AXIS2_PLACEMENT_3D ( 'NONE', #1963, #2525, #3132 ) ;
#4574 = CARTESIAN_POINT ( 'NONE',  ( -12.89021176384368417, 110.9999999999999858, -82.34580548201344641 ) ) ;
#4575 = AXIS2_PLACEMENT_3D ( 'NONE', #6333, #4665, #6787 ) ;
#4576 = DIRECTION ( 'NONE',  ( 0.000000000000000000, 0.000000000000000000, -1.000000000000000000 ) ) ;
#4577 = DIRECTION ( 'NONE',  ( 0.000000000000000000, 1.000000000000000000, -0.000000000000000000 ) ) ;
#4578 = CARTESIAN_POINT ( 'NONE',  ( 9.453951628364910320, 110.9999999999999858, -57.87120675328252872 ) ) ;
#4579 = ORIENTED_EDGE ( 'NONE', *, *, #2511, .T. ) ;
#4580 = CARTESIAN_POINT ( 'NONE',  ( -4.193377157775825204, 110.9999999999999858, -85.56590829467639026 ) ) ;
#4581 = ORIENTED_EDGE ( 'NONE', *, *, #3989, .T. ) ;
#4582 = CARTESIAN_POINT ( 'NONE',  ( 12.10196666174165614, 110.9999999999999858, -63.19055870716713486 ) ) ;
#4583 = EDGE_CURVE ( 'NONE', #3060, #4781, #1212, .T. ) ;
#4584 = CARTESIAN_POINT ( 'NONE',  ( -1.286699764493399734, 110.9999999999999858, -87.76817603455616279 ) ) ;
#4585 = DIRECTION ( 'NONE',  ( 0.000000000000000000, -1.000000000000000000, 0.000000000000000000 ) ) ;
#4586 = CARTESIAN_POINT ( 'NONE',  ( -1.551105578362585780, 105.4999999999999858, -57.11181930325719236 ) ) ;
#4587 = CARTESIAN_POINT ( 'NONE',  ( 4.379361247868303941, 105.4999999999999858, -85.90760265356703940 ) ) ;
#4588 = FACE_OUTER_BOUND ( 'NONE', #1137, .T. ) ;
#4589 = CARTESIAN_POINT ( 'NONE',  ( -4.184669618647834710, 105.4999999999999858, -55.55054018370851310 ) ) ;
#4590 = ORIENTED_EDGE ( 'NONE', *, *, #2433, .F. ) ;
#4591 = CARTESIAN_POINT ( 'NONE',  ( -14.09382379057604950, 105.4999999999999858, -72.21007334604077244 ) ) ;
#4592 = CARTESIAN_POINT ( 'NONE',  ( 11.71203505488408858, 105.4999999999999858, -67.63213612011932696 ) ) ;
#4593 = ADVANCED_BREP_SHAPE_REPRESENTATION ( 'fidget_spinner', ( #3999, #5580 ), #745 ) ;
#4594 = CARTESIAN_POINT ( 'NONE',  ( -16.93749997582612821, 110.9999999999999858, -70.89669467783755863 ) ) ;
#4595 = CARTESIAN_POINT ( 'NONE',  ( -1.727384259361098851, 110.9999999999999858, -85.12207433153901093 ) ) ;
#4596 = EDGE_CURVE ( 'NONE', #2153, #1789, #492, .T. ) ;
#4597 = CARTESIAN_POINT ( 'NONE',  ( 3.119695238503663592, 110.9999999999999858, -84.10444140052969431 ) ) ;
#4598 = VERTEX_POINT ( 'NONE', #110 ) ;
#4599 = CARTESIAN_POINT ( 'NONE',  ( -10.54796902411511361, 110.9999999999999858, -78.70748458561834582 ) ) ;
#4600 = CARTESIAN_POINT ( 'NONE',  ( 16.79676503880293481, 110.9999999999999858, -69.55769119555499458 ) ) ;
#4601 = EDGE_CURVE ( 'NONE', #6296, #1447, #5427, .T. ) ;
#4602 = CARTESIAN_POINT ( 'NONE',  ( 0.000000000000000000, 110.9999999999999858, -71.99999999999998579 ) ) ;
#4603 = ORIENTED_EDGE ( 'NONE', *, *, #463, .T. ) ;
#4604 = CARTESIAN_POINT ( 'NONE',  ( 14.76644926665595925, 105.4999999999999858, -72.08056842386869789 ) ) ;
#4605 = B_SPLINE_CURVE_WITH_KNOTS ( 'NONE', 3,
 ( #370, #6732, #6803, #4053 ),
 .UNSPECIFIED., .F., .F.,
 ( 4, 4 ),
 ( 0.000000000000000000, 1.000000000000000000 ),
 .UNSPECIFIED. ) ;
#4606 = ORIENTED_EDGE ( 'NONE', *, *, #4872, .T. ) ;
#4607 = CARTESIAN_POINT ( 'NONE',  ( -10.18434364176935958, 110.9999999999999858, -60.44779242746597703 ) ) ;
#4608 = CARTESIAN_POINT ( 'NONE',  ( 13.90128898370061528, 110.9999999999999858, -78.11315714165925783 ) ) ;
#4609 = CARTESIAN_POINT ( 'NONE',  ( -5.238036262529528919, 110.9999999999999858, -86.92829353452397356 ) ) ;
#4610 = LINE ( 'NONE', #5695, #5005 ) ;
#4611 = CARTESIAN_POINT ( 'NONE',  ( 13.84067976986820980, 105.4999999999999858, -74.72724555625711673 ) ) ;
#4612 = ORIENTED_EDGE ( 'NONE', *, *, #430, .F. ) ;
#4613 = CARTESIAN_POINT ( 'NONE',  ( -11.56714206209304585, 105.4999999999999858, -63.38712684242815953 ) ) ;
#4614 = ORIENTED_EDGE ( 'NONE', *, *, #5380, .F. ) ;
#4615 = CARTESIAN_POINT ( 'NONE',  ( 12.10196666174165614, 105.4999999999999858, -63.19055870716713486 ) ) ;
#4616 = EDGE_CURVE ( 'NONE', #6206, #3984, #5582, .T. ) ;
#4617 = CARTESIAN_POINT ( 'NONE',  ( 4.159050406631888741, 110.9999999999999858, -85.47978429098995434 ) ) ;
#4618 = CARTESIAN_POINT ( 'NONE',  ( 1.463387188181047183, 110.9999999999999858, -57.30602119394536942 ) ) ;
#4619 = CARTESIAN_POINT ( 'NONE',  ( -2.019805852948201252, 105.4999999999999858, -56.30887652023935885 ) ) ;
#4620 = CARTESIAN_POINT ( 'NONE',  ( 4.612637021816291316, 105.4999999999999858, -86.24034524437738014 ) ) ;
#4621 = CARTESIAN_POINT ( 'NONE',  ( -12.78990417712740069, 105.4999999999999858, -77.92438612772858164 ) ) ;
#4622 = CARTESIAN_POINT ( 'NONE',  ( 0.000000000000000000, 110.9999999999999858, -71.99999999999998579 ) ) ;
#4623 = ORIENTED_EDGE ( 'NONE', *, *, #6909, .T. ) ;
#4624 = CARTESIAN_POINT ( 'NONE',  ( -1.655986041169616341, 105.4999999999999858, -86.48647392363950814 ) ) ;
#4625 = ORIENTED_EDGE ( 'NONE', *, *, #4383, .F. ) ;
#4626 = CARTESIAN_POINT ( 'NONE',  ( -12.25780488725057538, 110.9999999999999858, -77.69209013817345522 ) ) ;
#4627 = CARTESIAN_POINT ( 'NONE',  ( -16.06270153686323710, 105.4999999999999858, -71.49316918413724409 ) ) ;
#4628 = CARTESIAN_POINT ( 'NONE',  ( 16.79676503880293481, 110.9999999999999858, -69.55769119555499458 ) ) ;
#4629 = EDGE_CURVE ( 'NONE', #5147, #2494, #4442, .T. ) ;
#4630 = DIRECTION ( 'NONE',  ( 0.000000000000000000, 0.000000000000000000, 1.000000000000000000 ) ) ;
#4631 = ORIENTED_EDGE ( 'NONE', *, *, #6301, .F. ) ;
#4632 = CARTESIAN_POINT ( 'NONE',  ( 11.12469391731315405, 105.4999999999999858, -83.59777751918565514 ) ) ;
#4633 = CARTESIAN_POINT ( 'NONE',  ( -14.15389603457055578, 110.9999999999999858, -65.41200459500919351 ) ) ;
#4634 = B_SPLINE_CURVE_WITH_KNOTS ( 'NONE', 3,
 ( #6395, #4295, #4921, #1718 ),
 .UNSPECIFIED., .F., .F.,
 ( 4, 4 ),
 ( 0.000000000000000000, 1.000000000000000000 ),
 .UNSPECIFIED. ) ;
#4635 = EDGE_CURVE ( 'NONE', #711, #680, #499, .T. ) ;
#4636 = CARTESIAN_POINT ( 'NONE',  ( 4.590925677246917580, 105.4999999999999858, -60.37359034671514735 ) ) ;
#4637 = VERTEX_POINT ( 'NONE', #4353 ) ;
#4638 = CARTESIAN_POINT ( 'NONE',  ( 0.000000000000000000, 105.4999999999999858, -71.99999999999998579 ) ) ;
#4639 = VERTEX_POINT ( 'NONE', #1244 ) ;
#4640 = ADVANCED_FACE ( 'NONE', ( #4462 ), #6436, .F. ) ;
#4641 = B_SPLINE_CURVE_WITH_KNOTS ( 'NONE', 4,
 ( #1197, #3347, #5490, #668, #4444, #2814, #6576, #1762, #3922, #3033, #4618, #4688, #1409, #4130, #2426, #2925, #1441, #909 ),
 .UNSPECIFIED., .F., .F.,
 ( 5, 1, 1, 1, 1, 1, 1, 1, 1, 1, 1, 1, 1, 1, 5 ),
 ( 0.06596826500852114028, 0.06983612823799767444, 0.1205638147985295117, 0.1479301470313329203, 0.1752962048027451036, 0.2026623067199501693, 0.2300286649678376927, 0.2573949849334067341, 0.2847606352807794394, 0.3120163113035102631, 0.3302610210450994122, 0.3483393403036955105, 0.3617874722637031693, 0.3714944117322120931, 0.3768711599805257828 ),
 .UNSPECIFIED. ) ;
#4642 = DIRECTION ( 'NONE',  ( -0.000000000000000000, -1.000000000000000000, 0.000000000000000000 ) ) ;
#4643 = DIRECTION ( 'NONE',  ( -0.000000000000000000, -1.000000000000000000, -0.000000000000000000 ) ) ;
#4644 = CARTESIAN_POINT ( 'NONE',  ( 10.54796902411448123, 105.4999999999999858, -78.70748458561936900 ) ) ;
#4645 = CARTESIAN_POINT ( 'NONE',  ( 4.155439442330526312, 110.9999999999999858, -85.46893918955788649 ) ) ;
#4646 = CARTESIAN_POINT ( 'NONE',  ( 14.46051803875205977, 105.4999999999999858, -74.99130962393414279 ) ) ;
#4647 = ORIENTED_EDGE ( 'NONE', *, *, #718, .F. ) ;
#4648 = CARTESIAN_POINT ( 'NONE',  ( -11.56714206209304585, 110.9999999999999858, -63.38712684242815953 ) ) ;
#4649 = ORIENTED_EDGE ( 'NONE', *, *, #1638, .F. ) ;
#4650 = CARTESIAN_POINT ( 'NONE',  ( 0.4999999999999900080, 105.9999999999999858, -80.48074069840785683 ) ) ;
#4651 = DIRECTION ( 'NONE',  ( 0.000000000000000000, -1.000000000000000000, 0.000000000000000000 ) ) ;
#4652 = DIRECTION ( 'NONE',  ( 0.9928535775496396543, 0.000000000000000000, 0.1193389020683599394 ) ) ;
#4653 = AXIS2_PLACEMENT_3D ( 'NONE', #3961, #5068, #5636 ) ;
#4654 = DIRECTION ( 'NONE',  ( 8.326672684688667151E-16, 0.000000000000000000, 1.000000000000000000 ) ) ;
#4655 = CARTESIAN_POINT ( 'NONE',  ( 12.55069571234569992, 110.9999999999999858, -68.94243836742080589 ) ) ;
#4656 = CARTESIAN_POINT ( 'NONE',  ( -13.74216322135147195, 105.4999999999999858, -68.86424652617267839 ) ) ;
#4657 = DIRECTION ( 'NONE',  ( 0.000000000000000000, 1.000000000000000000, 0.000000000000000000 ) ) ;
#4658 = ORIENTED_EDGE ( 'NONE', *, *, #5681, .F. ) ;
#4659 = CARTESIAN_POINT ( 'NONE',  ( -1.371576636564661555, 105.4999999999999858, -87.55163123096367883 ) ) ;
#4660 = VERTEX_POINT ( 'NONE', #4564 ) ;
#4661 = CARTESIAN_POINT ( 'NONE',  ( 0.4999999999999900080, 105.9999999999999858, -78.48074069840784261 ) ) ;
#4662 = AXIS2_PLACEMENT_3D ( 'NONE', #4107, #6242, #5186 ) ;
#4663 = CARTESIAN_POINT ( 'NONE',  ( 14.09382379058831880, 105.4999999999999858, -72.21007334607602957 ) ) ;
#4664 = DIRECTION ( 'NONE',  ( 0.000000000000000000, -1.000000000000000000, -0.000000000000000000 ) ) ;
#4665 = DIRECTION ( 'NONE',  ( -1.000000000000000000, 0.000000000000000000, 0.000000000000000000 ) ) ;
#4666 = VERTEX_POINT ( 'NONE', #2069 ) ;
#4667 = CARTESIAN_POINT ( 'NONE',  ( -2.324339610756834151, 110.9999999999999858, -55.89403372526064118 ) ) ;
#4668 = PRESENTATION_LAYER_ASSIGNMENT (  '', '', ( #5665 ) ) ;
#4669 = EDGE_CURVE ( 'NONE', #91, #4035, #1954, .T. ) ;
#4670 = VECTOR ( 'NONE', #300, 1000.000000000000000 ) ;
#4671 = CARTESIAN_POINT ( 'NONE',  ( 1.028600912950893065, 105.4999999999999858, -88.33477744430867062 ) ) ;
#4672 = ORIENTED_EDGE ( 'NONE', *, *, #1985, .T. ) ;
#4673 = AXIS2_PLACEMENT_3D ( 'NONE', #1345, #3467, #813 ) ;
#4674 = ORIENTED_EDGE ( 'NONE', *, *, #5534, .F. ) ;
#4675 = CARTESIAN_POINT ( 'NONE',  ( 13.01229113502816759, 105.4999999999999858, -63.00159729964521915 ) ) ;
#4676 = CARTESIAN_POINT ( 'NONE',  ( -1.264283200091607995, 105.4999999999999858, -57.96142500675897935 ) ) ;
#4677 = AXIS2_PLACEMENT_3D ( 'NONE', #127, #3303, #6015 ) ;
#4678 = CARTESIAN_POINT ( 'NONE',  ( -4.486458645467057416, 110.9999999999999858, -86.06862480976118945 ) ) ;
#4679 = CARTESIAN_POINT ( 'NONE',  ( 0.000000000000000000, 112.9999999999999858, -99.49999999999997158 ) ) ;
#4680 = CARTESIAN_POINT ( 'NONE',  ( 14.28918325236882758, 105.4999999999999858, -74.90163031565218432 ) ) ;
#4681 = VERTEX_POINT ( 'NONE', #1878 ) ;
#4682 = CARTESIAN_POINT ( 'NONE',  ( -12.55347716098277822, 110.9999999999999858, -63.07898176318896333 ) ) ;
#4683 = ORIENTED_EDGE ( 'NONE', *, *, #683, .F. ) ;
#4684 = CIRCLE ( 'NONE', #625, 12.50000000000000178 ) ;
#4685 = CARTESIAN_POINT ( 'NONE',  ( 11.28796086976873170, 105.4999999999999858, -63.53925392067971956 ) ) ;
#4686 = FACE_OUTER_BOUND ( 'NONE', #2627, .T. ) ;
#4687 = EDGE_CURVE ( 'NONE', #6100, #6344, #2351, .T. ) ;
#4688 = CARTESIAN_POINT ( 'NONE',  ( 1.392108514458093804, 110.9999999999999858, -57.48579143072335285 ) ) ;
#4689 = CARTESIAN_POINT ( 'NONE',  ( 1.891761547942409027, 105.4999999999999858, -56.50304240635152553 ) ) ;
#4690 = CARTESIAN_POINT ( 'NONE',  ( 8.923273903637747750, 105.4999999999999858, -62.65955949423158700 ) ) ;
#4691 = DIRECTION ( 'NONE',  ( -0.9928535775496396543, 0.000000000000000000, -0.1193389020683602447 ) ) ;
#4692 = ORIENTED_EDGE ( 'NONE', *, *, #4583, .T. ) ;
#4693 = DIRECTION ( 'NONE',  ( 0.000000000000000000, 1.000000000000000000, -0.000000000000000000 ) ) ;
#4694 = B_SPLINE_CURVE_WITH_KNOTS ( 'NONE', 3,
 ( #4458, #2367, #4968, #6101 ),
 .UNSPECIFIED., .F., .F.,
 ( 4, 4 ),
 ( 0.000000000000000000, 1.000000000000000000 ),
 .UNSPECIFIED. ) ;
#4695 = EDGE_LOOP ( 'NONE', ( #1334, #5119, #1840, #3039 ) ) ;
#4696 = CARTESIAN_POINT ( 'NONE',  ( -3.119695238503682688, 105.4999999999999858, -84.10444140052968010 ) ) ;
#4697 = LINE ( 'NONE', #5212, #847 ) ;
#4698 = CARTESIAN_POINT ( 'NONE',  ( -9.274493938821287031, 105.4999999999999858, -82.61431872657358610 ) ) ;
#4699 = LINE ( 'NONE', #990, #5800 ) ;
#4700 = ORIENTED_EDGE ( 'NONE', *, *, #2610, .T. ) ;
#4701 = CARTESIAN_POINT ( 'NONE',  ( -1.304002731850623764, 110.9999999999999858, -57.76225261775611131 ) ) ;
#4702 = CARTESIAN_POINT ( 'NONE',  ( 14.02344611068738089, 105.4999999999999858, -74.78510912273706879 ) ) ;
#4703 = B_SPLINE_CURVE_WITH_KNOTS ( 'NONE', 4,
 ( #1966, #3600, #4162, #2460, #2428, #1472, #4587, #5735, #4620, #6741, #911, #1929, #4091, #6225, #1411, #2528, #3066, #5205, #1077 ),
 .UNSPECIFIED., .F., .F.,
 ( 5, 1, 1, 1, 1, 1, 1, 1, 1, 1, 1, 1, 1, 1, 1, 5 ),
 ( 0.000000000000000000, 0.005376748248313690560, 0.01508368771682262223, 0.02853181967683027578, 0.04661013893542635678, 0.06485484867701551970, 0.09211052469974631562, 0.1194761750471190626, 0.1468424950126881179, 0.1742088532605756135, 0.2015749551777806792, 0.2289410129491928625, 0.2563073451819962711, 0.3070350317425281084, 0.3617673510343424326, 0.3768711599805257828 ),
 .UNSPECIFIED. ) ;
#4704 = CARTESIAN_POINT ( 'NONE',  ( 1.685579019668606460, 105.4999999999999858, -86.03800708731080249 ) ) ;
#4705 = VERTEX_POINT ( 'NONE', #4043 ) ;
#4706 = ORIENTED_EDGE ( 'NONE', *, *, #539, .T. ) ;
#4707 = CARTESIAN_POINT ( 'NONE',  ( 11.36635421403038215, 105.4999999999999858, -63.48975489611957812 ) ) ;
#4708 = CARTESIAN_POINT ( 'NONE',  ( 13.26249910545484667, 110.9999999999999858, -74.59995928291294831 ) ) ;
#4709 = CARTESIAN_POINT ( 'NONE',  ( -7.508918062299092533, 111.0000000000000142, -87.25175889966891418 ) ) ;
#4710 = EDGE_CURVE ( 'NONE', #1508, #6746, #220, .T. ) ;
#4711 = CARTESIAN_POINT ( 'NONE',  ( 16.07133587229840899, 105.4999999999999858, -76.29684793775415130 ) ) ;
#4712 = ORIENTED_EDGE ( 'NONE', *, *, #4616, .T. ) ;
#4713 = CARTESIAN_POINT ( 'NONE',  ( 9.614995609776064711, 110.9999999999999858, -61.63377218854790129 ) ) ;
#4714 = ORIENTED_EDGE ( 'NONE', *, *, #6365, .T. ) ;
#4715 = CARTESIAN_POINT ( 'NONE',  ( -4.006352310986949661, 110.9999999999999858, -55.47882748833478672 ) ) ;
#4716 = EDGE_CURVE ( 'NONE', #2980, #4212, #6443, .T. ) ;
#4717 = DIRECTION ( 'NONE',  ( 0.000000000000000000, 0.000000000000000000, 1.000000000000000000 ) ) ;
#4718 = LINE ( 'NONE', #4189, #3079 ) ;
#4719 = CARTESIAN_POINT ( 'NONE',  ( 9.304399815447759181, 105.4999999999999858, -82.64588952080715956 ) ) ;
#4720 = ORIENTED_EDGE ( 'NONE', *, *, #335, .F. ) ;
#4721 = CARTESIAN_POINT ( 'NONE',  ( 2.889916630983060397, 105.4999999999999858, -55.24743655836754641 ) ) ;
#4722 = EDGE_LOOP ( 'NONE', ( #2586, #2756, #4927, #4894 ) ) ;
#4723 = CARTESIAN_POINT ( 'NONE',  ( -12.78990417712740069, 105.4999999999999858, -77.92438612772858164 ) ) ;
#4724 = EDGE_CURVE ( 'NONE', #2494, #1063, #4952, .T. ) ;
#4725 = CARTESIAN_POINT ( 'NONE',  ( 13.75336083684422483, 110.9999999999999858, -68.86195116231083091 ) ) ;
#4726 = CARTESIAN_POINT ( 'NONE',  ( -6.870769920380331186, 110.9999999999999858, -59.67949653960026524 ) ) ;
#4727 = CARTESIAN_POINT ( 'NONE',  ( 15.09667704849070446, 105.4999999999999858, -68.95620347162729047 ) ) ;
#4728 = CARTESIAN_POINT ( 'NONE',  ( 3.119695238503663592, 105.4999999999999858, -84.10444140052969431 ) ) ;
#4729 = DIRECTION ( 'NONE',  ( 0.000000000000000000, 1.000000000000000000, -0.000000000000000000 ) ) ;
#4730 = CARTESIAN_POINT ( 'NONE',  ( -13.13794342037001606, 110.9999999999999858, -66.36011380185183839 ) ) ;
#4731 = CARTESIAN_POINT ( 'NONE',  ( 0.8797706761290019495, 105.4999999999999858, -88.61254774193008643 ) ) ;
#4732 = ORIENTED_EDGE ( 'NONE', *, *, #6856, .F. ) ;
#4733 = EDGE_CURVE ( 'NONE', #100, #4525, #3309, .T. ) ;
#4734 = EDGE_LOOP ( 'NONE', ( #4183, #1767, #4319, #4356 ) ) ;
#4735 = CARTESIAN_POINT ( 'NONE',  ( -15.02442146371329379, 105.4999999999999858, -64.10297855228101582 ) ) ;
#4736 = CARTESIAN_POINT ( 'NONE',  ( -7.313777566367167360, 111.0000000000000142, -84.28505316858536389 ) ) ;
#4737 = CARTESIAN_POINT ( 'NONE',  ( 10.10969247439065910, 105.4999999999999858, -60.66815797320553116 ) ) ;
#4738 = EDGE_LOOP ( 'NONE', ( #4147, #5794, #3318, #5870 ) ) ;
#4739 = CARTESIAN_POINT ( 'NONE',  ( 0.000000000000000000, 105.9999999999999858, -71.99999999999998579 ) ) ;
#4740 = EDGE_LOOP ( 'NONE', ( #1807, #5372, #4765, #1011 ) ) ;
#4741 = LINE ( 'NONE', #3131, #4115 ) ;
#4742 = ADVANCED_FACE ( 'NONE', ( #4236 ), #6495, .F. ) ;
#4743 = CARTESIAN_POINT ( 'NONE',  ( 9.424240425039167590, 110.9999999999999858, -57.88334740541936441 ) ) ;
#4744 = CARTESIAN_POINT ( 'NONE',  ( 0.000000000000000000, 105.4999999999999858, -71.99999999999998579 ) ) ;
#4745 = CARTESIAN_POINT ( 'NONE',  ( -14.23401782766437762, 111.0000000000000142, -68.83883676622529890 ) ) ;
#4746 = CARTESIAN_POINT ( 'NONE',  ( -15.85315169317280670, 110.9999999999999858, -76.06946622869288888 ) ) ;
#4747 = VERTEX_POINT ( 'NONE', #4010 ) ;
#4748 = LINE ( 'NONE', #849, #1977 ) ;
#4749 = ORIENTED_EDGE ( 'NONE', *, *, #4036, .F. ) ;
#4750 = CARTESIAN_POINT ( 'NONE',  ( 10.54796902411447235, 110.9999999999999858, -78.70748458561936900 ) ) ;
#4751 = CARTESIAN_POINT ( 'NONE',  ( 13.78491443101818525, 110.9999999999999858, -68.85628345042366050 ) ) ;
#4752 = LINE ( 'NONE', #5775, #4567 ) ;
#4753 = CIRCLE ( 'NONE', #18, 2.000000000000001776 ) ;
#4754 = CARTESIAN_POINT ( 'NONE',  ( 13.75336083684422483, 110.9999999999999858, -68.86195116231083091 ) ) ;
#4755 = LINE ( 'NONE', #4819, #6336 ) ;
#4756 = CARTESIAN_POINT ( 'NONE',  ( 4.173811205969067295, 105.4999999999999858, -55.52033677477358253 ) ) ;
#4757 = CARTESIAN_POINT ( 'NONE',  ( -1.339316662303507321, 110.9999999999999858, -57.64080119257550194 ) ) ;
#4758 = AXIS2_PLACEMENT_3D ( 'NONE', #4602, #2545, #6305 ) ;
#4759 = CARTESIAN_POINT ( 'NONE',  ( 14.46051803875205977, 105.4999999999999858, -74.99130962393414279 ) ) ;
#4760 = B_SPLINE_SURFACE_WITH_KNOTS ( 'NONE', 3, 1, ( 
 ( #6280, #5356 ),
 ( #1396, #4708 ),
 ( #5126, #4150 ),
 ( #2514, #1460 ) ),
 .UNSPECIFIED., .F., .F., .F.,
 ( 4, 4 ),
 ( 2, 2 ),
 ( 0.000000000000000000, 1.000000000000000000 ),
 ( 0.000000000000000000, 1.000000000000000000 ),
 .UNSPECIFIED. ) ;
#4761 = DIRECTION ( 'NONE',  ( 0.000000000000000000, -1.000000000000000000, 0.000000000000000000 ) ) ;
#4762 = CIRCLE ( 'NONE', #5218, 26.50000000000002487 ) ;
#4763 = ADVANCED_FACE ( 'NONE', ( #1321 ), #3142, .T. ) ;
#4764 = ORIENTED_EDGE ( 'NONE', *, *, #5570, .F. ) ;
#4765 = ORIENTED_EDGE ( 'NONE', *, *, #2228, .F. ) ;
#4766 = AXIS2_PLACEMENT_3D ( 'NONE', #1395, #5752, #4019 ) ;
#4767 = CARTESIAN_POINT ( 'NONE',  ( -13.68018328361292113, 110.9999999999999858, -65.92411008159854191 ) ) ;
#4768 = CARTESIAN_POINT ( 'NONE',  ( -7.508918062299092533, 105.4999999999999858, -87.25175889966891418 ) ) ;
#4769 = DIRECTION ( 'NONE',  ( 0.000000000000000000, 0.000000000000000000, 1.000000000000000000 ) ) ;
#4771 = ORIENTED_EDGE ( 'NONE', *, *, #519, .T. ) ;
#4770 = CIRCLE ( 'NONE', #1172, 12.50000000000000178 ) ;
#4772 = CARTESIAN_POINT ( 'NONE',  ( -14.20291810989847825, 105.4999999999999858, -62.93307088122199389 ) ) ;
#4773 = EDGE_LOOP ( 'NONE', ( #1908, #6845 ) ) ;
#4774 = CARTESIAN_POINT ( 'NONE',  ( 12.57900862089729799, 110.9999999999999858, -81.59476491926068320 ) ) ;
#4775 = AXIS2_PLACEMENT_3D ( 'NONE', #5181, #2106, #4266 ) ;
#4776 = CARTESIAN_POINT ( 'NONE',  ( 0.000000000000000000, 114.9999999999999858, -99.49999999999997158 ) ) ;
#4777 = CARTESIAN_POINT ( 'NONE',  ( 7.560642406421475670, 105.4999999999999858, -86.81848255802965753 ) ) ;
#4778 = CARTESIAN_POINT ( 'NONE',  ( 4.379618764947541543, 110.9999999999999858, -59.21435921554750337 ) ) ;
#4779 = CARTESIAN_POINT ( 'NONE',  ( -12.55347716098277822, 105.4999999999999858, -63.07898176318896333 ) ) ;
#4780 = CARTESIAN_POINT ( 'NONE',  ( -4.555022691664293966, 105.4999999999999858, -58.66089327844824197 ) ) ;
#4781 = VERTEX_POINT ( 'NONE', #5910 ) ;
#4782 = ADVANCED_FACE ( 'NONE', ( #3774, #1115 ), #4331, .T. ) ;
#4783 = CARTESIAN_POINT ( 'NONE',  ( 13.01210508686499701, 105.4999999999999858, -82.70594263433990534 ) ) ;
#4784 = VERTEX_POINT ( 'NONE', #1647 ) ;
#4785 = DIRECTION ( 'NONE',  ( -0.000000000000000000, -1.000000000000000000, 0.000000000000000000 ) ) ;
#4786 = CARTESIAN_POINT ( 'NONE',  ( 4.184669618658158008, 105.4999999999999858, -55.55054018371097158 ) ) ;
#4787 = DIRECTION ( 'NONE',  ( 0.000000000000000000, -1.000000000000000000, 0.000000000000000000 ) ) ;
#4788 = CARTESIAN_POINT ( 'NONE',  ( 14.07028120407541749, 105.4999999999999858, -68.83652938199981008 ) ) ;
#4789 = FACE_OUTER_BOUND ( 'NONE', #3639, .T. ) ;
#4790 = DIRECTION ( 'NONE',  ( 0.000000000000000000, 1.000000000000000000, 0.000000000000000000 ) ) ;
#4791 = ORIENTED_EDGE ( 'NONE', *, *, #3610, .F. ) ;
#4792 = CARTESIAN_POINT ( 'NONE',  ( 0.000000000000000000, 112.4999999999999858, -99.49999999999997158 ) ) ;
#4793 = DIRECTION ( 'NONE',  ( -0.000000000000000000, -1.000000000000000000, -0.000000000000000000 ) ) ;
#4794 = EDGE_CURVE ( 'NONE', #1013, #3623, #6467, .T. ) ;
#4795 = FACE_OUTER_BOUND ( 'NONE', #2118, .T. ) ;
#4796 = CARTESIAN_POINT ( 'NONE',  ( -4.379618764922207141, 105.4999999999999858, -59.21435921555211479 ) ) ;
#4797 = ORIENTED_EDGE ( 'NONE', *, *, #3295, .F. ) ;
#4798 = CARTESIAN_POINT ( 'NONE',  ( -4.155439442360330915, 105.4999999999999858, -85.46893918953527702 ) ) ;
#4799 = EDGE_LOOP ( 'NONE', ( #4933, #4348, #5484, #385 ) ) ;
#4800 = CARTESIAN_POINT ( 'NONE',  ( 7.228840749612406746, 110.9999999999999858, -84.10057276608289101 ) ) ;
#4801 = CARTESIAN_POINT ( 'NONE',  ( -7.588953712926964634, 105.4999999999999858, -85.88159764882091451 ) ) ;
#4802 = CARTESIAN_POINT ( 'NONE',  ( 0.000000000000000000, 114.9999999999999858, -71.99999999999998579 ) ) ;
#4803 = VERTEX_POINT ( 'NONE', #6919 ) ;
#4804 = CARTESIAN_POINT ( 'NONE',  ( 7.559952289157678251, 110.9999999999999858, -85.41720822668483493 ) ) ;
#4805 = ADVANCED_FACE ( 'NONE', ( #2669 ), #4378, .F. ) ;
#4806 = CARTESIAN_POINT ( 'NONE',  ( -0.5000000000000108802, 105.4999999999999858, -78.48074069840784261 ) ) ;
#4807 = DIRECTION ( 'NONE',  ( 0.000000000000000000, -1.000000000000000000, 0.000000000000000000 ) ) ;
#4808 = CARTESIAN_POINT ( 'NONE',  ( 16.96286969065821992, 105.4999999999999858, -70.87703434705181849 ) ) ;
#4809 = CARTESIAN_POINT ( 'NONE',  ( 4.352716925803076009, 110.9999999999999858, -59.83766053076262637 ) ) ;
#4810 = CARTESIAN_POINT ( 'NONE',  ( -11.05839710393441422, 110.9999999999999858, -79.76952535789861543 ) ) ;
#4811 = VERTEX_POINT ( 'NONE', #2777 ) ;
#4812 = CARTESIAN_POINT ( 'NONE',  ( 12.82737368563496538, 105.4999999999999858, -82.16570009011546460 ) ) ;
#4813 = ORIENTED_EDGE ( 'NONE', *, *, #4527, .T. ) ;
#4814 = EDGE_CURVE ( 'NONE', #1193, #1508, #4634, .T. ) ;
#4815 = DIRECTION ( 'NONE',  ( 0.000000000000000000, 1.000000000000000000, 0.000000000000000000 ) ) ;
#4816 = CARTESIAN_POINT ( 'NONE',  ( 4.626588252298978077, 111.0000000000000142, -57.53586481013586962 ) ) ;
#4817 = CARTESIAN_POINT ( 'NONE',  ( 11.71203505488408858, 105.4999999999999858, -67.63213612011932696 ) ) ;
#4818 = CARTESIAN_POINT ( 'NONE',  ( 15.54729956731469187, 105.4999999999999858, -69.07212570203898849 ) ) ;
#4819 = CARTESIAN_POINT ( 'NONE',  ( 9.714451465470119729E-14, 114.9999999999999858, -54.28342443435889919 ) ) ;
#4820 = CARTESIAN_POINT ( 'NONE',  ( 4.639708894498477676, 105.4999999999999858, -57.98116921458992579 ) ) ;
#4821 = CARTESIAN_POINT ( 'NONE',  ( -14.13729640029541379, 110.9999999999999858, -72.20897393322819369 ) ) ;
#4822 = DIRECTION ( 'NONE',  ( 0.000000000000000000, 1.000000000000000000, 0.000000000000000000 ) ) ;
#4823 = CARTESIAN_POINT ( 'NONE',  ( -16.82566797711224993, 105.4999999999999858, -69.57164724063171946 ) ) ;
#4824 = DIRECTION ( 'NONE',  ( 0.000000000000000000, 1.000000000000000000, -0.000000000000000000 ) ) ;
#4825 = CARTESIAN_POINT ( 'NONE',  ( -12.91213570737996719, 110.9999999999999858, -72.38131020851372455 ) ) ;
#4826 = CARTESIAN_POINT ( 'NONE',  ( -14.88015469112137446, 110.9999999999999858, -78.07027631220810804 ) ) ;
#4827 = ORIENTED_EDGE ( 'NONE', *, *, #1, .T. ) ;
#4828 = CARTESIAN_POINT ( 'NONE',  ( 27.68122796361754823, 110.9999999999999858, -68.54843108296059029 ) ) ;
#4829 = VERTEX_POINT ( 'NONE', #1682 ) ;
#4830 = CARTESIAN_POINT ( 'NONE',  ( 15.92193086975788141, 110.9999999999999858, -77.88118231682022952 ) ) ;
#4831 = CARTESIAN_POINT ( 'NONE',  ( -7.228840749649124042, 105.4999999999999858, -84.10057276607587085 ) ) ;
#4832 = EDGE_CURVE ( 'NONE', #1113, #5016, #5543, .T. ) ;
#4833 = CARTESIAN_POINT ( 'NONE',  ( 10.02618222938133918, 110.9999999999999858, -60.88516653847973714 ) ) ;
#4834 = ORIENTED_EDGE ( 'NONE', *, *, #3150, .T. ) ;
#4835 = CARTESIAN_POINT ( 'NONE',  ( -14.35123191980815704, 105.4999999999999858, -62.93698005911342364 ) ) ;
#4836 = CARTESIAN_POINT ( 'NONE',  ( 11.53481943205315119, 110.9999999999999858, -80.12097441727850367 ) ) ;
#4837 = CARTESIAN_POINT ( 'NONE',  ( 10.85146761673989957, 114.9999999999999858, -97.69843108296066703 ) ) ;
#4838 = CARTESIAN_POINT ( 'NONE',  ( -12.36422895317238613, 105.4999999999999858, -73.83734656326281254 ) ) ;
#4839 = CARTESIAN_POINT ( 'NONE',  ( 1.728907054294809953, 105.4999999999999858, -84.80154390683992460 ) ) ;
#4840 = EDGE_CURVE ( 'NONE', #6865, #6829, #948, .T. ) ;
#4841 = CARTESIAN_POINT ( 'NONE',  ( -4.626588252271357504, 110.9999999999999858, -57.53586481013726939 ) ) ;
#4842 = ORIENTED_EDGE ( 'NONE', *, *, #3253, .F. ) ;
#4843 = CARTESIAN_POINT ( 'NONE',  ( 13.06318720347042905, 105.4999999999999858, -82.87902293806932619 ) ) ;
#4844 = VERTEX_POINT ( 'NONE', #4513 ) ;
#4845 = CARTESIAN_POINT ( 'NONE',  ( 23.81569860407268990, 110.9999999999999858, -58.24999999999947420 ) ) ;
#4846 = CARTESIAN_POINT ( 'NONE',  ( 4.631706060474517272, 111.0000000000000142, -58.17438914629083513 ) ) ;
#4847 = DIRECTION ( 'NONE',  ( 0.000000000000000000, 0.000000000000000000, 1.000000000000000000 ) ) ;
#4848 = CARTESIAN_POINT ( 'NONE',  ( 13.84510978748899213, 110.9999999999999858, -68.84861699895066067 ) ) ;
#4849 = LINE ( 'NONE', #6370, #3329 ) ;
#4850 = CARTESIAN_POINT ( 'NONE',  ( -14.42053432645703381, 110.9999999999999858, -72.16896523957227316 ) ) ;
#4851 = DIRECTION ( 'NONE',  ( 0.000000000000000000, 1.000000000000000000, 0.000000000000000000 ) ) ;
#4852 = EDGE_LOOP ( 'NONE', ( #2681, #1664, #1413, #5528 ) ) ;
#4853 = CARTESIAN_POINT ( 'NONE',  ( 15.95310383445372082, 105.4999999999999858, -77.87354050357112101 ) ) ;
#4854 = PLANE ( 'NONE',  #395 ) ;
#4855 = CARTESIAN_POINT ( 'NONE',  ( -10.51584916751575527, 110.9999999999999858, -58.64272047585996006 ) ) ;
#4856 = DIRECTION ( 'NONE',  ( -0.9928535775496396543, 0.000000000000000000, -0.1193389020683603002 ) ) ;
#4857 = VERTEX_POINT ( 'NONE', #3920 ) ;
#4858 = CARTESIAN_POINT ( 'NONE',  ( -4.193377157775825204, 105.4999999999999858, -85.56590829467639026 ) ) ;
#4859 = VECTOR ( 'NONE', #4072, 1000.000000000000000 ) ;
#4860 = ORIENTED_EDGE ( 'NONE', *, *, #6510, .T. ) ;
#4861 = ADVANCED_FACE ( 'NONE', ( #126 ), #1228, .F. ) ;
#4862 = CARTESIAN_POINT ( 'NONE',  ( -14.82677370415269280, 105.4999999999999858, -64.45562988406226168 ) ) ;
#4863 = CIRCLE ( 'NONE', #3646, 2.000000000000001776 ) ;
#4864 = CARTESIAN_POINT ( 'NONE',  ( -7.228840749649124042, 110.9999999999999858, -84.10057276607587085 ) ) ;
#4865 = CARTESIAN_POINT ( 'NONE',  ( 9.586723779017560787, 105.4999999999999858, -61.66681428427300915 ) ) ;
#4866 = AXIS2_PLACEMENT_3D ( 'NONE', #5766, #3102, #1410 ) ;
#4867 = VERTEX_POINT ( 'NONE', #205 ) ;
#4868 = CARTESIAN_POINT ( 'NONE',  ( 10.54796902411510651, 110.9999999999999858, -78.70748458561837424 ) ) ;
#4869 = FACE_OUTER_BOUND ( 'NONE', #3332, .T. ) ;
#4870 = CARTESIAN_POINT ( 'NONE',  ( 6.870769920404685038, 110.9999999999999858, -59.67949653962850931 ) ) ;
#4871 = AXIS2_PLACEMENT_3D ( 'NONE', #1548, #791, #293 ) ;
#4872 = EDGE_CURVE ( 'NONE', #1127, #234, #4559, .T. ) ;
#4873 = CARTESIAN_POINT ( 'NONE',  ( 14.00256700119531850, 105.4999999999999858, -65.58887899116952269 ) ) ;
#4874 = DIRECTION ( 'NONE',  ( 0.000000000000000000, 0.000000000000000000, 1.000000000000000000 ) ) ;
#4875 = CARTESIAN_POINT ( 'NONE',  ( -14.46051803876909503, 110.9999999999999858, -74.99130962390768218 ) ) ;
#4876 = ORIENTED_EDGE ( 'NONE', *, *, #6523, .F. ) ;
#4877 = FACE_OUTER_BOUND ( 'NONE', #3415, .T. ) ;
#4878 = ORIENTED_EDGE ( 'NONE', *, *, #4409, .F. ) ;
#4879 = AXIS2_PLACEMENT_3D ( 'NONE', #4440, #4478, #3416 ) ;
#4880 = CARTESIAN_POINT ( 'NONE',  ( 4.234218955527755845, 110.9999999999999858, -55.69038699667963499 ) ) ;
#4881 = CARTESIAN_POINT ( 'NONE',  ( 4.314488465872224232, 105.4999999999999858, -55.93339089296253519 ) ) ;
#4882 = VECTOR ( 'NONE', #1991, 1000.000000000000000 ) ;
#4883 = CIRCLE ( 'NONE', #3663, 24.99999999999996092 ) ;
#4884 = EDGE_CURVE ( 'NONE', #2752, #1166, #3652, .T. ) ;
#4885 = DIRECTION ( 'NONE',  ( -0.000000000000000000, -1.000000000000000000, 0.000000000000000000 ) ) ;
#4886 = CARTESIAN_POINT ( 'NONE',  ( -23.81569860407218542, 114.9999999999999858, -58.24999999999938183 ) ) ;
#4887 = CIRCLE ( 'NONE', #4231, 12.50000000000012967 ) ;
#4888 = CARTESIAN_POINT ( 'NONE',  ( -1.625629393373798859, 110.9999999999999858, -85.41681779971442268 ) ) ;
#4889 = DIRECTION ( 'NONE',  ( -0.9928535775496396543, 0.000000000000000000, -0.1193389020683602447 ) ) ;
#4890 = CARTESIAN_POINT ( 'NONE',  ( 5.568177290558129933, 105.4999999999999858, -60.80869079772553931 ) ) ;
#4891 = CIRCLE ( 'NONE', #3325, 16.99999999999860378 ) ;
#4892 = DIRECTION ( 'NONE',  ( 0.000000000000000000, 0.000000000000000000, -1.000000000000000000 ) ) ;
#4893 = CIRCLE ( 'NONE', #3552, 26.50000000000002487 ) ;
#4894 = ORIENTED_EDGE ( 'NONE', *, *, #2673, .T. ) ;
#4895 = LINE ( 'NONE', #2784, #5326 ) ;
#4896 = AXIS2_PLACEMENT_3D ( 'NONE', #6524, #263, #5513 ) ;
#4897 = CARTESIAN_POINT ( 'NONE',  ( -11.60612067756421517, 105.4999999999999858, -80.18023487835799301 ) ) ;
#4898 = VECTOR ( 'NONE', #5778, 1000.000000000000000 ) ;
#4899 = CARTESIAN_POINT ( 'NONE',  ( -9.651732629709796285, 110.9999999999999858, -61.58547470637657284 ) ) ;
#4900 = CARTESIAN_POINT ( 'NONE',  ( -14.36663973143969919, 105.4999999999999858, -78.11016523840640957 ) ) ;
#4901 = ORIENTED_EDGE ( 'NONE', *, *, #5777, .F. ) ;
#4902 = CARTESIAN_POINT ( 'NONE',  ( -4.912333406717775297, 105.4999999999999858, -86.59600410091076128 ) ) ;
#4903 = EDGE_LOOP ( 'NONE', ( #4048, #6178, #4475, #4714 ) ) ;
#4904 = EDGE_CURVE ( 'NONE', #6621, #5332, #1260, .T. ) ;
#4905 = CARTESIAN_POINT ( 'NONE',  ( -6.922252736855531552, 110.9999999999999858, -59.60239148487157479 ) ) ;
#4906 = CARTESIAN_POINT ( 'NONE',  ( 15.03960127451460238, 110.9999999999999858, -64.07469915374997527 ) ) ;
#4907 = CARTESIAN_POINT ( 'NONE',  ( -12.47487818351624433, 110.9999999999999858, -81.38679235523434841 ) ) ;
#4908 = ORIENTED_EDGE ( 'NONE', *, *, #782, .F. ) ;
#4909 = CARTESIAN_POINT ( 'NONE',  ( 1.686911345409991547, 105.4999999999999858, -86.09867404971171823 ) ) ;
#4910 = CARTESIAN_POINT ( 'NONE',  ( 7.508918062289791528, 105.4999999999999858, -87.25175889967351850 ) ) ;
#4911 = CARTESIAN_POINT ( 'NONE',  ( 7.063938973404970234, 110.9999999999999858, -59.42696831735799634 ) ) ;
#4912 = EDGE_CURVE ( 'NONE', #4867, #234, #274, .T. ) ;
#4913 = CARTESIAN_POINT ( 'NONE',  ( 7.234484023890982662, 105.4999999999999858, -84.11051302481563141 ) ) ;
#4914 = CARTESIAN_POINT ( 'NONE',  ( 15.39961931676260143, 105.4999999999999858, -71.83850662049661651 ) ) ;
#4915 = CARTESIAN_POINT ( 'NONE',  ( -9.274493938821287031, 105.4999999999999858, -82.61431872657358610 ) ) ;
#4916 = VERTEX_POINT ( 'NONE', #3988 ) ;
#4917 = LINE ( 'NONE', #1148, #57 ) ;
#4918 = EDGE_LOOP ( 'NONE', ( #6693, #1313, #45, #1597 ) ) ;
#4919 = CARTESIAN_POINT ( 'NONE',  ( 0.000000000000000000, 110.9999999999999858, -71.99999999999998579 ) ) ;
#4920 = EDGE_CURVE ( 'NONE', #3648, #582, #2975, .T. ) ;
#4921 = CARTESIAN_POINT ( 'NONE',  ( 12.70925341270042352, 105.4999999999999858, -74.31160630140082901 ) ) ;
#4922 = CARTESIAN_POINT ( 'NONE',  ( -12.36363030734736768, 110.9999999999999858, -81.18232001381309715 ) ) ;
#4923 =( NAMED_UNIT ( * ) SI_UNIT ( $, .STERADIAN. ) SOLID_ANGLE_UNIT ( ) );
#4924 = CARTESIAN_POINT ( 'NONE',  ( 14.13393755131164475, 105.4999999999999858, -78.11605792226117728 ) ) ;
#4925 = CARTESIAN_POINT ( 'NONE',  ( -6.864983040936785130, 110.9999999999999858, -59.68935388785236285 ) ) ;
#4926 = CARTESIAN_POINT ( 'NONE',  ( 12.47604671605494531, 110.9999999999999858, -72.77347161474396842 ) ) ;
#4927 = ORIENTED_EDGE ( 'NONE', *, *, #6937, .F. ) ;
#4928 = FACE_OUTER_BOUND ( 'NONE', #4055, .T. ) ;
#4929 = B_SPLINE_SURFACE_WITH_KNOTS ( 'NONE', 4, 1, ( 
 ( #6189, #5664 ),
 ( #2458, #4617 ),
 ( #2319, #2385 ),
 ( #777, #4480 ),
 ( #841, #4546 ),
 ( #6738, #206 ),
 ( #2997, #2425 ),
 ( #1794, #1926 ),
 ( #3491, #4514 ),
 ( #3956, #6089 ),
 ( #6640, #1262 ),
 ( #3419, #4060 ),
 ( #743, #2956 ),
 ( #2890, #5029 ),
 ( #5098, #2354 ),
 ( #1370, #1826 ),
 ( #3990, #1863 ),
 ( #6124, #4029 ),
 ( #1304, #1338 ) ),
 .UNSPECIFIED., .F., .F., .F.,
 ( 5, 1, 1, 1, 1, 1, 1, 1, 1, 1, 1, 1, 1, 1, 1, 5 ),
 ( 2, 2 ),
 ( 0.000000000000000000, 0.005376748248313690560, 0.01508368771682262396, 0.02853181967683027578, 0.04661013893542635678, 0.06485484867701551970, 0.09211052469974630175, 0.1194761750471190764, 0.1468424950126881179, 0.1742088532605756135, 0.2015749551777806792, 0.2289410129491928625, 0.2563073451819962711, 0.3070350317425281084, 0.3617673510343424881, 0.3768711599805257828 ),
 ( 0.000000000000000000, 1.000000000000000000 ),
 .UNSPECIFIED. ) ;
#4930 = DIRECTION ( 'NONE',  ( 0.000000000000000000, 1.000000000000000000, 0.000000000000000000 ) ) ;
#4931 = CARTESIAN_POINT ( 'NONE',  ( -7.496182274042598515, 110.9999999999999858, -84.95650818270190996 ) ) ;
#4932 = CARTESIAN_POINT ( 'NONE',  ( -12.88735155236404140, 110.9999999999999858, -77.96107790694827600 ) ) ;
#4933 = ORIENTED_EDGE ( 'NONE', *, *, #6445, .T. ) ;
#4934 = CARTESIAN_POINT ( 'NONE',  ( 1.286699764493370202, 110.9999999999999858, -87.76817603455613437 ) ) ;
#4935 = CARTESIAN_POINT ( 'NONE',  ( 2.889916630983060397, 110.9999999999999858, -55.24743655836754641 ) ) ;
#4936 = VERTEX_POINT ( 'NONE', #6608 ) ;
#4937 = CARTESIAN_POINT ( 'NONE',  ( -8.031390678579809261, 105.4999999999999858, -58.61227352453458650 ) ) ;
#4938 = CARTESIAN_POINT ( 'NONE',  ( -13.94700302802691638, 110.9999999999999858, -62.93182237399975776 ) ) ;
#4939 = ADVANCED_FACE ( 'NONE', ( #5560 ), #5373, .F. ) ;
#4940 = CARTESIAN_POINT ( 'NONE',  ( -12.04260137073200454, 105.4999999999999858, -68.64951462834953588 ) ) ;
#4941 = CARTESIAN_POINT ( 'NONE',  ( -12.82737368564782265, 105.4999999999999858, -82.16570009010541753 ) ) ;
#4942 = ORIENTED_EDGE ( 'NONE', *, *, #2596, .T. ) ;
#4943 = CARTESIAN_POINT ( 'NONE',  ( -8.470279130379612553, 105.4999999999999858, -58.34270782358785823 ) ) ;
#4944 = CARTESIAN_POINT ( 'NONE',  ( -4.616885666963393753, 105.4999999999999858, -58.33746999085099105 ) ) ;
#4945 = CARTESIAN_POINT ( 'NONE',  ( 8.769185662245455148, 105.4999999999999858, -58.18029100110415186 ) ) ;
#4946 = DIRECTION ( 'NONE',  ( 0.000000000000000000, 0.000000000000000000, 1.000000000000000000 ) ) ;
#4947 = CARTESIAN_POINT ( 'NONE',  ( -16.13777575158591304, 111.0000000000000142, -69.26958468639915623 ) ) ;
#4948 = CARTESIAN_POINT ( 'NONE',  ( -12.00742970900968665, 110.9999999999999858, -83.82174768232624729 ) ) ;
#4949 = ORIENTED_EDGE ( 'NONE', *, *, #2478, .F. ) ;
#4950 = CARTESIAN_POINT ( 'NONE',  ( -4.159050406661600974, 105.4999999999999858, -85.47978429096735908 ) ) ;
#4951 = ORIENTED_EDGE ( 'NONE', *, *, #2409, .T. ) ;
#4952 = B_SPLINE_CURVE_WITH_KNOTS ( 'NONE', 4,
 ( #254, #4600, #1015, #1910, #6143, #2404, #6367, #6173, #4073, #6722, #985, #3541, #2597, #1351, #3505, #5044, #4751, #4725, #6881 ),
 .UNSPECIFIED., .F., .F.,
 ( 5, 1, 1, 1, 1, 1, 1, 1, 1, 1, 1, 1, 1, 1, 1, 5 ),
 ( 0.000000000000000000, 0.01510380894618329473, 0.06983612823799767444, 0.1205638147985295117, 0.1479301470313329203, 0.1752962048027451036, 0.2026623067199501693, 0.2300286649678376372, 0.2573949849334067341, 0.2847606352807794949, 0.3120163113035102631, 0.3302610210450994122, 0.3483393403036955105, 0.3617874722637031693, 0.3714944117322120931, 0.3768711599805257828 ),
 .UNSPECIFIED. ) ;
#4953 = DIRECTION ( 'NONE',  ( 0.000000000000000000, 0.000000000000000000, 1.000000000000000000 ) ) ;
#4954 = EDGE_CURVE ( 'NONE', #756, #6460, #5999, .T. ) ;
#4955 = DIRECTION ( 'NONE',  ( 0.000000000000000000, 1.000000000000000000, 0.000000000000000000 ) ) ;
#4956 = DIRECTION ( 'NONE',  ( 0.000000000000000000, 1.000000000000000000, 0.000000000000000000 ) ) ;
#4957 = CARTESIAN_POINT ( 'NONE',  ( 0.000000000000000000, 110.9999999999999858, -71.99999999999998579 ) ) ;
#4958 = CARTESIAN_POINT ( 'NONE',  ( 9.586723779017560787, 105.4999999999999858, -61.66681428427300915 ) ) ;
#4959 = CARTESIAN_POINT ( 'NONE',  ( -1.682128284694977438, 110.9999999999999858, -85.99465770516428620 ) ) ;
#4960 = DIRECTION ( 'NONE',  ( 0.000000000000000000, -1.000000000000000000, 0.000000000000000000 ) ) ;
#4961 = DIRECTION ( 'NONE',  ( 0.000000000000000000, 1.000000000000000000, 0.000000000000000000 ) ) ;
#4962 = DIRECTION ( 'NONE',  ( 0.000000000000000000, 1.000000000000000000, 0.000000000000000000 ) ) ;
#4963 = CARTESIAN_POINT ( 'NONE',  ( -23.81569860407218542, 114.9999999999999858, -58.24999999999938183 ) ) ;
#4964 = B_SPLINE_CURVE_WITH_KNOTS ( 'NONE', 3,
 ( #4591, #2865, #4417, #76 ),
 .UNSPECIFIED., .F., .F.,
 ( 4, 4 ),
 ( 0.000000000000000000, 1.000000000000000000 ),
 .UNSPECIFIED. ) ;
#4965 = CARTESIAN_POINT ( 'NONE',  ( -9.657477191925853077, 105.4999999999999858, -82.92398053806032010 ) ) ;
#4966 = CARTESIAN_POINT ( 'NONE',  ( 14.19777028870318780, 110.9999999999999858, -72.20395753603379774 ) ) ;
#4967 = ORIENTED_EDGE ( 'NONE', *, *, #4872, .F. ) ;
#4968 = CARTESIAN_POINT ( 'NONE',  ( 4.379618764947541543, 105.4999999999999858, -59.21435921554750337 ) ) ;
#4969 = ORIENTED_EDGE ( 'NONE', *, *, #3496, .T. ) ;
#4970 = CARTESIAN_POINT ( 'NONE',  ( -6.922252736855531552, 105.4999999999999858, -59.60239148487157479 ) ) ;
#4971 = B_SPLINE_SURFACE_WITH_KNOTS ( 'NONE', 4, 1, ( 
 ( #3907, #6108 ),
 ( #5476, #3830 ),
 ( #6041, #763 ),
 ( #1216, #1286 ),
 ( #4466, #5015 ),
 ( #722, #5964 ),
 ( #1780, #2300 ),
 ( #2875, #6075 ),
 ( #2764, #1136 ),
 ( #1247, #3286 ),
 ( #5433, #613 ),
 ( #651, #4907 ),
 ( #82, #2230 ),
 ( #1744, #4390 ),
 ( #4941, #3370 ),
 ( #3404, #5083 ),
 ( #2410, #1392 ),
 ( #1356, #3153 ),
 ( #4311, #3750 ) ),
 .UNSPECIFIED., .F., .F., .F.,
 ( 5, 1, 1, 1, 1, 1, 1, 1, 1, 1, 1, 1, 1, 1, 1, 5 ),
 ( 2, 2 ),
 ( 0.000000000000000000, 0.005376748248313690560, 0.01508368771682262396, 0.02853181967683027578, 0.04661013893542635678, 0.06485484867701551970, 0.09211052469974630175, 0.1194761750471190764, 0.1468424950126881179, 0.1742088532605756135, 0.2015749551777806792, 0.2289410129491928625, 0.2563073451819962711, 0.3070350317425281084, 0.3617673510343424881, 0.3768711599805257828 ),
 ( 0.000000000000000000, 1.000000000000000000 ),
 .UNSPECIFIED. ) ;
#4972 = EDGE_CURVE ( 'NONE', #4143, #6838, #723, .T. ) ;
#4973 = CARTESIAN_POINT ( 'NONE',  ( -13.63203177545909028, 110.9999999999999858, -62.94181675687151056 ) ) ;
#4974 = CIRCLE ( 'NONE', #3412, 10.99999999999999645 ) ;
#4975 = CARTESIAN_POINT ( 'NONE',  ( 9.820809144269002644, 110.9999999999999858, -83.02752116150729478 ) ) ;
#4976 = CARTESIAN_POINT ( 'NONE',  ( -10.00592381998683145, 110.9999999999999858, -83.13307421525584573 ) ) ;
#4977 = ORIENTED_EDGE ( 'NONE', *, *, #998, .F. ) ;
#4978 = CARTESIAN_POINT ( 'NONE',  ( -9.424240425030436796, 105.4999999999999858, -57.88334740541333190 ) ) ;
#4979 = CIRCLE ( 'NONE', #3186, 26.49999999999996092 ) ;
#4980 = CARTESIAN_POINT ( 'NONE',  ( -14.86850930407208971, 105.4999999999999858, -68.91067050612954858 ) ) ;
#4981 = DIRECTION ( 'NONE',  ( -1.665334536937725147E-15, 0.000000000000000000, 1.000000000000000000 ) ) ;
#4982 = AXIS2_PLACEMENT_3D ( 'NONE', #3584, #5650, #333 ) ;
#4983 = CARTESIAN_POINT ( 'NONE',  ( 13.68018328363388925, 105.4999999999999858, -65.92411008161957398 ) ) ;
#4984 = CARTESIAN_POINT ( 'NONE',  ( 2.019805852967664794, 105.4999999999999858, -56.30887652024870249 ) ) ;
#4985 = CARTESIAN_POINT ( 'NONE',  ( -13.52259278330330972, 105.4999999999999858, -66.06754691276300662 ) ) ;
#4986 = EDGE_LOOP ( 'NONE', ( #55, #6482, #6656, #5671 ) ) ;
#4987 = CARTESIAN_POINT ( 'NONE',  ( -4.155439442360330915, 110.9999999999999858, -85.46893918953527702 ) ) ;
#4988 = ORIENTED_EDGE ( 'NONE', *, *, #5504, .T. ) ;
#4989 = DIRECTION ( 'NONE',  ( -0.9928535775496396543, 0.000000000000000000, -0.1193389020683599394 ) ) ;
#4990 = DIRECTION ( 'NONE',  ( -0.9928535775496396543, 0.000000000000000000, -0.1193389020683602447 ) ) ;
#4991 = CIRCLE ( 'NONE', #839, 24.99999999999996092 ) ;
#4992 = FACE_OUTER_BOUND ( 'NONE', #2922, .T. ) ;
#4993 = CARTESIAN_POINT ( 'NONE',  ( -23.81569860407218542, 112.9999999999999858, -58.24999999999938183 ) ) ;
#4994 = ADVANCED_FACE ( 'NONE', ( #2504 ), #5673, .T. ) ;
#4995 = CARTESIAN_POINT ( 'NONE',  ( -9.274493938821287031, 110.9999999999999858, -82.61431872657358610 ) ) ;
#4996 = DIRECTION ( 'NONE',  ( 0.000000000000000000, -1.000000000000000000, 0.000000000000000000 ) ) ;
#4997 = CARTESIAN_POINT ( 'NONE',  ( -13.87181067862431050, 105.4999999999999858, -74.73490184674703585 ) ) ;
#4998 = DIRECTION ( 'NONE',  ( 0.9928535775496396543, 0.000000000000000000, 0.1193389020683599394 ) ) ;
#4999 = CIRCLE ( 'NONE', #2524, 16.99999999999860023 ) ;
#5000 = ORIENTED_EDGE ( 'NONE', *, *, #4151, .T. ) ;
#5001 = CARTESIAN_POINT ( 'NONE',  ( 11.27866494760152172, 110.9999999999999858, -63.54590532048115392 ) ) ;
#5002 = CARTESIAN_POINT ( 'NONE',  ( -11.53481943208382887, 105.4999999999999858, -80.12097441725720159 ) ) ;
#5003 = AXIS2_PLACEMENT_3D ( 'NONE', #4963, #641, #3819 ) ;
#5004 = CARTESIAN_POINT ( 'NONE',  ( -7.559952289182941598, 110.9999999999999858, -85.41720822668071378 ) ) ;
#5005 = VECTOR ( 'NONE', #1363, 1000.000000000000000 ) ;
#5006 = FACE_OUTER_BOUND ( 'NONE', #2619, .T. ) ;
#5007 = ORIENTED_EDGE ( 'NONE', *, *, #3470, .T. ) ;
#5008 = DIRECTION ( 'NONE',  ( 0.000000000000000000, 1.000000000000000000, 0.000000000000000000 ) ) ;
#5009 = AXIS2_PLACEMENT_3D ( 'NONE', #3483, #4535, #689 ) ;
#5010 = ORIENTED_EDGE ( 'NONE', *, *, #2149, .F. ) ;
#5011 = CARTESIAN_POINT ( 'NONE',  ( -6.887671465221725242, 105.4999999999999858, -59.65225520987307561 ) ) ;
#5012 = EDGE_CURVE ( 'NONE', #5275, #3231, #6669, .T. ) ;
#5013 = DIRECTION ( 'NONE',  ( 0.000000000000000000, 0.000000000000000000, -1.000000000000000000 ) ) ;
#5014 = CARTESIAN_POINT ( 'NONE',  ( -6.786292180993280354, 110.9999999999999858, -82.99158243545171842 ) ) ;
#5015 = CARTESIAN_POINT ( 'NONE',  ( -11.67824955976157852, 110.9999999999999858, -80.24817318351124129 ) ) ;
#5016 = VERTEX_POINT ( 'NONE', #2606 ) ;
#5017 = EDGE_CURVE ( 'NONE', #2640, #3517, #5466, .T. ) ;
#5018 = CARTESIAN_POINT ( 'NONE',  ( 1.174955163963941507, 105.4999999999999858, -88.02768662349957651 ) ) ;
#5019 = DIRECTION ( 'NONE',  ( 0.000000000000000000, 0.000000000000000000, 1.000000000000000000 ) ) ;
#5020 = CARTESIAN_POINT ( 'NONE',  ( 12.69709083991984677, 110.9999999999999858, -81.85145381865439163 ) ) ;
#5021 = CARTESIAN_POINT ( 'NONE',  ( 7.313777566332055002, 105.4999999999999858, -84.28505316859167351 ) ) ;
#5022 = CARTESIAN_POINT ( 'NONE',  ( -16.79676503880157767, 111.0000000000000142, -69.55769119554447855 ) ) ;
#5023 = CARTESIAN_POINT ( 'NONE',  ( 0.000000000000000000, 110.9999999999999858, -71.99999999999998579 ) ) ;
#5024 = ORIENTED_EDGE ( 'NONE', *, *, #4058, .F. ) ;
#5025 = CARTESIAN_POINT ( 'NONE',  ( -13.84510978749381849, 110.9999999999999858, -68.84861699891440878 ) ) ;
#5026 = VERTEX_POINT ( 'NONE', #3118 ) ;
#5027 = CARTESIAN_POINT ( 'NONE',  ( -15.39961931675355444, 105.4999999999999858, -71.83850662047268543 ) ) ;
#5028 = DIRECTION ( 'NONE',  ( -0.9928535775496396543, 0.000000000000000000, -0.1193389020683599394 ) ) ;
#5029 = CARTESIAN_POINT ( 'NONE',  ( 5.445672500531541615, 110.9999999999999858, -87.11991763057547189 ) ) ;
#5030 = CARTESIAN_POINT ( 'NONE',  ( -9.274493938821287031, 110.9999999999999858, -82.61431872657358610 ) ) ;
#5031 = PLANE ( 'NONE',  #4431 ) ;
#5032 = CARTESIAN_POINT ( 'NONE',  ( -1.686911345410014196, 110.9999999999999858, -86.09867404971171823 ) ) ;
#5033 = CARTESIAN_POINT ( 'NONE',  ( -1.199407783317656850, 105.4999999999999858, -58.53838450390695414 ) ) ;
#5034 = ADVANCED_FACE ( 'NONE', ( #6857 ), #5385, .T. ) ;
#5035 = CARTESIAN_POINT ( 'NONE',  ( 11.52562097700145927, 110.9999999999999858, -80.11418886550141849 ) ) ;
#5036 = VERTEX_POINT ( 'NONE', #1123 ) ;
#5037 = B_SPLINE_SURFACE_WITH_KNOTS ( 'NONE', 4, 1, ( 
 ( #3372, #687 ),
 ( #1249, #3406 ),
 ( #4500, #6377 ),
 ( #1559, #2145 ),
 ( #3248, #1588 ),
 ( #3718, #4826 ),
 ( #643, #5388 ),
 ( #4900, #5359 ),
 ( #73, #3853 ),
 ( #4275, #1695 ),
 ( #2115, #5853 ),
 ( #2788, #1096 ),
 ( #1026, #5990 ),
 ( #6959, #3789 ),
 ( #6439, #6512 ),
 ( #6404, #4932 ),
 ( #1624, #3317 ),
 ( #5921, #1165 ),
 ( #32, #602 ) ),
 .UNSPECIFIED., .F., .F., .F.,
 ( 5, 1, 1, 1, 1, 1, 1, 1, 1, 1, 1, 1, 1, 1, 1, 5 ),
 ( 2, 2 ),
 ( 0.000000000000000000, 0.01510380894618329473, 0.06983612823799767444, 0.1205638147985295117, 0.1479301470313329203, 0.1752962048027451036, 0.2026623067199501693, 0.2300286649678376649, 0.2573949849334067341, 0.2847606352807794949, 0.3120163113035102631, 0.3302610210450994122, 0.3483393403036955105, 0.3617874722637031693, 0.3714944117322120931, 0.3768711599805257828 ),
 ( 0.000000000000000000, 1.000000000000000000 ),
 .UNSPECIFIED. ) ;
#5038 = CARTESIAN_POINT ( 'NONE',  ( 28.20834560355562459, 113.4999999999999858, -69.95276259427353693 ) ) ;
#5039 = CARTESIAN_POINT ( 'NONE',  ( -14.58021317980552034, 105.4999999999999858, -72.13266551893788403 ) ) ;
#5040 = CARTESIAN_POINT ( 'NONE',  ( -7.532650328430437803, 110.9999999999999858, -87.07286520576043642 ) ) ;
#5041 = DIRECTION ( 'NONE',  ( 0.000000000000000000, 1.000000000000000000, 0.000000000000000000 ) ) ;
#5042 = ORIENTED_EDGE ( 'NONE', *, *, #4527, .F. ) ;
#5043 = CARTESIAN_POINT ( 'NONE',  ( 1.682128284694953013, 110.9999999999999858, -85.99465770516425778 ) ) ;
#5044 = CARTESIAN_POINT ( 'NONE',  ( 13.84510978748899213, 110.9999999999999858, -68.84861699895066067 ) ) ;
#5045 = EDGE_CURVE ( 'NONE', #2951, #5751, #5106, .T. ) ;
#5046 = CARTESIAN_POINT ( 'NONE',  ( -12.04260137073200454, 110.9999999999999858, -68.64951462834953588 ) ) ;
#5047 = ORIENTED_EDGE ( 'NONE', *, *, #6306, .F. ) ;
#5048 = DIRECTION ( 'NONE',  ( 0.9928535775496396543, 0.000000000000000000, 0.1193389020683602447 ) ) ;
#5049 = FACE_OUTER_BOUND ( 'NONE', #5972, .T. ) ;
#5050 = ORIENTED_EDGE ( 'NONE', *, *, #5162, .F. ) ;
#5051 = CARTESIAN_POINT ( 'NONE',  ( 1.684686988164343147, 105.4999999999999858, -86.19773585460634990 ) ) ;
#5052 = CARTESIAN_POINT ( 'NONE',  ( -4.581327445095324968, 105.4999999999999858, -58.56014439483282530 ) ) ;
#5053 = CARTESIAN_POINT ( 'NONE',  ( 11.76577261403858188, 110.9999999999999858, -80.33948165700053323 ) ) ;
#5054 = EDGE_CURVE ( 'NONE', #201, #5277, #640, .T. ) ;
#5055 = LINE ( 'NONE', #871, #2723 ) ;
#5056 = CARTESIAN_POINT ( 'NONE',  ( 16.61350354400433815, 105.4999999999999858, -71.13846711389618349 ) ) ;
#5057 = CARTESIAN_POINT ( 'NONE',  ( -13.68018328361292113, 105.4999999999999858, -65.92411008159854191 ) ) ;
#5058 = ORIENTED_EDGE ( 'NONE', *, *, #3266, .F. ) ;
#5059 = CYLINDRICAL_SURFACE ( 'NONE', #6349, 12.50000000000000178 ) ;
#5060 = VERTEX_POINT ( 'NONE', #6956 ) ;
#5061 = CARTESIAN_POINT ( 'NONE',  ( -14.96875636757154737, 105.4999999999999858, -72.01363018934691240 ) ) ;
#5062 = CARTESIAN_POINT ( 'NONE',  ( -1.449089840208113822, 110.9999999999999858, -87.33213924564461195 ) ) ;
#5063 = ADVANCED_FACE ( 'NONE', ( #493 ), #5459, .T. ) ;
#5064 = CARTESIAN_POINT ( 'NONE',  ( -15.11034575180097228, 110.9999999999999858, -78.04004598741754251 ) ) ;
#5065 = DIRECTION ( 'NONE',  ( -2.775557561562891351E-16, -0.000000000000000000, 1.000000000000000000 ) ) ;
#5066 = CARTESIAN_POINT ( 'NONE',  ( -1.623641311369532936, 110.9999999999999858, -86.67713541899996699 ) ) ;
#5067 = CARTESIAN_POINT ( 'NONE',  ( -14.14054090138981579, 110.9999999999999858, -74.83292473058949668 ) ) ;
#5068 = DIRECTION ( 'NONE',  ( 0.000000000000000000, -1.000000000000000000, 0.000000000000000000 ) ) ;
#5069 = VERTEX_POINT ( 'NONE', #1092 ) ;
#5070 = CARTESIAN_POINT ( 'NONE',  ( 7.653155418737924265, 110.9999999999999858, -58.88337933066129182 ) ) ;
#5071 = DIRECTION ( 'NONE',  ( 0.000000000000000000, 1.000000000000000000, -0.000000000000000000 ) ) ;
#5072 = EDGE_CURVE ( 'NONE', #4857, #2153, #4895, .T. ) ;
#5073 = CARTESIAN_POINT ( 'NONE',  ( -13.87181067862431050, 105.4999999999999858, -74.73490184674703585 ) ) ;
#5074 = CARTESIAN_POINT ( 'NONE',  ( 16.82566797711336193, 105.4999999999999858, -69.57164724063930805 ) ) ;
#5075 = VERTEX_POINT ( 'NONE', #3850 ) ;
#5076 = CARTESIAN_POINT ( 'NONE',  ( 7.228840749612406746, 105.4999999999999858, -84.10057276608289101 ) ) ;
#5077 = CARTESIAN_POINT ( 'NONE',  ( 12.36422895317214277, 105.4999999999999858, -73.83734656326446100 ) ) ;
#5078 = B_SPLINE_CURVE_WITH_KNOTS ( 'NONE', 4,
 ( #6119, #3456, #5597, #3875, #6636, #163, #774, #2419, #6011, #803, #6569, #1756, #694, #6051, #1335, #3488, #1191, #4476, #1790 ),
 .UNSPECIFIED., .F., .F.,
 ( 5, 1, 1, 1, 1, 1, 1, 1, 1, 1, 1, 1, 1, 1, 1, 5 ),
 ( 0.000000000000000000, 0.005376748248313690560, 0.01508368771682262223, 0.02853181967683027578, 0.04661013893542635678, 0.06485484867701551970, 0.09211052469974631562, 0.1194761750471190626, 0.1468424950126881179, 0.1742088532605756135, 0.2015749551777806792, 0.2289410129491928625, 0.2563073451819962711, 0.3070350317425281084, 0.3617673510343424326, 0.3768711599805257828 ),
 .UNSPECIFIED. ) ;
#5079 = DIRECTION ( 'NONE',  ( 0.000000000000000000, 0.000000000000000000, 1.000000000000000000 ) ) ;
#5080 = ORIENTED_EDGE ( 'NONE', *, *, #6909, .F. ) ;
#5081 = DIRECTION ( 'NONE',  ( 0.000000000000000000, 0.000000000000000000, 1.000000000000000000 ) ) ;
#5082 = EDGE_CURVE ( 'NONE', #2977, #1284, #1024, .T. ) ;
#5083 = CARTESIAN_POINT ( 'NONE',  ( -12.93421037838732879, 110.9999999999999858, -82.46216711815006306 ) ) ;
#5084 = ORIENTED_EDGE ( 'NONE', *, *, #532, .T. ) ;
#5085 = CARTESIAN_POINT ( 'NONE',  ( -10.37139652092075615, 110.9999999999999858, -59.72395045855183326 ) ) ;
#5086 = CIRCLE ( 'NONE', #2841, 12.50000000000000178 ) ;
#5087 = CARTESIAN_POINT ( 'NONE',  ( -23.81569860407218542, 113.4999999999999858, -58.24999999999938183 ) ) ;
#5088 = B_SPLINE_SURFACE_WITH_KNOTS ( 'NONE', 4, 1, ( 
 ( #3261, #53 ),
 ( #6873, #3165 ),
 ( #6943, #2590 ),
 ( #2098, #2201 ),
 ( #5866, #6320 ),
 ( #3665, #979 ),
 ( #5273, #4745 ),
 ( #2062, #4258 ),
 ( #1187, #2805 ),
 ( #3914, #160 ),
 ( #2311, #733 ),
 ( #1295, #5482 ),
 ( #2346, #658 ),
 ( #4506, #6633 ),
 ( #1222, #4947 ),
 ( #3837, #2883 ),
 ( #6526, #2236 ),
 ( #691, #5022 ),
 ( #5594, #6116 ) ),
 .UNSPECIFIED., .F., .F., .F.,
 ( 5, 1, 1, 1, 1, 1, 1, 1, 1, 1, 1, 1, 1, 1, 1, 5 ),
 ( 2, 2 ),
 ( 0.000000000000000000, 0.005376748248313690560, 0.01508368771682262396, 0.02853181967683027578, 0.04661013893542635678, 0.06485484867701551970, 0.09211052469974630175, 0.1194761750471190764, 0.1468424950126881179, 0.1742088532605756135, 0.2015749551777806792, 0.2289410129491928625, 0.2563073451819962711, 0.3070350317425281084, 0.3617673510343424881, 0.3768711599805257828 ),
 ( 0.000000000000000000, 1.000000000000000000 ),
 .UNSPECIFIED. ) ;
#5089 = CARTESIAN_POINT ( 'NONE',  ( -6.283281050859318206, 110.9999999999999858, -87.76757962722669504 ) ) ;
#5090 = FACE_OUTER_BOUND ( 'NONE', #4986, .T. ) ;
#5091 = CARTESIAN_POINT ( 'NONE',  ( 15.02952432530197235, 105.4999999999999858, -75.35972525181995252 ) ) ;
#5092 = AXIS2_PLACEMENT_3D ( 'NONE', #5688, #1391, #3544 ) ;
#5093 = ORIENTED_EDGE ( 'NONE', *, *, #4473, .T. ) ;
#5094 = CARTESIAN_POINT ( 'NONE',  ( -13.74216322135147195, 110.9999999999999858, -68.86424652617267839 ) ) ;
#5095 = ORIENTED_EDGE ( 'NONE', *, *, #6466, .T. ) ;
#5096 = CARTESIAN_POINT ( 'NONE',  ( -16.82976034687731115, 112.4999999999999858, -49.75313783407820267 ) ) ;
#5097 = ADVANCED_FACE ( 'NONE', ( #4928 ), #6508, .F. ) ;
#5098 = CARTESIAN_POINT ( 'NONE',  ( 5.704278851326367139, 105.4999999999999858, -87.34093141825260886 ) ) ;
#5099 = DIRECTION ( 'NONE',  ( -0.9928535775496396543, 0.000000000000000000, -0.1193389020683599672 ) ) ;
#5100 = CARTESIAN_POINT ( 'NONE',  ( -2.390067682457869047, 105.4999999999999858, -55.80831847933974643 ) ) ;
#5101 = CARTESIAN_POINT ( 'NONE',  ( -23.81569860407218542, 112.4999999999999858, -58.24999999999938183 ) ) ;
#5102 = CARTESIAN_POINT ( 'NONE',  ( -14.28918325238663734, 110.9999999999999858, -74.90163031562420315 ) ) ;
#5103 = CARTESIAN_POINT ( 'NONE',  ( -10.67026573806877998, 110.9999999999999858, -79.28107650558192177 ) ) ;
#5104 = ORIENTED_EDGE ( 'NONE', *, *, #4884, .T. ) ;
#5105 = B_SPLINE_CURVE_WITH_KNOTS ( 'NONE', 4,
 ( #9, #2097, #6841, #5370, #6388, #2160, #2061, #5338, #5902, #6319, #1570, #547, #1504, #5802, #4227, #6359, #1540, #2694, #3729 ),
 .UNSPECIFIED., .F., .F.,
 ( 5, 1, 1, 1, 1, 1, 1, 1, 1, 1, 1, 1, 1, 1, 1, 5 ),
 ( 0.000000000000000000, 0.005376748248313690560, 0.01508368771682262223, 0.02853181967683027578, 0.04661013893542635678, 0.06485484867701551970, 0.09211052469974631562, 0.1194761750471190626, 0.1468424950126881179, 0.1742088532605756135, 0.2015749551777806792, 0.2289410129491928625, 0.2563073451819962711, 0.3070350317425281084, 0.3617673510343424326, 0.3768711599805257828 ),
 .UNSPECIFIED. ) ;
#5106 = CIRCLE ( 'NONE', #831, 16.99999999999860378 ) ;
#5107 = DIRECTION ( 'NONE',  ( 0.000000000000000000, -1.000000000000000000, 0.000000000000000000 ) ) ;
#5108 = ADVANCED_FACE ( 'NONE', ( #6926 ), #4271, .F. ) ;
#5109 = CARTESIAN_POINT ( 'NONE',  ( -2.889916630977483081, 105.4999999999999858, -55.24743655836657297 ) ) ;
#5110 = FACE_OUTER_BOUND ( 'NONE', #3576, .T. ) ;
#5111 = CARTESIAN_POINT ( 'NONE',  ( 15.39961931676260143, 110.9999999999999858, -71.83850662049661651 ) ) ;
#5112 = ORIENTED_EDGE ( 'NONE', *, *, #2259, .F. ) ;
#5113 = CARTESIAN_POINT ( 'NONE',  ( 11.71203505488408858, 105.4999999999999858, -67.63213612011932696 ) ) ;
#5114 = CIRCLE ( 'NONE', #4673, 1.499999999999996003 ) ;
#5115 = CARTESIAN_POINT ( 'NONE',  ( -9.287159011789027474, 110.9999999999999858, -57.94010085487192896 ) ) ;
#5116 = VECTOR ( 'NONE', #6814, 1000.000000000000000 ) ;
#5117 = AXIS2_PLACEMENT_3D ( 'NONE', #1434, #6765, #1956 ) ;
#5118 = DIRECTION ( 'NONE',  ( 0.000000000000000000, 1.000000000000000000, 0.000000000000000000 ) ) ;
#5119 = ORIENTED_EDGE ( 'NONE', *, *, #134, .F. ) ;
#5120 = AXIS2_PLACEMENT_3D ( 'NONE', #3212, #6437, #563 ) ;
#5121 = CARTESIAN_POINT ( 'NONE',  ( -23.81569860407218542, 113.4999999999999858, -58.24999999999938183 ) ) ;
#5122 = CIRCLE ( 'NONE', #857, 2.000000000000001776 ) ;
#5123 = EDGE_CURVE ( 'NONE', #6206, #584, #2768, .T. ) ;
#5124 = ORIENTED_EDGE ( 'NONE', *, *, #3737, .F. ) ;
#5125 = CARTESIAN_POINT ( 'NONE',  ( 12.78231939802427775, 105.4999999999999858, -63.03636417403601655 ) ) ;
#5126 = CARTESIAN_POINT ( 'NONE',  ( 12.70925341270042352, 105.4999999999999858, -74.31160630140082901 ) ) ;
#5127 = AXIS2_PLACEMENT_3D ( 'NONE', #3911, #6150, #6631 ) ;
#5128 = DIRECTION ( 'NONE',  ( 0.000000000000000000, 1.000000000000000000, 0.000000000000000000 ) ) ;
#5129 = B_SPLINE_CURVE_WITH_KNOTS ( 'NONE', 4,
 ( #6464, #1150, #1681, #3735, #2734, #5841, #3171, #1646, #6879, #5376, #3808, #6423, #554, #2668, #522, #5307, #4880, #5346, #2068 ),
 .UNSPECIFIED., .F., .F.,
 ( 5, 1, 1, 1, 1, 1, 1, 1, 1, 1, 1, 1, 1, 1, 1, 5 ),
 ( 0.000000000000000000, 0.005376748248313690560, 0.01508368771682262223, 0.02853181967683027578, 0.04661013893542635678, 0.06485484867701551970, 0.09211052469974631562, 0.1194761750471190626, 0.1468424950126881179, 0.1742088532605756135, 0.2015749551777806792, 0.2289410129491928625, 0.2563073451819962711, 0.3070350317425281084, 0.3617673510343424326, 0.3768711599805257828 ),
 .UNSPECIFIED. ) ;
#5130 = VECTOR ( 'NONE', #4790, 1000.000000000000000 ) ;
#5131 = CARTESIAN_POINT ( 'NONE',  ( -23.81569860407218542, 112.9999999999999858, -58.24999999999938183 ) ) ;
#5132 = CARTESIAN_POINT ( 'NONE',  ( -23.81569860407218542, 113.4999999999999858, -58.24999999999938183 ) ) ;
#5133 = LINE ( 'NONE', #834, #4882 ) ;
#5134 = ORIENTED_EDGE ( 'NONE', *, *, #5137, .T. ) ;
#5135 = CARTESIAN_POINT ( 'NONE',  ( 10.50186873632305229, 110.9999999999999858, -58.82263912892768332 ) ) ;
#5136 = ORIENTED_EDGE ( 'NONE', *, *, #3721, .F. ) ;
#5137 = EDGE_CURVE ( 'NONE', #1812, #4111, #4106, .T. ) ;
#5138 = CARTESIAN_POINT ( 'NONE',  ( -1.028600912950920820, 110.9999999999999858, -88.33477744430867062 ) ) ;
#5139 = CYLINDRICAL_SURFACE ( 'NONE', #5552, 12.50000000000000178 ) ;
#5140 = DIRECTION ( 'NONE',  ( 0.000000000000000000, 1.000000000000000000, 0.000000000000000000 ) ) ;
#5141 = CARTESIAN_POINT ( 'NONE',  ( 13.74216322134677881, 110.9999999999999858, -68.86424652620981135 ) ) ;
#5142 = CARTESIAN_POINT ( 'NONE',  ( -9.453951628359638093, 105.4999999999999858, -57.87120675327900443 ) ) ;
#5143 = CARTESIAN_POINT ( 'NONE',  ( -12.36422895317238613, 105.4999999999999858, -73.83734656326281254 ) ) ;
#5144 = ORIENTED_EDGE ( 'NONE', *, *, #1454, .T. ) ;
#5145 = EDGE_CURVE ( 'NONE', #2808, #5606, #4991, .T. ) ;
#5146 = CARTESIAN_POINT ( 'NONE',  ( -23.81569860407218542, 110.9999999999999858, -58.24999999999938183 ) ) ;
#5147 = VERTEX_POINT ( 'NONE', #1620 ) ;
#5148 = DIRECTION ( 'NONE',  ( 0.000000000000000000, 0.000000000000000000, 1.000000000000000000 ) ) ;
#5149 = CARTESIAN_POINT ( 'NONE',  ( -14.13729640029541379, 105.4999999999999858, -72.20897393322819369 ) ) ;
#5150 = FACE_OUTER_BOUND ( 'NONE', #2553, .T. ) ;
#5151 = CARTESIAN_POINT ( 'NONE',  ( 4.555022691701712034, 105.4999999999999858, -58.66089327844745327 ) ) ;
#5152 = ADVANCED_FACE ( 'NONE', ( #6476 ), #26, .T. ) ;
#5153 = VERTEX_POINT ( 'NONE', #1270 ) ;
#5154 = CARTESIAN_POINT ( 'NONE',  ( 10.63935037052513977, 110.9999999999999858, -83.42535251565843168 ) ) ;
#5155 = DIRECTION ( 'NONE',  ( 0.000000000000000000, 1.000000000000000000, -0.000000000000000000 ) ) ;
#5156 = CARTESIAN_POINT ( 'NONE',  ( 0.4999999999999900080, 105.9999999999999858, -80.48074069840785683 ) ) ;
#5157 = EDGE_LOOP ( 'NONE', ( #6422, #1111, #3282, #925 ) ) ;
#5158 = DIRECTION ( 'NONE',  ( 0.000000000000000000, 0.000000000000000000, 1.000000000000000000 ) ) ;
#5159 = EDGE_LOOP ( 'NONE', ( #362, #5324, #4649, #4732, #569 ) ) ;
#5160 = CARTESIAN_POINT ( 'NONE',  ( 11.08283655869326445, 110.9999999999999858, -77.78106684041034669 ) ) ;
#5161 = APPLICATION_PROTOCOL_DEFINITION ( 'draft international standard', 'automotive_design', 1998, #3122 ) ;
#5162 = EDGE_CURVE ( 'NONE', #5268, #3231, #6716, .T. ) ;
#5163 = CARTESIAN_POINT ( 'NONE',  ( 15.02442146371837595, 105.4999999999999858, -64.10297855229032393 ) ) ;
#5164 = DIRECTION ( 'NONE',  ( 0.000000000000000000, 0.000000000000000000, 1.000000000000000000 ) ) ;
#5165 = DIRECTION ( 'NONE',  ( 0.000000000000000000, -1.000000000000000000, 0.000000000000000000 ) ) ;
#5166 = VERTEX_POINT ( 'NONE', #6647 ) ;
#5167 = CARTESIAN_POINT ( 'NONE',  ( 10.30926330480149922, 110.9999999999999858, -59.99958076344946534 ) ) ;
#5168 = ORIENTED_EDGE ( 'NONE', *, *, #4920, .T. ) ;
#5169 = CARTESIAN_POINT ( 'NONE',  ( 11.31448124629172725, 105.4999999999999858, -63.52124220525865184 ) ) ;
#5170 = CARTESIAN_POINT ( 'NONE',  ( -13.26249910547147692, 110.9999999999999858, -74.59995928289332312 ) ) ;
#5171 = FACE_OUTER_BOUND ( 'NONE', #1297, .T. ) ;
#5172 = CARTESIAN_POINT ( 'NONE',  ( -1.339316662303507321, 105.4999999999999858, -57.64080119257550194 ) ) ;
#5173 = CARTESIAN_POINT ( 'NONE',  ( -5.568177290555279768, 110.9999999999999858, -60.80869079772411823 ) ) ;
#5174 = CARTESIAN_POINT ( 'NONE',  ( 9.657477191910508907, 105.4999999999999858, -82.92398053808979341 ) ) ;
#5175 = ORIENTED_EDGE ( 'NONE', *, *, #1101, .F. ) ;
#5176 = ADVANCED_FACE ( 'NONE', ( #282 ), #3889, .T. ) ;
#5177 = CARTESIAN_POINT ( 'NONE',  ( -0.5000000000000108802, 105.9999999999999858, -80.48074069840785683 ) ) ;
#5178 = ORIENTED_EDGE ( 'NONE', *, *, #6018, .T. ) ;
#5179 = CARTESIAN_POINT ( 'NONE',  ( -11.64073008976015977, 110.9999999999999858, -77.60018294149982410 ) ) ;
#5180 = B_SPLINE_CURVE_WITH_KNOTS ( 'NONE', 4,
 ( #5450, #6575, #6501, #3269, #4333, #633, #2244, #6534, #5489, #171, #5062, #699, #4584, #806, #5138, #3385, #2924, #5600, #2848 ),
 .UNSPECIFIED., .F., .F.,
 ( 5, 1, 1, 1, 1, 1, 1, 1, 1, 1, 1, 1, 1, 1, 1, 5 ),
 ( 0.000000000000000000, 0.005376748248313690560, 0.01508368771682262223, 0.02853181967683027578, 0.04661013893542635678, 0.06485484867701551970, 0.09211052469974631562, 0.1194761750471190626, 0.1468424950126881179, 0.1742088532605756135, 0.2015749551777806792, 0.2289410129491928625, 0.2563073451819962711, 0.3070350317425281084, 0.3617673510343424326, 0.3768711599805257828 ),
 .UNSPECIFIED. ) ;
#5181 = CARTESIAN_POINT ( 'NONE',  ( -23.81569860407218542, 112.4999999999999858, -58.24999999999938183 ) ) ;
#5182 = CARTESIAN_POINT ( 'NONE',  ( -1.392108514428388233, 111.0000000000000000, -57.48579143070855935 ) ) ;
#5183 = LINE ( 'NONE', #5815, #4898 ) ;
#5184 = CARTESIAN_POINT ( 'NONE',  ( -1.269920715294336588, 110.9999999999999858, -57.91830546447612704 ) ) ;
#5185 = CARTESIAN_POINT ( 'NONE',  ( 14.64448700262125769, 105.4999999999999858, -75.09884710881840419 ) ) ;
#5186 = DIRECTION ( 'NONE',  ( 0.000000000000000000, 0.000000000000000000, 1.000000000000000000 ) ) ;
#5187 = ORIENTED_EDGE ( 'NONE', *, *, #2336, .F. ) ;
#5188 = EDGE_LOOP ( 'NONE', ( #3457, #3478, #5838, #1582 ) ) ;
#5189 = CARTESIAN_POINT ( 'NONE',  ( 0.5348675345816233939, 105.4999999999999858, -59.51144857397580523 ) ) ;
#5190 = EDGE_CURVE ( 'NONE', #3529, #5147, #1738, .T. ) ;
#5191 = CARTESIAN_POINT ( 'NONE',  ( 12.83006555374214130, 110.9999999999999858, -77.94106366752748727 ) ) ;
#5192 = B_SPLINE_CURVE_WITH_KNOTS ( 'NONE', 4,
 ( #5478, #4392, #4427, #766, #725, #6521, #6110, #6561, #5547, #1813, #3976, #84, #2304, #4943, #2232, #3333, #2834, #4978, #2878 ),
 .UNSPECIFIED., .F., .F.,
 ( 5, 1, 1, 1, 1, 1, 1, 1, 1, 1, 1, 1, 1, 1, 1, 5 ),
 ( 0.000000000000000000, 0.005376748248313690560, 0.01508368771682262223, 0.02853181967683027578, 0.04661013893542635678, 0.06485484867701551970, 0.09211052469974631562, 0.1194761750471190626, 0.1468424950126881179, 0.1742088532605756135, 0.2015749551777806792, 0.2289410129491928625, 0.2563073451819962711, 0.3070350317425281084, 0.3617673510343424326, 0.3768711599805257828 ),
 .UNSPECIFIED. ) ;
#5193 = CARTESIAN_POINT ( 'NONE',  ( 11.08283655869326445, 110.9999999999999858, -77.78106684041034669 ) ) ;
#5194 = CARTESIAN_POINT ( 'NONE',  ( 1.264283200125452478, 105.4999999999999858, -57.96142500677489551 ) ) ;
#5195 = CARTESIAN_POINT ( 'NONE',  ( 9.614995609776064711, 110.9999999999999858, -61.63377218854790129 ) ) ;
#5196 = EDGE_LOOP ( 'NONE', ( #6936, #4544, #3058, #4951 ) ) ;
#5197 = CARTESIAN_POINT ( 'NONE',  ( 10.43349690025587329, 110.9999999999999858, -59.38948389535260475 ) ) ;
#5198 = ORIENTED_EDGE ( 'NONE', *, *, #4022, .F. ) ;
#5199 = EDGE_CURVE ( 'NONE', #1028, #83, #4133, .T. ) ;
#5200 = CARTESIAN_POINT ( 'NONE',  ( -14.10525394429809509, 105.4999999999999858, -72.20999043556017227 ) ) ;
#5201 = CARTESIAN_POINT ( 'NONE',  ( -14.09382379057604950, 105.4999999999999858, -72.21007334604077244 ) ) ;
#5202 = CARTESIAN_POINT ( 'NONE',  ( 7.773303275923859168, 110.9999999999999858, -81.78906309002609021 ) ) ;
#5203 = AXIS2_PLACEMENT_3D ( 'NONE', #4034, #2360, #6614 ) ;
#5204 = CARTESIAN_POINT ( 'NONE',  ( -2.867712144228191651, 105.4999999999999858, -55.27061223108047017 ) ) ;
#5205 = CARTESIAN_POINT ( 'NONE',  ( 6.283281050849531368, 105.4999999999999858, -87.76757962723074513 ) ) ;
#5206 = CARTESIAN_POINT ( 'NONE',  ( -4.574970340463472951, 105.4999999999999858, -57.07337604153263300 ) ) ;
#5207 = VERTEX_POINT ( 'NONE', #3499 ) ;
#5208 = CARTESIAN_POINT ( 'NONE',  ( 6.786292180980747268, 105.4999999999999858, -82.99158243544906099 ) ) ;
#5209 = EDGE_LOOP ( 'NONE', ( #1376, #5699, #6736, #6272 ) ) ;
#5210 = DIRECTION ( 'NONE',  ( -0.000000000000000000, -1.000000000000000000, 0.000000000000000000 ) ) ;
#5211 = AXIS2_PLACEMENT_3D ( 'NONE', #5121, #1285, #5158 ) ;
#5212 = CARTESIAN_POINT ( 'NONE',  ( -0.5000000000000108802, 105.9999999999999858, -80.48074069840785683 ) ) ;
#5213 = EDGE_CURVE ( 'NONE', #5268, #6187, #5114, .T. ) ;
#5214 = CARTESIAN_POINT ( 'NONE',  ( -2.889916630972835687, 111.0000000000000000, -55.24743655836578426 ) ) ;
#5215 = CARTESIAN_POINT ( 'NONE',  ( -9.274493938821287031, 110.9999999999999858, -82.61431872657358610 ) ) ;
#5216 = B_SPLINE_CURVE_WITH_KNOTS ( 'NONE', 3,
 ( #2096, #3764, #158, #2704 ),
 .UNSPECIFIED., .F., .F.,
 ( 4, 4 ),
 ( 0.000000000000000000, 1.000000000000000000 ),
 .UNSPECIFIED. ) ;
#5217 = CARTESIAN_POINT ( 'NONE',  ( 10.00592381997331515, 105.4999999999999858, -83.13307421528227792 ) ) ;
#5218 = AXIS2_PLACEMENT_3D ( 'NONE', #642, #104, #2860 ) ;
#5219 = CARTESIAN_POINT ( 'NONE',  ( -13.00006026592829222, 110.9999999999999858, -66.44075070744202094 ) ) ;
#5220 = VECTOR ( 'NONE', #523, 1000.000000000000000 ) ;
#5221 = EDGE_CURVE ( 'NONE', #1390, #6076, #5677, .T. ) ;
#5222 = CARTESIAN_POINT ( 'NONE',  ( 1.684686988164343147, 110.9999999999999858, -86.19773585460634990 ) ) ;
#5223 = ORIENTED_EDGE ( 'NONE', *, *, #1557, .F. ) ;
#5224 = AXIS2_PLACEMENT_3D ( 'NONE', #6394, #1576, #4330 ) ;
#5225 = ORIENTED_EDGE ( 'NONE', *, *, #1879, .T. ) ;
#5226 = EDGE_CURVE ( 'NONE', #4598, #1850, #5958, .T. ) ;
#5227 = CARTESIAN_POINT ( 'NONE',  ( -10.51348398793992800, 110.9999999999999858, -58.67472917722295023 ) ) ;
#5228 = CARTESIAN_POINT ( 'NONE',  ( -4.567410863137911115, 110.9999999999999858, -58.61920863245136104 ) ) ;
#5229 = AXIS2_PLACEMENT_3D ( 'NONE', #5609, #2467, #6648 ) ;
#5230 = VECTOR ( 'NONE', #108, 1000.000000000000000 ) ;
#5231 = CARTESIAN_POINT ( 'NONE',  ( 13.63203177546464318, 110.9999999999999858, -62.94181675688682986 ) ) ;
#5232 = CARTESIAN_POINT ( 'NONE',  ( 0.000000000000000000, 105.4999999999999858, -71.99999999999998579 ) ) ;
#5233 = ADVANCED_FACE ( 'NONE', ( #1315 ), #5938, .F. ) ;
#5234 = FACE_OUTER_BOUND ( 'NONE', #14, .T. ) ;
#5235 = EDGE_LOOP ( 'NONE', ( #12, #4122, #281, #5797, #3109 ) ) ;
#5236 = CARTESIAN_POINT ( 'NONE',  ( -13.94700302802691638, 110.9999999999999858, -62.93182237399975776 ) ) ;
#5237 = VERTEX_POINT ( 'NONE', #5608 ) ;
#5238 = VECTOR ( 'NONE', #5128, 1000.000000000000000 ) ;
#5239 = DIRECTION ( 'NONE',  ( -2.775557561562891351E-16, -0.000000000000000000, 1.000000000000000000 ) ) ;
#5240 = AXIS2_PLACEMENT_3D ( 'NONE', #1374, #5669, #845 ) ;
#5241 = DIRECTION ( 'NONE',  ( 0.000000000000000000, -1.000000000000000000, 0.000000000000000000 ) ) ;
#5242 = CARTESIAN_POINT ( 'NONE',  ( -1.269920715294336588, 105.4999999999999858, -57.91830546447612704 ) ) ;
#5243 = DIRECTION ( 'NONE',  ( 0.000000000000000000, 1.000000000000000000, -0.000000000000000000 ) ) ;
#5244 = CARTESIAN_POINT ( 'NONE',  ( -11.28796086975797586, 105.4999999999999858, -63.53925392064403610 ) ) ;
#5245 = CARTESIAN_POINT ( 'NONE',  ( 9.348592654702216009, 105.4999999999999858, -82.68747375312501902 ) ) ;
#5246 = ORIENTED_EDGE ( 'NONE', *, *, #8, .F. ) ;
#5247 = ORIENTED_EDGE ( 'NONE', *, *, #4884, .F. ) ;
#5248 = CARTESIAN_POINT ( 'NONE',  ( 9.274493938803244575, 105.4999999999999858, -82.61431872660638476 ) ) ;
#5249 = CARTESIAN_POINT ( 'NONE',  ( 1.625629393373777987, 105.4999999999999858, -85.41681779971440847 ) ) ;
#5250 = CARTESIAN_POINT ( 'NONE',  ( -7.653155418720497316, 110.9999999999999858, -58.88337933063986185 ) ) ;
#5251 = CARTESIAN_POINT ( 'NONE',  ( -10.50186873631333029, 105.4999999999999858, -58.82263912892114632 ) ) ;
#5252 = ADVANCED_FACE ( 'NONE', ( #2284 ), #245, .T. ) ;
#5253 = DIRECTION ( 'NONE',  ( 0.000000000000000000, 1.000000000000000000, 0.000000000000000000 ) ) ;
#5254 = CARTESIAN_POINT ( 'NONE',  ( 12.18490139586756271, 110.9999999999999858, -83.85445814758887195 ) ) ;
#5255 = B_SPLINE_CURVE_WITH_KNOTS ( 'NONE', 3,
 ( #6045, #1252, #2266, #5623 ),
 .UNSPECIFIED., .F., .F.,
 ( 4, 4 ),
 ( 0.000000000000000000, 1.000000000000000000 ),
 .UNSPECIFIED. ) ;
#5256 = DIRECTION ( 'NONE',  ( 0.9864970560672765565, 0.000000000000000000, -0.1637789924581190271 ) ) ;
#5257 = B_SPLINE_CURVE_WITH_KNOTS ( 'NONE', 3,
 ( #4465, #5014, #1214, #4864 ),
 .UNSPECIFIED., .F., .F.,
 ( 4, 4 ),
 ( 0.000000000000000000, 1.000000000000000000 ),
 .UNSPECIFIED. ) ;
#5258 = DIRECTION ( 'NONE',  ( 0.000000000000000000, 0.000000000000000000, -1.000000000000000000 ) ) ;
#5259 = VERTEX_POINT ( 'NONE', #3929 ) ;
#5260 = ORIENTED_EDGE ( 'NONE', *, *, #5270, .T. ) ;
#5261 = ADVANCED_FACE ( 'NONE', ( #706 ), #2858, .T. ) ;
#5262 = CARTESIAN_POINT ( 'NONE',  ( -13.84473902396756984, 110.9999999999999858, -65.75982956924173095 ) ) ;
#5263 = B_SPLINE_CURVE_WITH_KNOTS ( 'NONE', 4,
 ( #921, #5287, #5184, #4243, #4701, #4757, #327, #4144, #6887, #6273, #4205, #3046, #3577, #458, #4667, #1453, #1519, #6789 ),
 .UNSPECIFIED., .F., .F.,
 ( 5, 1, 1, 1, 1, 1, 1, 1, 1, 1, 1, 1, 1, 1, 5 ),
 ( 0.000000000000000000, 0.005376748248313690560, 0.01508368771682262396, 0.02853181967683027578, 0.04661013893542635678, 0.06485484867701551970, 0.09211052469974630175, 0.1194761750471190626, 0.1468424950126881179, 0.1742088532605756135, 0.2015749551777806514, 0.2289410129491928625, 0.2563073451819962711, 0.3070350317425281084, 0.3109028949709441436 ),
 .UNSPECIFIED. ) ;
#5264 = CARTESIAN_POINT ( 'NONE',  ( -7.560642406434548768, 111.0000000000000142, -86.81848255802552217 ) ) ;
#5265 = DIRECTION ( 'NONE',  ( 1.224646799147352468E-16, 0.000000000000000000, -1.000000000000000000 ) ) ;
#5266 = ORIENTED_EDGE ( 'NONE', *, *, #1501, .T. ) ;
#5267 = DIRECTION ( 'NONE',  ( -0.000000000000000000, 1.000000000000000000, 0.000000000000000000 ) ) ;
#5268 = VERTEX_POINT ( 'NONE', #5038 ) ;
#5269 = CARTESIAN_POINT ( 'NONE',  ( 13.06318720347042905, 105.4999999999999858, -82.87902293806932619 ) ) ;
#5270 = EDGE_CURVE ( 'NONE', #498, #6012, #2018, .T. ) ;
#5271 = CARTESIAN_POINT ( 'NONE',  ( -12.43211974916862061, 110.9999999999999858, -66.69942745193246481 ) ) ;
#5272 = DIRECTION ( 'NONE',  ( 0.000000000000000000, 1.000000000000000000, -0.000000000000000000 ) ) ;
#5273 = CARTESIAN_POINT ( 'NONE',  ( -14.23401782766437762, 105.4999999999999858, -68.83883676622529890 ) ) ;
#5274 = FACE_OUTER_BOUND ( 'NONE', #1560, .T. ) ;
#5275 = VERTEX_POINT ( 'NONE', #5278 ) ;
#5276 = CARTESIAN_POINT ( 'NONE',  ( -4.379618764922207141, 105.4999999999999858, -59.21435921555211479 ) ) ;
#5277 = VERTEX_POINT ( 'NONE', #3532 ) ;
#5278 = CARTESIAN_POINT ( 'NONE',  ( 23.81569860407268990, 112.4999999999999858, -45.74999999999934630 ) ) ;
#5279 = CARTESIAN_POINT ( 'NONE',  ( 0.000000000000000000, 105.4999999999999858, -71.99999999999998579 ) ) ;
#5280 = EDGE_CURVE ( 'NONE', #6695, #913, #2067, .T. ) ;
#5281 = CARTESIAN_POINT ( 'NONE',  ( 23.81569860407268990, 110.9999999999999858, -47.24999999999934630 ) ) ;
#5282 = B_SPLINE_CURVE_WITH_KNOTS ( 'NONE', 4,
 ( #194, #4468, #1746, #2263, #1705, #5018, #1782, #2913, #6001, #1180, #1289, #653, #2341, #5589, #5051, #4909, #3909, #6597, #3944 ),
 .UNSPECIFIED., .F., .F.,
 ( 5, 1, 1, 1, 1, 1, 1, 1, 1, 1, 1, 1, 1, 1, 1, 5 ),
 ( 0.000000000000000000, 0.01510380894618329473, 0.06983612823799767444, 0.1205638147985295117, 0.1479301470313329203, 0.1752962048027451036, 0.2026623067199501693, 0.2300286649678376372, 0.2573949849334067341, 0.2847606352807794949, 0.3120163113035102631, 0.3302610210450994122, 0.3483393403036955105, 0.3617874722637031693, 0.3714944117322120931, 0.3768711599805257828 ),
 .UNSPECIFIED. ) ;
#5283 = LINE ( 'NONE', #6884, #2053 ) ;
#5284 = CARTESIAN_POINT ( 'NONE',  ( -1.728907054294832601, 105.4999999999999858, -84.80154390683993881 ) ) ;
#5285 = CARTESIAN_POINT ( 'NONE',  ( 4.638563182662428730, 105.4999999999999858, -57.76807867592917489 ) ) ;
#5286 = VERTEX_POINT ( 'NONE', #2497 ) ;
#5287 = CARTESIAN_POINT ( 'NONE',  ( -1.265560432783495504, 110.9999999999999858, -57.95006613512011739 ) ) ;
#5288 = CARTESIAN_POINT ( 'NONE',  ( 13.84067976986820980, 105.4999999999999858, -74.72724555625711673 ) ) ;
#5289 = CARTESIAN_POINT ( 'NONE',  ( -9.651732629709796285, 105.4999999999999858, -61.58547470637657284 ) ) ;
#5290 = ORIENTED_EDGE ( 'NONE', *, *, #6698, .F. ) ;
#5291 = ORIENTED_EDGE ( 'NONE', *, *, #3085, .T. ) ;
#5292 = CARTESIAN_POINT ( 'NONE',  ( -13.68018328361292113, 105.4999999999999858, -65.92411008159854191 ) ) ;
#5293 = EDGE_CURVE ( 'NONE', #2810, #4781, #2599, .T. ) ;
#5294 = CARTESIAN_POINT ( 'NONE',  ( 14.20291810990396542, 110.9999999999999858, -62.93307088123231807 ) ) ;
#5295 = CARTESIAN_POINT ( 'NONE',  ( 10.43349690025587329, 105.4999999999999858, -59.38948389535260475 ) ) ;
#5296 = ORIENTED_EDGE ( 'NONE', *, *, #6849, .T. ) ;
#5297 = CARTESIAN_POINT ( 'NONE',  ( 14.38331250274789852, 105.4999999999999858, -62.93797365661252030 ) ) ;
#5298 = EDGE_LOOP ( 'NONE', ( #2205, #5296, #2962, #2100, #5345 ) ) ;
#5299 = CARTESIAN_POINT ( 'NONE',  ( 12.82737368563496538, 110.9999999999999858, -82.16570009011546460 ) ) ;
#5300 = CARTESIAN_POINT ( 'NONE',  ( -11.71203505488408325, 110.9999999999999858, -67.63213612011928433 ) ) ;
#5301 = CARTESIAN_POINT ( 'NONE',  ( 7.532650328419581598, 105.4999999999999858, -87.07286520576479916 ) ) ;
#5302 = DIRECTION ( 'NONE',  ( 0.000000000000000000, 1.000000000000000000, -0.000000000000000000 ) ) ;
#5303 = CARTESIAN_POINT ( 'NONE',  ( -10.54796902411511361, 110.9999999999999858, -78.70748458561834582 ) ) ;
#5304 = VERTEX_POINT ( 'NONE', #1511 ) ;
#5305 = CARTESIAN_POINT ( 'NONE',  ( -5.445672500546963946, 105.4999999999999858, -87.11991763056408900 ) ) ;
#5306 = ORIENTED_EDGE ( 'NONE', *, *, #430, .T. ) ;
#5307 = CARTESIAN_POINT ( 'NONE',  ( 4.314488465872224232, 110.9999999999999858, -55.93339089296253519 ) ) ;
#5308 = ADVANCED_FACE ( 'NONE', ( #6818 ), #3298, .F. ) ;
#5309 = CARTESIAN_POINT ( 'NONE',  ( 4.638563182662428730, 111.0000000000000142, -57.76807867592917489 ) ) ;
#5310 = CARTESIAN_POINT ( 'NONE',  ( -23.81569860407218542, 110.9999999999999858, -47.74999999999938183 ) ) ;
#5311 = VECTOR ( 'NONE', #4338, 1000.000000000000000 ) ;
#5312 = CARTESIAN_POINT ( 'NONE',  ( -9.774786521353702184, 105.4999999999999858, -61.39651434788206785 ) ) ;
#5313 = CARTESIAN_POINT ( 'NONE',  ( 4.758816829677870786, 110.9999999999999858, -86.42117152066886376 ) ) ;
#5314 = CARTESIAN_POINT ( 'NONE',  ( 8.769185662245455148, 105.4999999999999858, -58.18029100110415186 ) ) ;
#5315 = UNCERTAINTY_MEASURE_WITH_UNIT (LENGTH_MEASURE( 1.000000000000000082E-05 ), #6730, 'distance_accuracy_value', 'NONE');
#5316 = ORIENTED_EDGE ( 'NONE', *, *, #4439, .F. ) ;
#5317 = CARTESIAN_POINT ( 'NONE',  ( 16.96286969065821992, 105.4999999999999858, -70.87703434705181849 ) ) ;
#5318 = EDGE_CURVE ( 'NONE', #3231, #3895, #6786, .T. ) ;
#5319 = AXIS2_PLACEMENT_3D ( 'NONE', #4568, #6694, #5013 ) ;
#5320 = DIRECTION ( 'NONE',  ( 0.000000000000000000, 0.000000000000000000, 1.000000000000000000 ) ) ;
#5321 = CARTESIAN_POINT ( 'NONE',  ( 0.000000000000000000, 105.4999999999999858, -71.99999999999998579 ) ) ;
#5322 = VECTOR ( 'NONE', #3525, 1000.000000000000000 ) ;
#5323 = CARTESIAN_POINT ( 'NONE',  ( 0.000000000000000000, 110.9999999999999858, -71.99999999999998579 ) ) ;
#5324 = ORIENTED_EDGE ( 'NONE', *, *, #86, .T. ) ;
#5325 = ORIENTED_EDGE ( 'NONE', *, *, #5626, .T. ) ;
#5326 = VECTOR ( 'NONE', #2677, 1000.000000000000000 ) ;
#5327 = CARTESIAN_POINT ( 'NONE',  ( -9.638698607692782971, 105.4999999999999858, -64.04101205239877004 ) ) ;
#5328 = EDGE_CURVE ( 'NONE', #5706, #5268, #2072, .T. ) ;
#5329 = AXIS2_PLACEMENT_3D ( 'NONE', #2206, #6949, #1547 ) ;
#5330 = CARTESIAN_POINT ( 'NONE',  ( 14.35123191981367974, 110.9999999999999858, -62.93698005912249016 ) ) ;
#5331 = CARTESIAN_POINT ( 'NONE',  ( 10.25064829472423611, 105.4999999999999858, -60.22465856326351741 ) ) ;
#5332 = VERTEX_POINT ( 'NONE', #6197 ) ;
#5333 = CARTESIAN_POINT ( 'NONE',  ( 15.02952432530197235, 110.9999999999999858, -75.35972525181995252 ) ) ;
#5334 = CARTESIAN_POINT ( 'NONE',  ( 11.76577261403858188, 105.4999999999999858, -80.33948165700053323 ) ) ;
#5335 = AXIS2_PLACEMENT_3D ( 'NONE', #3174, #4787, #2598 ) ;
#5336 = CARTESIAN_POINT ( 'NONE',  ( 7.472574093555586217, 105.4999999999999858, -59.02986162795101421 ) ) ;
#5337 = CIRCLE ( 'NONE', #2643, 12.49999999999999822 ) ;
#5338 = CARTESIAN_POINT ( 'NONE',  ( 13.52259278332552661, 105.4999999999999858, -66.06754691278540292 ) ) ;
#5339 = CARTESIAN_POINT ( 'NONE',  ( 0.000000000000000000, 114.9999999999999858, -99.49999999999997158 ) ) ;
#5340 = DIRECTION ( 'NONE',  ( 0.000000000000000000, 1.000000000000000000, -0.000000000000000000 ) ) ;
#5341 = CIRCLE ( 'NONE', #505, 12.50000000000007283 ) ;
#5342 = ORIENTED_EDGE ( 'NONE', *, *, #2295, .F. ) ;
#5343 = CARTESIAN_POINT ( 'NONE',  ( 11.99366533462113260, 105.4999999999999858, -80.61431988356720524 ) ) ;
#5345 = ORIENTED_EDGE ( 'NONE', *, *, #1353, .T. ) ;
#5344 = CIRCLE ( 'NONE', #4021, 26.49999999999996092 ) ;
#5346 = CARTESIAN_POINT ( 'NONE',  ( 4.184669618658158008, 110.9999999999999858, -55.55054018371097158 ) ) ;
#5347 = EDGE_CURVE ( 'NONE', #4803, #2713, #6747, .T. ) ;
#5348 = CARTESIAN_POINT ( 'NONE',  ( 4.639708894498477676, 111.0000000000000142, -57.98116921458992579 ) ) ;
#5349 = CARTESIAN_POINT ( 'NONE',  ( 10.80649035581483375, 105.4999999999999858, -63.88375474836566070 ) ) ;
#5350 = CARTESIAN_POINT ( 'NONE',  ( 15.81706902147136518, 105.4999999999999858, -69.15613191088834810 ) ) ;
#5351 = CARTESIAN_POINT ( 'NONE',  ( 12.80037986486779289, 105.4999999999999858, -77.92895944762754823 ) ) ;
#5352 = CARTESIAN_POINT ( 'NONE',  ( 8.031390678594885202, 105.4999999999999858, -58.61227352455272666 ) ) ;
#5353 = CARTESIAN_POINT ( 'NONE',  ( -14.19777028869097002, 110.9999999999999858, -72.20395753599943589 ) ) ;
#5354 = CARTESIAN_POINT ( 'NONE',  ( -7.228840749649124042, 105.4999999999999858, -84.10057276607585663 ) ) ;
#5355 = DIRECTION ( 'NONE',  ( 0.000000000000000000, 1.000000000000000000, 0.000000000000000000 ) ) ;
#5356 = CARTESIAN_POINT ( 'NONE',  ( 13.82951663048718594, 110.9999999999999858, -74.72478799498279045 ) ) ;
#5357 = ADVANCED_FACE ( 'NONE', ( #5674 ), #429, .F. ) ;
#5358 = CARTESIAN_POINT ( 'NONE',  ( -9.586723778983101241, 105.4999999999999858, -61.66681428425850697 ) ) ;
#5359 = CARTESIAN_POINT ( 'NONE',  ( -14.36663973143969919, 110.9999999999999858, -78.11016523840640957 ) ) ;
#5360 = ORIENTED_EDGE ( 'NONE', *, *, #1381, .T. ) ;
#5361 = CARTESIAN_POINT ( 'NONE',  ( -4.235701275212803374, 105.4999999999999858, -85.65550102896506246 ) ) ;
#5362 = EDGE_LOOP ( 'NONE', ( #876, #6217, #6450, #1097 ) ) ;
#5363 = CARTESIAN_POINT ( 'NONE',  ( -9.940557158829474105, 110.9999999999999858, -61.08030043511457308 ) ) ;
#5364 = CARTESIAN_POINT ( 'NONE',  ( -7.578415887377865090, 105.4999999999999858, -85.64925159310188008 ) ) ;
#5365 = CARTESIAN_POINT ( 'NONE',  ( 10.37139652093831543, 105.4999999999999858, -59.72395045855950713 ) ) ;
#5366 = ORIENTED_EDGE ( 'NONE', *, *, #1808, .F. ) ;
#5367 = CARTESIAN_POINT ( 'NONE',  ( 14.83960264432860043, 110.9999999999999858, -75.22532463561671534 ) ) ;
#5368 = CARTESIAN_POINT ( 'NONE',  ( 13.05421872552177120, 105.4999999999999858, -82.84820545211320564 ) ) ;
#5369 = CARTESIAN_POINT ( 'NONE',  ( 6.887671465245843727, 105.4999999999999858, -59.65225520990117758 ) ) ;
#5370 = CARTESIAN_POINT ( 'NONE',  ( 13.05326555943409339, 105.4999999999999858, -66.41157105420670348 ) ) ;
#5371 = CARTESIAN_POINT ( 'NONE',  ( -14.83960264434360532, 110.9999999999999858, -75.22532463559350902 ) ) ;
#5372 = ORIENTED_EDGE ( 'NONE', *, *, #4342, .F. ) ;
#5373 = B_SPLINE_SURFACE_WITH_KNOTS ( 'NONE', 4, 1, ( 
 ( #6054, #666 ),
 ( #1825, #2812 ),
 ( #6573, #3384 ),
 ( #5521, #698 ),
 ( #169, #4479 ),
 ( #1556, #4244 ),
 ( #6754, #2045 ),
 ( #2014, #2544 ),
 ( #922, #3015 ),
 ( #1521, #6373 ),
 ( #5185, #4207 ),
 ( #4759, #1981 ),
 ( #5818, #4145 ),
 ( #994, #3149 ),
 ( #4702, #1455 ),
 ( #328, #4174 ),
 ( #394, #4105 ),
 ( #5288, #6825 ),
 ( #6889, #6790 ) ),
 .UNSPECIFIED., .F., .F., .F.,
 ( 5, 1, 1, 1, 1, 1, 1, 1, 1, 1, 1, 1, 1, 1, 1, 5 ),
 ( 2, 2 ),
 ( 0.000000000000000000, 0.01510380894618329473, 0.06983612823799767444, 0.1205638147985295117, 0.1479301470313329203, 0.1752962048027451036, 0.2026623067199501693, 0.2300286649678376649, 0.2573949849334067341, 0.2847606352807794949, 0.3120163113035102631, 0.3302610210450994122, 0.3483393403036955105, 0.3617874722637031693, 0.3714944117322120931, 0.3768711599805257828 ),
 ( 0.000000000000000000, 1.000000000000000000 ),
 .UNSPECIFIED. ) ;
#5374 = CARTESIAN_POINT ( 'NONE',  ( -4.758816829699381579, 110.9999999999999858, -86.42117152065148389 ) ) ;
#5375 = ORIENTED_EDGE ( 'NONE', *, *, #2934, .F. ) ;
#5376 = CARTESIAN_POINT ( 'NONE',  ( 4.626588252298978077, 110.9999999999999858, -57.53586481013586962 ) ) ;
#5377 = DIRECTION ( 'NONE',  ( -0.9928535775496396543, 0.000000000000000000, -0.1193389020683599672 ) ) ;
#5378 = DIRECTION ( 'NONE',  ( -0.9928535775496396543, 0.000000000000000000, -0.1193389020683599672 ) ) ;
#5379 = CARTESIAN_POINT ( 'NONE',  ( -10.18434364176935958, 105.4999999999999858, -60.44779242746597703 ) ) ;
#5380 = EDGE_CURVE ( 'NONE', #5259, #91, #4370, .T. ) ;
#5381 = DIRECTION ( 'NONE',  ( -0.9928535775496396543, 0.000000000000000000, -0.1193389020683599394 ) ) ;
#5382 = CARTESIAN_POINT ( 'NONE',  ( -16.61350354400137519, 110.9999999999999858, -71.13846711388281108 ) ) ;
#5383 = LINE ( 'NONE', #1157, #3284 ) ;
#5384 = ORIENTED_EDGE ( 'NONE', *, *, #3597, .F. ) ;
#5385 = CYLINDRICAL_SURFACE ( 'NONE', #2059, 12.50000000000000178 ) ;
#5386 = CARTESIAN_POINT ( 'NONE',  ( -13.05421872552867946, 105.4999999999999858, -82.84820545210513387 ) ) ;
#5387 = CARTESIAN_POINT ( 'NONE',  ( -10.02618222935367953, 105.4999999999999858, -60.88516653846906479 ) ) ;
#5388 = CARTESIAN_POINT ( 'NONE',  ( -14.59881447386568709, 110.9999999999999858, -78.09635856049608549 ) ) ;
#5389 = ORIENTED_EDGE ( 'NONE', *, *, #5190, .T. ) ;
#5390 = CARTESIAN_POINT ( 'NONE',  ( -5.953221396547274225, 105.4999999999999858, -87.53415250099274658 ) ) ;
#5391 = ORIENTED_EDGE ( 'NONE', *, *, #3754, .T. ) ;
#5392 = CARTESIAN_POINT ( 'NONE',  ( 15.64886569486494849, 110.9999999999999858, -77.94386808354103380 ) ) ;
#5393 = EDGE_CURVE ( 'NONE', #4681, #983, #1591, .T. ) ;
#5394 = LINE ( 'NONE', #4940, #6216 ) ;
#5395 = CARTESIAN_POINT ( 'NONE',  ( 9.708160154912828688, 105.4999999999999858, -61.50402457835247816 ) ) ;
#5396 = ORIENTED_EDGE ( 'NONE', *, *, #2718, .F. ) ;
#5397 = CARTESIAN_POINT ( 'NONE',  ( 7.404998299504094383, 110.9999999999999858, -84.56050224683832539 ) ) ;
#5398 = CARTESIAN_POINT ( 'NONE',  ( 11.87361907958854168, 105.4999999999999858, -80.46270562298605000 ) ) ;
#5399 = FACE_OUTER_BOUND ( 'NONE', #5757, .T. ) ;
#5400 = CARTESIAN_POINT ( 'NONE',  ( 23.81569860407268990, 114.9999999999999858, -68.74999999999948841 ) ) ;
#5401 = CYLINDRICAL_SURFACE ( 'NONE', #3111, 12.49999999999999645 ) ;
#5402 = CARTESIAN_POINT ( 'NONE',  ( -4.581327445095324968, 110.9999999999999858, -58.56014439483282530 ) ) ;
#5403 = ORIENTED_EDGE ( 'NONE', *, *, #1292, .F. ) ;
#5404 = CARTESIAN_POINT ( 'NONE',  ( -5.072420675102733867, 105.4999999999999858, -86.76499254684544837 ) ) ;
#5405 = ORIENTED_EDGE ( 'NONE', *, *, #3183, .F. ) ;
#5406 = DIRECTION ( 'NONE',  ( 0.000000000000000000, 1.000000000000000000, 0.000000000000000000 ) ) ;
#5407 = DIRECTION ( 'NONE',  ( 0.9928535775496396543, 0.000000000000000000, 0.1193389020683599672 ) ) ;
#5408 = CARTESIAN_POINT ( 'NONE',  ( 7.773303275923859168, 105.4999999999999858, -81.78906309002609021 ) ) ;
#5409 = CARTESIAN_POINT ( 'NONE',  ( -1.199407783317656850, 110.9999999999999858, -58.53838450390695414 ) ) ;
#5410 = PLANE ( 'NONE',  #2512 ) ;
#5411 = CARTESIAN_POINT ( 'NONE',  ( 0.000000000000000000, 110.9999999999999858, -71.99999999999998579 ) ) ;
#5412 = CARTESIAN_POINT ( 'NONE',  ( -14.76644926664480906, 110.9999999999999858, -72.08056842383929563 ) ) ;
#5413 = ADVANCED_FACE ( 'NONE', ( #3040 ), #3643, .F. ) ;
#5414 = CARTESIAN_POINT ( 'NONE',  ( -6.786292180993280354, 110.9999999999999858, -82.99158243545171842 ) ) ;
#5415 = ORIENTED_EDGE ( 'NONE', *, *, #5732, .T. ) ;
#5416 = CARTESIAN_POINT ( 'NONE',  ( 13.10508927637135024, 105.4999999999999858, -78.01971715044822986 ) ) ;
#5417 = B_SPLINE_CURVE_WITH_KNOTS ( 'NONE', 3,
 ( #3930, #3890, #28, #1657 ),
 .UNSPECIFIED., .F., .F.,
 ( 4, 4 ),
 ( 0.000000000000000000, 1.000000000000000000 ),
 .UNSPECIFIED. ) ;
#5418 = AXIS2_PLACEMENT_3D ( 'NONE', #4349, #406, #6481 ) ;
#5419 = EDGE_CURVE ( 'NONE', #848, #983, #2038, .T. ) ;
#5420 = CARTESIAN_POINT ( 'NONE',  ( -11.76577261406735353, 105.4999999999999858, -80.33948165698124910 ) ) ;
#5421 = CARTESIAN_POINT ( 'NONE',  ( -9.774786521353702184, 110.9999999999999858, -61.39651434788206785 ) ) ;
#5422 = DIRECTION ( 'NONE',  ( 0.000000000000000000, -1.000000000000000000, 0.000000000000000000 ) ) ;
#5423 = ORIENTED_EDGE ( 'NONE', *, *, #3710, .T. ) ;
#5424 = CYLINDRICAL_SURFACE ( 'NONE', #4339, 16.99999999999859668 ) ;
#5425 = AXIS2_PLACEMENT_3D ( 'NONE', #1773, #4491, #6202 ) ;
#5426 = VERTEX_POINT ( 'NONE', #1044 ) ;
#5427 = LINE ( 'NONE', #2758, #3763 ) ;
#5428 = EDGE_CURVE ( 'NONE', #5606, #5069, #5568, .T. ) ;
#5429 = AXIS2_PLACEMENT_3D ( 'NONE', #5618, #2942, #5081 ) ;
#5430 = B_SPLINE_SURFACE_WITH_KNOTS ( 'NONE', 3, 1, ( 
 ( #5890, #4800 ),
 ( #2612, #2087 ),
 ( #4214, #6380 ),
 ( #3689, #2716 ) ),
 .UNSPECIFIED., .F., .F., .F.,
 ( 4, 4 ),
 ( 2, 2 ),
 ( 0.000000000000000000, 1.000000000000000000 ),
 ( 0.000000000000000000, 1.000000000000000000 ),
 .UNSPECIFIED. ) ;
#5431 = ADVANCED_FACE ( 'NONE', ( #4294 ), #15, .T. ) ;
#5432 = CARTESIAN_POINT ( 'NONE',  ( 10.00592381997331515, 110.9999999999999858, -83.13307421528227792 ) ) ;
#5433 = CARTESIAN_POINT ( 'NONE',  ( -12.36363030734736768, 105.4999999999999858, -81.18232001381309715 ) ) ;
#5434 = CIRCLE ( 'NONE', #2736, 16.99999999999859668 ) ;
#5435 = VERTEX_POINT ( 'NONE', #2776 ) ;
#5436 = CARTESIAN_POINT ( 'NONE',  ( 15.21432071100120176, 110.9999999999999858, -75.50127144283504776 ) ) ;
#5437 = CARTESIAN_POINT ( 'NONE',  ( 5.568177290555306413, 105.4999999999999858, -60.80869079772413244 ) ) ;
#5438 = CARTESIAN_POINT ( 'NONE',  ( 9.052861137576730499, 105.4999999999999858, -58.04305032809239862 ) ) ;
#5439 = AXIS2_PLACEMENT_3D ( 'NONE', #6639, #3418, #3344 ) ;
#5440 = EDGE_CURVE ( 'NONE', #2650, #3199, #585, .T. ) ;
#5441 = CARTESIAN_POINT ( 'NONE',  ( 13.84473902398710266, 105.4999999999999858, -65.75982956926132772 ) ) ;
#5442 = CARTESIAN_POINT ( 'NONE',  ( 15.18590442083017322, 105.4999999999999858, -71.93048332296064018 ) ) ;
#5443 = CARTESIAN_POINT ( 'NONE',  ( -4.567410863137911115, 105.4999999999999858, -58.61920863245136104 ) ) ;
#5444 = ORIENTED_EDGE ( 'NONE', *, *, #3438, .T. ) ;
#5445 = CARTESIAN_POINT ( 'NONE',  ( -5.953221396547274225, 105.4999999999999858, -87.53415250099274658 ) ) ;
#5446 = ORIENTED_EDGE ( 'NONE', *, *, #5898, .T. ) ;
#5447 = AXIS2_PLACEMENT_3D ( 'NONE', #3877, #2352, #4953 ) ;
#5448 = CARTESIAN_POINT ( 'NONE',  ( 0.000000000000000000, 105.4999999999999858, -71.99999999999998579 ) ) ;
#5449 = CARTESIAN_POINT ( 'NONE',  ( 4.558475950897204143, 105.4999999999999858, -58.64999693552029925 ) ) ;
#5450 = CARTESIAN_POINT ( 'NONE',  ( -1.682128284694977438, 110.9999999999999858, -85.99465770516428620 ) ) ;
#5451 = EDGE_CURVE ( 'NONE', #1678, #5828, #4449, .T. ) ;
#5452 = CARTESIAN_POINT ( 'NONE',  ( 0.000000000000000000, 110.9999999999999858, -99.49999999999997158 ) ) ;
#5453 = CIRCLE ( 'NONE', #4775, 12.50000000000007283 ) ;
#5454 = CARTESIAN_POINT ( 'NONE',  ( -14.38331250274416107, 110.9999999999999858, -62.93797365660659437 ) ) ;
#5455 = CARTESIAN_POINT ( 'NONE',  ( -1.683240604810041452, 110.9999999999999858, -86.00603390981339658 ) ) ;
#5456 = DIRECTION ( 'NONE',  ( 0.000000000000000000, 0.000000000000000000, 1.000000000000000000 ) ) ;
#5457 = CIRCLE ( 'NONE', #1067, 26.50000000000002487 ) ;
#5458 = CYLINDRICAL_SURFACE ( 'NONE', #6315, 12.50000000000000178 ) ;
#5459 = CYLINDRICAL_SURFACE ( 'NONE', #2287, 12.50000000000000178 ) ;
#5460 = VECTOR ( 'NONE', #577, 1000.000000000000000 ) ;
#5461 = CARTESIAN_POINT ( 'NONE',  ( 0.5348675345779839718, 110.9999999999999858, -59.51144857397564181 ) ) ;
#5462 = VECTOR ( 'NONE', #5253, 1000.000000000000000 ) ;
#5463 = EDGE_CURVE ( 'NONE', #4916, #5672, #5129, .T. ) ;
#5464 = VECTOR ( 'NONE', #3815, 1000.000000000000000 ) ;
#5465 = CARTESIAN_POINT ( 'NONE',  ( -7.452998935136002423, 110.9999999999999858, -84.74783597668681523 ) ) ;
#5466 = B_SPLINE_CURVE_WITH_KNOTS ( 'NONE', 4,
 ( #428, #6238, #3578, #3716, #861, #1944, #3613, #4633, #5746, #1423, #5717, #895, #3047, #3642, #4730, #3080, #5219, #5781, #959 ),
 .UNSPECIFIED., .F., .F.,
 ( 5, 1, 1, 1, 1, 1, 1, 1, 1, 1, 1, 1, 1, 1, 1, 5 ),
 ( 0.000000000000000000, 0.01510380894618329473, 0.06983612823799767444, 0.1205638147985295117, 0.1479301470313329203, 0.1752962048027451036, 0.2026623067199501693, 0.2300286649678376372, 0.2573949849334067341, 0.2847606352807794949, 0.3120163113035102631, 0.3302610210450994122, 0.3483393403036955105, 0.3617874722637031693, 0.3714944117322120931, 0.3768711599805257828 ),
 .UNSPECIFIED. ) ;
#5467 = CARTESIAN_POINT ( 'NONE',  ( -13.17339452565020430, 110.9999999999999858, -68.98083662798711657 ) ) ;
#5468 = ORIENTED_EDGE ( 'NONE', *, *, #5534, .T. ) ;
#5469 = CARTESIAN_POINT ( 'NONE',  ( 1.675395922980865038, 110.9999999999999858, -86.32387545374231763 ) ) ;
#5470 = CARTESIAN_POINT ( 'NONE',  ( -4.155439442360330915, 110.9999999999999858, -85.46893918953527702 ) ) ;
#5471 = ORIENTED_EDGE ( 'NONE', *, *, #3014, .T. ) ;
#5472 = CARTESIAN_POINT ( 'NONE',  ( -7.313450331517389102, 105.4999999999999858, -59.17159559944894198 ) ) ;
#5473 = CARTESIAN_POINT ( 'NONE',  ( 0.6731895439051511776, 110.9999999999999858, -88.96004138859939303 ) ) ;
#5474 = CARTESIAN_POINT ( 'NONE',  ( 14.29605691402096745, 110.9999999999999858, -72.19139058581576762 ) ) ;
#5475 = EDGE_CURVE ( 'NONE', #1193, #1402, #4235, .T. ) ;
#5476 = CARTESIAN_POINT ( 'NONE',  ( -11.53481943208382887, 105.4999999999999858, -80.12097441725720159 ) ) ;
#5477 = ORIENTED_EDGE ( 'NONE', *, *, #1328, .T. ) ;
#5478 = CARTESIAN_POINT ( 'NONE',  ( -6.864983040936785130, 105.4999999999999858, -59.68935388785236285 ) ) ;
#5479 = CARTESIAN_POINT ( 'NONE',  ( -23.81569860407218542, 112.9999999999999858, -49.74999999999937472 ) ) ;
#5480 = LINE ( 'NONE', #2157, #5460 ) ;
#5481 = CARTESIAN_POINT ( 'NONE',  ( 13.00006026595376341, 105.4999999999999858, -66.44075070746899314 ) ) ;
#5482 = CARTESIAN_POINT ( 'NONE',  ( -15.32306896981205746, 111.0000000000000142, -69.01034888988048976 ) ) ;
#5483 = CARTESIAN_POINT ( 'NONE',  ( -9.820809144283440872, 110.9999999999999858, -83.02752116147927097 ) ) ;
#5484 = ORIENTED_EDGE ( 'NONE', *, *, #1394, .F. ) ;
#5485 = CARTESIAN_POINT ( 'NONE',  ( -4.155439442360330915, 105.4999999999999858, -85.46893918953527702 ) ) ;
#5486 = EDGE_LOOP ( 'NONE', ( #6623, #5360, #2592, #868, #2056 ) ) ;
#5487 = CARTESIAN_POINT ( 'NONE',  ( -2.889916630977483081, 110.9999999999999858, -55.24743655836657297 ) ) ;
#5488 = DIRECTION ( 'NONE',  ( -0.9928535775496396543, 0.000000000000000000, -0.1193389020683599672 ) ) ;
#5489 = CARTESIAN_POINT ( 'NONE',  ( -1.578216621895686345, 110.9999999999999858, -86.88533121124497427 ) ) ;
#5490 = CARTESIAN_POINT ( 'NONE',  ( 2.434413621927563831, 110.9999999999999858, -55.75883054443556119 ) ) ;
#5491 = CARTESIAN_POINT ( 'NONE',  ( 15.52760769214744663, 110.9999999999999858, -77.97027120650700738 ) ) ;
#5492 = CARTESIAN_POINT ( 'NONE',  ( 9.201369441165732965, 110.9999999999999858, -62.10108737272035739 ) ) ;
#5493 = CARTESIAN_POINT ( 'NONE',  ( -13.82951663050654290, 110.9999999999999858, -74.72478799495083024 ) ) ;
#5494 = ORIENTED_EDGE ( 'NONE', *, *, #2792, .T. ) ;
#5495 = CARTESIAN_POINT ( 'NONE',  ( 10.80649035581483375, 110.9999999999999858, -63.88375474836566070 ) ) ;
#5496 = EDGE_CURVE ( 'NONE', #5723, #6400, #1406, .T. ) ;
#5497 = B_SPLINE_SURFACE_WITH_KNOTS ( 'NONE', 3, 1, ( 
 ( #3145, #2674 ),
 ( #5284, #1552 ),
 ( #3208, #4888 ),
 ( #1050, #6953 ) ),
 .UNSPECIFIED., .F., .F., .F.,
 ( 4, 4 ),
 ( 2, 2 ),
 ( 0.000000000000000000, 1.000000000000000000 ),
 ( 0.000000000000000000, 1.000000000000000000 ),
 .UNSPECIFIED. ) ;
#5498 = DIRECTION ( 'NONE',  ( 0.000000000000000000, 1.000000000000000000, -0.000000000000000000 ) ) ;
#5499 = CARTESIAN_POINT ( 'NONE',  ( -10.00592381998683145, 105.4999999999999858, -83.13307421525584573 ) ) ;
#5500 = CARTESIAN_POINT ( 'NONE',  ( 14.63881925119657090, 105.4999999999999858, -68.87448821717605085 ) ) ;
#5501 = EDGE_LOOP ( 'NONE', ( #6236, #1324, #3997, #6637 ) ) ;
#5502 = CARTESIAN_POINT ( 'NONE',  ( 7.559952289157678251, 105.4999999999999858, -85.41720822668483493 ) ) ;
#5503 = B_SPLINE_CURVE_WITH_KNOTS ( 'NONE', 3,
 ( #2071, #6952, #3739, #1086 ),
 .UNSPECIFIED., .F., .F.,
 ( 4, 4 ),
 ( 0.000000000000000000, 1.000000000000000000 ),
 .UNSPECIFIED. ) ;
#5504 = EDGE_CURVE ( 'NONE', #4844, #5207, #4999, .T. ) ;
#5505 = ORIENTED_EDGE ( 'NONE', *, *, #4241, .T. ) ;
#5506 = DIRECTION ( 'NONE',  ( 0.000000000000000000, -1.000000000000000000, 0.000000000000000000 ) ) ;
#5507 = DIRECTION ( 'NONE',  ( 0.000000000000000000, 0.000000000000000000, 1.000000000000000000 ) ) ;
#5508 = CARTESIAN_POINT ( 'NONE',  ( 9.274493938803244575, 110.9999999999999858, -82.61431872660638476 ) ) ;
#5509 = ORIENTED_EDGE ( 'NONE', *, *, #2191, .T. ) ;
#5510 = FACE_OUTER_BOUND ( 'NONE', #3798, .T. ) ;
#5511 = CARTESIAN_POINT ( 'NONE',  ( 23.81569860407268990, 112.9999999999999858, -58.24999999999947420 ) ) ;
#5512 = EDGE_CURVE ( 'NONE', #2380, #2225, #610, .T. ) ;
#5513 = DIRECTION ( 'NONE',  ( 0.000000000000000000, 0.000000000000000000, 1.000000000000000000 ) ) ;
#5514 = CARTESIAN_POINT ( 'NONE',  ( 7.249624935047140006, 110.9999999999999858, -84.13877085687494173 ) ) ;
#5515 = CARTESIAN_POINT ( 'NONE',  ( 2.765565749361393433, 105.4999999999999858, -55.37821512089165310 ) ) ;
#5516 = CARTESIAN_POINT ( 'NONE',  ( -10.54796902411511361, 105.4999999999999858, -78.70748458561834582 ) ) ;
#5517 = EDGE_LOOP ( 'NONE', ( #4590, #2567, #5556, #2866 ) ) ;
#5518 = CARTESIAN_POINT ( 'NONE',  ( -15.09667704849458580, 110.9999999999999858, -68.95620347160195251 ) ) ;
#5519 = ORIENTED_EDGE ( 'NONE', *, *, #6922, .F. ) ;
#5520 = CARTESIAN_POINT ( 'NONE',  ( -16.06270153686323710, 105.4999999999999858, -71.49316918413724409 ) ) ;
#5521 = CARTESIAN_POINT ( 'NONE',  ( 16.07133587229840899, 105.4999999999999858, -76.29684793775415130 ) ) ;
#5522 = CARTESIAN_POINT ( 'NONE',  ( -0.5000000000000108802, 105.9999999999999858, -80.48074069840785683 ) ) ;
#5523 = DIRECTION ( 'NONE',  ( -0.6350852961085871051, 0.000000000000000000, 0.7724420150837655319 ) ) ;
#5524 = CARTESIAN_POINT ( 'NONE',  ( 15.21744136810653281, 110.9999999999999858, -78.02598143056046354 ) ) ;
#5525 = CARTESIAN_POINT ( 'NONE',  ( 9.586723779017560787, 105.4999999999999858, -61.66681428427300915 ) ) ;
#5526 = FACE_OUTER_BOUND ( 'NONE', #826, .T. ) ;
#5527 = DIRECTION ( 'NONE',  ( -0.9928535775496396543, 0.000000000000000000, -0.1193389020683599394 ) ) ;
#5528 = ORIENTED_EDGE ( 'NONE', *, *, #252, .T. ) ;
#5529 = EDGE_CURVE ( 'NONE', #2116, #1149, #3772, .T. ) ;
#5530 = CARTESIAN_POINT ( 'NONE',  ( 12.43211974918900431, 110.9999999999999858, -66.69942745194822464 ) ) ;
#5531 = FACE_OUTER_BOUND ( 'NONE', #3888, .T. ) ;
#5532 = CARTESIAN_POINT ( 'NONE',  ( -14.46051803876909503, 105.4999999999999858, -74.99130962390768218 ) ) ;
#5533 = CARTESIAN_POINT ( 'NONE',  ( 15.32306896980864863, 105.4999999999999858, -69.01034888990385241 ) ) ;
#5534 = EDGE_CURVE ( 'NONE', #2350, #6371, #6234, .T. ) ;
#5535 = ORIENTED_EDGE ( 'NONE', *, *, #2259, .T. ) ;
#5536 = CARTESIAN_POINT ( 'NONE',  ( 23.81569860407268990, 112.9999999999999858, -49.74999999999945999 ) ) ;
#5537 = CARTESIAN_POINT ( 'NONE',  ( 0.000000000000000000, 110.9999999999999858, -71.99999999999998579 ) ) ;
#5538 = EDGE_LOOP ( 'NONE', ( #6258, #4606, #4007 ) ) ;
#5539 = CARTESIAN_POINT ( 'NONE',  ( -12.97120147454641348, 110.9999999999999858, -66.45471216951833071 ) ) ;
#5540 = FACE_OUTER_BOUND ( 'NONE', #812, .T. ) ;
#5541 = VECTOR ( 'NONE', #5933, 1000.000000000000000 ) ;
#5542 = ADVANCED_FACE ( 'NONE', ( #5941 ), #1114, .T. ) ;
#5543 = B_SPLINE_CURVE_WITH_KNOTS ( 'NONE', 3,
 ( #2243, #1611, #1084, #3235 ),
 .UNSPECIFIED., .F., .F.,
 ( 4, 4 ),
 ( 0.000000000000000000, 1.000000000000000000 ),
 .UNSPECIFIED. ) ;
#5544 = CARTESIAN_POINT ( 'NONE',  ( 23.81569860407268990, 114.9999999999999858, -47.24999999999934630 ) ) ;
#5545 = FACE_OUTER_BOUND ( 'NONE', #5298, .T. ) ;
#5546 = ORIENTED_EDGE ( 'NONE', *, *, #3964, .F. ) ;
#5547 = CARTESIAN_POINT ( 'NONE',  ( -7.472574093536880291, 105.4999999999999858, -59.02986162792800684 ) ) ;
#5548 = AXIS2_PLACEMENT_3D ( 'NONE', #1102, #2299, #3369 ) ;
#5549 = CARTESIAN_POINT ( 'NONE',  ( -16.13777575158591304, 105.4999999999999858, -69.26958468639915623 ) ) ;
#5550 = CARTESIAN_POINT ( 'NONE',  ( -16.96286969065801387, 110.9999999999999858, -70.87703434704887684 ) ) ;
#5551 = EDGE_CURVE ( 'NONE', #2953, #6355, #2180, .T. ) ;
#5552 = AXIS2_PLACEMENT_3D ( 'NONE', #311, #1927, #4652 ) ;
#5553 = CARTESIAN_POINT ( 'NONE',  ( 7.588953712905743387, 110.9999999999999858, -85.88159764882477987 ) ) ;
#5554 = CARTESIAN_POINT ( 'NONE',  ( 1.339316662334558927, 105.4999999999999858, -57.64080119259077151 ) ) ;
#5555 = CARTESIAN_POINT ( 'NONE',  ( -9.348592654719615425, 105.4999999999999858, -82.68747375309285985 ) ) ;
#5556 = ORIENTED_EDGE ( 'NONE', *, *, #5213, .T. ) ;
#5557 = CARTESIAN_POINT ( 'NONE',  ( 15.40483625195309969, 110.9999999999999858, -77.99034810664953454 ) ) ;
#5558 = EDGE_LOOP ( 'NONE', ( #4375, #789 ) ) ;
#5559 = CARTESIAN_POINT ( 'NONE',  ( -14.38331250274416107, 105.4999999999999858, -62.93797365660659437 ) ) ;
#5560 = FACE_OUTER_BOUND ( 'NONE', #2043, .T. ) ;
#5561 = CIRCLE ( 'NONE', #1287, 2.000000000000001776 ) ;
#5562 = CARTESIAN_POINT ( 'NONE',  ( 23.81569860407268990, 114.9999999999999858, -58.24999999999947420 ) ) ;
#5563 = CARTESIAN_POINT ( 'NONE',  ( 16.82976034687748523, 112.4999999999999858, -49.75313783407850110 ) ) ;
#5564 = CARTESIAN_POINT ( 'NONE',  ( -7.773303275923877820, 105.4999999999999858, -81.78906309002607600 ) ) ;
#5565 = FACE_OUTER_BOUND ( 'NONE', #217, .T. ) ;
#5566 = DIRECTION ( 'NONE',  ( 0.000000000000000000, 1.000000000000000000, 0.000000000000000000 ) ) ;
#5567 = CARTESIAN_POINT ( 'NONE',  ( 0.000000000000000000, 105.4999999999999858, -71.99999999999998579 ) ) ;
#5568 = CIRCLE ( 'NONE', #6677, 24.99999999999996092 ) ;
#5569 = ORIENTED_EDGE ( 'NONE', *, *, #5833, .T. ) ;
#5570 = EDGE_CURVE ( 'NONE', #2977, #6284, #1174, .T. ) ;
#5571 = CARTESIAN_POINT ( 'NONE',  ( 8.769185662245455148, 110.9999999999999858, -58.18029100110415186 ) ) ;
#5572 = CIRCLE ( 'NONE', #6449, 16.99999999999860378 ) ;
#5573 = CARTESIAN_POINT ( 'NONE',  ( -16.96286969065801387, 110.9999999999999858, -70.87703434704887684 ) ) ;
#5574 = CIRCLE ( 'NONE', #2530, 26.49999999999995381 ) ;
#5575 = CARTESIAN_POINT ( 'NONE',  ( -15.85315169317280670, 105.4999999999999858, -76.06946622869288888 ) ) ;
#5576 = CIRCLE ( 'NONE', #4118, 12.50000000000000178 ) ;
#5577 = CARTESIAN_POINT ( 'NONE',  ( 13.78491443101818525, 105.4999999999999858, -68.85628345042366050 ) ) ;
#5578 = ORIENTED_EDGE ( 'NONE', *, *, #782, .T. ) ;
#5579 = LINE ( 'NONE', #6855, #6211 ) ;
#5580 = AXIS2_PLACEMENT_3D ( 'NONE', #6212, #1530, #6832 ) ;
#5581 = TOROIDAL_SURFACE ( 'NONE', #6142, 11.00000000000013145, 1.500000000000000000 ) ;
#5582 = LINE ( 'NONE', #3971, #3431 ) ;
#5583 = EDGE_CURVE ( 'NONE', #851, #6828, #5631, .T. ) ;
#5584 = CARTESIAN_POINT ( 'NONE',  ( -6.864983040936785130, 105.4999999999999858, -59.68935388785236285 ) ) ;
#5585 = ORIENTED_EDGE ( 'NONE', *, *, #1996, .T. ) ;
#5586 = FACE_OUTER_BOUND ( 'NONE', #2863, .T. ) ;
#5587 = DIRECTION ( 'NONE',  ( 0.9928535775496396543, 0.000000000000000000, 0.1193389020683599394 ) ) ;
#5588 = ORIENTED_EDGE ( 'NONE', *, *, #1481, .T. ) ;
#5589 = CARTESIAN_POINT ( 'NONE',  ( 1.675395922980865038, 105.4999999999999858, -86.32387545374231763 ) ) ;
#5590 = CARTESIAN_POINT ( 'NONE',  ( -16.82566797711224993, 105.4999999999999858, -69.57164724063171946 ) ) ;
#5591 = EDGE_CURVE ( 'NONE', #673, #3217, #2867, .T. ) ;
#5592 = CARTESIAN_POINT ( 'NONE',  ( 12.11798991030442174, 110.9999999999999858, -80.78738718320383327 ) ) ;
#5593 = CARTESIAN_POINT ( 'NONE',  ( 9.453951628364910320, 105.4999999999999858, -57.87120675328252872 ) ) ;
#5594 = CARTESIAN_POINT ( 'NONE',  ( -16.82566797711187334, 105.4999999999999858, -69.57164724062906203 ) ) ;
#5595 = CARTESIAN_POINT ( 'NONE',  ( -11.45083698048119913, 110.9999999999999858, -83.69449898198026006 ) ) ;
#5596 = EDGE_LOOP ( 'NONE', ( #6067, #4167, #3687, #6171 ) ) ;
#5597 = CARTESIAN_POINT ( 'NONE',  ( -7.249624935083526012, 105.4999999999999858, -84.13877085686812052 ) ) ;
#5598 = ORIENTED_EDGE ( 'NONE', *, *, #61, .T. ) ;
#5599 = PLANE ( 'NONE',  #5447 ) ;
#5600 = CARTESIAN_POINT ( 'NONE',  ( -0.6731895439051789332, 110.9999999999999858, -88.96004138859939303 ) ) ;
#5601 = CARTESIAN_POINT ( 'NONE',  ( -14.13393755131311202, 110.9999999999999858, -78.11605792223561195 ) ) ;
#5602 = CARTESIAN_POINT ( 'NONE',  ( 14.36663973143817863, 105.4999999999999858, -78.11016523842995696 ) ) ;
#5603 = DIRECTION ( 'NONE',  ( 0.000000000000000000, 1.000000000000000000, 0.000000000000000000 ) ) ;
#5604 = CARTESIAN_POINT ( 'NONE',  ( -13.84067976988754545, 105.4999999999999858, -74.72724555622524178 ) ) ;
#5605 = CARTESIAN_POINT ( 'NONE',  ( 5.568177290558131709, 110.9999999999999858, -60.80869079772553931 ) ) ;
#5606 = VERTEX_POINT ( 'NONE', #3458 ) ;
#5607 = B_SPLINE_SURFACE_WITH_KNOTS ( 'NONE', 4, 1, ( 
 ( #2816, #4959 ),
 ( #747, #5455 ),
 ( #3423, #2893 ),
 ( #130, #5032 ),
 ( #2247, #210 ),
 ( #2358, #6537 ),
 ( #4517, #1829 ),
 ( #4032, #5066 ),
 ( #3883, #2280 ),
 ( #6674, #1867 ),
 ( #6579, #636 ),
 ( #98, #6020 ),
 ( #2780, #6812 ),
 ( #3494, #2491 ),
 ( #809, #4062 ),
 ( #3035, #381 ),
 ( #882, #6709 ),
 ( #2000, #1373 ),
 ( #5767, #4132 ) ),
 .UNSPECIFIED., .F., .F., .F.,
 ( 5, 1, 1, 1, 1, 1, 1, 1, 1, 1, 1, 1, 1, 1, 1, 5 ),
 ( 2, 2 ),
 ( 0.000000000000000000, 0.005376748248313690560, 0.01508368771682262396, 0.02853181967683027578, 0.04661013893542635678, 0.06485484867701551970, 0.09211052469974630175, 0.1194761750471190764, 0.1468424950126881179, 0.1742088532605756135, 0.2015749551777806792, 0.2289410129491928625, 0.2563073451819962711, 0.3070350317425281084, 0.3617673510343424881, 0.3768711599805257828 ),
 ( 0.000000000000000000, 1.000000000000000000 ),
 .UNSPECIFIED. ) ;
#5608 = CARTESIAN_POINT ( 'NONE',  ( 6.453548254072660306, 105.4999999999999858, -71.22429713655564854 ) ) ;
#5609 = CARTESIAN_POINT ( 'NONE',  ( 9.714451465470119729E-14, 114.9999999999999858, -29.28342443435894182 ) ) ;
#5610 = EDGE_CURVE ( 'NONE', #2116, #4666, #39, .T. ) ;
#5611 = CARTESIAN_POINT ( 'NONE',  ( -7.513259550793238262, 110.9999999999999858, -87.21995791674343934 ) ) ;
#5612 = CARTESIAN_POINT ( 'NONE',  ( 14.96875636758210604, 110.9999999999999858, -72.01363018937458094 ) ) ;
#5613 = ORIENTED_EDGE ( 'NONE', *, *, #2448, .T. ) ;
#5614 = CARTESIAN_POINT ( 'NONE',  ( 7.532650328419581598, 105.4999999999999858, -87.07286520576479916 ) ) ;
#5615 = CARTESIAN_POINT ( 'NONE',  ( -8.769185662234145084, 110.9999999999999858, -58.18029100109241369 ) ) ;
#5616 = CARTESIAN_POINT ( 'NONE',  ( 23.81569860407268990, 112.9999999999999858, -58.24999999999947420 ) ) ;
#5617 = ORIENTED_EDGE ( 'NONE', *, *, #5504, .F. ) ;
#5618 = CARTESIAN_POINT ( 'NONE',  ( 23.81569860407268990, 112.9999999999999858, -47.74999999999946709 ) ) ;
#5619 = B_SPLINE_CURVE_WITH_KNOTS ( 'NONE', 4,
 ( #1686, #1581, #5847, #1020, #5314, #2109, #4269, #5352, #3994, #670, #1722, #4482, #1764, #4446, #6162, #1797, #6059, #702, #3306 ),
 .UNSPECIFIED., .F., .F.,
 ( 5, 1, 1, 1, 1, 1, 1, 1, 1, 1, 1, 1, 1, 1, 1, 5 ),
 ( 0.000000000000000000, 0.01510380894618329473, 0.06983612823799767444, 0.1205638147985295117, 0.1479301470313329203, 0.1752962048027451036, 0.2026623067199501693, 0.2300286649678376372, 0.2573949849334067341, 0.2847606352807794949, 0.3120163113035102631, 0.3302610210450994122, 0.3483393403036955105, 0.3617874722637031693, 0.3714944117322120931, 0.3768711599805257828 ),
 .UNSPECIFIED. ) ;
#5620 = EDGE_LOOP ( 'NONE', ( #4876, #2203, #3751, #6442 ) ) ;
#5621 = EDGE_CURVE ( 'NONE', #2420, #937, #6710, .T. ) ;
#5622 = CARTESIAN_POINT ( 'NONE',  ( 12.55347716098953370, 105.4999999999999858, -63.07898176321365469 ) ) ;
#5623 = CARTESIAN_POINT ( 'NONE',  ( -7.228840749649124042, 105.4999999999999858, -84.10057276607587085 ) ) ;
#5624 = CARTESIAN_POINT ( 'NONE',  ( -11.95091575812299567, 110.9999999999999858, -67.09650547638105422 ) ) ;
#5625 = DIRECTION ( 'NONE',  ( -0.9928535775496396543, 0.000000000000000000, -0.1193389020683603002 ) ) ;
#5626 = EDGE_CURVE ( 'NONE', #3060, #6596, #4009, .T. ) ;
#5627 = DIRECTION ( 'NONE',  ( 0.000000000000000000, 0.000000000000000000, 1.000000000000000000 ) ) ;
#5628 = ORIENTED_EDGE ( 'NONE', *, *, #971, .F. ) ;
#5629 = CARTESIAN_POINT ( 'NONE',  ( -14.23401782766437762, 110.9999999999999858, -68.83883676622529890 ) ) ;
#5630 = ORIENTED_EDGE ( 'NONE', *, *, #1716, .F. ) ;
#5631 = LINE ( 'NONE', #1301, #4329 ) ;
#5632 = CARTESIAN_POINT ( 'NONE',  ( 13.74216322134677881, 105.4999999999999858, -68.86424652620981135 ) ) ;
#5633 = CARTESIAN_POINT ( 'NONE',  ( -12.98225229161524652, 110.9999999999999858, -77.98957419870200169 ) ) ;
#5634 = CARTESIAN_POINT ( 'NONE',  ( 1.770307243986520618, 105.4999999999999858, -56.70162206394253701 ) ) ;
#5635 = FACE_OUTER_BOUND ( 'NONE', #1079, .T. ) ;
#5636 = DIRECTION ( 'NONE',  ( -0.9928535775496396543, 0.000000000000000000, -0.1193389020683602725 ) ) ;
#5637 = ORIENTED_EDGE ( 'NONE', *, *, #2464, .T. ) ;
#5638 = DIRECTION ( 'NONE',  ( 0.000000000000000000, 1.000000000000000000, 0.000000000000000000 ) ) ;
#5639 = CARTESIAN_POINT ( 'NONE',  ( -14.29605691400885625, 105.4999999999999858, -72.19139058578225843 ) ) ;
#5640 = CARTESIAN_POINT ( 'NONE',  ( -1.891761547921255726, 111.0000000000000000, -56.50304240634107344 ) ) ;
#5641 = EDGE_CURVE ( 'NONE', #6187, #6752, #6890, .T. ) ;
#5642 = CARTESIAN_POINT ( 'NONE',  ( 9.274493938803244575, 105.4999999999999858, -82.61431872660638476 ) ) ;
#5643 = CARTESIAN_POINT ( 'NONE',  ( 7.560642406421475670, 105.4999999999999858, -86.81848255802965753 ) ) ;
#5644 = CARTESIAN_POINT ( 'NONE',  ( -9.287159011789027474, 105.4999999999999858, -57.94010085487192896 ) ) ;
#5645 = CARTESIAN_POINT ( 'NONE',  ( 1.675395922980865038, 110.9999999999999858, -86.32387545374231763 ) ) ;
#5646 = ORIENTED_EDGE ( 'NONE', *, *, #4536, .T. ) ;
#5647 = CARTESIAN_POINT ( 'NONE',  ( 16.61350354400433815, 105.4999999999999858, -71.13846711389618349 ) ) ;
#5648 = ORIENTED_EDGE ( 'NONE', *, *, #4794, .F. ) ;
#5649 = EDGE_CURVE ( 'NONE', #4660, #2418, #280, .T. ) ;
#5650 = DIRECTION ( 'NONE',  ( 1.000000000000000000, 0.000000000000000000, 1.224646799147353207E-16 ) ) ;
#5651 = CARTESIAN_POINT ( 'NONE',  ( -4.481623000375970278, 110.9999999999999858, -56.56684369868697360 ) ) ;
#5652 = AXIS2_PLACEMENT_3D ( 'NONE', #5879, #2642, #4892 ) ;
#5653 = CARTESIAN_POINT ( 'NONE',  ( 12.84805852472100263, 110.9999999999999858, -82.22884876769350626 ) ) ;
#5654 = ADVANCED_FACE ( 'NONE', ( #94 ), #6446, .T. ) ;
#5655 = CARTESIAN_POINT ( 'NONE',  ( -4.155439442360330915, 110.9999999999999858, -85.46893918953527702 ) ) ;
#5656 = DIRECTION ( 'NONE',  ( 0.000000000000000000, 0.000000000000000000, 1.000000000000000000 ) ) ;
#5657 = FACE_OUTER_BOUND ( 'NONE', #603, .T. ) ;
#5658 = AXIS2_PLACEMENT_3D ( 'NONE', #5131, #6802, #267 ) ;
#5659 = ORIENTED_EDGE ( 'NONE', *, *, #1175, .F. ) ;
#5660 = CARTESIAN_POINT ( 'NONE',  ( 9.594310430213655039, 110.9999999999999858, -61.65826454673982226 ) ) ;
#5661 = ORIENTED_EDGE ( 'NONE', *, *, #5721, .F. ) ;
#5662 = CARTESIAN_POINT ( 'NONE',  ( 12.47604671605494531, 105.4999999999999858, -72.77347161474396842 ) ) ;
#5663 = EDGE_CURVE ( 'NONE', #3648, #6529, #2811, .T. ) ;
#5664 = CARTESIAN_POINT ( 'NONE',  ( 4.155439442330526312, 110.9999999999999858, -85.46893918955788649 ) ) ;
#5665 = STYLED_ITEM ( 'NONE', ( #589 ), #3999 ) ;
#5666 = CARTESIAN_POINT ( 'NONE',  ( -12.80037986487088375, 110.9999999999999858, -77.92895944759038684 ) ) ;
#5667 = CARTESIAN_POINT ( 'NONE',  ( -10.51584916751575527, 105.4999999999999858, -58.64272047585996006 ) ) ;
#5668 = CARTESIAN_POINT ( 'NONE',  ( -12.78990417712740069, 110.9999999999999858, -77.92438612772858164 ) ) ;
#5669 = DIRECTION ( 'NONE',  ( 0.000000000000000000, 1.000000000000000000, -0.000000000000000000 ) ) ;
#5670 = CARTESIAN_POINT ( 'NONE',  ( 11.08283655869326445, 105.4999999999999858, -77.78106684041034669 ) ) ;
#5671 = ORIENTED_EDGE ( 'NONE', *, *, #580, .T. ) ;
#5672 = VERTEX_POINT ( 'NONE', #2241 ) ;
#5673 = TOROIDAL_SURFACE ( 'NONE', #4216, 11.00000000000013145, 1.500000000000000000 ) ;
#5674 = FACE_OUTER_BOUND ( 'NONE', #1288, .T. ) ;
#5675 = CARTESIAN_POINT ( 'NONE',  ( -14.96875636757154737, 105.4999999999999858, -72.01363018934691240 ) ) ;
#5676 = CARTESIAN_POINT ( 'NONE',  ( -2.867712144228191651, 105.4999999999999858, -55.27061223108047017 ) ) ;
#5677 = CIRCLE ( 'NONE', #2630, 12.50000000000000178 ) ;
#5678 = CARTESIAN_POINT ( 'NONE',  ( -9.638698607692782971, 105.4999999999999858, -64.04101205239877004 ) ) ;
#5679 = ORIENTED_EDGE ( 'NONE', *, *, #5475, .F. ) ;
#5680 = CARTESIAN_POINT ( 'NONE',  ( 10.21301439204301964, 110.9999999999999858, -83.23881055427567333 ) ) ;
#5681 = EDGE_CURVE ( 'NONE', #775, #6583, #1930, .T. ) ;
#5682 = VECTOR ( 'NONE', #4930, 1000.000000000000000 ) ;
#5683 = DIRECTION ( 'NONE',  ( 0.000000000000000000, 1.000000000000000000, -0.000000000000000000 ) ) ;
#5684 = CIRCLE ( 'NONE', #2874, 6.500000000000000000 ) ;
#5685 = TOROIDAL_SURFACE ( 'NONE', #287, 26.49999999999996092, 1.500000000000000000 ) ;
#5686 = CARTESIAN_POINT ( 'NONE',  ( 1.682128284694953013, 105.4999999999999858, -85.99465770516425778 ) ) ;
#5687 = VERTEX_POINT ( 'NONE', #5559 ) ;
#5688 = CARTESIAN_POINT ( 'NONE',  ( 0.000000000000000000, 110.9999999999999858, -71.99999999999998579 ) ) ;
#5689 = CIRCLE ( 'NONE', #3450, 12.49999999999999822 ) ;
#5690 = ORIENTED_EDGE ( 'NONE', *, *, #6277, .F. ) ;
#5691 = CARTESIAN_POINT ( 'NONE',  ( 1.269920715327804706, 110.9999999999999858, -57.91830546449197925 ) ) ;
#5692 = CARTESIAN_POINT ( 'NONE',  ( -4.581327445095324968, 110.9999999999999858, -58.56014439483282530 ) ) ;
#5693 = EDGE_CURVE ( 'NONE', #5786, #2327, #390, .T. ) ;
#5694 = CARTESIAN_POINT ( 'NONE',  ( 14.95365000612542872, 105.4999999999999858, -64.23337666834989079 ) ) ;
#5695 = CARTESIAN_POINT ( 'NONE',  ( -8.922906132221944731, 105.4999999999999858, -63.24604397112046428 ) ) ;
#5696 = CARTESIAN_POINT ( 'NONE',  ( 9.586723779017560787, 105.4999999999999858, -61.66681428427300915 ) ) ;
#5697 = ORIENTED_EDGE ( 'NONE', *, *, #914, .T. ) ;
#5698 = CARTESIAN_POINT ( 'NONE',  ( -11.28796086975797586, 110.9999999999999858, -63.53925392064403610 ) ) ;
#5699 = ORIENTED_EDGE ( 'NONE', *, *, #1595, .F. ) ;
#5700 = CARTESIAN_POINT ( 'NONE',  ( 11.71766140855495486, 105.4999999999999858, -63.32263705824450994 ) ) ;
#5701 = CARTESIAN_POINT ( 'NONE',  ( 12.04260137073259074, 105.4999999999999858, -68.64951462835165330 ) ) ;
#5702 = CARTESIAN_POINT ( 'NONE',  ( -14.59881447386568709, 110.9999999999999858, -78.09635856049608549 ) ) ;
#5703 = CARTESIAN_POINT ( 'NONE',  ( -1.265560432783495504, 105.4999999999999858, -57.95006613512011739 ) ) ;
#5704 = CARTESIAN_POINT ( 'NONE',  ( -6.864983040936785130, 105.4999999999999858, -59.68935388785236285 ) ) ;
#5705 = CARTESIAN_POINT ( 'NONE',  ( -4.314488465858564936, 105.4999999999999858, -55.93339089296122069 ) ) ;
#5706 = VERTEX_POINT ( 'NONE', #1717 ) ;
#5708 = CARTESIAN_POINT ( 'NONE',  ( -1.028600912950920820, 105.4999999999999858, -88.33477744430867062 ) ) ;
#5707 = B_SPLINE_CURVE_WITH_KNOTS ( 'NONE', 3,
 ( #5141, #313, #4655, #4190 ),
 .UNSPECIFIED., .F., .F.,
 ( 4, 4 ),
 ( 0.000000000000000000, 1.000000000000000000 ),
 .UNSPECIFIED. ) ;
#5709 = ORIENTED_EDGE ( 'NONE', *, *, #2966, .T. ) ;
#5710 = CARTESIAN_POINT ( 'NONE',  ( 11.05839710391121145, 110.9999999999999858, -79.76952535790979937 ) ) ;
#5711 = DIRECTION ( 'NONE',  ( 0.9928535775496396543, 0.000000000000000000, 0.1193389020683599394 ) ) ;
#5712 = CARTESIAN_POINT ( 'NONE',  ( -1.656495109850143699, 111.0000000000000000, -56.90455202393717116 ) ) ;
#5713 = FACE_OUTER_BOUND ( 'NONE', #794, .T. ) ;
#5714 = ORIENTED_EDGE ( 'NONE', *, *, #5844, .F. ) ;
#5715 = CARTESIAN_POINT ( 'NONE',  ( 9.657477191910508907, 105.4999999999999858, -82.92398053808979341 ) ) ;
#5716 = ADVANCED_FACE ( 'NONE', ( #6668 ), #5599, .F. ) ;
#5717 = CARTESIAN_POINT ( 'NONE',  ( -13.68018328361292113, 110.9999999999999858, -65.92411008159854191 ) ) ;
#5718 = B_SPLINE_SURFACE_WITH_KNOTS ( 'NONE', 3, 1, ( 
 ( #1200, #3350 ),
 ( #671, #1931 ),
 ( #5033, #781 ),
 ( #1342, #2390 ) ),
 .UNSPECIFIED., .F., .F., .F.,
 ( 4, 4 ),
 ( 2, 2 ),
 ( 0.000000000000000000, 1.000000000000000000 ),
 ( 0.000000000000000000, 1.000000000000000000 ),
 .UNSPECIFIED. ) ;
#5719 = CARTESIAN_POINT ( 'NONE',  ( 1.371576636564633578, 105.4999999999999858, -87.55163123096370725 ) ) ;
#5720 = ORIENTED_EDGE ( 'NONE', *, *, #4395, .T. ) ;
#5721 = EDGE_CURVE ( 'NONE', #6284, #6621, #4464, .T. ) ;
#5722 = CARTESIAN_POINT ( 'NONE',  ( 16.96286969065870665, 110.9999999999999858, -70.87703434705923655 ) ) ;
#5723 = VERTEX_POINT ( 'NONE', #6259 ) ;
#5724 = CARTESIAN_POINT ( 'NONE',  ( 13.94700302803239111, 105.4999999999999858, -62.93182237401233436 ) ) ;
#5725 = CARTESIAN_POINT ( 'NONE',  ( 12.25780488725250805, 110.9999999999999858, -77.69209013819909160 ) ) ;
#5726 = CARTESIAN_POINT ( 'NONE',  ( 14.46786136183148308, 110.9999999999999858, -65.00369770855658658 ) ) ;
#5727 = CARTESIAN_POINT ( 'NONE',  ( 15.95310383445372082, 105.4999999999999858, -77.87354050357112101 ) ) ;
#5728 = EDGE_LOOP ( 'NONE', ( #2020, #4571, #426, #5585 ) ) ;
#5729 = CARTESIAN_POINT ( 'NONE',  ( -12.55347716098277822, 105.4999999999999858, -63.07898176318896333 ) ) ;
#5730 = ORIENTED_EDGE ( 'NONE', *, *, #138, .T. ) ;
#5731 = CARTESIAN_POINT ( 'NONE',  ( 14.38331250274789852, 105.4999999999999858, -62.93797365661252030 ) ) ;
#5732 = EDGE_CURVE ( 'NONE', #6100, #3130, #6188, .T. ) ;
#5733 = CARTESIAN_POINT ( 'NONE',  ( -12.43211974916862061, 105.4999999999999858, -66.69942745193246481 ) ) ;
#5734 = CARTESIAN_POINT ( 'NONE',  ( 2.390067682472972965, 110.9999999999999858, -55.80831847934584999 ) ) ;
#5735 = CARTESIAN_POINT ( 'NONE',  ( 4.486458645442479742, 105.4999999999999858, -86.06862480978094254 ) ) ;
#5736 = DIRECTION ( 'NONE',  ( -0.9362210075418906374, 0.000000000000000000, 0.3514117599586664142 ) ) ;
#5737 = ORIENTED_EDGE ( 'NONE', *, *, #5380, .T. ) ;
#5738 = DIRECTION ( 'NONE',  ( -0.000000000000000000, -1.000000000000000000, 0.000000000000000000 ) ) ;
#5739 = EDGE_LOOP ( 'NONE', ( #6568, #4260, #122, #2086 ) ) ;
#5740 = CARTESIAN_POINT ( 'NONE',  ( 6.864983040961222471, 105.4999999999999858, -59.68935388788065666 ) ) ;
#5741 = CARTESIAN_POINT ( 'NONE',  ( -9.287159011789027474, 110.9999999999999858, -57.94010085487192896 ) ) ;
#5742 = CARTESIAN_POINT ( 'NONE',  ( -2.183063851183296489, 111.0000000000000000, -56.07826986913515555 ) ) ;
#5743 = EDGE_CURVE ( 'NONE', #2808, #6243, #2421, .T. ) ;
#5744 = CARTESIAN_POINT ( 'NONE',  ( 12.36422895317214277, 105.4999999999999858, -73.83734656326446100 ) ) ;
#5745 = DIRECTION ( 'NONE',  ( 0.000000000000000000, 1.000000000000000000, 0.000000000000000000 ) ) ;
#5746 = CARTESIAN_POINT ( 'NONE',  ( -14.00256700117727782, 110.9999999999999858, -65.58887899115129017 ) ) ;
#5747 = EDGE_CURVE ( 'NONE', #3623, #141, #877, .T. ) ;
#5748 = CARTESIAN_POINT ( 'NONE',  ( 1.518223395023204247, 110.9999999999999858, -87.10998091890850503 ) ) ;
#5749 = ORIENTED_EDGE ( 'NONE', *, *, #3048, .F. ) ;
#5750 = B_SPLINE_CURVE_WITH_KNOTS ( 'NONE', 3,
 ( #3016, #3081, #821, #2976 ),
 .UNSPECIFIED., .F., .F.,
 ( 4, 4 ),
 ( 0.000000000000000000, 1.000000000000000000 ),
 .UNSPECIFIED. ) ;
#5751 = VERTEX_POINT ( 'NONE', #1369 ) ;
#5752 = DIRECTION ( 'NONE',  ( 0.000000000000000000, -1.000000000000000000, 0.000000000000000000 ) ) ;
#5753 = CARTESIAN_POINT ( 'NONE',  ( 15.28247214664181897, 110.9999999999999858, -78.01232068789352070 ) ) ;
#5754 = CARTESIAN_POINT ( 'NONE',  ( 12.47604671605494531, 110.9999999999999858, -72.77347161474396842 ) ) ;
#5755 = CARTESIAN_POINT ( 'NONE',  ( 12.96079323228967617, 110.9999999999999858, -66.45943697439331288 ) ) ;
#5756 = CARTESIAN_POINT ( 'NONE',  ( 1.199407783338917621, 110.9999999999999858, -58.53838450392142789 ) ) ;
#5757 = EDGE_LOOP ( 'NONE', ( #1713, #4276, #1846, #5578 ) ) ;
#5758 = B_SPLINE_CURVE_WITH_KNOTS ( 'NONE', 3,
 ( #4404, #1760, #3880, #1683 ),
 .UNSPECIFIED., .F., .F.,
 ( 4, 4 ),
 ( 0.000000000000000000, 1.000000000000000000 ),
 .UNSPECIFIED. ) ;
#5759 = CARTESIAN_POINT ( 'NONE',  ( -13.63203177545909028, 105.4999999999999858, -62.94181675687151056 ) ) ;
#5760 = EDGE_LOOP ( 'NONE', ( #3084, #58, #6769, #6757 ) ) ;
#5761 = CARTESIAN_POINT ( 'NONE',  ( 11.31448124629172725, 110.9999999999999858, -63.52124220525865184 ) ) ;
#5762 = ADVANCED_FACE ( 'NONE', ( #2994 ), #3367, .F. ) ;
#5763 = FACE_OUTER_BOUND ( 'NONE', #2508, .T. ) ;
#5764 = CARTESIAN_POINT ( 'NONE',  ( 9.714451465470119729E-14, 113.4999999999999858, -54.28342443435889919 ) ) ;
#5765 = AXIS2_PLACEMENT_3D ( 'NONE', #3947, #6115, #4946 ) ;
#5766 = CARTESIAN_POINT ( 'NONE',  ( 0.000000000000000000, 105.4999999999999858, -71.99999999999998579 ) ) ;
#5767 = CARTESIAN_POINT ( 'NONE',  ( -0.6562887717703191903, 105.4999999999999858, -88.98732718964346589 ) ) ;
#5768 = CARTESIAN_POINT ( 'NONE',  ( 11.08283655869326445, 110.9999999999999858, -77.78106684041034669 ) ) ;
#5769 = EDGE_LOOP ( 'NONE', ( #4581, #5223, #1645, #3839 ) ) ;
#5770 = B_SPLINE_SURFACE_WITH_KNOTS ( 'NONE', 3, 1, ( 
 ( #443, #1502 ),
 ( #6221, #4159 ),
 ( #3100, #5170 ),
 ( #3063, #377 ) ),
 .UNSPECIFIED., .F., .F., .F.,
 ( 4, 4 ),
 ( 2, 2 ),
 ( 0.000000000000000000, 1.000000000000000000 ),
 ( 0.000000000000000000, 1.000000000000000000 ),
 .UNSPECIFIED. ) ;
#5771 = DIRECTION ( 'NONE',  ( 0.9928535775496396543, 0.000000000000000000, 0.1193389020683602725 ) ) ;
#5772 = ORIENTED_EDGE ( 'NONE', *, *, #2837, .F. ) ;
#5773 = DIRECTION ( 'NONE',  ( 0.000000000000000000, 1.000000000000000000, -0.000000000000000000 ) ) ;
#5774 = AXIS2_PLACEMENT_3D ( 'NONE', #684, #6595, #1176 ) ;
#5775 = CARTESIAN_POINT ( 'NONE',  ( 8.922906132225215003, 105.4999999999999858, -63.24604397112379672 ) ) ;
#5776 = CARTESIAN_POINT ( 'NONE',  ( -1.264283200091607995, 105.4999999999999858, -57.96142500675897935 ) ) ;
#5777 = EDGE_CURVE ( 'NONE', #141, #2713, #938, .T. ) ;
#5778 = DIRECTION ( 'NONE',  ( 0.000000000000000000, 1.000000000000000000, 0.000000000000000000 ) ) ;
#5779 = CARTESIAN_POINT ( 'NONE',  ( 10.63935037052513977, 105.4999999999999858, -83.42535251565843168 ) ) ;
#5780 = AXIS2_PLACEMENT_3D ( 'NONE', #312, #5140, #1928 ) ;
#5781 = CARTESIAN_POINT ( 'NONE',  ( -12.97120147454641348, 110.9999999999999858, -66.45471216951833071 ) ) ;
#5782 = AXIS2_PLACEMENT_3D ( 'NONE', #360, #5155, #2472 ) ;
#5783 = CARTESIAN_POINT ( 'NONE',  ( 0.7507318962219344805, 105.4999999999999858, -88.83355245043128434 ) ) ;
#5784 = VERTEX_POINT ( 'NONE', #2557 ) ;
#5785 = AXIS2_PLACEMENT_3D ( 'NONE', #1337, #3343, #2845 ) ;
#5786 = VERTEX_POINT ( 'NONE', #4715 ) ;
#5787 = EDGE_CURVE ( 'NONE', #2829, #5917, #6839, .T. ) ;
#5788 = CIRCLE ( 'NONE', #2986, 12.49999999999999645 ) ;
#5789 = DIRECTION ( 'NONE',  ( 0.000000000000000000, 0.000000000000000000, 1.000000000000000000 ) ) ;
#5790 = CIRCLE ( 'NONE', #5335, 12.50000000000000178 ) ;
#5791 = VECTOR ( 'NONE', #46, 1000.000000000000000 ) ;
#5792 = CARTESIAN_POINT ( 'NONE',  ( -8.922906132225193687, 105.4999999999999858, -63.24604397112376830 ) ) ;
#5793 = CARTESIAN_POINT ( 'NONE',  ( 12.25780488725250805, 105.4999999999999858, -77.69209013819909160 ) ) ;
#5794 = ORIENTED_EDGE ( 'NONE', *, *, #6365, .F. ) ;
#5795 = EDGE_CURVE ( 'NONE', #3873, #2808, #2186, .T. ) ;
#5796 = CARTESIAN_POINT ( 'NONE',  ( 10.10969247439065910, 110.9999999999999858, -60.66815797320553116 ) ) ;
#5797 = ORIENTED_EDGE ( 'NONE', *, *, #463, .F. ) ;
#5798 = AXIS2_PLACEMENT_3D ( 'NONE', #3408, #6599, #196 ) ;
#5799 = CARTESIAN_POINT ( 'NONE',  ( 13.63203177546464318, 105.4999999999999858, -62.94181675688682986 ) ) ;
#5800 = VECTOR ( 'NONE', #1940, 1000.000000000000000 ) ;
#5801 = DIRECTION ( 'NONE',  ( -0.9928535775496396543, 0.000000000000000000, -0.1193389020683603002 ) ) ;
#5802 = CARTESIAN_POINT ( 'NONE',  ( 14.46786136183148308, 105.4999999999999858, -65.00369770855658658 ) ) ;
#5803 = CARTESIAN_POINT ( 'NONE',  ( 9.714451465470119729E-14, 112.4999999999999858, -29.28342443435894182 ) ) ;
#5804 = CARTESIAN_POINT ( 'NONE',  ( -14.38331250274416107, 105.4999999999999858, -62.93797365660659437 ) ) ;
#5805 = CARTESIAN_POINT ( 'NONE',  ( 10.00592381997331515, 105.4999999999999858, -83.13307421528227792 ) ) ;
#5806 = ADVANCED_FACE ( 'NONE', ( #3833 ), #2125, .T. ) ;
#5807 = EDGE_LOOP ( 'NONE', ( #330, #5659, #2844, #1357 ) ) ;
#5808 = CARTESIAN_POINT ( 'NONE',  ( -1.682128284694977438, 105.4999999999999858, -85.99465770516428620 ) ) ;
#5809 = ORIENTED_EDGE ( 'NONE', *, *, #6760, .F. ) ;
#5810 = CARTESIAN_POINT ( 'NONE',  ( 8.356536486906172456, 110.9999999999999858, -81.85073316784834674 ) ) ;
#5811 = CARTESIAN_POINT ( 'NONE',  ( 12.47604671605494531, 105.4999999999999858, -72.77347161474396842 ) ) ;
#5812 = CARTESIAN_POINT ( 'NONE',  ( -9.424240425030436796, 110.9999999999999858, -57.88334740541333190 ) ) ;
#5813 = DIRECTION ( 'NONE',  ( 0.9928535775496397653, 0.000000000000000000, 0.1193389020683589263 ) ) ;
#5814 = CARTESIAN_POINT ( 'NONE',  ( 5.704278851326367139, 110.9999999999999858, -87.34093141825260886 ) ) ;
#5815 = CARTESIAN_POINT ( 'NONE',  ( -6.309818809593902067, 105.4999999999999858, -87.78563228350536463 ) ) ;
#5816 = ORIENTED_EDGE ( 'NONE', *, *, #1911, .T. ) ;
#5817 = CARTESIAN_POINT ( 'NONE',  ( 9.423698307924613715, 110.9999999999999858, -82.75210601912408492 ) ) ;
#5818 = CARTESIAN_POINT ( 'NONE',  ( 14.28918325236882758, 105.4999999999999858, -74.90163031565218432 ) ) ;
#5819 = EDGE_CURVE ( 'NONE', #401, #5828, #4741, .T. ) ;
#5820 = CARTESIAN_POINT ( 'NONE',  ( -10.43349690024121657, 110.9999999999999858, -59.38948389534548511 ) ) ;
#5821 = VERTEX_POINT ( 'NONE', #2057 ) ;
#5822 = VERTEX_POINT ( 'NONE', #1005 ) ;
#5823 = CARTESIAN_POINT ( 'NONE',  ( -14.66063268840430744, 105.4999999999999858, -64.72340579881047518 ) ) ;
#5824 = B_SPLINE_SURFACE_WITH_KNOTS ( 'NONE', 4, 1, ( 
 ( #5776, #952 ),
 ( #6718, #6270 ),
 ( #6784, #4039 ),
 ( #1976, #1905 ),
 ( #3536, #1874 ),
 ( #6821, #4141 ),
 ( #2010, #5182 ),
 ( #6684, #6199 ),
 ( #1450, #6168 ),
 ( #3608, #5712 ),
 ( #4171, #2398 ),
 ( #2537, #5640 ),
 ( #3114, #247 ),
 ( #4558, #5742 ),
 ( #1347, #4069 ),
 ( #919, #3501 ),
 ( #3073, #2968 ),
 ( #5676, #856 ),
 ( #3010, #5214 ) ),
 .UNSPECIFIED., .F., .F., .F.,
 ( 5, 1, 1, 1, 1, 1, 1, 1, 1, 1, 1, 1, 1, 1, 1, 5 ),
 ( 2, 2 ),
 ( 0.000000000000000000, 0.005376748248313690560, 0.01508368771682262396, 0.02853181967683027578, 0.04661013893542635678, 0.06485484867701551970, 0.09211052469974630175, 0.1194761750471190764, 0.1468424950126881179, 0.1742088532605756135, 0.2015749551777806792, 0.2289410129491928625, 0.2563073451819962711, 0.3070350317425281084, 0.3617673510343424881, 0.3768711599805257828 ),
 ( 0.000000000000000000, 1.000000000000000000 ),
 .UNSPECIFIED. ) ;
#5825 = ADVANCED_FACE ( 'NONE', ( #4869 ), #6826, .F. ) ;
#5826 = CARTESIAN_POINT ( 'NONE',  ( 11.45325643223628020, 110.9999999999999858, -63.44215034355331539 ) ) ;
#5827 = CARTESIAN_POINT ( 'NONE',  ( 10.47635999385697758, 105.4999999999999858, -59.07728278574522562 ) ) ;
#5828 = VERTEX_POINT ( 'NONE', #4806 ) ;
#5829 = CARTESIAN_POINT ( 'NONE',  ( -1.728907054294832601, 110.9999999999999858, -84.80154390683993881 ) ) ;
#5830 = ORIENTED_EDGE ( 'NONE', *, *, #1793, .F. ) ;
#5831 = CARTESIAN_POINT ( 'NONE',  ( -23.81569860407218542, 112.4999999999999858, -58.24999999999938183 ) ) ;
#5832 = CARTESIAN_POINT ( 'NONE',  ( 4.173811205969067295, 105.4999999999999858, -55.52033677477358253 ) ) ;
#5833 = EDGE_CURVE ( 'NONE', #2350, #3231, #1300, .T. ) ;
#5834 = CARTESIAN_POINT ( 'NONE',  ( 7.508918062289791528, 105.4999999999999858, -87.25175889967351850 ) ) ;
#5835 = CARTESIAN_POINT ( 'NONE',  ( 4.555022691701712034, 110.9999999999999858, -58.66089327844745327 ) ) ;
#5836 = CARTESIAN_POINT ( 'NONE',  ( -11.45325643222636813, 105.4999999999999858, -63.44215034351906013 ) ) ;
#5837 = CARTESIAN_POINT ( 'NONE',  ( -4.638563182632789328, 110.9999999999999858, -57.76807867593068835 ) ) ;
#5838 = ORIENTED_EDGE ( 'NONE', *, *, #621, .F. ) ;
#5839 = CARTESIAN_POINT ( 'NONE',  ( -4.352716925791351166, 110.9999999999999858, -59.83766053076780622 ) ) ;
#5840 = ORIENTED_EDGE ( 'NONE', *, *, #442, .T. ) ;
#5841 = CARTESIAN_POINT ( 'NONE',  ( 4.616885666997996296, 110.9999999999999858, -58.33746999084966944 ) ) ;
#5842 = CARTESIAN_POINT ( 'NONE',  ( -9.453951628356286108, 110.9999999999999858, -57.87120675327675201 ) ) ;
#5843 = CARTESIAN_POINT ( 'NONE',  ( -8.769185662234145084, 110.9999999999999858, -58.18029100109241369 ) ) ;
#5844 = EDGE_CURVE ( 'NONE', #6547, #2418, #3761, .T. ) ;
#5845 = CARTESIAN_POINT ( 'NONE',  ( -10.10969247436488416, 105.4999999999999858, -60.66815797319559067 ) ) ;
#5846 = CARTESIAN_POINT ( 'NONE',  ( 0.000000000000000000, 105.4999999999999858, -71.99999999999998579 ) ) ;
#5847 = CARTESIAN_POINT ( 'NONE',  ( 9.287159011798250319, 105.4999999999999858, -57.94010085487913386 ) ) ;
#5848 = CARTESIAN_POINT ( 'NONE',  ( -4.155439442360330915, 110.9999999999999858, -85.46893918953527702 ) ) ;
#5849 = CARTESIAN_POINT ( 'NONE',  ( 23.81569860407268990, 112.9999999999999858, -68.74999999999948841 ) ) ;
#5850 = B_SPLINE_CURVE_WITH_KNOTS ( 'NONE', 4,
 ( #5755, #3621, #1332, #3590, #1920, #3554, #4082, #6282, #902, #872, #833, #6700, #6152, #5726, #337, #3092, #3485, #2949, #1462 ),
 .UNSPECIFIED., .F., .F.,
 ( 5, 1, 1, 1, 1, 1, 1, 1, 1, 1, 1, 1, 1, 1, 1, 5 ),
 ( 0.000000000000000000, 0.005376748248313690560, 0.01508368771682262223, 0.02853181967683027578, 0.04661013893542635678, 0.06485484867701551970, 0.09211052469974631562, 0.1194761750471190626, 0.1468424950126881179, 0.1742088532605756135, 0.2015749551777806792, 0.2289410129491928625, 0.2563073451819962711, 0.3070350317425281084, 0.3617673510343424326, 0.3768711599805257828 ),
 .UNSPECIFIED. ) ;
#5851 = EDGE_CURVE ( 'NONE', #3934, #2187, #2089, .T. ) ;
#5852 = CARTESIAN_POINT ( 'NONE',  ( -9.708160154879786674, 105.4999999999999858, -61.50402457833904890 ) ) ;
#5853 = CARTESIAN_POINT ( 'NONE',  ( -13.66909548869403324, 110.9999999999999858, -78.10079351353077470 ) ) ;
#5854 = ORIENTED_EDGE ( 'NONE', *, *, #4499, .F. ) ;
#5855 = ORIENTED_EDGE ( 'NONE', *, *, #2199, .F. ) ;
#5856 = LINE ( 'NONE', #4279, #1619 ) ;
#5857 = CARTESIAN_POINT ( 'NONE',  ( -7.559952289182941598, 105.4999999999999858, -85.41720822668071378 ) ) ;
#5858 = ADVANCED_FACE ( 'NONE', ( #4321 ), #960, .T. ) ;
#5859 = CARTESIAN_POINT ( 'NONE',  ( -12.18490139587479071, 110.9999999999999858, -83.85445814758146810 ) ) ;
#5860 = VERTEX_POINT ( 'NONE', #5479 ) ;
#5861 = CARTESIAN_POINT ( 'NONE',  ( 7.228840749612406746, 110.9999999999999858, -84.10057276608289101 ) ) ;
#5862 = CARTESIAN_POINT ( 'NONE',  ( 11.67824955973201284, 110.9999999999999858, -80.24817318353127860 ) ) ;
#5863 = ADVANCED_FACE ( 'NONE', ( #1851 ), #6876, .F. ) ;
#5864 = CARTESIAN_POINT ( 'NONE',  ( 6.870769920404685038, 105.4999999999999858, -59.67949653962850931 ) ) ;
#5865 = CARTESIAN_POINT ( 'NONE',  ( -11.27866494759071081, 105.4999999999999858, -63.54590532044537809 ) ) ;
#5866 = CARTESIAN_POINT ( 'NONE',  ( -13.94386143010087586, 105.4999999999999858, -68.84047439266417712 ) ) ;
#5867 = CARTESIAN_POINT ( 'NONE',  ( -4.626588252271357504, 105.4999999999999858, -57.53586481013726939 ) ) ;
#5868 = VERTEX_POINT ( 'NONE', #6630 ) ;
#5869 = CARTESIAN_POINT ( 'NONE',  ( 11.87361907958854168, 105.4999999999999858, -80.46270562298605000 ) ) ;
#5870 = ORIENTED_EDGE ( 'NONE', *, *, #6785, .T. ) ;
#5871 = DIRECTION ( 'NONE',  ( 0.000000000000000000, 0.000000000000000000, 1.000000000000000000 ) ) ;
#5872 = EDGE_CURVE ( 'NONE', #5821, #5036, #3361, .T. ) ;
#5873 = CARTESIAN_POINT ( 'NONE',  ( 4.314488465872224232, 111.0000000000000142, -55.93339089296253519 ) ) ;
#5874 = CARTESIAN_POINT ( 'NONE',  ( 7.228840749612406746, 110.9999999999999858, -84.10057276608289101 ) ) ;
#5875 = AXIS2_PLACEMENT_3D ( 'NONE', #2854, #6582, #4552 ) ;
#5876 = CARTESIAN_POINT ( 'NONE',  ( -9.854656579761735813, 105.4999999999999858, -61.25356058019922045 ) ) ;
#5877 = CARTESIAN_POINT ( 'NONE',  ( 4.612637021816291316, 110.9999999999999858, -86.24034524437738014 ) ) ;
#5878 = DIRECTION ( 'NONE',  ( -0.9928535775496396543, 0.000000000000000000, -0.1193389020683602447 ) ) ;
#5879 = CARTESIAN_POINT ( 'NONE',  ( -36.99363960252276229, 114.9999999999999858, -93.35828778282062501 ) ) ;
#5880 = CIRCLE ( 'NONE', #5548, 10.99999999999999645 ) ;
#5881 = CARTESIAN_POINT ( 'NONE',  ( 12.83006555374214130, 105.4999999999999858, -77.94106366752748727 ) ) ;
#5882 = CARTESIAN_POINT ( 'NONE',  ( -4.536970427943959550, 110.9999999999999858, -56.84391636746329368 ) ) ;
#5883 = CARTESIAN_POINT ( 'NONE',  ( -10.18434364176935958, 105.4999999999999858, -60.44779242746597703 ) ) ;
#5884 = AXIS2_PLACEMENT_3D ( 'NONE', #5563, #4481, #5523 ) ;
#5885 = CARTESIAN_POINT ( 'NONE',  ( -4.590925677243040681, 105.4999999999999858, -60.37359034671361968 ) ) ;
#5886 = ORIENTED_EDGE ( 'NONE', *, *, #4669, .T. ) ;
#5887 = CARTESIAN_POINT ( 'NONE',  ( -6.160994901029465787, 105.4999999999999858, -87.68356554839759553 ) ) ;
#5888 = EDGE_CURVE ( 'NONE', #5821, #2327, #1250, .T. ) ;
#5889 = ORIENTED_EDGE ( 'NONE', *, *, #3193, .F. ) ;
#5890 = CARTESIAN_POINT ( 'NONE',  ( 7.228840749612406746, 105.4999999999999858, -84.10057276608289101 ) ) ;
#5891 = AXIS2_PLACEMENT_3D ( 'NONE', #4367, #5406, #6918 ) ;
#5892 = CARTESIAN_POINT ( 'NONE',  ( -7.404998299536807771, 105.4999999999999858, -84.56050224683282579 ) ) ;
#5893 = CARTESIAN_POINT ( 'NONE',  ( 10.47635999385697758, 110.9999999999999858, -59.07728278574522562 ) ) ;
#5894 = EDGE_LOOP ( 'NONE', ( #3817, #3759, #2166, #5613 ) ) ;
#5895 = CARTESIAN_POINT ( 'NONE',  ( 7.496182274013326818, 110.9999999999999858, -84.95650818270658533 ) ) ;
#5896 = DIRECTION ( 'NONE',  ( 0.000000000000000000, 1.000000000000000000, 0.000000000000000000 ) ) ;
#5897 = AXIS2_PLACEMENT_3D ( 'NONE', #4296, #3205, #4847 ) ;
#5898 = EDGE_CURVE ( 'NONE', #203, #2977, #1761, .T. ) ;
#5899 = CARTESIAN_POINT ( 'NONE',  ( 0.000000000000000000, 105.4999999999999858, -71.99999999999998579 ) ) ;
#5900 = CIRCLE ( 'NONE', #6680, 16.99999999999860378 ) ;
#5901 = CIRCLE ( 'NONE', #4570, 8.500000000000007105 ) ;
#5902 = CARTESIAN_POINT ( 'NONE',  ( 13.68018328363388925, 105.4999999999999858, -65.92411008161957398 ) ) ;
#5903 = FACE_OUTER_BOUND ( 'NONE', #2463, .T. ) ;
#5904 = CARTESIAN_POINT ( 'NONE',  ( -15.39403866164086487, 110.9999999999999858, -75.64891016943484203 ) ) ;
#5905 = VECTOR ( 'NONE', #3291, 1000.000000000000000 ) ;
#5906 = ORIENTED_EDGE ( 'NONE', *, *, #4359, .T. ) ;
#5907 = CARTESIAN_POINT ( 'NONE',  ( -6.283281050859318206, 110.9999999999999858, -87.76757962722669504 ) ) ;
#5908 = ORIENTED_EDGE ( 'NONE', *, *, #2792, .F. ) ;
#5909 = DIRECTION ( 'NONE',  ( 0.000000000000000000, 1.000000000000000000, 0.000000000000000000 ) ) ;
#5910 = CARTESIAN_POINT ( 'NONE',  ( 10.54796902411447235, 110.9999999999999858, -78.70748458561936900 ) ) ;
#5911 = CARTESIAN_POINT ( 'NONE',  ( -12.89021176384368417, 110.9999999999999858, -82.34580548201344641 ) ) ;
#5912 = CARTESIAN_POINT ( 'NONE',  ( 14.07028120407541749, 110.9999999999999858, -68.83652938199981008 ) ) ;
#5913 = CARTESIAN_POINT ( 'NONE',  ( 5.953221396535458787, 110.9999999999999858, -87.53415250099972411 ) ) ;
#5914 = DIRECTION ( 'NONE',  ( 0.000000000000000000, 0.000000000000000000, -1.000000000000000000 ) ) ;
#5915 = CARTESIAN_POINT ( 'NONE',  ( -14.96875636757154737, 110.9999999999999858, -72.01363018934691240 ) ) ;
#5916 = DIRECTION ( 'NONE',  ( 0.000000000000000000, 1.000000000000000000, 0.000000000000000000 ) ) ;
#5917 = VERTEX_POINT ( 'NONE', #3290 ) ;
#5918 = DIRECTION ( 'NONE',  ( 0.000000000000000000, 1.000000000000000000, 0.000000000000000000 ) ) ;
#5919 = DIRECTION ( 'NONE',  ( 0.000000000000000000, 1.000000000000000000, -0.000000000000000000 ) ) ;
#5920 = CARTESIAN_POINT ( 'NONE',  ( -10.37139652092075615, 105.4999999999999858, -59.72395045855183326 ) ) ;
#5921 = CARTESIAN_POINT ( 'NONE',  ( -12.80037986487088375, 105.4999999999999858, -77.92895944759038684 ) ) ;
#5922 = EDGE_CURVE ( 'NONE', #6794, #3224, #767, .T. ) ;
#5923 = ORIENTED_EDGE ( 'NONE', *, *, #4409, .T. ) ;
#5924 = CARTESIAN_POINT ( 'NONE',  ( 13.74216322134677881, 110.9999999999999858, -68.86424652620981135 ) ) ;
#5925 = VERTEX_POINT ( 'NONE', #4910 ) ;
#5926 = CARTESIAN_POINT ( 'NONE',  ( 9.274493938803244575, 105.4999999999999858, -82.61431872660638476 ) ) ;
#5927 = DIRECTION ( 'NONE',  ( -0.9928535775496396543, 0.000000000000000000, -0.1193389020683599394 ) ) ;
#5928 = CARTESIAN_POINT ( 'NONE',  ( 10.51348398794836214, 110.9999999999999858, -58.67472917722938064 ) ) ;
#5929 = ORIENTED_EDGE ( 'NONE', *, *, #3572, .F. ) ;
#5930 = CARTESIAN_POINT ( 'NONE',  ( -12.04260137073200454, 105.4999999999999858, -68.64951462834953588 ) ) ;
#5931 = CARTESIAN_POINT ( 'NONE',  ( 12.47487818349660493, 110.9999999999999858, -81.38679235524745081 ) ) ;
#5932 = CARTESIAN_POINT ( 'NONE',  ( 7.175214880298899089, 105.4999999999999858, -59.30683223422825279 ) ) ;
#5933 = DIRECTION ( 'NONE',  ( 0.000000000000000000, 1.000000000000000000, 0.000000000000000000 ) ) ;
#5934 = DIRECTION ( 'NONE',  ( 0.000000000000000000, -1.000000000000000000, 0.000000000000000000 ) ) ;
#5935 = CARTESIAN_POINT ( 'NONE',  ( -4.558475950859881110, 105.4999999999999858, -58.64999693552111637 ) ) ;
#5936 = ORIENTED_EDGE ( 'NONE', *, *, #6760, .T. ) ;
#5937 = ADVANCED_FACE ( 'NONE', ( #85 ), #4760, .F. ) ;
#5938 = B_SPLINE_SURFACE_WITH_KNOTS ( 'NONE', 3, 1, ( 
 ( #4592, #6616 ),
 ( #751, #2821 ),
 ( #3393, #5530 ),
 ( #674, #135 ) ),
 .UNSPECIFIED., .F., .F., .F.,
 ( 4, 4 ),
 ( 2, 2 ),
 ( 0.000000000000000000, 1.000000000000000000 ),
 ( 0.000000000000000000, 1.000000000000000000 ),
 .UNSPECIFIED. ) ;
#5939 = CARTESIAN_POINT ( 'NONE',  ( -5.238036262529528919, 105.4999999999999858, -86.92829353452397356 ) ) ;
#5940 = EDGE_LOOP ( 'NONE', ( #4842, #2578, #4498, #3531 ) ) ;
#5941 = FACE_OUTER_BOUND ( 'NONE', #470, .T. ) ;
#5942 = CARTESIAN_POINT ( 'NONE',  ( 4.574970340487059417, 111.0000000000000142, -57.07337604153168797 ) ) ;
#5943 = CARTESIAN_POINT ( 'NONE',  ( -14.72243186433566819, 110.9999999999999858, -63.49999999999953104 ) ) ;
#5944 = CARTESIAN_POINT ( 'NONE',  ( 15.32306896980864863, 110.9999999999999858, -69.01034888990385241 ) ) ;
#5945 = CARTESIAN_POINT ( 'NONE',  ( 4.295494682691084698, 110.9999999999999858, -85.76695627014322554 ) ) ;
#5946 = CARTESIAN_POINT ( 'NONE',  ( -0.5348675345779562162, 105.4999999999999858, -59.51144857397565602 ) ) ;
#5947 = FACE_OUTER_BOUND ( 'NONE', #2465, .T. ) ;
#5948 = FACE_OUTER_BOUND ( 'NONE', #3219, .T. ) ;
#5949 = ORIENTED_EDGE ( 'NONE', *, *, #1945, .T. ) ;
#5950 = ADVANCED_FACE ( 'NONE', ( #1988 ), #3551, .T. ) ;
#5951 = DIRECTION ( 'NONE',  ( 0.000000000000000000, -1.000000000000000000, 0.000000000000000000 ) ) ;
#5952 = DIRECTION ( 'NONE',  ( 0.000000000000000000, 1.000000000000000000, -0.000000000000000000 ) ) ;
#5953 = EDGE_CURVE ( 'NONE', #5706, #3895, #403, .T. ) ;
#5954 = CARTESIAN_POINT ( 'NONE',  ( -9.594310430179275428, 105.4999999999999858, -61.65826454672540535 ) ) ;
#5955 = CARTESIAN_POINT ( 'NONE',  ( 14.09382379058831880, 110.9999999999999858, -72.21007334607602957 ) ) ;
#5956 = ORIENTED_EDGE ( 'NONE', *, *, #1314, .T. ) ;
#5957 = CARTESIAN_POINT ( 'NONE',  ( 1.028600912950893065, 110.9999999999999858, -88.33477744430867062 ) ) ;
#5958 = B_SPLINE_CURVE_WITH_KNOTS ( 'NONE', 3,
 ( #2964, #2897, #6133, #2434 ),
 .UNSPECIFIED., .F., .F.,
 ( 4, 4 ),
 ( 0.000000000000000000, 1.000000000000000000 ),
 .UNSPECIFIED. ) ;
#5959 = CARTESIAN_POINT ( 'NONE',  ( -27.68122796361762994, 114.9999999999999858, -68.54843108296068976 ) ) ;
#5960 = ORIENTED_EDGE ( 'NONE', *, *, #998, .T. ) ;
#5961 = CARTESIAN_POINT ( 'NONE',  ( -12.96079323226404156, 110.9999999999999858, -66.45943697436599962 ) ) ;
#5962 = EDGE_CURVE ( 'NONE', #3984, #1127, #2654, .T. ) ;
#5963 = CARTESIAN_POINT ( 'NONE',  ( -2.889916630977483081, 105.4999999999999858, -55.24743655836657297 ) ) ;
#5964 = CARTESIAN_POINT ( 'NONE',  ( -11.76577261406735353, 110.9999999999999858, -80.33948165698124910 ) ) ;
#5965 = ORIENTED_EDGE ( 'NONE', *, *, #1776, .T. ) ;
#5966 = CARTESIAN_POINT ( 'NONE',  ( -2.073336447187922538, 110.9999999999999858, -84.32685182748465991 ) ) ;
#5967 = CARTESIAN_POINT ( 'NONE',  ( -16.79676503880157767, 105.4999999999999858, -69.55769119554447855 ) ) ;
#5968 = CARTESIAN_POINT ( 'NONE',  ( 6.864983040961222471, 105.4999999999999858, -59.68935388788065666 ) ) ;
#5969 = CARTESIAN_POINT ( 'NONE',  ( 7.578415887354621461, 105.4999999999999858, -85.64925159310584490 ) ) ;
#5970 = DIRECTION ( 'NONE',  ( -0.1637789924581190548, 0.000000000000000000, 0.9864970560672766675 ) ) ;
#5971 = CARTESIAN_POINT ( 'NONE',  ( -4.639708894466981093, 110.9999999999999858, -57.98116921459142503 ) ) ;
#5972 = EDGE_LOOP ( 'NONE', ( #4511, #6042, #1654, #2617 ) ) ;
#5973 = CARTESIAN_POINT ( 'NONE',  ( 12.93421037837705612, 105.4999999999999858, -82.46216711815915801 ) ) ;
#5974 = VERTEX_POINT ( 'NONE', #6251 ) ;
#5975 = EDGE_CURVE ( 'NONE', #582, #3140, #2320, .T. ) ;
#5976 = DIRECTION ( 'NONE',  ( -0.9928535775496396543, 0.000000000000000000, -0.1193389020683602447 ) ) ;
#5977 = B_SPLINE_CURVE_WITH_KNOTS ( 'NONE', 4,
 ( #338, #407, #2552, #4711, #6311, #801, #6767, #2453, #5091, #1365, #2482, #4646, #4680, #2950, #4121, #6184, #1889, #4611, #6733 ),
 .UNSPECIFIED., .F., .F.,
 ( 5, 1, 1, 1, 1, 1, 1, 1, 1, 1, 1, 1, 1, 1, 1, 5 ),
 ( 0.000000000000000000, 0.01510380894618329473, 0.06983612823799767444, 0.1205638147985295117, 0.1479301470313329203, 0.1752962048027451036, 0.2026623067199501693, 0.2300286649678376372, 0.2573949849334067341, 0.2847606352807794949, 0.3120163113035102631, 0.3302610210450994122, 0.3483393403036955105, 0.3617874722637031693, 0.3714944117322120931, 0.3768711599805257828 ),
 .UNSPECIFIED. ) ;
#5978 = CARTESIAN_POINT ( 'NONE',  ( 4.184669618658158008, 111.0000000000000142, -55.55054018371097158 ) ) ;
#5979 = CARTESIAN_POINT ( 'NONE',  ( -16.35871260184277531, 105.4999999999999858, -76.62520507764388356 ) ) ;
#5980 = CARTESIAN_POINT ( 'NONE',  ( 9.651732629743548841, 105.4999999999999858, -61.58547470639049948 ) ) ;
#5981 = CARTESIAN_POINT ( 'NONE',  ( 4.481623000395146050, 105.4999999999999858, -56.56684369868685280 ) ) ;
#5982 = DIRECTION ( 'NONE',  ( 0.000000000000000000, 1.000000000000000000, -0.000000000000000000 ) ) ;
#5983 = DIRECTION ( 'NONE',  ( -0.9928535775496396543, 0.000000000000000000, -0.1193389020683603002 ) ) ;
#5984 = ORIENTED_EDGE ( 'NONE', *, *, #3905, .F. ) ;
#5985 = CARTESIAN_POINT ( 'NONE',  ( 14.36663973143817863, 105.4999999999999858, -78.11016523842995696 ) ) ;
#5986 = AXIS2_PLACEMENT_3D ( 'NONE', #3886, #2961, #811 ) ;
#5987 = CARTESIAN_POINT ( 'NONE',  ( 1.199407783338917621, 105.4999999999999858, -58.53838450392142789 ) ) ;
#5988 = EDGE_CURVE ( 'NONE', #2327, #796, #1983, .T. ) ;
#5989 = CARTESIAN_POINT ( 'NONE',  ( -15.60631691770986329, 105.4999999999999858, -75.83537878213289218 ) ) ;
#5990 = CARTESIAN_POINT ( 'NONE',  ( -13.26572759404716351, 110.9999999999999858, -78.05150294629564200 ) ) ;
#5991 = ORIENTED_EDGE ( 'NONE', *, *, #1816, .T. ) ;
#5992 = CARTESIAN_POINT ( 'NONE',  ( -5.445672500546963946, 105.4999999999999858, -87.11991763056408900 ) ) ;
#5993 = AXIS2_PLACEMENT_3D ( 'NONE', #1740, #3366, #3439 ) ;
#5994 = CARTESIAN_POINT ( 'NONE',  ( 10.67026573805624245, 105.4999999999999858, -79.28107650558459341 ) ) ;
#5995 = EDGE_LOOP ( 'NONE', ( #2066, #2470, #5908 ) ) ;
#5996 = CARTESIAN_POINT ( 'NONE',  ( -6.982279347651342505, 105.4999999999999858, -59.52355624560318148 ) ) ;
#5997 = B_SPLINE_SURFACE_WITH_KNOTS ( 'NONE', 4, 1, ( 
 ( #2435, #5573 ),
 ( #2932, #4594 ),
 ( #6097, #3965 ),
 ( #4522, #283 ),
 ( #6748, #3500 ),
 ( #4627, #1837 ),
 ( #752, #1346 ),
 ( #4038, #6617 ),
 ( #6717, #6232 ),
 ( #1873, #4557 ),
 ( #5675, #3009 ),
 ( #6134, #1272 ),
 ( #5039, #1802 ),
 ( #4487, #6198 ),
 ( #5639, #1316 ),
 ( #6682, #1417 ),
 ( #5149, #3573 ),
 ( #2898, #6167 ),
 ( #3429, #3468 ) ),
 .UNSPECIFIED., .F., .F., .F.,
 ( 5, 1, 1, 1, 1, 1, 1, 1, 1, 1, 1, 1, 1, 1, 1, 5 ),
 ( 2, 2 ),
 ( 0.000000000000000000, 0.01510380894618329473, 0.06983612823799767444, 0.1205638147985295117, 0.1479301470313329203, 0.1752962048027451036, 0.2026623067199501693, 0.2300286649678376649, 0.2573949849334067341, 0.2847606352807794949, 0.3120163113035102631, 0.3302610210450994122, 0.3483393403036955105, 0.3617874722637031693, 0.3714944117322120931, 0.3768711599805257828 ),
 ( 0.000000000000000000, 1.000000000000000000 ),
 .UNSPECIFIED. ) ;
#5998 = CARTESIAN_POINT ( 'NONE',  ( 14.19777028870318780, 110.9999999999999858, -72.20395753603379774 ) ) ;
#5999 = CIRCLE ( 'NONE', #2411, 1.499999999999999778 ) ;
#6000 = ORIENTED_EDGE ( 'NONE', *, *, #656, .T. ) ;
#6001 = CARTESIAN_POINT ( 'NONE',  ( 1.449089840208087843, 105.4999999999999858, -87.33213924564464037 ) ) ;
#6002 = CARTESIAN_POINT ( 'NONE',  ( 5.568177290555306413, 110.9999999999999858, -60.80869079772413244 ) ) ;
#6003 = FACE_OUTER_BOUND ( 'NONE', #5995, .T. ) ;
#6004 = VECTOR ( 'NONE', #1082, 1000.000000000000000 ) ;
#6005 = CARTESIAN_POINT ( 'NONE',  ( 12.96079323228967617, 105.4999999999999858, -66.45943697439331288 ) ) ;
#6006 = CARTESIAN_POINT ( 'NONE',  ( 1.656495109874787319, 105.4999999999999858, -56.90455202394966960 ) ) ;
#6007 = B_SPLINE_CURVE_WITH_KNOTS ( 'NONE', 3,
 ( #5632, #344, #474, #5701 ),
 .UNSPECIFIED., .F., .F.,
 ( 4, 4 ),
 ( 0.000000000000000000, 1.000000000000000000 ),
 .UNSPECIFIED. ) ;
#6008 = ADVANCED_FACE ( 'NONE', ( #3022 ), #2078, .T. ) ;
#6009 = CARTESIAN_POINT ( 'NONE',  ( -14.15389603457055578, 105.4999999999999858, -65.41200459500919351 ) ) ;
#6010 = ORIENTED_EDGE ( 'NONE', *, *, #1501, .F. ) ;
#6011 = CARTESIAN_POINT ( 'NONE',  ( -7.496182274042598515, 105.4999999999999858, -84.95650818270190996 ) ) ;
#6012 = VERTEX_POINT ( 'NONE', #301 ) ;
#6013 = DIRECTION ( 'NONE',  ( 0.000000000000000000, -1.000000000000000000, 0.000000000000000000 ) ) ;
#6014 = CARTESIAN_POINT ( 'NONE',  ( 4.599747802779993400, 105.4999999999999858, -58.46278485817385473 ) ) ;
#6015 = DIRECTION ( 'NONE',  ( 0.000000000000000000, 0.000000000000000000, -1.000000000000000000 ) ) ;
#6016 = DIRECTION ( 'NONE',  ( 0.000000000000000000, 0.000000000000000000, 1.000000000000000000 ) ) ;
#6017 = CIRCLE ( 'NONE', #5003, 10.49999999999999467 ) ;
#6018 = EDGE_CURVE ( 'NONE', #5426, #2640, #6477, .T. ) ;
#6019 = CARTESIAN_POINT ( 'NONE',  ( 10.51348398794836214, 105.4999999999999858, -58.67472917722938064 ) ) ;
#6020 = CARTESIAN_POINT ( 'NONE',  ( -1.371576636564661555, 110.9999999999999858, -87.55163123096367883 ) ) ;
#6021 = DIRECTION ( 'NONE',  ( 0.000000000000000000, -1.000000000000000000, 0.000000000000000000 ) ) ;
#6022 = CIRCLE ( 'NONE', #1869, 12.49999999999999645 ) ;
#6023 = CARTESIAN_POINT ( 'NONE',  ( -5.568177290555279768, 105.4999999999999858, -60.80869079772411823 ) ) ;
#6024 = CIRCLE ( 'NONE', #3900, 26.49999999999995381 ) ;
#6025 = EDGE_LOOP ( 'NONE', ( #1147, #4278, #5010, #5646 ) ) ;
#6026 = CARTESIAN_POINT ( 'NONE',  ( 0.000000000000000000, 105.4999999999999858, -71.99999999999998579 ) ) ;
#6027 = CIRCLE ( 'NONE', #6906, 12.50000000000000178 ) ;
#6028 = CARTESIAN_POINT ( 'NONE',  ( 0.000000000000000000, 105.4999999999999858, -71.99999999999998579 ) ) ;
#6029 = CIRCLE ( 'NONE', #3004, 26.50000000000002487 ) ;
#6030 = CARTESIAN_POINT ( 'NONE',  ( -10.63935037053611410, 105.4999999999999858, -83.42535251563752752 ) ) ;
#6031 = B_SPLINE_CURVE_WITH_KNOTS ( 'NONE', 3,
 ( #5193, #1399, #5725, #1854 ),
 .UNSPECIFIED., .F., .F.,
 ( 4, 4 ),
 ( 0.000000000000000000, 1.000000000000000000 ),
 .UNSPECIFIED. ) ;
#6032 = CARTESIAN_POINT ( 'NONE',  ( 4.379618764947541543, 110.9999999999999858, -59.21435921554750337 ) ) ;
#6033 = EDGE_LOOP ( 'NONE', ( #2827, #6854, #2037, #1436 ) ) ;
#6034 = CARTESIAN_POINT ( 'NONE',  ( -5.704278851339863010, 105.4999999999999858, -87.34093141824349971 ) ) ;
#6035 = DIRECTION ( 'NONE',  ( -0.9928535775496396543, 0.000000000000000000, -0.1193389020683599672 ) ) ;
#6036 = ORIENTED_EDGE ( 'NONE', *, *, #5054, .T. ) ;
#6037 = EDGE_CURVE ( 'NONE', #6905, #201, #4332, .T. ) ;
#6038 = CARTESIAN_POINT ( 'NONE',  ( -13.13794342037001606, 105.4999999999999858, -66.36011380185183839 ) ) ;
#6039 = CARTESIAN_POINT ( 'NONE',  ( -11.28796086975797586, 110.9999999999999858, -63.53925392064403610 ) ) ;
#6040 = DIRECTION ( 'NONE',  ( 0.000000000000000000, -1.000000000000000000, 0.000000000000000000 ) ) ;
#6041 = CARTESIAN_POINT ( 'NONE',  ( -11.56014483844734109, 105.4999999999999858, -80.14063086800126712 ) ) ;
#6042 = ORIENTED_EDGE ( 'NONE', *, *, #238, .F. ) ;
#6043 = CARTESIAN_POINT ( 'NONE',  ( -11.52562097703219912, 105.4999999999999858, -80.11418886548004537 ) ) ;
#6044 = CARTESIAN_POINT ( 'NONE',  ( -13.75336083684893396, 105.4999999999999858, -68.86195116227379742 ) ) ;
#6045 = CARTESIAN_POINT ( 'NONE',  ( -6.907869425497703553, 105.4999999999999858, -82.41783758753580003 ) ) ;
#6046 = EDGE_CURVE ( 'NONE', #2584, #2195, #4421, .T. ) ;
#6047 = CARTESIAN_POINT ( 'NONE',  ( 13.37364744971983654, 105.4999999999999858, -66.19088901815098325 ) ) ;
#6048 = CARTESIAN_POINT ( 'NONE',  ( 16.35281189707958305, 105.4999999999999858, -71.31551694546004683 ) ) ;
#6049 = CARTESIAN_POINT ( 'NONE',  ( -10.21301439205561401, 105.4999999999999858, -83.23881055425104591 ) ) ;
#6050 = ORIENTED_EDGE ( 'NONE', *, *, #6499, .F. ) ;
#6051 = CARTESIAN_POINT ( 'NONE',  ( -7.592422406486691422, 105.4999999999999858, -86.16412299226151106 ) ) ;
#6052 = ORIENTED_EDGE ( 'NONE', *, *, #4287, .T. ) ;
#6053 = CARTESIAN_POINT ( 'NONE',  ( -2.584505763027844960, 110.9999999999999858, -55.58129176459650012 ) ) ;
#6054 = CARTESIAN_POINT ( 'NONE',  ( 16.35871260184050158, 105.4999999999999858, -76.62520507765191269 ) ) ;
#6055 = EDGE_CURVE ( 'NONE', #4111, #3363, #3891, .T. ) ;
#6056 = CARTESIAN_POINT ( 'NONE',  ( -12.47487818351624433, 110.9999999999999858, -81.38679235523434841 ) ) ;
#6057 = CARTESIAN_POINT ( 'NONE',  ( -11.27866494759071081, 105.4999999999999858, -63.54590532044537809 ) ) ;
#6058 = CARTESIAN_POINT ( 'NONE',  ( 14.88015469111950573, 105.4999999999999858, -78.07027631222717901 ) ) ;
#6059 = CARTESIAN_POINT ( 'NONE',  ( 6.887671465245843727, 105.4999999999999858, -59.65225520990117758 ) ) ;
#6060 = CARTESIAN_POINT ( 'NONE',  ( -16.35871260184331888, 105.4999999999999858, -76.62520507764193667 ) ) ;
#6061 = DIRECTION ( 'NONE',  ( -0.9928535775496396543, 0.000000000000000000, -0.1193389020683603002 ) ) ;
#6062 = ORIENTED_EDGE ( 'NONE', *, *, #5496, .F. ) ;
#6063 = DIRECTION ( 'NONE',  ( 0.9928535775496396543, 0.000000000000000000, 0.1193389020683603002 ) ) ;
#6064 = CARTESIAN_POINT ( 'NONE',  ( -12.36363030734736768, 105.4999999999999858, -81.18232001381309715 ) ) ;
#6065 = CARTESIAN_POINT ( 'NONE',  ( -7.560642406434548768, 110.9999999999999858, -86.81848255802552217 ) ) ;
#6066 = CARTESIAN_POINT ( 'NONE',  ( -6.571045829569577279, 105.4999999999999858, -60.19004540647883772 ) ) ;
#6067 = ORIENTED_EDGE ( 'NONE', *, *, #718, .T. ) ;
#6068 = CARTESIAN_POINT ( 'NONE',  ( 6.309818809593036981, 105.4999999999999858, -87.78563228350571990 ) ) ;
#6069 = FACE_OUTER_BOUND ( 'NONE', #5517, .T. ) ;
#6070 = ORIENTED_EDGE ( 'NONE', *, *, #5851, .T. ) ;
#6071 = EDGE_CURVE ( 'NONE', #5286, #5868, #6017, .T. ) ;
#6072 = DIRECTION ( 'NONE',  ( -0.9928535775496396543, 0.000000000000000000, -0.1193389020683602447 ) ) ;
#6073 = DIRECTION ( 'NONE',  ( 0.000000000000000000, -1.000000000000000000, 0.000000000000000000 ) ) ;
#6074 = CARTESIAN_POINT ( 'NONE',  ( 12.00742970900217266, 110.9999999999999858, -83.82174768233524276 ) ) ;
#6075 = CARTESIAN_POINT ( 'NONE',  ( -11.99366533464750972, 110.9999999999999858, -80.61431988354991063 ) ) ;
#6076 = VERTEX_POINT ( 'NONE', #3245 ) ;
#6077 = CARTESIAN_POINT ( 'NONE',  ( 14.02344611068738089, 110.9999999999999858, -74.78510912273706879 ) ) ;
#6078 = CARTESIAN_POINT ( 'NONE',  ( 6.571045829583094466, 105.4999999999999858, -60.19004540650072244 ) ) ;
#6079 = CARTESIAN_POINT ( 'NONE',  ( 12.88743212069552690, 110.9999999999999858, -82.33806463254155972 ) ) ;
#6080 = EDGE_CURVE ( 'NONE', #2240, #5075, #5417, .T. ) ;
#6081 = CARTESIAN_POINT ( 'NONE',  ( 7.452998935104909073, 105.4999999999999858, -84.74783597669184587 ) ) ;
#6082 = CARTESIAN_POINT ( 'NONE',  ( 16.06270153686928026, 105.4999999999999858, -71.49316918415537714 ) ) ;
#6083 = CARTESIAN_POINT ( 'NONE',  ( -10.42436958045855455, 105.4999999999999858, -83.33608724660189182 ) ) ;
#6084 = ORIENTED_EDGE ( 'NONE', *, *, #5621, .T. ) ;
#6085 = CARTESIAN_POINT ( 'NONE',  ( -7.773303275929052347, 110.9999999999999858, -81.78906309002195485 ) ) ;
#6086 = ORIENTED_EDGE ( 'NONE', *, *, #5570, .T. ) ;
#6087 = CARTESIAN_POINT ( 'NONE',  ( -15.64886569487232748, 110.9999999999999858, -77.94386808352770402 ) ) ;
#6088 = DIRECTION ( 'NONE',  ( 0.000000000000000000, -1.000000000000000000, 0.000000000000000000 ) ) ;
#6089 = CARTESIAN_POINT ( 'NONE',  ( 4.758816829677870786, 110.9999999999999858, -86.42117152066886376 ) ) ;
#6090 = CARTESIAN_POINT ( 'NONE',  ( -1.264283200091607995, 110.9999999999999858, -57.96142500675897935 ) ) ;
#6091 = CARTESIAN_POINT ( 'NONE',  ( -8.356536486907536698, 110.9999999999999858, -81.85073316783557118 ) ) ;
#6092 = CARTESIAN_POINT ( 'NONE',  ( -9.586723778983101241, 105.4999999999999858, -61.66681428425850697 ) ) ;
#6093 = CARTESIAN_POINT ( 'NONE',  ( -14.64448700263735859, 110.9999999999999858, -75.09884710879349257 ) ) ;
#6094 = CARTESIAN_POINT ( 'NONE',  ( -10.22200870383626459, 105.4999999999999858, -64.10195061677650585 ) ) ;
#6095 = ORIENTED_EDGE ( 'NONE', *, *, #2899, .T. ) ;
#6096 = CARTESIAN_POINT ( 'NONE',  ( 9.287159011798250319, 110.9999999999999858, -57.94010085487913386 ) ) ;
#6097 = CARTESIAN_POINT ( 'NONE',  ( -16.81980934022108443, 105.4999999999999858, -70.98703393936094130 ) ) ;
#6098 = CARTESIAN_POINT ( 'NONE',  ( -7.508918062298481466, 110.9999999999999858, -87.25175889966922682 ) ) ;
#6099 = CARTESIAN_POINT ( 'NONE',  ( 15.09667704849070446, 105.4999999999999858, -68.95620347162729047 ) ) ;
#6100 = VERTEX_POINT ( 'NONE', #2859 ) ;
#6101 = CARTESIAN_POINT ( 'NONE',  ( 4.555022691701712034, 105.4999999999999858, -58.66089327844745327 ) ) ;
#6102 = ORIENTED_EDGE ( 'NONE', *, *, #356, .T. ) ;
#6103 = CARTESIAN_POINT ( 'NONE',  ( -8.031390678579809261, 110.9999999999999858, -58.61227352453458650 ) ) ;
#6104 = CARTESIAN_POINT ( 'NONE',  ( 6.125843526397059868, 110.9999999999999858, -60.62710735604116508 ) ) ;
#6105 = AXIS2_PLACEMENT_3D ( 'NONE', #5567, #1870, #6061 ) ;
#6106 = EDGE_LOOP ( 'NONE', ( #3340, #4302, #3943, #2510 ) ) ;
#6107 = CARTESIAN_POINT ( 'NONE',  ( 16.93749997582699507, 110.9999999999999858, -70.89669467784811729 ) ) ;
#6108 = CARTESIAN_POINT ( 'NONE',  ( -11.52562097703219912, 110.9999999999999858, -80.11418886548004537 ) ) ;
#6109 = ORIENTED_EDGE ( 'NONE', *, *, #3506, .T. ) ;
#6110 = CARTESIAN_POINT ( 'NONE',  ( -7.175214880277781759, 105.4999999999999858, -59.30683223420265904 ) ) ;
#6111 = CIRCLE ( 'NONE', #2613, 12.50000000000000178 ) ;
#6112 = CARTESIAN_POINT ( 'NONE',  ( -4.631706060441336703, 105.4999999999999858, -58.17438914629227753 ) ) ;
#6113 = CARTESIAN_POINT ( 'NONE',  ( 0.000000000000000000, 105.9999999999999858, -71.99999999999998579 ) ) ;
#6114 = AXIS2_PLACEMENT_3D ( 'NONE', #4488, #6618, #2787 ) ;
#6115 = DIRECTION ( 'NONE',  ( 0.000000000000000000, 1.000000000000000000, -0.000000000000000000 ) ) ;
#6116 = CARTESIAN_POINT ( 'NONE',  ( -16.82566797711187334, 111.0000000000000142, -69.57164724062906203 ) ) ;
#6117 = CARTESIAN_POINT ( 'NONE',  ( -13.24253798505387891, 105.4999999999999858, -66.28899770380768075 ) ) ;
#6118 = ORIENTED_EDGE ( 'NONE', *, *, #3216, .F. ) ;
#6119 = CARTESIAN_POINT ( 'NONE',  ( -7.228840749649124042, 105.4999999999999858, -84.10057276607587085 ) ) ;
#6120 = ORIENTED_EDGE ( 'NONE', *, *, #4635, .F. ) ;
#6121 = DIRECTION ( 'NONE',  ( -0.9928535775496396543, 0.000000000000000000, -0.1193389020683602447 ) ) ;
#6122 = ADVANCED_FACE ( 'NONE', ( #3851 ), #4854, .F. ) ;
#6123 = VECTOR ( 'NONE', #1512, 1000.000000000000000 ) ;
#6124 = CARTESIAN_POINT ( 'NONE',  ( 6.283281050849531368, 105.4999999999999858, -87.76757962723074513 ) ) ;
#6125 = DIRECTION ( 'NONE',  ( 0.000000000000000000, 0.000000000000000000, 1.000000000000000000 ) ) ;
#6126 = LINE ( 'NONE', #2246, #2169 ) ;
#6127 = CARTESIAN_POINT ( 'NONE',  ( 8.922906132225215003, 110.9999999999999858, -63.24604397112379672 ) ) ;
#6128 = CARTESIAN_POINT ( 'NONE',  ( -13.87181067862431050, 110.9999999999999858, -74.73490184674703585 ) ) ;
#6129 = CARTESIAN_POINT ( 'NONE',  ( -10.67026573806877998, 105.4999999999999858, -79.28107650558192177 ) ) ;
#6130 = AXIS2_PLACEMENT_3D ( 'NONE', #180, #2328, #6166 ) ;
#6131 = ORIENTED_EDGE ( 'NONE', *, *, #497, .T. ) ;
#6132 = CIRCLE ( 'NONE', #956, 16.99999999999860378 ) ;
#6133 = CARTESIAN_POINT ( 'NONE',  ( -6.571045829569577279, 110.9999999999999858, -60.19004540647883772 ) ) ;
#6134 = CARTESIAN_POINT ( 'NONE',  ( -14.76644926664480906, 105.4999999999999858, -72.08056842383929563 ) ) ;
#6135 = VECTOR ( 'NONE', #4067, 1000.000000000000000 ) ;
#6136 = CARTESIAN_POINT ( 'NONE',  ( -14.64448700263735859, 105.4999999999999858, -75.09884710879349257 ) ) ;
#6137 = EDGE_CURVE ( 'NONE', #201, #1256, #2993, .T. ) ;
#6138 = CARTESIAN_POINT ( 'NONE',  ( 16.13777575158474065, 105.4999999999999858, -69.26958468641541344 ) ) ;
#6139 = ORIENTED_EDGE ( 'NONE', *, *, #5583, .F. ) ;
#6140 = CARTESIAN_POINT ( 'NONE',  ( 7.356595353049566022, 105.4999999999999858, -84.40406644307412876 ) ) ;
#6141 = AXIS2_PLACEMENT_3D ( 'NONE', #5899, #1035, #514 ) ;
#6142 = AXIS2_PLACEMENT_3D ( 'NONE', #1902, #2185, #6196 ) ;
#6143 = CARTESIAN_POINT ( 'NONE',  ( 16.13777575158474065, 110.9999999999999858, -69.26958468641541344 ) ) ;
#6144 = EDGE_CURVE ( 'NONE', #5069, #5275, #4887, .T. ) ;
#6145 = CARTESIAN_POINT ( 'NONE',  ( -10.80649035581139117, 105.4999999999999858, -63.88375474834019485 ) ) ;
#6146 = ORIENTED_EDGE ( 'NONE', *, *, #1776, .F. ) ;
#6147 = DIRECTION ( 'NONE',  ( 0.000000000000000000, -1.000000000000000000, 0.000000000000000000 ) ) ;
#6148 = ORIENTED_EDGE ( 'NONE', *, *, #4187, .F. ) ;
#6149 = CARTESIAN_POINT ( 'NONE',  ( -10.51584916751575527, 110.9999999999999858, -58.64272047585996006 ) ) ;
#6150 = DIRECTION ( 'NONE',  ( 0.000000000000000000, -1.000000000000000000, 0.000000000000000000 ) ) ;
#6151 = DIRECTION ( 'NONE',  ( -0.000000000000000000, -1.000000000000000000, -0.000000000000000000 ) ) ;
#6152 = CARTESIAN_POINT ( 'NONE',  ( 14.29899089952007074, 110.9999999999999858, -65.23022666582245677 ) ) ;
#6153 = CARTESIAN_POINT ( 'NONE',  ( -9.348592654719615425, 110.9999999999999858, -82.68747375309285985 ) ) ;
#6154 = ORIENTED_EDGE ( 'NONE', *, *, #4814, .F. ) ;
#6155 = CARTESIAN_POINT ( 'NONE',  ( -4.159050406661600974, 110.9999999999999858, -85.47978429096735908 ) ) ;
#6156 = EDGE_LOOP ( 'NONE', ( #3543, #6000, #3768, #4247 ) ) ;
#6157 = DIRECTION ( 'NONE',  ( -0.9928535775496396543, 0.000000000000000000, -0.1193389020683599394 ) ) ;
#6158 = ADVANCED_FACE ( 'NONE', ( #5531 ), #3755, .F. ) ;
#6159 = DIRECTION ( 'NONE',  ( 0.000000000000000000, 0.000000000000000000, 1.000000000000000000 ) ) ;
#6160 = CARTESIAN_POINT ( 'NONE',  ( 0.000000000000000000, 105.4999999999999858, -71.99999999999998579 ) ) ;
#6161 = CARTESIAN_POINT ( 'NONE',  ( -1.656495109850143699, 105.4999999999999858, -56.90455202393717116 ) ) ;
#6162 = CARTESIAN_POINT ( 'NONE',  ( 6.982279347674338332, 105.4999999999999858, -59.52355624563045211 ) ) ;
#6163 = CARTESIAN_POINT ( 'NONE',  ( -16.33798488876574240, 105.4999999999999858, -76.60069971194489824 ) ) ;
#6164 = CARTESIAN_POINT ( 'NONE',  ( 12.97197360451072967, 110.9999999999999858, -82.58038119041275138 ) ) ;
#6165 = VERTEX_POINT ( 'NONE', #4411 ) ;
#6166 = DIRECTION ( 'NONE',  ( 0.9928535775496396543, 0.000000000000000000, 0.1193389020683599394 ) ) ;
#6167 = CARTESIAN_POINT ( 'NONE',  ( -14.10525394429809509, 110.9999999999999858, -72.20999043556017227 ) ) ;
#6168 = CARTESIAN_POINT ( 'NONE',  ( -1.551105578362585780, 111.0000000000000000, -57.11181930325719236 ) ) ;
#6169 = ADVANCED_FACE ( 'NONE', ( #6544 ), #1729, .T. ) ;
#6170 = CARTESIAN_POINT ( 'NONE',  ( 14.42701580430001407, 105.4999999999999858, -68.85107475512803887 ) ) ;
#6171 = ORIENTED_EDGE ( 'NONE', *, *, #1068, .T. ) ;
#6172 = CARTESIAN_POINT ( 'NONE',  ( -2.514624488110082545, 110.9999999999999858, -55.66384641134396816 ) ) ;
#6173 = CARTESIAN_POINT ( 'NONE',  ( 15.32306896980864863, 110.9999999999999858, -69.01034888990385241 ) ) ;
#6174 = ADVANCED_FACE ( 'NONE', ( #3534 ), #3041, .F. ) ;
#6175 = CARTESIAN_POINT ( 'NONE',  ( -8.923273903624934889, 105.4999999999999858, -62.65955949423155857 ) ) ;
#6176 = VERTEX_POINT ( 'NONE', #888 ) ;
#6177 = CARTESIAN_POINT ( 'NONE',  ( 14.58021317981711817, 105.4999999999999858, -72.13266551896890633 ) ) ;
#6178 = ORIENTED_EDGE ( 'NONE', *, *, #665, .F. ) ;
#6179 = CARTESIAN_POINT ( 'NONE',  ( 1.281230874829494937, 105.4999999999999858, -57.85868721467801379 ) ) ;
#6180 = CARTESIAN_POINT ( 'NONE',  ( 15.40483625195309969, 110.9999999999999858, -77.99034810664953454 ) ) ;
#6181 = DIRECTION ( 'NONE',  ( 0.000000000000000000, 1.000000000000000000, -0.000000000000000000 ) ) ;
#6182 = CARTESIAN_POINT ( 'NONE',  ( 15.03960127451773765, 105.4999999999999858, -64.07469915375594383 ) ) ;
#6183 = FACE_OUTER_BOUND ( 'NONE', #5940, .T. ) ;
#6184 = CARTESIAN_POINT ( 'NONE',  ( 13.92992009981655244, 105.4999999999999858, -74.75238185207895469 ) ) ;
#6185 = VERTEX_POINT ( 'NONE', #181 ) ;
#6186 = CARTESIAN_POINT ( 'NONE',  ( -12.32651562895952146, 105.4999999999999858, -63.13018951183325811 ) ) ;
#6187 = VERTEX_POINT ( 'NONE', #246 ) ;
#6188 = LINE ( 'NONE', #5662, #1182 ) ;
#6189 = CARTESIAN_POINT ( 'NONE',  ( 4.155439442330526312, 105.4999999999999858, -85.46893918955788649 ) ) ;
#6190 = CARTESIAN_POINT ( 'NONE',  ( -13.66909548869403324, 110.9999999999999858, -78.10079351353077470 ) ) ;
#6191 = CARTESIAN_POINT ( 'NONE',  ( 2.889916630983060397, 105.4999999999999858, -55.24743655836754641 ) ) ;
#6192 = FACE_OUTER_BOUND ( 'NONE', #5807, .T. ) ;
#6193 = EDGE_CURVE ( 'NONE', #2302, #3342, #727, .T. ) ;
#6194 = CARTESIAN_POINT ( 'NONE',  ( 11.64073008976409795, 105.4999999999999858, -77.60018294151203122 ) ) ;
#6195 = ORIENTED_EDGE ( 'NONE', *, *, #3795, .F. ) ;
#6196 = DIRECTION ( 'NONE',  ( 0.000000000000000000, 0.000000000000000000, 1.000000000000000000 ) ) ;
#6197 = CARTESIAN_POINT ( 'NONE',  ( -14.09382379057604950, 110.9999999999999858, -72.21007334604077244 ) ) ;
#6198 = CARTESIAN_POINT ( 'NONE',  ( -14.42053432645703381, 110.9999999999999858, -72.16896523957227316 ) ) ;
#6199 = CARTESIAN_POINT ( 'NONE',  ( -1.463387188152906582, 111.0000000000000000, -57.30602119393117277 ) ) ;
#6200 = CARTESIAN_POINT ( 'NONE',  ( -14.36663973143969919, 105.4999999999999858, -78.11016523840640957 ) ) ;
#6201 = VERTEX_POINT ( 'NONE', #4099 ) ;
#6202 = DIRECTION ( 'NONE',  ( -0.9928535775496396543, 0.000000000000000000, -0.1193389020683602447 ) ) ;
#6203 = CARTESIAN_POINT ( 'NONE',  ( -9.052861137566610594, 110.9999999999999858, -58.04305032808315445 ) ) ;
#6204 = ADVANCED_FACE ( 'NONE', ( #4002 ), #5997, .F. ) ;
#6205 = CARTESIAN_POINT ( 'NONE',  ( 1.518223395023204247, 105.4999999999999858, -87.10998091890850503 ) ) ;
#6206 = VERTEX_POINT ( 'NONE', #814 ) ;
#6207 = DIRECTION ( 'NONE',  ( 0.000000000000000000, 0.000000000000000000, 1.000000000000000000 ) ) ;
#6208 = ORIENTED_EDGE ( 'NONE', *, *, #1975, .T. ) ;
#6209 = CARTESIAN_POINT ( 'NONE',  ( 11.45325643223628020, 105.4999999999999858, -63.44215034355331539 ) ) ;
#6210 = CARTESIAN_POINT ( 'NONE',  ( -4.402314712682393605, 110.9999999999999858, -56.23603478931794797 ) ) ;
#6211 = VECTOR ( 'NONE', #5745, 1000.000000000000000 ) ;
#6212 = CARTESIAN_POINT ( 'NONE',  ( 0.000000000000000000, 0.000000000000000000, 0.000000000000000000 ) ) ;
#6213 = LINE ( 'NONE', #3589, #1841 ) ;
#6214 = CARTESIAN_POINT ( 'NONE',  ( -8.922906132221944731, 110.9999999999999858, -63.24604397112046428 ) ) ;
#6215 = DIRECTION ( 'NONE',  ( 0.000000000000000000, 1.000000000000000000, 0.000000000000000000 ) ) ;
#6216 = VECTOR ( 'NONE', #6485, 1000.000000000000000 ) ;
#6217 = ORIENTED_EDGE ( 'NONE', *, *, #1353, .F. ) ;
#6218 = CARTESIAN_POINT ( 'NONE',  ( 13.82951663048718594, 105.4999999999999858, -74.72478799498279045 ) ) ;
#6219 = ORIENTED_EDGE ( 'NONE', *, *, #2505, .F. ) ;
#6220 = CARTESIAN_POINT ( 'NONE',  ( 11.56714206210248186, 110.9999999999999858, -63.38712684246140583 ) ) ;
#6221 = CARTESIAN_POINT ( 'NONE',  ( -12.70925341271077436, 105.4999999999999858, -74.31160630139326884 ) ) ;
#6222 = VECTOR ( 'NONE', #6290, 1000.000000000000000 ) ;
#6223 = ADVANCED_FACE ( 'NONE', ( #786 ), #2984, .T. ) ;
#6224 = CYLINDRICAL_SURFACE ( 'NONE', #4866, 16.99999999999859668 ) ;
#6225 = CARTESIAN_POINT ( 'NONE',  ( 5.445672500531541615, 105.4999999999999858, -87.11991763057547189 ) ) ;
#6226 = FACE_OUTER_BOUND ( 'NONE', #1772, .T. ) ;
#6227 = ORIENTED_EDGE ( 'NONE', *, *, #3193, .T. ) ;
#6228 = CARTESIAN_POINT ( 'NONE',  ( -1.449089840208113822, 105.4999999999999858, -87.33213924564461195 ) ) ;
#6229 = ORIENTED_EDGE ( 'NONE', *, *, #1793, .T. ) ;
#6230 = VECTOR ( 'NONE', #3243, 1000.000000000000000 ) ;
#6231 = CARTESIAN_POINT ( 'NONE',  ( 7.063938973404970234, 110.9999999999999858, -59.42696831735799634 ) ) ;
#6232 = CARTESIAN_POINT ( 'NONE',  ( -15.39961931675355444, 110.9999999999999858, -71.83850662047268543 ) ) ;
#6233 = CARTESIAN_POINT ( 'NONE',  ( 0.000000000000000000, 105.4999999999999858, -71.99999999999998579 ) ) ;
#6234 = CIRCLE ( 'NONE', #3771, 11.00000000000012790 ) ;
#6235 = CARTESIAN_POINT ( 'NONE',  ( 4.155439442330526312, 105.4999999999999858, -85.46893918955788649 ) ) ;
#6236 = ORIENTED_EDGE ( 'NONE', *, *, #6833, .T. ) ;
#6237 = CARTESIAN_POINT ( 'NONE',  ( 9.274493938803244575, 105.4999999999999858, -82.61431872660638476 ) ) ;
#6238 = CARTESIAN_POINT ( 'NONE',  ( -15.02442146371329379, 110.9999999999999858, -64.10297855228101582 ) ) ;
#6239 = VECTOR ( 'NONE', #4643, 1000.000000000000000 ) ;
#6240 = AXIS2_PLACEMENT_3D ( 'NONE', #446, #2492, #883 ) ;
#6241 = AXIS2_PLACEMENT_3D ( 'NONE', #5132, #303, #2452 ) ;
#6242 = DIRECTION ( 'NONE',  ( 0.000000000000000000, 1.000000000000000000, -0.000000000000000000 ) ) ;
#6243 = VERTEX_POINT ( 'NONE', #2363 ) ;
#6244 = AXIS2_PLACEMENT_3D ( 'NONE', #1141, #3335, #3728 ) ;
#6245 = CARTESIAN_POINT ( 'NONE',  ( 15.39961931676260143, 110.9999999999999858, -71.83850662049661651 ) ) ;
#6246 = EDGE_CURVE ( 'NONE', #3159, #937, #2967, .T. ) ;
#6247 = AXIS2_PLACEMENT_3D ( 'NONE', #409, #974, #2585 ) ;
#6249 = ORIENTED_EDGE ( 'NONE', *, *, #2424, .T. ) ;
#6248 = VECTOR ( 'NONE', #5566, 1000.000000000000000 ) ;
#6250 = CARTESIAN_POINT ( 'NONE',  ( 1.264283200125452478, 105.4999999999999858, -57.96142500677489551 ) ) ;
#6251 = CARTESIAN_POINT ( 'NONE',  ( -11.08283655869610129, 105.4999999999999858, -77.78106684040487551 ) ) ;
#6252 =( NAMED_UNIT ( * ) SI_UNIT ( $, .STERADIAN. ) SOLID_ANGLE_UNIT ( ) );
#6253 = CARTESIAN_POINT ( 'NONE',  ( -12.96079323226404156, 110.9999999999999858, -66.45943697436599962 ) ) ;
#6254 = FACE_OUTER_BOUND ( 'NONE', #5486, .T. ) ;
#6255 = DIRECTION ( 'NONE',  ( 0.000000000000000000, 1.000000000000000000, -0.000000000000000000 ) ) ;
#6256 = ORIENTED_EDGE ( 'NONE', *, *, #6600, .T. ) ;
#6257 = CARTESIAN_POINT ( 'NONE',  ( -12.10196666173393254, 110.9999999999999858, -63.19055870713850709 ) ) ;
#6258 = ORIENTED_EDGE ( 'NONE', *, *, #4504, .F. ) ;
#6259 = CARTESIAN_POINT ( 'NONE',  ( 6.907869425497130678, 105.4999999999999858, -82.41783758753618372 ) ) ;
#6260 = EDGE_CURVE ( 'NONE', #913, #6364, #1860, .T. ) ;
#6261 = DIRECTION ( 'NONE',  ( 0.000000000000000000, 1.000000000000000000, 0.000000000000000000 ) ) ;
#6262 = CARTESIAN_POINT ( 'NONE',  ( 2.593397313772203283, 105.4999999999999858, -55.56756167535299795 ) ) ;
#6263 = CARTESIAN_POINT ( 'NONE',  ( 8.922906132225215003, 105.4999999999999858, -63.24604397112379672 ) ) ;
#6264 = CARTESIAN_POINT ( 'NONE',  ( -13.29290619786284289, 105.4999999999999858, -62.96861566794700593 ) ) ;
#6265 = CARTESIAN_POINT ( 'NONE',  ( 9.274493938803244575, 105.4999999999999858, -82.61431872660638476 ) ) ;
#6266 = ORIENTED_EDGE ( 'NONE', *, *, #2944, .T. ) ;
#6267 = ORIENTED_EDGE ( 'NONE', *, *, #2802, .T. ) ;
#6268 = CARTESIAN_POINT ( 'NONE',  ( 9.274493938803244575, 110.9999999999999858, -82.61431872660638476 ) ) ;
#6269 = CARTESIAN_POINT ( 'NONE',  ( 0.000000000000000000, 112.9999999999999858, -99.49999999999997158 ) ) ;
#6270 = CARTESIAN_POINT ( 'NONE',  ( -1.265560432783495504, 111.0000000000000000, -57.95006613512011739 ) ) ;
#6271 = CARTESIAN_POINT ( 'NONE',  ( -15.77767083622736166, 105.4999999999999858, -77.91584224477422538 ) ) ;
#6272 = ORIENTED_EDGE ( 'NONE', *, *, #2278, .T. ) ;
#6273 = CARTESIAN_POINT ( 'NONE',  ( -1.656495109850143699, 110.9999999999999858, -56.90455202393717116 ) ) ;
#6274 = DIRECTION ( 'NONE',  ( 0.000000000000000000, 1.000000000000000000, -0.000000000000000000 ) ) ;
#6275 = CARTESIAN_POINT ( 'NONE',  ( 0.8797706761290019495, 110.9999999999999858, -88.61254774193008643 ) ) ;
#6276 = ORIENTED_EDGE ( 'NONE', *, *, #2820, .T. ) ;
#6277 = EDGE_CURVE ( 'NONE', #1013, #4811, #4697, .T. ) ;
#6278 = ORIENTED_EDGE ( 'NONE', *, *, #3475, .F. ) ;
#6279 = CARTESIAN_POINT ( 'NONE',  ( 11.31448124629172725, 105.4999999999999858, -63.52124220525865184 ) ) ;
#6280 = CARTESIAN_POINT ( 'NONE',  ( 13.82951663048718594, 105.4999999999999858, -74.72478799498279045 ) ) ;
#6281 = LINE ( 'NONE', #1362, #1719 ) ;
#6282 = CARTESIAN_POINT ( 'NONE',  ( 13.52259278332552661, 110.9999999999999858, -66.06754691278540292 ) ) ;
#6283 = CARTESIAN_POINT ( 'NONE',  ( 23.81569860407268990, 114.9999999999999858, -58.24999999999947420 ) ) ;
#6284 = VERTEX_POINT ( 'NONE', #1048 ) ;
#6285 = CARTESIAN_POINT ( 'NONE',  ( -11.28796086975797586, 105.4999999999999858, -63.53925392064403610 ) ) ;
#6286 = ORIENTED_EDGE ( 'NONE', *, *, #3383, .F. ) ;
#6287 = CARTESIAN_POINT ( 'NONE',  ( 11.27866494760152172, 110.9999999999999858, -63.54590532048115392 ) ) ;
#6288 = EDGE_CURVE ( 'NONE', #1850, #2980, #3593, .T. ) ;
#6289 = DIRECTION ( 'NONE',  ( -0.000000000000000000, -1.000000000000000000, 0.000000000000000000 ) ) ;
#6290 = DIRECTION ( 'NONE',  ( 0.000000000000000000, 1.000000000000000000, 0.000000000000000000 ) ) ;
#6291 = DIRECTION ( 'NONE',  ( 0.000000000000000000, 0.000000000000000000, 1.000000000000000000 ) ) ;
#6292 = CARTESIAN_POINT ( 'NONE',  ( -13.94700302802691638, 105.4999999999999858, -62.93182237399975776 ) ) ;
#6293 = CARTESIAN_POINT ( 'NONE',  ( -4.536970427943959550, 105.4999999999999858, -56.84391636746329368 ) ) ;
#6294 = VERTEX_POINT ( 'NONE', #423 ) ;
#6295 = CARTESIAN_POINT ( 'NONE',  ( -2.073336447187922538, 105.4999999999999858, -84.32685182748465991 ) ) ;
#6296 = VERTEX_POINT ( 'NONE', #6396 ) ;
#6297 = CARTESIAN_POINT ( 'NONE',  ( 10.67026573805624245, 110.9999999999999858, -79.28107650558459341 ) ) ;
#6298 = DIRECTION ( 'NONE',  ( 0.000000000000000000, 1.000000000000000000, 0.000000000000000000 ) ) ;
#6299 = CYLINDRICAL_SURFACE ( 'NONE', #3086, 16.99999999999860378 ) ;
#6300 = CARTESIAN_POINT ( 'NONE',  ( -15.95310383445450242, 105.4999999999999858, -77.87354050356898938 ) ) ;
#6301 = EDGE_CURVE ( 'NONE', #36, #3873, #5453, .T. ) ;
#6302 = EDGE_LOOP ( 'NONE', ( #213, #5889, #1822, #6052 ) ) ;
#6303 = CARTESIAN_POINT ( 'NONE',  ( 9.282203818988755017, 110.9999999999999858, -82.62275750825911302 ) ) ;
#6304 = DIRECTION ( 'NONE',  ( 0.000000000000000000, 1.000000000000000000, -0.000000000000000000 ) ) ;
#6305 = DIRECTION ( 'NONE',  ( -0.9928535775496396543, 0.000000000000000000, -0.1193389020683603002 ) ) ;
#6306 = EDGE_CURVE ( 'NONE', #1447, #6865, #1470, .T. ) ;
#6307 = ORIENTED_EDGE ( 'NONE', *, *, #230, .F. ) ;
#6308 = ORIENTED_EDGE ( 'NONE', *, *, #4197, .T. ) ;
#6309 = CARTESIAN_POINT ( 'NONE',  ( -9.651732629709796285, 110.9999999999999858, -61.58547470637657284 ) ) ;
#6310 = CARTESIAN_POINT ( 'NONE',  ( 12.78231939802427775, 110.9999999999999858, -63.03636417403601655 ) ) ;
#6311 = CARTESIAN_POINT ( 'NONE',  ( 15.85315169316514350, 105.4999999999999858, -76.06946622870728447 ) ) ;
#6312 = ORIENTED_EDGE ( 'NONE', *, *, #2080, .F. ) ;
#6313 = CARTESIAN_POINT ( 'NONE',  ( -11.27866494759071081, 110.9999999999999858, -63.54590532044537809 ) ) ;
#6314 = ORIENTED_EDGE ( 'NONE', *, *, #1322, .T. ) ;
#6315 = AXIS2_PLACEMENT_3D ( 'NONE', #2676, #4301, #6506 ) ;
#6316 = DIRECTION ( 'NONE',  ( 0.000000000000000000, -1.000000000000000000, 0.000000000000000000 ) ) ;
#6317 = CARTESIAN_POINT ( 'NONE',  ( -11.95091575812299567, 105.4999999999999858, -67.09650547638105422 ) ) ;
#6318 = CIRCLE ( 'NONE', #6768, 2.000000000000001776 ) ;
#6319 = CARTESIAN_POINT ( 'NONE',  ( 13.84473902398710266, 105.4999999999999858, -65.75982956926132772 ) ) ;
#6320 = CARTESIAN_POINT ( 'NONE',  ( -13.94386143010087586, 111.0000000000000142, -68.84047439266417712 ) ) ;
#6321 = CARTESIAN_POINT ( 'NONE',  ( 36.99363960252269834, 112.4999999999999858, -93.35828778282059659 ) ) ;
#6322 = CARTESIAN_POINT ( 'NONE',  ( 12.00742970900217266, 105.4999999999999858, -83.82174768233524276 ) ) ;
#6323 = ORIENTED_EDGE ( 'NONE', *, *, #3901, .F. ) ;
#6324 = EDGE_CURVE ( 'NONE', #203, #6859, #4140, .T. ) ;
#6325 = CARTESIAN_POINT ( 'NONE',  ( 6.907869425497130678, 105.4999999999999858, -82.41783758753618372 ) ) ;
#6326 = ORIENTED_EDGE ( 'NONE', *, *, #6408, .F. ) ;
#6327 = CARTESIAN_POINT ( 'NONE',  ( 12.43211974918900431, 110.9999999999999858, -66.69942745194822464 ) ) ;
#6328 = DIRECTION ( 'NONE',  ( 0.000000000000000000, -1.000000000000000000, 0.000000000000000000 ) ) ;
#6329 = CIRCLE ( 'NONE', #1036, 2.000000000000001776 ) ;
#6330 = CARTESIAN_POINT ( 'NONE',  ( -11.67824955976157852, 110.9999999999999858, -80.24817318351124129 ) ) ;
#6331 = B_SPLINE_CURVE_WITH_KNOTS ( 'NONE', 3,
 ( #2831, #221, #6104, #1283 ),
 .UNSPECIFIED., .F., .F.,
 ( 4, 4 ),
 ( 0.000000000000000000, 1.000000000000000000 ),
 .UNSPECIFIED. ) ;
#6332 = CARTESIAN_POINT ( 'NONE',  ( 14.42701580430001407, 110.9999999999999858, -68.85107475512803887 ) ) ;
#6333 = CARTESIAN_POINT ( 'NONE',  ( -0.5000000000000108802, 105.9999999999999858, -80.48074069840785683 ) ) ;
#6334 = ORIENTED_EDGE ( 'NONE', *, *, #5123, .T. ) ;
#6335 = CARTESIAN_POINT ( 'NONE',  ( 10.42436958044680040, 105.4999999999999858, -83.33608724662467182 ) ) ;
#6336 = VECTOR ( 'NONE', #2073, 1000.000000000000000 ) ;
#6337 = B_SPLINE_CURVE_WITH_KNOTS ( 'NONE', 4,
 ( #615, #1105, #6866, #2124, #2766, #2055, #3799, #4220, #4804, #2691, #5895, #4254, #5397, #4320, #6451, #1636, #3694, #6414, #5861 ),
 .UNSPECIFIED., .F., .F.,
 ( 5, 1, 1, 1, 1, 1, 1, 1, 1, 1, 1, 1, 1, 1, 1, 5 ),
 ( 0.000000000000000000, 0.01510380894618329473, 0.06983612823799767444, 0.1205638147985295117, 0.1479301470313329203, 0.1752962048027451036, 0.2026623067199501693, 0.2300286649678376372, 0.2573949849334067341, 0.2847606352807794949, 0.3120163113035102631, 0.3302610210450994122, 0.3483393403036955105, 0.3617874722637031693, 0.3714944117322120931, 0.3768711599805257828 ),
 .UNSPECIFIED. ) ;
#6338 = DIRECTION ( 'NONE',  ( 0.000000000000000000, 0.000000000000000000, 1.000000000000000000 ) ) ;
#6339 = CIRCLE ( 'NONE', #2515, 2.000000000000001776 ) ;
#6340 = EDGE_CURVE ( 'NONE', #2765, #3790, #5790, .T. ) ;
#6341 = CARTESIAN_POINT ( 'NONE',  ( -10.30926330478154362, 110.9999999999999858, -59.99958076344123725 ) ) ;
#6342 = ORIENTED_EDGE ( 'NONE', *, *, #5743, .F. ) ;
#6343 = AXIS2_PLACEMENT_3D ( 'NONE', #6026, #5638, #6063 ) ;
#6344 = VERTEX_POINT ( 'NONE', #4663 ) ;
#6345 = AXIS2_PLACEMENT_3D ( 'NONE', #1506, #2625, #1542 ) ;
#6346 = CARTESIAN_POINT ( 'NONE',  ( -15.02442146371329379, 110.9999999999999858, -64.10297855228101582 ) ) ;
#6347 = ADVANCED_FACE ( 'NONE', ( #1974 ), #3207, .T. ) ;
#6348 = AXIS2_PLACEMENT_3D ( 'NONE', #5831, #441, #6907 ) ;
#6349 = AXIS2_PLACEMENT_3D ( 'NONE', #2271, #2886, #3380 ) ;
#6350 = AXIS2_PLACEMENT_3D ( 'NONE', #2517, #3025, #2988 ) ;
#6351 = CARTESIAN_POINT ( 'NONE',  ( -7.452998935136002423, 111.0000000000000142, -84.74783597668681523 ) ) ;
#6352 = CARTESIAN_POINT ( 'NONE',  ( 6.309818809593036981, 105.4999999999999858, -87.78563228350571990 ) ) ;
#6353 = VERTEX_POINT ( 'NONE', #5310 ) ;
#6354 = CARTESIAN_POINT ( 'NONE',  ( 11.52562097700145927, 110.9999999999999858, -80.11418886550141849 ) ) ;
#6355 = VERTEX_POINT ( 'NONE', #1449 ) ;
#6356 = CIRCLE ( 'NONE', #5009, 12.49999999999999645 ) ;
#6357 = CARTESIAN_POINT ( 'NONE',  ( 12.47487818349660493, 105.4999999999999858, -81.38679235524745081 ) ) ;
#6358 = FACE_OUTER_BOUND ( 'NONE', #1913, .T. ) ;
#6359 = CARTESIAN_POINT ( 'NONE',  ( 14.82677370416085338, 105.4999999999999858, -64.45562988407330351 ) ) ;
#6360 = DIRECTION ( 'NONE',  ( 0.000000000000000000, 1.000000000000000000, 0.000000000000000000 ) ) ;
#6361 = CARTESIAN_POINT ( 'NONE',  ( 16.35871260184050158, 110.9999999999999858, -76.62520507765191269 ) ) ;
#6362 = ORIENTED_EDGE ( 'NONE', *, *, #5641, .T. ) ;
#6363 = CARTESIAN_POINT ( 'NONE',  ( 6.942197780717182631, 105.4999999999999858, -83.59566991460177121 ) ) ;
#6364 = VERTEX_POINT ( 'NONE', #918 ) ;
#6365 = EDGE_CURVE ( 'NONE', #2773, #2302, #4752, .T. ) ;
#6366 = CARTESIAN_POINT ( 'NONE',  ( 13.82951663048718594, 105.4999999999999858, -74.72478799498279045 ) ) ;
#6367 = CARTESIAN_POINT ( 'NONE',  ( 15.54729956731469187, 110.9999999999999858, -69.07212570203898849 ) ) ;
#6368 = CARTESIAN_POINT ( 'NONE',  ( -6.922252736855531552, 110.9999999999999858, -59.60239148487157479 ) ) ;
#6369 = CARTESIAN_POINT ( 'NONE',  ( -10.51348398793992800, 105.4999999999999858, -58.67472917722295023 ) ) ;
#6370 = CARTESIAN_POINT ( 'NONE',  ( -0.5000000000000108802, 105.4999999999999858, -80.48074069840785683 ) ) ;
#6371 = VERTEX_POINT ( 'NONE', #5281 ) ;
#6372 = CARTESIAN_POINT ( 'NONE',  ( 9.304399815447759181, 110.9999999999999858, -82.64588952080715956 ) ) ;
#6373 = CARTESIAN_POINT ( 'NONE',  ( 14.83960264432860043, 110.9999999999999858, -75.22532463561671534 ) ) ;
#6374 = B_SPLINE_CURVE_WITH_KNOTS ( 'NONE', 4,
 ( #3925, #3884, #1617, #5382, #637, #2213, #2140, #2281, #2706, #4447, #5915, #5412, #1052, #4850, #3780, #5353, #4821, #4300, #4407 ),
 .UNSPECIFIED., .F., .F.,
 ( 5, 1, 1, 1, 1, 1, 1, 1, 1, 1, 1, 1, 1, 1, 1, 5 ),
 ( 0.000000000000000000, 0.01510380894618329473, 0.06983612823799767444, 0.1205638147985295117, 0.1479301470313329203, 0.1752962048027451036, 0.2026623067199501693, 0.2300286649678376372, 0.2573949849334067341, 0.2847606352807794949, 0.3120163113035102631, 0.3302610210450994122, 0.3483393403036955105, 0.3617874722637031693, 0.3714944117322120931, 0.3768711599805257828 ),
 .UNSPECIFIED. ) ;
#6375 = EDGE_CURVE ( 'NONE', #6185, #924, #1896, .T. ) ;
#6376 = FACE_OUTER_BOUND ( 'NONE', #5620, .T. ) ;
#6377 = CARTESIAN_POINT ( 'NONE',  ( -15.77767083622736166, 110.9999999999999858, -77.91584224477422538 ) ) ;
#6378 = ORIENTED_EDGE ( 'NONE', *, *, #1481, .F. ) ;
#6379 = ORIENTED_EDGE ( 'NONE', *, *, #3481, .F. ) ;
#6380 = CARTESIAN_POINT ( 'NONE',  ( 6.786292180980747268, 110.9999999999999858, -82.99158243544906099 ) ) ;
#6381 = CARTESIAN_POINT ( 'NONE',  ( -7.496182274042598515, 111.0000000000000142, -84.95650818270190996 ) ) ;
#6382 = ADVANCED_FACE ( 'NONE', ( #1613 ), #1161, .F. ) ;
#6383 = CARTESIAN_POINT ( 'NONE',  ( 11.08283655869326445, 105.4999999999999858, -77.78106684041034669 ) ) ;
#6384 = ORIENTED_EDGE ( 'NONE', *, *, #6964, .T. ) ;
#6385 = LINE ( 'NONE', #3726, #5791 ) ;
#6386 = CARTESIAN_POINT ( 'NONE',  ( 11.99366533462113260, 110.9999999999999858, -80.61431988356720524 ) ) ;
#6387 = CARTESIAN_POINT ( 'NONE',  ( 7.653155418737924265, 105.4999999999999858, -58.88337933066129182 ) ) ;
#6388 = CARTESIAN_POINT ( 'NONE',  ( 13.13794342039479091, 105.4999999999999858, -66.36011380187760267 ) ) ;
#6389 = CARTESIAN_POINT ( 'NONE',  ( 12.89021176383545608, 110.9999999999999858, -82.34580548203143735 ) ) ;
#6390 = CARTESIAN_POINT ( 'NONE',  ( -14.64448700263735859, 110.9999999999999858, -75.09884710879349257 ) ) ;
#6391 = ORIENTED_EDGE ( 'NONE', *, *, #3172, .F. ) ;
#6392 = CARTESIAN_POINT ( 'NONE',  ( 13.74216322134677881, 110.9999999999999858, -68.86424652620981135 ) ) ;
#6393 = ORIENTED_EDGE ( 'NONE', *, *, #4022, .T. ) ;
#6394 = CARTESIAN_POINT ( 'NONE',  ( 0.000000000000000000, 105.4999999999999858, -71.99999999999998579 ) ) ;
#6395 = CARTESIAN_POINT ( 'NONE',  ( 13.82951663048718594, 105.4999999999999858, -74.72478799498279045 ) ) ;
#6396 = CARTESIAN_POINT ( 'NONE',  ( 7.228840749612406746, 105.4999999999999858, -84.10057276608289101 ) ) ;
#6397 = CARTESIAN_POINT ( 'NONE',  ( -9.614995609741894711, 105.4999999999999858, -61.63377218853364781 ) ) ;
#6398 = ADVANCED_FACE ( 'NONE', ( #2813 ), #3236, .F. ) ;
#6399 = CARTESIAN_POINT ( 'NONE',  ( 4.581327445131868181, 105.4999999999999858, -58.56014439483181633 ) ) ;
#6400 = VERTEX_POINT ( 'NONE', #5408 ) ;
#6401 = FACE_OUTER_BOUND ( 'NONE', #4426, .T. ) ;
#6402 = CARTESIAN_POINT ( 'NONE',  ( 12.88735155236122765, 105.4999999999999858, -77.96107790698466999 ) ) ;
#6403 = CARTESIAN_POINT ( 'NONE',  ( -13.51324361030259880, 105.4999999999999858, -72.21428467890163461 ) ) ;
#6404 = CARTESIAN_POINT ( 'NONE',  ( -12.88735155236404140, 105.4999999999999858, -77.96107790694827600 ) ) ;
#6405 = EDGE_LOOP ( 'NONE', ( #3510, #3256, #1354, #1104, #3916 ) ) ;
#6406 = CARTESIAN_POINT ( 'NONE',  ( 0.7507318962219344805, 110.9999999999999858, -88.83355245043128434 ) ) ;
#6407 = ORIENTED_EDGE ( 'NONE', *, *, #4342, .T. ) ;
#6408 = EDGE_CURVE ( 'NONE', #1383, #2953, #556, .T. ) ;
#6409 = CARTESIAN_POINT ( 'NONE',  ( -9.586723778983101241, 110.9999999999999858, -61.66681428425850697 ) ) ;
#6410 = B_SPLINE_CURVE_WITH_KNOTS ( 'NONE', 3,
 ( #4175, #3049, #6175, #864 ),
 .UNSPECIFIED., .F., .F.,
 ( 4, 4 ),
 ( 0.000000000000000000, 1.000000000000000000 ),
 .UNSPECIFIED. ) ;
#6411 = CARTESIAN_POINT ( 'NONE',  ( -7.559952289182941598, 111.0000000000000142, -85.41720822668071378 ) ) ;
#6412 = CARTESIAN_POINT ( 'NONE',  ( -12.00742970900968665, 110.9999999999999858, -83.82174768232624729 ) ) ;
#6413 = ORIENTED_EDGE ( 'NONE', *, *, #6698, .T. ) ;
#6414 = CARTESIAN_POINT ( 'NONE',  ( 7.234484023890982662, 110.9999999999999858, -84.11051302481563141 ) ) ;
#6415 = CARTESIAN_POINT ( 'NONE',  ( 11.53481943205315119, 105.4999999999999858, -80.12097441727850367 ) ) ;
#6416 = LINE ( 'NONE', #2234, #5905 ) ;
#6417 = CARTESIAN_POINT ( 'NONE',  ( 7.592422406467926876, 105.4999999999999858, -86.16412299226533378 ) ) ;
#6418 = CARTESIAN_POINT ( 'NONE',  ( -1.682128284694977438, 110.9999999999999858, -85.99465770516428620 ) ) ;
#6419 = DIRECTION ( 'NONE',  ( 0.000000000000000000, 0.000000000000000000, 1.000000000000000000 ) ) ;
#6420 = ORIENTED_EDGE ( 'NONE', *, *, #5012, .T. ) ;
#6421 = CARTESIAN_POINT ( 'NONE',  ( 12.24479387382671547, 105.4999999999999858, -80.98229083442390674 ) ) ;
#6422 = ORIENTED_EDGE ( 'NONE', *, *, #5293, .T. ) ;
#6423 = CARTESIAN_POINT ( 'NONE',  ( 4.574970340487059417, 110.9999999999999858, -57.07337604153168797 ) ) ;
#6424 = CARTESIAN_POINT ( 'NONE',  ( 0.000000000000000000, 110.9999999999999858, -71.99999999999998579 ) ) ;
#6425 = ADVANCED_FACE ( 'NONE', ( #96 ), #1062, .T. ) ;
#6426 = CARTESIAN_POINT ( 'NONE',  ( -12.88743212070458988, 110.9999999999999858, -82.33806463252570040 ) ) ;
#6427 = AXIS2_PLACEMENT_3D ( 'NONE', #3969, #3504, #1241 ) ;
#6428 = CYLINDRICAL_SURFACE ( 'NONE', #1951, 6.500000000000000000 ) ;
#6429 = DIRECTION ( 'NONE',  ( 0.000000000000000000, 0.000000000000000000, 1.000000000000000000 ) ) ;
#6430 = DIRECTION ( 'NONE',  ( 0.000000000000000000, 0.000000000000000000, 1.000000000000000000 ) ) ;
#6431 = CARTESIAN_POINT ( 'NONE',  ( 0.000000000000000000, 110.9999999999999858, -71.99999999999998579 ) ) ;
#6432 = CARTESIAN_POINT ( 'NONE',  ( 12.47604671605494531, 105.4999999999999858, -72.77347161474396842 ) ) ;
#6433 = VERTEX_POINT ( 'NONE', #5943 ) ;
#6434 = CIRCLE ( 'NONE', #6549, 1.499999999999999778 ) ;
#6435 = CARTESIAN_POINT ( 'NONE',  ( 15.92193086975788141, 105.4999999999999858, -77.88118231682022952 ) ) ;
#6436 = B_SPLINE_SURFACE_WITH_KNOTS ( 'NONE', 4, 1, ( 
 ( #3938, #716 ),
 ( #1665, #2868 ),
 ( #5011, #80 ),
 ( #4970, #4905 ),
 ( #5996, #3827 ),
 ( #3283, #609 ),
 ( #681, #189 ),
 ( #5472, #2830 ),
 ( #648, #2794 ),
 ( #1739, #3436 ),
 ( #2335, #6624 ),
 ( #4937, #6103 ),
 ( #4419, #1280 ),
 ( #3474, #2974 ),
 ( #3676, #5615 ),
 ( #422, #6203 ),
 ( #5644, #5115 ),
 ( #2939, #2441 ),
 ( #6691, #5842 ) ),
 .UNSPECIFIED., .F., .F., .F.,
 ( 5, 1, 1, 1, 1, 1, 1, 1, 1, 1, 1, 1, 1, 1, 1, 5 ),
 ( 2, 2 ),
 ( 0.000000000000000000, 0.005376748248313690560, 0.01508368771682262396, 0.02853181967683027578, 0.04661013893542635678, 0.06485484867701551970, 0.09211052469974630175, 0.1194761750471190764, 0.1468424950126881179, 0.1742088532605756135, 0.2015749551777806792, 0.2289410129491928625, 0.2563073451819962711, 0.3070350317425281084, 0.3617673510343424881, 0.3768711599805257828 ),
 ( 0.000000000000000000, 1.000000000000000000 ),
 .UNSPECIFIED. ) ;
#6437 = DIRECTION ( 'NONE',  ( 0.000000000000000000, 1.000000000000000000, -0.000000000000000000 ) ) ;
#6438 = CARTESIAN_POINT ( 'NONE',  ( -9.708160154879786674, 110.9999999999999858, -61.50402457833904890 ) ) ;
#6439 = CARTESIAN_POINT ( 'NONE',  ( -12.98225229161524652, 105.4999999999999858, -77.98957419870200169 ) ) ;
#6440 = ORIENTED_EDGE ( 'NONE', *, *, #297, .F. ) ;
#6441 = CARTESIAN_POINT ( 'NONE',  ( -4.159050406661600974, 105.4999999999999858, -85.47978429096735908 ) ) ;
#6442 = ORIENTED_EDGE ( 'NONE', *, *, #3364, .F. ) ;
#6443 = CIRCLE ( 'NONE', #2861, 16.99999999999859668 ) ;
#6444 = DIRECTION ( 'NONE',  ( 0.000000000000000000, 1.000000000000000000, 0.000000000000000000 ) ) ;
#6445 = EDGE_CURVE ( 'NONE', #796, #773, #5758, .T. ) ;
#6446 = TOROIDAL_SURFACE ( 'NONE', #1853, 10.99999999999999822, 1.500000000000000000 ) ;
#6447 = CARTESIAN_POINT ( 'NONE',  ( -7.532650328430437803, 105.4999999999999858, -87.07286520576043642 ) ) ;
#6448 = CARTESIAN_POINT ( 'NONE',  ( 10.18434364179321427, 110.9999999999999858, -60.44779242747527803 ) ) ;
#6450 = ORIENTED_EDGE ( 'NONE', *, *, #442, .F. ) ;
#6449 = AXIS2_PLACEMENT_3D ( 'NONE', #780, #4996, #2389 ) ;
#6451 = CARTESIAN_POINT ( 'NONE',  ( 7.313777566332055002, 110.9999999999999858, -84.28505316859167351 ) ) ;
#6452 = DIRECTION ( 'NONE',  ( 0.9362210075418833100, 0.000000000000000000, 0.3514117599586857321 ) ) ;
#6453 = VECTOR ( 'NONE', #6316, 1000.000000000000000 ) ;
#6454 = AXIS2_PLACEMENT_3D ( 'NONE', #1010, #3167, #2696 ) ;
#6455 = AXIS2_PLACEMENT_3D ( 'NONE', #5101, #277, #6291 ) ;
#6456 = EDGE_CURVE ( 'NONE', #1464, #2896, #2872, .T. ) ;
#6457 = FACE_OUTER_BOUND ( 'NONE', #3720, .T. ) ;
#6458 = CARTESIAN_POINT ( 'NONE',  ( 4.590925677246917580, 110.9999999999999858, -60.37359034671514735 ) ) ;
#6459 = CARTESIAN_POINT ( 'NONE',  ( -15.03960127451290596, 105.4999999999999858, -64.07469915374676361 ) ) ;
#6460 = VERTEX_POINT ( 'NONE', #3811 ) ;
#6461 = DIRECTION ( 'NONE',  ( 0.000000000000000000, 1.000000000000000000, 0.000000000000000000 ) ) ;
#6463 = ORIENTED_EDGE ( 'NONE', *, *, #4169, .T. ) ;
#6462 = CIRCLE ( 'NONE', #2538, 16.99999999999860378 ) ;
#6464 = CARTESIAN_POINT ( 'NONE',  ( 4.555022691701712034, 110.9999999999999858, -58.66089327844745327 ) ) ;
#6465 = AXIS2_PLACEMENT_3D ( 'NONE', #1723, #2175, #2675 ) ;
#6466 = EDGE_CURVE ( 'NONE', #2231, #4176, #3777, .T. ) ;
#6467 = LINE ( 'NONE', #3810, #5220 ) ;
#6468 = CARTESIAN_POINT ( 'NONE',  ( 11.27866494760152172, 110.9999999999999858, -63.54590532048115392 ) ) ;
#6469 = CARTESIAN_POINT ( 'NONE',  ( 14.23401782765946955, 105.4999999999999858, -68.83883676625815440 ) ) ;
#6470 = DIRECTION ( 'NONE',  ( 0.000000000000000000, -1.000000000000000000, 0.000000000000000000 ) ) ;
#6471 = DIRECTION ( 'NONE',  ( 0.000000000000000000, 1.000000000000000000, 0.000000000000000000 ) ) ;
#6472 = CARTESIAN_POINT ( 'NONE',  ( 16.35871260184050158, 105.4999999999999858, -76.62520507765191269 ) ) ;
#6473 = CARTESIAN_POINT ( 'NONE',  ( 1.625629393373777987, 110.9999999999999858, -85.41681779971440847 ) ) ;
#6474 = VERTEX_POINT ( 'NONE', #2209 ) ;
#6475 = EDGE_CURVE ( 'NONE', #1924, #1789, #5574, .T. ) ;
#6476 = FACE_OUTER_BOUND ( 'NONE', #5159, .T. ) ;
#6477 = LINE ( 'NONE', #708, #5682 ) ;
#6478 = DIRECTION ( 'NONE',  ( 0.000000000000000000, 0.000000000000000000, 1.000000000000000000 ) ) ;
#6479 = DIRECTION ( 'NONE',  ( -0.000000000000000000, -1.000000000000000000, 0.000000000000000000 ) ) ;
#6480 = EDGE_LOOP ( 'NONE', ( #3069, #5509, #3076, #1901 ) ) ;
#6481 = DIRECTION ( 'NONE',  ( 0.000000000000000000, 0.000000000000000000, 1.000000000000000000 ) ) ;
#6482 = ORIENTED_EDGE ( 'NONE', *, *, #1407, .T. ) ;
#6483 = CARTESIAN_POINT ( 'NONE',  ( -12.96079323226404156, 105.4999999999999858, -66.45943697436599962 ) ) ;
#6484 = EDGE_CURVE ( 'NONE', #1366, #848, #2477, .T. ) ;
#6485 = DIRECTION ( 'NONE',  ( 0.000000000000000000, 1.000000000000000000, 0.000000000000000000 ) ) ;
#6486 = CARTESIAN_POINT ( 'NONE',  ( 9.940557158858839060, 105.4999999999999858, -61.08030043512599150 ) ) ;
#6487 = ORIENTED_EDGE ( 'NONE', *, *, #3062, .F. ) ;
#6488 = CARTESIAN_POINT ( 'NONE',  ( 16.33798488876271193, 110.9999999999999858, -76.60069971195507321 ) ) ;
#6489 = CARTESIAN_POINT ( 'NONE',  ( 12.57900862089729799, 105.4999999999999858, -81.59476491926068320 ) ) ;
#6490 = CARTESIAN_POINT ( 'NONE',  ( 9.052861137576730499, 110.9999999999999858, -58.04305032809239862 ) ) ;
#6491 = CARTESIAN_POINT ( 'NONE',  ( 14.00256700119531850, 111.0000000000000000, -65.58887899116952269 ) ) ;
#6492 = CARTESIAN_POINT ( 'NONE',  ( 2.183063851200751415, 105.4999999999999858, -56.07826986914306389 ) ) ;
#6493 = DIRECTION ( 'NONE',  ( -0.9928535775496397653, 0.000000000000000000, -0.1193389020683589263 ) ) ;
#6494 = ORIENTED_EDGE ( 'NONE', *, *, #4493, .T. ) ;
#6495 = B_SPLINE_SURFACE_WITH_KNOTS ( 'NONE', 3, 1, ( 
 ( #1843, #3112 ),
 ( #5249, #2368 ),
 ( #2039, #4198 ),
 ( #4528, #6653 ) ),
 .UNSPECIFIED., .F., .F., .F.,
 ( 4, 4 ),
 ( 2, 2 ),
 ( 0.000000000000000000, 1.000000000000000000 ),
 ( 0.000000000000000000, 1.000000000000000000 ),
 .UNSPECIFIED. ) ;
#6496 = CARTESIAN_POINT ( 'NONE',  ( 12.57900862089729799, 105.4999999999999858, -81.59476491926068320 ) ) ;
#6497 = ORIENTED_EDGE ( 'NONE', *, *, #765, .F. ) ;
#6498 = DIRECTION ( 'NONE',  ( 0.000000000000000000, -1.000000000000000000, 0.000000000000000000 ) ) ;
#6499 = EDGE_CURVE ( 'NONE', #5304, #2855, #6756, .T. ) ;
#6500 = CARTESIAN_POINT ( 'NONE',  ( 4.173811205974296001, 105.4999999999999858, -55.52033677477489704 ) ) ;
#6501 = CARTESIAN_POINT ( 'NONE',  ( -1.685579019668632661, 110.9999999999999858, -86.03800708731080249 ) ) ;
#6502 = CARTESIAN_POINT ( 'NONE',  ( -7.773303275929052347, 110.9999999999999858, -81.78906309002195485 ) ) ;
#6503 = CARTESIAN_POINT ( 'NONE',  ( 9.774786521385809834, 105.4999999999999858, -61.39651434789490736 ) ) ;
#6504 = CARTESIAN_POINT ( 'NONE',  ( 12.30457893991368223, 110.9999999999999858, -83.73018913365784499 ) ) ;
#6505 = DIRECTION ( 'NONE',  ( 0.000000000000000000, 0.000000000000000000, 1.000000000000000000 ) ) ;
#6506 = DIRECTION ( 'NONE',  ( 0.9928535775496396543, 0.000000000000000000, 0.1193389020683599394 ) ) ;
#6507 = EDGE_LOOP ( 'NONE', ( #3310, #3725, #468, #153 ) ) ;
#6508 = CYLINDRICAL_SURFACE ( 'NONE', #152, 24.99999999999995381 ) ;
#6509 = CARTESIAN_POINT ( 'NONE',  ( 1.199407783338917621, 110.9999999999999858, -58.53838450392142789 ) ) ;
#6510 = EDGE_CURVE ( 'NONE', #1994, #6962, #5180, .T. ) ;
#6511 = CARTESIAN_POINT ( 'NONE',  ( -16.24164866453140021, 105.4999999999999858, -76.48786532099080659 ) ) ;
#6512 = CARTESIAN_POINT ( 'NONE',  ( -12.98225229161524652, 110.9999999999999858, -77.98957419870200169 ) ) ;
#6513 = ORIENTED_EDGE ( 'NONE', *, *, #5529, .F. ) ;
#6514 = FACE_OUTER_BOUND ( 'NONE', #2238, .T. ) ;
#6515 = ORIENTED_EDGE ( 'NONE', *, *, #3383, .T. ) ;
#6516 = CARTESIAN_POINT ( 'NONE',  ( -13.37364744969654851, 110.9999999999999858, -66.19088901812727954 ) ) ;
#6517 = EDGE_CURVE ( 'NONE', #4025, #2855, #3521, .T. ) ;
#6518 = CARTESIAN_POINT ( 'NONE',  ( 14.10525394431036439, 105.4999999999999858, -72.20999043559534414 ) ) ;
#6519 = CARTESIAN_POINT ( 'NONE',  ( -10.42436958045855455, 110.9999999999999858, -83.33608724660189182 ) ) ;
#6520 = ORIENTED_EDGE ( 'NONE', *, *, #6581, .T. ) ;
#6521 = CARTESIAN_POINT ( 'NONE',  ( -7.063938973382815512, 105.4999999999999858, -59.42696831733143625 ) ) ;
#6522 = CARTESIAN_POINT ( 'NONE',  ( -4.402314712682393605, 105.4999999999999858, -56.23603478931794797 ) ) ;
#6523 = EDGE_CURVE ( 'NONE', #2896, #1464, #617, .T. ) ;
#6524 = CARTESIAN_POINT ( 'NONE',  ( -23.81569860407218542, 112.9999999999999858, -58.24999999999938183 ) ) ;
#6525 = CARTESIAN_POINT ( 'NONE',  ( 14.29899089952007074, 105.4999999999999858, -65.23022666582245677 ) ) ;
#6526 = CARTESIAN_POINT ( 'NONE',  ( -16.66286363734568354, 105.4999999999999858, -69.49379532267417403 ) ) ;
#6528 = CARTESIAN_POINT ( 'NONE',  ( -12.15331527011340285, 105.4999999999999858, -83.84876010434213356 ) ) ;
#6527 = B_SPLINE_CURVE_WITH_KNOTS ( 'NONE', 3,
 ( #3502, #216, #1318, #5642 ),
 .UNSPECIFIED., .F., .F.,
 ( 4, 4 ),
 ( 0.000000000000000000, 1.000000000000000000 ),
 .UNSPECIFIED. ) ;
#6529 = VERTEX_POINT ( 'NONE', #1229 ) ;
#6530 = CARTESIAN_POINT ( 'NONE',  ( -5.238036262529528919, 110.9999999999999858, -86.92829353452397356 ) ) ;
#6531 = ORIENTED_EDGE ( 'NONE', *, *, #2113, .F. ) ;
#6532 = CARTESIAN_POINT ( 'NONE',  ( 0.000000000000000000, 110.9999999999999858, -71.99999999999998579 ) ) ;
#6533 = CARTESIAN_POINT ( 'NONE',  ( 4.173811205974296001, 111.0000000000000142, -55.52033677477489704 ) ) ;
#6534 = CARTESIAN_POINT ( 'NONE',  ( -1.623641311369532936, 110.9999999999999858, -86.67713541899996699 ) ) ;
#6535 = ADVANCED_FACE ( 'NONE', ( #239 ), #6706, .F. ) ;
#6536 = CARTESIAN_POINT ( 'NONE',  ( 13.66909548869243629, 105.4999999999999858, -78.10079351356037591 ) ) ;
#6537 = CARTESIAN_POINT ( 'NONE',  ( -1.675395922980892793, 110.9999999999999858, -86.32387545374234605 ) ) ;
#6538 = DIRECTION ( 'NONE',  ( 0.000000000000000000, 1.000000000000000000, -0.000000000000000000 ) ) ;
#6539 = CARTESIAN_POINT ( 'NONE',  ( -11.05839710393441422, 105.4999999999999858, -79.76952535789861543 ) ) ;
#6540 = ORIENTED_EDGE ( 'NONE', *, *, #3998, .T. ) ;
#6541 = B_SPLINE_SURFACE_WITH_KNOTS ( 'NONE', 4, 1, ( 
 ( #5696, #3026 ),
 ( #873, #903 ),
 ( #3057, #5195 ),
 ( #371, #2519 ),
 ( #5395, #2152 ),
 ( #2091, #1001 ),
 ( #3, #1596 ),
 ( #6486, #4317 ),
 ( #2583, #4833 ),
 ( #4737, #3797 ),
 ( #437, #6448 ),
 ( #5331, #4218 ),
 ( #3158, #3654 ),
 ( #5365, #1634 ),
 ( #5295, #1565 ),
 ( #5827, #5893 ),
 ( #43, #542 ),
 ( #1031, #5928 ),
 ( #1103, #3255 ) ),
 .UNSPECIFIED., .F., .F., .F.,
 ( 5, 1, 1, 1, 1, 1, 1, 1, 1, 1, 1, 1, 1, 1, 1, 5 ),
 ( 2, 2 ),
 ( 0.000000000000000000, 0.005376748248313690560, 0.01508368771682262396, 0.02853181967683027578, 0.04661013893542635678, 0.06485484867701551970, 0.09211052469974630175, 0.1194761750471190764, 0.1468424950126881179, 0.1742088532605756135, 0.2015749551777806792, 0.2289410129491928625, 0.2563073451819962711, 0.3070350317425281084, 0.3617673510343424881, 0.3768711599805257828 ),
 ( 0.000000000000000000, 1.000000000000000000 ),
 .UNSPECIFIED. ) ;
#6542 = DIRECTION ( 'NONE',  ( 0.000000000000000000, 0.000000000000000000, 1.000000000000000000 ) ) ;
#6543 = AXIS2_PLACEMENT_3D ( 'NONE', #1831, #4961, #279 ) ;
#6544 = FACE_OUTER_BOUND ( 'NONE', #6302, .T. ) ;
#6545 = CARTESIAN_POINT ( 'NONE',  ( -15.39403866164086487, 105.4999999999999858, -75.64891016943484203 ) ) ;
#6546 = CARTESIAN_POINT ( 'NONE',  ( -6.864983040936785130, 105.4999999999999858, -59.68935388785236285 ) ) ;
#6547 = VERTEX_POINT ( 'NONE', #1895 ) ;
#6548 = CARTESIAN_POINT ( 'NONE',  ( -4.486458645467057416, 105.4999999999999858, -86.06862480976118945 ) ) ;
#6549 = AXIS2_PLACEMENT_3D ( 'NONE', #3442, #298, #1914 ) ;
#6550 = CARTESIAN_POINT ( 'NONE',  ( 2.514624488129743263, 110.9999999999999858, -55.66384641134210653 ) ) ;
#6551 = ORIENTED_EDGE ( 'NONE', *, *, #5833, .F. ) ;
#6552 = CARTESIAN_POINT ( 'NONE',  ( 0.000000000000000000, 110.9999999999999858, -71.99999999999998579 ) ) ;
#6553 = ADVANCED_FACE ( 'NONE', ( #4992 ), #4929, .F. ) ;
#6554 = AXIS2_PLACEMENT_3D ( 'NONE', #5846, #6470, #1119 ) ;
#6555 = CARTESIAN_POINT ( 'NONE',  ( 0.000000000000000000, 110.9999999999999858, -71.99999999999998579 ) ) ;
#6556 = B_SPLINE_SURFACE_WITH_KNOTS ( 'NONE', 4, 1, ( 
 ( #6191, #6775 ),
 ( #380, #1372 ),
 ( #1965, #4131 ),
 ( #6262, #1442 ),
 ( #3001, #5734 ),
 ( #910, #1866 ),
 ( #1340, #2527 ),
 ( #4689, #3493 ),
 ( #5634, #6811 ),
 ( #4161, #3548 ),
 ( #1952, #6761 ),
 ( #4049, #926 ),
 ( #6727, #1987 ),
 ( #2413, #4149 ),
 ( #6830, #869 ),
 ( #6179, #3482 ),
 ( #3053, #5691 ),
 ( #3511, #1459 ),
 ( #6250, #3087 ) ),
 .UNSPECIFIED., .F., .F., .F.,
 ( 5, 1, 1, 1, 1, 1, 1, 1, 1, 1, 1, 1, 1, 1, 1, 5 ),
 ( 2, 2 ),
 ( 0.000000000000000000, 0.01510380894618329473, 0.06983612823799767444, 0.1205638147985295117, 0.1479301470313329203, 0.1752962048027451036, 0.2026623067199501693, 0.2300286649678376649, 0.2573949849334067341, 0.2847606352807794949, 0.3120163113035102631, 0.3302610210450994122, 0.3483393403036955105, 0.3617874722637031693, 0.3714944117322120931, 0.3768711599805257828 ),
 ( 0.000000000000000000, 1.000000000000000000 ),
 .UNSPECIFIED. ) ;
#6557 = CARTESIAN_POINT ( 'NONE',  ( 9.523655234390220770, 110.9999999999999858, -82.82960527856560873 ) ) ;
#6558 = CARTESIAN_POINT ( 'NONE',  ( 23.81569860407268990, 110.9999999999999858, -58.24999999999947420 ) ) ;
#6559 = ORIENTED_EDGE ( 'NONE', *, *, #2344, .T. ) ;
#6560 = EDGE_CURVE ( 'NONE', #4936, #2650, #6007, .T. ) ;
#6561 = CARTESIAN_POINT ( 'NONE',  ( -7.313450331517389102, 105.4999999999999858, -59.17159559944894198 ) ) ;
#6562 = CARTESIAN_POINT ( 'NONE',  ( -4.173811205964238269, 105.4999999999999858, -55.52033677477236040 ) ) ;
#6563 = CARTESIAN_POINT ( 'NONE',  ( -13.01443754427715227, 110.9999999999999858, -82.71382183862789361 ) ) ;
#6564 = VECTOR ( 'NONE', #984, 1000.000000000000000 ) ;
#6565 = CARTESIAN_POINT ( 'NONE',  ( 7.275517551809311811, 105.4999999999999858, -84.19365097910551299 ) ) ;
#6566 = CARTESIAN_POINT ( 'NONE',  ( 12.18490139587366805, 110.9999999999999858, -83.85445814758261918 ) ) ;
#6567 = CARTESIAN_POINT ( 'NONE',  ( -11.75684740643832171, 110.9999999999999858, -83.76976116929021998 ) ) ;
#6568 = ORIENTED_EDGE ( 'NONE', *, *, #6766, .T. ) ;
#6569 = CARTESIAN_POINT ( 'NONE',  ( -7.559952289182941598, 105.4999999999999858, -85.41720822668071378 ) ) ;
#6570 = EDGE_LOOP ( 'NONE', ( #4460, #2783, #4211, #2920 ) ) ;
#6571 = VECTOR ( 'NONE', #2197, 1000.000000000000000 ) ;
#6572 = DIRECTION ( 'NONE',  ( 0.000000000000000000, -1.000000000000000000, 0.000000000000000000 ) ) ;
#6573 = CARTESIAN_POINT ( 'NONE',  ( 16.24164866452739275, 105.4999999999999858, -76.48786532100182001 ) ) ;
#6574 = AXIS2_PLACEMENT_3D ( 'NONE', #6663, #1855, #5625 ) ;
#6575 = CARTESIAN_POINT ( 'NONE',  ( -1.683240604810041452, 110.9999999999999858, -86.00603390981339658 ) ) ;
#6576 = CARTESIAN_POINT ( 'NONE',  ( 1.891761547942409027, 110.9999999999999858, -56.50304240635152553 ) ) ;
#6577 = CIRCLE ( 'NONE', #4125, 11.00000000000012790 ) ;
#6578 = DIRECTION ( 'NONE',  ( 0.000000000000000000, 1.000000000000000000, 0.000000000000000000 ) ) ;
#6579 = CARTESIAN_POINT ( 'NONE',  ( -1.449089840208113822, 105.4999999999999858, -87.33213924564461195 ) ) ;
#6580 = CIRCLE ( 'NONE', #3671, 1.500000000000001332 ) ;
#6581 = EDGE_CURVE ( 'NONE', #6815, #1368, #3328, .T. ) ;
#6582 = DIRECTION ( 'NONE',  ( 0.000000000000000000, -1.000000000000000000, 0.000000000000000000 ) ) ;
#6583 = VERTEX_POINT ( 'NONE', #1997 ) ;
#6584 = CARTESIAN_POINT ( 'NONE',  ( 0.000000000000000000, 105.4999999999999858, -71.99999999999998579 ) ) ;
#6585 = DIRECTION ( 'NONE',  ( -0.9928535775496396543, 0.000000000000000000, -0.1193389020683602447 ) ) ;
#6586 = CARTESIAN_POINT ( 'NONE',  ( -9.304399815465520973, 105.4999999999999858, -82.64588952077461670 ) ) ;
#6587 = CARTESIAN_POINT ( 'NONE',  ( 13.74216322134677881, 105.4999999999999858, -68.86424652620981135 ) ) ;
#6588 = VERTEX_POINT ( 'NONE', #1408 ) ;
#6589 = LINE ( 'NONE', #6068, #819 ) ;
#6590 = CARTESIAN_POINT ( 'NONE',  ( -3.972025084499012593, 110.9999999999999858, -84.91807599927734884 ) ) ;
#6591 = ORIENTED_EDGE ( 'NONE', *, *, #1236, .T. ) ;
#6592 = CARTESIAN_POINT ( 'NONE',  ( -13.13794342037001606, 110.9999999999999858, -66.36011380185183839 ) ) ;
#6593 = EDGE_CURVE ( 'NONE', #1284, #6929, #4238, .T. ) ;
#6594 = CARTESIAN_POINT ( 'NONE',  ( -12.78990417712740069, 105.4999999999999858, -77.92438612772858164 ) ) ;
#6595 = DIRECTION ( 'NONE',  ( 0.000000000000000000, -1.000000000000000000, 0.000000000000000000 ) ) ;
#6596 = VERTEX_POINT ( 'NONE', #3697 ) ;
#6597 = CARTESIAN_POINT ( 'NONE',  ( 1.683240604810017027, 105.4999999999999858, -86.00603390981339658 ) ) ;
#6598 = CARTESIAN_POINT ( 'NONE',  ( -14.63881925120116279, 105.4999999999999858, -68.87448821714673386 ) ) ;
#6599 = DIRECTION ( 'NONE',  ( 0.000000000000000000, -1.000000000000000000, 0.000000000000000000 ) ) ;
#6600 = EDGE_CURVE ( 'NONE', #2438, #6867, #6689, .T. ) ;
#6601 = CARTESIAN_POINT ( 'NONE',  ( 14.15389603458705103, 111.0000000000000000, -65.41200459502609021 ) ) ;
#6602 = CARTESIAN_POINT ( 'NONE',  ( 2.390067682472972965, 105.4999999999999858, -55.80831847934584999 ) ) ;
#6603 = CARTESIAN_POINT ( 'NONE',  ( -12.00742970900968665, 105.4999999999999858, -83.82174768232624729 ) ) ;
#6604 = ORIENTED_EDGE ( 'NONE', *, *, #5922, .F. ) ;
#6605 = CARTESIAN_POINT ( 'NONE',  ( -12.47604671605529347, 110.9999999999999858, -72.77347161473832671 ) ) ;
#6606 = ORIENTED_EDGE ( 'NONE', *, *, #1975, .F. ) ;
#6607 = DIRECTION ( 'NONE',  ( 0.000000000000000000, 1.000000000000000000, -0.000000000000000000 ) ) ;
#6608 = CARTESIAN_POINT ( 'NONE',  ( 13.74216322134677881, 105.4999999999999858, -68.86424652620981135 ) ) ;
#6609 = DIRECTION ( 'NONE',  ( 6.383782391594650107E-16, 0.000000000000000000, -1.000000000000000000 ) ) ;
#6610 = CARTESIAN_POINT ( 'NONE',  ( -0.5348675345779562162, 110.9999999999999858, -59.51144857397565602 ) ) ;
#6611 = CARTESIAN_POINT ( 'NONE',  ( -8.356536486907536698, 105.4999999999999858, -81.85073316783557118 ) ) ;
#6612 = DIRECTION ( 'NONE',  ( -0.000000000000000000, -1.000000000000000000, 0.000000000000000000 ) ) ;
#6613 = CARTESIAN_POINT ( 'NONE',  ( -15.02952432531579774, 110.9999999999999858, -75.35972525179839465 ) ) ;
#6614 = DIRECTION ( 'NONE',  ( -0.9928535775496396543, 0.000000000000000000, -0.1193389020683602447 ) ) ;
#6615 = VERTEX_POINT ( 'NONE', #2095 ) ;
#6616 = CARTESIAN_POINT ( 'NONE',  ( 11.71203505488408858, 110.9999999999999858, -67.63213612011932696 ) ) ;
#6617 = CARTESIAN_POINT ( 'NONE',  ( -15.60980656595232929, 110.9999999999999858, -71.73847488234609671 ) ) ;
#6618 = DIRECTION ( 'NONE',  ( 0.000000000000000000, -1.000000000000000000, 0.000000000000000000 ) ) ;
#6619 = B_SPLINE_CURVE_WITH_KNOTS ( 'NONE', 4,
 ( #3453, #199, #2839, #4433, #1710, #3294, #3981, #4472, #2917, #5442, #4914, #771, #3410, #6082, #6048, #5056, #232, #3948, #2771 ),
 .UNSPECIFIED., .F., .F.,
 ( 5, 1, 1, 1, 1, 1, 1, 1, 1, 1, 1, 1, 1, 1, 1, 5 ),
 ( 0.000000000000000000, 0.005376748248313690560, 0.01508368771682262223, 0.02853181967683027578, 0.04661013893542635678, 0.06485484867701551970, 0.09211052469974631562, 0.1194761750471190626, 0.1468424950126881179, 0.1742088532605756135, 0.2015749551777806792, 0.2289410129491928625, 0.2563073451819962711, 0.3070350317425281084, 0.3617673510343424326, 0.3768711599805257828 ),
 .UNSPECIFIED. ) ;
#6620 = FACE_OUTER_BOUND ( 'NONE', #6405, .T. ) ;
#6621 = VERTEX_POINT ( 'NONE', #5201 ) ;
#6622 = CARTESIAN_POINT ( 'NONE',  ( 7.452998935104909073, 105.4999999999999858, -84.74783597669184587 ) ) ;
#6623 = ORIENTED_EDGE ( 'NONE', *, *, #4454, .T. ) ;
#6624 = CARTESIAN_POINT ( 'NONE',  ( -7.839667027576900260, 110.9999999999999858, -58.74428515282728824 ) ) ;
#6625 = CARTESIAN_POINT ( 'NONE',  ( -12.32651562895952146, 110.9999999999999858, -63.13018951183325811 ) ) ;
#6626 = ADVANCED_FACE ( 'NONE', ( #6840 ), #930, .F. ) ;
#6627 = CYLINDRICAL_SURFACE ( 'NONE', #3787, 12.50000000000000178 ) ;
#6628 = VERTEX_POINT ( 'NONE', #5832 ) ;
#6629 = LINE ( 'NONE', #6043, #50 ) ;
#6630 = CARTESIAN_POINT ( 'NONE',  ( -23.81569860407218542, 114.9999999999999858, -68.74999999999937472 ) ) ;
#6631 = DIRECTION ( 'NONE',  ( -0.9928535775496396543, 0.000000000000000000, -0.1193389020683602447 ) ) ;
#6632 = CARTESIAN_POINT ( 'NONE',  ( 12.97120147457200545, 105.4999999999999858, -66.45471216954554450 ) ) ;
#6633 = CARTESIAN_POINT ( 'NONE',  ( -15.81706902147349680, 111.0000000000000142, -69.15613191086930556 ) ) ;
#6634 = CARTESIAN_POINT ( 'NONE',  ( -14.46786136181855298, 105.4999999999999858, -65.00369770854241835 ) ) ;
#6635 = ORIENTED_EDGE ( 'NONE', *, *, #4359, .F. ) ;
#6636 = CARTESIAN_POINT ( 'NONE',  ( -7.313777566367167360, 105.4999999999999858, -84.28505316858536389 ) ) ;
#6637 = ORIENTED_EDGE ( 'NONE', *, *, #947, .F. ) ;
#6638 = CARTESIAN_POINT ( 'NONE',  ( -15.18590442082033043, 105.4999999999999858, -71.93048332293484748 ) ) ;
#6639 = CARTESIAN_POINT ( 'NONE',  ( 0.000000000000000000, 105.4999999999999858, -71.99999999999998579 ) ) ;
#6640 = CARTESIAN_POINT ( 'NONE',  ( 4.912333406697787730, 105.4999999999999858, -86.59600410092680534 ) ) ;
#6641 = CARTESIAN_POINT ( 'NONE',  ( -8.882880340531091434, 110.9999999999999858, -82.18568150153937779 ) ) ;
#6642 = CARTESIAN_POINT ( 'NONE',  ( 14.13393755131164475, 110.9999999999999858, -78.11605792226117728 ) ) ;
#6643 = CARTESIAN_POINT ( 'NONE',  ( 23.81569860407268990, 113.4999999999999858, -58.24999999999947420 ) ) ;
#6644 = CARTESIAN_POINT ( 'NONE',  ( -16.24164866453140021, 110.9999999999999858, -76.48786532099080659 ) ) ;
#6645 = CARTESIAN_POINT ( 'NONE',  ( 8.922906132225215003, 105.4999999999999858, -63.24604397112379672 ) ) ;
#6646 = ORIENTED_EDGE ( 'NONE', *, *, #6080, .T. ) ;
#6647 = CARTESIAN_POINT ( 'NONE',  ( 16.82976034687748523, 110.9999999999999858, -49.75313783407850110 ) ) ;
#6648 = DIRECTION ( 'NONE',  ( 0.000000000000000000, 0.000000000000000000, -1.000000000000000000 ) ) ;
#6649 = CARTESIAN_POINT ( 'NONE',  ( -11.45083698048119913, 105.4999999999999858, -83.69449898198026006 ) ) ;
#6650 = ORIENTED_EDGE ( 'NONE', *, *, #1534, .T. ) ;
#6651 = CARTESIAN_POINT ( 'NONE',  ( -7.228840749649124042, 105.4999999999999858, -84.10057276607587085 ) ) ;
#6652 = ADVANCED_FACE ( 'NONE', ( #6358 ), #5770, .F. ) ;
#6653 = CARTESIAN_POINT ( 'NONE',  ( 2.073336447187903442, 110.9999999999999858, -84.32685182748465991 ) ) ;
#6654 = CARTESIAN_POINT ( 'NONE',  ( 0.000000000000000000, 112.9999999999999858, -88.99999999999997158 ) ) ;
#6655 = CIRCLE ( 'NONE', #5986, 8.500000000000014211 ) ;
#6656 = ORIENTED_EDGE ( 'NONE', *, *, #5953, .T. ) ;
#6657 = CARTESIAN_POINT ( 'NONE',  ( 16.93749997582699507, 105.4999999999999858, -70.89669467784811729 ) ) ;
#6658 = EDGE_CURVE ( 'NONE', #3140, #4747, #1006, .T. ) ;
#6659 = ORIENTED_EDGE ( 'NONE', *, *, #1666, .T. ) ;
#6660 = EDGE_CURVE ( 'NONE', #133, #711, #6027, .T. ) ;
#6661 = CARTESIAN_POINT ( 'NONE',  ( 11.56014483841683393, 110.9999999999999858, -80.14063086802234182 ) ) ;
#6662 = CIRCLE ( 'NONE', #4555, 1.499999999999999334 ) ;
#6663 = CARTESIAN_POINT ( 'NONE',  ( 0.000000000000000000, 105.4999999999999858, -71.99999999999998579 ) ) ;
#6664 = CARTESIAN_POINT ( 'NONE',  ( -13.37364744969654851, 105.4999999999999858, -66.19088901812727954 ) ) ;
#6665 = ORIENTED_EDGE ( 'NONE', *, *, #1985, .F. ) ;
#6666 = CARTESIAN_POINT ( 'NONE',  ( -16.13777575158591304, 110.9999999999999858, -69.26958468639915623 ) ) ;
#6667 = ORIENTED_EDGE ( 'NONE', *, *, #5626, .F. ) ;
#6668 = FACE_OUTER_BOUND ( 'NONE', #2025, .T. ) ;
#6669 = CIRCLE ( 'NONE', #1164, 12.50000000000012967 ) ;
#6670 = ADVANCED_FACE ( 'NONE', ( #4686 ), #6773, .T. ) ;
#6671 = DIRECTION ( 'NONE',  ( 1.000000000000000000, 0.000000000000000000, 6.383782391594650107E-16 ) ) ;
#6672 = CARTESIAN_POINT ( 'NONE',  ( -13.90128898370211452, 110.9999999999999858, -78.11315714163167456 ) ) ;
#6673 = CARTESIAN_POINT ( 'NONE',  ( -2.765565749350032743, 105.4999999999999858, -55.37821512088881803 ) ) ;
#6674 = CARTESIAN_POINT ( 'NONE',  ( -1.518223395023230227, 105.4999999999999858, -87.10998091890853345 ) ) ;
#6675 = CARTESIAN_POINT ( 'NONE',  ( -15.39403866164086487, 110.9999999999999858, -75.64891016943484203 ) ) ;
#6676 = CARTESIAN_POINT ( 'NONE',  ( 0.000000000000000000, 110.9999999999999858, -71.99999999999998579 ) ) ;
#6677 = AXIS2_PLACEMENT_3D ( 'NONE', #2167, #3842, #5871 ) ;
#6678 = EDGE_LOOP ( 'NONE', ( #1060, #686, #1476, #1775, #6903 ) ) ;
#6679 = EDGE_CURVE ( 'NONE', #5332, #1149, #2822, .T. ) ;
#6680 = AXIS2_PLACEMENT_3D ( 'NONE', #4622, #2462, #4691 ) ;
#6681 = DIRECTION ( 'NONE',  ( 0.9928535775496396543, 0.000000000000000000, 0.1193389020683602447 ) ) ;
#6682 = CARTESIAN_POINT ( 'NONE',  ( -14.19777028869097002, 105.4999999999999858, -72.20395753599943589 ) ) ;
#6683 = AXIS2_PLACEMENT_3D ( 'NONE', #5511, #4501, #5019 ) ;
#6684 = CARTESIAN_POINT ( 'NONE',  ( -1.463387188152906582, 105.4999999999999858, -57.30602119393117277 ) ) ;
#6685 = AXIS2_PLACEMENT_3D ( 'NONE', #3103, #5243, #1341 ) ;
#6686 = CARTESIAN_POINT ( 'NONE',  ( 16.93749997582699507, 110.9999999999999858, -70.89669467784811729 ) ) ;
#6687 = ADVANCED_FACE ( 'NONE', ( #977 ), #412, .T. ) ;
#6688 = CARTESIAN_POINT ( 'NONE',  ( 7.404998299504094383, 105.4999999999999858, -84.56050224683832539 ) ) ;
#6689 = CIRCLE ( 'NONE', #1307, 10.50000000000000888 ) ;
#6690 = CIRCLE ( 'NONE', #3679, 16.99999999999860378 ) ;
#6691 = CARTESIAN_POINT ( 'NONE',  ( -9.453951628356286108, 105.4999999999999858, -57.87120675327675201 ) ) ;
#6692 = DIRECTION ( 'NONE',  ( -0.9928535775496396543, 0.000000000000000000, -0.1193389020683599394 ) ) ;
#6693 = ORIENTED_EDGE ( 'NONE', *, *, #1808, .T. ) ;
#6694 = DIRECTION ( 'NONE',  ( -0.000000000000000000, -1.000000000000000000, -0.000000000000000000 ) ) ;
#6695 = VERTEX_POINT ( 'NONE', #6809 ) ;
#6696 = CARTESIAN_POINT ( 'NONE',  ( 11.28796086976873170, 105.4999999999999858, -63.53925392067971956 ) ) ;
#6697 = DIRECTION ( 'NONE',  ( 0.000000000000000000, 1.000000000000000000, -0.000000000000000000 ) ) ;
#6698 = EDGE_CURVE ( 'NONE', #6371, #5166, #6577, .T. ) ;
#6699 = CARTESIAN_POINT ( 'NONE',  ( -4.379361247894288489, 110.9999999999999858, -85.90760265354637681 ) ) ;
#6700 = CARTESIAN_POINT ( 'NONE',  ( 14.15389603458705103, 110.9999999999999858, -65.41200459502609021 ) ) ;
#6701 = CARTESIAN_POINT ( 'NONE',  ( -13.17339452565020430, 105.4999999999999858, -68.98083662798711657 ) ) ;
#6702 = ORIENTED_EDGE ( 'NONE', *, *, #5988, .F. ) ;
#6703 = CARTESIAN_POINT ( 'NONE',  ( -16.42958139039610899, 110.9999999999999858, -69.38856471325956932 ) ) ;
#6704 = ORIENTED_EDGE ( 'NONE', *, *, #5221, .T. ) ;
#6705 = CARTESIAN_POINT ( 'NONE',  ( 11.71766140855495486, 110.9999999999999858, -63.32263705824450994 ) ) ;
#6706 = PLANE ( 'NONE',  #2645 ) ;
#6707 = DIRECTION ( 'NONE',  ( -0.9928535775496396543, 0.000000000000000000, -0.1193389020683603002 ) ) ;
#6708 = CARTESIAN_POINT ( 'NONE',  ( -2.889916630977483081, 105.4999999999999858, -55.24743655836657297 ) ) ;
#6709 = CARTESIAN_POINT ( 'NONE',  ( -0.7507318962219622360, 110.9999999999999858, -88.83355245043128434 ) ) ;
#6710 = B_SPLINE_CURVE_WITH_KNOTS ( 'NONE', 4,
 ( #1861, #6053, #696, #2923, #1227, #5487 ),
 .UNSPECIFIED., .F., .F.,
 ( 5, 1, 5 ),
 ( 0.3109028949709441436, 0.3617673510343424881, 0.3768711599805257828 ),
 .UNSPECIFIED. ) ;
#6711 = CARTESIAN_POINT ( 'NONE',  ( -14.64448700263735859, 105.4999999999999858, -75.09884710879349257 ) ) ;
#6712 = CARTESIAN_POINT ( 'NONE',  ( -27.68122796361762994, 113.4999999999999858, -68.54843108296068976 ) ) ;
#6713 = EDGE_LOOP ( 'NONE', ( #6148, #4391, #735, #3391 ) ) ;
#6714 = ADVANCED_FACE ( 'NONE', ( #5763 ), #1728, .F. ) ;
#6715 = CARTESIAN_POINT ( 'NONE',  ( 10.54796902411448123, 105.4999999999999858, -78.70748458561936900 ) ) ;
#6716 = LINE ( 'NONE', #3354, #3202 ) ;
#6717 = CARTESIAN_POINT ( 'NONE',  ( -15.39961931675355444, 105.4999999999999858, -71.83850662047268543 ) ) ;
#6718 = CARTESIAN_POINT ( 'NONE',  ( -1.265560432783495504, 105.4999999999999858, -57.95006613512011739 ) ) ;
#6719 = CARTESIAN_POINT ( 'NONE',  ( -13.90128898370211452, 105.4999999999999858, -78.11315714163167456 ) ) ;
#6720 = ORIENTED_EDGE ( 'NONE', *, *, #1397, .T. ) ;
#6721 = CARTESIAN_POINT ( 'NONE',  ( 1.686911345409991547, 110.9999999999999858, -86.09867404971171823 ) ) ;
#6722 = CARTESIAN_POINT ( 'NONE',  ( 14.86850930406780336, 110.9999999999999858, -68.91067050615687606 ) ) ;
#6723 = LINE ( 'NONE', #361, #3289 ) ;
#6724 = ORIENTED_EDGE ( 'NONE', *, *, #792, .T. ) ;
#6725 = CARTESIAN_POINT ( 'NONE',  ( 14.76644926665595925, 110.9999999999999858, -72.08056842386869789 ) ) ;
#6726 = ORIENTED_EDGE ( 'NONE', *, *, #2424, .F. ) ;
#6727 = CARTESIAN_POINT ( 'NONE',  ( 1.392108514458093804, 105.4999999999999858, -57.48579143072335285 ) ) ;
#6728 = ADVANCED_FACE ( 'NONE', ( #6003 ), #2769, .F. ) ;
#6729 = CARTESIAN_POINT ( 'NONE',  ( -4.638563182632789328, 110.9999999999999858, -57.76807867593068835 ) ) ;
#6730 =( LENGTH_UNIT ( ) NAMED_UNIT ( * ) SI_UNIT ( .MILLI., .METRE. ) );
#6731 = CARTESIAN_POINT ( 'NONE',  ( -4.159050406661600974, 110.9999999999999858, -85.47978429096735908 ) ) ;
#6732 = CARTESIAN_POINT ( 'NONE',  ( 13.26249910545484667, 110.9999999999999858, -74.59995928291294831 ) ) ;
#6733 = CARTESIAN_POINT ( 'NONE',  ( 13.82951663048718594, 105.4999999999999858, -74.72478799498279045 ) ) ;
#6734 = EDGE_LOOP ( 'NONE', ( #1628, #1243, #6146, #270, #2443, #2908 ) ) ;
#6735 = CARTESIAN_POINT ( 'NONE',  ( -11.31448124628113128, 110.9999999999999858, -63.52124220522320286 ) ) ;
#6736 = ORIENTED_EDGE ( 'NONE', *, *, #3684, .F. ) ;
#6737 = CARTESIAN_POINT ( 'NONE',  ( 11.89895147196007663, 110.9999999999999858, -63.25531766824810376 ) ) ;
#6738 = CARTESIAN_POINT ( 'NONE',  ( 4.295494682691084698, 105.4999999999999858, -85.76695627014322554 ) ) ;
#6739 = CARTESIAN_POINT ( 'NONE',  ( -1.727384259361098851, 110.9999999999999858, -85.12207433153901093 ) ) ;
#6740 = FACE_OUTER_BOUND ( 'NONE', #1608, .T. ) ;
#6741 = CARTESIAN_POINT ( 'NONE',  ( 4.758816829677870786, 105.4999999999999858, -86.42117152066886376 ) ) ;
#6742 = CARTESIAN_POINT ( 'NONE',  ( -13.84067976988754545, 110.9999999999999858, -74.72724555622524178 ) ) ;
#6743 = CARTESIAN_POINT ( 'NONE',  ( 9.820809144269002644, 105.4999999999999858, -83.02752116150729478 ) ) ;
#6744 = ORIENTED_EDGE ( 'NONE', *, *, #5743, .T. ) ;
#6745 = CARTESIAN_POINT ( 'NONE',  ( -1.623641311369532936, 105.4999999999999858, -86.67713541899996699 ) ) ;
#6746 = VERTEX_POINT ( 'NONE', #117 ) ;
#6747 = LINE ( 'NONE', #4661, #6564 ) ;
#6748 = CARTESIAN_POINT ( 'NONE',  ( -16.35281189707507821, 105.4999999999999858, -71.31551694544440068 ) ) ;
#6749 = ADVANCED_FACE ( 'NONE', ( #5399 ), #2693, .T. ) ;
#6750 = CARTESIAN_POINT ( 'NONE',  ( 16.66286363734649001, 105.4999999999999858, -69.49379532268585535 ) ) ;
#6751 = CARTESIAN_POINT ( 'NONE',  ( -4.555022691664293966, 105.4999999999999858, -58.66089327844824197 ) ) ;
#6752 = VERTEX_POINT ( 'NONE', #4837 ) ;
#6753 = CARTESIAN_POINT ( 'NONE',  ( 11.45083698047257670, 110.9999999999999858, -83.69449898199410143 ) ) ;
#6754 = CARTESIAN_POINT ( 'NONE',  ( 15.39403866162955126, 105.4999999999999858, -75.64891016945320246 ) ) ;
#6755 = CARTESIAN_POINT ( 'NONE',  ( 0.5348675345816233939, 105.4999999999999858, -59.51144857397580523 ) ) ;
#6756 = B_SPLINE_CURVE_WITH_KNOTS ( 'NONE', 3,
 ( #1116, #4369, #3844, #2737 ),
 .UNSPECIFIED., .F., .F.,
 ( 4, 4 ),
 ( 0.000000000000000000, 1.000000000000000000 ),
 .UNSPECIFIED. ) ;
#6757 = ORIENTED_EDGE ( 'NONE', *, *, #3392, .F. ) ;
#6758 = DIRECTION ( 'NONE',  ( 0.000000000000000000, 1.000000000000000000, 0.000000000000000000 ) ) ;
#6759 = EDGE_LOOP ( 'NONE', ( #2270, #4418, #4612, #5178 ) ) ;
#6760 = EDGE_CURVE ( 'NONE', #6400, #6829, #5480, .T. ) ;
#6761 = CARTESIAN_POINT ( 'NONE',  ( 1.551105578389038619, 110.9999999999999858, -57.11181930327058609 ) ) ;
#6762 = CARTESIAN_POINT ( 'NONE',  ( 12.78990417712426719, 110.9999999999999858, -77.92438612776582829 ) ) ;
#6763 = CIRCLE ( 'NONE', #2957, 8.500000000000000000 ) ;
#6764 = DIRECTION ( 'NONE',  ( 0.000000000000000000, 1.000000000000000000, 0.000000000000000000 ) ) ;
#6765 = DIRECTION ( 'NONE',  ( 0.000000000000000000, -1.000000000000000000, 0.000000000000000000 ) ) ;
#6766 = EDGE_CURVE ( 'NONE', #6529, #6176, #4684, .T. ) ;
#6767 = CARTESIAN_POINT ( 'NONE',  ( 15.39403866162955126, 105.4999999999999858, -75.64891016945320246 ) ) ;
#6768 = AXIS2_PLACEMENT_3D ( 'NONE', #2016, #1352, #5258 ) ;
#6769 = ORIENTED_EDGE ( 'NONE', *, *, #3364, .T. ) ;
#6770 = CARTESIAN_POINT ( 'NONE',  ( -11.36635421402006507, 105.4999999999999858, -63.48975489608456257 ) ) ;
#6771 = EDGE_LOOP ( 'NONE', ( #4542, #1211, #6050, #373, #3297, #865, #1276, #3714, #6278, #5405, #5749, #1883, #1546, #5991, #2012, #606, #6323, #1696, #3583, #3732, #2522, #3233, #1972, #418, #652, #462, #440, #6702, #1805, #2546, #4520, #5923, #2483 ) ) ;
#6772 = CARTESIAN_POINT ( 'NONE',  ( 13.01229113502816759, 110.9999999999999858, -63.00159729964521915 ) ) ;
#6773 = CYLINDRICAL_SURFACE ( 'NONE', #1631, 12.49999999999999822 ) ;
#6774 = AXIS2_PLACEMENT_3D ( 'NONE', #4993, #128, #3957 ) ;
#6775 = CARTESIAN_POINT ( 'NONE',  ( 2.889916630983060397, 110.9999999999999858, -55.24743655836754641 ) ) ;
#6776 = CARTESIAN_POINT ( 'NONE',  ( 9.586723779017560787, 105.4999999999999858, -61.66681428427300915 ) ) ;
#6777 = LINE ( 'NONE', #846, #5116 ) ;
#6778 = ORIENTED_EDGE ( 'NONE', *, *, #1996, .F. ) ;
#6779 = CARTESIAN_POINT ( 'NONE',  ( -1.684686988164369348, 105.4999999999999858, -86.19773585460632148 ) ) ;
#6780 = ORIENTED_EDGE ( 'NONE', *, *, #6144, .F. ) ;
#6781 = AXIS2_PLACEMENT_3D ( 'NONE', #1792, #2274, #3955 ) ;
#6782 = CARTESIAN_POINT ( 'NONE',  ( -3.119695238503682688, 110.9999999999999858, -84.10444140052968010 ) ) ;
#6783 = CARTESIAN_POINT ( 'NONE',  ( -7.175214880277781759, 110.9999999999999858, -59.30683223420265904 ) ) ;
#6784 = CARTESIAN_POINT ( 'NONE',  ( -1.269920715294336588, 105.4999999999999858, -57.91830546447612704 ) ) ;
#6785 = EDGE_CURVE ( 'NONE', #2195, #83, #6416, .T. ) ;
#6786 = CIRCLE ( 'NONE', #157, 24.99999999999995381 ) ;
#6787 = DIRECTION ( 'NONE',  ( 0.000000000000000000, 0.000000000000000000, -1.000000000000000000 ) ) ;
#6788 = EDGE_LOOP ( 'NONE', ( #1190, #4623, #1670, #1680 ) ) ;
#6789 = CARTESIAN_POINT ( 'NONE',  ( -2.514624488110082545, 110.9999999999999858, -55.66384641134396816 ) ) ;
#6790 = CARTESIAN_POINT ( 'NONE',  ( 13.82951663048718594, 110.9999999999999858, -74.72478799498279045 ) ) ;
#6791 = B_SPLINE_CURVE_WITH_KNOTS ( 'NONE', 4,
 ( #1429, #402, #2981, #5724, #899, #2513, #4675, #5125, #5622, #3617, #6800, #4079, #2549, #4572, #6209, #4707, #6279, #6696, #2446 ),
 .UNSPECIFIED., .F., .F.,
 ( 5, 1, 1, 1, 1, 1, 1, 1, 1, 1, 1, 1, 1, 1, 1, 5 ),
 ( 0.000000000000000000, 0.01510380894618329473, 0.06983612823799767444, 0.1205638147985295117, 0.1479301470313329203, 0.1752962048027451036, 0.2026623067199501693, 0.2300286649678376372, 0.2573949849334067341, 0.2847606352807794949, 0.3120163113035102631, 0.3302610210450994122, 0.3483393403036955105, 0.3617874722637031693, 0.3714944117322120931, 0.3768711599805257828 ),
 .UNSPECIFIED. ) ;
#6792 = AXIS2_PLACEMENT_3D ( 'NONE', #17, #4885, #63 ) ;
#6793 = CARTESIAN_POINT ( 'NONE',  ( 1.174955163963941507, 105.4999999999999858, -88.02768662349957651 ) ) ;
#6794 = VERTEX_POINT ( 'NONE', #4256 ) ;
#6795 = AXIS2_PLACEMENT_3D ( 'NONE', #1361, #6181, #1784 ) ;
#6796 = VECTOR ( 'NONE', #972, 1000.000000000000000 ) ;
#6798 = ORIENTED_EDGE ( 'NONE', *, *, #1906, .T. ) ;
#6797 = CIRCLE ( 'NONE', #294, 16.99999999999860378 ) ;
#6799 = EDGE_CURVE ( 'NONE', #36, #4705, #1526, .T. ) ;
#6800 = CARTESIAN_POINT ( 'NONE',  ( 12.10196666174165614, 105.4999999999999858, -63.19055870716713486 ) ) ;
#6801 = CARTESIAN_POINT ( 'NONE',  ( -4.184669618647834710, 110.9999999999999858, -55.55054018370851310 ) ) ;
#6802 = DIRECTION ( 'NONE',  ( 0.000000000000000000, 1.000000000000000000, -0.000000000000000000 ) ) ;
#6803 = CARTESIAN_POINT ( 'NONE',  ( 12.70925341270042352, 110.9999999999999858, -74.31160630140082901 ) ) ;
#6804 = CARTESIAN_POINT ( 'NONE',  ( -13.74216322135147195, 105.4999999999999858, -68.86424652617267839 ) ) ;
#6805 = ORIENTED_EDGE ( 'NONE', *, *, #4733, .F. ) ;
#6806 = CARTESIAN_POINT ( 'NONE',  ( -11.31448124628113128, 105.4999999999999858, -63.52124220522320286 ) ) ;
#6807 = ORIENTED_EDGE ( 'NONE', *, *, #3522, .T. ) ;
#6808 = DIRECTION ( 'NONE',  ( 0.7724420150837384424, 3.612887105710951060E-14, -0.6350852961086200787 ) ) ;
#6809 = CARTESIAN_POINT ( 'NONE',  ( -10.85146761674003280, 114.9999999999999858, -97.69843108296061018 ) ) ;
#6810 = CARTESIAN_POINT ( 'NONE',  ( 8.882880340522412155, 110.9999999999999858, -82.18568150156362151 ) ) ;
#6811 = CARTESIAN_POINT ( 'NONE',  ( 1.770307243986520618, 110.9999999999999858, -56.70162206394253701 ) ) ;
#6812 = CARTESIAN_POINT ( 'NONE',  ( -1.286699764493399734, 110.9999999999999858, -87.76817603455616279 ) ) ;
#6813 = DIRECTION ( 'NONE',  ( 0.000000000000000000, 1.000000000000000000, -0.000000000000000000 ) ) ;
#6814 = DIRECTION ( 'NONE',  ( -0.000000000000000000, -1.000000000000000000, -0.000000000000000000 ) ) ;
#6815 = VERTEX_POINT ( 'NONE', #4394 ) ;
#6816 = CARTESIAN_POINT ( 'NONE',  ( -0.7507318962219622360, 105.4999999999999858, -88.83355245043128434 ) ) ;
#6817 = ORIENTED_EDGE ( 'NONE', *, *, #4669, .F. ) ;
#6818 = FACE_OUTER_BOUND ( 'NONE', #1491, .T. ) ;
#6819 = ADVANCED_FACE ( 'NONE', ( #6940 ), #1066, .T. ) ;
#6820 = CARTESIAN_POINT ( 'NONE',  ( -6.864983040936785130, 110.9999999999999858, -59.68935388785236285 ) ) ;
#6821 = CARTESIAN_POINT ( 'NONE',  ( -1.339316662303507321, 105.4999999999999858, -57.64080119257550194 ) ) ;
#6822 = DIRECTION ( 'NONE',  ( 0.000000000000000000, 1.000000000000000000, 0.000000000000000000 ) ) ;
#6823 = ORIENTED_EDGE ( 'NONE', *, *, #6880, .F. ) ;
#6824 = CARTESIAN_POINT ( 'NONE',  ( 10.00592381997331515, 110.9999999999999858, -83.13307421528227792 ) ) ;
#6825 = CARTESIAN_POINT ( 'NONE',  ( 13.84067976986820980, 110.9999999999999858, -74.72724555625711673 ) ) ;
#6826 = B_SPLINE_SURFACE_WITH_KNOTS ( 'NONE', 4, 1, ( 
 ( #5269, #2724 ),
 ( #5368, #47 ),
 ( #4358, #545 ),
 ( #3162, #1637 ),
 ( #4222, #5299 ),
 ( #2620, #976 ),
 ( #6489, #4774 ),
 ( #6357, #5931 ),
 ( #6869, #1672 ),
 ( #576, #1537 ),
 ( #6, #513 ),
 ( #2094, #6386 ),
 ( #5398, #1568 ),
 ( #5334, #3727 ),
 ( #2692, #5862 ),
 ( #1034, #3800 ),
 ( #3192, #1074 ),
 ( #6415, #4836 ),
 ( #4285, #2659 ) ),
 .UNSPECIFIED., .F., .F., .F.,
 ( 5, 1, 1, 1, 1, 1, 1, 1, 1, 1, 1, 1, 1, 1, 1, 5 ),
 ( 2, 2 ),
 ( 0.000000000000000000, 0.01510380894618329473, 0.06983612823799767444, 0.1205638147985295117, 0.1479301470313329203, 0.1752962048027451036, 0.2026623067199501693, 0.2300286649678376649, 0.2573949849334067341, 0.2847606352807794949, 0.3120163113035102631, 0.3302610210450994122, 0.3483393403036955105, 0.3617874722637031693, 0.3714944117322120931, 0.3768711599805257828 ),
 ( 0.000000000000000000, 1.000000000000000000 ),
 .UNSPECIFIED. ) ;
#6827 = CARTESIAN_POINT ( 'NONE',  ( 1.623641311369508511, 105.4999999999999858, -86.67713541899993857 ) ) ;
#6828 = VERTEX_POINT ( 'NONE', #3801 ) ;
#6829 = VERTEX_POINT ( 'NONE', #2414 ) ;
#6830 = CARTESIAN_POINT ( 'NONE',  ( 1.304002731882733634, 105.4999999999999858, -57.76225261777169351 ) ) ;
#6831 = CARTESIAN_POINT ( 'NONE',  ( -4.314488465858564936, 110.9999999999999858, -55.93339089296122069 ) ) ;
#6832 = DIRECTION ( 'NONE',  ( 1.000000000000000000, 0.000000000000000000, 0.000000000000000000 ) ) ;
#6833 = EDGE_CURVE ( 'NONE', #5026, #5822, #6356, .T. ) ;
#6834 = CARTESIAN_POINT ( 'NONE',  ( 13.01229113502816759, 110.9999999999999858, -63.00159729964521915 ) ) ;
#6835 = DIRECTION ( 'NONE',  ( -0.9928535775496396543, 0.000000000000000000, -0.1193389020683602447 ) ) ;
#6836 = ORIENTED_EDGE ( 'NONE', *, *, #2409, .F. ) ;
#6837 = CARTESIAN_POINT ( 'NONE',  ( 9.651732629743548841, 110.9999999999999858, -61.58547470639049948 ) ) ;
#6838 = VERTEX_POINT ( 'NONE', #1749 ) ;
#6839 = LINE ( 'NONE', #3226, #6571 ) ;
#6840 = FACE_OUTER_BOUND ( 'NONE', #6106, .T. ) ;
#6841 = CARTESIAN_POINT ( 'NONE',  ( 13.00006026595376341, 105.4999999999999858, -66.44075070746899314 ) ) ;
#6842 = CARTESIAN_POINT ( 'NONE',  ( 9.201369441165732965, 105.4999999999999858, -62.10108737272035739 ) ) ;
#6843 = CARTESIAN_POINT ( 'NONE',  ( -11.71766140854608373, 105.4999999999999858, -63.32263705821256394 ) ) ;
#6844 = DIRECTION ( 'NONE',  ( 0.000000000000000000, 1.000000000000000000, 0.000000000000000000 ) ) ;
#6845 = ORIENTED_EDGE ( 'NONE', *, *, #6523, .T. ) ;
#6846 = CARTESIAN_POINT ( 'NONE',  ( -4.555022691664293966, 110.9999999999999858, -58.66089327844824197 ) ) ;
#6847 = ORIENTED_EDGE ( 'NONE', *, *, #5428, .T. ) ;
#6848 = CARTESIAN_POINT ( 'NONE',  ( -11.64073008976015977, 105.4999999999999858, -77.60018294149982410 ) ) ;
#6849 = EDGE_CURVE ( 'NONE', #924, #5277, #3078, .T. ) ;
#6850 = CARTESIAN_POINT ( 'NONE',  ( 12.91213570738850969, 105.4999999999999858, -72.38131020852326003 ) ) ;
#6851 = CARTESIAN_POINT ( 'NONE',  ( -11.53481943208382887, 110.9999999999999858, -80.12097441725720159 ) ) ;
#6852 = CARTESIAN_POINT ( 'NONE',  ( 14.63881925119657090, 105.4999999999999858, -68.87448821717605085 ) ) ;
#6853 = CARTESIAN_POINT ( 'NONE',  ( 0.000000000000000000, 110.9999999999999858, 0.000000000000000000 ) ) ;
#6854 = ORIENTED_EDGE ( 'NONE', *, *, #4241, .F. ) ;
#6855 = CARTESIAN_POINT ( 'NONE',  ( 13.74216322134677881, 105.4999999999999858, -68.86424652620981135 ) ) ;
#6856 = EDGE_CURVE ( 'NONE', #1383, #2392, #1189, .T. ) ;
#6857 = FACE_OUTER_BOUND ( 'NONE', #1081, .T. ) ;
#6858 = CARTESIAN_POINT ( 'NONE',  ( 1.684686988164343147, 105.4999999999999858, -86.19773585460634990 ) ) ;
#6859 = VERTEX_POINT ( 'NONE', #830 ) ;
#6860 = ORIENTED_EDGE ( 'NONE', *, *, #5328, .F. ) ;
#6861 = CARTESIAN_POINT ( 'NONE',  ( -23.81569860407218542, 112.9999999999999858, -47.74999999999938183 ) ) ;
#6862 = EDGE_CURVE ( 'NONE', #3138, #6187, #2880, .T. ) ;
#6863 = CARTESIAN_POINT ( 'NONE',  ( -7.356595353083648092, 111.0000000000000142, -84.40406644306823125 ) ) ;
#6864 = CARTESIAN_POINT ( 'NONE',  ( 0.4999999999999900080, 105.9999999999999858, -80.48074069840785683 ) ) ;
#6865 = VERTEX_POINT ( 'NONE', #2836 ) ;
#6866 = CARTESIAN_POINT ( 'NONE',  ( 7.532650328419581598, 110.9999999999999858, -87.07286520576479916 ) ) ;
#6867 = VERTEX_POINT ( 'NONE', #1220 ) ;
#6868 = CIRCLE ( 'NONE', #5425, 16.99999999999860378 ) ;
#6869 = CARTESIAN_POINT ( 'NONE',  ( 12.36363030732594659, 105.4999999999999858, -81.18232001382716589 ) ) ;
#6870 = DIRECTION ( 'NONE',  ( -0.000000000000000000, -1.000000000000000000, 0.000000000000000000 ) ) ;
#6871 = AXIS2_PLACEMENT_3D ( 'NONE', #4565, #3477, #3402 ) ;
#6872 = CARTESIAN_POINT ( 'NONE',  ( 10.51584916751914456, 105.4999999999999858, -58.64272047586262460 ) ) ;
#6873 = CARTESIAN_POINT ( 'NONE',  ( -13.75336083684893396, 105.4999999999999858, -68.86195116227379742 ) ) ;
#6874 = CARTESIAN_POINT ( 'NONE',  ( -16.07133587230408622, 110.9999999999999858, -76.29684793774167417 ) ) ;
#6875 = ORIENTED_EDGE ( 'NONE', *, *, #2973, .T. ) ;
#6876 = B_SPLINE_SURFACE_WITH_KNOTS ( 'NONE', 3, 1, ( 
 ( #2375, #4534 ),
 ( #6078, #2305 ),
 ( #2264, #3334 ),
 ( #5437, #6002 ) ),
 .UNSPECIFIED., .F., .F., .F.,
 ( 4, 4 ),
 ( 2, 2 ),
 ( 0.000000000000000000, 1.000000000000000000 ),
 ( 0.000000000000000000, 1.000000000000000000 ),
 .UNSPECIFIED. ) ;
#6877 = CARTESIAN_POINT ( 'NONE',  ( -1.578216621895686345, 105.4999999999999858, -86.88533121124497427 ) ) ;
#6878 = ORIENTED_EDGE ( 'NONE', *, *, #6679, .T. ) ;
#6879 = CARTESIAN_POINT ( 'NONE',  ( 4.638563182662428730, 110.9999999999999858, -57.76807867592917489 ) ) ;
#6880 = EDGE_CURVE ( 'NONE', #6838, #109, #5341, .T. ) ;
#6881 = CARTESIAN_POINT ( 'NONE',  ( 13.74216322134677881, 110.9999999999999858, -68.86424652620981135 ) ) ;
#6882 = AXIS2_PLACEMENT_3D ( 'NONE', #634, #3881, #6016 ) ;
#6883 = CARTESIAN_POINT ( 'NONE',  ( -12.11798991032928718, 110.9999999999999858, -80.78738718318759027 ) ) ;
#6884 = CARTESIAN_POINT ( 'NONE',  ( 5.568177290558129933, 105.4999999999999858, -60.80869079772553931 ) ) ;
#6885 = PRODUCT_DEFINITION ( 'UNKNOWN', '', #1748, #892 ) ;
#6886 = LINE ( 'NONE', #5946, #5130 ) ;
#6887 = CARTESIAN_POINT ( 'NONE',  ( -1.551105578362585780, 110.9999999999999858, -57.11181930325719236 ) ) ;
#6888 = CIRCLE ( 'NONE', #1732, 11.00000000000007283 ) ;
#6889 = CARTESIAN_POINT ( 'NONE',  ( 13.82951663048718594, 105.4999999999999858, -74.72478799498279045 ) ) ;
#6890 = CIRCLE ( 'NONE', #4879, 26.49999999999995381 ) ;
#6891 = EDGE_CURVE ( 'NONE', #2133, #1452, #1329, .T. ) ;
#6892 = DIRECTION ( 'NONE',  ( -0.9928535775496396543, 0.000000000000000000, -0.1193389020683599394 ) ) ;
#6893 = AXIS2_PLACEMENT_3D ( 'NONE', #1553, #2174, #5381 ) ;
#6894 = ORIENTED_EDGE ( 'NONE', *, *, #5347, .T. ) ;
#6895 = AXIS2_PLACEMENT_3D ( 'NONE', #322, #5071, #2397 ) ;
#6896 = ORIENTED_EDGE ( 'NONE', *, *, #365, .T. ) ;
#6897 = CIRCLE ( 'NONE', #850, 26.50000000000002487 ) ;
#6898 = CARTESIAN_POINT ( 'NONE',  ( -13.52259278330330972, 105.4999999999999858, -66.06754691276300662 ) ) ;
#6899 = CIRCLE ( 'NONE', #6795, 12.49999999999999645 ) ;
#6900 = VECTOR ( 'NONE', #6461, 1000.000000000000000 ) ;
#6901 = CARTESIAN_POINT ( 'NONE',  ( -8.922906132225193687, 110.9999999999999858, -63.24604397112376830 ) ) ;
#6902 = CARTESIAN_POINT ( 'NONE',  ( -3.627421808717643525, 105.4999999999999858, -84.39800213835086140 ) ) ;
#6903 = ORIENTED_EDGE ( 'NONE', *, *, #5922, .T. ) ;
#6904 = CARTESIAN_POINT ( 'NONE',  ( -14.38331250274236517, 110.9999999999999858, -62.93797365660373799 ) ) ;
#6905 = VERTEX_POINT ( 'NONE', #4470 ) ;
#6906 = AXIS2_PLACEMENT_3D ( 'NONE', #879, #4651, #3661 ) ;
#6907 = DIRECTION ( 'NONE',  ( 0.000000000000000000, 0.000000000000000000, 1.000000000000000000 ) ) ;
#6908 = VECTOR ( 'NONE', #5914, 1000.000000000000000 ) ;
#6909 = EDGE_CURVE ( 'NONE', #4803, #401, #3903, .T. ) ;
#6910 = CARTESIAN_POINT ( 'NONE',  ( -11.71203505488408325, 105.4999999999999858, -67.63213612011928433 ) ) ;
#6911 = DIRECTION ( 'NONE',  ( 0.000000000000000000, 1.000000000000000000, -0.000000000000000000 ) ) ;
#6912 = CARTESIAN_POINT ( 'NONE',  ( 14.09382379058831880, 110.9999999999999858, -72.21007334607602957 ) ) ;
#6913 = FACE_BOUND ( 'NONE', #4773, .T. ) ;
#6914 = CARTESIAN_POINT ( 'NONE',  ( -23.81569860407218542, 113.4999999999999858, -47.24999999999930367 ) ) ;
#6915 = ORIENTED_EDGE ( 'NONE', *, *, #3834, .F. ) ;
#6916 = DIRECTION ( 'NONE',  ( 0.000000000000000000, 1.000000000000000000, 0.000000000000000000 ) ) ;
#6917 = ORIENTED_EDGE ( 'NONE', *, *, #5795, .F. ) ;
#6918 = DIRECTION ( 'NONE',  ( 0.9928535775496396543, 0.000000000000000000, 0.1193389020683599394 ) ) ;
#6919 = CARTESIAN_POINT ( 'NONE',  ( 0.4999999999999900080, 105.9999999999999858, -78.48074069840784261 ) ) ;
#6920 = CARTESIAN_POINT ( 'NONE',  ( -11.76577261406735353, 110.9999999999999858, -80.33948165698124910 ) ) ;
#6921 = DIRECTION ( 'NONE',  ( 0.000000000000000000, 1.000000000000000000, 0.000000000000000000 ) ) ;
#6922 = EDGE_CURVE ( 'NONE', #3379, #498, #1865, .T. ) ;
#6923 = CARTESIAN_POINT ( 'NONE',  ( 12.83006555374214130, 105.4999999999999858, -77.94106366752748727 ) ) ;
#6924 = PLANE ( 'NONE',  #2084 ) ;
#6925 = CARTESIAN_POINT ( 'NONE',  ( 1.682128284694953013, 110.9999999999999858, -85.99465770516425778 ) ) ;
#6926 = FACE_OUTER_BOUND ( 'NONE', #3705, .T. ) ;
#6927 = CARTESIAN_POINT ( 'NONE',  ( -10.51584916751575527, 105.4999999999999858, -58.64272047585996006 ) ) ;
#6928 = CARTESIAN_POINT ( 'NONE',  ( -16.35871260184277531, 105.4999999999999858, -76.62520507764388356 ) ) ;
#6929 = VERTEX_POINT ( 'NONE', #5550 ) ;
#6930 = CARTESIAN_POINT ( 'NONE',  ( 0.6562887717702948764, 110.9999999999999858, -88.98732718964346589 ) ) ;
#6931 = ORIENTED_EDGE ( 'NONE', *, *, #2614, .T. ) ;
#6932 = B_SPLINE_CURVE_WITH_KNOTS ( 'NONE', 3,
 ( #6925, #6473, #23, #491 ),
 .UNSPECIFIED., .F., .F.,
 ( 4, 4 ),
 ( 0.000000000000000000, 1.000000000000000000 ),
 .UNSPECIFIED. ) ;
#6933 = CARTESIAN_POINT ( 'NONE',  ( -9.854656579761735813, 110.9999999999999858, -61.25356058019922045 ) ) ;
#6934 = CARTESIAN_POINT ( 'NONE',  ( 14.38331250274789852, 110.9999999999999858, -62.93797365661252030 ) ) ;
#6935 = CARTESIAN_POINT ( 'NONE',  ( -3.972025084499012593, 105.4999999999999858, -84.91807599927734884 ) ) ;
#6936 = ORIENTED_EDGE ( 'NONE', *, *, #3461, .T. ) ;
#6937 = EDGE_CURVE ( 'NONE', #2667, #2445, #5255, .T. ) ;
#6938 = CARTESIAN_POINT ( 'NONE',  ( 0.000000000000000000, 105.4999999999999858, -71.99999999999998579 ) ) ;
#6939 = DIRECTION ( 'NONE',  ( 0.3514117599586877305, 0.000000000000000000, -0.9362210075418825328 ) ) ;
#6940 = FACE_OUTER_BOUND ( 'NONE', #2049, .T. ) ;
#6941 = B_SPLINE_CURVE_WITH_KNOTS ( 'NONE', 4,
 ( #1752, #3871, #5515, #4362, #6602, #6492, #4984, #89, #1787, #6006, #1254, #3338, #1676, #5554, #2481, #3056, #3515, #4023, #5194 ),
 .UNSPECIFIED., .F., .F.,
 ( 5, 1, 1, 1, 1, 1, 1, 1, 1, 1, 1, 1, 1, 1, 1, 5 ),
 ( 0.000000000000000000, 0.01510380894618329473, 0.06983612823799767444, 0.1205638147985295117, 0.1479301470313329203, 0.1752962048027451036, 0.2026623067199501693, 0.2300286649678376372, 0.2573949849334067341, 0.2847606352807794949, 0.3120163113035102631, 0.3302610210450994122, 0.3483393403036955105, 0.3617874722637031693, 0.3714944117322120931, 0.3768711599805257828 ),
 .UNSPECIFIED. ) ;
#6942 = CARTESIAN_POINT ( 'NONE',  ( 7.560642406421475670, 110.9999999999999858, -86.81848255802965753 ) ) ;
#6943 = CARTESIAN_POINT ( 'NONE',  ( -13.78491443102294056, 105.4999999999999858, -68.85628345038686859 ) ) ;
#6944 = CARTESIAN_POINT ( 'NONE',  ( -13.92992009983567137, 110.9999999999999858, -74.75238185204786134 ) ) ;
#6945 = EDGE_CURVE ( 'NONE', #5153, #2494, #2343, .T. ) ;
#6946 = ORIENTED_EDGE ( 'NONE', *, *, #2505, .T. ) ;
#6947 = CARTESIAN_POINT ( 'NONE',  ( 11.67824955973201284, 105.4999999999999858, -80.24817318353127860 ) ) ;
#6948 = ORIENTED_EDGE ( 'NONE', *, *, #3989, .F. ) ;
#6949 = DIRECTION ( 'NONE',  ( 0.000000000000000000, -1.000000000000000000, 0.000000000000000000 ) ) ;
#6950 = CARTESIAN_POINT ( 'NONE',  ( 4.536970427965545838, 111.0000000000000142, -56.84391636746269683 ) ) ;
#6951 = CARTESIAN_POINT ( 'NONE',  ( 12.96079323228967617, 105.4999999999999858, -66.45943697439331288 ) ) ;
#6952 = CARTESIAN_POINT ( 'NONE',  ( -8.882880340531091434, 105.4999999999999858, -82.18568150153937779 ) ) ;
#6953 = CARTESIAN_POINT ( 'NONE',  ( -1.682128284694977438, 110.9999999999999858, -85.99465770516428620 ) ) ;
#6954 = FACE_OUTER_BOUND ( 'NONE', #916, .T. ) ;
#6955 = CYLINDRICAL_SURFACE ( 'NONE', #5652, 25.00000000000002132 ) ;
#6956 = CARTESIAN_POINT ( 'NONE',  ( 0.6562887717702948764, 110.9999999999999858, -88.98732718964346589 ) ) ;
#6957 = EDGE_CURVE ( 'NONE', #4829, #756, #6899, .T. ) ;
#6958 = CARTESIAN_POINT ( 'NONE',  ( -12.47604671605494708, 105.4999999999999858, -72.77347161474393999 ) ) ;
#6959 = CARTESIAN_POINT ( 'NONE',  ( -13.10508927637365240, 105.4999999999999858, -78.01971715041372590 ) ) ;
#6960 = ORIENTED_EDGE ( 'NONE', *, *, #5787, .F. ) ;
#6961 = DIRECTION ( 'NONE',  ( 0.9928535775496396543, 0.000000000000000000, 0.1193389020683603002 ) ) ;
#6962 = VERTEX_POINT ( 'NONE', #1291 ) ;
#6963 = CARTESIAN_POINT ( 'NONE',  ( 6.453548254072665635, 114.9999999999999858, -71.22429713655564854 ) ) ;
#6964 = EDGE_CURVE ( 'NONE', #2035, #2810, #459, .T. ) ;
ENDSEC;
END-ISO-10303-21;
