ISO-10303-21;
HEADER;
FILE_DESCRIPTION (( 'STEP AP214' ),
    '1' );
FILE_NAME ('7mm_pen_rod.STEP',
    '2026-07-07T16:53:58',
    ( '' ),
    ( '' ),
    'SwSTEP 2.0',
    'SolidWorks 2026',
    '' );
FILE_SCHEMA (( 'AUTOMOTIVE_DESIGN' ));
ENDSEC;

DATA;
#1 = CARTESIAN_POINT ( 'NONE',  ( -1.442754127795962571, -5.262690056605971556, 2.646962924186591071 ) ) ;
#2 = CARTESIAN_POINT ( 'NONE',  ( -3.629888194883684083, -4.140042264905931191, 0.07309404773024495705 ) ) ;
#3 = ORIENTED_EDGE ( 'NONE', *, *, #311, .T. ) ;
#4 = CARTESIAN_POINT ( 'NONE',  ( -7.608582032290258645, -3.018721441920981352, 1.775979326470108255 ) ) ;
#5 = CARTESIAN_POINT ( 'NONE',  ( -3.000000000000001776, -28.50000000000000000, 1.732050807568877859 ) ) ;
#6 = DIRECTION ( 'NONE',  ( -1.000000000000000000, -0.000000000000000000, -0.000000000000000000 ) ) ;
#7 = DIRECTION ( 'NONE',  ( 1.000000000000000000, -0.000000000000000000, -0.000000000000000000 ) ) ;
#8 = CARTESIAN_POINT ( 'NONE',  ( -2.362998925365118907, -7.712688486855532766, 1.855789264778944014 ) ) ;
#9 = CARTESIAN_POINT ( 'NONE',  ( 0.08843009881343036338, -3.052929567052830695, 2.998696403043138226 ) ) ;
#10 = EDGE_LOOP ( 'NONE', ( #558, #506, #1103, #444 ) ) ;
#11 = EDGE_CURVE ( 'NONE', #76, #964, #53, .T. ) ;
#12 = CARTESIAN_POINT ( 'NONE',  ( -5.672330325584965749, -2.370335848268291468, 2.582023806846549085 ) ) ;
#13 = DIRECTION ( 'NONE',  ( 0.000000000000000000, 0.000000000000000000, 1.000000000000000000 ) ) ;
#14 = CARTESIAN_POINT ( 'NONE',  ( 1.055561073474879263, -4.386654387381891951, 2.809650356423696316 ) ) ;
#15 = CARTESIAN_POINT ( 'NONE',  ( -0.4800733847190662984, -3.352260658210099997, -2.963215075269468812 ) ) ;
#16 = EDGE_CURVE ( 'NONE', #292, #736, #472, .T. ) ;
#17 = CARTESIAN_POINT ( 'NONE',  ( 4.090897277111412933, -1.875561027305078232, -2.958145480983440656 ) ) ;
#18 =( NAMED_UNIT ( * ) PLANE_ANGLE_UNIT ( ) SI_UNIT ( $, .RADIAN. ) );
#19 = ORIENTED_EDGE ( 'NONE', *, *, #400, .T. ) ;
#20 = CARTESIAN_POINT ( 'NONE',  ( -7.210187995344027101, -2.882602179868092751, -2.000140895057991308 ) ) ;
#21 = DIRECTION ( 'NONE',  ( -0.000000000000000000, 1.000000000000000000, -0.000000000000000000 ) ) ;
#22 = CIRCLE ( 'NONE', #241, 7.000000000000076383 ) ;
#23 = CARTESIAN_POINT ( 'NONE',  ( 4.151559516188310539, -1.892539897652400604, 2.948556240914753435 ) ) ;
#24 = CARTESIAN_POINT ( 'NONE',  ( -1.119527894462045925, -4.528213031118325738, -2.784732439583263996 ) ) ;
#25 = CARTESIAN_POINT ( 'NONE',  ( 7.253244285625959797, -2.897246595501662192, 1.978662597280897772 ) ) ;
#26 = ORIENTED_EDGE ( 'NONE', *, *, #49, .F. ) ;
#27 = CARTESIAN_POINT ( 'NONE',  ( -79.00000000000002842, 0.000000000000000000, -3.500000000000000444 ) ) ;
#28 = EDGE_CURVE ( 'NONE', #654, #214, #1132, .T. ) ;
#29 = CARTESIAN_POINT ( 'NONE',  ( 3.558835526798538762, -4.056294242164696584, -0.3778542353877967219 ) ) ;
#30 = CARTESIAN_POINT ( 'NONE',  ( -0.1633414073364670149, -3.062345579000751439, -2.997635419519160127 ) ) ;
#31 = CARTESIAN_POINT ( 'NONE',  ( 7.966434859115131495, -3.141547140603662136, 1.549410493788866416 ) ) ;
#32 = EDGE_LOOP ( 'NONE', ( #855, #1073, #681, #243 ) ) ;
#33 = CARTESIAN_POINT ( 'NONE',  ( 80.00000000000000000, 3.061616997868402370E-16, -2.500000000000015543 ) ) ;
#34 = CARTESIAN_POINT ( 'NONE',  ( 8.817523951758984069, -3.436365354292342467, -0.6746729140199825281 ) ) ;
#35 = CARTESIAN_POINT ( 'NONE',  ( -2.127763315507225084, -2.955074446634304408, -2.381664368320865144 ) ) ;
#36 = CARTESIAN_POINT ( 'NONE',  ( 8.456586949793225116, -3.310891353448962793, -1.144757025599253630 ) ) ;
#37 = CARTESIAN_POINT ( 'NONE',  ( -0.7427511224489192765, -3.764432338035815562, 2.908131995510208956 ) ) ;
#38 = ORIENTED_EDGE ( 'NONE', *, *, #843, .F. ) ;
#39 = CARTESIAN_POINT ( 'NONE',  ( 2.922380396085997756, -9.279673976535962154, 0.6865182144640372686 ) ) ;
#40 = VECTOR ( 'NONE', #21, 1000.000000000000000 ) ;
#41 = CARTESIAN_POINT ( 'NONE',  ( -8.382160387508442057, -3.285126452963998300, -1.212692706052198144 ) ) ;
#42 = VECTOR ( 'NONE', #569, 1000.000000000000000 ) ;
#43 = CARTESIAN_POINT ( 'NONE',  ( 0.7169431301749363827, -1.141589626136023439, -3.309129323087513175 ) ) ;
#44 = EDGE_LOOP ( 'NONE', ( #412, #389, #173, #985 ) ) ;
#45 = DIRECTION ( 'NONE',  ( -0.7071067811865434649, 0.000000000000000000, 0.7071067811865516806 ) ) ;
#46 = CARTESIAN_POINT ( 'NONE',  ( 3.193460891048247152, -3.690604823149711056, -0.4949684491512675311 ) ) ;
#47 = CARTESIAN_POINT ( 'NONE',  ( -8.994014297157727711, -3.497909230052539620, -0.1707293572614995425 ) ) ;
#48 = ORIENTED_EDGE ( 'NONE', *, *, #184, .F. ) ;
#49 = EDGE_CURVE ( 'NONE', #408, #792, #144, .T. ) ;
#50 = EDGE_CURVE ( 'NONE', #192, #65, #396, .T. ) ;
#51 = CARTESIAN_POINT ( 'NONE',  ( 8.990098653928979999, -3.496544211122790013, -0.1965992657079271566 ) ) ;
#52 = CARTESIAN_POINT ( 'NONE',  ( -3.409763195822069992, -3.968659757389841225, -0.9472211289812049184 ) ) ;
#53 = LINE ( 'NONE', #423, #686 ) ;
#54 = CARTESIAN_POINT ( 'NONE',  ( 2.888449918319630605, -9.183553846458314851, -0.8174443465519478647 ) ) ;
#55 = ORIENTED_EDGE ( 'NONE', *, *, #342, .T. ) ;
#56 = VERTEX_POINT ( 'NONE', #1044 ) ;
#57 = CARTESIAN_POINT ( 'NONE',  ( 1.441552809683644076, -5.281411125830550723, -2.637003241954543054 ) ) ;
#58 = CARTESIAN_POINT ( 'NONE',  ( 2.058184541756075348, -6.881085585542178862, 2.187901329058662636 ) ) ;
#59 = FACE_OUTER_BOUND ( 'NONE', #642, .T. ) ;
#60 = ORIENTED_EDGE ( 'NONE', *, *, #1036, .T. ) ;
#61 = DIRECTION ( 'NONE',  ( -2.503857664561931390E-16, 0.000000000000000000, 1.000000000000000000 ) ) ;
#62 = CARTESIAN_POINT ( 'NONE',  ( 0.1720378881286377670, -3.074725355057598364, 2.996230849990572764 ) ) ;
#63 = ORIENTED_EDGE ( 'NONE', *, *, #967, .F. ) ;
#64 = CARTESIAN_POINT ( 'NONE',  ( -5.613539385406685511, -2.351189982026991920, 2.599797818201216248 ) ) ;
#65 = VERTEX_POINT ( 'NONE', #1128 ) ;
#66 = CARTESIAN_POINT ( 'NONE',  ( 1.744070755764014935, -6.047038790490759652, -2.447463544176769812 ) ) ;
#67 = CARTESIAN_POINT ( 'NONE',  ( 0.05952847333112506328, -3.046296313570364678, 2.999445931130203746 ) ) ;
#68 = DIRECTION ( 'NONE',  ( -0.8660254037844384856, 0.000000000000000000, 0.5000000000000002220 ) ) ;
#69 = CYLINDRICAL_SURFACE ( 'NONE', #488, 3.500000000000000444 ) ;
#70 = CARTESIAN_POINT ( 'NONE',  ( -2.995152168221646871, -3.495233770509362348, 0.03923095367712321063 ) ) ;
#71 = VECTOR ( 'NONE', #871, 1000.000000000000227 ) ;
#72 = CARTESIAN_POINT ( 'NONE',  ( 2.028751992820270633, -1.343703400050597185, -3.232295409639569961 ) ) ;
#73 = CARTESIAN_POINT ( 'NONE',  ( 0.3126216997509104756, -3.175954620298811815, -2.984516447431580843 ) ) ;
#74 = CARTESIAN_POINT ( 'NONE',  ( -0.03454294709728519819, -3.043037110384546828, -2.999813431785064655 ) ) ;
#75 = CARTESIAN_POINT ( 'NONE',  ( -8.568590516080178077, -3.349784699467846849, 1.020901870979010084 ) ) ;
#76 = VERTEX_POINT ( 'NONE', #1136 ) ;
#77 = DIRECTION ( 'NONE',  ( 0.8660254037844384856, 0.000000000000000000, -0.5000000000000002220 ) ) ;
#78 = EDGE_CURVE ( 'NONE', #769, #258, #825, .T. ) ;
#79 = CARTESIAN_POINT ( 'NONE',  ( 2.766250120622156583, -8.838139710061788890, -1.188568152017482227 ) ) ;
#80 = CARTESIAN_POINT ( 'NONE',  ( -0.01735746634089734355, -3.041717845752629046, -2.999962092939588043 ) ) ;
#81 = CARTESIAN_POINT ( 'NONE',  ( -8.353810034319572253, -3.275319570661337831, 1.239185164937091965 ) ) ;
#82 = VERTEX_POINT ( 'NONE', #1041 ) ;
#83 = CARTESIAN_POINT ( 'NONE',  ( -6.827937192172791825, -2.753136974446184215, -2.170029837842657017 ) ) ;
#84 = CARTESIAN_POINT ( 'NONE',  ( 3.628892878932198141, -4.145545570794464396, 0.2508492771989414560 ) ) ;
#85 = CARTESIAN_POINT ( 'NONE',  ( -0.3479689229012974394, -3.209692234882190132, -2.980513035011026268 ) ) ;
#86 = CARTESIAN_POINT ( 'NONE',  ( -2.605883021201505834, -8.388224719044515609, 1.489705907537008489 ) ) ;
#87 = EDGE_LOOP ( 'NONE', ( #375, #458, #528, #298, #797 ) ) ;
#88 = AXIS2_PLACEMENT_3D ( 'NONE', #1131, #945, #672 ) ;
#89 = CIRCLE ( 'NONE', #333, 3.500000000000000444 ) ;
#90 = CARTESIAN_POINT ( 'NONE',  ( -5.642663104590127432, -2.360431479529784937, -2.589686935921106326 ) ) ;
#91 = LINE ( 'NONE', #723, #71 ) ;
#92 = CARTESIAN_POINT ( 'NONE',  ( 7.734371484314102041, -3.061550793636445444, 1.708916898970478382 ) ) ;
#93 = CARTESIAN_POINT ( 'NONE',  ( -0.5344102186868745497, -2.114644645612412610, -2.969269480476857126 ) ) ;
#94 = EDGE_CURVE ( 'NONE', #1116, #964, #1068, .T. ) ;
#95 = CARTESIAN_POINT ( 'NONE',  ( -0.3741991199399161139, -3.238226803451483171, 2.977113289398516383 ) ) ;
#96 = PLANE ( 'NONE',  #688 ) ;
#97 = ORIENTED_EDGE ( 'NONE', *, *, #962, .F. ) ;
#98 = CARTESIAN_POINT ( 'NONE',  ( -9.004808640027869515, -3.501678117455246042, -0.02262338289664876309 ) ) ;
#99 = CARTESIAN_POINT ( 'NONE',  ( -3.000000000000000888, -52.66515138991167788, -1.732050807568877859 ) ) ;
#100 = EDGE_CURVE ( 'NONE', #82, #225, #326, .T. ) ;
#101 = CARTESIAN_POINT ( 'NONE',  ( 0.9186706572448776198, -1.165902766138553259, 3.300400564772871803 ) ) ;
#102 = DIRECTION ( 'NONE',  ( 0.000000000000000000, 0.000000000000000000, -1.000000000000000000 ) ) ;
#103 = CARTESIAN_POINT ( 'NONE',  ( 80.00000000000000000, 0.000000000000000000, 0.000000000000000000 ) ) ;
#104 = DIRECTION ( 'NONE',  ( 0.000000000000000000, 0.000000000000000000, -1.000000000000000000 ) ) ;
#105 = VERTEX_POINT ( 'NONE', #236 ) ;
#106 = CARTESIAN_POINT ( 'NONE',  ( -6.470529329773081706, -2.633264791524863480, 2.313278087568293007 ) ) ;
#107 = LINE ( 'NONE', #467, #148 ) ;
#108 = CARTESIAN_POINT ( 'NONE',  ( 0.6036632634966249134, -2.133930338908220925, 2.958891069966775866 ) ) ;
#109 = CARTESIAN_POINT ( 'NONE',  ( -0.7673716096306247847, -3.807094142103288448, -2.901816631355869536 ) ) ;
#110 = CARTESIAN_POINT ( 'NONE',  ( 8.851431326311804071, -3.448178634516879004, 0.6349408168247470119 ) ) ;
#111 = ORIENTED_EDGE ( 'NONE', *, *, #754, .F. ) ;
#112 = EDGE_CURVE ( 'NONE', #510, #82, #591, .T. ) ;
#113 = CARTESIAN_POINT ( 'NONE',  ( -2.777946531959724741, -1.512436419532084964, 3.158105397438882189 ) ) ;
#114 = LINE ( 'NONE', #896, #704 ) ;
#115 = AXIS2_PLACEMENT_3D ( 'NONE', #99, #560, #716 ) ;
#116 = CARTESIAN_POINT ( 'NONE',  ( 3.166683220576516078, -1.616135827040677153, 3.105403025908504144 ) ) ;
#117 = CARTESIAN_POINT ( 'NONE',  ( -0.1546833724057126991, -1.121957159599388909, -3.315299704706218709 ) ) ;
#118 = DIRECTION ( 'NONE',  ( -1.000000000000000000, -0.000000000000000000, -0.000000000000000000 ) ) ;
#119 = EDGE_LOOP ( 'NONE', ( #852, #541, #845, #902 ) ) ;
#120 = CARTESIAN_POINT ( 'NONE',  ( 3.640241202334814297, -4.144709887320876085, 0.06801006641681639486 ) ) ;
#121 = PLANE ( 'NONE',  #1050 ) ;
#122 = CARTESIAN_POINT ( 'NONE',  ( 7.437396403713678161, -2.960227609625472489, -1.870767204764589797 ) ) ;
#123 = CARTESIAN_POINT ( 'NONE',  ( -0.4513779903858972098, -3.318996607348121852, 2.967552992990833083 ) ) ;
#124 = ORIENTED_EDGE ( 'NONE', *, *, #732, .F. ) ;
#125 =( NAMED_UNIT ( * ) PLANE_ANGLE_UNIT ( ) SI_UNIT ( $, .RADIAN. ) );
#126 = CARTESIAN_POINT ( 'NONE',  ( 3.361140965823982363, -3.856957745108529956, -0.5337096355479528098 ) ) ;
#127 = CARTESIAN_POINT ( 'NONE',  ( -2.894381615630952531, -9.200325303578182456, -0.7961754948418469091 ) ) ;
#128 = CARTESIAN_POINT ( 'NONE',  ( 3.253944717189048763, -1.637060376995567612, 3.095760543766423289 ) ) ;
#129 = ORIENTED_EDGE ( 'NONE', *, *, #306, .F. ) ;
#130 = PRESENTATION_STYLE_ASSIGNMENT (( #573 ) ) ;
#131 = CARTESIAN_POINT ( 'NONE',  ( 2.277576303865112894, -7.478639677244410144, -1.954812893464083379 ) ) ;
#132 = CARTESIAN_POINT ( 'NONE',  ( -3.366334229646605003, -3.862135957016910037, 0.5326928590213906300 ) ) ;
#133 = VECTOR ( 'NONE', #61, 1000.000000000000000 ) ;
#134 = FACE_OUTER_BOUND ( 'NONE', #662, .T. ) ;
#135 = ADVANCED_FACE ( 'NONE', ( #500, #872 ), #69, .T. ) ;
#136 = EDGE_LOOP ( 'NONE', ( #505, #270 ) ) ;
#137 = CARTESIAN_POINT ( 'NONE',  ( 6.832728911275939510, -2.755288302298511738, -2.160582671745700178 ) ) ;
#138 = EDGE_CURVE ( 'NONE', #65, #192, #22, .T. ) ;
#139 = CARTESIAN_POINT ( 'NONE',  ( -3.609632741828220581, -4.112025627563677510, 0.1732456338557307185 ) ) ;
#140 = CARTESIAN_POINT ( 'NONE',  ( 0.000000000000000000, 3.501999999999998003, 0.000000000000000000 ) ) ;
#141 = ORIENTED_EDGE ( 'NONE', *, *, #311, .F. ) ;
#142 = CARTESIAN_POINT ( 'NONE',  ( 2.833845854414613896, -9.029128880174722482, 0.9901299233535166833 ) ) ;
#143 = CARTESIAN_POINT ( 'NONE',  ( -2.830644118149594046, -9.020082948490305341, -0.9993969340928618994 ) ) ;
#144 = LINE ( 'NONE', #763, #780 ) ;
#145 = EDGE_CURVE ( 'NONE', #105, #76, #1138, .T. ) ;
#146 = CARTESIAN_POINT ( 'NONE',  ( 1.033345717989171630, -4.339582884799712659, -2.817846980939968216 ) ) ;
#147 = CARTESIAN_POINT ( 'NONE',  ( 2.492521997028851466, -8.071684407579480691, 1.681279807404666427 ) ) ;
#148 = VECTOR ( 'NONE', #1159, 1000.000000000000000 ) ;
#149 = ORIENTED_EDGE ( 'NONE', *, *, #250, .F. ) ;
#150 =( GEOMETRIC_REPRESENTATION_CONTEXT ( 3 ) GLOBAL_UNCERTAINTY_ASSIGNED_CONTEXT ( ( #416 ) ) GLOBAL_UNIT_ASSIGNED_CONTEXT ( ( #307, #125, #220 ) ) REPRESENTATION_CONTEXT ( 'NONE', 'WORKASPACE' ) );
#151 = ORIENTED_EDGE ( 'NONE', *, *, #754, .T. ) ;
#152 = CARTESIAN_POINT ( 'NONE',  ( -0.5949022556390008987, -1.130195218704445725, -3.312511797060423646 ) ) ;
#153 = LINE ( 'NONE', #776, #1129 ) ;
#154 = LINE ( 'NONE', #863, #897 ) ;
#155 = DIRECTION ( 'NONE',  ( -0.000000000000000000, 1.000000000000000000, -0.000000000000000000 ) ) ;
#156 = DIRECTION ( 'NONE',  ( 8.659560562355001884E-17, -0.7071067811865420216, 0.7071067811865531239 ) ) ;
#157 = CARTESIAN_POINT ( 'NONE',  ( 0.4310870295907620608, -3.301865262647724730, 2.969342354699314068 ) ) ;
#158 = PLANE ( 'NONE',  #764 ) ;
#159 = ORIENTED_EDGE ( 'NONE', *, *, #50, .F. ) ;
#160 = CARTESIAN_POINT ( 'NONE',  ( -1.871179794946916886, -6.381801380612034613, 2.352198026054622471 ) ) ;
#161 = CARTESIAN_POINT ( 'NONE',  ( -0.1546833724057126991, -1.121957159599388909, -3.315299704706218709 ) ) ;
#162 = CARTESIAN_POINT ( 'NONE',  ( 2.886810154118825356, -9.178857215623432708, -0.8261571457888601255 ) ) ;
#163 = CARTESIAN_POINT ( 'NONE',  ( -2.986150888350961985, -9.460616890845193083, -0.3279104852247184954 ) ) ;
#164 = CARTESIAN_POINT ( 'NONE',  ( -9.005222460973339338, -3.501822741425335561, -0.04897340638760217663 ) ) ;
#165 = CONICAL_SURFACE ( 'NONE', #844, 3.500000000000000444, 0.7853981633974334020 ) ;
#166 = EDGE_CURVE ( 'NONE', #673, #105, #188, .T. ) ;
#167 = ORIENTED_EDGE ( 'NONE', *, *, #1005, .F. ) ;
#168 =( GEOMETRIC_REPRESENTATION_CONTEXT ( 3 ) GLOBAL_UNCERTAINTY_ASSIGNED_CONTEXT ( ( #435 ) ) GLOBAL_UNIT_ASSIGNED_CONTEXT ( ( #557, #18, #383 ) ) REPRESENTATION_CONTEXT ( 'NONE', 'WORKASPACE' ) );
#169 = CARTESIAN_POINT ( 'NONE',  ( 3.275454926547085144, -3.857363934793175186, -1.223937130449584521 ) ) ;
#170 = DIRECTION ( 'NONE',  ( 0.000000000000000000, 0.000000000000000000, 1.000000000000000000 ) ) ;
#171 = DIRECTION ( 'NONE',  ( 0.000000000000000000, 0.000000000000000000, -1.000000000000000000 ) ) ;
#172 = CARTESIAN_POINT ( 'NONE',  ( -3.563682651601371987, -4.062332269981526522, -0.3281207087957426771 ) ) ;
#173 = ORIENTED_EDGE ( 'NONE', *, *, #28, .T. ) ;
#174 = CARTESIAN_POINT ( 'NONE',  ( -8.853515874882647907, -3.448883790070417010, 0.6242299825276497183 ) ) ;
#175 = CARTESIAN_POINT ( 'NONE',  ( 2.234978154737998768, -7.360514696785334543, 2.009603627357993361 ) ) ;
#176 = CARTESIAN_POINT ( 'NONE',  ( -0.5672786483502590960, -3.472785728561158969, -2.947879787532472040 ) ) ;
#177 = CARTESIAN_POINT ( 'NONE',  ( -7.817649063062072301, -3.090398580922708138, 1.646517055702892751 ) ) ;
#178 = ORIENTED_EDGE ( 'NONE', *, *, #1089, .F. ) ;
#179 = CARTESIAN_POINT ( 'NONE',  ( 79.00000000000002842, 0.000000000000000000, 0.000000000000000000 ) ) ;
#180 = DIRECTION ( 'NONE',  ( 0.000000000000000000, 1.000000000000000000, 0.000000000000000000 ) ) ;
#181 = CARTESIAN_POINT ( 'NONE',  ( -0.4062611532505597811, -3.273214307820555558, -2.972860903576517888 ) ) ;
#182 = CARTESIAN_POINT ( 'NONE',  ( -2.145721910431002577, -7.117068712696210220, 2.104762899209594362 ) ) ;
#183 = VERTEX_POINT ( 'NONE', #977 ) ;
#184 = EDGE_CURVE ( 'NONE', #330, #183, #802, .T. ) ;
#185 = CIRCLE ( 'NONE', #996, 3.500000000000000444 ) ;
#186 = CARTESIAN_POINT ( 'NONE',  ( -8.947564491278249932, -3.481701316666420354, 0.4189199849272169929 ) ) ;
#187 = CARTESIAN_POINT ( 'NONE',  ( 0.000000000000000000, -27.50000000000000000, 0.000000000000000000 ) ) ;
#188 = B_SPLINE_CURVE_WITH_KNOTS ( 'NONE', 3,
 ( #1060, #442, #892, #706, #95, #970, #1145, #547, #881, #1, #1065, #811, #359, #8, #538, #256, #448, #998, #712, #457, #1077, #720, #163, #436, #526, #1084, #520, #366, #1150, #275, #611, #345, #694, #252, #268, #623, #1071, #907, #176, #181, #85, #191, #887, #795 ),
 .UNSPECIFIED., .F., .F.,
 ( 4, 2, 2, 2, 2, 2, 2, 2, 2, 2, 2, 2, 2, 2, 2, 2, 2, 2, 2, 2, 2, 4 ),
 ( 0.01667308501099885529, 0.01693345984044955510, 0.01719383466990025491, 0.01771458432880165107, 0.01875608364660445032, 0.02083908228221004882, 0.02188058160001284461, 0.02292208091781564039, 0.02396358023561843964, 0.02448432989451983927, 0.02500507955342123889, 0.02552582921232263852, 0.02604657887122403814, 0.02656732853012543777, 0.02708807818902683739, 0.02812957750682964012, 0.02917107682463243937, 0.03125407546023803440, 0.03229557477804083365, 0.03281632443694223328, 0.03307669926639293656, 0.03333707409584363290 ),
 .UNSPECIFIED. ) ;
#189 = CARTESIAN_POINT ( 'NONE',  ( 80.00000000000000000, 4.286263797015737088E-16, -3.500000000000000444 ) ) ;
#190 = CARTESIAN_POINT ( 'NONE',  ( -3.092728517161710045, -3.706023831659930767, -1.481100545796924406 ) ) ;
#191 = CARTESIAN_POINT ( 'NONE',  ( -0.2137970619253565518, -3.102219456148849641, -2.993130658606106831 ) ) ;
#192 = VERTEX_POINT ( 'NONE', #1155 ) ;
#193 = CARTESIAN_POINT ( 'NONE',  ( -6.044871504782604710, -2.492293957435541163, -2.465210645547434964 ) ) ;
#194 = DIRECTION ( 'NONE',  ( 0.7071067811865580088, 0.000000000000000000, -0.7071067811865369146 ) ) ;
#195 = CARTESIAN_POINT ( 'NONE',  ( 0.2003086555310207018, -3.082095289202313459, 2.995397158806399229 ) ) ;
#196 = DIRECTION ( 'NONE',  ( 2.503857664561931390E-16, 0.000000000000000000, -1.000000000000000000 ) ) ;
#197 = CARTESIAN_POINT ( 'NONE',  ( 6.871244502123777131, -2.767743516799220593, 2.151365752774375917 ) ) ;
#198 = ADVANCED_FACE ( 'NONE', ( #262 ), #165, .T. ) ;
#199 = CARTESIAN_POINT ( 'NONE',  ( -0.6868962940296057251, -2.156905293465085638, 2.945793905171329552 ) ) ;
#200 = EDGE_LOOP ( 'NONE', ( #941, #498, #19, #151 ) ) ;
#201 = LINE ( 'NONE', #445, #803 ) ;
#202 = PLANE ( 'NONE',  #1049 ) ;
#203 = CARTESIAN_POINT ( 'NONE',  ( 3.578301721378924327, -4.107078803212038665, 0.5198017602159549222 ) ) ;
#204 = CARTESIAN_POINT ( 'NONE',  ( -5.451404101222227183, -2.299540204471016036, -2.640247375198719659 ) ) ;
#205 = DIRECTION ( 'NONE',  ( -0.000000000000000000, 1.000000000000000000, -0.000000000000000000 ) ) ;
#206 = EDGE_LOOP ( 'NONE', ( #923, #312 ) ) ;
#207 = CARTESIAN_POINT ( 'NONE',  ( 0.000000000000000000, -28.50000000000000000, 0.000000000000000000 ) ) ;
#208 = CONICAL_SURFACE ( 'NONE', #859, 7.000000000000076383, 0.7853981633974561616 ) ;
#209 = CARTESIAN_POINT ( 'NONE',  ( 2.996699551334927936, -9.490620001551716811, -0.1778755261167833390 ) ) ;
#210 = AXIS2_PLACEMENT_3D ( 'NONE', #478, #1015, #755 ) ;
#211 = CARTESIAN_POINT ( 'NONE',  ( 9.464677422560070840E-16, -52.66515138991167788, 3.464101615137756607 ) ) ;
#212 = CARTESIAN_POINT ( 'NONE',  ( 8.572527594031565881E-16, -28.50000000000000000, -7.000000000000076383 ) ) ;
#213 = FACE_OUTER_BOUND ( 'NONE', #32, .T. ) ;
#214 = VERTEX_POINT ( 'NONE', #531 ) ;
#215 = CARTESIAN_POINT ( 'NONE',  ( 80.00000000000000000, 0.000000000000000000, 0.000000000000000000 ) ) ;
#216 = CARTESIAN_POINT ( 'NONE',  ( 2.959318780639528246, -9.384450585371309828, -0.5044340126074137176 ) ) ;
#217 = PLANE ( 'NONE',  #321 ) ;
#218 = CARTESIAN_POINT ( 'NONE',  ( 7.969554771049234709, -3.142606621806607325, -1.546011192120673172 ) ) ;
#219 = ORIENTED_EDGE ( 'NONE', *, *, #946, .T. ) ;
#220 =( NAMED_UNIT ( * ) SI_UNIT ( $, .STERADIAN. ) SOLID_ANGLE_UNIT ( ) );
#221 = CARTESIAN_POINT ( 'NONE',  ( 2.857865055162505108, -9.096990312107354981, -0.9184838919990665485 ) ) ;
#222 = EDGE_CURVE ( 'NONE', #648, #510, #1006, .T. ) ;
#223 = CARTESIAN_POINT ( 'NONE',  ( -7.547437029250059659, -2.997819171755515821, -1.809445186139663209 ) ) ;
#224 = CARTESIAN_POINT ( 'NONE',  ( 8.985071818016754364, -3.494789857442674119, 0.2200149087615917987 ) ) ;
#225 = VERTEX_POINT ( 'NONE', #1094 ) ;
#226 =( BOUNDED_SURFACE ( )  B_SPLINE_SURFACE ( 3, 2, ( 
 ( #461, #536, #911 ),
 ( #358, #1105, #195 ),
 ( #101, #108, #1091 ),
 ( #638, #1003, #629 ),
 ( #995, #711, #273 ),
 ( #530, #446, #815 ),
 ( #1076, #1161, #554 ),
 ( #116, #898, #14 ),
 ( #267, #468, #1011 ),
 ( #23, #622, #988 ),
 ( #561, #364, #982 ),
 ( #288, #380, #738 ),
 ( #616, #733, #919 ),
 ( #1100, #203, #175 ),
 ( #475, #84, #830 ),
 ( #92, #454, #809 ),
 ( #717, #29, #386 ),
 ( #294, #301, #760 ),
 ( #1016, #126, #142 ),
 ( #835, #658, #1121 ),
 ( #937, #46, #39 ),
 ( #750, #853, #742 ),
 ( #314, #491, #857 ),
 ( #1124, #669, #317 ),
 ( #574, #756, #499 ),
 ( #51, #228, #209 ),
 ( #410, #1023, #650 ),
 ( #676, #494, #216 ),
 ( #34, #568, #925 ),
 ( #1034, #1029, #54 ),
 ( #585, #405, #221 ),
 ( #1110, #1039, #233 ),
 ( #931, #840, #589 ),
 ( #948, #391, #413 ),
 ( #484, #120, #479 ),
 ( #943, #579, #766 ),
 ( #137, #399, #131 ),
 ( #1118, #308, #849 ),
 ( #664, #1042, #861 ),
 ( #692, #169, #598 ),
 ( #869, #788, #66 ),
 ( #517, #1137, #57 ),
 ( #1058, #237, #951 ),
 ( #957, #418, #146 ),
 ( #603, #608, #682 ),
 ( #426, #501, #1052 ),
 ( #72, #968, #771 ),
 ( #244, #1062, #507 ),
 ( #1133, #974, #328 ),
 ( #1143, #1045, #439 ),
 ( #239, #337, #248 ),
 ( #161, #960, #877 ) ),
 .UNSPECIFIED., .F., .F., .F. ) 
 B_SPLINE_SURFACE_WITH_KNOTS ( ( 4, 2, 2, 2, 2, 2, 2, 2, 2, 2, 2, 2, 2, 2, 2, 2, 2, 2, 2, 2, 2, 2, 2, 2, 2, 4 ),
 ( 3, 3 ),
 ( 0.03181228335617428127, 0.03280641721105483077, 0.03380055106593537334, 0.03479468492081591591, 0.03578881877569646541, 0.03777708648545756442, 0.03976535419521865650, 0.04175362190497974857, 0.04374188961474084758, 0.04473602346962139709, 0.04573015732450193965, 0.04672429117938248222, 0.04771842503426303173, 0.04871255888914358123, 0.04970669274402412380, 0.05070082659890466636, 0.05169496045378521587, 0.05368322816354631488, 0.05467736201842686439, 0.05567149587330740695, 0.05765976358306849903, 0.05964803129282959804, 0.06064216514771014754, 0.06163629900259069011, 0.06263043285747123268, 0.06362456671235178218 ),
 ( 0.000000000000000000, 1.000000000000000000 ),
 .UNSPECIFIED. ) 
 GEOMETRIC_REPRESENTATION_ITEM ( )  RATIONAL_B_SPLINE_SURFACE ( (
 ( 1.000000000000000000, 0.9865458112878947583, 1.000000000000000000),
 ( 1.000000000000000000, 0.9860138298635785503, 1.000000000000000000),
 ( 1.000000000000000000, 0.9845264540815896748, 1.000000000000000000),
 ( 1.000000000000000000, 0.9801100257902483071, 1.000000000000000000),
 ( 1.000000000000000000, 0.9771654728413062818, 1.000000000000000000),
 ( 1.000000000000000000, 0.9700664924474672324, 1.000000000000000000),
 ( 1.000000000000000000, 0.9659677897532032986, 1.000000000000000000),
 ( 1.000000000000000000, 0.9567946507178435311, 1.000000000000000000),
 ( 1.000000000000000000, 0.9517178403307533507, 1.000000000000000000),
 ( 1.000000000000000000, 0.9351018715786548752, 1.000000000000000000),
 ( 1.000000000000000000, 0.9220731393683799793, 1.000000000000000000),
 ( 1.000000000000000000, 0.8932387057899369154, 1.000000000000000000),
 ( 1.000000000000000000, 0.8774235693382331780, 1.000000000000000000),
 ( 1.000000000000000000, 0.8437801991949028801, 1.000000000000000000),
 ( 1.000000000000000000, 0.8257592149158289319, 1.000000000000000000),
 ( 1.000000000000000000, 0.7904450786819154917, 1.000000000000000000),
 ( 1.000000000000000000, 0.7730500290120857487, 1.000000000000000000),
 ( 1.000000000000000000, 0.7495960000723315142, 1.000000000000000000),
 ( 1.000000000000000000, 0.7423668891021499849, 1.000000000000000000),
 ( 1.000000000000000000, 0.7295972957570587836, 1.000000000000000000),
 ( 1.000000000000000000, 0.7240424326758918561, 1.000000000000000000),
 ( 1.000000000000000000, 0.7150591346758448097, 1.000000000000000000),
 ( 1.000000000000000000, 0.7116355386847125208, 1.000000000000000000),
 ( 1.000000000000000000, 0.7074910697242229318, 1.000000000000000000),
 ( 1.000000000000000000, 0.7067250417105740423, 1.000000000000000000),
 ( 1.000000000000000000, 0.7078434267102066135, 1.000000000000000000),
 ( 1.000000000000000000, 0.7097363047064451091, 1.000000000000000000),
 ( 1.000000000000000000, 0.7160870693113718932, 1.000000000000000000),
 ( 1.000000000000000000, 0.7204691904590614371, 1.000000000000000000),
 ( 1.000000000000000000, 0.7311867039998987128, 1.000000000000000000),
 ( 1.000000000000000000, 0.7375217794186583742, 1.000000000000000000),
 ( 1.000000000000000000, 0.7517130798230102773, 1.000000000000000000),
 ( 1.000000000000000000, 0.7595206027413050620, 1.000000000000000000),
 ( 1.000000000000000000, 0.7839251163453263560, 1.000000000000000000),
 ( 1.000000000000000000, 0.8016277674662637409, 1.000000000000000000),
 ( 1.000000000000000000, 0.8283455364893842487, 1.000000000000000000),
 ( 1.000000000000000000, 0.8372259867092696206, 1.000000000000000000),
 ( 1.000000000000000000, 0.8545134975517081344, 1.000000000000000000),
 ( 1.000000000000000000, 0.8629568713342729014, 1.000000000000000000),
 ( 1.000000000000000000, 0.8874863230021257099, 1.000000000000000000),
 ( 1.000000000000000000, 0.9027657142995393347, 1.000000000000000000),
 ( 1.000000000000000000, 0.9304339977263902384, 1.000000000000000000),
 ( 1.000000000000000000, 0.9426357320055376299, 1.000000000000000000),
 ( 1.000000000000000000, 0.9580585165344291942, 1.000000000000000000),
 ( 1.000000000000000000, 0.9627306344913243441, 1.000000000000000000),
 ( 1.000000000000000000, 0.9710601048270751656, 1.000000000000000000),
 ( 1.000000000000000000, 0.9747405231562131789, 1.000000000000000000),
 ( 1.000000000000000000, 0.9807881141410228487, 1.000000000000000000),
 ( 1.000000000000000000, 0.9831739797060671249, 1.000000000000000000),
 ( 1.000000000000000000, 0.9863063488884687979, 1.000000000000000000),
 ( 1.000000000000000000, 0.9869870130280091747, 1.000000000000000000),
 ( 1.000000000000000000, 0.9866834785620204329, 1.000000000000000000) ) ) 
 REPRESENTATION_ITEM ( '' )  SURFACE ( )  );
#227 = EDGE_CURVE ( 'NONE', #292, #471, #456, .T. ) ;
#228 = CARTESIAN_POINT ( 'NONE',  ( 3.009181233519889087, -3.509026583132999644, 0.1583027139999070299 ) ) ;
#229 = AXIS2_PLACEMENT_3D ( 'NONE', #959, #678, #334 ) ;
#230 = CARTESIAN_POINT ( 'NONE',  ( -3.624697624119540773, -4.130076902778620607, 0.06844920794168167510 ) ) ;
#231 = VECTOR ( 'NONE', #397, 999.9999999999998863 ) ;
#232 = ORIENTED_EDGE ( 'NONE', *, *, #856, .T. ) ;
#233 = CARTESIAN_POINT ( 'NONE',  ( 2.786726262760302220, -8.896138940952702967, -1.115868303081838375 ) ) ;
#234 = CARTESIAN_POINT ( 'NONE',  ( -2.515812343234892001, -8.136937751379631933, -1.637117073166017622 ) ) ;
#235 = ADVANCED_FACE ( 'NONE', ( #640 ), #660, .T. ) ;
#236 = CARTESIAN_POINT ( 'NONE',  ( -0.05156112414094100177, -3.045312290341352313, -2.999556875686361757 ) ) ;
#237 = CARTESIAN_POINT ( 'NONE',  ( 2.413471674964846603, -3.160995740703770096, -2.193831850275783424 ) ) ;
#238 = VERTEX_POINT ( 'NONE', #304 ) ;
#239 = CARTESIAN_POINT ( 'NONE',  ( 0.1782407172815198837, -1.115726968204183489, -3.317408113738320008 ) ) ;
#240 = CARTESIAN_POINT ( 'NONE',  ( 9.464677422560070840E-16, -28.50000000000000000, 3.464101615137756607 ) ) ;
#241 = AXIS2_PLACEMENT_3D ( 'NONE', #351, #989, #900 ) ;
#242 = MECHANICAL_DESIGN_GEOMETRIC_PRESENTATION_REPRESENTATION (  '', ( #899 ), #150 ) ;
#243 = ORIENTED_EDGE ( 'NONE', *, *, #935, .T. ) ;
#244 = CARTESIAN_POINT ( 'NONE',  ( 1.446909818904361433, -1.237354289931444251, -3.274481150300429189 ) ) ;
#245 = CARTESIAN_POINT ( 'NONE',  ( 0.08843009881243753256, -3.052929567052568238, 2.998696403043166647 ) ) ;
#246 = DIRECTION ( 'NONE',  ( 0.000000000000000000, 0.000000000000000000, 1.000000000000000000 ) ) ;
#247 = CARTESIAN_POINT ( 'NONE',  ( -2.887591878290426184, -9.181123873907795385, 0.8206648125925619652 ) ) ;
#248 = CARTESIAN_POINT ( 'NONE',  ( 0.05946546158198900978, -3.028393863638989103, -3.001465376110284300 ) ) ;
#249 = DIRECTION ( 'NONE',  ( -1.000000000000000000, 0.000000000000000000, 0.000000000000000000 ) ) ;
#250 = EDGE_CURVE ( 'NONE', #889, #56, #875, .T. ) ;
#251 = ADVANCED_FACE ( 'NONE', ( #134 ), #746, .T. ) ;
#252 = CARTESIAN_POINT ( 'NONE',  ( -1.700738220669157919, -5.931121721100673483, -2.489852103685675999 ) ) ;
#253 = CARTESIAN_POINT ( 'NONE',  ( -1.779393386526159526, -2.714173557680475302, 2.581715938026512447 ) ) ;
#254 = CARTESIAN_POINT ( 'NONE',  ( 8.572527594031565881E-16, 0.000000000000000000, -7.000000000000076383 ) ) ;
#255 = CARTESIAN_POINT ( 'NONE',  ( 2.387614165502966124, -7.780668877581760512, 1.824046035967808121 ) ) ;
#256 = CARTESIAN_POINT ( 'NONE',  ( -2.673812327598671157, -8.577935708549032867, 1.374643650318059906 ) ) ;
#257 = CARTESIAN_POINT ( 'NONE',  ( -2.939153896565705804, -9.327217405721608401, 0.6107797986992078432 ) ) ;
#258 = VERTEX_POINT ( 'NONE', #212 ) ;
#259 = PRESENTATION_LAYER_ASSIGNMENT (  '', '', ( #899 ) ) ;
#260 = DIRECTION ( 'NONE',  ( 0.000000000000000000, 0.000000000000000000, -1.000000000000000000 ) ) ;
#261 = CARTESIAN_POINT ( 'NONE',  ( -2.233663664805785031E-13, -3.041381265149113222, 3.000000000000000444 ) ) ;
#262 = FACE_OUTER_BOUND ( 'NONE', #667, .T. ) ;
#263 = CARTESIAN_POINT ( 'NONE',  ( -8.232691871051383004, -3.233406436678506246, 1.344455481076495706 ) ) ;
#264 = ORIENTED_EDGE ( 'NONE', *, *, #11, .T. ) ;
#265 = CARTESIAN_POINT ( 'NONE',  ( 2.999999999999999112, -52.66515138991167788, -1.732050807568876971 ) ) ;
#266 = FACE_OUTER_BOUND ( 'NONE', #119, .T. ) ;
#267 = CARTESIAN_POINT ( 'NONE',  ( 3.417454274179915430, -1.684476175461080860, 3.069032878092852190 ) ) ;
#268 = CARTESIAN_POINT ( 'NONE',  ( -1.459008823324900561, -5.303552694383884436, -2.637985748593363322 ) ) ;
#269 = CARTESIAN_POINT ( 'NONE',  ( -1.727158067558935528, -6.003112113819818241, 2.459379122273519958 ) ) ;
#270 = ORIENTED_EDGE ( 'NONE', *, *, #250, .T. ) ;
#271 = CARTESIAN_POINT ( 'NONE',  ( -8.980645531452124075, -3.493245155567380689, -0.2439256829930468440 ) ) ;
#272 = FACE_OUTER_BOUND ( 'NONE', #833, .T. ) ;
#273 = CARTESIAN_POINT ( 'NONE',  ( 0.6056852335138911414, -3.535247727631960935, 2.939806468799068817 ) ) ;
#274 = CARTESIAN_POINT ( 'NONE',  ( -1.489872260244629043, -2.533172258757592665, -2.713759199722618920 ) ) ;
#275 = CARTESIAN_POINT ( 'NONE',  ( -2.485234554322432565, -8.051430576384431603, -1.691866561514882017 ) ) ;
#276 = CARTESIAN_POINT ( 'NONE',  ( -0.2657429655375349031, -2.061943624754747795, 2.996753935544617331 ) ) ;
#277 = ORIENTED_EDGE ( 'NONE', *, *, #605, .F. ) ;
#278 = CIRCLE ( 'NONE', #210, 2.500000000000057288 ) ;
#279 = CARTESIAN_POINT ( 'NONE',  ( -8.713215429465760664, -3.400027292103112941, -0.8477123609174521679 ) ) ;
#280 = DIRECTION ( 'NONE',  ( 0.000000000000000000, -0.7071067811865420216, -0.7071067811865531239 ) ) ;
#281 = CARTESIAN_POINT ( 'NONE',  ( -2.233663664805785031E-13, -3.041381265149113222, 3.000000000000000444 ) ) ;
#282 = CARTESIAN_POINT ( 'NONE',  ( -0.5784156092662577908, -3.493610559972798679, -2.945307171117770739 ) ) ;
#283 = CARTESIAN_POINT ( 'NONE',  ( 2.006286407403117700, -1.336845876756920237, -3.236375938073585701 ) ) ;
#284 = SHAPE_DEFINITION_REPRESENTATION ( #761, #876 ) ;
#285 = ORIENTED_EDGE ( 'NONE', *, *, #49, .T. ) ;
#286 = CARTESIAN_POINT ( 'NONE',  ( -4.426201580131831292, -1.972873139646367013, -2.910366361371772292 ) ) ;
#287 = FACE_OUTER_BOUND ( 'NONE', #136, .T. ) ;
#288 = CARTESIAN_POINT ( 'NONE',  ( 5.504022906923485614, -2.315268676933793568, 2.630835097158160441 ) ) ;
#289 = FACE_OUTER_BOUND ( 'NONE', #87, .T. ) ;
#290 = CARTESIAN_POINT ( 'NONE',  ( 0.2811928614839326879, -1.113800366889911908, -3.318060110338940660 ) ) ;
#291 = PRODUCT_RELATED_PRODUCT_CATEGORY ( 'part', '', ( #885 ) ) ;
#292 = VERTEX_POINT ( 'NONE', #407 ) ;
#293 = CARTESIAN_POINT ( 'NONE',  ( 0.000000000000000000, 0.000000000000000000, 7.000000000000076383 ) ) ;
#294 = CARTESIAN_POINT ( 'NONE',  ( 8.392945805349365074, -3.288862230577934476, 1.202590445452522472 ) ) ;
#295 = CARTESIAN_POINT ( 'NONE',  ( -0.2708850862477508170, -3.134298339137336686, -2.989604540247491116 ) ) ;
#296 = CARTESIAN_POINT ( 'NONE',  ( 8.298946557745894737, -3.256290314146408349, 1.290954958507224859 ) ) ;
#297 = CARTESIAN_POINT ( 'NONE',  ( -0.06381113308805630435, -1.114227450355454341, 3.317924197783329809 ) ) ;
#298 = ORIENTED_EDGE ( 'NONE', *, *, #166, .F. ) ;
#299 = FILL_AREA_STYLE ('',( #567 ) ) ;
#300 = VECTOR ( 'NONE', #45, 999.9999999999998863 ) ;
#301 = CARTESIAN_POINT ( 'NONE',  ( 3.416535076684832806, -3.912301336035928223, -0.5126716790635830190 ) ) ;
#302 = AXIS2_PLACEMENT_3D ( 'NONE', #715, #1153, #348 ) ;
#303 = CARTESIAN_POINT ( 'NONE',  ( -3.342384694706117099, -3.912658263560297112, -1.083788319486532759 ) ) ;
#304 = CARTESIAN_POINT ( 'NONE',  ( 2.999999999999998224, -28.50000000000000000, 1.732050807568880080 ) ) ;
#305 = ORIENTED_EDGE ( 'NONE', *, *, #935, .F. ) ;
#306 = EDGE_CURVE ( 'NONE', #471, #105, #994, .T. ) ;
#307 =( LENGTH_UNIT ( ) NAMED_UNIT ( * ) SI_UNIT ( .MILLI., .METRE. ) );
#308 = CARTESIAN_POINT ( 'NONE',  ( 3.512151498026756968, -4.052942094763170466, -0.6934489150737250807 ) ) ;
#309 = CARTESIAN_POINT ( 'NONE',  ( -8.001689218792419567, -3.153697083141254964, -1.521899268813824424 ) ) ;
#310 = CARTESIAN_POINT ( 'NONE',  ( 8.999788832155019236, -3.499925582771239441, -0.1093160775998598122 ) ) ;
#311 = EDGE_CURVE ( 'NONE', #510, #1038, #154, .T. ) ;
#312 = ORIENTED_EDGE ( 'NONE', *, *, #1005, .T. ) ;
#313 = DIRECTION ( 'NONE',  ( 1.000000000000000000, 0.000000000000000000, 0.000000000000000000 ) ) ;
#314 = CARTESIAN_POINT ( 'NONE',  ( 8.938837823509343750, -3.478658434244703113, 0.4042905967161565806 ) ) ;
#315 = CARTESIAN_POINT ( 'NONE',  ( -3.573712193006149729, -4.103437808987519198, -0.5381589103648459771 ) ) ;
#316 = ORIENTED_EDGE ( 'NONE', *, *, #112, .T. ) ;
#317 = CARTESIAN_POINT ( 'NONE',  ( 2.998306237066123536, -9.495182015187271674, 0.1484955687593753904 ) ) ;
#318 = AXIS2_PLACEMENT_3D ( 'NONE', #322, #600, #504 ) ;
#319 = CARTESIAN_POINT ( 'NONE',  ( -8.137045456086475781, -3.200383482509856936, -1.421346184486420583 ) ) ;
#320 = ADVANCED_FACE ( 'NONE', ( #59 ), #768, .T. ) ;
#321 = AXIS2_PLACEMENT_3D ( 'NONE', #387, #480, #196 ) ;
#322 = CARTESIAN_POINT ( 'NONE',  ( -0.1546833724057126991, -3.045312290341083195, -8.998670627059395244 ) ) ;
#323 = EDGE_LOOP ( 'NONE', ( #565, #1086, #1032, #159 ) ) ;
#324 = CARTESIAN_POINT ( 'NONE',  ( -80.00000000000000000, 3.673940397442094874E-16, 2.500000000000057288 ) ) ;
#325 = CYLINDRICAL_SURFACE ( 'NONE', #940, 3.000000000000000444 ) ;
#326 = LINE ( 'NONE', #1048, #376 ) ;
#327 = ORIENTED_EDGE ( 'NONE', *, *, #916, .T. ) ;
#328 = CARTESIAN_POINT ( 'NONE',  ( 0.3813623000548741482, -3.234735043867837945, -2.977589633052604157 ) ) ;
#329 = CARTESIAN_POINT ( 'NONE',  ( 0.2455545639806472613, -3.123888962288641213, 2.990631536591255912 ) ) ;
#330 = VERTEX_POINT ( 'NONE', #963 ) ;
#331 = CARTESIAN_POINT ( 'NONE',  ( -3.599512440719676576, -1.720595583125156924, -3.056727533986660639 ) ) ;
#332 = DIRECTION ( 'NONE',  ( 2.503857664561931390E-16, 0.000000000000000000, -1.000000000000000000 ) ) ;
#333 = AXIS2_PLACEMENT_3D ( 'NONE', #920, #7, #102 ) ;
#334 = DIRECTION ( 'NONE',  ( 0.000000000000000000, 0.000000000000000000, 1.000000000000000000 ) ) ;
#335 = CARTESIAN_POINT ( 'NONE',  ( -1.424530457732977151, -5.239586185259020645, 2.646192289384855290 ) ) ;
#336 = ADVANCED_FACE ( 'NONE', ( #773 ), #325, .T. ) ;
#337 = CARTESIAN_POINT ( 'NONE',  ( 0.1171352876536623094, -2.046689587743872885, -3.004312635135192977 ) ) ;
#338 = ADVANCED_FACE ( 'NONE', ( #1135 ), #1043, .F. ) ;
#339 = CARTESIAN_POINT ( 'NONE',  ( 80.00000000000000000, 0.000000000000000000, 0.000000000000000000 ) ) ;
#340 = CARTESIAN_POINT ( 'NONE',  ( -0.008856907497700147389, -3.041381265149105229, -3.000000000000001332 ) ) ;
#341 = CARTESIAN_POINT ( 'NONE',  ( -5.181474202606950463, -2.211672884228451430, 2.718261135361166314 ) ) ;
#342 = EDGE_CURVE ( 'NONE', #964, #192, #918, .T. ) ;
#343 = DIRECTION ( 'NONE',  ( -0.000000000000000000, 1.000000000000000000, -0.000000000000000000 ) ) ;
#344 = CARTESIAN_POINT ( 'NONE',  ( 2.997116296291872484, -9.491804296646028760, -0.2177081964349854570 ) ) ;
#345 = CARTESIAN_POINT ( 'NONE',  ( -2.161620692646222253, -7.161397443535200580, -2.086934964738198062 ) ) ;
#346 = CARTESIAN_POINT ( 'NONE',  ( -6.818285374502363716, -2.750123582066756001, 2.174656157203953999 ) ) ;
#347 = EDGE_LOOP ( 'NONE', ( #714, #285, #619, #588 ) ) ;
#348 = DIRECTION ( 'NONE',  ( 0.000000000000000000, 0.000000000000000000, 1.000000000000000000 ) ) ;
#349 = CARTESIAN_POINT ( 'NONE',  ( 1.471221379809328544, -5.334545541227168286, 2.631038073461776428 ) ) ;
#350 = EDGE_CURVE ( 'NONE', #238, #701, #357, .T. ) ;
#351 = CARTESIAN_POINT ( 'NONE',  ( 0.000000000000000000, -27.50000000000000000, 0.000000000000000000 ) ) ;
#352 = CARTESIAN_POINT ( 'NONE',  ( -8.877962920205767716, -3.457431488776462558, 0.5573735867756914875 ) ) ;
#353 = AXIS2_PLACEMENT_3D ( 'NONE', #388, #740, #652 ) ;
#354 = ORIENTED_EDGE ( 'NONE', *, *, #227, .F. ) ;
#355 = VECTOR ( 'NONE', #6, 1000.000000000000000 ) ;
#356 = CARTESIAN_POINT ( 'NONE',  ( -8.953975236052979625, -3.483937081208056341, -0.3509669931029511525 ) ) ;
#357 = LINE ( 'NONE', #370, #954 ) ;
#358 = CARTESIAN_POINT ( 'NONE',  ( 0.6008560570115191179, -1.135506552495263000, 3.310702882101286271 ) ) ;
#359 = CARTESIAN_POINT ( 'NONE',  ( -2.143145379605738476, -7.111212095480792250, 2.105859824019647775 ) ) ;
#360 = CARTESIAN_POINT ( 'NONE',  ( -3.107258421281734240, -3.605554910389372036, -0.4054793066903194521 ) ) ;
#361 = ORIENTED_EDGE ( 'NONE', *, *, #647, .F. ) ;
#362 = DIRECTION ( 'NONE',  ( 1.000000000000000000, 0.000000000000000000, 0.000000000000000000 ) ) ;
#363 = CARTESIAN_POINT ( 'NONE',  ( 2.999999999999998224, -52.66515138991167788, 1.732050807568880080 ) ) ;
#364 = CARTESIAN_POINT ( 'NONE',  ( 2.818810030698811975, -3.482524687619376280, 1.824301065057393867 ) ) ;
#365 = LINE ( 'NONE', #836, #42 ) ;
#366 = CARTESIAN_POINT ( 'NONE',  ( -2.683767880224965374, -8.606457711905537877, -1.345394332599112230 ) ) ;
#367 = CARTESIAN_POINT ( 'NONE',  ( -0.02167264199033226701, -3.024226783974236721, 3.001943279332123460 ) ) ;
#368 = ORIENTED_EDGE ( 'NONE', *, *, #11, .F. ) ;
#369 = CARTESIAN_POINT ( 'NONE',  ( -8.431064391303214833, -3.302060322066642684, -1.172688988321890502 ) ) ;
#370 = CARTESIAN_POINT ( 'NONE',  ( 2.999999999999998224, -28.50000000000000000, 1.732050807568880080 ) ) ;
#371 = CARTESIAN_POINT ( 'NONE',  ( 0.000000000000000000, -27.50000000000000000, 0.000000000000000000 ) ) ;
#372 = CARTESIAN_POINT ( 'NONE',  ( -1.034763674522414689, -4.341565240478076682, -2.817429651192709272 ) ) ;
#373 = CARTESIAN_POINT ( 'NONE',  ( 4.490032212767779640, -1.995946912679323448, 2.878688809035884422 ) ) ;
#374 = CARTESIAN_POINT ( 'NONE',  ( 2.999999999999999112, -52.66515138991167788, -1.732050807568876971 ) ) ;
#375 = ORIENTED_EDGE ( 'NONE', *, *, #16, .F. ) ;
#376 = VECTOR ( 'NONE', #155, 1000.000000000000000 ) ;
#377 = CARTESIAN_POINT ( 'NONE',  ( 2.999999999999998224, -43.50000000000000000, 1.732050807568880080 ) ) ;
#378 = CARTESIAN_POINT ( 'NONE',  ( 80.00000000000000000, 0.000000000000000000, 0.000000000000000000 ) ) ;
#379 = ADVANCED_FACE ( 'NONE', ( #287 ), #158, .F. ) ;
#380 = CARTESIAN_POINT ( 'NONE',  ( 3.215175259470921088, -3.806137962457057711, 1.324096419279234160 ) ) ;
#381 = CARTESIAN_POINT ( 'NONE',  ( -4.099706782238349945, -1.876999911710017566, -2.958473656965839638 ) ) ;
#382 = CARTESIAN_POINT ( 'NONE',  ( 2.849555769502574609, -1.530672551531834680, -3.149337652702656865 ) ) ;
#383 =( NAMED_UNIT ( * ) SI_UNIT ( $, .STERADIAN. ) SOLID_ANGLE_UNIT ( ) );
#384 = ORIENTED_EDGE ( 'NONE', *, *, #880, .F. ) ;
#385 = FACE_OUTER_BOUND ( 'NONE', #613, .T. ) ;
#386 = CARTESIAN_POINT ( 'NONE',  ( 2.675217112349375981, -8.582187197922367616, 1.373333623363565126 ) ) ;
#387 = CARTESIAN_POINT ( 'NONE',  ( -3.000000000000001776, -52.66515138991167788, 1.732050807568877859 ) ) ;
#388 = CARTESIAN_POINT ( 'NONE',  ( 80.00000000000000000, 0.000000000000000000, 0.000000000000000000 ) ) ;
#389 = ORIENTED_EDGE ( 'NONE', *, *, #1148, .T. ) ;
#390 = CARTESIAN_POINT ( 'NONE',  ( 80.00000000000000000, 0.000000000000000000, 2.500000000000015543 ) ) ;
#391 = CARTESIAN_POINT ( 'NONE',  ( 3.599794632452227638, -4.099415228450956405, 0.2723902117225181496 ) ) ;
#392 = CARTESIAN_POINT ( 'NONE',  ( -2.791793065365394622, -3.460797489109161074, -1.852613755241613758 ) ) ;
#393 = CARTESIAN_POINT ( 'NONE',  ( 6.491824087003657873, -2.640404902801762876, -2.304920772051228361 ) ) ;
#394 = CARTESIAN_POINT ( 'NONE',  ( -0.4032258898365418398, -1.124415536640079427, 3.314594581088742054 ) ) ;
#395 = VERTEX_POINT ( 'NONE', #5 ) ;
#396 = CIRCLE ( 'NONE', #973, 7.000000000000076383 ) ;
#397 = DIRECTION ( 'NONE',  ( -0.7071067811865434649, 8.659560562354984627E-17, -0.7071067811865516806 ) ) ;
#398 = AXIS2_PLACEMENT_3D ( 'NONE', #559, #895, #620 ) ;
#399 = CARTESIAN_POINT ( 'NONE',  ( 3.586632923163025399, -4.112274945980366248, -0.4300988692212744935 ) ) ;
#400 = EDGE_CURVE ( 'NONE', #408, #395, #107, .T. ) ;
#401 = CARTESIAN_POINT ( 'NONE',  ( -3.515909455298313446, -4.012900497785412135, 0.4166663147848322923 ) ) ;
#402 = CARTESIAN_POINT ( 'NONE',  ( -0.1546833724057085913, -1.121957159599321852, -3.315299704706020645 ) ) ;
#403 = ORIENTED_EDGE ( 'NONE', *, *, #409, .F. ) ;
#404 = DIRECTION ( 'NONE',  ( 0.000000000000000000, 0.000000000000000000, -1.000000000000000000 ) ) ;
#405 = CARTESIAN_POINT ( 'NONE',  ( 3.321692511035075235, -3.817627469950510388, 0.5387220629025419871 ) ) ;
#406 = CARTESIAN_POINT ( 'NONE',  ( -3.005856236919819402, -3.505750815201073678, 0.1396708587612666419 ) ) ;
#407 = CARTESIAN_POINT ( 'NONE',  ( 0.2652902964373015093, -1.124763524703578987, 3.314348655995078996 ) ) ;
#408 = VERTEX_POINT ( 'NONE', #644 ) ;
#409 = EDGE_CURVE ( 'NONE', #1038, #908, #91, .T. ) ;
#410 = CARTESIAN_POINT ( 'NONE',  ( 8.964737897492264906, -3.487691117285093068, -0.3172843911673196016 ) ) ;
#411 = CARTESIAN_POINT ( 'NONE',  ( -7.046361262440633766, -2.827136701135573915, -2.073968357002573537 ) ) ;
#412 = ORIENTED_EDGE ( 'NONE', *, *, #767, .F. ) ;
#413 = CARTESIAN_POINT ( 'NONE',  ( 2.614671392961424257, -8.412490581233900144, -1.484720383926284804 ) ) ;
#414 = CONICAL_SURFACE ( 'NONE', #921, 3.500000000000000444, 0.7853981633974334020 ) ;
#415 = AXIS2_PLACEMENT_3D ( 'NONE', #371, #905, #645 ) ;
#416 = UNCERTAINTY_MEASURE_WITH_UNIT (LENGTH_MEASURE( 1.000000000000000082E-05 ), #307, 'distance_accuracy_value', 'NONE');
#417 = CARTESIAN_POINT ( 'NONE',  ( 0.2652902964373112238, -3.052929567052571347, 8.996089209129500830 ) ) ;
#418 = CARTESIAN_POINT ( 'NONE',  ( 1.976103417730209699, -2.847959248722999881, -2.474440478879571970 ) ) ;
#419 = CARTESIAN_POINT ( 'NONE',  ( 0.5885944488878236402, -3.505303225564421421, 2.943616272666647937 ) ) ;
#420 = DIRECTION ( 'NONE',  ( 0.8660254037844387076, -0.000000000000000000, 0.4999999999999999445 ) ) ;
#421 = CARTESIAN_POINT ( 'NONE',  ( -1.899413888171092024, -1.313231397337252693, -3.245137892129512647 ) ) ;
#422 = DIRECTION ( 'NONE',  ( -0.8660254037844387076, 0.000000000000000000, -0.4999999999999999445 ) ) ;
#423 = CARTESIAN_POINT ( 'NONE',  ( 0.000000000000000000, 3.501999999999998003, -3.000000000000000444 ) ) ;
#424 = CARTESIAN_POINT ( 'NONE',  ( -3.080260913958967173, -3.694255027425056515, 1.517544492390333843 ) ) ;
#425 = ADVANCED_FACE ( 'NONE', ( #272 ), #202, .F. ) ;
#426 = CARTESIAN_POINT ( 'NONE',  ( 2.308390113905877783, -1.404696540929348814, -3.206515998199568784 ) ) ;
#427 = CARTESIAN_POINT ( 'NONE',  ( 2.361554226003942603, -7.708708891704139532, -1.857586204123337303 ) ) ;
#428 = ADVANCED_FACE ( 'NONE', ( #266 ), #987, .F. ) ;
#429 = LINE ( 'NONE', #363, #447 ) ;
#430 = AXIS2_PLACEMENT_3D ( 'NONE', #103, #699, #171 ) ;
#431 = CARTESIAN_POINT ( 'NONE',  ( 80.00000000000000000, 0.000000000000000000, 0.000000000000000000 ) ) ;
#432 = CARTESIAN_POINT ( 'NONE',  ( -2.959320973311219571, -9.384456898390817869, 0.5042903880350094736 ) ) ;
#433 = LINE ( 'NONE', #1147, #1021 ) ;
#434 = CARTESIAN_POINT ( 'NONE',  ( 2.468356336132264239, -8.004538878493411502, -1.716282512503123581 ) ) ;
#435 = UNCERTAINTY_MEASURE_WITH_UNIT (LENGTH_MEASURE( 1.000000000000000082E-05 ), #557, 'distance_accuracy_value', 'NONE');
#436 = CARTESIAN_POINT ( 'NONE',  ( -2.935647108879532396, -9.317274995094164680, -0.6376507401758318982 ) ) ;
#437 = CARTESIAN_POINT ( 'NONE',  ( -2.228253367191769030, -1.386896124404961350, 3.214251152439301151 ) ) ;
#438 = ORIENTED_EDGE ( 'NONE', *, *, #719, .T. ) ;
#439 = CARTESIAN_POINT ( 'NONE',  ( 0.1679986653440285471, -3.067342171839392506, -2.997207646328180708 ) ) ;
#440 = EDGE_CURVE ( 'NONE', #56, #753, #1002, .T. ) ;
#441 = CARTESIAN_POINT ( 'NONE',  ( 3.002231717308206704, -9.506342699695069953, 0.1292581443542076269 ) ) ;
#442 = CARTESIAN_POINT ( 'NONE',  ( -0.08700053514733877003, -3.041381265149273982, 2.999999999999993783 ) ) ;
#443 = CARTESIAN_POINT ( 'NONE',  ( -2.501726903982717687, -8.097803072105289601, 1.658677940115559801 ) ) ;
#444 = ORIENTED_EDGE ( 'NONE', *, *, #342, .F. ) ;
#445 = CARTESIAN_POINT ( 'NONE',  ( 2.999999999999999112, -28.50000000000000000, -1.732050807568876971 ) ) ;
#446 = CARTESIAN_POINT ( 'NONE',  ( 1.538502448610443718, -2.562204965338760410, 2.693547142265071415 ) ) ;
#447 = VECTOR ( 'NONE', #1081, 1000.000000000000000 ) ;
#448 = CARTESIAN_POINT ( 'NONE',  ( -2.771072564624613044, -8.851724592176070772, 1.178353179280082097 ) ) ;
#449 = CARTESIAN_POINT ( 'NONE',  ( -3.001740820498087103, -9.504947440513415557, -0.04430927244556417954 ) ) ;
#450 = CIRCLE ( 'NONE', #878, 2.500000000000015543 ) ;
#451 = EDGE_LOOP ( 'NONE', ( #38, #894, #55, #582 ) ) ;
#452 = LINE ( 'NONE', #265, #955 ) ;
#453 = DIRECTION ( 'NONE',  ( 1.000000000000000000, -0.000000000000000000, -0.000000000000000000 ) ) ;
#454 = CARTESIAN_POINT ( 'NONE',  ( 3.621163227832837173, -4.122010658564250640, -0.1994901087678136453 ) ) ;
#455 = CARTESIAN_POINT ( 'NONE',  ( -1.735246827609871811, -1.287119679836686847, -3.255339504249026739 ) ) ;
#456 = B_SPLINE_CURVE_WITH_KNOTS ( 'NONE', 3,
 ( #1107, #817, #826, #128, #832, #373, #1013, #666, #927, #197, #25, #481, #31, #296, #570, #563, #110, #470, #224, #1025, #310, #581, #556, #837, #735, #486, #36, #842, #218, #1102, #122, #1031, #393, #576, #744, #726, #17, #933, #382, #283, #913, #43, #290, #402 ),
 .UNSPECIFIED., .F., .F.,
 ( 4, 2, 2, 2, 2, 2, 2, 2, 2, 2, 2, 2, 2, 2, 2, 2, 2, 2, 2, 2, 2, 4 ),
 ( 0.02128829112079516292, 0.02390393143394606637, 0.02521175159052151810, 0.02651957174709696635, 0.02782739190367241808, 0.02913521206024786980, 0.02978912213853559393, 0.03044303221682331806, 0.03109694229511104566, 0.03142389733425490772, 0.03175085237339877325, 0.03207780741254263879, 0.03240476245168649738, 0.03305867252997422845, 0.03371258260826195258, 0.03436649268654967670, 0.03567431284312512496, 0.03698213299970057322, 0.03828995315627602147, 0.03959777331285146973, 0.04090559346942692492, 0.04221341362600237318 ),
 .UNSPECIFIED. ) ;
#457 = CARTESIAN_POINT ( 'NONE',  ( -2.981899474107714720, -9.448536389914341527, 0.3639266778685584236 ) ) ;
#458 = ORIENTED_EDGE ( 'NONE', *, *, #916, .F. ) ;
#459 = CARTESIAN_POINT ( 'NONE',  ( 79.00000000000002842, 4.286263797015737088E-16, -3.500000000000000444 ) ) ;
#460 = CARTESIAN_POINT ( 'NONE',  ( -1.325197938979181935E-15, -43.50000000000000000, -3.464101615137755719 ) ) ;
#461 = CARTESIAN_POINT ( 'NONE',  ( 0.2652902964356997906, -1.124763524703529027, 3.314348655995098536 ) ) ;
#462 = CARTESIAN_POINT ( 'NONE',  ( -0.1017210934105220732, -2.057501485693030929, -2.998694646860824431 ) ) ;
#463 = CARTESIAN_POINT ( 'NONE',  ( -79.00000000000002842, 0.000000000000000000, 0.000000000000000000 ) ) ;
#464 = ORIENTED_EDGE ( 'NONE', *, *, #28, .F. ) ;
#465 = ADVANCED_FACE ( 'NONE', ( #822 ), #414, .T. ) ;
#466 = CARTESIAN_POINT ( 'NONE',  ( -6.860446006483438275, -2.764250951026212100, 2.158766873260440811 ) ) ;
#467 = CARTESIAN_POINT ( 'NONE',  ( -3.000000000000001776, -52.66515138991167788, 1.732050807568877859 ) ) ;
#468 = CARTESIAN_POINT ( 'NONE',  ( 2.161786497832509202, -2.979637231374938189, 2.359435574854213957 ) ) ;
#469 = CARTESIAN_POINT ( 'NONE',  ( -3.104291023770930913, -1.599524036068776800, -3.114001193861358097 ) ) ;
#470 = CARTESIAN_POINT ( 'NONE',  ( 8.960851148596688631, -3.486336221179608508, 0.3259312611476264387 ) ) ;
#471 = VERTEX_POINT ( 'NONE', #993 ) ;
#472 = CIRCLE ( 'NONE', #1142, 6.000000000000000000 ) ;
#473 = VECTOR ( 'NONE', #422, 999.9999999999998863 ) ;
#474 = FACE_OUTER_BOUND ( 'NONE', #451, .T. ) ;
#475 = CARTESIAN_POINT ( 'NONE',  ( 7.075358746581833280, -2.836962415452288777, 2.060372413646121004 ) ) ;
#476 = CARTESIAN_POINT ( 'NONE',  ( -1.325197938979181935E-15, -43.50000000000000000, -3.464101615137755719 ) ) ;
#477 = ORIENTED_EDGE ( 'NONE', *, *, #440, .F. ) ;
#478 = CARTESIAN_POINT ( 'NONE',  ( -80.00000000000000000, 0.000000000000000000, 0.000000000000000000 ) ) ;
#479 = CARTESIAN_POINT ( 'NONE',  ( 2.511948923390948885, -8.125311389545204932, -1.651396579192382807 ) ) ;
#480 = DIRECTION ( 'NONE',  ( 1.000000000000000000, 0.000000000000000000, 2.503857664561931390E-16 ) ) ;
#481 = CARTESIAN_POINT ( 'NONE',  ( 7.792098791506361977, -3.081602889791814182, 1.663883862197971242 ) ) ;
#482 = CARTESIAN_POINT ( 'NONE',  ( -0.04185574840190836587, -2.044092293635558555, 3.005687300082922508 ) ) ;
#483 = EDGE_LOOP ( 'NONE', ( #141, #316, #729, #60 ) ) ;
#484 = CARTESIAN_POINT ( 'NONE',  ( 7.535846769865841566, -2.993535775284322575, -1.825227798100331311 ) ) ;
#485 = CARTESIAN_POINT ( 'NONE',  ( -2.568976976122124167, -8.285164582293285562, -1.552572359575150607 ) ) ;
#486 = CARTESIAN_POINT ( 'NONE',  ( 8.604838384482919267, -3.362367177187769673, -0.9889024476826319132 ) ) ;
#487 = ORIENTED_EDGE ( 'NONE', *, *, #511, .T. ) ;
#488 = AXIS2_PLACEMENT_3D ( 'NONE', #431, #785, #804 ) ;
#489 = SURFACE_SIDE_STYLE ('',( #663 ) ) ;
#490 = CIRCLE ( 'NONE', #1113, 7.000000000000076383 ) ;
#491 = CARTESIAN_POINT ( 'NONE',  ( 3.055404649555273799, -3.554493775406461165, -0.3113688283560281933 ) ) ;
#492 = CARTESIAN_POINT ( 'NONE',  ( -3.057345233065334345, -3.556403564693119357, 0.3157982620349296110 ) ) ;
#493 = ORIENTED_EDGE ( 'NONE', *, *, #1148, .F. ) ;
#494 = CARTESIAN_POINT ( 'NONE',  ( 3.107269670850969945, -3.605565848377484617, 0.4056229163315589470 ) ) ;
#495 = CARTESIAN_POINT ( 'NONE',  ( -8.890447381067517085, -3.461778617406130465, -0.5294074851773205026 ) ) ;
#496 = DIRECTION ( 'NONE',  ( -0.000000000000000000, -1.000000000000000000, -0.000000000000000000 ) ) ;
#497 = PRODUCT_DEFINITION_CONTEXT ( 'detailed design', #1115, 'design' ) ;
#498 = ORIENTED_EDGE ( 'NONE', *, *, #880, .T. ) ;
#499 = CARTESIAN_POINT ( 'NONE',  ( 3.001710647613130334, -9.504861677879222981, 0.03976294466258710469 ) ) ;
#500 = FACE_OUTER_BOUND ( 'NONE', #44, .T. ) ;
#501 = CARTESIAN_POINT ( 'NONE',  ( 1.493950182269750071, -2.536902104510379896, -2.711596289520570746 ) ) ;
#502 = AXIS2_PLACEMENT_3D ( 'NONE', #784, #829, #814 ) ;
#503 = PLANE ( 'NONE',  #827 ) ;
#504 = DIRECTION ( 'NONE',  ( -0.05072852950110357667, 0.9987124792925418104, 0.000000000000000000 ) ) ;
#505 = ORIENTED_EDGE ( 'NONE', *, *, #587, .T. ) ;
#506 = ORIENTED_EDGE ( 'NONE', *, *, #843, .T. ) ;
#507 = CARTESIAN_POINT ( 'NONE',  ( 0.4823032730243715371, -3.358533073130285818, -2.962625803324466567 ) ) ;
#508 = CARTESIAN_POINT ( 'NONE',  ( 2.170593281380083006, -7.185803524403293174, 2.077587579734713419 ) ) ;
#509 = EDGE_CURVE ( 'NONE', #769, #65, #552, .T. ) ;
#510 = VERTEX_POINT ( 'NONE', #460 ) ;
#511 = EDGE_CURVE ( 'NONE', #673, #1116, #114, .T. ) ;
#512 = CARTESIAN_POINT ( 'NONE',  ( 2.999999999999998224, -43.50000000000000000, 1.732050807568880080 ) ) ;
#513 = CARTESIAN_POINT ( 'NONE',  ( 0.08806996082037281404, -3.041381265149105673, -3.000000000000001332 ) ) ;
#514 = CARTESIAN_POINT ( 'NONE',  ( -80.00000000000000000, 0.000000000000000000, 0.000000000000000000 ) ) ;
#515 = ORIENTED_EDGE ( 'NONE', *, *, #509, .F. ) ;
#516 = CARTESIAN_POINT ( 'NONE',  ( -3.033214811414087553, -3.532649114192124351, -0.2526762086262899221 ) ) ;
#517 = CARTESIAN_POINT ( 'NONE',  ( 4.324658428978698232, -1.945783046214849321, -2.914582530345290579 ) ) ;
#518 = CARTESIAN_POINT ( 'NONE',  ( 2.029533657291570314, -6.804013441022514819, -2.214411066047510257 ) ) ;
#519 = AXIS2_PLACEMENT_3D ( 'NONE', #571, #818, #727 ) ;
#520 = CARTESIAN_POINT ( 'NONE',  ( -2.777127100841580987, -8.869021278615379700, -1.140289880200755501 ) ) ;
#521 = CARTESIAN_POINT ( 'NONE',  ( -1.938069337355118549, -2.821673491998776040, 2.496349313635692013 ) ) ;
#522 = EDGE_CURVE ( 'NONE', #934, #238, #429, .T. ) ;
#523 = ORIENTED_EDGE ( 'NONE', *, *, #138, .F. ) ;
#524 = DIRECTION ( 'NONE',  ( -0.000000000000000000, 1.000000000000000000, -0.000000000000000000 ) ) ;
#525 = CARTESIAN_POINT ( 'NONE',  ( 0.1706660272855756166, -3.077212836582155386, -2.995987960469022493 ) ) ;
#526 = CARTESIAN_POINT ( 'NONE',  ( -2.900216481764379406, -9.216818187869263213, -0.7784046553646030153 ) ) ;
#527 = CARTESIAN_POINT ( 'NONE',  ( -2.655016623606718973, -8.525831696602134357, 1.400480934024767032 ) ) ;
#528 = ORIENTED_EDGE ( 'NONE', *, *, #306, .T. ) ;
#529 = CARTESIAN_POINT ( 'NONE',  ( -8.139796659371445031, -3.201307092209873861, 1.422783519133672847 ) ) ;
#530 = CARTESIAN_POINT ( 'NONE',  ( 2.380228200544745487, -1.420298818870763924, 3.199506466365706903 ) ) ;
#531 = CARTESIAN_POINT ( 'NONE',  ( -79.00000000000002842, 0.000000000000000000, 3.500000000000000444 ) ) ;
#532 = CARTESIAN_POINT ( 'NONE',  ( -2.856196838867670174, -9.092272755141728169, 0.9236731213619138181 ) ) ;
#533 = ORIENTED_EDGE ( 'NONE', *, *, #1036, .F. ) ;
#534 = CARTESIAN_POINT ( 'NONE',  ( 0.000000000000000000, -23.49999999999998579, -3.000000000000000444 ) ) ;
#535 = CARTESIAN_POINT ( 'NONE',  ( -79.00000000000002842, 0.000000000000000000, 0.000000000000000000 ) ) ;
#536 = CARTESIAN_POINT ( 'NONE',  ( 0.1744317893944017095, -2.062371542752375664, 2.996160255006160344 ) ) ;
#537 = VECTOR ( 'NONE', #194, 1000.000000000000114 ) ;
#538 = CARTESIAN_POINT ( 'NONE',  ( -2.470777457723274395, -8.011254643398517672, 1.712943747758486790 ) ) ;
#539 = APPLICATION_PROTOCOL_DEFINITION ( 'draft international standard', 'automotive_design', 1998, #1115 ) ;
#540 = CIRCLE ( 'NONE', #846, 3.500000000000000444 ) ;
#541 = ORIENTED_EDGE ( 'NONE', *, *, #874, .T. ) ;
#542 = CARTESIAN_POINT ( 'NONE',  ( -1.922850088179531403, -1.319796411607182085, 3.243336408140301330 ) ) ;
#543 = DIRECTION ( 'NONE',  ( 0.000000000000000000, -1.000000000000000000, 0.000000000000000000 ) ) ;
#544 = LINE ( 'NONE', #189, #355 ) ;
#545 = DIRECTION ( 'NONE',  ( -0.8660254037844387076, 0.000000000000000000, -0.4999999999999999445 ) ) ;
#546 = ADVANCED_FACE ( 'NONE', ( #474 ), #208, .T. ) ;
#547 = CARTESIAN_POINT ( 'NONE',  ( -0.8889495389950303750, -4.023503978957601923, 2.870627083255639533 ) ) ;
#548 = EDGE_CURVE ( 'NONE', #964, #1116, #1018, .T. ) ;
#549 = DIRECTION ( 'NONE',  ( -2.503857664561930404E-16, 0.000000000000000000, 1.000000000000000000 ) ) ;
#550 = ORIENTED_EDGE ( 'NONE', *, *, #227, .T. ) ;
#551 = LINE ( 'NONE', #639, #1092 ) ;
#552 = LINE ( 'NONE', #293, #40 ) ;
#553 = ADVANCED_FACE ( 'NONE', ( #385 ), #737, .T. ) ;
#554 = CARTESIAN_POINT ( 'NONE',  ( 0.8826616569569604165, -4.028235164766962306, 2.868667409185881478 ) ) ;
#555 = FACE_OUTER_BOUND ( 'NONE', #347, .T. ) ;
#556 = CARTESIAN_POINT ( 'NONE',  ( 8.928800957341488598, -3.475155621220041180, -0.4282971181414499950 ) ) ;
#557 =( LENGTH_UNIT ( ) NAMED_UNIT ( * ) SI_UNIT ( .MILLI., .METRE. ) );
#558 = ORIENTED_EDGE ( 'NONE', *, *, #94, .F. ) ;
#559 = CARTESIAN_POINT ( 'NONE',  ( -79.00000000000002842, 0.000000000000000000, 0.000000000000000000 ) ) ;
#560 = DIRECTION ( 'NONE',  ( 0.5000000000000003331, 0.000000000000000000, 0.8660254037844385966 ) ) ;
#561 = CARTESIAN_POINT ( 'NONE',  ( 4.619906010526113604, -2.036062160196792981, 2.852404816053414560 ) ) ;
#562 = CARTESIAN_POINT ( 'NONE',  ( -3.183492374445053397, -3.781034691938244041, -1.350853158774668161 ) ) ;
#563 = CARTESIAN_POINT ( 'NONE',  ( 8.732125555159029773, -3.406608330240288751, 0.8208762931636399696 ) ) ;
#564 = CARTESIAN_POINT ( 'NONE',  ( -1.354133970907635653, -1.222788223600538737, 3.279926991352070775 ) ) ;
#565 = ORIENTED_EDGE ( 'NONE', *, *, #856, .F. ) ;
#566 = ADVANCED_FACE ( 'NONE', ( #1104 ), #649, .T. ) ;
#567 = FILL_AREA_STYLE_COLOUR ( '', #705 ) ;
#568 = CARTESIAN_POINT ( 'NONE',  ( 3.156434554659264702, -3.654018482251814248, 0.4638253393341574271 ) ) ;
#569 = DIRECTION ( 'NONE',  ( 2.503857664561930404E-16, 0.000000000000000000, -1.000000000000000000 ) ) ;
#570 = CARTESIAN_POINT ( 'NONE',  ( 8.457353304398987248, -3.311175359339884938, 1.146706564052454969 ) ) ;
#571 = CARTESIAN_POINT ( 'NONE',  ( 0.000000000000000000, 0.000000000000000000, 0.000000000000000000 ) ) ;
#572 = ORIENTED_EDGE ( 'NONE', *, *, #145, .F. ) ;
#573 = SURFACE_STYLE_USAGE ( .BOTH. , #489 ) ;
#574 = CARTESIAN_POINT ( 'NONE',  ( 9.005131942915191701, -3.501791144457033766, 0.04394851778486815602 ) ) ;
#575 = CARTESIAN_POINT ( 'NONE',  ( -0.05156112413523779303, -3.045312290341081862, -2.999556875686478552 ) ) ;
#576 = CARTESIAN_POINT ( 'NONE',  ( 5.708169138837107859, -2.382024540126196133, -2.571061435751661683 ) ) ;
#577 = ORIENTED_EDGE ( 'NONE', *, *, #587, .F. ) ;
#578 = CARTESIAN_POINT ( 'NONE',  ( 79.00000000000002842, 0.000000000000000000, 3.500000000000000444 ) ) ;
#579 = CARTESIAN_POINT ( 'NONE',  ( 3.610350118855710999, -4.129853367773021589, -0.3004621452111815860 ) ) ;
#580 = CARTESIAN_POINT ( 'NONE',  ( -2.978875776829098765, -9.439980035934206981, -0.3717424959964439890 ) ) ;
#581 = CARTESIAN_POINT ( 'NONE',  ( 8.961971438663038469, -3.486729042385237509, -0.3227222873396728975 ) ) ;
#582 = ORIENTED_EDGE ( 'NONE', *, *, #50, .T. ) ;
#583 = VECTOR ( 'NONE', #280, 1000.000000000000000 ) ;
#584 =( BOUNDED_SURFACE ( )  B_SPLINE_SURFACE ( 3, 2, ( 
 ( #117, #462, #575 ),
 ( #816, #831, #30 ),
 ( #1017, #93, #295 ),
 ( #926, #630, #15 ),
 ( #455, #1012, #282 ),
 ( #718, #274, #109 ),
 ( #646, #1083, #906 ),
 ( #469, #1024, #372 ),
 ( #824, #35, #24 ),
 ( #381, #743, #734 ),
 ( #725, #392, #1106 ),
 ( #1093, #190, #1101 ),
 ( #204, #562, #651 ),
 ( #1112, #303, #659 ),
 ( #810, #52, #1119 ),
 ( #586, #315, #590 ),
 ( #411, #762, #1035 ),
 ( #223, #230, #234 ),
 ( #1125, #139, #485 ),
 ( #309, #938, #677 ),
 ( #319, #401, #1040 ),
 ( #41, #944, #949 ),
 ( #854, #132, #143 ),
 ( #932, #757, #127 ),
 ( #851, #671, #665 ),
 ( #495, #751, #841 ),
 ( #1030, #492, #580 ),
 ( #47, #406, #1122 ),
 ( #164, #70, #449 ),
 ( #978, #1156, #1151 ),
 ( #602, #516, #1066 ),
 ( #352, #360, #432 ),
 ( #779, #707, #257 ),
 ( #700, #1141, #247 ),
 ( #75, #984, #532 ),
 ( #81, #893, #1072 ),
 ( #263, #990, #612 ),
 ( #618, #172, #527 ),
 ( #177, #791, #86 ),
 ( #888, #805, #443 ),
 ( #873, #2, #796 ),
 ( #346, #868, #786 ),
 ( #965, #713, #182 ),
 ( #64, #1078, #160 ),
 ( #341, #424, #269 ),
 ( #1146, #624, #335 ),
 ( #971, #691, #1056 ),
 ( #695, #521, #1061 ),
 ( #882, #253, #607 ),
 ( #437, #1007, #37 ),
 ( #1108, #999, #928 ),
 ( #564, #633, #123 ),
 ( #641, #199, #653 ),
 ( #394, #276, #661 ),
 ( #297, #482, #367 ),
 ( #1095, #838, #9 ) ),
 .UNSPECIFIED., .F., .F., .F. ) 
 B_SPLINE_SURFACE_WITH_KNOTS ( ( 4, 2, 2, 2, 2, 2, 2, 2, 2, 2, 2, 2, 2, 2, 2, 2, 2, 2, 2, 2, 2, 2, 2, 2, 2, 2, 2, 4 ),
 ( 3, 3 ),
 ( 0.000000000000000000, 0.0009941338548805898380, 0.001988267709761179676, 0.002982401564641769514, 0.003976535419522359352, 0.005964803129283539028, 0.006958936984164129300, 0.007953070839044718704, 0.009941338548805897513, 0.01093547240368648865, 0.01192960625856707806, 0.01292374011344766746, 0.01391787396832825860, 0.01491200782320884800, 0.01590614167808943741, 0.01690027553297002855, 0.01789440938785061622, 0.01888854324273120389, 0.01988267709761179503, 0.02087681095249238616, 0.02187094480737297730, 0.02385921251713415611, 0.02584748022689533492, 0.02783574793665651720, 0.02882988179153710834, 0.02982401564641769601, 0.03081814950129828368, 0.03181228335617887482 ),
 ( 0.000000000000000000, 1.000000000000000000 ),
 .UNSPECIFIED. ) 
 GEOMETRIC_REPRESENTATION_ITEM ( )  RATIONAL_B_SPLINE_SURFACE ( (
 ( 1.000000000000000000, 0.9866834785620204329, 1.000000000000000000),
 ( 1.000000000000000000, 0.9863723787874149052, 1.000000000000000000),
 ( 1.000000000000000000, 0.9850900363788831493, 1.000000000000000000),
 ( 1.000000000000000000, 0.9808844959678387765, 1.000000000000000000),
 ( 1.000000000000000000, 0.9780373854643154008, 1.000000000000000000),
 ( 1.000000000000000000, 0.9711710471464010119, 1.000000000000000000),
 ( 1.000000000000000000, 0.9671310290842900503, 1.000000000000000000),
 ( 1.000000000000000000, 0.9579980604454221282, 1.000000000000000000),
 ( 1.000000000000000000, 0.9529459209659277841, 1.000000000000000000),
 ( 1.000000000000000000, 0.9364521722619332245, 1.000000000000000000),
 ( 1.000000000000000000, 0.9236721772003115838, 1.000000000000000000),
 ( 1.000000000000000000, 0.9021294169932799756, 1.000000000000000000),
 ( 1.000000000000000000, 0.8945521179903249687, 1.000000000000000000),
 ( 1.000000000000000000, 0.8786615284247339952, 1.000000000000000000),
 ( 1.000000000000000000, 0.8703780560441304326, 1.000000000000000000),
 ( 1.000000000000000000, 0.8449941635234433646, 1.000000000000000000),
 ( 1.000000000000000000, 0.8272219390658501759, 1.000000000000000000),
 ( 1.000000000000000000, 0.8005029701659965857, 1.000000000000000000),
 ( 1.000000000000000000, 0.7915405101068470062, 1.000000000000000000),
 ( 1.000000000000000000, 0.7742473230285426000, 1.000000000000000000),
 ( 1.000000000000000000, 0.7659185443486212774, 1.000000000000000000),
 ( 1.000000000000000000, 0.7503014367148969077, 1.000000000000000000),
 ( 1.000000000000000000, 0.7430122537318775144, 1.000000000000000000),
 ( 1.000000000000000000, 0.7299739781605878441, 1.000000000000000000),
 ( 1.000000000000000000, 0.7242549007927857607, 1.000000000000000000),
 ( 1.000000000000000000, 0.7151961307949575852, 1.000000000000000000),
 ( 1.000000000000000000, 0.7117981662717146607, 1.000000000000000000),
 ( 1.000000000000000000, 0.7075586001792352198, 1.000000000000000000),
 ( 1.000000000000000000, 0.7067182913006860856, 1.000000000000000000),
 ( 1.000000000000000000, 0.7078300439810815137, 1.000000000000000000),
 ( 1.000000000000000000, 0.7097635988038411003, 1.000000000000000000),
 ( 1.000000000000000000, 0.7160864638925718006, 1.000000000000000000),
 ( 1.000000000000000000, 0.7204750804796136165, 1.000000000000000000),
 ( 1.000000000000000000, 0.7313664665364194573, 1.000000000000000000),
 ( 1.000000000000000000, 0.7378627610809778137, 1.000000000000000000),
 ( 1.000000000000000000, 0.7521279363503037274, 1.000000000000000000),
 ( 1.000000000000000000, 0.7599335655165305736, 1.000000000000000000),
 ( 1.000000000000000000, 0.7764348312585432899, 1.000000000000000000),
 ( 1.000000000000000000, 0.7851772352654089460, 1.000000000000000000),
 ( 1.000000000000000000, 0.8028092563276665317, 1.000000000000000000),
 ( 1.000000000000000000, 0.8117266425755917947, 1.000000000000000000),
 ( 1.000000000000000000, 0.8383558386793171779, 1.000000000000000000),
 ( 1.000000000000000000, 0.8559382444750682772, 1.000000000000000000),
 ( 1.000000000000000000, 0.8891978637642383720, 1.000000000000000000),
 ( 1.000000000000000000, 0.9044734068539638239, 1.000000000000000000),
 ( 1.000000000000000000, 0.9318108768293332789, 1.000000000000000000),
 ( 1.000000000000000000, 0.9438872664374529098, 1.000000000000000000),
 ( 1.000000000000000000, 0.9592645172923942587, 1.000000000000000000),
 ( 1.000000000000000000, 0.9639435398800821897, 1.000000000000000000),
 ( 1.000000000000000000, 0.9721615840000696895, 1.000000000000000000),
 ( 1.000000000000000000, 0.9757214721242106759, 1.000000000000000000),
 ( 1.000000000000000000, 0.9815721321677448596, 1.000000000000000000),
 ( 1.000000000000000000, 0.9838107314746206145, 1.000000000000000000),
 ( 1.000000000000000000, 0.9865803752203105015, 1.000000000000000000),
 ( 1.000000000000000000, 0.9870844490845731567, 1.000000000000000000),
 ( 1.000000000000000000, 0.9865458112878875419, 1.000000000000000000) ) ) 
 REPRESENTATION_ITEM ( '' )  SURFACE ( )  );
#585 = CARTESIAN_POINT ( 'NONE',  ( 8.573595165331042267, -3.351522746643856632, -1.015166406952112910 ) ) ;
#586 = CARTESIAN_POINT ( 'NONE',  ( -6.679073119049731666, -2.703068009186514686, -2.231834737904102361 ) ) ;
#587 = EDGE_CURVE ( 'NONE', #56, #889, #278, .T. ) ;
#588 = ORIENTED_EDGE ( 'NONE', *, *, #732, .T. ) ;
#589 = CARTESIAN_POINT ( 'NONE',  ( 2.746384085707000100, -8.782453514594434907, -1.211445306928710774 ) ) ;
#590 = CARTESIAN_POINT ( 'NONE',  ( -2.226357706434363593, -7.336898881553324259, -2.019279048505049357 ) ) ;
#591 = LINE ( 'NONE', #950, #1037 ) ;
#592 = CARTESIAN_POINT ( 'NONE',  ( 9.464677422560070840E-16, -52.66515138991167788, 3.464101615137756607 ) ) ;
#593 = CARTESIAN_POINT ( 'NONE',  ( 80.00000000000000000, 0.000000000000000000, 3.500000000000000444 ) ) ;
#594 = CLOSED_SHELL ( 'NONE', ( #820, #465, #251, #235, #787, #320, #553, #966, #135, #635, #379, #336, #546, #566, #1051, #1057, #428, #1126, #674, #338, #425, #670, #198, #1097 ) ) ;
#595 = CARTESIAN_POINT ( 'NONE',  ( 2.999999999999999112, -28.50000000000000000, -1.732050807568876971 ) ) ;
#596 = CARTESIAN_POINT ( 'NONE',  ( 0.08843009881243753256, -3.052929567052568238, 2.998696403043166647 ) ) ;
#597 = ORIENTED_EDGE ( 'NONE', *, *, #511, .F. ) ;
#598 = CARTESIAN_POINT ( 'NONE',  ( 1.886272323691389197, -6.421815321792400333, -2.339833567555033245 ) ) ;
#599 = CARTESIAN_POINT ( 'NONE',  ( 0.07409221008867587777, -3.049191810252934953, 2.999119220409974140 ) ) ;
#600 = DIRECTION ( 'NONE',  ( 0.9985653409016127524, 0.05072105576430770840, -0.01716491923080830720 ) ) ;
#601 = DIRECTION ( 'NONE',  ( -0.8660254037844384856, 0.000000000000000000, 0.5000000000000002220 ) ) ;
#602 = CARTESIAN_POINT ( 'NONE',  ( -8.964366618819592958, -3.487561615045316810, 0.3184521880608226496 ) ) ;
#603 = CARTESIAN_POINT ( 'NONE',  ( 2.843068649009155013, -1.532003531996594337, -3.147678890350572800 ) ) ;
#604 = CARTESIAN_POINT ( 'NONE',  ( 0.6329061758315367436, -3.579341606909322238, -2.933789227869265215 ) ) ;
#605 = EDGE_CURVE ( 'NONE', #258, #769, #490, .T. ) ;
#606 = CARTESIAN_POINT ( 'NONE',  ( -0.05156112414094100177, -3.045312290341352313, -2.999556875686361757 ) ) ;
#607 = CARTESIAN_POINT ( 'NONE',  ( -0.9241148098969932390, -4.109955151016186470, 2.855682536861960497 ) ) ;
#608 = CARTESIAN_POINT ( 'NONE',  ( 1.822172495932342207, -2.742538277075413422, -2.559615743932980081 ) ) ;
#609 = CARTESIAN_POINT ( 'NONE',  ( -1.325197938979181935E-15, -52.66515138991167788, -3.464101615137755719 ) ) ;
#610 = AXIS2_PLACEMENT_3D ( 'NONE', #848, #749, #1117 ) ;
#611 = CARTESIAN_POINT ( 'NONE',  ( -2.379938831947900457, -7.759455958294199540, -1.834064535971845711 ) ) ;
#612 = CARTESIAN_POINT ( 'NONE',  ( -2.744230623781105827, -8.776388899200734173, 1.216412101919768007 ) ) ;
#613 = EDGE_LOOP ( 'NONE', ( #759, #741, #219, #464 ) ) ;
#614 = CARTESIAN_POINT ( 'NONE',  ( -9.001442926663600019, -3.500502986464168576, 0.09172428695788198416 ) ) ;
#615 = MANIFOLD_SOLID_BREP ( '\X2\570689d2\X0\1', #594 ) ;
#616 = CARTESIAN_POINT ( 'NONE',  ( 5.920644628302014212, -2.451455613468379813, 2.505498123927811349 ) ) ;
#617 = DIRECTION ( 'NONE',  ( 1.000000000000000000, -0.000000000000000000, -0.000000000000000000 ) ) ;
#618 = CARTESIAN_POINT ( 'NONE',  ( -7.965049871112092283, -3.141095888090974952, 1.547899979704306705 ) ) ;
#619 = ORIENTED_EDGE ( 'NONE', *, *, #850, .T. ) ;
#620 = DIRECTION ( 'NONE',  ( 0.000000000000000000, 0.000000000000000000, -1.000000000000000000 ) ) ;
#621 = CARTESIAN_POINT ( 'NONE',  ( 2.999999999999998224, -52.66515138991167788, 1.732050807568880080 ) ) ;
#622 = CARTESIAN_POINT ( 'NONE',  ( 2.577128925205640630, -3.288025648545799040, 2.058385843220126965 ) ) ;
#623 = CARTESIAN_POINT ( 'NONE',  ( -1.051108019064052934, -4.373017290782028610, -2.813732542609487464 ) ) ;
#624 = CARTESIAN_POINT ( 'NONE',  ( -2.642595989951271207, -3.342074241841716642, 1.997708731215098288 ) ) ;
#625 = EDGE_LOOP ( 'NONE', ( #327, #550 ) ) ;
#626 = CARTESIAN_POINT ( 'NONE',  ( -8.608101388849430435, -3.363500198784193707, 0.9855601865313191601 ) ) ;
#627 = DIRECTION ( 'NONE',  ( -0.5000000000000003331, 0.000000000000000000, -0.8660254037844385966 ) ) ;
#628 = EDGE_CURVE ( 'NONE', #330, #654, #1028, .T. ) ;
#629 = CARTESIAN_POINT ( 'NONE',  ( 0.5085565020110085488, -3.390923448983420130, 2.958343661623162646 ) ) ;
#630 = CARTESIAN_POINT ( 'NONE',  ( -0.9421600847381410571, -2.252304615312662239, -2.891957602036099750 ) ) ;
#631 = AXIS2_PLACEMENT_3D ( 'NONE', #621, #627, #68 ) ;
#632 = CARTESIAN_POINT ( 'NONE',  ( 1.407939147291388409E-16, -3.041381265149105673, -3.000000000000000444 ) ) ;
#633 = CARTESIAN_POINT ( 'NONE',  ( -0.8868443572094257821, -2.231739494349408659, 2.904495213119184793 ) ) ;
#634 = ORIENTED_EDGE ( 'NONE', *, *, #946, .F. ) ;
#635 = ADVANCED_FACE ( 'NONE', ( #657 ), #924, .T. ) ;
#636 = CARTESIAN_POINT ( 'NONE',  ( -0.6166952980785910254, -1.133164599261219374, 3.311958271914510643 ) ) ;
#637 = DIRECTION ( 'NONE',  ( 1.000000000000000000, 0.000000000000000000, 0.000000000000000000 ) ) ;
#638 = CARTESIAN_POINT ( 'NONE',  ( 1.525669506196306813, -1.249287586640094982, 3.269748258491712800 ) ) ;
#639 = CARTESIAN_POINT ( 'NONE',  ( -3.000000000000000888, -28.50000000000000000, -1.732050807568877859 ) ) ;
#640 = FACE_OUTER_BOUND ( 'NONE', #947, .T. ) ;
#641 = CARTESIAN_POINT ( 'NONE',  ( -1.046798116322197769, -1.179396738880748474, 3.295431818189826334 ) ) ;
#642 = EDGE_LOOP ( 'NONE', ( #438, #1022, #487, #708, #368 ) ) ;
#643 = CARTESIAN_POINT ( 'NONE',  ( -8.836708994407310058, -3.443047772620126956, -0.6628753274278019747 ) ) ;
#644 = CARTESIAN_POINT ( 'NONE',  ( -3.000000000000001776, -43.50000000000000000, 1.732050807568877859 ) ) ;
#645 = DIRECTION ( 'NONE',  ( 0.000000000000000000, 0.000000000000000000, -1.000000000000000000 ) ) ;
#646 = CARTESIAN_POINT ( 'NONE',  ( -2.574893429876739415, -1.466419563792928482, -3.178851088090958843 ) ) ;
#647 = EDGE_CURVE ( 'NONE', #183, #929, #668, .T. ) ;
#648 = VERTEX_POINT ( 'NONE', #930 ) ;
#649 = CYLINDRICAL_SURFACE ( 'NONE', #610, 7.000000000000076383 ) ;
#650 = CARTESIAN_POINT ( 'NONE',  ( 2.988245966043314716, -9.466590174858904305, -0.2870668301056306659 ) ) ;
#651 = CARTESIAN_POINT ( 'NONE',  ( -1.817134700336564546, -6.241609126785232498, -2.388795244271578966 ) ) ;
#652 = DIRECTION ( 'NONE',  ( 0.000000000000000000, 0.000000000000000000, 1.000000000000000000 ) ) ;
#653 = CARTESIAN_POINT ( 'NONE',  ( -0.3489327053995810446, -3.201219719433996413, 2.981581167960922762 ) ) ;
#654 = VERTEX_POINT ( 'NONE', #578 ) ;
#655 = VECTOR ( 'NONE', #867, 1000.000000000000000 ) ;
#656 = VECTOR ( 'NONE', #77, 1000.000000000000114 ) ;
#657 = FACE_OUTER_BOUND ( 'NONE', #206, .T. ) ;
#658 = CARTESIAN_POINT ( 'NONE',  ( 3.249508006631996349, -3.746009598873185631, -0.5252823416883118934 ) ) ;
#659 = CARTESIAN_POINT ( 'NONE',  ( -1.958915341596249027, -6.616345036790987955, -2.273977115689737705 ) ) ;
#660 = CYLINDRICAL_SURFACE ( 'NONE', #800, 7.000000000000076383 ) ;
#661 = CARTESIAN_POINT ( 'NONE',  ( -0.1344086299866656675, -3.051985028408245704, 2.998918907576828552 ) ) ;
#662 = EDGE_LOOP ( 'NONE', ( #167, #1120, #97, #1027 ) ) ;
#663 = SURFACE_STYLE_FILL_AREA ( #299 ) ;
#664 = CARTESIAN_POINT ( 'NONE',  ( 6.261712959754452079, -2.564457314648172392, -2.383796690625909154 ) ) ;
#665 = CARTESIAN_POINT ( 'NONE',  ( -2.921382349075079876, -9.276844845876864198, -0.6907841224918268574 ) ) ;
#666 = CARTESIAN_POINT ( 'NONE',  ( 5.699989952515363001, -2.379099115696516442, 2.572528440882223322 ) ) ;
#667 = EDGE_LOOP ( 'NONE', ( #63, #577, #1109, #828 ) ) ;
#668 = LINE ( 'NONE', #33, #231 ) ;
#669 = CARTESIAN_POINT ( 'NONE',  ( 3.005006433748265149, -3.504915583032855775, -0.1344169062968516293 ) ) ;
#670 = ADVANCED_FACE ( 'NONE', ( #936 ), #782, .T. ) ;
#671 = CARTESIAN_POINT ( 'NONE',  ( -3.195653808439693044, -3.692771474135300380, 0.4965514241337591894 ) ) ;
#672 = DIRECTION ( 'NONE',  ( 0.000000000000000000, 0.000000000000000000, -1.000000000000000000 ) ) ;
#673 = VERTEX_POINT ( 'NONE', #261 ) ;
#674 = ADVANCED_FACE ( 'NONE', ( #879 ), #503, .F. ) ;
#675 = AXIS2_PLACEMENT_3D ( 'NONE', #685, #1055, #246 ) ;
#676 = CARTESIAN_POINT ( 'NONE',  ( 8.877956342556263536, -3.457429162799724232, -0.5575323297260453836 ) ) ;
#677 = CARTESIAN_POINT ( 'NONE',  ( -2.667229739669321198, -8.560034939662090281, -1.376956481297012092 ) ) ;
#678 = DIRECTION ( 'NONE',  ( -0.000000000000000000, 1.000000000000000000, -0.000000000000000000 ) ) ;
#679 = CARTESIAN_POINT ( 'NONE',  ( -0.1546833724057085913, -1.121957159599321852, -3.315299704706020645 ) ) ;
#680 = ORIENTED_EDGE ( 'NONE', *, *, #112, .F. ) ;
#681 = ORIENTED_EDGE ( 'NONE', *, *, #979, .T. ) ;
#682 = CARTESIAN_POINT ( 'NONE',  ( 0.9476895496038025835, -4.158295300812082651, -2.847899947960249367 ) ) ;
#683 = CARTESIAN_POINT ( 'NONE',  ( 1.439769913874972884, -5.255369036074854172, -2.648511129885141813 ) ) ;
#684 = B_SPLINE_CURVE_WITH_KNOTS ( 'NONE', 3,
 ( #245, #599, #67, #783, #823, #281 ),
 .UNSPECIFIED., .F., .F.,
 ( 4, 2, 4 ),
 ( 0.01658420926562692577, 0.01662864713831289226, 0.01667308501099885529 ),
 .UNSPECIFIED. ) ;
#685 = CARTESIAN_POINT ( 'NONE',  ( 0.000000000000000000, -23.49999999999998579, 0.000000000000000000 ) ) ;
#686 = VECTOR ( 'NONE', #858, 1000.000000000000000 ) ;
#687 = CARTESIAN_POINT ( 'NONE',  ( -3.000000000000001776, -43.50000000000000000, 1.732050807568877859 ) ) ;
#688 = AXIS2_PLACEMENT_3D ( 'NONE', #374, #745, #549 ) ;
#689 = DIRECTION ( 'NONE',  ( 0.8660254037844384856, 0.000000000000000000, 0.5000000000000002220 ) ) ;
#690 = DIRECTION ( 'NONE',  ( 0.000000000000000000, 0.000000000000000000, 1.000000000000000000 ) ) ;
#691 = CARTESIAN_POINT ( 'NONE',  ( -2.385018040335260103, -3.139026760222030976, 2.216352507760971147 ) ) ;
#692 = CARTESIAN_POINT ( 'NONE',  ( 5.658816971418573871, -2.365931960432623438, -2.586131837739448880 ) ) ;
#693 = CARTESIAN_POINT ( 'NONE',  ( 1.407939147291388409E-16, -3.041381265149105673, -3.000000000000000444 ) ) ;
#694 = CARTESIAN_POINT ( 'NONE',  ( -2.048492091778955082, -6.854982221279298571, -2.196963506362201723 ) ) ;
#695 = CARTESIAN_POINT ( 'NONE',  ( -3.035932306893126320, -1.581943279010752157, 3.123065358447179474 ) ) ;
#696 = LINE ( 'NONE', #254, #1160 ) ;
#697 = CARTESIAN_POINT ( 'NONE',  ( 2.905534102934739682, -9.231881101731230999, 0.7585552447126765463 ) ) ;
#698 = PRODUCT_DEFINITION ( 'UNKNOWN', '', #975, #497 ) ;
#699 = DIRECTION ( 'NONE',  ( 1.000000000000000000, 0.000000000000000000, 0.000000000000000000 ) ) ;
#700 = CARTESIAN_POINT ( 'NONE',  ( -8.662775634923152168, -3.382519321930992362, 0.9070505823357228881 ) ) ;
#701 = VERTEX_POINT ( 'NONE', #1139 ) ;
#702 = CARTESIAN_POINT ( 'NONE',  ( -79.00000000000002842, 4.286263797015737088E-16, 3.500000000000000444 ) ) ;
#703 = CARTESIAN_POINT ( 'NONE',  ( 1.066137803346493884, -4.405857985734266791, 2.808035542399516693 ) ) ;
#704 = VECTOR ( 'NONE', #1088, 1000.000000000000000 ) ;
#705 = COLOUR_RGB ( '',1.000000000000000000, 1.000000000000000000, 1.000000000000000000 ) ;
#706 = CARTESIAN_POINT ( 'NONE',  ( -0.3135897571064235612, -3.176731850152548553, 2.984425379888687946 ) ) ;
#707 = CARTESIAN_POINT ( 'NONE',  ( -3.156545249234541828, -3.654125899762125318, -0.4642106200867612831 ) ) ;
#708 = ORIENTED_EDGE ( 'NONE', *, *, #94, .T. ) ;
#709 = LINE ( 'NONE', #702, #956 ) ;
#710 = DIRECTION ( 'NONE',  ( 0.000000000000000000, -0.000000000000000000, 1.000000000000000000 ) ) ;
#711 = CARTESIAN_POINT ( 'NONE',  ( 1.184123213285647624, -2.366857984235882117, 2.823513656608378497 ) ) ;
#712 = CARTESIAN_POINT ( 'NONE',  ( -2.928312369856395758, -9.296474582736543368, 0.6701893501797300257 ) ) ;
#713 = CARTESIAN_POINT ( 'NONE',  ( -3.520941145765025038, -4.060580670654731605, 0.7083953808559132481 ) ) ;
#714 = ORIENTED_EDGE ( 'NONE', *, *, #400, .F. ) ;
#715 = CARTESIAN_POINT ( 'NONE',  ( 7.000000000000076383, -28.50000000000000000, 0.000000000000000000 ) ) ;
#716 = DIRECTION ( 'NONE',  ( 0.8660254037844384856, 0.000000000000000000, -0.5000000000000002220 ) ) ;
#717 = CARTESIAN_POINT ( 'NONE',  ( 8.025651338494299125, -3.161858440784816704, 1.517895057407057990 ) ) ;
#718 = CARTESIAN_POINT ( 'NONE',  ( -2.302114829080776026, -1.402613631454504350, -3.207271014274472698 ) ) ;
#719 = EDGE_CURVE ( 'NONE', #76, #736, #799, .T. ) ;
#720 = CARTESIAN_POINT ( 'NONE',  ( -3.001030222312389473, -9.502927994247430732, -0.1557306738313875560 ) ) ;
#721 = ORIENTED_EDGE ( 'NONE', *, *, #409, .T. ) ;
#722 = FACE_OUTER_BOUND ( 'NONE', #806, .T. ) ;
#723 = CARTESIAN_POINT ( 'NONE',  ( -1.325197938979181935E-15, -28.50000000000000000, -3.464101615137755719 ) ) ;
#724 = CARTESIAN_POINT ( 'NONE',  ( 0.000000000000000000, -28.50000000000000000, 7.000000000000076383 ) ) ;
#725 = CARTESIAN_POINT ( 'NONE',  ( -4.565277682672215676, -2.019212648321575987, -2.864365911068754489 ) ) ;
#726 = CARTESIAN_POINT ( 'NONE',  ( 4.500447557155436762, -1.999633513032395449, -2.876958699897754546 ) ) ;
#727 = DIRECTION ( 'NONE',  ( 1.000000000000000000, 0.000000000000000000, 0.000000000000000000 ) ) ;
#728 = AXIS2_PLACEMENT_3D ( 'NONE', #339, #249, #170 ) ;
#729 = ORIENTED_EDGE ( 'NONE', *, *, #100, .T. ) ;
#730 = CARTESIAN_POINT ( 'NONE',  ( -7.967076379909520334, -3.141749367357723255, 1.547964025638211449 ) ) ;
#731 = DIRECTION ( 'NONE',  ( -1.000000000000000000, -0.000000000000000000, -0.000000000000000000 ) ) ;
#732 = EDGE_CURVE ( 'NONE', #701, #395, #1144, .T. ) ;
#733 = CARTESIAN_POINT ( 'NONE',  ( 3.369050370312946630, -3.935308230253117934, 1.054942424104918564 ) ) ;
#734 = CARTESIAN_POINT ( 'NONE',  ( -1.366568927343272843, -5.094714045578784045, -2.676714260619486918 ) ) ;
#735 = CARTESIAN_POINT ( 'NONE',  ( 8.787538207628310616, -3.425928055000577288, -0.7220645630936027848 ) ) ;
#736 = VERTEX_POINT ( 'NONE', #596 ) ;
#737 = CYLINDRICAL_SURFACE ( 'NONE', #1111, 3.500000000000000444 ) ;
#738 = CARTESIAN_POINT ( 'NONE',  ( 1.834674302316450012, -6.284300694099292706, 2.380279373449305069 ) ) ;
#739 = DIRECTION ( 'NONE',  ( 0.4999999999999999445, 0.000000000000000000, -0.8660254037844387076 ) ) ;
#740 = DIRECTION ( 'NONE',  ( -1.000000000000000000, 0.000000000000000000, 0.000000000000000000 ) ) ;
#741 = ORIENTED_EDGE ( 'NONE', *, *, #767, .T. ) ;
#742 = CARTESIAN_POINT ( 'NONE',  ( 2.964108107093955446, -9.398032576534934179, 0.4750553311757829134 ) ) ;
#743 = CARTESIAN_POINT ( 'NONE',  ( -2.549539257012750415, -3.266335206295826854, -2.082570523430422593 ) ) ;
#744 = CARTESIAN_POINT ( 'NONE',  ( 5.309458537409266654, -2.252945506192405301, -2.683218607099894903 ) ) ;
#745 = DIRECTION ( 'NONE',  ( -1.000000000000000000, 0.000000000000000000, -2.503857664561930404E-16 ) ) ;
#746 = CONICAL_SURFACE ( 'NONE', #353, 2.500000000000015543, 0.7853981633974541632 ) ;
#747 = ORIENTED_EDGE ( 'NONE', *, *, #145, .T. ) ;
#748 = CIRCLE ( 'NONE', #398, 3.500000000000000444 ) ;
#749 = DIRECTION ( 'NONE',  ( -0.000000000000000000, 1.000000000000000000, -0.000000000000000000 ) ) ;
#750 = CARTESIAN_POINT ( 'NONE',  ( 8.892324320720296882, -3.462433054722271919, 0.5250611555082940196 ) ) ;
#751 = CARTESIAN_POINT ( 'NONE',  ( -3.097686886901456660, -3.596103663679643958, 0.3910668171263426696 ) ) ;
#752 = CARTESIAN_POINT ( 'NONE',  ( 0.000000000000000000, 0.000000000000000000, 0.000000000000000000 ) ) ;
#753 = VERTEX_POINT ( 'NONE', #958 ) ;
#754 = EDGE_CURVE ( 'NONE', #395, #225, #153, .T. ) ;
#755 = DIRECTION ( 'NONE',  ( 0.000000000000000000, 0.000000000000000000, -1.000000000000000000 ) ) ;
#756 = CARTESIAN_POINT ( 'NONE',  ( 2.995237034454679925, -3.495317190640812477, -0.03515113081863503741 ) ) ;
#757 = CARTESIAN_POINT ( 'NONE',  ( -3.253183192623464670, -3.749646422512336486, 0.5268852732793104510 ) ) ;
#758 = EDGE_CURVE ( 'NONE', #736, #673, #684, .T. ) ;
#759 = ORIENTED_EDGE ( 'NONE', *, *, #962, .T. ) ;
#760 = CARTESIAN_POINT ( 'NONE',  ( 2.797648602024152886, -8.926911767958307209, 1.088058022078455256 ) ) ;
#761 = PRODUCT_DEFINITION_SHAPE ( 'NONE', 'NONE',  #698 ) ;
#762 = CARTESIAN_POINT ( 'NONE',  ( -3.626463379744999660, -4.143983430521048561, -0.2714192014454666069 ) ) ;
#763 = CARTESIAN_POINT ( 'NONE',  ( 9.464677422560070840E-16, -43.50000000000000000, 3.464101615137756607 ) ) ;
#764 = AXIS2_PLACEMENT_3D ( 'NONE', #514, #637, #910 ) ;
#765 = CONICAL_SURFACE ( 'NONE', #415, 7.000000000000076383, 0.7853981633974561616 ) ;
#766 = CARTESIAN_POINT ( 'NONE',  ( 2.338350965124811776, -7.645677981074718410, -1.881851290026186563 ) ) ;
#767 = EDGE_CURVE ( 'NONE', #929, #753, #544, .T. ) ;
#768 = CYLINDRICAL_SURFACE ( 'NONE', #88, 3.000000000000000444 ) ;
#769 = VERTEX_POINT ( 'NONE', #724 ) ;
#770 = ORIENTED_EDGE ( 'NONE', *, *, #78, .T. ) ;
#771 = CARTESIAN_POINT ( 'NONE',  ( 0.6762506642171725035, -3.647194942535248785, -2.924457750906959586 ) ) ;
#772 = CARTESIAN_POINT ( 'NONE',  ( 0.3740771704783190099, -3.236574179428127973, 2.977287406696377481 ) ) ;
#773 = FACE_OUTER_BOUND ( 'NONE', #812, .T. ) ;
#774 = DIRECTION ( 'NONE',  ( -0.08657072274214018537, -0.9962457076263383504, 0.000000000000000000 ) ) ;
#775 = CARTESIAN_POINT ( 'NONE',  ( -2.326963752213098591, -1.406085203547730700, -3.207246871506717500 ) ) ;
#776 = CARTESIAN_POINT ( 'NONE',  ( -3.000000000000001776, -28.50000000000000000, 1.732050807568877859 ) ) ;
#777 = DIRECTION ( 'NONE',  ( -0.000000000000000000, 1.000000000000000000, -0.000000000000000000 ) ) ;
#778 = CARTESIAN_POINT ( 'NONE',  ( 0.000000000000000000, -27.50000000000000000, 0.000000000000000000 ) ) ;
#779 = CARTESIAN_POINT ( 'NONE',  ( -8.817461689645236689, -3.436343254774581801, 0.6750724090920234843 ) ) ;
#780 = VECTOR ( 'NONE', #420, 1000.000000000000000 ) ;
#781 = LINE ( 'NONE', #592, #942 ) ;
#782 = CONICAL_SURFACE ( 'NONE', #728, 2.500000000000015543, 0.7853981633974541632 ) ;
#783 = CARTESIAN_POINT ( 'NONE',  ( 0.02989847888166165604, -3.042379619507254329, 2.999887600206252003 ) ) ;
#784 = CARTESIAN_POINT ( 'NONE',  ( 0.000000000000000000, -23.49999999999998579, 0.000000000000000000 ) ) ;
#785 = DIRECTION ( 'NONE',  ( -1.000000000000000000, -0.000000000000000000, -0.000000000000000000 ) ) ;
#786 = CARTESIAN_POINT ( 'NONE',  ( -2.272761791281570076, -7.464621152158557038, 1.967546047022688427 ) ) ;
#787 = ADVANCED_FACE ( 'NONE', ( #801 ), #765, .T. ) ;
#788 = CARTESIAN_POINT ( 'NONE',  ( 3.102411375308714359, -3.712546694140593573, -1.487907219796252623 ) ) ;
#789 = CARTESIAN_POINT ( 'NONE',  ( 2.923783301131106516, -9.283633653784887585, -0.6893914976254047478 ) ) ;
#790 = CARTESIAN_POINT ( 'NONE',  ( -0.04307914838907019733, -3.044019791751207293, -2.999702677290682296 ) ) ;
#791 = CARTESIAN_POINT ( 'NONE',  ( -3.593975811234906725, -4.094528537573443927, -0.2416593442942518433 ) ) ;
#792 = VERTEX_POINT ( 'NONE', #891 ) ;
#793 = DIRECTION ( 'NONE',  ( -1.000000000000000000, 0.000000000000000000, 0.000000000000000000 ) ) ;
#794 = CARTESIAN_POINT ( 'NONE',  ( 2.988796996691546415, -9.468136546402764253, 0.3036891926600692182 ) ) ;
#795 = CARTESIAN_POINT ( 'NONE',  ( -0.05156112414094100177, -3.045312290341352313, -2.999556875686361757 ) ) ;
#796 = CARTESIAN_POINT ( 'NONE',  ( -2.446579504596468890, -7.944630250482042300, 1.738798329149906952 ) ) ;
#797 = ORIENTED_EDGE ( 'NONE', *, *, #758, .F. ) ;
#798 = FACE_BOUND ( 'NONE', #1096, .T. ) ;
#799 = B_SPLINE_CURVE_WITH_KNOTS ( 'NONE', 3,
 ( #693, #513, #525, #73, #1053, #1059, #604, #886, #1046, #683, #952, #518, #1154, #427, #434, #969, #79, #162, #789, #961, #344, #441, #794, #1149, #697, #1063, #862, #147, #255, #508, #58, #1134, #349, #703, #866, #1070, #419, #157, #772, #329, #62, #870 ),
 .UNSPECIFIED., .F., .F.,
 ( 4, 2, 2, 2, 2, 2, 2, 2, 2, 2, 2, 2, 2, 2, 2, 2, 2, 2, 2, 2, 4 ),
 ( 2.179226396981700562E-19, 0.0002591282697754209862, 0.0005182565395508417555, 0.001036513079101683728, 0.002073026158203367022, 0.004146052316406732309, 0.005182565395508415169, 0.006219078474610098897, 0.007255591553711781758, 0.007773848093262623188, 0.008292104632813464618, 0.008810361172364306048, 0.009328617711915147478, 0.01036513079101683034, 0.01140164387011851320, 0.01243815694922019779, 0.01451118310742356178, 0.01554769618652524464, 0.01606595272607608607, 0.01632508099585150765, 0.01658420926562692577 ),
 .UNSPECIFIED. ) ;
#800 = AXIS2_PLACEMENT_3D ( 'NONE', #752, #205, #939 ) ;
#801 = FACE_OUTER_BOUND ( 'NONE', #10, .T. ) ;
#802 = CIRCLE ( 'NONE', #430, 2.500000000000015543 ) ;
#803 = VECTOR ( 'NONE', #1009, 1000.000000000000000 ) ;
#804 = DIRECTION ( 'NONE',  ( 0.000000000000000000, 0.000000000000000000, 1.000000000000000000 ) ) ;
#805 = CARTESIAN_POINT ( 'NONE',  ( -3.626642967824237118, -4.132973838401157174, -0.04070195797886042716 ) ) ;
#806 = EDGE_LOOP ( 'NONE', ( #1123, #277 ) ) ;
#807 = CARTESIAN_POINT ( 'NONE',  ( 80.00000000000000000, 0.000000000000000000, 0.000000000000000000 ) ) ;
#808 = DIRECTION ( 'NONE',  ( 0.000000000000000000, 0.000000000000000000, -1.000000000000000000 ) ) ;
#809 = CARTESIAN_POINT ( 'NONE',  ( 2.578123828278022334, -8.309923582033754030, 1.546162908564412852 ) ) ;
#810 = CARTESIAN_POINT ( 'NONE',  ( -6.083522028080243338, -2.505581635890220760, -2.445705707110003235 ) ) ;
#811 = CARTESIAN_POINT ( 'NONE',  ( -2.030478866392605219, -6.806556320561599094, 2.213538734338714509 ) ) ;
#812 = EDGE_LOOP ( 'NONE', ( #597, #839, #747, #264, #1008 ) ) ;
#813 = CARTESIAN_POINT ( 'NONE',  ( -7.759515645871441158, -3.070418265015687709, -1.684494407744938416 ) ) ;
#814 = DIRECTION ( 'NONE',  ( 0.000000000000000000, 0.000000000000000000, 1.000000000000000000 ) ) ;
#815 = CARTESIAN_POINT ( 'NONE',  ( 0.7934094000955705939, -3.855096793711625835, 2.894791564159605368 ) ) ;
#816 = CARTESIAN_POINT ( 'NONE',  ( -0.4900540522997880455, -1.128233139904897264, -3.313175799881784567 ) ) ;
#817 = CARTESIAN_POINT ( 'NONE',  ( 1.137553701857326960, -1.152688749108328414, 3.304871899899303855 ) ) ;
#818 = DIRECTION ( 'NONE',  ( 0.000000000000000000, 0.000000000000000000, 1.000000000000000000 ) ) ;
#819 = ORIENTED_EDGE ( 'NONE', *, *, #967, .T. ) ;
#820 = ADVANCED_FACE ( 'NONE', ( #1082 ), #226, .F. ) ;
#821 = CARTESIAN_POINT ( 'NONE',  ( -5.267774863537863617, -2.239576752431532647, 2.694422849200327263 ) ) ;
#822 = FACE_OUTER_BOUND ( 'NONE', #1000, .T. ) ;
#823 = CARTESIAN_POINT ( 'NONE',  ( 0.01484828127426596200, -3.041381265149210034, 3.000000000000002665 ) ) ;
#824 = CARTESIAN_POINT ( 'NONE',  ( -3.358583683281868737, -1.668289011374152864, -3.077862169819877369 ) ) ;
#825 = CIRCLE ( 'NONE', #229, 7.000000000000076383 ) ;
#826 = CARTESIAN_POINT ( 'NONE',  ( 1.997122963472140134, -1.321335438113248051, 3.249441913477672195 ) ) ;
#827 = AXIS2_PLACEMENT_3D ( 'NONE', #609, #976, #689 ) ;
#828 = ORIENTED_EDGE ( 'NONE', *, *, #1064, .F. ) ;
#829 = DIRECTION ( 'NONE',  ( -0.000000000000000000, 1.000000000000000000, -0.000000000000000000 ) ) ;
#830 = CARTESIAN_POINT ( 'NONE',  ( 2.358452915353956403, -7.700326556921377907, 1.864146469517274030 ) ) ;
#831 = CARTESIAN_POINT ( 'NONE',  ( -0.3223136595496668422, -2.068399162085783338, -2.993032086870828223 ) ) ;
#832 = CARTESIAN_POINT ( 'NONE',  ( 3.668244750229872064, -1.753223509778342626, 3.032632628964983201 ) ) ;
#833 = EDGE_LOOP ( 'NONE', ( #915, #178, #883, #26, #384, #680 ) ) ;
#834 = DIRECTION ( 'NONE',  ( 0.000000000000000000, 0.000000000000000000, 1.000000000000000000 ) ) ;
#835 = CARTESIAN_POINT ( 'NONE',  ( 8.688516711577753071, -3.391462375098293958, 0.8725462626606059757 ) ) ;
#836 = CARTESIAN_POINT ( 'NONE',  ( 2.999999999999999112, -43.50000000000000000, -1.732050807568876971 ) ) ;
#837 = CARTESIAN_POINT ( 'NONE',  ( 8.841638844346181969, -3.444773846685617258, -0.6274377724494253350 ) ) ;
#838 = CARTESIAN_POINT ( 'NONE',  ( 0.1744317893974195177, -2.062371542752629239, 2.996160255006033779 ) ) ;
#839 = ORIENTED_EDGE ( 'NONE', *, *, #166, .T. ) ;
#840 = CARTESIAN_POINT ( 'NONE',  ( 3.481071231068646465, -3.977354891878828624, 0.4608803373478648768 ) ) ;
#841 = CARTESIAN_POINT ( 'NONE',  ( -2.963482460379652572, -9.396256247140009066, -0.4789877246823717183 ) ) ;
#842 = CARTESIAN_POINT ( 'NONE',  ( 8.138586183651955963, -3.200889744014361771, -1.423648498986188615 ) ) ;
#843 = EDGE_CURVE ( 'NONE', #1116, #65, #433, .T. ) ;
#844 = AXIS2_PLACEMENT_3D ( 'NONE', #463, #617, #983 ) ;
#845 = ORIENTED_EDGE ( 'NONE', *, *, #522, .T. ) ;
#846 = AXIS2_PLACEMENT_3D ( 'NONE', #179, #793, #260 ) ;
#847 = B_SPLINE_CURVE_WITH_KNOTS ( 'NONE', 3,
 ( #679, #152, #865, #421, #775, #331, #286, #90, #193, #83, #20, #813, #992, #981, #369, #279, #643, #356, #271, #98, #614, #186, #174, #626, #1069, #529, #730, #4, #909, #466, #106, #12, #821, #1001, #917, #1087, #113, #542, #1098, #636, #903, #890 ),
 .UNSPECIFIED., .F., .F.,
 ( 4, 2, 2, 2, 2, 2, 2, 2, 2, 2, 2, 2, 2, 2, 2, 2, 2, 2, 2, 2, 4 ),
 ( 0.0001546909275475231342, 0.001475540939625503284, 0.002796390951703483108, 0.005438090975859443191, 0.006758940987937421714, 0.008079791000015401972, 0.008740216006054391668, 0.009400641012093383098, 0.01006106601813237279, 0.01039127852115186851, 0.01072149102417136249, 0.01138191603021035392, 0.01204234103624934014, 0.01270276604228832810, 0.01336319104832731433, 0.01468404106040529025, 0.01600489107248326617, 0.01732574108456123863, 0.01864659109663921108, 0.01996744110871718700, 0.02128829112079516292 ),
 .UNSPECIFIED. ) ;
#848 = CARTESIAN_POINT ( 'NONE',  ( 0.000000000000000000, 0.000000000000000000, 0.000000000000000000 ) ) ;
#849 = CARTESIAN_POINT ( 'NONE',  ( 2.152133938403069990, -7.136455104319631815, -2.092120163746571837 ) ) ;
#850 = EDGE_CURVE ( 'NONE', #792, #701, #781, .T. ) ;
#851 = CARTESIAN_POINT ( 'NONE',  ( -8.764147047296676263, -3.417784943179036361, -0.7634982406467940574 ) ) ;
#852 = ORIENTED_EDGE ( 'NONE', *, *, #850, .F. ) ;
#853 = CARTESIAN_POINT ( 'NONE',  ( 3.096105462691203680, -3.594546171907506693, -0.3885448807009794225 ) ) ;
#854 = CARTESIAN_POINT ( 'NONE',  ( -8.491932355134682808, -3.323188454447631557, -1.104596611368439563 ) ) ;
#855 = ORIENTED_EDGE ( 'NONE', *, *, #522, .F. ) ;
#856 = EDGE_CURVE ( 'NONE', #258, #192, #696, .T. ) ;
#857 = CARTESIAN_POINT ( 'NONE',  ( 2.979612607883960429, -9.442072892831566477, 0.3657867303631089917 ) ) ;
#858 = DIRECTION ( 'NONE',  ( -0.000000000000000000, -1.000000000000000000, -0.000000000000000000 ) ) ;
#859 = AXIS2_PLACEMENT_3D ( 'NONE', #187, #543, #904 ) ;
#860 = AXIS2_PLACEMENT_3D ( 'NONE', #215, #313, #404 ) ;
#861 = CARTESIAN_POINT ( 'NONE',  ( 2.087237653308886109, -6.960669853735966583, -2.156768434337579698 ) ) ;
#862 = CARTESIAN_POINT ( 'NONE',  ( 2.692234678528111047, -8.629672305651695297, 1.338372194940556037 ) ) ;
#863 = CARTESIAN_POINT ( 'NONE',  ( -1.325197938979181935E-15, -52.66515138991167788, -3.464101615137755719 ) ) ;
#864 = DIRECTION ( 'NONE',  ( -0.9958160489421423733, 0.08653338670893218065, 0.02936613106868649070 ) ) ;
#865 = CARTESIAN_POINT ( 'NONE',  ( -1.033160688130416061, -1.174633715907003273, -3.297837515000040298 ) ) ;
#866 = CARTESIAN_POINT ( 'NONE',  ( 0.9245114151541142800, -4.097017062123670783, 2.859085298351969673 ) ) ;
#867 = DIRECTION ( 'NONE',  ( -1.000000000000000000, -0.000000000000000000, -0.000000000000000000 ) ) ;
#868 = CARTESIAN_POINT ( 'NONE',  ( -3.597123529280621401, -4.122256418508002618, 0.4346602554641972316 ) ) ;
#869 = CARTESIAN_POINT ( 'NONE',  ( 5.232212267363577141, -2.227856396640554681, -2.705091285904942744 ) ) ;
#870 = CARTESIAN_POINT ( 'NONE',  ( 0.08843009881243753256, -3.052929567052568238, 2.998696403043166647 ) ) ;
#871 = DIRECTION ( 'NONE',  ( 0.8660254037844384856, 0.000000000000000000, 0.5000000000000002220 ) ) ;
#872 = FACE_BOUND ( 'NONE', #625, .T. ) ;
#873 = CARTESIAN_POINT ( 'NONE',  ( -7.339738513460575042, -2.926969039805005224, 1.921829732234143773 ) ) ;
#874 = EDGE_CURVE ( 'NONE', #792, #934, #884, .T. ) ;
#875 = CIRCLE ( 'NONE', #1090, 2.500000000000057288 ) ;
#876 = ADVANCED_BREP_SHAPE_REPRESENTATION ( '7mm_pen_rod', ( #615, #519 ), #168 ) ;
#877 = CARTESIAN_POINT ( 'NONE',  ( -0.05156112413523779303, -3.045312290341081862, -2.999556875686478552 ) ) ;
#878 = AXIS2_PLACEMENT_3D ( 'NONE', #807, #362, #1080 ) ;
#879 = FACE_OUTER_BOUND ( 'NONE', #1152, .T. ) ;
#880 = EDGE_CURVE ( 'NONE', #82, #408, #1130, .T. ) ;
#881 = CARTESIAN_POINT ( 'NONE',  ( -1.033107095839248979, -4.334028759292304578, 2.820403832317152304 ) ) ;
#882 = CARTESIAN_POINT ( 'NONE',  ( -2.772344429845967628, -1.514194003140515221, 3.156280699129939915 ) ) ;
#883 = ORIENTED_EDGE ( 'NONE', *, *, #874, .F. ) ;
#884 = LINE ( 'NONE', #512, #656 ) ;
#885 = PRODUCT ( '7mm_pen_rod', '7mm_pen_rod', '', ( #914 ) ) ;
#886 = CARTESIAN_POINT ( 'NONE',  ( 0.8883284316474560072, -4.022233681876002720, -2.870824000417346422 ) ) ;
#887 = CARTESIAN_POINT ( 'NONE',  ( -0.1363086296907187467, -3.058226266360758672, -2.998100101624276093 ) ) ;
#888 = CARTESIAN_POINT ( 'NONE',  ( -7.505180712490603590, -2.983401131606171042, 1.833275618018368025 ) ) ;
#889 = VERTEX_POINT ( 'NONE', #324 ) ;
#890 = CARTESIAN_POINT ( 'NONE',  ( 0.2652902964373015093, -1.124763524703578987, 3.314348655995078996 ) ) ;
#891 = CARTESIAN_POINT ( 'NONE',  ( 9.464677422560070840E-16, -43.50000000000000000, 3.464101615137756607 ) ) ;
#892 = CARTESIAN_POINT ( 'NONE',  ( -0.1707621435911004237, -3.077176597641008815, 2.995992936273711660 ) ) ;
#893 = CARTESIAN_POINT ( 'NONE',  ( -3.433457285204172482, -3.929349644127903218, -0.5017754865152009858 ) ) ;
#894 = ORIENTED_EDGE ( 'NONE', *, *, #548, .F. ) ;
#895 = DIRECTION ( 'NONE',  ( 1.000000000000000000, -0.000000000000000000, -0.000000000000000000 ) ) ;
#896 = CARTESIAN_POINT ( 'NONE',  ( 3.673940397442059868E-16, 3.501999999999998003, 3.000000000000000444 ) ) ;
#897 = VECTOR ( 'NONE', #777, 1000.000000000000000 ) ;
#898 = CARTESIAN_POINT ( 'NONE',  ( 2.015357053479478466, -2.874650973668119391, 2.451644512639098661 ) ) ;
#899 = STYLED_ITEM ( 'NONE', ( #130 ), #615 ) ;
#900 = DIRECTION ( 'NONE',  ( 0.000000000000000000, 0.000000000000000000, 1.000000000000000000 ) ) ;
#901 = CARTESIAN_POINT ( 'NONE',  ( 79.00000000000002842, 0.000000000000000000, 0.000000000000000000 ) ) ;
#902 = ORIENTED_EDGE ( 'NONE', *, *, #350, .T. ) ;
#903 = CARTESIAN_POINT ( 'NONE',  ( -0.1751866008606767500, -1.110661802534212761, 3.319134242660298995 ) ) ;
#904 = DIRECTION ( 'NONE',  ( 0.000000000000000000, 0.000000000000000000, -1.000000000000000000 ) ) ;
#905 = DIRECTION ( 'NONE',  ( 0.000000000000000000, -1.000000000000000000, 0.000000000000000000 ) ) ;
#906 = CARTESIAN_POINT ( 'NONE',  ( -0.8582978100268903177, -3.980281673431973921, -2.876103365811814250 ) ) ;
#907 = CARTESIAN_POINT ( 'NONE',  ( -0.6570165313244045180, -3.618534441874091900, -2.928449426877696382 ) ) ;
#908 = VERTEX_POINT ( 'NONE', #595 ) ;
#909 = CARTESIAN_POINT ( 'NONE',  ( -7.424220961682554076, -2.955732490459722417, 1.877893734526734359 ) ) ;
#910 = DIRECTION ( 'NONE',  ( 0.000000000000000000, 0.000000000000000000, -1.000000000000000000 ) ) ;
#911 = CARTESIAN_POINT ( 'NONE',  ( 0.08843009881189992094, -3.052929567052433235, 2.998696403043183523 ) ) ;
#912 = FACE_OUTER_BOUND ( 'NONE', #200, .T. ) ;
#913 = CARTESIAN_POINT ( 'NONE',  ( 1.579181798522328428, -1.253775990981861543, -3.268273170323504839 ) ) ;
#914 = PRODUCT_CONTEXT ( 'NONE', #1047, 'mechanical' ) ;
#915 = ORIENTED_EDGE ( 'NONE', *, *, #222, .F. ) ;
#916 = EDGE_CURVE ( 'NONE', #471, #292, #847, .T. ) ;
#917 = CARTESIAN_POINT ( 'NONE',  ( -4.037308680804327032, -1.859616788493468009, 2.968214171041354987 ) ) ;
#918 = LINE ( 'NONE', #1075, #583 ) ;
#919 = CARTESIAN_POINT ( 'NONE',  ( 1.973548209271059228, -6.653950951573633255, 2.266879255039727425 ) ) ;
#920 = CARTESIAN_POINT ( 'NONE',  ( -79.00000000000002842, 0.000000000000000000, 0.000000000000000000 ) ) ;
#921 = AXIS2_PLACEMENT_3D ( 'NONE', #535, #453, #808 ) ;
#922 = CARTESIAN_POINT ( 'NONE',  ( -80.00000000000000000, 0.000000000000000000, 0.000000000000000000 ) ) ;
#923 = ORIENTED_EDGE ( 'NONE', *, *, #184, .T. ) ;
#924 = PLANE ( 'NONE',  #860 ) ;
#925 = CARTESIAN_POINT ( 'NONE',  ( 2.939174650710931314, -9.327277389823787956, -0.6104183507797724673 ) ) ;
#926 = CARTESIAN_POINT ( 'NONE',  ( -1.440220154246202311, -1.235043400578007544, -3.275132452382305992 ) ) ;
#927 = CARTESIAN_POINT ( 'NONE',  ( 6.095358882888777252, -2.508951538179032159, 2.448252633218973795 ) ) ;
#928 = CARTESIAN_POINT ( 'NONE',  ( -0.6490915391141357516, -3.601935314599233440, 2.930664264337371261 ) ) ;
#929 = VERTEX_POINT ( 'NONE', #459 ) ;
#930 = CARTESIAN_POINT ( 'NONE',  ( 2.999999999999999112, -43.50000000000000000, -1.732050807568876971 ) ) ;
#931 = CARTESIAN_POINT ( 'NONE',  ( 8.239152256584093337, -3.235640768749762142, -1.338965865554521795 ) ) ;
#932 = CARTESIAN_POINT ( 'NONE',  ( -8.683144846206962697, -3.389593533156549210, -0.8799834416646595825 ) ) ;
#933 = CARTESIAN_POINT ( 'NONE',  ( 3.265797295054411187, -1.641286747694120196, -3.094274012697014964 ) ) ;
#934 = VERTEX_POINT ( 'NONE', #377 ) ;
#935 = EDGE_CURVE ( 'NONE', #908, #238, #201, .T. ) ;
#936 = FACE_OUTER_BOUND ( 'NONE', #991, .T. ) ;
#937 = CARTESIAN_POINT ( 'NONE',  ( 8.767141188819556064, -3.418827254303848928, 0.7587832896725597021 ) ) ;
#938 = CARTESIAN_POINT ( 'NONE',  ( -3.555377564077398578, -4.053562505980184305, 0.3477455248238014995 ) ) ;
#939 = DIRECTION ( 'NONE',  ( 0.000000000000000000, 0.000000000000000000, 1.000000000000000000 ) ) ;
#940 = AXIS2_PLACEMENT_3D ( 'NONE', #140, #496, #1054 ) ;
#941 = ORIENTED_EDGE ( 'NONE', *, *, #100, .F. ) ;
#942 = VECTOR ( 'NONE', #343, 1000.000000000000000 ) ;
#943 = CARTESIAN_POINT ( 'NONE',  ( 7.015052895527909449, -2.816828729775274542, -2.079940899479824967 ) ) ;
#944 = CARTESIAN_POINT ( 'NONE',  ( -3.421486412446704595, -3.917271529212876580, 0.5097140939965486561 ) ) ;
#945 = DIRECTION ( 'NONE',  ( -0.000000000000000000, -1.000000000000000000, -0.000000000000000000 ) ) ;
#946 = EDGE_CURVE ( 'NONE', #753, #214, #748, .T. ) ;
#947 = EDGE_LOOP ( 'NONE', ( #770, #232, #523, #515 ) ) ;
#948 = CARTESIAN_POINT ( 'NONE',  ( 7.844014179958071153, -3.099338634761500622, -1.641006740125577013 ) ) ;
#949 = CARTESIAN_POINT ( 'NONE',  ( -2.794053462642499319, -8.916771800435045137, -1.097198162615858008 ) ) ;
#950 = CARTESIAN_POINT ( 'NONE',  ( -3.000000000000000888, -43.50000000000000000, -1.732050807568877859 ) ) ;
#951 = CARTESIAN_POINT ( 'NONE',  ( 1.283401090417074064, -4.895003796848966360, -2.717561694724235366 ) ) ;
#952 = CARTESIAN_POINT ( 'NONE',  ( 1.682032231810638212, -5.882791879988156225, -2.502251089159912567 ) ) ;
#953 = DIRECTION ( 'NONE',  ( -0.000000000000000000, 1.000000000000000000, -0.000000000000000000 ) ) ;
#954 = VECTOR ( 'NONE', #1099, 1000.000000000000227 ) ;
#955 = VECTOR ( 'NONE', #986, 1000.000000000000000 ) ;
#956 = VECTOR ( 'NONE', #1074, 1000.000000000000114 ) ;
#957 = CARTESIAN_POINT ( 'NONE',  ( 3.100037153869973139, -1.598793694297313328, -3.114462452338750520 ) ) ;
#958 = CARTESIAN_POINT ( 'NONE',  ( -79.00000000000002842, 4.286263797015737088E-16, -3.500000000000000444 ) ) ;
#959 = CARTESIAN_POINT ( 'NONE',  ( 0.000000000000000000, -28.50000000000000000, 0.000000000000000000 ) ) ;
#960 = CARTESIAN_POINT ( 'NONE',  ( -0.1017210934105220732, -2.057501485693030929, -2.998694646860824431 ) ) ;
#961 = CARTESIAN_POINT ( 'NONE',  ( 2.979050843187355468, -9.440443317269956225, -0.3860382140099771209 ) ) ;
#962 = EDGE_CURVE ( 'NONE', #654, #929, #540, .T. ) ;
#963 = CARTESIAN_POINT ( 'NONE',  ( 80.00000000000000000, 0.000000000000000000, 2.500000000000015543 ) ) ;
#964 = VERTEX_POINT ( 'NONE', #534 ) ;
#965 = CARTESIAN_POINT ( 'NONE',  ( -6.437165730727061330, -2.622077947086575378, 2.326316888669757166 ) ) ;
#966 = ADVANCED_FACE ( 'NONE', ( #722, #798 ), #1158, .F. ) ;
#967 = EDGE_CURVE ( 'NONE', #889, #214, #709, .T. ) ;
#968 = CARTESIAN_POINT ( 'NONE',  ( 1.318222364618081066, -2.435590154326007450, -2.779150421101598933 ) ) ;
#969 = CARTESIAN_POINT ( 'NONE',  ( 2.670664403747127658, -8.569109105103748902, -1.380565213021945237 ) ) ;
#970 = CARTESIAN_POINT ( 'NONE',  ( -0.5428956586243414151, -3.436011242508945962, 2.952656156912802032 ) ) ;
#971 = CARTESIAN_POINT ( 'NONE',  ( -3.798493498197696105, -1.788245665163236575, 3.012723771869112444 ) ) ;
#972 = EDGE_LOOP ( 'NONE', ( #354, #1014, #1140, #572, #129 ) ) ;
#973 = AXIS2_PLACEMENT_3D ( 'NONE', #778, #953, #690 ) ;
#974 = CARTESIAN_POINT ( 'NONE',  ( 0.7502457263393846887, -2.178156301005620854, -2.934073892208015177 ) ) ;
#975 = PRODUCT_DEFINITION_FORMATION_WITH_SPECIFIED_SOURCE ( 'ANY', '', #885, .NOT_KNOWN. ) ;
#976 = DIRECTION ( 'NONE',  ( -0.5000000000000003331, 0.000000000000000000, 0.8660254037844385966 ) ) ;
#977 = CARTESIAN_POINT ( 'NONE',  ( 80.00000000000000000, 3.673940397442069729E-16, -2.500000000000015543 ) ) ;
#978 = CARTESIAN_POINT ( 'NONE',  ( -8.990278760802075553, -3.496607068008417585, 0.1972306235107334493 ) ) ;
#979 = EDGE_CURVE ( 'NONE', #648, #908, #452, .T. ) ;
#980 = ORIENTED_EDGE ( 'NONE', *, *, #628, .T. ) ;
#981 = CARTESIAN_POINT ( 'NONE',  ( -8.273127808312677800, -3.247358917938389489, -1.313152411774917816 ) ) ;
#982 = CARTESIAN_POINT ( 'NONE',  ( 1.539968670166750986, -5.526454435255146791, 2.580747214694500080 ) ) ;
#983 = DIRECTION ( 'NONE',  ( 0.000000000000000000, 0.000000000000000000, -1.000000000000000000 ) ) ;
#984 = CARTESIAN_POINT ( 'NONE',  ( -3.324628296306348485, -3.820546398012019562, -0.5387019812621862691 ) ) ;
#985 = ORIENTED_EDGE ( 'NONE', *, *, #1064, .T. ) ;
#986 = DIRECTION ( 'NONE',  ( -0.000000000000000000, 1.000000000000000000, -0.000000000000000000 ) ) ;
#987 = PLANE ( 'NONE',  #631 ) ;
#988 = CARTESIAN_POINT ( 'NONE',  ( 1.383853172025972356, -5.136894007363957293, 2.667741360428208974 ) ) ;
#989 = DIRECTION ( 'NONE',  ( -0.000000000000000000, 1.000000000000000000, -0.000000000000000000 ) ) ;
#990 = CARTESIAN_POINT ( 'NONE',  ( -3.483591107967983103, -3.979903414748926060, -0.4584151100220389408 ) ) ;
#991 = EDGE_LOOP ( 'NONE', ( #361, #48, #980, #493 ) ) ;
#992 = CARTESIAN_POINT ( 'NONE',  ( -7.937972493703117749, -3.131751049830086675, -1.569026628312093496 ) ) ;
#993 = CARTESIAN_POINT ( 'NONE',  ( -0.1546833724057085913, -1.121957159599321852, -3.315299704706020645 ) ) ;
#994 = CIRCLE ( 'NONE', #318, 6.000000000000000000 ) ;
#995 = CARTESIAN_POINT ( 'NONE',  ( 1.817055700283638053, -1.302459688992664066, 3.249259780588618085 ) ) ;
#996 = AXIS2_PLACEMENT_3D ( 'NONE', #901, #1020, #104 ) ;
#997 = CARTESIAN_POINT ( 'NONE',  ( -1.325197938979181935E-15, -28.50000000000000000, -3.464101615137755719 ) ) ;
#998 = CARTESIAN_POINT ( 'NONE',  ( -2.891971128586683371, -9.193466867004557841, 0.8082962543553008361 ) ) ;
#999 = CARTESIAN_POINT ( 'NONE',  ( -1.266683675738778048, -2.407746789251479669, 2.797136859954545418 ) ) ;
#1000 = EDGE_LOOP ( 'NONE', ( #149, #819, #634, #477 ) ) ;
#1001 = CARTESIAN_POINT ( 'NONE',  ( -4.450366150678077837, -1.984306985710867499, 2.887584510760443202 ) ) ;
#1002 = LINE ( 'NONE', #27, #537 ) ;
#1003 = CARTESIAN_POINT ( 'NONE',  ( 0.9971853438664074476, -2.276547027485218422, 2.877724532341239705 ) ) ;
#1004 = DIRECTION ( 'NONE',  ( 0.8660254037844384856, 0.000000000000000000, -0.5000000000000001110 ) ) ;
#1005 = EDGE_CURVE ( 'NONE', #183, #330, #450, .T. ) ;
#1006 = LINE ( 'NONE', #476, #1127 ) ;
#1007 = CARTESIAN_POINT ( 'NONE',  ( -1.443927975096189309, -2.507606238003142529, 2.731754511818293096 ) ) ;
#1008 = ORIENTED_EDGE ( 'NONE', *, *, #548, .T. ) ;
#1009 = DIRECTION ( 'NONE',  ( -2.503857664561930404E-16, 0.000000000000000000, 1.000000000000000000 ) ) ;
#1010 = CARTESIAN_POINT ( 'NONE',  ( 0.000000000000000000, -43.50000000000000000, 0.000000000000000000 ) ) ;
#1011 = CARTESIAN_POINT ( 'NONE',  ( 1.139151424745037833, -4.572149619383491626, 2.776744032759912884 ) ) ;
#1012 = CARTESIAN_POINT ( 'NONE',  ( -1.131913554595793459, -2.341007709343522425, -2.839525082196776573 ) ) ;
#1013 = CARTESIAN_POINT ( 'NONE',  ( 4.897736954347402971, -2.122756138682974747, 2.787816629037789262 ) ) ;
#1014 = ORIENTED_EDGE ( 'NONE', *, *, #16, .T. ) ;
#1015 = DIRECTION ( 'NONE',  ( -1.000000000000000000, -0.000000000000000000, -0.000000000000000000 ) ) ;
#1016 = CARTESIAN_POINT ( 'NONE',  ( 8.501537563557388211, -3.326521166250643535, 1.094354125809745337 ) ) ;
#1017 = CARTESIAN_POINT ( 'NONE',  ( -0.8126552586542425960, -1.154741493181681067, -3.304299754241973641 ) ) ;
#1018 = CIRCLE ( 'NONE', #502, 3.000000000000000444 ) ;
#1019 = DIRECTION ( 'NONE',  ( 0.000000000000000000, 0.000000000000000000, -1.000000000000000000 ) ) ;
#1020 = DIRECTION ( 'NONE',  ( -1.000000000000000000, 0.000000000000000000, 0.000000000000000000 ) ) ;
#1021 = VECTOR ( 'NONE', #156, 1000.000000000000000 ) ;
#1022 = ORIENTED_EDGE ( 'NONE', *, *, #758, .T. ) ;
#1023 = CARTESIAN_POINT ( 'NONE',  ( 3.032888047241751650, -3.532327511883023075, 0.2518798859329017814 ) ) ;
#1024 = CARTESIAN_POINT ( 'NONE',  ( -1.978544102039423880, -2.848876813665100372, -2.473489363326468293 ) ) ;
#1025 = CARTESIAN_POINT ( 'NONE',  ( 9.004894754948203683, -3.501708270879932083, 0.001376013316403038034 ) ) ;
#1026 = APPLICATION_PROTOCOL_DEFINITION ( 'draft international standard', 'automotive_design', 1998, #1047 ) ;
#1027 = ORIENTED_EDGE ( 'NONE', *, *, #628, .F. ) ;
#1028 = LINE ( 'NONE', #390, #300 ) ;
#1029 = CARTESIAN_POINT ( 'NONE',  ( 3.263886817188532685, -3.760290028194240186, 0.5300708975609736973 ) ) ;
#1030 = CARTESIAN_POINT ( 'NONE',  ( -8.936627330782243916, -3.477887381550844204, -0.4108732850491587096 ) ) ;
#1031 = CARTESIAN_POINT ( 'NONE',  ( 6.878586667707154767, -2.770374221809626558, -2.150789718214940027 ) ) ;
#1032 = ORIENTED_EDGE ( 'NONE', *, *, #509, .T. ) ;
#1033 = DIRECTION ( 'NONE',  ( -0.000000000000000000, 1.000000000000000000, -0.000000000000000000 ) ) ;
#1034 = CARTESIAN_POINT ( 'NONE',  ( 8.665349755332691473, -3.383414574864221258, -0.9034911198729701498 ) ) ;
#1035 = CARTESIAN_POINT ( 'NONE',  ( -2.348787087177131916, -7.673656761281511862, -1.876447561113494755 ) ) ;
#1036 = EDGE_CURVE ( 'NONE', #225, #1038, #551, .T. ) ;
#1037 = VECTOR ( 'NONE', #601, 1000.000000000000114 ) ;
#1038 = VERTEX_POINT ( 'NONE', #997 ) ;
#1039 = CARTESIAN_POINT ( 'NONE',  ( 3.430613834853466049, -3.926491831840674518, 0.5036483086762021388 ) ) ;
#1040 = CARTESIAN_POINT ( 'NONE',  ( -2.712348485222474181, -8.686755167279700984, -1.285979881204797115 ) ) ;
#1041 = CARTESIAN_POINT ( 'NONE',  ( -3.000000000000000888, -43.50000000000000000, -1.732050807568877415 ) ) ;
#1042 = CARTESIAN_POINT ( 'NONE',  ( 3.461890020109390065, -4.011651605861359826, -0.8276572530859247490 ) ) ;
#1043 = PLANE ( 'NONE',  #115 ) ;
#1044 = CARTESIAN_POINT ( 'NONE',  ( -80.00000000000000000, 0.000000000000000000, -2.500000000000057288 ) ) ;
#1045 = CARTESIAN_POINT ( 'NONE',  ( 0.3319833785525962977, -2.071803197440467592, -2.991697609457553142 ) ) ;
#1046 = CARTESIAN_POINT ( 'NONE',  ( 1.030909967942173155, -4.329329627474943543, -2.821189782787348221 ) ) ;
#1047 = APPLICATION_CONTEXT ( 'automotive_design' ) ;
#1048 = CARTESIAN_POINT ( 'NONE',  ( -3.000000000000000888, -52.66515138991167788, -1.732050807568877859 ) ) ;
#1049 = AXIS2_PLACEMENT_3D ( 'NONE', #1010, #180, #710 ) ;
#1050 = AXIS2_PLACEMENT_3D ( 'NONE', #211, #739, #545 ) ;
#1051 = ADVANCED_FACE ( 'NONE', ( #912 ), #217, .F. ) ;
#1052 = CARTESIAN_POINT ( 'NONE',  ( 0.7694633713678750153, -3.812747754272619805, -2.901133522632737272 ) ) ;
#1053 = CARTESIAN_POINT ( 'NONE',  ( 0.3739702541331235697, -3.238078084182895111, -2.977128656231511350 ) ) ;
#1054 = DIRECTION ( 'NONE',  ( 0.000000000000000000, 0.000000000000000000, -1.000000000000000000 ) ) ;
#1055 = DIRECTION ( 'NONE',  ( -0.000000000000000000, 1.000000000000000000, -0.000000000000000000 ) ) ;
#1056 = CARTESIAN_POINT ( 'NONE',  ( -1.266164499297540935, -4.853809662086646881, 2.725797697787327500 ) ) ;
#1057 = ADVANCED_FACE ( 'NONE', ( #555 ), #121, .F. ) ;
#1058 = CARTESIAN_POINT ( 'NONE',  ( 3.850203271446303699, -1.803422451675839255, -3.003620821042905842 ) ) ;
#1059 = CARTESIAN_POINT ( 'NONE',  ( 0.5405781958460477155, -3.433057930523421231, -2.953027321428093988 ) ) ;
#1060 = CARTESIAN_POINT ( 'NONE',  ( -2.233663664805785031E-13, -3.041381265149113222, 3.000000000000000444 ) ) ;
#1061 = CARTESIAN_POINT ( 'NONE',  ( -1.011977435681888027, -4.293846043278817248, 2.825630562689811054 ) ) ;
#1062 = CARTESIAN_POINT ( 'NONE',  ( 0.9467410073135443804, -2.256589138793268390, -2.890079317299920625 ) ) ;
#1063 = CARTESIAN_POINT ( 'NONE',  ( 2.788333853621446146, -8.900401259486462990, 1.138126641081751655 ) ) ;
#1064 = EDGE_CURVE ( 'NONE', #214, #753, #89, .T. ) ;
#1065 = CARTESIAN_POINT ( 'NONE',  ( -1.683301313975418489, -5.886082418330440547, 2.501377482010258113 ) ) ;
#1066 = CARTESIAN_POINT ( 'NONE',  ( -2.988122206363902578, -9.466238669125434768, 0.2881234082456459178 ) ) ;
#1067 = ORIENTED_EDGE ( 'NONE', *, *, #350, .F. ) ;
#1068 = CIRCLE ( 'NONE', #675, 3.000000000000000444 ) ;
#1069 = CARTESIAN_POINT ( 'NONE',  ( -8.458887518647774328, -3.311688547585069919, 1.142540592165341984 ) ) ;
#1070 = CARTESIAN_POINT ( 'NONE',  ( 0.6770088235532966126, -3.651825936934313344, 2.923855601398886339 ) ) ;
#1071 = CARTESIAN_POINT ( 'NONE',  ( -0.9085549879664812645, -4.063775278725406892, -2.864345458685291668 ) ) ;
#1072 = CARTESIAN_POINT ( 'NONE',  ( -2.784603344598914898, -8.890153120923200092, 1.121167530181226279 ) ) ;
#1073 = ORIENTED_EDGE ( 'NONE', *, *, #1089, .T. ) ;
#1074 = DIRECTION ( 'NONE',  ( 0.7071067811865580088, 8.659560562354803436E-17, 0.7071067811865369146 ) ) ;
#1075 = CARTESIAN_POINT ( 'NONE',  ( 0.000000000000000000, -27.50000000000000000, -7.000000000000076383 ) ) ;
#1076 = CARTESIAN_POINT ( 'NONE',  ( 2.647984970719000852, -1.484086639540481256, 3.170632399238925814 ) ) ;
#1077 = CARTESIAN_POINT ( 'NONE',  ( -2.998852956049711249, -9.496739986691920876, 0.1931719078857809524 ) ) ;
#1078 = CARTESIAN_POINT ( 'NONE',  ( -3.258906164270144679, -3.843605356921238947, 1.252550252231475314 ) ) ;
#1079 = ORIENTED_EDGE ( 'NONE', *, *, #222, .T. ) ;
#1080 = DIRECTION ( 'NONE',  ( 0.000000000000000000, 0.000000000000000000, -1.000000000000000000 ) ) ;
#1081 = DIRECTION ( 'NONE',  ( -0.000000000000000000, 1.000000000000000000, -0.000000000000000000 ) ) ;
#1082 = FACE_OUTER_BOUND ( 'NONE', #972, .T. ) ;
#1083 = CARTESIAN_POINT ( 'NONE',  ( -1.658984042356026922, -2.637636418046744424, -2.639735587413618578 ) ) ;
#1084 = CARTESIAN_POINT ( 'NONE',  ( -2.821304037530921516, -8.993678056726979619, -1.028305876868728541 ) ) ;
#1085 = CARTESIAN_POINT ( 'NONE',  ( 3.673940397442059868E-16, -23.49999999999998579, 3.000000000000000444 ) ) ;
#1086 = ORIENTED_EDGE ( 'NONE', *, *, #605, .T. ) ;
#1087 = CARTESIAN_POINT ( 'NONE',  ( -3.201447778604639804, -1.623854336283575117, 3.103476608539287529 ) ) ;
#1088 = DIRECTION ( 'NONE',  ( -0.000000000000000000, -1.000000000000000000, -0.000000000000000000 ) ) ;
#1089 = EDGE_CURVE ( 'NONE', #934, #648, #365, .T. ) ;
#1090 = AXIS2_PLACEMENT_3D ( 'NONE', #922, #118, #1019 ) ;
#1091 = CARTESIAN_POINT ( 'NONE',  ( 0.3062235524693863731, -3.164593222844334974, 2.986076702282887574 ) ) ;
#1092 = VECTOR ( 'NONE', #1004, 1000.000000000000227 ) ;
#1093 = CARTESIAN_POINT ( 'NONE',  ( -5.233761561999431322, -2.229750839992701739, -2.699289561988575947 ) ) ;
#1094 = CARTESIAN_POINT ( 'NONE',  ( -3.000000000000000888, -28.50000000000000000, -1.732050807568877859 ) ) ;
#1095 = CARTESIAN_POINT ( 'NONE',  ( 0.2652902964402910624, -1.124763524703675355, 3.314348655995048354 ) ) ;
#1096 = EDGE_LOOP ( 'NONE', ( #533, #111, #124, #1067, #305, #403 ) ) ;
#1097 = ADVANCED_FACE ( 'NONE', ( #289 ), #584, .F. ) ;
#1098 = CARTESIAN_POINT ( 'NONE',  ( -1.489834618361335572, -1.238433238723888774, 3.274051422495629637 ) ) ;
#1099 = DIRECTION ( 'NONE',  ( -0.8660254037844384856, 0.000000000000000000, 0.5000000000000001110 ) ) ;
#1100 = CARTESIAN_POINT ( 'NONE',  ( 6.704934463725158444, -2.711768572769138075, 2.221140851353880841 ) ) ;
#1101 = CARTESIAN_POINT ( 'NONE',  ( -1.744587187363085601, -6.052180851121844007, -2.442214365531257148 ) ) ;
#1102 = CARTESIAN_POINT ( 'NONE',  ( 7.619032516119821352, -3.022301356351251744, -1.769695311906120949 ) ) ;
#1103 = ORIENTED_EDGE ( 'NONE', *, *, #138, .T. ) ;
#1104 = FACE_OUTER_BOUND ( 'NONE', #323, .T. ) ;
#1105 = CARTESIAN_POINT ( 'NONE',  ( 0.3951221954367403200, -2.081022894342028806, 2.986439272154733704 ) ) ;
#1106 = CARTESIAN_POINT ( 'NONE',  ( -1.521759227497523570, -5.480720046018111802, -2.591569157788548683 ) ) ;
#1107 = CARTESIAN_POINT ( 'NONE',  ( 0.2652902964373015093, -1.124763524703578987, 3.314348655995078996 ) ) ;
#1108 = CARTESIAN_POINT ( 'NONE',  ( -1.947274617592393842, -1.327028800274894449, 3.239155240431829341 ) ) ;
#1109 = ORIENTED_EDGE ( 'NONE', *, *, #440, .T. ) ;
#1110 = CARTESIAN_POINT ( 'NONE',  ( 8.360178788437375275, -3.277524872904589603, -1.233328124453098473 ) ) ;
#1111 = AXIS2_PLACEMENT_3D ( 'NONE', #378, #731, #13 ) ;
#1112 = CARTESIAN_POINT ( 'NONE',  ( -5.876746024576211092, -2.437600803162330632, -2.513343127916419562 ) ) ;
#1113 = AXIS2_PLACEMENT_3D ( 'NONE', #207, #1033, #834 ) ;
#1114 = DIRECTION ( 'NONE',  ( -0.8660254037844384856, 0.000000000000000000, -0.5000000000000002220 ) ) ;
#1115 = APPLICATION_CONTEXT ( 'automotive_design' ) ;
#1116 = VERTEX_POINT ( 'NONE', #1085 ) ;
#1117 = DIRECTION ( 'NONE',  ( 0.000000000000000000, 0.000000000000000000, 1.000000000000000000 ) ) ;
#1118 = CARTESIAN_POINT ( 'NONE',  ( 6.456401815528606924, -2.629220301435612139, -2.312343338855549657 ) ) ;
#1119 = CARTESIAN_POINT ( 'NONE',  ( -2.027840675984521113, -6.800864440535633548, -2.212781354089333963 ) ) ;
#1120 = ORIENTED_EDGE ( 'NONE', *, *, #647, .T. ) ;
#1121 = CARTESIAN_POINT ( 'NONE',  ( 2.896172237297104157, -9.205397874915245637, 0.7894466185958495252 ) ) ;
#1122 = CARTESIAN_POINT ( 'NONE',  ( -2.998004765817558592, -9.494325052703548096, -0.1544694184751041199 ) ) ;
#1123 = ORIENTED_EDGE ( 'NONE', *, *, #78, .F. ) ;
#1124 = CARTESIAN_POINT ( 'NONE',  ( 8.994918711340899264, -3.498224952920131692, 0.1641266812613254023 ) ) ;
#1125 = CARTESIAN_POINT ( 'NONE',  ( -7.706930928581737561, -3.052429056526518636, -1.716001028992214517 ) ) ;
#1126 = ADVANCED_FACE ( 'NONE', ( #213 ), #96, .F. ) ;
#1127 = VECTOR ( 'NONE', #1114, 1000.000000000000114 ) ;
#1128 = CARTESIAN_POINT ( 'NONE',  ( 8.572527594031565881E-16, -27.50000000000000000, 7.000000000000076383 ) ) ;
#1129 = VECTOR ( 'NONE', #332, 1000.000000000000000 ) ;
#1130 = LINE ( 'NONE', #687, #133 ) ;
#1131 = CARTESIAN_POINT ( 'NONE',  ( 0.000000000000000000, 3.501999999999998003, 0.000000000000000000 ) ) ;
#1132 = LINE ( 'NONE', #593, #655 ) ;
#1133 = CARTESIAN_POINT ( 'NONE',  ( 1.144086900205142365, -1.191744490008287860, -3.291020121365958229 ) ) ;
#1134 = CARTESIAN_POINT ( 'NONE',  ( 1.711198622996514818, -5.958247393578091078, 2.482728862992522156 ) ) ;
#1135 = FACE_OUTER_BOUND ( 'NONE', #483, .T. ) ;
#1136 = CARTESIAN_POINT ( 'NONE',  ( 1.407939147291388409E-16, -3.041381265149105673, -3.000000000000000444 ) ) ;
#1137 = CARTESIAN_POINT ( 'NONE',  ( 2.669288389290633390, -3.363148107266138442, -1.973052002616469736 ) ) ;
#1138 = B_SPLINE_CURVE_WITH_KNOTS ( 'NONE', 3,
 ( #606, #790, #74, #80, #340, #632 ),
 .UNSPECIFIED., .F., .F.,
 ( 4, 2, 4 ),
 ( 0.03333707409584363290, 0.03336313377719311163, 0.03338919345854259035 ),
 .UNSPECIFIED. ) ;
#1139 = CARTESIAN_POINT ( 'NONE',  ( 9.464677422560070840E-16, -28.50000000000000000, 3.464101615137756607 ) ) ;
#1140 = ORIENTED_EDGE ( 'NONE', *, *, #719, .F. ) ;
#1141 = CARTESIAN_POINT ( 'NONE',  ( -3.265611369277333864, -3.761997695331999125, -0.5308164136823183554 ) ) ;
#1142 = AXIS2_PLACEMENT_3D ( 'NONE', #417, #864, #774 ) ;
#1143 = CARTESIAN_POINT ( 'NONE',  ( 0.5039959959915654153, -1.130073431568063169, -3.312703187423331919 ) ) ;
#1144 = LINE ( 'NONE', #240, #473 ) ;
#1145 = CARTESIAN_POINT ( 'NONE',  ( -0.6336534563990743329, -3.580541300690651685, 2.933626779379676641 ) ) ;
#1146 = CARTESIAN_POINT ( 'NONE',  ( -4.273591373268783578, -1.930373857537439841, 2.924738845945462629 ) ) ;
#1147 = CARTESIAN_POINT ( 'NONE',  ( 8.572527594031565881E-16, -27.50000000000000000, 7.000000000000076383 ) ) ;
#1148 = EDGE_CURVE ( 'NONE', #929, #654, #185, .T. ) ;
#1149 = CARTESIAN_POINT ( 'NONE',  ( 2.940141324585848537, -9.330022580426739154, 0.6170118350838188492 ) ) ;
#1150 = CARTESIAN_POINT ( 'NONE',  ( -2.635152172815448779, -8.470138550763754992, -1.437245225804776316 ) ) ;
#1151 = CARTESIAN_POINT ( 'NONE',  ( -2.996759586760385119, -9.490790613663905972, 0.1784467546045876429 ) ) ;
#1152 = EDGE_LOOP ( 'NONE', ( #1157, #1079, #3, #721 ) ) ;
#1153 = DIRECTION ( 'NONE',  ( -0.000000000000000000, 1.000000000000000000, 0.000000000000000000 ) ) ;
#1154 = CARTESIAN_POINT ( 'NONE',  ( 2.142154483600561043, -7.108528680417244949, -2.106831515925384313 ) ) ;
#1155 = CARTESIAN_POINT ( 'NONE',  ( 0.000000000000000000, -27.50000000000000000, -7.000000000000076383 ) ) ;
#1156 = CARTESIAN_POINT ( 'NONE',  ( -3.009015192052703735, -3.508863320934996644, -0.1588457723354965434 ) ) ;
#1157 = ORIENTED_EDGE ( 'NONE', *, *, #979, .F. ) ;
#1158 = PLANE ( 'NONE',  #302 ) ;
#1159 = DIRECTION ( 'NONE',  ( -0.000000000000000000, 1.000000000000000000, -0.000000000000000000 ) ) ;
#1160 = VECTOR ( 'NONE', #524, 1000.000000000000000 ) ;
#1161 = CARTESIAN_POINT ( 'NONE',  ( 1.703730330410399896, -2.666121212184983325, 2.618508775760950424 ) ) ;
ENDSEC;
END-ISO-10303-21;
