ISO-10303-21;
HEADER;
FILE_DESCRIPTION (( 'STEP AP214' ),
    '1' );
FILE_NAME ('chopstick_traj_rod.STEP',
    '2026-07-07T16:26:53',
    ( '' ),
    ( '' ),
    'SwSTEP 2.0',
    'SolidWorks 2026',
    '' );
FILE_SCHEMA (( 'AUTOMOTIVE_DESIGN' ));
ENDSEC;

DATA;
#1 = CARTESIAN_POINT ( 'NONE',  ( 232.0000000000000000, 0.000000000000000000, 3.000000000000002665 ) ) ;
#2 = AXIS2_PLACEMENT_3D ( 'NONE', #3086, #931, #2716 ) ;
#3 = DIRECTION ( 'NONE',  ( -1.000000000000000000, 0.000000000000000000, 0.000000000000000000 ) ) ;
#4 = EDGE_CURVE ( 'NONE', #5442, #2986, #2328, .T. ) ;
#5 = FACE_OUTER_BOUND ( 'NONE', #2913, .T. ) ;
#6 = ORIENTED_EDGE ( 'NONE', *, *, #4350, .F. ) ;
#7 = CARTESIAN_POINT ( 'NONE',  ( 3.768865205590844258, 1.642965858379511479, 3.131276467051553603 ) ) ;
#8 = VECTOR ( 'NONE', #1400, 1000.000000000000000 ) ;
#9 = CARTESIAN_POINT ( 'NONE',  ( 107.4705627484769934, -13.50000000000019007, 4.286263797015736595E-16 ) ) ;
#10 = ORIENTED_EDGE ( 'NONE', *, *, #2536, .F. ) ;
#11 = CARTESIAN_POINT ( 'NONE',  ( -8.375000000000003553, 0.9747590886987209657, -2.999999999999999556 ) ) ;
#12 = CARTESIAN_POINT ( 'NONE',  ( 234.6250000000000000, 0.9747590886987209657, 2.999999999999992450 ) ) ;
#13 = EDGE_CURVE ( 'NONE', #5531, #1123, #2419, .T. ) ;
#14 = ADVANCED_FACE ( 'NONE', ( #2389 ), #3133, .T. ) ;
#15 = CARTESIAN_POINT ( 'NONE',  ( 1.999035262397625523, -1.496203996335714770, 2.886751345948129099 ) ) ;
#16 = ORIENTED_EDGE ( 'NONE', *, *, #5251, .T. ) ;
#17 = EDGE_LOOP ( 'NONE', ( #2334, #2758, #4704, #1642, #5123, #5114, #1731, #2181, #2579, #2054, #476, #174, #5414, #3275, #2257 ) ) ;
#18 = CYLINDRICAL_SURFACE ( 'NONE', #3957, 3.000000000000000444 ) ;
#19 = VERTEX_POINT ( 'NONE', #4151 ) ;
#20 = CARTESIAN_POINT ( 'NONE',  ( 146.5294372515226655, 2.999999999999999112, 0.000000000000000000 ) ) ;
#21 = CARTESIAN_POINT ( 'NONE',  ( 225.0000000000000000, 0.000000000000000000, -3.500000000000000000 ) ) ;
#22 = CARTESIAN_POINT ( 'NONE',  ( 232.2500000000000000, -1.763355756877422964, 2.427050983124845462 ) ) ;
#23 = VECTOR ( 'NONE', #819, 1000.000000000000000 ) ;
#24 = CARTESIAN_POINT ( 'NONE',  ( 4.077619661163376819, 1.501744206026635053, 3.285443134652489938 ) ) ;
#25 = VERTEX_POINT ( 'NONE', #237 ) ;
#26 = CARTESIAN_POINT ( 'NONE',  ( 13.18629150101523173, 8.000000000000000000, 0.000000000000000000 ) ) ;
#27 = FACE_OUTER_BOUND ( 'NONE', #3854, .T. ) ;
#28 = VECTOR ( 'NONE', #4845, 1000.000000000000000 ) ;
#29 = CARTESIAN_POINT ( 'NONE',  ( 1.859095980856778407, 1.137596958538559022, 3.309965733950099853 ) ) ;
#30 = CARTESIAN_POINT ( 'NONE',  ( -9.250000000000007105, -2.853169548885460483, 0.9270509831248441301 ) ) ;
#31 = EDGE_CURVE ( 'NONE', #1191, #2119, #208, .T. ) ;
#32 = EDGE_LOOP ( 'NONE', ( #1906, #2689, #4781, #374, #3661 ) ) ;
#33 = CARTESIAN_POINT ( 'NONE',  ( 1.607807048076808520, 0.7257871953286398892, 2.886751345948130432 ) ) ;
#34 = CARTESIAN_POINT ( 'NONE',  ( 3.372029461361571112, -1.923145277076711679, 2.886751345948129543 ) ) ;
#35 = LINE ( 'NONE', #3155, #3757 ) ;
#36 = CYLINDRICAL_SURFACE ( 'NONE', #1907, 3.499999999999998668 ) ;
#37 = EDGE_LOOP ( 'NONE', ( #1985, #1391, #1764, #2657 ) ) ;
#38 = CARTESIAN_POINT ( 'NONE',  ( -13.00000000000001421, -1.175570504584944054, 1.618033988749892238 ) ) ;
#39 = CARTESIAN_POINT ( 'NONE',  ( 231.0000000000000000, 0.000000000000000000, 0.000000000000000000 ) ) ;
#40 = ORIENTED_EDGE ( 'NONE', *, *, #3692, .F. ) ;
#41 = ADVANCED_FACE ( 'NONE', ( #1980 ), #827, .F. ) ;
#42 = ORIENTED_EDGE ( 'NONE', *, *, #2644, .F. ) ;
#43 = EDGE_CURVE ( 'NONE', #2230, #441, #2497, .T. ) ;
#44 = FACE_BOUND ( 'NONE', #5513, .T. ) ;
#45 = ADVANCED_FACE ( 'NONE', ( #3814 ), #1209, .F. ) ;
#46 = CIRCLE ( 'NONE', #5341, 3.500000000000000000 ) ;
#47 = CARTESIAN_POINT ( 'NONE',  ( 5.076626713085535592, 0.000000000000000000, 0.000000000000000000 ) ) ;
#48 = EDGE_CURVE ( 'NONE', #2896, #3677, #3842, .T. ) ;
#49 = EDGE_CURVE ( 'NONE', #3542, #869, #4691, .T. ) ;
#50 = CARTESIAN_POINT ( 'NONE',  ( 235.0000000000000284, 1.175570504584944054, -1.618033988749906227 ) ) ;
#51 = PLANE ( 'NONE',  #2839 ) ;
#52 = DIRECTION ( 'NONE',  ( 0.000000000000000000, 0.000000000000000000, 1.000000000000000000 ) ) ;
#53 = ORIENTED_EDGE ( 'NONE', *, *, #2174, .F. ) ;
#54 = DIRECTION ( 'NONE',  ( -1.000000000000000000, -0.000000000000000000, -0.000000000000000000 ) ) ;
#55 = CARTESIAN_POINT ( 'NONE',  ( 4.003446244151147582, -1.194736032574626350, 2.886751345948129099 ) ) ;
#56 = CARTESIAN_POINT ( 'NONE',  ( -10.50000000000000533, -1.902113032590309283, 0.6180339887498914608 ) ) ;
#57 = CARTESIAN_POINT ( 'NONE',  ( 226.0000000000000000, 5.000000000000001776, 2.886751345948129099 ) ) ;
#58 = ORIENTED_EDGE ( 'NONE', *, *, #4717, .T. ) ;
#59 = DIRECTION ( 'NONE',  ( -0.000000000000000000, -0.000000000000000000, -1.000000000000000000 ) ) ;
#60 = CARTESIAN_POINT ( 'NONE',  ( 75.47056274847707869, 10.00000000000000533, 0.000000000000000000 ) ) ;
#61 = CARTESIAN_POINT ( 'NONE',  ( 2.133070999715326543, 0.4466038409198112569, 2.886751345948128655 ) ) ;
#62 = CARTESIAN_POINT ( 'NONE',  ( -1.000000000000000000, -0.4999999999999962252, -3.252606517456487664E-16 ) ) ;
#63 = ORIENTED_EDGE ( 'NONE', *, *, #5039, .F. ) ;
#64 = CARTESIAN_POINT ( 'NONE',  ( -9.250000000000015987, 1.175570504584944054, -1.618033988749892238 ) ) ;
#65 = DIRECTION ( 'NONE',  ( 0.000000000000000000, 0.000000000000000000, -1.000000000000000000 ) ) ;
#66 = EDGE_LOOP ( 'NONE', ( #1877, #5487, #2726, #671 ) ) ;
#67 = VERTEX_POINT ( 'NONE', #3046 ) ;
#68 = ORIENTED_EDGE ( 'NONE', *, *, #2033, .T. ) ;
#69 = DIRECTION ( 'NONE',  ( 0.7071067811865336949, 0.7071067811865613395, 0.000000000000000000 ) ) ;
#70 = VECTOR ( 'NONE', #1040, 1000.000000000000000 ) ;
#71 = LINE ( 'NONE', #2226, #3002 ) ;
#72 = CARTESIAN_POINT ( 'NONE',  ( 232.7500000000000000, 1.902113032590309283, -0.6180339887499053386 ) ) ;
#73 = EDGE_CURVE ( 'NONE', #5029, #3464, #1396, .T. ) ;
#74 = LINE ( 'NONE', #3168, #4212 ) ;
#75 = VECTOR ( 'NONE', #344, 1000.000000000000000 ) ;
#76 = CARTESIAN_POINT ( 'NONE',  ( 4.326358876787966601, 1.323455064887735899, 2.886751345948129543 ) ) ;
#77 = EDGE_LOOP ( 'NONE', ( #5493, #2127, #4422, #841 ) ) ;
#78 = ADVANCED_FACE ( 'NONE', ( #4265 ), #5177, .T. ) ;
#79 = LINE ( 'NONE', #3579, #1921 ) ;
#80 = AXIS2_PLACEMENT_3D ( 'NONE', #4394, #3459, #2137 ) ;
#81 = CARTESIAN_POINT ( 'NONE',  ( 5.076626713085535592, 1.664498793564392010, 2.886751345948129543 ) ) ;
#82 = LINE ( 'NONE', #2670, #2521 ) ;
#83 = VECTOR ( 'NONE', #212, 1000.000000000000000 ) ;
#84 = CARTESIAN_POINT ( 'NONE',  ( -7.625000000000014211, 3.154386672714803996, 0.000000000000000000 ) ) ;
#85 = ORIENTED_EDGE ( 'NONE', *, *, #2748, .T. ) ;
#86 = CARTESIAN_POINT ( 'NONE',  ( 225.0000000000000000, 2.500000000000000000, 3.773502691896260419 ) ) ;
#87 = AXIS2_PLACEMENT_3D ( 'NONE', #5423, #4078, #159 ) ;
#88 = DIRECTION ( 'NONE',  ( 0.000000000000000000, 0.000000000000000000, -1.000000000000000000 ) ) ;
#89 = FACE_OUTER_BOUND ( 'NONE', #3238, .T. ) ;
#90 = ORIENTED_EDGE ( 'NONE', *, *, #3645, .T. ) ;
#91 = AXIS2_PLACEMENT_3D ( 'NONE', #3728, #2443, #3326 ) ;
#92 = CARTESIAN_POINT ( 'NONE',  ( -8.000000000000005329, 2.853169548885460483, -0.9270509831248441301 ) ) ;
#93 = VECTOR ( 'NONE', #2203, 1000.000000000000000 ) ;
#94 = VECTOR ( 'NONE', #4873, 1000.000000000000000 ) ;
#95 = LINE ( 'NONE', #4414, #990 ) ;
#96 = ADVANCED_FACE ( 'NONE', ( #2175 ), #3504, .F. ) ;
#97 = ORIENTED_EDGE ( 'NONE', *, *, #5351, .F. ) ;
#98 = VERTEX_POINT ( 'NONE', #1455 ) ;
#99 = PLANE ( 'NONE',  #1851 ) ;
#100 = VERTEX_POINT ( 'NONE', #4933 ) ;
#101 = LINE ( 'NONE', #3599, #2728 ) ;
#102 = CARTESIAN_POINT ( 'NONE',  ( 234.5000000000000000, 0.000000000000000000, 3.000000000000002665 ) ) ;
#103 =( BOUNDED_CURVE ( )  B_SPLINE_CURVE ( 2, ( #4840, #1277, #3138, #527, #2274, #5189, #3029, #4756, #2602, #1868, #556, #1443, #1841, #1063, #1031, #609, #3711, #4068, #5441, #583, #4553, #2301, #5382, #2827, #1956, #4953, #2358, #2793, #1533, #4918, #4585, #3620, #3680, #1927, #4043, #3281, #642, #675, #124, #3648, #5013 ),
 .UNSPECIFIED., .F., .T. ) 
 B_SPLINE_CURVE_WITH_KNOTS ( ( 3, 2, 2, 2, 2, 2, 2, 2, 2, 2, 2, 2, 2, 2, 2, 2, 2, 2, 2, 2, 3 ),
 ( 0.000000000000000000, 0.05000000000000000278, 0.1000000000000000056, 0.1499999999999999944, 0.2000000000000000111, 0.2500000000000000000, 0.2999999999999999889, 0.3499999999999999778, 0.4000000000000000222, 0.4500000000000000111, 0.5000000000000000000, 0.5500000000000000444, 0.5999999999999999778, 0.6500000000000000222, 0.6999999999999999556, 0.7500000000000000000, 0.8000000000000000444, 0.8499999999999999778, 0.9000000000000000222, 0.9499999999999999556, 1.000000000000000000 ),
 .UNSPECIFIED. ) 
 CURVE ( )  GEOMETRIC_REPRESENTATION_ITEM ( )  RATIONAL_B_SPLINE_CURVE ( ( 1.000000000000000000, 0.9510565162951535312, 1.000000000000000000, 0.9510565162951535312, 1.000000000000000000, 0.9510565162951535312, 1.000000000000000000, 0.9510565162951535312, 1.000000000000000000, 0.9510565162951535312, 1.000000000000000000, 0.9510565162951535312, 1.000000000000000000, 0.9510565162951535312, 1.000000000000000000, 0.9510565162951535312, 1.000000000000000000, 0.9510565162951535312, 1.000000000000000000, 0.9510565162951535312, 1.000000000000000000, 0.9510565162951535312, 1.000000000000000000, 0.9510565162951535312, 1.000000000000000000, 0.9510565162951535312, 1.000000000000000000, 0.9510565162951535312, 1.000000000000000000, 0.9510565162951535312, 1.000000000000000000, 0.9510565162951535312, 1.000000000000000000, 0.9510565162951535312, 1.000000000000000000, 0.9510565162951535312, 1.000000000000000000, 0.9510565162951535312, 1.000000000000000000, 0.9510565162951535312, 1.000000000000000000 ) ) 
 REPRESENTATION_ITEM ( '' )  );
#104 = DIRECTION ( 'NONE',  ( 0.7071067811865447972, 0.7071067811865502373, 0.000000000000000000 ) ) ;
#105 = CARTESIAN_POINT ( 'NONE',  ( 177.9852813742394346, -11.48528137423873652, 0.000000000000000000 ) ) ;
#106 = VERTEX_POINT ( 'NONE', #1014 ) ;
#107 = CARTESIAN_POINT ( 'NONE',  ( 233.7500000000000000, 1.763355756877422964, -2.427050983124845462 ) ) ;
#108 = FACE_OUTER_BOUND ( 'NONE', #4605, .T. ) ;
#109 = CARTESIAN_POINT ( 'NONE',  ( 0.000000000000000000, 0.5000000000000000000, 0.000000000000000000 ) ) ;
#110 = AXIS2_PLACEMENT_3D ( 'NONE', #410, #5577, #2120 ) ;
#111 = ORIENTED_EDGE ( 'NONE', *, *, #3811, .F. ) ;
#112 = LINE ( 'NONE', #57, #3394 ) ;
#113 = TOROIDAL_SURFACE ( 'NONE', #4945, 11.99999999999902123, 3.500000000000000000 ) ;
#114 = VERTEX_POINT ( 'NONE', #1486 ) ;
#115 = ADVANCED_FACE ( 'NONE', ( #4076 ), #4039, .T. ) ;
#116 = CIRCLE ( 'NONE', #2876, 3.500000000000000000 ) ;
#117 = CARTESIAN_POINT ( 'NONE',  ( 2.299324022902030862, -0.9762459062396343645, 3.886751345948129543 ) ) ;
#118 = EDGE_CURVE ( 'NONE', #1723, #5523, #1908, .T. ) ;
#119 = CARTESIAN_POINT ( 'NONE',  ( 4.226736573747062131, -1.662564365792099208, 3.185810201376515938 ) ) ;
#120 = CARTESIAN_POINT ( 'NONE',  ( 2.060290822897342000, -0.06541551579324453303, 2.886751345948129988 ) ) ;
#121 = B_SPLINE_CURVE_WITH_KNOTS ( 'NONE', 3,
 ( #2837, #682, #4620, #590 ),
 .UNSPECIFIED., .F., .F.,
 ( 4, 4 ),
 ( 0.0009602966131256924923, 0.001076558096925284667 ),
 .UNSPECIFIED. ) ;
#122 = ORIENTED_EDGE ( 'NONE', *, *, #1435, .T. ) ;
#123 = DIRECTION ( 'NONE',  ( 0.000000000000000000, 0.8660254037844383745, 0.5000000000000004441 ) ) ;
#124 = CARTESIAN_POINT ( 'NONE',  ( -7.250000000000013323, 1.763355756877422964, 2.427050983124845462 ) ) ;
#125 = ORIENTED_EDGE ( 'NONE', *, *, #710, .T. ) ;
#126 = CARTESIAN_POINT ( 'NONE',  ( 144.4705627484768513, 11.50000000000052758, 4.286263797015299270E-16 ) ) ;
#127 = ORIENTED_EDGE ( 'NONE', *, *, #845, .F. ) ;
#128 = CARTESIAN_POINT ( 'NONE',  ( 7.353840324345111590, 0.000000000000000000, 0.000000000000000000 ) ) ;
#129 = CARTESIAN_POINT ( 'NONE',  ( 231.8750000000000000, -1.701301616704077091, -1.236067977499787141 ) ) ;
#130 = CARTESIAN_POINT ( 'NONE',  ( 234.5000000000000000, 0.000000000000000000, -2.000000000000001776 ) ) ;
#131 = CARTESIAN_POINT ( 'NONE',  ( 3.993526575702074588, 1.545504263498562070, 2.886751345948129543 ) ) ;
#132 = ORIENTED_EDGE ( 'NONE', *, *, #1237, .T. ) ;
#133 = CARTESIAN_POINT ( 'NONE',  ( 233.8750000000000284, 2.551952425056123186, -1.854101966249681155 ) ) ;
#134 = DIRECTION ( 'NONE',  ( 1.000000000000000000, 0.000000000000000000, 0.000000000000000000 ) ) ;
#135 = DIRECTION ( 'NONE',  ( 0.000000000000000000, 0.000000000000000000, -1.000000000000000000 ) ) ;
#136 = CARTESIAN_POINT ( 'NONE',  ( 2.949010211136481097, 1.730933143967033683, 3.312505020278110557 ) ) ;
#137 = ORIENTED_EDGE ( 'NONE', *, *, #5385, .F. ) ;
#138 = ORIENTED_EDGE ( 'NONE', *, *, #3519, .F. ) ;
#139 = CARTESIAN_POINT ( 'NONE',  ( 237.6250000000000000, 2.102924448476535702, 0.000000000000000000 ) ) ;
#140 = CARTESIAN_POINT ( 'NONE',  ( -7.375000000000007994, -0.6498393924658164567, -2.000000000000002220 ) ) ;
#141 = CARTESIAN_POINT ( 'NONE',  ( 4.118218230903829991, -1.105372559194653270, 3.356549519670508186 ) ) ;
#142 = CARTESIAN_POINT ( 'NONE',  ( 228.0000000000000000, 5.000000000000001776, -2.886751345948125103 ) ) ;
#143 = ADVANCED_FACE ( 'NONE', ( #2517 ), #1580, .T. ) ;
#144 = PRODUCT_DEFINITION ( 'UNKNOWN', '', #3276, #2531 ) ;
#145 = EDGE_LOOP ( 'NONE', ( #716, #1155, #1558, #2488, #230, #1507 ) ) ;
#146 = EDGE_CURVE ( 'NONE', #4506, #1363, #2047, .T. ) ;
#147 = CARTESIAN_POINT ( 'NONE',  ( -12.62500000000001599, -2.102924448476536590, 0.000000000000000000 ) ) ;
#148 = CARTESIAN_POINT ( 'NONE',  ( 231.5000000000000000, -1.902113032590309283, 0.6180339887499053386 ) ) ;
#149 = CARTESIAN_POINT ( 'NONE',  ( 235.5000000000000284, 1.175570504584944054, 1.618033988749906227 ) ) ;
#150 = ORIENTED_EDGE ( 'NONE', *, *, #4828, .T. ) ;
#151 = CARTESIAN_POINT ( 'NONE',  ( 7.913166887680227468, 1.664498793564392010, 3.886751345948129543 ) ) ;
#152 = DIRECTION ( 'NONE',  ( -0.7071067811865496822, 0.7071067811865452413, 0.000000000000000000 ) ) ;
#153 = CARTESIAN_POINT ( 'NONE',  ( 234.7500000000000000, -1.763355756877422964, 2.427050983124845462 ) ) ;
#154 = DIRECTION ( 'NONE',  ( 0.000000000000000000, 1.000000000000000000, -0.000000000000000000 ) ) ;
#155 = CARTESIAN_POINT ( 'NONE',  ( 109.5294372515226513, 2.000000000000000000, 0.000000000000000000 ) ) ;
#156 = B_SPLINE_SURFACE_WITH_KNOTS ( 'NONE', 3, 1, ( 
 ( #5399, #5453 ),
 ( #3175, #3665 ),
 ( #1458, #595 ),
 ( #4967, #4080 ),
 ( #3261, #4057 ),
 ( #1882, #3632 ),
 ( #1017, #3751 ),
 ( #4534, #2807 ),
 ( #659, #5482 ),
 ( #2843, #3723 ),
 ( #4505, #162 ) ),
 .UNSPECIFIED., .F., .F., .F.,
 ( 4, 1, 1, 1, 1, 1, 1, 1, 4 ),
 ( 2, 2 ),
 ( 0.000000000000000000, 0.1383146864582633084, 0.2716412756033521059, 0.3998724816243269253, 0.5249982917199350618, 0.6463757773438070231, 0.7656873883282042659, 0.8831990591775411570, 1.000000000000000000 ),
 ( 0.000000000000000000, 1.000000000000000000 ),
 .UNSPECIFIED. ) ;
#157 = ORIENTED_EDGE ( 'NONE', *, *, #5005, .T. ) ;
#158 = AXIS2_PLACEMENT_3D ( 'NONE', #650, #4497, #2307 ) ;
#159 = DIRECTION ( 'NONE',  ( -1.000000000000000000, 0.000000000000000000, 0.000000000000000000 ) ) ;
#160 = DIRECTION ( 'NONE',  ( 1.000000000000000000, -0.000000000000000000, -0.000000000000000000 ) ) ;
#161 = AXIS2_PLACEMENT_3D ( 'NONE', #2451, #4182, #268 ) ;
#162 = CARTESIAN_POINT ( 'NONE',  ( 2.299324022902030862, -0.9762459062396343645, 2.886751345948129543 ) ) ;
#163 = LINE ( 'NONE', #1913, #921 ) ;
#164 = FACE_OUTER_BOUND ( 'NONE', #181, .T. ) ;
#165 = ORIENTED_EDGE ( 'NONE', *, *, #5251, .F. ) ;
#166 = EDGE_CURVE ( 'NONE', #4084, #1336, #4584, .T. ) ;
#167 = AXIS2_PLACEMENT_3D ( 'NONE', #1910, #3664, #5397 ) ;
#168 = CARTESIAN_POINT ( 'NONE',  ( 237.7500000000000284, 1.902113032590309283, 0.6180339887499053386 ) ) ;
#169 = CARTESIAN_POINT ( 'NONE',  ( -7.250000000000006217, 0.000000000000000000, -2.000000000000001776 ) ) ;
#170 = AXIS2_PLACEMENT_3D ( 'NONE', #3933, #2239, #3298 ) ;
#171 = CARTESIAN_POINT ( 'NONE',  ( 225.0000000000000000, -5.000000000000000888, 2.886751345948130432 ) ) ;
#172 = DIRECTION ( 'NONE',  ( 0.000000000000000000, -5.421010862427522170E-17, -1.000000000000000000 ) ) ;
#173 = VECTOR ( 'NONE', #4202, 1000.000000000000000 ) ;
#174 = ORIENTED_EDGE ( 'NONE', *, *, #1057, .F. ) ;
#175 = VECTOR ( 'NONE', #5462, 1000.000000000000000 ) ;
#176 = CARTESIAN_POINT ( 'NONE',  ( -10.75000000000001421, 0.000000000000000000, 2.000000000000001776 ) ) ;
#177 = EDGE_CURVE ( 'NONE', #4556, #5402, #933, .T. ) ;
#178 = DIRECTION ( 'NONE',  ( 1.000000000000000000, 0.000000000000000000, 0.000000000000000000 ) ) ;
#179 = CARTESIAN_POINT ( 'NONE',  ( 232.2500000000000000, 0.000000000000000000, -2.000000000000001776 ) ) ;
#180 = CARTESIAN_POINT ( 'NONE',  ( 234.1250000000000000, -1.701301616704077091, -1.236067977499787141 ) ) ;
#181 = EDGE_LOOP ( 'NONE', ( #1946, #1790, #1124, #4785 ) ) ;
#182 = ORIENTED_EDGE ( 'NONE', *, *, #5625, .F. ) ;
#183 = CARTESIAN_POINT ( 'NONE',  ( 7.353840324345111590, -1.847348703317845509, 3.886751345948129543 ) ) ;
#184 = EDGE_CURVE ( 'NONE', #4415, #4296, #4225, .T. ) ;
#185 = AXIS2_PLACEMENT_3D ( 'NONE', #26, #4795, #2287 ) ;
#186 = ADVANCED_FACE ( 'NONE', ( #2871 ), #1621, .T. ) ;
#187 = AXIS2_PLACEMENT_3D ( 'NONE', #3508, #3420, #4748 ) ;
#188 = VERTEX_POINT ( 'NONE', #656 ) ;
#189 = CARTESIAN_POINT ( 'NONE',  ( 2.299324022902030862, -0.9762459062396343645, 3.361092669140551603 ) ) ;
#190 = CARTESIAN_POINT ( 'NONE',  ( 235.2500000000000284, -2.853169548885460483, -0.9270509831248441301 ) ) ;
#191 = FACE_OUTER_BOUND ( 'NONE', #4849, .T. ) ;
#192 = AXIS2_PLACEMENT_3D ( 'NONE', #4940, #2782, #597 ) ;
#193 = FACE_OUTER_BOUND ( 'NONE', #940, .T. ) ;
#194 = ORIENTED_EDGE ( 'NONE', *, *, #2326, .F. ) ;
#195 = CARTESIAN_POINT ( 'NONE',  ( 234.1250000000000000, 3.154386672714803996, 0.000000000000000000 ) ) ;
#196 = DIRECTION ( 'NONE',  ( -0.000000000000000000, -5.421010862427522170E-17, 1.000000000000000000 ) ) ;
#197 = CARTESIAN_POINT ( 'NONE',  ( 213.4705627484779313, -3.499999999999994671, 4.286263797015739060E-16 ) ) ;
#198 = FACE_OUTER_BOUND ( 'NONE', #2183, .T. ) ;
#199 = FILL_AREA_STYLE_COLOUR ( '', #1926 ) ;
#200 = DIRECTION ( 'NONE',  ( 0.000000000000000000, 0.000000000000000000, -1.000000000000000000 ) ) ;
#201 = ORIENTED_EDGE ( 'NONE', *, *, #698, .T. ) ;
#202 = ORIENTED_EDGE ( 'NONE', *, *, #3339, .F. ) ;
#203 = CARTESIAN_POINT ( 'NONE',  ( 237.1250000000000000, 0.6498393924658139031, -1.999999999999996669 ) ) ;
#204 = CARTESIAN_POINT ( 'NONE',  ( -8.250000000000007105, -1.175570504584944054, 1.618033988749892238 ) ) ;
#205 = FACE_OUTER_BOUND ( 'NONE', #481, .T. ) ;
#206 = DIRECTION ( 'NONE',  ( -0.000000000000000000, -0.000000000000000000, -1.000000000000000000 ) ) ;
#207 = VECTOR ( 'NONE', #2529, 1000.000000000000000 ) ;
#208 = LINE ( 'NONE', #1951, #1761 ) ;
#209 = ORIENTED_EDGE ( 'NONE', *, *, #2930, .T. ) ;
#210 = CARTESIAN_POINT ( 'NONE',  ( 4.373740997176883027, 1.281129185678060001, 3.257909762179584057 ) ) ;
#211 = CARTESIAN_POINT ( 'NONE',  ( 4.200014834162453248, 1.418969622771228956, 2.886751345948130432 ) ) ;
#212 = DIRECTION ( 'NONE',  ( 0.7071067811865456854, -0.7071067811865493491, 0.000000000000000000 ) ) ;
#213 = ORIENTED_EDGE ( 'NONE', *, *, #3552, .T. ) ;
#214 = ORIENTED_EDGE ( 'NONE', *, *, #638, .F. ) ;
#215 = FACE_OUTER_BOUND ( 'NONE', #4203, .T. ) ;
#216 = VERTEX_POINT ( 'NONE', #5054 ) ;
#217 = CARTESIAN_POINT ( 'NONE',  ( -12.75000000000001066, 0.000000000000000000, 2.500000000000002220 ) ) ;
#218 = CARTESIAN_POINT ( 'NONE',  ( 232.7500000000000000, -2.853169548885460483, -0.9270509831248441301 ) ) ;
#219 = CARTESIAN_POINT ( 'NONE',  ( 18.84314575050763452, 2.343145750507646952, 0.000000000000000000 ) ) ;
#220 = EDGE_CURVE ( 'NONE', #5304, #2573, #3196, .T. ) ;
#221 = ADVANCED_FACE ( 'NONE', ( #2950 ), #2405, .T. ) ;
#222 = CYLINDRICAL_SURFACE ( 'NONE', #3913, 3.499999999999999556 ) ;
#223 = ORIENTED_EDGE ( 'NONE', *, *, #2463, .F. ) ;
#224 = CARTESIAN_POINT ( 'NONE',  ( 24.81370849898478781, 5.000000000000000000, 3.500000000000000000 ) ) ;
#225 = ADVANCED_FACE ( 'NONE', ( #761 ), #738, .F. ) ;
#226 = DIRECTION ( 'NONE',  ( 0.000000000000000000, -1.000000000000000000, -0.000000000000000000 ) ) ;
#227 = FACE_OUTER_BOUND ( 'NONE', #324, .T. ) ;
#228 = DIRECTION ( 'NONE',  ( -0.7071067811865506814, 0.000000000000000000, 0.7071067811865443531 ) ) ;
#229 = DIRECTION ( 'NONE',  ( 0.000000000000000000, 0.000000000000000000, 1.000000000000000000 ) ) ;
#230 = ORIENTED_EDGE ( 'NONE', *, *, #4381, .F. ) ;
#231 = EDGE_LOOP ( 'NONE', ( #5644, #627, #2974, #1842, #2737, #670 ) ) ;
#232 = DIRECTION ( 'NONE',  ( -1.000000000000000000, 0.000000000000000000, 0.000000000000000000 ) ) ;
#233 = CARTESIAN_POINT ( 'NONE',  ( -11.00000000000001421, -1.763355756877422964, -2.427050983124845462 ) ) ;
#234 = VECTOR ( 'NONE', #882, 1000.000000000000000 ) ;
#235 = CARTESIAN_POINT ( 'NONE',  ( 4.118218230903829991, -1.105372559194653270, 2.886751345948128655 ) ) ;
#236 = CARTESIAN_POINT ( 'NONE',  ( 144.4705627484768513, 11.49999999999980993, 4.286263797015736595E-16 ) ) ;
#237 = CARTESIAN_POINT ( 'NONE',  ( 13.18629150101519087, 4.286263797015736595E-16, 3.500000000000000000 ) ) ;
#238 = ORIENTED_EDGE ( 'NONE', *, *, #3765, .T. ) ;
#239 = CARTESIAN_POINT ( 'NONE',  ( -0.3431457505076260794, 0.000000000000000000, 0.000000000000000000 ) ) ;
#240 = CARTESIAN_POINT ( 'NONE',  ( 3.993526575702074588, 1.545504263498562070, 2.886751345948129543 ) ) ;
#241 = CARTESIAN_POINT ( 'NONE',  ( 186.4705627484778461, -11.50000000000000000, 0.000000000000000000 ) ) ;
#242 = EDGE_LOOP ( 'NONE', ( #2225, #574, #2065, #618 ) ) ;
#243 = ORIENTED_EDGE ( 'NONE', *, *, #3859, .F. ) ;
#244 = EDGE_CURVE ( 'NONE', #2222, #2878, #3343, .T. ) ;
#245 = CARTESIAN_POINT ( 'NONE',  ( 3.127343025296278611, 1.264164801364995983, 3.389244452423743503 ) ) ;
#246 = AXIS2_PLACEMENT_3D ( 'NONE', #2939, #2988, #2507 ) ;
#247 = CARTESIAN_POINT ( 'NONE',  ( 3.142990511410849397, 1.739325089662735468, 3.131276467051552714 ) ) ;
#248 = DIRECTION ( 'NONE',  ( 0.000000000000000000, 0.000000000000000000, -1.000000000000000000 ) ) ;
#249 = CARTESIAN_POINT ( 'NONE',  ( 2.362302822118135914, 0.8850582092066512363, 3.386247475645558502 ) ) ;
#250 = ORIENTED_EDGE ( 'NONE', *, *, #1759, .T. ) ;
#251 = DIRECTION ( 'NONE',  ( 1.000000000000000000, 0.000000000000000000, 0.000000000000000000 ) ) ;
#252 = DIRECTION ( 'NONE',  ( 1.000000000000000000, -0.000000000000000000, -0.000000000000000000 ) ) ;
#253 = EDGE_CURVE ( 'NONE', #394, #506, #4598, .T. ) ;
#254 = CARTESIAN_POINT ( 'NONE',  ( 1.473944353606746249, 0.2456539760260554595, 2.886751345948127767 ) ) ;
#255 = CARTESIAN_POINT ( 'NONE',  ( 2.267066387640442215, 1.504856479555046089, 3.312505020278111445 ) ) ;
#256 = DIRECTION ( 'NONE',  ( 0.7071067811865469066, 0.7071067811865482389, 0.000000000000000000 ) ) ;
#257 = FACE_OUTER_BOUND ( 'NONE', #1584, .T. ) ;
#258 = ORIENTED_EDGE ( 'NONE', *, *, #4934, .T. ) ;
#259 = ORIENTED_EDGE ( 'NONE', *, *, #4077, .T. ) ;
#260 = CARTESIAN_POINT ( 'NONE',  ( 155.0147186257611054, 11.48528137423873652, 0.000000000000000000 ) ) ;
#261 = AXIS2_PLACEMENT_3D ( 'NONE', #2134, #2073, #3341 ) ;
#262 = CARTESIAN_POINT ( 'NONE',  ( -10.75000000000000533, -1.175570504584944054, 1.618033988749892238 ) ) ;
#263 = LINE ( 'NONE', #4122, #175 ) ;
#264 = CARTESIAN_POINT ( 'NONE',  ( 16.68198051533942916, 5.131727983645252067, 0.000000000000000000 ) ) ;
#265 = STYLED_ITEM ( 'NONE', ( #1347 ), #5035 ) ;
#266 = VERTEX_POINT ( 'NONE', #3719 ) ;
#267 = CARTESIAN_POINT ( 'NONE',  ( 109.5294372515226655, -10.00000000000019007, 0.000000000000000000 ) ) ;
#268 = DIRECTION ( 'NONE',  ( 1.000000000000000000, 0.000000000000000000, 0.000000000000000000 ) ) ;
#269 = VECTOR ( 'NONE', #983, 999.9999999999998863 ) ;
#270 = DIRECTION ( 'NONE',  ( 0.000000000000000000, -0.5000000000000003331, -0.8660254037844385966 ) ) ;
#271 = AXIS2_PLACEMENT_3D ( 'NONE', #60, #1437, #942 ) ;
#272 = ORIENTED_EDGE ( 'NONE', *, *, #4935, .F. ) ;
#273 = CARTESIAN_POINT ( 'NONE',  ( 4.449956483261908957, 1.213046807104388725, 3.886751345948129543 ) ) ;
#274 = EDGE_CURVE ( 'NONE', #3081, #5639, #2898, .T. ) ;
#275 = CARTESIAN_POINT ( 'NONE',  ( 1.871567030206502391, -1.363471988548559999, 3.225519225871961826 ) ) ;
#276 = CARTESIAN_POINT ( 'NONE',  ( -12.50000000000001421, -1.902113032590309283, -0.6180339887498914608 ) ) ;
#277 = ORIENTED_EDGE ( 'NONE', *, *, #1482, .T. ) ;
#278 = AXIS2_PLACEMENT_3D ( 'NONE', #3075, #5179, #1724 ) ;
#279 = CARTESIAN_POINT ( 'NONE',  ( 5.076626713085535592, -1.847348703317845509, 3.886751345948129543 ) ) ;
#280 = VECTOR ( 'NONE', #3153, 1000.000000000000000 ) ;
#281 = CARTESIAN_POINT ( 'NONE',  ( 233.1250000000000000, -2.551952425056123186, -1.854101966249681155 ) ) ;
#282 = CARTESIAN_POINT ( 'NONE',  ( 1.826239258466160420, 1.094748864067754734, 2.886751345948129988 ) ) ;
#283 = CARTESIAN_POINT ( 'NONE',  ( -6.000000000000005329, 0.000000000000000000, 0.000000000000000000 ) ) ;
#284 = CARTESIAN_POINT ( 'NONE',  ( 233.3749999999999716, 0.9747590886987209657, -2.999999999999992450 ) ) ;
#285 = CARTESIAN_POINT ( 'NONE',  ( 13.18629150101519087, 0.000000000000000000, 0.000000000000000000 ) ) ;
#286 = ORIENTED_EDGE ( 'NONE', *, *, #3654, .F. ) ;
#287 = ORIENTED_EDGE ( 'NONE', *, *, #5289, .F. ) ;
#288 = DIRECTION ( 'NONE',  ( 1.000000000000000000, 0.000000000000000000, 0.000000000000000000 ) ) ;
#289 = CARTESIAN_POINT ( 'NONE',  ( -9.375000000000014211, -0.9747590886987209657, 2.999999999999999556 ) ) ;
#290 = DIRECTION ( 'NONE',  ( 1.000000000000000000, -0.000000000000000000, -0.000000000000000000 ) ) ;
#291 = CARTESIAN_POINT ( 'NONE',  ( 235.2500000000000284, 1.902113032590309283, 0.6180339887499053386 ) ) ;
#292 = CARTESIAN_POINT ( 'NONE',  ( -8.125000000000005329, -1.701301616704077535, 1.236067977499787363 ) ) ;
#293 = EDGE_CURVE ( 'NONE', #2878, #5095, #390, .T. ) ;
#294 = ADVANCED_FACE ( 'NONE', ( #900 ), #5246, .T. ) ;
#295 = EDGE_CURVE ( 'NONE', #2896, #3003, #4807, .T. ) ;
#296 = CARTESIAN_POINT ( 'NONE',  ( 1.454728049962366265, -0.2945242242058806470, 3.502014054161017853 ) ) ;
#297 = DIRECTION ( 'NONE',  ( 0.000000000000000000, 0.000000000000000000, -1.000000000000000000 ) ) ;
#298 = AXIS2_PLACEMENT_3D ( 'NONE', #1867, #3618, #5494 ) ;
#299 = EDGE_CURVE ( 'NONE', #2343, #2412, #4363, .T. ) ;
#300 = ADVANCED_FACE ( 'NONE', ( #5162 ), #18, .T. ) ;
#301 = CARTESIAN_POINT ( 'NONE',  ( 2.588553614434962125, 1.655230382157913960, 2.886751345948129988 ) ) ;
#302 = VECTOR ( 'NONE', #2433, 1000.000000000000000 ) ;
#303 = CARTESIAN_POINT ( 'NONE',  ( 3.214570005294501431, 1.264161525373619810, 2.886751345948129543 ) ) ;
#304 = EDGE_LOOP ( 'NONE', ( #3739, #5371, #1306, #2917 ) ) ;
#305 = DIRECTION ( 'NONE',  ( -0.7071067811865445751, -0.7071067811865504593, 0.000000000000000000 ) ) ;
#306 = AXIS2_PLACEMENT_3D ( 'NONE', #559, #2691, #4468 ) ;
#307 = B_SPLINE_CURVE_WITH_KNOTS ( 'NONE', 3,
 ( #1835, #2674, #3587, #2210, #1384, #1352, #3101, #494, #3128, #4010 ),
 .UNSPECIFIED., .F., .F.,
 ( 4, 2, 2, 2, 4 ),
 ( 0.000000000000000000, 0.0002936191925624677163, 0.0005872383851249354325, 0.0008808575776874042872, 0.001174476770249873250 ),
 .UNSPECIFIED. ) ;
#308 = CARTESIAN_POINT ( 'NONE',  ( 1.871567030206502391, -1.363471988548559999, 2.886751345948129543 ) ) ;
#309 = DIRECTION ( 'NONE',  ( 0.000000000000000000, 0.000000000000000000, 1.000000000000000000 ) ) ;
#310 = B_SPLINE_SURFACE_WITH_KNOTS ( 'NONE', 3, 1, ( 
 ( #247, #863 ),
 ( #5050, #2564 ),
 ( #354, #2595 ),
 ( #4328, #3845 ),
 ( #1989, #2155 ),
 ( #1270, #3742 ),
 ( #3930, #5580 ),
 ( #7, #4300 ),
 ( #5474, #5631 ),
 ( #5238, #4719 ),
 ( #1328, #1566 ) ),
 .UNSPECIFIED., .F., .F., .F.,
 ( 4, 1, 1, 1, 1, 1, 1, 1, 4 ),
 ( 2, 2 ),
 ( 0.000000000000000000, 0.1343997057783657412, 0.2653937826958124857, 0.3926134620224360772, 0.5178020876810365269, 0.6407359299181780710, 0.7618614872569461349, 0.8813823550160447828, 0.9999999999999998890 ),
 ( 0.000000000000000000, 1.000000000000000000 ),
 .UNSPECIFIED. ) ;
#311 = EDGE_LOOP ( 'NONE', ( #4409, #4676, #4972, #5156 ) ) ;
#312 = CARTESIAN_POINT ( 'NONE',  ( 1.871567030206502391, -1.363471988548559999, 3.223498741498658671 ) ) ;
#313 = LINE ( 'NONE', #4226, #5280 ) ;
#314 = DIRECTION ( 'NONE',  ( 0.000000000000000000, -0.000000000000000000, 1.000000000000000000 ) ) ;
#315 = CARTESIAN_POINT ( 'NONE',  ( 0.000000000000000000, -0.4999999999999962252, -3.252606517456487664E-16 ) ) ;
#316 = CARTESIAN_POINT ( 'NONE',  ( 48.47056274847710711, -5.000000000000095923, 0.000000000000000000 ) ) ;
#317 = ORIENTED_EDGE ( 'NONE', *, *, #4412, .F. ) ;
#318 = VERTEX_POINT ( 'NONE', #1736 ) ;
#319 = LINE ( 'NONE', #2959, #4371 ) ;
#320 = CARTESIAN_POINT ( 'NONE',  ( -7.375000000000005329, 0.9747590886987209657, 2.999999999999999556 ) ) ;
#321 = DIRECTION ( 'NONE',  ( -1.000000000000000000, 0.000000000000000000, 0.000000000000000000 ) ) ;
#322 = CARTESIAN_POINT ( 'NONE',  ( 226.0000000000000000, -1.500000000000000000, 3.773502691896260419 ) ) ;
#323 = CARTESIAN_POINT ( 'NONE',  ( 1.553258737228808695, -0.8092297859517088021, 3.502014054161018741 ) ) ;
#324 = EDGE_LOOP ( 'NONE', ( #3311, #1883, #4523, #2672 ) ) ;
#325 = AXIS2_PLACEMENT_3D ( 'NONE', #1573, #3372, #5107 ) ;
#326 = DIRECTION ( 'NONE',  ( -1.000000000000000000, 0.000000000000000000, 0.000000000000000000 ) ) ;
#327 = EDGE_CURVE ( 'NONE', #2573, #3693, #5509, .T. ) ;
#328 = LINE ( 'NONE', #5549, #4545 ) ;
#329 =( BOUNDED_CURVE ( )  B_SPLINE_CURVE ( 2, ( #5471, #3390, #4269, #3422, #5155, #1240, #2565, #1984, #3310, #944, #1272, #5182, #4384, #3511, #5263, #3563, #3022, #386, #5607, #2679, #1782, #4804, #4752, #4780, #1728, #3451, #1698, #1755, #2650, #1329, #3878, #892, #5296, #1355, #864, #2185, #840, #415, #3537, #2157, #3985 ),
 .UNSPECIFIED., .F., .F. ) 
 B_SPLINE_CURVE_WITH_KNOTS ( ( 3, 2, 2, 2, 2, 2, 2, 2, 2, 2, 2, 2, 2, 2, 2, 2, 2, 2, 2, 2, 3 ),
 ( 0.000000000000000000, 0.05000000000000000278, 0.1000000000000000056, 0.1499999999999999944, 0.2000000000000000111, 0.2500000000000000000, 0.2999999999999999889, 0.3499999999999999778, 0.4000000000000000222, 0.4500000000000000111, 0.5000000000000000000, 0.5500000000000000444, 0.5999999999999999778, 0.6500000000000000222, 0.6999999999999999556, 0.7500000000000000000, 0.8000000000000000444, 0.8499999999999999778, 0.9000000000000000222, 0.9499999999999999556, 1.000000000000000000 ),
 .UNSPECIFIED. ) 
 CURVE ( )  GEOMETRIC_REPRESENTATION_ITEM ( )  RATIONAL_B_SPLINE_CURVE ( ( 1.000000000000000000, 0.9510565162951535312, 1.000000000000000000, 0.9510565162951535312, 1.000000000000000000, 0.9510565162951535312, 1.000000000000000000, 0.9510565162951535312, 1.000000000000000000, 0.9510565162951535312, 1.000000000000000000, 0.9510565162951535312, 1.000000000000000000, 0.9510565162951535312, 1.000000000000000000, 0.9510565162951535312, 1.000000000000000000, 0.9510565162951535312, 1.000000000000000000, 0.9510565162951535312, 1.000000000000000000, 0.9510565162951535312, 1.000000000000000000, 0.9510565162951535312, 1.000000000000000000, 0.9510565162951535312, 1.000000000000000000, 0.9510565162951535312, 1.000000000000000000, 0.9510565162951535312, 1.000000000000000000, 0.9510565162951535312, 1.000000000000000000, 0.9510565162951535312, 1.000000000000000000, 0.9510565162951535312, 1.000000000000000000, 0.9510565162951535312, 1.000000000000000000, 0.9510565162951535312, 1.000000000000000000 ) ) 
 REPRESENTATION_ITEM ( '' )  );
#330 = DIRECTION ( 'NONE',  ( 0.000000000000000000, -0.8660254037844384856, 0.5000000000000002220 ) ) ;
#331 = ADVANCED_FACE ( 'NONE', ( #788 ), #1492, .T. ) ;
#332 = EDGE_LOOP ( 'NONE', ( #3165, #691, #5053, #3421 ) ) ;
#333 = CARTESIAN_POINT ( 'NONE',  ( -9.875000000000003553, 0.9747590886987209657, 2.999999999999999556 ) ) ;
#334 = CARTESIAN_POINT ( 'NONE',  ( 2.981040013742038752, -1.919452848714497950, 2.886751345948129543 ) ) ;
#335 = DIRECTION ( 'NONE',  ( 1.000000000000000000, 0.000000000000000000, 0.000000000000000000 ) ) ;
#336 = EDGE_LOOP ( 'NONE', ( #3775, #5128, #5343, #946 ) ) ;
#337 = DIRECTION ( 'NONE',  ( -1.000000000000000000, 0.000000000000000000, 0.000000000000000000 ) ) ;
#338 = DIRECTION ( 'NONE',  ( -1.000000000000000000, 0.000000000000000000, 0.000000000000000000 ) ) ;
#339 = FACE_OUTER_BOUND ( 'NONE', #2864, .T. ) ;
#340 = CARTESIAN_POINT ( 'NONE',  ( 234.6250000000000000, -0.9747590886987209657, 2.999999999999992450 ) ) ;
#341 = CARTESIAN_POINT ( 'NONE',  ( 3.187262736602368918, -1.440792494516847766, 2.886751345948129543 ) ) ;
#342 = EDGE_LOOP ( 'NONE', ( #1772, #3249, #3702, #5190 ) ) ;
#343 =( NAMED_UNIT ( * ) PLANE_ANGLE_UNIT ( ) SI_UNIT ( $, .RADIAN. ) );
#344 = DIRECTION ( 'NONE',  ( -1.000000000000000000, -0.000000000000000000, -0.000000000000000000 ) ) ;
#345 = VECTOR ( 'NONE', #3714, 1000.000000000000000 ) ;
#346 = DIRECTION ( 'NONE',  ( 0.000000000000000000, 0.000000000000000000, 1.000000000000000000 ) ) ;
#347 = CARTESIAN_POINT ( 'NONE',  ( -10.00000000000001421, 2.853169548885460483, 0.9270509831248441301 ) ) ;
#348 = ADVANCED_FACE ( 'NONE', ( #4731 ), #2578, .F. ) ;
#349 = CARTESIAN_POINT ( 'NONE',  ( 233.7500000000000000, -1.902113032590309283, 0.6180339887499053386 ) ) ;
#350 = CARTESIAN_POINT ( 'NONE',  ( 236.7500000000000284, 1.763355756877416081, 2.427050983124845462 ) ) ;
#351 = VECTOR ( 'NONE', #4718, 1000.000000000000000 ) ;
#352 = CYLINDRICAL_SURFACE ( 'NONE', #1705, 3.500000000000002220 ) ;
#353 = DIRECTION ( 'NONE',  ( 0.000000000000000000, 0.000000000000000000, -1.000000000000000000 ) ) ;
#354 = CARTESIAN_POINT ( 'NONE',  ( 3.254323290286619041, 1.738050887570469660, 3.131276467051552270 ) ) ;
#355 = CIRCLE ( 'NONE', #167, 8.500000000000007105 ) ;
#356 = CARTESIAN_POINT ( 'NONE',  ( 24.81370849898478781, 5.000000000000000000, -3.500000000000000000 ) ) ;
#357 = ORIENTED_EDGE ( 'NONE', *, *, #1158, .F. ) ;
#358 = CARTESIAN_POINT ( 'NONE',  ( -11.87500000000000711, -2.551952425056123186, 1.854101966249688260 ) ) ;
#359 = VECTOR ( 'NONE', #5079, 1000.000000000000000 ) ;
#360 = AXIS2_PLACEMENT_3D ( 'NONE', #1567, #4528, #2772 ) ;
#361 = DIRECTION ( 'NONE',  ( -0.000000000000000000, -0.8660254037844384856, -0.5000000000000002220 ) ) ;
#362 = CARTESIAN_POINT ( 'NONE',  ( 7.913166887680227468, 0.000000000000000000, 0.000000000000000000 ) ) ;
#363 = ORIENTED_EDGE ( 'NONE', *, *, #2683, .T. ) ;
#364 = EDGE_CURVE ( 'NONE', #838, #446, #2960, .T. ) ;
#365 = CIRCLE ( 'NONE', #728, 3.500000000000000000 ) ;
#366 = ADVANCED_FACE ( 'NONE', ( #2194 ), #1943, .T. ) ;
#367 = FACE_OUTER_BOUND ( 'NONE', #3221, .T. ) ;
#368 = ADVANCED_FACE ( 'NONE', ( #3457 ), #5134, .T. ) ;
#369 = CARTESIAN_POINT ( 'NONE',  ( 1.453921786281333617, 0.07139464079407671637, 2.886751345948130432 ) ) ;
#370 = CARTESIAN_POINT ( 'NONE',  ( 144.4705627484768513, 15.00000000000052758, 0.000000000000000000 ) ) ;
#371 = CARTESIAN_POINT ( 'NONE',  ( -3.000000000000000000, -8.673617379884035472E-16, 5.773502691896260863 ) ) ;
#372 = CARTESIAN_POINT ( 'NONE',  ( 3.440684912393338291, 1.240438966600645898, 2.886751345948129988 ) ) ;
#373 = ORIENTED_EDGE ( 'NONE', *, *, #2508, .F. ) ;
#374 = ORIENTED_EDGE ( 'NONE', *, *, #4544, .T. ) ;
#375 = FACE_OUTER_BOUND ( 'NONE', #4978, .T. ) ;
#376 = CIRCLE ( 'NONE', #1834, 3.500000000000000000 ) ;
#377 = CARTESIAN_POINT ( 'NONE',  ( -7.500000000000007105, 1.763355756877422964, 2.427050983124845462 ) ) ;
#378 = CARTESIAN_POINT ( 'NONE',  ( -11.12500000000001421, -2.551952425056123186, -1.854101966249681155 ) ) ;
#379 = ORIENTED_EDGE ( 'NONE', *, *, #4061, .T. ) ;
#380 = VERTEX_POINT ( 'NONE', #4336 ) ;
#381 = CARTESIAN_POINT ( 'NONE',  ( 235.7500000000000284, 0.000000000000000000, -3.000000000000002665 ) ) ;
#382 = CARTESIAN_POINT ( 'NONE',  ( 226.0000000000000000, -2.500000000000000000, 5.773502691896260863 ) ) ;
#383 = PLANE ( 'NONE',  #803 ) ;
#384 = CARTESIAN_POINT ( 'NONE',  ( -3.000000000000002665, 0.000000000000000000, 0.000000000000000000 ) ) ;
#385 = EDGE_LOOP ( 'NONE', ( #5213, #690, #1100, #540 ) ) ;
#386 = CARTESIAN_POINT ( 'NONE',  ( 235.1250000000000000, -2.551952425056123186, 1.854101966249681155 ) ) ;
#387 = ORIENTED_EDGE ( 'NONE', *, *, #3465, .F. ) ;
#388 = CARTESIAN_POINT ( 'NONE',  ( -10.00000000000000533, 1.763355756877422964, 2.427050983124845462 ) ) ;
#389 = CARTESIAN_POINT ( 'NONE',  ( 236.0000000000000284, 0.000000000000000000, -3.000000000000002665 ) ) ;
#390 = CIRCLE ( 'NONE', #2409, 3.500000000000000000 ) ;
#391 = CIRCLE ( 'NONE', #3593, 3.500000000000000000 ) ;
#392 = CARTESIAN_POINT ( 'NONE',  ( 1.999035262397625523, -1.496203996335714770, 3.225519225871961382 ) ) ;
#393 = LINE ( 'NONE', #3426, #1808 ) ;
#394 = VERTEX_POINT ( 'NONE', #1219 ) ;
#395 = VECTOR ( 'NONE', #866, 1000.000000000000227 ) ;
#396 = DIRECTION ( 'NONE',  ( 0.000000000000000000, 0.000000000000000000, 1.000000000000000000 ) ) ;
#397 = ORIENTED_EDGE ( 'NONE', *, *, #1385, .F. ) ;
#398 = CARTESIAN_POINT ( 'NONE',  ( 24.81370849898478781, 5.000000000000976108, 0.000000000000000000 ) ) ;
#399 = EDGE_CURVE ( 'NONE', #4193, #2263, #5642, .T. ) ;
#400 = EDGE_CURVE ( 'NONE', #441, #5220, #570, .T. ) ;
#401 = CARTESIAN_POINT ( 'NONE',  ( 233.7500000000000000, 2.853169548885460483, -0.9270509831248441301 ) ) ;
#402 = CARTESIAN_POINT ( 'NONE',  ( 2.299324022902030862, -0.9762459062396343645, 3.363938717079705931 ) ) ;
#403 = ORIENTED_EDGE ( 'NONE', *, *, #5039, .T. ) ;
#404 = ADVANCED_FACE ( 'NONE', ( #2163 ), #2030, .T. ) ;
#405 = FILL_AREA_STYLE_COLOUR ( '', #1564 ) ;
#406 = CARTESIAN_POINT ( 'NONE',  ( -7.125000000000015099, 0.9747590886987209657, 2.999999999999999556 ) ) ;
#407 = CARTESIAN_POINT ( 'NONE',  ( -9.125000000000007105, -3.154386672714803996, 0.000000000000000000 ) ) ;
#408 = CARTESIAN_POINT ( 'NONE',  ( -10.87500000000001421, -0.9747590886987209657, -2.999999999999999556 ) ) ;
#409 = VERTEX_POINT ( 'NONE', #870 ) ;
#410 = CARTESIAN_POINT ( 'NONE',  ( 7.353840324345111590, 0.2184806214639111455, 3.886751345948129543 ) ) ;
#411 = CARTESIAN_POINT ( 'NONE',  ( -3.000000000000000000, -5.000000000000000888, 2.886751345948130432 ) ) ;
#412 = CARTESIAN_POINT ( 'NONE',  ( -9.750000000000007105, 0.000000000000000000, -2.000000000000001776 ) ) ;
#413 = ORIENTED_EDGE ( 'NONE', *, *, #573, .F. ) ;
#414 = DIRECTION ( 'NONE',  ( 1.000000000000000000, -0.000000000000000000, -0.000000000000000000 ) ) ;
#415 = CARTESIAN_POINT ( 'NONE',  ( 232.6250000000000000, -2.551952425056123186, 1.854101966249681155 ) ) ;
#416 = ORIENTED_EDGE ( 'NONE', *, *, #1267, .F. ) ;
#417 = CARTESIAN_POINT ( 'NONE',  ( -11.37500000000000533, -2.551952425056123186, -1.854101966249681155 ) ) ;
#418 = CARTESIAN_POINT ( 'NONE',  ( 236.5000000000000284, 2.853169548885460483, -0.9270509831248441301 ) ) ;
#419 = VECTOR ( 'NONE', #290, 1000.000000000000000 ) ;
#420 = CARTESIAN_POINT ( 'NONE',  ( 186.4705627484778461, -18.49999999999981171, 4.286263797015736595E-16 ) ) ;
#421 = EDGE_LOOP ( 'NONE', ( #4869, #4983, #3299, #5240 ) ) ;
#422 = B_SPLINE_SURFACE_WITH_KNOTS ( 'NONE', 3, 1, ( 
 ( #4802, #4885 ),
 ( #2325, #2905 ),
 ( #2816, #631 ),
 ( #4064, #1149 ),
 ( #2445, #5435 ),
 ( #3270, #2417 ),
 ( #1978, #3673 ),
 ( #4149, #4514 ),
 ( #141, #235 ),
 ( #1888, #3758 ),
 ( #2350, #5376 ) ),
 .UNSPECIFIED., .F., .F., .F.,
 ( 4, 1, 1, 1, 1, 1, 1, 1, 4 ),
 ( 2, 2 ),
 ( 0.000000000000000000, 0.1309998693238428602, 0.2577325762700041212, 0.3809035249995869066, 0.5028783754775412174, 0.6240265270923212038, 0.7469900894031399341, 0.8716403128095434605, 0.9999999999999998890 ),
 ( 0.000000000000000000, 1.000000000000000000 ),
 .UNSPECIFIED. ) ;
#423 = DIRECTION ( 'NONE',  ( 0.000000000000000000, 0.000000000000000000, 1.000000000000000000 ) ) ;
#424 = DIRECTION ( 'NONE',  ( 0.000000000000000000, 0.000000000000000000, -1.000000000000000000 ) ) ;
#425 = CARTESIAN_POINT ( 'NONE',  ( 233.1250000000000000, 1.701301616704077091, 1.236067977499787141 ) ) ;
#426 = DIRECTION ( 'NONE',  ( 0.000000000000000000, 0.000000000000000000, -1.000000000000000000 ) ) ;
#427 = CARTESIAN_POINT ( 'NONE',  ( 2.920319725346830708, -1.414110066832717560, 2.886751345948130432 ) ) ;
#428 = VERTEX_POINT ( 'NONE', #4786 ) ;
#429 = ADVANCED_FACE ( 'NONE', ( #367 ), #1679, .T. ) ;
#430 = PLANE ( 'NONE',  #5572 ) ;
#431 = PLANE ( 'NONE',  #5640 ) ;
#432 = CARTESIAN_POINT ( 'NONE',  ( 1.919510003034402112, 1.210995897707717317, 2.886751345948130432 ) ) ;
#433 = CARTESIAN_POINT ( 'NONE',  ( -11.62500000000001243, -2.551952425056123186, 1.854101966249688260 ) ) ;
#434 = ORIENTED_EDGE ( 'NONE', *, *, #2884, .F. ) ;
#435 = CARTESIAN_POINT ( 'NONE',  ( 235.6250000000000000, -2.551952425056123186, -1.854101966249681155 ) ) ;
#436 = CARTESIAN_POINT ( 'NONE',  ( 24.81370849898478781, 5.000000000000976108, 0.000000000000000000 ) ) ;
#437 = FACE_BOUND ( 'NONE', #4324, .T. ) ;
#438 = ORIENTED_EDGE ( 'NONE', *, *, #3411, .T. ) ;
#439 = CYLINDRICAL_SURFACE ( 'NONE', #2577, 2.000000000000000000 ) ;
#440 = DIRECTION ( 'NONE',  ( 1.000000000000000000, 0.000000000000000000, 0.000000000000000000 ) ) ;
#441 = VERTEX_POINT ( 'NONE', #2249 ) ;
#442 = LINE ( 'NONE', #1215, #5230 ) ;
#443 = CARTESIAN_POINT ( 'NONE',  ( -8.500000000000007105, 0.000000000000000000, 2.000000000000001776 ) ) ;
#444 = VECTOR ( 'NONE', #5530, 1000.000000000000000 ) ;
#445 = CARTESIAN_POINT ( 'NONE',  ( 2.702298902842478423, -1.873383140063213714, 2.886751345948130432 ) ) ;
#446 = VERTEX_POINT ( 'NONE', #126 ) ;
#447 = EDGE_LOOP ( 'NONE', ( #90, #3163, #4697, #3967 ) ) ;
#448 = CIRCLE ( 'NONE', #5465, 3.500000000000000000 ) ;
#449 = CARTESIAN_POINT ( 'NONE',  ( 231.0000000000000000, 0.000000000000000000, 0.000000000000000000 ) ) ;
#450 = VECTOR ( 'NONE', #474, 1000.000000000000000 ) ;
#451 = ORIENTED_EDGE ( 'NONE', *, *, #2008, .F. ) ;
#452 = DIRECTION ( 'NONE',  ( -1.000000000000000000, 0.000000000000000000, 0.000000000000000000 ) ) ;
#453 = ADVANCED_FACE ( 'NONE', ( #4524 ), #1446, .T. ) ;
#454 = CYLINDRICAL_SURFACE ( 'NONE', #2106, 3.500000000000000000 ) ;
#455 = CARTESIAN_POINT ( 'NONE',  ( 235.0000000000000284, 1.175570504584944054, -1.618033988749906227 ) ) ;
#456 = AXIS2_PLACEMENT_3D ( 'NONE', #853, #2053, #1165 ) ;
#457 = CARTESIAN_POINT ( 'NONE',  ( 4.200014834162453248, 1.418969622771228956, 3.285443134652491270 ) ) ;
#458 = ORIENTED_EDGE ( 'NONE', *, *, #4131, .F. ) ;
#459 = VECTOR ( 'NONE', #196, 1000.000000000000000 ) ;
#460 = DIRECTION ( 'NONE',  ( 1.000000000000000000, 0.000000000000000000, 0.000000000000000000 ) ) ;
#461 = CARTESIAN_POINT ( 'NONE',  ( 4.222359832629448917, -1.001188004939081777, 2.886751345948129543 ) ) ;
#462 = CARTESIAN_POINT ( 'NONE',  ( -10.00000000000000533, -1.175570504584944054, -1.618033988749892238 ) ) ;
#463 = CARTESIAN_POINT ( 'NONE',  ( -11.37500000000000533, -2.551952425056123186, -1.854101966249681155 ) ) ;
#464 = VERTEX_POINT ( 'NONE', #586 ) ;
#465 = CARTESIAN_POINT ( 'NONE',  ( 233.3749999999999716, -0.9747590886987209657, -2.999999999999992450 ) ) ;
#466 = VECTOR ( 'NONE', #5255, 1000.000000000000000 ) ;
#467 = VECTOR ( 'NONE', #770, 1000.000000000000000 ) ;
#468 = DIRECTION ( 'NONE',  ( 0.000000000000000000, 0.000000000000000000, -1.000000000000000000 ) ) ;
#469 = DIRECTION ( 'NONE',  ( 0.7071067811865484609, 0.7071067811865465735, 0.000000000000000000 ) ) ;
#470 = DIRECTION ( 'NONE',  ( 0.000000000000000000, 0.000000000000000000, -1.000000000000000000 ) ) ;
#471 = ADVANCED_FACE ( 'NONE', ( #1870 ), #1023, .T. ) ;
#472 = EDGE_CURVE ( 'NONE', #2440, #5438, #4591, .T. ) ;
#473 = AXIS2_PLACEMENT_3D ( 'NONE', #3383, #2555, #5120 ) ;
#474 = DIRECTION ( 'NONE',  ( 1.000000000000000000, 8.425591134431187015E-16, 0.000000000000000000 ) ) ;
#475 = EDGE_CURVE ( 'NONE', #3541, #4462, #507, .T. ) ;
#476 = ORIENTED_EDGE ( 'NONE', *, *, #4593, .F. ) ;
#477 = ADVANCED_FACE ( 'NONE', ( #4020 ), #99, .F. ) ;
#478 = EDGE_CURVE ( 'NONE', #3991, #4488, #3622, .T. ) ;
#479 = CARTESIAN_POINT ( 'NONE',  ( -8.500000000000014211, 1.175570504584944054, 1.618033988749892238 ) ) ;
#480 = DIRECTION ( 'NONE',  ( 0.000000000000000000, 0.000000000000000000, 1.000000000000000000 ) ) ;
#481 = EDGE_LOOP ( 'NONE', ( #2413, #3140 ) ) ;
#482 = ORIENTED_EDGE ( 'NONE', *, *, #5595, .F. ) ;
#483 = CARTESIAN_POINT ( 'NONE',  ( 4.115108808221823899, 0.8276913821979213770, 3.400724478083353652 ) ) ;
#484 = DIRECTION ( 'NONE',  ( 1.000000000000000000, -0.000000000000000000, -0.000000000000000000 ) ) ;
#485 = DIRECTION ( 'NONE',  ( 0.000000000000000000, 0.000000000000000000, -1.000000000000000000 ) ) ;
#486 = CARTESIAN_POINT ( 'NONE',  ( 0.000000000000000000, 5.000000000000001776, -2.886751345948125103 ) ) ;
#487 = CARTESIAN_POINT ( 'NONE',  ( 237.7500000000000284, 0.000000000000000000, 2.500000000000002220 ) ) ;
#488 = ORIENTED_EDGE ( 'NONE', *, *, #3859, .T. ) ;
#489 = CARTESIAN_POINT ( 'NONE',  ( 225.0000000000000000, 0.000000000000000000, 0.000000000000000000 ) ) ;
#490 = DIRECTION ( 'NONE',  ( -0.7071067811865457964, -0.7071067811865492381, 0.000000000000000000 ) ) ;
#491 = CARTESIAN_POINT ( 'NONE',  ( 59.01471862576138250, -1.485281374238561769, 0.000000000000000000 ) ) ;
#492 = CARTESIAN_POINT ( 'NONE',  ( -7.375000000000005329, 0.9747590886987209657, 2.999999999999999556 ) ) ;
#493 = VERTEX_POINT ( 'NONE', #2333 ) ;
#494 = CARTESIAN_POINT ( 'NONE',  ( 4.084924327599941840, -1.134001039463053750, 3.311721642647172281 ) ) ;
#495 = CARTESIAN_POINT ( 'NONE',  ( 3.739495880131119776, -1.863627560818425621, 3.185810201376515938 ) ) ;
#496 = CARTESIAN_POINT ( 'NONE',  ( 2.133070999715326543, 0.4466038409198112569, 3.503679491924310163 ) ) ;
#497 = PLANE ( 'NONE',  #5099 ) ;
#498 = VERTEX_POINT ( 'NONE', #1899 ) ;
#499 = EDGE_LOOP ( 'NONE', ( #4259, #397 ) ) ;
#500 = CARTESIAN_POINT ( 'NONE',  ( -11.50000000000001599, 1.902113032590309283, -0.6180339887498984552 ) ) ;
#501 = EDGE_CURVE ( 'NONE', #3968, #4014, #3164, .T. ) ;
#502 = ADVANCED_FACE ( 'NONE', ( #2305 ), #2278, .F. ) ;
#503 = CARTESIAN_POINT ( 'NONE',  ( 1.871567030206502391, -1.363471988548559999, 2.886751345948129543 ) ) ;
#504 = ORIENTED_EDGE ( 'NONE', *, *, #5092, .T. ) ;
#505 = ORIENTED_EDGE ( 'NONE', *, *, #5281, .F. ) ;
#506 = VERTEX_POINT ( 'NONE', #3570 ) ;
#507 = LINE ( 'NONE', #4495, #2125 ) ;
#508 = VECTOR ( 'NONE', #517, 1000.000000000000000 ) ;
#509 = FACE_OUTER_BOUND ( 'NONE', #4466, .T. ) ;
#510 = CARTESIAN_POINT ( 'NONE',  ( 231.0000000000000000, 0.000000000000000000, 0.000000000000000000 ) ) ;
#511 =( BOUNDED_SURFACE ( )  B_SPLINE_SURFACE ( 1, 2, ( 
 ( #2527, #4295, #4263, #433, #4237, #5148, #3921, #378, #4320, #408, #3413, #2059, #2147, #2616, #3871, #4771, #347, #5574, #5600, #1690, #3044, #4349, #5172, #3896, #3810, #1260, #3352, #1717, #3471, #5202, #5087, #2640, #2262, #518, #3151, #84, #4826, #3954, #5342, #572, #4882 ),
 ( #3501, #4427, #2700, #5232, #4402, #1322, #4482, #463, #3096, #4007, #966, #2207, #5287, #2725, #1859, #4853, #1831, #3583, #1433, #912, #2318, #1776, #5317, #1408, #30, #3176, #4455, #4059, #3532, #3556, #4906, #2234, #5258, #991, #2291, #1349, #3069, #2671, #546, #492, #3979 ) ),
 .UNSPECIFIED., .F., .F., .F. ) 
 B_SPLINE_SURFACE_WITH_KNOTS ( ( 2, 2 ),
 ( 3, 2, 2, 2, 2, 2, 2, 2, 2, 2, 2, 2, 2, 2, 2, 2, 2, 2, 2, 2, 3 ),
 ( 0.000000000000000000, 1.000000000000000000 ),
 ( 0.000000000000000000, 0.05000000000000000278, 0.1000000000000000056, 0.1499999999999999944, 0.2000000000000000111, 0.2500000000000000000, 0.2999999999999999889, 0.3499999999999999778, 0.4000000000000000222, 0.4500000000000000111, 0.5000000000000000000, 0.5500000000000000444, 0.5999999999999999778, 0.6500000000000000222, 0.6999999999999999556, 0.7500000000000000000, 0.8000000000000000444, 0.8499999999999999778, 0.9000000000000000222, 0.9499999999999999556, 1.000000000000000000 ),
 .UNSPECIFIED. ) 
 GEOMETRIC_REPRESENTATION_ITEM ( )  RATIONAL_B_SPLINE_SURFACE ( (
 ( 1.000000000000000000, 0.9510565162951535312, 1.000000000000000000, 0.9510565162951535312, 1.000000000000000000, 0.9510565162951535312, 1.000000000000000000, 0.9510565162951535312, 1.000000000000000000, 0.9510565162951535312, 1.000000000000000000, 0.9510565162951535312, 1.000000000000000000, 0.9510565162951535312, 1.000000000000000000, 0.9510565162951535312, 1.000000000000000000, 0.9510565162951535312, 1.000000000000000000, 0.9510565162951535312, 1.000000000000000000, 0.9510565162951535312, 1.000000000000000000, 0.9510565162951535312, 1.000000000000000000, 0.9510565162951535312, 1.000000000000000000, 0.9510565162951535312, 1.000000000000000000, 0.9510565162951535312, 1.000000000000000000, 0.9510565162951535312, 1.000000000000000000, 0.9510565162951535312, 1.000000000000000000, 0.9510565162951535312, 1.000000000000000000, 0.9510565162951535312, 1.000000000000000000, 0.9510565162951535312, 1.000000000000000000),
 ( 1.000000000000000000, 0.9510565162951535312, 1.000000000000000000, 0.9510565162951535312, 1.000000000000000000, 0.9510565162951535312, 1.000000000000000000, 0.9510565162951535312, 1.000000000000000000, 0.9510565162951535312, 1.000000000000000000, 0.9510565162951535312, 1.000000000000000000, 0.9510565162951535312, 1.000000000000000000, 0.9510565162951535312, 1.000000000000000000, 0.9510565162951535312, 1.000000000000000000, 0.9510565162951535312, 1.000000000000000000, 0.9510565162951535312, 1.000000000000000000, 0.9510565162951535312, 1.000000000000000000, 0.9510565162951535312, 1.000000000000000000, 0.9510565162951535312, 1.000000000000000000, 0.9510565162951535312, 1.000000000000000000, 0.9510565162951535312, 1.000000000000000000, 0.9510565162951535312, 1.000000000000000000, 0.9510565162951535312, 1.000000000000000000, 0.9510565162951535312, 1.000000000000000000, 0.9510565162951535312, 1.000000000000000000) ) ) 
 REPRESENTATION_ITEM ( '' )  SURFACE ( )  );
#512 = CARTESIAN_POINT ( 'NONE',  ( 235.8750000000000284, -0.6498393924658115717, 1.999999999999999112 ) ) ;
#513 = CYLINDRICAL_SURFACE ( 'NONE', #532, 3.499999999999996447 ) ;
#514 = ORIENTED_EDGE ( 'NONE', *, *, #2924, .F. ) ;
#515 = CARTESIAN_POINT ( 'NONE',  ( 75.47056274847707869, -1.999999999999998224, 0.000000000000000000 ) ) ;
#516 = DIRECTION ( 'NONE',  ( 0.7071067811865445751, 0.7071067811865504593, 0.000000000000000000 ) ) ;
#517 = DIRECTION ( 'NONE',  ( 0.000000000000000000, 0.000000000000000000, -1.000000000000000000 ) ) ;
#518 = CARTESIAN_POINT ( 'NONE',  ( -7.875000000000014211, 2.551952425056123186, -1.854101966249688260 ) ) ;
#519 = ORIENTED_EDGE ( 'NONE', *, *, #2354, .T. ) ;
#520 = CARTESIAN_POINT ( 'NONE',  ( -6.125000000000007105, 0.6498393924658163456, 2.000000000000002220 ) ) ;
#521 = DIRECTION ( 'NONE',  ( 0.000000000000000000, -0.8660254037844384856, 0.5000000000000001110 ) ) ;
#522 = ADVANCED_FACE ( 'NONE', ( #44, #3651 ), #5356, .T. ) ;
#523 = LINE ( 'NONE', #4038, #3027 ) ;
#524 = ORIENTED_EDGE ( 'NONE', *, *, #2323, .F. ) ;
#525 = CARTESIAN_POINT ( 'NONE',  ( -8.375000000000015987, 0.6498393924658164567, 2.000000000000002220 ) ) ;
#526 = AXIS2_PLACEMENT_3D ( 'NONE', #47, #5307, #2692 ) ;
#527 = CARTESIAN_POINT ( 'NONE',  ( -11.62500000000001421, -2.551952425056123186, 1.854101966249688260 ) ) ;
#528 = ORIENTED_EDGE ( 'NONE', *, *, #3489, .F. ) ;
#529 = ORIENTED_EDGE ( 'NONE', *, *, #4592, .T. ) ;
#530 = ORIENTED_EDGE ( 'NONE', *, *, #5142, .F. ) ;
#531 = CARTESIAN_POINT ( 'NONE',  ( -1.000000000000000000, 0.000000000000000000, 0.000000000000000000 ) ) ;
#532 = AXIS2_PLACEMENT_3D ( 'NONE', #2665, #4397, #984 ) ;
#533 = CARTESIAN_POINT ( 'NONE',  ( -9.750000000000015987, -1.175570504584944054, -1.618033988749892238 ) ) ;
#534 = CARTESIAN_POINT ( 'NONE',  ( 236.1250000000000000, -1.701301616704077535, 1.236067977499787363 ) ) ;
#535 = VECTOR ( 'NONE', #3580, 1000.000000000000000 ) ;
#536 = ADVANCED_FACE ( 'NONE', ( #3141 ), #4442, .T. ) ;
#537 = EDGE_CURVE ( 'NONE', #2617, #2907, #5386, .T. ) ;
#538 = DIRECTION ( 'NONE',  ( -1.000000000000000000, 0.000000000000000000, 0.000000000000000000 ) ) ;
#539 = B_SPLINE_CURVE_WITH_KNOTS ( 'NONE', 3,
 ( #5157, #3905, #2538, #2066, #4359, #5584, #4333, #3513, #2996, #5609, #3820 ),
 .UNSPECIFIED., .F., .F.,
 ( 4, 1, 1, 1, 1, 1, 1, 1, 4 ),
 ( 0.000000000000000000, 0.1383146864582633084, 0.2716412756033521059, 0.3998724816243269253, 0.5249982917199350618, 0.6463757773438070231, 0.7656873883282042659, 0.8831990591775411570, 1.000000000000000000 ),
 .UNSPECIFIED. ) ;
#540 = ORIENTED_EDGE ( 'NONE', *, *, #1488, .T. ) ;
#541 = CARTESIAN_POINT ( 'NONE',  ( 226.0000000000000000, -1.500000000000000000, 3.773502691896260419 ) ) ;
#542 = LINE ( 'NONE', #4796, #3185 ) ;
#543 = DIRECTION ( 'NONE',  ( -1.000000000000000000, 0.000000000000000000, 0.000000000000000000 ) ) ;
#544 = ORIENTED_EDGE ( 'NONE', *, *, #5598, .T. ) ;
#545 = AXIS2_PLACEMENT_3D ( 'NONE', #4073, #3744, #1011 ) ;
#546 = CARTESIAN_POINT ( 'NONE',  ( -7.500000000000007105, 1.763355756877422964, 2.427050983124845462 ) ) ;
#547 = ORIENTED_EDGE ( 'NONE', *, *, #1002, .T. ) ;
#548 = VERTEX_POINT ( 'NONE', #4956 ) ;
#549 = CARTESIAN_POINT ( 'NONE',  ( 2.350415137457082526, -1.046103981912291925, 3.340802047278390141 ) ) ;
#550 = LINE ( 'NONE', #5261, #1914 ) ;
#551 = CARTESIAN_POINT ( 'NONE',  ( 2.099473762807038124, 0.3171495051484000682, 2.886751345948130432 ) ) ;
#552 = AXIS2_PLACEMENT_3D ( 'NONE', #2095, #2427, #4161 ) ;
#553 = ORIENTED_EDGE ( 'NONE', *, *, #3058, .F. ) ;
#554 = DIRECTION ( 'NONE',  ( -0.000000000000000000, -0.000000000000000000, -1.000000000000000000 ) ) ;
#555 = VECTOR ( 'NONE', #1799, 1000.000000000000000 ) ;
#556 = CARTESIAN_POINT ( 'NONE',  ( -10.75000000000001421, 0.000000000000000000, -3.000000000000002665 ) ) ;
#557 = ORIENTED_EDGE ( 'NONE', *, *, #4927, .T. ) ;
#558 = ORIENTED_EDGE ( 'NONE', *, *, #299, .T. ) ;
#559 = CARTESIAN_POINT ( 'NONE',  ( 66.98528137423849671, 6.485281374238565988, 0.000000000000000000 ) ) ;
#560 = CARTESIAN_POINT ( 'NONE',  ( 2.220858403481109189, -0.8495853226303760053, 3.396045099217453789 ) ) ;
#561 = CARTESIAN_POINT ( 'NONE',  ( 118.0147186257612617, -6.485281374238538454, 0.000000000000000000 ) ) ;
#562 = CARTESIAN_POINT ( 'NONE',  ( 2.019347901560379466, 1.317818447540913374, 3.243478056030405732 ) ) ;
#563 = CARTESIAN_POINT ( 'NONE',  ( 4.407853367989990723, 1.250657014429915392, 2.886751345948129099 ) ) ;
#564 = ORIENTED_EDGE ( 'NONE', *, *, #2323, .T. ) ;
#565 = CARTESIAN_POINT ( 'NONE',  ( 232.6250000000000000, -3.154386672714803996, 0.000000000000000000 ) ) ;
#566 = CARTESIAN_POINT ( 'NONE',  ( -3.000000000000000000, 5.000000000000001776, -2.886751345948125103 ) ) ;
#567 = EDGE_CURVE ( 'NONE', #1115, #1301, #977, .T. ) ;
#568 = FACE_OUTER_BOUND ( 'NONE', #2247, .T. ) ;
#569 = CARTESIAN_POINT ( 'NONE',  ( 109.5294372515226655, -6.500000000000189182, 0.000000000000000000 ) ) ;
#570 = CIRCLE ( 'NONE', #5225, 3.500000000000000000 ) ;
#571 = VERTEX_POINT ( 'NONE', #4046 ) ;
#572 = CARTESIAN_POINT ( 'NONE',  ( -7.125000000000015099, 0.9747590886987209657, 2.999999999999999556 ) ) ;
#573 = EDGE_CURVE ( 'NONE', #1395, #4729, #4920, .T. ) ;
#574 = ORIENTED_EDGE ( 'NONE', *, *, #3636, .T. ) ;
#575 = AXIS2_PLACEMENT_3D ( 'NONE', #1156, #3796, #5524 ) ;
#576 = CARTESIAN_POINT ( 'NONE',  ( -7.250000000000006217, 0.000000000000000000, -2.000000000000001776 ) ) ;
#577 = CARTESIAN_POINT ( 'NONE',  ( -8.625000000000008882, 0.6498393924658164567, 2.000000000000002220 ) ) ;
#578 = CARTESIAN_POINT ( 'NONE',  ( 39.48959235991436856, 3.960155108391448575, 0.000000000000000000 ) ) ;
#579 = B_SPLINE_CURVE_WITH_KNOTS ( 'NONE', 3,
 ( #1990, #2744, #562, #733, #5130, #3882, #2998, #2044, #2972, #5556, #4671, #785 ),
 .UNSPECIFIED., .F., .F.,
 ( 4, 2, 2, 2, 2, 4 ),
 ( 0.000000000000000000, 0.0003729123354729264395, 0.0007458246709458528790, 0.001118737006418779427, 0.001305193174155242592, 0.001491649341891705758 ),
 .UNSPECIFIED. ) ;
#580 = CARTESIAN_POINT ( 'NONE',  ( 2.060290822897342000, -0.06541551579324453303, 3.503679491924311051 ) ) ;
#581 = ORIENTED_EDGE ( 'NONE', *, *, #711, .F. ) ;
#582 = CARTESIAN_POINT ( 'NONE',  ( -13.25000000000001599, 0.000000000000000000, 2.000000000000001776 ) ) ;
#583 = CARTESIAN_POINT ( 'NONE',  ( -9.625000000000015987, 0.9747590886987209657, 2.999999999999999556 ) ) ;
#584 = CARTESIAN_POINT ( 'NONE',  ( 0.000000000000000000, -8.673617379884035472E-16, -5.773502691896259087 ) ) ;
#585 = EDGE_LOOP ( 'NONE', ( #2690, #2681, #1866, #4621, #165 ) ) ;
#586 = CARTESIAN_POINT ( 'NONE',  ( 2.299324022902030862, -0.9762459062396343645, 2.886751345948129543 ) ) ;
#587 = DIRECTION ( 'NONE',  ( 1.000000000000000000, 0.000000000000000000, 0.000000000000000000 ) ) ;
#588 = CARTESIAN_POINT ( 'NONE',  ( 235.3750000000000000, -2.551952425056123186, -1.854101966249681155 ) ) ;
#589 = EDGE_CURVE ( 'NONE', #5029, #1674, #1308, .T. ) ;
#590 = CARTESIAN_POINT ( 'NONE',  ( 2.059256322919846394, -0.1163670535761743979, 3.498064994942490014 ) ) ;
#591 = ORIENTED_EDGE ( 'NONE', *, *, #1018, .T. ) ;
#592 = CARTESIAN_POINT ( 'NONE',  ( 232.2500000000000000, -1.763355756877422964, 2.427050983124845462 ) ) ;
#593 = CARTESIAN_POINT ( 'NONE',  ( 225.3431457505076310, 0.000000000000000000, -2.000000000000000000 ) ) ;
#594 = DIRECTION ( 'NONE',  ( 0.7071067811865456854, -0.7071067811865493491, 0.000000000000000000 ) ) ;
#595 = CARTESIAN_POINT ( 'NONE',  ( 2.061314110925268839, -0.2402701578095996493, 2.886751345948129099 ) ) ;
#596 = ORIENTED_EDGE ( 'NONE', *, *, #2434, .F. ) ;
#597 = DIRECTION ( 'NONE',  ( 0.000000000000000000, 0.000000000000000000, -1.000000000000000000 ) ) ;
#598 = ORIENTED_EDGE ( 'NONE', *, *, #1132, .T. ) ;
#599 = EDGE_CURVE ( 'NONE', #98, #4855, #3071, .T. ) ;
#600 = CARTESIAN_POINT ( 'NONE',  ( 3.187262736602368918, -1.440792494516847766, 2.886751345948129543 ) ) ;
#601 = DIRECTION ( 'NONE',  ( -1.000000000000000000, 0.000000000000000000, 0.000000000000000000 ) ) ;
#602 = DIRECTION ( 'NONE',  ( -1.000000000000000000, 0.000000000000000000, 0.000000000000000000 ) ) ;
#603 = DIRECTION ( 'NONE',  ( 0.000000000000000000, 0.000000000000000000, -1.000000000000000000 ) ) ;
#604 = ADVANCED_FACE ( 'NONE', ( #1101 ), #1615, .F. ) ;
#605 = EDGE_CURVE ( 'NONE', #2119, #106, #5096, .T. ) ;
#606 = VERTEX_POINT ( 'NONE', #4670 ) ;
#607 = CARTESIAN_POINT ( 'NONE',  ( -11.87500000000001421, 0.6498393924658114607, -2.000000000000000444 ) ) ;
#608 = CARTESIAN_POINT ( 'NONE',  ( 3.240279975739924989, -1.925881183222051041, 2.922496198044876703 ) ) ;
#609 = CARTESIAN_POINT ( 'NONE',  ( -10.12500000000001421, 3.154386672714803996, 0.000000000000000000 ) ) ;
#610 = CARTESIAN_POINT ( 'NONE',  ( -8.000000000000007105, -1.902113032590309283, 0.6180339887498914608 ) ) ;
#611 = ORIENTED_EDGE ( 'NONE', *, *, #2068, .T. ) ;
#612 = DIRECTION ( 'NONE',  ( 0.000000000000000000, 0.000000000000000000, 1.000000000000000000 ) ) ;
#613 = EDGE_LOOP ( 'NONE', ( #2838, #2611, #1085, #2810 ) ) ;
#614 = FACE_OUTER_BOUND ( 'NONE', #4398, .T. ) ;
#615 = CARTESIAN_POINT ( 'NONE',  ( 236.2500000000000284, 2.853169548885460483, -0.9270509831248441301 ) ) ;
#616 = CARTESIAN_POINT ( 'NONE',  ( 152.5398448916082259, 9.010407640085773551, 4.286263797015736595E-16 ) ) ;
#617 = DIRECTION ( 'NONE',  ( 0.000000000000000000, -1.000000000000000000, 0.000000000000000000 ) ) ;
#618 = ORIENTED_EDGE ( 'NONE', *, *, #3147, .F. ) ;
#619 = AXIS2_PLACEMENT_3D ( 'NONE', #2593, #5629, #1178 ) ;
#620 = CARTESIAN_POINT ( 'NONE',  ( 235.3749999999999716, -3.154386672714803996, 0.000000000000000000 ) ) ;
#621 = CARTESIAN_POINT ( 'NONE',  ( 225.0000000000000000, -5.000000000000000888, -2.886751345948128655 ) ) ;
#622 = CARTESIAN_POINT ( 'NONE',  ( 75.47056274847707869, -1.999999999999998224, 0.000000000000000000 ) ) ;
#623 = CIRCLE ( 'NONE', #619, 3.500000000000000000 ) ;
#624 = CARTESIAN_POINT ( 'NONE',  ( 225.0000000000000000, 5.000000000000001776, 2.886751345948129099 ) ) ;
#625 = DIRECTION ( 'NONE',  ( 0.000000000000000000, 1.000000000000000000, 0.000000000000000000 ) ) ;
#626 = CARTESIAN_POINT ( 'NONE',  ( 86.01471862576136118, 6.485281374238538454, 0.000000000000000000 ) ) ;
#627 = ORIENTED_EDGE ( 'NONE', *, *, #1010, .F. ) ;
#628 = CARTESIAN_POINT ( 'NONE',  ( 237.5000000000000284, 1.902113032590309283, -0.6180339887499053386 ) ) ;
#629 = CARTESIAN_POINT ( 'NONE',  ( -11.75000000000001421, -1.763355756877416081, 2.427050983124845462 ) ) ;
#630 = VECTOR ( 'NONE', #361, 1000.000000000000114 ) ;
#631 = CARTESIAN_POINT ( 'NONE',  ( 3.337351690658917125, -1.437010676410994892, 2.886751345948130876 ) ) ;
#632 = FACE_OUTER_BOUND ( 'NONE', #4053, .T. ) ;
#633 = CIRCLE ( 'NONE', #3653, 3.500000000000000000 ) ;
#634 = ORIENTED_EDGE ( 'NONE', *, *, #3266, .T. ) ;
#635 = ORIENTED_EDGE ( 'NONE', *, *, #2129, .F. ) ;
#636 = VECTOR ( 'NONE', #5573, 1000.000000000000114 ) ;
#637 = CARTESIAN_POINT ( 'NONE',  ( 28.52943725152276500, 5.000000000000000000, 0.000000000000000000 ) ) ;
#638 = EDGE_CURVE ( 'NONE', #5354, #5328, #2865, .T. ) ;
#639 = CARTESIAN_POINT ( 'NONE',  ( 3.142990511410849397, 1.739325089662735468, 2.886751345948129543 ) ) ;
#640 = EDGE_CURVE ( 'NONE', #3015, #967, #5501, .T. ) ;
#641 = ADVANCED_FACE ( 'NONE', ( #215 ), #702, .F. ) ;
#642 = CARTESIAN_POINT ( 'NONE',  ( -7.500000000000013323, 2.853169548885460483, 0.9270509831248441301 ) ) ;
#643 = EDGE_CURVE ( 'NONE', #2338, #5456, #116, .T. ) ;
#644 = ADVANCED_FACE ( 'NONE', ( #2016 ), #4749, .F. ) ;
#645 = ORIENTED_EDGE ( 'NONE', *, *, #1879, .T. ) ;
#646 = CARTESIAN_POINT ( 'NONE',  ( -6.000000000000002665, 0.000000000000000000, -3.000000000000000444 ) ) ;
#647 = CIRCLE ( 'NONE', #2941, 15.49999999999998579 ) ;
#648 = AXIS2_PLACEMENT_3D ( 'NONE', #1537, #4897, #3286 ) ;
#649 = ORIENTED_EDGE ( 'NONE', *, *, #2145, .F. ) ;
#650 = CARTESIAN_POINT ( 'NONE',  ( 225.3431457505076310, 0.000000000000000000, 0.000000000000000000 ) ) ;
#651 = CARTESIAN_POINT ( 'NONE',  ( 231.0000000000000000, 0.000000000000000000, 2.000000000000001776 ) ) ;
#652 = CARTESIAN_POINT ( 'NONE',  ( 2.166126704925063873, 0.5447525203566598861, 3.458174885471759108 ) ) ;
#653 = B_SPLINE_CURVE_WITH_KNOTS ( 'NONE', 3,
 ( #3063, #1794, #3548, #3626, #652, #4162, #3688, #2428 ),
 .UNSPECIFIED., .F., .F.,
 ( 4, 2, 2, 4 ),
 ( 0.000000000000000000, 0.0002400741532814232315, 0.0004801483065628464630, 0.0009602966131256924923 ),
 .UNSPECIFIED. ) ;
#654 = DIRECTION ( 'NONE',  ( -0.000000000000000000, -0.000000000000000000, -1.000000000000000000 ) ) ;
#655 = ORIENTED_EDGE ( 'NONE', *, *, #1586, .T. ) ;
#656 = CARTESIAN_POINT ( 'NONE',  ( 48.47056274847710711, -8.500000000000000000, 4.286263797015679402E-16 ) ) ;
#657 = DIRECTION ( 'NONE',  ( -1.000000000000000000, -0.000000000000000000, -0.000000000000000000 ) ) ;
#658 = CARTESIAN_POINT ( 'NONE',  ( 2.859173218776640990, 1.226852782453815127, 3.277974974705458067 ) ) ;
#659 = CARTESIAN_POINT ( 'NONE',  ( 2.241410422568780980, -0.8872572308043140676, 3.501732876836456398 ) ) ;
#660 = FACE_OUTER_BOUND ( 'NONE', #4437, .T. ) ;
#661 = CARTESIAN_POINT ( 'NONE',  ( 225.0000000000000000, 0.000000000000000000, 0.000000000000000000 ) ) ;
#662 = ORIENTED_EDGE ( 'NONE', *, *, #3338, .T. ) ;
#663 = CARTESIAN_POINT ( 'NONE',  ( 226.0000000000000000, 1.500000000000000000, 3.773502691896260419 ) ) ;
#664 = CARTESIAN_POINT ( 'NONE',  ( -11.25000000000001599, -2.853169548885460483, -0.9270509831248441301 ) ) ;
#665 = AXIS2_PLACEMENT_3D ( 'NONE', #5078, #4253, #3748 ) ;
#666 = FACE_OUTER_BOUND ( 'NONE', #1549, .T. ) ;
#667 = VECTOR ( 'NONE', #2449, 1000.000000000000114 ) ;
#668 = DIRECTION ( 'NONE',  ( -1.000000000000000000, 0.000000000000000000, 0.000000000000000000 ) ) ;
#669 = VECTOR ( 'NONE', #5478, 1000.000000000000000 ) ;
#670 = ORIENTED_EDGE ( 'NONE', *, *, #3093, .T. ) ;
#671 = ORIENTED_EDGE ( 'NONE', *, *, #118, .T. ) ;
#672 = CARTESIAN_POINT ( 'NONE',  ( 3.992832908159825056, 0.9584903266375860431, 3.366693974020142033 ) ) ;
#673 = LINE ( 'NONE', #5070, #3007 ) ;
#674 = PRODUCT_DEFINITION_SHAPE ( 'NONE', 'NONE',  #144 ) ;
#675 = CARTESIAN_POINT ( 'NONE',  ( -7.375000000000015987, 2.551952425056123186, 1.854101966249681155 ) ) ;
#676 = ORIENTED_EDGE ( 'NONE', *, *, #2890, .T. ) ;
#677 = EDGE_LOOP ( 'NONE', ( #2949, #3962, #1199, #3718 ) ) ;
#678 = EDGE_CURVE ( 'NONE', #4187, #2711, #847, .T. ) ;
#679 = CARTESIAN_POINT ( 'NONE',  ( 226.0000000000000000, 5.000000000000001776, 2.886751345948129099 ) ) ;
#680 = CARTESIAN_POINT ( 'NONE',  ( 231.5000000000000000, -1.902113032590309283, 0.6180339887499053386 ) ) ;
#681 = DIRECTION ( 'NONE',  ( 1.000000000000000000, -0.000000000000000000, -0.000000000000000000 ) ) ;
#682 = CARTESIAN_POINT ( 'NONE',  ( 2.060832941148718067, -0.03874027036335331992, 3.500000000000000444 ) ) ;
#683 = ORIENTED_EDGE ( 'NONE', *, *, #4273, .T. ) ;
#684 = CARTESIAN_POINT ( 'NONE',  ( 1.489121662365813670, -0.5668757947036949796, 3.455677393161906696 ) ) ;
#685 = CARTESIAN_POINT ( 'NONE',  ( 225.0000000000000000, 1.500000000000000000, 4.907477288111821601 ) ) ;
#686 = CARTESIAN_POINT ( 'NONE',  ( 226.0000000000000000, -0.5000000000000000000, 5.484827557301448664 ) ) ;
#687 = CARTESIAN_POINT ( 'NONE',  ( 3.142990511410849397, 1.739325089662735468, 2.886751345948129543 ) ) ;
#688 = CARTESIAN_POINT ( 'NONE',  ( 213.4705627484779313, 3.500000000000006661, 0.000000000000000000 ) ) ;
#689 = LINE ( 'NONE', #1915, #1640 ) ;
#690 = ORIENTED_EDGE ( 'NONE', *, *, #13, .F. ) ;
#691 = ORIENTED_EDGE ( 'NONE', *, *, #4688, .F. ) ;
#692 = CARTESIAN_POINT ( 'NONE',  ( 238.1250000000000000, 0.6498393924658090182, 1.999999999999994893 ) ) ;
#693 = CARTESIAN_POINT ( 'NONE',  ( -7.625000000000007105, -1.701301616704077091, -1.236067977499787141 ) ) ;
#694 = CIRCLE ( 'NONE', #2979, 15.50000000000000000 ) ;
#695 = CARTESIAN_POINT ( 'NONE',  ( -11.25000000000000711, -1.763355756877422964, -2.427050983124845462 ) ) ;
#696 = CARTESIAN_POINT ( 'NONE',  ( 235.3750000000000000, 1.701301616704077535, 1.236067977499787363 ) ) ;
#697 = LINE ( 'NONE', #1953, #667 ) ;
#698 = EDGE_CURVE ( 'NONE', #2319, #1923, #4557, .T. ) ;
#699 = DIRECTION ( 'NONE',  ( 1.000000000000000000, 0.000000000000000000, 0.000000000000000000 ) ) ;
#700 = CARTESIAN_POINT ( 'NONE',  ( 4.115108808221823899, 0.8276913821979213770, 3.403808316876165030 ) ) ;
#701 = ORIENTED_EDGE ( 'NONE', *, *, #2039, .T. ) ;
#702 = PLANE ( 'NONE',  #1122 ) ;
#703 = CIRCLE ( 'NONE', #3726, 3.500000000000000000 ) ;
#704 = CARTESIAN_POINT ( 'NONE',  ( 2.885755375130969913, -1.908028642483857285, 3.225519225871962270 ) ) ;
#705 = ORIENTED_EDGE ( 'NONE', *, *, #2683, .F. ) ;
#706 = DIRECTION ( 'NONE',  ( 0.000000000000000000, 0.000000000000000000, 1.000000000000000000 ) ) ;
#707 = CARTESIAN_POINT ( 'NONE',  ( 234.0000000000000000, 2.853169548885460483, -0.9270509831248441301 ) ) ;
#708 = CARTESIAN_POINT ( 'NONE',  ( 1.760846207449033640, 1.009470497150790180, 3.503679491924311495 ) ) ;
#709 = DIRECTION ( 'NONE',  ( 0.000000000000000000, 0.000000000000000000, 1.000000000000000000 ) ) ;
#710 = EDGE_CURVE ( 'NONE', #4385, #464, #539, .T. ) ;
#711 = EDGE_CURVE ( 'NONE', #2857, #3050, #4490, .T. ) ;
#712 = CARTESIAN_POINT ( 'NONE',  ( 2.618313045320388444, 1.118745473987988515, 2.886751345948128211 ) ) ;
#713 = EDGE_CURVE ( 'NONE', #3795, #5340, #442, .T. ) ;
#714 = CIRCLE ( 'NONE', #4997, 11.50000000000000178 ) ;
#715 = CARTESIAN_POINT ( 'NONE',  ( 1.797785960844979991, 1.057643227967360655, 3.337444906857814697 ) ) ;
#716 = ORIENTED_EDGE ( 'NONE', *, *, #3414, .F. ) ;
#717 = EDGE_CURVE ( 'NONE', #2360, #2230, #3510, .T. ) ;
#718 = CARTESIAN_POINT ( 'NONE',  ( -9.125000000000012434, 1.701301616704077535, -1.236067977499787363 ) ) ;
#719 = AXIS2_PLACEMENT_3D ( 'NONE', #4279, #5558, #309 ) ;
#720 = CARTESIAN_POINT ( 'NONE',  ( 4.222359832629448917, -1.001188004939081777, 3.353747542491250400 ) ) ;
#721 = CARTESIAN_POINT ( 'NONE',  ( 186.4705627484778461, -15.00000000000000000, 0.000000000000000000 ) ) ;
#722 = PLANE ( 'NONE',  #5205 ) ;
#723 = TOROIDAL_SURFACE ( 'NONE', #3741, 12.00000000000000888, 3.500000000000000000 ) ;
#724 = CARTESIAN_POINT ( 'NONE',  ( 236.3750000000000000, 3.154386672714803996, 0.000000000000000000 ) ) ;
#725 = VECTOR ( 'NONE', #2064, 1000.000000000000000 ) ;
#726 = DIRECTION ( 'NONE',  ( 0.000000000000000000, -5.421010862427522170E-17, -1.000000000000000000 ) ) ;
#727 = CARTESIAN_POINT ( 'NONE',  ( 1.919510003034402112, 1.210995897707717317, 2.886751345948130432 ) ) ;
#728 = AXIS2_PLACEMENT_3D ( 'NONE', #5138, #792, #2548 ) ;
#729 = FACE_OUTER_BOUND ( 'NONE', #1590, .T. ) ;
#730 = VECTOR ( 'NONE', #1056, 1000.000000000000000 ) ;
#731 = ORIENTED_EDGE ( 'NONE', *, *, #4548, .F. ) ;
#732 = DIRECTION ( 'NONE',  ( 0.000000000000000000, 0.000000000000000000, 1.000000000000000000 ) ) ;
#733 = CARTESIAN_POINT ( 'NONE',  ( 2.205763620563832017, 1.469056958066874863, 3.177839991973355982 ) ) ;
#734 = CARTESIAN_POINT ( 'NONE',  ( 7.353840324345111590, -1.847348703317845509, 2.886751345948129543 ) ) ;
#735 = ORIENTED_EDGE ( 'NONE', *, *, #5419, .T. ) ;
#736 =( GEOMETRIC_REPRESENTATION_CONTEXT ( 3 ) GLOBAL_UNCERTAINTY_ASSIGNED_CONTEXT ( ( #3278 ) ) GLOBAL_UNIT_ASSIGNED_CONTEXT ( ( #3893, #343, #4234 ) ) REPRESENTATION_CONTEXT ( 'NONE', 'WORKASPACE' ) );
#737 = VECTOR ( 'NONE', #4150, 1000.000000000000000 ) ;
#738 = PLANE ( 'NONE',  #2121 ) ;
#739 = CARTESIAN_POINT ( 'NONE',  ( 4.222359832629448917, -1.001188004939081777, 2.886751345948129543 ) ) ;
#740 = CARTESIAN_POINT ( 'NONE',  ( 225.3431457505076310, 2.449293598294705921E-16, 2.000000000000000000 ) ) ;
#741 = AXIS2_PLACEMENT_3D ( 'NONE', #4535, #2410, #625 ) ;
#742 = DIRECTION ( 'NONE',  ( 0.000000000000000000, 6.505213034913024632E-16, -1.000000000000000000 ) ) ;
#743 = DIRECTION ( 'NONE',  ( 1.000000000000000000, 0.000000000000000000, 0.000000000000000000 ) ) ;
#744 = ORIENTED_EDGE ( 'NONE', *, *, #1659, .T. ) ;
#745 = VERTEX_POINT ( 'NONE', #5129 ) ;
#746 = ADVANCED_FACE ( 'NONE', ( #3851 ), #5635, .T. ) ;
#747 = CARTESIAN_POINT ( 'NONE',  ( -10.62500000000001243, 0.9747590886987209657, -2.999999999999999556 ) ) ;
#748 = CARTESIAN_POINT ( 'NONE',  ( 226.0000000000000000, -8.673617379884035472E-16, 5.773502691896260863 ) ) ;
#749 = EDGE_CURVE ( 'NONE', #1843, #961, #4700, .T. ) ;
#750 = CARTESIAN_POINT ( 'NONE',  ( 233.2500000000000000, 0.000000000000000000, 2.000000000000001776 ) ) ;
#751 = CARTESIAN_POINT ( 'NONE',  ( 236.2500000000000284, 2.853169548885460483, -0.9270509831248441301 ) ) ;
#752 = CARTESIAN_POINT ( 'NONE',  ( 98.98528137423839723, -6.485281374238538454, 0.000000000000000000 ) ) ;
#753 = DIRECTION ( 'NONE',  ( 0.000000000000000000, -0.8660254037844385966, 0.5000000000000001110 ) ) ;
#754 = AXIS2_PLACEMENT_3D ( 'NONE', #3801, #5532, #1994 ) ;
#755 = CARTESIAN_POINT ( 'NONE',  ( 3.440684912393338291, 1.240438966600645898, 2.886751345948129988 ) ) ;
#756 = ORIENTED_EDGE ( 'NONE', *, *, #4743, .F. ) ;
#757 = CARTESIAN_POINT ( 'NONE',  ( 234.5000000000000000, -1.175570504584944054, -1.618033988749906227 ) ) ;
#758 = CARTESIAN_POINT ( 'NONE',  ( 2.528765588929300367, -1.820177684357591641, 2.886751345948130432 ) ) ;
#759 = CARTESIAN_POINT ( 'NONE',  ( 231.0000000000000000, 0.000000000000000000, 2.000000000000001776 ) ) ;
#760 = ORIENTED_EDGE ( 'NONE', *, *, #1556, .F. ) ;
#761 = FACE_OUTER_BOUND ( 'NONE', #952, .T. ) ;
#762 = CARTESIAN_POINT ( 'NONE',  ( 1.450669114653322378, -0.1076373190313678341, 2.886751345948129543 ) ) ;
#763 = ADVANCED_FACE ( 'NONE', ( #4271 ), #1862, .T. ) ;
#764 = CYLINDRICAL_SURFACE ( 'NONE', #1422, 3.500000000000000888 ) ;
#765 = CARTESIAN_POINT ( 'NONE',  ( 3.051339357494287530, -1.436670525698194867, 2.886751345948129543 ) ) ;
#766 = ORIENTED_EDGE ( 'NONE', *, *, #2003, .F. ) ;
#767 = SURFACE_STYLE_USAGE ( .BOTH. , #4291 ) ;
#768 = DIRECTION ( 'NONE',  ( 1.000000000000000000, 8.425591134431187015E-16, 0.000000000000000000 ) ) ;
#769 = LINE ( 'NONE', #748, #636 ) ;
#770 = DIRECTION ( 'NONE',  ( 0.000000000000000000, 0.000000000000000000, -1.000000000000000000 ) ) ;
#771 = ADVANCED_FACE ( 'NONE', ( #1785 ), #2271, .T. ) ;
#772 = CARTESIAN_POINT ( 'NONE',  ( 233.8750000000000284, -2.102924448476536590, 0.000000000000000000 ) ) ;
#773 = DIRECTION ( 'NONE',  ( -1.000000000000000000, 0.000000000000000000, 0.000000000000000000 ) ) ;
#774 = CIRCLE ( 'NONE', #1513, 3.500000000000000000 ) ;
#775 = CYLINDRICAL_SURFACE ( 'NONE', #246, 2.000000000000000000 ) ;
#776 = DIRECTION ( 'NONE',  ( 1.000000000000000000, 0.000000000000000000, -0.000000000000000000 ) ) ;
#777 = LINE ( 'NONE', #839, #3940 ) ;
#778 = ADVANCED_FACE ( 'NONE', ( #4888 ), #113, .T. ) ;
#779 = EDGE_CURVE ( 'NONE', #2343, #3146, #2734, .T. ) ;
#780 = CARTESIAN_POINT ( 'NONE',  ( 4.021329714207639405, 0.9313138044391831016, 3.403808316876165030 ) ) ;
#781 = EDGE_CURVE ( 'NONE', #4871, #4002, #2682, .T. ) ;
#782 = ORIENTED_EDGE ( 'NONE', *, *, #2068, .F. ) ;
#783 = EDGE_CURVE ( 'NONE', #4252, #2263, #4220, .T. ) ;
#784 = CARTESIAN_POINT ( 'NONE',  ( 228.0000000000000000, 5.000000000000001776, 2.886751345948129099 ) ) ;
#785 = CARTESIAN_POINT ( 'NONE',  ( 3.142990511410849397, 1.739325089662735468, 3.037227063041174180 ) ) ;
#786 = CARTESIAN_POINT ( 'NONE',  ( 37.01471862576144645, 1.485281374238534013, 0.000000000000000000 ) ) ;
#787 = VERTEX_POINT ( 'NONE', #3708 ) ;
#788 = FACE_OUTER_BOUND ( 'NONE', #4021, .T. ) ;
#789 = CARTESIAN_POINT ( 'NONE',  ( 3.372029461361571112, -1.923145277076711679, 2.886751345948129543 ) ) ;
#790 = CARTESIAN_POINT ( 'NONE',  ( 5.636576828888136603, -0.2510543865531919550, 3.886751345948129543 ) ) ;
#791 = CARTESIAN_POINT ( 'NONE',  ( 232.8750000000000000, 2.102924448476535702, 0.000000000000000000 ) ) ;
#792 = DIRECTION ( 'NONE',  ( -0.7071067811865603403, 0.7071067811865348052, 0.000000000000000000 ) ) ;
#793 = ORIENTED_EDGE ( 'NONE', *, *, #3674, .F. ) ;
#794 = ORIENTED_EDGE ( 'NONE', *, *, #4272, .F. ) ;
#795 = CARTESIAN_POINT ( 'NONE',  ( 3.890631512253914792, 1.595605131441508728, 3.115300349087610776 ) ) ;
#796 = CARTESIAN_POINT ( 'NONE',  ( -7.000000000000013323, 0.000000000000000000, 3.000000000000002665 ) ) ;
#797 = CIRCLE ( 'NONE', #1258, 3.500000000000000000 ) ;
#798 = CARTESIAN_POINT ( 'NONE',  ( -9.375000000000005329, -2.551952425056123186, 1.854101966249688260 ) ) ;
#799 = DIRECTION ( 'NONE',  ( 0.000000000000000000, -0.5000000000000003331, 0.8660254037844385966 ) ) ;
#800 = ORIENTED_EDGE ( 'NONE', *, *, #3363, .F. ) ;
#801 = ORIENTED_EDGE ( 'NONE', *, *, #717, .F. ) ;
#802 = CARTESIAN_POINT ( 'NONE',  ( 236.8750000000000284, 0.9747590886987209657, 2.999999999999992450 ) ) ;
#803 = AXIS2_PLACEMENT_3D ( 'NONE', #861, #836, #4242 ) ;
#804 = CARTESIAN_POINT ( 'NONE',  ( 231.0000000000000000, 0.000000000000000000, 0.000000000000000000 ) ) ;
#805 = LINE ( 'NONE', #5176, #3366 ) ;
#806 = CARTESIAN_POINT ( 'NONE',  ( 0.000000000000000000, -0.2510543865531919550, 3.490984344707435127 ) ) ;
#807 = CIRCLE ( 'NONE', #1811, 3.500000000000000000 ) ;
#808 = LINE ( 'NONE', #2097, #3834 ) ;
#809 = ORIENTED_EDGE ( 'NONE', *, *, #4272, .T. ) ;
#810 = DIRECTION ( 'NONE',  ( -1.000000000000000000, 0.000000000000000000, 0.000000000000000000 ) ) ;
#811 = EDGE_CURVE ( 'NONE', #4559, #3134, #1757, .T. ) ;
#812 = CARTESIAN_POINT ( 'NONE',  ( -8.750000000000005329, 1.175570504584944054, 1.618033988749892238 ) ) ;
#813 = EDGE_CURVE ( 'NONE', #5311, #1495, #3436, .T. ) ;
#814 = AXIS2_PLACEMENT_3D ( 'NONE', #3903, #1300, #5633 ) ;
#815 = EDGE_CURVE ( 'NONE', #266, #2896, #2388, .T. ) ;
#816 = CARTESIAN_POINT ( 'NONE',  ( 2.793022852665462796, -1.892306341597046249, 3.225519225871961382 ) ) ;
#817 = CARTESIAN_POINT ( 'NONE',  ( 48.47056274847710711, -1.500000000000000888, 0.000000000000000000 ) ) ;
#818 = ORIENTED_EDGE ( 'NONE', *, *, #918, .T. ) ;
#819 = DIRECTION ( 'NONE',  ( 1.000000000000000000, -0.000000000000000000, -0.000000000000000000 ) ) ;
#820 = VECTOR ( 'NONE', #5088, 1000.000000000000000 ) ;
#821 = ORIENTED_EDGE ( 'NONE', *, *, #2039, .F. ) ;
#822 = CARTESIAN_POINT ( 'NONE',  ( 3.910534113992252703, -1.811715153066241868, 2.886751345948129988 ) ) ;
#823 = CARTESIAN_POINT ( 'NONE',  ( 188.5294372515236887, -14.99999999999981171, 0.000000000000000000 ) ) ;
#824 = CARTESIAN_POINT ( 'NONE',  ( 228.0000000000000000, -8.673617379884035472E-16, -5.773502691896259087 ) ) ;
#825 = CARTESIAN_POINT ( 'NONE',  ( -1.000000000000000000, -0.4999999999999987232, 3.773502691896259975 ) ) ;
#826 = ORIENTED_EDGE ( 'NONE', *, *, #1237, .F. ) ;
#827 = B_SPLINE_SURFACE_WITH_KNOTS ( 'NONE', 3, 1, ( 
 ( #5466, #1557 ),
 ( #5379, #5036 ),
 ( #1471, #3213 ),
 ( #1028, #2789 ),
 ( #2965, #834 ),
 ( #323, #4240 ),
 ( #5546, #1665 ),
 ( #5626, #3898 ),
 ( #296, #2987 ),
 ( #1719, #1635 ),
 ( #5124, #3417 ) ),
 .UNSPECIFIED., .F., .F., .F.,
 ( 4, 1, 1, 1, 1, 1, 1, 1, 4 ),
 ( 2, 2 ),
 ( 0.000000000000000000, 0.1169973751803724954, 0.2343827994216676203, 0.3525808632677299159, 0.4735736228893642763, 0.5976008972537675268, 0.7261012893843252769, 0.8599331864638225520, 1.000000000000000000 ),
 ( 0.000000000000000000, 1.000000000000000000 ),
 .UNSPECIFIED. ) ;
#828 = CARTESIAN_POINT ( 'NONE',  ( 186.4705627484778461, -15.00000000000000000, 0.000000000000000000 ) ) ;
#829 = AXIS2_PLACEMENT_3D ( 'NONE', #1713, #2524, #855 ) ;
#830 = AXIS2_PLACEMENT_3D ( 'NONE', #4834, #1837, #3641 ) ;
#831 = CARTESIAN_POINT ( 'NONE',  ( -9.750000000000005329, 0.000000000000000000, 3.000000000000002665 ) ) ;
#832 = DIRECTION ( 'NONE',  ( 0.000000000000000000, 0.000000000000000000, 1.000000000000000000 ) ) ;
#833 = ORIENTED_EDGE ( 'NONE', *, *, #253, .T. ) ;
#834 = CARTESIAN_POINT ( 'NONE',  ( 1.612210406319034783, -0.9625320570562818645, 2.886751345948130432 ) ) ;
#835 = DIRECTION ( 'NONE',  ( 1.000000000000000000, 0.000000000000000000, 0.000000000000000000 ) ) ;
#836 = DIRECTION ( 'NONE',  ( 1.000000000000000000, 0.000000000000000000, -0.000000000000000000 ) ) ;
#837 = EDGE_CURVE ( 'NONE', #5340, #216, #697, .T. ) ;
#838 = VERTEX_POINT ( 'NONE', #5009 ) ;
#839 = CARTESIAN_POINT ( 'NONE',  ( 213.4705627484779313, 0.000000000000000000, -3.500000000000000000 ) ) ;
#840 = CARTESIAN_POINT ( 'NONE',  ( 232.7500000000000000, -2.853169548885460483, 0.9270509831248441301 ) ) ;
#841 = ORIENTED_EDGE ( 'NONE', *, *, #3160, .F. ) ;
#842 = CARTESIAN_POINT ( 'NONE',  ( -12.25000000000000533, 0.000000000000000000, 3.000000000000002665 ) ) ;
#843 = CARTESIAN_POINT ( 'NONE',  ( -8.625000000000008882, 0.6498393924658194543, 2.000000000000000000 ) ) ;
#844 = FACE_OUTER_BOUND ( 'NONE', #2346, .T. ) ;
#845 = EDGE_CURVE ( 'NONE', #2119, #5421, #4582, .T. ) ;
#846 = VERTEX_POINT ( 'NONE', #5468 ) ;
#847 = CIRCLE ( 'NONE', #575, 3.500000000000000000 ) ;
#848 = DIRECTION ( 'NONE',  ( 1.000000000000000000, 0.000000000000000000, 0.000000000000000000 ) ) ;
#849 = ORIENTED_EDGE ( 'NONE', *, *, #4592, .F. ) ;
#850 = CARTESIAN_POINT ( 'NONE',  ( 0.000000000000000000, 0.5000000000000000000, 3.773502691896260419 ) ) ;
#851 = CARTESIAN_POINT ( 'NONE',  ( 1.450669114653322378, -0.1076373190313678341, 3.498344495265116372 ) ) ;
#852 = CARTESIAN_POINT ( 'NONE',  ( 234.2500000000000000, 1.763355756877416081, 2.427050983124845462 ) ) ;
#853 = CARTESIAN_POINT ( 'NONE',  ( 144.4705627484768229, 2.999999999999999112, 0.000000000000000000 ) ) ;
#854 = VERTEX_POINT ( 'NONE', #2908 ) ;
#855 = DIRECTION ( 'NONE',  ( 0.000000000000000000, -0.000000000000000000, 1.000000000000000000 ) ) ;
#856 = CARTESIAN_POINT ( 'NONE',  ( 1.859095980856778407, 1.137596958538559022, 2.886751345948129543 ) ) ;
#857 = DIRECTION ( 'NONE',  ( -0.000000000000000000, -5.421010862427522170E-17, 1.000000000000000000 ) ) ;
#858 = ORIENTED_EDGE ( 'NONE', *, *, #475, .T. ) ;
#859 = CARTESIAN_POINT ( 'NONE',  ( 233.0000000000000000, -2.853169548885460483, -0.9270509831248441301 ) ) ;
#860 = PLANE ( 'NONE',  #1531 ) ;
#861 = CARTESIAN_POINT ( 'NONE',  ( -13.25000000000001599, 0.000000000000000000, 0.000000000000000000 ) ) ;
#862 = EDGE_LOOP ( 'NONE', ( #5265, #1192, #557, #1434 ) ) ;
#863 = CARTESIAN_POINT ( 'NONE',  ( 3.142990511410849397, 1.739325089662735468, 2.886751345948129543 ) ) ;
#864 = CARTESIAN_POINT ( 'NONE',  ( 233.0000000000000000, -2.853169548885460483, -0.9270509831248441301 ) ) ;
#865 = VERTEX_POINT ( 'NONE', #1610 ) ;
#866 = DIRECTION ( 'NONE',  ( 0.000000000000000000, -0.8660254037844384856, 0.5000000000000001110 ) ) ;
#867 = CARTESIAN_POINT ( 'NONE',  ( 234.3749999999999716, 2.551952425056123186, 1.854101966249681155 ) ) ;
#868 = CARTESIAN_POINT ( 'NONE',  ( 2.614344838823170480, -1.848807830228741400, 2.886751345948129543 ) ) ;
#869 = VERTEX_POINT ( 'NONE', #4949 ) ;
#870 = CARTESIAN_POINT ( 'NONE',  ( 4.115108808221823899, 0.8276913821979213770, 2.886751345948129543 ) ) ;
#871 = ORIENTED_EDGE ( 'NONE', *, *, #914, .T. ) ;
#872 = DIRECTION ( 'NONE',  ( 0.000000000000000000, 0.000000000000000000, -1.000000000000000000 ) ) ;
#873 = CARTESIAN_POINT ( 'NONE',  ( 233.2500000000000000, 1.175570504584944054, 1.618033988749906227 ) ) ;
#874 = CARTESIAN_POINT ( 'NONE',  ( 235.6250000000000000, 1.701301616704077535, 1.236067977499787363 ) ) ;
#875 = CARTESIAN_POINT ( 'NONE',  ( 4.200014834162453248, 1.418969622771228956, 2.886751345948130432 ) ) ;
#876 = ORIENTED_EDGE ( 'NONE', *, *, #2211, .T. ) ;
#877 = DIRECTION ( 'NONE',  ( 0.000000000000000000, 0.000000000000000000, 1.000000000000000000 ) ) ;
#878 = EDGE_CURVE ( 'NONE', #2277, #3542, #1667, .T. ) ;
#879 = CARTESIAN_POINT ( 'NONE',  ( 28.52943725152276500, 8.499999999999511502, 0.000000000000000000 ) ) ;
#880 = EDGE_CURVE ( 'NONE', #3003, #3968, #1004, .T. ) ;
#881 = ADVANCED_FACE ( 'NONE', ( #4214 ), #4153, .T. ) ;
#882 = DIRECTION ( 'NONE',  ( 0.000000000000000000, 1.000000000000000000, 0.000000000000000000 ) ) ;
#883 = CARTESIAN_POINT ( 'NONE',  ( 2.927121025506233654, -1.913943612610825129, 2.930334514532483503 ) ) ;
#884 = EDGE_CURVE ( 'NONE', #1843, #100, #4519, .T. ) ;
#885 = EDGE_CURVE ( 'NONE', #1595, #1562, #2872, .T. ) ;
#886 = ORIENTED_EDGE ( 'NONE', *, *, #5288, .T. ) ;
#887 = CARTESIAN_POINT ( 'NONE',  ( 232.6250000000000000, -2.551952425056123186, 1.854101966249681155 ) ) ;
#888 = CARTESIAN_POINT ( 'NONE',  ( -6.750000000000006217, 1.902113032590309283, -0.6180339887498984552 ) ) ;
#889 = B_SPLINE_CURVE_WITH_KNOTS ( 'NONE', 3,
 ( #4994, #4568, #3294, #658, #1079, #5024, #4966, #4112, #1111, #2373 ),
 .UNSPECIFIED., .F., .F.,
 ( 4, 2, 2, 2, 4 ),
 ( 0.000000000000000000, 0.0002335581932978978185, 0.0004671163865957956370, 0.0007006745798936934826, 0.0009342327731915912739 ),
 .UNSPECIFIED. ) ;
#890 = LINE ( 'NONE', #578, #1641 ) ;
#891 = DIRECTION ( 'NONE',  ( 0.000000000000000000, -5.421010862427522170E-17, -1.000000000000000000 ) ) ;
#892 = CARTESIAN_POINT ( 'NONE',  ( 233.3749999999999716, -0.9747590886987209657, -2.999999999999992450 ) ) ;
#893 = CIRCLE ( 'NONE', #3458, 3.500000000000000000 ) ;
#894 = VERTEX_POINT ( 'NONE', #5038 ) ;
#895 = CARTESIAN_POINT ( 'NONE',  ( -13.12500000000001421, -0.6498393924658090182, 2.000000000000002220 ) ) ;
#896 = AXIS2_PLACEMENT_3D ( 'NONE', #4326, #1268, #3049 ) ;
#897 = CARTESIAN_POINT ( 'NONE',  ( 107.4705627484769934, -10.00000000000025757, 0.000000000000000000 ) ) ;
#898 = ORIENTED_EDGE ( 'NONE', *, *, #1658, .F. ) ;
#899 = CIRCLE ( 'NONE', #3831, 8.499999999999980460 ) ;
#900 = FACE_OUTER_BOUND ( 'NONE', #5077, .T. ) ;
#901 = AXIS2_PLACEMENT_3D ( 'NONE', #897, #4388, #480 ) ;
#902 = DIRECTION ( 'NONE',  ( 1.000000000000000000, -8.425591134430505636E-16, 0.000000000000000000 ) ) ;
#903 = CARTESIAN_POINT ( 'NONE',  ( 228.0000000000000000, -8.673617379884035472E-16, -5.773502691896259087 ) ) ;
#904 = DIRECTION ( 'NONE',  ( 0.7071067811865443531, 0.7071067811865506814, 0.000000000000000000 ) ) ;
#905 = AXIS2_PLACEMENT_3D ( 'NONE', #1049, #4765, #5537 ) ;
#906 = CARTESIAN_POINT ( 'NONE',  ( 1.474061140068517961, -0.4753931178125512247, 2.886751345948129988 ) ) ;
#907 = ORIENTED_EDGE ( 'NONE', *, *, #5557, .T. ) ;
#908 = CIRCLE ( 'NONE', #2474, 3.500000000000000000 ) ;
#909 = DIRECTION ( 'NONE',  ( 1.000000000000000000, 0.000000000000000000, 0.000000000000000000 ) ) ;
#910 = CARTESIAN_POINT ( 'NONE',  ( 3.883182458997015640, -1.271250443710726374, 2.886751345948129988 ) ) ;
#911 = CARTESIAN_POINT ( 'NONE',  ( 1.879348919890784009, 1.162202905743713766, 3.312505020278112333 ) ) ;
#912 = CARTESIAN_POINT ( 'NONE',  ( -9.875000000000003553, 0.9747590886987209657, 2.999999999999999556 ) ) ;
#913 = ORIENTED_EDGE ( 'NONE', *, *, #3547, .T. ) ;
#914 = EDGE_CURVE ( 'NONE', #571, #2848, #391, .T. ) ;
#915 = CIRCLE ( 'NONE', #1290, 8.500000000000007105 ) ;
#916 = VECTOR ( 'NONE', #3051, 1000.000000000000114 ) ;
#917 = CARTESIAN_POINT ( 'NONE',  ( -6.500000000000005329, 1.902113032590309283, 0.6180339887498914608 ) ) ;
#918 = EDGE_CURVE ( 'NONE', #3994, #2970, #2152, .T. ) ;
#919 = CARTESIAN_POINT ( 'NONE',  ( 2.299324022902030862, -0.9762459062396343645, 2.886751345948129543 ) ) ;
#920 = DIRECTION ( 'NONE',  ( 0.000000000000000000, 0.000000000000000000, 1.000000000000000000 ) ) ;
#921 = VECTOR ( 'NONE', #3667, 1000.000000000000000 ) ;
#922 = DIRECTION ( 'NONE',  ( 0.000000000000000000, 6.505213034913024632E-16, -1.000000000000000000 ) ) ;
#923 = EDGE_LOOP ( 'NONE', ( #2594, #3365, #3177, #1318 ) ) ;
#924 = CARTESIAN_POINT ( 'NONE',  ( -11.37500000000001599, 2.102924448476536590, 0.000000000000000000 ) ) ;
#925 = DIRECTION ( 'NONE',  ( 1.000000000000000000, -8.425591134430505636E-16, 0.000000000000000000 ) ) ;
#926 = VERTEX_POINT ( 'NONE', #3386 ) ;
#927 = EDGE_LOOP ( 'NONE', ( #4893, #213, #5178, #1065 ) ) ;
#928 = ORIENTED_EDGE ( 'NONE', *, *, #2067, .T. ) ;
#929 = DIRECTION ( 'NONE',  ( -1.000000000000000000, -0.000000000000000000, -0.000000000000000000 ) ) ;
#930 = CARTESIAN_POINT ( 'NONE',  ( -6.000000000000002665, 0.000000000000000000, 0.000000000000000000 ) ) ;
#931 = DIRECTION ( 'NONE',  ( -1.000000000000000000, 0.000000000000000000, 0.000000000000000000 ) ) ;
#932 = CARTESIAN_POINT ( 'NONE',  ( 236.8750000000000000, -0.6498393924658114607, -1.999999999999993339 ) ) ;
#933 = CIRCLE ( 'NONE', #1670, 3.500000000000000000 ) ;
#934 = LINE ( 'NONE', #487, #3109 ) ;
#935 = ORIENTED_EDGE ( 'NONE', *, *, #3442, .F. ) ;
#936 = ADVANCED_FACE ( 'NONE', ( #5151 ), #4666, .T. ) ;
#937 = DIRECTION ( 'NONE',  ( 0.000000000000000000, 0.000000000000000000, 1.000000000000000000 ) ) ;
#938 = CARTESIAN_POINT ( 'NONE',  ( -9.875000000000005329, -0.6498393924658180110, -2.000000000000001776 ) ) ;
#939 = LINE ( 'NONE', #4033, #1291 ) ;
#940 = EDGE_LOOP ( 'NONE', ( #272, #4337, #4907, #2448 ) ) ;
#941 = CARTESIAN_POINT ( 'NONE',  ( 1.505323477514404207, 0.4130173643532309979, 2.886751345948130876 ) ) ;
#942 = DIRECTION ( 'NONE',  ( 0.000000000000000000, 0.000000000000000000, 1.000000000000000000 ) ) ;
#943 = CYLINDRICAL_SURFACE ( 'NONE', #830, 3.499999999999999556 ) ;
#944 = CARTESIAN_POINT ( 'NONE',  ( 236.1249999999999716, 0.9747590886987209657, -2.999999999999992450 ) ) ;
#945 = ADVANCED_BREP_SHAPE_REPRESENTATION ( 'chopstick_traj_rod', ( #3178, #5035, #1327, #4536 ), #1715 ) ;
#946 = ORIENTED_EDGE ( 'NONE', *, *, #5181, .F. ) ;
#947 = CARTESIAN_POINT ( 'NONE',  ( -11.12500000000001421, 1.701301616704077091, 1.236067977499787141 ) ) ;
#948 = EDGE_CURVE ( 'NONE', #2221, #3942, #5627, .T. ) ;
#949 = ADVANCED_FACE ( 'NONE', ( #5091 ), #3476, .T. ) ;
#950 = ADVANCED_FACE ( 'NONE', ( #4775 ), #860, .F. ) ;
#951 = LINE ( 'NONE', #420, #5555 ) ;
#952 = EDGE_LOOP ( 'NONE', ( #760, #5021, #965, #1885 ) ) ;
#953 = EDGE_LOOP ( 'NONE', ( #1107, #488, #818, #3257 ) ) ;
#954 = DIRECTION ( 'NONE',  ( -1.000000000000000000, 0.000000000000000000, 0.000000000000000000 ) ) ;
#955 = CIRCLE ( 'NONE', #2432, 3.500000000000000000 ) ;
#956 = ORIENTED_EDGE ( 'NONE', *, *, #5113, .F. ) ;
#957 = DIRECTION ( 'NONE',  ( -1.000000000000000000, 0.000000000000000000, 0.000000000000000000 ) ) ;
#958 = DIRECTION ( 'NONE',  ( 1.000000000000000000, 0.000000000000000000, 0.000000000000000000 ) ) ;
#959 = FACE_OUTER_BOUND ( 'NONE', #1814, .T. ) ;
#960 = CARTESIAN_POINT ( 'NONE',  ( 109.5294372515226655, -13.50000000000018829, 4.286263797015737088E-16 ) ) ;
#961 = VERTEX_POINT ( 'NONE', #1694 ) ;
#962 = CARTESIAN_POINT ( 'NONE',  ( 3.672201171070419434, 1.673170877808689339, 2.886751345948128655 ) ) ;
#963 = CARTESIAN_POINT ( 'NONE',  ( 4.222359832629448917, -1.001188004939081777, 2.886751345948129543 ) ) ;
#964 = CARTESIAN_POINT ( 'NONE',  ( 2.192505674290941453, 1.455640776135619152, 2.886751345948130876 ) ) ;
#965 = ORIENTED_EDGE ( 'NONE', *, *, #3025, .T. ) ;
#966 = CARTESIAN_POINT ( 'NONE',  ( -11.00000000000000711, 0.000000000000000000, -3.000000000000002665 ) ) ;
#967 = VERTEX_POINT ( 'NONE', #5175 ) ;
#968 = CARTESIAN_POINT ( 'NONE',  ( -9.500000000000015987, 0.000000000000000000, -2.000000000000001776 ) ) ;
#969 = CARTESIAN_POINT ( 'NONE',  ( 37.01471862576144645, 1.485281374238534013, 0.000000000000000000 ) ) ;
#970 = CARTESIAN_POINT ( 'NONE',  ( 2.075816473216389291, 0.1795076990605043998, 2.886751345948128655 ) ) ;
#971 = VERTEX_POINT ( 'NONE', #2619 ) ;
#972 = CARTESIAN_POINT ( 'NONE',  ( -11.62500000000001243, 1.701301616704077091, -1.236067977499787141 ) ) ;
#973 = AXIS2_PLACEMENT_3D ( 'NONE', #2833, #5444, #587 ) ;
#974 = CARTESIAN_POINT ( 'NONE',  ( 2.059256322919846394, -0.1163670535761743979, 3.886751345948129543 ) ) ;
#975 = ORIENTED_EDGE ( 'NONE', *, *, #3194, .T. ) ;
#976 = ADVANCED_FACE ( 'NONE', ( #5547 ), #352, .T. ) ;
#977 = LINE ( 'NONE', #2739, #3869 ) ;
#978 = VECTOR ( 'NONE', #617, 1000.000000000000000 ) ;
#979 = ORIENTED_EDGE ( 'NONE', *, *, #3129, .F. ) ;
#980 = CARTESIAN_POINT ( 'NONE',  ( 2.059256322919846394, -0.1163670535761743979, 3.498064994942490014 ) ) ;
#981 = EDGE_CURVE ( 'NONE', #4841, #2360, #3875, .T. ) ;
#982 = DIRECTION ( 'NONE',  ( 0.7071067811865447972, 0.7071067811865502373, 0.000000000000000000 ) ) ;
#983 = DIRECTION ( 'NONE',  ( 0.7071067811865606734, -0.7071067811865344721, 0.000000000000000000 ) ) ;
#984 = DIRECTION ( 'NONE',  ( -0.7071067811865496822, 0.7071067811865454633, 0.000000000000000000 ) ) ;
#985 = ORIENTED_EDGE ( 'NONE', *, *, #1829, .F. ) ;
#986 = CARTESIAN_POINT ( 'NONE',  ( 233.6249999999999716, 0.9747590886987209657, -2.999999999999992450 ) ) ;
#987 = DIRECTION ( 'NONE',  ( -1.000000000000000000, 0.000000000000000000, 0.000000000000000000 ) ) ;
#988 = LINE ( 'NONE', #2752, #3371 ) ;
#989 = CARTESIAN_POINT ( 'NONE',  ( 2.855395283400427253, 1.718937656382096169, 3.312505020278111889 ) ) ;
#990 = VECTOR ( 'NONE', #5638, 1000.000000000000114 ) ;
#991 = CARTESIAN_POINT ( 'NONE',  ( -8.125000000000005329, 2.551952425056123186, -1.854101966249688260 ) ) ;
#992 = CIRCLE ( 'NONE', #2566, 3.500000000000000000 ) ;
#993 = ORIENTED_EDGE ( 'NONE', *, *, #5526, .F. ) ;
#994 = CARTESIAN_POINT ( 'NONE',  ( 77.52943725152275078, -1.999999999999998224, 4.286263797015736595E-16 ) ) ;
#995 = CARTESIAN_POINT ( 'NONE',  ( -10.00000000000000533, -1.175570504584944054, -1.618033988749892238 ) ) ;
#996 = CARTESIAN_POINT ( 'NONE',  ( 2.796831614288334933, -1.378244275556000487, 2.886751345948129988 ) ) ;
#997 = PLANE ( 'NONE',  #3306 ) ;
#998 = VECTOR ( 'NONE', #3460, 1000.000000000000227 ) ;
#999 = ORIENTED_EDGE ( 'NONE', *, *, #567, .T. ) ;
#1000 = AXIS2_PLACEMENT_3D ( 'NONE', #994, #59, #4062 ) ;
#1001 = CARTESIAN_POINT ( 'NONE',  ( -9.375000000000017764, 0.6498393924658090182, -2.000000000000002220 ) ) ;
#1002 = EDGE_CURVE ( 'NONE', #3538, #4355, #2258, .T. ) ;
#1003 = VECTOR ( 'NONE', #3997, 1000.000000000000000 ) ;
#1004 = B_SPLINE_CURVE_WITH_KNOTS ( 'NONE', 3,
 ( #1125, #3245, #672, #1061, #1029, #4091, #2421, #2790, #3735, #4636 ),
 .UNSPECIFIED., .F., .F.,
 ( 4, 2, 2, 2, 4 ),
 ( 1.084202172485504434E-19, 0.0002729774612990009904, 0.0005459549225980028482, 0.0008189323838970046518, 0.001091909845196006347 ),
 .UNSPECIFIED. ) ;
#1005 = DIRECTION ( 'NONE',  ( 0.000000000000000000, 0.000000000000000000, -1.000000000000000000 ) ) ;
#1006 = ORIENTED_EDGE ( 'NONE', *, *, #1829, .T. ) ;
#1007 = CARTESIAN_POINT ( 'NONE',  ( 186.4705627484778461, -2.999999999999999112, 0.000000000000000000 ) ) ;
#1008 =( LENGTH_UNIT ( ) NAMED_UNIT ( * ) SI_UNIT ( .MILLI., .METRE. ) );
#1009 = CARTESIAN_POINT ( 'NONE',  ( 236.3750000000000000, 3.154386672714803996, 0.000000000000000000 ) ) ;
#1010 = EDGE_CURVE ( 'NONE', #5259, #2222, #3172, .T. ) ;
#1011 = DIRECTION ( 'NONE',  ( 0.000000000000000000, 0.000000000000000000, 1.000000000000000000 ) ) ;
#1012 = LINE ( 'NONE', #2337, #3462 ) ;
#1013 = ORIENTED_EDGE ( 'NONE', *, *, #605, .F. ) ;
#1014 = CARTESIAN_POINT ( 'NONE',  ( 226.0000000000000000, -6.776263578034402713E-16, 5.773502691896260863 ) ) ;
#1015 = CARTESIAN_POINT ( 'NONE',  ( 28.52943725152276500, 1.500000000000000000, 4.286263797015138047E-16 ) ) ;
#1016 = CYLINDRICAL_SURFACE ( 'NONE', #1904, 3.500000000000000000 ) ;
#1017 = CARTESIAN_POINT ( 'NONE',  ( 2.150986703058229033, -0.6919172236329292902, 3.501732876836455954 ) ) ;
#1018 = EDGE_CURVE ( 'NONE', #2848, #571, #703, .T. ) ;
#1019 = VECTOR ( 'NONE', #1138, 1000.000000000000000 ) ;
#1020 = ORIENTED_EDGE ( 'NONE', *, *, #1762, .F. ) ;
#1021 = CARTESIAN_POINT ( 'NONE',  ( 2.337459610447351288, -1.739817352849666099, 3.037458722443529879 ) ) ;
#1022 = ORIENTED_EDGE ( 'NONE', *, *, #5252, .F. ) ;
#1023 = TOROIDAL_SURFACE ( 'NONE', #3595, 11.99999999999999822, 3.500000000000000000 ) ;
#1024 = DIRECTION ( 'NONE',  ( 1.000000000000000000, 0.000000000000000000, 0.000000000000000000 ) ) ;
#1025 = CARTESIAN_POINT ( 'NONE',  ( -9.250000000000007105, 1.902113032590309283, -0.6180339887498984552 ) ) ;
#1026 = FACE_OUTER_BOUND ( 'NONE', #1691, .T. ) ;
#1027 = CARTESIAN_POINT ( 'NONE',  ( 226.0000000000000000, 2.500000000000000000, 3.773502691896260419 ) ) ;
#1028 = CARTESIAN_POINT ( 'NONE',  ( 1.685365771907507471, -1.106133773676570842, 3.502014054161017409 ) ) ;
#1029 = CARTESIAN_POINT ( 'NONE',  ( 3.775575107151341925, 1.116251534196691209, 3.317467220119690197 ) ) ;
#1030 = CARTESIAN_POINT ( 'NONE',  ( 3.178533002057562395, -1.927163419156078250, 2.921650416437027165 ) ) ;
#1031 = CARTESIAN_POINT ( 'NONE',  ( -10.25000000000001421, 2.853169548885460483, -0.9270509831248441301 ) ) ;
#1032 = CARTESIAN_POINT ( 'NONE',  ( 4.506699757803152906, -1.453263543866571750, 2.886751345948129543 ) ) ;
#1033 = ADVANCED_FACE ( 'NONE', ( #1177 ), #775, .T. ) ;
#1034 = ORIENTED_EDGE ( 'NONE', *, *, #3964, .F. ) ;
#1035 = DIRECTION ( 'NONE',  ( -0.000000000000000000, -0.000000000000000000, -1.000000000000000000 ) ) ;
#1036 = EDGE_LOOP ( 'NONE', ( #458, #3112, #3264, #5227 ) ) ;
#1037 = DIRECTION ( 'NONE',  ( -0.7071067811865506814, -0.000000000000000000, -0.7071067811865443531 ) ) ;
#1038 = CARTESIAN_POINT ( 'NONE',  ( 233.1250000000000000, -0.9747590886987209657, -2.999999999999992450 ) ) ;
#1039 = CARTESIAN_POINT ( 'NONE',  ( 225.3431457505076310, 0.000000000000000000, 0.000000000000000000 ) ) ;
#1040 = DIRECTION ( 'NONE',  ( 1.000000000000000000, 0.000000000000000000, 0.000000000000000000 ) ) ;
#1041 = ORIENTED_EDGE ( 'NONE', *, *, #1092, .T. ) ;
#1042 = AXIS2_PLACEMENT_3D ( 'NONE', #2977, #1250, #709 ) ;
#1043 = B_SPLINE_CURVE_WITH_KNOTS ( 'NONE', 3,
 ( #2760, #549, #2296, #3981, #4036, #1778, #1751, #2236, #3179, #3958 ),
 .UNSPECIFIED., .F., .F.,
 ( 4, 2, 2, 2, 4 ),
 ( 0.000000000000000000, 0.0002642059642007284236, 0.0005284119284014568473, 0.0007926178926021853251, 0.001056823856802913695 ),
 .UNSPECIFIED. ) ;
#1044 = CARTESIAN_POINT ( 'NONE',  ( 232.7500000000000000, -2.853169548885460483, -0.9270509831248441301 ) ) ;
#1045 = FACE_OUTER_BOUND ( 'NONE', #1646, .T. ) ;
#1046 = CARTESIAN_POINT ( 'NONE',  ( 228.0000000000000000, 5.000000000000001776, -2.886751345948125103 ) ) ;
#1047 = CARTESIAN_POINT ( 'NONE',  ( 2.504538654975118739, 1.624976505668399129, 3.312505020278111001 ) ) ;
#1048 = FACE_OUTER_BOUND ( 'NONE', #1784, .T. ) ;
#1049 = CARTESIAN_POINT ( 'NONE',  ( -1.000000000000000000, -1.636495926573531787E-15, 3.773502691896259975 ) ) ;
#1050 = ORIENTED_EDGE ( 'NONE', *, *, #2677, .F. ) ;
#1051 = EDGE_CURVE ( 'NONE', #3464, #2857, #2720, .T. ) ;
#1052 = ADVANCED_FACE ( 'NONE', ( #2561 ), #4746, .F. ) ;
#1053 = CARTESIAN_POINT ( 'NONE',  ( -8.625000000000014211, 1.701301616704077535, 1.236067977499787363 ) ) ;
#1054 = EDGE_CURVE ( 'NONE', #3991, #5102, #4325, .T. ) ;
#1055 = CARTESIAN_POINT ( 'NONE',  ( -9.750000000000007105, 0.000000000000000000, -2.000000000000001776 ) ) ;
#1056 = DIRECTION ( 'NONE',  ( 1.000000000000000000, -0.000000000000000000, -0.000000000000000000 ) ) ;
#1057 = EDGE_CURVE ( 'NONE', #4624, #4174, #1360, .T. ) ;
#1058 = CARTESIAN_POINT ( 'NONE',  ( 234.8750000000000000, 1.701301616704077535, -1.236067977499787363 ) ) ;
#1059 = EDGE_LOOP ( 'NONE', ( #3183, #4939, #3089, #4641 ) ) ;
#1060 = ORIENTED_EDGE ( 'NONE', *, *, #3097, .F. ) ;
#1061 = CARTESIAN_POINT ( 'NONE',  ( 3.850980689699873949, 1.068989076985420894, 3.333255821902545879 ) ) ;
#1062 = CARTESIAN_POINT ( 'NONE',  ( 3.110139785902253706, 1.738796469820504953, 2.886751345948129099 ) ) ;
#1063 = CARTESIAN_POINT ( 'NONE',  ( -10.37500000000001421, 2.551952425056123186, -1.854101966249688260 ) ) ;
#1064 = CARTESIAN_POINT ( 'NONE',  ( 236.5000000000000284, -1.902113032590309283, -0.6180339887499053386 ) ) ;
#1065 = ORIENTED_EDGE ( 'NONE', *, *, #1483, .F. ) ;
#1066 = ORIENTED_EDGE ( 'NONE', *, *, #2708, .T. ) ;
#1067 = B_SPLINE_CURVE_WITH_KNOTS ( 'NONE', 3,
 ( #3792, #1473, #727, #5410, #2012, #2480, #5440, #2860, #2791, #4520, #3279, #301, #2392, #3736, #1503, #4583, #4981, #1062, #639 ),
 .UNSPECIFIED., .F., .F.,
 ( 4, 1, 1, 1, 1, 1, 1, 1, 1, 1, 1, 1, 1, 1, 1, 1, 4 ),
 ( 0.000000000000000000, 0.06501646987439065051, 0.1289260708258568311, 0.1916361587789675858, 0.2533395338758641646, 0.3145112827310145298, 0.3751036958255268283, 0.4355638028024381714, 0.4958928049625530576, 0.5559392621392177380, 0.6168633988126699386, 0.6780557367893064180, 0.7404089749404013654, 0.8033181862424689790, 0.8674582649970148385, 0.9329531939332670332, 1.000000000000000000 ),
 .UNSPECIFIED. ) ;
#1068 = CARTESIAN_POINT ( 'NONE',  ( 2.526158122201738188, 1.052470411817477025, 2.886751345948129988 ) ) ;
#1069 = ORIENTED_EDGE ( 'NONE', *, *, #1659, .F. ) ;
#1070 = TOROIDAL_SURFACE ( 'NONE', #4449, 12.00000000000001421, 3.500000000000000000 ) ;
#1071 = CARTESIAN_POINT ( 'NONE',  ( -9.625000000000015987, -0.6498393924658163456, -2.000000000000002220 ) ) ;
#1072 = CARTESIAN_POINT ( 'NONE',  ( 233.6250000000000000, 2.551952425056123186, -1.854101966249681155 ) ) ;
#1073 = CARTESIAN_POINT ( 'NONE',  ( 234.1250000000000000, -1.701301616704077535, -1.236067977499787363 ) ) ;
#1074 = CARTESIAN_POINT ( 'NONE',  ( 186.4705627484778461, -14.99999999999980993, 0.000000000000000000 ) ) ;
#1075 = VERTEX_POINT ( 'NONE', #3611 ) ;
#1076 = VECTOR ( 'NONE', #3660, 1000.000000000000000 ) ;
#1077 = DIRECTION ( 'NONE',  ( 0.000000000000000000, -1.000000000000000000, -5.421010862427522170E-17 ) ) ;
#1078 = LINE ( 'NONE', #4993, #1095 ) ;
#1079 = CARTESIAN_POINT ( 'NONE',  ( 2.786218178042415783, 1.202856333783103304, 3.286994568910711845 ) ) ;
#1080 = VECTOR ( 'NONE', #5589, 1000.000000000000000 ) ;
#1081 = CARTESIAN_POINT ( 'NONE',  ( 2.674982538325666681, 1.681838223318847358, 3.312505020278111445 ) ) ;
#1082 = CARTESIAN_POINT ( 'NONE',  ( 2.231158247433371766, -1.678449746602790116, 3.072340362756155407 ) ) ;
#1083 = CARTESIAN_POINT ( 'NONE',  ( 225.0000000000000000, -1.500000000000000000, 4.907477288111822489 ) ) ;
#1084 = ORIENTED_EDGE ( 'NONE', *, *, #5492, .T. ) ;
#1085 = ORIENTED_EDGE ( 'NONE', *, *, #3932, .T. ) ;
#1086 = CIRCLE ( 'NONE', #4283, 3.500000000000000000 ) ;
#1087 = CARTESIAN_POINT ( 'NONE',  ( -8.875000000000014211, 2.102924448476535702, 0.000000000000000000 ) ) ;
#1088 = DIRECTION ( 'NONE',  ( 0.000000000000000000, 0.000000000000000000, 1.000000000000000000 ) ) ;
#1089 = VECTOR ( 'NONE', #4491, 1000.000000000000000 ) ;
#1090 = PLANE ( 'NONE',  #2377 ) ;
#1091 = CARTESIAN_POINT ( 'NONE',  ( 234.6250000000000284, 0.6498393924658091292, -2.000000000000000888 ) ) ;
#1092 = EDGE_CURVE ( 'NONE', #2857, #4186, #3487, .T. ) ;
#1093 = VERTEX_POINT ( 'NONE', #5235 ) ;
#1094 = ORIENTED_EDGE ( 'NONE', *, *, #3363, .T. ) ;
#1095 = VECTOR ( 'NONE', #657, 1000.000000000000000 ) ;
#1096 = EDGE_CURVE ( 'NONE', #2516, #1115, #1043, .T. ) ;
#1097 = CARTESIAN_POINT ( 'NONE',  ( -11.75000000000001599, 1.175570504584944054, -1.618033988749892238 ) ) ;
#1098 = CARTESIAN_POINT ( 'NONE',  ( 1.450669114653322378, -0.1076373190313678341, 2.886751345948129543 ) ) ;
#1099 = CARTESIAN_POINT ( 'NONE',  ( 231.0000000000000000, 0.000000000000000000, 2.000000000000001776 ) ) ;
#1100 = ORIENTED_EDGE ( 'NONE', *, *, #3028, .F. ) ;
#1101 = FACE_OUTER_BOUND ( 'NONE', #4329, .T. ) ;
#1102 = TOROIDAL_SURFACE ( 'NONE', #3666, 11.99999999999999822, 3.500000000000000000 ) ;
#1103 = AXIS2_PLACEMENT_3D ( 'NONE', #510, #2607, #4789 ) ;
#1104 = CARTESIAN_POINT ( 'NONE',  ( 236.5000000000000284, 2.853169548885460483, 0.9270509831248441301 ) ) ;
#1105 = DIRECTION ( 'NONE',  ( 0.000000000000000000, -1.000000000000000000, -5.421010862427522170E-17 ) ) ;
#1106 = DIRECTION ( 'NONE',  ( 0.000000000000000000, 0.000000000000000000, 1.000000000000000000 ) ) ;
#1107 = ORIENTED_EDGE ( 'NONE', *, *, #146, .T. ) ;
#1108 = DIRECTION ( 'NONE',  ( 1.000000000000000000, 0.000000000000000000, 0.000000000000000000 ) ) ;
#1109 = CARTESIAN_POINT ( 'NONE',  ( 213.4705627484779313, 0.000000000000000000, 0.000000000000000000 ) ) ;
#1110 = ORIENTED_EDGE ( 'NONE', *, *, #1827, .T. ) ;
#1111 = CARTESIAN_POINT ( 'NONE',  ( 2.412209280511405929, 0.9434814138858406141, 3.370977493967795446 ) ) ;
#1112 = CARTESIAN_POINT ( 'NONE',  ( 2.588553614434962125, 1.655230382157913960, 2.886751345948129988 ) ) ;
#1113 = CARTESIAN_POINT ( 'NONE',  ( 2.679562383900041311, -1.870784952566237447, 2.958191907920261432 ) ) ;
#1114 = FACE_OUTER_BOUND ( 'NONE', #2537, .T. ) ;
#1115 = VERTEX_POINT ( 'NONE', #3534 ) ;
#1116 = EDGE_CURVE ( 'NONE', #854, #318, #1325, .T. ) ;
#1117 = CARTESIAN_POINT ( 'NONE',  ( 188.5294372515236887, -2.999999999999999112, -4.286263797015736595E-16 ) ) ;
#1118 = CARTESIAN_POINT ( 'NONE',  ( -8.125000000000005329, -1.701301616704077091, 1.236067977499787141 ) ) ;
#1119 = AXIS2_PLACEMENT_3D ( 'NONE', #4759, #1704, #3398 ) ;
#1120 = CARTESIAN_POINT ( 'NONE',  ( 225.0000000000000000, 2.500000000000000000, 3.773502691896260419 ) ) ;
#1121 = VECTOR ( 'NONE', #2093, 1000.000000000000000 ) ;
#1122 = AXIS2_PLACEMENT_3D ( 'NONE', #183, #3683, #1508 ) ;
#1123 = VERTEX_POINT ( 'NONE', #1436 ) ;
#1124 = ORIENTED_EDGE ( 'NONE', *, *, #4689, .T. ) ;
#1125 = CARTESIAN_POINT ( 'NONE',  ( 4.115108808221823899, 0.8276913821979213770, 3.400724478083353652 ) ) ;
#1126 = FACE_OUTER_BOUND ( 'NONE', #1364, .T. ) ;
#1127 =( BOUNDED_SURFACE ( )  B_SPLINE_SURFACE ( 1, 2, ( 
 ( #2021, #2189, #1333, #2569, #2997, #3454, #418, #4306, #5507, #5055, #389, #2160, #1760, #2131, #1275, #2462, #4360, #4783, #3881, #3938, #5610, #12, #3056, #867, #1701, #3424, #707, #3906, #5187, #4197, #3514, #1139, #5636, #281, #2899, #1733, #3485, #5216, #3778, #1675, #1303 ),
 ( #3788, #1505, #2794, #4554, #2089, #2528, #1928, #2500, #1207, #3841, #3384, #5121, #2964, #3681, #1064, #4687, #1608, #4098, #2359, #5149, #5413, #5518, #149, #3248, #3353, #4264, #4069, #1172, #5575, #1664, #1230, #2476, #4522, #180, #4492, #772, #349, #3415, #4663, #4982, #750 ) ),
 .UNSPECIFIED., .F., .F., .F. ) 
 B_SPLINE_SURFACE_WITH_KNOTS ( ( 2, 2 ),
 ( 3, 2, 2, 2, 2, 2, 2, 2, 2, 2, 2, 2, 2, 2, 2, 2, 2, 2, 2, 2, 3 ),
 ( 0.000000000000000000, 1.000000000000000000 ),
 ( 0.000000000000000000, 0.05000000000000000278, 0.1000000000000000056, 0.1499999999999999944, 0.2000000000000000111, 0.2500000000000000000, 0.2999999999999999889, 0.3499999999999999778, 0.4000000000000000222, 0.4500000000000000111, 0.5000000000000000000, 0.5500000000000000444, 0.5999999999999999778, 0.6500000000000000222, 0.6999999999999999556, 0.7500000000000000000, 0.8000000000000000444, 0.8499999999999999778, 0.9000000000000000222, 0.9499999999999999556, 1.000000000000000000 ),
 .UNSPECIFIED. ) 
 GEOMETRIC_REPRESENTATION_ITEM ( )  RATIONAL_B_SPLINE_SURFACE ( (
 ( 1.000000000000000000, 0.9510565162951535312, 1.000000000000000000, 0.9510565162951535312, 1.000000000000000000, 0.9510565162951535312, 1.000000000000000000, 0.9510565162951535312, 1.000000000000000000, 0.9510565162951535312, 1.000000000000000000, 0.9510565162951535312, 1.000000000000000000, 0.9510565162951535312, 1.000000000000000000, 0.9510565162951535312, 1.000000000000000000, 0.9510565162951535312, 1.000000000000000000, 0.9510565162951535312, 1.000000000000000000, 0.9510565162951535312, 1.000000000000000000, 0.9510565162951535312, 1.000000000000000000, 0.9510565162951535312, 1.000000000000000000, 0.9510565162951535312, 1.000000000000000000, 0.9510565162951535312, 1.000000000000000000, 0.9510565162951535312, 1.000000000000000000, 0.9510565162951535312, 1.000000000000000000, 0.9510565162951535312, 1.000000000000000000, 0.9510565162951535312, 1.000000000000000000, 0.9510565162951535312, 1.000000000000000000),
 ( 1.000000000000000000, 0.9510565162951535312, 1.000000000000000000, 0.9510565162951535312, 1.000000000000000000, 0.9510565162951535312, 1.000000000000000000, 0.9510565162951535312, 1.000000000000000000, 0.9510565162951535312, 1.000000000000000000, 0.9510565162951535312, 1.000000000000000000, 0.9510565162951535312, 1.000000000000000000, 0.9510565162951535312, 1.000000000000000000, 0.9510565162951535312, 1.000000000000000000, 0.9510565162951535312, 1.000000000000000000, 0.9510565162951535312, 1.000000000000000000, 0.9510565162951535312, 1.000000000000000000, 0.9510565162951535312, 1.000000000000000000, 0.9510565162951535312, 1.000000000000000000, 0.9510565162951535312, 1.000000000000000000, 0.9510565162951535312, 1.000000000000000000, 0.9510565162951535312, 1.000000000000000000, 0.9510565162951535312, 1.000000000000000000, 0.9510565162951535312, 1.000000000000000000, 0.9510565162951535312, 1.000000000000000000) ) ) 
 REPRESENTATION_ITEM ( '' )  SURFACE ( )  );
#1128 = CARTESIAN_POINT ( 'NONE',  ( 3.214570005294501431, 1.264161525373619810, 3.403808316876165030 ) ) ;
#1129 = ORIENTED_EDGE ( 'NONE', *, *, #3910, .T. ) ;
#1130 = CARTESIAN_POINT ( 'NONE',  ( 2.526158122201738188, 1.052470411817477025, 3.389244452423743503 ) ) ;
#1131 = EDGE_CURVE ( 'NONE', #2516, #464, #3506, .T. ) ;
#1132 = EDGE_CURVE ( 'NONE', #3483, #216, #3473, .T. ) ;
#1133 = EDGE_CURVE ( 'NONE', #2573, #4624, #2264, .T. ) ;
#1134 = FACE_OUTER_BOUND ( 'NONE', #3754, .T. ) ;
#1135 = CARTESIAN_POINT ( 'NONE',  ( 1.933721904565537164, -1.431778783703726132, 3.225519225871962270 ) ) ;
#1136 = CARTESIAN_POINT ( 'NONE',  ( 144.4705627484768229, 2.999999999999999112, 0.000000000000000000 ) ) ;
#1137 = ORIENTED_EDGE ( 'NONE', *, *, #244, .T. ) ;
#1138 = DIRECTION ( 'NONE',  ( 1.000000000000000000, 0.000000000000000000, 0.000000000000000000 ) ) ;
#1139 = CARTESIAN_POINT ( 'NONE',  ( 233.3749999999999716, -0.9747590886987209657, -2.999999999999992450 ) ) ;
#1140 = DIRECTION ( 'NONE',  ( -1.000000000000000000, 0.000000000000000000, 0.000000000000000000 ) ) ;
#1141 = LINE ( 'NONE', #2901, #4513 ) ;
#1142 = SURFACE_STYLE_USAGE ( .BOTH. , #5027 ) ;
#1143 = DIRECTION ( 'NONE',  ( 0.000000000000000000, 0.000000000000000000, 1.000000000000000000 ) ) ;
#1144 = ORIENTED_EDGE ( 'NONE', *, *, #884, .T. ) ;
#1145 = ORIENTED_EDGE ( 'NONE', *, *, #2501, .F. ) ;
#1146 = LINE ( 'NONE', #1524, #2105 ) ;
#1147 = DIRECTION ( 'NONE',  ( 0.000000000000000000, 0.000000000000000000, 1.000000000000000000 ) ) ;
#1148 = TOROIDAL_SURFACE ( 'NONE', #325, 11.99999999999998401, 3.500000000000000000 ) ;
#1149 = CARTESIAN_POINT ( 'NONE',  ( 3.483197997584120742, -1.415938696564414734, 2.886751345948129099 ) ) ;
#1150 = LINE ( 'NONE', #236, #5484 ) ;
#1151 = ORIENTED_EDGE ( 'NONE', *, *, #3465, .T. ) ;
#1152 = CARTESIAN_POINT ( 'NONE',  ( 4.296449380853236022, 1.347397044000493427, 3.230912480487279748 ) ) ;
#1153 = DIRECTION ( 'NONE',  ( -0.7071067811865445751, -0.7071067811865505703, 0.000000000000000000 ) ) ;
#1154 = CARTESIAN_POINT ( 'NONE',  ( -3.000000000000000000, -5.000000000000000888, -2.886751345948128655 ) ) ;
#1155 = ORIENTED_EDGE ( 'NONE', *, *, #3617, .T. ) ;
#1156 = CARTESIAN_POINT ( 'NONE',  ( 204.9852813742393209, -3.514718625761442894, 0.000000000000000000 ) ) ;
#1157 = CARTESIAN_POINT ( 'NONE',  ( 1.999035262397625523, -1.496203996335714770, 2.886751345948129099 ) ) ;
#1158 = EDGE_CURVE ( 'NONE', #1115, #5185, #307, .T. ) ;
#1159 = DIRECTION ( 'NONE',  ( 0.000000000000000000, 0.000000000000000000, -1.000000000000000000 ) ) ;
#1160 = VERTEX_POINT ( 'NONE', #86 ) ;
#1161 = CARTESIAN_POINT ( 'NONE',  ( 1.457718716936845071, -0.3402910267031780678, 3.485291441095926146 ) ) ;
#1162 = EDGE_CURVE ( 'NONE', #266, #3540, #5321, .T. ) ;
#1163 = CARTESIAN_POINT ( 'NONE',  ( 28.52943725152276500, 5.000000000000000000, 0.000000000000000000 ) ) ;
#1164 = CARTESIAN_POINT ( 'NONE',  ( -6.000000000000002665, 0.000000000000000000, -3.000000000000000444 ) ) ;
#1165 = DIRECTION ( 'NONE',  ( -1.000000000000000000, 0.000000000000000000, 0.000000000000000000 ) ) ;
#1166 = EDGE_LOOP ( 'NONE', ( #975, #4456, #4126, #4842 ) ) ;
#1167 = CARTESIAN_POINT ( 'NONE',  ( 225.0000000000000000, -8.673617379884035472E-16, -5.773502691896259087 ) ) ;
#1168 = AXIS2_PLACEMENT_3D ( 'NONE', #362, #335, #2103 ) ;
#1169 = CARTESIAN_POINT ( 'NONE',  ( 4.506699757803152906, -1.453263543866571750, 3.184026550151297652 ) ) ;
#1170 = CARTESIAN_POINT ( 'NONE',  ( -8.250000000000005329, 1.763355756877416081, -2.427050983124845462 ) ) ;
#1171 = LINE ( 'NONE', #2172, #5118 ) ;
#1172 = CARTESIAN_POINT ( 'NONE',  ( 234.8750000000000284, 1.701301616704077091, -1.236067977499787141 ) ) ;
#1173 = VECTOR ( 'NONE', #753, 1000.000000000000000 ) ;
#1174 = ORIENTED_EDGE ( 'NONE', *, *, #4154, .T. ) ;
#1175 = CARTESIAN_POINT ( 'NONE',  ( 234.2500000000000000, 1.763355756877416081, 2.427050983124845462 ) ) ;
#1176 = VECTOR ( 'NONE', #5529, 1000.000000000000114 ) ;
#1177 = FACE_OUTER_BOUND ( 'NONE', #4375, .T. ) ;
#1178 = DIRECTION ( 'NONE',  ( 0.000000000000000000, 0.000000000000000000, 1.000000000000000000 ) ) ;
#1179 = CIRCLE ( 'NONE', #4194, 3.500000000000000000 ) ;
#1180 = CARTESIAN_POINT ( 'NONE',  ( 3.917021283159689116, 1.020458434624564203, 2.886751345948128655 ) ) ;
#1181 = VECTOR ( 'NONE', #1476, 1000.000000000000114 ) ;
#1182 = ORIENTED_EDGE ( 'NONE', *, *, #2145, .T. ) ;
#1183 = EDGE_CURVE ( 'NONE', #971, #5046, #3041, .T. ) ;
#1184 = DIRECTION ( 'NONE',  ( 0.000000000000000000, -0.8660254037844384856, 0.5000000000000002220 ) ) ;
#1185 = CARTESIAN_POINT ( 'NONE',  ( 2.793022852665462796, -1.892306341597046249, 2.886751345948129099 ) ) ;
#1186 = CARTESIAN_POINT ( 'NONE',  ( 24.81370849898474873, -3.000000000000000000, 0.000000000000000000 ) ) ;
#1187 = ORIENTED_EDGE ( 'NONE', *, *, #3272, .T. ) ;
#1188 = AXIS2_PLACEMENT_3D ( 'NONE', #3122, #4850, #937 ) ;
#1189 = CIRCLE ( 'NONE', #2, 3.500000000000000000 ) ;
#1190 = CARTESIAN_POINT ( 'NONE',  ( -1.000000000000000000, -0.4999999999999992784, 5.484827557301449552 ) ) ;
#1191 = VERTEX_POINT ( 'NONE', #4120 ) ;
#1192 = ORIENTED_EDGE ( 'NONE', *, *, #4619, .F. ) ;
#1193 = EDGE_CURVE ( 'NONE', #493, #3054, #4209, .T. ) ;
#1194 = CARTESIAN_POINT ( 'NONE',  ( 1.450669114653322378, -0.1076373190313678341, 3.503679491924310607 ) ) ;
#1195 = DIRECTION ( 'NONE',  ( 0.000000000000000000, 0.000000000000000000, 1.000000000000000000 ) ) ;
#1196 = AXIS2_PLACEMENT_3D ( 'NONE', #4735, #4286, #5536 ) ;
#1197 = CARTESIAN_POINT ( 'NONE',  ( 232.2500000000000000, 0.000000000000000000, -2.000000000000001776 ) ) ;
#1198 = DIRECTION ( 'NONE',  ( 0.7071067811865469066, 0.7071067811865482389, 0.000000000000000000 ) ) ;
#1199 = ORIENTED_EDGE ( 'NONE', *, *, #5066, .F. ) ;
#1200 = EDGE_LOOP ( 'NONE', ( #519, #4827, #1338, #1145, #4321 ) ) ;
#1201 = DIRECTION ( 'NONE',  ( -0.7071067811865507924, 0.7071067811865443531, 0.000000000000000000 ) ) ;
#1202 = EDGE_CURVE ( 'NONE', #3228, #3377, #3637, .T. ) ;
#1203 = CARTESIAN_POINT ( 'NONE',  ( -10.12500000000001421, 3.154386672714803996, 0.000000000000000000 ) ) ;
#1204 = ADVANCED_FACE ( 'NONE', ( #5000 ), #2814, .F. ) ;
#1205 = CARTESIAN_POINT ( 'NONE',  ( -10.50000000000000533, 2.853169548885460483, -0.9270509831248441301 ) ) ;
#1206 = DIRECTION ( 'NONE',  ( 1.000000000000000000, 0.000000000000000000, 0.000000000000000000 ) ) ;
#1207 = CARTESIAN_POINT ( 'NONE',  ( 237.2500000000000284, 1.175570504584944054, -1.618033988749906227 ) ) ;
#1208 = ORIENTED_EDGE ( 'NONE', *, *, #1092, .F. ) ;
#1209 = PLANE ( 'NONE',  #110 ) ;
#1210 = DIRECTION ( 'NONE',  ( 0.000000000000000000, 5.421010862427522170E-17, -1.000000000000000000 ) ) ;
#1211 = CARTESIAN_POINT ( 'NONE',  ( 0.000000000000000000, 5.000000000000001776, -2.886751345948125103 ) ) ;
#1212 = ORIENTED_EDGE ( 'NONE', *, *, #5463, .T. ) ;
#1213 = CARTESIAN_POINT ( 'NONE',  ( 109.5294372515226513, 2.000000000000000000, 0.000000000000000000 ) ) ;
#1214 = ORIENTED_EDGE ( 'NONE', *, *, #2708, .F. ) ;
#1215 = CARTESIAN_POINT ( 'NONE',  ( -7.125000000000009770, 0.000000000000000000, 3.000000000000002665 ) ) ;
#1216 = CARTESIAN_POINT ( 'NONE',  ( 2.528765588929300367, -1.820177684357591641, 3.225519225871962714 ) ) ;
#1217 = PLANE ( 'NONE',  #4638 ) ;
#1218 = ORIENTED_EDGE ( 'NONE', *, *, #5281, .T. ) ;
#1219 = CARTESIAN_POINT ( 'NONE',  ( 5.076626713085535592, 1.664498793564392010, 3.078870534176889606 ) ) ;
#1220 = CARTESIAN_POINT ( 'NONE',  ( 4.506699757803152906, -1.453263543866571750, 2.886751345948129543 ) ) ;
#1221 = LINE ( 'NONE', #790, #2897 ) ;
#1222 = CARTESIAN_POINT ( 'NONE',  ( 234.1250000000000000, 2.551952425056123186, 1.854101966249681155 ) ) ;
#1223 = FACE_OUTER_BOUND ( 'NONE', #1929, .T. ) ;
#1224 = ORIENTED_EDGE ( 'NONE', *, *, #948, .F. ) ;
#1225 = ORIENTED_EDGE ( 'NONE', *, *, #845, .T. ) ;
#1226 = PLANE ( 'NONE',  #3762 ) ;
#1227 = CARTESIAN_POINT ( 'NONE',  ( -7.250000000000013323, 1.763355756877422964, 2.427050983124845462 ) ) ;
#1228 = DIRECTION ( 'NONE',  ( 0.7071067811865469066, 0.7071067811865481278, 0.000000000000000000 ) ) ;
#1229 = CARTESIAN_POINT ( 'NONE',  ( 226.0000000000000000, 0.4999999999999998890, 3.773502691896260419 ) ) ;
#1230 = CARTESIAN_POINT ( 'NONE',  ( 234.5000000000000000, 0.000000000000000000, -2.000000000000001776 ) ) ;
#1231 = EDGE_CURVE ( 'NONE', #4084, #2019, #1947, .T. ) ;
#1232 = EDGE_CURVE ( 'NONE', #2617, #1577, #4539, .T. ) ;
#1233 = EDGE_CURVE ( 'NONE', #4467, #787, #4570, .T. ) ;
#1234 = CARTESIAN_POINT ( 'NONE',  ( 235.2500000000000284, -2.853169548885460483, -0.9270509831248441301 ) ) ;
#1235 = VECTOR ( 'NONE', #3977, 1000.000000000000000 ) ;
#1236 = DIRECTION ( 'NONE',  ( 1.000000000000000000, 0.000000000000000000, 0.000000000000000000 ) ) ;
#1237 = EDGE_CURVE ( 'NONE', #493, #5587, #4199, .T. ) ;
#1238 = CARTESIAN_POINT ( 'NONE',  ( 7.913166887680227468, 4.286263797015736595E-16, 3.500000000000000000 ) ) ;
#1239 = CARTESIAN_POINT ( 'NONE',  ( 225.3431457505076310, 0.000000000000000000, 0.000000000000000000 ) ) ;
#1240 = CARTESIAN_POINT ( 'NONE',  ( 236.6250000000000000, 3.154386672714803996, 0.000000000000000000 ) ) ;
#1241 = ORIENTED_EDGE ( 'NONE', *, *, #4099, .F. ) ;
#1242 = CARTESIAN_POINT ( 'NONE',  ( -11.25000000000000711, -1.763355756877422964, -2.427050983124845462 ) ) ;
#1243 = CARTESIAN_POINT ( 'NONE',  ( -9.375000000000005329, 1.701301616704077535, -1.236067977499787363 ) ) ;
#1244 = CARTESIAN_POINT ( 'NONE',  ( 2.885755375130969913, -1.908028642483857285, 2.886751345948129988 ) ) ;
#1245 = DIRECTION ( 'NONE',  ( -1.000000000000000000, 0.000000000000000000, 0.000000000000000000 ) ) ;
#1246 = ORIENTED_EDGE ( 'NONE', *, *, #3368, .F. ) ;
#1247 = DIRECTION ( 'NONE',  ( 0.7071067811865606734, -0.7071067811865343611, 0.000000000000000000 ) ) ;
#1248 = AXIS2_PLACEMENT_3D ( 'NONE', #2178, #5206, #3899 ) ;
#1249 = DIRECTION ( 'NONE',  ( 1.000000000000000000, 0.000000000000000000, 0.000000000000000000 ) ) ;
#1250 = DIRECTION ( 'NONE',  ( -1.000000000000000000, 0.000000000000000000, 0.000000000000000000 ) ) ;
#1251 = CARTESIAN_POINT ( 'NONE',  ( 234.8750000000000000, -2.551952425056123186, 1.854101966249681155 ) ) ;
#1252 = LINE ( 'NONE', #1626, #4378 ) ;
#1253 = EDGE_LOOP ( 'NONE', ( #4060, #2390, #1262, #3157 ) ) ;
#1254 = APPLICATION_CONTEXT ( 'automotive_design' ) ;
#1255 = EDGE_CURVE ( 'NONE', #114, #4047, #3209, .T. ) ;
#1256 = CARTESIAN_POINT ( 'NONE',  ( 228.0000000000000000, -5.000000000000000888, 2.886751345948130432 ) ) ;
#1257 = FACE_OUTER_BOUND ( 'NONE', #585, .T. ) ;
#1258 = AXIS2_PLACEMENT_3D ( 'NONE', #3142, #4338, #424 ) ;
#1259 = CARTESIAN_POINT ( 'NONE',  ( -10.00000000000000533, 1.763355756877422964, 2.427050983124845462 ) ) ;
#1260 = CARTESIAN_POINT ( 'NONE',  ( -8.875000000000014211, -3.154386672714803996, 0.000000000000000000 ) ) ;
#1261 = ORIENTED_EDGE ( 'NONE', *, *, #4619, .T. ) ;
#1262 = ORIENTED_EDGE ( 'NONE', *, *, #48, .F. ) ;
#1263 = CARTESIAN_POINT ( 'NONE',  ( 235.3750000000000000, -2.551952425056123186, -1.854101966249681155 ) ) ;
#1264 = ORIENTED_EDGE ( 'NONE', *, *, #1018, .F. ) ;
#1265 = TOROIDAL_SURFACE ( 'NONE', #3826, 12.00000000000000178, 3.500000000000000000 ) ;
#1266 = DIRECTION ( 'NONE',  ( 0.000000000000000000, 0.000000000000000000, -1.000000000000000000 ) ) ;
#1267 = EDGE_CURVE ( 'NONE', #3685, #5327, #915, .T. ) ;
#1268 = DIRECTION ( 'NONE',  ( -1.000000000000000000, 0.000000000000000000, 0.000000000000000000 ) ) ;
#1269 = VERTEX_POINT ( 'NONE', #4511 ) ;
#1270 = CARTESIAN_POINT ( 'NONE',  ( 3.572215917918920347, 1.697463339139175353, 3.131276467051552714 ) ) ;
#1271 = VECTOR ( 'NONE', #2698, 1000.000000000000000 ) ;
#1272 = CARTESIAN_POINT ( 'NONE',  ( 236.0000000000000284, 0.000000000000000000, -3.000000000000002665 ) ) ;
#1273 = ORIENTED_EDGE ( 'NONE', *, *, #3097, .T. ) ;
#1274 = CARTESIAN_POINT ( 'NONE',  ( -9.125000000000007105, -3.154386672714803996, 0.000000000000000000 ) ) ;
#1275 = CARTESIAN_POINT ( 'NONE',  ( 235.5000000000000284, -2.853169548885460483, -0.9270509831248441301 ) ) ;
#1276 = VECTOR ( 'NONE', #3515, 1000.000000000000000 ) ;
#1277 = CARTESIAN_POINT ( 'NONE',  ( -11.87500000000001421, -0.9747590886987209657, 2.999999999999999556 ) ) ;
#1278 = VERTEX_POINT ( 'NONE', #3703 ) ;
#1279 = CARTESIAN_POINT ( 'NONE',  ( 18.84314575050763452, 2.343145750507646952, 0.000000000000000000 ) ) ;
#1280 = ORIENTED_EDGE ( 'NONE', *, *, #1362, .F. ) ;
#1281 = CARTESIAN_POINT ( 'NONE',  ( 186.4705627484778461, -14.99999999999980993, 0.000000000000000000 ) ) ;
#1282 = CARTESIAN_POINT ( 'NONE',  ( 233.7500000000000000, -1.175570504584944054, 1.618033988749906227 ) ) ;
#1283 = CARTESIAN_POINT ( 'NONE',  ( 235.6250000000000000, -0.9747590886987209657, -2.999999999999992450 ) ) ;
#1284 = CIRCLE ( 'NONE', #4469, 3.500000000000000000 ) ;
#1285 = CARTESIAN_POINT ( 'NONE',  ( 2.796831614288334933, -1.378244275556000487, 3.363938717079706819 ) ) ;
#1286 = ORIENTED_EDGE ( 'NONE', *, *, #4244, .F. ) ;
#1287 = VECTOR ( 'NONE', #4801, 1000.000000000000000 ) ;
#1288 = PRESENTATION_STYLE_ASSIGNMENT (( #767 ) ) ;
#1289 =( NAMED_UNIT ( * ) SI_UNIT ( $, .STERADIAN. ) SOLID_ANGLE_UNIT ( ) );
#1290 = AXIS2_PLACEMENT_3D ( 'NONE', #1117, #1917, #1024 ) ;
#1291 = VECTOR ( 'NONE', #1748, 1000.000000000000114 ) ;
#1292 = CARTESIAN_POINT ( 'NONE',  ( -8.000000000000005329, 2.853169548885460483, -0.9270509831248441301 ) ) ;
#1293 = CARTESIAN_POINT ( 'NONE',  ( 225.0000000000000000, -8.673617379884035472E-16, 5.773502691896260863 ) ) ;
#1294 = ORIENTED_EDGE ( 'NONE', *, *, #880, .T. ) ;
#1295 = CARTESIAN_POINT ( 'NONE',  ( 115.5398448916083396, -4.010407640085631442, 0.000000000000000000 ) ) ;
#1296 = DIRECTION ( 'NONE',  ( 1.000000000000000000, 8.425591134430620021E-16, 0.000000000000000000 ) ) ;
#1297 = CARTESIAN_POINT ( 'NONE',  ( 5.636576828888136603, 0.2184806214639111455, 3.886751345948129543 ) ) ;
#1298 = ORIENTED_EDGE ( 'NONE', *, *, #5005, .F. ) ;
#1299 = CARTESIAN_POINT ( 'NONE',  ( 2.362302822118135914, 0.8850582092066512363, 2.886751345948129543 ) ) ;
#1300 = DIRECTION ( 'NONE',  ( -0.000000000000000000, -0.000000000000000000, -1.000000000000000000 ) ) ;
#1301 = VERTEX_POINT ( 'NONE', #600 ) ;
#1302 = CARTESIAN_POINT ( 'NONE',  ( -10.12500000000000888, 2.551952425056123186, 1.854101966249681155 ) ) ;
#1303 = CARTESIAN_POINT ( 'NONE',  ( 232.2500000000000000, 0.000000000000000000, 3.000000000000002665 ) ) ;
#1304 = AXIS2_PLACEMENT_3D ( 'NONE', #4675, #4165, #2919 ) ;
#1305 = CARTESIAN_POINT ( 'NONE',  ( 3.078895509270433983, -1.925416556075238539, 2.886751345948129543 ) ) ;
#1306 = ORIENTED_EDGE ( 'NONE', *, *, #2454, .T. ) ;
#1307 = EDGE_CURVE ( 'NONE', #894, #1657, #1146, .T. ) ;
#1308 = CIRCLE ( 'NONE', #4229, 15.50000000000026290 ) ;
#1309 = EDGE_CURVE ( 'NONE', #4439, #188, #3846, .T. ) ;
#1310 = DIRECTION ( 'NONE',  ( -0.000000000000000000, -0.000000000000000000, -1.000000000000000000 ) ) ;
#1311 = ADVANCED_FACE ( 'NONE', ( #5459 ), #2470, .T. ) ;
#1312 = DIRECTION ( 'NONE',  ( -0.000000000000000000, -0.000000000000000000, -1.000000000000000000 ) ) ;
#1313 = ADVANCED_FACE ( 'NONE', ( #1886 ), #5483, .T. ) ;
#1314 = ADVANCED_FACE ( 'NONE', ( #5403 ), #1833, .T. ) ;
#1315 = CARTESIAN_POINT ( 'NONE',  ( 234.8750000000000284, 0.6498393924658164567, -1.999999999999994893 ) ) ;
#1316 = DIRECTION ( 'NONE',  ( 0.000000000000000000, 6.505213034913024632E-16, -1.000000000000000000 ) ) ;
#1317 = CARTESIAN_POINT ( 'NONE',  ( 1.837784342897271106, -1.322809615322161125, 2.886751345948129988 ) ) ;
#1318 = ORIENTED_EDGE ( 'NONE', *, *, #3547, .F. ) ;
#1319 = DIRECTION ( 'NONE',  ( -0.000000000000000000, -0.000000000000000000, -1.000000000000000000 ) ) ;
#1320 = DIRECTION ( 'NONE',  ( 0.000000000000000000, 0.000000000000000000, 1.000000000000000000 ) ) ;
#1321 = CARTESIAN_POINT ( 'NONE',  ( 1.984891872118905720, 1.278482545908942836, 3.312505020278110557 ) ) ;
#1322 = CARTESIAN_POINT ( 'NONE',  ( -11.62500000000000711, -3.154386672714803996, 0.000000000000000000 ) ) ;
#1323 = ORIENTED_EDGE ( 'NONE', *, *, #4346, .T. ) ;
#1324 = CARTESIAN_POINT ( 'NONE',  ( 234.7500000000000000, 0.000000000000000000, 3.000000000000002665 ) ) ;
#1325 = LINE ( 'NONE', #4484, #2570 ) ;
#1326 = CARTESIAN_POINT ( 'NONE',  ( 2.920319725346830708, -1.414110066832717560, 2.886751345948129988 ) ) ;
#1327 = MANIFOLD_SOLID_BREP ( 'Cut-Extrude3', #4224 ) ;
#1328 = CARTESIAN_POINT ( 'NONE',  ( 3.952985166675414774, 1.566601056169059980, 3.131276467051552714 ) ) ;
#1329 = CARTESIAN_POINT ( 'NONE',  ( 233.6249999999999716, 0.9747590886987209657, -2.999999999999992450 ) ) ;
#1330 = CIRCLE ( 'NONE', #1693, 3.500000000000000000 ) ;
#1331 = VERTEX_POINT ( 'NONE', #2585 ) ;
#1332 = CARTESIAN_POINT ( 'NONE',  ( -11.00000000000000711, 0.000000000000000000, -3.000000000000002665 ) ) ;
#1333 = CARTESIAN_POINT ( 'NONE',  ( 237.0000000000000284, 1.763355756877416081, 2.427050983124845462 ) ) ;
#1334 = LINE ( 'NONE', #2243, #1368 ) ;
#1335 = ORIENTED_EDGE ( 'NONE', *, *, #3828, .T. ) ;
#1336 = VERTEX_POINT ( 'NONE', #2084 ) ;
#1337 = CARTESIAN_POINT ( 'NONE',  ( 4.340366105860962165, 1.086926037581511073, 3.329665116003432956 ) ) ;
#1338 = ORIENTED_EDGE ( 'NONE', *, *, #1762, .T. ) ;
#1339 = CARTESIAN_POINT ( 'NONE',  ( -10.25000000000001421, -1.902113032590309283, 0.6180339887498914608 ) ) ;
#1340 = DIRECTION ( 'NONE',  ( 0.000000000000000000, 1.000000000000000000, 0.000000000000000000 ) ) ;
#1341 = ADVANCED_FACE ( 'NONE', ( #5199 ), #1226, .F. ) ;
#1342 = LINE ( 'NONE', #3601, #8 ) ;
#1343 = CARTESIAN_POINT ( 'NONE',  ( 50.52943725152278631, -5.000000000000095035, 0.000000000000000000 ) ) ;
#1344 = ORIENTED_EDGE ( 'NONE', *, *, #2680, .F. ) ;
#1345 = ADVANCED_FACE ( 'NONE', ( #3010 ), #4316, .F. ) ;
#1346 = CARTESIAN_POINT ( 'NONE',  ( 3.923026517916380573, 1.580536452766572841, 2.886751345948130432 ) ) ;
#1347 = PRESENTATION_STYLE_ASSIGNMENT (( #5200 ) ) ;
#1348 = FACE_OUTER_BOUND ( 'NONE', #5233, .T. ) ;
#1349 = CARTESIAN_POINT ( 'NONE',  ( -7.875000000000007105, 3.154386672714803996, 0.000000000000000000 ) ) ;
#1350 = ORIENTED_EDGE ( 'NONE', *, *, #3936, .T. ) ;
#1351 = B_SPLINE_CURVE_WITH_KNOTS ( 'NONE', 3,
 ( #5011, #240, #1925, #211, #1955, #3679, #3709 ),
 .UNSPECIFIED., .F., .F.,
 ( 4, 1, 1, 1, 4 ),
 ( 0.000000000000000000, 0.2239134208595885689, 0.4644527876151366419, 0.7233161937204181102, 1.000000000000000000 ),
 .UNSPECIFIED. ) ;
#1352 = CARTESIAN_POINT ( 'NONE',  ( 3.844810773241811752, -1.293014059152042261, 3.252654605203684657 ) ) ;
#1353 = CARTESIAN_POINT ( 'NONE',  ( 4.226736573747062131, -1.662564365792099208, 2.886751345948128655 ) ) ;
#1354 = DIRECTION ( 'NONE',  ( 1.000000000000000000, -0.000000000000000000, -0.000000000000000000 ) ) ;
#1355 = CARTESIAN_POINT ( 'NONE',  ( 233.1250000000000000, -2.551952425056123186, -1.854101966249681155 ) ) ;
#1356 = VECTOR ( 'NONE', #2910, 1000.000000000000000 ) ;
#1357 = ORIENTED_EDGE ( 'NONE', *, *, #1896, .T. ) ;
#1358 = CARTESIAN_POINT ( 'NONE',  ( -12.37500000000001599, -1.701301616704077091, -1.236067977499787141 ) ) ;
#1359 = VECTOR ( 'NONE', #5063, 1000.000000000000114 ) ;
#1360 = B_SPLINE_CURVE_WITH_KNOTS ( 'NONE', 3,
 ( #1637, #5125, #4266, #3073, #941, #4404, #33, #1804, #4909, #5344, #4831 ),
 .UNSPECIFIED., .F., .F.,
 ( 4, 1, 1, 1, 1, 1, 1, 1, 4 ),
 ( 0.000000000000000000, 0.1353590197118465788, 0.2663072925973022365, 0.3931086749179774076, 0.5171602493895386399, 0.6388028261053848578, 0.7589768269324724814, 0.8788979660069450306, 1.000000000000000000 ),
 .UNSPECIFIED. ) ;
#1361 = CARTESIAN_POINT ( 'NONE',  ( -12.12500000000001066, 0.000000000000000000, 3.000000000000002665 ) ) ;
#1362 = EDGE_CURVE ( 'NONE', #894, #266, #4665, .T. ) ;
#1363 = VERTEX_POINT ( 'NONE', #5540 ) ;
#1364 = EDGE_LOOP ( 'NONE', ( #3533, #4922, #1214, #2696 ) ) ;
#1365 = VECTOR ( 'NONE', #4354, 1000.000000000000000 ) ;
#1366 = ORIENTED_EDGE ( 'NONE', *, *, #5349, .F. ) ;
#1367 = CARTESIAN_POINT ( 'NONE',  ( -3.000000000000000000, -5.000000000000000888, 2.886751345948130432 ) ) ;
#1368 = VECTOR ( 'NONE', #3567, 1000.000000000000000 ) ;
#1369 = DIRECTION ( 'NONE',  ( -0.7071067811865606734, 0.7071067811865343611, 0.000000000000000000 ) ) ;
#1370 = CARTESIAN_POINT ( 'NONE',  ( 235.1250000000000000, 1.701301616704077091, -1.236067977499787141 ) ) ;
#1371 = CARTESIAN_POINT ( 'NONE',  ( 228.0000000000000000, 5.000000000000001776, -2.886751345948125103 ) ) ;
#1372 = CIRCLE ( 'NONE', #2190, 3.500000000000000000 ) ;
#1373 = CARTESIAN_POINT ( 'NONE',  ( 188.5294372515236887, -2.999999999999999112, 0.000000000000000000 ) ) ;
#1374 = EDGE_LOOP ( 'NONE', ( #3045, #1187, #1066, #40, #3237, #5569, #202 ) ) ;
#1375 = VECTOR ( 'NONE', #3469, 1000.000000000000000 ) ;
#1376 = CARTESIAN_POINT ( 'NONE',  ( 109.5294372515226513, 2.000000000000000000, -4.286263797015736595E-16 ) ) ;
#1377 = FILL_AREA_STYLE_COLOUR ( '', #5554 ) ;
#1378 = CARTESIAN_POINT ( 'NONE',  ( 2.051338597322014401, 1.342553900785715459, 3.312505020278111889 ) ) ;
#1379 = CARTESIAN_POINT ( 'NONE',  ( 3.052324434187354996, -1.924589762056601927, 2.923353342841235492 ) ) ;
#1380 = VERTEX_POINT ( 'NONE', #3466 ) ;
#1381 = ADVANCED_FACE ( 'NONE', ( #3379 ), #2114, .T. ) ;
#1382 = CIRCLE ( 'NONE', #1188, 3.500000000000000000 ) ;
#1383 = VECTOR ( 'NONE', #891, 1000.000000000000000 ) ;
#1384 = CARTESIAN_POINT ( 'NONE',  ( 3.668150645365458651, -1.368094390264929849, 3.221795318955442688 ) ) ;
#1385 = EDGE_CURVE ( 'NONE', #2404, #2319, #1469, .T. ) ;
#1386 = CARTESIAN_POINT ( 'NONE',  ( 2.572825169021099700, -1.261337592137897090, 2.886751345948129988 ) ) ;
#1387 = ADVANCED_FACE ( 'NONE', ( #3349 ), #1102, .T. ) ;
#1388 = CARTESIAN_POINT ( 'NONE',  ( 2.062313002879220925, 0.03418156684761069347, 2.886751345948129543 ) ) ;
#1389 = FACE_OUTER_BOUND ( 'NONE', #1444, .T. ) ;
#1390 = ORIENTED_EDGE ( 'NONE', *, *, #5353, .T. ) ;
#1391 = ORIENTED_EDGE ( 'NONE', *, *, #5045, .T. ) ;
#1392 = CARTESIAN_POINT ( 'NONE',  ( -12.50000000000001421, -1.902113032590309283, -0.6180339887498914608 ) ) ;
#1393 = CARTESIAN_POINT ( 'NONE',  ( 1.933721904565537164, -1.431778783703726132, 2.886751345948129988 ) ) ;
#1394 = ORIENTED_EDGE ( 'NONE', *, *, #2800, .F. ) ;
#1395 = VERTEX_POINT ( 'NONE', #1256 ) ;
#1396 = CIRCLE ( 'NONE', #3776, 3.500000000000000000 ) ;
#1397 = EDGE_LOOP ( 'NONE', ( #2286, #1174, #2135, #4772 ) ) ;
#1398 = CARTESIAN_POINT ( 'NONE',  ( 226.0000000000000000, 0.4999999999999998890, 3.773502691896260419 ) ) ;
#1399 = FACE_OUTER_BOUND ( 'NONE', #2208, .T. ) ;
#1400 = DIRECTION ( 'NONE',  ( 1.000000000000000000, -0.000000000000000000, -0.000000000000000000 ) ) ;
#1401 = AXIS2_PLACEMENT_3D ( 'NONE', #5241, #2971, #1673 ) ;
#1402 = CARTESIAN_POINT ( 'NONE',  ( 1.553258737228808695, -0.8092297859517088021, 2.886751345948130432 ) ) ;
#1403 = ORIENTED_EDGE ( 'NONE', *, *, #2250, .T. ) ;
#1404 = CARTESIAN_POINT ( 'NONE',  ( 3.768865205590844258, 1.642965858379511479, 2.886751345948130876 ) ) ;
#1405 = DIRECTION ( 'NONE',  ( -1.000000000000000000, 0.000000000000000000, 0.000000000000000000 ) ) ;
#1406 = CARTESIAN_POINT ( 'NONE',  ( 228.0000000000000000, -0.5000000000000000000, 5.484827557301448664 ) ) ;
#1407 = VERTEX_POINT ( 'NONE', #1167 ) ;
#1408 = CARTESIAN_POINT ( 'NONE',  ( -9.375000000000005329, -2.551952425056123186, 1.854101966249688260 ) ) ;
#1409 = EDGE_LOOP ( 'NONE', ( #3472, #4991, #591, #1777 ) ) ;
#1410 = CARTESIAN_POINT ( 'NONE',  ( 3.952985166675414774, 1.566601056169059980, 3.886751345948129988 ) ) ;
#1411 = CARTESIAN_POINT ( 'NONE',  ( 228.0000000000000000, 5.000000000000001776, 2.886751345948129099 ) ) ;
#1412 = FACE_OUTER_BOUND ( 'NONE', #3633, .T. ) ;
#1413 = EDGE_CURVE ( 'NONE', #1767, #1269, #4423, .T. ) ;
#1414 = ADVANCED_FACE ( 'NONE', ( #4400 ), #2575, .T. ) ;
#1415 = ORIENTED_EDGE ( 'NONE', *, *, #3028, .T. ) ;
#1416 = ADVANCED_FACE ( 'NONE', ( #3173, #3605 ), #430, .F. ) ;
#1417 = DIRECTION ( 'NONE',  ( 0.000000000000000000, 0.5000000000000003331, 0.8660254037844385966 ) ) ;
#1418 = CARTESIAN_POINT ( 'NONE',  ( 232.0000000000000000, -1.175570504584944054, -1.618033988749906227 ) ) ;
#1419 = EDGE_LOOP ( 'NONE', ( #4604, #5302, #635, #2394 ) ) ;
#1420 = ORIENTED_EDGE ( 'NONE', *, *, #2219, .T. ) ;
#1421 = DIRECTION ( 'NONE',  ( 0.000000000000000000, 0.000000000000000000, -1.000000000000000000 ) ) ;
#1422 = AXIS2_PLACEMENT_3D ( 'NONE', #2138, #2519, #3832 ) ;
#1423 = LINE ( 'NONE', #217, #5454 ) ;
#1424 = FACE_OUTER_BOUND ( 'NONE', #332, .T. ) ;
#1425 = CARTESIAN_POINT ( 'NONE',  ( 236.2500000000000284, -1.902113032590309283, 0.6180339887499053386 ) ) ;
#1426 = DIRECTION ( 'NONE',  ( 1.000000000000000000, 0.000000000000000000, 0.000000000000000000 ) ) ;
#1427 = ORIENTED_EDGE ( 'NONE', *, *, #2399, .F. ) ;
#1428 = CARTESIAN_POINT ( 'NONE',  ( 232.7500000000000000, -2.853169548885460483, 0.9270509831248441301 ) ) ;
#1429 = CARTESIAN_POINT ( 'NONE',  ( 225.0000000000000000, 2.500000000000000000, 5.773502691896260863 ) ) ;
#1430 = DIRECTION ( 'NONE',  ( 0.000000000000000000, 0.5000000000000003331, -0.8660254037844385966 ) ) ;
#1431 = DIRECTION ( 'NONE',  ( 0.000000000000000000, 0.000000000000000000, -1.000000000000000000 ) ) ;
#1432 = ORIENTED_EDGE ( 'NONE', *, *, #3965, .F. ) ;
#1433 = CARTESIAN_POINT ( 'NONE',  ( -10.00000000000000533, 1.763355756877422964, 2.427050983124845462 ) ) ;
#1434 = ORIENTED_EDGE ( 'NONE', *, *, #1707, .T. ) ;
#1435 = EDGE_CURVE ( 'NONE', #5140, #2338, #5279, .T. ) ;
#1436 = CARTESIAN_POINT ( 'NONE',  ( 225.0000000000000000, -0.4999999999999998890, 3.773502691896260419 ) ) ;
#1437 = DIRECTION ( 'NONE',  ( -1.000000000000000000, 0.000000000000000000, 0.000000000000000000 ) ) ;
#1438 = CARTESIAN_POINT ( 'NONE',  ( 2.175513463131899972, 0.5685639265590283209, 3.503679491924311939 ) ) ;
#1439 = EDGE_LOOP ( 'NONE', ( #1756, #3616, #5072, #5037, #2903, #4581 ) ) ;
#1440 = CARTESIAN_POINT ( 'NONE',  ( -7.375000000000007994, 0.9747590886987209657, 2.999999999999999556 ) ) ;
#1441 = EDGE_CURVE ( 'NONE', #1657, #3540, #1600, .T. ) ;
#1442 = VECTOR ( 'NONE', #2606, 1000.000000000000000 ) ;
#1443 = CARTESIAN_POINT ( 'NONE',  ( -10.62500000000001243, 0.9747590886987209657, -2.999999999999999556 ) ) ;
#1444 = EDGE_LOOP ( 'NONE', ( #5008, #4045, #3897, #871 ) ) ;
#1445 = EDGE_LOOP ( 'NONE', ( #649, #3139, #3342, #2244 ) ) ;
#1446 = CYLINDRICAL_SURFACE ( 'NONE', #2310, 3.000000000000000444 ) ;
#1447 = AXIS2_PLACEMENT_3D ( 'NONE', #1136, #654, #2894 ) ;
#1448 = ORIENTED_EDGE ( 'NONE', *, *, #4830, .T. ) ;
#1449 = CARTESIAN_POINT ( 'NONE',  ( 2.081143904295705394, -0.4208835267472110231, 3.475436490414049562 ) ) ;
#1450 = CARTESIAN_POINT ( 'NONE',  ( 232.0000000000000000, -1.175570504584944054, -1.618033988749906227 ) ) ;
#1451 = FACE_OUTER_BOUND ( 'NONE', #3974, .T. ) ;
#1452 = CARTESIAN_POINT ( 'NONE',  ( -13.00000000000001421, -1.175570504584944054, 1.618033988749892238 ) ) ;
#1453 = ORIENTED_EDGE ( 'NONE', *, *, #2863, .F. ) ;
#1454 = AXIS2_PLACEMENT_3D ( 'NONE', #2915, #4221, #3395 ) ;
#1455 = CARTESIAN_POINT ( 'NONE',  ( 234.7500000000000000, 0.000000000000000000, -2.000000000000001776 ) ) ;
#1456 = CARTESIAN_POINT ( 'NONE',  ( 75.47056274847707869, 10.00000000000000355, -3.500000000000000000 ) ) ;
#1457 = DIRECTION ( 'NONE',  ( 1.000000000000000000, -0.000000000000000000, -0.000000000000000000 ) ) ;
#1458 = CARTESIAN_POINT ( 'NONE',  ( 2.061314110925268839, -0.2402701578095996493, 3.501732876836455510 ) ) ;
#1459 = ORIENTED_EDGE ( 'NONE', *, *, #118, .F. ) ;
#1460 = TOROIDAL_SURFACE ( 'NONE', #456, 12.00000000000001954, 3.500000000000000000 ) ;
#1461 = CARTESIAN_POINT ( 'NONE',  ( 3.178533002057562395, -1.927163419156078250, 2.921650416437027165 ) ) ;
#1462 = VECTOR ( 'NONE', #252, 1000.000000000000000 ) ;
#1463 = ORIENTED_EDGE ( 'NONE', *, *, #2321, .T. ) ;
#1464 = CARTESIAN_POINT ( 'NONE',  ( -8.750000000000014211, 1.902113032590309283, 0.6180339887498914608 ) ) ;
#1465 = CARTESIAN_POINT ( 'NONE',  ( -8.375000000000007105, -0.6498393924658090182, 2.000000000000002220 ) ) ;
#1466 = DIRECTION ( 'NONE',  ( 0.000000000000000000, 0.000000000000000000, -1.000000000000000000 ) ) ;
#1467 = ADVANCED_FACE ( 'NONE', ( #108 ), #4114, .T. ) ;
#1468 = CARTESIAN_POINT ( 'NONE',  ( 225.0000000000000000, 0.000000000000000000, 0.000000000000000000 ) ) ;
#1469 = CIRCLE ( 'NONE', #2386, 3.000000000000000444 ) ;
#1470 = VECTOR ( 'NONE', #4633, 1000.000000000000000 ) ;
#1471 = CARTESIAN_POINT ( 'NONE',  ( 1.770106920123322158, -1.241350002632227056, 3.502014054161018741 ) ) ;
#1472 = CARTESIAN_POINT ( 'NONE',  ( -7.750000000000005329, 2.853169548885460483, 0.9270509831248441301 ) ) ;
#1473 = CARTESIAN_POINT ( 'NONE',  ( 1.879348919890784009, 1.162202905743713766, 2.886751345948130432 ) ) ;
#1474 = AXIS2_PLACEMENT_3D ( 'NONE', #1547, #4144, #3235 ) ;
#1475 = CARTESIAN_POINT ( 'NONE',  ( 231.3750000000000000, -1.701301616704077535, 1.236067977499787363 ) ) ;
#1476 = DIRECTION ( 'NONE',  ( 0.000000000000000000, -0.8660254037844384856, -0.5000000000000002220 ) ) ;
#1477 = VERTEX_POINT ( 'NONE', #1855 ) ;
#1478 = CARTESIAN_POINT ( 'NONE',  ( 77.52943725152275078, -1.999999999999998224, 0.000000000000000000 ) ) ;
#1479 = CARTESIAN_POINT ( 'NONE',  ( 0.000000000000000000, 4.286263797015736595E-16, 3.500000000000000000 ) ) ;
#1480 = CARTESIAN_POINT ( 'NONE',  ( 236.0000000000000284, 1.763355756877422964, -2.427050983124845462 ) ) ;
#1481 = DIRECTION ( 'NONE',  ( 0.000000000000000000, 0.000000000000000000, 1.000000000000000000 ) ) ;
#1482 = EDGE_CURVE ( 'NONE', #5328, #3348, #5228, .T. ) ;
#1483 = EDGE_CURVE ( 'NONE', #2263, #3542, #5387, .T. ) ;
#1484 = EDGE_CURVE ( 'NONE', #2889, #1160, #4370, .T. ) ;
#1485 = ORIENTED_EDGE ( 'NONE', *, *, #811, .F. ) ;
#1486 = CARTESIAN_POINT ( 'NONE',  ( 5.636576828888136603, -1.847348703317845509, 2.972760126271521752 ) ) ;
#1487 = ADVANCED_FACE ( 'NONE', ( #2259 ), #3090, .F. ) ;
#1488 = EDGE_CURVE ( 'NONE', #5421, #4390, #2169, .T. ) ;
#1489 = DIRECTION ( 'NONE',  ( 0.000000000000000000, 0.000000000000000000, 1.000000000000000000 ) ) ;
#1490 = CARTESIAN_POINT ( 'NONE',  ( 228.0000000000000000, -8.673617379884035472E-16, 5.773502691896260863 ) ) ;
#1491 = CYLINDRICAL_SURFACE ( 'NONE', #3978, 3.500000000000000000 ) ;
#1492 = TOROIDAL_SURFACE ( 'NONE', #4674, 11.99999999999902123, 3.500000000000000000 ) ;
#1493 = CYLINDRICAL_SURFACE ( 'NONE', #741, 3.500000000000001332 ) ;
#1494 = DIRECTION ( 'NONE',  ( 0.000000000000000000, 1.000000000000000000, 0.000000000000000000 ) ) ;
#1495 = VERTEX_POINT ( 'NONE', #3067 ) ;
#1496 = ORIENTED_EDGE ( 'NONE', *, *, #981, .F. ) ;
#1497 = CARTESIAN_POINT ( 'NONE',  ( -7.000000000000006217, 1.175570504584944054, -1.618033988749892238 ) ) ;
#1498 = CARTESIAN_POINT ( 'NONE',  ( -12.25000000000000533, 0.000000000000000000, 3.000000000000002665 ) ) ;
#1499 = FACE_OUTER_BOUND ( 'NONE', #3528, .T. ) ;
#1500 = ORIENTED_EDGE ( 'NONE', *, *, #2272, .T. ) ;
#1501 = EDGE_LOOP ( 'NONE', ( #2332, #4887, #4304, #611 ) ) ;
#1502 = DIRECTION ( 'NONE',  ( -0.7071067811865445751, -0.7071067811865505703, 0.000000000000000000 ) ) ;
#1503 = CARTESIAN_POINT ( 'NONE',  ( 2.855395283400427253, 1.718937656382096169, 2.886751345948129988 ) ) ;
#1504 = FACE_OUTER_BOUND ( 'NONE', #342, .T. ) ;
#1505 = CARTESIAN_POINT ( 'NONE',  ( 238.1250000000000000, 0.6498393924658090182, 1.999999999999994893 ) ) ;
#1506 = ORIENTED_EDGE ( 'NONE', *, *, #2820, .T. ) ;
#1507 = ORIENTED_EDGE ( 'NONE', *, *, #4794, .F. ) ;
#1508 = DIRECTION ( 'NONE',  ( 0.000000000000000000, 0.000000000000000000, 1.000000000000000000 ) ) ;
#1509 = CARTESIAN_POINT ( 'NONE',  ( 236.8750000000000284, 0.9747590886987209657, 2.999999999999992450 ) ) ;
#1510 = CARTESIAN_POINT ( 'NONE',  ( -7.250000000000006217, 0.000000000000000000, -2.000000000000001776 ) ) ;
#1511 = CARTESIAN_POINT ( 'NONE',  ( 204.9852813742393209, -3.514718625761442894, 0.000000000000000000 ) ) ;
#1512 = ORIENTED_EDGE ( 'NONE', *, *, #2574, .T. ) ;
#1513 = AXIS2_PLACEMENT_3D ( 'NONE', #2922, #3345, #5565 ) ;
#1514 = CARTESIAN_POINT ( 'NONE',  ( 237.1249999999999716, 0.9747590886987209657, 2.999999999999992450 ) ) ;
#1515 = CARTESIAN_POINT ( 'NONE',  ( 0.000000000000000000, 0.000000000000000000, 0.000000000000000000 ) ) ;
#1516 = EDGE_CURVE ( 'NONE', #2848, #4744, #647, .T. ) ;
#1517 = CARTESIAN_POINT ( 'NONE',  ( 59.01471862576138250, -1.485281374238561769, 0.000000000000000000 ) ) ;
#1518 = CARTESIAN_POINT ( 'NONE',  ( 3.045198703538356089, 1.737751465663610606, 2.886751345948129543 ) ) ;
#1519 = CARTESIAN_POINT ( 'NONE',  ( 2.041052476888784550, -1.533626950691445945, 3.146427791661060347 ) ) ;
#1520 = CARTESIAN_POINT ( 'NONE',  ( 1.859095980856778407, 1.137596958538559022, 3.309965733950099853 ) ) ;
#1521 = EDGE_CURVE ( 'NONE', #394, #67, #3952, .T. ) ;
#1522 = ORIENTED_EDGE ( 'NONE', *, *, #274, .F. ) ;
#1523 = EDGE_LOOP ( 'NONE', ( #2173, #53, #3569, #4118, #2104 ) ) ;
#1524 = CARTESIAN_POINT ( 'NONE',  ( 3.142990511410849397, 1.739325089662735468, 3.886751345948129543 ) ) ;
#1525 = CARTESIAN_POINT ( 'NONE',  ( -7.750000000000007105, -1.902113032590309283, -0.6180339887498914608 ) ) ;
#1526 = DIRECTION ( 'NONE',  ( 0.000000000000000000, -1.000000000000000000, 0.000000000000000000 ) ) ;
#1527 = CARTESIAN_POINT ( 'NONE',  ( 234.5000000000000000, 0.000000000000000000, -2.000000000000001776 ) ) ;
#1528 = EDGE_LOOP ( 'NONE', ( #4546, #2002, #1323, #1427 ) ) ;
#1529 = ORIENTED_EDGE ( 'NONE', *, *, #2746, .F. ) ;
#1530 = CARTESIAN_POINT ( 'NONE',  ( -11.12500000000001421, 1.701301616704077535, 1.236067977499787363 ) ) ;
#1531 = AXIS2_PLACEMENT_3D ( 'NONE', #382, #2966, #1210 ) ;
#1532 = CARTESIAN_POINT ( 'NONE',  ( 4.274267077562101669, -1.631370346681487060, 3.096736897159847235 ) ) ;
#1533 = CARTESIAN_POINT ( 'NONE',  ( -8.500000000000014211, -1.763355756877422964, -2.427050983124845462 ) ) ;
#1534 = ORIENTED_EDGE ( 'NONE', *, *, #2645, .F. ) ;
#1535 = CARTESIAN_POINT ( 'NONE',  ( 3.047857924632097149, 1.261696580630616182, 2.886751345948129988 ) ) ;
#1536 = CARTESIAN_POINT ( 'NONE',  ( 225.3431457505076310, 0.000000000000000000, 0.000000000000000000 ) ) ;
#1537 = CARTESIAN_POINT ( 'NONE',  ( 77.52943725152275078, 10.00000000000000355, 0.000000000000000000 ) ) ;
#1538 = EDGE_CURVE ( 'NONE', #5132, #2221, #1382, .T. ) ;
#1539 = PLANE ( 'NONE',  #4461 ) ;
#1540 = LINE ( 'NONE', #2868, #1629 ) ;
#1541 = ORIENTED_EDGE ( 'NONE', *, *, #2429, .T. ) ;
#1542 = AXIS2_PLACEMENT_3D ( 'NONE', #3767, #1153, #2180 ) ;
#1543 = DIRECTION ( 'NONE',  ( 0.000000000000000000, 0.000000000000000000, 1.000000000000000000 ) ) ;
#1544 = LINE ( 'NONE', #1880, #1462 ) ;
#1545 = DIRECTION ( 'NONE',  ( -1.000000000000000000, 0.000000000000000000, 0.000000000000000000 ) ) ;
#1546 = CARTESIAN_POINT ( 'NONE',  ( 2.855395283400427253, 1.718937656382096169, 2.886751345948129988 ) ) ;
#1547 = CARTESIAN_POINT ( 'NONE',  ( -0.3431457505076260794, 0.000000000000000000, 0.000000000000000000 ) ) ;
#1548 = CARTESIAN_POINT ( 'NONE',  ( 1.598226364215877826, 0.7038652348879034237, 3.429885147449913241 ) ) ;
#1549 = EDGE_LOOP ( 'NONE', ( #898, #2027, #16, #5406, #4436 ) ) ;
#1550 = CARTESIAN_POINT ( 'NONE',  ( 238.2500000000000284, 0.000000000000000000, 0.000000000000000000 ) ) ;
#1551 = CARTESIAN_POINT ( 'NONE',  ( 7.353840324345111590, 0.000000000000000000, 0.000000000000000000 ) ) ;
#1552 = VECTOR ( 'NONE', #681, 1000.000000000000000 ) ;
#1553 = LINE ( 'NONE', #4087, #3110 ) ;
#1554 = CARTESIAN_POINT ( 'NONE',  ( 235.1250000000000000, 2.102924448476535702, 0.000000000000000000 ) ) ;
#1555 = EDGE_CURVE ( 'NONE', #3538, #5254, #79, .T. ) ;
#1556 = EDGE_CURVE ( 'NONE', #5531, #5168, #3630, .T. ) ;
#1557 = CARTESIAN_POINT ( 'NONE',  ( 1.871567030206502391, -1.363471988548559999, 2.886751345948129543 ) ) ;
#1558 = ORIENTED_EDGE ( 'NONE', *, *, #2612, .T. ) ;
#1559 = CARTESIAN_POINT ( 'NONE',  ( 228.0000000000000000, 5.000000000000001776, 2.886751345948129099 ) ) ;
#1560 = CARTESIAN_POINT ( 'NONE',  ( 3.302026374584120738, -1.924594841789635247, 2.923347281892916261 ) ) ;
#1561 = DIRECTION ( 'NONE',  ( -1.000000000000000000, 0.000000000000000000, 0.000000000000000000 ) ) ;
#1562 = VERTEX_POINT ( 'NONE', #1015 ) ;
#1563 = CARTESIAN_POINT ( 'NONE',  ( 3.127343025296278611, 1.264164801364995983, 2.886751345948129988 ) ) ;
#1564 = COLOUR_RGB ( '',1.000000000000000000, 1.000000000000000000, 1.000000000000000000 ) ;
#1565 = CIRCLE ( 'NONE', #3119, 3.500000000000000000 ) ;
#1566 = CARTESIAN_POINT ( 'NONE',  ( 3.952985166675414774, 1.566601056169059980, 2.886751345948129988 ) ) ;
#1567 = CARTESIAN_POINT ( 'NONE',  ( 50.52943725152280052, 7.000000000000000000, -4.286263797015736595E-16 ) ) ;
#1568 = CARTESIAN_POINT ( 'NONE',  ( 188.5294372515236887, -2.999999999999999112, 0.000000000000000000 ) ) ;
#1569 = ORIENTED_EDGE ( 'NONE', *, *, #1726, .T. ) ;
#1570 = CARTESIAN_POINT ( 'NONE',  ( 1.736702089077465372, -1.188558227713420568, 3.292357904020998927 ) ) ;
#1571 = CARTESIAN_POINT ( 'NONE',  ( -1.000000000000000000, -8.673617379884035472E-16, 5.773502691896261751 ) ) ;
#1572 = CARTESIAN_POINT ( 'NONE',  ( 3.178533002057562395, -1.927163419156078250, 2.886751345948129543 ) ) ;
#1573 = CARTESIAN_POINT ( 'NONE',  ( 107.4705627484769792, 2.000000000000000000, 0.000000000000000000 ) ) ;
#1574 = CARTESIAN_POINT ( 'NONE',  ( 2.526158122201738188, 1.052470411817477025, 2.886751345948129988 ) ) ;
#1575 = CARTESIAN_POINT ( 'NONE',  ( 24.81370849898478781, 5.000000000000976108, 0.000000000000000000 ) ) ;
#1576 = ORIENTED_EDGE ( 'NONE', *, *, #2680, .T. ) ;
#1577 = VERTEX_POINT ( 'NONE', #1940 ) ;
#1578 = CARTESIAN_POINT ( 'NONE',  ( 237.3750000000000000, 1.701301616704077535, -1.236067977499787363 ) ) ;
#1579 = CARTESIAN_POINT ( 'NONE',  ( -10.87500000000000711, -0.6498393924658090182, 2.000000000000002220 ) ) ;
#1580 = TOROIDAL_SURFACE ( 'NONE', #3409, 12.00000000000000355, 3.500000000000000000 ) ;
#1581 = CARTESIAN_POINT ( 'NONE',  ( -11.00000000000000711, 0.000000000000000000, -3.000000000000002665 ) ) ;
#1582 = DIRECTION ( 'NONE',  ( 0.000000000000000000, 1.000000000000000000, -5.421010862427522170E-17 ) ) ;
#1583 = VECTOR ( 'NONE', #2768, 1000.000000000000000 ) ;
#1584 = EDGE_LOOP ( 'NONE', ( #1286, #1749, #1529, #286 ) ) ;
#1585 = CARTESIAN_POINT ( 'NONE',  ( 3.998434508891340222, 1.542950290871056618, 3.141656235305735567 ) ) ;
#1586 = EDGE_CURVE ( 'NONE', #3146, #498, #2805, .T. ) ;
#1587 = CARTESIAN_POINT ( 'NONE',  ( -3.000000000000000000, 5.000000000000001776, -2.886751345948125103 ) ) ;
#1588 = CARTESIAN_POINT ( 'NONE',  ( -7.250000000000006217, 0.000000000000000000, 3.000000000000002665 ) ) ;
#1589 = EDGE_CURVE ( 'NONE', #188, #4439, #992, .T. ) ;
#1590 = EDGE_LOOP ( 'NONE', ( #1613, #766, #4416, #558 ) ) ;
#1591 = VERTEX_POINT ( 'NONE', #1571 ) ;
#1592 = CARTESIAN_POINT ( 'NONE',  ( 2.388237603467338044, 0.9154188696873954978, 3.389244452423743059 ) ) ;
#1593 = CARTESIAN_POINT ( 'NONE',  ( 2.365121706119354350, -1.749630084296684318, 3.225519225871960938 ) ) ;
#1594 = DIRECTION ( 'NONE',  ( 0.000000000000000000, 0.000000000000000000, -1.000000000000000000 ) ) ;
#1595 = VERTEX_POINT ( 'NONE', #3230 ) ;
#1596 = DIRECTION ( 'NONE',  ( 0.000000000000000000, 0.000000000000000000, 1.000000000000000000 ) ) ;
#1597 = CARTESIAN_POINT ( 'NONE',  ( 1.859095980856778407, 1.137596958538559022, 2.886751345948129543 ) ) ;
#1598 = DIRECTION ( 'NONE',  ( -1.000000000000000000, 0.000000000000000000, -0.000000000000000000 ) ) ;
#1599 = DIRECTION ( 'NONE',  ( 0.000000000000000000, 0.000000000000000000, -1.000000000000000000 ) ) ;
#1600 = B_SPLINE_CURVE_WITH_KNOTS ( 'NONE', 3,
 ( #5653, #4450, #3148, #4821, #2721, #2667, #962, #1404, #4877, #1346, #2637 ),
 .UNSPECIFIED., .F., .F.,
 ( 4, 1, 1, 1, 1, 1, 1, 1, 4 ),
 ( 0.000000000000000000, 0.1343997057783657412, 0.2653937826958124857, 0.3926134620224360772, 0.5178020876810365269, 0.6407359299181780710, 0.7618614872569461349, 0.8813823550160447828, 0.9999999999999998890 ),
 .UNSPECIFIED. ) ;
#1601 = DIRECTION ( 'NONE',  ( -1.000000000000000000, 0.000000000000000000, -0.000000000000000000 ) ) ;
#1602 = VERTEX_POINT ( 'NONE', #685 ) ;
#1603 = DIRECTION ( 'NONE',  ( 1.000000000000000000, -0.000000000000000000, -0.000000000000000000 ) ) ;
#1604 = CARTESIAN_POINT ( 'NONE',  ( -10.50000000000001421, 1.763355756877416081, -2.427050983124845462 ) ) ;
#1605 = CARTESIAN_POINT ( 'NONE',  ( -11.00000000000000711, 0.000000000000000000, 2.000000000000001776 ) ) ;
#1606 = LINE ( 'NONE', #3731, #2013 ) ;
#1607 = EDGE_CURVE ( 'NONE', #1380, #1407, #4936, .T. ) ;
#1608 = CARTESIAN_POINT ( 'NONE',  ( 236.2500000000000284, -1.902113032590309283, 0.6180339887499053386 ) ) ;
#1609 = CARTESIAN_POINT ( 'NONE',  ( 235.6250000000000000, -0.9747590886987209657, -2.999999999999992450 ) ) ;
#1610 = CARTESIAN_POINT ( 'NONE',  ( 13.18629150101519087, 3.500000000000000000, -4.286263797015108957E-16 ) ) ;
#1611 = CARTESIAN_POINT ( 'NONE',  ( 107.4705627484769934, -13.50000000000025757, 4.286263797015819918E-16 ) ) ;
#1612 = CARTESIAN_POINT ( 'NONE',  ( 3.167932610110297365, 1.265425214373228968, 2.886751345948129543 ) ) ;
#1613 = ORIENTED_EDGE ( 'NONE', *, *, #2102, .F. ) ;
#1614 = ADVANCED_FACE ( 'NONE', ( #5396 ), #4166, .T. ) ;
#1615 = PLANE ( 'NONE',  #5048 ) ;
#1616 = CARTESIAN_POINT ( 'NONE',  ( 3.145061995916377917, -1.926576599242498800, 3.225519225871961826 ) ) ;
#1617 = DIRECTION ( 'NONE',  ( -1.000000000000000000, 0.000000000000000000, -0.000000000000000000 ) ) ;
#1618 = ORIENTED_EDGE ( 'NONE', *, *, #3268, .T. ) ;
#1619 = EDGE_CURVE ( 'NONE', #3980, #5431, #2314, .T. ) ;
#1620 = EDGE_CURVE ( 'NONE', #2404, #5316, #1544, .T. ) ;
#1621 = CYLINDRICAL_SURFACE ( 'NONE', #754, 3.499999999999996003 ) ;
#1622 = CARTESIAN_POINT ( 'NONE',  ( -3.000000000000002665, 3.673940397442060361E-16, 3.000000000000000444 ) ) ;
#1623 = LINE ( 'NONE', #740, #2792 ) ;
#1624 = CARTESIAN_POINT ( 'NONE',  ( 232.5000000000000000, 1.175570504584944054, -1.618033988749906227 ) ) ;
#1625 = AXIS2_PLACEMENT_3D ( 'NONE', #5331, #2770, #152 ) ;
#1626 = CARTESIAN_POINT ( 'NONE',  ( 0.000000000000000000, 4.286263797015736595E-16, 3.500000000000000000 ) ) ;
#1627 = ORIENTED_EDGE ( 'NONE', *, *, #1861, .T. ) ;
#1628 = ORIENTED_EDGE ( 'NONE', *, *, #5563, .T. ) ;
#1629 = VECTOR ( 'NONE', #3745, 1000.000000000000000 ) ;
#1630 = DIRECTION ( 'NONE',  ( -0.000000000000000000, -0.000000000000000000, -1.000000000000000000 ) ) ;
#1631 = CYLINDRICAL_SURFACE ( 'NONE', #2151, 3.500000000000002220 ) ;
#1632 = CARTESIAN_POINT ( 'NONE',  ( 1.859095980856778407, 1.137596958538559022, 3.886751345948129543 ) ) ;
#1633 = CARTESIAN_POINT ( 'NONE',  ( 4.461913411103219040, -1.491216250518643260, 3.185810201376516826 ) ) ;
#1634 = AXIS2_PLACEMENT_3D ( 'NONE', #1551, #601, #2324 ) ;
#1635 = CARTESIAN_POINT ( 'NONE',  ( 1.452042470891748094, -0.1708712159919020535, 2.886751345948128655 ) ) ;
#1636 = AXIS2_PLACEMENT_3D ( 'NONE', #2126, #1807, #4330 ) ;
#1637 = CARTESIAN_POINT ( 'NONE',  ( 1.450669114653322378, -0.1076373190313678341, 2.886751345948129543 ) ) ;
#1638 = ADVANCED_FACE ( 'NONE', ( #1045 ), #5365, .F. ) ;
#1639 = DIRECTION ( 'NONE',  ( 0.000000000000000000, 0.000000000000000000, -1.000000000000000000 ) ) ;
#1640 = VECTOR ( 'NONE', #2439, 1000.000000000000114 ) ;
#1641 = VECTOR ( 'NONE', #4833, 1000.000000000000000 ) ;
#1642 = ORIENTED_EDGE ( 'NONE', *, *, #710, .F. ) ;
#1643 = DIRECTION ( 'NONE',  ( 1.000000000000000000, 0.000000000000000000, 0.000000000000000000 ) ) ;
#1644 = CARTESIAN_POINT ( 'NONE',  ( 115.5398448916083396, -4.010407640085634107, 0.000000000000000000 ) ) ;
#1645 = DIRECTION ( 'NONE',  ( -0.000000000000000000, -0.000000000000000000, -1.000000000000000000 ) ) ;
#1646 = EDGE_LOOP ( 'NONE', ( #1541, #157, #3650, #2885 ) ) ;
#1647 = VECTOR ( 'NONE', #1821, 1000.000000000000114 ) ;
#1648 = CARTESIAN_POINT ( 'NONE',  ( 144.4705627484768229, 2.999999999999999112, 4.286263797015736595E-16 ) ) ;
#1649 = LINE ( 'NONE', #2022, #359 ) ;
#1650 = DIRECTION ( 'NONE',  ( 0.000000000000000000, -0.8660254037844384856, -0.5000000000000002220 ) ) ;
#1651 = EDGE_CURVE ( 'NONE', #5324, #3512, #5479, .T. ) ;
#1652 = ADVANCED_FACE ( 'NONE', ( #3293 ), #4111, .T. ) ;
#1653 = CIRCLE ( 'NONE', #4844, 2.000000000000000000 ) ;
#1654 = CARTESIAN_POINT ( 'NONE',  ( 233.3750000000000000, 0.6498393924658139031, 1.999999999999991340 ) ) ;
#1655 = EDGE_CURVE ( 'NONE', #5154, #2168, #4055, .T. ) ;
#1656 = CARTESIAN_POINT ( 'NONE',  ( 2.572825169021099700, -1.261337592137897090, 2.886751345948130432 ) ) ;
#1657 = VERTEX_POINT ( 'NONE', #2340 ) ;
#1658 = EDGE_CURVE ( 'NONE', #2711, #3152, #3566, .T. ) ;
#1659 = EDGE_CURVE ( 'NONE', #3769, #4841, #908, .T. ) ;
#1660 = CARTESIAN_POINT ( 'NONE',  ( 3.696955968081815147, 1.666249121372022302, 3.078023546721758485 ) ) ;
#1661 = CARTESIAN_POINT ( 'NONE',  ( -9.000000000000014211, -2.853169548885460483, 0.9270509831248441301 ) ) ;
#1662 = CARTESIAN_POINT ( 'NONE',  ( -11.00000000000000711, 0.000000000000000000, 2.000000000000001776 ) ) ;
#1663 = CARTESIAN_POINT ( 'NONE',  ( 50.52943725152278631, -5.000000000000095035, 0.000000000000000000 ) ) ;
#1664 = CARTESIAN_POINT ( 'NONE',  ( 234.6250000000000000, 0.6498393924658164567, -1.999999999999994893 ) ) ;
#1665 = CARTESIAN_POINT ( 'NONE',  ( 1.507002782345209901, -0.6468707484479403469, 2.886751345948129543 ) ) ;
#1666 = DIRECTION ( 'NONE',  ( 1.000000000000000000, 0.000000000000000000, 0.000000000000000000 ) ) ;
#1667 = CIRCLE ( 'NONE', #3864, 3.500000000000000000 ) ;
#1668 = CARTESIAN_POINT ( 'NONE',  ( 7.353840324345111590, -0.2510543865531919550, 2.886751345948129543 ) ) ;
#1669 = CARTESIAN_POINT ( 'NONE',  ( 2.337910049201298968, 0.8531142906513990987, 2.886751345948129543 ) ) ;
#1670 = AXIS2_PLACEMENT_3D ( 'NONE', #3829, #3367, #706 ) ;
#1671 = CARTESIAN_POINT ( 'NONE',  ( 225.0000000000000000, -0.5000000000000000000, 5.484827557301448664 ) ) ;
#1672 = ORIENTED_EDGE ( 'NONE', *, *, #4347, .F. ) ;
#1673 = DIRECTION ( 'NONE',  ( 0.000000000000000000, -1.000000000000000000, 3.103849605992309128E-14 ) ) ;
#1674 = VERTEX_POINT ( 'NONE', #2751 ) ;
#1675 = CARTESIAN_POINT ( 'NONE',  ( 232.3750000000000000, -0.9747590886987209657, 2.999999999999992450 ) ) ;
#1676 = CARTESIAN_POINT ( 'NONE',  ( 7.353840324345111590, -1.847348703317845509, 2.972760126271521752 ) ) ;
#1677 = CARTESIAN_POINT ( 'NONE',  ( 42.46015510839144724, 0.9895923599143592320, 0.000000000000000000 ) ) ;
#1678 = ORIENTED_EDGE ( 'NONE', *, *, #783, .T. ) ;
#1679 = CYLINDRICAL_SURFACE ( 'NONE', #2597, 3.499999999999997335 ) ;
#1680 = DIRECTION ( 'NONE',  ( 0.000000000000000000, 0.000000000000000000, 1.000000000000000000 ) ) ;
#1681 = CARTESIAN_POINT ( 'NONE',  ( 7.353840324345111590, 1.664498793564392010, 3.886751345948129543 ) ) ;
#1682 = CARTESIAN_POINT ( 'NONE',  ( 235.3750000000000000, -2.551952425056123186, -1.854101966249681155 ) ) ;
#1683 = CARTESIAN_POINT ( 'NONE',  ( 2.473143955730841892, -1.180219518559787462, 3.363938717079706819 ) ) ;
#1684 = ORIENTED_EDGE ( 'NONE', *, *, #4690, .F. ) ;
#1685 = ORIENTED_EDGE ( 'NONE', *, *, #1232, .F. ) ;
#1686 = EDGE_CURVE ( 'NONE', #4723, #3541, #1078, .T. ) ;
#1687 = DIRECTION ( 'NONE',  ( 0.000000000000000000, 0.000000000000000000, 1.000000000000000000 ) ) ;
#1688 = DIRECTION ( 'NONE',  ( -1.000000000000000000, 0.000000000000000000, 0.000000000000000000 ) ) ;
#1689 = CARTESIAN_POINT ( 'NONE',  ( -9.000000000000007105, -2.853169548885460483, -0.9270509831248441301 ) ) ;
#1690 = CARTESIAN_POINT ( 'NONE',  ( -9.625000000000014211, 0.9747590886987209657, 2.999999999999999556 ) ) ;
#1691 = EDGE_LOOP ( 'NONE', ( #1712, #4673, #4403, #2523, #3628, #2001, #2193, #1144, #2706, #1420 ) ) ;
#1692 = CARTESIAN_POINT ( 'NONE',  ( 234.0000000000000000, 2.853169548885460483, 0.9270509831248441301 ) ) ;
#1693 = AXIS2_PLACEMENT_3D ( 'NONE', #398, #5535, #3430 ) ;
#1694 = CARTESIAN_POINT ( 'NONE',  ( 228.0000000000000000, -8.673617379884035472E-16, 5.773502691896260863 ) ) ;
#1695 = CARTESIAN_POINT ( 'NONE',  ( 225.0000000000000000, -5.000000000000000888, 2.886751345948130432 ) ) ;
#1696 = ORIENTED_EDGE ( 'NONE', *, *, #2202, .F. ) ;
#1697 = FACE_OUTER_BOUND ( 'NONE', #5270, .T. ) ;
#1698 = CARTESIAN_POINT ( 'NONE',  ( 234.0000000000000000, 2.853169548885460483, -0.9270509831248441301 ) ) ;
#1699 = ORIENTED_EDGE ( 'NONE', *, *, #4544, .F. ) ;
#1700 = CARTESIAN_POINT ( 'NONE',  ( -9.500000000000007105, -1.763355756877416081, 2.427050983124845462 ) ) ;
#1701 = CARTESIAN_POINT ( 'NONE',  ( 234.2500000000000000, 2.853169548885460483, 0.9270509831248441301 ) ) ;
#1702 = CARTESIAN_POINT ( 'NONE',  ( 2.067826507580616369, -1.555173135327426293, 2.886751345948130432 ) ) ;
#1703 = ORIENTED_EDGE ( 'NONE', *, *, #3586, .F. ) ;
#1704 = DIRECTION ( 'NONE',  ( 0.000000000000000000, 0.000000000000000000, 1.000000000000000000 ) ) ;
#1705 = AXIS2_PLACEMENT_3D ( 'NONE', #2122, #4693, #4353 ) ;
#1706 = CARTESIAN_POINT ( 'NONE',  ( 225.3431457505076310, 0.000000000000000000, -2.000000000000000000 ) ) ;
#1707 = EDGE_CURVE ( 'NONE', #3946, #5254, #3297, .T. ) ;
#1708 = LINE ( 'NONE', #2254, #998 ) ;
#1709 =( BOUNDED_CURVE ( )  B_SPLINE_CURVE ( 2, ( #2197, #932, #2255, #2694, #3949, #4420, #1425, #534, #5250, #512, #3117 ),
 .UNSPECIFIED., .F., .F. ) 
 B_SPLINE_CURVE_WITH_KNOTS ( ( 3, 2, 2, 2, 2, 3 ),
 ( 0.2500000000000002220, 0.3000000000000002665, 0.3500000000000003109, 0.4000000000000003553, 0.4500000000000003997, 0.5000000000000004441 ),
 .UNSPECIFIED. ) 
 CURVE ( )  GEOMETRIC_REPRESENTATION_ITEM ( )  RATIONAL_B_SPLINE_CURVE ( ( 0.9999999999999997780, 0.9510565162951537532, 1.000000000000000000, 0.9510565162951535312, 1.000000000000000000, 0.9510565162951535312, 1.000000000000000000, 0.9510565162951535312, 1.000000000000000000, 0.9510565162951530871, 1.000000000000000444 ) ) 
 REPRESENTATION_ITEM ( '' )  );
#1710 = CARTESIAN_POINT ( 'NONE',  ( 234.3750000000000000, 0.9747590886987209657, 2.999999999999992450 ) ) ;
#1711 = CARTESIAN_POINT ( 'NONE',  ( 2.379605088895484055, -1.086016085107220475, 3.363938717079705931 ) ) ;
#1712 = ORIENTED_EDGE ( 'NONE', *, *, #3129, .T. ) ;
#1713 = CARTESIAN_POINT ( 'NONE',  ( 5.076626713085535592, 1.664498793564392010, 3.886751345948129543 ) ) ;
#1714 = CARTESIAN_POINT ( 'NONE',  ( 5.636576828888136603, -0.2510543865531919550, 3.490984344707435127 ) ) ;
#1715 =( GEOMETRIC_REPRESENTATION_CONTEXT ( 3 ) GLOBAL_UNCERTAINTY_ASSIGNED_CONTEXT ( ( #2479 ) ) GLOBAL_UNIT_ASSIGNED_CONTEXT ( ( #1008, #3656, #3772 ) ) REPRESENTATION_CONTEXT ( 'NONE', 'WORKASPACE' ) );
#1716 = CARTESIAN_POINT ( 'NONE',  ( -10.62500000000000533, 2.551952425056123186, -1.854101966249688260 ) ) ;
#1717 = CARTESIAN_POINT ( 'NONE',  ( -8.625000000000015987, -2.551952425056123186, -1.854101966249681155 ) ) ;
#1718 = VERTEX_POINT ( 'NONE', #1456 ) ;
#1719 = CARTESIAN_POINT ( 'NONE',  ( 1.452042470891748094, -0.1708712159919020535, 3.502014054161016965 ) ) ;
#1720 = TOROIDAL_SURFACE ( 'NONE', #4452, 12.00000000000026823, 3.500000000000000000 ) ;
#1721 = CARTESIAN_POINT ( 'NONE',  ( 213.4705627484779313, 4.286263797015736595E-16, 3.500000000000000000 ) ) ;
#1722 = LINE ( 'NONE', #1211, #351 ) ;
#1723 = VERTEX_POINT ( 'NONE', #3201 ) ;
#1724 = DIRECTION ( 'NONE',  ( 1.000000000000000000, 0.000000000000000000, 0.000000000000000000 ) ) ;
#1725 = AXIS2_PLACEMENT_3D ( 'NONE', #5338, #594, #4079 ) ;
#1726 = EDGE_CURVE ( 'NONE', #846, #1832, #4567, .T. ) ;
#1727 = EDGE_CURVE ( 'NONE', #4805, #3712, #4016, .T. ) ;
#1728 = CARTESIAN_POINT ( 'NONE',  ( 234.2500000000000000, 2.853169548885460483, 0.9270509831248441301 ) ) ;
#1729 = ADVANCED_FACE ( 'NONE', ( #2601 ), #1127, .T. ) ;
#1730 = VECTOR ( 'NONE', #248, 1000.000000000000000 ) ;
#1731 = ORIENTED_EDGE ( 'NONE', *, *, #4154, .F. ) ;
#1732 = CARTESIAN_POINT ( 'NONE',  ( -11.12500000000000533, -0.9747590886987209657, -2.999999999999999556 ) ) ;
#1733 = CARTESIAN_POINT ( 'NONE',  ( 232.8750000000000000, -3.154386672714803996, 0.000000000000000000 ) ) ;
#1734 = DIRECTION ( 'NONE',  ( 1.000000000000000000, 0.000000000000000000, 0.000000000000000000 ) ) ;
#1735 = ORIENTED_EDGE ( 'NONE', *, *, #3761, .F. ) ;
#1736 = CARTESIAN_POINT ( 'NONE',  ( 7.353840324345111590, 0.2184806214639111455, 2.886751345948129543 ) ) ;
#1737 = ORIENTED_EDGE ( 'NONE', *, *, #3058, .T. ) ;
#1738 = CARTESIAN_POINT ( 'NONE',  ( 0.000000000000000000, -0.4999999999999992784, 5.484827557301449552 ) ) ;
#1739 = CARTESIAN_POINT ( 'NONE',  ( 235.7500000000000284, 1.175570504584944054, 1.618033988749906227 ) ) ;
#1740 = CARTESIAN_POINT ( 'NONE',  ( 232.1250000000000000, -0.9747590886987209657, 2.999999999999992450 ) ) ;
#1741 = VECTOR ( 'NONE', #1340, 1000.000000000000000 ) ;
#1742 = CARTESIAN_POINT ( 'NONE',  ( 2.680800072137214940, -1.327261662980250279, 3.363938717079705931 ) ) ;
#1743 = ORIENTED_EDGE ( 'NONE', *, *, #717, .T. ) ;
#1744 = DIRECTION ( 'NONE',  ( 1.000000000000000000, 0.000000000000000000, 0.000000000000000000 ) ) ;
#1745 = DIRECTION ( 'NONE',  ( 0.000000000000000000, 0.000000000000000000, -1.000000000000000000 ) ) ;
#1746 = AXIS2_PLACEMENT_3D ( 'NONE', #3804, #2051, #3860 ) ;
#1747 = CARTESIAN_POINT ( 'NONE',  ( 226.0000000000000000, 0.4999999999999993339, 5.484827557301449552 ) ) ;
#1748 = DIRECTION ( 'NONE',  ( 0.000000000000000000, -0.8660254037844384856, -0.5000000000000002220 ) ) ;
#1749 = ORIENTED_EDGE ( 'NONE', *, *, #146, .F. ) ;
#1750 = CARTESIAN_POINT ( 'NONE',  ( 234.6250000000000000, 0.9747590886987209657, 2.999999999999992450 ) ) ;
#1751 = CARTESIAN_POINT ( 'NONE',  ( 2.837616096379800723, -1.392802570388785410, 3.211006113514032645 ) ) ;
#1752 = PLANE ( 'NONE',  #5105 ) ;
#1753 = ORIENTED_EDGE ( 'NONE', *, *, #5041, .T. ) ;
#1754 = CARTESIAN_POINT ( 'NONE',  ( 50.52943725152278631, -8.500000000000094147, 4.286263797015737088E-16 ) ) ;
#1755 = CARTESIAN_POINT ( 'NONE',  ( 233.8750000000000284, 2.551952425056123186, -1.854101966249681155 ) ) ;
#1756 = ORIENTED_EDGE ( 'NONE', *, *, #478, .F. ) ;
#1757 = CIRCLE ( 'NONE', #3135, 3.500000000000000000 ) ;
#1758 = CARTESIAN_POINT ( 'NONE',  ( -8.250000000000005329, 1.763355756877416081, -2.427050983124845462 ) ) ;
#1759 = EDGE_CURVE ( 'NONE', #2412, #3391, #2828, .T. ) ;
#1760 = CARTESIAN_POINT ( 'NONE',  ( 235.7500000000000284, -1.763355756877416081, -2.427050983124845462 ) ) ;
#1761 = VECTOR ( 'NONE', #3643, 1000.000000000000000 ) ;
#1762 = EDGE_CURVE ( 'NONE', #3712, #3483, #4441, .T. ) ;
#1763 = CARTESIAN_POINT ( 'NONE',  ( 5.636576828888136603, 0.000000000000000000, 0.000000000000000000 ) ) ;
#1764 = ORIENTED_EDGE ( 'NONE', *, *, #2929, .F. ) ;
#1765 = VECTOR ( 'NONE', #1184, 1000.000000000000114 ) ;
#1766 = B_SPLINE_CURVE_WITH_KNOTS ( 'NONE', 3,
 ( #2200, #1317, #3950, #3602, #2718, #1402, #1771, #906, #4447, #2285, #3169 ),
 .UNSPECIFIED., .F., .F.,
 ( 4, 1, 1, 1, 1, 1, 1, 1, 4 ),
 ( 0.000000000000000000, 0.1169973751803724954, 0.2343827994216676203, 0.3525808632677299159, 0.4735736228893642763, 0.5976008972537675268, 0.7261012893843252769, 0.8599331864638225520, 1.000000000000000000 ),
 .UNSPECIFIED. ) ;
#1767 = VERTEX_POINT ( 'NONE', #322 ) ;
#1768 = CARTESIAN_POINT ( 'NONE',  ( -10.62500000000001243, -0.6498393924658103504, 2.000000000000001776 ) ) ;
#1769 = CARTESIAN_POINT ( 'NONE',  ( 234.3749999999999716, -1.701301616704077091, -1.236067977499787141 ) ) ;
#1770 = LINE ( 'NONE', #2284, #1003 ) ;
#1771 = CARTESIAN_POINT ( 'NONE',  ( 1.507002782345209901, -0.6468707484479403469, 2.886751345948129543 ) ) ;
#1772 = ORIENTED_EDGE ( 'NONE', *, *, #1954, .T. ) ;
#1773 = CARTESIAN_POINT ( 'NONE',  ( 5.076626713085535592, 1.664498793564392010, 3.886751345948129543 ) ) ;
#1774 = SURFACE_STYLE_FILL_AREA ( #5256 ) ;
#1775 = CARTESIAN_POINT ( 'NONE',  ( 19.15685424949234417, 2.656854249492357489, 0.000000000000000000 ) ) ;
#1776 = CARTESIAN_POINT ( 'NONE',  ( -9.625000000000005329, -0.9747590886987209657, 2.999999999999999556 ) ) ;
#1777 = ORIENTED_EDGE ( 'NONE', *, *, #4884, .F. ) ;
#1778 = CARTESIAN_POINT ( 'NONE',  ( 2.753975089370679363, -1.362829229324910241, 3.224068073998155981 ) ) ;
#1779 = CARTESIAN_POINT ( 'NONE',  ( 2.680800072137214940, -1.327261662980250279, 2.886751345948129099 ) ) ;
#1780 = EDGE_CURVE ( 'NONE', #1591, #1723, #2060, .T. ) ;
#1781 = CARTESIAN_POINT ( 'NONE',  ( 77.52943725152275078, 6.500000000000004441, 4.286263797015899297E-16 ) ) ;
#1782 = CARTESIAN_POINT ( 'NONE',  ( 234.7500000000000000, 0.000000000000000000, 3.000000000000002665 ) ) ;
#1783 = CIRCLE ( 'NONE', #2705, 3.500000000000000000 ) ;
#1784 = EDGE_LOOP ( 'NONE', ( #4547, #4876, #1403, #2099 ) ) ;
#1785 = FACE_OUTER_BOUND ( 'NONE', #4101, .T. ) ;
#1786 = CARTESIAN_POINT ( 'NONE',  ( 2.793022852665462796, -1.892306341597046249, 2.886751345948129099 ) ) ;
#1787 = ADVANCED_FACE ( 'NONE', ( #4954 ), #3031, .F. ) ;
#1788 = ORIENTED_EDGE ( 'NONE', *, *, #1362, .T. ) ;
#1789 = ORIENTED_EDGE ( 'NONE', *, *, #3721, .F. ) ;
#1790 = ORIENTED_EDGE ( 'NONE', *, *, #2071, .F. ) ;
#1791 = CARTESIAN_POINT ( 'NONE',  ( -7.750000000000010658, 0.000000000000000000, 2.500000000000002220 ) ) ;
#1792 = DIRECTION ( 'NONE',  ( -1.000000000000000000, -0.000000000000000000, -0.000000000000000000 ) ) ;
#1793 = CARTESIAN_POINT ( 'NONE',  ( 234.7500000000000000, 0.000000000000000000, -2.000000000000001776 ) ) ;
#1794 = CARTESIAN_POINT ( 'NONE',  ( 2.314593718137699430, 0.8225800425344562683, 3.402577296400571605 ) ) ;
#1795 = ADVANCED_FACE ( 'NONE', ( #3612 ), #3102, .T. ) ;
#1796 = EDGE_CURVE ( 'NONE', #4139, #2986, #2237, .T. ) ;
#1797 = CARTESIAN_POINT ( 'NONE',  ( 4.449956483261908957, 1.213046807104388725, 3.285443134652490382 ) ) ;
#1798 = EDGE_LOOP ( 'NONE', ( #3480, #1813 ) ) ;
#1799 = DIRECTION ( 'NONE',  ( 0.000000000000000000, -1.000000000000000000, 0.000000000000000000 ) ) ;
#1800 = CARTESIAN_POINT ( 'NONE',  ( 5.636576828888136603, -0.2510543865531919550, 2.886751345948129543 ) ) ;
#1801 = DIRECTION ( 'NONE',  ( 0.7071067811865443531, 0.7071067811865506814, 0.000000000000000000 ) ) ;
#1802 = CARTESIAN_POINT ( 'NONE',  ( -3.000000000000000000, 5.000000000000001776, -2.886751345948125103 ) ) ;
#1803 = EDGE_LOOP ( 'NONE', ( #5601, #800, #3727, #2201 ) ) ;
#1804 = CARTESIAN_POINT ( 'NONE',  ( 1.677944209899363770, 0.8711169456635456942, 2.886751345948129099 ) ) ;
#1805 = CARTESIAN_POINT ( 'NONE',  ( 7.913166887680227468, 1.664498793564392010, 3.078870534176889606 ) ) ;
#1806 = CARTESIAN_POINT ( 'NONE',  ( 2.059256322919846394, -0.1163670535761743979, 2.886751345948129543 ) ) ;
#1807 = DIRECTION ( 'NONE',  ( 1.000000000000000000, 4.212795567215565404E-16, 0.000000000000000000 ) ) ;
#1808 = VECTOR ( 'NONE', #3774, 1000.000000000000000 ) ;
#1809 = ORIENTED_EDGE ( 'NONE', *, *, #599, .T. ) ;
#1810 = CARTESIAN_POINT ( 'NONE',  ( -8.750000000000014211, 1.902113032590309283, 0.6180339887498914608 ) ) ;
#1811 = AXIS2_PLACEMENT_3D ( 'NONE', #828, #3868, #5596 ) ;
#1812 = DIRECTION ( 'NONE',  ( -1.000000000000000000, 0.000000000000000000, 0.000000000000000000 ) ) ;
#1813 = ORIENTED_EDGE ( 'NONE', *, *, #2067, .F. ) ;
#1814 = EDGE_LOOP ( 'NONE', ( #1225, #1415, #3849, #4146, #1013 ) ) ;
#1815 = VECTOR ( 'NONE', #5614, 1000.000000000000227 ) ;
#1816 = ORIENTED_EDGE ( 'NONE', *, *, #3721, .T. ) ;
#1817 = DIRECTION ( 'NONE',  ( -1.000000000000000000, 0.000000000000000000, 0.000000000000000000 ) ) ;
#1818 = AXIS2_PLACEMENT_3D ( 'NONE', #1213, #2969, #4698 ) ;
#1819 = VERTEX_POINT ( 'NONE', #5294 ) ;
#1820 = DIRECTION ( 'NONE',  ( -0.000000000000000000, -0.000000000000000000, -1.000000000000000000 ) ) ;
#1821 = DIRECTION ( 'NONE',  ( 0.7071067811865506814, 0.000000000000000000, 0.7071067811865443531 ) ) ;
#1822 = CARTESIAN_POINT ( 'NONE',  ( 236.0000000000000284, 0.000000000000000000, 2.000000000000001776 ) ) ;
#1823 = CARTESIAN_POINT ( 'NONE',  ( 4.407853367989990723, 1.250657014429915392, 3.285443134652489938 ) ) ;
#1824 = VERTEX_POINT ( 'NONE', #3982 ) ;
#1825 = VECTOR ( 'NONE', #1526, 1000.000000000000000 ) ;
#1826 = DIRECTION ( 'NONE',  ( 0.000000000000000000, 0.000000000000000000, 1.000000000000000000 ) ) ;
#1827 = EDGE_CURVE ( 'NONE', #3866, #4970, #4380, .T. ) ;
#1828 = DIRECTION ( 'NONE',  ( -0.000000000000000000, -0.000000000000000000, -1.000000000000000000 ) ) ;
#1829 = EDGE_CURVE ( 'NONE', #4556, #4467, #890, .T. ) ;
#1830 = CARTESIAN_POINT ( 'NONE',  ( 213.4705627484779313, 4.286263797015734623E-16, 3.500000000000000000 ) ) ;
#1831 = CARTESIAN_POINT ( 'NONE',  ( -10.25000000000000533, 2.853169548885460483, 0.9270509831248441301 ) ) ;
#1832 = VERTEX_POINT ( 'NONE', #1805 ) ;
#1833 = TOROIDAL_SURFACE ( 'NONE', #3388, 12.00000000000000000, 3.500000000000000000 ) ;
#1834 = AXIS2_PLACEMENT_3D ( 'NONE', #1663, #321, #832 ) ;
#1835 = CARTESIAN_POINT ( 'NONE',  ( 3.187262736602368918, -1.440792494516847766, 3.189689167888294374 ) ) ;
#1836 = CARTESIAN_POINT ( 'NONE',  ( 4.461913411103219040, -1.491216250518643260, 2.886751345948129543 ) ) ;
#1837 = DIRECTION ( 'NONE',  ( 1.000000000000000000, 8.425591134431187015E-16, 0.000000000000000000 ) ) ;
#1838 = EDGE_LOOP ( 'NONE', ( #4223, #2738, #3307, #2379, #1020, #3497, #5269 ) ) ;
#1839 = ORIENTED_EDGE ( 'NONE', *, *, #4575, .F. ) ;
#1840 = CARTESIAN_POINT ( 'NONE',  ( -10.87500000000001599, 0.6498393924658164567, 2.000000000000002220 ) ) ;
#1841 = CARTESIAN_POINT ( 'NONE',  ( -10.50000000000001421, 1.763355756877416081, -2.427050983124845462 ) ) ;
#1842 = ORIENTED_EDGE ( 'NONE', *, *, #3791, .T. ) ;
#1843 = VERTEX_POINT ( 'NONE', #1411 ) ;
#1844 = DIRECTION ( 'NONE',  ( 0.000000000000000000, 0.000000000000000000, -1.000000000000000000 ) ) ;
#1845 = AXIS2_PLACEMENT_3D ( 'NONE', #5192, #4281, #2604 ) ;
#1846 = EDGE_LOOP ( 'NONE', ( #5582, #2187, #2822, #4158 ) ) ;
#1847 = CARTESIAN_POINT ( 'NONE',  ( -9.875000000000015987, -1.701301616704077535, -1.236067977499787363 ) ) ;
#1848 = CARTESIAN_POINT ( 'NONE',  ( 234.3750000000000000, 0.9747590886987209657, 2.999999999999992450 ) ) ;
#1849 = EDGE_CURVE ( 'NONE', #464, #1301, #4123, .T. ) ;
#1850 = CARTESIAN_POINT ( 'NONE',  ( 235.5000000000000284, 1.902113032590309283, 0.6180339887499053386 ) ) ;
#1851 = AXIS2_PLACEMENT_3D ( 'NONE', #1791, #2362, #954 ) ;
#1852 = DIRECTION ( 'NONE',  ( -0.7071067811865606734, 0.7071067811865343611, 0.000000000000000000 ) ) ;
#1853 = VERTEX_POINT ( 'NONE', #4858 ) ;
#1854 = CARTESIAN_POINT ( 'NONE',  ( 235.8750000000000284, -0.9747590886987209657, -2.999999999999992450 ) ) ;
#1855 = CARTESIAN_POINT ( 'NONE',  ( 225.0000000000000000, 5.000000000000001776, -2.886751345948125103 ) ) ;
#1856 = CARTESIAN_POINT ( 'NONE',  ( 16.36827201635471596, 4.818019484660535312, 0.000000000000000000 ) ) ;
#1857 = CARTESIAN_POINT ( 'NONE',  ( -10.25000000000000533, -1.902113032590309283, -0.6180339887498914608 ) ) ;
#1858 = ORIENTED_EDGE ( 'NONE', *, *, #4820, .F. ) ;
#1859 = CARTESIAN_POINT ( 'NONE',  ( -10.50000000000000533, 2.853169548885460483, -0.9270509831248441301 ) ) ;
#1860 = ORIENTED_EDGE ( 'NONE', *, *, #3614, .F. ) ;
#1861 = EDGE_CURVE ( 'NONE', #5324, #4555, #3839, .T. ) ;
#1862 =( BOUNDED_SURFACE ( )  B_SPLINE_SURFACE ( 1, 2, ( 
 ( #842, #2130, #4806, #358, #2100, #2600, #2159, #417, #1242, #1732, #1332, #2188, #2568, #3484, #4305, #2513, #3937, #1302, #388, #333, #2626, #3880, #1700, #3453, #5186, #1274, #4754, #4247, #5214, #3055, #4782, #11, #1758, #5298, #92, #3214, #1472, #2329, #4838, #1440, #4067 ),
 ( #582, #895, #38, #5266, #2707, #147, #1392, #1358, #4489, #5381, #3963, #2242, #4866, #972, #500, #924, #2653, #947, #2216, #1840, #3565, #2685, #4434, #1891, #3644, #3988, #4463, #3184, #4386, #5348, #4917, #1001, #64, #3136, #2765, #3594, #1810, #4410, #479, #525, #5325 ) ),
 .UNSPECIFIED., .F., .F., .F. ) 
 B_SPLINE_SURFACE_WITH_KNOTS ( ( 2, 2 ),
 ( 3, 2, 2, 2, 2, 2, 2, 2, 2, 2, 2, 2, 2, 2, 2, 2, 2, 2, 2, 2, 3 ),
 ( 0.000000000000000000, 1.000000000000000000 ),
 ( 0.000000000000000000, 0.05000000000000000278, 0.1000000000000000056, 0.1499999999999999944, 0.2000000000000000111, 0.2500000000000000000, 0.2999999999999999889, 0.3499999999999999778, 0.4000000000000000222, 0.4500000000000000111, 0.5000000000000000000, 0.5500000000000000444, 0.5999999999999999778, 0.6500000000000000222, 0.6999999999999999556, 0.7500000000000000000, 0.8000000000000000444, 0.8499999999999999778, 0.9000000000000000222, 0.9499999999999999556, 1.000000000000000000 ),
 .UNSPECIFIED. ) 
 GEOMETRIC_REPRESENTATION_ITEM ( )  RATIONAL_B_SPLINE_SURFACE ( (
 ( 1.000000000000000000, 0.9510565162951535312, 1.000000000000000000, 0.9510565162951535312, 1.000000000000000000, 0.9510565162951535312, 1.000000000000000000, 0.9510565162951535312, 1.000000000000000000, 0.9510565162951535312, 1.000000000000000000, 0.9510565162951535312, 1.000000000000000000, 0.9510565162951535312, 1.000000000000000000, 0.9510565162951535312, 1.000000000000000000, 0.9510565162951535312, 1.000000000000000000, 0.9510565162951535312, 1.000000000000000000, 0.9510565162951535312, 1.000000000000000000, 0.9510565162951535312, 1.000000000000000000, 0.9510565162951535312, 1.000000000000000000, 0.9510565162951535312, 1.000000000000000000, 0.9510565162951535312, 1.000000000000000000, 0.9510565162951535312, 1.000000000000000000, 0.9510565162951535312, 1.000000000000000000, 0.9510565162951535312, 1.000000000000000000, 0.9510565162951535312, 1.000000000000000000, 0.9510565162951535312, 1.000000000000000000),
 ( 1.000000000000000000, 0.9510565162951535312, 1.000000000000000000, 0.9510565162951535312, 1.000000000000000000, 0.9510565162951535312, 1.000000000000000000, 0.9510565162951535312, 1.000000000000000000, 0.9510565162951535312, 1.000000000000000000, 0.9510565162951535312, 1.000000000000000000, 0.9510565162951535312, 1.000000000000000000, 0.9510565162951535312, 1.000000000000000000, 0.9510565162951535312, 1.000000000000000000, 0.9510565162951535312, 1.000000000000000000, 0.9510565162951535312, 1.000000000000000000, 0.9510565162951535312, 1.000000000000000000, 0.9510565162951535312, 1.000000000000000000, 0.9510565162951535312, 1.000000000000000000, 0.9510565162951535312, 1.000000000000000000, 0.9510565162951535312, 1.000000000000000000, 0.9510565162951535312, 1.000000000000000000, 0.9510565162951535312, 1.000000000000000000, 0.9510565162951535312, 1.000000000000000000, 0.9510565162951535312, 1.000000000000000000) ) ) 
 REPRESENTATION_ITEM ( '' )  SURFACE ( )  );
#1863 = CARTESIAN_POINT ( 'NONE',  ( -6.375000000000006217, 1.701301616704077535, 1.236067977499787363 ) ) ;
#1864 = CARTESIAN_POINT ( 'NONE',  ( 3.910534113992252703, -1.811715153066241868, 2.886751345948129988 ) ) ;
#1865 = CARTESIAN_POINT ( 'NONE',  ( 2.059256322919846394, -0.1163670535761743979, 2.886751345948129543 ) ) ;
#1866 = ORIENTED_EDGE ( 'NONE', *, *, #4758, .T. ) ;
#1867 = CARTESIAN_POINT ( 'NONE',  ( 59.01471862576138250, -1.485281374238561769, 0.000000000000000000 ) ) ;
#1868 = CARTESIAN_POINT ( 'NONE',  ( -10.87500000000001243, -0.9747590886987209657, -2.999999999999999556 ) ) ;
#1869 = EDGE_LOOP ( 'NONE', ( #2879, #1137, #2596, #886, #2512, #4518 ) ) ;
#1870 = FACE_OUTER_BOUND ( 'NONE', #3943, .T. ) ;
#1871 = AXIS2_PLACEMENT_3D ( 'NONE', #370, #5057, #5590 ) ;
#1872 = EDGE_LOOP ( 'NONE', ( #5389, #1627 ) ) ;
#1873 = DIRECTION ( 'NONE',  ( 0.000000000000000000, 0.000000000000000000, 1.000000000000000000 ) ) ;
#1874 = CARTESIAN_POINT ( 'NONE',  ( 236.1250000000000000, 2.551952425056123186, -1.854101966249681155 ) ) ;
#1875 = CARTESIAN_POINT ( 'NONE',  ( 225.0000000000000000, -1.500000000000000000, 3.773502691896260419 ) ) ;
#1876 = FACE_OUTER_BOUND ( 'NONE', #3516, .T. ) ;
#1877 = ORIENTED_EDGE ( 'NONE', *, *, #3233, .T. ) ;
#1878 = CARTESIAN_POINT ( 'NONE',  ( 232.2500000000000000, 0.000000000000000000, 3.000000000000002665 ) ) ;
#1879 = EDGE_CURVE ( 'NONE', #498, #4433, #550, .T. ) ;
#1880 = CARTESIAN_POINT ( 'NONE',  ( -6.000000000000002665, 3.673940397442060361E-16, 3.000000000000000444 ) ) ;
#1881 = CARTESIAN_POINT ( 'NONE',  ( 225.3431457505076310, 0.000000000000000000, 0.000000000000000000 ) ) ;
#1882 = CARTESIAN_POINT ( 'NONE',  ( 2.117449253381264995, -0.5864247406415107333, 3.501732876836455954 ) ) ;
#1883 = ORIENTED_EDGE ( 'NONE', *, *, #4934, .F. ) ;
#1884 = CARTESIAN_POINT ( 'NONE',  ( 1.953165962403858202, -1.452337066407673349, 3.184766320715320287 ) ) ;
#1885 = ORIENTED_EDGE ( 'NONE', *, *, #2211, .F. ) ;
#1886 = FACE_OUTER_BOUND ( 'NONE', #3951, .T. ) ;
#1887 = CARTESIAN_POINT ( 'NONE',  ( -7.125000000000006217, 0.6498393924658090182, -2.000000000000002220 ) ) ;
#1888 = CARTESIAN_POINT ( 'NONE',  ( 4.187308314368499040, -1.036253979971995642, 3.356549519670509074 ) ) ;
#1889 = LINE ( 'NONE', #3984, #1383 ) ;
#1890 = DIRECTION ( 'NONE',  ( 0.000000000000000000, 0.000000000000000000, 1.000000000000000000 ) ) ;
#1891 = CARTESIAN_POINT ( 'NONE',  ( -10.37500000000001421, -1.701301616704077091, 1.236067977499787141 ) ) ;
#1892 = ADVANCED_FACE ( 'NONE', ( #3074, #5 ), #1752, .T. ) ;
#1893 = ADVANCED_FACE ( 'NONE', ( #3589 ), #422, .F. ) ;
#1894 = LINE ( 'NONE', #5044, #725 ) ;
#1895 = CARTESIAN_POINT ( 'NONE',  ( -7.750000000000007105, -1.902113032590309283, -0.6180339887498914608 ) ) ;
#1896 = EDGE_CURVE ( 'NONE', #1160, #1577, #3211, .T. ) ;
#1897 = ADVANCED_FACE ( 'NONE', ( #205 ), #3730, .F. ) ;
#1898 = ORIENTED_EDGE ( 'NONE', *, *, #3652, .F. ) ;
#1899 = CARTESIAN_POINT ( 'NONE',  ( -3.000000000000000000, 5.000000000000001776, 2.886751345948129099 ) ) ;
#1900 = CIRCLE ( 'NONE', #1168, 3.500000000000000000 ) ;
#1901 = DIRECTION ( 'NONE',  ( -0.000000000000000000, -0.000000000000000000, -1.000000000000000000 ) ) ;
#1902 = CARTESIAN_POINT ( 'NONE',  ( 234.0000000000000000, 2.853169548885460483, 0.9270509831248441301 ) ) ;
#1903 = FACE_OUTER_BOUND ( 'NONE', #5477, .T. ) ;
#1904 = AXIS2_PLACEMENT_3D ( 'NONE', #2436, #4167, #135 ) ;
#1905 = CARTESIAN_POINT ( 'NONE',  ( 75.47056274847707869, 10.00000000000000355, -3.500000000000000000 ) ) ;
#1906 = ORIENTED_EDGE ( 'NONE', *, *, #4642, .F. ) ;
#1907 = AXIS2_PLACEMENT_3D ( 'NONE', #5239, #3105, #4862 ) ;
#1908 = LINE ( 'NONE', #1190, #669 ) ;
#1909 = CARTESIAN_POINT ( 'NONE',  ( 48.47056274847710711, -5.000000000000000888, 0.000000000000000000 ) ) ;
#1910 = CARTESIAN_POINT ( 'NONE',  ( 213.4705627484779313, -12.00000000000000000, 4.286263797015736595E-16 ) ) ;
#1911 = DIRECTION ( 'NONE',  ( 0.000000000000000000, 0.000000000000000000, 1.000000000000000000 ) ) ;
#1912 = VECTOR ( 'NONE', #1198, 999.9999999999998863 ) ;
#1913 = CARTESIAN_POINT ( 'NONE',  ( 1.871567030206502391, -1.363471988548559999, 3.886751345948129543 ) ) ;
#1914 = VECTOR ( 'NONE', #521, 1000.000000000000227 ) ;
#1915 = CARTESIAN_POINT ( 'NONE',  ( 228.0000000000000000, -5.000000000000000888, -2.886751345948128655 ) ) ;
#1916 = ORIENTED_EDGE ( 'NONE', *, *, #3761, .T. ) ;
#1917 = DIRECTION ( 'NONE',  ( 0.000000000000000000, 0.000000000000000000, 1.000000000000000000 ) ) ;
#1918 = CARTESIAN_POINT ( 'NONE',  ( 61.48959235991430461, -3.960155108391477885, 4.286263797015735609E-16 ) ) ;
#1919 = DIRECTION ( 'NONE',  ( 0.000000000000000000, -0.5000000000000003331, -0.8660254037844385966 ) ) ;
#1920 = LINE ( 'NONE', #4543, #5300 ) ;
#1921 = VECTOR ( 'NONE', #5312, 1000.000000000000000 ) ;
#1922 = AXIS2_PLACEMENT_3D ( 'NONE', #4124, #206, #668 ) ;
#1923 = VERTEX_POINT ( 'NONE', #4632 ) ;
#1924 = DIRECTION ( 'NONE',  ( -1.000000000000000000, 0.000000000000000000, -0.000000000000000000 ) ) ;
#1925 = CARTESIAN_POINT ( 'NONE',  ( 4.077619661163376819, 1.501744206026635053, 2.886751345948129099 ) ) ;
#1926 = COLOUR_RGB ( '',1.000000000000000000, 1.000000000000000000, 1.000000000000000000 ) ;
#1927 = CARTESIAN_POINT ( 'NONE',  ( -7.875000000000014211, 2.551952425056123186, -1.854101966249688260 ) ) ;
#1928 = CARTESIAN_POINT ( 'NONE',  ( 237.5000000000000284, 1.902113032590309283, -0.6180339887499053386 ) ) ;
#1929 = EDGE_LOOP ( 'NONE', ( #4538, #3872, #4813, #5068 ) ) ;
#1930 = ORIENTED_EDGE ( 'NONE', *, *, #1488, .F. ) ;
#1931 = EDGE_CURVE ( 'NONE', #3980, #3441, #263, .T. ) ;
#1932 = ORIENTED_EDGE ( 'NONE', *, *, #5066, .T. ) ;
#1933 = CARTESIAN_POINT ( 'NONE',  ( 237.0000000000000284, 0.000000000000000000, -2.000000000000001776 ) ) ;
#1934 = ADVANCED_FACE ( 'NONE', ( #666 ), #4916, .T. ) ;
#1935 = CARTESIAN_POINT ( 'NONE',  ( 234.2500000000000000, 1.763355756877416081, 2.427050983124845462 ) ) ;
#1936 = FACE_OUTER_BOUND ( 'NONE', #3009, .T. ) ;
#1937 = CARTESIAN_POINT ( 'NONE',  ( -12.75000000000001421, -1.902113032590309283, 0.6180339887498914608 ) ) ;
#1938 = ORIENTED_EDGE ( 'NONE', *, *, #2302, .F. ) ;
#1939 = CARTESIAN_POINT ( 'NONE',  ( 232.8750000000000000, -2.551952425056123186, -1.854101966249681155 ) ) ;
#1940 = CARTESIAN_POINT ( 'NONE',  ( 225.0000000000000000, 1.500000000000000000, 3.773502691896260419 ) ) ;
#1941 = PLANE ( 'NONE',  #5191 ) ;
#1942 = LINE ( 'NONE', #2374, #4249 ) ;
#1943 = TOROIDAL_SURFACE ( 'NONE', #1119, 11.99999999999998401, 3.500000000000000000 ) ;
#1944 = PLANE ( 'NONE',  #1196 ) ;
#1945 = CYLINDRICAL_SURFACE ( 'NONE', #3925, 2.000000000000000000 ) ;
#1946 = ORIENTED_EDGE ( 'NONE', *, *, #4, .F. ) ;
#1947 = LINE ( 'NONE', #2785, #2818 ) ;
#1948 = CARTESIAN_POINT ( 'NONE',  ( -8.000000000000007105, -1.902113032590309283, 0.6180339887498914608 ) ) ;
#1949 = CARTESIAN_POINT ( 'NONE',  ( -12.00000000000000533, -1.763355756877416081, 2.427050983124845462 ) ) ;
#1950 = PLANE ( 'NONE',  #2855 ) ;
#1951 = CARTESIAN_POINT ( 'NONE',  ( 228.0000000000000000, 0.4999999999999995559, 5.484827557301447776 ) ) ;
#1952 = ORIENTED_EDGE ( 'NONE', *, *, #1589, .T. ) ;
#1953 = CARTESIAN_POINT ( 'NONE',  ( -6.500000000000008882, 0.000000000000000000, 2.500000000000002220 ) ) ;
#1954 = EDGE_CURVE ( 'NONE', #4723, #3348, #1553, .T. ) ;
#1955 = CARTESIAN_POINT ( 'NONE',  ( 4.326358876787966601, 1.323455064887735899, 2.886751345948129543 ) ) ;
#1956 = CARTESIAN_POINT ( 'NONE',  ( -9.000000000000014211, -2.853169548885460483, 0.9270509831248441301 ) ) ;
#1957 = EDGE_LOOP ( 'NONE', ( #2603, #4270, #1506, #2048, #4864, #1459 ) ) ;
#1958 = ORIENTED_EDGE ( 'NONE', *, *, #3325, .T. ) ;
#1959 = CARTESIAN_POINT ( 'NONE',  ( 3.047857924632097149, 1.261696580630616182, 3.389244452423743503 ) ) ;
#1960 = ORIENTED_EDGE ( 'NONE', *, *, #5528, .F. ) ;
#1961 = LINE ( 'NONE', #1479, #3361 ) ;
#1962 = CARTESIAN_POINT ( 'NONE',  ( 233.8750000000000284, 3.154386672714803996, 0.000000000000000000 ) ) ;
#1963 = DIRECTION ( 'NONE',  ( -0.7071067811865432429, -0.7071067811865519026, 0.000000000000000000 ) ) ;
#1964 = CARTESIAN_POINT ( 'NONE',  ( -12.62500000000001599, -2.102924448476535702, 0.000000000000000000 ) ) ;
#1965 = ORIENTED_EDGE ( 'NONE', *, *, #4548, .T. ) ;
#1966 = AXIS2_PLACEMENT_3D ( 'NONE', #1681, #4228, #314 ) ;
#1967 = CARTESIAN_POINT ( 'NONE',  ( 0.000000000000000000, 1.664498793564392010, 3.078870534176889606 ) ) ;
#1968 = CARTESIAN_POINT ( 'NONE',  ( 225.0000000000000000, -2.500000000000000000, 5.773502691896260863 ) ) ;
#1969 = PLANE ( 'NONE',  #5097 ) ;
#1970 = CARTESIAN_POINT ( 'NONE',  ( 120.4895923599141838, -8.960155108391441914, 4.286263797015736595E-16 ) ) ;
#1971 = EDGE_CURVE ( 'NONE', #4729, #1380, #3704, .T. ) ;
#1972 = ADVANCED_FACE ( 'NONE', ( #1026 ), #1090, .F. ) ;
#1973 = CARTESIAN_POINT ( 'NONE',  ( 1.912200207775916594, -1.408126927768690084, 3.204610643919108437 ) ) ;
#1974 = CARTESIAN_POINT ( 'NONE',  ( 1.497333405812279583, 0.4153211233058791141, 3.480755943593321078 ) ) ;
#1975 = ORIENTED_EDGE ( 'NONE', *, *, #1231, .F. ) ;
#1976 = DIRECTION ( 'NONE',  ( 0.000000000000000000, 0.000000000000000000, -1.000000000000000000 ) ) ;
#1977 = CARTESIAN_POINT ( 'NONE',  ( -6.625000000000005329, 2.102924448476536590, 0.000000000000000000 ) ) ;
#1978 = CARTESIAN_POINT ( 'NONE',  ( 3.883182458997015640, -1.271250443710726374, 3.356549519670509518 ) ) ;
#1979 = LINE ( 'NONE', #5065, #3389 ) ;
#1980 = FACE_OUTER_BOUND ( 'NONE', #1166, .T. ) ;
#1981 = ORIENTED_EDGE ( 'NONE', *, *, #2536, .T. ) ;
#1982 = CARTESIAN_POINT ( 'NONE',  ( -11.50000000000001599, 1.902113032590309283, -0.6180339887498984552 ) ) ;
#1983 = DIRECTION ( 'NONE',  ( -1.000000000000000000, 0.000000000000000000, -0.000000000000000000 ) ) ;
#1984 = CARTESIAN_POINT ( 'NONE',  ( 236.3750000000000000, 2.551952425056123186, -1.854101966249681155 ) ) ;
#1985 = ORIENTED_EDGE ( 'NONE', *, *, #1521, .T. ) ;
#1986 = CARTESIAN_POINT ( 'NONE',  ( 2.821354387099979544, 1.213964436945163428, 3.389244452423743947 ) ) ;
#1987 = CIRCLE ( 'NONE', #5184, 3.500000000000000000 ) ;
#1988 = APPLICATION_PROTOCOL_DEFINITION ( 'draft international standard', 'automotive_design', 1998, #2132 ) ;
#1989 = CARTESIAN_POINT ( 'NONE',  ( 3.469296812787986184, 1.715901698187434876, 3.131276467051553158 ) ) ;
#1990 = CARTESIAN_POINT ( 'NONE',  ( 1.859095980856778407, 1.137596958538559022, 3.309965733950099853 ) ) ;
#1991 = CARTESIAN_POINT ( 'NONE',  ( 3.178533002057562395, -1.927163419156078250, 3.886751345948129543 ) ) ;
#1992 = ORIENTED_EDGE ( 'NONE', *, *, #43, .T. ) ;
#1993 = CIRCLE ( 'NONE', #1542, 3.500000000000000000 ) ;
#1994 = DIRECTION ( 'NONE',  ( -0.7071067811865496822, 0.7071067811865452413, 0.000000000000000000 ) ) ;
#1995 = DIRECTION ( 'NONE',  ( 0.000000000000000000, 0.8660254037844384856, -0.5000000000000002220 ) ) ;
#1996 = CARTESIAN_POINT ( 'NONE',  ( 1.826239258466160420, 1.094748864067754734, 3.503679491924311051 ) ) ;
#1997 = VECTOR ( 'NONE', #2204, 999.9999999999998863 ) ;
#1998 = CARTESIAN_POINT ( 'NONE',  ( 2.588553614434962125, 1.655230382157913960, 3.312505020278111889 ) ) ;
#1999 = CARTESIAN_POINT ( 'NONE',  ( 3.167932610110297365, 1.265425214373228968, 2.886751345948129543 ) ) ;
#2000 = CARTESIAN_POINT ( 'NONE',  ( 1.460644497913771156, 0.2084758877891022821, 3.500000000000000000 ) ) ;
#2001 = ORIENTED_EDGE ( 'NONE', *, *, #5463, .F. ) ;
#2002 = ORIENTED_EDGE ( 'NONE', *, *, #1413, .T. ) ;
#2003 = EDGE_CURVE ( 'NONE', #4488, #926, #2007, .T. ) ;
#2004 = DIRECTION ( 'NONE',  ( 0.7071067811865606734, -0.7071067811865343611, 0.000000000000000000 ) ) ;
#2005 = CARTESIAN_POINT ( 'NONE',  ( -10.37500000000000711, -2.102924448476536590, 0.000000000000000000 ) ) ;
#2006 = CIRCLE ( 'NONE', #360, 8.500000000000000000 ) ;
#2007 = LINE ( 'NONE', #2787, #730 ) ;
#2008 = EDGE_CURVE ( 'NONE', #3908, #3795, #5030, .T. ) ;
#2009 = DIRECTION ( 'NONE',  ( 0.000000000000000000, -0.5000000000000005551, 0.8660254037844383745 ) ) ;
#2010 = ORIENTED_EDGE ( 'NONE', *, *, #3407, .T. ) ;
#2011 = CARTESIAN_POINT ( 'NONE',  ( -11.00000000000001421, 1.175570504584944054, 1.618033988749892238 ) ) ;
#2012 = CARTESIAN_POINT ( 'NONE',  ( 2.051338597322014401, 1.342553900785715459, 2.886751345948129988 ) ) ;
#2013 = VECTOR ( 'NONE', #172, 1000.000000000000000 ) ;
#2014 = CARTESIAN_POINT ( 'NONE',  ( 3.568843394379702438, 1.206252692781126346, 3.403808316876165030 ) ) ;
#2015 = EDGE_LOOP ( 'NONE', ( #2951, #5083, #1006, #4999 ) ) ;
#2016 = FACE_OUTER_BOUND ( 'NONE', #336, .T. ) ;
#2017 = CARTESIAN_POINT ( 'NONE',  ( 2.365121706119354350, -1.749630084296684318, 2.886751345948128655 ) ) ;
#2018 = CARTESIAN_POINT ( 'NONE',  ( 77.52943725152275078, -1.999999999999998224, 0.000000000000000000 ) ) ;
#2019 = VERTEX_POINT ( 'NONE', #1662 ) ;
#2020 = DIRECTION ( 'NONE',  ( 0.000000000000000000, 0.000000000000000000, -1.000000000000000000 ) ) ;
#2021 = CARTESIAN_POINT ( 'NONE',  ( 237.2500000000000284, 0.000000000000000000, 3.000000000000002665 ) ) ;
#2022 = CARTESIAN_POINT ( 'NONE',  ( 226.0000000000000000, -1.500000000000000000, 5.773502691896260863 ) ) ;
#2023 = LINE ( 'NONE', #5615, #2052 ) ;
#2024 = CARTESIAN_POINT ( 'NONE',  ( 233.2500000000000000, 0.000000000000000000, -3.000000000000002665 ) ) ;
#2025 = CARTESIAN_POINT ( 'NONE',  ( -0.3431457505076260794, 0.000000000000000000, -2.000000000000000000 ) ) ;
#2026 = ORIENTED_EDGE ( 'NONE', *, *, #1827, .F. ) ;
#2027 = ORIENTED_EDGE ( 'NONE', *, *, #678, .F. ) ;
#2028 = DIRECTION ( 'NONE',  ( 0.7071067811865445751, 0.7071067811865504593, 0.000000000000000000 ) ) ;
#2029 = CARTESIAN_POINT ( 'NONE',  ( -8.375000000000015987, -0.9747590886987209657, -2.999999999999999556 ) ) ;
#2030 = TOROIDAL_SURFACE ( 'NONE', #2218, 12.00000000000026823, 3.500000000000000000 ) ;
#2031 = CARTESIAN_POINT ( 'NONE',  ( -10.25000000000000533, 2.853169548885460483, 0.9270509831248441301 ) ) ;
#2032 = CARTESIAN_POINT ( 'NONE',  ( 235.0000000000000284, 1.902113032590309283, -0.6180339887499053386 ) ) ;
#2033 = EDGE_CURVE ( 'NONE', #106, #5168, #769, .T. ) ;
#2034 = CARTESIAN_POINT ( 'NONE',  ( -7.625000000000007994, -1.701301616704077535, -1.236067977499787363 ) ) ;
#2035 = AXIS2_PLACEMENT_3D ( 'NONE', #5553, #3024, #3393 ) ;
#2036 = CARTESIAN_POINT ( 'NONE',  ( 4.449956483261908957, 1.213046807104388725, 3.886751345948129543 ) ) ;
#2037 = CARTESIAN_POINT ( 'NONE',  ( -12.00000000000001421, 0.000000000000000000, -2.000000000000001776 ) ) ;
#2038 = CARTESIAN_POINT ( 'NONE',  ( 3.787310677432337513, -1.852071941902943664, 2.970193130891971123 ) ) ;
#2039 = EDGE_CURVE ( 'NONE', #114, #3081, #2116, .T. ) ;
#2040 = CARTESIAN_POINT ( 'NONE',  ( 4.115108808221823899, 0.8276913821979213770, 2.886751345948129543 ) ) ;
#2041 = VERTEX_POINT ( 'NONE', #3870 ) ;
#2042 = CARTESIAN_POINT ( 'NONE',  ( 2.362302822118135914, 0.8850582092066512363, 3.389244452423743059 ) ) ;
#2043 = CARTESIAN_POINT ( 'NONE',  ( 0.000000000000000000, 0.000000000000000000, 0.000000000000000000 ) ) ;
#2044 = CARTESIAN_POINT ( 'NONE',  ( 2.831257283822243398, 1.715534167876300087, 3.050761049584920226 ) ) ;
#2045 = CARTESIAN_POINT ( 'NONE',  ( 7.913166887680227468, -1.847348703317845509, 2.886751345948129543 ) ) ;
#2046 = ORIENTED_EDGE ( 'NONE', *, *, #4743, .T. ) ;
#2047 = LINE ( 'NONE', #2076, #4764 ) ;
#2048 = ORIENTED_EDGE ( 'NONE', *, *, #1054, .T. ) ;
#2049 = CARTESIAN_POINT ( 'NONE',  ( 4.226736573747062131, -1.662564365792099208, 2.886751345948128655 ) ) ;
#2050 = CARTESIAN_POINT ( 'NONE',  ( 0.000000000000000000, 0.5000000000000000000, 5.484827557301446888 ) ) ;
#2051 = DIRECTION ( 'NONE',  ( -0.000000000000000000, -0.000000000000000000, -1.000000000000000000 ) ) ;
#2052 = VECTOR ( 'NONE', #2633, 1000.000000000000000 ) ;
#2053 = DIRECTION ( 'NONE',  ( -0.000000000000000000, -0.000000000000000000, -1.000000000000000000 ) ) ;
#2054 = ORIENTED_EDGE ( 'NONE', *, *, #1441, .F. ) ;
#2055 = EDGE_CURVE ( 'NONE', #4439, #1824, #3895, .T. ) ;
#2056 = DIRECTION ( 'NONE',  ( 0.000000000000000000, 0.000000000000000000, 1.000000000000000000 ) ) ;
#2057 = CARTESIAN_POINT ( 'NONE',  ( 4.449956483261908957, 1.213046807104388725, 2.886751345948129543 ) ) ;
#2058 = CARTESIAN_POINT ( 'NONE',  ( -9.625000000000005329, -0.9747590886987209657, 2.999999999999999556 ) ) ;
#2059 = CARTESIAN_POINT ( 'NONE',  ( -10.62500000000001243, 0.9747590886987209657, -2.999999999999999556 ) ) ;
#2060 = LINE ( 'NONE', #5383, #1181 ) ;
#2061 = CARTESIAN_POINT ( 'NONE',  ( 233.6250000000000000, 2.551952425056123186, -1.854101966249681155 ) ) ;
#2062 = DIRECTION ( 'NONE',  ( 0.000000000000000000, 0.000000000000000000, 1.000000000000000000 ) ) ;
#2063 = CARTESIAN_POINT ( 'NONE',  ( 7.913166887680227468, -1.847348703317845509, 2.972760126271521752 ) ) ;
#2064 = DIRECTION ( 'NONE',  ( 1.000000000000000000, -8.425591134430505636E-16, 0.000000000000000000 ) ) ;
#2065 = ORIENTED_EDGE ( 'NONE', *, *, #3194, .F. ) ;
#2066 = CARTESIAN_POINT ( 'NONE',  ( 2.072737865595680073, -0.3606905516504020359, 2.886751345948129099 ) ) ;
#2067 = EDGE_CURVE ( 'NONE', #5254, #3946, #2098, .T. ) ;
#2068 = EDGE_CURVE ( 'NONE', #3800, #428, #3927, .T. ) ;
#2069 = ADVANCED_FACE ( 'NONE', ( #5171 ), #1631, .T. ) ;
#2070 = EDGE_CURVE ( 'NONE', #869, #838, #4975, .T. ) ;
#2071 = EDGE_CURVE ( 'NONE', #5407, #5442, #5146, .T. ) ;
#2072 = CARTESIAN_POINT ( 'NONE',  ( 2.067826507580616369, -1.555173135327426293, 3.225519225871962714 ) ) ;
#2073 = DIRECTION ( 'NONE',  ( 0.000000000000000000, -1.000000000000000000, -0.000000000000000000 ) ) ;
#2074 =( BOUNDED_CURVE ( )  B_SPLINE_CURVE ( 2, ( #179, #4521, #1418, #4097, #2862, #2393, #148, #1475, #2736, #2423, #1099 ),
 .UNSPECIFIED., .F., .F. ) 
 B_SPLINE_CURVE_WITH_KNOTS ( ( 3, 2, 2, 2, 2, 3 ),
 ( 0.7500000000000006661, 0.8000000000000005995, 0.8500000000000004219, 0.9000000000000003553, 0.9500000000000000666, 1.000000000000000000 ),
 .UNSPECIFIED. ) 
 CURVE ( )  GEOMETRIC_REPRESENTATION_ITEM ( )  RATIONAL_B_SPLINE_CURVE ( ( 0.9999999999999993339, 0.9510565162951541973, 1.000000000000000000, 0.9510565162951535312, 1.000000000000000000, 0.9510565162951535312, 1.000000000000000000, 0.9510565162951535312, 1.000000000000000000, 0.9510565162951535312, 1.000000000000000000 ) ) 
 REPRESENTATION_ITEM ( '' )  );
#2075 = ORIENTED_EDGE ( 'NONE', *, *, #2326, .T. ) ;
#2076 = CARTESIAN_POINT ( 'NONE',  ( 237.1250000000000000, 0.000000000000000000, 3.000000000000002665 ) ) ;
#2077 = CIRCLE ( 'NONE', #2823, 15.50000000000001421 ) ;
#2078 = DIRECTION ( 'NONE',  ( 0.000000000000000000, 0.000000000000000000, 1.000000000000000000 ) ) ;
#2079 = CARTESIAN_POINT ( 'NONE',  ( 226.0000000000000000, -8.673617379884035472E-16, 5.773502691896260863 ) ) ;
#2080 = CARTESIAN_POINT ( 'NONE',  ( 236.6250000000000000, 2.551952425056123186, 1.854101966249681155 ) ) ;
#2081 = TOROIDAL_SURFACE ( 'NONE', #5001, 12.00000000000026645, 3.500000000000000000 ) ;
#2082 = DIRECTION ( 'NONE',  ( 1.000000000000000000, 4.212795567215565404E-16, 0.000000000000000000 ) ) ;
#2083 = VERTEX_POINT ( 'NONE', #2984 ) ;
#2084 = CARTESIAN_POINT ( 'NONE',  ( -13.25000000000001599, 0.000000000000000000, -2.000000000000000000 ) ) ;
#2085 = AXIS2_PLACEMENT_3D ( 'NONE', #3419, #3387, #5126 ) ;
#2086 = CARTESIAN_POINT ( 'NONE',  ( -7.500000000000013323, 2.853169548885460483, 0.9270509831248441301 ) ) ;
#2087 = CARTESIAN_POINT ( 'NONE',  ( -7.625000000000007994, 2.551952425056123186, 1.854101966249681155 ) ) ;
#2088 = DIRECTION ( 'NONE',  ( 0.000000000000000000, 0.000000000000000000, 1.000000000000000000 ) ) ;
#2089 = CARTESIAN_POINT ( 'NONE',  ( 237.7500000000000284, 1.902113032590309283, 0.6180339887499053386 ) ) ;
#2090 = AXIS2_PLACEMENT_3D ( 'NONE', #1163, #338, #2078 ) ;
#2091 = CARTESIAN_POINT ( 'NONE',  ( 236.0000000000000284, 1.763355756877422964, -2.427050983124845462 ) ) ;
#2092 = AXIS2_PLACEMENT_3D ( 'NONE', #4446, #5224, #1316 ) ;
#2093 = DIRECTION ( 'NONE',  ( -1.000000000000000000, 0.000000000000000000, 0.000000000000000000 ) ) ;
#2094 = CARTESIAN_POINT ( 'NONE',  ( -6.000000000000005329, 0.000000000000000000, 0.000000000000000000 ) ) ;
#2095 = CARTESIAN_POINT ( 'NONE',  ( 186.4705627484778461, -2.999999999999999112, -4.286263797015736595E-16 ) ) ;
#2096 = CIRCLE ( 'NONE', #5648, 3.500000000000000000 ) ;
#2097 = CARTESIAN_POINT ( 'NONE',  ( 5.636576828888136603, -1.847348703317845509, 2.886751345948129543 ) ) ;
#2098 = CIRCLE ( 'NONE', #5293, 3.000000000000000444 ) ;
#2099 = ORIENTED_EDGE ( 'NONE', *, *, #1435, .F. ) ;
#2100 = CARTESIAN_POINT ( 'NONE',  ( -11.75000000000000711, -2.853169548885460483, 0.9270509831248441301 ) ) ;
#2101 = CARTESIAN_POINT ( 'NONE',  ( 3.078895509270433983, -1.925416556075238539, 3.225519225871961826 ) ) ;
#2102 = EDGE_CURVE ( 'NONE', #926, #2412, #4712, .T. ) ;
#2103 = DIRECTION ( 'NONE',  ( 0.000000000000000000, 0.000000000000000000, -1.000000000000000000 ) ) ;
#2104 = ORIENTED_EDGE ( 'NONE', *, *, #4965, .T. ) ;
#2105 = VECTOR ( 'NONE', #1976, 1000.000000000000000 ) ;
#2106 = AXIS2_PLACEMENT_3D ( 'NONE', #3062, #958, #2166 ) ;
#2107 = DIRECTION ( 'NONE',  ( -1.000000000000000000, 0.000000000000000000, 0.000000000000000000 ) ) ;
#2108 = EDGE_CURVE ( 'NONE', #2019, #4805, #3619, .T. ) ;
#2109 = CARTESIAN_POINT ( 'NONE',  ( 107.4705627484769792, 2.000000000000000000, -4.286263797015736595E-16 ) ) ;
#2110 = FACE_OUTER_BOUND ( 'NONE', #5363, .T. ) ;
#2111 = DIRECTION ( 'NONE',  ( 1.000000000000000000, -0.000000000000000000, -0.000000000000000000 ) ) ;
#2112 = CARTESIAN_POINT ( 'NONE',  ( 2.796831614288334933, -1.378244275556000487, 2.886751345948130432 ) ) ;
#2113 = ORIENTED_EDGE ( 'NONE', *, *, #3519, .T. ) ;
#2114 = CYLINDRICAL_SURFACE ( 'NONE', #3032, 3.500000000000000888 ) ;
#2115 = CARTESIAN_POINT ( 'NONE',  ( 107.4705627484769934, -10.00000000000019185, 0.000000000000000000 ) ) ;
#2116 = LINE ( 'NONE', #3412, #1375 ) ;
#2117 = DIRECTION ( 'NONE',  ( 0.000000000000000000, -0.8660254037844384856, -0.5000000000000002220 ) ) ;
#2118 = ORIENTED_EDGE ( 'NONE', *, *, #5419, .F. ) ;
#2119 = VERTEX_POINT ( 'NONE', #1747 ) ;
#2120 = DIRECTION ( 'NONE',  ( 0.000000000000000000, 0.000000000000000000, 1.000000000000000000 ) ) ;
#2121 = AXIS2_PLACEMENT_3D ( 'NONE', #4992, #1077, #4140 ) ;
#2122 = CARTESIAN_POINT ( 'NONE',  ( 37.01471862576144645, 1.485281374238534013, 0.000000000000000000 ) ) ;
#2123 = AXIS2_PLACEMENT_3D ( 'NONE', #637, #3308, #4611 ) ;
#2124 = DIRECTION ( 'NONE',  ( -1.000000000000000000, 0.000000000000000000, 0.000000000000000000 ) ) ;
#2125 = VECTOR ( 'NONE', #3993, 1000.000000000000000 ) ;
#2126 = CARTESIAN_POINT ( 'NONE',  ( 48.47056274847710711, -5.000000000000095923, 0.000000000000000000 ) ) ;
#2127 = ORIENTED_EDGE ( 'NONE', *, *, #4135, .T. ) ;
#2128 = EDGE_LOOP ( 'NONE', ( #194, #1992, #3564, #849, #10 ) ) ;
#2129 = EDGE_CURVE ( 'NONE', #1093, #19, #3124, .T. ) ;
#2130 = CARTESIAN_POINT ( 'NONE',  ( -12.12500000000000533, -0.9747590886987209657, 2.999999999999999556 ) ) ;
#2131 = CARTESIAN_POINT ( 'NONE',  ( 235.6250000000000000, -2.551952425056123186, -1.854101966249681155 ) ) ;
#2132 = APPLICATION_CONTEXT ( 'automotive_design' ) ;
#2133 = LINE ( 'NONE', #5051, #630 ) ;
#2134 = CARTESIAN_POINT ( 'NONE',  ( 7.353840324345111590, -0.2510543865531919550, 3.886751345948129543 ) ) ;
#2135 = ORIENTED_EDGE ( 'NONE', *, *, #501, .F. ) ;
#2136 = DIRECTION ( 'NONE',  ( -1.000000000000000000, 0.000000000000000000, 0.000000000000000000 ) ) ;
#2137 = DIRECTION ( 'NONE',  ( 0.000000000000000000, 0.000000000000000000, 1.000000000000000000 ) ) ;
#2138 = CARTESIAN_POINT ( 'NONE',  ( 18.84314575050766294, 2.343145750507646952, 0.000000000000000000 ) ) ;
#2139 = CARTESIAN_POINT ( 'NONE',  ( 233.5000000000000000, 1.763355756877422964, -2.427050983124845462 ) ) ;
#2140 = DIRECTION ( 'NONE',  ( 0.7071067811865445751, 0.7071067811865504593, 0.000000000000000000 ) ) ;
#2141 = ORIENTED_EDGE ( 'NONE', *, *, #1607, .T. ) ;
#2142 = DIRECTION ( 'NONE',  ( -1.000000000000000000, 0.000000000000000000, 0.000000000000000000 ) ) ;
#2143 = EDGE_CURVE ( 'NONE', #2364, #5442, #3068, .T. ) ;
#2144 = CARTESIAN_POINT ( 'NONE',  ( -7.875000000000014211, 2.551952425056123186, -1.854101966249688260 ) ) ;
#2145 = EDGE_CURVE ( 'NONE', #3818, #4187, #4824, .T. ) ;
#2146 = CARTESIAN_POINT ( 'NONE',  ( -8.500000000000005329, 0.000000000000000000, -3.000000000000002665 ) ) ;
#2147 = CARTESIAN_POINT ( 'NONE',  ( -10.50000000000001421, 1.763355756877416081, -2.427050983124845462 ) ) ;
#2148 = EDGE_CURVE ( 'NONE', #4462, #2494, #4031, .T. ) ;
#2149 = EDGE_LOOP ( 'NONE', ( #4610, #1699 ) ) ;
#2150 = CARTESIAN_POINT ( 'NONE',  ( 236.5000000000000284, 2.853169548885460483, 0.9270509831248441301 ) ) ;
#2151 = AXIS2_PLACEMENT_3D ( 'NONE', #3381, #1228, #4262 ) ;
#2152 = LINE ( 'NONE', #3446, #1121 ) ;
#2153 = CARTESIAN_POINT ( 'NONE',  ( -1.000000000000000000, 2.500000000000000888, 4.330127018922194537 ) ) ;
#2154 = ORIENTED_EDGE ( 'NONE', *, *, #2958, .F. ) ;
#2155 = CARTESIAN_POINT ( 'NONE',  ( 3.469296812787986184, 1.715901698187434876, 2.886751345948130432 ) ) ;
#2156 = ORIENTED_EDGE ( 'NONE', *, *, #4912, .F. ) ;
#2157 = CARTESIAN_POINT ( 'NONE',  ( 232.3750000000000000, -0.9747590886987209657, 2.999999999999992450 ) ) ;
#2158 = ORIENTED_EDGE ( 'NONE', *, *, #3414, .T. ) ;
#2159 = CARTESIAN_POINT ( 'NONE',  ( -11.50000000000000711, -2.853169548885460483, -0.9270509831248441301 ) ) ;
#2160 = CARTESIAN_POINT ( 'NONE',  ( 235.8750000000000284, -0.9747590886987209657, -2.999999999999992450 ) ) ;
#2161 = DIRECTION ( 'NONE',  ( 0.000000000000000000, 0.000000000000000000, 1.000000000000000000 ) ) ;
#2162 = VERTEX_POINT ( 'NONE', #29 ) ;
#2163 = FACE_OUTER_BOUND ( 'NONE', #5384, .T. ) ;
#2164 = ORIENTED_EDGE ( 'NONE', *, *, #4828, .F. ) ;
#2165 = FACE_OUTER_BOUND ( 'NONE', #5437, .T. ) ;
#2166 = DIRECTION ( 'NONE',  ( 0.000000000000000000, 0.000000000000000000, -1.000000000000000000 ) ) ;
#2167 = CARTESIAN_POINT ( 'NONE',  ( 3.214570005294501431, 1.264161525373619810, 2.886751345948129543 ) ) ;
#2168 = VERTEX_POINT ( 'NONE', #2723 ) ;
#2169 = LINE ( 'NONE', #2697, #3305 ) ;
#2170 = CARTESIAN_POINT ( 'NONE',  ( -6.000000000000002665, 0.000000000000000000, 0.000000000000000000 ) ) ;
#2171 = CARTESIAN_POINT ( 'NONE',  ( 2.120949475566050513, 1.401147986249747568, 3.312505020278111445 ) ) ;
#2172 = CARTESIAN_POINT ( 'NONE',  ( 7.353840324345111590, 0.2184806214639111455, 3.886751345948129543 ) ) ;
#2173 = ORIENTED_EDGE ( 'NONE', *, *, #5563, .F. ) ;
#2174 = EDGE_CURVE ( 'NONE', #967, #3015, #955, .T. ) ;
#2175 = FACE_OUTER_BOUND ( 'NONE', #1419, .T. ) ;
#2176 = ORIENTED_EDGE ( 'NONE', *, *, #1726, .F. ) ;
#2177 = AXIS2_PLACEMENT_3D ( 'NONE', #4128, #3216, #4215 ) ;
#2178 = CARTESIAN_POINT ( 'NONE',  ( 75.47056274847707869, 10.00000000000000355, 0.000000000000000000 ) ) ;
#2179 = ADVANCED_FACE ( 'NONE', ( #2206 ), #3607, .F. ) ;
#2180 = DIRECTION ( 'NONE',  ( 0.000000000000000000, 0.000000000000000000, 1.000000000000000000 ) ) ;
#2181 = ORIENTED_EDGE ( 'NONE', *, *, #4931, .F. ) ;
#2182 = DIRECTION ( 'NONE',  ( 1.000000000000000000, 0.000000000000000000, 0.000000000000000000 ) ) ;
#2183 = EDGE_LOOP ( 'NONE', ( #2912, #2026, #4597, #3059, #3376, #3806 ) ) ;
#2184 = VECTOR ( 'NONE', #4451, 1000.000000000000000 ) ;
#2185 = CARTESIAN_POINT ( 'NONE',  ( 232.8750000000000000, -3.154386672714803996, 0.000000000000000000 ) ) ;
#2186 = AXIS2_PLACEMENT_3D ( 'NONE', #4989, #154, #4926 ) ;
#2187 = ORIENTED_EDGE ( 'NONE', *, *, #1054, .F. ) ;
#2188 = CARTESIAN_POINT ( 'NONE',  ( -10.87500000000000711, 0.9747590886987209657, -2.999999999999999556 ) ) ;
#2189 = CARTESIAN_POINT ( 'NONE',  ( 237.1249999999999716, 0.9747590886987209657, 2.999999999999992450 ) ) ;
#2190 = AXIS2_PLACEMENT_3D ( 'NONE', #661, #4145, #2345 ) ;
#2191 = VECTOR ( 'NONE', #2372, 1000.000000000000000 ) ;
#2192 = CARTESIAN_POINT ( 'NONE',  ( 1.892355976272852347, -1.386318568082182123, 2.886751345948129988 ) ) ;
#2193 = ORIENTED_EDGE ( 'NONE', *, *, #749, .F. ) ;
#2194 = FACE_OUTER_BOUND ( 'NONE', #2235, .T. ) ;
#2195 = DIRECTION ( 'NONE',  ( 0.000000000000000000, 0.000000000000000000, 1.000000000000000000 ) ) ;
#2196 = PLANE ( 'NONE',  #1103 ) ;
#2197 = CARTESIAN_POINT ( 'NONE',  ( 237.0000000000000284, 0.000000000000000000, -2.000000000000001776 ) ) ;
#2198 = VECTOR ( 'NONE', #4902, 1000.000000000000000 ) ;
#2199 = VECTOR ( 'NONE', #857, 1000.000000000000000 ) ;
#2200 = CARTESIAN_POINT ( 'NONE',  ( 1.871567030206502391, -1.363471988548559999, 2.886751345948129543 ) ) ;
#2201 = ORIENTED_EDGE ( 'NONE', *, *, #2071, .T. ) ;
#2202 = EDGE_CURVE ( 'NONE', #4002, #4871, #1783, .T. ) ;
#2203 = DIRECTION ( 'NONE',  ( 1.000000000000000000, 8.425591134430620021E-16, 0.000000000000000000 ) ) ;
#2204 = DIRECTION ( 'NONE',  ( 0.5324106395682868254, -0.8464862142258950950, 0.000000000000000000 ) ) ;
#2205 = VECTOR ( 'NONE', #256, 999.9999999999998863 ) ;
#2206 = FACE_OUTER_BOUND ( 'NONE', #1528, .T. ) ;
#2207 = CARTESIAN_POINT ( 'NONE',  ( -10.87500000000000711, 0.9747590886987209657, -2.999999999999999556 ) ) ;
#2208 = EDGE_LOOP ( 'NONE', ( #1858, #2630, #4483, #1050, #4714 ) ) ;
#2209 = CARTESIAN_POINT ( 'NONE',  ( 234.3749999999999716, 2.551952425056123186, 1.854101966249681155 ) ) ;
#2210 = CARTESIAN_POINT ( 'NONE',  ( 3.575737687109348251, -1.395738729929892452, 3.209723220715027026 ) ) ;
#2211 = EDGE_CURVE ( 'NONE', #5168, #3850, #4006, .T. ) ;
#2212 = CARTESIAN_POINT ( 'NONE',  ( 2.473143955730841892, -1.180219518559787462, 2.886751345948129988 ) ) ;
#2213 = CARTESIAN_POINT ( 'NONE',  ( 2.227269624712715945, 0.6825360599262811911, 2.886751345948129543 ) ) ;
#2214 = CARTESIAN_POINT ( 'NONE',  ( 75.47056274847707869, 6.500000000000005329, 4.286263797015737088E-16 ) ) ;
#2215 = ORIENTED_EDGE ( 'NONE', *, *, #31, .F. ) ;
#2216 = CARTESIAN_POINT ( 'NONE',  ( -11.00000000000001421, 1.175570504584944054, 1.618033988749892238 ) ) ;
#2217 = ADVANCED_FACE ( 'NONE', ( #4770 ), #5285, .F. ) ;
#2218 = AXIS2_PLACEMENT_3D ( 'NONE', #3492, #1310, #2107 ) ;
#2219 = EDGE_CURVE ( 'NONE', #2889, #1853, #82, .T. ) ;
#2220 = LINE ( 'NONE', #5267, #2467 ) ;
#2221 = VERTEX_POINT ( 'NONE', #1830 ) ;
#2222 = VERTEX_POINT ( 'NONE', #2289 ) ;
#2223 = ORIENTED_EDGE ( 'NONE', *, *, #2909, .T. ) ;
#2224 = CARTESIAN_POINT ( 'NONE',  ( 1.451321395572865436, -0.07173479189739555284, 3.499449146843136127 ) ) ;
#2225 = ORIENTED_EDGE ( 'NONE', *, *, #4347, .T. ) ;
#2226 = CARTESIAN_POINT ( 'NONE',  ( 232.1250000000000000, 0.000000000000000000, 2.000000000000001776 ) ) ;
#2227 = CARTESIAN_POINT ( 'NONE',  ( 234.1250000000000000, -2.102924448476536590, 0.000000000000000000 ) ) ;
#2228 = CARTESIAN_POINT ( 'NONE',  ( 226.0000000000000000, 0.000000000000000000, 0.000000000000000000 ) ) ;
#2229 = CARTESIAN_POINT ( 'NONE',  ( 2.362302822118135914, 0.8850582092066512363, 2.886751345948129543 ) ) ;
#2230 = VERTEX_POINT ( 'NONE', #5314 ) ;
#2231 = DIRECTION ( 'NONE',  ( -1.000000000000000000, 0.000000000000000000, 0.000000000000000000 ) ) ;
#2232 = DIRECTION ( 'NONE',  ( -0.000000000000000000, -0.000000000000000000, -1.000000000000000000 ) ) ;
#2233 = CARTESIAN_POINT ( 'NONE',  ( -10.75000000000000533, -1.175570504584944054, 1.618033988749892238 ) ) ;
#2234 = CARTESIAN_POINT ( 'NONE',  ( -8.375000000000003553, 0.9747590886987209657, -2.999999999999999556 ) ) ;
#2235 = EDGE_LOOP ( 'NONE', ( #4615, #4883, #1218, #564 ) ) ;
#2236 = CARTESIAN_POINT ( 'NONE',  ( 3.009964695643448263, -1.432018423085760439, 3.193709832944919391 ) ) ;
#2237 = LINE ( 'NONE', #4486, #5017 ) ;
#2238 = DIRECTION ( 'NONE',  ( 0.000000000000000000, -0.000000000000000000, -1.000000000000000000 ) ) ;
#2239 = DIRECTION ( 'NONE',  ( -1.000000000000000000, 0.000000000000000000, 0.000000000000000000 ) ) ;
#2240 = CIRCLE ( 'NONE', #4341, 3.500000000000000000 ) ;
#2241 = ORIENTED_EDGE ( 'NONE', *, *, #1484, .T. ) ;
#2242 = CARTESIAN_POINT ( 'NONE',  ( -11.87500000000001421, 0.6498393924658090182, -2.000000000000002220 ) ) ;
#2243 = CARTESIAN_POINT ( 'NONE',  ( 7.353840324345111590, -0.2510543865531919550, 3.886751345948129543 ) ) ;
#2244 = ORIENTED_EDGE ( 'NONE', *, *, #4322, .T. ) ;
#2245 = ORIENTED_EDGE ( 'NONE', *, *, #1267, .T. ) ;
#2246 = ADVANCED_FACE ( 'NONE', ( #1348 ), #5411, .F. ) ;
#2247 = EDGE_LOOP ( 'NONE', ( #4753, #5173, #1390, #3316, #5514 ) ) ;
#2248 = ADVANCED_FACE ( 'NONE', ( #3295 ), #156, .F. ) ;
#2249 = CARTESIAN_POINT ( 'NONE',  ( 21.31801948466057794, -0.1317279836452692754, 4.286263797015736595E-16 ) ) ;
#2250 = EDGE_CURVE ( 'NONE', #5456, #2338, #46, .T. ) ;
#2251 = DIRECTION ( 'NONE',  ( 0.000000000000000000, 1.000000000000000000, 0.000000000000000000 ) ) ;
#2252 = ADVANCED_FACE ( 'NONE', ( #198 ), #1491, .T. ) ;
#2253 = EDGE_CURVE ( 'NONE', #100, #2889, #2753, .T. ) ;
#2254 = CARTESIAN_POINT ( 'NONE',  ( 0.000000000000000000, 5.000000000000001776, 2.886751345948129099 ) ) ;
#2255 = CARTESIAN_POINT ( 'NONE',  ( 236.7500000000000284, -1.175570504584944054, -1.618033988749906227 ) ) ;
#2256 = FACE_OUTER_BOUND ( 'NONE', #1253, .T. ) ;
#2257 = ORIENTED_EDGE ( 'NONE', *, *, #5283, .F. ) ;
#2258 = CIRCLE ( 'NONE', #5623, 3.000000000000000444 ) ;
#2259 = FACE_OUTER_BOUND ( 'NONE', #3369, .T. ) ;
#2260 = CARTESIAN_POINT ( 'NONE',  ( 3.483197997584120742, -1.415938696564414734, 2.886751345948129099 ) ) ;
#2261 = DIRECTION ( 'NONE',  ( 0.000000000000000000, 0.000000000000000000, -1.000000000000000000 ) ) ;
#2262 = CARTESIAN_POINT ( 'NONE',  ( -8.000000000000014211, 1.763355756877416081, -2.427050983124845462 ) ) ;
#2263 = VERTEX_POINT ( 'NONE', #569 ) ;
#2264 = LINE ( 'NONE', #4379, #2757 ) ;
#2265 = CIRCLE ( 'NONE', #526, 3.500000000000000000 ) ;
#2266 = CARTESIAN_POINT ( 'NONE',  ( 228.0000000000000000, 0.000000000000000000, 0.000000000000000000 ) ) ;
#2267 = DIRECTION ( 'NONE',  ( 0.7071067811865606734, -0.7071067811865344721, 0.000000000000000000 ) ) ;
#2268 = AXIS2_PLACEMENT_3D ( 'NONE', #3816, #2967, #4667 ) ;
#2269 = ORIENTED_EDGE ( 'NONE', *, *, #2924, .T. ) ;
#2270 = ORIENTED_EDGE ( 'NONE', *, *, #4464, .F. ) ;
#2271 = PLANE ( 'NONE',  #4318 ) ;
#2272 = EDGE_CURVE ( 'NONE', #3929, #3994, #1942, .T. ) ;
#2273 = MECHANICAL_DESIGN_GEOMETRIC_PRESENTATION_REPRESENTATION (  '', ( #265 ), #3917 ) ;
#2274 = CARTESIAN_POINT ( 'NONE',  ( -11.50000000000001421, -2.853169548885460483, 0.9270509831248441301 ) ) ;
#2275 = ORIENTED_EDGE ( 'NONE', *, *, #4650, .T. ) ;
#2276 = ORIENTED_EDGE ( 'NONE', *, *, #5350, .F. ) ;
#2277 = VERTEX_POINT ( 'NONE', #1970 ) ;
#2278 = PLANE ( 'NONE',  #4951 ) ;
#2279 = AXIS2_PLACEMENT_3D ( 'NONE', #2378, #4082, #4968 ) ;
#2280 = ORIENTED_EDGE ( 'NONE', *, *, #5426, .T. ) ;
#2281 = CARTESIAN_POINT ( 'NONE',  ( 226.0000000000000000, -0.4999999999999998890, 3.773502691896260419 ) ) ;
#2282 = CARTESIAN_POINT ( 'NONE',  ( 235.6250000000000000, 1.701301616704077091, 1.236067977499787141 ) ) ;
#2283 = EDGE_CURVE ( 'NONE', #2652, #4871, #694, .T. ) ;
#2284 = CARTESIAN_POINT ( 'NONE',  ( 228.0000000000000000, -2.500000000000000000, 4.330127018922195425 ) ) ;
#2285 = CARTESIAN_POINT ( 'NONE',  ( 1.452042470891748094, -0.1708712159919020535, 2.886751345948128655 ) ) ;
#2286 = ORIENTED_EDGE ( 'NONE', *, *, #4860, .T. ) ;
#2287 = DIRECTION ( 'NONE',  ( 1.000000000000000000, 0.000000000000000000, 0.000000000000000000 ) ) ;
#2288 = CARTESIAN_POINT ( 'NONE',  ( 197.0147186257622707, -11.48528137423854290, 0.000000000000000000 ) ) ;
#2289 = CARTESIAN_POINT ( 'NONE',  ( 24.81370849898478781, 5.000000000000000000, 3.500000000000000000 ) ) ;
#2290 = EDGE_LOOP ( 'NONE', ( #3544, #5545, #3597, #2295, #2688, #676, #4616, #250, #4628 ) ) ;
#2291 = CARTESIAN_POINT ( 'NONE',  ( -8.000000000000005329, 2.853169548885460483, -0.9270509831248441301 ) ) ;
#2292 = ORIENTED_EDGE ( 'NONE', *, *, #220, .T. ) ;
#2293 = AXIS2_PLACEMENT_3D ( 'NONE', #4683, #2931, #2142 ) ;
#2294 = AXIS2_PLACEMENT_3D ( 'NONE', #5323, #1354, #470 ) ;
#2295 = ORIENTED_EDGE ( 'NONE', *, *, #3233, .F. ) ;
#2296 = CARTESIAN_POINT ( 'NONE',  ( 2.403790071795452565, -1.113174701845086378, 3.318832470426338777 ) ) ;
#2297 = CARTESIAN_POINT ( 'NONE',  ( 3.559908321794182928, -1.899847613654564782, 3.185810201376517714 ) ) ;
#2298 = CARTESIAN_POINT ( 'NONE',  ( 2.075816473216389291, 0.1795076990605043998, 2.886751345948129099 ) ) ;
#2299 = ORIENTED_EDGE ( 'NONE', *, *, #4001, .F. ) ;
#2300 = DIRECTION ( 'NONE',  ( -1.000000000000000000, 0.000000000000000000, 0.000000000000000000 ) ) ;
#2301 = CARTESIAN_POINT ( 'NONE',  ( -9.375000000000014211, -0.9747590886987209657, 2.999999999999999556 ) ) ;
#2302 = EDGE_CURVE ( 'NONE', #606, #5407, #4652, .T. ) ;
#2303 = ORIENTED_EDGE ( 'NONE', *, *, #885, .F. ) ;
#2304 = ORIENTED_EDGE ( 'NONE', *, *, #5283, .T. ) ;
#2305 = FACE_OUTER_BOUND ( 'NONE', #4351, .T. ) ;
#2306 = ORIENTED_EDGE ( 'NONE', *, *, #1131, .F. ) ;
#2307 = DIRECTION ( 'NONE',  ( 0.000000000000000000, 0.000000000000000000, -1.000000000000000000 ) ) ;
#2308 = CARTESIAN_POINT ( 'NONE',  ( 231.1249999999999716, -0.6498393924658164567, 1.999999999999994893 ) ) ;
#2309 = CARTESIAN_POINT ( 'NONE',  ( 234.3750000000000000, -0.6498393924658163456, -1.999999999999989564 ) ) ;
#2310 = AXIS2_PLACEMENT_3D ( 'NONE', #2796, #929, #4870 ) ;
#2311 = FACE_OUTER_BOUND ( 'NONE', #3904, .T. ) ;
#2312 = ORIENTED_EDGE ( 'NONE', *, *, #4650, .F. ) ;
#2313 = CARTESIAN_POINT ( 'NONE',  ( 234.0000000000000000, 2.853169548885460483, -0.9270509831248441301 ) ) ;
#2314 = LINE ( 'NONE', #3663, #5562 ) ;
#2315 = CYLINDRICAL_SURFACE ( 'NONE', #2649, 2.000000000000000000 ) ;
#2316 = CARTESIAN_POINT ( 'NONE',  ( 50.52943725152280052, 7.000000000000000000, 0.000000000000000000 ) ) ;
#2317 = EDGE_LOOP ( 'NONE', ( #5167, #2420, #1684, #1898 ) ) ;
#2318 = CARTESIAN_POINT ( 'NONE',  ( -9.750000000000005329, 0.000000000000000000, 3.000000000000002665 ) ) ;
#2319 = VERTEX_POINT ( 'NONE', #1164 ) ;
#2320 = EDGE_CURVE ( 'NONE', #5657, #2083, #1623, .T. ) ;
#2321 = EDGE_CURVE ( 'NONE', #216, #5210, #3156, .T. ) ;
#2322 = CARTESIAN_POINT ( 'NONE',  ( -7.125000000000006217, 0.6498393924658090182, -2.000000000000002220 ) ) ;
#2323 = EDGE_CURVE ( 'NONE', #4193, #4744, #774, .T. ) ;
#2324 = DIRECTION ( 'NONE',  ( 0.000000000000000000, 0.000000000000000000, 1.000000000000000000 ) ) ;
#2325 = CARTESIAN_POINT ( 'NONE',  ( 3.237841569399111830, -1.439518050658897375, 3.356549519670510406 ) ) ;
#2326 = EDGE_CURVE ( 'NONE', #2230, #25, #4426, .T. ) ;
#2327 = CARTESIAN_POINT ( 'NONE',  ( 2.062313002879220925, 0.03418156684761069347, 3.503679491924311051 ) ) ;
#2328 = LINE ( 'NONE', #2821, #5133 ) ;
#2329 = CARTESIAN_POINT ( 'NONE',  ( -7.625000000000007105, 2.551952425056123186, 1.854101966249681155 ) ) ;
#2330 = CARTESIAN_POINT ( 'NONE',  ( -0.3431457505076260794, 0.000000000000000000, -2.000000000000000000 ) ) ;
#2331 = CARTESIAN_POINT ( 'NONE',  ( -7.875000000000007105, -2.102924448476535702, 0.000000000000000000 ) ) ;
#2332 = ORIENTED_EDGE ( 'NONE', *, *, #5598, .F. ) ;
#2333 = CARTESIAN_POINT ( 'NONE',  ( 238.2500000000000284, 0.000000000000000000, 2.000000000000001776 ) ) ;
#2334 = ORIENTED_EDGE ( 'NONE', *, *, #5108, .F. ) ;
#2335 = CARTESIAN_POINT ( 'NONE',  ( 235.1250000000000000, -3.154386672714803996, 0.000000000000000000 ) ) ;
#2336 = CARTESIAN_POINT ( 'NONE',  ( 233.7500000000000000, -1.902113032590309283, 0.6180339887499053386 ) ) ;
#2337 = CARTESIAN_POINT ( 'NONE',  ( 225.0000000000000000, 1.500000000000000000, 5.773502691896260863 ) ) ;
#2338 = VERTEX_POINT ( 'NONE', #5510 ) ;
#2339 = CARTESIAN_POINT ( 'NONE',  ( 233.1250000000000000, -2.551952425056123186, -1.854101966249681155 ) ) ;
#2340 = CARTESIAN_POINT ( 'NONE',  ( 3.142990511410849397, 1.739325089662735468, 2.886751345948129543 ) ) ;
#2341 = DIRECTION ( 'NONE',  ( 0.000000000000000000, 0.000000000000000000, -1.000000000000000000 ) ) ;
#2342 = CARTESIAN_POINT ( 'NONE',  ( 146.5294372515226655, 14.99999999999981171, 0.000000000000000000 ) ) ;
#2343 = VERTEX_POINT ( 'NONE', #4678 ) ;
#2344 = FACE_OUTER_BOUND ( 'NONE', #2635, .T. ) ;
#2345 = DIRECTION ( 'NONE',  ( 0.000000000000000000, 0.000000000000000000, 1.000000000000000000 ) ) ;
#2346 = EDGE_LOOP ( 'NONE', ( #1261, #547 ) ) ;
#2347 = ORIENTED_EDGE ( 'NONE', *, *, #1686, .T. ) ;
#2348 = CARTESIAN_POINT ( 'NONE',  ( 237.2500000000000284, 1.175570504584944054, -1.618033988749906227 ) ) ;
#2349 = CARTESIAN_POINT ( 'NONE',  ( -8.750000000000005329, 1.175570504584944054, 1.618033988749892238 ) ) ;
#2350 = CARTESIAN_POINT ( 'NONE',  ( 4.222359832629448917, -1.001188004939081777, 3.356549519670509074 ) ) ;
#2351 = CARTESIAN_POINT ( 'NONE',  ( 238.2500000000000284, 0.000000000000000000, 0.000000000000000000 ) ) ;
#2352 = ADVANCED_FACE ( 'NONE', ( #339 ), #5080, .F. ) ;
#2353 = DIRECTION ( 'NONE',  ( 1.000000000000000000, 0.000000000000000000, 0.000000000000000000 ) ) ;
#2354 = EDGE_CURVE ( 'NONE', #216, #5046, #3803, .T. ) ;
#2355 = DIRECTION ( 'NONE',  ( 0.000000000000000000, 0.000000000000000000, 1.000000000000000000 ) ) ;
#2356 = CARTESIAN_POINT ( 'NONE',  ( 4.123256356281014057, -1.720862217467212130, 3.048479572105208923 ) ) ;
#2357 = B_SPLINE_SURFACE_WITH_KNOTS ( 'NONE', 3, 1, ( 
 ( #1194, #762 ),
 ( #2490, #3856 ),
 ( #2976, #369 ),
 ( #2518, #254 ),
 ( #4254, #2952 ),
 ( #3344, #3004 ),
 ( #3750, #3779 ),
 ( #3400, #4706 ),
 ( #708, #3802 ),
 ( #1996, #282 ),
 ( #4282, #1597 ) ),
 .UNSPECIFIED., .F., .F., .F.,
 ( 4, 1, 1, 1, 1, 1, 1, 1, 4 ),
 ( 2, 2 ),
 ( 0.000000000000000000, 0.1353590197118465788, 0.2663072925973022365, 0.3931086749179774076, 0.5171602493895386399, 0.6388028261053848578, 0.7589768269324724814, 0.8788979660069450306, 1.000000000000000000 ),
 ( 0.000000000000000000, 1.000000000000000000 ),
 .UNSPECIFIED. ) ;
#2358 = CARTESIAN_POINT ( 'NONE',  ( -8.750000000000014211, -2.853169548885460483, -0.9270509831248441301 ) ) ;
#2359 = CARTESIAN_POINT ( 'NONE',  ( 236.0000000000000284, -1.175570504584944054, 1.618033988749906227 ) ) ;
#2360 = VERTEX_POINT ( 'NONE', #4707 ) ;
#2361 = ORIENTED_EDGE ( 'NONE', *, *, #5557, .F. ) ;
#2362 = DIRECTION ( 'NONE',  ( 0.000000000000000000, 1.000000000000000000, 0.000000000000000000 ) ) ;
#2363 = CIRCLE ( 'NONE', #161, 8.500000000000000000 ) ;
#2364 = VERTEX_POINT ( 'NONE', #2050 ) ;
#2365 = CYLINDRICAL_SURFACE ( 'NONE', #1625, 3.499999999999996003 ) ;
#2366 = CARTESIAN_POINT ( 'NONE',  ( 232.6250000000000000, 1.701301616704077091, -1.236067977499787141 ) ) ;
#2367 = CARTESIAN_POINT ( 'NONE',  ( 7.913166887680227468, 1.664498793564392010, 3.886751345948129543 ) ) ;
#2368 = LINE ( 'NONE', #1991, #5367 ) ;
#2369 = ORIENTED_EDGE ( 'NONE', *, *, #1183, .F. ) ;
#2370 = AXIS2_PLACEMENT_3D ( 'NONE', #1763, #4017, #65 ) ;
#2371 = CARTESIAN_POINT ( 'NONE',  ( 233.1250000000000000, -0.9747590886987209657, -2.999999999999992450 ) ) ;
#2372 = DIRECTION ( 'NONE',  ( 1.000000000000000000, -0.000000000000000000, -0.000000000000000000 ) ) ;
#2373 = CARTESIAN_POINT ( 'NONE',  ( 2.362302822118135914, 0.8850582092066512363, 3.386247475645558502 ) ) ;
#2374 = CARTESIAN_POINT ( 'NONE',  ( 232.7500000000000000, 0.000000000000000000, 2.500000000000002220 ) ) ;
#2375 = AXIS2_PLACEMENT_3D ( 'NONE', #1373, #52, #4368 ) ;
#2376 = CARTESIAN_POINT ( 'NONE',  ( 2.931447008159666634, 1.244148692153448810, 2.886751345948128655 ) ) ;
#2377 = AXIS2_PLACEMENT_3D ( 'NONE', #4976, #1919, #2384 ) ;
#2378 = CARTESIAN_POINT ( 'NONE',  ( 188.5294372515236887, -2.999999999999999112, 0.000000000000000000 ) ) ;
#2379 = ORIENTED_EDGE ( 'NONE', *, *, #1132, .F. ) ;
#2380 = ORIENTED_EDGE ( 'NONE', *, *, #4099, .T. ) ;
#2381 = EDGE_CURVE ( 'NONE', #3509, #3503, #1330, .T. ) ;
#2382 = CARTESIAN_POINT ( 'NONE',  ( 238.0000000000000284, 1.175570504584944054, 1.618033988749906227 ) ) ;
#2383 = CARTESIAN_POINT ( 'NONE',  ( -10.12500000000000888, -1.701301616704077091, -1.236067977499787141 ) ) ;
#2384 = DIRECTION ( 'NONE',  ( 0.000000000000000000, 0.8660254037844384856, -0.5000000000000002220 ) ) ;
#2385 = DIRECTION ( 'NONE',  ( 1.000000000000000000, -0.000000000000000000, -0.000000000000000000 ) ) ;
#2386 = AXIS2_PLACEMENT_3D ( 'NONE', #3867, #1603, #5084 ) ;
#2387 = CIRCLE ( 'NONE', #4571, 2.000000000000000000 ) ;
#2388 = B_SPLINE_CURVE_WITH_KNOTS ( 'NONE', 3,
 ( #2886, #1585, #2478, #3332, #5069, #1152, #210, #3277 ),
 .UNSPECIFIED., .F., .F.,
 ( 4, 2, 2, 4 ),
 ( 8.940560153363745023E-19, 0.0001573992780950387660, 0.0003147985561900766105, 0.0006295971123801526789 ),
 .UNSPECIFIED. ) ;
#2389 = FACE_OUTER_BOUND ( 'NONE', #2710, .T. ) ;
#2390 = ORIENTED_EDGE ( 'NONE', *, *, #4622, .T. ) ;
#2391 = CARTESIAN_POINT ( 'NONE',  ( 118.0147186257612617, -6.485281374238538454, 0.000000000000000000 ) ) ;
#2392 = CARTESIAN_POINT ( 'NONE',  ( 2.674982538325666681, 1.681838223318847358, 2.886751345948129543 ) ) ;
#2393 = CARTESIAN_POINT ( 'NONE',  ( 231.6249999999999716, -2.102924448476535702, 0.000000000000000000 ) ) ;
#2394 = ORIENTED_EDGE ( 'NONE', *, *, #4969, .F. ) ;
#2395 = EDGE_LOOP ( 'NONE', ( #4179, #434, #2556, #2623 ) ) ;
#2396 = DIRECTION ( 'NONE',  ( 1.000000000000000000, -0.000000000000000000, -0.000000000000000000 ) ) ;
#2397 = ADVANCED_FACE ( 'NONE', ( #2110 ), #1148, .T. ) ;
#2398 = ADVANCED_FACE ( 'NONE', ( #2953 ), #764, .T. ) ;
#2399 = EDGE_CURVE ( 'NONE', #5431, #4018, #4255, .T. ) ;
#2400 = DIRECTION ( 'NONE',  ( 1.000000000000000000, 0.000000000000000000, 0.000000000000000000 ) ) ;
#2401 = CARTESIAN_POINT ( 'NONE',  ( 232.6250000000000000, -3.154386672714803996, 0.000000000000000000 ) ) ;
#2402 = PLANE ( 'NONE',  #2186 ) ;
#2403 = DIRECTION ( 'NONE',  ( 0.000000000000000000, 0.000000000000000000, -1.000000000000000000 ) ) ;
#2404 = VERTEX_POINT ( 'NONE', #5136 ) ;
#2405 = CYLINDRICAL_SURFACE ( 'NONE', #1304, 3.500000000000000000 ) ;
#2406 = CARTESIAN_POINT ( 'NONE',  ( 0.000000000000000000, 1.664498793564392010, 3.078870534176889606 ) ) ;
#2407 = CARTESIAN_POINT ( 'NONE',  ( 4.222359832629448917, -1.001188004939081777, 3.353747542491250400 ) ) ;
#2408 = DIRECTION ( 'NONE',  ( -1.000000000000000000, 0.000000000000000000, 0.000000000000000000 ) ) ;
#2409 = AXIS2_PLACEMENT_3D ( 'NONE', #3777, #5506, #1596 ) ;
#2410 = DIRECTION ( 'NONE',  ( 1.000000000000000000, 8.425591134430620021E-16, 0.000000000000000000 ) ) ;
#2411 = CARTESIAN_POINT ( 'NONE',  ( 237.7500000000000284, 0.000000000000000000, 2.500000000000002220 ) ) ;
#2412 = VERTEX_POINT ( 'NONE', #3005 ) ;
#2413 = ORIENTED_EDGE ( 'NONE', *, *, #1193, .F. ) ;
#2414 = DIRECTION ( 'NONE',  ( -0.7071067811865470176, 0.7071067811865481278, 0.000000000000000000 ) ) ;
#2415 = B_SPLINE_SURFACE_WITH_KNOTS ( 'NONE', 3, 1, ( 
 ( #4356, #1299 ),
 ( #2892, #1669 ),
 ( #5262, #5346 ),
 ( #4012, #2213 ),
 ( #1438, #4487 ),
 ( #496, #5377 ),
 ( #3181, #5295 ),
 ( #4383, #970 ),
 ( #2327, #1388 ),
 ( #580, #4913 ),
 ( #3960, #1806 ) ),
 .UNSPECIFIED., .F., .F., .F.,
 ( 4, 1, 1, 1, 1, 1, 1, 1, 4 ),
 ( 2, 2 ),
 ( 0.000000000000000000, 0.1129240428791775802, 0.2273952889092069329, 0.3443038584737733721, 0.4644501958581626622, 0.5900453126076133925, 0.7199519201493760345, 0.8567339530114623791, 1.000000000000000000 ),
 ( 0.000000000000000000, 1.000000000000000000 ),
 .UNSPECIFIED. ) ;
#2416 = CARTESIAN_POINT ( 'NONE',  ( -11.87500000000001421, -0.9747590886987209657, 2.999999999999999556 ) ) ;
#2417 = CARTESIAN_POINT ( 'NONE',  ( 3.756026242059186782, -1.333547429667386597, 2.886751345948129543 ) ) ;
#2418 = CARTESIAN_POINT ( 'NONE',  ( 4.222359832629448917, -1.001188004939081777, 3.886751345948129543 ) ) ;
#2419 = LINE ( 'NONE', #4090, #5043 ) ;
#2420 = ORIENTED_EDGE ( 'NONE', *, *, #5625, .T. ) ;
#2421 = CARTESIAN_POINT ( 'NONE',  ( 3.526069003959982684, 1.220175888437518896, 3.280481971654564788 ) ) ;
#2422 = CARTESIAN_POINT ( 'NONE',  ( 4.416835902150250348, -1.529396826935235598, 3.148408257233344276 ) ) ;
#2423 = CARTESIAN_POINT ( 'NONE',  ( 231.1250000000000000, -0.6498393924658163456, 1.999999999999994893 ) ) ;
#2424 = ORIENTED_EDGE ( 'NONE', *, *, #3692, .T. ) ;
#2425 = EDGE_LOOP ( 'NONE', ( #2280, #4709, #634, #5486, #5297 ) ) ;
#2426 = CARTESIAN_POINT ( 'NONE',  ( 233.8750000000000284, -1.701301616704077535, 1.236067977499787363 ) ) ;
#2427 = DIRECTION ( 'NONE',  ( 0.000000000000000000, 0.000000000000000000, 1.000000000000000000 ) ) ;
#2428 = CARTESIAN_POINT ( 'NONE',  ( 2.062452210371814143, 1.658151697545018344E-14, 3.500000000000000000 ) ) ;
#2429 = EDGE_CURVE ( 'NONE', #4895, #5467, #1221, .T. ) ;
#2430 = CARTESIAN_POINT ( 'NONE',  ( -12.87500000000001421, -1.701301616704077535, 1.236067977499787363 ) ) ;
#2431 = ORIENTED_EDGE ( 'NONE', *, *, #1655, .T. ) ;
#2432 = AXIS2_PLACEMENT_3D ( 'NONE', #1775, #2639, #3500 ) ;
#2433 = DIRECTION ( 'NONE',  ( 0.000000000000000000, 0.000000000000000000, -1.000000000000000000 ) ) ;
#2434 = EDGE_CURVE ( 'NONE', #3685, #2869, #2240, .T. ) ;
#2435 = DIRECTION ( 'NONE',  ( 1.000000000000000000, 0.000000000000000000, 0.000000000000000000 ) ) ;
#2436 = CARTESIAN_POINT ( 'NONE',  ( 0.000000000000000000, 0.000000000000000000, 0.000000000000000000 ) ) ;
#2437 = CARTESIAN_POINT ( 'NONE',  ( 2.343688331866913277, 1.549978816780049007, 2.886751345948129543 ) ) ;
#2438 = CARTESIAN_POINT ( 'NONE',  ( 2.388237603467338044, 0.9154188696873954978, 2.886751345948129543 ) ) ;
#2439 = DIRECTION ( 'NONE',  ( 0.000000000000000000, 0.8660254037844384856, -0.5000000000000002220 ) ) ;
#2440 = VERTEX_POINT ( 'NONE', #3320 ) ;
#2441 = ORIENTED_EDGE ( 'NONE', *, *, #2129, .T. ) ;
#2442 = ORIENTED_EDGE ( 'NONE', *, *, #5181, .T. ) ;
#2443 = DIRECTION ( 'NONE',  ( 0.000000000000000000, -1.000000000000000000, -0.000000000000000000 ) ) ;
#2444 = DIRECTION ( 'NONE',  ( -1.000000000000000000, 0.000000000000000000, 0.000000000000000000 ) ) ;
#2445 = CARTESIAN_POINT ( 'NONE',  ( 3.622764585234313106, -1.381563091360421769, 3.356549519670509518 ) ) ;
#2446 =( BOUNDED_CURVE ( )  B_SPLINE_CURVE ( 2, ( #1822, #3574, #3526, #874, #1850, #4898, #5309, #3973, #455, #4340, #5275 ),
 .UNSPECIFIED., .F., .F. ) 
 B_SPLINE_CURVE_WITH_KNOTS ( ( 3, 2, 2, 2, 2, 3 ),
 ( 0.000000000000000000, 0.05000000000000004441, 0.1000000000000000888, 0.1500000000000001332, 0.2000000000000001776, 0.2500000000000002220 ),
 .UNSPECIFIED. ) 
 CURVE ( )  GEOMETRIC_REPRESENTATION_ITEM ( )  RATIONAL_B_SPLINE_CURVE ( ( 1.000000000000000000, 0.9510565162951535312, 1.000000000000000000, 0.9510565162951535312, 1.000000000000000000, 0.9510565162951535312, 1.000000000000000000, 0.9510565162951535312, 1.000000000000000000, 0.9510565162951533091, 1.000000000000000222 ) ) 
 REPRESENTATION_ITEM ( '' )  );
#2447 = DIRECTION ( 'NONE',  ( 0.000000000000000000, -0.8660254037844382635, -0.5000000000000004441 ) ) ;
#2448 = ORIENTED_EDGE ( 'NONE', *, *, #3765, .F. ) ;
#2449 = DIRECTION ( 'NONE',  ( 0.7071067811865503483, 0.000000000000000000, -0.7071067811865446862 ) ) ;
#2450 = AXIS2_PLACEMENT_3D ( 'NONE', #3418, #1296, #3048 ) ;
#2451 = CARTESIAN_POINT ( 'NONE',  ( 48.47056274847710711, 6.999999999999999112, -4.286263797015736595E-16 ) ) ;
#2452 = CARTESIAN_POINT ( 'NONE',  ( 199.4895923599152070, -13.96015510839145080, 4.286263797015736595E-16 ) ) ;
#2453 = EDGE_LOOP ( 'NONE', ( #2550, #3252, #928, #5061 ) ) ;
#2454 = EDGE_CURVE ( 'NONE', #5140, #446, #5434, .T. ) ;
#2455 = CARTESIAN_POINT ( 'NONE',  ( 234.7500000000000000, 0.000000000000000000, -2.000000000000001776 ) ) ;
#2456 = AXIS2_PLACEMENT_3D ( 'NONE', #3909, #1820, #3036 ) ;
#2457 = CARTESIAN_POINT ( 'NONE',  ( 3.078895509270433983, -1.925416556075238539, 2.886751345948129543 ) ) ;
#2458 = CARTESIAN_POINT ( 'NONE',  ( -12.25000000000001421, -1.175570504584944054, -1.618033988749892238 ) ) ;
#2459 = EDGE_LOOP ( 'NONE', ( #4501, #3891 ) ) ;
#2460 = AXIS2_PLACEMENT_3D ( 'NONE', #1568, #1106, #2802 ) ;
#2461 = CARTESIAN_POINT ( 'NONE',  ( -13.25000000000001599, 0.000000000000000000, 0.000000000000000000 ) ) ;
#2462 = CARTESIAN_POINT ( 'NONE',  ( 235.3749999999999716, -3.154386672714803996, 0.000000000000000000 ) ) ;
#2463 = EDGE_CURVE ( 'NONE', #2907, #1602, #1141, .T. ) ;
#2464 = CARTESIAN_POINT ( 'NONE',  ( -0.3431457505076260794, -2.449293598294705921E-16, 2.000000000000000000 ) ) ;
#2465 = CARTESIAN_POINT ( 'NONE',  ( 5.636576828888136603, 0.2184806214639111455, 3.493174232420241943 ) ) ;
#2466 = CARTESIAN_POINT ( 'NONE',  ( 2.716661019639273089, 1.172764081842542661, 2.886751345948130876 ) ) ;
#2467 = VECTOR ( 'NONE', #4334, 1000.000000000000000 ) ;
#2468 = CARTESIAN_POINT ( 'NONE',  ( 226.0000000000000000, 2.500000000000000000, 3.773502691896260419 ) ) ;
#2469 = ORIENTED_EDGE ( 'NONE', *, *, #4411, .T. ) ;
#2470 = CYLINDRICAL_SURFACE ( 'NONE', #4839, 3.499999999999997335 ) ;
#2471 = CARTESIAN_POINT ( 'NONE',  ( 4.414453700785160528, -1.306600404967350526, 3.250967007347280724 ) ) ;
#2472 = AXIS2_PLACEMENT_3D ( 'NONE', #3065, #1426, #4421 ) ;
#2473 = CARTESIAN_POINT ( 'NONE',  ( 135.9852813742382409, 11.48528137423857132, 0.000000000000000000 ) ) ;
#2474 = AXIS2_PLACEMENT_3D ( 'NONE', #1515, #987, #3259 ) ;
#2475 = DIRECTION ( 'NONE',  ( 0.000000000000000000, 0.000000000000000000, 1.000000000000000000 ) ) ;
#2476 = CARTESIAN_POINT ( 'NONE',  ( 234.3750000000000000, -0.6498393924658090182, -1.999999999999994893 ) ) ;
#2477 = CARTESIAN_POINT ( 'NONE',  ( 235.8750000000000284, 0.9747590886987209657, -2.999999999999992450 ) ) ;
#2478 = CARTESIAN_POINT ( 'NONE',  ( 4.043906210215229002, 1.519211806958349342, 3.153229598410838275 ) ) ;
#2479 = UNCERTAINTY_MEASURE_WITH_UNIT (LENGTH_MEASURE( 1.000000000000000082E-05 ), #1008, 'distance_accuracy_value', 'NONE');
#2480 = CARTESIAN_POINT ( 'NONE',  ( 2.120949475566050513, 1.401147986249747568, 2.886751345948129543 ) ) ;
#2481 = VECTOR ( 'NONE', #3103, 1000.000000000000114 ) ;
#2482 = CARTESIAN_POINT ( 'NONE',  ( 4.083412652024176914, 0.8627144597341676047, 3.403808316876165918 ) ) ;
#2483 = VERTEX_POINT ( 'NONE', #2465 ) ;
#2484 = CARTESIAN_POINT ( 'NONE',  ( 233.6249999999999716, -0.6498393924658115717, 1.999999999999999112 ) ) ;
#2485 = CIRCLE ( 'NONE', #1746, 4.500000000000000888 ) ;
#2486 = CARTESIAN_POINT ( 'NONE',  ( 0.000000000000000000, 0.2184806214639111455, 3.493174232420241943 ) ) ;
#2487 = FACE_OUTER_BOUND ( 'NONE', #5278, .T. ) ;
#2488 = ORIENTED_EDGE ( 'NONE', *, *, #73, .T. ) ;
#2489 = DIRECTION ( 'NONE',  ( 1.000000000000000000, 0.000000000000000000, 0.000000000000000000 ) ) ;
#2490 = CARTESIAN_POINT ( 'NONE',  ( 1.451765244524112264, -0.04730467515156169117, 3.503679491924310607 ) ) ;
#2491 = CARTESIAN_POINT ( 'NONE',  ( -1.000000000000000000, 0.5000000000000000000, 0.000000000000000000 ) ) ;
#2492 = CARTESIAN_POINT ( 'NONE',  ( 232.7500000000000000, 1.902113032590309283, -0.6180339887499053386 ) ) ;
#2493 = CARTESIAN_POINT ( 'NONE',  ( 4.115108808221823899, 0.8276913821979213770, 2.886751345948129543 ) ) ;
#2494 = VERTEX_POINT ( 'NONE', #4200 ) ;
#2495 = VECTOR ( 'NONE', #726, 1000.000000000000000 ) ;
#2496 = CARTESIAN_POINT ( 'NONE',  ( -10.37500000000001421, 2.551952425056123186, -1.854101966249688260 ) ) ;
#2497 = CIRCLE ( 'NONE', #2591, 11.49999999999897682 ) ;
#2498 = DIRECTION ( 'NONE',  ( 1.000000000000000000, 0.000000000000000000, 0.000000000000000000 ) ) ;
#2499 = LINE ( 'NONE', #1293, #5576 ) ;
#2500 = CARTESIAN_POINT ( 'NONE',  ( 237.3750000000000000, 1.701301616704077091, -1.236067977499787141 ) ) ;
#2501 = EDGE_CURVE ( 'NONE', #5210, #3483, #2023, .T. ) ;
#2502 = AXIS2_PLACEMENT_3D ( 'NONE', #3079, #810, #4724 ) ;
#2503 = ADVANCED_FACE ( 'NONE', ( #1399 ), #454, .T. ) ;
#2504 = ORIENTED_EDGE ( 'NONE', *, *, #472, .F. ) ;
#2505 = ADVANCED_FACE ( 'NONE', ( #4445 ), #2196, .T. ) ;
#2506 = CARTESIAN_POINT ( 'NONE',  ( 235.0000000000000284, -2.853169548885460483, 0.9270509831248441301 ) ) ;
#2507 = DIRECTION ( 'NONE',  ( 0.000000000000000000, 0.000000000000000000, -1.000000000000000000 ) ) ;
#2508 = EDGE_CURVE ( 'NONE', #3199, #2364, #1708, .T. ) ;
#2509 = ADVANCED_FACE ( 'NONE', ( #5249 ), #3573, .T. ) ;
#2510 = CARTESIAN_POINT ( 'NONE',  ( 233.5000000000000000, 0.000000000000000000, 2.000000000000001776 ) ) ;
#2511 = CARTESIAN_POINT ( 'NONE',  ( 3.167932610110297365, 1.265425214373228968, 3.403808316876165030 ) ) ;
#2512 = ORIENTED_EDGE ( 'NONE', *, *, #3791, .F. ) ;
#2513 = CARTESIAN_POINT ( 'NONE',  ( -10.37500000000000711, 3.154386672714803996, 0.000000000000000000 ) ) ;
#2514 = CARTESIAN_POINT ( 'NONE',  ( 1.892355976272852347, -1.386318568082182123, 2.886751345948129988 ) ) ;
#2515 = CARTESIAN_POINT ( 'NONE',  ( 157.4895923599139849, 13.96015510839169593, 0.000000000000000000 ) ) ;
#2516 = VERTEX_POINT ( 'NONE', #5274 ) ;
#2517 = FACE_OUTER_BOUND ( 'NONE', #4941, .T. ) ;
#2518 = CARTESIAN_POINT ( 'NONE',  ( 1.473944353606746249, 0.2456539760260554595, 3.503679491924308831 ) ) ;
#2519 = DIRECTION ( 'NONE',  ( 0.7071067811865445751, 0.7071067811865504593, 0.000000000000000000 ) ) ;
#2520 = CARTESIAN_POINT ( 'NONE',  ( 235.5000000000000284, -1.763355756877416081, -2.427050983124845462 ) ) ;
#2521 = VECTOR ( 'NONE', #5257, 1000.000000000000000 ) ;
#2522 = CARTESIAN_POINT ( 'NONE',  ( 3.141233887731000873, -1.439396638402533624, 2.886751345948129543 ) ) ;
#2523 = ORIENTED_EDGE ( 'NONE', *, *, #31, .T. ) ;
#2524 = DIRECTION ( 'NONE',  ( -0.000000000000000000, 1.000000000000000000, 0.000000000000000000 ) ) ;
#2525 = DIRECTION ( 'NONE',  ( 0.000000000000000000, 1.000000000000000000, 0.000000000000000000 ) ) ;
#2526 = CARTESIAN_POINT ( 'NONE',  ( -8.625000000000007105, -0.9747590886987209657, -2.999999999999999556 ) ) ;
#2527 = CARTESIAN_POINT ( 'NONE',  ( -12.00000000000001421, 0.000000000000000000, 3.000000000000002665 ) ) ;
#2528 = CARTESIAN_POINT ( 'NONE',  ( 237.6250000000000284, 2.102924448476536590, 0.000000000000000000 ) ) ;
#2529 = DIRECTION ( 'NONE',  ( 0.7071067811865447972, 0.7071067811865502373, 0.000000000000000000 ) ) ;
#2530 = DIRECTION ( 'NONE',  ( -0.7071067811865456854, 0.7071067811865493491, 0.000000000000000000 ) ) ;
#2531 = PRODUCT_DEFINITION_CONTEXT ( 'detailed design', #2132, 'design' ) ;
#2532 = EDGE_CURVE ( 'NONE', #318, #5354, #4339, .T. ) ;
#2533 = LINE ( 'NONE', #1668, #1365 ) ;
#2534 = DIRECTION ( 'NONE',  ( 1.000000000000000000, 0.000000000000000000, 0.000000000000000000 ) ) ;
#2535 = EDGE_LOOP ( 'NONE', ( #3922, #2046, #3435, #4819, #4699 ) ) ;
#2536 = EDGE_CURVE ( 'NONE', #25, #865, #1189, .T. ) ;
#2537 = EDGE_LOOP ( 'NONE', ( #1357, #1685, #514, #2754 ) ) ;
#2538 = CARTESIAN_POINT ( 'NONE',  ( 2.061314110925268839, -0.2402701578095996493, 2.886751345948129099 ) ) ;
#2539 = CARTESIAN_POINT ( 'NONE',  ( 2.211289146410536866, -1.661635345532122887, 2.886751345948129543 ) ) ;
#2540 = CARTESIAN_POINT ( 'NONE',  ( 213.4705627484779313, 0.000000000000000000, -3.500000000000000000 ) ) ;
#2541 = ORIENTED_EDGE ( 'NONE', *, *, #5045, .F. ) ;
#2542 = CARTESIAN_POINT ( 'NONE',  ( 28.52943725152283250, -6.999999999999999112, 0.000000000000000000 ) ) ;
#2543 = AXIS2_PLACEMENT_3D ( 'NONE', #930, #484, #872 ) ;
#2544 = CARTESIAN_POINT ( 'NONE',  ( 4.073048745541228755, -1.744726945847460797, 2.886751345948128655 ) ) ;
#2545 = DIRECTION ( 'NONE',  ( -1.000000000000000000, 0.000000000000000000, 0.000000000000000000 ) ) ;
#2546 = LINE ( 'NONE', #315, #4929 ) ;
#2547 = VECTOR ( 'NONE', #353, 1000.000000000000000 ) ;
#2548 = DIRECTION ( 'NONE',  ( 0.000000000000000000, 0.000000000000000000, 1.000000000000000000 ) ) ;
#2549 = VERTEX_POINT ( 'NONE', #21 ) ;
#2550 = ORIENTED_EDGE ( 'NONE', *, *, #1002, .F. ) ;
#2551 = CARTESIAN_POINT ( 'NONE',  ( 3.952985166675414774, 1.566601056169059980, 3.129818066726880232 ) ) ;
#2552 = CIRCLE ( 'NONE', #2085, 3.500000000000000000 ) ;
#2553 = CARTESIAN_POINT ( 'NONE',  ( 28.52943725152283250, -6.999999999999999112, 0.000000000000000000 ) ) ;
#2554 = CARTESIAN_POINT ( 'NONE',  ( -10.75000000000000533, 1.763355756877416081, -2.427050983124845462 ) ) ;
#2555 = DIRECTION ( 'NONE',  ( -1.000000000000000000, 0.000000000000000000, 0.000000000000000000 ) ) ;
#2556 = ORIENTED_EDGE ( 'NONE', *, *, #1483, .T. ) ;
#2557 = CIRCLE ( 'NONE', #80, 3.500000000000000000 ) ;
#2558 = ORIENTED_EDGE ( 'NONE', *, *, #1309, .F. ) ;
#2559 = DIRECTION ( 'NONE',  ( 0.000000000000000000, 0.000000000000000000, 1.000000000000000000 ) ) ;
#2560 = AXIS2_PLACEMENT_3D ( 'NONE', #1154, #270, #4614 ) ;
#2561 = FACE_OUTER_BOUND ( 'NONE', #4448, .T. ) ;
#2562 = B_SPLINE_CURVE_WITH_KNOTS ( 'NONE', 3,
 ( #4460, #2676, #4407, #3536, #2763, #61, #551, #2298, #3613, #120, #1865 ),
 .UNSPECIFIED., .F., .F.,
 ( 4, 1, 1, 1, 1, 1, 1, 1, 4 ),
 ( 0.000000000000000000, 0.1129240428791775802, 0.2273952889092069329, 0.3443038584737733721, 0.4644501958581626622, 0.5900453126076133925, 0.7199519201493760345, 0.8567339530114623791, 1.000000000000000000 ),
 .UNSPECIFIED. ) ;
#2563 = CARTESIAN_POINT ( 'NONE',  ( 180.4601551083923141, -9.010407640085780656, 0.000000000000000000 ) ) ;
#2564 = CARTESIAN_POINT ( 'NONE',  ( 3.180417566017212483, 1.738896737547856564, 2.886751345948129543 ) ) ;
#2565 = CARTESIAN_POINT ( 'NONE',  ( 236.5000000000000284, 2.853169548885460483, -0.9270509831248441301 ) ) ;
#2566 = AXIS2_PLACEMENT_3D ( 'NONE', #1909, #3696, #4599 ) ;
#2567 = ORIENTED_EDGE ( 'NONE', *, *, #4464, .T. ) ;
#2568 = CARTESIAN_POINT ( 'NONE',  ( -10.75000000000000533, 1.763355756877416081, -2.427050983124845462 ) ) ;
#2569 = CARTESIAN_POINT ( 'NONE',  ( 236.8750000000000284, 2.551952425056123186, 1.854101966249681155 ) ) ;
#2570 = VECTOR ( 'NONE', #5260, 1000.000000000000000 ) ;
#2571 = CARTESIAN_POINT ( 'NONE',  ( 2.445703272263353156, -1.787074294922101902, 3.225519225871963158 ) ) ;
#2572 = DIRECTION ( 'NONE',  ( 1.000000000000000000, 4.212795567215565404E-16, 0.000000000000000000 ) ) ;
#2573 = VERTEX_POINT ( 'NONE', #851 ) ;
#2574 = EDGE_CURVE ( 'NONE', #3228, #1407, #3911, .T. ) ;
#2575 = TOROIDAL_SURFACE ( 'NONE', #185, 7.999999999998975042, 3.500000000000000000 ) ;
#2576 = EDGE_CURVE ( 'NONE', #5046, #3795, #4815, .T. ) ;
#2577 = AXIS2_PLACEMENT_3D ( 'NONE', #1239, #414, #3021 ) ;
#2578 = PLANE ( 'NONE',  #5497 ) ;
#2579 = ORIENTED_EDGE ( 'NONE', *, *, #4622, .F. ) ;
#2580 = CARTESIAN_POINT ( 'NONE',  ( 3.559908321794182928, -1.899847613654564782, 2.886751345948130432 ) ) ;
#2581 = DIRECTION ( 'NONE',  ( 1.000000000000000000, 0.000000000000000000, 0.000000000000000000 ) ) ;
#2582 = CARTESIAN_POINT ( 'NONE',  ( 233.8750000000000284, 3.154386672714803996, 0.000000000000000000 ) ) ;
#2583 = CARTESIAN_POINT ( 'NONE',  ( 1.859095980856778407, 1.137596958538559022, 2.886751345948129543 ) ) ;
#2584 = ORIENTED_EDGE ( 'NONE', *, *, #295, .T. ) ;
#2585 = CARTESIAN_POINT ( 'NONE',  ( 75.47056274847707869, 13.50000000000000533, 0.000000000000000000 ) ) ;
#2586 = LINE ( 'NONE', #3785, #75 ) ;
#2587 = CARTESIAN_POINT ( 'NONE',  ( -10.12500000000000711, 2.551952425056123186, 1.854101966249681155 ) ) ;
#2588 = CARTESIAN_POINT ( 'NONE',  ( 5.076626713085535592, -1.847348703317845509, 2.972760126271521752 ) ) ;
#2589 = ORIENTED_EDGE ( 'NONE', *, *, #3489, .T. ) ;
#2590 = CARTESIAN_POINT ( 'NONE',  ( 77.52943725152275078, 10.00000000000000355, 0.000000000000000000 ) ) ;
#2591 = AXIS2_PLACEMENT_3D ( 'NONE', #3474, #5204, #3385 ) ;
#2592 = CARTESIAN_POINT ( 'NONE',  ( -12.75000000000001066, 0.000000000000000000, 2.500000000000002220 ) ) ;
#2593 = CARTESIAN_POINT ( 'NONE',  ( 135.9852813742382409, 11.48528137423857132, 0.000000000000000000 ) ) ;
#2594 = ORIENTED_EDGE ( 'NONE', *, *, #4690, .T. ) ;
#2595 = CARTESIAN_POINT ( 'NONE',  ( 3.254323290286619041, 1.738050887570469660, 2.886751345948129099 ) ) ;
#2596 = ORIENTED_EDGE ( 'NONE', *, *, #293, .T. ) ;
#2597 = AXIS2_PLACEMENT_3D ( 'NONE', #5588, #1247, #69 ) ;
#2598 = LINE ( 'NONE', #62, #4190 ) ;
#2599 = EDGE_LOOP ( 'NONE', ( #4892, #5538, #2764, #1208, #3000 ) ) ;
#2600 = CARTESIAN_POINT ( 'NONE',  ( -11.62500000000000711, -3.154386672714803996, 0.000000000000000000 ) ) ;
#2601 = FACE_OUTER_BOUND ( 'NONE', #4164, .T. ) ;
#2602 = CARTESIAN_POINT ( 'NONE',  ( -11.00000000000001421, -1.763355756877422964, -2.427050983124845462 ) ) ;
#2603 = ORIENTED_EDGE ( 'NONE', *, *, #1780, .F. ) ;
#2604 = DIRECTION ( 'NONE',  ( 0.000000000000000000, 0.000000000000000000, -1.000000000000000000 ) ) ;
#2605 = ORIENTED_EDGE ( 'NONE', *, *, #4593, .T. ) ;
#2606 = DIRECTION ( 'NONE',  ( -1.000000000000000000, -0.000000000000000000, -0.000000000000000000 ) ) ;
#2607 = DIRECTION ( 'NONE',  ( -1.000000000000000000, 0.000000000000000000, 0.000000000000000000 ) ) ;
#2608 = ADVANCED_FACE ( 'NONE', ( #3143 ), #4777, .T. ) ;
#2609 = CARTESIAN_POINT ( 'NONE',  ( 232.7500000000000000, -2.853169548885460483, -0.9270509831248441301 ) ) ;
#2610 = DIRECTION ( 'NONE',  ( -1.000000000000000000, 0.000000000000000000, 0.000000000000000000 ) ) ;
#2611 = ORIENTED_EDGE ( 'NONE', *, *, #2250, .F. ) ;
#2612 = EDGE_CURVE ( 'NONE', #3050, #5029, #2664, .T. ) ;
#2613 = CARTESIAN_POINT ( 'NONE',  ( 144.4705627484768513, 18.49999999999981171, 0.000000000000000000 ) ) ;
#2614 = CARTESIAN_POINT ( 'NONE',  ( 7.353840324345111590, 1.664498793564392010, 3.886751345948129543 ) ) ;
#2615 = CARTESIAN_POINT ( 'NONE',  ( 1.984891872118905720, 1.278482545908942836, 2.886751345948128655 ) ) ;
#2616 = CARTESIAN_POINT ( 'NONE',  ( -10.37500000000001421, 2.551952425056123186, -1.854101966249688260 ) ) ;
#2617 = VERTEX_POINT ( 'NONE', #3600 ) ;
#2618 = CARTESIAN_POINT ( 'NONE',  ( 235.0000000000000284, -1.763355756877422964, 2.427050983124845462 ) ) ;
#2619 = CARTESIAN_POINT ( 'NONE',  ( -9.500000000000015987, 0.000000000000000000, -2.000000000000001776 ) ) ;
#2620 = FACE_OUTER_BOUND ( 'NONE', #2290, .T. ) ;
#2621 = ORIENTED_EDGE ( 'NONE', *, *, #1233, .F. ) ;
#2622 = DIRECTION ( 'NONE',  ( 0.000000000000000000, 0.000000000000000000, -1.000000000000000000 ) ) ;
#2623 = ORIENTED_EDGE ( 'NONE', *, *, #4688, .T. ) ;
#2624 = CARTESIAN_POINT ( 'NONE',  ( 233.2500000000000000, 0.000000000000000000, 2.000000000000001776 ) ) ;
#2625 = ORIENTED_EDGE ( 'NONE', *, *, #399, .F. ) ;
#2626 = CARTESIAN_POINT ( 'NONE',  ( -9.750000000000005329, 0.000000000000000000, 3.000000000000002665 ) ) ;
#2627 = CARTESIAN_POINT ( 'NONE',  ( -9.750000000000007105, 0.000000000000000000, -2.000000000000001776 ) ) ;
#2628 = CARTESIAN_POINT ( 'NONE',  ( 2.445703272263353156, -1.787074294922101902, 2.886751345948130876 ) ) ;
#2629 = ADVANCED_FACE ( 'NONE', ( #1424 ), #3167, .T. ) ;
#2630 = ORIENTED_EDGE ( 'NONE', *, *, #948, .T. ) ;
#2631 = CARTESIAN_POINT ( 'NONE',  ( 4.228626710082350471, 0.9583320960709295067, 3.368928255327366728 ) ) ;
#2632 = CARTESIAN_POINT ( 'NONE',  ( 226.0000000000000000, -1.500000000000000000, 4.907477288111822489 ) ) ;
#2633 = DIRECTION ( 'NONE',  ( -1.000000000000000000, 0.000000000000000000, -0.000000000000000000 ) ) ;
#2634 = CARTESIAN_POINT ( 'NONE',  ( 232.8750000000000000, -2.551952425056123186, -1.854101966249681155 ) ) ;
#2635 = EDGE_LOOP ( 'NONE', ( #1534, #5357, #598 ) ) ;
#2636 = ADVANCED_FACE ( 'NONE', ( #5153 ), #3877, .T. ) ;
#2637 = CARTESIAN_POINT ( 'NONE',  ( 3.952985166675414774, 1.566601056169059980, 2.886751345948129988 ) ) ;
#2638 = CARTESIAN_POINT ( 'NONE',  ( 0.000000000000000000, -5.000000000000000888, 2.886751345948130432 ) ) ;
#2639 = DIRECTION ( 'NONE',  ( -0.7071067811865445751, -0.7071067811865504593, 0.000000000000000000 ) ) ;
#2640 = CARTESIAN_POINT ( 'NONE',  ( -8.125000000000012434, 0.9747590886987209657, -2.999999999999999556 ) ) ;
#2641 = ORIENTED_EDGE ( 'NONE', *, *, #2429, .F. ) ;
#2642 = DIRECTION ( 'NONE',  ( 0.8464862142258950950, 0.5324106395682868254, 0.000000000000000000 ) ) ;
#2643 = VECTOR ( 'NONE', #5040, 1000.000000000000000 ) ;
#2644 = EDGE_CURVE ( 'NONE', #4799, #3800, #3486, .T. ) ;
#2645 = EDGE_CURVE ( 'NONE', #5210, #216, #3576, .T. ) ;
#2646 = CARTESIAN_POINT ( 'NONE',  ( -6.625000000000006217, 2.102924448476535702, 0.000000000000000000 ) ) ;
#2647 = DIRECTION ( 'NONE',  ( 0.7071067811865470176, -0.7071067811865481278, 0.000000000000000000 ) ) ;
#2648 = CARTESIAN_POINT ( 'NONE',  ( 234.5000000000000000, 0.000000000000000000, -2.000000000000001776 ) ) ;
#2649 = AXIS2_PLACEMENT_3D ( 'NONE', #1881, #1457, #2341 ) ;
#2650 = CARTESIAN_POINT ( 'NONE',  ( 233.7500000000000000, 1.763355756877422964, -2.427050983124845462 ) ) ;
#2651 = CIRCLE ( 'NONE', #170, 3.500000000000000000 ) ;
#2652 = VERTEX_POINT ( 'NONE', #1754 ) ;
#2653 = CARTESIAN_POINT ( 'NONE',  ( -11.25000000000001599, 1.902113032590309283, 0.6180339887498914608 ) ) ;
#2654 = VECTOR ( 'NONE', #2140, 1000.000000000000000 ) ;
#2655 = VECTOR ( 'NONE', #4141, 1000.000000000000000 ) ;
#2656 = CARTESIAN_POINT ( 'NONE',  ( 2.211289146410536866, -1.661635345532122887, 2.886751345948129543 ) ) ;
#2657 = ORIENTED_EDGE ( 'NONE', *, *, #253, .F. ) ;
#2658 = DIRECTION ( 'NONE',  ( 1.000000000000000000, 8.425591134431187015E-16, 0.000000000000000000 ) ) ;
#2659 = CYLINDRICAL_SURFACE ( 'NONE', #2543, 3.000000000000000444 ) ;
#2660 = ADVANCED_FACE ( 'NONE', ( #1697 ), #4387, .T. ) ;
#2661 = CARTESIAN_POINT ( 'NONE',  ( -7.750000000000010658, 0.000000000000000000, 2.500000000000002220 ) ) ;
#2662 = CARTESIAN_POINT ( 'NONE',  ( -3.000000000000002665, 0.000000000000000000, 0.000000000000000000 ) ) ;
#2663 = AXIS2_PLACEMENT_3D ( 'NONE', #3267, #232, #2880 ) ;
#2664 = CIRCLE ( 'NONE', #648, 3.500000000000000000 ) ;
#2665 = CARTESIAN_POINT ( 'NONE',  ( 118.0147186257612617, -6.485281374238538454, 0.000000000000000000 ) ) ;
#2666 = VERTEX_POINT ( 'NONE', #2990 ) ;
#2667 = CARTESIAN_POINT ( 'NONE',  ( 3.572215917918920347, 1.697463339139175353, 2.886751345948129988 ) ) ;
#2668 = SURFACE_SIDE_STYLE ('',( #1774 ) ) ;
#2669 =( GEOMETRIC_REPRESENTATION_CONTEXT ( 3 ) GLOBAL_UNCERTAINTY_ASSIGNED_CONTEXT ( ( #5495 ) ) GLOBAL_UNIT_ASSIGNED_CONTEXT ( ( #4171, #5370, #3752 ) ) REPRESENTATION_CONTEXT ( 'NONE', 'WORKASPACE' ) );
#2670 = CARTESIAN_POINT ( 'NONE',  ( 228.0000000000000000, 2.500000000000000000, 4.330127018922195425 ) ) ;
#2671 = CARTESIAN_POINT ( 'NONE',  ( -7.625000000000007105, 2.551952425056123186, 1.854101966249681155 ) ) ;
#2672 = ORIENTED_EDGE ( 'NONE', *, *, #573, .T. ) ;
#2673 =( BOUNDED_SURFACE ( )  B_SPLINE_SURFACE ( 1, 2, ( 
 ( #3327, #1579, #262, #4943, #3301, #2005, #4974, #2383, #995, #2761, #1055, #4485, #3672, #3269, #1025, #4121, #2786, #4512, #2349, #577, #4063, #1465, #204, #1118, #1948, #5433, #1525, #693, #4086, #140, #169, #1887, #1497, #3240, #4148, #1977, #3639, #5374, #4541, #5032, #3210 ),
 ( #5461, #2416, #629, #5002, #2851, #4577, #664, #4607, #233, #3729, #2881, #747, #1604, #2496, #4206, #1203, #3837, #4317, #2932, #4657, #5620, #289, #5516, #5116, #1661, #3808, #3380, #5571, #3408, #2029, #5541, #4235, #4711, #2144, #5145, #2983, #2086, #4631, #1227, #406, #796 ) ),
 .UNSPECIFIED., .F., .F., .F. ) 
 B_SPLINE_SURFACE_WITH_KNOTS ( ( 2, 2 ),
 ( 3, 2, 2, 2, 2, 2, 2, 2, 2, 2, 2, 2, 2, 2, 2, 2, 2, 2, 2, 2, 3 ),
 ( 0.000000000000000000, 1.000000000000000000 ),
 ( 0.000000000000000000, 0.05000000000000000278, 0.1000000000000000056, 0.1499999999999999944, 0.2000000000000000111, 0.2500000000000000000, 0.2999999999999999889, 0.3499999999999999778, 0.4000000000000000222, 0.4500000000000000111, 0.5000000000000000000, 0.5500000000000000444, 0.5999999999999999778, 0.6500000000000000222, 0.6999999999999999556, 0.7500000000000000000, 0.8000000000000000444, 0.8499999999999999778, 0.9000000000000000222, 0.9499999999999999556, 1.000000000000000000 ),
 .UNSPECIFIED. ) 
 GEOMETRIC_REPRESENTATION_ITEM ( )  RATIONAL_B_SPLINE_SURFACE ( (
 ( 1.000000000000000000, 0.9510565162951535312, 1.000000000000000000, 0.9510565162951535312, 1.000000000000000000, 0.9510565162951535312, 1.000000000000000000, 0.9510565162951535312, 1.000000000000000000, 0.9510565162951535312, 1.000000000000000000, 0.9510565162951535312, 1.000000000000000000, 0.9510565162951535312, 1.000000000000000000, 0.9510565162951535312, 1.000000000000000000, 0.9510565162951535312, 1.000000000000000000, 0.9510565162951535312, 1.000000000000000000, 0.9510565162951535312, 1.000000000000000000, 0.9510565162951535312, 1.000000000000000000, 0.9510565162951535312, 1.000000000000000000, 0.9510565162951535312, 1.000000000000000000, 0.9510565162951535312, 1.000000000000000000, 0.9510565162951535312, 1.000000000000000000, 0.9510565162951535312, 1.000000000000000000, 0.9510565162951535312, 1.000000000000000000, 0.9510565162951535312, 1.000000000000000000, 0.9510565162951535312, 1.000000000000000000),
 ( 1.000000000000000000, 0.9510565162951535312, 1.000000000000000000, 0.9510565162951535312, 1.000000000000000000, 0.9510565162951535312, 1.000000000000000000, 0.9510565162951535312, 1.000000000000000000, 0.9510565162951535312, 1.000000000000000000, 0.9510565162951535312, 1.000000000000000000, 0.9510565162951535312, 1.000000000000000000, 0.9510565162951535312, 1.000000000000000000, 0.9510565162951535312, 1.000000000000000000, 0.9510565162951535312, 1.000000000000000000, 0.9510565162951535312, 1.000000000000000000, 0.9510565162951535312, 1.000000000000000000, 0.9510565162951535312, 1.000000000000000000, 0.9510565162951535312, 1.000000000000000000, 0.9510565162951535312, 1.000000000000000000, 0.9510565162951535312, 1.000000000000000000, 0.9510565162951535312, 1.000000000000000000, 0.9510565162951535312, 1.000000000000000000, 0.9510565162951535312, 1.000000000000000000, 0.9510565162951535312, 1.000000000000000000) ) ) 
 REPRESENTATION_ITEM ( '' )  SURFACE ( )  );
#2674 = CARTESIAN_POINT ( 'NONE',  ( 3.285342061467678487, -1.438321172300520256, 3.190805471801749338 ) ) ;
#2675 = CARTESIAN_POINT ( 'NONE',  ( 3.372029461361571112, -1.923145277076711679, 3.185810201376516826 ) ) ;
#2676 = CARTESIAN_POINT ( 'NONE',  ( 2.337910049201298968, 0.8531142906513990987, 2.886751345948129988 ) ) ;
#2677 = EDGE_CURVE ( 'NONE', #4530, #2549, #777, .T. ) ;
#2678 = ADVANCED_FACE ( 'NONE', ( #4696 ), #439, .T. ) ;
#2679 = CARTESIAN_POINT ( 'NONE',  ( 234.8750000000000000, -0.9747590886987209657, 2.999999999999992450 ) ) ;
#2680 = EDGE_CURVE ( 'NONE', #2784, #4895, #3450, .T. ) ;
#2681 = ORIENTED_EDGE ( 'NONE', *, *, #1658, .T. ) ;
#2682 = CIRCLE ( 'NONE', #298, 3.500000000000000000 ) ;
#2683 = EDGE_CURVE ( 'NONE', #1923, #5316, #4207, .T. ) ;
#2684 = ADVANCED_FACE ( 'NONE', ( #4268 ), #310, .F. ) ;
#2685 = CARTESIAN_POINT ( 'NONE',  ( -10.62500000000001243, -0.6498393924658090182, 2.000000000000002220 ) ) ;
#2686 = VECTOR ( 'NONE', #5150, 1000.000000000000000 ) ;
#2687 = CARTESIAN_POINT ( 'NONE',  ( 2.287083025973705386, -1.707738727176935090, 2.886751345948130432 ) ) ;
#2688 = ORIENTED_EDGE ( 'NONE', *, *, #3521, .T. ) ;
#2689 = ORIENTED_EDGE ( 'NONE', *, *, #813, .F. ) ;
#2690 = ORIENTED_EDGE ( 'NONE', *, *, #4322, .F. ) ;
#2691 = DIRECTION ( 'NONE',  ( -0.7071067811865469066, -0.7071067811865481278, 0.000000000000000000 ) ) ;
#2692 = DIRECTION ( 'NONE',  ( 0.000000000000000000, 0.000000000000000000, 1.000000000000000000 ) ) ;
#2693 = CARTESIAN_POINT ( 'NONE',  ( 233.8750000000000284, -1.701301616704077091, 1.236067977499787141 ) ) ;
#2694 = CARTESIAN_POINT ( 'NONE',  ( 236.6250000000000000, -1.701301616704077535, -1.236067977499787363 ) ) ;
#2695 = LINE ( 'NONE', #4052, #2933 ) ;
#2696 = ORIENTED_EDGE ( 'NONE', *, *, #918, .F. ) ;
#2697 = CARTESIAN_POINT ( 'NONE',  ( 226.0000000000000000, 0.4999999999999998890, 3.773502691896260419 ) ) ;
#2698 = DIRECTION ( 'NONE',  ( 0.000000000000000000, 0.000000000000000000, -1.000000000000000000 ) ) ;
#2699 = CARTESIAN_POINT ( 'NONE',  ( -9.750000000000007105, 0.000000000000000000, -2.000000000000001776 ) ) ;
#2700 = CARTESIAN_POINT ( 'NONE',  ( -12.00000000000000533, -1.763355756877416081, 2.427050983124845462 ) ) ;
#2701 = ORIENTED_EDGE ( 'NONE', *, *, #4131, .T. ) ;
#2702 = CARTESIAN_POINT ( 'NONE',  ( 3.187262736602368918, -1.440792494516847766, 2.886751345948129543 ) ) ;
#2703 = DIRECTION ( 'NONE',  ( 0.000000000000000000, -1.000000000000000000, 0.000000000000000000 ) ) ;
#2704 = DIRECTION ( 'NONE',  ( 0.000000000000000000, 0.000000000000000000, 1.000000000000000000 ) ) ;
#2705 = AXIS2_PLACEMENT_3D ( 'NONE', #491, #4373, #3953 ) ;
#2706 = ORIENTED_EDGE ( 'NONE', *, *, #2253, .T. ) ;
#2707 = CARTESIAN_POINT ( 'NONE',  ( -12.75000000000001421, -1.902113032590309283, 0.6180339887498914608 ) ) ;
#2708 = EDGE_CURVE ( 'NONE', #2970, #4555, #3313, .T. ) ;
#2709 = LINE ( 'NONE', #4435, #3374 ) ;
#2710 = EDGE_LOOP ( 'NONE', ( #1060, #2621, #2741, #3490 ) ) ;
#2711 = VERTEX_POINT ( 'NONE', #4779 ) ;
#2712 = ORIENTED_EDGE ( 'NONE', *, *, #2148, .T. ) ;
#2713 = CARTESIAN_POINT ( 'NONE',  ( 3.167932610110297365, 1.265425214373228968, 3.886751345948129543 ) ) ;
#2714 = ORIENTED_EDGE ( 'NONE', *, *, #4440, .F. ) ;
#2715 = FACE_OUTER_BOUND ( 'NONE', #1445, .T. ) ;
#2716 = DIRECTION ( 'NONE',  ( 0.000000000000000000, 0.000000000000000000, 1.000000000000000000 ) ) ;
#2717 = DIRECTION ( 'NONE',  ( 1.000000000000000000, 0.000000000000000000, 0.000000000000000000 ) ) ;
#2718 = CARTESIAN_POINT ( 'NONE',  ( 1.612210406319034783, -0.9625320570562818645, 2.886751345948130432 ) ) ;
#2719 = ORIENTED_EDGE ( 'NONE', *, *, #4172, .F. ) ;
#2720 = CIRCLE ( 'NONE', #5207, 3.500000000000000000 ) ;
#2721 = CARTESIAN_POINT ( 'NONE',  ( 3.469296812787986184, 1.715901698187434876, 2.886751345948130432 ) ) ;
#2722 = CARTESIAN_POINT ( 'NONE',  ( 4.118218230903829991, -1.105372559194653270, 2.886751345948128655 ) ) ;
#2723 = CARTESIAN_POINT ( 'NONE',  ( 225.0000000000000000, -2.500000000000000000, 4.330127018922195425 ) ) ;
#2724 = ORIENTED_EDGE ( 'NONE', *, *, #3407, .F. ) ;
#2725 = CARTESIAN_POINT ( 'NONE',  ( -10.62500000000000711, 2.551952425056123186, -1.854101966249688260 ) ) ;
#2726 = ORIENTED_EDGE ( 'NONE', *, *, #3910, .F. ) ;
#2727 = CARTESIAN_POINT ( 'NONE',  ( -9.375000000000017764, 0.6498393924658090182, -2.000000000000002220 ) ) ;
#2728 = VECTOR ( 'NONE', #3686, 1000.000000000000000 ) ;
#2729 = CARTESIAN_POINT ( 'NONE',  ( 3.559908321794182928, -1.899847613654564782, 2.886751345948130432 ) ) ;
#2730 = ADVANCED_FACE ( 'NONE', ( #1134 ), #2415, .F. ) ;
#2731 = CARTESIAN_POINT ( 'NONE',  ( 96.51040764008546091, -8.960155108391461454, 4.286263797015736595E-16 ) ) ;
#2732 = AXIS2_PLACEMENT_3D ( 'NONE', #4094, #178, #5496 ) ;
#2733 = ORIENTED_EDGE ( 'NONE', *, *, #1516, .T. ) ;
#2734 = LINE ( 'NONE', #4041, #2957 ) ;
#2735 = AXIS2_PLACEMENT_3D ( 'NONE', #1517, #4600, #5424 ) ;
#2736 = CARTESIAN_POINT ( 'NONE',  ( 231.2500000000000000, -1.175570504584944054, 1.618033988749906227 ) ) ;
#2737 = ORIENTED_EDGE ( 'NONE', *, *, #885, .T. ) ;
#2738 = ORIENTED_EDGE ( 'NONE', *, *, #3690, .T. ) ;
#2739 = CARTESIAN_POINT ( 'NONE',  ( 3.187262736602368918, -1.440792494516847766, 3.886751345948129543 ) ) ;
#2740 = AXIS2_PLACEMENT_3D ( 'NONE', #5019, #3197, #5360 ) ;
#2741 = ORIENTED_EDGE ( 'NONE', *, *, #4659, .T. ) ;
#2742 = DIRECTION ( 'NONE',  ( -1.000000000000000000, 0.000000000000000000, 0.000000000000000000 ) ) ;
#2743 = CARTESIAN_POINT ( 'NONE',  ( 234.8750000000000284, -2.551952425056123186, 1.854101966249681155 ) ) ;
#2744 = CARTESIAN_POINT ( 'NONE',  ( 1.936300291539315932, 1.231394959385508470, 3.277728445392689594 ) ) ;
#2745 = EDGE_CURVE ( 'NONE', #3942, #2549, #1565, .T. ) ;
#2746 = EDGE_CURVE ( 'NONE', #2083, #4506, #3131, .T. ) ;
#2747 = FACE_OUTER_BOUND ( 'NONE', #3863, .T. ) ;
#2748 = EDGE_CURVE ( 'NONE', #5327, #3818, #3847, .T. ) ;
#2749 = ORIENTED_EDGE ( 'NONE', *, *, #3337, .F. ) ;
#2750 = CARTESIAN_POINT ( 'NONE',  ( 232.5000000000000000, -2.853169548885460483, 0.9270509831248441301 ) ) ;
#2751 = CARTESIAN_POINT ( 'NONE',  ( 88.48959235991428329, 8.960155108391443690, 0.000000000000000000 ) ) ;
#2752 = CARTESIAN_POINT ( 'NONE',  ( 225.0000000000000000, -8.673617379884035472E-16, -5.773502691896259087 ) ) ;
#2753 = LINE ( 'NONE', #624, #4156 ) ;
#2754 = ORIENTED_EDGE ( 'NONE', *, *, #3811, .T. ) ;
#2755 = AXIS2_PLACEMENT_3D ( 'NONE', #3440, #799, #4662 ) ;
#2756 = CARTESIAN_POINT ( 'NONE',  ( 152.5398448916082259, 9.010407640085777103, 4.286263797015736595E-16 ) ) ;
#2757 = VECTOR ( 'NONE', #468, 1000.000000000000000 ) ;
#2758 = ORIENTED_EDGE ( 'NONE', *, *, #5004, .F. ) ;
#2759 = MECHANICAL_DESIGN_GEOMETRIC_PRESENTATION_REPRESENTATION (  '', ( #4392 ), #2669 ) ;
#2760 = CARTESIAN_POINT ( 'NONE',  ( 2.299324022902030862, -0.9762459062396343645, 3.361092669140551603 ) ) ;
#2761 = CARTESIAN_POINT ( 'NONE',  ( -9.875000000000003553, -0.6498393924658164567, -2.000000000000002220 ) ) ;
#2762 = CARTESIAN_POINT ( 'NONE',  ( 3.178533002057562395, -1.927163419156078250, 2.886751345948129543 ) ) ;
#2763 = CARTESIAN_POINT ( 'NONE',  ( 2.175513463131899972, 0.5685639265590283209, 2.886751345948130432 ) ) ;
#2764 = ORIENTED_EDGE ( 'NONE', *, *, #4034, .T. ) ;
#2765 = CARTESIAN_POINT ( 'NONE',  ( -9.000000000000014211, 1.902113032590309283, -0.6180339887498984552 ) ) ;
#2766 = LINE ( 'NONE', #2330, #1089 ) ;
#2767 = ORIENTED_EDGE ( 'NONE', *, *, #4809, .F. ) ;
#2768 = DIRECTION ( 'NONE',  ( -1.000000000000000000, -0.000000000000000000, -0.000000000000000000 ) ) ;
#2769 = ORIENTED_EDGE ( 'NONE', *, *, #678, .T. ) ;
#2770 = DIRECTION ( 'NONE',  ( 0.7071067811865444641, 0.7071067811865506814, 0.000000000000000000 ) ) ;
#2771 = CARTESIAN_POINT ( 'NONE',  ( 235.6250000000000000, -0.9747590886987209657, -2.999999999999992450 ) ) ;
#2772 = DIRECTION ( 'NONE',  ( 1.000000000000000000, 0.000000000000000000, 0.000000000000000000 ) ) ;
#2773 = AXIS2_PLACEMENT_3D ( 'NONE', #5305, #1817, #3543 ) ;
#2774 = DIRECTION ( 'NONE',  ( 1.000000000000000000, 0.000000000000000000, 0.000000000000000000 ) ) ;
#2775 = ORIENTED_EDGE ( 'NONE', *, *, #3127, .F. ) ;
#2776 = CARTESIAN_POINT ( 'NONE',  ( 235.7500000000000284, -1.763355756877416081, -2.427050983124845462 ) ) ;
#2777 = DIRECTION ( 'NONE',  ( 1.000000000000000000, 0.000000000000000000, 0.000000000000000000 ) ) ;
#2778 = ADVANCED_FACE ( 'NONE', ( #1412 ), #997, .F. ) ;
#2779 = CARTESIAN_POINT ( 'NONE',  ( 144.4705627484768513, 18.50000000000052580, 0.000000000000000000 ) ) ;
#2780 = CARTESIAN_POINT ( 'NONE',  ( 2.422924490485719229, 1.589767584780136689, 2.886751345948129988 ) ) ;
#2781 = EDGE_LOOP ( 'NONE', ( #2441, #2304, #1672, #1839 ) ) ;
#2782 = DIRECTION ( 'NONE',  ( 1.000000000000000000, -0.000000000000000000, -0.000000000000000000 ) ) ;
#2783 = EDGE_CURVE ( 'NONE', #1853, #745, #1889, .T. ) ;
#2784 = VERTEX_POINT ( 'NONE', #3590 ) ;
#2785 = CARTESIAN_POINT ( 'NONE',  ( -12.12500000000001066, 0.000000000000000000, 2.000000000000001776 ) ) ;
#2786 = CARTESIAN_POINT ( 'NONE',  ( -9.000000000000007105, 1.902113032590309283, 0.6180339887498914608 ) ) ;
#2787 = CARTESIAN_POINT ( 'NONE',  ( -3.000000000000000000, -5.000000000000000888, -2.886751345948128655 ) ) ;
#2788 = DIRECTION ( 'NONE',  ( 0.000000000000000000, -1.000000000000000000, 0.000000000000000000 ) ) ;
#2789 = CARTESIAN_POINT ( 'NONE',  ( 1.685365771907507471, -1.106133773676570842, 2.886751345948129099 ) ) ;
#2790 = CARTESIAN_POINT ( 'NONE',  ( 3.349534066128488252, 1.257171652637433912, 3.266482909932297396 ) ) ;
#2791 = CARTESIAN_POINT ( 'NONE',  ( 2.343688331866913277, 1.549978816780049007, 2.886751345948129543 ) ) ;
#2792 = VECTOR ( 'NONE', #5164, 1000.000000000000000 ) ;
#2793 = CARTESIAN_POINT ( 'NONE',  ( -8.625000000000014211, -2.551952425056123186, -1.854101966249681155 ) ) ;
#2794 = CARTESIAN_POINT ( 'NONE',  ( 238.0000000000000284, 1.175570504584944054, 1.618033988749906227 ) ) ;
#2795 = ORIENTED_EDGE ( 'NONE', *, *, #1971, .F. ) ;
#2796 = CARTESIAN_POINT ( 'NONE',  ( 231.0000000000000000, 0.000000000000000000, 0.000000000000000000 ) ) ;
#2797 = ORIENTED_EDGE ( 'NONE', *, *, #537, .T. ) ;
#2798 = CARTESIAN_POINT ( 'NONE',  ( -10.00000000000001599, -1.902113032590309283, -0.6180339887498914608 ) ) ;
#2799 = CARTESIAN_POINT ( 'NONE',  ( 234.1250000000000000, 2.551952425056123186, 1.854101966249681155 ) ) ;
#2800 = EDGE_CURVE ( 'NONE', #4559, #4799, #523, .T. ) ;
#2801 = CARTESIAN_POINT ( 'NONE',  ( 24.81370849898478781, 8.500000000000488498, 0.000000000000000000 ) ) ;
#2802 = DIRECTION ( 'NONE',  ( 1.000000000000000000, 0.000000000000000000, 0.000000000000000000 ) ) ;
#2803 = VERTEX_POINT ( 'NONE', #2648 ) ;
#2804 = CARTESIAN_POINT ( 'NONE',  ( 236.2500000000000284, 1.763355756877422964, -2.427050983124845462 ) ) ;
#2805 = LINE ( 'NONE', #566, #4294 ) ;
#2806 = DIRECTION ( 'NONE',  ( -0.000000000000000000, -0.000000000000000000, -1.000000000000000000 ) ) ;
#2807 = CARTESIAN_POINT ( 'NONE',  ( 2.193265970274841603, -0.7916618266791195513, 2.886751345948129988 ) ) ;
#2808 = CYLINDRICAL_SURFACE ( 'NONE', #192, 3.000000000000000444 ) ;
#2809 = CARTESIAN_POINT ( 'NONE',  ( 228.0000000000000000, 0.000000000000000000, 3.000000000000000444 ) ) ;
#2810 = ORIENTED_EDGE ( 'NONE', *, *, #4172, .T. ) ;
#2811 = ORIENTED_EDGE ( 'NONE', *, *, #5528, .T. ) ;
#2812 = ADVANCED_FACE ( 'NONE', ( #89 ), #943, .T. ) ;
#2813 = ORIENTED_EDGE ( 'NONE', *, *, #4863, .T. ) ;
#2814 = PLANE ( 'NONE',  #91 ) ;
#2815 = LINE ( 'NONE', #3756, #3284 ) ;
#2816 = CARTESIAN_POINT ( 'NONE',  ( 3.337351690658917125, -1.437010676410994892, 3.356549519670510406 ) ) ;
#2817 = FACE_OUTER_BOUND ( 'NONE', #4919, .T. ) ;
#2818 = VECTOR ( 'NONE', #4576, 1000.000000000000000 ) ;
#2819 = EDGE_CURVE ( 'NONE', #2319, #2404, #4751, .T. ) ;
#2820 = EDGE_CURVE ( 'NONE', #4433, #3991, #35, .T. ) ;
#2821 = CARTESIAN_POINT ( 'NONE',  ( 0.000000000000000000, -1.636495926573531787E-15, 3.773502691896259975 ) ) ;
#2822 = ORIENTED_EDGE ( 'NONE', *, *, #478, .T. ) ;
#2823 = AXIS2_PLACEMENT_3D ( 'NONE', #20, #1312, #957 ) ;
#2824 = DIRECTION ( 'NONE',  ( -1.000000000000000000, -0.000000000000000000, -0.000000000000000000 ) ) ;
#2825 = CARTESIAN_POINT ( 'NONE',  ( 4.016418642599559163, -1.771487877280472967, 3.018948229670445293 ) ) ;
#2826 = AXIS2_PLACEMENT_3D ( 'NONE', #1511, #4500, #5393 ) ;
#2827 = CARTESIAN_POINT ( 'NONE',  ( -9.125000000000012434, -2.551952425056123186, 1.854101966249688260 ) ) ;
#2828 = LINE ( 'NONE', #584, #820 ) ;
#2829 = ORIENTED_EDGE ( 'NONE', *, *, #4515, .F. ) ;
#2830 = ORIENTED_EDGE ( 'NONE', *, *, #537, .F. ) ;
#2831 = CARTESIAN_POINT ( 'NONE',  ( 2.821354387099979544, 1.213964436945163428, 2.886751345948130432 ) ) ;
#2832 = AXIS2_PLACEMENT_3D ( 'NONE', #622, #2806, #1545 ) ;
#2833 = CARTESIAN_POINT ( 'NONE',  ( 186.4705627484778461, -2.999999999999999112, 0.000000000000000000 ) ) ;
#2834 = CARTESIAN_POINT ( 'NONE',  ( 231.7500000000000000, -1.902113032590309283, -0.6180339887499053386 ) ) ;
#2835 = CARTESIAN_POINT ( 'NONE',  ( 233.6250000000000000, -1.701301616704077535, 1.236067977499787363 ) ) ;
#2836 = CIRCLE ( 'NONE', #2090, 3.500000000000000000 ) ;
#2837 = CARTESIAN_POINT ( 'NONE',  ( 2.062452210371814143, 1.658151697545018344E-14, 3.500000000000000000 ) ) ;
#2838 = ORIENTED_EDGE ( 'NONE', *, *, #5492, .F. ) ;
#2839 = AXIS2_PLACEMENT_3D ( 'NONE', #2228, #2717, #5333 ) ;
#2840 = CARTESIAN_POINT ( 'NONE',  ( 1.583340179695002181, -0.8955001013546647348, 3.385340114243884813 ) ) ;
#2841 = CARTESIAN_POINT ( 'NONE',  ( 228.0000000000000000, 0.000000000000000000, 0.000000000000000000 ) ) ;
#2842 = FACE_OUTER_BOUND ( 'NONE', #77, .T. ) ;
#2843 = CARTESIAN_POINT ( 'NONE',  ( 2.280058566022663324, -0.9466430585581570023, 3.501732876836455954 ) ) ;
#2844 = AXIS2_PLACEMENT_3D ( 'NONE', #1575, #3236, #1143 ) ;
#2845 = FILL_AREA_STYLE ('',( #199 ) ) ;
#2846 = AXIS2_PLACEMENT_3D ( 'NONE', #721, #4741, #5542 ) ;
#2847 = DIRECTION ( 'NONE',  ( -1.000000000000000000, 0.000000000000000000, -0.000000000000000000 ) ) ;
#2848 = VERTEX_POINT ( 'NONE', #2731 ) ;
#2849 = ORIENTED_EDGE ( 'NONE', *, *, #1538, .F. ) ;
#2850 = CARTESIAN_POINT ( 'NONE',  ( -8.500000000000014211, 1.175570504584944054, 1.618033988749892238 ) ) ;
#2851 = CARTESIAN_POINT ( 'NONE',  ( -11.50000000000001421, -2.853169548885460483, 0.9270509831248441301 ) ) ;
#2852 = CARTESIAN_POINT ( 'NONE',  ( -11.87500000000000711, -2.551952425056123186, 1.854101966249688260 ) ) ;
#2853 = LINE ( 'NONE', #2418, #737 ) ;
#2854 = VECTOR ( 'NONE', #3300, 1000.000000000000000 ) ;
#2855 = AXIS2_PLACEMENT_3D ( 'NONE', #2883, #2009, #2447 ) ;
#2856 = DIRECTION ( 'NONE',  ( 0.000000000000000000, -1.000000000000000000, -4.336808689942023159E-16 ) ) ;
#2857 = VERTEX_POINT ( 'NONE', #1781 ) ;
#2858 = CARTESIAN_POINT ( 'NONE',  ( 226.0000000000000000, 0.5000000000000000000, 5.773502691896260863 ) ) ;
#2859 = EDGE_CURVE ( 'NONE', #4296, #4385, #2562, .T. ) ;
#2860 = CARTESIAN_POINT ( 'NONE',  ( 2.267066387640442215, 1.504856479555046089, 2.886751345948129543 ) ) ;
#2861 = EDGE_CURVE ( 'NONE', #5185, #5318, #2853, .T. ) ;
#2862 = CARTESIAN_POINT ( 'NONE',  ( 231.7500000000000000, -1.902113032590309283, -0.6180339887499053386 ) ) ;
#2863 = EDGE_CURVE ( 'NONE', #446, #5456, #1150, .T. ) ;
#2864 = EDGE_LOOP ( 'NONE', ( #1932, #4232, #528, #2176 ) ) ;
#2865 = LINE ( 'NONE', #4102, #3321 ) ;
#2866 = CARTESIAN_POINT ( 'NONE',  ( 233.2500000000000000, 0.000000000000000000, -3.000000000000002665 ) ) ;
#2867 = CARTESIAN_POINT ( 'NONE',  ( -3.000000000000000000, 5.000000000000001776, 2.886751345948129099 ) ) ;
#2868 = CARTESIAN_POINT ( 'NONE',  ( 225.3431457505076310, 2.449293598294705921E-16, 2.000000000000000000 ) ) ;
#2869 = VERTEX_POINT ( 'NONE', #5464 ) ;
#2870 = VECTOR ( 'NONE', #2020, 1000.000000000000000 ) ;
#2871 = FACE_OUTER_BOUND ( 'NONE', #3836, .T. ) ;
#2872 = CIRCLE ( 'NONE', #2123, 3.500000000000000000 ) ;
#2873 = DIRECTION ( 'NONE',  ( 0.000000000000000000, 0.000000000000000000, -1.000000000000000000 ) ) ;
#2874 = FACE_OUTER_BOUND ( 'NONE', #1409, .T. ) ;
#2875 = CARTESIAN_POINT ( 'NONE',  ( 2.763965505173168413, 1.702828953793381839, 2.886751345948129988 ) ) ;
#2876 = AXIS2_PLACEMENT_3D ( 'NONE', #4160, #4589, #5443 ) ;
#2877 = PLANE ( 'NONE',  #3017 ) ;
#2878 = VERTEX_POINT ( 'NONE', #4579 ) ;
#2879 = ORIENTED_EDGE ( 'NONE', *, *, #4965, .F. ) ;
#2880 = DIRECTION ( 'NONE',  ( 0.000000000000000000, 0.000000000000000000, 1.000000000000000000 ) ) ;
#2881 = CARTESIAN_POINT ( 'NONE',  ( -10.75000000000001421, 0.000000000000000000, -3.000000000000002665 ) ) ;
#2882 = CARTESIAN_POINT ( 'NONE',  ( -11.50000000000000711, -2.853169548885460483, -0.9270509831248441301 ) ) ;
#2883 = CARTESIAN_POINT ( 'NONE',  ( 228.0000000000000000, -8.673617379884035472E-16, -5.773502691896259087 ) ) ;
#2884 = EDGE_CURVE ( 'NONE', #2263, #4252, #1284, .T. ) ;
#2885 = ORIENTED_EDGE ( 'NONE', *, *, #5458, .F. ) ;
#2886 = CARTESIAN_POINT ( 'NONE',  ( 3.952985166675414774, 1.566601056169059980, 3.129818066726880232 ) ) ;
#2887 = PLANE ( 'NONE',  #3100 ) ;
#2888 = FACE_OUTER_BOUND ( 'NONE', #5245, .T. ) ;
#2889 = VERTEX_POINT ( 'NONE', #4946 ) ;
#2890 = EDGE_CURVE ( 'NONE', #5102, #926, #1979, .T. ) ;
#2891 = CARTESIAN_POINT ( 'NONE',  ( 2.931447008159666634, 1.244148692153448810, 3.389244452423742171 ) ) ;
#2892 = CARTESIAN_POINT ( 'NONE',  ( 2.337910049201298968, 0.8531142906513990987, 3.503679491924311051 ) ) ;
#2893 = CARTESIAN_POINT ( 'NONE',  ( 2.445703272263353156, -1.787074294922101902, 2.886751345948130876 ) ) ;
#2894 = DIRECTION ( 'NONE',  ( -1.000000000000000000, 0.000000000000000000, 0.000000000000000000 ) ) ;
#2895 =( BOUNDED_CURVE ( )  B_SPLINE_CURVE ( 2, ( #3289, #5476, #1452, #2430, #1937, #1964, #276, #3198, #2458, #3226, #4163 ),
 .UNSPECIFIED., .F., .T. ) 
 B_SPLINE_CURVE_WITH_KNOTS ( ( 3, 2, 2, 2, 2, 3 ),
 ( 0.000000000000000000, 0.05000000000000004441, 0.1000000000000000888, 0.1500000000000001332, 0.2000000000000001776, 0.2500000000000002220 ),
 .UNSPECIFIED. ) 
 CURVE ( )  GEOMETRIC_REPRESENTATION_ITEM ( )  RATIONAL_B_SPLINE_CURVE ( ( 1.000000000000000000, 0.9510565162951535312, 1.000000000000000000, 0.9510565162951535312, 1.000000000000000000, 0.9510565162951535312, 1.000000000000000000, 0.9510565162951535312, 1.000000000000000000, 0.9510565162951533091, 1.000000000000000222 ) ) 
 REPRESENTATION_ITEM ( '' )  );
#2896 = VERTEX_POINT ( 'NONE', #3787 ) ;
#2897 = VECTOR ( 'NONE', #4734, 1000.000000000000000 ) ;
#2898 = LINE ( 'NONE', #279, #2870 ) ;
#2899 = CARTESIAN_POINT ( 'NONE',  ( 233.0000000000000000, -2.853169548885460483, -0.9270509831248441301 ) ) ;
#2900 = DIRECTION ( 'NONE',  ( 0.000000000000000000, 0.000000000000000000, 1.000000000000000000 ) ) ;
#2901 = CARTESIAN_POINT ( 'NONE',  ( 228.0000000000000000, 1.500000000000000000, 4.907477288111821601 ) ) ;
#2902 = CARTESIAN_POINT ( 'NONE',  ( -13.25000000000001599, 0.000000000000000000, 2.000000000000001776 ) ) ;
#2903 = ORIENTED_EDGE ( 'NONE', *, *, #779, .F. ) ;
#2904 = CARTESIAN_POINT ( 'NONE',  ( 5.636576828888136603, -1.847348703317845509, 3.886751345948129543 ) ) ;
#2905 = CARTESIAN_POINT ( 'NONE',  ( 3.237841569399111830, -1.439518050658897375, 2.886751345948130876 ) ) ;
#2906 = DIRECTION ( 'NONE',  ( 1.000000000000000000, 8.425591134430620021E-16, 0.000000000000000000 ) ) ;
#2907 = VERTEX_POINT ( 'NONE', #5034 ) ;
#2908 = CARTESIAN_POINT ( 'NONE',  ( 5.636576828888136603, 0.2184806214639111455, 2.886751345948129543 ) ) ;
#2909 = EDGE_CURVE ( 'NONE', #1191, #4390, #1606, .T. ) ;
#2910 = DIRECTION ( 'NONE',  ( 1.000000000000000000, -0.000000000000000000, -0.000000000000000000 ) ) ;
#2911 = CARTESIAN_POINT ( 'NONE',  ( 3.917021283159689116, 1.020458434624564203, 3.403808316876164142 ) ) ;
#2912 = ORIENTED_EDGE ( 'NONE', *, *, #3617, .F. ) ;
#2913 = EDGE_LOOP ( 'NONE', ( #1618, #3550, #3568, #3915, #4588, #3987 ) ) ;
#2914 = DIRECTION ( 'NONE',  ( 0.6559065135051056483, 0.7548421328606245151, 0.000000000000000000 ) ) ;
#2915 = CARTESIAN_POINT ( 'NONE',  ( 109.5294372515226513, 2.000000000000000000, 0.000000000000000000 ) ) ;
#2916 = DIRECTION ( 'NONE',  ( -0.7071067811865437980, 0.7071067811865512365, 0.000000000000000000 ) ) ;
#2917 = ORIENTED_EDGE ( 'NONE', *, *, #364, .F. ) ;
#2918 = CIRCLE ( 'NONE', #1447, 15.50000000000001421 ) ;
#2919 = DIRECTION ( 'NONE',  ( 0.000000000000000000, 0.000000000000000000, -1.000000000000000000 ) ) ;
#2920 = CARTESIAN_POINT ( 'NONE',  ( 1.871567030206502391, -1.363471988548559999, 3.223498741498658671 ) ) ;
#2921 = AXIS2_PLACEMENT_3D ( 'NONE', #3499, #5229, #1320 ) ;
#2922 = CARTESIAN_POINT ( 'NONE',  ( 107.4705627484769934, -10.00000000000025757, 0.000000000000000000 ) ) ;
#2923 = ADVANCED_FACE ( 'NONE', ( #2817 ), #722, .F. ) ;
#2924 = EDGE_CURVE ( 'NONE', #745, #2617, #3675, .T. ) ;
#2925 = CARTESIAN_POINT ( 'NONE',  ( 228.0000000000000000, -5.000000000000000888, 2.886751345948130432 ) ) ;
#2926 = CIRCLE ( 'NONE', #901, 3.500000000000000000 ) ;
#2927 = CARTESIAN_POINT ( 'NONE',  ( 21.31801948466058860, -0.1317279836452593111, 4.286263797015736595E-16 ) ) ;
#2928 = ORIENTED_EDGE ( 'NONE', *, *, #2532, .F. ) ;
#2929 = EDGE_CURVE ( 'NONE', #506, #2041, #5436, .T. ) ;
#2930 = EDGE_CURVE ( 'NONE', #2803, #98, #1920, .T. ) ;
#2931 = DIRECTION ( 'NONE',  ( -0.000000000000000000, -0.000000000000000000, -1.000000000000000000 ) ) ;
#2932 = CARTESIAN_POINT ( 'NONE',  ( -9.750000000000014211, 1.763355756877422964, 2.427050983124845462 ) ) ;
#2933 = VECTOR ( 'NONE', #4899, 1000.000000000000000 ) ;
#2934 = CARTESIAN_POINT ( 'NONE',  ( -9.250000000000007105, -2.853169548885460483, 0.9270509831248441301 ) ) ;
#2935 = VECTOR ( 'NONE', #3720, 1000.000000000000000 ) ;
#2936 = PLANE ( 'NONE',  #2755 ) ;
#2937 = CARTESIAN_POINT ( 'NONE',  ( -7.375000000000007994, -0.6498393924658163456, -2.000000000000002220 ) ) ;
#2938 = CARTESIAN_POINT ( 'NONE',  ( 234.5000000000000000, 0.000000000000000000, 3.000000000000002665 ) ) ;
#2939 = CARTESIAN_POINT ( 'NONE',  ( -0.3431457505076260794, 0.000000000000000000, 0.000000000000000000 ) ) ;
#2940 = DIRECTION ( 'NONE',  ( 0.000000000000000000, 0.000000000000000000, 1.000000000000000000 ) ) ;
#2941 = AXIS2_PLACEMENT_3D ( 'NONE', #4003, #877, #460 ) ;
#2942 = VECTOR ( 'NONE', #4803, 1000.000000000000000 ) ;
#2943 = DIRECTION ( 'NONE',  ( -0.000000000000000000, 0.5000000000000003331, 0.8660254037844385966 ) ) ;
#2944 = EDGE_LOOP ( 'NONE', ( #2156, #4159, #3557, #735, #4915 ) ) ;
#2945 = CARTESIAN_POINT ( 'NONE',  ( 233.5000000000000000, 0.000000000000000000, 2.000000000000001776 ) ) ;
#2946 = CIRCLE ( 'NONE', #473, 3.500000000000000000 ) ;
#2947 = CARTESIAN_POINT ( 'NONE',  ( 3.952985166675414774, 1.566601056169059980, 2.886751345948129988 ) ) ;
#2948 = DIRECTION ( 'NONE',  ( -1.000000000000000000, 0.000000000000000000, -0.000000000000000000 ) ) ;
#2949 = ORIENTED_EDGE ( 'NONE', *, *, #3064, .T. ) ;
#2950 = FACE_OUTER_BOUND ( 'NONE', #231, .T. ) ;
#2951 = ORIENTED_EDGE ( 'NONE', *, *, #5597, .F. ) ;
#2952 = CARTESIAN_POINT ( 'NONE',  ( 1.505323477514404207, 0.4130173643532309979, 2.886751345948130876 ) ) ;
#2953 = FACE_OUTER_BOUND ( 'NONE', #3040, .T. ) ;
#2954 = CARTESIAN_POINT ( 'NONE',  ( 231.0000000000000000, 0.000000000000000000, 0.000000000000000000 ) ) ;
#2955 = CARTESIAN_POINT ( 'NONE',  ( 3.306235146226145893, 1.261677762509390011, 2.886751345948129988 ) ) ;
#2956 = ORIENTED_EDGE ( 'NONE', *, *, #2174, .T. ) ;
#2957 = VECTOR ( 'NONE', #123, 1000.000000000000000 ) ;
#2958 = EDGE_CURVE ( 'NONE', #5657, #2803, #3873, .T. ) ;
#2959 = CARTESIAN_POINT ( 'NONE',  ( 231.0000000000000000, 0.000000000000000000, 3.000000000000000444 ) ) ;
#2960 = CIRCLE ( 'NONE', #3591, 8.500000000000007105 ) ;
#2961 = CARTESIAN_POINT ( 'NONE',  ( -9.875000000000003553, 0.9747590886987209657, 2.999999999999999556 ) ) ;
#2962 = EDGE_CURVE ( 'NONE', #3054, #493, #2387, .T. ) ;
#2963 = FACE_OUTER_BOUND ( 'NONE', #447, .T. ) ;
#2964 = CARTESIAN_POINT ( 'NONE',  ( 236.7500000000000284, -1.175570504584944054, -1.618033988749906227 ) ) ;
#2965 = CARTESIAN_POINT ( 'NONE',  ( 1.612210406319034783, -0.9625320570562818645, 3.502014054161018741 ) ) ;
#2966 = DIRECTION ( 'NONE',  ( 0.000000000000000000, -1.000000000000000000, -5.421010862427522170E-17 ) ) ;
#2967 = DIRECTION ( 'NONE',  ( -1.000000000000000000, 0.000000000000000000, 0.000000000000000000 ) ) ;
#2968 = ORIENTED_EDGE ( 'NONE', *, *, #4969, .T. ) ;
#2969 = DIRECTION ( 'NONE',  ( 0.000000000000000000, 0.000000000000000000, 1.000000000000000000 ) ) ;
#2970 = VERTEX_POINT ( 'NONE', #3303 ) ;
#2971 = DIRECTION ( 'NONE',  ( -2.630254581326384235E-14, 3.103849605992309128E-14, 1.000000000000000000 ) ) ;
#2972 = CARTESIAN_POINT ( 'NONE',  ( 2.892964035367387776, 1.724676337044976471, 3.045576855856865883 ) ) ;
#2973 = CARTESIAN_POINT ( 'NONE',  ( 226.0000000000000000, 0.4999999999999998890, 3.773502691896260419 ) ) ;
#2974 = ORIENTED_EDGE ( 'NONE', *, *, #4077, .F. ) ;
#2975 = DIRECTION ( 'NONE',  ( 0.000000000000000000, 0.8660254037844382635, 0.5000000000000004441 ) ) ;
#2976 = CARTESIAN_POINT ( 'NONE',  ( 1.453921786281333617, 0.07139464079407671637, 3.503679491924311495 ) ) ;
#2977 = CARTESIAN_POINT ( 'NONE',  ( 13.18629150101519087, 0.000000000000000000, 0.000000000000000000 ) ) ;
#2978 = CARTESIAN_POINT ( 'NONE',  ( 236.1250000000000000, 2.551952425056123186, -1.854101966249681155 ) ) ;
#2979 = AXIS2_PLACEMENT_3D ( 'NONE', #2316, #3401, #2581 ) ;
#2980 = DIRECTION ( 'NONE',  ( 0.000000000000000000, 1.000000000000000000, 0.000000000000000000 ) ) ;
#2981 = ORIENTED_EDGE ( 'NONE', *, *, #3304, .F. ) ;
#2982 = DIRECTION ( 'NONE',  ( 0.000000000000000000, 5.421010862427522170E-17, 1.000000000000000000 ) ) ;
#2983 = CARTESIAN_POINT ( 'NONE',  ( -7.625000000000014211, 3.154386672714803996, 0.000000000000000000 ) ) ;
#2984 = CARTESIAN_POINT ( 'NONE',  ( 236.0000000000000284, 0.000000000000000000, 2.000000000000001776 ) ) ;
#2985 = DIRECTION ( 'NONE',  ( 0.000000000000000000, 0.000000000000000000, -1.000000000000000000 ) ) ;
#2986 = VERTEX_POINT ( 'NONE', #4088 ) ;
#2987 = CARTESIAN_POINT ( 'NONE',  ( 1.454728049962366265, -0.2945242242058806470, 2.886751345948129543 ) ) ;
#2988 = DIRECTION ( 'NONE',  ( -1.000000000000000000, 0.000000000000000000, -0.000000000000000000 ) ) ;
#2989 = FACE_OUTER_BOUND ( 'NONE', #4955, .T. ) ;
#2990 = CARTESIAN_POINT ( 'NONE',  ( 7.353840324345111590, 0.2184806214639111455, 3.493174232420241943 ) ) ;
#2991 = ADVANCED_FACE ( 'NONE', ( #1499 ), #4302, .T. ) ;
#2992 = ADVANCED_FACE ( 'NONE', ( #632 ), #1950, .F. ) ;
#2993 = CARTESIAN_POINT ( 'NONE',  ( 0.000000000000000000, 4.286263797015736595E-16, 3.500000000000000000 ) ) ;
#2994 = AXIS2_PLACEMENT_3D ( 'NONE', #436, #3, #3355 ) ;
#2995 = EDGE_LOOP ( 'NONE', ( #5290, #5161, #4640 ) ) ;
#2996 = CARTESIAN_POINT ( 'NONE',  ( 2.241410422568780980, -0.8872572308043140676, 2.886751345948129988 ) ) ;
#2997 = CARTESIAN_POINT ( 'NONE',  ( 236.7500000000000284, 2.853169548885460483, 0.9270509831248441301 ) ) ;
#2998 = CARTESIAN_POINT ( 'NONE',  ( 2.647527994187393041, 1.678426982555494495, 3.071430402189128994 ) ) ;
#2999 = FACE_OUTER_BOUND ( 'NONE', #385, .T. ) ;
#3000 = ORIENTED_EDGE ( 'NONE', *, *, #1051, .F. ) ;
#3001 = CARTESIAN_POINT ( 'NONE',  ( 1.453245755693006958, 2.495359062611168799E-15, 3.499999999999999556 ) ) ;
#3002 = VECTOR ( 'NONE', #3061, 1000.000000000000000 ) ;
#3003 = VERTEX_POINT ( 'NONE', #4178 ) ;
#3004 = CARTESIAN_POINT ( 'NONE',  ( 1.550388023404278615, 0.5729878048638171739, 2.886751345948128655 ) ) ;
#3005 = CARTESIAN_POINT ( 'NONE',  ( 0.000000000000000000, -8.673617379884035472E-16, -5.773502691896259087 ) ) ;
#3006 = CARTESIAN_POINT ( 'NONE',  ( 234.0000000000000000, 2.853169548885460483, 0.9270509831248441301 ) ) ;
#3007 = VECTOR ( 'NONE', #1983, 1000.000000000000000 ) ;
#3008 = CARTESIAN_POINT ( 'NONE',  ( 2.920319725346830708, -1.414110066832717560, 3.363938717079706819 ) ) ;
#3009 = EDGE_LOOP ( 'NONE', ( #2830, #3274, #3670, #223 ) ) ;
#3010 = FACE_OUTER_BOUND ( 'NONE', #37, .T. ) ;
#3011 = AXIS2_PLACEMENT_3D ( 'NONE', #2553, #1630, #3894 ) ;
#3012 = DIRECTION ( 'NONE',  ( 1.000000000000000000, 4.212795567215565404E-16, 0.000000000000000000 ) ) ;
#3013 = LINE ( 'NONE', #1229, #5388 ) ;
#3014 = ORIENTED_EDGE ( 'NONE', *, *, #5390, .T. ) ;
#3015 = VERTEX_POINT ( 'NONE', #264 ) ;
#3016 = CARTESIAN_POINT ( 'NONE',  ( 235.1250000000000000, -3.154386672714803996, 0.000000000000000000 ) ) ;
#3017 = AXIS2_PLACEMENT_3D ( 'NONE', #2468, #200, #1601 ) ;
#3018 = DIRECTION ( 'NONE',  ( -0.7071067811865456854, 0.7071067811865493491, 0.000000000000000000 ) ) ;
#3019 = DIRECTION ( 'NONE',  ( -0.7071067811865449082, 0.7071067811865501263, 0.000000000000000000 ) ) ;
#3020 = ORIENTED_EDGE ( 'NONE', *, *, #1931, .F. ) ;
#3021 = DIRECTION ( 'NONE',  ( 0.000000000000000000, 0.000000000000000000, -1.000000000000000000 ) ) ;
#3022 = CARTESIAN_POINT ( 'NONE',  ( 235.2500000000000284, -2.853169548885460483, 0.9270509831248441301 ) ) ;
#3023 = ORIENTED_EDGE ( 'NONE', *, *, #3025, .F. ) ;
#3024 = DIRECTION ( 'NONE',  ( -1.000000000000000000, 0.000000000000000000, 0.000000000000000000 ) ) ;
#3025 = EDGE_CURVE ( 'NONE', #1123, #3850, #3760, .T. ) ;
#3026 = CARTESIAN_POINT ( 'NONE',  ( -9.625000000000005329, 0.6498393924658074639, -2.000000000000003109 ) ) ;
#3027 = VECTOR ( 'NONE', #2267, 999.9999999999998863 ) ;
#3028 = EDGE_CURVE ( 'NONE', #5421, #5531, #3013, .T. ) ;
#3029 = CARTESIAN_POINT ( 'NONE',  ( -11.25000000000001599, -2.853169548885460483, -0.9270509831248441301 ) ) ;
#3030 = ORIENTED_EDGE ( 'NONE', *, *, #3337, .T. ) ;
#3031 = B_SPLINE_SURFACE_WITH_KNOTS ( 'NONE', 3, 1, ( 
 ( #5544, #1032 ),
 ( #1633, #1836 ),
 ( #5322, #3959 ),
 ( #119, #1353 ),
 ( #4911, #4406 ),
 ( #5236, #1864 ),
 ( #495, #4037 ),
 ( #2297, #2729 ),
 ( #2675, #34 ),
 ( #4011, #3560 ),
 ( #5345, #2762 ) ),
 .UNSPECIFIED., .F., .F., .F.,
 ( 4, 1, 1, 1, 1, 1, 1, 1, 4 ),
 ( 2, 2 ),
 ( 0.000000000000000000, 0.1219419696585112151, 0.2422616988283165240, 0.3626876733444057144, 0.4837730636677011753, 0.6070648549208398359, 0.7336678841309052235, 0.8642247819918535967, 0.9999999999999998890 ),
 ( 0.000000000000000000, 1.000000000000000000 ),
 .UNSPECIFIED. ) ;
#3032 = AXIS2_PLACEMENT_3D ( 'NONE', #4205, #2028, #1201 ) ;
#3033 = AXIS2_PLACEMENT_3D ( 'NONE', #3212, #4065, #4859 ) ;
#3034 = CARTESIAN_POINT ( 'NONE',  ( -3.000000000000000000, -8.673617379884035472E-16, -5.773502691896259087 ) ) ;
#3035 = ORIENTED_EDGE ( 'NONE', *, *, #4376, .F. ) ;
#3036 = DIRECTION ( 'NONE',  ( -1.000000000000000000, 0.000000000000000000, 0.000000000000000000 ) ) ;
#3037 = CARTESIAN_POINT ( 'NONE',  ( 233.5000000000000000, 0.000000000000000000, 2.000000000000001776 ) ) ;
#3038 = LINE ( 'NONE', #2925, #5211 ) ;
#3039 = CARTESIAN_POINT ( 'NONE',  ( 2.473143955730841892, -1.180219518559787462, 2.886751345948130432 ) ) ;
#3040 = EDGE_LOOP ( 'NONE', ( #4957, #2701, #2956, #3427 ) ) ;
#3041 =( BOUNDED_CURVE ( )  B_SPLINE_CURVE ( 2, ( #968, #2727, #4458, #718, #4973, #1087, #1464, #1053, #2850, #3755, #5373 ),
 .UNSPECIFIED., .F., .F. ) 
 B_SPLINE_CURVE_WITH_KNOTS ( ( 3, 2, 2, 2, 2, 3 ),
 ( 0.7500000000000000000, 0.8000000000000000444, 0.8499999999999999778, 0.9000000000000000222, 0.9499999999999999556, 1.000000000000000000 ),
 .UNSPECIFIED. ) 
 CURVE ( )  GEOMETRIC_REPRESENTATION_ITEM ( )  RATIONAL_B_SPLINE_CURVE ( ( 1.000000000000000000, 0.9510565162951535312, 1.000000000000000000, 0.9510565162951535312, 1.000000000000000000, 0.9510565162951535312, 1.000000000000000000, 0.9510565162951535312, 1.000000000000000000, 0.9510565162951535312, 1.000000000000000000 ) ) 
 REPRESENTATION_ITEM ( '' )  );
#3042 = CARTESIAN_POINT ( 'NONE',  ( 75.47056274847707869, -1.999999999999998224, 4.286263797015736595E-16 ) ) ;
#3043 = CARTESIAN_POINT ( 'NONE',  ( 228.0000000000000000, 0.000000000000000000, 0.000000000000000000 ) ) ;
#3044 = CARTESIAN_POINT ( 'NONE',  ( -9.500000000000015987, 0.000000000000000000, 3.000000000000002665 ) ) ;
#3045 = ORIENTED_EDGE ( 'NONE', *, *, #2746, .T. ) ;
#3046 = CARTESIAN_POINT ( 'NONE',  ( 5.076626713085535592, 1.664498793564392010, 2.886751345948129543 ) ) ;
#3047 = VECTOR ( 'NONE', #2658, 1000.000000000000000 ) ;
#3048 = DIRECTION ( 'NONE',  ( 0.000000000000000000, 1.000000000000000000, 0.000000000000000000 ) ) ;
#3049 = DIRECTION ( 'NONE',  ( 0.000000000000000000, 0.000000000000000000, -1.000000000000000000 ) ) ;
#3050 = VERTEX_POINT ( 'NONE', #5656 ) ;
#3051 = DIRECTION ( 'NONE',  ( -0.7071067811865503483, 0.000000000000000000, -0.7071067811865446862 ) ) ;
#3052 = VECTOR ( 'NONE', #3220, 1000.000000000000000 ) ;
#3053 = DIRECTION ( 'NONE',  ( 0.000000000000000000, -1.000000000000000000, -0.000000000000000000 ) ) ;
#3054 = VERTEX_POINT ( 'NONE', #3840 ) ;
#3055 = CARTESIAN_POINT ( 'NONE',  ( -8.625000000000008882, -0.9747590886987209657, -2.999999999999999556 ) ) ;
#3056 = CARTESIAN_POINT ( 'NONE',  ( 234.5000000000000000, 1.763355756877416081, 2.427050983124845462 ) ) ;
#3057 = CARTESIAN_POINT ( 'NONE',  ( 2.981040013742038752, -1.919452848714497950, 2.886751345948129543 ) ) ;
#3058 = EDGE_CURVE ( 'NONE', #2162, #4174, #4742, .T. ) ;
#3059 = ORIENTED_EDGE ( 'NONE', *, *, #4381, .T. ) ;
#3060 = DIRECTION ( 'NONE',  ( 0.000000000000000000, 0.000000000000000000, -1.000000000000000000 ) ) ;
#3061 = DIRECTION ( 'NONE',  ( 1.000000000000000000, -0.000000000000000000, -0.000000000000000000 ) ) ;
#3062 = CARTESIAN_POINT ( 'NONE',  ( 213.4705627484779313, 0.000000000000000000, 0.000000000000000000 ) ) ;
#3063 = CARTESIAN_POINT ( 'NONE',  ( 2.362302822118135914, 0.8850582092066512363, 3.386247475645558502 ) ) ;
#3064 = EDGE_CURVE ( 'NONE', #2666, #318, #1171, .T. ) ;
#3065 = CARTESIAN_POINT ( 'NONE',  ( 0.000000000000000000, 0.000000000000000000, 0.000000000000000000 ) ) ;
#3066 = ORIENTED_EDGE ( 'NONE', *, *, #2283, .T. ) ;
#3067 = CARTESIAN_POINT ( 'NONE',  ( -10.75000000000001421, 0.000000000000000000, 2.000000000000001776 ) ) ;
#3068 = LINE ( 'NONE', #109, #1235 ) ;
#3069 = CARTESIAN_POINT ( 'NONE',  ( -7.750000000000005329, 2.853169548885460483, 0.9270509831248441301 ) ) ;
#3070 = ORIENTED_EDGE ( 'NONE', *, *, #3884, .T. ) ;
#3071 =( BOUNDED_CURVE ( )  B_SPLINE_CURVE ( 2, ( #2455, #3740, #757, #4132, #3713, #4188, #4617, #2426, #3283, #2484, #2945 ),
 .UNSPECIFIED., .F., .F. ) 
 B_SPLINE_CURVE_WITH_KNOTS ( ( 3, 2, 2, 2, 2, 3 ),
 ( 0.2500000000000002220, 0.3000000000000002665, 0.3500000000000003109, 0.4000000000000003553, 0.4500000000000003997, 0.5000000000000004441 ),
 .UNSPECIFIED. ) 
 CURVE ( )  GEOMETRIC_REPRESENTATION_ITEM ( )  RATIONAL_B_SPLINE_CURVE ( ( 0.9999999999999997780, 0.9510565162951537532, 1.000000000000000000, 0.9510565162951535312, 1.000000000000000000, 0.9510565162951535312, 1.000000000000000000, 0.9510565162951535312, 1.000000000000000000, 0.9510565162951530871, 1.000000000000000444 ) ) 
 REPRESENTATION_ITEM ( '' )  );
#3072 = CARTESIAN_POINT ( 'NONE',  ( 234.2500000000000000, 2.853169548885460483, 0.9270509831248441301 ) ) ;
#3073 = CARTESIAN_POINT ( 'NONE',  ( 1.473944353606746249, 0.2456539760260554595, 2.886751345948127767 ) ) ;
#3074 = FACE_BOUND ( 'NONE', #1798, .T. ) ;
#3075 = CARTESIAN_POINT ( 'NONE',  ( 13.18629150101523173, 8.000000000000000000, 0.000000000000000000 ) ) ;
#3076 = LINE ( 'NONE', #9, #450 ) ;
#3077 = ORIENTED_EDGE ( 'NONE', *, *, #5041, .F. ) ;
#3078 = EDGE_CURVE ( 'NONE', #2652, #1824, #376, .T. ) ;
#3079 = CARTESIAN_POINT ( 'NONE',  ( 13.18629150101519087, 0.000000000000000000, 0.000000000000000000 ) ) ;
#3080 = CARTESIAN_POINT ( 'NONE',  ( 188.5294372515236887, -11.49999999999981171, 0.000000000000000000 ) ) ;
#3081 = VERTEX_POINT ( 'NONE', #2588 ) ;
#3082 = EDGE_LOOP ( 'NONE', ( #3733, #4130, #3324, #1280 ) ) ;
#3083 = CARTESIAN_POINT ( 'NONE',  ( 1.450669114653322378, -0.1076373190313678341, 3.498344495265116372 ) ) ;
#3084 = ORIENTED_EDGE ( 'NONE', *, *, #1861, .F. ) ;
#3085 = CARTESIAN_POINT ( 'NONE',  ( 226.0000000000000000, -2.500000000000000000, 3.773502691896260419 ) ) ;
#3086 = CARTESIAN_POINT ( 'NONE',  ( 13.18629150101519087, 0.000000000000000000, 0.000000000000000000 ) ) ;
#3087 = CARTESIAN_POINT ( 'NONE',  ( 232.6250000000000000, -3.154386672714803996, 0.000000000000000000 ) ) ;
#3088 = DIRECTION ( 'NONE',  ( 0.000000000000000000, 0.000000000000000000, 1.000000000000000000 ) ) ;
#3089 = ORIENTED_EDGE ( 'NONE', *, *, #3442, .T. ) ;
#3090 = PLANE ( 'NONE',  #3118 ) ;
#3091 = ADVANCED_FACE ( 'NONE', ( #4713 ), #2936, .T. ) ;
#3092 = EDGE_CURVE ( 'NONE', #2168, #4729, #2499, .T. ) ;
#3093 = EDGE_CURVE ( 'NONE', #1562, #2878, #2946, .T. ) ;
#3094 = VECTOR ( 'NONE', #1792, 1000.000000000000000 ) ;
#3095 = CARTESIAN_POINT ( 'NONE',  ( 1.859095980856778407, 1.137596958538559022, 3.312505020278111445 ) ) ;
#3096 = CARTESIAN_POINT ( 'NONE',  ( -11.25000000000000711, -1.763355756877422964, -2.427050983124845462 ) ) ;
#3097 = EDGE_CURVE ( 'NONE', #787, #188, #5122, .T. ) ;
#3098 = ADVANCED_FACE ( 'NONE', ( #2963 ), #511, .T. ) ;
#3099 = EDGE_LOOP ( 'NONE', ( #5533, #662, #5306, #3359 ) ) ;
#3100 = AXIS2_PLACEMENT_3D ( 'NONE', #3333, #4612, #699 ) ;
#3101 = CARTESIAN_POINT ( 'NONE',  ( 3.929424250400459062, -1.244621918486379819, 3.271754097713374776 ) ) ;
#3102 = CYLINDRICAL_SURFACE ( 'NONE', #4832, 3.500000000000002220 ) ;
#3103 = DIRECTION ( 'NONE',  ( 0.7071067811865503483, 0.000000000000000000, 0.7071067811865445751 ) ) ;
#3104 = AXIS2_PLACEMENT_3D ( 'NONE', #3350, #1688, #1147 ) ;
#3105 = DIRECTION ( 'NONE',  ( 0.7071067811865456854, -0.7071067811865493491, 0.000000000000000000 ) ) ;
#3106 = AXIS2_PLACEMENT_3D ( 'NONE', #219, #1963, #1481 ) ;
#3107 = EDGE_LOOP ( 'NONE', ( #3990, #4647, #553, #1432, #4793 ) ) ;
#3108 = CARTESIAN_POINT ( 'NONE',  ( 28.52943725152283250, -6.999999999999999112, 0.000000000000000000 ) ) ;
#3109 = VECTOR ( 'NONE', #5310, 1000.000000000000000 ) ;
#3110 = VECTOR ( 'NONE', #1466, 1000.000000000000000 ) ;
#3111 = ORIENTED_EDGE ( 'NONE', *, *, #3828, .F. ) ;
#3112 = ORIENTED_EDGE ( 'NONE', *, *, #3478, .F. ) ;
#3113 = EDGE_LOOP ( 'NONE', ( #4962, #1273, #1952, #4787 ) ) ;
#3114 = DIRECTION ( 'NONE',  ( -1.000000000000000000, 0.000000000000000000, 0.000000000000000000 ) ) ;
#3115 = CARTESIAN_POINT ( 'NONE',  ( 225.0000000000000000, 5.000000000000001776, 2.886751345948129099 ) ) ;
#3116 = CARTESIAN_POINT ( 'NONE',  ( 234.2500000000000000, -1.902113032590309283, -0.6180339887499053386 ) ) ;
#3117 = CARTESIAN_POINT ( 'NONE',  ( 235.7500000000000284, 0.000000000000000000, 2.000000000000001776 ) ) ;
#3118 = AXIS2_PLACEMENT_3D ( 'NONE', #4344, #909, #3975 ) ;
#3119 = AXIS2_PLACEMENT_3D ( 'NONE', #1468, #4431, #920 ) ;
#3120 = CARTESIAN_POINT ( 'NONE',  ( 4.449956483261908957, 1.213046807104388725, 2.886751345948129543 ) ) ;
#3121 = ORIENTED_EDGE ( 'NONE', *, *, #184, .T. ) ;
#3122 = CARTESIAN_POINT ( 'NONE',  ( 213.4705627484779313, 5.204170427930421283E-15, 0.000000000000000000 ) ) ;
#3123 =( LENGTH_UNIT ( ) NAMED_UNIT ( * ) SI_UNIT ( .MILLI., .METRE. ) );
#3124 = LINE ( 'NONE', #5339, #508 ) ;
#3125 = CARTESIAN_POINT ( 'NONE',  ( 2.864902324488584728, -1.905001879422973055, 2.936179791004501105 ) ) ;
#3126 = ORIENTED_EDGE ( 'NONE', *, *, #399, .T. ) ;
#3127 = EDGE_CURVE ( 'NONE', #3850, #3980, #939, .T. ) ;
#3128 = CARTESIAN_POINT ( 'NONE',  ( 4.154558192704843833, -1.069017609211475817, 3.333498497112346914 ) ) ;
#3129 = EDGE_CURVE ( 'NONE', #1853, #2907, #112, .T. ) ;
#3130 = CARTESIAN_POINT ( 'NONE',  ( 3.051339357494287530, -1.436670525698194867, 2.886751345948129543 ) ) ;
#3131 = LINE ( 'NONE', #3561, #2481 ) ;
#3132 = LINE ( 'NONE', #3961, #4552 ) ;
#3133 = TOROIDAL_SURFACE ( 'NONE', #3505, 12.00000000000000178, 3.500000000000000000 ) ;
#3134 = VERTEX_POINT ( 'NONE', #2756 ) ;
#3135 = AXIS2_PLACEMENT_3D ( 'NONE', #4980, #5408, #4549 ) ;
#3136 = CARTESIAN_POINT ( 'NONE',  ( -9.125000000000014211, 1.701301616704077091, -1.236067977499787141 ) ) ;
#3137 = AXIS2_PLACEMENT_3D ( 'NONE', #5234, #2642, #3629 ) ;
#3138 = CARTESIAN_POINT ( 'NONE',  ( -11.75000000000001421, -1.763355756877416081, 2.427050983124845462 ) ) ;
#3139 = ORIENTED_EDGE ( 'NONE', *, *, #2748, .F. ) ;
#3140 = ORIENTED_EDGE ( 'NONE', *, *, #2962, .F. ) ;
#3141 = FACE_OUTER_BOUND ( 'NONE', #3404, .T. ) ;
#3142 = CARTESIAN_POINT ( 'NONE',  ( 5.636576828888136603, 0.000000000000000000, 0.000000000000000000 ) ) ;
#3143 = FACE_OUTER_BOUND ( 'NONE', #1374, .T. ) ;
#3144 = DIRECTION ( 'NONE',  ( 1.000000000000000000, -0.000000000000000000, -0.000000000000000000 ) ) ;
#3145 = PLANE ( 'NONE',  #5560 ) ;
#3146 = VERTEX_POINT ( 'NONE', #1802 ) ;
#3147 = EDGE_CURVE ( 'NONE', #3188, #5304, #5141, .T. ) ;
#3148 = CARTESIAN_POINT ( 'NONE',  ( 3.254323290286619041, 1.738050887570469660, 2.886751345948129099 ) ) ;
#3149 = CARTESIAN_POINT ( 'NONE',  ( 3.337351690658917125, -1.437010676410994892, 2.886751345948130876 ) ) ;
#3150 = CARTESIAN_POINT ( 'NONE',  ( 2.120949475566050513, 1.401147986249747568, 2.886751345948129543 ) ) ;
#3151 = CARTESIAN_POINT ( 'NONE',  ( -7.750000000000014211, 2.853169548885460483, -0.9270509831248441301 ) ) ;
#3152 = VERTEX_POINT ( 'NONE', #688 ) ;
#3153 = DIRECTION ( 'NONE',  ( 0.000000000000000000, 0.000000000000000000, -1.000000000000000000 ) ) ;
#3154 = DIRECTION ( 'NONE',  ( -1.000000000000000000, 0.000000000000000000, 0.000000000000000000 ) ) ;
#3155 = CARTESIAN_POINT ( 'NONE',  ( -3.000000000000000000, -8.673617379884035472E-16, 5.773502691896260863 ) ) ;
#3156 = CIRCLE ( 'NONE', #3710, 2.000000000000000000 ) ;
#3157 = ORIENTED_EDGE ( 'NONE', *, *, #815, .F. ) ;
#3158 = DIRECTION ( 'NONE',  ( 0.000000000000000000, -0.8660254037844384856, 0.5000000000000002220 ) ) ;
#3159 = ADVANCED_FACE ( 'NONE', ( #2344 ), #4572, .T. ) ;
#3160 = EDGE_CURVE ( 'NONE', #4002, #5438, #3699, .T. ) ;
#3161 = EDGE_CURVE ( 'NONE', #4014, #4296, #3378, .T. ) ;
#3162 = DIRECTION ( 'NONE',  ( 0.000000000000000000, -1.000000000000000000, -0.000000000000000000 ) ) ;
#3163 = ORIENTED_EDGE ( 'NONE', *, *, #2008, .T. ) ;
#3164 = LINE ( 'NONE', #2713, #5320 ) ;
#3165 = ORIENTED_EDGE ( 'NONE', *, *, #3338, .F. ) ;
#3166 = CARTESIAN_POINT ( 'NONE',  ( 5.076626713085535592, -1.847348703317845509, 2.886751345948129543 ) ) ;
#3167 = CYLINDRICAL_SURFACE ( 'NONE', #4660, 3.499999999999996447 ) ;
#3168 = CARTESIAN_POINT ( 'NONE',  ( 120.4895923599141838, -8.960155108391445467, 4.286263797015736595E-16 ) ) ;
#3169 = CARTESIAN_POINT ( 'NONE',  ( 1.450669114653322378, -0.1076373190313678341, 2.886751345948129543 ) ) ;
#3170 = ORIENTED_EDGE ( 'NONE', *, *, #4332, .F. ) ;
#3171 = CARTESIAN_POINT ( 'NONE',  ( 236.5000000000000284, 2.853169548885460483, -0.9270509831248441301 ) ) ;
#3172 = CIRCLE ( 'NONE', #2994, 3.500000000000000000 ) ;
#3173 = FACE_BOUND ( 'NONE', #2459, .T. ) ;
#3174 = CYLINDRICAL_SURFACE ( 'NONE', #1725, 3.499999999999998668 ) ;
#3175 = CARTESIAN_POINT ( 'NONE',  ( 2.059950598230141594, -0.1581706144441975825, 3.501732876836456398 ) ) ;
#3176 = CARTESIAN_POINT ( 'NONE',  ( -9.125000000000007105, -3.154386672714803996, 0.000000000000000000 ) ) ;
#3177 = ORIENTED_EDGE ( 'NONE', *, *, #3064, .F. ) ;
#3178 = MANIFOLD_SOLID_BREP ( '<D6d4P2.5N2_thread>-<\X2\51f853f0\X0\-\X2\62c94f38\X0\1>', #3684 ) ;
#3179 = CARTESIAN_POINT ( 'NONE',  ( 3.098335575015770171, -1.438095717924060324, 3.190907310243165984 ) ) ;
#3180 = DIRECTION ( 'NONE',  ( 1.000000000000000000, -0.000000000000000000, -0.000000000000000000 ) ) ;
#3181 = CARTESIAN_POINT ( 'NONE',  ( 2.099473762807038124, 0.3171495051484000682, 3.503679491924311939 ) ) ;
#3182 = AXIS2_PLACEMENT_3D ( 'NONE', #5101, #1594, #1617 ) ;
#3183 = ORIENTED_EDGE ( 'NONE', *, *, #2283, .F. ) ;
#3184 = CARTESIAN_POINT ( 'NONE',  ( -9.875000000000015987, -1.701301616704077091, -1.236067977499787141 ) ) ;
#3185 = VECTOR ( 'NONE', #516, 1000.000000000000000 ) ;
#3186 = AXIS2_PLACEMENT_3D ( 'NONE', #39, #1734, #4808 ) ;
#3187 = DIRECTION ( 'NONE',  ( -1.000000000000000000, -0.000000000000000000, -0.000000000000000000 ) ) ;
#3188 = VERTEX_POINT ( 'NONE', #1461 ) ;
#3189 = ADVANCED_FACE ( 'NONE', ( #660 ), #2808, .T. ) ;
#3190 = DIRECTION ( 'NONE',  ( 0.000000000000000000, 0.000000000000000000, -1.000000000000000000 ) ) ;
#3191 = AXIS2_PLACEMENT_3D ( 'NONE', #316, #2082, #2980 ) ;
#3192 = CARTESIAN_POINT ( 'NONE',  ( 2.060528021428584822, -0.1929383002091673294, 3.495517766582749264 ) ) ;
#3193 = VECTOR ( 'NONE', #1995, 1000.000000000000114 ) ;
#3194 = EDGE_CURVE ( 'NONE', #5304, #5632, #163, .T. ) ;
#3195 = CARTESIAN_POINT ( 'NONE',  ( 235.7500000000000284, 0.000000000000000000, -3.000000000000002665 ) ) ;
#3196 = B_SPLINE_CURVE_WITH_KNOTS ( 'NONE', 3,
 ( #312, #4566, #3292, #1570, #4648, #5022, #2840, #5104, #684, #1161, #5561, #3317 ),
 .UNSPECIFIED., .F., .F.,
 ( 4, 2, 2, 2, 2, 4 ),
 ( 0.000000000000000000, 0.0001717304854066762092, 0.0003434609708133524184, 0.0006869219416267053789, 0.001030382912440058448, 0.001373843883253411408 ),
 .UNSPECIFIED. ) ;
#3197 = DIRECTION ( 'NONE',  ( 0.000000000000000000, 1.000000000000000000, -5.421010862427522170E-17 ) ) ;
#3198 = CARTESIAN_POINT ( 'NONE',  ( -12.37500000000001776, -1.701301616704077535, -1.236067977499787363 ) ) ;
#3199 = VERTEX_POINT ( 'NONE', #5428 ) ;
#3200 = CARTESIAN_POINT ( 'NONE',  ( 236.7500000000000284, 2.853169548885460483, 0.9270509831248441301 ) ) ;
#3201 = CARTESIAN_POINT ( 'NONE',  ( -1.000000000000000000, -0.4999999999999992784, 5.484827557301449552 ) ) ;
#3202 = FACE_OUTER_BOUND ( 'NONE', #4008, .T. ) ;
#3203 = CARTESIAN_POINT ( 'NONE',  ( 2.422924490485719229, 1.589767584780136689, 3.312505020278111889 ) ) ;
#3204 = ORIENTED_EDGE ( 'NONE', *, *, #4912, .T. ) ;
#3205 = AXIS2_PLACEMENT_3D ( 'NONE', #3902, #2182, #5606 ) ;
#3206 = CARTESIAN_POINT ( 'NONE',  ( 1.871567030206502391, -1.363471988548559999, 3.223498741498658671 ) ) ;
#3207 = ORIENTED_EDGE ( 'NONE', *, *, #2859, .T. ) ;
#3208 = CIRCLE ( 'NONE', #3944, 3.000000000000000444 ) ;
#3209 = LINE ( 'NONE', #2904, #4658 ) ;
#3210 = CARTESIAN_POINT ( 'NONE',  ( -6.000000000000005329, 0.000000000000000000, 2.000000000000001776 ) ) ;
#3211 = LINE ( 'NONE', #1120, #1825 ) ;
#3212 = CARTESIAN_POINT ( 'NONE',  ( 197.0147186257622707, -11.48528137423854290, 0.000000000000000000 ) ) ;
#3213 = CARTESIAN_POINT ( 'NONE',  ( 1.770106920123322158, -1.241350002632227056, 2.886751345948130432 ) ) ;
#3214 = CARTESIAN_POINT ( 'NONE',  ( -7.875000000000007105, 3.154386672714803996, 0.000000000000000000 ) ) ;
#3215 = ADVANCED_FACE ( 'NONE', ( #1048 ), #1493, .T. ) ;
#3216 = DIRECTION ( 'NONE',  ( 0.000000000000000000, 0.000000000000000000, 1.000000000000000000 ) ) ;
#3217 = CARTESIAN_POINT ( 'NONE',  ( 228.0000000000000000, 5.000000000000001776, -2.886751345948125103 ) ) ;
#3218 = CARTESIAN_POINT ( 'NONE',  ( -8.250000000000007105, -1.175570504584944054, 1.618033988749892238 ) ) ;
#3219 = ORIENTED_EDGE ( 'NONE', *, *, #2819, .T. ) ;
#3220 = DIRECTION ( 'NONE',  ( 0.000000000000000000, 0.000000000000000000, -1.000000000000000000 ) ) ;
#3221 = EDGE_LOOP ( 'NONE', ( #2719, #438, #4454, #1394 ) ) ;
#3222 = CARTESIAN_POINT ( 'NONE',  ( 2.063095464980446714, -0.2692874525459527102, 3.490456418563339991 ) ) ;
#3223 = CARTESIAN_POINT ( 'NONE',  ( 231.6249999999999716, -2.102924448476536590, 0.000000000000000000 ) ) ;
#3224 = ADVANCED_FACE ( 'NONE', ( #4116 ), #1944, .F. ) ;
#3225 = LINE ( 'NONE', #2367, #1730 ) ;
#3226 = CARTESIAN_POINT ( 'NONE',  ( -12.12500000000001421, -0.6498393924658139031, -2.000000000000003997 ) ) ;
#3227 = B_SPLINE_SURFACE_WITH_KNOTS ( 'NONE', 3, 1, ( 
 ( #700, #2040 ),
 ( #2482, #4184 ),
 ( #780, #5498 ),
 ( #2911, #1180 ),
 ( #4668, #5581 ),
 ( #5127, #5071 ),
 ( #2014, #4639 ),
 ( #3793, #755 ),
 ( #3768, #4216 ),
 ( #1128, #303 ),
 ( #2511, #1612 ) ),
 .UNSPECIFIED., .F., .F., .F.,
 ( 4, 1, 1, 1, 1, 1, 1, 1, 4 ),
 ( 2, 2 ),
 ( 0.000000000000000000, 0.1312872099458925468, 0.2571509188796254897, 0.3806390202554611468, 0.5019545412869053091, 0.6224211404997465058, 0.7451393897480365069, 0.8703320054231776792, 1.000000000000000000 ),
 ( 0.000000000000000000, 1.000000000000000000 ),
 .UNSPECIFIED. ) ;
#3228 = VERTEX_POINT ( 'NONE', #824 ) ;
#3229 = CARTESIAN_POINT ( 'NONE',  ( 233.2500000000000000, 0.000000000000000000, -3.000000000000002665 ) ) ;
#3230 = CARTESIAN_POINT ( 'NONE',  ( 28.52943725152276500, 5.000000000000000000, -3.500000000000000000 ) ) ;
#3231 = LINE ( 'NONE', #2464, #1080 ) ;
#3232 = CARTESIAN_POINT ( 'NONE',  ( 2.949010211136481097, 1.730933143967033683, 2.886751345948128655 ) ) ;
#3233 = EDGE_CURVE ( 'NONE', #5523, #2986, #2546, .T. ) ;
#3234 = EDGE_CURVE ( 'NONE', #4433, #1591, #5511, .T. ) ;
#3235 = DIRECTION ( 'NONE',  ( 0.000000000000000000, 0.000000000000000000, -1.000000000000000000 ) ) ;
#3236 = DIRECTION ( 'NONE',  ( -1.000000000000000000, 0.000000000000000000, 0.000000000000000000 ) ) ;
#3237 = ORIENTED_EDGE ( 'NONE', *, *, #3266, .F. ) ;
#3238 = EDGE_LOOP ( 'NONE', ( #3290, #524, #3126, #3676 ) ) ;
#3239 = DIRECTION ( 'NONE',  ( 0.000000000000000000, 0.000000000000000000, 1.000000000000000000 ) ) ;
#3240 = CARTESIAN_POINT ( 'NONE',  ( -6.875000000000005329, 1.701301616704077091, -1.236067977499787141 ) ) ;
#3241 = CARTESIAN_POINT ( 'NONE',  ( -12.12500000000000533, -0.9747590886987209657, 2.999999999999999556 ) ) ;
#3242 = CARTESIAN_POINT ( 'NONE',  ( 109.5294372515226655, -10.00000000000019007, 0.000000000000000000 ) ) ;
#3243 = ORIENTED_EDGE ( 'NONE', *, *, #4790, .F. ) ;
#3244 = ORIENTED_EDGE ( 'NONE', *, *, #2574, .F. ) ;
#3245 = CARTESIAN_POINT ( 'NONE',  ( 4.054885722302427276, 0.8942356595063335467, 3.384528480666413763 ) ) ;
#3246 = CARTESIAN_POINT ( 'NONE',  ( 3.486005608481143270, -1.909111748558959265, 2.933499901542900190 ) ) ;
#3247 = CARTESIAN_POINT ( 'NONE',  ( 7.913166887680227468, -1.847348703317845509, 3.886751345948129543 ) ) ;
#3248 = CARTESIAN_POINT ( 'NONE',  ( 235.3750000000000000, 1.701301616704077091, 1.236067977499787141 ) ) ;
#3249 = ORIENTED_EDGE ( 'NONE', *, *, #4440, .T. ) ;
#3250 =( BOUNDED_CURVE ( )  B_SPLINE_CURVE ( 2, ( #3947, #1768, #3522, #5248, #1339, #4048, #2798, #1847, #533, #1071, #4896 ),
 .UNSPECIFIED., .F., .F. ) 
 B_SPLINE_CURVE_WITH_KNOTS ( ( 3, 2, 2, 2, 2, 3 ),
 ( 0.5000000000000001110, 0.5500000000000001554, 0.6000000000000000888, 0.6500000000000001332, 0.6999999999999999556, 0.7500000000000000000 ),
 .UNSPECIFIED. ) 
 CURVE ( )  GEOMETRIC_REPRESENTATION_ITEM ( )  RATIONAL_B_SPLINE_CURVE ( ( 0.9999999999999998890, 0.9510565162951536422, 1.000000000000000000, 0.9510565162951535312, 1.000000000000000000, 0.9510565162951535312, 1.000000000000000000, 0.9510565162951535312, 1.000000000000000000, 0.9510565162951535312, 1.000000000000000000 ) ) 
 REPRESENTATION_ITEM ( '' )  );
#3251 = CARTESIAN_POINT ( 'NONE',  ( 2.716661019639273089, 1.172764081842542661, 3.389244452423744391 ) ) ;
#3252 = ORIENTED_EDGE ( 'NONE', *, *, #1555, .T. ) ;
#3253 = CYLINDRICAL_SURFACE ( 'NONE', #158, 2.000000000000000000 ) ;
#3254 = CARTESIAN_POINT ( 'NONE',  ( 232.2500000000000000, -1.763355756877422964, 2.427050983124845462 ) ) ;
#3255 = CARTESIAN_POINT ( 'NONE',  ( 232.2500000000000000, 0.000000000000000000, -2.000000000000001776 ) ) ;
#3256 = DIRECTION ( 'NONE',  ( 0.000000000000000000, 0.000000000000000000, 1.000000000000000000 ) ) ;
#3257 = ORIENTED_EDGE ( 'NONE', *, *, #3272, .F. ) ;
#3258 = CARTESIAN_POINT ( 'NONE',  ( 75.47056274847707869, -1.999999999999998224, 0.000000000000000000 ) ) ;
#3259 = DIRECTION ( 'NONE',  ( 0.000000000000000000, 0.000000000000000000, 1.000000000000000000 ) ) ;
#3260 = CARTESIAN_POINT ( 'NONE',  ( 225.3431457505076310, 0.000000000000000000, 0.000000000000000000 ) ) ;
#3261 = CARTESIAN_POINT ( 'NONE',  ( 2.091398510117226994, -0.4761247647338213151, 3.501732876836456398 ) ) ;
#3262 = PRESENTATION_STYLE_ASSIGNMENT (( #1142 ) ) ;
#3263 = LINE ( 'NONE', #2025, #173 ) ;
#3264 = ORIENTED_EDGE ( 'NONE', *, *, #5006, .T. ) ;
#3265 = EDGE_CURVE ( 'NONE', #967, #5259, #2485, .T. ) ;
#3266 = EDGE_CURVE ( 'NONE', #4855, #3512, #5359, .T. ) ;
#3267 = CARTESIAN_POINT ( 'NONE',  ( 48.47056274847710711, -5.000000000000000888, 0.000000000000000000 ) ) ;
#3268 = EDGE_CURVE ( 'NONE', #1395, #548, #3038, .T. ) ;
#3269 = CARTESIAN_POINT ( 'NONE',  ( -9.375000000000005329, 1.701301616704077091, -1.236067977499787141 ) ) ;
#3270 = CARTESIAN_POINT ( 'NONE',  ( 3.756026242059186782, -1.333547429667386597, 3.356549519670509074 ) ) ;
#3271 = EDGE_CURVE ( 'NONE', #4555, #5324, #1653, .T. ) ;
#3272 = EDGE_CURVE ( 'NONE', #4506, #2970, #5398, .T. ) ;
#3273 = CARTESIAN_POINT ( 'NONE',  ( 235.6250000000000000, 0.6498393924658139031, 1.999999999999991340 ) ) ;
#3274 = ORIENTED_EDGE ( 'NONE', *, *, #1232, .T. ) ;
#3275 = ORIENTED_EDGE ( 'NONE', *, *, #3636, .F. ) ;
#3276 = PRODUCT_DEFINITION_FORMATION_WITH_SPECIFIED_SOURCE ( 'ANY', '', #4952, .NOT_KNOWN. ) ;
#3277 = CARTESIAN_POINT ( 'NONE',  ( 4.449956483261908957, 1.213046807104388725, 3.283065251220854019 ) ) ;
#3278 = UNCERTAINTY_MEASURE_WITH_UNIT (LENGTH_MEASURE( 1.000000000000000082E-05 ), #3893, 'distance_accuracy_value', 'NONE');
#3279 = CARTESIAN_POINT ( 'NONE',  ( 2.504538654975118739, 1.624976505668399129, 2.886751345948129099 ) ) ;
#3280 = CIRCLE ( 'NONE', #4275, 3.500000000000000000 ) ;
#3281 = CARTESIAN_POINT ( 'NONE',  ( -7.625000000000013323, 3.154386672714803996, 0.000000000000000000 ) ) ;
#3282 = ORIENTED_EDGE ( 'NONE', *, *, #1619, .F. ) ;
#3283 = CARTESIAN_POINT ( 'NONE',  ( 233.7500000000000000, -1.175570504584944054, 1.618033988749906227 ) ) ;
#3284 = VECTOR ( 'NONE', #5489, 1000.000000000000000 ) ;
#3285 = CARTESIAN_POINT ( 'NONE',  ( 1.871567030206502391, -1.363471988548559999, 2.886751345948129543 ) ) ;
#3286 = DIRECTION ( 'NONE',  ( 0.000000000000000000, 0.000000000000000000, 1.000000000000000000 ) ) ;
#3287 = CARTESIAN_POINT ( 'NONE',  ( 226.0000000000000000, 1.500000000000000000, 5.773502691896260863 ) ) ;
#3288 = AXIS2_PLACEMENT_3D ( 'NONE', #5480, #1249, #3319 ) ;
#3289 = CARTESIAN_POINT ( 'NONE',  ( -13.25000000000001599, 0.000000000000000000, 2.000000000000001776 ) ) ;
#3290 = ORIENTED_EDGE ( 'NONE', *, *, #3865, .F. ) ;
#3291 = CIRCLE ( 'NONE', #814, 8.500000000000007105 ) ;
#3292 = CARTESIAN_POINT ( 'NONE',  ( 1.800715418904532905, -1.278150901598352762, 3.258622638719943954 ) ) ;
#3293 = FACE_OUTER_BOUND ( 'NONE', #1846, .T. ) ;
#3294 = CARTESIAN_POINT ( 'NONE',  ( 3.012117967818768172, 1.258565049091828092, 3.265930449629080190 ) ) ;
#3295 = FACE_OUTER_BOUND ( 'NONE', #3331, .T. ) ;
#3296 = CARTESIAN_POINT ( 'NONE',  ( 2.087429548415344449, -1.571274313283128610, 3.127733084286385967 ) ) ;
#3297 = CIRCLE ( 'NONE', #5651, 3.000000000000000444 ) ;
#3298 = DIRECTION ( 'NONE',  ( 0.000000000000000000, 0.000000000000000000, 1.000000000000000000 ) ) ;
#3299 = ORIENTED_EDGE ( 'NONE', *, *, #3078, .T. ) ;
#3300 = DIRECTION ( 'NONE',  ( -1.000000000000000000, -0.000000000000000000, -0.000000000000000000 ) ) ;
#3301 = CARTESIAN_POINT ( 'NONE',  ( -10.50000000000000533, -1.902113032590309283, 0.6180339887498914608 ) ) ;
#3302 = VECTOR ( 'NONE', #3815, 1000.000000000000000 ) ;
#3303 = CARTESIAN_POINT ( 'NONE',  ( 232.0000000000000000, 0.000000000000000000, 3.000000000000002665 ) ) ;
#3304 = EDGE_CURVE ( 'NONE', #5327, #2711, #4366, .T. ) ;
#3305 = VECTOR ( 'NONE', #54, 1000.000000000000000 ) ;
#3306 = AXIS2_PLACEMENT_3D ( 'NONE', #142, #2703, #2238 ) ;
#3307 = ORIENTED_EDGE ( 'NONE', *, *, #837, .T. ) ;
#3308 = DIRECTION ( 'NONE',  ( -1.000000000000000000, 0.000000000000000000, 0.000000000000000000 ) ) ;
#3309 = LINE ( 'NONE', #4155, #2643 ) ;
#3310 = CARTESIAN_POINT ( 'NONE',  ( 236.2500000000000284, 1.763355756877422964, -2.427050983124845462 ) ) ;
#3311 = ORIENTED_EDGE ( 'NONE', *, *, #1971, .T. ) ;
#3312 = CARTESIAN_POINT ( 'NONE',  ( 2.618313045320388444, 1.118745473987988515, 3.389244452423741727 ) ) ;
#3313 = LINE ( 'NONE', #5209, #916 ) ;
#3314 = CARTESIAN_POINT ( 'NONE',  ( 234.0000000000000000, -1.902113032590309283, -0.6180339887499053386 ) ) ;
#3315 = CARTESIAN_POINT ( 'NONE',  ( 2.059256322919846394, -0.1163670535761743979, 3.498064994942490014 ) ) ;
#3316 = ORIENTED_EDGE ( 'NONE', *, *, #2962, .T. ) ;
#3317 = CARTESIAN_POINT ( 'NONE',  ( 1.450669114653322378, -0.1076373190313678341, 3.498344495265116372 ) ) ;
#3318 = DIRECTION ( 'NONE',  ( 0.000000000000000000, 0.000000000000000000, -1.000000000000000000 ) ) ;
#3319 = DIRECTION ( 'NONE',  ( 0.000000000000000000, 0.000000000000000000, -1.000000000000000000 ) ) ;
#3320 = CARTESIAN_POINT ( 'NONE',  ( 69.46015510839141882, 4.010407640085650094, 4.286263797015735609E-16 ) ) ;
#3321 = VECTOR ( 'NONE', #4643, 1000.000000000000000 ) ;
#3322 = CARTESIAN_POINT ( 'NONE',  ( 2.362302822118135914, 0.8850582092066512363, 2.886751345948129543 ) ) ;
#3323 = CARTESIAN_POINT ( 'NONE',  ( 225.0000000000000000, 4.286263797015736595E-16, 3.500000000000000000 ) ) ;
#3324 = ORIENTED_EDGE ( 'NONE', *, *, #1162, .F. ) ;
#3325 = EDGE_CURVE ( 'NONE', #5587, #5657, #1709, .T. ) ;
#3326 = DIRECTION ( 'NONE',  ( 0.000000000000000000, 0.000000000000000000, -1.000000000000000000 ) ) ;
#3327 = CARTESIAN_POINT ( 'NONE',  ( -11.00000000000000711, 0.000000000000000000, 2.000000000000001776 ) ) ;
#3328 = CARTESIAN_POINT ( 'NONE',  ( 238.2500000000000284, 0.000000000000000000, 0.000000000000000000 ) ) ;
#3329 = DIRECTION ( 'NONE',  ( 0.000000000000000000, 0.000000000000000000, 1.000000000000000000 ) ) ;
#3330 = ORIENTED_EDGE ( 'NONE', *, *, #3092, .T. ) ;
#3331 = EDGE_LOOP ( 'NONE', ( #1916, #125, #2306, #2361 ) ) ;
#3332 = CARTESIAN_POINT ( 'NONE',  ( 4.130884716276152169, 1.466117954439106308, 3.178263607438362115 ) ) ;
#3333 = CARTESIAN_POINT ( 'NONE',  ( 232.7500000000000000, 0.000000000000000000, 2.500000000000002220 ) ) ;
#3334 = FACE_OUTER_BOUND ( 'NONE', #1397, .T. ) ;
#3335 = ORIENTED_EDGE ( 'NONE', *, *, #2645, .T. ) ;
#3336 = CARTESIAN_POINT ( 'NONE',  ( 2.388237603467338044, 0.9154188696873954978, 2.886751345948129543 ) ) ;
#3337 = EDGE_CURVE ( 'NONE', #4018, #2168, #1770, .T. ) ;
#3338 = EDGE_CURVE ( 'NONE', #2277, #838, #74, .T. ) ;
#3339 = EDGE_CURVE ( 'NONE', #2083, #98, #2446, .T. ) ;
#3340 = CARTESIAN_POINT ( 'NONE',  ( 2.287083025973705386, -1.707738727176935090, 3.225519225871962714 ) ) ;
#3341 = DIRECTION ( 'NONE',  ( 0.000000000000000000, 0.000000000000000000, -1.000000000000000000 ) ) ;
#3342 = ORIENTED_EDGE ( 'NONE', *, *, #3304, .T. ) ;
#3343 = LINE ( 'NONE', #224, #5315 ) ;
#3344 = CARTESIAN_POINT ( 'NONE',  ( 1.550388023404278615, 0.5729878048638171739, 3.503679491924309719 ) ) ;
#3345 = DIRECTION ( 'NONE',  ( -1.000000000000000000, 0.000000000000000000, 0.000000000000000000 ) ) ;
#3346 = DIRECTION ( 'NONE',  ( -1.000000000000000000, 0.000000000000000000, 0.000000000000000000 ) ) ;
#3347 = DIRECTION ( 'NONE',  ( -1.000000000000000000, 0.000000000000000000, 0.000000000000000000 ) ) ;
#3348 = VERTEX_POINT ( 'NONE', #3912 ) ;
#3349 = FACE_OUTER_BOUND ( 'NONE', #1501, .T. ) ;
#3350 = CARTESIAN_POINT ( 'NONE',  ( 24.81370849898478781, 5.000000000000976108, 0.000000000000000000 ) ) ;
#3351 = CARTESIAN_POINT ( 'NONE',  ( -10.87500000000000533, -0.6498393924658090182, 2.000000000000002220 ) ) ;
#3352 = CARTESIAN_POINT ( 'NONE',  ( -8.750000000000014211, -2.853169548885460483, -0.9270509831248441301 ) ) ;
#3353 = CARTESIAN_POINT ( 'NONE',  ( 235.2500000000000284, 1.902113032590309283, 0.6180339887499053386 ) ) ;
#3354 = CARTESIAN_POINT ( 'NONE',  ( 234.8750000000000284, -2.551952425056123186, 1.854101966249681155 ) ) ;
#3355 = DIRECTION ( 'NONE',  ( 0.000000000000000000, 0.000000000000000000, 1.000000000000000000 ) ) ;
#3356 = CARTESIAN_POINT ( 'NONE',  ( 213.4705627484779313, 5.204170427930421283E-15, 0.000000000000000000 ) ) ;
#3357 = PLANE ( 'NONE',  #4287 ) ;
#3358 = ORIENTED_EDGE ( 'NONE', *, *, #4345, .F. ) ;
#3359 = ORIENTED_EDGE ( 'NONE', *, *, #49, .F. ) ;
#3360 = DIRECTION ( 'NONE',  ( 0.7548421328606245151, -0.6559065135051056483, 0.000000000000000000 ) ) ;
#3361 = VECTOR ( 'NONE', #2400, 1000.000000000000000 ) ;
#3362 = CARTESIAN_POINT ( 'NONE',  ( 1.933721904565537164, -1.431778783703726132, 2.886751345948129988 ) ) ;
#3363 = EDGE_CURVE ( 'NONE', #606, #2364, #1342, .T. ) ;
#3364 = CARTESIAN_POINT ( 'NONE',  ( 48.47056274847710711, -8.500000000000095923, 4.286263797015736595E-16 ) ) ;
#3365 = ORIENTED_EDGE ( 'NONE', *, *, #1116, .T. ) ;
#3366 = VECTOR ( 'NONE', #5579, 1000.000000000000000 ) ;
#3367 = DIRECTION ( 'NONE',  ( -0.7071067811865437980, 0.7071067811865512365, 0.000000000000000000 ) ) ;
#3368 = EDGE_CURVE ( 'NONE', #5316, #1923, #3208, .T. ) ;
#3369 = EDGE_LOOP ( 'NONE', ( #3517, #2269, #2797, #979 ) ) ;
#3370 = DIRECTION ( 'NONE',  ( 0.000000000000000000, -0.8660254037844384856, -0.5000000000000002220 ) ) ;
#3371 = VECTOR ( 'NONE', #4479, 1000.000000000000000 ) ;
#3372 = DIRECTION ( 'NONE',  ( 0.000000000000000000, 0.000000000000000000, 1.000000000000000000 ) ) ;
#3373 = CARTESIAN_POINT ( 'NONE',  ( 232.3750000000000284, 0.6498393924658091292, -2.000000000000000888 ) ) ;
#3374 = VECTOR ( 'NONE', #1812, 1000.000000000000000 ) ;
#3375 = CARTESIAN_POINT ( 'NONE',  ( 213.4705627484779313, 5.204170427930421283E-15, 0.000000000000000000 ) ) ;
#3376 = ORIENTED_EDGE ( 'NONE', *, *, #1051, .T. ) ;
#3377 = VERTEX_POINT ( 'NONE', #1371 ) ;
#3378 = B_SPLINE_CURVE_WITH_KNOTS ( 'NONE', 3,
 ( #1999, #3634, #3724, #2376, #4996, #2466, #712, #1574, #4081, #2438, #3322 ),
 .UNSPECIFIED., .F., .F.,
 ( 4, 1, 1, 1, 1, 1, 1, 1, 4 ),
 ( 0.000000000000000000, 0.1318821243668325260, 0.2582599447403849391, 0.3814775224231413686, 0.5021360495633837573, 0.6230457502188879726, 0.7450615757484994051, 0.8703717809007569528, 0.9999999999999998890 ),
 .UNSPECIFIED. ) ;
#3379 = FACE_OUTER_BOUND ( 'NONE', #1036, .T. ) ;
#3380 = CARTESIAN_POINT ( 'NONE',  ( -8.750000000000014211, -2.853169548885460483, -0.9270509831248441301 ) ) ;
#3381 = CARTESIAN_POINT ( 'NONE',  ( 59.01471862576138250, -1.485281374238561769, 0.000000000000000000 ) ) ;
#3382 = VECTOR ( 'NONE', #4944, 1000.000000000000000 ) ;
#3383 = CARTESIAN_POINT ( 'NONE',  ( 28.52943725152276500, 5.000000000000000000, 0.000000000000000000 ) ) ;
#3384 = CARTESIAN_POINT ( 'NONE',  ( 237.0000000000000284, 0.000000000000000000, -2.000000000000001776 ) ) ;
#3385 = DIRECTION ( 'NONE',  ( 1.000000000000000000, 0.000000000000000000, 0.000000000000000000 ) ) ;
#3386 = CARTESIAN_POINT ( 'NONE',  ( 0.000000000000000000, -5.000000000000000888, -2.886751345948128655 ) ) ;
#3387 = DIRECTION ( 'NONE',  ( -1.000000000000000000, 0.000000000000000000, 0.000000000000000000 ) ) ;
#3388 = AXIS2_PLACEMENT_3D ( 'NONE', #5570, #2056, #288 ) ;
#3389 = VECTOR ( 'NONE', #603, 1000.000000000000000 ) ;
#3390 = CARTESIAN_POINT ( 'NONE',  ( 237.1249999999999716, 0.9747590886987209657, 2.999999999999992450 ) ) ;
#3391 = VERTEX_POINT ( 'NONE', #486 ) ;
#3392 = ADVANCED_FACE ( 'NONE', ( #959 ), #51, .F. ) ;
#3393 = DIRECTION ( 'NONE',  ( 0.000000000000000000, 0.000000000000000000, 1.000000000000000000 ) ) ;
#3394 = VECTOR ( 'NONE', #3609, 1000.000000000000114 ) ;
#3395 = DIRECTION ( 'NONE',  ( 1.000000000000000000, 0.000000000000000000, 0.000000000000000000 ) ) ;
#3396 = FACE_OUTER_BOUND ( 'NONE', #4481, .T. ) ;
#3397 = EDGE_LOOP ( 'NONE', ( #4525, #794, #287, #3282 ) ) ;
#3398 = DIRECTION ( 'NONE',  ( 1.000000000000000000, 0.000000000000000000, 0.000000000000000000 ) ) ;
#3399 = ADVANCED_FACE ( 'NONE', ( #5647 ), #3495, .F. ) ;
#3400 = CARTESIAN_POINT ( 'NONE',  ( 1.677944209899363770, 0.8711169456635456942, 3.503679491924310163 ) ) ;
#3401 = DIRECTION ( 'NONE',  ( 0.000000000000000000, 0.000000000000000000, 1.000000000000000000 ) ) ;
#3402 = CARTESIAN_POINT ( 'NONE',  ( 236.2500000000000284, 2.853169548885460483, -0.9270509831248441301 ) ) ;
#3403 = CARTESIAN_POINT ( 'NONE',  ( 61.48959235991430461, -3.960155108391476109, 4.286263797015735609E-16 ) ) ;
#3404 = EDGE_LOOP ( 'NONE', ( #3707, #1938, #1448, #3955, #1129 ) ) ;
#3405 = AXIS2_PLACEMENT_3D ( 'NONE', #267, #3790, #3678 ) ;
#3406 = CARTESIAN_POINT ( 'NONE',  ( 3.827459654466222716, 1.622462274980579711, 3.101327337594578015 ) ) ;
#3407 = EDGE_CURVE ( 'NONE', #4415, #1278, #653, .T. ) ;
#3408 = CARTESIAN_POINT ( 'NONE',  ( -8.500000000000014211, -1.763355756877422964, -2.427050983124845462 ) ) ;
#3409 = AXIS2_PLACEMENT_3D ( 'NONE', #3258, #5450, #337 ) ;
#3410 = ADVANCED_FACE ( 'NONE', ( #1903 ), #4474, .F. ) ;
#3411 = EDGE_CURVE ( 'NONE', #3134, #3621, #4960, .T. ) ;
#3412 = CARTESIAN_POINT ( 'NONE',  ( 0.000000000000000000, -1.847348703317845509, 2.972760126271521752 ) ) ;
#3413 = CARTESIAN_POINT ( 'NONE',  ( -10.75000000000001421, 0.000000000000000000, -3.000000000000002665 ) ) ;
#3414 = EDGE_CURVE ( 'NONE', #4970, #1331, #3747, .T. ) ;
#3415 = CARTESIAN_POINT ( 'NONE',  ( 233.6250000000000000, -1.701301616704077091, 1.236067977499787141 ) ) ;
#3416 = ORIENTED_EDGE ( 'NONE', *, *, #5142, .T. ) ;
#3417 = CARTESIAN_POINT ( 'NONE',  ( 1.450669114653322378, -0.1076373190313678341, 2.886751345948129543 ) ) ;
#3418 = CARTESIAN_POINT ( 'NONE',  ( 144.4705627484768513, 14.99999999999980993, 0.000000000000000000 ) ) ;
#3419 = CARTESIAN_POINT ( 'NONE',  ( 5.076626713085535592, 0.000000000000000000, 0.000000000000000000 ) ) ;
#3420 = DIRECTION ( 'NONE',  ( -1.000000000000000000, 0.000000000000000000, -0.000000000000000000 ) ) ;
#3421 = ORIENTED_EDGE ( 'NONE', *, *, #2070, .T. ) ;
#3422 = CARTESIAN_POINT ( 'NONE',  ( 236.8750000000000000, 2.551952425056123186, 1.854101966249681155 ) ) ;
#3423 = ORIENTED_EDGE ( 'NONE', *, *, #2783, .F. ) ;
#3424 = CARTESIAN_POINT ( 'NONE',  ( 234.1250000000000000, 3.154386672714803996, 0.000000000000000000 ) ) ;
#3425 = DIRECTION ( 'NONE',  ( 1.000000000000000000, 0.000000000000000000, 0.000000000000000000 ) ) ;
#3426 = CARTESIAN_POINT ( 'NONE',  ( 225.0000000000000000, -1.500000000000000000, 3.773502691896260419 ) ) ;
#3427 = ORIENTED_EDGE ( 'NONE', *, *, #5006, .F. ) ;
#3428 = CARTESIAN_POINT ( 'NONE',  ( 107.4705627484769934, -6.500000000000190958, 0.000000000000000000 ) ) ;
#3429 = CARTESIAN_POINT ( 'NONE',  ( -7.000000000000013323, 0.000000000000000000, 3.000000000000002665 ) ) ;
#3430 = DIRECTION ( 'NONE',  ( 0.000000000000000000, 0.000000000000000000, 1.000000000000000000 ) ) ;
#3431 = CARTESIAN_POINT ( 'NONE',  ( 235.2500000000000284, -2.853169548885460483, -0.9270509831248441301 ) ) ;
#3432 = AXIS2_PLACEMENT_3D ( 'NONE', #2473, #4208, #346 ) ;
#3433 = CARTESIAN_POINT ( 'NONE',  ( 2.326476882803317547, -1.013372646539442812, 2.886751345948130432 ) ) ;
#3434 = ORIENTED_EDGE ( 'NONE', *, *, #2320, .T. ) ;
#3435 = ORIENTED_EDGE ( 'NONE', *, *, #1521, .F. ) ;
#3436 =( BOUNDED_CURVE ( )  B_SPLINE_CURVE ( 2, ( #2037, #607, #1097, #5520, #1982, #4181, #5439, #1530, #2011, #4127, #176 ),
 .UNSPECIFIED., .F., .F. ) 
 B_SPLINE_CURVE_WITH_KNOTS ( ( 3, 2, 2, 2, 2, 3 ),
 ( 0.2500000000000002220, 0.3000000000000002109, 0.3500000000000001443, 0.4000000000000001887, 0.4500000000000001776, 0.5000000000000001110 ),
 .UNSPECIFIED. ) 
 CURVE ( )  GEOMETRIC_REPRESENTATION_ITEM ( )  RATIONAL_B_SPLINE_CURVE ( ( 0.9999999999999997780, 0.9510565162951537532, 1.000000000000000000, 0.9510565162951535312, 1.000000000000000000, 0.9510565162951535312, 1.000000000000000000, 0.9510565162951535312, 1.000000000000000000, 0.9510565162951534202, 1.000000000000000000 ) ) 
 REPRESENTATION_ITEM ( '' )  );
#3437 = DIRECTION ( 'NONE',  ( 1.000000000000000000, 0.000000000000000000, 0.000000000000000000 ) ) ;
#3438 = CARTESIAN_POINT ( 'NONE',  ( 75.47056274847707869, 10.00000000000000355, 3.500000000000000000 ) ) ;
#3439 = CARTESIAN_POINT ( 'NONE',  ( 0.000000000000000000, -5.000000000000000888, -2.886751345948128655 ) ) ;
#3440 = CARTESIAN_POINT ( 'NONE',  ( -3.000000000000000000, -8.673617379884035472E-16, 5.773502691896260863 ) ) ;
#3441 = VERTEX_POINT ( 'NONE', #1875 ) ;
#3442 = EDGE_CURVE ( 'NONE', #1824, #4002, #2006, .T. ) ;
#3443 = ADVANCED_FACE ( 'NONE', ( #1451 ), #2402, .T. ) ;
#3444 = CARTESIAN_POINT ( 'NONE',  ( 233.7500000000000000, 2.853169548885460483, -0.9270509831248441301 ) ) ;
#3445 = ORIENTED_EDGE ( 'NONE', *, *, #2399, .T. ) ;
#3446 = CARTESIAN_POINT ( 'NONE',  ( 232.1250000000000000, 0.000000000000000000, 3.000000000000002665 ) ) ;
#3447 = EDGE_CURVE ( 'NONE', #498, #3199, #5420, .T. ) ;
#3448 = DIRECTION ( 'NONE',  ( -1.000000000000000000, 0.000000000000000000, 0.000000000000000000 ) ) ;
#3449 = ORIENTED_EDGE ( 'NONE', *, *, #1759, .F. ) ;
#3450 = LINE ( 'NONE', #806, #2942 ) ;
#3451 = CARTESIAN_POINT ( 'NONE',  ( 234.1250000000000000, 3.154386672714803996, 0.000000000000000000 ) ) ;
#3452 = ORIENTED_EDGE ( 'NONE', *, *, #3999, .F. ) ;
#3453 = CARTESIAN_POINT ( 'NONE',  ( -9.375000000000005329, -2.551952425056123186, 1.854101966249688260 ) ) ;
#3454 = CARTESIAN_POINT ( 'NONE',  ( 236.6250000000000284, 3.154386672714803996, 0.000000000000000000 ) ) ;
#3455 = CARTESIAN_POINT ( 'NONE',  ( 2.365121706119354350, -1.749630084296684318, 2.886751345948128655 ) ) ;
#3456 = ORIENTED_EDGE ( 'NONE', *, *, #3932, .F. ) ;
#3457 = FACE_OUTER_BOUND ( 'NONE', #1869, .T. ) ;
#3458 = AXIS2_PLACEMENT_3D ( 'NONE', #4312, #1369, #2195 ) ;
#3459 = DIRECTION ( 'NONE',  ( -1.000000000000000000, 0.000000000000000000, 0.000000000000000000 ) ) ;
#3460 = DIRECTION ( 'NONE',  ( 0.000000000000000000, -0.8660254037844384856, 0.5000000000000001110 ) ) ;
#3461 = CARTESIAN_POINT ( 'NONE',  ( 233.6250000000000000, 2.551952425056123186, -1.854101966249681155 ) ) ;
#3462 = VECTOR ( 'NONE', #4074, 1000.000000000000000 ) ;
#3463 = FACE_OUTER_BOUND ( 'NONE', #421, .T. ) ;
#3464 = VERTEX_POINT ( 'NONE', #3659 ) ;
#3465 = EDGE_CURVE ( 'NONE', #2803, #3929, #4629, .T. ) ;
#3466 = CARTESIAN_POINT ( 'NONE',  ( 225.0000000000000000, -5.000000000000000888, -2.886751345948128655 ) ) ;
#3467 = CIRCLE ( 'NONE', #3104, 3.500000000000000000 ) ;
#3468 = DIRECTION ( 'NONE',  ( 0.000000000000000000, 0.000000000000000000, 1.000000000000000000 ) ) ;
#3469 = DIRECTION ( 'NONE',  ( -1.000000000000000000, -0.000000000000000000, -0.000000000000000000 ) ) ;
#3470 = VECTOR ( 'NONE', #1005, 1000.000000000000000 ) ;
#3471 = CARTESIAN_POINT ( 'NONE',  ( -8.500000000000014211, -1.763355756877422964, -2.427050983124845462 ) ) ;
#3472 = ORIENTED_EDGE ( 'NONE', *, *, #4717, .F. ) ;
#3473 =( BOUNDED_CURVE ( )  B_SPLINE_CURVE ( 2, ( #576, #2322, #3559, #5292, #888, #2646, #917, #1863, #4857, #520, #4429 ),
 .UNSPECIFIED., .F., .F. ) 
 B_SPLINE_CURVE_WITH_KNOTS ( ( 3, 2, 2, 2, 2, 3 ),
 ( 0.7500000000000000000, 0.8000000000000000444, 0.8499999999999999778, 0.9000000000000000222, 0.9499999999999999556, 1.000000000000000000 ),
 .UNSPECIFIED. ) 
 CURVE ( )  GEOMETRIC_REPRESENTATION_ITEM ( )  RATIONAL_B_SPLINE_CURVE ( ( 1.000000000000000000, 0.9510565162951535312, 1.000000000000000000, 0.9510565162951535312, 1.000000000000000000, 0.9510565162951535312, 1.000000000000000000, 0.9510565162951535312, 1.000000000000000000, 0.9510565162951535312, 1.000000000000000000 ) ) 
 REPRESENTATION_ITEM ( '' )  );
#3474 = CARTESIAN_POINT ( 'NONE',  ( 13.18629150101523173, 8.000000000000000000, 0.000000000000000000 ) ) ;
#3475 = VECTOR ( 'NONE', #3425, 1000.000000000000000 ) ;
#3476 = CYLINDRICAL_SURFACE ( 'NONE', #2450, 3.500000000000001332 ) ;
#3477 = AXIS2_PLACEMENT_3D ( 'NONE', #4430, #3154, #3535 ) ;
#3478 = EDGE_CURVE ( 'NONE', #5220, #441, #5286, .T. ) ;
#3479 = LINE ( 'NONE', #1297, #2547 ) ;
#3480 = ORIENTED_EDGE ( 'NONE', *, *, #1707, .F. ) ;
#3481 = DIRECTION ( 'NONE',  ( 1.000000000000000000, -0.000000000000000000, -0.000000000000000000 ) ) ;
#3482 = FACE_OUTER_BOUND ( 'NONE', #1803, .T. ) ;
#3483 = VERTEX_POINT ( 'NONE', #1510 ) ;
#3484 = CARTESIAN_POINT ( 'NONE',  ( -10.62500000000000711, 2.551952425056123186, -1.854101966249688260 ) ) ;
#3485 = CARTESIAN_POINT ( 'NONE',  ( 232.7500000000000000, -2.853169548885460483, 0.9270509831248441301 ) ) ;
#3486 = CIRCLE ( 'NONE', #552, 8.500000000000007105 ) ;
#3487 = CIRCLE ( 'NONE', #1000, 8.500000000000271783 ) ;
#3488 = CARTESIAN_POINT ( 'NONE',  ( 3.178533002057562395, -1.927163419156078250, 2.886751345948129543 ) ) ;
#3489 = EDGE_CURVE ( 'NONE', #1832, #5328, #3225, .T. ) ;
#3490 = ORIENTED_EDGE ( 'NONE', *, *, #1309, .T. ) ;
#3491 = VECTOR ( 'NONE', #904, 1000.000000000000114 ) ;
#3492 = CARTESIAN_POINT ( 'NONE',  ( 77.52943725152275078, -1.999999999999998224, 0.000000000000000000 ) ) ;
#3493 = CARTESIAN_POINT ( 'NONE',  ( 146.5294372515226655, 2.999999999999999112, 0.000000000000000000 ) ) ;
#3494 = CARTESIAN_POINT ( 'NONE',  ( 235.5000000000000284, 1.902113032590309283, 0.6180339887499053386 ) ) ;
#3495 = PLANE ( 'NONE',  #2092 ) ;
#3496 = CARTESIAN_POINT ( 'NONE',  ( 3.051339357494287530, -1.436670525698194867, 3.363938717079705931 ) ) ;
#3497 = ORIENTED_EDGE ( 'NONE', *, *, #1727, .F. ) ;
#3498 = DIRECTION ( 'NONE',  ( 0.000000000000000000, 0.000000000000000000, -1.000000000000000000 ) ) ;
#3499 = CARTESIAN_POINT ( 'NONE',  ( 39.98528137423852513, -1.485281374238561769, 0.000000000000000000 ) ) ;
#3500 = DIRECTION ( 'NONE',  ( 0.000000000000000000, 0.000000000000000000, 1.000000000000000000 ) ) ;
#3501 = CARTESIAN_POINT ( 'NONE',  ( -12.25000000000000533, 0.000000000000000000, 3.000000000000002665 ) ) ;
#3502 = ADVANCED_FACE ( 'NONE', ( #191 ), #5475, .T. ) ;
#3503 = VERTEX_POINT ( 'NONE', #4051 ) ;
#3504 = PLANE ( 'NONE',  #3137 ) ;
#3505 = AXIS2_PLACEMENT_3D ( 'NONE', #4125, #1890, #2353 ) ;
#3506 = LINE ( 'NONE', #117, #1287 ) ;
#3507 = DIRECTION ( 'NONE',  ( 1.000000000000000000, 0.000000000000000000, 0.000000000000000000 ) ) ;
#3508 = CARTESIAN_POINT ( 'NONE',  ( -0.3431457505076260794, 0.000000000000000000, 0.000000000000000000 ) ) ;
#3509 = VERTEX_POINT ( 'NONE', #2801 ) ;
#3510 = CIRCLE ( 'NONE', #2502, 3.500000000000000000 ) ;
#3511 = CARTESIAN_POINT ( 'NONE',  ( 235.6250000000000000, -2.551952425056123186, -1.854101966249681155 ) ) ;
#3512 = VERTEX_POINT ( 'NONE', #3255 ) ;
#3513 = CARTESIAN_POINT ( 'NONE',  ( 2.193265970274841603, -0.7916618266791195513, 2.886751345948129988 ) ) ;
#3514 = CARTESIAN_POINT ( 'NONE',  ( 233.5000000000000000, 0.000000000000000000, -3.000000000000002665 ) ) ;
#3515 = DIRECTION ( 'NONE',  ( -1.000000000000000000, 0.000000000000000000, 0.000000000000000000 ) ) ;
#3516 = EDGE_LOOP ( 'NONE', ( #1069, #2811, #4070, #2113, #1788, #5355, #2584, #1294, #2442, #2010, #3070, #4133, #833, #5559, #913, #3992, #1569, #1965, #2380, #1981, #3682, #1496 ) ) ;
#3517 = ORIENTED_EDGE ( 'NONE', *, *, #2783, .T. ) ;
#3518 = ADVANCED_FACE ( 'NONE', ( #1936 ), #1539, .F. ) ;
#3519 = EDGE_CURVE ( 'NONE', #2162, #894, #579, .T. ) ;
#3520 = DIRECTION ( 'NONE',  ( -1.000000000000000000, 0.000000000000000000, 0.000000000000000000 ) ) ;
#3521 = EDGE_CURVE ( 'NONE', #5523, #5102, #2133, .T. ) ;
#3522 = CARTESIAN_POINT ( 'NONE',  ( -10.50000000000001421, -1.175570504584944054, 1.618033988749892238 ) ) ;
#3523 = ADVANCED_FACE ( 'NONE', ( #4645 ), #3824, .F. ) ;
#3524 = EDGE_CURVE ( 'NONE', #4488, #2343, #5100, .T. ) ;
#3525 = CARTESIAN_POINT ( 'NONE',  ( 233.0000000000000000, 1.902113032590309283, 0.6180339887499053386 ) ) ;
#3526 = CARTESIAN_POINT ( 'NONE',  ( 235.7500000000000284, 1.175570504584944054, 1.618033988749906227 ) ) ;
#3527 = CARTESIAN_POINT ( 'NONE',  ( 107.4705627484769934, -6.500000000000257572, 0.000000000000000000 ) ) ;
#3528 = EDGE_LOOP ( 'NONE', ( #6, #3243, #4757, #1350 ) ) ;
#3529 = DIRECTION ( 'NONE',  ( 0.000000000000000000, -5.421010862427522170E-17, -1.000000000000000000 ) ) ;
#3530 = LINE ( 'NONE', #1800, #2184 ) ;
#3531 = DIRECTION ( 'NONE',  ( 1.000000000000000000, 0.000000000000000000, 0.000000000000000000 ) ) ;
#3532 = CARTESIAN_POINT ( 'NONE',  ( -8.750000000000005329, -1.763355756877422964, -2.427050983124845462 ) ) ;
#3533 = ORIENTED_EDGE ( 'NONE', *, *, #2272, .F. ) ;
#3534 = CARTESIAN_POINT ( 'NONE',  ( 3.187262736602368918, -1.440792494516847766, 3.189689167888294374 ) ) ;
#3535 = DIRECTION ( 'NONE',  ( 0.000000000000000000, 0.000000000000000000, 1.000000000000000000 ) ) ;
#3536 = CARTESIAN_POINT ( 'NONE',  ( 2.227269624712715945, 0.6825360599262811911, 2.886751345948129543 ) ) ;
#3537 = CARTESIAN_POINT ( 'NONE',  ( 232.5000000000000000, -1.763355756877422964, 2.427050983124845462 ) ) ;
#3538 = VERTEX_POINT ( 'NONE', #5503 ) ;
#3539 = LINE ( 'NONE', #1361, #1276 ) ;
#3540 = VERTEX_POINT ( 'NONE', #2947 ) ;
#3541 = VERTEX_POINT ( 'NONE', #1676 ) ;
#3542 = VERTEX_POINT ( 'NONE', #1644 ) ;
#3543 = DIRECTION ( 'NONE',  ( 0.000000000000000000, 0.000000000000000000, -1.000000000000000000 ) ) ;
#3544 = ORIENTED_EDGE ( 'NONE', *, *, #2508, .T. ) ;
#3545 = CARTESIAN_POINT ( 'NONE',  ( 5.636576828888136603, -0.2510543865531919550, 2.886751345948129543 ) ) ;
#3546 = DIRECTION ( 'NONE',  ( -1.000000000000000000, 0.000000000000000000, -0.000000000000000000 ) ) ;
#3547 = EDGE_CURVE ( 'NONE', #2483, #2666, #4278, .T. ) ;
#3548 = CARTESIAN_POINT ( 'NONE',  ( 2.269143154962268483, 0.7583549985644478797, 3.417603137793175261 ) ) ;
#3549 = FACE_OUTER_BOUND ( 'NONE', #2535, .T. ) ;
#3550 = ORIENTED_EDGE ( 'NONE', *, *, #4028, .T. ) ;
#3551 = AXIS2_PLACEMENT_3D ( 'NONE', #1281, #902, #2251 ) ;
#3552 = EDGE_CURVE ( 'NONE', #4252, #2277, #5196, .T. ) ;
#3553 = CARTESIAN_POINT ( 'NONE',  ( 77.52943725152275078, 13.50000000000013678, 0.000000000000000000 ) ) ;
#3554 = CIRCLE ( 'NONE', #5460, 3.500000000000000000 ) ;
#3555 = CARTESIAN_POINT ( 'NONE',  ( -10.62500000000000533, -1.701301616704077535, 1.236067977499787363 ) ) ;
#3556 = CARTESIAN_POINT ( 'NONE',  ( -8.625000000000008882, -0.9747590886987209657, -2.999999999999999556 ) ) ;
#3557 = ORIENTED_EDGE ( 'NONE', *, *, #3093, .F. ) ;
#3558 = CIRCLE ( 'NONE', #4009, 8.500000000000007105 ) ;
#3559 = CARTESIAN_POINT ( 'NONE',  ( -7.000000000000006217, 1.175570504584944054, -1.618033988749892238 ) ) ;
#3560 = CARTESIAN_POINT ( 'NONE',  ( 3.243868850803426351, -1.925806656742537371, 2.886751345948129099 ) ) ;
#3561 = CARTESIAN_POINT ( 'NONE',  ( 236.5000000000000284, 0.000000000000000000, 2.500000000000002220 ) ) ;
#3562 = CIRCLE ( 'NONE', #3288, 3.500000000000000000 ) ;
#3563 = CARTESIAN_POINT ( 'NONE',  ( 235.3749999999999716, -3.154386672714803996, 0.000000000000000000 ) ) ;
#3564 = ORIENTED_EDGE ( 'NONE', *, *, #400, .T. ) ;
#3565 = CARTESIAN_POINT ( 'NONE',  ( -10.75000000000001421, 0.000000000000000000, 2.000000000000001776 ) ) ;
#3566 = CIRCLE ( 'NONE', #87, 15.50000000000001421 ) ;
#3567 = DIRECTION ( 'NONE',  ( 0.000000000000000000, 0.000000000000000000, -1.000000000000000000 ) ) ;
#3568 = ORIENTED_EDGE ( 'NONE', *, *, #1202, .T. ) ;
#3569 = ORIENTED_EDGE ( 'NONE', *, *, #3265, .T. ) ;
#3570 = CARTESIAN_POINT ( 'NONE',  ( 5.636576828888136603, 1.664498793564392010, 3.078870534176889606 ) ) ;
#3571 = ORIENTED_EDGE ( 'NONE', *, *, #4590, .T. ) ;
#3572 = CYLINDRICAL_SURFACE ( 'NONE', #3551, 3.499999999999999556 ) ;
#3573 = CYLINDRICAL_SURFACE ( 'NONE', #5026, 2.000000000000000000 ) ;
#3574 = CARTESIAN_POINT ( 'NONE',  ( 235.8750000000000000, 0.6498393924658090182, 1.999999999999994893 ) ) ;
#3575 = MECHANICAL_DESIGN_GEOMETRIC_PRESENTATION_REPRESENTATION (  '', ( #4750 ), #736 ) ;
#3576 = CIRCLE ( 'NONE', #3205, 2.000000000000000000 ) ;
#3577 = CARTESIAN_POINT ( 'NONE',  ( 4.326358876787966601, 1.323455064887735899, 3.285443134652490382 ) ) ;
#3578 = ORIENTED_EDGE ( 'NONE', *, *, #1255, .T. ) ;
#3579 = CARTESIAN_POINT ( 'NONE',  ( 231.0000000000000000, 3.673940397442060361E-16, -3.000000000000000444 ) ) ;
#3580 = DIRECTION ( 'NONE',  ( 1.000000000000000000, 0.000000000000000000, 0.000000000000000000 ) ) ;
#3581 = CARTESIAN_POINT ( 'NONE',  ( 2.051338597322014401, 1.342553900785715459, 2.886751345948129988 ) ) ;
#3582 = ORIENTED_EDGE ( 'NONE', *, *, #3078, .F. ) ;
#3583 = CARTESIAN_POINT ( 'NONE',  ( -10.12500000000000888, 2.551952425056123186, 1.854101966249681155 ) ) ;
#3584 = ORIENTED_EDGE ( 'NONE', *, *, #1651, .T. ) ;
#3585 = EDGE_CURVE ( 'NONE', #428, #2869, #951, .T. ) ;
#3586 = EDGE_CURVE ( 'NONE', #2784, #2494, #1334, .T. ) ;
#3587 = CARTESIAN_POINT ( 'NONE',  ( 3.383140763574924215, -1.432771309708458674, 3.193364390403929942 ) ) ;
#3588 = ADVANCED_FACE ( 'NONE', ( #844 ), #4361, .T. ) ;
#3589 = FACE_OUTER_BOUND ( 'NONE', #4811, .T. ) ;
#3590 = CARTESIAN_POINT ( 'NONE',  ( 7.353840324345111590, -0.2510543865531919550, 3.490984344707435127 ) ) ;
#3591 = AXIS2_PLACEMENT_3D ( 'NONE', #1648, #5613, #2136 ) ;
#3592 = ORIENTED_EDGE ( 'NONE', *, *, #3447, .T. ) ;
#3593 = AXIS2_PLACEMENT_3D ( 'NONE', #3926, #2530, #4298 ) ;
#3594 = CARTESIAN_POINT ( 'NONE',  ( -8.875000000000014211, 2.102924448476536590, 0.000000000000000000 ) ) ;
#3595 = AXIS2_PLACEMENT_3D ( 'NONE', #1007, #612, #4417 ) ;
#3596 = LINE ( 'NONE', #3217, #5012 ) ;
#3597 = ORIENTED_EDGE ( 'NONE', *, *, #4, .T. ) ;
#3598 = DIRECTION ( 'NONE',  ( 1.000000000000000000, 0.000000000000000000, 0.000000000000000000 ) ) ;
#3599 = CARTESIAN_POINT ( 'NONE',  ( 5.636576828888136603, 1.664498793564392010, 2.886751345948129543 ) ) ;
#3600 = CARTESIAN_POINT ( 'NONE',  ( 226.0000000000000000, 1.500000000000000000, 3.773502691896260419 ) ) ;
#3601 = CARTESIAN_POINT ( 'NONE',  ( -1.000000000000000000, 0.5000000000000000000, 5.484827557301446888 ) ) ;
#3602 = CARTESIAN_POINT ( 'NONE',  ( 1.685365771907507471, -1.106133773676570842, 2.886751345948129099 ) ) ;
#3603 = ORIENTED_EDGE ( 'NONE', *, *, #3585, .F. ) ;
#3604 = CARTESIAN_POINT ( 'NONE',  ( 233.5000000000000000, 0.000000000000000000, -3.000000000000002665 ) ) ;
#3605 = FACE_OUTER_BOUND ( 'NONE', #4985, .T. ) ;
#3606 = DIRECTION ( 'NONE',  ( 0.000000000000000000, 0.000000000000000000, -1.000000000000000000 ) ) ;
#3607 = PLANE ( 'NONE',  #3889 ) ;
#3608 = ORIENTED_EDGE ( 'NONE', *, *, #4642, .T. ) ;
#3609 = DIRECTION ( 'NONE',  ( 0.000000000000000000, -0.8660254037844384856, 0.5000000000000002220 ) ) ;
#3610 = ORIENTED_EDGE ( 'NONE', *, *, #2576, .T. ) ;
#3611 = CARTESIAN_POINT ( 'NONE',  ( 3.178533002057562395, -1.927163419156078250, 2.886751345948129543 ) ) ;
#3612 = FACE_OUTER_BOUND ( 'NONE', #4428, .T. ) ;
#3613 = CARTESIAN_POINT ( 'NONE',  ( 2.062313002879220925, 0.03418156684761069347, 2.886751345948129988 ) ) ;
#3614 = EDGE_CURVE ( 'NONE', #5438, #2440, #4825, .T. ) ;
#3615 = AXIS2_PLACEMENT_3D ( 'NONE', #5655, #1431, #5231 ) ;
#3616 = ORIENTED_EDGE ( 'NONE', *, *, #2820, .F. ) ;
#3617 = EDGE_CURVE ( 'NONE', #4970, #3050, #2220, .T. ) ;
#3618 = DIRECTION ( 'NONE',  ( -0.7071067811865471286, -0.7071067811865480168, 0.000000000000000000 ) ) ;
#3619 =( BOUNDED_CURVE ( )  B_SPLINE_CURVE ( 2, ( #1605, #3351, #2233, #3555, #56, #4852, #1857, #4425, #462, #938, #2699 ),
 .UNSPECIFIED., .F., .F. ) 
 B_SPLINE_CURVE_WITH_KNOTS ( ( 3, 2, 2, 2, 2, 3 ),
 ( 0.000000000000000000, 0.04999999999999997502, 0.09999999999999995004, 0.1499999999999999112, 0.1999999999999999001, 0.2499999999999998612 ),
 .UNSPECIFIED. ) 
 CURVE ( )  GEOMETRIC_REPRESENTATION_ITEM ( )  RATIONAL_B_SPLINE_CURVE ( ( 1.000000000000000000, 0.9510565162951535312, 1.000000000000000000, 0.9510565162951535312, 1.000000000000000000, 0.9510565162951535312, 1.000000000000000000, 0.9510565162951535312, 1.000000000000000000, 0.9510565162951536422, 0.9999999999999998890 ) ) 
 REPRESENTATION_ITEM ( '' )  );
#3620 = CARTESIAN_POINT ( 'NONE',  ( -8.125000000000012434, 0.9747590886987209657, -2.999999999999999556 ) ) ;
#3621 = VERTEX_POINT ( 'NONE', #3989 ) ;
#3622 = LINE ( 'NONE', #1367, #3052 ) ;
#3623 = ORIENTED_EDGE ( 'NONE', *, *, #4935, .T. ) ;
#3624 = DIRECTION ( 'NONE',  ( 0.000000000000000000, 0.000000000000000000, -1.000000000000000000 ) ) ;
#3625 = CARTESIAN_POINT ( 'NONE',  ( 235.8750000000000284, 0.9747590886987209657, -2.999999999999992450 ) ) ;
#3626 = CARTESIAN_POINT ( 'NONE',  ( 2.195889948317472751, 0.6181296894043798451, 3.445726222203135958 ) ) ;
#3627 = CARTESIAN_POINT ( 'NONE',  ( 225.0000000000000000, 0.4999999999999998890, 3.773502691896260419 ) ) ;
#3628 = ORIENTED_EDGE ( 'NONE', *, *, #605, .T. ) ;
#3629 = DIRECTION ( 'NONE',  ( -0.5324106395682868254, 0.8464862142258950950, 0.000000000000000000 ) ) ;
#3630 = LINE ( 'NONE', #4964, #2655 ) ;
#3631 = CARTESIAN_POINT ( 'NONE',  ( 225.0000000000000000, -2.500000000000000000, 3.773502691896260419 ) ) ;
#3632 = CARTESIAN_POINT ( 'NONE',  ( 2.117449253381264995, -0.5864247406415107333, 2.886751345948129543 ) ) ;
#3633 = EDGE_LOOP ( 'NONE', ( #2275, #4364, #956, #1816 ) ) ;
#3634 = CARTESIAN_POINT ( 'NONE',  ( 3.127343025296278611, 1.264164801364995983, 2.886751345948129988 ) ) ;
#3635 = ORIENTED_EDGE ( 'NONE', *, *, #640, .F. ) ;
#3636 = EDGE_CURVE ( 'NONE', #1075, #5632, #4285, .T. ) ;
#3637 = LINE ( 'NONE', #4630, #5023 ) ;
#3638 = B_SPLINE_SURFACE_WITH_KNOTS ( 'NONE', 3, 1, ( 
 ( #4000, #4475 ),
 ( #4818, #131 ),
 ( #24, #5277 ),
 ( #457, #875 ),
 ( #3577, #76 ),
 ( #1823, #563 ),
 ( #1797, #3120 ) ),
 .UNSPECIFIED., .F., .F., .F.,
 ( 4, 1, 1, 1, 4 ),
 ( 2, 2 ),
 ( 0.000000000000000000, 0.2239134208595885689, 0.4644527876151366419, 0.7233161937204181102, 1.000000000000000000 ),
 ( 0.000000000000000000, 1.000000000000000000 ),
 .UNSPECIFIED. ) ;
#3639 = CARTESIAN_POINT ( 'NONE',  ( -6.500000000000005329, 1.902113032590309283, 0.6180339887498914608 ) ) ;
#3640 = CARTESIAN_POINT ( 'NONE',  ( 213.4705627484779313, -12.00000000000000000, 0.000000000000000000 ) ) ;
#3641 = DIRECTION ( 'NONE',  ( 0.000000000000000000, 1.000000000000000000, 0.000000000000000000 ) ) ;
#3642 = CIRCLE ( 'NONE', #2732, 3.000000000000000444 ) ;
#3643 = DIRECTION ( 'NONE',  ( 1.000000000000000000, 0.000000000000000000, 0.000000000000000000 ) ) ;
#3644 = CARTESIAN_POINT ( 'NONE',  ( -10.25000000000001421, -1.902113032590309283, 0.6180339887498914608 ) ) ;
#3645 = EDGE_CURVE ( 'NONE', #380, #3908, #3539, .T. ) ;
#3646 = CIRCLE ( 'NONE', #5372, 3.500000000000000000 ) ;
#3647 = AXIS2_PLACEMENT_3D ( 'NONE', #1039, #3716, #5447 ) ;
#3648 = CARTESIAN_POINT ( 'NONE',  ( -7.125000000000014211, 0.9747590886987209657, 2.999999999999999556 ) ) ;
#3649 = CARTESIAN_POINT ( 'NONE',  ( -7.500000000000007105, -1.175570504584944054, -1.618033988749892238 ) ) ;
#3650 = ORIENTED_EDGE ( 'NONE', *, *, #1255, .F. ) ;
#3651 = FACE_OUTER_BOUND ( 'NONE', #1439, .T. ) ;
#3652 = EDGE_CURVE ( 'NONE', #506, #2483, #5643, .T. ) ;
#3653 = AXIS2_PLACEMENT_3D ( 'NONE', #1343, #538, #4026 ) ;
#3654 = EDGE_CURVE ( 'NONE', #493, #2083, #2709, .T. ) ;
#3655 = ORIENTED_EDGE ( 'NONE', *, *, #2108, .T. ) ;
#3656 =( NAMED_UNIT ( * ) PLANE_ANGLE_UNIT ( ) SI_UNIT ( $, .RADIAN. ) );
#3657 = AXIS2_PLACEMENT_3D ( 'NONE', #1109, #3749, #2873 ) ;
#3658 = CARTESIAN_POINT ( 'NONE',  ( 233.7500000000000000, 2.853169548885460483, -0.9270509831248441301 ) ) ;
#3659 = CARTESIAN_POINT ( 'NONE',  ( 77.52943725152275078, 10.00000000000000355, -3.500000000000000000 ) ) ;
#3660 = DIRECTION ( 'NONE',  ( -0.000000000000000000, -5.421010862427522170E-17, 1.000000000000000000 ) ) ;
#3661 = ORIENTED_EDGE ( 'NONE', *, *, #1231, .T. ) ;
#3662 = CARTESIAN_POINT ( 'NONE',  ( 235.2500000000000284, -2.853169548885460483, 0.9270509831248441301 ) ) ;
#3663 = CARTESIAN_POINT ( 'NONE',  ( 228.0000000000000000, -1.500000000000000000, 4.907477288111822489 ) ) ;
#3664 = DIRECTION ( 'NONE',  ( -0.000000000000000000, -0.000000000000000000, -1.000000000000000000 ) ) ;
#3665 = CARTESIAN_POINT ( 'NONE',  ( 2.059950598230141594, -0.1581706144441975825, 2.886751345948129988 ) ) ;
#3666 = AXIS2_PLACEMENT_3D ( 'NONE', #5594, #1687, #3437 ) ;
#3667 = DIRECTION ( 'NONE',  ( 0.000000000000000000, 0.000000000000000000, -1.000000000000000000 ) ) ;
#3668 = CARTESIAN_POINT ( 'NONE',  ( 3.167932610110297365, 1.265425214373228968, 2.886751345948129543 ) ) ;
#3669 = ORIENTED_EDGE ( 'NONE', *, *, #3865, .T. ) ;
#3670 = ORIENTED_EDGE ( 'NONE', *, *, #4412, .T. ) ;
#3671 = AXIS2_PLACEMENT_3D ( 'NONE', #5622, #2088, #1206 ) ;
#3672 = CARTESIAN_POINT ( 'NONE',  ( -9.500000000000007105, 1.175570504584944054, -1.618033988749892238 ) ) ;
#3673 = CARTESIAN_POINT ( 'NONE',  ( 3.883182458997015640, -1.271250443710726374, 2.886751345948129988 ) ) ;
#3674 = EDGE_CURVE ( 'NONE', #2019, #380, #95, .T. ) ;
#3675 = LINE ( 'NONE', #1027, #4115 ) ;
#3676 = ORIENTED_EDGE ( 'NONE', *, *, #2884, .T. ) ;
#3677 = VERTEX_POINT ( 'NONE', #5243 ) ;
#3678 = DIRECTION ( 'NONE',  ( 0.000000000000000000, 0.000000000000000000, 1.000000000000000000 ) ) ;
#3679 = CARTESIAN_POINT ( 'NONE',  ( 4.407853367989990723, 1.250657014429915392, 2.886751345948129099 ) ) ;
#3680 = CARTESIAN_POINT ( 'NONE',  ( -8.000000000000014211, 1.763355756877416081, -2.427050983124845462 ) ) ;
#3681 = CARTESIAN_POINT ( 'NONE',  ( 236.6250000000000284, -1.701301616704077091, -1.236067977499787141 ) ) ;
#3682 = ORIENTED_EDGE ( 'NONE', *, *, #4001, .T. ) ;
#3683 = DIRECTION ( 'NONE',  ( -1.000000000000000000, 0.000000000000000000, 0.000000000000000000 ) ) ;
#3684 = CLOSED_SHELL ( 'NONE', ( #5527, #5180, #5628, #2678, #5244, #4050, #4656, #1729, #78, #2608, #3502, #1897, #2505 ) ) ;
#3685 = VERTEX_POINT ( 'NONE', #3080 ) ;
#3686 = DIRECTION ( 'NONE',  ( 0.000000000000000000, -1.000000000000000000, 0.000000000000000000 ) ) ;
#3687 = CARTESIAN_POINT ( 'NONE',  ( 233.3749999999999716, 0.9747590886987209657, -2.999999999999992450 ) ) ;
#3688 = CARTESIAN_POINT ( 'NONE',  ( 2.069139630400607555, 0.1599934441127960350, 3.499999999999999112 ) ) ;
#3689 = EDGE_CURVE ( 'NONE', #4744, #4193, #2926, .T. ) ;
#3690 = EDGE_CURVE ( 'NONE', #380, #5340, #103, .T. ) ;
#3691 = FACE_OUTER_BOUND ( 'NONE', #3113, .T. ) ;
#3692 = EDGE_CURVE ( 'NONE', #3512, #4555, #2074, .T. ) ;
#3693 = VERTEX_POINT ( 'NONE', #4157 ) ;
#3694 = CARTESIAN_POINT ( 'NONE',  ( 232.1250000000000000, -0.9747590886987209657, 2.999999999999992450 ) ) ;
#3695 = EDGE_CURVE ( 'NONE', #4186, #2848, #4129, .T. ) ;
#3696 = DIRECTION ( 'NONE',  ( -1.000000000000000000, 0.000000000000000000, 0.000000000000000000 ) ) ;
#3697 = DIRECTION ( 'NONE',  ( 0.000000000000000000, 0.000000000000000000, 1.000000000000000000 ) ) ;
#3698 = CARTESIAN_POINT ( 'NONE',  ( 2.674982538325666681, 1.681838223318847358, 2.886751345948129543 ) ) ;
#3699 = LINE ( 'NONE', #4602, #2205 ) ;
#3700 = B_SPLINE_CURVE_WITH_KNOTS ( 'NONE', 3,
 ( #1220, #4733, #4625, #2049, #2544, #822, #4198, #2580, #789, #5508, #1572 ),
 .UNSPECIFIED., .F., .F.,
 ( 4, 1, 1, 1, 1, 1, 1, 1, 4 ),
 ( 0.000000000000000000, 0.1219419696585112151, 0.2422616988283165240, 0.3626876733444057144, 0.4837730636677011753, 0.6070648549208398359, 0.7336678841309052235, 0.8642247819918535967, 0.9999999999999998890 ),
 .UNSPECIFIED. ) ;
#3701 = CARTESIAN_POINT ( 'NONE',  ( 232.2500000000000000, 0.000000000000000000, 3.000000000000002665 ) ) ;
#3702 = ORIENTED_EDGE ( 'NONE', *, *, #475, .F. ) ;
#3703 = CARTESIAN_POINT ( 'NONE',  ( 2.062452210371814143, 1.658151697545018344E-14, 3.500000000000000000 ) ) ;
#3704 = LINE ( 'NONE', #171, #3382 ) ;
#3705 = CARTESIAN_POINT ( 'NONE',  ( 234.7500000000000000, 1.175570504584944054, -1.618033988749906227 ) ) ;
#3706 = ORIENTED_EDGE ( 'NONE', *, *, #1655, .F. ) ;
#3707 = ORIENTED_EDGE ( 'NONE', *, *, #4689, .F. ) ;
#3708 = CARTESIAN_POINT ( 'NONE',  ( 37.51040764008561013, -3.960155108391473000, 4.286263797015737088E-16 ) ) ;
#3709 = CARTESIAN_POINT ( 'NONE',  ( 4.449956483261908957, 1.213046807104388725, 2.886751345948129543 ) ) ;
#3710 = AXIS2_PLACEMENT_3D ( 'NONE', #283, #3780, #1195 ) ;
#3711 = CARTESIAN_POINT ( 'NONE',  ( -10.00000000000001421, 2.853169548885460483, 0.9270509831248441301 ) ) ;
#3712 = VERTEX_POINT ( 'NONE', #5412 ) ;
#3713 = CARTESIAN_POINT ( 'NONE',  ( 234.2500000000000000, -1.902113032590309283, -0.6180339887499053386 ) ) ;
#3714 = DIRECTION ( 'NONE',  ( 0.7071067811865470176, -0.7071067811865481278, 0.000000000000000000 ) ) ;
#3715 = CARTESIAN_POINT ( 'NONE',  ( 232.0000000000000000, 0.000000000000000000, 3.000000000000002665 ) ) ;
#3716 = DIRECTION ( 'NONE',  ( 1.000000000000000000, -0.000000000000000000, -0.000000000000000000 ) ) ;
#3717 = CARTESIAN_POINT ( 'NONE',  ( 48.47056274847710711, 6.999999999999999112, 0.000000000000000000 ) ) ;
#3718 = ORIENTED_EDGE ( 'NONE', *, *, #4865, .F. ) ;
#3719 = CARTESIAN_POINT ( 'NONE',  ( 3.952985166675414774, 1.566601056169059980, 3.129818066726880232 ) ) ;
#3720 = DIRECTION ( 'NONE',  ( 1.000000000000000000, 0.000000000000000000, 0.000000000000000000 ) ) ;
#3721 = EDGE_CURVE ( 'NONE', #3377, #1477, #3596, .T. ) ;
#3722 = CARTESIAN_POINT ( 'NONE',  ( 228.0000000000000000, -5.000000000000000888, 2.886751345948130432 ) ) ;
#3723 = CARTESIAN_POINT ( 'NONE',  ( 2.280058566022663324, -0.9466430585581570023, 2.886751345948129543 ) ) ;
#3724 = CARTESIAN_POINT ( 'NONE',  ( 3.047857924632097149, 1.261696580630616182, 2.886751345948129988 ) ) ;
#3725 = CARTESIAN_POINT ( 'NONE',  ( 3.167932610110297365, 1.265425214373228968, 3.263234442516882439 ) ) ;
#3726 = AXIS2_PLACEMENT_3D ( 'NONE', #752, #3018, #4241 ) ;
#3727 = ORIENTED_EDGE ( 'NONE', *, *, #2302, .T. ) ;
#3728 = CARTESIAN_POINT ( 'NONE',  ( 5.636576828888136603, -1.847348703317845509, 3.886751345948129543 ) ) ;
#3729 = CARTESIAN_POINT ( 'NONE',  ( -10.87500000000001421, -0.9747590886987209657, -2.999999999999999556 ) ) ;
#3730 = PLANE ( 'NONE',  #4196 ) ;
#3731 = CARTESIAN_POINT ( 'NONE',  ( 225.0000000000000000, 0.5000000000000000000, 5.773502691896260863 ) ) ;
#3732 = ORIENTED_EDGE ( 'NONE', *, *, #3411, .F. ) ;
#3733 = ORIENTED_EDGE ( 'NONE', *, *, #1307, .T. ) ;
#3734 = CIRCLE ( 'NONE', #2456, 8.499999999999023004 ) ;
#3735 = CARTESIAN_POINT ( 'NONE',  ( 3.259028401415076104, 1.262956878632609525, 3.264191619924370791 ) ) ;
#3736 = CARTESIAN_POINT ( 'NONE',  ( 2.763965505173168413, 1.702828953793381839, 2.886751345948129988 ) ) ;
#3737 = CIRCLE ( 'NONE', #2826, 3.500000000000000000 ) ;
#3738 = LINE ( 'NONE', #4721, #3920 ) ;
#3739 = ORIENTED_EDGE ( 'NONE', *, *, #2070, .F. ) ;
#3740 = CARTESIAN_POINT ( 'NONE',  ( 234.6250000000000000, -0.6498393924658114607, -1.999999999999993339 ) ) ;
#3741 = AXIS2_PLACEMENT_3D ( 'NONE', #5085, #2232, #1405 ) ;
#3742 = CARTESIAN_POINT ( 'NONE',  ( 3.572215917918920347, 1.697463339139175353, 2.886751345948129988 ) ) ;
#3743 = ADVANCED_FACE ( 'NONE', ( #1504 ), #5326, .F. ) ;
#3744 = DIRECTION ( 'NONE',  ( -1.000000000000000000, 0.000000000000000000, 0.000000000000000000 ) ) ;
#3745 = DIRECTION ( 'NONE',  ( 1.000000000000000000, -0.000000000000000000, -0.000000000000000000 ) ) ;
#3746 = ORIENTED_EDGE ( 'NONE', *, *, #3614, .T. ) ;
#3747 = CIRCLE ( 'NONE', #545, 3.500000000000000000 ) ;
#3748 = DIRECTION ( 'NONE',  ( -1.000000000000000000, 0.000000000000000000, 0.000000000000000000 ) ) ;
#3749 = DIRECTION ( 'NONE',  ( 1.000000000000000000, 0.000000000000000000, 0.000000000000000000 ) ) ;
#3750 = CARTESIAN_POINT ( 'NONE',  ( 1.607807048076808520, 0.7257871953286398892, 3.503679491924311495 ) ) ;
#3751 = CARTESIAN_POINT ( 'NONE',  ( 2.150986703058229033, -0.6919172236329292902, 2.886751345948129543 ) ) ;
#3752 =( NAMED_UNIT ( * ) SI_UNIT ( $, .STERADIAN. ) SOLID_ANGLE_UNIT ( ) );
#3753 = PLANE ( 'NONE',  #5291 ) ;
#3754 = EDGE_LOOP ( 'NONE', ( #3121, #3207, #1735, #3035, #2724 ) ) ;
#3755 = CARTESIAN_POINT ( 'NONE',  ( -8.375000000000015987, 0.6498393924658163456, 2.000000000000002220 ) ) ;
#3756 = CARTESIAN_POINT ( 'NONE',  ( 88.48959235991428329, 8.960155108391447243, 0.000000000000000000 ) ) ;
#3757 = VECTOR ( 'NONE', #4886, 1000.000000000000114 ) ;
#3758 = CARTESIAN_POINT ( 'NONE',  ( 4.187308314368499040, -1.036253979971995642, 2.886751345948129543 ) ) ;
#3759 = AXIS2_PLACEMENT_3D ( 'NONE', #2592, #5578, #835 ) ;
#3760 = LINE ( 'NONE', #5543, #2199 ) ;
#3761 = EDGE_CURVE ( 'NONE', #4327, #4385, #4890, .T. ) ;
#3762 = AXIS2_PLACEMENT_3D ( 'NONE', #5515, #5115, #2982 ) ;
#3763 = EDGE_CURVE ( 'NONE', #5311, #1336, #2766, .T. ) ;
#3764 = PRESENTATION_LAYER_ASSIGNMENT (  '', '', ( #4392 ) ) ;
#3765 = EDGE_CURVE ( 'NONE', #3800, #3685, #1894, .T. ) ;
#3766 = ORIENTED_EDGE ( 'NONE', *, *, #5597, .T. ) ;
#3767 = CARTESIAN_POINT ( 'NONE',  ( 118.0147186257612617, -6.485281374238538454, 0.000000000000000000 ) ) ;
#3768 = CARTESIAN_POINT ( 'NONE',  ( 3.306235146226145893, 1.261677762509390011, 3.403808316876165474 ) ) ;
#3769 = VERTEX_POINT ( 'NONE', #2993 ) ;
#3770 = ORIENTED_EDGE ( 'NONE', *, *, #4590, .F. ) ;
#3771 = CARTESIAN_POINT ( 'NONE',  ( 2.439243258998337716, 0.9751288541026718049, 3.389244452423742171 ) ) ;
#3772 =( NAMED_UNIT ( * ) SI_UNIT ( $, .STERADIAN. ) SOLID_ANGLE_UNIT ( ) );
#3773 = CARTESIAN_POINT ( 'NONE',  ( -3.000000000000000000, -5.000000000000000888, -2.886751345948128655 ) ) ;
#3774 = DIRECTION ( 'NONE',  ( 0.000000000000000000, -1.000000000000000000, 0.000000000000000000 ) ) ;
#3775 = ORIENTED_EDGE ( 'NONE', *, *, #501, .T. ) ;
#3776 = AXIS2_PLACEMENT_3D ( 'NONE', #2590, #773, #2559 ) ;
#3777 = CARTESIAN_POINT ( 'NONE',  ( 28.52943725152276500, 5.000000000000000000, 0.000000000000000000 ) ) ;
#3778 = CARTESIAN_POINT ( 'NONE',  ( 232.5000000000000000, -1.763355756877422964, 2.427050983124845462 ) ) ;
#3779 = CARTESIAN_POINT ( 'NONE',  ( 1.607807048076808520, 0.7257871953286398892, 2.886751345948130432 ) ) ;
#3780 = DIRECTION ( 'NONE',  ( 1.000000000000000000, 0.000000000000000000, 0.000000000000000000 ) ) ;
#3781 = VECTOR ( 'NONE', #2396, 1000.000000000000000 ) ;
#3782 = CARTESIAN_POINT ( 'NONE',  ( 233.1250000000000000, -0.9747590886987209657, -2.999999999999992450 ) ) ;
#3783 = PLANE ( 'NONE',  #905 ) ;
#3784 = EDGE_LOOP ( 'NONE', ( #2829, #2558, #4774, #683 ) ) ;
#3785 = CARTESIAN_POINT ( 'NONE',  ( 228.0000000000000000, -5.000000000000000888, -2.886751345948128655 ) ) ;
#3786 = DIRECTION ( 'NONE',  ( 0.000000000000000000, 0.8660254037844384856, -0.5000000000000002220 ) ) ;
#3787 = CARTESIAN_POINT ( 'NONE',  ( 4.449956483261908957, 1.213046807104388725, 3.283065251220854019 ) ) ;
#3788 = CARTESIAN_POINT ( 'NONE',  ( 238.2500000000000284, 0.000000000000000000, 2.000000000000001776 ) ) ;
#3789 = CARTESIAN_POINT ( 'NONE',  ( 236.6250000000000284, 2.551952425056123186, 1.854101966249681155 ) ) ;
#3790 = DIRECTION ( 'NONE',  ( -1.000000000000000000, 0.000000000000000000, 0.000000000000000000 ) ) ;
#3791 = EDGE_CURVE ( 'NONE', #3503, #1595, #3848, .T. ) ;
#3792 = CARTESIAN_POINT ( 'NONE',  ( 1.859095980856778407, 1.137596958538559022, 2.886751345948129543 ) ) ;
#3793 = CARTESIAN_POINT ( 'NONE',  ( 3.440684912393338291, 1.240438966600645898, 3.403808316876165474 ) ) ;
#3794 = ADVANCED_FACE ( 'NONE', ( #729 ), #4245, .T. ) ;
#3795 = VERTEX_POINT ( 'NONE', #1588 ) ;
#3796 = DIRECTION ( 'NONE',  ( -0.7071067811865443531, -0.7071067811865506814, 0.000000000000000000 ) ) ;
#3797 = VECTOR ( 'NONE', #1801, 1000.000000000000114 ) ;
#3798 = CARTESIAN_POINT ( 'NONE',  ( 2.614344838823170480, -1.848807830228741400, 3.225519225871961826 ) ) ;
#3799 = FACE_OUTER_BOUND ( 'NONE', #1523, .T. ) ;
#3800 = VERTEX_POINT ( 'NONE', #241 ) ;
#3801 = CARTESIAN_POINT ( 'NONE',  ( 197.0147186257622707, -11.48528137423854290, 0.000000000000000000 ) ) ;
#3802 = CARTESIAN_POINT ( 'NONE',  ( 1.760846207449033640, 1.009470497150790180, 2.886751345948130432 ) ) ;
#3803 = LINE ( 'NONE', #3887, #5159 ) ;
#3804 = CARTESIAN_POINT ( 'NONE',  ( 24.81370849898474873, -3.000000000000000000, 4.286263797015736595E-16 ) ) ;
#3805 = CARTESIAN_POINT ( 'NONE',  ( 3.807150001526345307, 1.096224346697500351, 2.886751345948130432 ) ) ;
#3806 = ORIENTED_EDGE ( 'NONE', *, *, #711, .T. ) ;
#3807 = CARTESIAN_POINT ( 'NONE',  ( 3.283681297637718544, 1.736674137067695689, 3.038753928124317216 ) ) ;
#3808 = CARTESIAN_POINT ( 'NONE',  ( -8.875000000000014211, -3.154386672714803996, 0.000000000000000000 ) ) ;
#3809 = DIRECTION ( 'NONE',  ( 0.000000000000000000, 0.000000000000000000, -1.000000000000000000 ) ) ;
#3810 = CARTESIAN_POINT ( 'NONE',  ( -9.000000000000014211, -2.853169548885460483, 0.9270509831248441301 ) ) ;
#3811 = EDGE_CURVE ( 'NONE', #745, #1160, #3738, .T. ) ;
#3812 = CARTESIAN_POINT ( 'NONE',  ( -7.250000000000006217, 0.000000000000000000, -2.000000000000001776 ) ) ;
#3813 = B_SPLINE_CURVE_WITH_KNOTS ( 'NONE', 3,
 ( #5059, #2000, #1974, #1548, #4627, #4998, #715, #1520 ),
 .UNSPECIFIED., .F., .F.,
 ( 4, 2, 2, 4 ),
 ( 0.0001075221630916765349, 0.0007329319677462905807, 0.001045636870073597333, 0.001358341772400904410 ),
 .UNSPECIFIED. ) ;
#3814 = FACE_OUTER_BOUND ( 'NONE', #677, .T. ) ;
#3815 = DIRECTION ( 'NONE',  ( 1.000000000000000000, -0.000000000000000000, -0.000000000000000000 ) ) ;
#3816 = CARTESIAN_POINT ( 'NONE',  ( 75.47056274847707869, 10.00000000000000533, 0.000000000000000000 ) ) ;
#3817 = DIRECTION ( 'NONE',  ( 1.000000000000000000, 0.000000000000000000, 0.000000000000000000 ) ) ;
#3818 = VERTEX_POINT ( 'NONE', #2452 ) ;
#3819 = ADVANCED_FACE ( 'NONE', ( #3334 ), #3227, .F. ) ;
#3820 = CARTESIAN_POINT ( 'NONE',  ( 2.299324022902030862, -0.9762459062396343645, 2.886751345948129543 ) ) ;
#3821 = CIRCLE ( 'NONE', #2177, 4.499999999998976818 ) ;
#3822 = CARTESIAN_POINT ( 'NONE',  ( 3.178533002057562395, -1.927163419156078250, 2.886751345948129543 ) ) ;
#3823 = CARTESIAN_POINT ( 'NONE',  ( 4.461688345988539695, -1.491406974498258764, 3.166617003998990487 ) ) ;
#3824 = B_SPLINE_SURFACE_WITH_KNOTS ( 'NONE', 3, 1, ( 
 ( #4250, #3822 ),
 ( #1616, #4727 ),
 ( #2101, #2457 ),
 ( #3852, #334 ),
 ( #704, #1244 ),
 ( #816, #1185 ),
 ( #5611, #5586 ),
 ( #3798, #5075 ),
 ( #1216, #758 ),
 ( #2571, #2893 ),
 ( #1593, #2017 ),
 ( #3340, #5160 ),
 ( #4307, #2539 ),
 ( #4618, #4702 ),
 ( #2072, #1702 ),
 ( #392, #1157 ),
 ( #1135, #3362 ),
 ( #4191, #2514 ),
 ( #275, #308 ) ),
 .UNSPECIFIED., .F., .F., .F.,
 ( 4, 1, 1, 1, 1, 1, 1, 1, 1, 1, 1, 1, 1, 1, 1, 1, 4 ),
 ( 2, 2 ),
 ( 0.000000000000000000, 0.06830426321952995372, 0.1350259117133356945, 0.1999424791444520400, 0.2640195788924354359, 0.3269066041607736617, 0.3889527943741672433, 0.4502449901145184619, 0.5109666569271729131, 0.5713064647284681330, 0.6314566768115872364, 0.6916113744248890693, 0.7522070117835683023, 0.8129508919446605253, 0.8745942513839609633, 0.9369758288526038870, 1.000000000000000000 ),
 ( 0.000000000000000000, 1.000000000000000000 ),
 .UNSPECIFIED. ) ;
#3825 = ORIENTED_EDGE ( 'NONE', *, *, #5595, .T. ) ;
#3826 = AXIS2_PLACEMENT_3D ( 'NONE', #3717, #3256, #5448 ) ;
#3827 = ADVANCED_FACE ( 'NONE', ( #2888 ), #3357, .F. ) ;
#3828 = EDGE_CURVE ( 'NONE', #4047, #5639, #808, .T. ) ;
#3829 = CARTESIAN_POINT ( 'NONE',  ( 37.01471862576144645, 1.485281374238534013, 0.000000000000000000 ) ) ;
#3830 = CARTESIAN_POINT ( 'NONE',  ( 231.0000000000000000, 0.000000000000000000, -2.000000000000000000 ) ) ;
#3831 = AXIS2_PLACEMENT_3D ( 'NONE', #2109, #1680, #5534 ) ;
#3832 = DIRECTION ( 'NONE',  ( -0.7071067811865507924, 0.7071067811865443531, 0.000000000000000000 ) ) ;
#3833 = CARTESIAN_POINT ( 'NONE',  ( 234.5000000000000000, 0.000000000000000000, 3.000000000000002665 ) ) ;
#3834 = VECTOR ( 'NONE', #1561, 1000.000000000000000 ) ;
#3835 = CARTESIAN_POINT ( 'NONE',  ( 3.167932610110297365, 1.265425214373228968, 2.886751345948129543 ) ) ;
#3836 = EDGE_LOOP ( 'NONE', ( #63, #1182, #2769, #2981 ) ) ;
#3837 = CARTESIAN_POINT ( 'NONE',  ( -10.00000000000001421, 2.853169548885460483, 0.9270509831248441301 ) ) ;
#3838 = CARTESIAN_POINT ( 'NONE',  ( -10.37500000000000711, 3.154386672714803996, 0.000000000000000000 ) ) ;
#3839 = CIRCLE ( 'NONE', #3477, 2.000000000000000000 ) ;
#3840 = CARTESIAN_POINT ( 'NONE',  ( 238.2500000000000284, 0.000000000000000000, -2.000000000000000000 ) ) ;
#3841 = CARTESIAN_POINT ( 'NONE',  ( 237.1250000000000000, 0.6498393924658164567, -1.999999999999994893 ) ) ;
#3842 = LINE ( 'NONE', #2036, #2686 ) ;
#3843 = CARTESIAN_POINT ( 'NONE',  ( 0.000000000000000000, 0.000000000000000000, -3.500000000000000000 ) ) ;
#3844 = LINE ( 'NONE', #5521, #4540 ) ;
#3845 = CARTESIAN_POINT ( 'NONE',  ( 3.363415948209149686, 1.729824625038123287, 2.886751345948129543 ) ) ;
#3846 = CIRCLE ( 'NONE', #2663, 3.500000000000000000 ) ;
#3847 = CIRCLE ( 'NONE', #3033, 3.500000000000000000 ) ;
#3848 = LINE ( 'NONE', #356, #4736 ) ;
#3849 = ORIENTED_EDGE ( 'NONE', *, *, #1556, .T. ) ;
#3850 = VERTEX_POINT ( 'NONE', #1671 ) ;
#3851 = FACE_OUTER_BOUND ( 'NONE', #17, .T. ) ;
#3852 = CARTESIAN_POINT ( 'NONE',  ( 2.981040013742038752, -1.919452848714497950, 3.225519225871961826 ) ) ;
#3853 = CARTESIAN_POINT ( 'NONE',  ( 39.48959235991437566, 3.960155108391438805, 0.000000000000000000 ) ) ;
#3854 = EDGE_LOOP ( 'NONE', ( #3445, #3030, #3330, #413, #4185, #1212, #68, #876, #4655, #4280 ) ) ;
#3855 = CARTESIAN_POINT ( 'NONE',  ( 4.449956483261908957, 1.213046807104388725, 3.283065251220854019 ) ) ;
#3856 = CARTESIAN_POINT ( 'NONE',  ( 1.451765244524112264, -0.04730467515156169117, 2.886751345948129543 ) ) ;
#3857 = DIRECTION ( 'NONE',  ( 0.000000000000000000, 0.000000000000000000, -1.000000000000000000 ) ) ;
#3858 = ADVANCED_FACE ( 'NONE', ( #5551 ), #4644, .T. ) ;
#3859 = EDGE_CURVE ( 'NONE', #1363, #3994, #329, .T. ) ;
#3860 = DIRECTION ( 'NONE',  ( -1.000000000000000000, 0.000000000000000000, 0.000000000000000000 ) ) ;
#3861 = AXIS2_PLACEMENT_3D ( 'NONE', #2461, #251, #1543 ) ;
#3862 = CARTESIAN_POINT ( 'NONE',  ( 3.917021283159689116, 1.020458434624564203, 2.886751345948128655 ) ) ;
#3863 = EDGE_LOOP ( 'NONE', ( #1034, #596, #2245, #85 ) ) ;
#3864 = AXIS2_PLACEMENT_3D ( 'NONE', #2391, #1502, #2355 ) ;
#3865 = EDGE_CURVE ( 'NONE', #4744, #4252, #3076, .T. ) ;
#3866 = VERTEX_POINT ( 'NONE', #2214 ) ;
#3867 = CARTESIAN_POINT ( 'NONE',  ( -6.000000000000002665, 0.000000000000000000, 0.000000000000000000 ) ) ;
#3868 = DIRECTION ( 'NONE',  ( -1.000000000000000000, 0.000000000000000000, 0.000000000000000000 ) ) ;
#3869 = VECTOR ( 'NONE', #3190, 1000.000000000000000 ) ;
#3870 = CARTESIAN_POINT ( 'NONE',  ( 5.636576828888136603, 1.664498793564392010, 2.886751345948129543 ) ) ;
#3871 = CARTESIAN_POINT ( 'NONE',  ( -10.25000000000001421, 2.853169548885460483, -0.9270509831248441301 ) ) ;
#3872 = ORIENTED_EDGE ( 'NONE', *, *, #1849, .T. ) ;
#3873 =( BOUNDED_CURVE ( )  B_SPLINE_CURVE ( 2, ( #4609, #3273, #5405, #696, #291, #1554, #2032, #1058, #3705, #1091, #1527 ),
 .UNSPECIFIED., .F., .F. ) 
 B_SPLINE_CURVE_WITH_KNOTS ( ( 3, 2, 2, 2, 2, 3 ),
 ( 0.5000000000000004441, 0.5500000000000004885, 0.6000000000000005329, 0.6500000000000005773, 0.7000000000000006217, 0.7500000000000006661 ),
 .UNSPECIFIED. ) 
 CURVE ( )  GEOMETRIC_REPRESENTATION_ITEM ( )  RATIONAL_B_SPLINE_CURVE ( ( 0.9999999999999995559, 0.9510565162951539753, 1.000000000000000000, 0.9510565162951535312, 1.000000000000000000, 0.9510565162951535312, 1.000000000000000000, 0.9510565162951535312, 1.000000000000000000, 0.9510565162951528650, 1.000000000000000666 ) ) 
 REPRESENTATION_ITEM ( '' )  );
#3874 = CARTESIAN_POINT ( 'NONE',  ( 234.3750000000000000, 0.9747590886987209657, 2.999999999999992450 ) ) ;
#3875 = LINE ( 'NONE', #3843, #4891 ) ;
#3876 = LINE ( 'NONE', #2153, #1173 ) ;
#3877 = CYLINDRICAL_SURFACE ( 'NONE', #187, 2.000000000000000000 ) ;
#3878 = CARTESIAN_POINT ( 'NONE',  ( 233.5000000000000000, 0.000000000000000000, -3.000000000000002665 ) ) ;
#3879 = ORIENTED_EDGE ( 'NONE', *, *, #5237, .F. ) ;
#3880 = CARTESIAN_POINT ( 'NONE',  ( -9.625000000000005329, -0.9747590886987209657, 2.999999999999999556 ) ) ;
#3881 = CARTESIAN_POINT ( 'NONE',  ( 235.0000000000000284, -1.763355756877422964, 2.427050983124845462 ) ) ;
#3882 = CARTESIAN_POINT ( 'NONE',  ( 2.530010913217386470, 1.639096511328337780, 3.093013649916736885 ) ) ;
#3883 = CARTESIAN_POINT ( 'NONE',  ( 237.0000000000000284, 0.000000000000000000, 3.000000000000002665 ) ) ;
#3884 = EDGE_CURVE ( 'NONE', #1278, #1819, #3132, .T. ) ;
#3885 = ORIENTED_EDGE ( 'NONE', *, *, #4346, .F. ) ;
#3886 = CARTESIAN_POINT ( 'NONE',  ( -1.000000000000000000, 0.5000000000000000000, 3.773502691896260419 ) ) ;
#3887 = CARTESIAN_POINT ( 'NONE',  ( -7.125000000000009770, 0.000000000000000000, 2.000000000000001776 ) ) ;
#3888 = CARTESIAN_POINT ( 'NONE',  ( 235.8750000000000000, 0.9747590886987209657, -2.999999999999992450 ) ) ;
#3889 = AXIS2_PLACEMENT_3D ( 'NONE', #4453, #3531, #2261 ) ;
#3890 = CARTESIAN_POINT ( 'NONE',  ( 2.379605088895484055, -1.086016085107220475, 2.886751345948129543 ) ) ;
#3891 = ORIENTED_EDGE ( 'NONE', *, *, #2745, .F. ) ;
#3892 = ADVANCED_FACE ( 'NONE', ( #1389 ), #36, .T. ) ;
#3893 =( LENGTH_UNIT ( ) NAMED_UNIT ( * ) SI_UNIT ( .MILLI., .METRE. ) );
#3894 = DIRECTION ( 'NONE',  ( -1.000000000000000000, 0.000000000000000000, 0.000000000000000000 ) ) ;
#3895 = LINE ( 'NONE', #5621, #4561 ) ;
#3896 = CARTESIAN_POINT ( 'NONE',  ( -9.125000000000014211, -2.551952425056123186, 1.854101966249688260 ) ) ;
#3897 = ORIENTED_EDGE ( 'NONE', *, *, #4884, .T. ) ;
#3898 = CARTESIAN_POINT ( 'NONE',  ( 1.474061140068517961, -0.4753931178125512247, 2.886751345948129988 ) ) ;
#3899 = DIRECTION ( 'NONE',  ( 0.000000000000000000, 0.000000000000000000, -1.000000000000000000 ) ) ;
#3900 = CARTESIAN_POINT ( 'NONE',  ( 0.000000000000000000, 0.000000000000000000, -3.500000000000000000 ) ) ;
#3901 = ORIENTED_EDGE ( 'NONE', *, *, #5583, .T. ) ;
#3902 = CARTESIAN_POINT ( 'NONE',  ( -6.000000000000005329, 0.000000000000000000, 0.000000000000000000 ) ) ;
#3903 = CARTESIAN_POINT ( 'NONE',  ( 146.5294372515226655, 2.999999999999999112, 4.286263797015736595E-16 ) ) ;
#3904 = EDGE_LOOP ( 'NONE', ( #137, #4692, #403, #416 ) ) ;
#3905 = CARTESIAN_POINT ( 'NONE',  ( 2.059950598230141594, -0.1581706144441975825, 2.886751345948129988 ) ) ;
#3906 = CARTESIAN_POINT ( 'NONE',  ( 233.8750000000000284, 2.551952425056123186, -1.854101966249681155 ) ) ;
#3907 = CARTESIAN_POINT ( 'NONE',  ( 2.528765588929300367, -1.820177684357591641, 2.886751345948130432 ) ) ;
#3908 = VERTEX_POINT ( 'NONE', #4835 ) ;
#3909 = CARTESIAN_POINT ( 'NONE',  ( 28.52943725152283250, -6.999999999999999112, 4.286263797015736595E-16 ) ) ;
#3910 = EDGE_CURVE ( 'NONE', #1723, #4139, #2598, .T. ) ;
#3911 = LINE ( 'NONE', #903, #94 ) ;
#3912 = CARTESIAN_POINT ( 'NONE',  ( 7.913166887680227468, -1.847348703317845509, 2.886751345948129543 ) ) ;
#3913 = AXIS2_PLACEMENT_3D ( 'NONE', #1074, #5361, #4192 ) ;
#3914 = LINE ( 'NONE', #2927, #2654 ) ;
#3915 = ORIENTED_EDGE ( 'NONE', *, *, #5113, .T. ) ;
#3916 = DIRECTION ( 'NONE',  ( 1.000000000000000000, 0.000000000000000000, 0.000000000000000000 ) ) ;
#3917 =( GEOMETRIC_REPRESENTATION_CONTEXT ( 3 ) GLOBAL_UNCERTAINTY_ASSIGNED_CONTEXT ( ( #5548 ) ) GLOBAL_UNIT_ASSIGNED_CONTEXT ( ( #3123, #4029, #1289 ) ) REPRESENTATION_CONTEXT ( 'NONE', 'WORKASPACE' ) );
#3918 = DIRECTION ( 'NONE',  ( -1.000000000000000000, 0.000000000000000000, 0.000000000000000000 ) ) ;
#3919 = CARTESIAN_POINT ( 'NONE',  ( 1.879348919890784009, 1.162202905743713766, 2.886751345948130432 ) ) ;
#3920 = VECTOR ( 'NONE', #5522, 1000.000000000000000 ) ;
#3921 = CARTESIAN_POINT ( 'NONE',  ( -11.25000000000001599, -2.853169548885460483, -0.9270509831248441301 ) ) ;
#3922 = ORIENTED_EDGE ( 'NONE', *, *, #274, .T. ) ;
#3923 = CARTESIAN_POINT ( 'NONE',  ( 235.1250000000000000, -2.551952425056123186, 1.854101966249681155 ) ) ;
#3924 = ORIENTED_EDGE ( 'NONE', *, *, #811, .T. ) ;
#3925 = AXIS2_PLACEMENT_3D ( 'NONE', #5429, #2847, #4573 ) ;
#3926 = CARTESIAN_POINT ( 'NONE',  ( 98.98528137423839723, -6.485281374238538454, 0.000000000000000000 ) ) ;
#3927 = CIRCLE ( 'NONE', #2846, 3.500000000000000000 ) ;
#3928 = CARTESIAN_POINT ( 'NONE',  ( 3.141233887731000873, -1.439396638402533624, 2.886751345948129543 ) ) ;
#3929 = VERTEX_POINT ( 'NONE', #2624 ) ;
#3930 = CARTESIAN_POINT ( 'NONE',  ( 3.672201171070419434, 1.673170877808689339, 3.131276467051551826 ) ) ;
#3931 = ADVANCED_FACE ( 'NONE', ( #4408 ), #4303, .T. ) ;
#3932 = EDGE_CURVE ( 'NONE', #5456, #3134, #3291, .T. ) ;
#3933 = CARTESIAN_POINT ( 'NONE',  ( 144.4705627484768513, 15.00000000000052758, 0.000000000000000000 ) ) ;
#3934 = ORIENTED_EDGE ( 'NONE', *, *, #4135, .F. ) ;
#3935 = ADVANCED_FACE ( 'NONE', ( #3482 ), #497, .T. ) ;
#3936 = EDGE_CURVE ( 'NONE', #446, #5140, #2651, .T. ) ;
#3937 = CARTESIAN_POINT ( 'NONE',  ( -10.25000000000000533, 2.853169548885460483, 0.9270509831248441301 ) ) ;
#3938 = CARTESIAN_POINT ( 'NONE',  ( 234.8750000000000284, -0.9747590886987209657, 2.999999999999992450 ) ) ;
#3939 = AXIS2_PLACEMENT_3D ( 'NONE', #515, #1319, #2231 ) ;
#3940 = VECTOR ( 'NONE', #2534, 1000.000000000000000 ) ;
#3941 = DIRECTION ( 'NONE',  ( -0.7071067811865469066, -0.7071067811865481278, 0.000000000000000000 ) ) ;
#3942 = VERTEX_POINT ( 'NONE', #3323 ) ;
#3943 = EDGE_LOOP ( 'NONE', ( #5303, #544, #3623, #42 ) ) ;
#3944 = AXIS2_PLACEMENT_3D ( 'NONE', #2662, #3144, #426 ) ;
#3945 = DIRECTION ( 'NONE',  ( -1.000000000000000000, -0.000000000000000000, -0.000000000000000000 ) ) ;
#3946 = VERTEX_POINT ( 'NONE', #2809 ) ;
#3947 = CARTESIAN_POINT ( 'NONE',  ( -10.75000000000001421, 0.000000000000000000, 2.000000000000001776 ) ) ;
#3948 = CARTESIAN_POINT ( 'NONE',  ( 7.353840324345111590, 0.2184806214639111455, 2.886751345948129543 ) ) ;
#3949 = CARTESIAN_POINT ( 'NONE',  ( 236.5000000000000284, -1.902113032590309283, -0.6180339887499053386 ) ) ;
#3950 = CARTESIAN_POINT ( 'NONE',  ( 1.770106920123322158, -1.241350002632227056, 2.886751345948130432 ) ) ;
#3951 = EDGE_LOOP ( 'NONE', ( #3635, #1628, #5264, #259, #5612 ) ) ;
#3952 = LINE ( 'NONE', #1773, #466 ) ;
#3953 = DIRECTION ( 'NONE',  ( 0.000000000000000000, 0.000000000000000000, 1.000000000000000000 ) ) ;
#3954 = CARTESIAN_POINT ( 'NONE',  ( -7.375000000000015987, 2.551952425056123186, 1.854101966249681155 ) ) ;
#3955 = ORIENTED_EDGE ( 'NONE', *, *, #1780, .T. ) ;
#3956 = CARTESIAN_POINT ( 'NONE',  ( 236.3750000000000000, 2.551952425056123186, -1.854101966249681155 ) ) ;
#3957 = AXIS2_PLACEMENT_3D ( 'NONE', #449, #3945, #396 ) ;
#3958 = CARTESIAN_POINT ( 'NONE',  ( 3.187262736602368918, -1.440792494516847766, 3.189689167888294374 ) ) ;
#3959 = CARTESIAN_POINT ( 'NONE',  ( 4.372936527539467377, -1.566616764504205950, 2.886751345948129988 ) ) ;
#3960 = CARTESIAN_POINT ( 'NONE',  ( 2.059256322919846394, -0.1163670535761743979, 3.503679491924311051 ) ) ;
#3961 = CARTESIAN_POINT ( 'NONE',  ( 0.000000000000000000, 4.286263797015736595E-16, 3.500000000000000000 ) ) ;
#3962 = ORIENTED_EDGE ( 'NONE', *, *, #2532, .T. ) ;
#3963 = CARTESIAN_POINT ( 'NONE',  ( -12.00000000000001421, 0.000000000000000000, -2.000000000000001776 ) ) ;
#3964 = EDGE_CURVE ( 'NONE', #2869, #3818, #4013, .T. ) ;
#3965 = EDGE_CURVE ( 'NONE', #3693, #2162, #3813, .T. ) ;
#3966 = CARTESIAN_POINT ( 'NONE',  ( 2.138594403156471646, -1.610286016461204506, 2.886751345948128211 ) ) ;
#3967 = ORIENTED_EDGE ( 'NONE', *, *, #3690, .F. ) ;
#3968 = VERTEX_POINT ( 'NONE', #3725 ) ;
#3969 = ORIENTED_EDGE ( 'NONE', *, *, #1193, .T. ) ;
#3970 = DIRECTION ( 'NONE',  ( -0.000000000000000000, -0.000000000000000000, -1.000000000000000000 ) ) ;
#3971 = CARTESIAN_POINT ( 'NONE',  ( 146.5294372515226655, 11.49999999999981171, 4.286263797015737088E-16 ) ) ;
#3972 = CARTESIAN_POINT ( 'NONE',  ( 235.2500000000000284, 1.902113032590309283, -0.6180339887499053386 ) ) ;
#3973 = CARTESIAN_POINT ( 'NONE',  ( 235.1250000000000000, 1.701301616704077535, -1.236067977499787363 ) ) ;
#3974 = EDGE_LOOP ( 'NONE', ( #2767, #3770, #655, #3592 ) ) ;
#3975 = DIRECTION ( 'NONE',  ( 0.000000000000000000, 0.000000000000000000, -1.000000000000000000 ) ) ;
#3976 = CARTESIAN_POINT ( 'NONE',  ( 4.187308314368499040, -1.036253979971995642, 2.886751345948129543 ) ) ;
#3977 = DIRECTION ( 'NONE',  ( 0.000000000000000000, 0.000000000000000000, -1.000000000000000000 ) ) ;
#3978 = AXIS2_PLACEMENT_3D ( 'NONE', #4143, #5025, #4905 ) ;
#3979 = CARTESIAN_POINT ( 'NONE',  ( -7.250000000000006217, 0.000000000000000000, 3.000000000000002665 ) ) ;
#3980 = VERTEX_POINT ( 'NONE', #1083 ) ;
#3981 = CARTESIAN_POINT ( 'NONE',  ( 2.529817078106709971, -1.229459142805287897, 3.277535217164961434 ) ) ;
#3982 = CARTESIAN_POINT ( 'NONE',  ( 50.52943725152278631, -1.500000000000094147, 0.000000000000000000 ) ) ;
#3983 = ADVANCED_FACE ( 'NONE', ( #5028 ), #5470, .T. ) ;
#3984 = CARTESIAN_POINT ( 'NONE',  ( 226.0000000000000000, 2.500000000000000000, 5.773502691896260863 ) ) ;
#3985 = CARTESIAN_POINT ( 'NONE',  ( 232.2500000000000000, 0.000000000000000000, 3.000000000000002665 ) ) ;
#3986 = EDGE_LOOP ( 'NONE', ( #1022, #2369, #4362, #4971 ) ) ;
#3987 = ORIENTED_EDGE ( 'NONE', *, *, #5319, .T. ) ;
#3988 = CARTESIAN_POINT ( 'NONE',  ( -10.12500000000001421, -2.102924448476536590, 0.000000000000000000 ) ) ;
#3989 = CARTESIAN_POINT ( 'NONE',  ( 175.5104076400865836, -13.96015510839169593, 4.286263797015736595E-16 ) ) ;
#3990 = ORIENTED_EDGE ( 'NONE', *, *, #1133, .T. ) ;
#3991 = VERTEX_POINT ( 'NONE', #5512 ) ;
#3992 = ORIENTED_EDGE ( 'NONE', *, *, #4865, .T. ) ;
#3993 = DIRECTION ( 'NONE',  ( 0.000000000000000000, 0.000000000000000000, -1.000000000000000000 ) ) ;
#3994 = VERTEX_POINT ( 'NONE', #3701 ) ;
#3995 = CARTESIAN_POINT ( 'NONE',  ( 228.0000000000000000, -8.673617379884035472E-16, 5.773502691896260863 ) ) ;
#3996 = CARTESIAN_POINT ( 'NONE',  ( 233.3749999999999716, 0.6498393924658090182, 1.999999999999994893 ) ) ;
#3997 = DIRECTION ( 'NONE',  ( -1.000000000000000000, 0.000000000000000000, 0.000000000000000000 ) ) ;
#3998 = ADVANCED_FACE ( 'NONE', ( #1114 ), #2877, .F. ) ;
#3999 = EDGE_CURVE ( 'NONE', #971, #4805, #3263, .T. ) ;
#4000 = CARTESIAN_POINT ( 'NONE',  ( 3.952985166675413886, 1.566601056169059758, 3.285443134652490382 ) ) ;
#4001 = EDGE_CURVE ( 'NONE', #865, #2360, #4914, .T. ) ;
#4002 = VERTEX_POINT ( 'NONE', #4603 ) ;
#4003 = CARTESIAN_POINT ( 'NONE',  ( 107.4705627484769792, 2.000000000000000000, 0.000000000000000000 ) ) ;
#4004 = FACE_OUTER_BOUND ( 'NONE', #499, .T. ) ;
#4005 = CIRCLE ( 'NONE', #2268, 3.500000000000000000 ) ;
#4006 = LINE ( 'NONE', #1406, #4701 ) ;
#4007 = CARTESIAN_POINT ( 'NONE',  ( -11.12500000000000533, -0.9747590886987209657, -2.999999999999999556 ) ) ;
#4008 = EDGE_LOOP ( 'NONE', ( #2154, #3434, #5014, #5060 ) ) ;
#4009 = AXIS2_PLACEMENT_3D ( 'NONE', #3042, #1828, #5654 ) ;
#4010 = CARTESIAN_POINT ( 'NONE',  ( 4.222359832629448917, -1.001188004939081777, 3.353747542491250400 ) ) ;
#4011 = CARTESIAN_POINT ( 'NONE',  ( 3.243868850803426351, -1.925806656742537371, 3.185810201376516382 ) ) ;
#4012 = CARTESIAN_POINT ( 'NONE',  ( 2.227269624712715945, 0.6825360599262811911, 3.503679491924311051 ) ) ;
#4013 = CIRCLE ( 'NONE', #2279, 15.50000000000001421 ) ;
#4014 = VERTEX_POINT ( 'NONE', #3668 ) ;
#4015 = CARTESIAN_POINT ( 'NONE',  ( -3.000000000000000000, 5.000000000000001776, 2.886751345948129099 ) ) ;
#4016 =( BOUNDED_CURVE ( )  B_SPLINE_CURVE ( 2, ( #2627, #3026, #5158, #1243, #5242, #4725, #4755, #4623, #812, #843, #443 ),
 .UNSPECIFIED., .F., .F. ) 
 B_SPLINE_CURVE_WITH_KNOTS ( ( 3, 2, 2, 2, 2, 3 ),
 ( 0.2499999999999998612, 0.2999999999999998224, 0.3499999999999997558, 0.3999999999999998002, 0.4499999999999997335, 0.4999999999999997224 ),
 .UNSPECIFIED. ) 
 CURVE ( )  GEOMETRIC_REPRESENTATION_ITEM ( )  RATIONAL_B_SPLINE_CURVE ( ( 1.000000000000000222, 0.9510565162951535312, 1.000000000000000000, 0.9510565162951535312, 1.000000000000000000, 0.9510565162951535312, 1.000000000000000000, 0.9510565162951535312, 1.000000000000000000, 0.9510565162951537532, 0.9999999999999997780 ) ) 
 REPRESENTATION_ITEM ( '' )  );
#4017 = DIRECTION ( 'NONE',  ( 1.000000000000000000, 0.000000000000000000, 0.000000000000000000 ) ) ;
#4018 = VERTEX_POINT ( 'NONE', #5400 ) ;
#4019 = ORIENTED_EDGE ( 'NONE', *, *, #4861, .T. ) ;
#4020 = FACE_OUTER_BOUND ( 'NONE', #311, .T. ) ;
#4021 = EDGE_LOOP ( 'NONE', ( #5067, #3204, #5650, #2118, #2303 ) ) ;
#4022 = LINE ( 'NONE', #4526, #345 ) ;
#4023 = CARTESIAN_POINT ( 'NONE',  ( 234.6250000000000000, -0.9747590886987209657, 2.999999999999992450 ) ) ;
#4024 = CARTESIAN_POINT ( 'NONE',  ( 232.5000000000000000, -2.853169548885460483, 0.9270509831248441301 ) ) ;
#4025 = VECTOR ( 'NONE', #3529, 1000.000000000000000 ) ;
#4026 = DIRECTION ( 'NONE',  ( 0.000000000000000000, 0.000000000000000000, 1.000000000000000000 ) ) ;
#4027 = EDGE_LOOP ( 'NONE', ( #1453, #5198, #122, #4083 ) ) ;
#4028 = EDGE_CURVE ( 'NONE', #548, #3228, #689, .T. ) ;
#4029 =( NAMED_UNIT ( * ) PLANE_ANGLE_UNIT ( ) SI_UNIT ( $, .RADIAN. ) );
#4030 = ADVANCED_FACE ( 'NONE', ( #5082 ), #1945, .T. ) ;
#4031 = LINE ( 'NONE', #4348, #234 ) ;
#4032 = ORIENTED_EDGE ( 'NONE', *, *, #3478, .T. ) ;
#4033 = CARTESIAN_POINT ( 'NONE',  ( 225.0000000000000000, -8.673617379884035472E-16, 5.773502691896260863 ) ) ;
#4034 = EDGE_CURVE ( 'NONE', #1674, #4186, #2096, .T. ) ;
#4035 = ORIENTED_EDGE ( 'NONE', *, *, #1307, .F. ) ;
#4036 = CARTESIAN_POINT ( 'NONE',  ( 2.600742842994462123, -1.281720956181840343, 3.257162852017199572 ) ) ;
#4037 = CARTESIAN_POINT ( 'NONE',  ( 3.739495880131119776, -1.863627560818425621, 2.886751345948128655 ) ) ;
#4038 = CARTESIAN_POINT ( 'NONE',  ( 157.4895923599139849, 13.96015510839169949, 0.000000000000000000 ) ) ;
#4039 = TOROIDAL_SURFACE ( 'NONE', #665, 12.00000000000001421, 3.500000000000000000 ) ;
#4040 = ORIENTED_EDGE ( 'NONE', *, *, #327, .T. ) ;
#4041 = CARTESIAN_POINT ( 'NONE',  ( -3.000000000000000000, -8.673617379884035472E-16, -5.773502691896259087 ) ) ;
#4042 = AXIS2_PLACEMENT_3D ( 'NONE', #531, #5329, #1421 ) ;
#4043 = CARTESIAN_POINT ( 'NONE',  ( -7.750000000000014211, 2.853169548885460483, -0.9270509831248441301 ) ) ;
#4044 = ORIENTED_EDGE ( 'NONE', *, *, #5349, .T. ) ;
#4045 = ORIENTED_EDGE ( 'NONE', *, *, #4034, .F. ) ;
#4046 = CARTESIAN_POINT ( 'NONE',  ( 101.4601551083913051, -4.010407640085642988, 0.000000000000000000 ) ) ;
#4047 = VERTEX_POINT ( 'NONE', #4173 ) ;
#4048 = CARTESIAN_POINT ( 'NONE',  ( -10.12500000000001421, -2.102924448476535702, 0.000000000000000000 ) ) ;
#4049 = CARTESIAN_POINT ( 'NONE',  ( 237.0000000000000284, 0.000000000000000000, 3.000000000000002665 ) ) ;
#4050 = ADVANCED_FACE ( 'NONE', ( #257 ), #3753, .F. ) ;
#4051 = CARTESIAN_POINT ( 'NONE',  ( 24.81370849898478781, 5.000000000000000000, -3.500000000000000000 ) ) ;
#4052 = CARTESIAN_POINT ( 'NONE',  ( 226.0000000000000000, -1.500000000000000000, 3.773502691896260419 ) ) ;
#4053 = EDGE_LOOP ( 'NONE', ( #4681, #1789, #4496, #1512 ) ) ;
#4054 = CARTESIAN_POINT ( 'NONE',  ( 232.3750000000000284, -2.551952425056123186, 1.854101966249681155 ) ) ;
#4055 = LINE ( 'NONE', #1968, #459 ) ;
#4056 = CARTESIAN_POINT ( 'NONE',  ( -6.000000000000005329, 0.000000000000000000, -2.000000000000000000 ) ) ;
#4057 = CARTESIAN_POINT ( 'NONE',  ( 2.091398510117226994, -0.4761247647338213151, 2.886751345948129988 ) ) ;
#4058 = ORIENTED_EDGE ( 'NONE', *, *, #981, .T. ) ;
#4059 = CARTESIAN_POINT ( 'NONE',  ( -8.875000000000005329, -2.551952425056123186, -1.854101966249681155 ) ) ;
#4060 = ORIENTED_EDGE ( 'NONE', *, *, #1162, .T. ) ;
#4061 = EDGE_CURVE ( 'NONE', #2549, #3942, #1372, .T. ) ;
#4062 = DIRECTION ( 'NONE',  ( -1.000000000000000000, 0.000000000000000000, 0.000000000000000000 ) ) ;
#4063 = CARTESIAN_POINT ( 'NONE',  ( -8.500000000000007105, 0.000000000000000000, 2.000000000000001776 ) ) ;
#4064 = CARTESIAN_POINT ( 'NONE',  ( 3.483197997584120742, -1.415938696564414734, 3.356549519670508630 ) ) ;
#4065 = DIRECTION ( 'NONE',  ( -0.7071067811865457964, -0.7071067811865492381, 0.000000000000000000 ) ) ;
#4066 = DIRECTION ( 'NONE',  ( -1.000000000000000000, -0.000000000000000000, -0.000000000000000000 ) ) ;
#4067 = CARTESIAN_POINT ( 'NONE',  ( -7.250000000000006217, 0.000000000000000000, 3.000000000000002665 ) ) ;
#4068 = CARTESIAN_POINT ( 'NONE',  ( -9.875000000000015987, 2.551952425056123186, 1.854101966249681155 ) ) ;
#4069 = CARTESIAN_POINT ( 'NONE',  ( 235.0000000000000284, 1.902113032590309283, -0.6180339887499053386 ) ) ;
#4070 = ORIENTED_EDGE ( 'NONE', *, *, #3965, .T. ) ;
#4071 = DIRECTION ( 'NONE',  ( 0.000000000000000000, 0.000000000000000000, -1.000000000000000000 ) ) ;
#4072 = CARTESIAN_POINT ( 'NONE',  ( 235.0000000000000284, -2.853169548885460483, 0.9270509831248441301 ) ) ;
#4073 = CARTESIAN_POINT ( 'NONE',  ( 75.47056274847707869, 10.00000000000000533, 0.000000000000000000 ) ) ;
#4074 = DIRECTION ( 'NONE',  ( -0.000000000000000000, -5.421010862427522170E-17, 1.000000000000000000 ) ) ;
#4075 = ORIENTED_EDGE ( 'NONE', *, *, #3160, .T. ) ;
#4076 = FACE_OUTER_BOUND ( 'NONE', #5539, .T. ) ;
#4077 = EDGE_CURVE ( 'NONE', #3503, #5259, #5103, .T. ) ;
#4078 = DIRECTION ( 'NONE',  ( -0.000000000000000000, -0.000000000000000000, -1.000000000000000000 ) ) ;
#4079 = DIRECTION ( 'NONE',  ( 0.7071067811865492381, 0.7071067811865457964, 0.000000000000000000 ) ) ;
#4080 = CARTESIAN_POINT ( 'NONE',  ( 2.072737865595680073, -0.3606905516504020359, 2.886751345948129099 ) ) ;
#4081 = CARTESIAN_POINT ( 'NONE',  ( 2.439243258998337716, 0.9751288541026718049, 2.886751345948128655 ) ) ;
#4082 = DIRECTION ( 'NONE',  ( 0.000000000000000000, 0.000000000000000000, 1.000000000000000000 ) ) ;
#4083 = ORIENTED_EDGE ( 'NONE', *, *, #643, .T. ) ;
#4084 = VERTEX_POINT ( 'NONE', #2902 ) ;
#4085 = DIRECTION ( 'NONE',  ( 0.000000000000000000, 0.000000000000000000, -1.000000000000000000 ) ) ;
#4086 = CARTESIAN_POINT ( 'NONE',  ( -7.500000000000007105, -1.175570504584944054, -1.618033988749892238 ) ) ;
#4087 = CARTESIAN_POINT ( 'NONE',  ( 7.913166887680227468, -1.847348703317845509, 3.886751345948129543 ) ) ;
#4088 = CARTESIAN_POINT ( 'NONE',  ( 0.000000000000000000, -0.4999999999999987232, 3.773502691896259975 ) ) ;
#4089 = AXIS2_PLACEMENT_3D ( 'NONE', #2094, #776, #4747 ) ;
#4090 = CARTESIAN_POINT ( 'NONE',  ( 226.0000000000000000, -0.4999999999999998890, 3.773502691896260419 ) ) ;
#4091 = CARTESIAN_POINT ( 'NONE',  ( 3.613659052023441287, 1.191924522648770912, 3.291036641618204861 ) ) ;
#4092 = AXIS2_PLACEMENT_3D ( 'NONE', #3260, #160, #3606 ) ;
#4093 = ADVANCED_FACE ( 'NONE', ( #164 ), #3783, .T. ) ;
#4094 = CARTESIAN_POINT ( 'NONE',  ( 231.0000000000000000, 0.000000000000000000, 0.000000000000000000 ) ) ;
#4095 = ADVANCED_FACE ( 'NONE', ( #5592 ), #1460, .T. ) ;
#4096 = AXIS2_PLACEMENT_3D ( 'NONE', #5455, #229, #4432 ) ;
#4097 = CARTESIAN_POINT ( 'NONE',  ( 231.8750000000000000, -1.701301616704077535, -1.236067977499787363 ) ) ;
#4098 = CARTESIAN_POINT ( 'NONE',  ( 236.1250000000000000, -1.701301616704077091, 1.236067977499787141 ) ) ;
#4099 = EDGE_CURVE ( 'NONE', #4766, #25, #1252, .T. ) ;
#4100 = ADVANCED_FACE ( 'NONE', ( #3463 ), #5111, .T. ) ;
#4101 = EDGE_LOOP ( 'NONE', ( #5593, #1094, #373, #4443, #645, #5401 ) ) ;
#4102 = CARTESIAN_POINT ( 'NONE',  ( 7.353840324345111590, 1.664498793564392010, 2.886751345948129543 ) ) ;
#4103 = CIRCLE ( 'NONE', #4829, 3.500000000000000000 ) ;
#4104 = CARTESIAN_POINT ( 'NONE',  ( 2.094852496145050758, -0.4955346963999355814, 3.465538514759408883 ) ) ;
#4105 = AXIS2_PLACEMENT_3D ( 'NONE', #3640, #5490, #602 ) ;
#4106 = CARTESIAN_POINT ( 'NONE',  ( 232.3750000000000000, 0.6498393924658164567, -1.999999999999994893 ) ) ;
#4107 = CARTESIAN_POINT ( 'NONE',  ( 234.2500000000000000, -1.175570504584944054, -1.618033988749906227 ) ) ;
#4108 = CARTESIAN_POINT ( 'NONE',  ( 226.0000000000000000, -2.500000000000000000, 5.773502691896260863 ) ) ;
#4109 = ORIENTED_EDGE ( 'NONE', *, *, #5390, .F. ) ;
#4110 = CARTESIAN_POINT ( 'NONE',  ( 234.8750000000000284, -0.9747590886987209657, 2.999999999999992450 ) ) ;
#4111 = PLANE ( 'NONE',  #5380 ) ;
#4112 = CARTESIAN_POINT ( 'NONE',  ( 2.464110481799553831, 0.9997162037477131946, 3.354561118859094915 ) ) ;
#4113 = CARTESIAN_POINT ( 'NONE',  ( 3.110139785902253706, 1.738796469820504953, 3.312505020278111001 ) ) ;
#4114 = TOROIDAL_SURFACE ( 'NONE', #3939, 12.00000000000000355, 3.500000000000000000 ) ;
#4115 = VECTOR ( 'NONE', #2788, 1000.000000000000000 ) ;
#4116 = FACE_OUTER_BOUND ( 'NONE', #923, .T. ) ;
#4117 = DIRECTION ( 'NONE',  ( -0.7071067811865449082, 0.7071067811865501263, 0.000000000000000000 ) ) ;
#4118 = ORIENTED_EDGE ( 'NONE', *, *, #1010, .T. ) ;
#4119 = VECTOR ( 'NONE', #2111, 1000.000000000000000 ) ;
#4120 = CARTESIAN_POINT ( 'NONE',  ( 225.0000000000000000, 0.5000000000000000000, 5.484827557301447776 ) ) ;
#4121 = CARTESIAN_POINT ( 'NONE',  ( -9.125000000000007105, 2.102924448476536590, 0.000000000000000000 ) ) ;
#4122 = CARTESIAN_POINT ( 'NONE',  ( 225.0000000000000000, -1.500000000000000000, 5.773502691896260863 ) ) ;
#4123 = B_SPLINE_CURVE_WITH_KNOTS ( 'NONE', 3,
 ( #919, #4459, #4382, #2212, #1386, #1779, #996, #1326, #3130, #3928, #2702 ),
 .UNSPECIFIED., .F., .F.,
 ( 4, 1, 1, 1, 1, 1, 1, 1, 4 ),
 ( 0.000000000000000000, 0.1318152951315701704, 0.2579142746402969255, 0.3796503272825410003, 0.4998337781425732929, 0.6197327777450054587, 0.7422087146248054212, 0.8680026906682167809, 1.000000000000000000 ),
 .UNSPECIFIED. ) ;
#4124 = CARTESIAN_POINT ( 'NONE',  ( 144.4705627484768229, 2.999999999999999112, 0.000000000000000000 ) ) ;
#4125 = CARTESIAN_POINT ( 'NONE',  ( 48.47056274847710711, 6.999999999999999112, 0.000000000000000000 ) ) ;
#4126 = ORIENTED_EDGE ( 'NONE', *, *, #1133, .F. ) ;
#4127 = CARTESIAN_POINT ( 'NONE',  ( -10.87500000000001599, 0.6498393924658152354, 2.000000000000003109 ) ) ;
#4128 = CARTESIAN_POINT ( 'NONE',  ( 13.18629150101523173, 8.000000000000000000, -4.286263797015736595E-16 ) ) ;
#4129 = LINE ( 'NONE', #5352, #83 ) ;
#4130 = ORIENTED_EDGE ( 'NONE', *, *, #1441, .T. ) ;
#4131 = EDGE_CURVE ( 'NONE', #441, #967, #3914, .T. ) ;
#4132 = CARTESIAN_POINT ( 'NONE',  ( 234.3749999999999716, -1.701301616704077535, -1.236067977499787363 ) ) ;
#4133 = ORIENTED_EDGE ( 'NONE', *, *, #5457, .T. ) ;
#4134 = CARTESIAN_POINT ( 'NONE',  ( 2.133455532524712428, -0.6420442943384943035, 3.441408281027464877 ) ) ;
#4135 = EDGE_CURVE ( 'NONE', #4871, #2440, #4231, .T. ) ;
#4136 = CARTESIAN_POINT ( 'NONE',  ( 232.3750000000000284, -2.551952425056123186, 1.854101966249681155 ) ) ;
#4137 = CARTESIAN_POINT ( 'NONE',  ( 233.5000000000000000, -1.175570504584944054, 1.618033988749906227 ) ) ;
#4138 = CARTESIAN_POINT ( 'NONE',  ( 231.0000000000000000, 0.000000000000000000, 3.000000000000000444 ) ) ;
#4139 = VERTEX_POINT ( 'NONE', #825 ) ;
#4140 = DIRECTION ( 'NONE',  ( 0.000000000000000000, 5.421010862427522170E-17, -1.000000000000000000 ) ) ;
#4141 = DIRECTION ( 'NONE',  ( -0.000000000000000000, -5.421010862427522170E-17, 1.000000000000000000 ) ) ;
#4142 = FACE_OUTER_BOUND ( 'NONE', #5505, .T. ) ;
#4143 = CARTESIAN_POINT ( 'NONE',  ( 75.47056274847707869, 10.00000000000000355, 0.000000000000000000 ) ) ;
#4144 = DIRECTION ( 'NONE',  ( -1.000000000000000000, 0.000000000000000000, -0.000000000000000000 ) ) ;
#4145 = DIRECTION ( 'NONE',  ( -1.000000000000000000, 0.000000000000000000, 0.000000000000000000 ) ) ;
#4146 = ORIENTED_EDGE ( 'NONE', *, *, #2033, .F. ) ;
#4147 = DIRECTION ( 'NONE',  ( -1.000000000000000000, 0.000000000000000000, 0.000000000000000000 ) ) ;
#4148 = CARTESIAN_POINT ( 'NONE',  ( -6.750000000000006217, 1.902113032590309283, -0.6180339887498984552 ) ) ;
#4149 = CARTESIAN_POINT ( 'NONE',  ( 4.003446244151147582, -1.194736032574626350, 3.356549519670508630 ) ) ;
#4150 = DIRECTION ( 'NONE',  ( 0.000000000000000000, 0.000000000000000000, -1.000000000000000000 ) ) ;
#4151 = CARTESIAN_POINT ( 'NONE',  ( 4.506699757803152906, -1.453263543866571750, 2.886751345948129543 ) ) ;
#4152 = ORIENTED_EDGE ( 'NONE', *, *, #48, .T. ) ;
#4153 = CYLINDRICAL_SURFACE ( 'NONE', #4586, 2.000000000000000000 ) ;
#4154 = EDGE_CURVE ( 'NONE', #409, #4014, #5641, .T. ) ;
#4155 = CARTESIAN_POINT ( 'NONE',  ( 225.0000000000000000, 5.000000000000001776, -2.886751345948125103 ) ) ;
#4156 = VECTOR ( 'NONE', #4480, 1000.000000000000227 ) ;
#4157 = CARTESIAN_POINT ( 'NONE',  ( 1.453245755693006958, 2.495359062611168799E-15, 3.499999999999999556 ) ) ;
#4158 = ORIENTED_EDGE ( 'NONE', *, *, #2003, .T. ) ;
#4159 = ORIENTED_EDGE ( 'NONE', *, *, #293, .F. ) ;
#4160 = CARTESIAN_POINT ( 'NONE',  ( 146.5294372515226655, 14.99999999999981171, 0.000000000000000000 ) ) ;
#4161 = DIRECTION ( 'NONE',  ( 1.000000000000000000, 0.000000000000000000, 0.000000000000000000 ) ) ;
#4162 = CARTESIAN_POINT ( 'NONE',  ( 2.094141210645715123, 0.3197394946419865880, 3.488650461616378706 ) ) ;
#4163 = CARTESIAN_POINT ( 'NONE',  ( -12.00000000000001421, 0.000000000000000000, -2.000000000000001776 ) ) ;
#4164 = EDGE_LOOP ( 'NONE', ( #4233, #132, #1958, #4580, #1151, #1500, #243 ) ) ;
#4165 = DIRECTION ( 'NONE',  ( 1.000000000000000000, 0.000000000000000000, 0.000000000000000000 ) ) ;
#4166 = CYLINDRICAL_SURFACE ( 'NONE', #3657, 3.500000000000000000 ) ;
#4167 = DIRECTION ( 'NONE',  ( 1.000000000000000000, 0.000000000000000000, 0.000000000000000000 ) ) ;
#4168 = CARTESIAN_POINT ( 'NONE',  ( 2.267066387640442215, 1.504856479555046089, 2.886751345948129543 ) ) ;
#4169 = EDGE_CURVE ( 'NONE', #4530, #5132, #4103, .T. ) ;
#4170 = ADVANCED_FACE ( 'NONE', ( #1223 ), #5362, .F. ) ;
#4171 =( LENGTH_UNIT ( ) NAMED_UNIT ( * ) SI_UNIT ( .MILLI., .METRE. ) );
#4172 = EDGE_CURVE ( 'NONE', #3134, #4559, #365, .T. ) ;
#4173 = CARTESIAN_POINT ( 'NONE',  ( 5.636576828888136603, -1.847348703317845509, 2.886751345948129543 ) ) ;
#4174 = VERTEX_POINT ( 'NONE', #2583 ) ;
#4175 = CARTESIAN_POINT ( 'NONE',  ( 237.8750000000000000, 1.701301616704077535, 1.236067977499787363 ) ) ;
#4176 = CARTESIAN_POINT ( 'NONE',  ( 75.47056274847707869, 10.00000000000000533, 0.000000000000000000 ) ) ;
#4177 = CARTESIAN_POINT ( 'NONE',  ( -11.12500000000000711, -0.9747590886987209657, -2.999999999999999556 ) ) ;
#4178 = CARTESIAN_POINT ( 'NONE',  ( 4.115108808221823899, 0.8276913821979213770, 3.400724478083353652 ) ) ;
#4179 = ORIENTED_EDGE ( 'NONE', *, *, #3552, .F. ) ;
#4180 = AXIS2_PLACEMENT_3D ( 'NONE', #1536, #4560, #3624 ) ;
#4181 = CARTESIAN_POINT ( 'NONE',  ( -11.37500000000001599, 2.102924448476535702, 0.000000000000000000 ) ) ;
#4182 = DIRECTION ( 'NONE',  ( 0.000000000000000000, 0.000000000000000000, 1.000000000000000000 ) ) ;
#4183 = TOROIDAL_SURFACE ( 'NONE', #5637, 8.000000000000001776, 3.500000000000000000 ) ;
#4184 = CARTESIAN_POINT ( 'NONE',  ( 4.083412652024176914, 0.8627144597341676047, 2.886751345948130432 ) ) ;
#4185 = ORIENTED_EDGE ( 'NONE', *, *, #5319, .F. ) ;
#4186 = VERTEX_POINT ( 'NONE', #5197 ) ;
#4187 = VERTEX_POINT ( 'NONE', #5226 ) ;
#4188 = CARTESIAN_POINT ( 'NONE',  ( 234.1250000000000000, -2.102924448476535702, 0.000000000000000000 ) ) ;
#4189 = CIRCLE ( 'NONE', #2832, 15.50000000000000000 ) ;
#4190 = VECTOR ( 'NONE', #922, 1000.000000000000000 ) ;
#4191 = CARTESIAN_POINT ( 'NONE',  ( 1.892355976272852347, -1.386318568082182123, 3.225519225871962270 ) ) ;
#4192 = DIRECTION ( 'NONE',  ( 0.000000000000000000, 1.000000000000000000, 0.000000000000000000 ) ) ;
#4193 = VERTEX_POINT ( 'NONE', #3527 ) ;
#4194 = AXIS2_PLACEMENT_3D ( 'NONE', #105, #1852, #3088 ) ;
#4195 = CARTESIAN_POINT ( 'NONE',  ( 2.362302822118135914, 0.8850582092066512363, 3.886751345948129543 ) ) ;
#4196 = AXIS2_PLACEMENT_3D ( 'NONE', #3328, #4542, #5003 ) ;
#4197 = CARTESIAN_POINT ( 'NONE',  ( 233.6249999999999716, 0.9747590886987209657, -2.999999999999992450 ) ) ;
#4198 = CARTESIAN_POINT ( 'NONE',  ( 3.739495880131119776, -1.863627560818425621, 2.886751345948128655 ) ) ;
#4199 =( BOUNDED_CURVE ( )  B_SPLINE_CURVE ( 2, ( #4606, #692, #2382, #4175, #168, #139, #628, #1578, #2348, #203, #4942 ),
 .UNSPECIFIED., .F., .F. ) 
 B_SPLINE_CURVE_WITH_KNOTS ( ( 3, 2, 2, 2, 2, 3 ),
 ( 0.000000000000000000, 0.05000000000000004441, 0.1000000000000000888, 0.1500000000000001332, 0.2000000000000001776, 0.2500000000000002220 ),
 .UNSPECIFIED. ) 
 CURVE ( )  GEOMETRIC_REPRESENTATION_ITEM ( )  RATIONAL_B_SPLINE_CURVE ( ( 1.000000000000000000, 0.9510565162951535312, 1.000000000000000000, 0.9510565162951535312, 1.000000000000000000, 0.9510565162951535312, 1.000000000000000000, 0.9510565162951535312, 1.000000000000000000, 0.9510565162951533091, 1.000000000000000222 ) ) 
 REPRESENTATION_ITEM ( '' )  );
#4200 = CARTESIAN_POINT ( 'NONE',  ( 7.353840324345111590, -0.2510543865531919550, 2.886751345948129543 ) ) ;
#4201 = CARTESIAN_POINT ( 'NONE',  ( 233.5000000000000000, 0.000000000000000000, 2.000000000000001776 ) ) ;
#4202 = DIRECTION ( 'NONE',  ( -1.000000000000000000, 0.000000000000000000, -0.000000000000000000 ) ) ;
#4203 = EDGE_LOOP ( 'NONE', ( #858, #2712, #1703, #482 ) ) ;
#4204 = ADVANCED_FACE ( 'NONE', ( #2311 ), #5378, .T. ) ;
#4205 = CARTESIAN_POINT ( 'NONE',  ( 18.84314575050766294, 2.343145750507646952, 0.000000000000000000 ) ) ;
#4206 = CARTESIAN_POINT ( 'NONE',  ( -10.25000000000001421, 2.853169548885460483, -0.9270509831248441301 ) ) ;
#4207 = CIRCLE ( 'NONE', #4921, 3.000000000000000444 ) ;
#4208 = DIRECTION ( 'NONE',  ( -0.7071067811865447972, -0.7071067811865502373, 0.000000000000000000 ) ) ;
#4209 = CIRCLE ( 'NONE', #4924, 2.000000000000000000 ) ;
#4210 = DIRECTION ( 'NONE',  ( 0.000000000000000000, 5.421010862427522170E-17, 1.000000000000000000 ) ) ;
#4211 = CARTESIAN_POINT ( 'NONE',  ( -8.500000000000007105, 0.000000000000000000, 2.000000000000001776 ) ) ;
#4212 = VECTOR ( 'NONE', #104, 1000.000000000000000 ) ;
#4213 = CARTESIAN_POINT ( 'NONE',  ( 237.0000000000000284, 0.000000000000000000, 3.000000000000002665 ) ) ;
#4214 = FACE_OUTER_BOUND ( 'NONE', #3986, .T. ) ;
#4215 = DIRECTION ( 'NONE',  ( 1.000000000000000000, 0.000000000000000000, 0.000000000000000000 ) ) ;
#4216 = CARTESIAN_POINT ( 'NONE',  ( 3.306235146226145893, 1.261677762509390011, 2.886751345948129988 ) ) ;
#4217 = ORIENTED_EDGE ( 'NONE', *, *, #1607, .F. ) ;
#4218 = CARTESIAN_POINT ( 'NONE',  ( 2.362302822118135914, 0.8850582092066512363, 2.886751345948129543 ) ) ;
#4219 = DIRECTION ( 'NONE',  ( 0.000000000000000000, 0.000000000000000000, 1.000000000000000000 ) ) ;
#4220 = CIRCLE ( 'NONE', #3405, 3.500000000000000000 ) ;
#4221 = DIRECTION ( 'NONE',  ( 0.000000000000000000, 0.000000000000000000, 1.000000000000000000 ) ) ;
#4222 = PLANE ( 'NONE',  #3182 ) ;
#4223 = ORIENTED_EDGE ( 'NONE', *, *, #3674, .T. ) ;
#4224 = CLOSED_SHELL ( 'NONE', ( #4988, #4204, #471, #115, #4095, #4399, #2397, #4509, #143, #3983, #4413, #331, #1313, #1414, #3189, #300, #2503, #186, #4405, #429, #3215, #4277, #4928, #5183, #936, #5147, #4100, #1795, #368, #2398, #4276, #1416, #771, #1614, #1934, #5652, #4308, #5409, #1387, #1311, #5481, #949, #2991, #2629, #3858, #2812, #366, #3892, #404, #2252, #1467, #2069, #1314, #3931, #14, #976, #778, #221, #4438, #1381, #2660, #5215, #5218, #3827, #2992, #2778, #1972, #5110, #1892, #453, #3588, #1652, #3091, #3443, #294, #3794, #522, #4694, #5427, #5073, #4093, #3399, #3935, #536, #3392, #225, #2923, #4493, #950, #1341, #2179, #4516, #3518, #3410, #1487, #3998, #4243, #1204, #1638, #4473, #641, #3743, #502, #2352, #45, #3224, #348, #1345, #2217, #96, #1893, #4170, #2248, #2730, #644, #3819, #604, #4227, #2684, #2246, #5284, #41, #3523, #1787, #746 ) ) ;
#4225 = LINE ( 'NONE', #4195, #302 ) ;
#4226 = CARTESIAN_POINT ( 'NONE',  ( 228.0000000000000000, -8.673617379884035472E-16, 5.773502691896260863 ) ) ;
#4227 = ADVANCED_FACE ( 'NONE', ( #2256 ), #3638, .F. ) ;
#4228 = DIRECTION ( 'NONE',  ( -0.000000000000000000, 1.000000000000000000, 0.000000000000000000 ) ) ;
#4229 = AXIS2_PLACEMENT_3D ( 'NONE', #1478, #1035, #3114 ) ;
#4230 = CARTESIAN_POINT ( 'NONE',  ( 233.2500000000000000, 1.175570504584944054, 1.618033988749906227 ) ) ;
#4231 = LINE ( 'NONE', #3403, #1912 ) ;
#4232 = ORIENTED_EDGE ( 'NONE', *, *, #638, .T. ) ;
#4233 = ORIENTED_EDGE ( 'NONE', *, *, #4244, .T. ) ;
#4234 =( NAMED_UNIT ( * ) SI_UNIT ( $, .STERADIAN. ) SOLID_ANGLE_UNIT ( ) );
#4235 = CARTESIAN_POINT ( 'NONE',  ( -8.125000000000012434, 0.9747590886987209657, -2.999999999999999556 ) ) ;
#4236 = CARTESIAN_POINT ( 'NONE',  ( -7.750000000000005329, 2.853169548885460483, 0.9270509831248441301 ) ) ;
#4237 = CARTESIAN_POINT ( 'NONE',  ( -11.50000000000001421, -2.853169548885460483, 0.9270509831248441301 ) ) ;
#4238 = EDGE_CURVE ( 'NONE', #5632, #4624, #1766, .T. ) ;
#4239 = CARTESIAN_POINT ( 'NONE',  ( -8.375000000000007105, -0.6498393924658060206, 2.000000000000004441 ) ) ;
#4240 = CARTESIAN_POINT ( 'NONE',  ( 1.553258737228808695, -0.8092297859517088021, 2.886751345948130432 ) ) ;
#4241 = DIRECTION ( 'NONE',  ( 0.000000000000000000, 0.000000000000000000, 1.000000000000000000 ) ) ;
#4242 = DIRECTION ( 'NONE',  ( 0.000000000000000000, 0.000000000000000000, 1.000000000000000000 ) ) ;
#4243 = ADVANCED_FACE ( 'NONE', ( #3549 ), #3145, .F. ) ;
#4244 = EDGE_CURVE ( 'NONE', #1363, #493, #934, .T. ) ;
#4245 = PLANE ( 'NONE',  #2560 ) ;
#4246 = ORIENTED_EDGE ( 'NONE', *, *, #2677, .T. ) ;
#4247 = CARTESIAN_POINT ( 'NONE',  ( -8.875000000000005329, -2.551952425056123186, -1.854101966249681155 ) ) ;
#4248 = DIRECTION ( 'NONE',  ( 1.000000000000000000, 0.000000000000000000, 0.000000000000000000 ) ) ;
#4249 = VECTOR ( 'NONE', #228, 1000.000000000000114 ) ;
#4250 = CARTESIAN_POINT ( 'NONE',  ( 3.178533002057562395, -1.927163419156078250, 3.225519225871961826 ) ) ;
#4251 = CARTESIAN_POINT ( 'NONE',  ( 4.506699757803152906, -1.453263543866571750, 3.184026550151297652 ) ) ;
#4252 = VERTEX_POINT ( 'NONE', #960 ) ;
#4253 = DIRECTION ( 'NONE',  ( -0.000000000000000000, -0.000000000000000000, -1.000000000000000000 ) ) ;
#4254 = CARTESIAN_POINT ( 'NONE',  ( 1.505323477514404207, 0.4130173643532309979, 3.503679491924311939 ) ) ;
#4255 = LINE ( 'NONE', #2079, #4613 ) ;
#4256 = CARTESIAN_POINT ( 'NONE',  ( 235.1250000000000000, -3.154386672714803996, 0.000000000000000000 ) ) ;
#4257 = CARTESIAN_POINT ( 'NONE',  ( 2.299324022902030862, -0.9762459062396343645, 2.886751345948129543 ) ) ;
#4258 = ORIENTED_EDGE ( 'NONE', *, *, #813, .T. ) ;
#4259 = ORIENTED_EDGE ( 'NONE', *, *, #2819, .F. ) ;
#4260 = CARTESIAN_POINT ( 'NONE',  ( 3.493044239779253157, 1.712597339763311854, 3.052419906851616016 ) ) ;
#4261 = LINE ( 'NONE', #2057, #1359 ) ;
#4262 = DIRECTION ( 'NONE',  ( -0.7071067811865484609, 0.7071067811865464625, 0.000000000000000000 ) ) ;
#4263 = CARTESIAN_POINT ( 'NONE',  ( -11.75000000000001421, -1.763355756877416081, 2.427050983124845462 ) ) ;
#4264 = CARTESIAN_POINT ( 'NONE',  ( 235.1250000000000000, 2.102924448476536590, 0.000000000000000000 ) ) ;
#4265 = FACE_OUTER_BOUND ( 'NONE', #953, .T. ) ;
#4266 = CARTESIAN_POINT ( 'NONE',  ( 1.453921786281333617, 0.07139464079407671637, 2.886751345948130432 ) ) ;
#4267 = DIRECTION ( 'NONE',  ( 0.000000000000000000, 1.000000000000000000, 0.000000000000000000 ) ) ;
#4268 = FACE_OUTER_BOUND ( 'NONE', #3082, .T. ) ;
#4269 = CARTESIAN_POINT ( 'NONE',  ( 237.0000000000000284, 1.763355756877416081, 2.427050983124845462 ) ) ;
#4270 = ORIENTED_EDGE ( 'NONE', *, *, #3234, .F. ) ;
#4271 = FACE_OUTER_BOUND ( 'NONE', #5416, .T. ) ;
#4272 = EDGE_CURVE ( 'NONE', #1767, #3441, #2695, .T. ) ;
#4273 = EDGE_CURVE ( 'NONE', #1824, #2652, #633, .T. ) ;
#4274 = EDGE_CURVE ( 'NONE', #3621, #4799, #1179, .T. ) ;
#4275 = AXIS2_PLACEMENT_3D ( 'NONE', #4776, #3019, #5604 ) ;
#4276 = ADVANCED_FACE ( 'NONE', ( #1876 ), #5334, .T. ) ;
#4277 = ADVANCED_FACE ( 'NONE', ( #4792 ), #513, .T. ) ;
#4278 = LINE ( 'NONE', #2486, #3475 ) ;
#4279 = CARTESIAN_POINT ( 'NONE',  ( -13.25000000000001599, 0.000000000000000000, 0.000000000000000000 ) ) ;
#4280 = ORIENTED_EDGE ( 'NONE', *, *, #1619, .T. ) ;
#4281 = DIRECTION ( 'NONE',  ( 1.000000000000000000, 0.000000000000000000, 0.000000000000000000 ) ) ;
#4282 = CARTESIAN_POINT ( 'NONE',  ( 1.859095980856778407, 1.137596958538559022, 3.503679491924310607 ) ) ;
#4283 = AXIS2_PLACEMENT_3D ( 'NONE', #5056, #1140, #2900 ) ;
#4284 = DIRECTION ( 'NONE',  ( 0.000000000000000000, 0.000000000000000000, 1.000000000000000000 ) ) ;
#4285 = B_SPLINE_CURVE_WITH_KNOTS ( 'NONE', 3,
 ( #3488, #5219, #1305, #3057, #4784, #1786, #445, #868, #3907, #2628, #3455, #2687, #2656, #3966, #5301, #15, #1393, #2192, #503 ),
 .UNSPECIFIED., .F., .F.,
 ( 4, 1, 1, 1, 1, 1, 1, 1, 1, 1, 1, 1, 1, 1, 1, 1, 4 ),
 ( 0.000000000000000000, 0.06830426321952995372, 0.1350259117133356945, 0.1999424791444520400, 0.2640195788924354359, 0.3269066041607736617, 0.3889527943741672433, 0.4502449901145184619, 0.5109666569271729131, 0.5713064647284681330, 0.6314566768115872364, 0.6916113744248890693, 0.7522070117835683023, 0.8129508919446605253, 0.8745942513839609633, 0.9369758288526038870, 1.000000000000000000 ),
 .UNSPECIFIED. ) ;
#4286 = DIRECTION ( 'NONE',  ( -0.000000000000000000, 1.000000000000000000, 0.000000000000000000 ) ) ;
#4287 = AXIS2_PLACEMENT_3D ( 'NONE', #5094, #2943, #330 ) ;
#4288 = CARTESIAN_POINT ( 'NONE',  ( 4.083412652024176914, 0.8627144597341676047, 2.886751345948130432 ) ) ;
#4289 = ORIENTED_EDGE ( 'NONE', *, *, #643, .F. ) ;
#4290 = ORIENTED_EDGE ( 'NONE', *, *, #2253, .F. ) ;
#4291 = SURFACE_SIDE_STYLE ('',( #4739 ) ) ;
#4292 = DIRECTION ( 'NONE',  ( -1.000000000000000000, -0.000000000000000000, -0.000000000000000000 ) ) ;
#4293 = CARTESIAN_POINT ( 'NONE',  ( -9.500000000000007105, -1.763355756877416081, 2.427050983124845462 ) ) ;
#4294 = VECTOR ( 'NONE', #1489, 1000.000000000000000 ) ;
#4295 = CARTESIAN_POINT ( 'NONE',  ( -11.87500000000001421, -0.9747590886987209657, 2.999999999999999556 ) ) ;
#4296 = VERTEX_POINT ( 'NONE', #2229 ) ;
#4297 = ORIENTED_EDGE ( 'NONE', *, *, #1183, .T. ) ;
#4298 = DIRECTION ( 'NONE',  ( 0.000000000000000000, 0.000000000000000000, 1.000000000000000000 ) ) ;
#4299 = CARTESIAN_POINT ( 'NONE',  ( 213.4705627484779313, 5.204170427930421283E-15, 0.000000000000000000 ) ) ;
#4300 = CARTESIAN_POINT ( 'NONE',  ( 3.768865205590844258, 1.642965858379511479, 2.886751345948130876 ) ) ;
#4301 = PRESENTATION_LAYER_ASSIGNMENT (  '', '', ( #4750 ) ) ;
#4302 = TOROIDAL_SURFACE ( 'NONE', #1922, 12.00000000000001954, 3.500000000000000000 ) ;
#4303 = CYLINDRICAL_SURFACE ( 'NONE', #1636, 3.500000000000000000 ) ;
#4304 = ORIENTED_EDGE ( 'NONE', *, *, #2644, .T. ) ;
#4305 = CARTESIAN_POINT ( 'NONE',  ( -10.50000000000000533, 2.853169548885460483, -0.9270509831248441301 ) ) ;
#4306 = CARTESIAN_POINT ( 'NONE',  ( 236.3750000000000000, 2.551952425056123186, -1.854101966249681155 ) ) ;
#4307 = CARTESIAN_POINT ( 'NONE',  ( 2.211289146410536866, -1.661635345532122887, 3.225519225871961826 ) ) ;
#4308 = ADVANCED_FACE ( 'NONE', ( #2747 ), #4904, .T. ) ;
#4309 = DIRECTION ( 'NONE',  ( -1.000000000000000000, 0.000000000000000000, 0.000000000000000000 ) ) ;
#4310 = ORIENTED_EDGE ( 'NONE', *, *, #3689, .T. ) ;
#4311 = CARTESIAN_POINT ( 'NONE',  ( -3.000000000000000000, -8.673617379884035472E-16, -5.773502691896259087 ) ) ;
#4312 = CARTESIAN_POINT ( 'NONE',  ( 177.9852813742394346, -11.48528137423873652, 0.000000000000000000 ) ) ;
#4313 = CARTESIAN_POINT ( 'NONE',  ( 236.3750000000000000, 3.154386672714803996, 0.000000000000000000 ) ) ;
#4314 = CARTESIAN_POINT ( 'NONE',  ( 3.691239186185750754, 1.158592990035597348, 2.886751345948129543 ) ) ;
#4315 = ORIENTED_EDGE ( 'NONE', *, *, #2434, .T. ) ;
#4316 = PLANE ( 'NONE',  #829 ) ;
#4317 = CARTESIAN_POINT ( 'NONE',  ( -9.875000000000015987, 2.551952425056123186, 1.854101966249681155 ) ) ;
#4318 = AXIS2_PLACEMENT_3D ( 'NONE', #4015, #1417, #3158 ) ;
#4319 = CARTESIAN_POINT ( 'NONE',  ( -8.125000000000005329, 2.551952425056123186, -1.854101966249688260 ) ) ;
#4320 = CARTESIAN_POINT ( 'NONE',  ( -11.00000000000001421, -1.763355756877422964, -2.427050983124845462 ) ) ;
#4321 = ORIENTED_EDGE ( 'NONE', *, *, #2321, .F. ) ;
#4322 = EDGE_CURVE ( 'NONE', #2711, #4187, #3737, .T. ) ;
#4323 = CARTESIAN_POINT ( 'NONE',  ( 233.3749999999999716, 0.9747590886987209657, -2.999999999999992450 ) ) ;
#4324 = EDGE_LOOP ( 'NONE', ( #4843, #744 ) ) ;
#4325 = LINE ( 'NONE', #411, #3302 ) ;
#4326 = CARTESIAN_POINT ( 'NONE',  ( 0.000000000000000000, 0.000000000000000000, 0.000000000000000000 ) ) ;
#4327 = VERTEX_POINT ( 'NONE', #3315 ) ;
#4328 = CARTESIAN_POINT ( 'NONE',  ( 3.363415948209149686, 1.729824625038123287, 3.131276467051552714 ) ) ;
#4329 = EDGE_LOOP ( 'NONE', ( #4152, #4837, #5630, #5608 ) ) ;
#4330 = DIRECTION ( 'NONE',  ( 0.000000000000000000, 1.000000000000000000, 0.000000000000000000 ) ) ;
#4331 = ORIENTED_EDGE ( 'NONE', *, *, #3368, .T. ) ;
#4332 = EDGE_CURVE ( 'NONE', #3929, #4855, #1540, .T. ) ;
#4333 = CARTESIAN_POINT ( 'NONE',  ( 2.150986703058229033, -0.6919172236329292902, 2.886751345948129543 ) ) ;
#4334 = DIRECTION ( 'NONE',  ( 1.000000000000000000, 0.000000000000000000, 0.000000000000000000 ) ) ;
#4335 = ORIENTED_EDGE ( 'NONE', *, *, #3689, .F. ) ;
#4336 = CARTESIAN_POINT ( 'NONE',  ( -12.00000000000001421, 0.000000000000000000, 3.000000000000002665 ) ) ;
#4337 = ORIENTED_EDGE ( 'NONE', *, *, #3585, .T. ) ;
#4338 = DIRECTION ( 'NONE',  ( 1.000000000000000000, 0.000000000000000000, 0.000000000000000000 ) ) ;
#4339 = LINE ( 'NONE', #3948, #1741 ) ;
#4340 = CARTESIAN_POINT ( 'NONE',  ( 234.8749999999999716, 0.6498393924658139031, -1.999999999999996669 ) ) ;
#4341 = AXIS2_PLACEMENT_3D ( 'NONE', #823, #2545, #4284 ) ;
#4342 = CARTESIAN_POINT ( 'NONE',  ( 2.572825169021099700, -1.261337592137897090, 3.363938717079706819 ) ) ;
#4343 = EDGE_LOOP ( 'NONE', ( #3578, #1335, #1522, #821 ) ) ;
#4344 = CARTESIAN_POINT ( 'NONE',  ( 226.0000000000000000, 2.000000000000000000, 0.000000000000000000 ) ) ;
#4345 = EDGE_CURVE ( 'NONE', #4390, #1123, #4564, .T. ) ;
#4346 = EDGE_CURVE ( 'NONE', #1269, #4018, #5052, .T. ) ;
#4347 = EDGE_CURVE ( 'NONE', #3188, #1075, #2368, .T. ) ;
#4348 = CARTESIAN_POINT ( 'NONE',  ( 7.353840324345111590, -1.847348703317845509, 2.886751345948129543 ) ) ;
#4349 = CARTESIAN_POINT ( 'NONE',  ( -9.375000000000014211, -0.9747590886987209657, 2.999999999999999556 ) ) ;
#4350 = EDGE_CURVE ( 'NONE', #869, #5140, #2918, .T. ) ;
#4351 = EDGE_LOOP ( 'NONE', ( #2589, #277, #4358, #1366, #731 ) ) ;
#4352 = CARTESIAN_POINT ( 'NONE',  ( 232.3750000000000000, -0.9747590886987209657, 2.999999999999992450 ) ) ;
#4353 = DIRECTION ( 'NONE',  ( 0.7071067811865484609, 0.7071067811865465735, 0.000000000000000000 ) ) ;
#4354 = DIRECTION ( 'NONE',  ( -1.000000000000000000, 0.000000000000000000, 0.000000000000000000 ) ) ;
#4355 = VERTEX_POINT ( 'NONE', #4138 ) ;
#4356 = CARTESIAN_POINT ( 'NONE',  ( 2.362302822118135914, 0.8850582092066512363, 3.503679491924311051 ) ) ;
#4357 = DIRECTION ( 'NONE',  ( 0.000000000000000000, 0.000000000000000000, -1.000000000000000000 ) ) ;
#4358 = ORIENTED_EDGE ( 'NONE', *, *, #1954, .F. ) ;
#4359 = CARTESIAN_POINT ( 'NONE',  ( 2.091398510117226994, -0.4761247647338213151, 2.886751345948129988 ) ) ;
#4360 = CARTESIAN_POINT ( 'NONE',  ( 235.2500000000000284, -2.853169548885460483, 0.9270509831248441301 ) ) ;
#4361 = PLANE ( 'NONE',  #3186 ) ;
#4362 = ORIENTED_EDGE ( 'NONE', *, *, #3999, .T. ) ;
#4363 = LINE ( 'NONE', #3034, #23 ) ;
#4364 = ORIENTED_EDGE ( 'NONE', *, *, #884, .F. ) ;
#4365 = CARTESIAN_POINT ( 'NONE',  ( -0.3431457505076260794, 0.000000000000000000, 0.000000000000000000 ) ) ;
#4366 = LINE ( 'NONE', #4816, #3491 ) ;
#4367 = AXIS2_PLACEMENT_3D ( 'NONE', #786, #2916, #4672 ) ;
#4368 = DIRECTION ( 'NONE',  ( 1.000000000000000000, 0.000000000000000000, 0.000000000000000000 ) ) ;
#4369 = ORIENTED_EDGE ( 'NONE', *, *, #299, .F. ) ;
#4370 = LINE ( 'NONE', #1429, #4025 ) ;
#4371 = VECTOR ( 'NONE', #4292, 1000.000000000000000 ) ;
#4372 = LINE ( 'NONE', #461, #1997 ) ;
#4373 = DIRECTION ( 'NONE',  ( -0.7071067811865471286, -0.7071067811865480168, 0.000000000000000000 ) ) ;
#4374 = CARTESIAN_POINT ( 'NONE',  ( 3.115406085765597410, -1.926056666302377707, 2.922380446834128342 ) ) ;
#4375 = EDGE_LOOP ( 'NONE', ( #993, #3608, #3655, #3452 ) ) ;
#4376 = EDGE_CURVE ( 'NONE', #1278, #4327, #121, .T. ) ;
#4377 = CARTESIAN_POINT ( 'NONE',  ( 236.8750000000000284, 2.551952425056123186, 1.854101966249681155 ) ) ;
#4378 = VECTOR ( 'NONE', #743, 1000.000000000000000 ) ;
#4379 = CARTESIAN_POINT ( 'NONE',  ( 1.450669114653322378, -0.1076373190313678341, 3.886751345948129543 ) ) ;
#4380 = CIRCLE ( 'NONE', #271, 3.500000000000000000 ) ;
#4381 = EDGE_CURVE ( 'NONE', #1718, #3464, #5020, .T. ) ;
#4382 = CARTESIAN_POINT ( 'NONE',  ( 2.379605088895484055, -1.086016085107220475, 2.886751345948129099 ) ) ;
#4383 = CARTESIAN_POINT ( 'NONE',  ( 2.075816473216389291, 0.1795076990605043998, 3.503679491924310163 ) ) ;
#4384 = CARTESIAN_POINT ( 'NONE',  ( 235.7500000000000284, -1.763355756877416081, -2.427050983124845462 ) ) ;
#4385 = VERTEX_POINT ( 'NONE', #4961 ) ;
#4386 = CARTESIAN_POINT ( 'NONE',  ( -9.750000000000015987, -1.175570504584944054, -1.618033988749892238 ) ) ;
#4387 = TOROIDAL_SURFACE ( 'NONE', #278, 7.999999999998975042, 3.500000000000000000 ) ;
#4388 = DIRECTION ( 'NONE',  ( -1.000000000000000000, 0.000000000000000000, 0.000000000000000000 ) ) ;
#4389 = EDGE_LOOP ( 'NONE', ( #1224, #2849, #4476, #4246, #379 ) ) ;
#4390 = VERTEX_POINT ( 'NONE', #3627 ) ;
#4391 = ORIENTED_EDGE ( 'NONE', *, *, #698, .F. ) ;
#4392 = STYLED_ITEM ( 'NONE', ( #3262 ), #3178 ) ;
#4393 = DIRECTION ( 'NONE',  ( -0.7071067811865432429, -0.7071067811865519026, 0.000000000000000000 ) ) ;
#4394 = CARTESIAN_POINT ( 'NONE',  ( 188.5294372515236887, -14.99999999999981171, 0.000000000000000000 ) ) ;
#4395 = CARTESIAN_POINT ( 'NONE',  ( 235.8750000000000284, 0.6498393924658090182, 1.999999999999994893 ) ) ;
#4396 = CARTESIAN_POINT ( 'NONE',  ( 232.0000000000000000, 0.000000000000000000, 3.000000000000002665 ) ) ;
#4397 = DIRECTION ( 'NONE',  ( 0.7071067811865447972, 0.7071067811865502373, 0.000000000000000000 ) ) ;
#4398 = EDGE_LOOP ( 'NONE', ( #3084, #3584, #2424 ) ) ;
#4399 = ADVANCED_FACE ( 'NONE', ( #4930 ), #2081, .T. ) ;
#4400 = FACE_OUTER_BOUND ( 'NONE', #2128, .T. ) ;
#4401 = CARTESIAN_POINT ( 'NONE',  ( 1.919510003034402112, 1.210995897707717317, 3.312505020278112333 ) ) ;
#4402 = CARTESIAN_POINT ( 'NONE',  ( -11.75000000000000533, -2.853169548885460483, 0.9270509831248441301 ) ) ;
#4403 = ORIENTED_EDGE ( 'NONE', *, *, #5351, .T. ) ;
#4404 = CARTESIAN_POINT ( 'NONE',  ( 1.550388023404278615, 0.5729878048638171739, 2.886751345948128655 ) ) ;
#4405 = ADVANCED_FACE ( 'NONE', ( #193 ), #222, .T. ) ;
#4406 = CARTESIAN_POINT ( 'NONE',  ( 4.073048745541228755, -1.744726945847460797, 2.886751345948128655 ) ) ;
#4407 = CARTESIAN_POINT ( 'NONE',  ( 2.288790291324266590, 0.7887887811889388034, 2.886751345948129988 ) ) ;
#4408 = FACE_OUTER_BOUND ( 'NONE', #3784, .T. ) ;
#4409 = ORIENTED_EDGE ( 'NONE', *, *, #2576, .F. ) ;
#4410 = CARTESIAN_POINT ( 'NONE',  ( -8.625000000000015987, 1.701301616704077091, 1.236067977499787141 ) ) ;
#4411 = EDGE_CURVE ( 'NONE', #4084, #5311, #2895, .T. ) ;
#4412 = EDGE_CURVE ( 'NONE', #1577, #1602, #1012, .T. ) ;
#4413 = ADVANCED_FACE ( 'NONE', ( #3691 ), #1265, .T. ) ;
#4414 = CARTESIAN_POINT ( 'NONE',  ( -11.50000000000001066, 0.000000000000000000, 2.500000000000002220 ) ) ;
#4415 = VERTEX_POINT ( 'NONE', #249 ) ;
#4416 = ORIENTED_EDGE ( 'NONE', *, *, #3524, .T. ) ;
#4417 = DIRECTION ( 'NONE',  ( 1.000000000000000000, 0.000000000000000000, 0.000000000000000000 ) ) ;
#4418 = LINE ( 'NONE', #3085, #1442 ) ;
#4419 = CARTESIAN_POINT ( 'NONE',  ( 232.8750000000000000, 2.102924448476536590, 0.000000000000000000 ) ) ;
#4420 = CARTESIAN_POINT ( 'NONE',  ( 236.3750000000000000, -2.102924448476535702, 0.000000000000000000 ) ) ;
#4421 = DIRECTION ( 'NONE',  ( 0.000000000000000000, 0.000000000000000000, -1.000000000000000000 ) ) ;
#4422 = ORIENTED_EDGE ( 'NONE', *, *, #472, .T. ) ;
#4423 = LINE ( 'NONE', #541, #2198 ) ;
#4424 = CARTESIAN_POINT ( 'NONE',  ( 3.237841569399111830, -1.439518050658897375, 2.886751345948130876 ) ) ;
#4425 = CARTESIAN_POINT ( 'NONE',  ( -10.12500000000000711, -1.701301616704077535, -1.236067977499787363 ) ) ;
#4426 = CIRCLE ( 'NONE', #1042, 3.500000000000000000 ) ;
#4427 = CARTESIAN_POINT ( 'NONE',  ( -12.12500000000000533, -0.9747590886987209657, 2.999999999999999556 ) ) ;
#4428 = EDGE_LOOP ( 'NONE', ( #5472, #3766, #504, #985 ) ) ;
#4429 = CARTESIAN_POINT ( 'NONE',  ( -6.000000000000005329, 0.000000000000000000, 2.000000000000001776 ) ) ;
#4430 = CARTESIAN_POINT ( 'NONE',  ( 231.0000000000000000, 0.000000000000000000, 0.000000000000000000 ) ) ;
#4431 = DIRECTION ( 'NONE',  ( -1.000000000000000000, 0.000000000000000000, 0.000000000000000000 ) ) ;
#4432 = DIRECTION ( 'NONE',  ( 1.000000000000000000, 0.000000000000000000, 0.000000000000000000 ) ) ;
#4433 = VERTEX_POINT ( 'NONE', #4990 ) ;
#4434 = CARTESIAN_POINT ( 'NONE',  ( -10.50000000000001421, -1.175570504584944054, 1.618033988749892238 ) ) ;
#4435 = CARTESIAN_POINT ( 'NONE',  ( 237.1250000000000000, 0.000000000000000000, 2.000000000000001776 ) ) ;
#4436 = ORIENTED_EDGE ( 'NONE', *, *, #4820, .T. ) ;
#4437 = EDGE_LOOP ( 'NONE', ( #3219, #5624, #705, #4391 ) ) ;
#4438 = ADVANCED_FACE ( 'NONE', ( #3799 ), #4183, .T. ) ;
#4439 = VERTEX_POINT ( 'NONE', #817 ) ;
#4440 = EDGE_CURVE ( 'NONE', #3348, #4462, #5076, .T. ) ;
#4441 =( BOUNDED_CURVE ( )  B_SPLINE_CURVE ( 2, ( #4211, #4239, #3218, #292, #610, #2331, #1895, #2034, #3649, #2937, #3812 ),
 .UNSPECIFIED., .F., .F. ) 
 B_SPLINE_CURVE_WITH_KNOTS ( ( 3, 2, 2, 2, 2, 3 ),
 ( 0.4999999999999997224, 0.5499999999999998224, 0.5999999999999998668, 0.6499999999999999112, 0.6999999999999999556, 0.7500000000000000000 ),
 .UNSPECIFIED. ) 
 CURVE ( )  GEOMETRIC_REPRESENTATION_ITEM ( )  RATIONAL_B_SPLINE_CURVE ( ( 1.000000000000000222, 0.9510565162951533091, 1.000000000000000000, 0.9510565162951535312, 1.000000000000000000, 0.9510565162951535312, 1.000000000000000000, 0.9510565162951535312, 1.000000000000000000, 0.9510565162951535312, 1.000000000000000000 ) ) 
 REPRESENTATION_ITEM ( '' )  );
#4442 = PLANE ( 'NONE',  #4042 ) ;
#4443 = ORIENTED_EDGE ( 'NONE', *, *, #3447, .F. ) ;
#4444 = FACE_OUTER_BOUND ( 'NONE', #2425, .T. ) ;
#4445 = FACE_OUTER_BOUND ( 'NONE', #1872, .T. ) ;
#4446 = CARTESIAN_POINT ( 'NONE',  ( -1.000000000000000000, -0.4999999999999962252, -3.252606517456487664E-16 ) ) ;
#4447 = CARTESIAN_POINT ( 'NONE',  ( 1.454728049962366265, -0.2945242242058806470, 2.886751345948129543 ) ) ;
#4448 = EDGE_LOOP ( 'NONE', ( #5394, #4778, #793, #1975 ) ) ;
#4449 = AXIS2_PLACEMENT_3D ( 'NONE', #3493, #5222, #452 ) ;
#4450 = CARTESIAN_POINT ( 'NONE',  ( 3.180417566017212483, 1.738896737547856564, 2.886751345948129543 ) ) ;
#4451 = DIRECTION ( 'NONE',  ( 0.000000000000000000, -1.000000000000000000, 0.000000000000000000 ) ) ;
#4452 = AXIS2_PLACEMENT_3D ( 'NONE', #2018, #5504, #4309 ) ;
#4453 = CARTESIAN_POINT ( 'NONE',  ( 226.0000000000000000, -2.000000000000000000, 0.000000000000000000 ) ) ;
#4454 = ORIENTED_EDGE ( 'NONE', *, *, #4274, .T. ) ;
#4455 = CARTESIAN_POINT ( 'NONE',  ( -9.000000000000007105, -2.853169548885460483, -0.9270509831248441301 ) ) ;
#4456 = ORIENTED_EDGE ( 'NONE', *, *, #4238, .T. ) ;
#4457 = CIRCLE ( 'NONE', #2921, 3.500000000000000000 ) ;
#4458 = CARTESIAN_POINT ( 'NONE',  ( -9.250000000000015987, 1.175570504584944054, -1.618033988749892238 ) ) ;
#4459 = CARTESIAN_POINT ( 'NONE',  ( 2.326476882803317547, -1.013372646539442812, 2.886751345948129988 ) ) ;
#4460 = CARTESIAN_POINT ( 'NONE',  ( 2.362302822118135914, 0.8850582092066512363, 2.886751345948129543 ) ) ;
#4461 = AXIS2_PLACEMENT_3D ( 'NONE', #3287, #1105, #4595 ) ;
#4462 = VERTEX_POINT ( 'NONE', #734 ) ;
#4463 = CARTESIAN_POINT ( 'NONE',  ( -10.00000000000001599, -1.902113032590309283, -0.6180339887498914608 ) ) ;
#4464 = EDGE_CURVE ( 'NONE', #3441, #5154, #393, .T. ) ;
#4465 = DIRECTION ( 'NONE',  ( 0.000000000000000000, 0.000000000000000000, -1.000000000000000000 ) ) ;
#4466 = EDGE_LOOP ( 'NONE', ( #4880, #5430, #201, #1246 ) ) ;
#4467 = VERTEX_POINT ( 'NONE', #1677 ) ;
#4468 = DIRECTION ( 'NONE',  ( 0.000000000000000000, 0.000000000000000000, 1.000000000000000000 ) ) ;
#4469 = AXIS2_PLACEMENT_3D ( 'NONE', #3242, #5491, #2475 ) ;
#4470 = ORIENTED_EDGE ( 'NONE', *, *, #5526, .T. ) ;
#4471 = CARTESIAN_POINT ( 'NONE',  ( 235.7500000000000284, 0.000000000000000000, 2.000000000000001776 ) ) ;
#4472 = DIRECTION ( 'NONE',  ( -0.7071067811865496822, 0.7071067811865454633, 0.000000000000000000 ) ) ;
#4473 = ADVANCED_FACE ( 'NONE', ( #3396 ), #5131, .F. ) ;
#4474 = PLANE ( 'NONE',  #2740 ) ;
#4475 = CARTESIAN_POINT ( 'NONE',  ( 3.952985166675413886, 1.566601056169059758, 2.886751345948129543 ) ) ;
#4476 = ORIENTED_EDGE ( 'NONE', *, *, #4169, .F. ) ;
#4477 = CARTESIAN_POINT ( 'NONE',  ( 237.2500000000000284, 0.000000000000000000, 3.000000000000002665 ) ) ;
#4478 = DIRECTION ( 'NONE',  ( 0.000000000000000000, 0.000000000000000000, -1.000000000000000000 ) ) ;
#4479 = DIRECTION ( 'NONE',  ( 0.000000000000000000, 0.8660254037844383745, 0.5000000000000004441 ) ) ;
#4480 = DIRECTION ( 'NONE',  ( 0.000000000000000000, -0.8660254037844384856, 0.5000000000000001110 ) ) ;
#4481 = EDGE_LOOP ( 'NONE', ( #5552, #150, #2641, #1344 ) ) ;
#4482 = CARTESIAN_POINT ( 'NONE',  ( -11.50000000000000711, -2.853169548885460483, -0.9270509831248441301 ) ) ;
#4483 = ORIENTED_EDGE ( 'NONE', *, *, #2745, .T. ) ;
#4484 = CARTESIAN_POINT ( 'NONE',  ( 5.636576828888136603, 0.2184806214639111455, 2.886751345948129543 ) ) ;
#4485 = CARTESIAN_POINT ( 'NONE',  ( -9.625000000000005329, 0.6498393924658090182, -2.000000000000002220 ) ) ;
#4486 = CARTESIAN_POINT ( 'NONE',  ( -1.000000000000000000, -0.4999999999999987232, 3.773502691896259975 ) ) ;
#4487 = CARTESIAN_POINT ( 'NONE',  ( 2.175513463131899972, 0.5685639265590283209, 2.886751345948130432 ) ) ;
#4488 = VERTEX_POINT ( 'NONE', #4646 ) ;
#4489 = CARTESIAN_POINT ( 'NONE',  ( -12.25000000000001421, -1.175570504584944054, -1.618033988749892238 ) ) ;
#4490 = CIRCLE ( 'NONE', #2035, 3.500000000000000000 ) ;
#4491 = DIRECTION ( 'NONE',  ( -1.000000000000000000, 0.000000000000000000, -0.000000000000000000 ) ) ;
#4492 = CARTESIAN_POINT ( 'NONE',  ( 234.0000000000000000, -1.902113032590309283, -0.6180339887499053386 ) ) ;
#4493 = ADVANCED_FACE ( 'NONE', ( #2999 ), #1217, .F. ) ;
#4494 = ORIENTED_EDGE ( 'NONE', *, *, #4376, .T. ) ;
#4495 = CARTESIAN_POINT ( 'NONE',  ( 7.353840324345111590, -1.847348703317845509, 3.886751345948129543 ) ) ;
#4496 = ORIENTED_EDGE ( 'NONE', *, *, #1202, .F. ) ;
#4497 = DIRECTION ( 'NONE',  ( 1.000000000000000000, -0.000000000000000000, -0.000000000000000000 ) ) ;
#4498 = CARTESIAN_POINT ( 'NONE',  ( 235.5000000000000284, -1.763355756877416081, -2.427050983124845462 ) ) ;
#4499 = CARTESIAN_POINT ( 'NONE',  ( 233.8750000000000284, -2.102924448476535702, 0.000000000000000000 ) ) ;
#4500 = DIRECTION ( 'NONE',  ( -0.7071067811865443531, -0.7071067811865506814, 0.000000000000000000 ) ) ;
#4501 = ORIENTED_EDGE ( 'NONE', *, *, #4061, .F. ) ;
#4502 = CARTESIAN_POINT ( 'NONE',  ( 232.8750000000000000, -3.154386672714803996, 0.000000000000000000 ) ) ;
#4503 = CARTESIAN_POINT ( 'NONE',  ( -3.000000000000000000, -5.000000000000000888, 2.886751345948130432 ) ) ;
#4504 = LINE ( 'NONE', #1046, #4908 ) ;
#4505 = CARTESIAN_POINT ( 'NONE',  ( 2.299324022902030862, -0.9762459062396343645, 3.501732876836455954 ) ) ;
#4506 = VERTEX_POINT ( 'NONE', #3883 ) ;
#4507 = SURFACE_STYLE_FILL_AREA ( #2845 ) ;
#4508 = ORIENTED_EDGE ( 'NONE', *, *, #779, .T. ) ;
#4509 = ADVANCED_FACE ( 'NONE', ( #4703 ), #1720, .T. ) ;
#4510 = EDGE_CURVE ( 'NONE', #5402, #4556, #5550, .T. ) ;
#4511 = CARTESIAN_POINT ( 'NONE',  ( 226.0000000000000000, -2.500000000000000000, 3.773502691896260419 ) ) ;
#4512 = CARTESIAN_POINT ( 'NONE',  ( -8.875000000000005329, 1.701301616704077091, 1.236067977499787141 ) ) ;
#4513 = VECTOR ( 'NONE', #4626, 1000.000000000000000 ) ;
#4514 = CARTESIAN_POINT ( 'NONE',  ( 4.003446244151147582, -1.194736032574626350, 2.886751345948129099 ) ) ;
#4515 = EDGE_CURVE ( 'NONE', #188, #2652, #4728, .T. ) ;
#4516 = ADVANCED_FACE ( 'NONE', ( #2487 ), #4222, .F. ) ;
#4517 = DIRECTION ( 'NONE',  ( -1.000000000000000000, 0.000000000000000000, 0.000000000000000000 ) ) ;
#4518 = ORIENTED_EDGE ( 'NONE', *, *, #2381, .F. ) ;
#4519 = LINE ( 'NONE', #1559, #4854 ) ;
#4520 = CARTESIAN_POINT ( 'NONE',  ( 2.422924490485719229, 1.589767584780136689, 2.886751345948129988 ) ) ;
#4521 = CARTESIAN_POINT ( 'NONE',  ( 232.1250000000000000, -0.6498393924658163456, -1.999999999999989564 ) ) ;
#4522 = CARTESIAN_POINT ( 'NONE',  ( 234.2500000000000000, -1.175570504584944054, -1.618033988749906227 ) ) ;
#4523 = ORIENTED_EDGE ( 'NONE', *, *, #3268, .F. ) ;
#4524 = FACE_OUTER_BOUND ( 'NONE', #862, .T. ) ;
#4525 = ORIENTED_EDGE ( 'NONE', *, *, #1931, .T. ) ;
#4526 = CARTESIAN_POINT ( 'NONE',  ( 34.53984489160852434, -0.9895923599143805482, 4.286263797015737088E-16 ) ) ;
#4527 = CARTESIAN_POINT ( 'NONE',  ( 233.0000000000000000, -1.763355756877416081, -2.427050983124845462 ) ) ;
#4528 = DIRECTION ( 'NONE',  ( 0.000000000000000000, 0.000000000000000000, 1.000000000000000000 ) ) ;
#4529 = DIRECTION ( 'NONE',  ( 0.000000000000000000, 0.000000000000000000, 1.000000000000000000 ) ) ;
#4530 = VERTEX_POINT ( 'NONE', #2540 ) ;
#4531 = CARTESIAN_POINT ( 'NONE',  ( 236.0000000000000284, 0.000000000000000000, -3.000000000000002665 ) ) ;
#4532 = CARTESIAN_POINT ( 'NONE',  ( 5.636576828888136603, -0.2510543865531919550, 3.886751345948129543 ) ) ;
#4533 = DIRECTION ( 'NONE',  ( -0.000000000000000000, 1.000000000000000000, 0.000000000000000000 ) ) ;
#4534 = CARTESIAN_POINT ( 'NONE',  ( 2.193265970274841603, -0.7916618266791195513, 3.501732876836456398 ) ) ;
#4535 = CARTESIAN_POINT ( 'NONE',  ( 144.4705627484768513, 14.99999999999980993, 0.000000000000000000 ) ) ;
#4536 = AXIS2_PLACEMENT_3D ( 'NONE', #2043, #4219, #4248 ) ;
#4537 = DIRECTION ( 'NONE',  ( 0.000000000000000000, 0.000000000000000000, 1.000000000000000000 ) ) ;
#4538 = ORIENTED_EDGE ( 'NONE', *, *, #1131, .T. ) ;
#4539 = LINE ( 'NONE', #663, #2854 ) ;
#4540 = VECTOR ( 'NONE', #4267, 1000.000000000000000 ) ;
#4541 = CARTESIAN_POINT ( 'NONE',  ( -6.250000000000005329, 1.175570504584944054, 1.618033988749892238 ) ) ;
#4542 = DIRECTION ( 'NONE',  ( -1.000000000000000000, 0.000000000000000000, 0.000000000000000000 ) ) ;
#4543 = CARTESIAN_POINT ( 'NONE',  ( 225.3431457505076310, 0.000000000000000000, -2.000000000000000000 ) ) ;
#4544 = EDGE_CURVE ( 'NONE', #1336, #4084, #4726, .T. ) ;
#4545 = VECTOR ( 'NONE', #1639, 1000.000000000000000 ) ;
#4546 = ORIENTED_EDGE ( 'NONE', *, *, #5289, .T. ) ;
#4547 = ORIENTED_EDGE ( 'NONE', *, *, #3936, .F. ) ;
#4548 = EDGE_CURVE ( 'NONE', #1832, #4766, #1900, .T. ) ;
#4549 = DIRECTION ( 'NONE',  ( 0.000000000000000000, 0.000000000000000000, 1.000000000000000000 ) ) ;
#4550 = CIRCLE ( 'NONE', #1634, 3.500000000000000000 ) ;
#4551 = CARTESIAN_POINT ( 'NONE',  ( 3.424898426994631428, -1.916295793595994112, 2.928794131898020403 ) ) ;
#4552 = VECTOR ( 'NONE', #440, 1000.000000000000000 ) ;
#4553 = CARTESIAN_POINT ( 'NONE',  ( -9.500000000000015987, 0.000000000000000000, 3.000000000000002665 ) ) ;
#4554 = CARTESIAN_POINT ( 'NONE',  ( 237.8750000000000284, 1.701301616704077091, 1.236067977499787141 ) ) ;
#4555 = VERTEX_POINT ( 'NONE', #759 ) ;
#4556 = VERTEX_POINT ( 'NONE', #3853 ) ;
#4557 = LINE ( 'NONE', #646, #3781 ) ;
#4558 = AXIS2_PLACEMENT_3D ( 'NONE', #285, #3347, #4537 ) ;
#4559 = VERTEX_POINT ( 'NONE', #2515 ) ;
#4560 = DIRECTION ( 'NONE',  ( 1.000000000000000000, -0.000000000000000000, -0.000000000000000000 ) ) ;
#4561 = VECTOR ( 'NONE', #3012, 1000.000000000000000 ) ;
#4562 = CARTESIAN_POINT ( 'NONE',  ( 232.5000000000000000, 1.175570504584944054, -1.618033988749906227 ) ) ;
#4563 = CARTESIAN_POINT ( 'NONE',  ( 233.3750000000000284, -0.6498393924658163456, 1.999999999999994893 ) ) ;
#4564 = LINE ( 'NONE', #4596, #978 ) ;
#4565 = ORIENTED_EDGE ( 'NONE', *, *, #3147, .T. ) ;
#4566 = CARTESIAN_POINT ( 'NONE',  ( 1.836210202746629161, -1.320914908908483509, 3.241499488716786281 ) ) ;
#4567 = LINE ( 'NONE', #2406, #2935 ) ;
#4568 = CARTESIAN_POINT ( 'NONE',  ( 3.089930135237035635, 1.263003033056147251, 3.264173722046566528 ) ) ;
#4569 = CARTESIAN_POINT ( 'NONE',  ( 2.763965505173168413, 1.702828953793381839, 3.312505020278111889 ) ) ;
#4570 = CIRCLE ( 'NONE', #5117, 3.500000000000000000 ) ;
#4571 = AXIS2_PLACEMENT_3D ( 'NONE', #2351, #4517, #3329 ) ;
#4572 = CYLINDRICAL_SURFACE ( 'NONE', #1474, 2.000000000000000000 ) ;
#4573 = DIRECTION ( 'NONE',  ( 0.000000000000000000, 0.000000000000000000, -1.000000000000000000 ) ) ;
#4574 = ORIENTED_EDGE ( 'NONE', *, *, #4794, .T. ) ;
#4575 = EDGE_CURVE ( 'NONE', #1093, #3188, #4823, .T. ) ;
#4576 = DIRECTION ( 'NONE',  ( 1.000000000000000000, 0.000000000000000000, 0.000000000000000000 ) ) ;
#4577 = CARTESIAN_POINT ( 'NONE',  ( -11.37500000000001599, -3.154386672714803996, 0.000000000000000000 ) ) ;
#4578 = CARTESIAN_POINT ( 'NONE',  ( -11.75000000000000533, -2.853169548885460483, 0.9270509831248441301 ) ) ;
#4579 = CARTESIAN_POINT ( 'NONE',  ( 28.52943725152276500, 5.000000000000000000, 3.500000000000000000 ) ) ;
#4580 = ORIENTED_EDGE ( 'NONE', *, *, #2958, .T. ) ;
#4581 = ORIENTED_EDGE ( 'NONE', *, *, #3524, .F. ) ;
#4582 = LINE ( 'NONE', #2858, #2495 ) ;
#4583 = CARTESIAN_POINT ( 'NONE',  ( 2.949010211136481097, 1.730933143967033683, 2.886751345948128655 ) ) ;
#4584 = CIRCLE ( 'NONE', #3861, 2.000000000000000000 ) ;
#4585 = CARTESIAN_POINT ( 'NONE',  ( -8.250000000000014211, 0.000000000000000000, -3.000000000000002665 ) ) ;
#4586 = AXIS2_PLACEMENT_3D ( 'NONE', #239, #1924, #297 ) ;
#4587 = ORIENTED_EDGE ( 'NONE', *, *, #3884, .F. ) ;
#4588 = ORIENTED_EDGE ( 'NONE', *, *, #749, .T. ) ;
#4589 = DIRECTION ( 'NONE',  ( -1.000000000000000000, 0.000000000000000000, 0.000000000000000000 ) ) ;
#4590 = EDGE_CURVE ( 'NONE', #3146, #3391, #4637, .T. ) ;
#4591 = CIRCLE ( 'NONE', #306, 3.500000000000000000 ) ;
#4592 = EDGE_CURVE ( 'NONE', #865, #5220, #3821, .T. ) ;
#4593 = EDGE_CURVE ( 'NONE', #4174, #1657, #1067, .T. ) ;
#4594 = CARTESIAN_POINT ( 'NONE',  ( 231.3750000000000000, -1.701301616704077091, 1.236067977499787141 ) ) ;
#4595 = DIRECTION ( 'NONE',  ( 0.000000000000000000, 5.421010862427522170E-17, -1.000000000000000000 ) ) ;
#4596 = CARTESIAN_POINT ( 'NONE',  ( 225.0000000000000000, 0.4999999999999998890, 3.773502691896260419 ) ) ;
#4597 = ORIENTED_EDGE ( 'NONE', *, *, #4863, .F. ) ;
#4598 = LINE ( 'NONE', #1967, #1019 ) ;
#4599 = DIRECTION ( 'NONE',  ( 0.000000000000000000, 0.000000000000000000, 1.000000000000000000 ) ) ;
#4600 = DIRECTION ( 'NONE',  ( 0.7071067811865469066, 0.7071067811865481278, 0.000000000000000000 ) ) ;
#4601 = CARTESIAN_POINT ( 'NONE',  ( 3.110139785902253706, 1.738796469820504953, 2.886751345948129099 ) ) ;
#4602 = CARTESIAN_POINT ( 'NONE',  ( 56.53984489160846039, 0.9895923599143523486, 0.000000000000000000 ) ) ;
#4603 = CARTESIAN_POINT ( 'NONE',  ( 56.53984489160846039, 0.9895923599143544580, 0.000000000000000000 ) ) ;
#4604 = ORIENTED_EDGE ( 'NONE', *, *, #2861, .T. ) ;
#4605 = EDGE_LOOP ( 'NONE', ( #530, #2504, #1753, #1110, #2158 ) ) ;
#4606 = CARTESIAN_POINT ( 'NONE',  ( 238.2500000000000284, 0.000000000000000000, 2.000000000000001776 ) ) ;
#4607 = CARTESIAN_POINT ( 'NONE',  ( -11.12500000000001421, -2.551952425056123186, -1.854101966249681155 ) ) ;
#4608 = CARTESIAN_POINT ( 'NONE',  ( -11.37500000000000533, -2.551952425056123186, -1.854101966249681155 ) ) ;
#4609 = CARTESIAN_POINT ( 'NONE',  ( 235.7500000000000284, 0.000000000000000000, 2.000000000000001776 ) ) ;
#4610 = ORIENTED_EDGE ( 'NONE', *, *, #166, .F. ) ;
#4611 = DIRECTION ( 'NONE',  ( 0.000000000000000000, 0.000000000000000000, 1.000000000000000000 ) ) ;
#4612 = DIRECTION ( 'NONE',  ( 0.000000000000000000, -1.000000000000000000, 0.000000000000000000 ) ) ;
#4613 = VECTOR ( 'NONE', #1650, 1000.000000000000114 ) ;
#4614 = DIRECTION ( 'NONE',  ( 0.000000000000000000, 0.8660254037844384856, -0.5000000000000002220 ) ) ;
#4615 = ORIENTED_EDGE ( 'NONE', *, *, #1516, .F. ) ;
#4616 = ORIENTED_EDGE ( 'NONE', *, *, #2102, .T. ) ;
#4617 = CARTESIAN_POINT ( 'NONE',  ( 234.0000000000000000, -1.902113032590309283, 0.6180339887499053386 ) ) ;
#4618 = CARTESIAN_POINT ( 'NONE',  ( 2.138594403156471646, -1.610286016461204506, 3.225519225871960494 ) ) ;
#4619 = EDGE_CURVE ( 'NONE', #4355, #3538, #3642, .T. ) ;
#4620 = CARTESIAN_POINT ( 'NONE',  ( 2.060044469517419152, -0.07754899459279855634, 3.499356321191712471 ) ) ;
#4621 = ORIENTED_EDGE ( 'NONE', *, *, #4169, .T. ) ;
#4622 = EDGE_CURVE ( 'NONE', #3540, #3677, #1351, .T. ) ;
#4623 = CARTESIAN_POINT ( 'NONE',  ( -8.875000000000005329, 1.701301616704077535, 1.236067977499787363 ) ) ;
#4624 = VERTEX_POINT ( 'NONE', #1098 ) ;
#4625 = CARTESIAN_POINT ( 'NONE',  ( 4.372936527539467377, -1.566616764504205950, 2.886751345948129988 ) ) ;
#4626 = DIRECTION ( 'NONE',  ( -1.000000000000000000, 0.000000000000000000, 0.000000000000000000 ) ) ;
#4627 = CARTESIAN_POINT ( 'NONE',  ( 1.640055756052022806, 0.7979200647983838435, 3.409071317027075221 ) ) ;
#4628 = ORIENTED_EDGE ( 'NONE', *, *, #4809, .T. ) ;
#4629 =( BOUNDED_CURVE ( )  B_SPLINE_CURVE ( 2, ( #130, #2309, #4107, #1073, #3314, #4499, #2336, #2835, #4137, #4563, #5392 ),
 .UNSPECIFIED., .F., .T. ) 
 B_SPLINE_CURVE_WITH_KNOTS ( ( 3, 2, 2, 2, 2, 3 ),
 ( 0.7500000000000006661, 0.8000000000000005995, 0.8500000000000004219, 0.9000000000000003553, 0.9500000000000000666, 1.000000000000000000 ),
 .UNSPECIFIED. ) 
 CURVE ( )  GEOMETRIC_REPRESENTATION_ITEM ( )  RATIONAL_B_SPLINE_CURVE ( ( 0.9999999999999993339, 0.9510565162951541973, 1.000000000000000000, 0.9510565162951535312, 1.000000000000000000, 0.9510565162951535312, 1.000000000000000000, 0.9510565162951535312, 1.000000000000000000, 0.9510565162951535312, 1.000000000000000000 ) ) 
 REPRESENTATION_ITEM ( '' )  );
#4630 = CARTESIAN_POINT ( 'NONE',  ( 228.0000000000000000, -8.673617379884035472E-16, -5.773502691896259087 ) ) ;
#4631 = CARTESIAN_POINT ( 'NONE',  ( -7.375000000000015987, 2.551952425056123186, 1.854101966249681155 ) ) ;
#4632 = CARTESIAN_POINT ( 'NONE',  ( -3.000000000000002665, 0.000000000000000000, -3.000000000000000444 ) ) ;
#4633 = DIRECTION ( 'NONE',  ( 0.000000000000000000, 0.000000000000000000, -1.000000000000000000 ) ) ;
#4634 = ORIENTED_EDGE ( 'NONE', *, *, #3092, .F. ) ;
#4635 = ORIENTED_EDGE ( 'NONE', *, *, #1482, .F. ) ;
#4636 = CARTESIAN_POINT ( 'NONE',  ( 3.167932610110297365, 1.265425214373228968, 3.263234442516882439 ) ) ;
#4637 = LINE ( 'NONE', #1587, #1356 ) ;
#4638 = AXIS2_PLACEMENT_3D ( 'NONE', #2973, #1159, #2948 ) ;
#4639 = CARTESIAN_POINT ( 'NONE',  ( 3.568843394379702438, 1.206252692781126346, 2.886751345948129543 ) ) ;
#4640 = ORIENTED_EDGE ( 'NONE', *, *, #166, .T. ) ;
#4641 = ORIENTED_EDGE ( 'NONE', *, *, #2202, .T. ) ;
#4642 = EDGE_CURVE ( 'NONE', #1495, #2019, #673, .T. ) ;
#4643 = DIRECTION ( 'NONE',  ( 1.000000000000000000, 0.000000000000000000, 0.000000000000000000 ) ) ;
#4644 = TOROIDAL_SURFACE ( 'NONE', #1818, 12.00000000000026645, 3.500000000000000000 ) ;
#4645 = FACE_OUTER_BOUND ( 'NONE', #242, .T. ) ;
#4646 = CARTESIAN_POINT ( 'NONE',  ( -3.000000000000000000, -5.000000000000000888, -2.886751345948128655 ) ) ;
#4647 = ORIENTED_EDGE ( 'NONE', *, *, #1057, .T. ) ;
#4648 = CARTESIAN_POINT ( 'NONE',  ( 1.707914915088468710, -1.141852787850865747, 3.308886847284365107 ) ) ;
#4649 = AXIS2_PLACEMENT_3D ( 'NONE', #4532, #2777, #5451 ) ;
#4650 = EDGE_CURVE ( 'NONE', #1477, #100, #3309, .T. ) ;
#4651 = CARTESIAN_POINT ( 'NONE',  ( -12.00000000000001421, 0.000000000000000000, -2.000000000000001776 ) ) ;
#4652 = LINE ( 'NONE', #2491, #5247 ) ;
#4653 = CARTESIAN_POINT ( 'NONE',  ( 236.7500000000000284, 1.763355756877416081, 2.427050983124845462 ) ) ;
#4654 = CARTESIAN_POINT ( 'NONE',  ( 3.568843394379702438, 1.206252692781126346, 2.886751345948129543 ) ) ;
#4655 = ORIENTED_EDGE ( 'NONE', *, *, #3127, .T. ) ;
#4656 = ADVANCED_FACE ( 'NONE', ( #1126 ), #2887, .F. ) ;
#4657 = CARTESIAN_POINT ( 'NONE',  ( -9.625000000000014211, 0.9747590886987209657, 2.999999999999999556 ) ) ;
#4658 = VECTOR ( 'NONE', #4085, 1000.000000000000000 ) ;
#4659 = EDGE_CURVE ( 'NONE', #4467, #4439, #2363, .T. ) ;
#4660 = AXIS2_PLACEMENT_3D ( 'NONE', #561, #982, #4472 ) ;
#4661 = CARTESIAN_POINT ( 'NONE',  ( -7.250000000000006217, 0.000000000000000000, 3.000000000000002665 ) ) ;
#4662 = DIRECTION ( 'NONE',  ( 0.000000000000000000, -0.8660254037844384856, -0.5000000000000002220 ) ) ;
#4663 = CARTESIAN_POINT ( 'NONE',  ( 233.5000000000000000, -1.175570504584944054, 1.618033988749906227 ) ) ;
#4664 = CARTESIAN_POINT ( 'NONE',  ( 233.8750000000000284, 3.154386672714803996, 0.000000000000000000 ) ) ;
#4665 = B_SPLINE_CURVE_WITH_KNOTS ( 'NONE', 3,
 ( #4710, #5619, #3807, #5169, #4260, #4767, #1660, #3406, #795, #2551 ),
 .UNSPECIFIED., .F., .F.,
 ( 4, 2, 2, 2, 4 ),
 ( 0.000000000000000000, 0.0002109796305958666759, 0.0004219592611917333518, 0.0006329388917876000277, 0.0008439185223834667036 ),
 .UNSPECIFIED. ) ;
#4666 = CYLINDRICAL_SURFACE ( 'NONE', #1248, 3.500000000000000000 ) ;
#4667 = DIRECTION ( 'NONE',  ( 0.000000000000000000, 0.000000000000000000, 1.000000000000000000 ) ) ;
#4668 = CARTESIAN_POINT ( 'NONE',  ( 3.807150001526345307, 1.096224346697500351, 3.403808316876165918 ) ) ;
#4669 = ORIENTED_EDGE ( 'NONE', *, *, #4575, .T. ) ;
#4670 = CARTESIAN_POINT ( 'NONE',  ( -1.000000000000000000, 0.5000000000000000000, 5.484827557301446888 ) ) ;
#4671 = CARTESIAN_POINT ( 'NONE',  ( 3.080096435200863070, 1.738313025054462280, 3.037806640836642202 ) ) ;
#4672 = DIRECTION ( 'NONE',  ( 0.000000000000000000, 0.000000000000000000, 1.000000000000000000 ) ) ;
#4673 = ORIENTED_EDGE ( 'NONE', *, *, #2463, .T. ) ;
#4674 = AXIS2_PLACEMENT_3D ( 'NONE', #2542, #3970, #3520 ) ;
#4675 = CARTESIAN_POINT ( 'NONE',  ( 24.81370849898478781, 5.000000000000000000, 0.000000000000000000 ) ) ;
#4676 = ORIENTED_EDGE ( 'NONE', *, *, #2354, .F. ) ;
#4677 = CARTESIAN_POINT ( 'NONE',  ( 228.0000000000000000, 3.673940397442060361E-16, -3.000000000000000444 ) ) ;
#4678 = CARTESIAN_POINT ( 'NONE',  ( -3.000000000000000000, -8.673617379884035472E-16, -5.773502691896259087 ) ) ;
#4679 = CARTESIAN_POINT ( 'NONE',  ( 235.7500000000000284, 0.000000000000000000, -3.000000000000002665 ) ) ;
#4680 = CARTESIAN_POINT ( 'NONE',  ( 2.680800072137214940, -1.327261662980250279, 2.886751345948129543 ) ) ;
#4681 = ORIENTED_EDGE ( 'NONE', *, *, #5237, .T. ) ;
#4682 = ORIENTED_EDGE ( 'NONE', *, *, #2612, .F. ) ;
#4683 = CARTESIAN_POINT ( 'NONE',  ( 24.81370849898474873, -3.000000000000000000, 0.000000000000000000 ) ) ;
#4684 = CYLINDRICAL_SURFACE ( 'NONE', #5276, 3.499999999999999556 ) ;
#4685 = CARTESIAN_POINT ( 'NONE',  ( -8.375000000000003553, 0.9747590886987209657, -2.999999999999999556 ) ) ;
#4686 = DIRECTION ( 'NONE',  ( 0.000000000000000000, -1.000000000000000000, 0.000000000000000000 ) ) ;
#4687 = CARTESIAN_POINT ( 'NONE',  ( 236.3750000000000000, -2.102924448476536590, 0.000000000000000000 ) ) ;
#4688 = EDGE_CURVE ( 'NONE', #3542, #2277, #1993, .T. ) ;
#4689 = EDGE_CURVE ( 'NONE', #5407, #4139, #805, .T. ) ;
#4690 = EDGE_CURVE ( 'NONE', #2483, #854, #3479, .T. ) ;
#4691 = LINE ( 'NONE', #1295, #207 ) ;
#4692 = ORIENTED_EDGE ( 'NONE', *, *, #3964, .T. ) ;
#4693 = DIRECTION ( 'NONE',  ( 0.7071067811865470176, -0.7071067811865481278, 0.000000000000000000 ) ) ;
#4694 = ADVANCED_FACE ( 'NONE', ( #437, #2620 ), #5208, .F. ) ;
#4695 = PLANE ( 'NONE',  #4089 ) ;
#4696 = FACE_OUTER_BOUND ( 'NONE', #5203, .T. ) ;
#4697 = ORIENTED_EDGE ( 'NONE', *, *, #713, .T. ) ;
#4698 = DIRECTION ( 'NONE',  ( 1.000000000000000000, 0.000000000000000000, 0.000000000000000000 ) ) ;
#4699 = ORIENTED_EDGE ( 'NONE', *, *, #4861, .F. ) ;
#4700 = LINE ( 'NONE', #784, #395 ) ;
#4701 = VECTOR ( 'NONE', #543, 1000.000000000000000 ) ;
#4702 = CARTESIAN_POINT ( 'NONE',  ( 2.138594403156471646, -1.610286016461204506, 2.886751345948128211 ) ) ;
#4703 = FACE_OUTER_BOUND ( 'NONE', #2599, .T. ) ;
#4704 = ORIENTED_EDGE ( 'NONE', *, *, #1849, .F. ) ;
#4705 = CARTESIAN_POINT ( 'NONE',  ( 1.451973743706924447, -0.03584174447012276193, 3.500000000000000000 ) ) ;
#4706 = CARTESIAN_POINT ( 'NONE',  ( 1.677944209899363770, 0.8711169456635456942, 2.886751345948129099 ) ) ;
#4707 = CARTESIAN_POINT ( 'NONE',  ( 13.18629150101519087, 0.000000000000000000, -3.500000000000000000 ) ) ;
#4708 = CARTESIAN_POINT ( 'NONE',  ( 237.0000000000000284, 0.000000000000000000, 3.000000000000002665 ) ) ;
#4709 = ORIENTED_EDGE ( 'NONE', *, *, #4332, .T. ) ;
#4710 = CARTESIAN_POINT ( 'NONE',  ( 3.142990511410849397, 1.739325089662735468, 3.037227063041174180 ) ) ;
#4711 = CARTESIAN_POINT ( 'NONE',  ( -8.000000000000014211, 1.763355756877416081, -2.427050983124845462 ) ) ;
#4712 = LINE ( 'NONE', #3439, #4881 ) ;
#4713 = FACE_OUTER_BOUND ( 'NONE', #1957, .T. ) ;
#4714 = ORIENTED_EDGE ( 'NONE', *, *, #4758, .F. ) ;
#4715 = CARTESIAN_POINT ( 'NONE',  ( 234.7500000000000000, -1.763355756877422964, 2.427050983124845462 ) ) ;
#4716 = CARTESIAN_POINT ( 'NONE',  ( 77.52943725152275078, 10.00000000000000355, 0.000000000000000000 ) ) ;
#4717 = EDGE_CURVE ( 'NONE', #4186, #1674, #3280, .T. ) ;
#4718 = DIRECTION ( 'NONE',  ( 0.000000000000000000, 0.000000000000000000, 1.000000000000000000 ) ) ;
#4719 = CARTESIAN_POINT ( 'NONE',  ( 3.923026517916380573, 1.580536452766572841, 2.886751345948130432 ) ) ;
#4720 = EDGE_LOOP ( 'NONE', ( #3732, #1485, #5330, #4836 ) ) ;
#4721 = CARTESIAN_POINT ( 'NONE',  ( 226.0000000000000000, 2.500000000000000000, 3.773502691896260419 ) ) ;
#4722 = ADVANCED_FACE ( 'NONE', ( #2989 ), #4695, .T. ) ;
#4723 = VERTEX_POINT ( 'NONE', #2063 ) ;
#4724 = DIRECTION ( 'NONE',  ( 0.000000000000000000, 0.000000000000000000, 1.000000000000000000 ) ) ;
#4725 = CARTESIAN_POINT ( 'NONE',  ( -9.125000000000007105, 2.102924448476535702, 0.000000000000000000 ) ) ;
#4726 = CIRCLE ( 'NONE', #719, 2.000000000000000000 ) ;
#4727 = CARTESIAN_POINT ( 'NONE',  ( 3.145061995916377917, -1.926576599242498800, 2.886751345948129543 ) ) ;
#4728 = LINE ( 'NONE', #3364, #5272 ) ;
#4729 = VERTEX_POINT ( 'NONE', #1695 ) ;
#4730 = PRESENTATION_LAYER_ASSIGNMENT (  '', '', ( #265 ) ) ;
#4731 = FACE_OUTER_BOUND ( 'NONE', #2317, .T. ) ;
#4732 = ORIENTED_EDGE ( 'NONE', *, *, #2219, .F. ) ;
#4733 = CARTESIAN_POINT ( 'NONE',  ( 4.461913411103219040, -1.491216250518643260, 2.886751345948129543 ) ) ;
#4734 = DIRECTION ( 'NONE',  ( 0.000000000000000000, 0.000000000000000000, -1.000000000000000000 ) ) ;
#4735 = CARTESIAN_POINT ( 'NONE',  ( 5.636576828888136603, 0.2184806214639111455, 3.886751345948129543 ) ) ;
#4736 = VECTOR ( 'NONE', #3817, 1000.000000000000000 ) ;
#4737 = CARTESIAN_POINT ( 'NONE',  ( 3.141233887731000873, -1.439396638402533624, 3.363938717079705931 ) ) ;
#4738 = ORIENTED_EDGE ( 'NONE', *, *, #2861, .F. ) ;
#4739 = SURFACE_STYLE_FILL_AREA ( #5143 ) ;
#4740 = CARTESIAN_POINT ( 'NONE',  ( 3.187262736602368918, -1.440792494516847766, 2.886751345948129543 ) ) ;
#4741 = DIRECTION ( 'NONE',  ( -1.000000000000000000, 0.000000000000000000, 0.000000000000000000 ) ) ;
#4742 = LINE ( 'NONE', #1632, #467 ) ;
#4743 = EDGE_CURVE ( 'NONE', #5639, #67, #3844, .T. ) ;
#4744 = VERTEX_POINT ( 'NONE', #1611 ) ;
#4745 = CARTESIAN_POINT ( 'NONE',  ( 233.5000000000000000, 1.763355756877422964, -2.427050983124845462 ) ) ;
#4746 = PLANE ( 'NONE',  #3759 ) ;
#4747 = DIRECTION ( 'NONE',  ( 0.000000000000000000, 0.000000000000000000, 1.000000000000000000 ) ) ;
#4748 = DIRECTION ( 'NONE',  ( 0.000000000000000000, 0.000000000000000000, -1.000000000000000000 ) ) ;
#4749 = B_SPLINE_SURFACE_WITH_KNOTS ( 'NONE', 3, 1, ( 
 ( #5473, #4984 ),
 ( #245, #1563 ),
 ( #1959, #1535 ),
 ( #2891, #5015 ),
 ( #1986, #2831 ),
 ( #3251, #5074 ),
 ( #3312, #5047 ),
 ( #1130, #1068 ),
 ( #3771, #5500 ),
 ( #1592, #3336 ),
 ( #2042, #4218 ) ),
 .UNSPECIFIED., .F., .F., .F.,
 ( 4, 1, 1, 1, 1, 1, 1, 1, 4 ),
 ( 2, 2 ),
 ( 0.000000000000000000, 0.1318821243668325260, 0.2582599447403849391, 0.3814775224231413686, 0.5021360495633837573, 0.6230457502188879726, 0.7450615757484994051, 0.8703717809007569528, 0.9999999999999998890 ),
 ( 0.000000000000000000, 1.000000000000000000 ),
 .UNSPECIFIED. ) ;
#4750 = STYLED_ITEM ( 'NONE', ( #1288 ), #1327 ) ;
#4751 = CIRCLE ( 'NONE', #2294, 3.000000000000000444 ) ;
#4752 = CARTESIAN_POINT ( 'NONE',  ( 234.5000000000000000, 1.763355756877416081, 2.427050983124845462 ) ) ;
#4753 = ORIENTED_EDGE ( 'NONE', *, *, #2320, .F. ) ;
#4754 = CARTESIAN_POINT ( 'NONE',  ( -9.000000000000007105, -2.853169548885460483, -0.9270509831248441301 ) ) ;
#4755 = CARTESIAN_POINT ( 'NONE',  ( -9.000000000000007105, 1.902113032590309283, 0.6180339887498914608 ) ) ;
#4756 = CARTESIAN_POINT ( 'NONE',  ( -11.12500000000001421, -2.551952425056123186, -1.854101966249681155 ) ) ;
#4757 = ORIENTED_EDGE ( 'NONE', *, *, #364, .T. ) ;
#4758 = EDGE_CURVE ( 'NONE', #3152, #4530, #5188, .T. ) ;
#4759 = CARTESIAN_POINT ( 'NONE',  ( 107.4705627484769792, 2.000000000000000000, 0.000000000000000000 ) ) ;
#4760 = ADVANCED_FACE ( 'NONE', ( #5093 ), #383, .F. ) ;
#4761 = CARTESIAN_POINT ( 'NONE',  ( 64.51040764008557460, 8.960155108391482770, 0.000000000000000000 ) ) ;
#4762 = CARTESIAN_POINT ( 'NONE',  ( 233.6249999999999716, -0.6498393924658164567, 1.999999999999994893 ) ) ;
#4763 = CARTESIAN_POINT ( 'NONE',  ( 234.7500000000000000, -1.763355756877422964, 2.427050983124845462 ) ) ;
#4764 = VECTOR ( 'NONE', #1108, 1000.000000000000000 ) ;
#4765 = DIRECTION ( 'NONE',  ( 0.000000000000000000, -4.336808689942023652E-16, 1.000000000000000000 ) ) ;
#4766 = VERTEX_POINT ( 'NONE', #1238 ) ;
#4767 = CARTESIAN_POINT ( 'NONE',  ( 3.630217541914774859, 1.684567279777059889, 3.067978164168207567 ) ) ;
#4768 = LINE ( 'NONE', #2614, #1271 ) ;
#4769 = AXIS2_PLACEMENT_3D ( 'NONE', #5415, #305, #732 ) ;
#4770 = FACE_OUTER_BOUND ( 'NONE', #5568, .T. ) ;
#4771 = CARTESIAN_POINT ( 'NONE',  ( -10.12500000000001421, 3.154386672714803996, 0.000000000000000000 ) ) ;
#4772 = ORIENTED_EDGE ( 'NONE', *, *, #880, .F. ) ;
#4773 = CARTESIAN_POINT ( 'NONE',  ( 235.5000000000000284, -2.853169548885460483, -0.9270509831248441301 ) ) ;
#4774 = ORIENTED_EDGE ( 'NONE', *, *, #2055, .T. ) ;
#4775 = FACE_OUTER_BOUND ( 'NONE', #4979, .T. ) ;
#4776 = CARTESIAN_POINT ( 'NONE',  ( 86.01471862576136118, 6.485281374238538454, 0.000000000000000000 ) ) ;
#4777 =( BOUNDED_SURFACE ( )  B_SPLINE_SURFACE ( 1, 2, ( 
 ( #5646, #4395, #1739, #2282, #3494, #5223, #3972, #1370, #50, #1315, #1793, #5194, #5308, #1769, #3116, #2227, #4847, #2693, #1282, #4762, #3037, #3996, #873, #425, #3525, #4419, #72, #2366, #4562, #4106, #5358, #4925, #1450, #129, #2834, #3223, #680, #4594, #5446, #2308, #651 ),
 ( #4049, #1509, #5018, #5391, #1104, #1009, #615, #1874, #1480, #3625, #3195, #2771, #4498, #588, #190, #2335, #4072, #2743, #153, #4023, #102, #1848, #1935, #2799, #1902, #1962, #3658, #1072, #4959, #3687, #2866, #1038, #4527, #5332, #218, #2401, #5418, #4136, #3254, #4987, #3715 ) ),
 .UNSPECIFIED., .F., .F., .F. ) 
 B_SPLINE_SURFACE_WITH_KNOTS ( ( 2, 2 ),
 ( 3, 2, 2, 2, 2, 2, 2, 2, 2, 2, 2, 2, 2, 2, 2, 2, 2, 2, 2, 2, 3 ),
 ( 0.000000000000000000, 1.000000000000000000 ),
 ( 0.000000000000000000, 0.05000000000000000278, 0.1000000000000000056, 0.1499999999999999944, 0.2000000000000000111, 0.2500000000000000000, 0.2999999999999999889, 0.3499999999999999778, 0.4000000000000000222, 0.4500000000000000111, 0.5000000000000000000, 0.5500000000000000444, 0.5999999999999999778, 0.6500000000000000222, 0.6999999999999999556, 0.7500000000000000000, 0.8000000000000000444, 0.8499999999999999778, 0.9000000000000000222, 0.9499999999999999556, 1.000000000000000000 ),
 .UNSPECIFIED. ) 
 GEOMETRIC_REPRESENTATION_ITEM ( )  RATIONAL_B_SPLINE_SURFACE ( (
 ( 1.000000000000000000, 0.9510565162951535312, 1.000000000000000000, 0.9510565162951535312, 1.000000000000000000, 0.9510565162951535312, 1.000000000000000000, 0.9510565162951535312, 1.000000000000000000, 0.9510565162951535312, 1.000000000000000000, 0.9510565162951535312, 1.000000000000000000, 0.9510565162951535312, 1.000000000000000000, 0.9510565162951535312, 1.000000000000000000, 0.9510565162951535312, 1.000000000000000000, 0.9510565162951535312, 1.000000000000000000, 0.9510565162951535312, 1.000000000000000000, 0.9510565162951535312, 1.000000000000000000, 0.9510565162951535312, 1.000000000000000000, 0.9510565162951535312, 1.000000000000000000, 0.9510565162951535312, 1.000000000000000000, 0.9510565162951535312, 1.000000000000000000, 0.9510565162951535312, 1.000000000000000000, 0.9510565162951535312, 1.000000000000000000, 0.9510565162951535312, 1.000000000000000000, 0.9510565162951535312, 1.000000000000000000),
 ( 1.000000000000000000, 0.9510565162951535312, 1.000000000000000000, 0.9510565162951535312, 1.000000000000000000, 0.9510565162951535312, 1.000000000000000000, 0.9510565162951535312, 1.000000000000000000, 0.9510565162951535312, 1.000000000000000000, 0.9510565162951535312, 1.000000000000000000, 0.9510565162951535312, 1.000000000000000000, 0.9510565162951535312, 1.000000000000000000, 0.9510565162951535312, 1.000000000000000000, 0.9510565162951535312, 1.000000000000000000, 0.9510565162951535312, 1.000000000000000000, 0.9510565162951535312, 1.000000000000000000, 0.9510565162951535312, 1.000000000000000000, 0.9510565162951535312, 1.000000000000000000, 0.9510565162951535312, 1.000000000000000000, 0.9510565162951535312, 1.000000000000000000, 0.9510565162951535312, 1.000000000000000000, 0.9510565162951535312, 1.000000000000000000, 0.9510565162951535312, 1.000000000000000000, 0.9510565162951535312, 1.000000000000000000) ) ) 
 REPRESENTATION_ITEM ( '' )  SURFACE ( )  );
#4778 = ORIENTED_EDGE ( 'NONE', *, *, #3645, .F. ) ;
#4779 = CARTESIAN_POINT ( 'NONE',  ( 202.5104076400864130, -1.039844891608531663, 0.000000000000000000 ) ) ;
#4780 = CARTESIAN_POINT ( 'NONE',  ( 234.3749999999999716, 2.551952425056123186, 1.854101966249681155 ) ) ;
#4781 = ORIENTED_EDGE ( 'NONE', *, *, #3763, .T. ) ;
#4782 = CARTESIAN_POINT ( 'NONE',  ( -8.500000000000005329, 0.000000000000000000, -3.000000000000002665 ) ) ;
#4783 = CARTESIAN_POINT ( 'NONE',  ( 235.1250000000000000, -2.551952425056123186, 1.854101966249681155 ) ) ;
#4784 = CARTESIAN_POINT ( 'NONE',  ( 2.885755375130969913, -1.908028642483857285, 2.886751345948129988 ) ) ;
#4785 = ORIENTED_EDGE ( 'NONE', *, *, #1796, .T. ) ;
#4786 = CARTESIAN_POINT ( 'NONE',  ( 186.4705627484778461, -18.50000000000000000, 4.286263797015966351E-16 ) ) ;
#4787 = ORIENTED_EDGE ( 'NONE', *, *, #4659, .F. ) ;
#4788 = DIRECTION ( 'NONE',  ( 1.000000000000000000, -0.000000000000000000, -0.000000000000000000 ) ) ;
#4789 = DIRECTION ( 'NONE',  ( 0.000000000000000000, 0.000000000000000000, 1.000000000000000000 ) ) ;
#4790 = EDGE_CURVE ( 'NONE', #838, #869, #623, .T. ) ;
#4791 = CARTESIAN_POINT ( 'NONE',  ( 232.3750000000000284, -2.551952425056123186, 1.854101966249681155 ) ) ;
#4792 = FACE_OUTER_BOUND ( 'NONE', #3099, .T. ) ;
#4793 = ORIENTED_EDGE ( 'NONE', *, *, #327, .F. ) ;
#4794 = EDGE_CURVE ( 'NONE', #1331, #1718, #4005, .T. ) ;
#4795 = DIRECTION ( 'NONE',  ( 0.000000000000000000, 0.000000000000000000, 1.000000000000000000 ) ) ;
#4796 = CARTESIAN_POINT ( 'NONE',  ( 16.36827201635473372, 4.818019484660553076, 0.000000000000000000 ) ) ;
#4797 = CARTESIAN_POINT ( 'NONE',  ( 199.4895923599152070, -13.96015510839144902, 4.286263797015736595E-16 ) ) ;
#4798 = CARTESIAN_POINT ( 'NONE',  ( 3.178533002057562395, -1.927163419156078250, 2.921650416437027165 ) ) ;
#4799 = VERTEX_POINT ( 'NONE', #2563 ) ;
#4800 = CARTESIAN_POINT ( 'NONE',  ( 237.0000000000000284, 1.763355756877416081, 2.427050983124845462 ) ) ;
#4801 = DIRECTION ( 'NONE',  ( 0.000000000000000000, 0.000000000000000000, -1.000000000000000000 ) ) ;
#4802 = CARTESIAN_POINT ( 'NONE',  ( 3.187262736602368918, -1.440792494516847766, 3.356549519670509074 ) ) ;
#4803 = DIRECTION ( 'NONE',  ( -1.000000000000000000, -0.000000000000000000, -0.000000000000000000 ) ) ;
#4804 = CARTESIAN_POINT ( 'NONE',  ( 234.6250000000000000, 0.9747590886987209657, 2.999999999999992450 ) ) ;
#4805 = VERTEX_POINT ( 'NONE', #412 ) ;
#4806 = CARTESIAN_POINT ( 'NONE',  ( -12.00000000000000533, -1.763355756877416081, 2.427050983124845462 ) ) ;
#4807 =( BOUNDED_CURVE ( )  B_SPLINE_CURVE ( 3, ( #3855, #1337, #2631, #483 ),
 .UNSPECIFIED., .F., .F. ) 
 B_SPLINE_CURVE_WITH_KNOTS ( ( 4, 4 ),
 ( 1.216868547088862940, 1.332051489755568641 ),
 .UNSPECIFIED. ) 
 CURVE ( )  GEOMETRIC_REPRESENTATION_ITEM ( )  RATIONAL_B_SPLINE_CURVE ( ( 1.000000000000000000, 0.9988947130264770324, 0.9988947130264770324, 1.000000000000000000 ) ) 
 REPRESENTATION_ITEM ( '' )  );
#4808 = DIRECTION ( 'NONE',  ( 0.000000000000000000, 0.000000000000000000, -1.000000000000000000 ) ) ;
#4809 = EDGE_CURVE ( 'NONE', #3391, #3199, #1722, .T. ) ;
#4810 = ORIENTED_EDGE ( 'NONE', *, *, #1096, .T. ) ;
#4811 = EDGE_LOOP ( 'NONE', ( #999, #5605, #4738, #357 ) ) ;
#4812 = CARTESIAN_POINT ( 'NONE',  ( 5.636576828888136603, 1.664498793564392010, 3.886751345948129543 ) ) ;
#4813 = ORIENTED_EDGE ( 'NONE', *, *, #567, .F. ) ;
#4814 = LINE ( 'NONE', #1706, #5010 ) ;
#4815 = LINE ( 'NONE', #2661, #1647 ) ;
#4816 = CARTESIAN_POINT ( 'NONE',  ( 194.5398448916093628, -9.010407640085636771, 0.000000000000000000 ) ) ;
#4817 = AXIS2_PLACEMENT_3D ( 'NONE', #3356, #3448, #5152 ) ;
#4818 = CARTESIAN_POINT ( 'NONE',  ( 3.993526575702074588, 1.545504263498562070, 3.285443134652490382 ) ) ;
#4819 = ORIENTED_EDGE ( 'NONE', *, *, #5457, .F. ) ;
#4820 = EDGE_CURVE ( 'NONE', #2221, #3152, #3554, .T. ) ;
#4821 = CARTESIAN_POINT ( 'NONE',  ( 3.363415948209149686, 1.729824625038123287, 2.886751345948129543 ) ) ;
#4822 = CIRCLE ( 'NONE', #3011, 15.49999999999902123 ) ;
#4823 = B_SPLINE_CURVE_WITH_KNOTS ( 'NONE', 3,
 ( #4251, #3823, #2422, #5469, #1532, #2356, #2825, #2038, #4950, #3246, #4551, #1560, #608, #1030 ),
 .UNSPECIFIED., .F., .F.,
 ( 4, 2, 2, 2, 2, 2, 4 ),
 ( 0.000000000000000000, 0.0001820460045829710993, 0.0003640920091659421987, 0.0007281840183318863489, 0.001092276027497830282, 0.001274322032080802249, 0.001456368036663774216 ),
 .UNSPECIFIED. ) ;
#4824 = LINE ( 'NONE', #4797, #3797 ) ;
#4825 = CIRCLE ( 'NONE', #4910, 3.500000000000000000 ) ;
#4826 = CARTESIAN_POINT ( 'NONE',  ( -7.500000000000013323, 2.853169548885460483, 0.9270509831248441301 ) ) ;
#4827 = ORIENTED_EDGE ( 'NONE', *, *, #5252, .T. ) ;
#4828 = EDGE_CURVE ( 'NONE', #2494, #5467, #2533, .T. ) ;
#4829 = AXIS2_PLACEMENT_3D ( 'NONE', #3375, #2610, #5649 ) ;
#4830 = EDGE_CURVE ( 'NONE', #606, #1591, #3876, .T. ) ;
#4831 = CARTESIAN_POINT ( 'NONE',  ( 1.859095980856778407, 1.137596958538559022, 2.886751345948129543 ) ) ;
#4832 = AXIS2_PLACEMENT_3D ( 'NONE', #969, #2647, #469 ) ;
#4833 = DIRECTION ( 'NONE',  ( 0.7071067811865470176, -0.7071067811865481278, 0.000000000000000000 ) ) ;
#4834 = CARTESIAN_POINT ( 'NONE',  ( 107.4705627484769934, -10.00000000000019185, 0.000000000000000000 ) ) ;
#4835 = CARTESIAN_POINT ( 'NONE',  ( -12.25000000000000533, 0.000000000000000000, 3.000000000000002665 ) ) ;
#4836 = ORIENTED_EDGE ( 'NONE', *, *, #5525, .T. ) ;
#4837 = ORIENTED_EDGE ( 'NONE', *, *, #4931, .T. ) ;
#4838 = CARTESIAN_POINT ( 'NONE',  ( -7.500000000000007105, 1.763355756877422964, 2.427050983124845462 ) ) ;
#4839 = AXIS2_PLACEMENT_3D ( 'NONE', #260, #2004, #5488 ) ;
#4840 = CARTESIAN_POINT ( 'NONE',  ( -12.00000000000001421, 0.000000000000000000, 3.000000000000002665 ) ) ;
#4841 = VERTEX_POINT ( 'NONE', #3900 ) ;
#4842 = ORIENTED_EDGE ( 'NONE', *, *, #220, .F. ) ;
#4843 = ORIENTED_EDGE ( 'NONE', *, *, #5350, .T. ) ;
#4844 = AXIS2_PLACEMENT_3D ( 'NONE', #2954, #3346, #5081 ) ;
#4845 = DIRECTION ( 'NONE',  ( -0.000000000000000000, -5.421010862427522170E-17, 1.000000000000000000 ) ) ;
#4846 = LINE ( 'NONE', #3115, #1815 ) ;
#4847 = CARTESIAN_POINT ( 'NONE',  ( 234.0000000000000000, -1.902113032590309283, 0.6180339887499053386 ) ) ;
#4848 = DIRECTION ( 'NONE',  ( 0.000000000000000000, 0.000000000000000000, 1.000000000000000000 ) ) ;
#4849 = EDGE_LOOP ( 'NONE', ( #5007, #826, #3969 ) ) ;
#4850 = DIRECTION ( 'NONE',  ( -1.000000000000000000, 0.000000000000000000, 0.000000000000000000 ) ) ;
#4851 = CARTESIAN_POINT ( 'NONE',  ( 3.622764585234313106, -1.381563091360421769, 2.886751345948129988 ) ) ;
#4852 = CARTESIAN_POINT ( 'NONE',  ( -10.37500000000000711, -2.102924448476535702, 0.000000000000000000 ) ) ;
#4853 = CARTESIAN_POINT ( 'NONE',  ( -10.37500000000000711, 3.154386672714803996, 0.000000000000000000 ) ) ;
#4854 = VECTOR ( 'NONE', #2824, 1000.000000000000000 ) ;
#4855 = VERTEX_POINT ( 'NONE', #2510 ) ;
#4856 = AXIS2_PLACEMENT_3D ( 'NONE', #4311, #5221, #2975 ) ;
#4857 = CARTESIAN_POINT ( 'NONE',  ( -6.250000000000005329, 1.175570504584944054, 1.618033988749892238 ) ) ;
#4858 = CARTESIAN_POINT ( 'NONE',  ( 226.0000000000000000, 2.499999999999999556, 4.330127018922195425 ) ) ;
#4859 = DIRECTION ( 'NONE',  ( 0.000000000000000000, 0.000000000000000000, 1.000000000000000000 ) ) ;
#4860 = EDGE_CURVE ( 'NONE', #3003, #409, #328, .T. ) ;
#4861 = EDGE_CURVE ( 'NONE', #3081, #1819, #2552, .T. ) ;
#4862 = DIRECTION ( 'NONE',  ( 0.7071067811865492381, 0.7071067811865457964, 0.000000000000000000 ) ) ;
#4863 = EDGE_CURVE ( 'NONE', #1718, #3866, #448, .T. ) ;
#4864 = ORIENTED_EDGE ( 'NONE', *, *, #3521, .F. ) ;
#4865 = EDGE_CURVE ( 'NONE', #2666, #846, #4550, .T. ) ;
#4866 = CARTESIAN_POINT ( 'NONE',  ( -11.75000000000001599, 1.175570504584944054, -1.618033988749892238 ) ) ;
#4867 = CARTESIAN_POINT ( 'NONE',  ( 66.98528137423849671, 6.485281374238565988, 0.000000000000000000 ) ) ;
#4868 = ORIENTED_EDGE ( 'NONE', *, *, #781, .T. ) ;
#4869 = ORIENTED_EDGE ( 'NONE', *, *, #1589, .F. ) ;
#4870 = DIRECTION ( 'NONE',  ( 0.000000000000000000, 0.000000000000000000, 1.000000000000000000 ) ) ;
#4871 = VERTEX_POINT ( 'NONE', #1918 ) ;
#4872 = CARTESIAN_POINT ( 'NONE',  ( 7.353840324345111590, 1.664498793564392010, 2.886751345948129543 ) ) ;
#4873 = DIRECTION ( 'NONE',  ( -1.000000000000000000, -0.000000000000000000, -0.000000000000000000 ) ) ;
#4874 = CARTESIAN_POINT ( 'NONE',  ( 233.0000000000000000, -1.763355756877416081, -2.427050983124845462 ) ) ;
#4875 = CARTESIAN_POINT ( 'NONE',  ( 5.076626713085535592, -1.847348703317845509, 3.886751345948129543 ) ) ;
#4876 = ORIENTED_EDGE ( 'NONE', *, *, #2863, .T. ) ;
#4877 = CARTESIAN_POINT ( 'NONE',  ( 3.862881098065623853, 1.608513358063125898, 2.886751345948129543 ) ) ;
#4878 = CARTESIAN_POINT ( 'NONE',  ( 3.756026242059186782, -1.333547429667386597, 2.886751345948129543 ) ) ;
#4879 = CARTESIAN_POINT ( 'NONE',  ( 2.192505674290941453, 1.455640776135619152, 3.312505020278112777 ) ) ;
#4880 = ORIENTED_EDGE ( 'NONE', *, *, #1620, .F. ) ;
#4881 = VECTOR ( 'NONE', #3786, 1000.000000000000114 ) ;
#4882 = CARTESIAN_POINT ( 'NONE',  ( -7.000000000000013323, 0.000000000000000000, 3.000000000000002665 ) ) ;
#4883 = ORIENTED_EDGE ( 'NONE', *, *, #914, .F. ) ;
#4884 = EDGE_CURVE ( 'NONE', #1674, #571, #2815, .T. ) ;
#4885 = CARTESIAN_POINT ( 'NONE',  ( 3.187262736602368918, -1.440792494516847766, 2.886751345948129543 ) ) ;
#4886 = DIRECTION ( 'NONE',  ( -0.000000000000000000, -0.8660254037844384856, -0.5000000000000002220 ) ) ;
#4887 = ORIENTED_EDGE ( 'NONE', *, *, #5525, .F. ) ;
#4888 = FACE_OUTER_BOUND ( 'NONE', #2944, .T. ) ;
#4889 = ADVANCED_FACE ( 'NONE', ( #5404 ), #2673, .T. ) ;
#4890 = LINE ( 'NONE', #974, #3470 ) ;
#4891 = VECTOR ( 'NONE', #1236, 1000.000000000000000 ) ;
#4892 = ORIENTED_EDGE ( 'NONE', *, *, #73, .F. ) ;
#4893 = ORIENTED_EDGE ( 'NONE', *, *, #783, .F. ) ;
#4894 = CARTESIAN_POINT ( 'NONE',  ( 226.0000000000000000, 1.500000000000000000, 5.773502691896260863 ) ) ;
#4895 = VERTEX_POINT ( 'NONE', #1714 ) ;
#4896 = CARTESIAN_POINT ( 'NONE',  ( -9.500000000000015987, 0.000000000000000000, -2.000000000000001776 ) ) ;
#4897 = DIRECTION ( 'NONE',  ( -1.000000000000000000, 0.000000000000000000, 0.000000000000000000 ) ) ;
#4898 = CARTESIAN_POINT ( 'NONE',  ( 235.3749999999999716, 2.102924448476535702, 0.000000000000000000 ) ) ;
#4899 = DIRECTION ( 'NONE',  ( -1.000000000000000000, -0.000000000000000000, -0.000000000000000000 ) ) ;
#4900 = ORIENTED_EDGE ( 'NONE', *, *, #1896, .F. ) ;
#4901 = CARTESIAN_POINT ( 'NONE',  ( 234.5000000000000000, 1.763355756877416081, 2.427050983124845462 ) ) ;
#4902 = DIRECTION ( 'NONE',  ( 0.000000000000000000, -1.000000000000000000, 0.000000000000000000 ) ) ;
#4903 = DIRECTION ( 'NONE',  ( 0.000000000000000000, -0.000000000000000000, 1.000000000000000000 ) ) ;
#4904 = TOROIDAL_SURFACE ( 'NONE', #2460, 12.00000000000000533, 3.500000000000000000 ) ;
#4905 = DIRECTION ( 'NONE',  ( 0.000000000000000000, 0.000000000000000000, -1.000000000000000000 ) ) ;
#4906 = CARTESIAN_POINT ( 'NONE',  ( -8.500000000000005329, 0.000000000000000000, -3.000000000000002665 ) ) ;
#4907 = ORIENTED_EDGE ( 'NONE', *, *, #5385, .T. ) ;
#4908 = VECTOR ( 'NONE', #3697, 1000.000000000000000 ) ;
#4909 = CARTESIAN_POINT ( 'NONE',  ( 1.760846207449033640, 1.009470497150790180, 2.886751345948130432 ) ) ;
#4910 = AXIS2_PLACEMENT_3D ( 'NONE', #4867, #3941, #2161 ) ;
#4911 = CARTESIAN_POINT ( 'NONE',  ( 4.073048745541228755, -1.744726945847460797, 3.185810201376515938 ) ) ;
#4912 = EDGE_CURVE ( 'NONE', #5095, #4556, #4822, .T. ) ;
#4913 = CARTESIAN_POINT ( 'NONE',  ( 2.060290822897342000, -0.06541551579324453303, 2.886751345948129543 ) ) ;
#4914 = CIRCLE ( 'NONE', #4558, 3.500000000000000000 ) ;
#4915 = ORIENTED_EDGE ( 'NONE', *, *, #4510, .T. ) ;
#4916 = TOROIDAL_SURFACE ( 'NONE', #4105, 12.00000000000000888, 3.500000000000000000 ) ;
#4917 = CARTESIAN_POINT ( 'NONE',  ( -9.500000000000015987, 0.000000000000000000, -2.000000000000001776 ) ) ;
#4918 = CARTESIAN_POINT ( 'NONE',  ( -8.375000000000015987, -0.9747590886987209657, -2.999999999999999556 ) ) ;
#4919 = EDGE_LOOP ( 'NONE', ( #2223, #1930, #127, #2215 ) ) ;
#4920 = LINE ( 'NONE', #5271, #1583 ) ;
#4921 = AXIS2_PLACEMENT_3D ( 'NONE', #384, #3481, #2622 ) ;
#4922 = ORIENTED_EDGE ( 'NONE', *, *, #5426, .F. ) ;
#4923 = CARTESIAN_POINT ( 'NONE',  ( 24.81370849898474873, -3.000000000000000000, 0.000000000000000000 ) ) ;
#4924 = AXIS2_PLACEMENT_3D ( 'NONE', #1550, #4147, #3239 ) ;
#4925 = CARTESIAN_POINT ( 'NONE',  ( 232.1250000000000000, -0.6498393924658090182, -1.999999999999994893 ) ) ;
#4926 = DIRECTION ( 'NONE',  ( 0.000000000000000000, 0.000000000000000000, 1.000000000000000000 ) ) ;
#4927 = EDGE_CURVE ( 'NONE', #4355, #3946, #319, .T. ) ;
#4928 = ADVANCED_FACE ( 'NONE', ( #375 ), #4684, .T. ) ;
#4929 = VECTOR ( 'NONE', #742, 1000.000000000000000 ) ;
#4930 = FACE_OUTER_BOUND ( 'NONE', #927, .T. ) ;
#4931 = EDGE_CURVE ( 'NONE', #3677, #409, #4261, .T. ) ;
#4932 = EDGE_LOOP ( 'NONE', ( #3582, #3066, #4868, #935 ) ) ;
#4933 = CARTESIAN_POINT ( 'NONE',  ( 225.0000000000000000, 5.000000000000001776, 2.886751345948129099 ) ) ;
#4934 = EDGE_CURVE ( 'NONE', #548, #1380, #2586, .T. ) ;
#4935 = EDGE_CURVE ( 'NONE', #428, #3800, #807, .T. ) ;
#4936 = LINE ( 'NONE', #621, #3193 ) ;
#4937 = CYLINDRICAL_SURFACE ( 'NONE', #2735, 3.500000000000002220 ) ;
#4938 = CARTESIAN_POINT ( 'NONE',  ( 2.504538654975118739, 1.624976505668399129, 2.886751345948129099 ) ) ;
#4939 = ORIENTED_EDGE ( 'NONE', *, *, #4273, .F. ) ;
#4940 = CARTESIAN_POINT ( 'NONE',  ( -6.000000000000002665, 0.000000000000000000, 0.000000000000000000 ) ) ;
#4941 = EDGE_LOOP ( 'NONE', ( #1860, #3416, #4574, #2813, #3077 ) ) ;
#4942 = CARTESIAN_POINT ( 'NONE',  ( 237.0000000000000284, 0.000000000000000000, -2.000000000000001776 ) ) ;
#4943 = CARTESIAN_POINT ( 'NONE',  ( -10.62500000000000711, -1.701301616704077091, 1.236067977499787141 ) ) ;
#4944 = DIRECTION ( 'NONE',  ( 0.000000000000000000, 0.000000000000000000, -1.000000000000000000 ) ) ;
#4945 = AXIS2_PLACEMENT_3D ( 'NONE', #3108, #554, #2300 ) ;
#4946 = CARTESIAN_POINT ( 'NONE',  ( 225.0000000000000000, 2.500000000000000000, 4.330127018922195425 ) ) ;
#4947 = CLOSED_SHELL ( 'NONE', ( #4030, #1033, #3159, #881, #2636, #1052, #477, #763, #3098, #4889, #2509, #4760, #4722 ) ) ;
#4948 = EDGE_LOOP ( 'NONE', ( #3934, #1696, #4075, #3746 ) ) ;
#4949 = CARTESIAN_POINT ( 'NONE',  ( 133.5104076400853046, 13.96015510839147389, 0.000000000000000000 ) ) ;
#4950 = CARTESIAN_POINT ( 'NONE',  ( 3.668569244048962563, -1.880455458582556361, 2.952017044605138807 ) ) ;
#4951 = AXIS2_PLACEMENT_3D ( 'NONE', #151, #3598, #4071 ) ;
#4952 = PRODUCT ( 'chopstick_traj_rod', 'chopstick_traj_rod', '', ( #5098 ) ) ;
#4953 = CARTESIAN_POINT ( 'NONE',  ( -8.875000000000014211, -3.154386672714803996, 0.000000000000000000 ) ) ;
#4954 = FACE_OUTER_BOUND ( 'NONE', #2781, .T. ) ;
#4955 = EDGE_LOOP ( 'NONE', ( #1463, #3335 ) ) ;
#4956 = CARTESIAN_POINT ( 'NONE',  ( 228.0000000000000000, -5.000000000000000888, -2.886751345948128655 ) ) ;
#4957 = ORIENTED_EDGE ( 'NONE', *, *, #400, .F. ) ;
#4958 = CARTESIAN_POINT ( 'NONE',  ( 2.258717504158230138, -0.9138508851002627997, 3.379215610086604205 ) ) ;
#4959 = CARTESIAN_POINT ( 'NONE',  ( 233.5000000000000000, 1.763355756877422964, -2.427050983124845462 ) ) ;
#4960 = LINE ( 'NONE', #616, #269 ) ;
#4961 = CARTESIAN_POINT ( 'NONE',  ( 2.059256322919846394, -0.1163670535761743979, 2.886751345948129543 ) ) ;
#4962 = ORIENTED_EDGE ( 'NONE', *, *, #5092, .F. ) ;
#4963 = CARTESIAN_POINT ( 'NONE',  ( 233.0000000000000000, -1.763355756877416081, -2.427050983124845462 ) ) ;
#4964 = CARTESIAN_POINT ( 'NONE',  ( 226.0000000000000000, -0.5000000000000000000, 5.773502691896260863 ) ) ;
#4965 = EDGE_CURVE ( 'NONE', #2222, #3509, #3467, .T. ) ;
#4966 = CARTESIAN_POINT ( 'NONE',  ( 2.582281422904720625, 1.095375873440100234, 3.324554779828760687 ) ) ;
#4967 = CARTESIAN_POINT ( 'NONE',  ( 2.072737865595680073, -0.3606905516504020359, 3.501732876836455510 ) ) ;
#4968 = DIRECTION ( 'NONE',  ( 1.000000000000000000, 0.000000000000000000, 0.000000000000000000 ) ) ;
#4969 = EDGE_CURVE ( 'NONE', #5185, #1093, #5217, .T. ) ;
#4970 = VERTEX_POINT ( 'NONE', #3438 ) ;
#4971 = ORIENTED_EDGE ( 'NONE', *, *, #1727, .T. ) ;
#4972 = ORIENTED_EDGE ( 'NONE', *, *, #837, .F. ) ;
#4973 = CARTESIAN_POINT ( 'NONE',  ( -9.000000000000014211, 1.902113032590309283, -0.6180339887498984552 ) ) ;
#4974 = CARTESIAN_POINT ( 'NONE',  ( -10.25000000000000533, -1.902113032590309283, -0.6180339887498914608 ) ) ;
#4975 = CIRCLE ( 'NONE', #3432, 3.500000000000000000 ) ;
#4976 = CARTESIAN_POINT ( 'NONE',  ( 228.0000000000000000, 5.000000000000001776, 2.886751345948129099 ) ) ;
#4977 = CARTESIAN_POINT ( 'NONE',  ( 226.0000000000000000, 0.5000000000000000000, 5.773502691896260863 ) ) ;
#4978 = EDGE_LOOP ( 'NONE', ( #4335, #3669, #1678, #2625 ) ) ;
#4979 = EDGE_LOOP ( 'NONE', ( #3885, #3014, #2431, #2749 ) ) ;
#4980 = CARTESIAN_POINT ( 'NONE',  ( 155.0147186257611054, 11.48528137423873652, 0.000000000000000000 ) ) ;
#4981 = CARTESIAN_POINT ( 'NONE',  ( 3.045198703538356089, 1.737751465663610606, 2.886751345948129543 ) ) ;
#4982 = CARTESIAN_POINT ( 'NONE',  ( 233.3750000000000284, -0.6498393924658164567, 1.999999999999994893 ) ) ;
#4983 = ORIENTED_EDGE ( 'NONE', *, *, #4515, .T. ) ;
#4984 = CARTESIAN_POINT ( 'NONE',  ( 3.167932610110297365, 1.265425214373228968, 2.886751345948129543 ) ) ;
#4985 = EDGE_LOOP ( 'NONE', ( #3020, #2775, #3023, #3358, #5112, #97, #317, #4900, #5369, #4290, #2312, #3879, #4217, #2795, #4634, #3706, #2270 ) ) ;
#4986 = CARTESIAN_POINT ( 'NONE',  ( 2.158684484619032062, -0.7128734370523841513, 3.427350142470559025 ) ) ;
#4987 = CARTESIAN_POINT ( 'NONE',  ( 232.1250000000000000, -0.9747590886987209657, 2.999999999999992450 ) ) ;
#4988 = ADVANCED_FACE ( 'NONE', ( #1257 ), #723, .T. ) ;
#4989 = CARTESIAN_POINT ( 'NONE',  ( -3.000000000000000000, 5.000000000000001776, -2.886751345948125103 ) ) ;
#4990 = CARTESIAN_POINT ( 'NONE',  ( -3.000000000000000000, -8.673617379884035472E-16, 5.773502691896260863 ) ) ;
#4991 = ORIENTED_EDGE ( 'NONE', *, *, #3695, .T. ) ;
#4992 = CARTESIAN_POINT ( 'NONE',  ( 226.0000000000000000, -0.5000000000000000000, 5.773502691896260863 ) ) ;
#4993 = CARTESIAN_POINT ( 'NONE',  ( 0.000000000000000000, -1.847348703317845509, 2.972760126271521752 ) ) ;
#4994 = CARTESIAN_POINT ( 'NONE',  ( 3.167932610110297365, 1.265425214373228968, 3.263234442516882439 ) ) ;
#4995 = CARTESIAN_POINT ( 'NONE',  ( 2.343688331866913277, 1.549978816780049007, 3.312505020278111445 ) ) ;
#4996 = CARTESIAN_POINT ( 'NONE',  ( 2.821354387099979544, 1.213964436945163428, 2.886751345948130432 ) ) ;
#4997 = AXIS2_PLACEMENT_3D ( 'NONE', #4923, #1901, #5016 ) ;
#4998 = CARTESIAN_POINT ( 'NONE',  ( 1.738492608042564225, 0.9757019723968521907, 3.362506406751588628 ) ) ;
#4999 = ORIENTED_EDGE ( 'NONE', *, *, #1233, .T. ) ;
#5000 = FACE_OUTER_BOUND ( 'NONE', #4343, .T. ) ;
#5001 = AXIS2_PLACEMENT_3D ( 'NONE', #155, #4529, #2774 ) ;
#5002 = CARTESIAN_POINT ( 'NONE',  ( -11.62500000000001243, -2.551952425056123186, 1.854101966249688260 ) ) ;
#5003 = DIRECTION ( 'NONE',  ( 0.000000000000000000, 0.000000000000000000, 1.000000000000000000 ) ) ;
#5004 = EDGE_CURVE ( 'NONE', #1301, #5318, #5585, .T. ) ;
#5005 = EDGE_CURVE ( 'NONE', #5467, #4047, #3530, .T. ) ;
#5006 = EDGE_CURVE ( 'NONE', #5220, #3015, #542, .T. ) ;
#5007 = ORIENTED_EDGE ( 'NONE', *, *, #5353, .F. ) ;
#5008 = ORIENTED_EDGE ( 'NONE', *, *, #3695, .F. ) ;
#5009 = CARTESIAN_POINT ( 'NONE',  ( 138.4601551083911488, 9.010407640085663417, 4.286263797015736595E-16 ) ) ;
#5010 = VECTOR ( 'NONE', #4788, 1000.000000000000000 ) ;
#5011 = CARTESIAN_POINT ( 'NONE',  ( 3.952985166675414774, 1.566601056169059980, 2.886751345948129988 ) ) ;
#5012 = VECTOR ( 'NONE', #3187, 1000.000000000000000 ) ;
#5013 = CARTESIAN_POINT ( 'NONE',  ( -7.000000000000013323, 0.000000000000000000, 3.000000000000002665 ) ) ;
#5014 = ORIENTED_EDGE ( 'NONE', *, *, #3339, .T. ) ;
#5015 = CARTESIAN_POINT ( 'NONE',  ( 2.931447008159666634, 1.244148692153448810, 2.886751345948128655 ) ) ;
#5016 = DIRECTION ( 'NONE',  ( -1.000000000000000000, 0.000000000000000000, 0.000000000000000000 ) ) ;
#5017 = VECTOR ( 'NONE', #3180, 1000.000000000000000 ) ;
#5018 = CARTESIAN_POINT ( 'NONE',  ( 236.7500000000000284, 1.763355756877416081, 2.427050983124845462 ) ) ;
#5019 = CARTESIAN_POINT ( 'NONE',  ( 226.0000000000000000, 2.500000000000000000, 5.773502691896260863 ) ) ;
#5020 = LINE ( 'NONE', #1905, #70 ) ;
#5021 = ORIENTED_EDGE ( 'NONE', *, *, #13, .T. ) ;
#5022 = CARTESIAN_POINT ( 'NONE',  ( 1.627588090976148649, -0.9976671974214039729, 3.356322390982139137 ) ) ;
#5023 = VECTOR ( 'NONE', #5432, 1000.000000000000000 ) ;
#5024 = CARTESIAN_POINT ( 'NONE',  ( 2.647573626810814762, 1.137652807686995615, 3.310127300411955353 ) ) ;
#5025 = DIRECTION ( 'NONE',  ( 1.000000000000000000, 0.000000000000000000, 0.000000000000000000 ) ) ;
#5026 = AXIS2_PLACEMENT_3D ( 'NONE', #4365, #3546, #485 ) ;
#5027 = SURFACE_SIDE_STYLE ('',( #4507 ) ) ;
#5028 = FACE_OUTER_BOUND ( 'NONE', #4932, .T. ) ;
#5029 = VERTEX_POINT ( 'NONE', #3553 ) ;
#5030 =( BOUNDED_CURVE ( )  B_SPLINE_CURVE ( 2, ( #1498, #3241, #1949, #2852, #4578, #5033, #2882, #4608, #695, #4177, #1581, #5064, #2554, #1716, #1205, #3838, #2031, #2587, #1259, #2961, #831, #2058, #4293, #798, #2934, #407, #1689, #5201, #5086, #2526, #2146, #4685, #1170, #4319, #1292, #5119, #4236, #2087, #377, #320, #4661 ),
 .UNSPECIFIED., .F., .F. ) 
 B_SPLINE_CURVE_WITH_KNOTS ( ( 3, 2, 2, 2, 2, 2, 2, 2, 2, 2, 2, 2, 2, 2, 2, 2, 2, 2, 2, 2, 3 ),
 ( 0.000000000000000000, 0.05000000000000000278, 0.1000000000000000056, 0.1499999999999999944, 0.2000000000000000111, 0.2500000000000000000, 0.2999999999999999889, 0.3499999999999999778, 0.4000000000000000222, 0.4500000000000000111, 0.5000000000000000000, 0.5500000000000000444, 0.5999999999999999778, 0.6500000000000000222, 0.6999999999999999556, 0.7500000000000000000, 0.8000000000000000444, 0.8499999999999999778, 0.9000000000000000222, 0.9499999999999999556, 1.000000000000000000 ),
 .UNSPECIFIED. ) 
 CURVE ( )  GEOMETRIC_REPRESENTATION_ITEM ( )  RATIONAL_B_SPLINE_CURVE ( ( 1.000000000000000000, 0.9510565162951535312, 1.000000000000000000, 0.9510565162951535312, 1.000000000000000000, 0.9510565162951535312, 1.000000000000000000, 0.9510565162951535312, 1.000000000000000000, 0.9510565162951535312, 1.000000000000000000, 0.9510565162951535312, 1.000000000000000000, 0.9510565162951535312, 1.000000000000000000, 0.9510565162951535312, 1.000000000000000000, 0.9510565162951535312, 1.000000000000000000, 0.9510565162951535312, 1.000000000000000000, 0.9510565162951535312, 1.000000000000000000, 0.9510565162951535312, 1.000000000000000000, 0.9510565162951535312, 1.000000000000000000, 0.9510565162951535312, 1.000000000000000000, 0.9510565162951535312, 1.000000000000000000, 0.9510565162951535312, 1.000000000000000000, 0.9510565162951535312, 1.000000000000000000, 0.9510565162951535312, 1.000000000000000000, 0.9510565162951535312, 1.000000000000000000, 0.9510565162951535312, 1.000000000000000000 ) ) 
 REPRESENTATION_ITEM ( '' )  );
#5031 = DIRECTION ( 'NONE',  ( 0.000000000000000000, 0.000000000000000000, 1.000000000000000000 ) ) ;
#5032 = CARTESIAN_POINT ( 'NONE',  ( -6.125000000000007105, 0.6498393924658164567, 2.000000000000002220 ) ) ;
#5033 = CARTESIAN_POINT ( 'NONE',  ( -11.62500000000000711, -3.154386672714803996, 0.000000000000000000 ) ) ;
#5034 = CARTESIAN_POINT ( 'NONE',  ( 226.0000000000000000, 1.500000000000000000, 4.907477288111821601 ) ) ;
#5035 = MANIFOLD_SOLID_BREP ( '<D6d4P2.5N2_thread>-<\X2\51f853f0\X0\-\X2\62c94f38\X0\1>', #4947 ) ;
#5036 = CARTESIAN_POINT ( 'NONE',  ( 1.837784342897271106, -1.322809615322161125, 2.886751345948129988 ) ) ;
#5037 = ORIENTED_EDGE ( 'NONE', *, *, #1586, .F. ) ;
#5038 = CARTESIAN_POINT ( 'NONE',  ( 3.142990511410849397, 1.739325089662735468, 3.037227063041174180 ) ) ;
#5039 = EDGE_CURVE ( 'NONE', #3818, #5327, #3646, .T. ) ;
#5040 = DIRECTION ( 'NONE',  ( 0.000000000000000000, 0.000000000000000000, 1.000000000000000000 ) ) ;
#5041 = EDGE_CURVE ( 'NONE', #2440, #3866, #3558, .T. ) ;
#5042 = B_SPLINE_CURVE_WITH_KNOTS ( 'NONE', 3,
 ( #980, #3192, #3222, #1449, #4104, #4134, #4986, #560, #4958, #189 ),
 .UNSPECIFIED., .F., .F.,
 ( 4, 2, 2, 2, 4 ),
 ( 0.000000000000000000, 0.0002295783962227518772, 0.0004591567924455037543, 0.0006887351886682556044, 0.0009183135848910075087 ),
 .UNSPECIFIED. ) ;
#5043 = VECTOR ( 'NONE', #4066, 1000.000000000000000 ) ;
#5044 = CARTESIAN_POINT ( 'NONE',  ( 186.4705627484778461, -11.49999999999980993, 0.000000000000000000 ) ) ;
#5045 = EDGE_CURVE ( 'NONE', #67, #2041, #5282, .T. ) ;
#5046 = VERTEX_POINT ( 'NONE', #5313 ) ;
#5047 = CARTESIAN_POINT ( 'NONE',  ( 2.618313045320388444, 1.118745473987988515, 2.886751345948128211 ) ) ;
#5048 = AXIS2_PLACEMENT_3D ( 'NONE', #273, #3360, #2914 ) ;
#5049 = APPLICATION_PROTOCOL_DEFINITION ( 'draft international standard', 'automotive_design', 1998, #1254 ) ;
#5050 = CARTESIAN_POINT ( 'NONE',  ( 3.180417566017212483, 1.738896737547856564, 3.131276467051552714 ) ) ;
#5051 = CARTESIAN_POINT ( 'NONE',  ( 0.000000000000000000, -8.673617379884035472E-16, 5.773502691896260863 ) ) ;
#5052 = LINE ( 'NONE', #4108, #1076 ) ;
#5053 = ORIENTED_EDGE ( 'NONE', *, *, #49, .T. ) ;
#5054 = CARTESIAN_POINT ( 'NONE',  ( -6.000000000000005329, 0.000000000000000000, 2.000000000000001776 ) ) ;
#5055 = CARTESIAN_POINT ( 'NONE',  ( 236.1249999999999716, 0.9747590886987209657, -2.999999999999992450 ) ) ;
#5056 = CARTESIAN_POINT ( 'NONE',  ( 0.000000000000000000, 0.000000000000000000, 0.000000000000000000 ) ) ;
#5057 = DIRECTION ( 'NONE',  ( -1.000000000000000000, 0.000000000000000000, 0.000000000000000000 ) ) ;
#5058 = CARTESIAN_POINT ( 'NONE',  ( 2.561684466836896323, -1.835855712778096116, 2.980394892239135007 ) ) ;
#5059 = CARTESIAN_POINT ( 'NONE',  ( 1.453245755693006958, 2.495359062611168799E-15, 3.499999999999999556 ) ) ;
#5060 = ORIENTED_EDGE ( 'NONE', *, *, #2930, .F. ) ;
#5061 = ORIENTED_EDGE ( 'NONE', *, *, #4927, .F. ) ;
#5062 = CARTESIAN_POINT ( 'NONE',  ( 39.98528137423852513, -1.485281374238561769, 0.000000000000000000 ) ) ;
#5063 = DIRECTION ( 'NONE',  ( -0.6559065135051055373, -0.7548421328606245151, 0.000000000000000000 ) ) ;
#5064 = CARTESIAN_POINT ( 'NONE',  ( -10.87500000000000533, 0.9747590886987209657, -2.999999999999999556 ) ) ;
#5065 = CARTESIAN_POINT ( 'NONE',  ( 0.000000000000000000, -5.000000000000000888, 2.886751345948130432 ) ) ;
#5066 = EDGE_CURVE ( 'NONE', #846, #5354, #4768, .T. ) ;
#5067 = ORIENTED_EDGE ( 'NONE', *, *, #5288, .F. ) ;
#5068 = ORIENTED_EDGE ( 'NONE', *, *, #1096, .F. ) ;
#5069 = CARTESIAN_POINT ( 'NONE',  ( 4.172725742921174152, 1.437187574994937211, 3.191482482635242146 ) ) ;
#5070 = CARTESIAN_POINT ( 'NONE',  ( -0.3431457505076260794, -2.449293598294705921E-16, 2.000000000000000000 ) ) ;
#5071 = CARTESIAN_POINT ( 'NONE',  ( 3.691239186185750754, 1.158592990035597348, 2.886751345948129543 ) ) ;
#5072 = ORIENTED_EDGE ( 'NONE', *, *, #1879, .F. ) ;
#5073 = ADVANCED_FACE ( 'NONE', ( #4004 ), #431, .T. ) ;
#5074 = CARTESIAN_POINT ( 'NONE',  ( 2.716661019639273089, 1.172764081842542661, 2.886751345948130876 ) ) ;
#5075 = CARTESIAN_POINT ( 'NONE',  ( 2.614344838823170480, -1.848807830228741400, 2.886751345948129543 ) ) ;
#5076 = LINE ( 'NONE', #2045, #444 ) ;
#5077 = EDGE_LOOP ( 'NONE', ( #3449, #4369, #4508, #3571 ) ) ;
#5078 = CARTESIAN_POINT ( 'NONE',  ( 146.5294372515226655, 2.999999999999999112, 0.000000000000000000 ) ) ;
#5079 = DIRECTION ( 'NONE',  ( 0.000000000000000000, -5.421010862427522170E-17, -1.000000000000000000 ) ) ;
#5080 = PLANE ( 'NONE',  #1966 ) ;
#5081 = DIRECTION ( 'NONE',  ( 0.000000000000000000, 0.000000000000000000, 1.000000000000000000 ) ) ;
#5082 = FACE_OUTER_BOUND ( 'NONE', #1200, .T. ) ;
#5083 = ORIENTED_EDGE ( 'NONE', *, *, #177, .F. ) ;
#5084 = DIRECTION ( 'NONE',  ( 0.000000000000000000, 0.000000000000000000, -1.000000000000000000 ) ) ;
#5085 = CARTESIAN_POINT ( 'NONE',  ( 213.4705627484779313, -12.00000000000000000, 0.000000000000000000 ) ) ;
#5086 = CARTESIAN_POINT ( 'NONE',  ( -8.750000000000005329, -1.763355756877422964, -2.427050983124845462 ) ) ;
#5087 = CARTESIAN_POINT ( 'NONE',  ( -8.250000000000014211, 0.000000000000000000, -3.000000000000002665 ) ) ;
#5088 = DIRECTION ( 'NONE',  ( 0.000000000000000000, 0.8660254037844383745, 0.5000000000000004441 ) ) ;
#5089 = CARTESIAN_POINT ( 'NONE',  ( 234.6250000000000000, -0.9747590886987209657, 2.999999999999992450 ) ) ;
#5090 = CIRCLE ( 'NONE', #973, 15.49999999999998579 ) ;
#5091 = FACE_OUTER_BOUND ( 'NONE', #4027, .T. ) ;
#5092 = EDGE_CURVE ( 'NONE', #787, #4467, #4457, .T. ) ;
#5093 = FACE_OUTER_BOUND ( 'NONE', #2149, .T. ) ;
#5094 = CARTESIAN_POINT ( 'NONE',  ( 228.0000000000000000, -5.000000000000000888, -2.886751345948128655 ) ) ;
#5095 = VERTEX_POINT ( 'NONE', #879 ) ;
#5096 = LINE ( 'NONE', #679, #1765 ) ;
#5097 = AXIS2_PLACEMENT_3D ( 'NONE', #3722, #4533, #4903 ) ;
#5098 = PRODUCT_CONTEXT ( 'NONE', #1254, 'mechanical' ) ;
#5099 = AXIS2_PLACEMENT_3D ( 'NONE', #5212, #3053, #4357 ) ;
#5100 = LINE ( 'NONE', #3773, #1176 ) ;
#5101 = CARTESIAN_POINT ( 'NONE',  ( 226.0000000000000000, -1.500000000000000000, 3.773502691896260419 ) ) ;
#5102 = VERTEX_POINT ( 'NONE', #2638 ) ;
#5103 = CIRCLE ( 'NONE', #2844, 3.500000000000000000 ) ;
#5104 = CARTESIAN_POINT ( 'NONE',  ( 1.513716920903836360, -0.6780689248886521137, 3.435501514151225066 ) ) ;
#5105 = AXIS2_PLACEMENT_3D ( 'NONE', #2266, #3507, #88 ) ;
#5106 = CARTESIAN_POINT ( 'NONE',  ( 24.81370849898478781, 1.500000000000975886, 4.286263797015140512E-16 ) ) ;
#5107 = DIRECTION ( 'NONE',  ( 1.000000000000000000, 0.000000000000000000, 0.000000000000000000 ) ) ;
#5108 = EDGE_CURVE ( 'NONE', #5318, #19, #4372, .T. ) ;
#5109 = CARTESIAN_POINT ( 'NONE',  ( 233.0000000000000000, 1.902113032590309283, 0.6180339887499053386 ) ) ;
#5110 = ADVANCED_FACE ( 'NONE', ( #27 ), #1941, .F. ) ;
#5111 = CYLINDRICAL_SURFACE ( 'NONE', #3191, 3.500000000000000000 ) ;
#5112 = ORIENTED_EDGE ( 'NONE', *, *, #2909, .F. ) ;
#5113 = EDGE_CURVE ( 'NONE', #3377, #1843, #4504, .T. ) ;
#5114 = ORIENTED_EDGE ( 'NONE', *, *, #3161, .F. ) ;
#5115 = DIRECTION ( 'NONE',  ( 0.000000000000000000, 1.000000000000000000, -5.421010862427522170E-17 ) ) ;
#5116 = CARTESIAN_POINT ( 'NONE',  ( -9.125000000000014211, -2.551952425056123186, 1.854101966249688260 ) ) ;
#5117 = AXIS2_PLACEMENT_3D ( 'NONE', #5062, #2414, #5031 ) ;
#5118 = VECTOR ( 'NONE', #2985, 1000.000000000000000 ) ;
#5119 = CARTESIAN_POINT ( 'NONE',  ( -7.875000000000007105, 3.154386672714803996, 0.000000000000000000 ) ) ;
#5120 = DIRECTION ( 'NONE',  ( 0.000000000000000000, 0.000000000000000000, 1.000000000000000000 ) ) ;
#5121 = CARTESIAN_POINT ( 'NONE',  ( 236.8750000000000284, -0.6498393924658090182, -1.999999999999994893 ) ) ;
#5122 = CIRCLE ( 'NONE', #3671, 15.50000000000000000 ) ;
#5123 = ORIENTED_EDGE ( 'NONE', *, *, #2859, .F. ) ;
#5124 = CARTESIAN_POINT ( 'NONE',  ( 1.450669114653322378, -0.1076373190313678341, 3.502014054161017853 ) ) ;
#5125 = CARTESIAN_POINT ( 'NONE',  ( 1.451765244524112264, -0.04730467515156169117, 2.886751345948129543 ) ) ;
#5126 = DIRECTION ( 'NONE',  ( 0.000000000000000000, 0.000000000000000000, 1.000000000000000000 ) ) ;
#5127 = CARTESIAN_POINT ( 'NONE',  ( 3.691239186185750754, 1.158592990035597348, 3.403808316876165030 ) ) ;
#5128 = ORIENTED_EDGE ( 'NONE', *, *, #3161, .T. ) ;
#5129 = CARTESIAN_POINT ( 'NONE',  ( 226.0000000000000000, 2.500000000000000000, 3.773502691896260419 ) ) ;
#5130 = CARTESIAN_POINT ( 'NONE',  ( 2.309557241110150816, 1.535607884716450267, 3.145676276481203626 ) ) ;
#5131 = PLANE ( 'NONE',  #261 ) ;
#5132 = VERTEX_POINT ( 'NONE', #197 ) ;
#5133 = VECTOR ( 'NONE', #2856, 1000.000000000000000 ) ;
#5134 = CYLINDRICAL_SURFACE ( 'NONE', #1845, 3.500000000000000000 ) ;
#5135 = CARTESIAN_POINT ( 'NONE',  ( 7.913166887680227468, 1.664498793564392010, 2.886751345948129543 ) ) ;
#5136 = CARTESIAN_POINT ( 'NONE',  ( -6.000000000000002665, 3.673940397442060361E-16, 3.000000000000000444 ) ) ;
#5137 = CARTESIAN_POINT ( 'NONE',  ( 236.0000000000000284, 1.763355756877422964, -2.427050983124845462 ) ) ;
#5138 = CARTESIAN_POINT ( 'NONE',  ( 155.0147186257611054, 11.48528137423873652, 0.000000000000000000 ) ) ;
#5139 = ORIENTED_EDGE ( 'NONE', *, *, #1413, .F. ) ;
#5140 = VERTEX_POINT ( 'NONE', #2779 ) ;
#5141 = B_SPLINE_CURVE_WITH_KNOTS ( 'NONE', 3,
 ( #4798, #4374, #1379, #883, #3125, #1113, #5058, #1021, #1082, #3296, #1519, #1884, #1973, #3206 ),
 .UNSPECIFIED., .F., .F.,
 ( 4, 2, 2, 2, 2, 2, 4 ),
 ( 0.000000000000000000, 0.0001887728989799004236, 0.0003775457979598008471, 0.0007550915959196003932, 0.001132637393879399939, 0.001321410292859300254, 0.001510183191839200353 ),
 .UNSPECIFIED. ) ;
#5142 = EDGE_CURVE ( 'NONE', #5438, #1331, #4189, .T. ) ;
#5143 = FILL_AREA_STYLE ('',( #405 ) ) ;
#5144 = PRODUCT_RELATED_PRODUCT_CATEGORY ( 'part', '', ( #4952 ) ) ;
#5145 = CARTESIAN_POINT ( 'NONE',  ( -7.750000000000014211, 2.853169548885460483, -0.9270509831248441301 ) ) ;
#5146 = LINE ( 'NONE', #5599, #419 ) ;
#5147 = ADVANCED_FACE ( 'NONE', ( #2842 ), #4937, .T. ) ;
#5148 = CARTESIAN_POINT ( 'NONE',  ( -11.37500000000001599, -3.154386672714803996, 0.000000000000000000 ) ) ;
#5149 = CARTESIAN_POINT ( 'NONE',  ( 235.8750000000000284, -0.6498393924658164567, 1.999999999999994893 ) ) ;
#5150 = DIRECTION ( 'NONE',  ( 0.000000000000000000, 0.000000000000000000, -1.000000000000000000 ) ) ;
#5151 = FACE_OUTER_BOUND ( 'NONE', #145, .T. ) ;
#5152 = DIRECTION ( 'NONE',  ( 0.000000000000000000, 0.000000000000000000, 1.000000000000000000 ) ) ;
#5153 = FACE_OUTER_BOUND ( 'NONE', #32, .T. ) ;
#5154 = VERTEX_POINT ( 'NONE', #3631 ) ;
#5155 = CARTESIAN_POINT ( 'NONE',  ( 236.7500000000000284, 2.853169548885460483, 0.9270509831248441301 ) ) ;
#5156 = ORIENTED_EDGE ( 'NONE', *, *, #713, .F. ) ;
#5157 = CARTESIAN_POINT ( 'NONE',  ( 2.059256322919846394, -0.1163670535761743979, 2.886751345948129543 ) ) ;
#5158 = CARTESIAN_POINT ( 'NONE',  ( -9.500000000000007105, 1.175570504584944054, -1.618033988749892238 ) ) ;
#5159 = VECTOR ( 'NONE', #1598, 1000.000000000000000 ) ;
#5160 = CARTESIAN_POINT ( 'NONE',  ( 2.287083025973705386, -1.707738727176935090, 2.886751345948130432 ) ) ;
#5161 = ORIENTED_EDGE ( 'NONE', *, *, #4411, .F. ) ;
#5162 = FACE_OUTER_BOUND ( 'NONE', #2453, .T. ) ;
#5163 = FACE_OUTER_BOUND ( 'NONE', #3107, .T. ) ;
#5164 = DIRECTION ( 'NONE',  ( 1.000000000000000000, -0.000000000000000000, -0.000000000000000000 ) ) ;
#5165 = CARTESIAN_POINT ( 'NONE',  ( 236.5000000000000284, 2.853169548885460483, 0.9270509831248441301 ) ) ;
#5166 = CARTESIAN_POINT ( 'NONE',  ( 4.021329714207639405, 0.9313138044391831016, 2.886751345948129543 ) ) ;
#5167 = ORIENTED_EDGE ( 'NONE', *, *, #2929, .T. ) ;
#5168 = VERTEX_POINT ( 'NONE', #686 ) ;
#5169 = CARTESIAN_POINT ( 'NONE',  ( 3.423688610498369922, 1.722929450131073459, 3.046568004151856801 ) ) ;
#5170 = CARTESIAN_POINT ( 'NONE',  ( 4.319522963073162636, -1.155668859262969139, 3.307630660888728258 ) ) ;
#5171 = FACE_OUTER_BOUND ( 'NONE', #4948, .T. ) ;
#5172 = CARTESIAN_POINT ( 'NONE',  ( -9.250000000000015987, -1.763355756877416081, 2.427050983124845462 ) ) ;
#5173 = ORIENTED_EDGE ( 'NONE', *, *, #3325, .F. ) ;
#5174 = CARTESIAN_POINT ( 'NONE',  ( 235.5000000000000284, -1.763355756877416081, -2.427050983124845462 ) ) ;
#5175 = CARTESIAN_POINT ( 'NONE',  ( 21.63172798364528404, 0.1819805153394377650, 4.286263797015736595E-16 ) ) ;
#5176 = CARTESIAN_POINT ( 'NONE',  ( -1.000000000000000000, -1.636495926573531787E-15, 3.773502691896259975 ) ) ;
#5177 =( BOUNDED_SURFACE ( )  B_SPLINE_SURFACE ( 1, 2, ( 
 ( #4213, #802, #350, #3789, #2150, #724, #751, #5519, #2091, #2477, #381, #1609, #5174, #1263, #1234, #3016, #2506, #3354, #4715, #5089, #2938, #3874, #1175, #5602, #1692, #4664, #3444, #2061, #4745, #4323, #3229, #2371, #4963, #1939, #1044, #565, #2750, #4054, #592, #3694, #1 ),
 ( #4477, #1514, #4800, #4377, #3200, #5364, #3171, #3956, #2804, #5422, #4531, #1854, #2776, #435, #4773, #620, #3662, #3923, #2618, #4110, #1324, #1750, #4901, #2209, #3072, #195, #2313, #133, #107, #986, #3604, #465, #5336, #2339, #859, #4502, #1428, #887, #5395, #4352, #1878 ) ),
 .UNSPECIFIED., .F., .F., .F. ) 
 B_SPLINE_SURFACE_WITH_KNOTS ( ( 2, 2 ),
 ( 3, 2, 2, 2, 2, 2, 2, 2, 2, 2, 2, 2, 2, 2, 2, 2, 2, 2, 2, 2, 3 ),
 ( 0.000000000000000000, 1.000000000000000000 ),
 ( 0.000000000000000000, 0.05000000000000000278, 0.1000000000000000056, 0.1499999999999999944, 0.2000000000000000111, 0.2500000000000000000, 0.2999999999999999889, 0.3499999999999999778, 0.4000000000000000222, 0.4500000000000000111, 0.5000000000000000000, 0.5500000000000000444, 0.5999999999999999778, 0.6500000000000000222, 0.6999999999999999556, 0.7500000000000000000, 0.8000000000000000444, 0.8499999999999999778, 0.9000000000000000222, 0.9499999999999999556, 1.000000000000000000 ),
 .UNSPECIFIED. ) 
 GEOMETRIC_REPRESENTATION_ITEM ( )  RATIONAL_B_SPLINE_SURFACE ( (
 ( 1.000000000000000000, 0.9510565162951535312, 1.000000000000000000, 0.9510565162951535312, 1.000000000000000000, 0.9510565162951535312, 1.000000000000000000, 0.9510565162951535312, 1.000000000000000000, 0.9510565162951535312, 1.000000000000000000, 0.9510565162951535312, 1.000000000000000000, 0.9510565162951535312, 1.000000000000000000, 0.9510565162951535312, 1.000000000000000000, 0.9510565162951535312, 1.000000000000000000, 0.9510565162951535312, 1.000000000000000000, 0.9510565162951535312, 1.000000000000000000, 0.9510565162951535312, 1.000000000000000000, 0.9510565162951535312, 1.000000000000000000, 0.9510565162951535312, 1.000000000000000000, 0.9510565162951535312, 1.000000000000000000, 0.9510565162951535312, 1.000000000000000000, 0.9510565162951535312, 1.000000000000000000, 0.9510565162951535312, 1.000000000000000000, 0.9510565162951535312, 1.000000000000000000, 0.9510565162951535312, 1.000000000000000000),
 ( 1.000000000000000000, 0.9510565162951535312, 1.000000000000000000, 0.9510565162951535312, 1.000000000000000000, 0.9510565162951535312, 1.000000000000000000, 0.9510565162951535312, 1.000000000000000000, 0.9510565162951535312, 1.000000000000000000, 0.9510565162951535312, 1.000000000000000000, 0.9510565162951535312, 1.000000000000000000, 0.9510565162951535312, 1.000000000000000000, 0.9510565162951535312, 1.000000000000000000, 0.9510565162951535312, 1.000000000000000000, 0.9510565162951535312, 1.000000000000000000, 0.9510565162951535312, 1.000000000000000000, 0.9510565162951535312, 1.000000000000000000, 0.9510565162951535312, 1.000000000000000000, 0.9510565162951535312, 1.000000000000000000, 0.9510565162951535312, 1.000000000000000000, 0.9510565162951535312, 1.000000000000000000, 0.9510565162951535312, 1.000000000000000000, 0.9510565162951535312, 1.000000000000000000, 0.9510565162951535312, 1.000000000000000000) ) ) 
 REPRESENTATION_ITEM ( '' )  SURFACE ( )  );
#5178 = ORIENTED_EDGE ( 'NONE', *, *, #878, .T. ) ;
#5179 = DIRECTION ( 'NONE',  ( 0.000000000000000000, 0.000000000000000000, 1.000000000000000000 ) ) ;
#5180 = ADVANCED_FACE ( 'NONE', ( #3202 ), #5452, .T. ) ;
#5181 = EDGE_CURVE ( 'NONE', #3968, #4415, #889, .T. ) ;
#5182 = CARTESIAN_POINT ( 'NONE',  ( 235.8750000000000000, -0.9747590886987209657, -2.999999999999992450 ) ) ;
#5183 = ADVANCED_FACE ( 'NONE', ( #2874 ), #3174, .T. ) ;
#5184 = AXIS2_PLACEMENT_3D ( 'NONE', #128, #2742, #1873 ) ;
#5185 = VERTEX_POINT ( 'NONE', #2407 ) ;
#5186 = CARTESIAN_POINT ( 'NONE',  ( -9.250000000000007105, -2.853169548885460483, 0.9270509831248441301 ) ) ;
#5187 = CARTESIAN_POINT ( 'NONE',  ( 233.7500000000000000, 1.763355756877422964, -2.427050983124845462 ) ) ;
#5188 = CIRCLE ( 'NONE', #4817, 3.500000000000000000 ) ;
#5189 = CARTESIAN_POINT ( 'NONE',  ( -11.37500000000001599, -3.154386672714803996, 0.000000000000000000 ) ) ;
#5190 = ORIENTED_EDGE ( 'NONE', *, *, #1686, .F. ) ;
#5191 = AXIS2_PLACEMENT_3D ( 'NONE', #1490, #1430, #5366 ) ;
#5192 = CARTESIAN_POINT ( 'NONE',  ( 24.81370849898478781, 5.000000000000000000, 0.000000000000000000 ) ) ;
#5193 = CARTESIAN_POINT ( 'NONE',  ( 34.53984489160851723, -0.9895923599143710003, 4.286263797015737088E-16 ) ) ;
#5194 = CARTESIAN_POINT ( 'NONE',  ( 234.6250000000000000, -0.6498393924658090182, -1.999999999999994893 ) ) ;
#5195 = CARTESIAN_POINT ( 'NONE',  ( 233.1250000000000000, 1.701301616704077535, 1.236067977499787363 ) ) ;
#5196 = CIRCLE ( 'NONE', #1454, 15.50000000000027711 ) ;
#5197 = CARTESIAN_POINT ( 'NONE',  ( 83.53984489160843907, 4.010407640085632330, 4.286263797015736595E-16 ) ) ;
#5198 = ORIENTED_EDGE ( 'NONE', *, *, #2454, .F. ) ;
#5199 = FACE_OUTER_BOUND ( 'NONE', #3397, .T. ) ;
#5200 = SURFACE_STYLE_USAGE ( .BOTH. , #2668 ) ;
#5201 = CARTESIAN_POINT ( 'NONE',  ( -8.875000000000005329, -2.551952425056123186, -1.854101966249681155 ) ) ;
#5202 = CARTESIAN_POINT ( 'NONE',  ( -8.375000000000015987, -0.9747590886987209657, -2.999999999999999556 ) ) ;
#5203 = EDGE_LOOP ( 'NONE', ( #3170, #387, #209, #1809 ) ) ;
#5204 = DIRECTION ( 'NONE',  ( 0.000000000000000000, 0.000000000000000000, 1.000000000000000000 ) ) ;
#5205 = AXIS2_PLACEMENT_3D ( 'NONE', #4977, #1582, #4210 ) ;
#5206 = DIRECTION ( 'NONE',  ( 1.000000000000000000, 0.000000000000000000, 0.000000000000000000 ) ) ;
#5207 = AXIS2_PLACEMENT_3D ( 'NONE', #4716, #326, #2062 ) ;
#5208 = PLANE ( 'NONE',  #896 ) ;
#5209 = CARTESIAN_POINT ( 'NONE',  ( 231.5000000000000000, 0.000000000000000000, 2.500000000000002220 ) ) ;
#5210 = VERTEX_POINT ( 'NONE', #4056 ) ;
#5211 = VECTOR ( 'NONE', #1599, 1000.000000000000000 ) ;
#5212 = CARTESIAN_POINT ( 'NONE',  ( -1.000000000000000000, 0.5000000000000000000, 0.000000000000000000 ) ) ;
#5213 = ORIENTED_EDGE ( 'NONE', *, *, #4345, .T. ) ;
#5214 = CARTESIAN_POINT ( 'NONE',  ( -8.750000000000005329, -1.763355756877422964, -2.427050983124845462 ) ) ;
#5215 = ADVANCED_FACE ( 'NONE', ( #4142 ), #1016, .T. ) ;
#5216 = CARTESIAN_POINT ( 'NONE',  ( 232.6250000000000000, -2.551952425056123186, 1.854101966249681155 ) ) ;
#5217 =( BOUNDED_CURVE ( )  B_SPLINE_CURVE ( 3, ( #720, #5170, #2471, #1169 ),
 .UNSPECIFIED., .F., .T. ) 
 B_SPLINE_CURVE_WITH_KNOTS ( ( 4, 4 ),
 ( 5.002494895171860634, 5.140571574729468907 ),
 .UNSPECIFIED. ) 
 CURVE ( )  GEOMETRIC_REPRESENTATION_ITEM ( )  RATIONAL_B_SPLINE_CURVE ( ( 1.000000000000000000, 0.9984118668228032512, 0.9984118668228032512, 1.000000000000000000 ) ) 
 REPRESENTATION_ITEM ( '' )  );
#5218 = ADVANCED_FACE ( 'NONE', ( #227 ), #1969, .F. ) ;
#5219 = CARTESIAN_POINT ( 'NONE',  ( 3.145061995916377917, -1.926576599242498800, 2.886751345948129543 ) ) ;
#5220 = VERTEX_POINT ( 'NONE', #1856 ) ;
#5221 = DIRECTION ( 'NONE',  ( 0.000000000000000000, 0.5000000000000005551, -0.8660254037844383745 ) ) ;
#5222 = DIRECTION ( 'NONE',  ( -0.000000000000000000, -0.000000000000000000, -1.000000000000000000 ) ) ;
#5223 = CARTESIAN_POINT ( 'NONE',  ( 235.3749999999999716, 2.102924448476536590, 0.000000000000000000 ) ) ;
#5224 = DIRECTION ( 'NONE',  ( 0.000000000000000000, -1.000000000000000000, -6.505213034913024632E-16 ) ) ;
#5225 = AXIS2_PLACEMENT_3D ( 'NONE', #1279, #4393, #423 ) ;
#5226 = CARTESIAN_POINT ( 'NONE',  ( 207.4601551083922573, -5.989592359914338360, 4.286263797015736595E-16 ) ) ;
#5227 = ORIENTED_EDGE ( 'NONE', *, *, #640, .T. ) ;
#5228 = LINE ( 'NONE', #5337, #555 ) ;
#5229 = DIRECTION ( 'NONE',  ( -0.7071067811865470176, 0.7071067811865481278, 0.000000000000000000 ) ) ;
#5230 = VECTOR ( 'NONE', #1643, 1000.000000000000000 ) ;
#5231 = DIRECTION ( 'NONE',  ( -1.000000000000000000, 0.000000000000000000, -0.000000000000000000 ) ) ;
#5232 = CARTESIAN_POINT ( 'NONE',  ( -11.87500000000000711, -2.551952425056123186, 1.854101966249688260 ) ) ;
#5233 = EDGE_LOOP ( 'NONE', ( #1737, #2605, #4035, #138 ) ) ;
#5234 = CARTESIAN_POINT ( 'NONE',  ( 4.222359832629448917, -1.001188004939081777, 3.886751345948129543 ) ) ;
#5235 = CARTESIAN_POINT ( 'NONE',  ( 4.506699757803152906, -1.453263543866571750, 3.184026550151297652 ) ) ;
#5236 = CARTESIAN_POINT ( 'NONE',  ( 3.910534113992252703, -1.811715153066241868, 3.185810201376517270 ) ) ;
#5237 = EDGE_CURVE ( 'NONE', #1407, #1477, #988, .T. ) ;
#5238 = CARTESIAN_POINT ( 'NONE',  ( 3.923026517916380573, 1.580536452766572841, 3.131276467051553158 ) ) ;
#5239 = CARTESIAN_POINT ( 'NONE',  ( 86.01471862576136118, 6.485281374238538454, 0.000000000000000000 ) ) ;
#5240 = ORIENTED_EDGE ( 'NONE', *, *, #2055, .F. ) ;
#5241 = CARTESIAN_POINT ( 'NONE',  ( 3.888472103579669437, -1.816432419494005357, 2.886751345948129543 ) ) ;
#5242 = CARTESIAN_POINT ( 'NONE',  ( -9.250000000000007105, 1.902113032590309283, -0.6180339887498984552 ) ) ;
#5243 = CARTESIAN_POINT ( 'NONE',  ( 4.449956483261908957, 1.213046807104388725, 2.886751345948129543 ) ) ;
#5244 = ADVANCED_FACE ( 'NONE', ( #568 ), #2315, .T. ) ;
#5245 = EDGE_LOOP ( 'NONE', ( #2141, #3244, #5499, #258 ) ) ;
#5246 = PLANE ( 'NONE',  #4856 ) ;
#5247 = VECTOR ( 'NONE', #3857, 1000.000000000000000 ) ;
#5248 = CARTESIAN_POINT ( 'NONE',  ( -10.37500000000001421, -1.701301616704077535, 1.236067977499787363 ) ) ;
#5249 = FACE_OUTER_BOUND ( 'NONE', #2995, .T. ) ;
#5250 = CARTESIAN_POINT ( 'NONE',  ( 236.0000000000000284, -1.175570504584944054, 1.618033988749906227 ) ) ;
#5251 = EDGE_CURVE ( 'NONE', #4187, #5132, #355, .T. ) ;
#5252 = EDGE_CURVE ( 'NONE', #5046, #3712, #3231, .T. ) ;
#5253 = DIRECTION ( 'NONE',  ( -1.000000000000000000, 0.000000000000000000, 0.000000000000000000 ) ) ;
#5254 = VERTEX_POINT ( 'NONE', #4677 ) ;
#5255 = DIRECTION ( 'NONE',  ( 0.000000000000000000, 0.000000000000000000, -1.000000000000000000 ) ) ;
#5256 = FILL_AREA_STYLE ('',( #1377 ) ) ;
#5257 = DIRECTION ( 'NONE',  ( 1.000000000000000000, 0.000000000000000000, 0.000000000000000000 ) ) ;
#5258 = CARTESIAN_POINT ( 'NONE',  ( -8.250000000000005329, 1.763355756877416081, -2.427050983124845462 ) ) ;
#5259 = VERTEX_POINT ( 'NONE', #5106 ) ;
#5260 = DIRECTION ( 'NONE',  ( 1.000000000000000000, 0.000000000000000000, 0.000000000000000000 ) ) ;
#5261 = CARTESIAN_POINT ( 'NONE',  ( -3.000000000000000000, 5.000000000000001776, 2.886751345948129099 ) ) ;
#5262 = CARTESIAN_POINT ( 'NONE',  ( 2.288790291324266590, 0.7887887811889388034, 3.503679491924311051 ) ) ;
#5263 = CARTESIAN_POINT ( 'NONE',  ( 235.5000000000000284, -2.853169548885460483, -0.9270509831248441301 ) ) ;
#5264 = ORIENTED_EDGE ( 'NONE', *, *, #2381, .T. ) ;
#5265 = ORIENTED_EDGE ( 'NONE', *, *, #1555, .F. ) ;
#5266 = CARTESIAN_POINT ( 'NONE',  ( -12.87500000000001421, -1.701301616704077091, 1.236067977499787141 ) ) ;
#5267 = CARTESIAN_POINT ( 'NONE',  ( 75.47056274847707869, 10.00000000000000355, 3.500000000000000000 ) ) ;
#5268 = ORIENTED_EDGE ( 'NONE', *, *, #43, .F. ) ;
#5269 = ORIENTED_EDGE ( 'NONE', *, *, #2108, .F. ) ;
#5270 = EDGE_LOOP ( 'NONE', ( #5268, #801, #2299, #529, #4032 ) ) ;
#5271 = CARTESIAN_POINT ( 'NONE',  ( 228.0000000000000000, -5.000000000000000888, 2.886751345948130432 ) ) ;
#5272 = VECTOR ( 'NONE', #2572, 1000.000000000000000 ) ;
#5273 = FACE_OUTER_BOUND ( 'NONE', #613, .T. ) ;
#5274 = CARTESIAN_POINT ( 'NONE',  ( 2.299324022902030862, -0.9762459062396343645, 3.361092669140551603 ) ) ;
#5275 = CARTESIAN_POINT ( 'NONE',  ( 234.7500000000000000, 0.000000000000000000, -2.000000000000001776 ) ) ;
#5276 = AXIS2_PLACEMENT_3D ( 'NONE', #2115, #768, #2525 ) ;
#5277 = CARTESIAN_POINT ( 'NONE',  ( 4.077619661163376819, 1.501744206026635053, 2.886751345948129099 ) ) ;
#5278 = EDGE_LOOP ( 'NONE', ( #2567, #4109, #5139, #809 ) ) ;
#5279 = LINE ( 'NONE', #2613, #93 ) ;
#5280 = VECTOR ( 'NONE', #3370, 1000.000000000000114 ) ;
#5281 = EDGE_CURVE ( 'NONE', #571, #4193, #899, .T. ) ;
#5282 = LINE ( 'NONE', #81, #535 ) ;
#5283 = EDGE_CURVE ( 'NONE', #19, #1075, #3700, .T. ) ;
#5284 = ADVANCED_FACE ( 'NONE', ( #5163 ), #2357, .F. ) ;
#5285 = PLANE ( 'NONE',  #3615 ) ;
#5286 = CIRCLE ( 'NONE', #3106, 3.500000000000000000 ) ;
#5287 = CARTESIAN_POINT ( 'NONE',  ( -10.75000000000000533, 1.763355756877416081, -2.427050983124845462 ) ) ;
#5288 = EDGE_CURVE ( 'NONE', #5095, #1595, #2836, .T. ) ;
#5289 = EDGE_CURVE ( 'NONE', #5431, #1767, #1649, .T. ) ;
#5290 = ORIENTED_EDGE ( 'NONE', *, *, #3763, .F. ) ;
#5291 = AXIS2_PLACEMENT_3D ( 'NONE', #2411, #1494, #5485 ) ;
#5292 = CARTESIAN_POINT ( 'NONE',  ( -6.875000000000005329, 1.701301616704077535, -1.236067977499787363 ) ) ;
#5293 = AXIS2_PLACEMENT_3D ( 'NONE', #3043, #2498, #3809 ) ;
#5294 = CARTESIAN_POINT ( 'NONE',  ( 5.076626713085535592, 4.286263797015736595E-16, 3.500000000000000000 ) ) ;
#5295 = CARTESIAN_POINT ( 'NONE',  ( 2.099473762807038124, 0.3171495051484000682, 2.886751345948130432 ) ) ;
#5296 = CARTESIAN_POINT ( 'NONE',  ( 233.2500000000000000, -1.763355756877416081, -2.427050983124845462 ) ) ;
#5297 = ORIENTED_EDGE ( 'NONE', *, *, #3271, .F. ) ;
#5298 = CARTESIAN_POINT ( 'NONE',  ( -8.125000000000005329, 2.551952425056123186, -1.854101966249688260 ) ) ;
#5299 = AXIS2_PLACEMENT_3D ( 'NONE', #1376, #1826, #1744 ) ;
#5300 = VECTOR ( 'NONE', #2385, 1000.000000000000000 ) ;
#5301 = CARTESIAN_POINT ( 'NONE',  ( 2.067826507580616369, -1.555173135327426293, 2.886751345948130432 ) ) ;
#5302 = ORIENTED_EDGE ( 'NONE', *, *, #5108, .T. ) ;
#5303 = ORIENTED_EDGE ( 'NONE', *, *, #4274, .F. ) ;
#5304 = VERTEX_POINT ( 'NONE', #2920 ) ;
#5305 = CARTESIAN_POINT ( 'NONE',  ( -3.000000000000000000, 0.000000000000000000, 0.000000000000000000 ) ) ;
#5306 = ORIENTED_EDGE ( 'NONE', *, *, #4790, .T. ) ;
#5307 = DIRECTION ( 'NONE',  ( -1.000000000000000000, 0.000000000000000000, 0.000000000000000000 ) ) ;
#5308 = CARTESIAN_POINT ( 'NONE',  ( 234.5000000000000000, -1.175570504584944054, -1.618033988749906227 ) ) ;
#5309 = CARTESIAN_POINT ( 'NONE',  ( 235.2500000000000284, 1.902113032590309283, -0.6180339887499053386 ) ) ;
#5310 = DIRECTION ( 'NONE',  ( 0.7071067811865506814, 0.000000000000000000, -0.7071067811865443531 ) ) ;
#5311 = VERTEX_POINT ( 'NONE', #4651 ) ;
#5312 = DIRECTION ( 'NONE',  ( -1.000000000000000000, -0.000000000000000000, -0.000000000000000000 ) ) ;
#5313 = CARTESIAN_POINT ( 'NONE',  ( -8.250000000000014211, 0.000000000000000000, 2.000000000000001776 ) ) ;
#5314 = CARTESIAN_POINT ( 'NONE',  ( 13.18629150101519087, -3.499999999999487077, 0.000000000000000000 ) ) ;
#5315 = VECTOR ( 'NONE', #2489, 1000.000000000000000 ) ;
#5316 = VERTEX_POINT ( 'NONE', #1622 ) ;
#5317 = CARTESIAN_POINT ( 'NONE',  ( -9.500000000000007105, -1.763355756877416081, 2.427050983124845462 ) ) ;
#5318 = VERTEX_POINT ( 'NONE', #739 ) ;
#5319 = EDGE_CURVE ( 'NONE', #961, #1395, #313, .T. ) ;
#5320 = VECTOR ( 'NONE', #1844, 1000.000000000000000 ) ;
#5321 = LINE ( 'NONE', #1410, #280 ) ;
#5322 = CARTESIAN_POINT ( 'NONE',  ( 4.372936527539467377, -1.566616764504205950, 3.185810201376517270 ) ) ;
#5323 = CARTESIAN_POINT ( 'NONE',  ( -6.000000000000002665, 0.000000000000000000, 0.000000000000000000 ) ) ;
#5324 = VERTEX_POINT ( 'NONE', #3830 ) ;
#5325 = CARTESIAN_POINT ( 'NONE',  ( -8.250000000000014211, 0.000000000000000000, 2.000000000000001776 ) ) ;
#5326 = PLANE ( 'NONE',  #5375 ) ;
#5327 = VERTEX_POINT ( 'NONE', #5564 ) ;
#5328 = VERTEX_POINT ( 'NONE', #5135 ) ;
#5329 = DIRECTION ( 'NONE',  ( 1.000000000000000000, -0.000000000000000000, 0.000000000000000000 ) ) ;
#5330 = ORIENTED_EDGE ( 'NONE', *, *, #2800, .T. ) ;
#5331 = CARTESIAN_POINT ( 'NONE',  ( 197.0147186257622707, -11.48528137423854290, 0.000000000000000000 ) ) ;
#5332 = CARTESIAN_POINT ( 'NONE',  ( 232.8750000000000000, -2.551952425056123186, -1.854101966249681155 ) ) ;
#5333 = DIRECTION ( 'NONE',  ( 0.000000000000000000, 0.000000000000000000, -1.000000000000000000 ) ) ;
#5334 = CYLINDRICAL_SURFACE ( 'NONE', #2472, 3.500000000000000000 ) ;
#5335 = ORIENTED_EDGE ( 'NONE', *, *, #589, .F. ) ;
#5336 = CARTESIAN_POINT ( 'NONE',  ( 233.2500000000000000, -1.763355756877416081, -2.427050983124845462 ) ) ;
#5337 = CARTESIAN_POINT ( 'NONE',  ( 7.913166887680227468, 1.664498793564392010, 2.886751345948129543 ) ) ;
#5338 = CARTESIAN_POINT ( 'NONE',  ( 86.01471862576136118, 6.485281374238538454, 0.000000000000000000 ) ) ;
#5339 = CARTESIAN_POINT ( 'NONE',  ( 4.506699757803152906, -1.453263543866571750, 3.886751345948129543 ) ) ;
#5340 = VERTEX_POINT ( 'NONE', #3429 ) ;
#5341 = AXIS2_PLACEMENT_3D ( 'NONE', #2342, #2408, #1911 ) ;
#5342 = CARTESIAN_POINT ( 'NONE',  ( -7.250000000000013323, 1.763355756877422964, 2.427050983124845462 ) ) ;
#5343 = ORIENTED_EDGE ( 'NONE', *, *, #184, .F. ) ;
#5344 = CARTESIAN_POINT ( 'NONE',  ( 1.826239258466160420, 1.094748864067754734, 2.886751345948129988 ) ) ;
#5345 = CARTESIAN_POINT ( 'NONE',  ( 3.178533002057562395, -1.927163419156078250, 3.185810201376516826 ) ) ;
#5346 = CARTESIAN_POINT ( 'NONE',  ( 2.288790291324266590, 0.7887887811889388034, 2.886751345948129543 ) ) ;
#5347 = ORIENTED_EDGE ( 'NONE', *, *, #1116, .F. ) ;
#5348 = CARTESIAN_POINT ( 'NONE',  ( -9.625000000000014211, -0.6498393924658164567, -2.000000000000002220 ) ) ;
#5349 = EDGE_CURVE ( 'NONE', #4766, #4723, #3562, .T. ) ;
#5350 = EDGE_CURVE ( 'NONE', #4841, #3769, #1086, .T. ) ;
#5351 = EDGE_CURVE ( 'NONE', #1602, #1191, #4846, .T. ) ;
#5352 = CARTESIAN_POINT ( 'NONE',  ( 83.53984489160843907, 4.010407640085628778, 4.286263797015736595E-16 ) ) ;
#5353 = EDGE_CURVE ( 'NONE', #5587, #3054, #4814, .T. ) ;
#5354 = VERTEX_POINT ( 'NONE', #4872 ) ;
#5355 = ORIENTED_EDGE ( 'NONE', *, *, #815, .T. ) ;
#5356 = PLANE ( 'NONE',  #2773 ) ;
#5357 = ORIENTED_EDGE ( 'NONE', *, *, #2501, .T. ) ;
#5358 = CARTESIAN_POINT ( 'NONE',  ( 232.2500000000000000, 0.000000000000000000, -2.000000000000001776 ) ) ;
#5359 =( BOUNDED_CURVE ( )  B_SPLINE_CURVE ( 2, ( #4201, #1654, #4230, #5195, #5109, #791, #2492, #5566, #1624, #3373, #1197 ),
 .UNSPECIFIED., .F., .T. ) 
 B_SPLINE_CURVE_WITH_KNOTS ( ( 3, 2, 2, 2, 2, 3 ),
 ( 0.5000000000000004441, 0.5500000000000004885, 0.6000000000000005329, 0.6500000000000005773, 0.7000000000000006217, 0.7500000000000006661 ),
 .UNSPECIFIED. ) 
 CURVE ( )  GEOMETRIC_REPRESENTATION_ITEM ( )  RATIONAL_B_SPLINE_CURVE ( ( 0.9999999999999995559, 0.9510565162951539753, 1.000000000000000000, 0.9510565162951535312, 1.000000000000000000, 0.9510565162951535312, 1.000000000000000000, 0.9510565162951535312, 1.000000000000000000, 0.9510565162951528650, 1.000000000000000666 ) ) 
 REPRESENTATION_ITEM ( '' )  );
#5360 = DIRECTION ( 'NONE',  ( 0.000000000000000000, 5.421010862427522170E-17, 1.000000000000000000 ) ) ;
#5361 = DIRECTION ( 'NONE',  ( 1.000000000000000000, -8.425591134430505636E-16, 0.000000000000000000 ) ) ;
#5362 = B_SPLINE_SURFACE_WITH_KNOTS ( 'NONE', 3, 1, ( 
 ( #402, #4257 ),
 ( #5567, #3433 ),
 ( #1711, #3890 ),
 ( #1683, #3039 ),
 ( #4342, #1656 ),
 ( #1742, #4680 ),
 ( #1285, #2112 ),
 ( #3008, #427 ),
 ( #3496, #765 ),
 ( #4737, #2522 ),
 ( #5617, #341 ) ),
 .UNSPECIFIED., .F., .F., .F.,
 ( 4, 1, 1, 1, 1, 1, 1, 1, 4 ),
 ( 2, 2 ),
 ( 0.000000000000000000, 0.1318152951315701704, 0.2579142746402969255, 0.3796503272825410003, 0.4998337781425732929, 0.6197327777450054587, 0.7422087146248054212, 0.8680026906682167809, 1.000000000000000000 ),
 ( 0.000000000000000000, 1.000000000000000000 ),
 .UNSPECIFIED. ) ;
#5363 = EDGE_LOOP ( 'NONE', ( #1264, #2733, #4310, #505 ) ) ;
#5364 = CARTESIAN_POINT ( 'NONE',  ( 236.6250000000000284, 3.154386672714803996, 0.000000000000000000 ) ) ;
#5365 = PLANE ( 'NONE',  #4649 ) ;
#5366 = DIRECTION ( 'NONE',  ( 0.000000000000000000, 0.8660254037844384856, 0.5000000000000002220 ) ) ;
#5367 = VECTOR ( 'NONE', #2403, 1000.000000000000000 ) ;
#5368 = CARTESIAN_POINT ( 'NONE',  ( 3.045198703538356089, 1.737751465663610606, 3.312505020278111445 ) ) ;
#5369 = ORIENTED_EDGE ( 'NONE', *, *, #1484, .F. ) ;
#5370 =( NAMED_UNIT ( * ) PLANE_ANGLE_UNIT ( ) SI_UNIT ( $, .RADIAN. ) );
#5371 = ORIENTED_EDGE ( 'NONE', *, *, #4350, .T. ) ;
#5372 = AXIS2_PLACEMENT_3D ( 'NONE', #2288, #490, #3468 ) ;
#5373 = CARTESIAN_POINT ( 'NONE',  ( -8.250000000000014211, 0.000000000000000000, 2.000000000000001776 ) ) ;
#5374 = CARTESIAN_POINT ( 'NONE',  ( -6.375000000000006217, 1.701301616704077091, 1.236067977499787141 ) ) ;
#5375 = AXIS2_PLACEMENT_3D ( 'NONE', #3247, #3162, #4465 ) ;
#5376 = CARTESIAN_POINT ( 'NONE',  ( 4.222359832629448917, -1.001188004939081777, 2.886751345948129543 ) ) ;
#5377 = CARTESIAN_POINT ( 'NONE',  ( 2.133070999715326543, 0.4466038409198112569, 2.886751345948128655 ) ) ;
#5378 = TOROIDAL_SURFACE ( 'NONE', #2375, 12.00000000000000533, 3.500000000000000000 ) ;
#5379 = CARTESIAN_POINT ( 'NONE',  ( 1.837784342897271106, -1.322809615322161125, 3.502014054161018297 ) ) ;
#5380 = AXIS2_PLACEMENT_3D ( 'NONE', #4503, #226, #3318 ) ;
#5381 = CARTESIAN_POINT ( 'NONE',  ( -12.12500000000001243, -0.6498393924658164567, -2.000000000000002220 ) ) ;
#5382 = CARTESIAN_POINT ( 'NONE',  ( -9.250000000000015987, -1.763355756877416081, 2.427050983124845462 ) ) ;
#5383 = CARTESIAN_POINT ( 'NONE',  ( -1.000000000000000000, -2.500000000000002665, 4.330127018922195425 ) ) ;
#5384 = EDGE_LOOP ( 'NONE', ( #5335, #4682, #581, #1041, #58 ) ) ;
#5385 = EDGE_CURVE ( 'NONE', #2869, #3685, #2557, .T. ) ;
#5386 = LINE ( 'NONE', #4894, #28 ) ;
#5387 = CIRCLE ( 'NONE', #5299, 8.500000000000271783 ) ;
#5388 = VECTOR ( 'NONE', #4686, 1000.000000000000000 ) ;
#5389 = ORIENTED_EDGE ( 'NONE', *, *, #3271, .T. ) ;
#5390 = EDGE_CURVE ( 'NONE', #1269, #5154, #4418, .T. ) ;
#5391 = CARTESIAN_POINT ( 'NONE',  ( 236.6250000000000284, 2.551952425056123186, 1.854101966249681155 ) ) ;
#5392 = CARTESIAN_POINT ( 'NONE',  ( 233.2500000000000000, 0.000000000000000000, 2.000000000000001776 ) ) ;
#5393 = DIRECTION ( 'NONE',  ( 0.000000000000000000, 0.000000000000000000, 1.000000000000000000 ) ) ;
#5394 = ORIENTED_EDGE ( 'NONE', *, *, #5583, .F. ) ;
#5395 = CARTESIAN_POINT ( 'NONE',  ( 232.5000000000000000, -1.763355756877422964, 2.427050983124845462 ) ) ;
#5396 = FACE_OUTER_BOUND ( 'NONE', #4389, .T. ) ;
#5397 = DIRECTION ( 'NONE',  ( -1.000000000000000000, 0.000000000000000000, 0.000000000000000000 ) ) ;
#5398 =( BOUNDED_CURVE ( )  B_SPLINE_CURVE ( 2, ( #4708, #5591, #4653, #2080, #5165, #4313, #3402, #2978, #5137, #3888, #4679, #1283, #2520, #1682, #3431, #4256, #5616, #1251, #4763, #340, #3833, #1710, #852, #1222, #3006, #2582, #401, #3461, #2139, #284, #2024, #3782, #4874, #2634, #2609, #3087, #4024, #4791, #22, #1740, #4396 ),
 .UNSPECIFIED., .F., .F. ) 
 B_SPLINE_CURVE_WITH_KNOTS ( ( 3, 2, 2, 2, 2, 2, 2, 2, 2, 2, 2, 2, 2, 2, 2, 2, 2, 2, 2, 2, 3 ),
 ( 0.000000000000000000, 0.05000000000000000278, 0.1000000000000000056, 0.1499999999999999944, 0.2000000000000000111, 0.2500000000000000000, 0.2999999999999999889, 0.3499999999999999778, 0.4000000000000000222, 0.4500000000000000111, 0.5000000000000000000, 0.5500000000000000444, 0.5999999999999999778, 0.6500000000000000222, 0.6999999999999999556, 0.7500000000000000000, 0.8000000000000000444, 0.8499999999999999778, 0.9000000000000000222, 0.9499999999999999556, 1.000000000000000000 ),
 .UNSPECIFIED. ) 
 CURVE ( )  GEOMETRIC_REPRESENTATION_ITEM ( )  RATIONAL_B_SPLINE_CURVE ( ( 1.000000000000000000, 0.9510565162951535312, 1.000000000000000000, 0.9510565162951535312, 1.000000000000000000, 0.9510565162951535312, 1.000000000000000000, 0.9510565162951535312, 1.000000000000000000, 0.9510565162951535312, 1.000000000000000000, 0.9510565162951535312, 1.000000000000000000, 0.9510565162951535312, 1.000000000000000000, 0.9510565162951535312, 1.000000000000000000, 0.9510565162951535312, 1.000000000000000000, 0.9510565162951535312, 1.000000000000000000, 0.9510565162951535312, 1.000000000000000000, 0.9510565162951535312, 1.000000000000000000, 0.9510565162951535312, 1.000000000000000000, 0.9510565162951535312, 1.000000000000000000, 0.9510565162951535312, 1.000000000000000000, 0.9510565162951535312, 1.000000000000000000, 0.9510565162951535312, 1.000000000000000000, 0.9510565162951535312, 1.000000000000000000, 0.9510565162951535312, 1.000000000000000000, 0.9510565162951535312, 1.000000000000000000 ) ) 
 REPRESENTATION_ITEM ( '' )  );
#5399 = CARTESIAN_POINT ( 'NONE',  ( 2.059256322919846394, -0.1163670535761743979, 3.501732876836455954 ) ) ;
#5400 = CARTESIAN_POINT ( 'NONE',  ( 226.0000000000000000, -2.500000000000000000, 4.330127018922195425 ) ) ;
#5401 = ORIENTED_EDGE ( 'NONE', *, *, #3234, .T. ) ;
#5402 = VERTEX_POINT ( 'NONE', #5193 ) ;
#5403 = FACE_OUTER_BOUND ( 'NONE', #1059, .T. ) ;
#5404 = FACE_OUTER_BOUND ( 'NONE', #1838, .T. ) ;
#5405 = CARTESIAN_POINT ( 'NONE',  ( 235.5000000000000284, 1.175570504584944054, 1.618033988749906227 ) ) ;
#5406 = ORIENTED_EDGE ( 'NONE', *, *, #1538, .T. ) ;
#5407 = VERTEX_POINT ( 'NONE', #3886 ) ;
#5408 = DIRECTION ( 'NONE',  ( -0.7071067811865603403, 0.7071067811865348052, 0.000000000000000000 ) ) ;
#5409 = ADVANCED_FACE ( 'NONE', ( #2165 ), #3572, .T. ) ;
#5410 = CARTESIAN_POINT ( 'NONE',  ( 1.984891872118905720, 1.278482545908942836, 2.886751345948128655 ) ) ;
#5411 = B_SPLINE_SURFACE_WITH_KNOTS ( 'NONE', 3, 1, ( 
 ( #3095, #856 ),
 ( #911, #3919 ),
 ( #4401, #432 ),
 ( #1321, #2615 ),
 ( #1378, #3581 ),
 ( #2171, #3150 ),
 ( #4879, #964 ),
 ( #255, #4168 ),
 ( #4995, #2437 ),
 ( #3203, #2780 ),
 ( #1047, #4938 ),
 ( #1998, #1112 ),
 ( #1081, #3698 ),
 ( #4569, #2875 ),
 ( #989, #1546 ),
 ( #136, #3232 ),
 ( #5368, #1518 ),
 ( #4113, #4601 ),
 ( #5425, #687 ) ),
 .UNSPECIFIED., .F., .F., .F.,
 ( 4, 1, 1, 1, 1, 1, 1, 1, 1, 1, 1, 1, 1, 1, 1, 1, 4 ),
 ( 2, 2 ),
 ( 0.000000000000000000, 0.06501646987439065051, 0.1289260708258568311, 0.1916361587789675858, 0.2533395338758641646, 0.3145112827310145298, 0.3751036958255268283, 0.4355638028024381714, 0.4958928049625530576, 0.5559392621392177380, 0.6168633988126699386, 0.6780557367893064180, 0.7404089749404013654, 0.8033181862424689790, 0.8674582649970148385, 0.9329531939332670332, 1.000000000000000000 ),
 ( 0.000000000000000000, 1.000000000000000000 ),
 .UNSPECIFIED. ) ;
#5412 = CARTESIAN_POINT ( 'NONE',  ( -8.500000000000007105, 0.000000000000000000, 2.000000000000001776 ) ) ;
#5413 = CARTESIAN_POINT ( 'NONE',  ( 235.7500000000000284, 0.000000000000000000, 2.000000000000001776 ) ) ;
#5414 = ORIENTED_EDGE ( 'NONE', *, *, #4238, .F. ) ;
#5415 = CARTESIAN_POINT ( 'NONE',  ( 19.15685424949234417, 2.656854249492357489, 0.000000000000000000 ) ) ;
#5416 = EDGE_LOOP ( 'NONE', ( #3901, #2469, #4258, #4470, #4297, #3610, #451 ) ) ;
#5417 = CYLINDRICAL_SURFACE ( 'NONE', #4180, 2.000000000000000000 ) ;
#5418 = CARTESIAN_POINT ( 'NONE',  ( 232.5000000000000000, -2.853169548885460483, 0.9270509831248441301 ) ) ;
#5419 = EDGE_CURVE ( 'NONE', #1562, #5402, #3734, .T. ) ;
#5420 = LINE ( 'NONE', #2867, #1552 ) ;
#5421 = VERTEX_POINT ( 'NONE', #1398 ) ;
#5422 = CARTESIAN_POINT ( 'NONE',  ( 236.1249999999999716, 0.9747590886987209657, -2.999999999999992450 ) ) ;
#5423 = CARTESIAN_POINT ( 'NONE',  ( 213.4705627484779313, -12.00000000000000000, 0.000000000000000000 ) ) ;
#5424 = DIRECTION ( 'NONE',  ( -0.7071067811865484609, 0.7071067811865464625, 0.000000000000000000 ) ) ;
#5425 = CARTESIAN_POINT ( 'NONE',  ( 3.142990511410849397, 1.739325089662735468, 3.312505020278111445 ) ) ;
#5426 = EDGE_CURVE ( 'NONE', #4555, #3929, #71, .T. ) ;
#5427 = ADVANCED_FACE ( 'NONE', ( #509 ), #2659, .T. ) ;
#5428 = CARTESIAN_POINT ( 'NONE',  ( 0.000000000000000000, 5.000000000000001776, 2.886751345948129099 ) ) ;
#5429 = CARTESIAN_POINT ( 'NONE',  ( -0.3431457505076260794, 0.000000000000000000, 0.000000000000000000 ) ) ;
#5430 = ORIENTED_EDGE ( 'NONE', *, *, #1385, .T. ) ;
#5431 = VERTEX_POINT ( 'NONE', #2632 ) ;
#5432 = DIRECTION ( 'NONE',  ( 0.000000000000000000, 0.8660254037844383745, 0.5000000000000004441 ) ) ;
#5433 = CARTESIAN_POINT ( 'NONE',  ( -7.875000000000007105, -2.102924448476536590, 0.000000000000000000 ) ) ;
#5434 = CIRCLE ( 'NONE', #1871, 3.500000000000000000 ) ;
#5435 = CARTESIAN_POINT ( 'NONE',  ( 3.622764585234313106, -1.381563091360421769, 2.886751345948129988 ) ) ;
#5436 = LINE ( 'NONE', #5517, #1470 ) ;
#5437 = EDGE_LOOP ( 'NONE', ( #3603, #782, #238, #4315 ) ) ;
#5438 = VERTEX_POINT ( 'NONE', #4761 ) ;
#5439 = CARTESIAN_POINT ( 'NONE',  ( -11.25000000000001599, 1.902113032590309283, 0.6180339887498914608 ) ) ;
#5440 = CARTESIAN_POINT ( 'NONE',  ( 2.192505674290941453, 1.455640776135619152, 2.886751345948130876 ) ) ;
#5441 = CARTESIAN_POINT ( 'NONE',  ( -9.750000000000014211, 1.763355756877422964, 2.427050983124845462 ) ) ;
#5442 = VERTEX_POINT ( 'NONE', #850 ) ;
#5443 = DIRECTION ( 'NONE',  ( 0.000000000000000000, 0.000000000000000000, 1.000000000000000000 ) ) ;
#5444 = DIRECTION ( 'NONE',  ( 0.000000000000000000, 0.000000000000000000, 1.000000000000000000 ) ) ;
#5445 = VECTOR ( 'NONE', #1666, 1000.000000000000000 ) ;
#5446 = CARTESIAN_POINT ( 'NONE',  ( 231.2500000000000000, -1.175570504584944054, 1.618033988749906227 ) ) ;
#5447 = DIRECTION ( 'NONE',  ( 0.000000000000000000, 0.000000000000000000, -1.000000000000000000 ) ) ;
#5448 = DIRECTION ( 'NONE',  ( 1.000000000000000000, 0.000000000000000000, 0.000000000000000000 ) ) ;
#5449 = ORIENTED_EDGE ( 'NONE', *, *, #1158, .T. ) ;
#5450 = DIRECTION ( 'NONE',  ( -0.000000000000000000, -0.000000000000000000, -1.000000000000000000 ) ) ;
#5451 = DIRECTION ( 'NONE',  ( 0.000000000000000000, 0.000000000000000000, -1.000000000000000000 ) ) ;
#5452 = CYLINDRICAL_SURFACE ( 'NONE', #4092, 2.000000000000000000 ) ;
#5453 = CARTESIAN_POINT ( 'NONE',  ( 2.059256322919846394, -0.1163670535761743979, 2.886751345948129543 ) ) ;
#5454 = VECTOR ( 'NONE', #1037, 1000.000000000000000 ) ;
#5455 = CARTESIAN_POINT ( 'NONE',  ( 50.52943725152280052, 7.000000000000000000, 0.000000000000000000 ) ) ;
#5456 = VERTEX_POINT ( 'NONE', #3971 ) ;
#5457 = EDGE_CURVE ( 'NONE', #1819, #394, #2265, .T. ) ;
#5458 = EDGE_CURVE ( 'NONE', #4895, #114, #797, .T. ) ;
#5459 = FACE_OUTER_BOUND ( 'NONE', #4720, .T. ) ;
#5460 = AXIS2_PLACEMENT_3D ( 'NONE', #4299, #2124, #2940 ) ;
#5461 = CARTESIAN_POINT ( 'NONE',  ( -12.00000000000001421, 0.000000000000000000, 3.000000000000002665 ) ) ;
#5462 = DIRECTION ( 'NONE',  ( 0.000000000000000000, -5.421010862427522170E-17, -1.000000000000000000 ) ) ;
#5463 = EDGE_CURVE ( 'NONE', #961, #106, #5645, .T. ) ;
#5464 = CARTESIAN_POINT ( 'NONE',  ( 188.5294372515236887, -18.49999999999981171, 4.286263797015737088E-16 ) ) ;
#5465 = AXIS2_PLACEMENT_3D ( 'NONE', #4176, #2444, #1088 ) ;
#5466 = CARTESIAN_POINT ( 'NONE',  ( 1.871567030206502391, -1.363471988548559999, 3.502014054161017853 ) ) ;
#5467 = VERTEX_POINT ( 'NONE', #3545 ) ;
#5468 = CARTESIAN_POINT ( 'NONE',  ( 7.353840324345111590, 1.664498793564392010, 3.078870534176889606 ) ) ;
#5469 = CARTESIAN_POINT ( 'NONE',  ( 4.323119612794008582, -1.599359856050701856, 3.113451020862244345 ) ) ;
#5470 = TOROIDAL_SURFACE ( 'NONE', #4096, 12.00000000000000000, 3.500000000000000000 ) ;
#5471 = CARTESIAN_POINT ( 'NONE',  ( 237.2500000000000284, 0.000000000000000000, 3.000000000000002665 ) ) ;
#5472 = ORIENTED_EDGE ( 'NONE', *, *, #4510, .F. ) ;
#5473 = CARTESIAN_POINT ( 'NONE',  ( 3.167932610110297365, 1.265425214373228968, 3.389244452423743059 ) ) ;
#5474 = CARTESIAN_POINT ( 'NONE',  ( 3.862881098065623853, 1.608513358063125898, 3.131276467051552714 ) ) ;
#5475 = CYLINDRICAL_SURFACE ( 'NONE', #3647, 2.000000000000000000 ) ;
#5476 = CARTESIAN_POINT ( 'NONE',  ( -13.12500000000001599, -0.6498393924658090182, 2.000000000000002220 ) ) ;
#5477 = EDGE_LOOP ( 'NONE', ( #2241, #111, #3423, #4732 ) ) ;
#5478 = DIRECTION ( 'NONE',  ( 1.000000000000000000, -0.000000000000000000, -0.000000000000000000 ) ) ;
#5479 = LINE ( 'NONE', #593, #2191 ) ;
#5480 = CARTESIAN_POINT ( 'NONE',  ( 7.913166887680227468, 0.000000000000000000, 0.000000000000000000 ) ) ;
#5481 = ADVANCED_FACE ( 'NONE', ( #5273 ), #1070, .T. ) ;
#5482 = CARTESIAN_POINT ( 'NONE',  ( 2.241410422568780980, -0.8872572308043140676, 2.886751345948129988 ) ) ;
#5483 = TOROIDAL_SURFACE ( 'NONE', #2293, 8.000000000000001776, 3.500000000000000000 ) ;
#5484 = VECTOR ( 'NONE', #2906, 1000.000000000000000 ) ;
#5485 = DIRECTION ( 'NONE',  ( -1.000000000000000000, 0.000000000000000000, 0.000000000000000000 ) ) ;
#5486 = ORIENTED_EDGE ( 'NONE', *, *, #1651, .F. ) ;
#5487 = ORIENTED_EDGE ( 'NONE', *, *, #1796, .F. ) ;
#5488 = DIRECTION ( 'NONE',  ( 0.7071067811865336949, 0.7071067811865613395, 0.000000000000000000 ) ) ;
#5489 = DIRECTION ( 'NONE',  ( 0.7071067811865456854, -0.7071067811865493491, 0.000000000000000000 ) ) ;
#5490 = DIRECTION ( 'NONE',  ( -0.000000000000000000, -0.000000000000000000, -1.000000000000000000 ) ) ;
#5491 = DIRECTION ( 'NONE',  ( -1.000000000000000000, 0.000000000000000000, 0.000000000000000000 ) ) ;
#5492 = EDGE_CURVE ( 'NONE', #2338, #4559, #2077, .T. ) ;
#5493 = ORIENTED_EDGE ( 'NONE', *, *, #781, .F. ) ;
#5494 = DIRECTION ( 'NONE',  ( 0.000000000000000000, 0.000000000000000000, 1.000000000000000000 ) ) ;
#5495 = UNCERTAINTY_MEASURE_WITH_UNIT (LENGTH_MEASURE( 1.000000000000000082E-05 ), #4171, 'distance_accuracy_value', 'NONE');
#5496 = DIRECTION ( 'NONE',  ( 0.000000000000000000, 0.000000000000000000, -1.000000000000000000 ) ) ;
#5497 = AXIS2_PLACEMENT_3D ( 'NONE', #4812, #848, #3060 ) ;
#5498 = CARTESIAN_POINT ( 'NONE',  ( 4.021329714207639405, 0.9313138044391831016, 2.886751345948129543 ) ) ;
#5499 = ORIENTED_EDGE ( 'NONE', *, *, #4028, .F. ) ;
#5500 = CARTESIAN_POINT ( 'NONE',  ( 2.439243258998337716, 0.9751288541026718049, 2.886751345948128655 ) ) ;
#5501 = CIRCLE ( 'NONE', #4769, 3.500000000000000000 ) ;
#5502 = SHAPE_DEFINITION_REPRESENTATION ( #674, #945 ) ;
#5503 = CARTESIAN_POINT ( 'NONE',  ( 231.0000000000000000, 3.673940397442060361E-16, -3.000000000000000444 ) ) ;
#5504 = DIRECTION ( 'NONE',  ( -0.000000000000000000, -0.000000000000000000, -1.000000000000000000 ) ) ;
#5505 = EDGE_LOOP ( 'NONE', ( #1960, #2276, #4058, #1743, #2075, #1241, #4044, #2347, #3825, #1576, #5634, #701, #4019, #4587, #4494, #907, #4810, #5449, #2968, #4669, #4565, #2292, #4040 ) ) ;
#5506 = DIRECTION ( 'NONE',  ( -1.000000000000000000, 0.000000000000000000, 0.000000000000000000 ) ) ;
#5507 = CARTESIAN_POINT ( 'NONE',  ( 236.2500000000000284, 1.763355756877422964, -2.427050983124845462 ) ) ;
#5508 = CARTESIAN_POINT ( 'NONE',  ( 3.243868850803426351, -1.925806656742537371, 2.886751345948129099 ) ) ;
#5509 = B_SPLINE_CURVE_WITH_KNOTS ( 'NONE', 3,
 ( #3083, #2224, #4705, #3001 ),
 .UNSPECIFIED., .F., .F.,
 ( 4, 4 ),
 ( 0.000000000000000000, 0.0001075221630916765349 ),
 .UNSPECIFIED. ) ;
#5510 = CARTESIAN_POINT ( 'NONE',  ( 146.5294372515226655, 18.49999999999981171, 0.000000000000000000 ) ) ;
#5511 = LINE ( 'NONE', #371, #4119 ) ;
#5512 = CARTESIAN_POINT ( 'NONE',  ( -3.000000000000000000, -5.000000000000000888, 2.886751345948130432 ) ) ;
#5513 = EDGE_LOOP ( 'NONE', ( #363, #4331 ) ) ;
#5514 = ORIENTED_EDGE ( 'NONE', *, *, #3654, .T. ) ;
#5515 = CARTESIAN_POINT ( 'NONE',  ( 226.0000000000000000, -1.500000000000000000, 5.773502691896260863 ) ) ;
#5516 = CARTESIAN_POINT ( 'NONE',  ( -9.250000000000015987, -1.763355756877416081, 2.427050983124845462 ) ) ;
#5517 = CARTESIAN_POINT ( 'NONE',  ( 5.636576828888136603, 1.664498793564392010, 3.886751345948129543 ) ) ;
#5518 = CARTESIAN_POINT ( 'NONE',  ( 235.6250000000000000, 0.6498393924658090182, 1.999999999999994893 ) ) ;
#5519 = CARTESIAN_POINT ( 'NONE',  ( 236.1250000000000000, 2.551952425056123186, -1.854101966249681155 ) ) ;
#5520 = CARTESIAN_POINT ( 'NONE',  ( -11.62500000000001421, 1.701301616704077535, -1.236067977499787363 ) ) ;
#5521 = CARTESIAN_POINT ( 'NONE',  ( 5.076626713085535592, -1.847348703317845509, 2.886751345948129543 ) ) ;
#5522 = DIRECTION ( 'NONE',  ( -1.000000000000000000, -0.000000000000000000, -0.000000000000000000 ) ) ;
#5523 = VERTEX_POINT ( 'NONE', #1738 ) ;
#5524 = DIRECTION ( 'NONE',  ( 0.000000000000000000, 0.000000000000000000, 1.000000000000000000 ) ) ;
#5525 = EDGE_CURVE ( 'NONE', #4799, #3621, #893, .T. ) ;
#5526 = EDGE_CURVE ( 'NONE', #1495, #971, #3250, .T. ) ;
#5527 = ADVANCED_FACE ( 'NONE', ( #4444 ), #3253, .T. ) ;
#5528 = EDGE_CURVE ( 'NONE', #3769, #3693, #1961, .T. ) ;
#5529 = DIRECTION ( 'NONE',  ( 0.000000000000000000, 0.8660254037844384856, -0.5000000000000002220 ) ) ;
#5530 = DIRECTION ( 'NONE',  ( -1.000000000000000000, 0.000000000000000000, 0.000000000000000000 ) ) ;
#5531 = VERTEX_POINT ( 'NONE', #2281 ) ;
#5532 = DIRECTION ( 'NONE',  ( 0.7071067811865444641, 0.7071067811865506814, 0.000000000000000000 ) ) ;
#5533 = ORIENTED_EDGE ( 'NONE', *, *, #878, .F. ) ;
#5534 = DIRECTION ( 'NONE',  ( 1.000000000000000000, 0.000000000000000000, 0.000000000000000000 ) ) ;
#5535 = DIRECTION ( 'NONE',  ( -1.000000000000000000, 0.000000000000000000, 0.000000000000000000 ) ) ;
#5536 = DIRECTION ( 'NONE',  ( 0.000000000000000000, -0.000000000000000000, 1.000000000000000000 ) ) ;
#5537 = DIRECTION ( 'NONE',  ( 0.000000000000000000, -1.000000000000000000, -4.336808689942023652E-16 ) ) ;
#5538 = ORIENTED_EDGE ( 'NONE', *, *, #589, .T. ) ;
#5539 = EDGE_LOOP ( 'NONE', ( #4289, #1084, #3924, #3456 ) ) ;
#5540 = CARTESIAN_POINT ( 'NONE',  ( 237.2500000000000284, 0.000000000000000000, 3.000000000000002665 ) ) ;
#5541 = CARTESIAN_POINT ( 'NONE',  ( -8.250000000000014211, 0.000000000000000000, -3.000000000000002665 ) ) ;
#5542 = DIRECTION ( 'NONE',  ( 0.000000000000000000, 0.000000000000000000, 1.000000000000000000 ) ) ;
#5543 = CARTESIAN_POINT ( 'NONE',  ( 225.0000000000000000, -0.5000000000000000000, 5.773502691896260863 ) ) ;
#5544 = CARTESIAN_POINT ( 'NONE',  ( 4.506699757803152906, -1.453263543866571750, 3.185810201376516826 ) ) ;
#5545 = ORIENTED_EDGE ( 'NONE', *, *, #2143, .T. ) ;
#5546 = CARTESIAN_POINT ( 'NONE',  ( 1.507002782345209901, -0.6468707484479403469, 3.502014054161017853 ) ) ;
#5547 = FACE_OUTER_BOUND ( 'NONE', #2015, .T. ) ;
#5548 = UNCERTAINTY_MEASURE_WITH_UNIT (LENGTH_MEASURE( 1.000000000000000082E-05 ), #3123, 'distance_accuracy_value', 'NONE');
#5549 = CARTESIAN_POINT ( 'NONE',  ( 4.115108808221823899, 0.8276913821979213770, 3.886751345948129543 ) ) ;
#5550 = CIRCLE ( 'NONE', #4367, 3.500000000000000000 ) ;
#5551 = FACE_OUTER_BOUND ( 'NONE', #2395, .T. ) ;
#5552 = ORIENTED_EDGE ( 'NONE', *, *, #3586, .T. ) ;
#5553 = CARTESIAN_POINT ( 'NONE',  ( 77.52943725152275078, 10.00000000000000355, 0.000000000000000000 ) ) ;
#5554 = COLOUR_RGB ( '',1.000000000000000000, 1.000000000000000000, 1.000000000000000000 ) ;
#5555 = VECTOR ( 'NONE', #925, 1000.000000000000000 ) ;
#5556 = CARTESIAN_POINT ( 'NONE',  ( 3.017308973664612815, 1.736575460501958990, 3.038807746876442284 ) ) ;
#5557 = EDGE_CURVE ( 'NONE', #4327, #2516, #5042, .T. ) ;
#5558 = DIRECTION ( 'NONE',  ( 1.000000000000000000, 0.000000000000000000, 0.000000000000000000 ) ) ;
#5559 = ORIENTED_EDGE ( 'NONE', *, *, #3652, .T. ) ;
#5560 = AXIS2_PLACEMENT_3D ( 'NONE', #4875, #5253, #4848 ) ;
#5561 = CARTESIAN_POINT ( 'NONE',  ( 1.453201123223626823, -0.2242194297453019847, 3.494757488364780507 ) ) ;
#5562 = VECTOR ( 'NONE', #2435, 1000.000000000000000 ) ;
#5563 = EDGE_CURVE ( 'NONE', #3015, #3509, #714, .T. ) ;
#5564 = CARTESIAN_POINT ( 'NONE',  ( 194.5398448916093628, -9.010407640085634995, 0.000000000000000000 ) ) ;
#5565 = DIRECTION ( 'NONE',  ( 0.000000000000000000, 0.000000000000000000, 1.000000000000000000 ) ) ;
#5566 = CARTESIAN_POINT ( 'NONE',  ( 232.6250000000000000, 1.701301616704077535, -1.236067977499787363 ) ) ;
#5567 = CARTESIAN_POINT ( 'NONE',  ( 2.326476882803317547, -1.013372646539442812, 3.363938717079706819 ) ) ;
#5568 = EDGE_LOOP ( 'NONE', ( #756, #3111, #1298, #2164, #5618, #2714, #4635, #214, #2928, #5347, #182, #2541 ) ) ;
#5569 = ORIENTED_EDGE ( 'NONE', *, *, #599, .F. ) ;
#5570 = CARTESIAN_POINT ( 'NONE',  ( 50.52943725152280052, 7.000000000000000000, 0.000000000000000000 ) ) ;
#5571 = CARTESIAN_POINT ( 'NONE',  ( -8.625000000000015987, -2.551952425056123186, -1.854101966249681155 ) ) ;
#5572 = AXIS2_PLACEMENT_3D ( 'NONE', #489, #3916, #3498 ) ;
#5573 = DIRECTION ( 'NONE',  ( 0.000000000000000000, -0.8660254037844384856, -0.5000000000000002220 ) ) ;
#5574 = CARTESIAN_POINT ( 'NONE',  ( -9.875000000000015987, 2.551952425056123186, 1.854101966249681155 ) ) ;
#5575 = CARTESIAN_POINT ( 'NONE',  ( 234.7500000000000000, 1.175570504584944054, -1.618033988749906227 ) ) ;
#5576 = VECTOR ( 'NONE', #2117, 1000.000000000000114 ) ;
#5577 = DIRECTION ( 'NONE',  ( -1.000000000000000000, 0.000000000000000000, 0.000000000000000000 ) ) ;
#5578 = DIRECTION ( 'NONE',  ( 0.000000000000000000, -1.000000000000000000, 0.000000000000000000 ) ) ;
#5579 = DIRECTION ( 'NONE',  ( 0.000000000000000000, -1.000000000000000000, -4.336808689942023159E-16 ) ) ;
#5580 = CARTESIAN_POINT ( 'NONE',  ( 3.672201171070419434, 1.673170877808689339, 2.886751345948128655 ) ) ;
#5581 = CARTESIAN_POINT ( 'NONE',  ( 3.807150001526345307, 1.096224346697500351, 2.886751345948130432 ) ) ;
#5582 = ORIENTED_EDGE ( 'NONE', *, *, #2890, .F. ) ;
#5583 = EDGE_CURVE ( 'NONE', #3908, #4084, #1423, .T. ) ;
#5584 = CARTESIAN_POINT ( 'NONE',  ( 2.117449253381264995, -0.5864247406415107333, 2.886751345948129543 ) ) ;
#5585 = B_SPLINE_CURVE_WITH_KNOTS ( 'NONE', 3,
 ( #4740, #4424, #3149, #2260, #4851, #4878, #910, #55, #2722, #3976, #963 ),
 .UNSPECIFIED., .F., .F.,
 ( 4, 1, 1, 1, 1, 1, 1, 1, 4 ),
 ( 0.000000000000000000, 0.1309998693238428602, 0.2577325762700041212, 0.3809035249995869066, 0.5028783754775412174, 0.6240265270923212038, 0.7469900894031399341, 0.8716403128095434605, 0.9999999999999998890 ),
 .UNSPECIFIED. ) ;
#5586 = CARTESIAN_POINT ( 'NONE',  ( 2.702298902842478423, -1.873383140063213714, 2.886751345948130432 ) ) ;
#5587 = VERTEX_POINT ( 'NONE', #1933 ) ;
#5588 = CARTESIAN_POINT ( 'NONE',  ( 155.0147186257611054, 11.48528137423873652, 0.000000000000000000 ) ) ;
#5589 = DIRECTION ( 'NONE',  ( -1.000000000000000000, 0.000000000000000000, -0.000000000000000000 ) ) ;
#5590 = DIRECTION ( 'NONE',  ( 0.000000000000000000, 0.000000000000000000, 1.000000000000000000 ) ) ;
#5591 = CARTESIAN_POINT ( 'NONE',  ( 236.8750000000000000, 0.9747590886987209657, 2.999999999999992450 ) ) ;
#5592 = FACE_OUTER_BOUND ( 'NONE', #304, .T. ) ;
#5593 = ORIENTED_EDGE ( 'NONE', *, *, #4830, .F. ) ;
#5594 = CARTESIAN_POINT ( 'NONE',  ( 186.4705627484778461, -2.999999999999999112, 0.000000000000000000 ) ) ;
#5595 = EDGE_CURVE ( 'NONE', #3541, #2784, #1987, .T. ) ;
#5596 = DIRECTION ( 'NONE',  ( 0.000000000000000000, 0.000000000000000000, 1.000000000000000000 ) ) ;
#5597 = EDGE_CURVE ( 'NONE', #5402, #787, #4022, .T. ) ;
#5598 = EDGE_CURVE ( 'NONE', #3621, #428, #5090, .T. ) ;
#5599 = CARTESIAN_POINT ( 'NONE',  ( -1.000000000000000000, 0.5000000000000000000, 3.773502691896260419 ) ) ;
#5600 = CARTESIAN_POINT ( 'NONE',  ( -9.750000000000014211, 1.763355756877422964, 2.427050983124845462 ) ) ;
#5601 = ORIENTED_EDGE ( 'NONE', *, *, #2143, .F. ) ;
#5602 = CARTESIAN_POINT ( 'NONE',  ( 234.1250000000000000, 2.551952425056123186, 1.854101966249681155 ) ) ;
#5603 = DIRECTION ( 'NONE',  ( 1.000000000000000000, 0.000000000000000000, 0.000000000000000000 ) ) ;
#5604 = DIRECTION ( 'NONE',  ( 0.000000000000000000, 0.000000000000000000, 1.000000000000000000 ) ) ;
#5605 = ORIENTED_EDGE ( 'NONE', *, *, #5004, .T. ) ;
#5606 = DIRECTION ( 'NONE',  ( 0.000000000000000000, 0.000000000000000000, 1.000000000000000000 ) ) ;
#5607 = CARTESIAN_POINT ( 'NONE',  ( 235.0000000000000284, -1.763355756877422964, 2.427050983124845462 ) ) ;
#5608 = ORIENTED_EDGE ( 'NONE', *, *, #295, .F. ) ;
#5609 = CARTESIAN_POINT ( 'NONE',  ( 2.280058566022663324, -0.9466430585581570023, 2.886751345948129543 ) ) ;
#5610 = CARTESIAN_POINT ( 'NONE',  ( 234.7500000000000000, 0.000000000000000000, 3.000000000000002665 ) ) ;
#5611 = CARTESIAN_POINT ( 'NONE',  ( 2.702298902842478423, -1.873383140063213714, 3.225519225871962714 ) ) ;
#5612 = ORIENTED_EDGE ( 'NONE', *, *, #3265, .F. ) ;
#5613 = DIRECTION ( 'NONE',  ( -0.000000000000000000, -0.000000000000000000, -1.000000000000000000 ) ) ;
#5614 = DIRECTION ( 'NONE',  ( 0.000000000000000000, -0.8660254037844384856, 0.5000000000000001110 ) ) ;
#5615 = CARTESIAN_POINT ( 'NONE',  ( -0.3431457505076260794, 0.000000000000000000, -2.000000000000000000 ) ) ;
#5616 = CARTESIAN_POINT ( 'NONE',  ( 235.0000000000000284, -2.853169548885460483, 0.9270509831248441301 ) ) ;
#5617 = CARTESIAN_POINT ( 'NONE',  ( 3.187262736602368918, -1.440792494516847766, 3.363938717079705931 ) ) ;
#5618 = ORIENTED_EDGE ( 'NONE', *, *, #2148, .F. ) ;
#5619 = CARTESIAN_POINT ( 'NONE',  ( 3.213362520040680792, 1.738519683011266137, 3.037688294278485301 ) ) ;
#5620 = CARTESIAN_POINT ( 'NONE',  ( -9.500000000000015987, 0.000000000000000000, 3.000000000000002665 ) ) ;
#5621 = CARTESIAN_POINT ( 'NONE',  ( 48.47056274847710711, -1.500000000000095479, 0.000000000000000000 ) ) ;
#5622 = CARTESIAN_POINT ( 'NONE',  ( 48.47056274847710711, 6.999999999999999112, 0.000000000000000000 ) ) ;
#5623 = AXIS2_PLACEMENT_3D ( 'NONE', #804, #5603, #1266 ) ;
#5624 = ORIENTED_EDGE ( 'NONE', *, *, #1620, .T. ) ;
#5625 = EDGE_CURVE ( 'NONE', #2041, #854, #101, .T. ) ;
#5626 = CARTESIAN_POINT ( 'NONE',  ( 1.474061140068517961, -0.4753931178125512247, 3.502014054161018297 ) ) ;
#5627 = LINE ( 'NONE', #1721, #5445 ) ;
#5628 = ADVANCED_FACE ( 'NONE', ( #614 ), #5417, .T. ) ;
#5629 = DIRECTION ( 'NONE',  ( -0.7071067811865447972, -0.7071067811865502373, 0.000000000000000000 ) ) ;
#5630 = ORIENTED_EDGE ( 'NONE', *, *, #4860, .F. ) ;
#5631 = CARTESIAN_POINT ( 'NONE',  ( 3.862881098065623853, 1.608513358063125898, 2.886751345948129543 ) ) ;
#5632 = VERTEX_POINT ( 'NONE', #3285 ) ;
#5633 = DIRECTION ( 'NONE',  ( -1.000000000000000000, 0.000000000000000000, 0.000000000000000000 ) ) ;
#5634 = ORIENTED_EDGE ( 'NONE', *, *, #5458, .T. ) ;
#5635 = PLANE ( 'NONE',  #1401 ) ;
#5636 = CARTESIAN_POINT ( 'NONE',  ( 233.2500000000000000, -1.763355756877416081, -2.427050983124845462 ) ) ;
#5637 = AXIS2_PLACEMENT_3D ( 'NONE', #1186, #1645, #1245 ) ;
#5638 = DIRECTION ( 'NONE',  ( -0.7071067811865503483, 0.000000000000000000, 0.7071067811865445751 ) ) ;
#5639 = VERTEX_POINT ( 'NONE', #3166 ) ;
#5640 = AXIS2_PLACEMENT_3D ( 'NONE', #2170, #3918, #1745 ) ;
#5641 = B_SPLINE_CURVE_WITH_KNOTS ( 'NONE', 3,
 ( #2493, #4288, #5166, #3862, #3805, #4314, #4654, #372, #2955, #2167, #3835 ),
 .UNSPECIFIED., .F., .F.,
 ( 4, 1, 1, 1, 1, 1, 1, 1, 4 ),
 ( 0.000000000000000000, 0.1312872099458925468, 0.2571509188796254897, 0.3806390202554611468, 0.5019545412869053091, 0.6224211404997465058, 0.7451393897480365069, 0.8703320054231776792, 1.000000000000000000 ),
 .UNSPECIFIED. ) ;
#5642 = LINE ( 'NONE', #3428, #3047 ) ;
#5643 = CIRCLE ( 'NONE', #2370, 3.500000000000000000 ) ;
#5644 = ORIENTED_EDGE ( 'NONE', *, *, #244, .F. ) ;
#5645 = LINE ( 'NONE', #3995, #3094 ) ;
#5646 = CARTESIAN_POINT ( 'NONE',  ( 236.0000000000000284, 0.000000000000000000, 2.000000000000001776 ) ) ;
#5647 = FACE_OUTER_BOUND ( 'NONE', #66, .T. ) ;
#5648 = AXIS2_PLACEMENT_3D ( 'NONE', #626, #4117, #2704 ) ;
#5649 = DIRECTION ( 'NONE',  ( 0.000000000000000000, 0.000000000000000000, 1.000000000000000000 ) ) ;
#5650 = ORIENTED_EDGE ( 'NONE', *, *, #177, .T. ) ;
#5651 = AXIS2_PLACEMENT_3D ( 'NONE', #2841, #134, #4478 ) ;
#5652 = ADVANCED_FACE ( 'NONE', ( #2715 ), #2365, .T. ) ;
#5653 = CARTESIAN_POINT ( 'NONE',  ( 3.142990511410849397, 1.739325089662735468, 2.886751345948129543 ) ) ;
#5654 = DIRECTION ( 'NONE',  ( -1.000000000000000000, 0.000000000000000000, 0.000000000000000000 ) ) ;
#5655 = CARTESIAN_POINT ( 'NONE',  ( 0.000000000000000000, 0.000000000000000000, 2.886751345948129543 ) ) ;
#5656 = CARTESIAN_POINT ( 'NONE',  ( 77.52943725152275078, 10.00000000000000355, 3.500000000000000000 ) ) ;
#5657 = VERTEX_POINT ( 'NONE', #4471 ) ;
ENDSEC;
END-ISO-10303-21;
