ISO-10303-21;
HEADER;
FILE_DESCRIPTION (( 'STEP AP214' ),
    '1' );
FILE_NAME ('vertical_holder_mirror.STEP',
    '2026-07-07T16:31:41',
    ( '' ),
    ( '' ),
    'SwSTEP 2.0',
    'SolidWorks 2026',
    '' );
FILE_SCHEMA (( 'AUTOMOTIVE_DESIGN' ));
ENDSEC;

DATA;
#1 = CIRCLE ( 'NONE', #529, 3.250000000000002665 ) ;
#2 = ORIENTED_EDGE ( 'NONE', *, *, #2149, .F. ) ;
#3 = LINE ( 'NONE', #3641, #1112 ) ;
#4 = DIRECTION ( 'NONE',  ( -0.000000000000000000, -0.000000000000000000, -1.000000000000000000 ) ) ;
#5 = ORIENTED_EDGE ( 'NONE', *, *, #919, .F. ) ;
#6 = CARTESIAN_POINT ( 'NONE',  ( -7.849999999999978328, 65.02664611367345060, 0.000000000000000000 ) ) ;
#7 = VERTEX_POINT ( 'NONE', #1380 ) ;
#8 = DIRECTION ( 'NONE',  ( -0.000000000000000000, -0.000000000000000000, 1.000000000000000000 ) ) ;
#9 = ORIENTED_EDGE ( 'NONE', *, *, #3864, .T. ) ;
#10 = LINE ( 'NONE', #3670, #3639 ) ;
#11 = DIRECTION ( 'NONE',  ( 0.5000000000000029976, 0.8660254037844369313, 0.000000000000000000 ) ) ;
#12 = ORIENTED_EDGE ( 'NONE', *, *, #3353, .T. ) ;
#13 = LINE ( 'NONE', #1849, #172 ) ;
#14 = EDGE_CURVE ( 'NONE', #1665, #2511, #2609, .T. ) ;
#15 = ORIENTED_EDGE ( 'NONE', *, *, #1832, .T. ) ;
#16 = EDGE_CURVE ( 'NONE', #1550, #3262, #3152, .T. ) ;
#17 = VERTEX_POINT ( 'NONE', #3463 ) ;
#18 = DIRECTION ( 'NONE',  ( 0.000000000000000000, -1.000000000000000000, 0.000000000000000000 ) ) ;
#19 = CARTESIAN_POINT ( 'NONE',  ( 92.09999999999999432, -79.40000000000001990, -10.00000000000000000 ) ) ;
#20 = EDGE_LOOP ( 'NONE', ( #3514, #394, #1010, #3674 ) ) ;
#21 = ORIENTED_EDGE ( 'NONE', *, *, #3933, .T. ) ;
#22 = LINE ( 'NONE', #2260, #3031 ) ;
#23 = EDGE_CURVE ( 'NONE', #150, #1619, #1230, .T. ) ;
#24 = CARTESIAN_POINT ( 'NONE',  ( -15.49999999999998757, -80.00000000000001421, -2.999999999999993783 ) ) ;
#25 = AXIS2_PLACEMENT_3D ( 'NONE', #3642, #908, #3359 ) ;
#26 = ORIENTED_EDGE ( 'NONE', *, *, #3277, .T. ) ;
#27 = VECTOR ( 'NONE', #1505, 1000.000000000000114 ) ;
#28 = CARTESIAN_POINT ( 'NONE',  ( 27.50000000000003553, 66.65803263805835854, -1.000000000000000000 ) ) ;
#29 = ORIENTED_EDGE ( 'NONE', *, *, #572, .F. ) ;
#30 = FACE_OUTER_BOUND ( 'NONE', #578, .T. ) ;
#31 = VECTOR ( 'NONE', #2826, 1000.000000000000114 ) ;
#32 = EDGE_LOOP ( 'NONE', ( #3606, #3675, #1978, #3449 ) ) ;
#33 = CARTESIAN_POINT ( 'NONE',  ( 12.99999999999999467, 40.94670777265317696, 0.000000000000000000 ) ) ;
#34 = VECTOR ( 'NONE', #2766, 1000.000000000000000 ) ;
#35 = DIRECTION ( 'NONE',  ( 0.000000000000000000, 0.000000000000000000, 1.000000000000000000 ) ) ;
#36 = ORIENTED_EDGE ( 'NONE', *, *, #3210, .T. ) ;
#37 = CARTESIAN_POINT ( 'NONE',  ( -2.099999999999956124, -80.00000000000001421, 24.40000000000004121 ) ) ;
#38 = AXIS2_PLACEMENT_3D ( 'NONE', #1210, #2741, #2123 ) ;
#39 = EDGE_CURVE ( 'NONE', #3792, #3973, #2657, .T. ) ;
#40 = ORIENTED_EDGE ( 'NONE', *, *, #740, .F. ) ;
#41 = VERTEX_POINT ( 'NONE', #2450 ) ;
#42 = CARTESIAN_POINT ( 'NONE',  ( 21.85000000000000497, 72.02664611367329428, -3.000000000000000000 ) ) ;
#43 = DIRECTION ( 'NONE',  ( -0.000000000000000000, 1.000000000000000000, -0.000000000000000000 ) ) ;
#44 = ORIENTED_EDGE ( 'NONE', *, *, #39, .F. ) ;
#45 = ORIENTED_EDGE ( 'NONE', *, *, #639, .F. ) ;
#46 = CARTESIAN_POINT ( 'NONE',  ( 27.00000000000002487, 66.94670777265318407, -3.000000000000000000 ) ) ;
#47 = DIRECTION ( 'NONE',  ( -0.000000000000000000, -1.000000000000000000, 0.000000000000000000 ) ) ;
#48 = VERTEX_POINT ( 'NONE', #604 ) ;
#49 = ADVANCED_FACE ( 'NONE', ( #1844 ), #492, .F. ) ;
#50 = CARTESIAN_POINT ( 'NONE',  ( 27.00000000000001066, 69.05329222734671646, -3.000000000000000000 ) ) ;
#51 = VECTOR ( 'NONE', #1888, 1000.000000000000000 ) ;
#52 = EDGE_LOOP ( 'NONE', ( #766, #1991, #179, #728 ) ) ;
#53 = CYLINDRICAL_SURFACE ( 'NONE', #253, 2.249999999999996003 ) ;
#54 = EDGE_CURVE ( 'NONE', #2678, #1283, #2060, .T. ) ;
#55 = AXIS2_PLACEMENT_3D ( 'NONE', #583, #2138, #3079 ) ;
#56 = ORIENTED_EDGE ( 'NONE', *, *, #276, .F. ) ;
#57 = CARTESIAN_POINT ( 'NONE',  ( 7.849999999999997868, 32.02664611367345771, -3.000000000000000000 ) ) ;
#58 = DIRECTION ( 'NONE',  ( 0.8660254037844369313, -0.5000000000000029976, 0.000000000000000000 ) ) ;
#59 = ORIENTED_EDGE ( 'NONE', *, *, #356, .T. ) ;
#60 = CARTESIAN_POINT ( 'NONE',  ( 32.15000000000001279, 63.97335388632660624, 0.000000000000000000 ) ) ;
#61 = DIRECTION ( 'NONE',  ( -1.000000000000000000, 0.000000000000000000, 0.000000000000000000 ) ) ;
#62 = CARTESIAN_POINT ( 'NONE',  ( 26.99999999999999645, 80.94670777265299932, -3.000000000000000000 ) ) ;
#63 = VECTOR ( 'NONE', #1132, 1000.000000000000000 ) ;
#64 = EDGE_CURVE ( 'NONE', #1450, #3645, #533, .T. ) ;
#65 = EDGE_CURVE ( 'NONE', #3215, #3741, #296, .T. ) ;
#66 = ORIENTED_EDGE ( 'NONE', *, *, #16, .T. ) ;
#67 = AXIS2_PLACEMENT_3D ( 'NONE', #2551, #2505, #3767 ) ;
#68 = ORIENTED_EDGE ( 'NONE', *, *, #1757, .F. ) ;
#69 = DIRECTION ( 'NONE',  ( -0.000000000000000000, -0.000000000000000000, 1.000000000000000000 ) ) ;
#70 = FACE_OUTER_BOUND ( 'NONE', #3811, .T. ) ;
#71 = ORIENTED_EDGE ( 'NONE', *, *, #2093, .F. ) ;
#72 = ORIENTED_EDGE ( 'NONE', *, *, #3762, .T. ) ;
#73 = EDGE_CURVE ( 'NONE', #1926, #1448, #1, .T. ) ;
#74 = LINE ( 'NONE', #1880, #2879 ) ;
#75 = ADVANCED_FACE ( 'NONE', ( #2367 ), #2068, .T. ) ;
#76 = VERTEX_POINT ( 'NONE', #258 ) ;
#77 = CARTESIAN_POINT ( 'NONE',  ( -17.50000000000000000, 63.00000000000004263, -6.000000000000000000 ) ) ;
#78 = ORIENTED_EDGE ( 'NONE', *, *, #3425, .F. ) ;
#79 = DIRECTION ( 'NONE',  ( 0.7071067811865490160, -0.7071067811865460184, 0.000000000000000000 ) ) ;
#80 = ORIENTED_EDGE ( 'NONE', *, *, #1054, .F. ) ;
#81 = EDGE_CURVE ( 'NONE', #2990, #1860, #3572, .T. ) ;
#82 = CARTESIAN_POINT ( 'NONE',  ( 23.74999999999999289, 74.99999999999984368, -6.000000000000000000 ) ) ;
#83 = FACE_BOUND ( 'NONE', #1697, .T. ) ;
#84 = VERTEX_POINT ( 'NONE', #3037 ) ;
#85 = CARTESIAN_POINT ( 'NONE',  ( 30.25000000000001421, 74.99999999999984368, -6.000000000000000000 ) ) ;
#86 = ORIENTED_EDGE ( 'NONE', *, *, #2153, .F. ) ;
#87 = CARTESIAN_POINT ( 'NONE',  ( -7.849999999999978328, 70.97335388632660624, -3.000000000000000000 ) ) ;
#88 = ORIENTED_EDGE ( 'NONE', *, *, #3505, .T. ) ;
#89 = CARTESIAN_POINT ( 'NONE',  ( 27.00000000000001066, 69.05329222734671646, -3.000000000000000000 ) ) ;
#90 = VERTEX_POINT ( 'NONE', #3306 ) ;
#91 = PRODUCT_DEFINITION_SHAPE ( 'NONE', 'NONE',  #700 ) ;
#92 = ORIENTED_EDGE ( 'NONE', *, *, #408, .T. ) ;
#93 = DIRECTION ( 'NONE',  ( 0.000000000000000000, 1.000000000000000000, 0.000000000000000000 ) ) ;
#94 = LINE ( 'NONE', #1008, #3618 ) ;
#95 = ORIENTED_EDGE ( 'NONE', *, *, #2993, .F. ) ;
#96 = ORIENTED_EDGE ( 'NONE', *, *, #727, .F. ) ;
#97 = LINE ( 'NONE', #395, #2174 ) ;
#98 = LINE ( 'NONE', #2245, #3846 ) ;
#99 = ORIENTED_EDGE ( 'NONE', *, *, #3960, .T. ) ;
#100 = VECTOR ( 'NONE', #2484, 1000.000000000000000 ) ;
#101 = CARTESIAN_POINT ( 'NONE',  ( 63.59999999999993747, -80.00000000000001421, 19.74999999999999645 ) ) ;
#102 = PRESENTATION_STYLE_ASSIGNMENT (( #1059 ) ) ;
#103 = AXIS2_PLACEMENT_3D ( 'NONE', #944, #3016, #252 ) ;
#104 = CARTESIAN_POINT ( 'NONE',  ( 28.76986372867090580, 49.83086570489112432, -1.000000000000000000 ) ) ;
#105 = ADVANCED_FACE ( 'NONE', ( #542 ), #2986, .F. ) ;
#106 = ORIENTED_EDGE ( 'NONE', *, *, #3007, .T. ) ;
#107 = DIRECTION ( 'NONE',  ( 0.000000000000000000, 0.000000000000000000, -1.000000000000000000 ) ) ;
#108 = PLANE ( 'NONE',  #2144 ) ;
#109 = VECTOR ( 'NONE', #1901, 1000.000000000000000 ) ;
#110 = ORIENTED_EDGE ( 'NONE', *, *, #2764, .T. ) ;
#111 = PLANE ( 'NONE',  #586 ) ;
#112 = DIRECTION ( 'NONE',  ( -1.000000000000000000, 0.000000000000000000, 0.000000000000000000 ) ) ;
#113 = ORIENTED_EDGE ( 'NONE', *, *, #120, .F. ) ;
#114 = VERTEX_POINT ( 'NONE', #838 ) ;
#115 = DIRECTION ( 'NONE',  ( 0.000000000000000000, -1.000000000000000000, 0.000000000000000000 ) ) ;
#116 = DIRECTION ( 'NONE',  ( -0.000000000000000000, -1.000000000000000000, 0.000000000000000000 ) ) ;
#117 = EDGE_CURVE ( 'NONE', #2012, #48, #1453, .T. ) ;
#118 = CYLINDRICAL_SURFACE ( 'NONE', #3851, 4.250000000000003553 ) ;
#119 = CARTESIAN_POINT ( 'NONE',  ( 12.50000000000001776, 90.65803263805835854, 0.000000000000000000 ) ) ;
#120 = EDGE_CURVE ( 'NONE', #174, #2251, #3625, .T. ) ;
#121 = DIRECTION ( 'NONE',  ( -0.7071067811865470176, 0.7071067811865479058, 0.000000000000000000 ) ) ;
#122 = ORIENTED_EDGE ( 'NONE', *, *, #3541, .T. ) ;
#123 = VECTOR ( 'NONE', #1773, 1000.000000000000000 ) ;
#124 = ORIENTED_EDGE ( 'NONE', *, *, #968, .F. ) ;
#125 = DIRECTION ( 'NONE',  ( -1.000000000000000000, -0.000000000000000000, 0.000000000000000000 ) ) ;
#126 = ADVANCED_FACE ( 'NONE', ( #2966 ), #2426, .F. ) ;
#127 = DIRECTION ( 'NONE',  ( -0.000000000000000000, -0.000000000000000000, 1.000000000000000000 ) ) ;
#128 = ORIENTED_EDGE ( 'NONE', *, *, #848, .T. ) ;
#129 = EDGE_CURVE ( 'NONE', #2082, #2947, #2051, .T. ) ;
#130 = VECTOR ( 'NONE', #2688, 1000.000000000000000 ) ;
#131 = CARTESIAN_POINT ( 'NONE',  ( 18.14999999999999503, 32.02664611367345771, -3.000000000000000000 ) ) ;
#132 = DIRECTION ( 'NONE',  ( -0.000000000000000000, -0.000000000000000000, 1.000000000000000000 ) ) ;
#133 = CARTESIAN_POINT ( 'NONE',  ( 83.50000000000000000, 74.24999999999987210, -5.999999999999998224 ) ) ;
#134 = AXIS2_PLACEMENT_3D ( 'NONE', #1691, #817, #2921 ) ;
#135 = ORIENTED_EDGE ( 'NONE', *, *, #650, .T. ) ;
#136 = ORIENTED_EDGE ( 'NONE', *, *, #3671, .T. ) ;
#137 = PLANE ( 'NONE',  #3856 ) ;
#138 = CYLINDRICAL_SURFACE ( 'NONE', #1602, 5.000000000000000888 ) ;
#139 = VERTEX_POINT ( 'NONE', #3288 ) ;
#140 = CARTESIAN_POINT ( 'NONE',  ( 83.50000000000000000, 73.74999999999985789, -5.999999999999998224 ) ) ;
#141 = DIRECTION ( 'NONE',  ( 0.000000000000000000, 1.000000000000000000, 0.000000000000000000 ) ) ;
#142 =( NAMED_UNIT ( * ) PLANE_ANGLE_UNIT ( ) SI_UNIT ( $, .RADIAN. ) );
#143 = ORIENTED_EDGE ( 'NONE', *, *, #2843, .T. ) ;
#144 = VERTEX_POINT ( 'NONE', #2682 ) ;
#145 = LINE ( 'NONE', #1378, #1778 ) ;
#146 = ORIENTED_EDGE ( 'NONE', *, *, #756, .T. ) ;
#147 = DIRECTION ( 'NONE',  ( -0.000000000000000000, -0.000000000000000000, 1.000000000000000000 ) ) ;
#148 = ORIENTED_EDGE ( 'NONE', *, *, #3203, .F. ) ;
#149 = VERTEX_POINT ( 'NONE', #1766 ) ;
#150 = VERTEX_POINT ( 'NONE', #3005 ) ;
#151 = CARTESIAN_POINT ( 'NONE',  ( 32.14999999999999858, 72.02664611367326586, -3.000000000000000000 ) ) ;
#152 = ORIENTED_EDGE ( 'NONE', *, *, #81, .F. ) ;
#153 = CARTESIAN_POINT ( 'NONE',  ( 12.00000000000000178, 83.00000000000002842, -6.000000000000000000 ) ) ;
#154 = VERTEX_POINT ( 'NONE', #3917 ) ;
#155 = PRODUCT_RELATED_PRODUCT_CATEGORY ( 'part', '', ( #1312 ) ) ;
#156 = ORIENTED_EDGE ( 'NONE', *, *, #1023, .F. ) ;
#157 = ORIENTED_EDGE ( 'NONE', *, *, #3634, .T. ) ;
#158 = ADVANCED_FACE ( 'NONE', ( #1172 ), #2392, .F. ) ;
#159 = DIRECTION ( 'NONE',  ( 0.000000000000000000, 0.000000000000000000, 1.000000000000000000 ) ) ;
#160 = DIRECTION ( 'NONE',  ( 0.000000000000000000, 0.000000000000000000, -1.000000000000000000 ) ) ;
#161 = EDGE_LOOP ( 'NONE', ( #480, #1963, #1438, #410 ) ) ;
#162 = CARTESIAN_POINT ( 'NONE',  ( 79.25000000000000000, 73.74999999999985789, -42.34528855298850658 ) ) ;
#163 = ORIENTED_EDGE ( 'NONE', *, *, #1622, .T. ) ;
#164 = CARTESIAN_POINT ( 'NONE',  ( 32.15000000000001279, 58.02664611367345771, -3.000000000000000000 ) ) ;
#165 = CARTESIAN_POINT ( 'NONE',  ( -13.00000000000000000, 113.0000000000000284, -3.000000000000000000 ) ) ;
#166 = CIRCLE ( 'NONE', #1194, 3.250000000000002665 ) ;
#167 = LINE ( 'NONE', #1753, #3408 ) ;
#168 = VECTOR ( 'NONE', #195, 1000.000000000000000 ) ;
#169 = VERTEX_POINT ( 'NONE', #851 ) ;
#170 = CARTESIAN_POINT ( 'NONE',  ( -9.749999999999982236, 68.00000000000002842, -6.000000000000000000 ) ) ;
#171 = LINE ( 'NONE', #1063, #888 ) ;
#172 = VECTOR ( 'NONE', #3145, 1000.000000000000000 ) ;
#173 = EDGE_CURVE ( 'NONE', #2564, #2587, #2700, .T. ) ;
#174 = VERTEX_POINT ( 'NONE', #2394 ) ;
#175 = PLANE ( 'NONE',  #2655 ) ;
#176 = CARTESIAN_POINT ( 'NONE',  ( 12.00000000000000178, 83.00000000000002842, -6.000000000000000000 ) ) ;
#177 = VECTOR ( 'NONE', #1854, 1000.000000000000000 ) ;
#178 = ORIENTED_EDGE ( 'NONE', *, *, #3659, .F. ) ;
#179 = ORIENTED_EDGE ( 'NONE', *, *, #2843, .F. ) ;
#180 = LINE ( 'NONE', #1409, #1740 ) ;
#181 = EDGE_CURVE ( 'NONE', #3148, #831, #3575, .T. ) ;
#182 = ORIENTED_EDGE ( 'NONE', *, *, #2452, .T. ) ;
#183 = CARTESIAN_POINT ( 'NONE',  ( 7.849999999999997868, 37.97335388632660624, -3.000000000000000000 ) ) ;
#184 = ORIENTED_EDGE ( 'NONE', *, *, #547, .F. ) ;
#185 = VECTOR ( 'NONE', #1214, 1000.000000000000000 ) ;
#186 = DIRECTION ( 'NONE',  ( -0.000000000000000000, -1.000000000000000000, -0.000000000000000000 ) ) ;
#187 = EDGE_CURVE ( 'NONE', #169, #1690, #579, .T. ) ;
#188 = FACE_OUTER_BOUND ( 'NONE', #933, .T. ) ;
#189 = CARTESIAN_POINT ( 'NONE',  ( 85.09999999999998010, -80.00000000000001421, -2.999999999999995559 ) ) ;
#190 = ORIENTED_EDGE ( 'NONE', *, *, #2854, .F. ) ;
#191 = CARTESIAN_POINT ( 'NONE',  ( -1.499999999999997780, -79.40000000000004832, 25.00000000000000000 ) ) ;
#192 = VERTEX_POINT ( 'NONE', #875 ) ;
#193 = FACE_OUTER_BOUND ( 'NONE', #3252, .T. ) ;
#194 = AXIS2_PLACEMENT_3D ( 'NONE', #3235, #3794, #3774 ) ;
#195 = DIRECTION ( 'NONE',  ( 0.000000000000000000, -1.000000000000000000, 0.000000000000000000 ) ) ;
#196 = AXIS2_PLACEMENT_3D ( 'NONE', #1805, #3041, #279 ) ;
#197 = CARTESIAN_POINT ( 'NONE',  ( -13.00000000000000000, 113.0000000000000284, -6.000000000000000000 ) ) ;
#198 = ORIENTED_EDGE ( 'NONE', *, *, #2787, .F. ) ;
#199 = FACE_OUTER_BOUND ( 'NONE', #2489, .T. ) ;
#200 = EDGE_LOOP ( 'NONE', ( #3400, #459, #3186, #157 ) ) ;
#201 = VECTOR ( 'NONE', #3936, 1000.000000000000000 ) ;
#202 = ORIENTED_EDGE ( 'NONE', *, *, #254, .F. ) ;
#203 = LINE ( 'NONE', #3268, #2442 ) ;
#204 = FACE_OUTER_BOUND ( 'NONE', #1618, .T. ) ;
#205 = CIRCLE ( 'NONE', #3980, 9.999999999999994671 ) ;
#206 = ADVANCED_FACE ( 'NONE', ( #841 ), #2101, .F. ) ;
#207 = LINE ( 'NONE', #1729, #1858 ) ;
#208 = ORIENTED_EDGE ( 'NONE', *, *, #1556, .F. ) ;
#209 = DIRECTION ( 'NONE',  ( -0.8660254037844387076, 0.4999999999999999445, 0.000000000000000000 ) ) ;
#210 = LINE ( 'NONE', #1439, #123 ) ;
#211 = CARTESIAN_POINT ( 'NONE',  ( 32.15000000000001279, 58.02664611367345771, -3.000000000000000000 ) ) ;
#212 = ADVANCED_FACE ( 'NONE', ( #1749 ), #3879, .F. ) ;
#213 = CARTESIAN_POINT ( 'NONE',  ( 21.85000000000000497, 77.97335388632643571, -1.000000000000000000 ) ) ;
#214 = EDGE_CURVE ( 'NONE', #3595, #90, #241, .T. ) ;
#215 = DIRECTION ( 'NONE',  ( 0.000000000000000000, -1.000000000000000000, 0.000000000000000000 ) ) ;
#216 = LINE ( 'NONE', #2956, #250 ) ;
#217 = VECTOR ( 'NONE', #3773, 1000.000000000000114 ) ;
#218 = DIRECTION ( 'NONE',  ( -0.000000000000000000, -0.000000000000000000, 1.000000000000000000 ) ) ;
#219 = DIRECTION ( 'NONE',  ( -0.8660254037844381525, 0.5000000000000006661, 0.000000000000000000 ) ) ;
#220 = PLANE ( 'NONE',  #550 ) ;
#221 = DIRECTION ( 'NONE',  ( 1.000000000000000000, 0.000000000000000000, 0.000000000000000000 ) ) ;
#222 = EDGE_LOOP ( 'NONE', ( #1498, #1119, #1638, #182 ) ) ;
#223 = CARTESIAN_POINT ( 'NONE',  ( 27.00000000000002487, 66.94670777265318407, -3.000000000000000000 ) ) ;
#224 = DIRECTION ( 'NONE',  ( -1.000000000000000000, -0.000000000000000000, 0.000000000000000000 ) ) ;
#225 = DIRECTION ( 'NONE',  ( -1.000000000000000000, 0.000000000000000000, 0.000000000000000000 ) ) ;
#226 = DIRECTION ( 'NONE',  ( 0.8660254037844383745, -0.5000000000000004441, 0.000000000000000000 ) ) ;
#227 = VECTOR ( 'NONE', #1202, 1000.000000000000227 ) ;
#228 = DIRECTION ( 'NONE',  ( 1.000000000000000000, 0.000000000000000000, 0.000000000000000000 ) ) ;
#229 = DIRECTION ( 'NONE',  ( -0.8660254037844380415, -0.5000000000000009992, -0.000000000000000000 ) ) ;
#230 = EDGE_CURVE ( 'NONE', #961, #3918, #2369, .T. ) ;
#231 = VECTOR ( 'NONE', #3260, 1000.000000000000114 ) ;
#232 = ORIENTED_EDGE ( 'NONE', *, *, #1681, .F. ) ;
#233 = PLANE ( 'NONE',  #3776 ) ;
#234 = PLANE ( 'NONE',  #824 ) ;
#235 = AXIS2_PLACEMENT_3D ( 'NONE', #1826, #607, #940 ) ;
#236 = ORIENTED_EDGE ( 'NONE', *, *, #3896, .T. ) ;
#237 = CIRCLE ( 'NONE', #1263, 2.249999999999995115 ) ;
#238 = CARTESIAN_POINT ( 'NONE',  ( 75.00000000000000000, 73.74999999999985789, -42.34528855298850658 ) ) ;
#239 = LINE ( 'NONE', #2048, #2736 ) ;
#240 = ORIENTED_EDGE ( 'NONE', *, *, #1111, .T. ) ;
#241 = LINE ( 'NONE', #2707, #201 ) ;
#242 = VERTEX_POINT ( 'NONE', #860 ) ;
#243 = CARTESIAN_POINT ( 'NONE',  ( 27.49999999999999645, 82.65803263805820222, -1.000000000000000000 ) ) ;
#244 = EDGE_CURVE ( 'NONE', #3366, #3262, #1435, .T. ) ;
#245 = FACE_OUTER_BOUND ( 'NONE', #3825, .T. ) ;
#246 = ADVANCED_FACE ( 'NONE', ( #3919, #2409 ), #1455, .T. ) ;
#247 = LINE ( 'NONE', #3558, #593 ) ;
#248 = DIRECTION ( 'NONE',  ( 0.000000000000000000, 0.8944271909999158554, -0.4472135954999579277 ) ) ;
#249 = EDGE_CURVE ( 'NONE', #114, #375, #3023, .T. ) ;
#250 = VECTOR ( 'NONE', #3801, 1000.000000000000000 ) ;
#251 = DIRECTION ( 'NONE',  ( 0.8290375725550407360, 0.5591929034707484591, 0.000000000000000000 ) ) ;
#252 = DIRECTION ( 'NONE',  ( 0.000000000000000000, 0.000000000000000000, 1.000000000000000000 ) ) ;
#253 = AXIS2_PLACEMENT_3D ( 'NONE', #1034, #1329, #3226 ) ;
#254 = EDGE_CURVE ( 'NONE', #2559, #2990, #2724, .T. ) ;
#255 = PLANE ( 'NONE',  #1613 ) ;
#256 = DIRECTION ( 'NONE',  ( -0.000000000000000000, 1.000000000000000000, -0.000000000000000000 ) ) ;
#257 = APPLICATION_PROTOCOL_DEFINITION ( 'draft international standard', 'automotive_design', 1998, #1358 ) ;
#258 = CARTESIAN_POINT ( 'NONE',  ( -13.49999999999998046, 75.65803263805838696, -1.000000000000000000 ) ) ;
#259 = ORIENTED_EDGE ( 'NONE', *, *, #588, .F. ) ;
#260 = DIRECTION ( 'NONE',  ( -0.7071067811865490160, 0.7071067811865460184, 0.000000000000000000 ) ) ;
#261 = VECTOR ( 'NONE', #260, 1000.000000000000114 ) ;
#262 = DIRECTION ( 'NONE',  ( 0.000000000000000000, 0.000000000000000000, -1.000000000000000000 ) ) ;
#263 = FACE_OUTER_BOUND ( 'NONE', #3727, .T. ) ;
#264 = AXIS2_PLACEMENT_3D ( 'NONE', #77, #1606, #3491 ) ;
#265 = VECTOR ( 'NONE', #907, 1000.000000000000000 ) ;
#266 = DIRECTION ( 'NONE',  ( 0.000000000000000000, 0.000000000000000000, 1.000000000000000000 ) ) ;
#267 = FACE_OUTER_BOUND ( 'NONE', #3319, .T. ) ;
#268 = LINE ( 'NONE', #2112, #287 ) ;
#269 = CIRCLE ( 'NONE', #2914, 4.250000000000003553 ) ;
#270 = EDGE_LOOP ( 'NONE', ( #106, #2687, #2494, #2368, #2721 ) ) ;
#271 = FACE_BOUND ( 'NONE', #1703, .T. ) ;
#272 = CARTESIAN_POINT ( 'NONE',  ( -12.99999999999998401, 68.00000000000002842, -6.000000000000000000 ) ) ;
#273 = EDGE_CURVE ( 'NONE', #3119, #1107, #1411, .T. ) ;
#274 = CARTESIAN_POINT ( 'NONE',  ( 18.14999999999999503, 32.02664611367345771, 0.000000000000000000 ) ) ;
#275 = ORIENTED_EDGE ( 'NONE', *, *, #2696, .T. ) ;
#276 = EDGE_CURVE ( 'NONE', #2606, #2334, #207, .T. ) ;
#277 = EDGE_LOOP ( 'NONE', ( #379, #976, #330, #429 ) ) ;
#278 = PLANE ( 'NONE',  #2061 ) ;
#279 = DIRECTION ( 'NONE',  ( 0.000000000000000000, 0.000000000000000000, 1.000000000000000000 ) ) ;
#280 = CARTESIAN_POINT ( 'NONE',  ( -12.99999999999997868, 118.9467077726531556, 0.000000000000000000 ) ) ;
#281 = DIRECTION ( 'NONE',  ( -0.000000000000000000, -1.000000000000000000, 0.000000000000000000 ) ) ;
#282 = LINE ( 'NONE', #3656, #2877 ) ;
#283 = LINE ( 'NONE', #2851, #2683 ) ;
#284 = EDGE_CURVE ( 'NONE', #1930, #3220, #751, .T. ) ;
#285 = VECTOR ( 'NONE', #2959, 1000.000000000000114 ) ;
#286 = ORIENTED_EDGE ( 'NONE', *, *, #569, .F. ) ;
#287 = VECTOR ( 'NONE', #3929, 1000.000000000000000 ) ;
#288 = CARTESIAN_POINT ( 'NONE',  ( -7.849999999999996092, 115.9733538863265920, -3.000000000000000000 ) ) ;
#289 = CARTESIAN_POINT ( 'NONE',  ( 7.849999999999997868, 37.97335388632660624, 0.000000000000000000 ) ) ;
#290 = VECTOR ( 'NONE', #1931, 1000.000000000000000 ) ;
#291 = ORIENTED_EDGE ( 'NONE', *, *, #254, .T. ) ;
#292 = EDGE_CURVE ( 'NONE', #2587, #2126, #3478, .T. ) ;
#293 = DIRECTION ( 'NONE',  ( -0.000000000000000000, -0.000000000000000000, -1.000000000000000000 ) ) ;
#294 = VERTEX_POINT ( 'NONE', #2646 ) ;
#295 = DIRECTION ( 'NONE',  ( 0.000000000000000000, 0.000000000000000000, -1.000000000000000000 ) ) ;
#296 = LINE ( 'NONE', #1213, #3479 ) ;
#297 = EDGE_CURVE ( 'NONE', #3176, #1053, #772, .T. ) ;
#298 = DIRECTION ( 'NONE',  ( 0.000000000000000000, -1.000000000000000000, 0.000000000000000000 ) ) ;
#299 = ORIENTED_EDGE ( 'NONE', *, *, #2459, .F. ) ;
#300 = CARTESIAN_POINT ( 'NONE',  ( 79.25000000000000000, 60.89999999999987068, -6.000000000000005329 ) ) ;
#301 = ORIENTED_EDGE ( 'NONE', *, *, #2517, .F. ) ;
#302 = ORIENTED_EDGE ( 'NONE', *, *, #2125, .T. ) ;
#303 = CARTESIAN_POINT ( 'NONE',  ( -7.849999999999996092, 110.0266461136734506, 0.000000000000000000 ) ) ;
#304 = DIRECTION ( 'NONE',  ( 1.000000000000000000, 0.000000000000000000, 0.000000000000000000 ) ) ;
#305 = ORIENTED_EDGE ( 'NONE', *, *, #1282, .T. ) ;
#306 = ORIENTED_EDGE ( 'NONE', *, *, #3180, .T. ) ;
#307 = CARTESIAN_POINT ( 'NONE',  ( 12.50000000000001776, 88.65803263805835854, -1.000000000000000000 ) ) ;
#308 = DIRECTION ( 'NONE',  ( -0.5773502691896267303, 0.5773502691896252870, 0.5773502691896251759 ) ) ;
#309 = CARTESIAN_POINT ( 'NONE',  ( 15.25000000000000533, 83.00000000000002842, -6.000000000000000000 ) ) ;
#310 = VECTOR ( 'NONE', #3903, 1000.000000000000000 ) ;
#311 = ORIENTED_EDGE ( 'NONE', *, *, #173, .T. ) ;
#312 = EDGE_LOOP ( 'NONE', ( #3371, #3099, #2274, #2570 ) ) ;
#313 = PLANE ( 'NONE',  #1167 ) ;
#314 = ORIENTED_EDGE ( 'NONE', *, *, #1164, .T. ) ;
#315 = CYLINDRICAL_SURFACE ( 'NONE', #376, 3.250000000000004441 ) ;
#316 = EDGE_CURVE ( 'NONE', #3592, #149, #2031, .T. ) ;
#317 = CIRCLE ( 'NONE', #3573, 2.249999999999996003 ) ;
#318 = DIRECTION ( 'NONE',  ( 1.000000000000000000, 0.000000000000000000, 0.000000000000000000 ) ) ;
#319 = CARTESIAN_POINT ( 'NONE',  ( -22.49999999999998934, -75.00000000000001421, 3.999999999999928946 ) ) ;
#320 = ORIENTED_EDGE ( 'NONE', *, *, #2586, .T. ) ;
#321 = CARTESIAN_POINT ( 'NONE',  ( -9.750000000000000000, 113.0000000000000284, -6.000000000000000000 ) ) ;
#322 = ADVANCED_FACE ( 'NONE', ( #1057 ), #118, .F. ) ;
#323 = VECTOR ( 'NONE', #115, 1000.000000000000000 ) ;
#324 = ADVANCED_FACE ( 'NONE', ( #460 ), #1036, .F. ) ;
#325 = DIRECTION ( 'NONE',  ( -0.000000000000000000, -0.000000000000000000, 1.000000000000000000 ) ) ;
#326 = FACE_OUTER_BOUND ( 'NONE', #1840, .T. ) ;
#327 = EDGE_LOOP ( 'NONE', ( #124, #609, #26, #2774 ) ) ;
#328 = LINE ( 'NONE', #1201, #265 ) ;
#329 = LINE ( 'NONE', #2790, #882 ) ;
#330 = ORIENTED_EDGE ( 'NONE', *, *, #2996, .T. ) ;
#331 = LINE ( 'NONE', #1515, #387 ) ;
#332 = ORIENTED_EDGE ( 'NONE', *, *, #3045, .F. ) ;
#333 = DIRECTION ( 'NONE',  ( -0.000000000000000000, -0.000000000000000000, 1.000000000000000000 ) ) ;
#334 = ADVANCED_FACE ( 'NONE', ( #3270 ), #2602, .F. ) ;
#335 = CARTESIAN_POINT ( 'NONE',  ( -12.49999999999998046, 75.65803263805838696, 0.000000000000000000 ) ) ;
#336 = CARTESIAN_POINT ( 'NONE',  ( 12.00000000000000355, 88.94670777265318407, 0.000000000000000000 ) ) ;
#337 = ORIENTED_EDGE ( 'NONE', *, *, #3101, .T. ) ;
#338 = ORIENTED_EDGE ( 'NONE', *, *, #1768, .F. ) ;
#339 = LINE ( 'NONE', #42, #1716 ) ;
#340 = ORIENTED_EDGE ( 'NONE', *, *, #1594, .F. ) ;
#341 = CARTESIAN_POINT ( 'NONE',  ( 62.50641271844706637, -53.91944613206999293, -13.08055386793018116 ) ) ;
#342 = EDGE_CURVE ( 'NONE', #150, #517, #3253, .T. ) ;
#343 = ORIENTED_EDGE ( 'NONE', *, *, #3210, .F. ) ;
#344 = FACE_OUTER_BOUND ( 'NONE', #1706, .T. ) ;
#345 = DIRECTION ( 'NONE',  ( -1.000000000000000000, 0.000000000000000000, 0.000000000000000000 ) ) ;
#346 = CIRCLE ( 'NONE', #2611, 3.250000000000001332 ) ;
#347 = ORIENTED_EDGE ( 'NONE', *, *, #702, .F. ) ;
#348 = AXIS2_PLACEMENT_3D ( 'NONE', #153, #816, #3585 ) ;
#349 = ORIENTED_EDGE ( 'NONE', *, *, #2049, .F. ) ;
#350 = PLANE ( 'NONE',  #3092 ) ;
#351 = EDGE_LOOP ( 'NONE', ( #3529, #679, #2156, #3420 ) ) ;
#352 = DIRECTION ( 'NONE',  ( -1.000000000000000000, 0.000000000000000000, 0.000000000000000000 ) ) ;
#353 = VECTOR ( 'NONE', #590, 1000.000000000000000 ) ;
#354 = EDGE_LOOP ( 'NONE', ( #3744, #935 ) ) ;
#355 = DIRECTION ( 'NONE',  ( 0.000000000000000000, -1.000000000000000000, 0.000000000000000000 ) ) ;
#356 = EDGE_CURVE ( 'NONE', #769, #1932, #730, .T. ) ;
#357 = AXIS2_PLACEMENT_3D ( 'NONE', #2807, #2500, #2785 ) ;
#358 = CARTESIAN_POINT ( 'NONE',  ( 6.849999999999994316, 85.97335388632657782, 0.000000000000000000 ) ) ;
#359 = ORIENTED_EDGE ( 'NONE', *, *, #2542, .F. ) ;
#360 = LINE ( 'NONE', #1250, #1258 ) ;
#361 = ADVANCED_FACE ( 'NONE', ( #3231 ), #1944, .F. ) ;
#362 = VERTEX_POINT ( 'NONE', #2333 ) ;
#363 = PLANE ( 'NONE',  #2747 ) ;
#364 = CARTESIAN_POINT ( 'NONE',  ( 43.00000000000000000, 55.89999999999984936, 169.8835189181103544 ) ) ;
#365 = EDGE_CURVE ( 'NONE', #517, #3223, #1712, .T. ) ;
#366 = DIRECTION ( 'NONE',  ( 0.000000000000000000, 0.000000000000000000, 1.000000000000000000 ) ) ;
#367 = CARTESIAN_POINT ( 'NONE',  ( -12.99999999999998401, 68.00000000000002842, -6.000000000000000000 ) ) ;
#368 = EDGE_CURVE ( 'NONE', #434, #3935, #1653, .T. ) ;
#369 = ORIENTED_EDGE ( 'NONE', *, *, #2673, .T. ) ;
#370 = CARTESIAN_POINT ( 'NONE',  ( -4.999999999999942268, -75.00000000000001421, -10.00000000000000000 ) ) ;
#371 = DIRECTION ( 'NONE',  ( 1.000000000000000000, 2.220446049250312095E-16, 0.000000000000000000 ) ) ;
#372 = VECTOR ( 'NONE', #224, 1000.000000000000000 ) ;
#373 = ORIENTED_EDGE ( 'NONE', *, *, #1023, .T. ) ;
#374 = CARTESIAN_POINT ( 'NONE',  ( -13.00000000000000000, 113.0000000000000284, -6.000000000000000000 ) ) ;
#375 = VERTEX_POINT ( 'NONE', #3791 ) ;
#376 = AXIS2_PLACEMENT_3D ( 'NONE', #2159, #333, #1843 ) ;
#377 = CARTESIAN_POINT ( 'NONE',  ( 21.85000000000000853, 63.97335388632659203, -3.000000000000000000 ) ) ;
#378 = FACE_OUTER_BOUND ( 'NONE', #3691, .T. ) ;
#379 = ORIENTED_EDGE ( 'NONE', *, *, #1731, .F. ) ;
#380 = CARTESIAN_POINT ( 'NONE',  ( -18.15000000000000568, 110.0266461136734648, -3.000000000000000000 ) ) ;
#381 = ADVANCED_FACE ( 'NONE', ( #2624 ), #1094, .T. ) ;
#382 = AXIS2_PLACEMENT_3D ( 'NONE', #3494, #3834, #2313 ) ;
#383 = ORIENTED_EDGE ( 'NONE', *, *, #1547, .T. ) ;
#384 = CARTESIAN_POINT ( 'NONE',  ( -12.99999999999997691, 107.0532922273468870, 0.000000000000000000 ) ) ;
#385 = VERTEX_POINT ( 'NONE', #3534 ) ;
#386 = CARTESIAN_POINT ( 'NONE',  ( -7.849999999999996092, 115.9733538863265920, -3.000000000000000000 ) ) ;
#387 = VECTOR ( 'NONE', #1862, 1000.000000000000000 ) ;
#388 = VERTEX_POINT ( 'NONE', #2946 ) ;
#389 = AXIS2_PLACEMENT_3D ( 'NONE', #2527, #1028, #3782 ) ;
#390 = ORIENTED_EDGE ( 'NONE', *, *, #14, .T. ) ;
#391 = CARTESIAN_POINT ( 'NONE',  ( 30.25000000000001421, 61.00000000000003553, -3.000000000000000000 ) ) ;
#392 = CARTESIAN_POINT ( 'NONE',  ( 27.00000000000002487, 66.94670777265318407, -3.000000000000000000 ) ) ;
#393 = ORIENTED_EDGE ( 'NONE', *, *, #1332, .T. ) ;
#394 = ORIENTED_EDGE ( 'NONE', *, *, #1051, .F. ) ;
#395 = CARTESIAN_POINT ( 'NONE',  ( 43.00000000000000000, -24.99999999999999645, -6.000000000000000000 ) ) ;
#396 = DIRECTION ( 'NONE',  ( -0.000000000000000000, -0.000000000000000000, 1.000000000000000000 ) ) ;
#397 = ORIENTED_EDGE ( 'NONE', *, *, #1356, .T. ) ;
#398 = EDGE_CURVE ( 'NONE', #3653, #1555, #3904, .T. ) ;
#399 = LINE ( 'NONE', #418, #926 ) ;
#400 = EDGE_LOOP ( 'NONE', ( #146, #565 ) ) ;
#401 = DIRECTION ( 'NONE',  ( -0.000000000000000000, -0.000000000000000000, 1.000000000000000000 ) ) ;
#402 = ORIENTED_EDGE ( 'NONE', *, *, #999, .T. ) ;
#403 = DIRECTION ( 'NONE',  ( 2.220446049250311848E-16, -1.000000000000000000, 0.000000000000000000 ) ) ;
#404 = CARTESIAN_POINT ( 'NONE',  ( 18.14999999999999503, 32.02664611367345771, -3.000000000000000000 ) ) ;
#405 = ORIENTED_EDGE ( 'NONE', *, *, #2113, .F. ) ;
#406 = EDGE_LOOP ( 'NONE', ( #3428, #2427, #56, #3283, #2590, #1031 ) ) ;
#407 = CARTESIAN_POINT ( 'NONE',  ( 7.849999999999997868, 37.97335388632660624, -3.000000000000000000 ) ) ;
#408 = EDGE_CURVE ( 'NONE', #785, #2345, #2670, .T. ) ;
#409 = DIRECTION ( 'NONE',  ( 1.000000000000000000, 0.000000000000000000, 0.000000000000000000 ) ) ;
#410 = ORIENTED_EDGE ( 'NONE', *, *, #1418, .F. ) ;
#411 = VERTEX_POINT ( 'NONE', #3538 ) ;
#412 = DIRECTION ( 'NONE',  ( -0.5000000000000005551, -0.8660254037844383745, 0.000000000000000000 ) ) ;
#413 = DIRECTION ( 'NONE',  ( -0.000000000000000000, -0.000000000000000000, 1.000000000000000000 ) ) ;
#414 = ORIENTED_EDGE ( 'NONE', *, *, #3328, .F. ) ;
#415 = AXIS2_PLACEMENT_3D ( 'NONE', #1544, #890, #1492 ) ;
#416 = EDGE_CURVE ( 'NONE', #3510, #3022, #2111, .T. ) ;
#417 = CARTESIAN_POINT ( 'NONE',  ( -22.49999999999998934, -75.00000000000001421, -10.00000000000000000 ) ) ;
#418 = CARTESIAN_POINT ( 'NONE',  ( -22.49999999999998934, -79.40000000000001990, -10.00000000000000000 ) ) ;
#419 = CARTESIAN_POINT ( 'NONE',  ( 51.00000000000007816, -75.00000000000001421, 25.00000000000000000 ) ) ;
#420 = VECTOR ( 'NONE', #2660, 1000.000000000000000 ) ;
#421 = ORIENTED_EDGE ( 'NONE', *, *, #1628, .F. ) ;
#422 = PRODUCT_CONTEXT ( 'NONE', #2593, 'mechanical' ) ;
#423 = EDGE_CURVE ( 'NONE', #1870, #294, #2338, .T. ) ;
#424 = ORIENTED_EDGE ( 'NONE', *, *, #930, .T. ) ;
#425 = DIRECTION ( 'NONE',  ( 0.000000000000000000, 0.000000000000000000, -1.000000000000000000 ) ) ;
#426 = ORIENTED_EDGE ( 'NONE', *, *, #117, .T. ) ;
#427 = DIRECTION ( 'NONE',  ( 0.000000000000000000, 0.000000000000000000, -1.000000000000000000 ) ) ;
#428 = ORIENTED_EDGE ( 'NONE', *, *, #2586, .F. ) ;
#429 = ORIENTED_EDGE ( 'NONE', *, *, #2073, .T. ) ;
#430 = FACE_OUTER_BOUND ( 'NONE', #693, .T. ) ;
#431 = DIRECTION ( 'NONE',  ( 1.000000000000000000, 6.938893903907227145E-17, 0.000000000000000000 ) ) ;
#432 = CARTESIAN_POINT ( 'NONE',  ( 2.999999999999995115, 48.00000000000002132, 0.000000000000000000 ) ) ;
#433 = LINE ( 'NONE', #3571, #2868 ) ;
#434 = VERTEX_POINT ( 'NONE', #191 ) ;
#435 = DIRECTION ( 'NONE',  ( 0.000000000000000000, 0.000000000000000000, 1.000000000000000000 ) ) ;
#436 = CIRCLE ( 'NONE', #1413, 12.84999999999998721 ) ;
#437 = FACE_OUTER_BOUND ( 'NONE', #3341, .T. ) ;
#438 = DIRECTION ( 'NONE',  ( 0.000000000000000000, 0.000000000000000000, 1.000000000000000000 ) ) ;
#439 = VERTEX_POINT ( 'NONE', #1157 ) ;
#440 = EDGE_CURVE ( 'NONE', #1262, #2732, #510, .T. ) ;
#441 = VECTOR ( 'NONE', #3807, 1000.000000000000000 ) ;
#442 = ORIENTED_EDGE ( 'NONE', *, *, #3634, .F. ) ;
#443 = DIRECTION ( 'NONE',  ( 0.000000000000000000, 0.000000000000000000, 1.000000000000000000 ) ) ;
#444 = ADVANCED_FACE ( 'NONE', ( #1441 ), #3257, .F. ) ;
#445 = CARTESIAN_POINT ( 'NONE',  ( -22.49999999999998934, -80.00000000000001421, 3.999999999999928946 ) ) ;
#446 = ORIENTED_EDGE ( 'NONE', *, *, #538, .F. ) ;
#447 = EDGE_CURVE ( 'NONE', #2661, #3202, #1992, .T. ) ;
#448 = ORIENTED_EDGE ( 'NONE', *, *, #812, .F. ) ;
#449 = VECTOR ( 'NONE', #186, 1000.000000000000000 ) ;
#450 = AXIS2_PLACEMENT_3D ( 'NONE', #725, #2513, #2839 ) ;
#451 = CARTESIAN_POINT ( 'NONE',  ( -18.15000000000000568, 110.0266461136734648, 0.000000000000000000 ) ) ;
#452 = ORIENTED_EDGE ( 'NONE', *, *, #3352, .T. ) ;
#453 = ORIENTED_EDGE ( 'NONE', *, *, #1685, .T. ) ;
#454 = CARTESIAN_POINT ( 'NONE',  ( 12.99999999999999467, 40.94670777265317696, -3.000000000000000000 ) ) ;
#455 = VECTOR ( 'NONE', #3869, 1000.000000000000000 ) ;
#456 = VERTEX_POINT ( 'NONE', #1696 ) ;
#457 = PLANE ( 'NONE',  #134 ) ;
#458 = DIRECTION ( 'NONE',  ( -0.000000000000000000, -1.000000000000000000, 0.000000000000000000 ) ) ;
#459 = ORIENTED_EDGE ( 'NONE', *, *, #879, .T. ) ;
#460 = FACE_OUTER_BOUND ( 'NONE', #1121, .T. ) ;
#461 = ORIENTED_EDGE ( 'NONE', *, *, #3445, .T. ) ;
#462 = CARTESIAN_POINT ( 'NONE',  ( -18.15000000000000568, 110.0266461136734648, -3.000000000000000000 ) ) ;
#463 = CARTESIAN_POINT ( 'NONE',  ( 26.50000000000003553, 66.65803263805835854, -1.000000000000000000 ) ) ;
#464 = AXIS2_PLACEMENT_3D ( 'NONE', #669, #1534, #1571 ) ;
#465 = EDGE_CURVE ( 'NONE', #1072, #2564, #167, .T. ) ;
#466 = CARTESIAN_POINT ( 'NONE',  ( 38.00000000000001421, -67.00000000000002842, 0.000000000000000000 ) ) ;
#467 = ORIENTED_EDGE ( 'NONE', *, *, #408, .F. ) ;
#468 = FACE_OUTER_BOUND ( 'NONE', #2460, .T. ) ;
#469 = DIRECTION ( 'NONE',  ( -0.000000000000000000, -0.000000000000000000, 1.000000000000000000 ) ) ;
#470 = ORIENTED_EDGE ( 'NONE', *, *, #1559, .F. ) ;
#471 = CARTESIAN_POINT ( 'NONE',  ( 21.85000000000000853, 63.97335388632659203, -1.000000000000000000 ) ) ;
#472 = ORIENTED_EDGE ( 'NONE', *, *, #230, .T. ) ;
#473 = EDGE_CURVE ( 'NONE', #1767, #2180, #3651, .T. ) ;
#474 = DIRECTION ( 'NONE',  ( -0.8660254037844392627, 0.4999999999999989453, 0.000000000000000000 ) ) ;
#475 = VERTEX_POINT ( 'NONE', #2992 ) ;
#476 = ADVANCED_FACE ( 'NONE', ( #1077 ), #2298, .F. ) ;
#477 = DIRECTION ( 'NONE',  ( -0.000000000000000000, -0.000000000000000000, 1.000000000000000000 ) ) ;
#478 = DIRECTION ( 'NONE',  ( 0.8660254037844381525, -0.5000000000000007772, 0.000000000000000000 ) ) ;
#479 = AXIS2_PLACEMENT_3D ( 'NONE', #3193, #425, #1659 ) ;
#480 = ORIENTED_EDGE ( 'NONE', *, *, #2323, .F. ) ;
#481 = CARTESIAN_POINT ( 'NONE',  ( -9.749999999999982236, 68.00000000000002842, -6.000000000000000000 ) ) ;
#482 = PLANE ( 'NONE',  #2581 ) ;
#483 = DIRECTION ( 'NONE',  ( -1.000000000000000000, 0.000000000000000000, 0.000000000000000000 ) ) ;
#484 = VECTOR ( 'NONE', #2528, 1000.000000000000000 ) ;
#485 = DIRECTION ( 'NONE',  ( 0.000000000000000000, 0.000000000000000000, -1.000000000000000000 ) ) ;
#486 = EDGE_CURVE ( 'NONE', #1980, #1005, #2900, .T. ) ;
#487 = VECTOR ( 'NONE', #3522, 1000.000000000000000 ) ;
#488 = ORIENTED_EDGE ( 'NONE', *, *, #3757, .F. ) ;
#489 = FACE_OUTER_BOUND ( 'NONE', #3132, .T. ) ;
#490 = DIRECTION ( 'NONE',  ( 1.000000000000000000, 1.163534038764931419E-16, 0.000000000000000000 ) ) ;
#491 = VECTOR ( 'NONE', #867, 1000.000000000000000 ) ;
#492 = PLANE ( 'NONE',  #1434 ) ;
#493 = EDGE_CURVE ( 'NONE', #456, #3168, #317, .T. ) ;
#494 = DIRECTION ( 'NONE',  ( -0.000000000000000000, -0.000000000000000000, 1.000000000000000000 ) ) ;
#495 = ORIENTED_EDGE ( 'NONE', *, *, #2560, .F. ) ;
#496 = ORIENTED_EDGE ( 'NONE', *, *, #3056, .T. ) ;
#497 = ADVANCED_FACE ( 'NONE', ( #2628 ), #2317, .F. ) ;
#498 = CARTESIAN_POINT ( 'NONE',  ( 18.14999999999999503, 37.97335388632660624, 0.000000000000000000 ) ) ;
#499 = VECTOR ( 'NONE', #2189, 1000.000000000000000 ) ;
#500 = EDGE_CURVE ( 'NONE', #2525, #1367, #916, .T. ) ;
#501 = EDGE_CURVE ( 'NONE', #928, #3387, #3957, .T. ) ;
#502 = CARTESIAN_POINT ( 'NONE',  ( 32.14999999999999858, 77.97335388632642150, -3.000000000000000000 ) ) ;
#503 = CARTESIAN_POINT ( 'NONE',  ( 51.00000000000007105, -75.00000000000001421, 8.000000000000062172 ) ) ;
#504 = EDGE_CURVE ( 'NONE', #2587, #3539, #3940, .T. ) ;
#505 = EDGE_CURVE ( 'NONE', #666, #2601, #897, .T. ) ;
#506 = ORIENTED_EDGE ( 'NONE', *, *, #2867, .T. ) ;
#507 = CARTESIAN_POINT ( 'NONE',  ( -7.849999999999996092, 110.0266461136734506, -3.000000000000000000 ) ) ;
#508 = CARTESIAN_POINT ( 'NONE',  ( 12.99999999999999467, 40.94670777265317696, -3.000000000000000000 ) ) ;
#509 = CARTESIAN_POINT ( 'NONE',  ( 21.85000000000000497, 72.02664611367329428, 0.000000000000000000 ) ) ;
#510 = LINE ( 'NONE', #1419, #1545 ) ;
#511 = CARTESIAN_POINT ( 'NONE',  ( -22.49999999999998934, -80.00000000000001421, -10.00000000000000000 ) ) ;
#512 = PRESENTATION_LAYER_ASSIGNMENT (  '', '', ( #1275 ) ) ;
#513 = CARTESIAN_POINT ( 'NONE',  ( 17.14999999999999858, 80.02664611367346481, -3.000000000000000000 ) ) ;
#514 = CARTESIAN_POINT ( 'NONE',  ( 6.849999999999994316, 80.02664611367346481, -3.000000000000000000 ) ) ;
#515 = ORIENTED_EDGE ( 'NONE', *, *, #1482, .F. ) ;
#516 = LINE ( 'NONE', #3849, #823 ) ;
#517 = VERTEX_POINT ( 'NONE', #370 ) ;
#518 = AXIS2_PLACEMENT_3D ( 'NONE', #507, #3552, #2247 ) ;
#519 = ORIENTED_EDGE ( 'NONE', *, *, #3335, .F. ) ;
#520 = DIRECTION ( 'NONE',  ( 0.000000000000000000, 1.000000000000000000, 0.000000000000000000 ) ) ;
#521 = CARTESIAN_POINT ( 'NONE',  ( -22.50000000000000711, 116.0000000000000284, 0.000000000000000000 ) ) ;
#522 = VECTOR ( 'NONE', #1032, 1000.000000000000000 ) ;
#523 = ORIENTED_EDGE ( 'NONE', *, *, #1996, .F. ) ;
#524 = CARTESIAN_POINT ( 'NONE',  ( 27.00000000000001066, 61.00000000000003553, -6.000000000000000000 ) ) ;
#525 = DIRECTION ( 'NONE',  ( 0.000000000000000000, 1.000000000000000000, 0.000000000000000000 ) ) ;
#526 = DIRECTION ( 'NONE',  ( 1.000000000000000000, 0.000000000000000000, 0.000000000000000000 ) ) ;
#527 = EDGE_CURVE ( 'NONE', #3785, #789, #2817, .T. ) ;
#528 = DIRECTION ( 'NONE',  ( 0.8660254037844385966, -0.5000000000000001110, 0.000000000000000000 ) ) ;
#529 = AXIS2_PLACEMENT_3D ( 'NONE', #1533, #810, #858 ) ;
#530 = CARTESIAN_POINT ( 'NONE',  ( -4.999999999999943157, -75.00000000000001421, 25.00000000000000000 ) ) ;
#531 = DIRECTION ( 'NONE',  ( 0.000000000000000000, 0.000000000000000000, 1.000000000000000000 ) ) ;
#532 = VECTOR ( 'NONE', #3438, 999.9999999999998863 ) ;
#533 = LINE ( 'NONE', #1759, #2978 ) ;
#534 = VERTEX_POINT ( 'NONE', #1605 ) ;
#535 = CARTESIAN_POINT ( 'NONE',  ( 12.50000000000001776, 90.65803263805835854, -1.000000000000000000 ) ) ;
#536 = LINE ( 'NONE', #2003, #554 ) ;
#537 = ORIENTED_EDGE ( 'NONE', *, *, #552, .F. ) ;
#538 = EDGE_CURVE ( 'NONE', #1825, #2770, #3748, .T. ) ;
#539 = EDGE_CURVE ( 'NONE', #2334, #154, #74, .T. ) ;
#540 = LINE ( 'NONE', #2350, #1229 ) ;
#541 = CARTESIAN_POINT ( 'NONE',  ( -22.49999999999998934, -79.40000000000001990, -10.00000000000000000 ) ) ;
#542 = FACE_OUTER_BOUND ( 'NONE', #3416, .T. ) ;
#543 = ORIENTED_EDGE ( 'NONE', *, *, #3397, .T. ) ;
#544 = CARTESIAN_POINT ( 'NONE',  ( 32.15000000000001279, 58.02664611367345771, -3.000000000000000000 ) ) ;
#545 = LINE ( 'NONE', #164, #3351 ) ;
#546 = DIRECTION ( 'NONE',  ( -1.000000000000000000, 0.000000000000000000, 0.000000000000000000 ) ) ;
#547 = EDGE_CURVE ( 'NONE', #2039, #3366, #2737, .T. ) ;
#548 = CIRCLE ( 'NONE', #2796, 3.250000000000002665 ) ;
#549 = LINE ( 'NONE', #2091, #3243 ) ;
#550 = AXIS2_PLACEMENT_3D ( 'NONE', #183, #1452, #2028 ) ;
#551 = DIRECTION ( 'NONE',  ( -1.000000000000000000, 0.000000000000000000, 0.000000000000000000 ) ) ;
#552 = EDGE_CURVE ( 'NONE', #3220, #242, #2429, .T. ) ;
#553 = EDGE_CURVE ( 'NONE', #3432, #1639, #3665, .T. ) ;
#554 = VECTOR ( 'NONE', #2304, 1000.000000000000000 ) ;
#555 = DIRECTION ( 'NONE',  ( 9.912705577010325549E-17, 0.000000000000000000, 1.000000000000000000 ) ) ;
#556 = CARTESIAN_POINT ( 'NONE',  ( 19.24078198180228938, -43.24078198180256294, 9.120390990901299233 ) ) ;
#557 = AXIS2_PLACEMENT_3D ( 'NONE', #3637, #1233, #228 ) ;
#558 = ORIENTED_EDGE ( 'NONE', *, *, #3931, .F. ) ;
#559 = VERTEX_POINT ( 'NONE', #307 ) ;
#560 = DIRECTION ( 'NONE',  ( 1.000000000000000000, 0.000000000000000000, -0.000000000000000000 ) ) ;
#561 = LINE ( 'NONE', #3052, #2933 ) ;
#562 = ORIENTED_EDGE ( 'NONE', *, *, #3229, .T. ) ;
#563 = CARTESIAN_POINT ( 'NONE',  ( 32.15000000000001279, 63.97335388632660624, -3.000000000000000000 ) ) ;
#564 = CARTESIAN_POINT ( 'NONE',  ( -18.14999999999998082, 65.02664611367345060, -3.000000000000000000 ) ) ;
#565 = ORIENTED_EDGE ( 'NONE', *, *, #473, .T. ) ;
#566 = CARTESIAN_POINT ( 'NONE',  ( 92.09999999999999432, -80.00000000000001421, -10.00000000000000000 ) ) ;
#567 = DIRECTION ( 'NONE',  ( -0.000000000000000000, -0.000000000000000000, -1.000000000000000000 ) ) ;
#568 = CARTESIAN_POINT ( 'NONE',  ( -12.99999999999998046, 73.94670777265318407, -3.000000000000000000 ) ) ;
#569 = EDGE_CURVE ( 'NONE', #2280, #3892, #1542, .T. ) ;
#570 = VECTOR ( 'NONE', #1554, 1000.000000000000000 ) ;
#571 = LINE ( 'NONE', #556, #749 ) ;
#572 = EDGE_CURVE ( 'NONE', #738, #1161, #947, .T. ) ;
#573 = ORIENTED_EDGE ( 'NONE', *, *, #594, .T. ) ;
#574 = AXIS2_PLACEMENT_3D ( 'NONE', #189, #1416, #2710 ) ;
#575 = ORIENTED_EDGE ( 'NONE', *, *, #3308, .F. ) ;
#576 = FACE_OUTER_BOUND ( 'NONE', #2200, .T. ) ;
#577 = CARTESIAN_POINT ( 'NONE',  ( 75.00000000000000000, 74.24999999999987210, -42.34528855298850658 ) ) ;
#578 = EDGE_LOOP ( 'NONE', ( #3790, #811, #2332, #2254 ) ) ;
#579 = LINE ( 'NONE', #544, #3291 ) ;
#580 = ORIENTED_EDGE ( 'NONE', *, *, #3505, .F. ) ;
#581 = FACE_BOUND ( 'NONE', #3153, .T. ) ;
#582 = ORIENTED_EDGE ( 'NONE', *, *, #3800, .T. ) ;
#583 = CARTESIAN_POINT ( 'NONE',  ( 0.000000000000000000, 0.000000000000000000, -1.000000000000000000 ) ) ;
#584 = AXIS2_PLACEMENT_3D ( 'NONE', #564, #3025, #262 ) ;
#585 = CARTESIAN_POINT ( 'NONE',  ( 83.50000000000000000, 73.74999999999985789, 0.000000000000000000 ) ) ;
#586 = AXIS2_PLACEMENT_3D ( 'NONE', #721, #2483, #1937 ) ;
#587 = DIRECTION ( 'NONE',  ( 0.000000000000000000, 1.000000000000000000, 0.000000000000000000 ) ) ;
#588 = EDGE_CURVE ( 'NONE', #2448, #1450, #2239, .T. ) ;
#589 = ORIENTED_EDGE ( 'NONE', *, *, #2584, .F. ) ;
#590 = DIRECTION ( 'NONE',  ( -1.000000000000000000, 0.000000000000000000, 0.000000000000000000 ) ) ;
#591 = CARTESIAN_POINT ( 'NONE',  ( 7.849999999999997868, 32.02664611367345771, -3.000000000000000000 ) ) ;
#592 = CARTESIAN_POINT ( 'NONE',  ( -2.666666666666634988, -72.66666666666668561, 23.83333333333336057 ) ) ;
#593 = VECTOR ( 'NONE', #825, 1000.000000000000000 ) ;
#594 = EDGE_CURVE ( 'NONE', #3833, #1474, #2692, .T. ) ;
#595 = FACE_BOUND ( 'NONE', #2052, .T. ) ;
#596 = LINE ( 'NONE', #577, #1324 ) ;
#597 = EDGE_CURVE ( 'NONE', #1690, #3785, #3109, .T. ) ;
#598 = EDGE_LOOP ( 'NONE', ( #1381, #2555, #1363, #1899 ) ) ;
#599 = DIRECTION ( 'NONE',  ( 0.8660254037844387076, -0.4999999999999998890, 0.000000000000000000 ) ) ;
#600 = FACE_BOUND ( 'NONE', #2925, .T. ) ;
#601 = ORIENTED_EDGE ( 'NONE', *, *, #1768, .T. ) ;
#602 = DIRECTION ( 'NONE',  ( -0.000000000000000000, -0.000000000000000000, 1.000000000000000000 ) ) ;
#603 = CARTESIAN_POINT ( 'NONE',  ( 11.50000000000001776, 88.65803263805835854, -1.000000000000000000 ) ) ;
#604 = CARTESIAN_POINT ( 'NONE',  ( 13.00000000000000178, 29.05329222734688344, 0.000000000000000000 ) ) ;
#605 = LINE ( 'NONE', #2124, #3137 ) ;
#606 = ORIENTED_EDGE ( 'NONE', *, *, #2462, .T. ) ;
#607 = DIRECTION ( 'NONE',  ( -0.000000000000000000, -0.000000000000000000, 1.000000000000000000 ) ) ;
#608 = EDGE_CURVE ( 'NONE', #3157, #2435, #339, .T. ) ;
#609 = ORIENTED_EDGE ( 'NONE', *, *, #3633, .F. ) ;
#610 = CARTESIAN_POINT ( 'NONE',  ( 27.49999999999999645, 80.65803263805818801, 0.000000000000000000 ) ) ;
#611 = DIRECTION ( 'NONE',  ( -0.000000000000000000, -0.000000000000000000, 1.000000000000000000 ) ) ;
#612 = VECTOR ( 'NONE', #1962, 1000.000000000000000 ) ;
#613 = ORIENTED_EDGE ( 'NONE', *, *, #73, .F. ) ;
#614 = ORIENTED_EDGE ( 'NONE', *, *, #3800, .F. ) ;
#615 = VECTOR ( 'NONE', #611, 1000.000000000000000 ) ;
#616 = CARTESIAN_POINT ( 'NONE',  ( -13.49999999999998046, 0.000000000000000000, 0.000000000000000000 ) ) ;
#617 = ADVANCED_FACE ( 'NONE', ( #2167 ), #1575, .F. ) ;
#618 = CARTESIAN_POINT ( 'NONE',  ( 11.99999999999999645, 77.05329222734688699, -3.000000000000000000 ) ) ;
#619 = VECTOR ( 'NONE', #1972, 1000.000000000000114 ) ;
#620 = ORIENTED_EDGE ( 'NONE', *, *, #2278, .F. ) ;
#621 = VECTOR ( 'NONE', #3073, 1000.000000000000000 ) ;
#622 = ORIENTED_EDGE ( 'NONE', *, *, #1625, .T. ) ;
#623 = ADVANCED_FACE ( 'NONE', ( #2523 ), #656, .F. ) ;
#624 = LINE ( 'NONE', #28, #1044 ) ;
#625 = ORIENTED_EDGE ( 'NONE', *, *, #284, .F. ) ;
#626 = DIRECTION ( 'NONE',  ( 1.000000000000000000, 0.000000000000000000, 0.000000000000000000 ) ) ;
#627 = ADVANCED_FACE ( 'NONE', ( #2749 ), #1253, .T. ) ;
#628 = DIRECTION ( 'NONE',  ( -1.000000000000000000, -0.000000000000000000, 0.000000000000000000 ) ) ;
#629 = DIRECTION ( 'NONE',  ( -0.000000000000000000, -0.000000000000000000, 1.000000000000000000 ) ) ;
#630 = LINE ( 'NONE', #336, #2759 ) ;
#631 = VERTEX_POINT ( 'NONE', #303 ) ;
#632 = CARTESIAN_POINT ( 'NONE',  ( 27.50000000000003553, 66.65803263805835854, -1.000000000000000000 ) ) ;
#633 = ORIENTED_EDGE ( 'NONE', *, *, #3189, .F. ) ;
#634 = VERTEX_POINT ( 'NONE', #3715 ) ;
#635 = DIRECTION ( 'NONE',  ( 0.000000000000000000, 0.000000000000000000, 1.000000000000000000 ) ) ;
#636 = DIRECTION ( 'NONE',  ( -0.5773502691896251759, 0.5773502691896260641, -0.5773502691896260641 ) ) ;
#637 = ORIENTED_EDGE ( 'NONE', *, *, #779, .T. ) ;
#638 = CARTESIAN_POINT ( 'NONE',  ( 47.99999999999998579, 60.89999999999986358, 169.8835189181103544 ) ) ;
#639 = EDGE_CURVE ( 'NONE', #1384, #2587, #2479, .T. ) ;
#640 = CARTESIAN_POINT ( 'NONE',  ( -21.89999999999999858, -80.00000000000001421, -9.400000000000011013 ) ) ;
#641 = VECTOR ( 'NONE', #3882, 1000.000000000000000 ) ;
#642 = ORIENTED_EDGE ( 'NONE', *, *, #795, .T. ) ;
#643 = CARTESIAN_POINT ( 'NONE',  ( -15.49999999999998757, -75.00000000000001421, -5.249999999999994671 ) ) ;
#644 = ORIENTED_EDGE ( 'NONE', *, *, #2079, .T. ) ;
#645 = LINE ( 'NONE', #1570, #3646 ) ;
#646 = AXIS2_PLACEMENT_3D ( 'NONE', #804, #1123, #2928 ) ;
#647 = ORIENTED_EDGE ( 'NONE', *, *, #3971, .F. ) ;
#648 = VECTOR ( 'NONE', #1115, 1000.000000000000000 ) ;
#649 = CARTESIAN_POINT ( 'NONE',  ( 30.25000000000001421, 74.99999999999984368, -3.000000000000000000 ) ) ;
#650 = EDGE_CURVE ( 'NONE', #2435, #2284, #3676, .T. ) ;
#651 = CARTESIAN_POINT ( 'NONE',  ( -7.849999999999978328, 70.97335388632660624, -3.000000000000000000 ) ) ;
#652 = ORIENTED_EDGE ( 'NONE', *, *, #3158, .F. ) ;
#653 = ORIENTED_EDGE ( 'NONE', *, *, #2854, .T. ) ;
#654 = VECTOR ( 'NONE', #1702, 1000.000000000000000 ) ;
#655 = ORIENTED_EDGE ( 'NONE', *, *, #3745, .T. ) ;
#656 = PLANE ( 'NONE',  #3958 ) ;
#657 = PLANE ( 'NONE',  #3817 ) ;
#658 = CARTESIAN_POINT ( 'NONE',  ( -12.49999999999998046, 75.65803263805838696, -1.000000000000000000 ) ) ;
#659 = FACE_OUTER_BOUND ( 'NONE', #1096, .T. ) ;
#660 = ORIENTED_EDGE ( 'NONE', *, *, #2867, .F. ) ;
#661 = EDGE_CURVE ( 'NONE', #294, #704, #282, .T. ) ;
#662 = ORIENTED_EDGE ( 'NONE', *, *, #1657, .F. ) ;
#663 = CARTESIAN_POINT ( 'NONE',  ( 71.09999999999993747, -80.00000000000001421, 25.00000000000000000 ) ) ;
#664 = ORIENTED_EDGE ( 'NONE', *, *, #1212, .T. ) ;
#665 = CYLINDRICAL_SURFACE ( 'NONE', #1793, 3.250000000000001332 ) ;
#666 = VERTEX_POINT ( 'NONE', #1295 ) ;
#667 = EDGE_CURVE ( 'NONE', #1767, #1297, #943, .T. ) ;
#668 = ORIENTED_EDGE ( 'NONE', *, *, #1861, .F. ) ;
#669 = CARTESIAN_POINT ( 'NONE',  ( -12.99999999999998401, 68.00000000000002842, -3.000000000000000000 ) ) ;
#670 = ADVANCED_FACE ( 'NONE', ( #1234 ), #1891, .T. ) ;
#671 = CARTESIAN_POINT ( 'NONE',  ( 63.59999999999993747, -75.00000000000001421, 19.74999999999999645 ) ) ;
#672 = EDGE_LOOP ( 'NONE', ( #332, #3814, #3327, #606 ) ) ;
#673 = ADVANCED_FACE ( 'NONE', ( #3130 ), #363, .F. ) ;
#674 = CARTESIAN_POINT ( 'NONE',  ( 90.79809072996661712, 79.38596491228051377, -6.000000000000000000 ) ) ;
#675 = ORIENTED_EDGE ( 'NONE', *, *, #2044, .T. ) ;
#676 = CARTESIAN_POINT ( 'NONE',  ( 63.59999999999993747, -68.63603896932107773, 15.25000000000000533 ) ) ;
#677 = EDGE_CURVE ( 'NONE', #983, #3280, #902, .T. ) ;
#678 = DIRECTION ( 'NONE',  ( -0.000000000000000000, 0.000000000000000000, 1.000000000000000000 ) ) ;
#679 = ORIENTED_EDGE ( 'NONE', *, *, #1754, .T. ) ;
#680 = ORIENTED_EDGE ( 'NONE', *, *, #971, .F. ) ;
#681 = DIRECTION ( 'NONE',  ( 0.000000000000000000, 0.000000000000000000, -1.000000000000000000 ) ) ;
#682 = DIRECTION ( 'NONE',  ( 0.000000000000000000, 1.000000000000000000, 0.000000000000000000 ) ) ;
#683 = VECTOR ( 'NONE', #2311, 1000.000000000000000 ) ;
#684 = VERTEX_POINT ( 'NONE', #3354 ) ;
#685 = CIRCLE ( 'NONE', #3002, 2.250000000000000888 ) ;
#686 = CARTESIAN_POINT ( 'NONE',  ( -18.14999999999998082, 70.97335388632660624, -3.000000000000000000 ) ) ;
#687 = EDGE_LOOP ( 'NONE', ( #3206, #1359, #2856, #2166 ) ) ;
#688 = CARTESIAN_POINT ( 'NONE',  ( -12.99999999999998046, 73.94670777265318407, -3.000000000000000000 ) ) ;
#689 = LINE ( 'NONE', #377, #2982 ) ;
#690 = DIRECTION ( 'NONE',  ( 0.000000000000000000, 0.000000000000000000, -1.000000000000000000 ) ) ;
#691 = EDGE_LOOP ( 'NONE', ( #3870, #1624 ) ) ;
#692 = CARTESIAN_POINT ( 'NONE',  ( 2.999999999999996891, 33.40000000000002700, -29.19999999999999929 ) ) ;
#693 = EDGE_LOOP ( 'NONE', ( #3679, #152, #202, #1404, #3049, #95 ) ) ;
#694 = EDGE_LOOP ( 'NONE', ( #1541, #2735 ) ) ;
#695 = CARTESIAN_POINT ( 'NONE',  ( -22.50000000000000711, 63.00000000000005684, -6.000000000000000000 ) ) ;
#696 = LINE ( 'NONE', #3699, #3195 ) ;
#697 = CARTESIAN_POINT ( 'NONE',  ( 27.49999999999999645, 82.65803263805820222, -1.000000000000000000 ) ) ;
#698 = CIRCLE ( 'NONE', #2952, 12.84999999999998721 ) ;
#699 = ORIENTED_EDGE ( 'NONE', *, *, #527, .F. ) ;
#700 = PRODUCT_DEFINITION ( 'UNKNOWN', '', #3265, #3461 ) ;
#701 = LINE ( 'NONE', #1277, #3535 ) ;
#702 = EDGE_CURVE ( 'NONE', #2399, #1982, #1538, .T. ) ;
#703 = FACE_OUTER_BOUND ( 'NONE', #2371, .T. ) ;
#704 = VERTEX_POINT ( 'NONE', #610 ) ;
#705 = CARTESIAN_POINT ( 'NONE',  ( 3.000000000000008882, -67.00000000000000000, -6.000000000000000000 ) ) ;
#706 = VECTOR ( 'NONE', #2627, 1000.000000000000000 ) ;
#707 = DIRECTION ( 'NONE',  ( 0.000000000000000000, 1.000000000000000000, 0.000000000000000000 ) ) ;
#708 = ORIENTED_EDGE ( 'NONE', *, *, #2510, .F. ) ;
#709 = VECTOR ( 'NONE', #458, 1000.000000000000000 ) ;
#710 = CARTESIAN_POINT ( 'NONE',  ( 27.50000000000003553, 68.65803263805835854, -1.000000000000000000 ) ) ;
#711 = FILL_AREA_STYLE ('',( #2229 ) ) ;
#712 = CARTESIAN_POINT ( 'NONE',  ( 12.99999999999999822, 35.00000000000002842, -3.000000000000000000 ) ) ;
#713 = VECTOR ( 'NONE', #1353, 1000.000000000000227 ) ;
#714 = ADVANCED_FACE ( 'NONE', ( #1829 ), #3070, .F. ) ;
#715 = ORIENTED_EDGE ( 'NONE', *, *, #1356, .F. ) ;
#716 = CARTESIAN_POINT ( 'NONE',  ( -7.849999999999996092, 115.9733538863265920, -3.000000000000000000 ) ) ;
#717 = FACE_OUTER_BOUND ( 'NONE', #2668, .T. ) ;
#718 = VECTOR ( 'NONE', #1745, 1000.000000000000227 ) ;
#719 = ORIENTED_EDGE ( 'NONE', *, *, #1015, .F. ) ;
#720 = ORIENTED_EDGE ( 'NONE', *, *, #3493, .F. ) ;
#721 = CARTESIAN_POINT ( 'NONE',  ( 21.85000000000000853, 58.02664611367345060, -3.000000000000000000 ) ) ;
#722 = DIRECTION ( 'NONE',  ( 0.5000000000000017764, 0.8660254037844377084, 0.000000000000000000 ) ) ;
#723 = EDGE_CURVE ( 'NONE', #1490, #2287, #1850, .T. ) ;
#724 = ORIENTED_EDGE ( 'NONE', *, *, #2131, .F. ) ;
#725 = CARTESIAN_POINT ( 'NONE',  ( 17.14999999999999858, 80.02664611367346481, -3.000000000000000000 ) ) ;
#726 = DIRECTION ( 'NONE',  ( -0.000000000000000000, -0.000000000000000000, 1.000000000000000000 ) ) ;
#727 = EDGE_CURVE ( 'NONE', #789, #2334, #1698, .T. ) ;
#728 = ORIENTED_EDGE ( 'NONE', *, *, #1790, .F. ) ;
#729 = ADVANCED_FACE ( 'NONE', ( #2588 ), #2255, .T. ) ;
#730 = LINE ( 'NONE', #481, #1487 ) ;
#731 = ORIENTED_EDGE ( 'NONE', *, *, #54, .T. ) ;
#732 = CARTESIAN_POINT ( 'NONE',  ( -17.50000000000000000, 58.00000000000003553, 0.000000000000000000 ) ) ;
#733 = PLANE ( 'NONE',  #3080 ) ;
#734 = ORIENTED_EDGE ( 'NONE', *, *, #3203, .T. ) ;
#735 = EDGE_LOOP ( 'NONE', ( #3331, #232, #2549, #3721, #3504, #2534 ) ) ;
#736 = CARTESIAN_POINT ( 'NONE',  ( 92.09999999999999432, -79.40000000000001990, 4.000000000000010658 ) ) ;
#737 = DIRECTION ( 'NONE',  ( -0.000000000000000000, -0.000000000000000000, 1.000000000000000000 ) ) ;
#738 = VERTEX_POINT ( 'NONE', #3798 ) ;
#739 = FACE_OUTER_BOUND ( 'NONE', #3747, .T. ) ;
#740 = EDGE_CURVE ( 'NONE', #192, #3881, #3759, .T. ) ;
#741 = LINE ( 'NONE', #1582, #1708 ) ;
#742 = ORIENTED_EDGE ( 'NONE', *, *, #2940, .F. ) ;
#743 = ORIENTED_EDGE ( 'NONE', *, *, #501, .F. ) ;
#744 = ADVANCED_FACE ( 'NONE', ( #1042 ), #3212, .F. ) ;
#745 = VECTOR ( 'NONE', #682, 1000.000000000000000 ) ;
#746 = PLANE ( 'NONE',  #3296 ) ;
#747 = LINE ( 'NONE', #1069, #3344 ) ;
#748 = EDGE_LOOP ( 'NONE', ( #2382, #1781, #1088, #3211 ) ) ;
#749 = VECTOR ( 'NONE', #2385, 1000.000000000000114 ) ;
#750 = ORIENTED_EDGE ( 'NONE', *, *, #493, .T. ) ;
#751 = LINE ( 'NONE', #3207, #1166 ) ;
#752 = LINE ( 'NONE', #1967, #217 ) ;
#753 = CARTESIAN_POINT ( 'NONE',  ( 27.50000000000003553, 68.65803263805835854, 0.000000000000000000 ) ) ;
#754 = VECTOR ( 'NONE', #2694, 1000.000000000000114 ) ;
#755 = ORIENTED_EDGE ( 'NONE', *, *, #356, .F. ) ;
#756 = EDGE_CURVE ( 'NONE', #2180, #1767, #237, .T. ) ;
#757 = AXIS2_PLACEMENT_3D ( 'NONE', #923, #1522, #61 ) ;
#758 = ORIENTED_EDGE ( 'NONE', *, *, #3303, .T. ) ;
#759 = CARTESIAN_POINT ( 'NONE',  ( 0.000000000000000000, 75.65803263805838696, -1.000000000000000000 ) ) ;
#760 = CARTESIAN_POINT ( 'NONE',  ( 75.00000000000000000, 73.74999999999985789, -5.999999999999998224 ) ) ;
#761 = ORIENTED_EDGE ( 'NONE', *, *, #2278, .T. ) ;
#762 = VERTEX_POINT ( 'NONE', #384 ) ;
#763 = VERTEX_POINT ( 'NONE', #736 ) ;
#764 = CARTESIAN_POINT ( 'NONE',  ( 23.75000000000000711, 61.00000000000003553, -6.000000000000000000 ) ) ;
#765 = CARTESIAN_POINT ( 'NONE',  ( 29.99999999999995026, -75.00000000000001421, 8.000000000000062172 ) ) ;
#766 = ORIENTED_EDGE ( 'NONE', *, *, #504, .T. ) ;
#767 = ORIENTED_EDGE ( 'NONE', *, *, #2456, .T. ) ;
#768 = EDGE_CURVE ( 'NONE', #1283, #517, #2912, .T. ) ;
#769 = VERTEX_POINT ( 'NONE', #170 ) ;
#770 = CARTESIAN_POINT ( 'NONE',  ( -13.49999999999998046, 73.65803263805838696, -1.000000000000000000 ) ) ;
#771 = DIRECTION ( 'NONE',  ( -0.000000000000000000, -0.000000000000000000, 1.000000000000000000 ) ) ;
#772 = LINE ( 'NONE', #140, #2578 ) ;
#773 = VECTOR ( 'NONE', #1075, 1000.000000000000000 ) ;
#774 = LINE ( 'NONE', #732, #2005 ) ;
#775 = CARTESIAN_POINT ( 'NONE',  ( 79.25000000000000000, 73.74999999999985789, 0.000000000000000000 ) ) ;
#776 = ORIENTED_EDGE ( 'NONE', *, *, #835, .F. ) ;
#777 = DIRECTION ( 'NONE',  ( -0.000000000000000000, -0.000000000000000000, -1.000000000000000000 ) ) ;
#778 = VECTOR ( 'NONE', #2820, 1000.000000000000000 ) ;
#779 = EDGE_CURVE ( 'NONE', #2778, #1019, #145, .T. ) ;
#780 = ORIENTED_EDGE ( 'NONE', *, *, #2073, .F. ) ;
#781 = LINE ( 'NONE', #3778, #2290 ) ;
#782 = ORIENTED_EDGE ( 'NONE', *, *, #1943, .F. ) ;
#783 = CARTESIAN_POINT ( 'NONE',  ( -13.49999999999998046, 75.65803263805838696, 0.000000000000000000 ) ) ;
#784 = EDGE_CURVE ( 'NONE', #3833, #2919, #781, .T. ) ;
#785 = VERTEX_POINT ( 'NONE', #2849 ) ;
#786 = AXIS2_PLACEMENT_3D ( 'NONE', #2120, #3381, #3630 ) ;
#787 = DIRECTION ( 'NONE',  ( 0.000000000000000000, 0.000000000000000000, -1.000000000000000000 ) ) ;
#788 = EDGE_LOOP ( 'NONE', ( #668, #3486, #1251, #734 ) ) ;
#789 = VERTEX_POINT ( 'NONE', #3739 ) ;
#790 = CARTESIAN_POINT ( 'NONE',  ( 32.15000000000001279, 58.02664611367345771, 0.000000000000000000 ) ) ;
#791 = AXIS2_PLACEMENT_3D ( 'NONE', #2116, #1491, #948 ) ;
#792 = VERTEX_POINT ( 'NONE', #1001 ) ;
#793 = CARTESIAN_POINT ( 'NONE',  ( 12.50000000000001776, 88.65803263805835854, -1.000000000000000000 ) ) ;
#794 = CARTESIAN_POINT ( 'NONE',  ( 92.09999999999999432, -75.00000000000001421, 4.000000000000010658 ) ) ;
#795 = EDGE_CURVE ( 'NONE', #76, #1982, #3172, .T. ) ;
#796 = EDGE_LOOP ( 'NONE', ( #113, #2706, #742, #839, #1153, #515 ) ) ;
#797 = DIRECTION ( 'NONE',  ( 0.8660254037844384856, 0.5000000000000002220, 0.000000000000000000 ) ) ;
#798 = CLOSED_SHELL ( 'NONE', ( #2625, #2634, #3357, #2596, #3723, #3234, #2763, #206, #2501, #3737, #3241, #729, #1070, #1845, #1431, #497, #1603, #2543, #2386, #1921, #2972, #3312, #3238, #3796, #3082, #126, #324, #855, #1969, #1777, #1286, #2911, #246, #1562, #1386, #2197, #1340, #3451, #1707, #2917, #3567, #2645, #1906, #1506, #1045, #3336, #49, #2194, #3561, #673, #2419, #1627, #1797, #476, #212, #3111, #1050, #1955, #444, #2598, #1126, #1795, #1412, #2891, #617, #334, #2308, #2428, #623, #1247, #3053, #805, #2573, #3678, #105, #2621, #714, #2263, #1510, #1150, #2196, #3544, #1856, #1893, #2380, #1872, #1343, #2862, #2512, #2053, #964, #2020, #1459, #670, #3733, #3605, #3292, #3404, #1755, #3683, #1609, #1871, #1256, #2945, #2160, #1999, #3028, #2929, #2730, #2341, #744, #361, #3402, #3808, #3285, #381, #627, #2110, #158, #1673, #322, #861, #75, #1504, #3134, #3470 ) ) ;
#799 = CARTESIAN_POINT ( 'NONE',  ( 12.99999999999999822, 35.00000000000002842, -3.000000000000000000 ) ) ;
#800 = CARTESIAN_POINT ( 'NONE',  ( 16.00000000000007461, -75.00000000000001421, 0.000000000000000000 ) ) ;
#801 = VECTOR ( 'NONE', #3793, 1000.000000000000000 ) ;
#802 = EDGE_CURVE ( 'NONE', #2145, #2448, #2567, .T. ) ;
#803 = VECTOR ( 'NONE', #3297, 1000.000000000000114 ) ;
#804 = CARTESIAN_POINT ( 'NONE',  ( 79.25000000000000000, 73.74999999999985789, 0.000000000000000000 ) ) ;
#805 = ADVANCED_FACE ( 'NONE', ( #468 ), #1995, .F. ) ;
#806 = EDGE_LOOP ( 'NONE', ( #2883, #1314, #664, #2307 ) ) ;
#807 = LINE ( 'NONE', #1443, #1517 ) ;
#808 = EDGE_CURVE ( 'NONE', #2745, #2096, #1080, .T. ) ;
#809 = LINE ( 'NONE', #3214, #2481 ) ;
#810 = DIRECTION ( 'NONE',  ( -0.000000000000000000, -0.000000000000000000, -1.000000000000000000 ) ) ;
#811 = ORIENTED_EDGE ( 'NONE', *, *, #14, .F. ) ;
#812 = EDGE_CURVE ( 'NONE', #3176, #2601, #3240, .T. ) ;
#813 = DIRECTION ( 'NONE',  ( -0.8660254037844395958, -0.4999999999999982236, -0.000000000000000000 ) ) ;
#814 = EDGE_LOOP ( 'NONE', ( #620, #2748, #782, #3551 ) ) ;
#815 = ORIENTED_EDGE ( 'NONE', *, *, #1418, .T. ) ;
#816 = DIRECTION ( 'NONE',  ( -0.000000000000000000, -0.000000000000000000, 1.000000000000000000 ) ) ;
#817 = DIRECTION ( 'NONE',  ( 1.000000000000000000, 8.577124726708580637E-17, 0.000000000000000000 ) ) ;
#818 = LINE ( 'NONE', #2663, #3752 ) ;
#819 = VECTOR ( 'NONE', #2401, 1000.000000000000114 ) ;
#820 = DIRECTION ( 'NONE',  ( -1.000000000000000000, -0.000000000000000000, 0.000000000000000000 ) ) ;
#821 = DIRECTION ( 'NONE',  ( 0.000000000000000000, 0.000000000000000000, 1.000000000000000000 ) ) ;
#822 = DIRECTION ( 'NONE',  ( 0.000000000000000000, 0.000000000000000000, -1.000000000000000000 ) ) ;
#823 = VECTOR ( 'NONE', #218, 1000.000000000000000 ) ;
#824 = AXIS2_PLACEMENT_3D ( 'NONE', #3547, #2918, #474 ) ;
#825 = DIRECTION ( 'NONE',  ( 1.000000000000000000, 2.220446049250311848E-16, 0.000000000000000000 ) ) ;
#826 = FACE_OUTER_BOUND ( 'NONE', #932, .T. ) ;
#827 = VECTOR ( 'NONE', #3698, 1000.000000000000000 ) ;
#828 = ORIENTED_EDGE ( 'NONE', *, *, #1633, .F. ) ;
#829 = DIRECTION ( 'NONE',  ( -0.000000000000000000, -0.000000000000000000, 1.000000000000000000 ) ) ;
#830 = EDGE_LOOP ( 'NONE', ( #428, #3667, #3878, #761 ) ) ;
#831 = VERTEX_POINT ( 'NONE', #1933 ) ;
#832 = CARTESIAN_POINT ( 'NONE',  ( -15.49999999999998757, -80.00000000000001421, -2.999999999999993783 ) ) ;
#833 = ORIENTED_EDGE ( 'NONE', *, *, #447, .F. ) ;
#834 = VERTEX_POINT ( 'NONE', #695 ) ;
#835 = EDGE_CURVE ( 'NONE', #3766, #3966, #1640, .T. ) ;
#836 = LINE ( 'NONE', #502, #3718 ) ;
#837 = DIRECTION ( 'NONE',  ( 0.000000000000000000, 0.000000000000000000, -1.000000000000000000 ) ) ;
#838 = CARTESIAN_POINT ( 'NONE',  ( 31.21320343559665034, 84.99999999999985789, -6.000000000000000000 ) ) ;
#839 = ORIENTED_EDGE ( 'NONE', *, *, #1622, .F. ) ;
#840 = AXIS2_PLACEMENT_3D ( 'NONE', #1501, #2799, #3081 ) ;
#841 = FACE_OUTER_BOUND ( 'NONE', #161, .T. ) ;
#842 = PLANE ( 'NONE',  #3786 ) ;
#843 = DIRECTION ( 'NONE',  ( -0.000000000000000000, -0.000000000000000000, 1.000000000000000000 ) ) ;
#844 = DIRECTION ( 'NONE',  ( 0.8660254037844382635, 0.5000000000000004441, 0.000000000000000000 ) ) ;
#845 = CARTESIAN_POINT ( 'NONE',  ( 32.14999999999999858, 72.02664611367326586, 0.000000000000000000 ) ) ;
#846 = LINE ( 'NONE', #445, #168 ) ;
#847 = DIRECTION ( 'NONE',  ( 0.8660254037844395958, 0.4999999999999981681, 0.000000000000000000 ) ) ;
#848 = EDGE_CURVE ( 'NONE', #3510, #3735, #2544, .T. ) ;
#849 = FACE_OUTER_BOUND ( 'NONE', #3174, .T. ) ;
#850 = CARTESIAN_POINT ( 'NONE',  ( 17.14999999999999858, 80.02664611367346481, -3.000000000000000000 ) ) ;
#851 = CARTESIAN_POINT ( 'NONE',  ( 32.15000000000001279, 58.02664611367345771, -3.000000000000000000 ) ) ;
#852 = AXIS2_PLACEMENT_3D ( 'NONE', #3629, #3329, #3900 ) ;
#853 = ORIENTED_EDGE ( 'NONE', *, *, #2610, .F. ) ;
#854 = DIRECTION ( 'NONE',  ( 0.000000000000000000, 0.000000000000000000, 1.000000000000000000 ) ) ;
#855 = ADVANCED_FACE ( 'NONE', ( #2234 ), #3460, .F. ) ;
#856 = CARTESIAN_POINT ( 'NONE',  ( 91.50000000000000000, -80.00000000000001421, 4.599999999999999645 ) ) ;
#857 = VECTOR ( 'NONE', #1226, 1000.000000000000000 ) ;
#858 = DIRECTION ( 'NONE',  ( -1.000000000000000000, 0.000000000000000000, 0.000000000000000000 ) ) ;
#859 = ORIENTED_EDGE ( 'NONE', *, *, #999, .F. ) ;
#860 = CARTESIAN_POINT ( 'NONE',  ( 18.14999999999999503, 37.97335388632660624, -3.000000000000000000 ) ) ;
#861 = ADVANCED_FACE ( 'NONE', ( #193 ), #866, .T. ) ;
#862 = ORIENTED_EDGE ( 'NONE', *, *, #924, .F. ) ;
#863 = DIRECTION ( 'NONE',  ( 1.000000000000000000, 0.000000000000000000, 0.000000000000000000 ) ) ;
#864 = VERTEX_POINT ( 'NONE', #3841 ) ;
#865 = DIRECTION ( 'NONE',  ( -0.000000000000000000, -0.000000000000000000, 1.000000000000000000 ) ) ;
#866 = CYLINDRICAL_SURFACE ( 'NONE', #3884, 9.999999999999994671 ) ;
#867 = DIRECTION ( 'NONE',  ( -0.000000000000000000, -0.000000000000000000, 1.000000000000000000 ) ) ;
#868 = ORIENTED_EDGE ( 'NONE', *, *, #1681, .T. ) ;
#869 = CARTESIAN_POINT ( 'NONE',  ( 43.00000000000000711, -67.00000000000002842, 0.000000000000000000 ) ) ;
#870 = CARTESIAN_POINT ( 'NONE',  ( 15.25000000000000533, 83.00000000000002842, -3.000000000000000000 ) ) ;
#871 = EDGE_CURVE ( 'NONE', #475, #1894, #2951, .T. ) ;
#872 = FACE_OUTER_BOUND ( 'NONE', #2886, .T. ) ;
#873 = CARTESIAN_POINT ( 'NONE',  ( -15.49999999999998757, -80.00000000000001421, -0.7499999999999933387 ) ) ;
#874 = ORIENTED_EDGE ( 'NONE', *, *, #440, .T. ) ;
#875 = CARTESIAN_POINT ( 'NONE',  ( 85.09999999999998010, -75.00000000000001421, -5.249999999999992006 ) ) ;
#876 = DIRECTION ( 'NONE',  ( -0.5000000000000019984, 0.8660254037844375974, 0.000000000000000000 ) ) ;
#877 = EDGE_LOOP ( 'NONE', ( #719, #291, #2464, #2504 ) ) ;
#878 = DIRECTION ( 'NONE',  ( -0.000000000000000000, -0.000000000000000000, 1.000000000000000000 ) ) ;
#879 = EDGE_CURVE ( 'NONE', #3973, #375, #807, .T. ) ;
#880 = DIRECTION ( 'NONE',  ( 0.000000000000000000, 0.000000000000000000, 1.000000000000000000 ) ) ;
#881 = EDGE_CURVE ( 'NONE', #1932, #2942, #2865, .T. ) ;
#882 = VECTOR ( 'NONE', #2425, 1000.000000000000114 ) ;
#883 = CARTESIAN_POINT ( 'NONE',  ( -9.750000000000000000, 113.0000000000000284, -3.000000000000000000 ) ) ;
#884 = VECTOR ( 'NONE', #3911, 1000.000000000000000 ) ;
#885 = ORIENTED_EDGE ( 'NONE', *, *, #3397, .F. ) ;
#886 = CARTESIAN_POINT ( 'NONE',  ( 92.09999999999999432, -79.40000000000001990, -10.00000000000000000 ) ) ;
#887 = CARTESIAN_POINT ( 'NONE',  ( -7.000000000000006217, 58.00000000000003553, -6.000000000000000000 ) ) ;
#888 = VECTOR ( 'NONE', #1699, 1000.000000000000000 ) ;
#889 = FACE_BOUND ( 'NONE', #691, .T. ) ;
#890 = DIRECTION ( 'NONE',  ( -0.7071067811865465735, 0.000000000000000000, -0.7071067811865484609 ) ) ;
#891 = CARTESIAN_POINT ( 'NONE',  ( 26.49999999999999645, 80.65803263805818801, -1.000000000000000000 ) ) ;
#892 = EDGE_LOOP ( 'NONE', ( #3760, #2470, #2825, #2794, #1948, #2585 ) ) ;
#893 = EDGE_CURVE ( 'NONE', #3378, #1870, #2037, .T. ) ;
#894 = ORIENTED_EDGE ( 'NONE', *, *, #3471, .F. ) ;
#895 = DIRECTION ( 'NONE',  ( 1.000000000000000000, -1.387778780781446464E-15, 0.000000000000000000 ) ) ;
#896 = PLANE ( 'NONE',  #55 ) ;
#897 = LINE ( 'NONE', #585, #109 ) ;
#898 = CARTESIAN_POINT ( 'NONE',  ( 12.99999999999999822, 35.00000000000002842, -6.000000000000000000 ) ) ;
#899 = ORIENTED_EDGE ( 'NONE', *, *, #2503, .T. ) ;
#900 = EDGE_CURVE ( 'NONE', #3918, #1245, #3580, .T. ) ;
#901 = CARTESIAN_POINT ( 'NONE',  ( 12.50000000000001776, 88.65803263805835854, 0.000000000000000000 ) ) ;
#902 = LINE ( 'NONE', #2109, #1016 ) ;
#903 = VECTOR ( 'NONE', #2592, 1000.000000000000114 ) ;
#904 = EDGE_CURVE ( 'NONE', #1240, #1980, #3885, .T. ) ;
#905 = DIRECTION ( 'NONE',  ( 0.6666666666666640761, 0.6666666666666686281, -0.3333333333333343140 ) ) ;
#906 = VECTOR ( 'NONE', #8, 1000.000000000000000 ) ;
#907 = DIRECTION ( 'NONE',  ( -8.577124726708580637E-17, 1.000000000000000000, 0.000000000000000000 ) ) ;
#908 = DIRECTION ( 'NONE',  ( -1.000000000000000000, 0.000000000000000000, 0.000000000000000000 ) ) ;
#909 = AXIS2_PLACEMENT_3D ( 'NONE', #2650, #2374, #528 ) ;
#910 = DIRECTION ( 'NONE',  ( 0.000000000000000000, 0.000000000000000000, -1.000000000000000000 ) ) ;
#911 = ORIENTED_EDGE ( 'NONE', *, *, #1726, .T. ) ;
#912 = CARTESIAN_POINT ( 'NONE',  ( 23.75000000000000711, 61.00000000000003553, -6.000000000000000000 ) ) ;
#913 = ORIENTED_EDGE ( 'NONE', *, *, #2134, .F. ) ;
#914 = CARTESIAN_POINT ( 'NONE',  ( 26.50000000000003553, 66.65803263805835854, 0.000000000000000000 ) ) ;
#915 = VECTOR ( 'NONE', #3770, 1000.000000000000000 ) ;
#916 = LINE ( 'NONE', #2104, #3764 ) ;
#917 = AXIS2_PLACEMENT_3D ( 'NONE', #3847, #2325, #3545 ) ;
#918 = DIRECTION ( 'NONE',  ( 0.000000000000000000, 1.000000000000000000, 0.000000000000000000 ) ) ;
#919 = EDGE_CURVE ( 'NONE', #2280, #1257, #2975, .T. ) ;
#920 = ORIENTED_EDGE ( 'NONE', *, *, #2953, .F. ) ;
#921 = LINE ( 'NONE', #3673, #1198 ) ;
#922 = EDGE_CURVE ( 'NONE', #2069, #1287, #2320, .T. ) ;
#923 = CARTESIAN_POINT ( 'NONE',  ( 0.000000000000000000, -68.07179676972441484, -6.000000000000000000 ) ) ;
#924 = EDGE_CURVE ( 'NONE', #3952, #3239, #3274, .T. ) ;
#925 = CARTESIAN_POINT ( 'NONE',  ( -4.333333333333320603, -74.33333333333338544, 22.16666666666666785 ) ) ;
#926 = VECTOR ( 'NONE', #3517, 1000.000000000000000 ) ;
#927 = EDGE_CURVE ( 'NONE', #1555, #3176, #269, .T. ) ;
#928 = VERTEX_POINT ( 'NONE', #2693 ) ;
#929 = DIRECTION ( 'NONE',  ( 0.000000000000000000, 0.000000000000000000, 1.000000000000000000 ) ) ;
#930 = EDGE_CURVE ( 'NONE', #1257, #388, #2375, .T. ) ;
#931 = CARTESIAN_POINT ( 'NONE',  ( 17.14999999999999858, 80.02664611367346481, -3.000000000000000000 ) ) ;
#932 = EDGE_LOOP ( 'NONE', ( #1588, #424, #2803 ) ) ;
#933 = EDGE_LOOP ( 'NONE', ( #1446, #2893, #2939, #3072 ) ) ;
#934 = LINE ( 'NONE', #2755, #2652 ) ;
#935 = ORIENTED_EDGE ( 'NONE', *, *, #881, .T. ) ;
#936 = DIRECTION ( 'NONE',  ( -1.000000000000000000, 0.000000000000000000, 0.000000000000000000 ) ) ;
#937 = EDGE_CURVE ( 'NONE', #3892, #3299, #3540, .T. ) ;
#938 = LINE ( 'NONE', #3959, #185 ) ;
#939 = ORIENTED_EDGE ( 'NONE', *, *, #2378, .F. ) ;
#940 = DIRECTION ( 'NONE',  ( -1.000000000000000000, 0.000000000000000000, 0.000000000000000000 ) ) ;
#941 = ORIENTED_EDGE ( 'NONE', *, *, #1943, .T. ) ;
#942 = ORIENTED_EDGE ( 'NONE', *, *, #3890, .F. ) ;
#943 = LINE ( 'NONE', #676, #1333 ) ;
#944 = CARTESIAN_POINT ( 'NONE',  ( -15.49999999999998757, -68.63603896932107773, -2.999999999999993783 ) ) ;
#945 = VECTOR ( 'NONE', #3916, 1000.000000000000000 ) ;
#946 = VECTOR ( 'NONE', #3717, 1000.000000000000000 ) ;
#947 = LINE ( 'NONE', #2895, #3568 ) ;
#948 = DIRECTION ( 'NONE',  ( -1.000000000000000000, 0.000000000000000000, 0.000000000000000000 ) ) ;
#949 = CARTESIAN_POINT ( 'NONE',  ( 38.00000000000000000, 55.89999999999984936, 0.000000000000000000 ) ) ;
#950 = ORIENTED_EDGE ( 'NONE', *, *, #779, .F. ) ;
#951 = EDGE_CURVE ( 'NONE', #517, #3609, #3259, .T. ) ;
#952 = AXIS2_PLACEMENT_3D ( 'NONE', #3981, #2457, #635 ) ;
#953 = CARTESIAN_POINT ( 'NONE',  ( 0.000000000000000000, -75.00000000000001421, 0.000000000000000000 ) ) ;
#954 = EDGE_LOOP ( 'NONE', ( #1417, #2, #537, #625, #3726, #3797 ) ) ;
#955 = DIRECTION ( 'NONE',  ( -0.8660254037844388186, 0.4999999999999997224, 0.000000000000000000 ) ) ;
#956 = ORIENTED_EDGE ( 'NONE', *, *, #3982, .T. ) ;
#957 = DIRECTION ( 'NONE',  ( 0.5773502691896257311, 0.5773502691896257311, -0.5773502691896257311 ) ) ;
#958 = DIRECTION ( 'NONE',  ( 0.000000000000000000, -1.000000000000000000, 0.000000000000000000 ) ) ;
#959 = ORIENTED_EDGE ( 'NONE', *, *, #740, .T. ) ;
#960 =( LENGTH_UNIT ( ) NAMED_UNIT ( * ) SI_UNIT ( .MILLI., .METRE. ) );
#961 = VERTEX_POINT ( 'NONE', #3600 ) ;
#962 = DIRECTION ( 'NONE',  ( -0.000000000000000000, -1.000000000000000000, 0.000000000000000000 ) ) ;
#963 = CARTESIAN_POINT ( 'NONE',  ( 79.25000000000000000, 60.89999999999987068, 0.000000000000000000 ) ) ;
#964 = ADVANCED_FACE ( 'NONE', ( #489 ), #1735, .F. ) ;
#965 = VECTOR ( 'NONE', #3481, 1000.000000000000000 ) ;
#966 = PLANE ( 'NONE',  #2179 ) ;
#967 = CARTESIAN_POINT ( 'NONE',  ( -12.99999999999998401, 68.00000000000002842, -6.000000000000000000 ) ) ;
#968 = EDGE_CURVE ( 'NONE', #3499, #1165, #3313, .T. ) ;
#969 = AXIS2_PLACEMENT_3D ( 'NONE', #3100, #2103, #2432 ) ;
#970 = ORIENTED_EDGE ( 'NONE', *, *, #677, .T. ) ;
#971 = EDGE_CURVE ( 'NONE', #2837, #1004, #549, .T. ) ;
#972 = LINE ( 'NONE', #663, #323 ) ;
#973 = VERTEX_POINT ( 'NONE', #3012 ) ;
#974 = PLANE ( 'NONE',  #3217 ) ;
#975 = EDGE_CURVE ( 'NONE', #3696, #3510, #247, .T. ) ;
#976 = ORIENTED_EDGE ( 'NONE', *, *, #3638, .F. ) ;
#977 = CIRCLE ( 'NONE', #3410, 3.250000000000009770 ) ;
#978 = LINE ( 'NONE', #2418, #1026 ) ;
#979 = CARTESIAN_POINT ( 'NONE',  ( -7.000000000000006217, 58.00000000000003553, 0.000000000000000000 ) ) ;
#980 = EDGE_LOOP ( 'NONE', ( #3467, #2571, #405, #496 ) ) ;
#981 = CIRCLE ( 'NONE', #1998, 3.249999999999999556 ) ;
#982 = ORIENTED_EDGE ( 'NONE', *, *, #1685, .F. ) ;
#983 = VERTEX_POINT ( 'NONE', #33 ) ;
#984 = CARTESIAN_POINT ( 'NONE',  ( 38.00000000000000711, -24.99999999999998579, 1.084202172485504434E-14 ) ) ;
#985 = DIRECTION ( 'NONE',  ( -0.4304919886589939071, 0.6382306196432510070, -0.6382306196432576684 ) ) ;
#986 = EDGE_LOOP ( 'NONE', ( #208, #1271, #3140, #495, #2936, #580, #724 ) ) ;
#987 = ORIENTED_EDGE ( 'NONE', *, *, #3051, .T. ) ;
#988 = PLANE ( 'NONE',  #1493 ) ;
#989 = AXIS2_PLACEMENT_3D ( 'NONE', #511, #880, #2074 ) ;
#990 = DIRECTION ( 'NONE',  ( 1.000000000000000000, 0.000000000000000000, 0.000000000000000000 ) ) ;
#991 = VERTEX_POINT ( 'NONE', #1846 ) ;
#992 = DIRECTION ( 'NONE',  ( -0.7071067811865439090, -0.7071067811865512365, -0.000000000000000000 ) ) ;
#993 = ORIENTED_EDGE ( 'NONE', *, *, #3158, .T. ) ;
#994 = CARTESIAN_POINT ( 'NONE',  ( 17.14999999999999858, 85.97335388632657782, -3.000000000000000000 ) ) ;
#995 = DIRECTION ( 'NONE',  ( 0.5043916028644296334, -0.7477913032523794135, -0.4317375102304172318 ) ) ;
#996 = CARTESIAN_POINT ( 'NONE',  ( 43.00000000000000000, -24.99999999999999645, 169.8835189181103544 ) ) ;
#997 = ORIENTED_EDGE ( 'NONE', *, *, #2364, .F. ) ;
#998 = LINE ( 'NONE', #85, #2617 ) ;
#999 = EDGE_CURVE ( 'NONE', #3119, #3589, #1178, .T. ) ;
#1000 = VERTEX_POINT ( 'NONE', #1553 ) ;
#1001 = CARTESIAN_POINT ( 'NONE',  ( 30.25000000000001421, 61.00000000000003553, -6.000000000000000000 ) ) ;
#1002 = CARTESIAN_POINT ( 'NONE',  ( -15.49999999999998757, -80.00000000000001421, -5.249999999999994671 ) ) ;
#1003 = VECTOR ( 'NONE', #1360, 1000.000000000000000 ) ;
#1004 = VERTEX_POINT ( 'NONE', #335 ) ;
#1005 = VERTEX_POINT ( 'NONE', #649 ) ;
#1006 = ORIENTED_EDGE ( 'NONE', *, *, #2452, .F. ) ;
#1007 = FACE_OUTER_BOUND ( 'NONE', #2556, .T. ) ;
#1008 = CARTESIAN_POINT ( 'NONE',  ( 0.000000000000000000, -75.00000000000001421, 8.000000000000062172 ) ) ;
#1009 = AXIS2_PLACEMENT_3D ( 'NONE', #3950, #3094, #3681 ) ;
#1010 = ORIENTED_EDGE ( 'NONE', *, *, #2149, .T. ) ;
#1011 = ORIENTED_EDGE ( 'NONE', *, *, #848, .F. ) ;
#1012 = LINE ( 'NONE', #3728, #522 ) ;
#1013 = DIRECTION ( 'NONE',  ( 1.000000000000000000, 0.000000000000000000, 0.000000000000000000 ) ) ;
#1014 =( GEOMETRIC_REPRESENTATION_CONTEXT ( 3 ) GLOBAL_UNCERTAINTY_ASSIGNED_CONTEXT ( ( #2214 ) ) GLOBAL_UNIT_ASSIGNED_CONTEXT ( ( #960, #3107, #2804 ) ) REPRESENTATION_CONTEXT ( 'NONE', 'WORKASPACE' ) );
#1015 = EDGE_CURVE ( 'NONE', #2559, #2177, #3692, .T. ) ;
#1016 = VECTOR ( 'NONE', #3390, 1000.000000000000114 ) ;
#1017 = CARTESIAN_POINT ( 'NONE',  ( 11.99999999999999645, 77.05329222734688699, 0.000000000000000000 ) ) ;
#1018 = CARTESIAN_POINT ( 'NONE',  ( 3.000000000000008882, -67.00000000000001421, 21.00000000000001421 ) ) ;
#1019 = VERTEX_POINT ( 'NONE', #2181 ) ;
#1020 = EDGE_LOOP ( 'NONE', ( #190, #3126, #128, #3216 ) ) ;
#1021 = CARTESIAN_POINT ( 'NONE',  ( 79.25000000000000000, 60.89999999999987068, 169.8835189181103544 ) ) ;
#1022 = ORIENTED_EDGE ( 'NONE', *, *, #3474, .F. ) ;
#1023 = EDGE_CURVE ( 'NONE', #439, #362, #1268, .T. ) ;
#1024 = CARTESIAN_POINT ( 'NONE',  ( -16.25000000000000000, 113.0000000000000284, -6.000000000000000000 ) ) ;
#1025 = DIRECTION ( 'NONE',  ( 0.000000000000000000, 0.000000000000000000, -1.000000000000000000 ) ) ;
#1026 = VECTOR ( 'NONE', #318, 1000.000000000000000 ) ;
#1027 = EDGE_CURVE ( 'NONE', #2942, #1932, #2848, .T. ) ;
#1028 = DIRECTION ( 'NONE',  ( 0.5000000000000004441, 0.8660254037844383745, 0.000000000000000000 ) ) ;
#1029 = CARTESIAN_POINT ( 'NONE',  ( 85.09999999999998010, -80.00000000000001421, -0.7499999999999997780 ) ) ;
#1030 = ORIENTED_EDGE ( 'NONE', *, *, #2134, .T. ) ;
#1031 = ORIENTED_EDGE ( 'NONE', *, *, #2015, .F. ) ;
#1032 = DIRECTION ( 'NONE',  ( 6.938893903907228378E-17, -1.000000000000000000, 0.000000000000000000 ) ) ;
#1033 = CIRCLE ( 'NONE', #2054, 3.250000000000001332 ) ;
#1034 = CARTESIAN_POINT ( 'NONE',  ( 85.09999999999998010, -68.63603896932107773, -2.999999999999995559 ) ) ;
#1035 = ORIENTED_EDGE ( 'NONE', *, *, #1146, .F. ) ;
#1036 = PLANE ( 'NONE',  #518 ) ;
#1037 = LINE ( 'NONE', #1589, #2328 ) ;
#1038 = DIRECTION ( 'NONE',  ( -1.000000000000000000, 0.000000000000000000, 0.000000000000000000 ) ) ;
#1039 = DIRECTION ( 'NONE',  ( 0.8660254037844392627, -0.4999999999999990008, 0.000000000000000000 ) ) ;
#1040 = VECTOR ( 'NONE', #2292, 1000.000000000000114 ) ;
#1041 = ORIENTED_EDGE ( 'NONE', *, *, #473, .F. ) ;
#1042 = FACE_OUTER_BOUND ( 'NONE', #2618, .T. ) ;
#1043 = LINE ( 'NONE', #3484, #3690 ) ;
#1044 = VECTOR ( 'NONE', #3077, 1000.000000000000000 ) ;
#1045 = ADVANCED_FACE ( 'NONE', ( #2781 ), #2162, .F. ) ;
#1046 = VERTEX_POINT ( 'NONE', #3976 ) ;
#1047 = ORIENTED_EDGE ( 'NONE', *, *, #3254, .F. ) ;
#1048 = DIRECTION ( 'NONE',  ( -0.000000000000000000, -0.000000000000000000, 1.000000000000000000 ) ) ;
#1049 = CARTESIAN_POINT ( 'NONE',  ( 38.00000000000001421, -67.00000000000002842, 0.000000000000000000 ) ) ;
#1050 = ADVANCED_FACE ( 'NONE', ( #3385 ), #3123, .F. ) ;
#1051 = EDGE_CURVE ( 'NONE', #242, #3280, #1193, .T. ) ;
#1052 = ORIENTED_EDGE ( 'NONE', *, *, #1720, .T. ) ;
#1053 = VERTEX_POINT ( 'NONE', #3711 ) ;
#1054 = EDGE_CURVE ( 'NONE', #2345, #2511, #978, .T. ) ;
#1055 = PLANE ( 'NONE',  #450 ) ;
#1056 = CARTESIAN_POINT ( 'NONE',  ( -2.999999999999999556, 119.2132034355963555, 0.000000000000000000 ) ) ;
#1057 = FACE_OUTER_BOUND ( 'NONE', #830, .T. ) ;
#1058 = CARTESIAN_POINT ( 'NONE',  ( 13.00000000000000178, 29.05329222734688699, -3.000000000000000000 ) ) ;
#1059 = SURFACE_STYLE_USAGE ( .BOTH. , #1968 ) ;
#1060 = APPLICATION_PROTOCOL_DEFINITION ( 'draft international standard', 'automotive_design', 1998, #2593 ) ;
#1061 = ORIENTED_EDGE ( 'NONE', *, *, #2691, .T. ) ;
#1062 = DIRECTION ( 'NONE',  ( 0.000000000000000000, 0.000000000000000000, 1.000000000000000000 ) ) ;
#1063 = CARTESIAN_POINT ( 'NONE',  ( -6.830838508926212249, 121.0000000000000426, -6.000000000000000000 ) ) ;
#1064 = EDGE_CURVE ( 'NONE', #2770, #3914, #3635, .T. ) ;
#1065 = PLANE ( 'NONE',  #2237 ) ;
#1066 = PLANE ( 'NONE',  #1770 ) ;
#1067 = AXIS2_PLACEMENT_3D ( 'NONE', #1410, #1152, #2643 ) ;
#1068 = DIRECTION ( 'NONE',  ( 0.8660254037844382635, -0.5000000000000006661, 0.000000000000000000 ) ) ;
#1069 = CARTESIAN_POINT ( 'NONE',  ( 8.749999999999998224, 83.00000000000002842, -6.000000000000000000 ) ) ;
#1070 = ADVANCED_FACE ( 'NONE', ( #2105 ), #3042, .T. ) ;
#1071 = VECTOR ( 'NONE', #3091, 1000.000000000000000 ) ;
#1072 = VERTEX_POINT ( 'NONE', #3348 ) ;
#1073 = CARTESIAN_POINT ( 'NONE',  ( 9.749999999999992895, 35.00000000000002842, -6.000000000000000000 ) ) ;
#1074 = LINE ( 'NONE', #1654, #532 ) ;
#1075 = DIRECTION ( 'NONE',  ( -0.000000000000000000, -0.000000000000000000, 1.000000000000000000 ) ) ;
#1076 = AXIS2_PLACEMENT_3D ( 'NONE', #3067, #1808, #248 ) ;
#1077 = FACE_OUTER_BOUND ( 'NONE', #2242, .T. ) ;
#1078 = VECTOR ( 'NONE', #3520, 1000.000000000000000 ) ;
#1079 = ORIENTED_EDGE ( 'NONE', *, *, #1514, .T. ) ;
#1080 = LINE ( 'NONE', #2889, #1134 ) ;
#1081 = LINE ( 'NONE', #2301, #487 ) ;
#1082 = EDGE_LOOP ( 'NONE', ( #3165, #59, #3751, #338 ) ) ;
#1083 = ORIENTED_EDGE ( 'NONE', *, *, #3620, .F. ) ;
#1084 = CARTESIAN_POINT ( 'NONE',  ( 43.00000000000000000, -67.00000000000004263, 21.00000000000003553 ) ) ;
#1085 = ORIENTED_EDGE ( 'NONE', *, *, #3254, .T. ) ;
#1086 = EDGE_CURVE ( 'NONE', #2319, #3432, #605, .T. ) ;
#1087 = CARTESIAN_POINT ( 'NONE',  ( 92.09999999999999432, -75.00000000000001421, -10.00000000000000000 ) ) ;
#1088 = ORIENTED_EDGE ( 'NONE', *, *, #129, .T. ) ;
#1089 = EDGE_CURVE ( 'NONE', #1930, #3914, #938, .T. ) ;
#1090 = CARTESIAN_POINT ( 'NONE',  ( 63.59999999999993747, -75.00000000000001421, 15.25000000000000533 ) ) ;
#1091 = CARTESIAN_POINT ( 'NONE',  ( 43.00000000000000000, 55.89999999999984936, 169.8835189181103544 ) ) ;
#1092 = EDGE_CURVE ( 'NONE', #1563, #169, #10, .T. ) ;
#1093 = EDGE_CURVE ( 'NONE', #3735, #3434, #698, .T. ) ;
#1094 = PLANE ( 'NONE',  #382 ) ;
#1095 = CIRCLE ( 'NONE', #3842, 4.250000000000003553 ) ;
#1096 = EDGE_LOOP ( 'NONE', ( #2920, #1047, #1828, #1636 ) ) ;
#1097 = VERTEX_POINT ( 'NONE', #3065 ) ;
#1098 = DIRECTION ( 'NONE',  ( -1.000000000000000000, 0.000000000000000000, 0.000000000000000000 ) ) ;
#1099 = CARTESIAN_POINT ( 'NONE',  ( 12.99999999999999467, 40.94670777265317696, -3.000000000000000000 ) ) ;
#1100 = EDGE_CURVE ( 'NONE', #3378, #1763, #2140, .T. ) ;
#1101 = CARTESIAN_POINT ( 'NONE',  ( 7.999999999999994671, 48.00000000000002132, 0.000000000000000000 ) ) ;
#1102 = DIRECTION ( 'NONE',  ( 0.000000000000000000, 0.000000000000000000, -1.000000000000000000 ) ) ;
#1103 = ORIENTED_EDGE ( 'NONE', *, *, #2269, .T. ) ;
#1104 = AXIS2_PLACEMENT_3D ( 'NONE', #508, #3553, #209 ) ;
#1105 = LINE ( 'NONE', #2000, #654 ) ;
#1106 = ORIENTED_EDGE ( 'NONE', *, *, #423, .T. ) ;
#1107 = VERTEX_POINT ( 'NONE', #2471 ) ;
#1108 = FACE_OUTER_BOUND ( 'NONE', #2324, .T. ) ;
#1109 = ORIENTED_EDGE ( 'NONE', *, *, #3518, .T. ) ;
#1110 = ORIENTED_EDGE ( 'NONE', *, *, #504, .F. ) ;
#1111 = EDGE_CURVE ( 'NONE', #534, #1161, #1868, .T. ) ;
#1112 = VECTOR ( 'NONE', #308, 1000.000000000000114 ) ;
#1113 = EDGE_LOOP ( 'NONE', ( #997, #2791, #337, #1679 ) ) ;
#1114 = ORIENTED_EDGE ( 'NONE', *, *, #2940, .T. ) ;
#1115 = DIRECTION ( 'NONE',  ( -0.000000000000000000, -0.000000000000000000, 1.000000000000000000 ) ) ;
#1116 = DIRECTION ( 'NONE',  ( 0.000000000000000000, 1.000000000000000000, 0.000000000000000000 ) ) ;
#1117 = ORIENTED_EDGE ( 'NONE', *, *, #1965, .F. ) ;
#1118 = DIRECTION ( 'NONE',  ( -0.000000000000000000, -0.000000000000000000, 1.000000000000000000 ) ) ;
#1119 = ORIENTED_EDGE ( 'NONE', *, *, #2389, .F. ) ;
#1120 = DIRECTION ( 'NONE',  ( 0.000000000000000000, -1.000000000000000000, 0.000000000000000000 ) ) ;
#1121 = EDGE_LOOP ( 'NONE', ( #1566, #575, #2842, #2910 ) ) ;
#1122 = CYLINDRICAL_SURFACE ( 'NONE', #2165, 3.250000000000002665 ) ;
#1123 = DIRECTION ( 'NONE',  ( 0.000000000000000000, 0.000000000000000000, 1.000000000000000000 ) ) ;
#1124 = DIRECTION ( 'NONE',  ( 1.000000000000000000, 0.000000000000000000, -0.000000000000000000 ) ) ;
#1125 = FACE_OUTER_BOUND ( 'NONE', #2142, .T. ) ;
#1126 = ADVANCED_FACE ( 'NONE', ( #3209 ), #2203, .F. ) ;
#1127 = DIRECTION ( 'NONE',  ( 0.8660254037844378194, 0.5000000000000015543, 0.000000000000000000 ) ) ;
#1128 = ORIENTED_EDGE ( 'NONE', *, *, #3314, .T. ) ;
#1129 = LINE ( 'NONE', #3893, #884 ) ;
#1130 = ORIENTED_EDGE ( 'NONE', *, *, #1731, .T. ) ;
#1131 = EDGE_LOOP ( 'NONE', ( #1052, #1994, #453, #2348, #2530, #1607 ) ) ;
#1132 = DIRECTION ( 'NONE',  ( 0.7071067811865484609, -0.000000000000000000, -0.7071067811865465735 ) ) ;
#1133 = LINE ( 'NONE', #1692, #2410 ) ;
#1134 = VECTOR ( 'NONE', #2212, 1000.000000000000000 ) ;
#1135 = DIRECTION ( 'NONE',  ( 0.7071067811865470176, -0.7071067811865479058, 0.000000000000000000 ) ) ;
#1136 = LINE ( 'NONE', #912, #857 ) ;
#1137 = DIRECTION ( 'NONE',  ( -1.000000000000000000, 0.000000000000000000, 0.000000000000000000 ) ) ;
#1138 = EDGE_CURVE ( 'NONE', #1889, #1513, #774, .T. ) ;
#1139 = DIRECTION ( 'NONE',  ( 0.8660254037844392627, 0.4999999999999990008, 0.000000000000000000 ) ) ;
#1140 = VECTOR ( 'NONE', #525, 1000.000000000000000 ) ;
#1141 = CIRCLE ( 'NONE', #3894, 2.250000000000000888 ) ;
#1142 = DIRECTION ( 'NONE',  ( -1.163534038764931419E-16, 1.000000000000000000, 0.000000000000000000 ) ) ;
#1143 = DIRECTION ( 'NONE',  ( 0.000000000000000000, -0.7071067811865512365, -0.7071067811865439090 ) ) ;
#1144 = VECTOR ( 'NONE', #127, 1000.000000000000000 ) ;
#1145 = CARTESIAN_POINT ( 'NONE',  ( -6.830838508926212249, 116.0000000000000284, 0.000000000000000000 ) ) ;
#1146 = EDGE_CURVE ( 'NONE', #1245, #2435, #2294, .T. ) ;
#1147 = CARTESIAN_POINT ( 'NONE',  ( -18.15000000000000568, 115.9733538863265636, -3.000000000000000000 ) ) ;
#1148 = CARTESIAN_POINT ( 'NONE',  ( -12.99999999999998401, 68.00000000000002842, -6.000000000000000000 ) ) ;
#1149 = VECTOR ( 'NONE', #599, 1000.000000000000114 ) ;
#1150 = ADVANCED_FACE ( 'NONE', ( #437 ), #1905, .T. ) ;
#1151 = DIRECTION ( 'NONE',  ( 0.000000000000000000, -1.000000000000000000, 0.000000000000000000 ) ) ;
#1152 = DIRECTION ( 'NONE',  ( -0.4999999999999997224, -0.8660254037844388186, 0.000000000000000000 ) ) ;
#1153 = ORIENTED_EDGE ( 'NONE', *, *, #808, .F. ) ;
#1154 = ORIENTED_EDGE ( 'NONE', *, *, #2758, .T. ) ;
#1155 = CARTESIAN_POINT ( 'NONE',  ( 27.00000000000000355, 74.99999999999984368, -3.000000000000000000 ) ) ;
#1156 = CARTESIAN_POINT ( 'NONE',  ( -8.299999999999993605, -93.60000000000005116, 18.19999999999998153 ) ) ;
#1157 = CARTESIAN_POINT ( 'NONE',  ( -12.99999999999997868, 118.9467077726531556, 0.000000000000000000 ) ) ;
#1158 = CARTESIAN_POINT ( 'NONE',  ( -12.99999999999998401, 68.00000000000002842, -3.000000000000000000 ) ) ;
#1159 = VECTOR ( 'NONE', #2649, 1000.000000000000000 ) ;
#1160 = CARTESIAN_POINT ( 'NONE',  ( 81.81124969497314225, 84.99999999999984368, -6.000000000000000000 ) ) ;
#1161 = VERTEX_POINT ( 'NONE', #119 ) ;
#1162 = DIRECTION ( 'NONE',  ( 0.000000000000000000, 0.000000000000000000, 1.000000000000000000 ) ) ;
#1163 = CARTESIAN_POINT ( 'NONE',  ( -7.849999999999978328, 65.02664611367345060, -3.000000000000000000 ) ) ;
#1164 = EDGE_CURVE ( 'NONE', #2145, #174, #3142, .T. ) ;
#1165 = VERTEX_POINT ( 'NONE', #1017 ) ;
#1166 = VECTOR ( 'NONE', #797, 1000.000000000000227 ) ;
#1167 = AXIS2_PLACEMENT_3D ( 'NONE', #2739, #2488, #3704 ) ;
#1168 = ORIENTED_EDGE ( 'NONE', *, *, #639, .T. ) ;
#1169 = FACE_BOUND ( 'NONE', #1671, .T. ) ;
#1170 = CARTESIAN_POINT ( 'NONE',  ( -12.49999999999998046, 73.65803263805838696, 0.000000000000000000 ) ) ;
#1171 = VECTOR ( 'NONE', #494, 1000.000000000000000 ) ;
#1172 = FACE_OUTER_BOUND ( 'NONE', #1344, .T. ) ;
#1173 = ORIENTED_EDGE ( 'NONE', *, *, #3308, .T. ) ;
#1174 = EDGE_CURVE ( 'NONE', #3696, #2898, #1037, .T. ) ;
#1175 = DIRECTION ( 'NONE',  ( 0.8660254037844377084, -0.5000000000000017764, 0.000000000000000000 ) ) ;
#1176 = FACE_OUTER_BOUND ( 'NONE', #986, .T. ) ;
#1177 = DIRECTION ( 'NONE',  ( -0.000000000000000000, -0.000000000000000000, 1.000000000000000000 ) ) ;
#1178 = CIRCLE ( 'NONE', #2722, 3.250000000000002665 ) ;
#1179 = CYLINDRICAL_SURFACE ( 'NONE', #235, 3.250000000000002665 ) ;
#1180 = DIRECTION ( 'NONE',  ( -0.8660254037844369313, 0.5000000000000029976, 0.000000000000000000 ) ) ;
#1181 = PLANE ( 'NONE',  #1578 ) ;
#1182 = EDGE_CURVE ( 'NONE', #1825, #1930, #1289, .T. ) ;
#1183 = ORIENTED_EDGE ( 'NONE', *, *, #3507, .F. ) ;
#1184 = PLANE ( 'NONE',  #3355 ) ;
#1185 = DIRECTION ( 'NONE',  ( -1.000000000000000000, 0.000000000000000000, 0.000000000000000000 ) ) ;
#1186 = ORIENTED_EDGE ( 'NONE', *, *, #3864, .F. ) ;
#1187 = DIRECTION ( 'NONE',  ( -0.000000000000000000, -0.000000000000000000, 1.000000000000000000 ) ) ;
#1188 = ORIENTED_EDGE ( 'NONE', *, *, #2389, .T. ) ;
#1189 = FACE_OUTER_BOUND ( 'NONE', #2869, .T. ) ;
#1190 = CARTESIAN_POINT ( 'NONE',  ( -12.99999999999999112, 107.0532922273468870, 0.000000000000000000 ) ) ;
#1191 = EDGE_CURVE ( 'NONE', #1567, #2832, #399, .T. ) ;
#1192 = EDGE_CURVE ( 'NONE', #1619, #1283, #1374, .T. ) ;
#1193 = LINE ( 'NONE', #1518, #2231 ) ;
#1194 = AXIS2_PLACEMENT_3D ( 'NONE', #2861, #726, #3141 ) ;
#1195 = DIRECTION ( 'NONE',  ( 0.000000000000000000, 0.000000000000000000, 1.000000000000000000 ) ) ;
#1196 = VECTOR ( 'NONE', #1780, 1000.000000000000000 ) ;
#1197 = CYLINDRICAL_SURFACE ( 'NONE', #103, 2.250000000000000888 ) ;
#1198 = VECTOR ( 'NONE', #3029, 1000.000000000000000 ) ;
#1199 = ORIENTED_EDGE ( 'NONE', *, *, #2610, .T. ) ;
#1200 = EDGE_CURVE ( 'NONE', #1585, #3952, #1074, .T. ) ;
#1201 = CARTESIAN_POINT ( 'NONE',  ( 43.00000000000000000, 55.89999999999984936, 0.000000000000000000 ) ) ;
#1202 = DIRECTION ( 'NONE',  ( -0.8660254037844381525, 0.5000000000000006661, 0.000000000000000000 ) ) ;
#1203 = DIRECTION ( 'NONE',  ( -0.8660254037844383745, -0.5000000000000004441, -0.000000000000000000 ) ) ;
#1204 = ORIENTED_EDGE ( 'NONE', *, *, #3436, .F. ) ;
#1205 = VERTEX_POINT ( 'NONE', #101 ) ;
#1206 = DIRECTION ( 'NONE',  ( 0.000000000000000000, 0.000000000000000000, -1.000000000000000000 ) ) ;
#1207 = CARTESIAN_POINT ( 'NONE',  ( 81.81124969497314225, 74.99999999999984368, -6.000000000000005329 ) ) ;
#1208 = ORIENTED_EDGE ( 'NONE', *, *, #181, .F. ) ;
#1209 = DIRECTION ( 'NONE',  ( 0.000000000000000000, 1.000000000000000000, 0.000000000000000000 ) ) ;
#1210 = CARTESIAN_POINT ( 'NONE',  ( 0.000000000000000000, -75.00000000000001421, 0.000000000000000000 ) ) ;
#1211 = AXIS2_PLACEMENT_3D ( 'NONE', #2727, #2492, #3941 ) ;
#1212 = EDGE_CURVE ( 'NONE', #2859, #1825, #2884, .T. ) ;
#1213 = CARTESIAN_POINT ( 'NONE',  ( 81.81124969497314225, 84.99999999999984368, 169.8835189181103544 ) ) ;
#1214 = DIRECTION ( 'NONE',  ( -0.000000000000000000, -0.000000000000000000, 1.000000000000000000 ) ) ;
#1215 = CARTESIAN_POINT ( 'NONE',  ( 27.00000000000001066, 69.05329222734671646, -3.000000000000000000 ) ) ;
#1216 = EDGE_CURVE ( 'NONE', #2606, #684, #689, .T. ) ;
#1217 = DIRECTION ( 'NONE',  ( 1.000000000000000000, 0.000000000000000000, -0.000000000000000000 ) ) ;
#1218 = VECTOR ( 'NONE', #787, 1000.000000000000000 ) ;
#1219 = DIRECTION ( 'NONE',  ( -0.000000000000000000, -0.000000000000000000, 1.000000000000000000 ) ) ;
#1220 = AXIS2_PLACEMENT_3D ( 'NONE', #374, #413, #1013 ) ;
#1221 = ORIENTED_EDGE ( 'NONE', *, *, #3180, .F. ) ;
#1222 = FACE_BOUND ( 'NONE', #3393, .T. ) ;
#1223 = CARTESIAN_POINT ( 'NONE',  ( 11.50000000000001776, 90.65803263805835854, -1.000000000000000000 ) ) ;
#1224 = AXIS2_PLACEMENT_3D ( 'NONE', #1734, #2355, #3816 ) ;
#1225 = ORIENTED_EDGE ( 'NONE', *, *, #65, .F. ) ;
#1226 = DIRECTION ( 'NONE',  ( -0.000000000000000000, -0.000000000000000000, 1.000000000000000000 ) ) ;
#1227 = ORIENTED_EDGE ( 'NONE', *, *, #2065, .T. ) ;
#1228 = LINE ( 'NONE', #1190, #1420 ) ;
#1229 = VECTOR ( 'NONE', #1725, 1000.000000000000000 ) ;
#1230 = LINE ( 'NONE', #3276, #2391 ) ;
#1231 = DIRECTION ( 'NONE',  ( 1.000000000000000000, 0.000000000000000000, 0.000000000000000000 ) ) ;
#1232 = ORIENTED_EDGE ( 'NONE', *, *, #2364, .T. ) ;
#1233 = DIRECTION ( 'NONE',  ( 0.000000000000000000, 0.000000000000000000, 1.000000000000000000 ) ) ;
#1234 = FACE_OUTER_BOUND ( 'NONE', #3244, .T. ) ;
#1235 = FACE_OUTER_BOUND ( 'NONE', #3490, .T. ) ;
#1236 = EDGE_CURVE ( 'NONE', #385, #3499, #1611, .T. ) ;
#1237 = EDGE_LOOP ( 'NONE', ( #1782, #3964, #1507, #3249 ) ) ;
#1238 = CARTESIAN_POINT ( 'NONE',  ( -18.15000000000000568, 115.9733538863265636, -3.000000000000000000 ) ) ;
#1239 = DIRECTION ( 'NONE',  ( 0.000000000000000000, 0.000000000000000000, 1.000000000000000000 ) ) ;
#1240 = VERTEX_POINT ( 'NONE', #82 ) ;
#1241 = ORIENTED_EDGE ( 'NONE', *, *, #1468, .F. ) ;
#1242 = CARTESIAN_POINT ( 'NONE',  ( 2.999999999999995115, 48.00000000000002132, 0.000000000000000000 ) ) ;
#1243 = ORIENTED_EDGE ( 'NONE', *, *, #3868, .F. ) ;
#1244 = DIRECTION ( 'NONE',  ( -0.000000000000000000, -0.000000000000000000, 1.000000000000000000 ) ) ;
#1245 = VERTEX_POINT ( 'NONE', #1354 ) ;
#1246 = DIRECTION ( 'NONE',  ( 0.8660254037844383745, -0.5000000000000004441, 0.000000000000000000 ) ) ;
#1247 = ADVANCED_FACE ( 'NONE', ( #1309 ), #2537, .F. ) ;
#1248 = LINE ( 'NONE', #2782, #3458 ) ;
#1249 = ORIENTED_EDGE ( 'NONE', *, *, #214, .T. ) ;
#1250 = CARTESIAN_POINT ( 'NONE',  ( 32.15000000000001279, 58.02664611367345771, 0.000000000000000000 ) ) ;
#1251 = ORIENTED_EDGE ( 'NONE', *, *, #1313, .T. ) ;
#1252 = AXIS2_PLACEMENT_3D ( 'NONE', #2876, #1278, #1645 ) ;
#1253 = PLANE ( 'NONE',  #357 ) ;
#1254 = DIRECTION ( 'NONE',  ( -0.000000000000000000, -0.000000000000000000, 1.000000000000000000 ) ) ;
#1255 = AXIS2_PLACEMENT_3D ( 'NONE', #1405, #2698, #1743 ) ;
#1256 = ADVANCED_FACE ( 'NONE', ( #2272 ), #1634, .T. ) ;
#1257 = VERTEX_POINT ( 'NONE', #2562 ) ;
#1258 = VECTOR ( 'NONE', #2784, 1000.000000000000000 ) ;
#1259 = CARTESIAN_POINT ( 'NONE',  ( -7.000000000000006217, 58.00000000000003553, 0.000000000000000000 ) ) ;
#1260 = FACE_OUTER_BOUND ( 'NONE', #1131, .T. ) ;
#1261 = EDGE_CURVE ( 'NONE', #1970, #3696, #752, .T. ) ;
#1262 = VERTEX_POINT ( 'NONE', #2249 ) ;
#1263 = AXIS2_PLACEMENT_3D ( 'NONE', #2931, #3483, #1680 ) ;
#1264 = DIRECTION ( 'NONE',  ( 7.671613576165877283E-17, -0.8944271909999158554, 0.4472135954999578722 ) ) ;
#1265 = ORIENTED_EDGE ( 'NONE', *, *, #1200, .T. ) ;
#1266 = CARTESIAN_POINT ( 'NONE',  ( 27.49999999999999645, 80.65803263805818801, -1.000000000000000000 ) ) ;
#1267 = ORIENTED_EDGE ( 'NONE', *, *, #1182, .T. ) ;
#1268 = LINE ( 'NONE', #280, #1299 ) ;
#1269 = LINE ( 'NONE', #869, #2637 ) ;
#1270 = DIRECTION ( 'NONE',  ( -0.000000000000000000, -0.000000000000000000, 1.000000000000000000 ) ) ;
#1271 = ORIENTED_EDGE ( 'NONE', *, *, #3353, .F. ) ;
#1272 = CARTESIAN_POINT ( 'NONE',  ( 27.50000000000003553, 66.65803263805835854, -1.000000000000000000 ) ) ;
#1273 = DIRECTION ( 'NONE',  ( 0.000000000000000000, 0.000000000000000000, 1.000000000000000000 ) ) ;
#1274 = VERTEX_POINT ( 'NONE', #2070 ) ;
#1275 = STYLED_ITEM ( 'NONE', ( #102 ), #2302 ) ;
#1276 = VERTEX_POINT ( 'NONE', #2626 ) ;
#1277 = CARTESIAN_POINT ( 'NONE',  ( 21.85000000000000497, 77.97335388632643571, -3.000000000000000000 ) ) ;
#1278 = DIRECTION ( 'NONE',  ( -0.000000000000000000, -0.000000000000000000, -1.000000000000000000 ) ) ;
#1279 = AXIS2_PLACEMENT_3D ( 'NONE', #2579, #2558, #1284 ) ;
#1280 = ORIENTED_EDGE ( 'NONE', *, *, #486, .T. ) ;
#1281 = DIRECTION ( 'NONE',  ( 0.000000000000000000, 0.000000000000000000, 1.000000000000000000 ) ) ;
#1282 = EDGE_CURVE ( 'NONE', #362, #631, #2398, .T. ) ;
#1283 = VERTEX_POINT ( 'NONE', #3902 ) ;
#1284 = DIRECTION ( 'NONE',  ( 0.000000000000000000, 0.000000000000000000, 1.000000000000000000 ) ) ;
#1285 = ORIENTED_EDGE ( 'NONE', *, *, #230, .F. ) ;
#1286 = ADVANCED_FACE ( 'NONE', ( #1732 ), #2352, .F. ) ;
#1287 = VERTEX_POINT ( 'NONE', #2989 ) ;
#1288 = VECTOR ( 'NONE', #2447, 1000.000000000000000 ) ;
#1289 = LINE ( 'NONE', #57, #1620 ) ;
#1290 = DIRECTION ( 'NONE',  ( 0.8660254037844369313, -0.5000000000000029976, 0.000000000000000000 ) ) ;
#1291 = VERTEX_POINT ( 'NONE', #1772 ) ;
#1292 = DIRECTION ( 'NONE',  ( -3.016910393003140393E-16, -1.000000000000000000, -0.000000000000000000 ) ) ;
#1293 = CIRCLE ( 'NONE', #3720, 4.250000000000003553 ) ;
#1294 = EDGE_LOOP ( 'NONE', ( #71, #1612, #1643, #1188 ) ) ;
#1295 = CARTESIAN_POINT ( 'NONE',  ( 83.50000000000000000, 73.74999999999985789, 0.000000000000000000 ) ) ;
#1296 = DIRECTION ( 'NONE',  ( 1.000000000000000000, 0.000000000000000000, 0.000000000000000000 ) ) ;
#1297 = VERTEX_POINT ( 'NONE', #3611 ) ;
#1298 = LINE ( 'NONE', #3155, #2383 ) ;
#1299 = VECTOR ( 'NONE', #1246, 1000.000000000000114 ) ;
#1300 = EDGE_CURVE ( 'NONE', #2529, #3423, #548, .T. ) ;
#1301 = DIRECTION ( 'NONE',  ( 0.000000000000000000, 0.000000000000000000, -1.000000000000000000 ) ) ;
#1302 = ORIENTED_EDGE ( 'NONE', *, *, #2486, .F. ) ;
#1303 = ORIENTED_EDGE ( 'NONE', *, *, #3379, .F. ) ;
#1304 = CARTESIAN_POINT ( 'NONE',  ( 21.85000000000000853, 58.02664611367345060, -3.000000000000000000 ) ) ;
#1305 = CARTESIAN_POINT ( 'NONE',  ( 32.15000000000001279, 63.97335388632660624, -3.000000000000000000 ) ) ;
#1306 = DIRECTION ( 'NONE',  ( 0.000000000000000000, 0.000000000000000000, 1.000000000000000000 ) ) ;
#1307 = ORIENTED_EDGE ( 'NONE', *, *, #1100, .T. ) ;
#1308 = EDGE_CURVE ( 'NONE', #2004, #139, #3836, .T. ) ;
#1309 = FACE_OUTER_BOUND ( 'NONE', #1113, .T. ) ;
#1310 = DIRECTION ( 'NONE',  ( -0.000000000000000000, -0.000000000000000000, -1.000000000000000000 ) ) ;
#1311 = ORIENTED_EDGE ( 'NONE', *, *, #1676, .F. ) ;
#1312 = PRODUCT ( 'vertical_holder_mirror', 'vertical_holder_mirror', '', ( #422 ) ) ;
#1313 = EDGE_CURVE ( 'NONE', #2291, #76, #2926, .T. ) ;
#1314 = ORIENTED_EDGE ( 'NONE', *, *, #1472, .F. ) ;
#1315 = DIRECTION ( 'NONE',  ( 0.8660254037844377084, -0.5000000000000017764, 0.000000000000000000 ) ) ;
#1316 = CARTESIAN_POINT ( 'NONE',  ( 63.59999999999993747, -80.00000000000001421, 17.50000000000000000 ) ) ;
#1317 = VECTOR ( 'NONE', #1177, 1000.000000000000000 ) ;
#1318 = ORIENTED_EDGE ( 'NONE', *, *, #904, .T. ) ;
#1319 = ORIENTED_EDGE ( 'NONE', *, *, #292, .T. ) ;
#1320 = ORIENTED_EDGE ( 'NONE', *, *, #784, .F. ) ;
#1321 = FACE_OUTER_BOUND ( 'NONE', #2566, .T. ) ;
#1322 = CARTESIAN_POINT ( 'NONE',  ( -7.849999999999978328, 70.97335388632660624, 0.000000000000000000 ) ) ;
#1323 = CARTESIAN_POINT ( 'NONE',  ( -17.50000000000000000, 63.00000000000004263, 0.000000000000000000 ) ) ;
#1324 = VECTOR ( 'NONE', #1837, 1000.000000000000000 ) ;
#1325 = EDGE_LOOP ( 'NONE', ( #2299, #3221, #421, #1348, #558, #3684 ) ) ;
#1326 = ORIENTED_EDGE ( 'NONE', *, *, #2787, .T. ) ;
#1327 = CIRCLE ( 'NONE', #3948, 2.249999999999995115 ) ;
#1328 = CARTESIAN_POINT ( 'NONE',  ( 11.50000000000001776, 88.65803263805835854, -1.000000000000000000 ) ) ;
#1329 = DIRECTION ( 'NONE',  ( -0.000000000000000000, -1.000000000000000000, 0.000000000000000000 ) ) ;
#1330 = ORIENTED_EDGE ( 'NONE', *, *, #1192, .F. ) ;
#1331 = VECTOR ( 'NONE', #1292, 1000.000000000000000 ) ;
#1332 = EDGE_CURVE ( 'NONE', #785, #1665, #2013, .T. ) ;
#1333 = VECTOR ( 'NONE', #962, 1000.000000000000000 ) ;
#1334 = DIRECTION ( 'NONE',  ( -0.7071067811865439090, 0.7071067811865512365, 0.000000000000000000 ) ) ;
#1335 = CARTESIAN_POINT ( 'NONE',  ( -6.830838508926212249, 116.0000000000000284, 0.000000000000000000 ) ) ;
#1336 = EDGE_CURVE ( 'NONE', #1005, #1980, #3228, .T. ) ;
#1337 = CARTESIAN_POINT ( 'NONE',  ( -17.50000000000000355, 116.0000000000000284, -6.000000000000000000 ) ) ;
#1338 = ORIENTED_EDGE ( 'NONE', *, *, #2253, .T. ) ;
#1339 = DIRECTION ( 'NONE',  ( 0.000000000000000000, 1.000000000000000000, 0.000000000000000000 ) ) ;
#1340 = ADVANCED_FACE ( 'NONE', ( #2667 ), #2648, .F. ) ;
#1341 = DIRECTION ( 'NONE',  ( 1.000000000000000000, 0.000000000000000000, 0.000000000000000000 ) ) ;
#1342 = ORIENTED_EDGE ( 'NONE', *, *, #667, .F. ) ;
#1343 = ADVANCED_FACE ( 'NONE', ( #2033 ), #842, .F. ) ;
#1344 = EDGE_LOOP ( 'NONE', ( #3033, #3805, #2446, #941 ) ) ;
#1345 = CARTESIAN_POINT ( 'NONE',  ( -9.749999999999982236, 68.00000000000002842, -3.000000000000000000 ) ) ;
#1346 = PLANE ( 'NONE',  #1890 ) ;
#1347 = ORIENTED_EDGE ( 'NONE', *, *, #1191, .T. ) ;
#1348 = ORIENTED_EDGE ( 'NONE', *, *, #3804, .F. ) ;
#1349 = DIRECTION ( 'NONE',  ( 0.000000000000000000, 0.000000000000000000, -1.000000000000000000 ) ) ;
#1350 = VECTOR ( 'NONE', #865, 1000.000000000000000 ) ;
#1351 = CARTESIAN_POINT ( 'NONE',  ( 85.09999999999998010, -68.63603896932107773, -0.7499999999999997780 ) ) ;
#1352 = ORIENTED_EDGE ( 'NONE', *, *, #2049, .T. ) ;
#1353 = DIRECTION ( 'NONE',  ( -0.5773502691896241767, -0.5773502691896265082, -0.5773502691896265082 ) ) ;
#1354 = CARTESIAN_POINT ( 'NONE',  ( 27.00000000000001066, 69.05329222734673067, 0.000000000000000000 ) ) ;
#1355 = CARTESIAN_POINT ( 'NONE',  ( -13.49999999999998046, 73.65803263805837275, -1.000000000000000000 ) ) ;
#1356 = EDGE_CURVE ( 'NONE', #169, #3239, #545, .T. ) ;
#1357 = VECTOR ( 'NONE', #3877, 1000.000000000000000 ) ;
#1358 = APPLICATION_CONTEXT ( 'automotive_design' ) ;
#1359 = ORIENTED_EDGE ( 'NONE', *, *, #465, .T. ) ;
#1360 = DIRECTION ( 'NONE',  ( 0.000000000000000000, 0.000000000000000000, 1.000000000000000000 ) ) ;
#1361 = LINE ( 'NONE', #3501, #1896 ) ;
#1362 = AXIS2_PLACEMENT_3D ( 'NONE', #50, #412, #1650 ) ;
#1363 = ORIENTED_EDGE ( 'NONE', *, *, #486, .F. ) ;
#1364 = CARTESIAN_POINT ( 'NONE',  ( 13.00000000000000178, 29.05329222734688699, 0.000000000000000000 ) ) ;
#1365 = EDGE_CURVE ( 'NONE', #634, #1107, #1426, .T. ) ;
#1366 = DIRECTION ( 'NONE',  ( 0.8660254037844388186, 0.4999999999999997224, 0.000000000000000000 ) ) ;
#1367 = VERTEX_POINT ( 'NONE', #1751 ) ;
#1368 = ORIENTED_EDGE ( 'NONE', *, *, #1191, .F. ) ;
#1369 = ORIENTED_EDGE ( 'NONE', *, *, #1445, .T. ) ;
#1370 = PLANE ( 'NONE',  #1362 ) ;
#1371 = CARTESIAN_POINT ( 'NONE',  ( 92.09999999999999432, -75.00000000000001421, -10.00000000000000000 ) ) ;
#1372 = CARTESIAN_POINT ( 'NONE',  ( 43.00000000000000000, -28.23340756724423883, 1.616703783622136514 ) ) ;
#1373 = EDGE_LOOP ( 'NONE', ( #1399, #1528, #3840, #1173 ) ) ;
#1374 = LINE ( 'NONE', #2518, #1440 ) ;
#1375 = DIRECTION ( 'NONE',  ( 0.000000000000000000, 0.000000000000000000, 1.000000000000000000 ) ) ;
#1376 = EDGE_CURVE ( 'NONE', #684, #1563, #3255, .T. ) ;
#1377 = EDGE_LOOP ( 'NONE', ( #1583, #3738, #2226, #2270 ) ) ;
#1378 = CARTESIAN_POINT ( 'NONE',  ( 6.849999999999994316, 85.97335388632657782, -3.000000000000000000 ) ) ;
#1379 = DIRECTION ( 'NONE',  ( -0.000000000000000000, 1.000000000000000000, -0.000000000000000000 ) ) ;
#1380 = CARTESIAN_POINT ( 'NONE',  ( -18.15000000000000568, 110.0266461136734648, 0.000000000000000000 ) ) ;
#1381 = ORIENTED_EDGE ( 'NONE', *, *, #1670, .F. ) ;
#1382 = ORIENTED_EDGE ( 'NONE', *, *, #1308, .T. ) ;
#1383 = DIRECTION ( 'NONE',  ( 1.000000000000000000, 0.000000000000000000, 0.000000000000000000 ) ) ;
#1384 = VERTEX_POINT ( 'NONE', #2709 ) ;
#1385 = DIRECTION ( 'NONE',  ( 1.000000000000000000, 0.000000000000000000, 0.000000000000000000 ) ) ;
#1386 = ADVANCED_FACE ( 'NONE', ( #1395 ), #482, .F. ) ;
#1387 = ORIENTED_EDGE ( 'NONE', *, *, #727, .T. ) ;
#1388 = EDGE_LOOP ( 'NONE', ( #311, #1319, #913 ) ) ;
#1389 = CIRCLE ( 'NONE', #3191, 5.000000000000000888 ) ;
#1390 = LINE ( 'NONE', #2066, #718 ) ;
#1391 = CARTESIAN_POINT ( 'NONE',  ( 13.00000000000000178, 29.05329222734688699, -3.000000000000000000 ) ) ;
#1392 = EDGE_CURVE ( 'NONE', #1240, #3713, #977, .T. ) ;
#1393 = CIRCLE ( 'NONE', #2872, 3.250000000000002665 ) ;
#1394 = DIRECTION ( 'NONE',  ( 0.8660254037844387076, -0.4999999999999997780, 0.000000000000000000 ) ) ;
#1395 = FACE_OUTER_BOUND ( 'NONE', #748, .T. ) ;
#1396 = CARTESIAN_POINT ( 'NONE',  ( 26.49999999999999645, 82.65803263805820222, 0.000000000000000000 ) ) ;
#1397 = VECTOR ( 'NONE', #469, 1000.000000000000000 ) ;
#1398 = DIRECTION ( 'NONE',  ( 0.000000000000000000, 0.000000000000000000, 1.000000000000000000 ) ) ;
#1399 = ORIENTED_EDGE ( 'NONE', *, *, #1282, .F. ) ;
#1400 = DIRECTION ( 'NONE',  ( 0.8660254037844374864, 0.5000000000000018874, 0.000000000000000000 ) ) ;
#1401 = CARTESIAN_POINT ( 'NONE',  ( 21.85000000000000497, 77.97335388632643571, -3.000000000000000000 ) ) ;
#1402 = ORIENTED_EDGE ( 'NONE', *, *, #795, .F. ) ;
#1403 = CARTESIAN_POINT ( 'NONE',  ( 71.09999999999993747, -75.00000000000001421, 25.00000000000000000 ) ) ;
#1404 = ORIENTED_EDGE ( 'NONE', *, *, #1754, .F. ) ;
#1405 = CARTESIAN_POINT ( 'NONE',  ( -13.00000000000000000, 113.0000000000000284, -6.000000000000000000 ) ) ;
#1406 = ORIENTED_EDGE ( 'NONE', *, *, #2240, .T. ) ;
#1407 = ORIENTED_EDGE ( 'NONE', *, *, #1514, .F. ) ;
#1408 = ORIENTED_EDGE ( 'NONE', *, *, #3266, .T. ) ;
#1409 = CARTESIAN_POINT ( 'NONE',  ( 11.99999999999999645, 77.05329222734688699, 0.000000000000000000 ) ) ;
#1410 = CARTESIAN_POINT ( 'NONE',  ( -12.99999999999999112, 107.0532922273468870, -3.000000000000000000 ) ) ;
#1411 = LINE ( 'NONE', #1073, #2244 ) ;
#1412 = ADVANCED_FACE ( 'NONE', ( #188 ), #1415, .F. ) ;
#1413 = AXIS2_PLACEMENT_3D ( 'NONE', #2801, #35, #2183 ) ;
#1414 = ORIENTED_EDGE ( 'NONE', *, *, #893, .T. ) ;
#1415 = PLANE ( 'NONE',  #1104 ) ;
#1416 = DIRECTION ( 'NONE',  ( -0.000000000000000000, 1.000000000000000000, -0.000000000000000000 ) ) ;
#1417 = ORIENTED_EDGE ( 'NONE', *, *, #3587, .F. ) ;
#1418 = EDGE_CURVE ( 'NONE', #2115, #1448, #1136, .T. ) ;
#1419 = CARTESIAN_POINT ( 'NONE',  ( -18.14999999999998082, 70.97335388632660624, 0.000000000000000000 ) ) ;
#1420 = VECTOR ( 'NONE', #955, 1000.000000000000000 ) ;
#1421 = ORIENTED_EDGE ( 'NONE', *, *, #2743, .T. ) ;
#1422 = DIRECTION ( 'NONE',  ( -0.000000000000000000, -0.000000000000000000, 1.000000000000000000 ) ) ;
#1423 = VECTOR ( 'NONE', #485, 1000.000000000000000 ) ;
#1424 = LINE ( 'NONE', #2654, #619 ) ;
#1425 = ORIENTED_EDGE ( 'NONE', *, *, #73, .T. ) ;
#1426 = CIRCLE ( 'NONE', #1488, 3.250000000000004441 ) ;
#1427 = CARTESIAN_POINT ( 'NONE',  ( -18.14999999999998082, 70.97335388632660624, -3.000000000000000000 ) ) ;
#1428 = EDGE_LOOP ( 'NONE', ( #349, #1700, #3660, #1936 ) ) ;
#1429 = DIRECTION ( 'NONE',  ( -0.000000000000000000, -0.000000000000000000, 1.000000000000000000 ) ) ;
#1430 = ORIENTED_EDGE ( 'NONE', *, *, #900, .T. ) ;
#1431 = ADVANCED_FACE ( 'NONE', ( #3345, #2466, #581, #3647, #2776, #600, #1804, #3365 ), #3666, .T. ) ;
#1432 = CARTESIAN_POINT ( 'NONE',  ( 90.79809072996661712, 79.38596491228051377, 169.8835189181103544 ) ) ;
#1433 = DIRECTION ( 'NONE',  ( -1.000000000000000000, 0.000000000000000000, 0.000000000000000000 ) ) ;
#1434 = AXIS2_PLACEMENT_3D ( 'NONE', #3582, #1822, #847 ) ;
#1435 = LINE ( 'NONE', #2988, #2173 ) ;
#1436 = ORIENTED_EDGE ( 'NONE', *, *, #1336, .T. ) ;
#1437 = DIRECTION ( 'NONE',  ( -1.000000000000000000, 0.000000000000000000, 0.000000000000000000 ) ) ;
#1438 = ORIENTED_EDGE ( 'NONE', *, *, #3838, .F. ) ;
#1439 = CARTESIAN_POINT ( 'NONE',  ( 15.25000000000000533, 83.00000000000002842, -6.000000000000000000 ) ) ;
#1440 = VECTOR ( 'NONE', #995, 999.9999999999998863 ) ;
#1441 = FACE_OUTER_BOUND ( 'NONE', #312, .T. ) ;
#1442 = EDGE_CURVE ( 'NONE', #3741, #3984, #205, .T. ) ;
#1443 = CARTESIAN_POINT ( 'NONE',  ( -2.999999999999999556, 119.2132034355963555, 0.000000000000000000 ) ) ;
#1444 = CARTESIAN_POINT ( 'NONE',  ( 75.00000000000000000, 74.24999999999987210, 0.000000000000000000 ) ) ;
#1445 = EDGE_CURVE ( 'NONE', #144, #2778, #3040, .T. ) ;
#1446 = ORIENTED_EDGE ( 'NONE', *, *, #677, .F. ) ;
#1447 = LINE ( 'NONE', #471, #2322 ) ;
#1448 = VERTEX_POINT ( 'NONE', #2793 ) ;
#1449 = LINE ( 'NONE', #850, #3498 ) ;
#1450 = VERTEX_POINT ( 'NONE', #6 ) ;
#1451 = LINE ( 'NONE', #3224, #3472 ) ;
#1452 = DIRECTION ( 'NONE',  ( -0.5000000000000003331, 0.8660254037844384856, 0.000000000000000000 ) ) ;
#1453 = LINE ( 'NONE', #274, #2780 ) ;
#1454 = EDGE_CURVE ( 'NONE', #1550, #2039, #2412, .T. ) ;
#1455 = PLANE ( 'NONE',  #852 ) ;
#1456 = AXIS2_PLACEMENT_3D ( 'NONE', #2620, #3899, #2390 ) ;
#1457 = CARTESIAN_POINT ( 'NONE',  ( -7.849999999999996092, 115.9733538863265920, 0.000000000000000000 ) ) ;
#1458 = CARTESIAN_POINT ( 'NONE',  ( -12.49999999999998046, 73.65803263805838696, -1.000000000000000000 ) ) ;
#1459 = ADVANCED_FACE ( 'NONE', ( #1818, #3954, #1189 ), #278, .F. ) ;
#1460 = CIRCLE ( 'NONE', #3190, 3.250000000000001332 ) ;
#1461 = DIRECTION ( 'NONE',  ( 0.8660254037844382635, -0.5000000000000008882, 0.000000000000000000 ) ) ;
#1462 = VECTOR ( 'NONE', #636, 1000.000000000000000 ) ;
#1463 = CARTESIAN_POINT ( 'NONE',  ( 32.15000000000001279, 63.97335388632660624, 0.000000000000000000 ) ) ;
#1464 = EDGE_CURVE ( 'NONE', #2962, #1550, #934, .T. ) ;
#1465 = CYLINDRICAL_SURFACE ( 'NONE', #3326, 12.84999999999998721 ) ;
#1466 = AXIS2_PLACEMENT_3D ( 'NONE', #3819, #3149, #443 ) ;
#1467 = ORIENTED_EDGE ( 'NONE', *, *, #3229, .F. ) ;
#1468 = EDGE_CURVE ( 'NONE', #1384, #2661, #2157, .T. ) ;
#1469 = DIRECTION ( 'NONE',  ( 0.000000000000000000, 0.000000000000000000, -1.000000000000000000 ) ) ;
#1470 = CARTESIAN_POINT ( 'NONE',  ( -15.49999999999998757, -75.00000000000001421, -2.999999999999993783 ) ) ;
#1471 = ORIENTED_EDGE ( 'NONE', *, *, #2079, .F. ) ;
#1472 = EDGE_CURVE ( 'NONE', #2859, #48, #2136, .T. ) ;
#1473 = CARTESIAN_POINT ( 'NONE',  ( 79.25000000000000000, 74.24999999999987210, -42.34528855298850658 ) ) ;
#1474 = VERTEX_POINT ( 'NONE', #643 ) ;
#1475 = LINE ( 'NONE', #1432, #1798 ) ;
#1476 = DIRECTION ( 'NONE',  ( 0.000000000000000000, 0.000000000000000000, 1.000000000000000000 ) ) ;
#1477 = ORIENTED_EDGE ( 'NONE', *, *, #971, .T. ) ;
#1478 = DIRECTION ( 'NONE',  ( -1.000000000000000000, 0.000000000000000000, 0.000000000000000000 ) ) ;
#1479 = CARTESIAN_POINT ( 'NONE',  ( 30.25000000000001421, 61.00000000000003553, -6.000000000000000000 ) ) ;
#1480 = VECTOR ( 'NONE', #822, 1000.000000000000000 ) ;
#1481 = DIRECTION ( 'NONE',  ( 0.000000000000000000, 1.000000000000000000, -0.000000000000000000 ) ) ;
#1482 = EDGE_CURVE ( 'NONE', #2251, #2745, #331, .T. ) ;
#1483 = CARTESIAN_POINT ( 'NONE',  ( 27.00000000000001066, 61.00000000000003553, -3.000000000000000000 ) ) ;
#1484 = CARTESIAN_POINT ( 'NONE',  ( 12.00000000000000355, 88.94670777265318407, -3.000000000000000000 ) ) ;
#1485 = DIRECTION ( 'NONE',  ( 1.000000000000000000, 8.577124726708580637E-17, 0.000000000000000000 ) ) ;
#1486 = ORIENTED_EDGE ( 'NONE', *, *, #3493, .T. ) ;
#1487 = VECTOR ( 'NONE', #1118, 1000.000000000000000 ) ;
#1488 = AXIS2_PLACEMENT_3D ( 'NONE', #799, #3293, #1478 ) ;
#1489 = EDGE_CURVE ( 'NONE', #973, #114, #1787, .T. ) ;
#1490 = VERTEX_POINT ( 'NONE', #1841 ) ;
#1491 = DIRECTION ( 'NONE',  ( 0.000000000000000000, 0.000000000000000000, 1.000000000000000000 ) ) ;
#1492 = DIRECTION ( 'NONE',  ( 0.000000000000000000, 1.000000000000000000, 0.000000000000000000 ) ) ;
#1493 = AXIS2_PLACEMENT_3D ( 'NONE', #1917, #3198, #2192 ) ;
#1494 = EDGE_CURVE ( 'NONE', #475, #3966, #624, .T. ) ;
#1495 = DIRECTION ( 'NONE',  ( -0.8660254037844380415, -0.5000000000000009992, -0.000000000000000000 ) ) ;
#1496 = ORIENTED_EDGE ( 'NONE', *, *, #2015, .T. ) ;
#1497 = DIRECTION ( 'NONE',  ( -8.577124726708580637E-17, 1.000000000000000000, 0.000000000000000000 ) ) ;
#1498 = ORIENTED_EDGE ( 'NONE', *, *, #1625, .F. ) ;
#1499 = LINE ( 'NONE', #2725, #1610 ) ;
#1500 = DIRECTION ( 'NONE',  ( -0.000000000000000000, -0.000000000000000000, 1.000000000000000000 ) ) ;
#1501 = CARTESIAN_POINT ( 'NONE',  ( -12.99999999999997691, 62.05329222734687278, -3.000000000000000000 ) ) ;
#1502 = VECTOR ( 'NONE', #3027, 1000.000000000000000 ) ;
#1503 = CARTESIAN_POINT ( 'NONE',  ( 79.25000000000000000, 73.74999999999985789, 169.8835189181103544 ) ) ;
#1504 = ADVANCED_FACE ( 'NONE', ( #1568 ), #313, .T. ) ;
#1505 = DIRECTION ( 'NONE',  ( -0.5773502691896237327, -0.5773502691896276184, -0.5773502691896259531 ) ) ;
#1506 = ADVANCED_FACE ( 'NONE', ( #3330 ), #2086, .F. ) ;
#1507 = ORIENTED_EDGE ( 'NONE', *, *, #3587, .T. ) ;
#1508 = EDGE_CURVE ( 'NONE', #1046, #439, #1499, .T. ) ;
#1509 = LINE ( 'NONE', #2733, #1801 ) ;
#1510 = ADVANCED_FACE ( 'NONE', ( #1584 ), #137, .F. ) ;
#1511 = DIRECTION ( 'NONE',  ( -0.000000000000000000, -0.000000000000000000, 1.000000000000000000 ) ) ;
#1512 = CARTESIAN_POINT ( 'NONE',  ( -21.89999999999999858, -80.00000000000001421, 3.999999999999928946 ) ) ;
#1513 = VERTEX_POINT ( 'NONE', #2176 ) ;
#1514 = EDGE_CURVE ( 'NONE', #2898, #3735, #1629, .T. ) ;
#1515 = CARTESIAN_POINT ( 'NONE',  ( -12.99999999999997691, 62.05329222734687278, -3.000000000000000000 ) ) ;
#1516 = CARTESIAN_POINT ( 'NONE',  ( 32.14999999999999858, 77.97335388632642150, -3.000000000000000000 ) ) ;
#1517 = VECTOR ( 'NONE', #2018, 1000.000000000000000 ) ;
#1518 = CARTESIAN_POINT ( 'NONE',  ( 18.14999999999999503, 37.97335388632660624, -3.000000000000000000 ) ) ;
#1519 = VECTOR ( 'NONE', #2067, 1000.000000000000000 ) ;
#1520 = DIRECTION ( 'NONE',  ( 1.000000000000000000, 0.000000000000000000, 0.000000000000000000 ) ) ;
#1521 = AXIS2_PLACEMENT_3D ( 'NONE', #2441, #1485, #3032 ) ;
#1522 = DIRECTION ( 'NONE',  ( 0.000000000000000000, 0.4999999999999955591, -0.8660254037844412611 ) ) ;
#1523 = CARTESIAN_POINT ( 'NONE',  ( -22.49999999999998579, -75.00000000000001421, 25.00000000000000000 ) ) ;
#1524 = AXIS2_PLACEMENT_3D ( 'NONE', #1615, #1971, #1062 ) ;
#1525 = ORIENTED_EDGE ( 'NONE', *, *, #368, .F. ) ;
#1526 = FACE_OUTER_BOUND ( 'NONE', #980, .T. ) ;
#1527 = FACE_OUTER_BOUND ( 'NONE', #2195, .T. ) ;
#1528 = ORIENTED_EDGE ( 'NONE', *, *, #1816, .F. ) ;
#1529 = ORIENTED_EDGE ( 'NONE', *, *, #3106, .T. ) ;
#1530 = CARTESIAN_POINT ( 'NONE',  ( 13.00000000000000178, 29.05329222734688699, -3.000000000000000000 ) ) ;
#1531 = ORIENTED_EDGE ( 'NONE', *, *, #2584, .T. ) ;
#1532 = DIRECTION ( 'NONE',  ( 1.000000000000000000, 0.000000000000000000, -0.000000000000000000 ) ) ;
#1533 = CARTESIAN_POINT ( 'NONE',  ( 27.00000000000001066, 61.00000000000003553, -3.000000000000000000 ) ) ;
#1534 = DIRECTION ( 'NONE',  ( -0.000000000000000000, -0.000000000000000000, -1.000000000000000000 ) ) ;
#1535 = EDGE_CURVE ( 'NONE', #1619, #3539, #97, .T. ) ;
#1536 = EDGE_LOOP ( 'NONE', ( #1873, #1285, #1227, #655 ) ) ;
#1537 = DIRECTION ( 'NONE',  ( 0.000000000000000000, 0.000000000000000000, 1.000000000000000000 ) ) ;
#1538 = LINE ( 'NONE', #2439, #34 ) ;
#1539 = AXIS2_PLACEMENT_3D ( 'NONE', #3317, #1847, #3083 ) ;
#1540 = LINE ( 'NONE', #925, #27 ) ;
#1541 = ORIENTED_EDGE ( 'NONE', *, *, #1300, .T. ) ;
#1542 = LINE ( 'NONE', #2771, #177 ) ;
#1543 = PLANE ( 'NONE',  #1683 ) ;
#1544 = CARTESIAN_POINT ( 'NONE',  ( 92.09999999999999432, -80.00000000000001421, 4.000000000000010658 ) ) ;
#1545 = VECTOR ( 'NONE', #1139, 1000.000000000000000 ) ;
#1546 = ORIENTED_EDGE ( 'NONE', *, *, #398, .T. ) ;
#1547 = EDGE_CURVE ( 'NONE', #834, #1889, #2114, .T. ) ;
#1548 = ORIENTED_EDGE ( 'NONE', *, *, #54, .F. ) ;
#1549 = DIRECTION ( 'NONE',  ( 0.000000000000000000, -1.000000000000000000, 0.000000000000000000 ) ) ;
#1550 = VERTEX_POINT ( 'NONE', #432 ) ;
#1551 = FACE_OUTER_BOUND ( 'NONE', #1675, .T. ) ;
#1552 = AXIS2_PLACEMENT_3D ( 'NONE', #238, #3003, #854 ) ;
#1553 = CARTESIAN_POINT ( 'NONE',  ( 76.72542584212146721, -75.00000000000000000, 8.000000000000062172 ) ) ;
#1554 = DIRECTION ( 'NONE',  ( 1.000000000000000000, 0.000000000000000000, 0.000000000000000000 ) ) ;
#1555 = VERTEX_POINT ( 'NONE', #1667 ) ;
#1556 = EDGE_CURVE ( 'NONE', #2045, #2009, #972, .T. ) ;
#1557 = LINE ( 'NONE', #380, #3502 ) ;
#1558 = CARTESIAN_POINT ( 'NONE',  ( 27.00000000000000711, 55.05329222734687988, -3.000000000000000000 ) ) ;
#1559 = EDGE_CURVE ( 'NONE', #1763, #2345, #2557, .T. ) ;
#1560 = CARTESIAN_POINT ( 'NONE',  ( 21.85000000000000497, 72.02664611367329428, -3.000000000000000000 ) ) ;
#1561 = AXIS2_PLACEMENT_3D ( 'NONE', #1989, #2604, #1946 ) ;
#1562 = ADVANCED_FACE ( 'NONE', ( #3417 ), #1055, .F. ) ;
#1563 = VERTEX_POINT ( 'NONE', #1305 ) ;
#1564 = CARTESIAN_POINT ( 'NONE',  ( -18.14999999999998082, 70.97335388632660624, -3.000000000000000000 ) ) ;
#1565 = DIRECTION ( 'NONE',  ( -1.000000000000000000, 0.000000000000000000, 0.000000000000000000 ) ) ;
#1566 = ORIENTED_EDGE ( 'NONE', *, *, #2044, .F. ) ;
#1567 = VERTEX_POINT ( 'NONE', #1881 ) ;
#1568 = FACE_OUTER_BOUND ( 'NONE', #3459, .T. ) ;
#1569 = ORIENTED_EDGE ( 'NONE', *, *, #173, .F. ) ;
#1570 = CARTESIAN_POINT ( 'NONE',  ( -22.49999999999998579, -75.00000000000001421, 25.00000000000000000 ) ) ;
#1571 = DIRECTION ( 'NONE',  ( -1.000000000000000000, 0.000000000000000000, 0.000000000000000000 ) ) ;
#1572 = DIRECTION ( 'NONE',  ( -0.000000000000000000, -0.000000000000000000, 1.000000000000000000 ) ) ;
#1573 = ORIENTED_EDGE ( 'NONE', *, *, #2765, .T. ) ;
#1574 = VECTOR ( 'NONE', #3768, 1000.000000000000000 ) ;
#1575 = PLANE ( 'NONE',  #2482 ) ;
#1576 = EDGE_LOOP ( 'NONE', ( #3694, #743, #3087, #1154 ) ) ;
#1577 = DIRECTION ( 'NONE',  ( -1.000000000000000000, -0.000000000000000000, 0.000000000000000000 ) ) ;
#1578 = AXIS2_PLACEMENT_3D ( 'NONE', #3617, #3965, #2404 ) ;
#1579 = ORIENTED_EDGE ( 'NONE', *, *, #3937, .F. ) ;
#1580 = DIRECTION ( 'NONE',  ( -0.000000000000000000, -0.000000000000000000, 1.000000000000000000 ) ) ;
#1581 = EDGE_CURVE ( 'NONE', #2788, #2831, #1012, .T. ) ;
#1582 = CARTESIAN_POINT ( 'NONE',  ( 85.09999999999998010, -68.63603896932107773, -5.249999999999992006 ) ) ;
#1583 = ORIENTED_EDGE ( 'NONE', *, *, #2673, .F. ) ;
#1584 = FACE_OUTER_BOUND ( 'NONE', #1576, .T. ) ;
#1585 = VERTEX_POINT ( 'NONE', #2267 ) ;
#1586 = FACE_OUTER_BOUND ( 'NONE', #892, .T. ) ;
#1587 = ORIENTED_EDGE ( 'NONE', *, *, #447, .T. ) ;
#1588 = ORIENTED_EDGE ( 'NONE', *, *, #919, .T. ) ;
#1589 = CARTESIAN_POINT ( 'NONE',  ( 47.99999999999998579, 60.89999999999986358, 169.8835189181103544 ) ) ;
#1590 = CARTESIAN_POINT ( 'NONE',  ( -22.49999999999998934, -75.00000000000001421, -10.00000000000000000 ) ) ;
#1591 = ORIENTED_EDGE ( 'NONE', *, *, #3931, .T. ) ;
#1592 = CARTESIAN_POINT ( 'NONE',  ( 7.849999999999997868, 37.97335388632660624, 0.000000000000000000 ) ) ;
#1593 = EDGE_LOOP ( 'NONE', ( #2198, #2230, #3482, #1863 ) ) ;
#1594 = EDGE_CURVE ( 'NONE', #3262, #1626, #2243, .T. ) ;
#1595 = ORIENTED_EDGE ( 'NONE', *, *, #3890, .T. ) ;
#1596 = DIRECTION ( 'NONE',  ( 0.000000000000000000, 0.000000000000000000, -1.000000000000000000 ) ) ;
#1597 = DIRECTION ( 'NONE',  ( 0.000000000000000000, 1.000000000000000000, 0.000000000000000000 ) ) ;
#1598 = VERTEX_POINT ( 'NONE', #2880 ) ;
#1599 = AXIS2_PLACEMENT_3D ( 'NONE', #996, #251, #3928 ) ;
#1600 = LINE ( 'NONE', #1621, #2841 ) ;
#1601 = DIRECTION ( 'NONE',  ( 1.000000000000000000, 0.000000000000000000, 0.000000000000000000 ) ) ;
#1602 = AXIS2_PLACEMENT_3D ( 'NONE', #2881, #1306, #2535 ) ;
#1603 = ADVANCED_FACE ( 'NONE', ( #1923, #2533 ), #746, .F. ) ;
#1604 = EDGE_LOOP ( 'NONE', ( #3566, #446, #1267, #3069 ) ) ;
#1605 = CARTESIAN_POINT ( 'NONE',  ( 11.50000000000001776, 90.65803263805835854, 0.000000000000000000 ) ) ;
#1606 = DIRECTION ( 'NONE',  ( 0.000000000000000000, 0.000000000000000000, 1.000000000000000000 ) ) ;
#1607 = ORIENTED_EDGE ( 'NONE', *, *, #1839, .F. ) ;
#1608 = CARTESIAN_POINT ( 'NONE',  ( 0.000000000000000000, -67.00000000000002842, -0.000000000000000000 ) ) ;
#1609 = ADVANCED_FACE ( 'NONE', ( #2899 ), #350, .F. ) ;
#1610 = VECTOR ( 'NONE', #3454, 1000.000000000000114 ) ;
#1611 = LINE ( 'NONE', #3480, #3669 ) ;
#1612 = ORIENTED_EDGE ( 'NONE', *, *, #2240, .F. ) ;
#1613 = AXIS2_PLACEMENT_3D ( 'NONE', #2080, #3324, #3949 ) ;
#1614 = ORIENTED_EDGE ( 'NONE', *, *, #1581, .T. ) ;
#1615 = CARTESIAN_POINT ( 'NONE',  ( 63.59999999999993747, -68.63603896932107773, 17.50000000000000000 ) ) ;
#1616 = PLANE ( 'NONE',  #2938 ) ;
#1617 = CARTESIAN_POINT ( 'NONE',  ( 2.999999999999995115, 48.00000000000002132, 0.000000000000000000 ) ) ;
#1618 = EDGE_LOOP ( 'NONE', ( #3648, #3765, #3236, #950, #2656, #2064 ) ) ;
#1619 = VERTEX_POINT ( 'NONE', #3749 ) ;
#1620 = VECTOR ( 'NONE', #141, 1000.000000000000000 ) ;
#1621 = CARTESIAN_POINT ( 'NONE',  ( 48.33333333333336412, -72.33333333333332860, 5.333333333333357018 ) ) ;
#1622 = EDGE_CURVE ( 'NONE', #2096, #2684, #3204, .T. ) ;
#1623 = LINE ( 'NONE', #2855, #285 ) ;
#1624 = ORIENTED_EDGE ( 'NONE', *, *, #1670, .T. ) ;
#1625 = EDGE_CURVE ( 'NONE', #3583, #1262, #2818, .T. ) ;
#1626 = VERTEX_POINT ( 'NONE', #705 ) ;
#1627 = ADVANCED_FACE ( 'NONE', ( #3181 ), #1370, .F. ) ;
#1628 = EDGE_CURVE ( 'NONE', #559, #864, #2577, .T. ) ;
#1629 = LINE ( 'NONE', #3788, #3655 ) ;
#1630 = CARTESIAN_POINT ( 'NONE',  ( -15.49999999999998757, -68.63603896932107773, -5.249999999999994671 ) ) ;
#1631 = ORIENTED_EDGE ( 'NONE', *, *, #3626, .T. ) ;
#1632 = EDGE_CURVE ( 'NONE', #3619, #789, #203, .T. ) ;
#1633 = EDGE_CURVE ( 'NONE', #3984, #1276, #1475, .T. ) ;
#1634 = PLANE ( 'NONE',  #1939 ) ;
#1635 = CARTESIAN_POINT ( 'NONE',  ( -12.49999999999998046, 75.65803263805838696, -1.000000000000000000 ) ) ;
#1636 = ORIENTED_EDGE ( 'NONE', *, *, #2125, .F. ) ;
#1637 = CARTESIAN_POINT ( 'NONE',  ( 47.99999999999998579, 60.89999999999986358, -6.000000000000000000 ) ) ;
#1638 = ORIENTED_EDGE ( 'NONE', *, *, #808, .T. ) ;
#1639 = VERTEX_POINT ( 'NONE', #2662 ) ;
#1640 = LINE ( 'NONE', #1911, #3375 ) ;
#1641 = LINE ( 'NONE', #1024, #2283 ) ;
#1642 = VECTOR ( 'NONE', #1775, 1000.000000000000114 ) ;
#1643 = ORIENTED_EDGE ( 'NONE', *, *, #1482, .T. ) ;
#1644 = CARTESIAN_POINT ( 'NONE',  ( 27.00000000000001066, 69.05329222734671646, -3.000000000000000000 ) ) ;
#1645 = DIRECTION ( 'NONE',  ( 1.000000000000000000, 0.000000000000000000, 0.000000000000000000 ) ) ;
#1646 = AXIS2_PLACEMENT_3D ( 'NONE', #3395, #4, #2407 ) ;
#1647 = ORIENTED_EDGE ( 'NONE', *, *, #1086, .T. ) ;
#1648 = EDGE_LOOP ( 'NONE', ( #2071, #1689, #198, #1368 ) ) ;
#1649 = AXIS2_PLACEMENT_3D ( 'NONE', #2362, #2980, #1385 ) ;
#1650 = DIRECTION ( 'NONE',  ( 0.8660254037844382635, -0.5000000000000004441, 0.000000000000000000 ) ) ;
#1651 = LINE ( 'NONE', #1608, #2829 ) ;
#1652 = AXIS2_PLACEMENT_3D ( 'NONE', #2713, #3334, #551 ) ;
#1653 = LINE ( 'NONE', #2924, #713 ) ;
#1654 = CARTESIAN_POINT ( 'NONE',  ( 27.00000000000002487, 66.94670777265318407, 0.000000000000000000 ) ) ;
#1655 = CYLINDRICAL_SURFACE ( 'NONE', #2433, 5.000000000000000000 ) ;
#1656 = ORIENTED_EDGE ( 'NONE', *, *, #416, .T. ) ;
#1657 = EDGE_CURVE ( 'NONE', #3202, #3299, #1709, .T. ) ;
#1658 = ORIENTED_EDGE ( 'NONE', *, *, #2764, .F. ) ;
#1659 = DIRECTION ( 'NONE',  ( 1.000000000000000000, 0.000000000000000000, 0.000000000000000000 ) ) ;
#1660 = PLANE ( 'NONE',  #3755 ) ;
#1661 = ORIENTED_EDGE ( 'NONE', *, *, #2809, .T. ) ;
#1662 = LINE ( 'NONE', #514, #1171 ) ;
#1663 = CARTESIAN_POINT ( 'NONE',  ( 21.85000000000000497, 72.02664611367329428, -3.000000000000000000 ) ) ;
#1664 = COLOUR_RGB ( '',1.000000000000000000, 1.000000000000000000, 1.000000000000000000 ) ;
#1665 = VERTEX_POINT ( 'NONE', #2365 ) ;
#1666 = ORIENTED_EDGE ( 'NONE', *, *, #3227, .F. ) ;
#1667 = CARTESIAN_POINT ( 'NONE',  ( 75.00000000000000000, 74.24999999999987210, -5.999999999999998224 ) ) ;
#1668 = VECTOR ( 'NONE', #555, 1000.000000000000000 ) ;
#1669 = CARTESIAN_POINT ( 'NONE',  ( -12.99999999999997868, 118.9467077726531556, -3.000000000000000000 ) ) ;
#1670 = EDGE_CURVE ( 'NONE', #3713, #1240, #2318, .T. ) ;
#1671 = EDGE_LOOP ( 'NONE', ( #644, #369 ) ) ;
#1672 = CARTESIAN_POINT ( 'NONE',  ( 27.00000000000001066, 69.05329222734671646, 0.000000000000000000 ) ) ;
#1673 = ADVANCED_FACE ( 'NONE', ( #3590 ), #2330, .F. ) ;
#1674 = CARTESIAN_POINT ( 'NONE',  ( 21.85000000000000497, 77.97335388632643571, 0.000000000000000000 ) ) ;
#1675 = EDGE_LOOP ( 'NONE', ( #1467, #3576, #3431, #1320 ) ) ;
#1676 = EDGE_CURVE ( 'NONE', #411, #961, #836, .T. ) ;
#1677 = VECTOR ( 'NONE', #1495, 1000.000000000000000 ) ;
#1678 = VECTOR ( 'NONE', #3687, 1000.000000000000114 ) ;
#1679 = ORIENTED_EDGE ( 'NONE', *, *, #871, .T. ) ;
#1680 = DIRECTION ( 'NONE',  ( 0.000000000000000000, 0.000000000000000000, 1.000000000000000000 ) ) ;
#1681 = EDGE_CURVE ( 'NONE', #704, #2100, #1390, .T. ) ;
#1682 = CARTESIAN_POINT ( 'NONE',  ( 27.00000000000001066, 55.05329222734688699, 0.000000000000000000 ) ) ;
#1683 = AXIS2_PLACEMENT_3D ( 'NONE', #2132, #560, #929 ) ;
#1684 = EDGE_LOOP ( 'NONE', ( #402, #1531 ) ) ;
#1685 = EDGE_CURVE ( 'NONE', #763, #2907, #3874, .T. ) ;
#1686 = DIRECTION ( 'NONE',  ( 0.000000000000000000, 0.000000000000000000, 1.000000000000000000 ) ) ;
#1687 = EDGE_LOOP ( 'NONE', ( #2699, #899, #286, #72 ) ) ;
#1688 = DIRECTION ( 'NONE',  ( 0.000000000000000000, 0.000000000000000000, 1.000000000000000000 ) ) ;
#1689 = ORIENTED_EDGE ( 'NONE', *, *, #2171, .F. ) ;
#1690 = VERTEX_POINT ( 'NONE', #2047 ) ;
#1691 = CARTESIAN_POINT ( 'NONE',  ( 43.00000000000000000, 3.688163632484690672E-15, 0.000000000000000000 ) ) ;
#1692 = CARTESIAN_POINT ( 'NONE',  ( -12.99999999999998046, 73.94670777265318407, -3.000000000000000000 ) ) ;
#1693 = DIRECTION ( 'NONE',  ( 0.000000000000000000, 0.000000000000000000, 1.000000000000000000 ) ) ;
#1694 = DIRECTION ( 'NONE',  ( -1.000000000000000000, 0.000000000000000000, 0.000000000000000000 ) ) ;
#1695 = DIRECTION ( 'NONE',  ( 1.000000000000000000, 0.000000000000000000, 0.000000000000000000 ) ) ;
#1696 = CARTESIAN_POINT ( 'NONE',  ( 85.09999999999998010, -80.00000000000001421, -5.249999999999992006 ) ) ;
#1697 = EDGE_LOOP ( 'NONE', ( #2206, #3196 ) ) ;
#1698 = LINE ( 'NONE', #3761, #3267 ) ;
#1699 = DIRECTION ( 'NONE',  ( -0.000000000000000000, -0.000000000000000000, 1.000000000000000000 ) ) ;
#1700 = ORIENTED_EDGE ( 'NONE', *, *, #3982, .F. ) ;
#1701 = ORIENTED_EDGE ( 'NONE', *, *, #975, .T. ) ;
#1702 = DIRECTION ( 'NONE',  ( -0.7071067811865484609, -0.000000000000000000, 0.7071067811865465735 ) ) ;
#1703 = EDGE_LOOP ( 'NONE', ( #3374, #987 ) ) ;
#1704 = CARTESIAN_POINT ( 'NONE',  ( 81.81124969497314225, 84.99999999999984368, 0.000000000000000000 ) ) ;
#1705 = ORIENTED_EDGE ( 'NONE', *, *, #465, .F. ) ;
#1706 = EDGE_LOOP ( 'NONE', ( #3930, #911, #2806, #1006, #163, #582 ) ) ;
#1707 = ADVANCED_FACE ( 'NONE', ( #3284 ), #2027, .F. ) ;
#1708 = VECTOR ( 'NONE', #47, 1000.000000000000000 ) ;
#1709 = LINE ( 'NONE', #1764, #3599 ) ;
#1710 = PLANE ( 'NONE',  #1067 ) ;
#1711 = VECTOR ( 'NONE', #1719, 1000.000000000000000 ) ;
#1712 = LINE ( 'NONE', #417, #1736 ) ;
#1713 = CARTESIAN_POINT ( 'NONE',  ( 27.00000000000000355, 74.99999999999984368, -6.000000000000000000 ) ) ;
#1714 = DIRECTION ( 'NONE',  ( 0.7071067811865462405, -0.000000000000000000, 0.7071067811865489050 ) ) ;
#1715 = AXIS2_PLACEMENT_3D ( 'NONE', #3013, #3907, #1195 ) ;
#1716 = VECTOR ( 'NONE', #325, 1000.000000000000000 ) ;
#1717 = ORIENTED_EDGE ( 'NONE', *, *, #1757, .T. ) ;
#1718 = CARTESIAN_POINT ( 'NONE',  ( 17.14999999999999858, 80.02664611367346481, 0.000000000000000000 ) ) ;
#1719 = DIRECTION ( 'NONE',  ( -0.000000000000000000, -0.000000000000000000, 1.000000000000000000 ) ) ;
#1720 = EDGE_CURVE ( 'NONE', #84, #2873, #3250, .T. ) ;
#1721 = CARTESIAN_POINT ( 'NONE',  ( -7.000000000000006217, 58.00000000000003553, 0.000000000000000000 ) ) ;
#1722 = ORIENTED_EDGE ( 'NONE', *, *, #1308, .F. ) ;
#1723 = DIRECTION ( 'NONE',  ( 0.000000000000000000, -0.4472135954999579277, -0.8944271909999159664 ) ) ;
#1724 = VECTOR ( 'NONE', #629, 1000.000000000000000 ) ;
#1725 = DIRECTION ( 'NONE',  ( 0.000000000000000000, -1.000000000000000000, 0.000000000000000000 ) ) ;
#1726 = EDGE_CURVE ( 'NONE', #2291, #2732, #2288, .T. ) ;
#1727 = ORIENTED_EDGE ( 'NONE', *, *, #2800, .F. ) ;
#1728 = PLANE ( 'NONE',  #1456 ) ;
#1729 = CARTESIAN_POINT ( 'NONE',  ( 21.85000000000000853, 63.97335388632659203, -3.000000000000000000 ) ) ;
#1730 = ORIENTED_EDGE ( 'NONE', *, *, #3303, .F. ) ;
#1731 = EDGE_CURVE ( 'NONE', #1165, #2004, #180, .T. ) ;
#1732 = FACE_OUTER_BOUND ( 'NONE', #1428, .T. ) ;
#1733 = LINE ( 'NONE', #1156, #3399 ) ;
#1734 = CARTESIAN_POINT ( 'NONE',  ( 63.59999999999993747, -75.00000000000001421, 17.50000000000000000 ) ) ;
#1735 = PLANE ( 'NONE',  #989 ) ;
#1736 = VECTOR ( 'NONE', #820, 1000.000000000000000 ) ;
#1737 = CARTESIAN_POINT ( 'NONE',  ( 16.25000000000000000, 35.00000000000002842, -6.000000000000000000 ) ) ;
#1738 = DIRECTION ( 'NONE',  ( 1.000000000000000000, 0.000000000000000000, 0.000000000000000000 ) ) ;
#1739 = ORIENTED_EDGE ( 'NONE', *, *, #1633, .T. ) ;
#1740 = VECTOR ( 'NONE', #219, 1000.000000000000227 ) ;
#1741 = DIRECTION ( 'NONE',  ( 0.000000000000000000, 1.000000000000000000, 0.000000000000000000 ) ) ;
#1742 = ORIENTED_EDGE ( 'NONE', *, *, #1300, .F. ) ;
#1743 = DIRECTION ( 'NONE',  ( -1.000000000000000000, 0.000000000000000000, 0.000000000000000000 ) ) ;
#1744 = ORIENTED_EDGE ( 'NONE', *, *, #1861, .T. ) ;
#1745 = DIRECTION ( 'NONE',  ( 0.8660254037844381525, -0.5000000000000007772, 0.000000000000000000 ) ) ;
#1746 = CARTESIAN_POINT ( 'NONE',  ( -22.50000000000000355, 63.00000000000004263, 0.000000000000000000 ) ) ;
#1747 = CARTESIAN_POINT ( 'NONE',  ( -13.49999999999998046, 0.000000000000000000, -1.000000000000000000 ) ) ;
#1748 = EDGE_CURVE ( 'NONE', #2100, #3918, #540, .T. ) ;
#1749 = FACE_OUTER_BOUND ( 'NONE', #2576, .T. ) ;
#1750 = ORIENTED_EDGE ( 'NONE', *, *, #3886, .T. ) ;
#1751 = CARTESIAN_POINT ( 'NONE',  ( -12.99999999999999112, 107.0532922273468870, -3.000000000000000000 ) ) ;
#1752 = DIRECTION ( 'NONE',  ( -0.5773502691896247319, 0.5773502691896255090, -0.5773502691896269523 ) ) ;
#1753 = CARTESIAN_POINT ( 'NONE',  ( 0.000000000000000000, -67.00000000000002842, -0.000000000000000000 ) ) ;
#1754 = EDGE_CURVE ( 'NONE', #2873, #2559, #1451, .T. ) ;
#1755 = ADVANCED_FACE ( 'NONE', ( #3854 ), #457, .T. ) ;
#1756 = DIRECTION ( 'NONE',  ( 0.000000000000000000, 0.000000000000000000, -1.000000000000000000 ) ) ;
#1757 = EDGE_CURVE ( 'NONE', #3299, #1490, #2619, .T. ) ;
#1758 = FACE_OUTER_BOUND ( 'NONE', #351, .T. ) ;
#1759 = CARTESIAN_POINT ( 'NONE',  ( -7.849999999999978328, 65.02664611367345060, 0.000000000000000000 ) ) ;
#1760 = ORIENTED_EDGE ( 'NONE', *, *, #2213, .T. ) ;
#1761 = DIRECTION ( 'NONE',  ( 0.000000000000000000, 1.000000000000000000, 0.000000000000000000 ) ) ;
#1762 = FACE_OUTER_BOUND ( 'NONE', #2536, .T. ) ;
#1763 = VERTEX_POINT ( 'NONE', #3831 ) ;
#1764 = CARTESIAN_POINT ( 'NONE',  ( 38.00000000000001421, -67.00000000000002842, 0.000000000000000000 ) ) ;
#1765 = PLANE ( 'NONE',  #1824 ) ;
#1766 = CARTESIAN_POINT ( 'NONE',  ( 75.00000000000000000, 73.74999999999985789, 0.000000000000000000 ) ) ;
#1767 = VERTEX_POINT ( 'NONE', #1090 ) ;
#1768 = EDGE_CURVE ( 'NONE', #1830, #2942, #2309, .T. ) ;
#1769 = DIRECTION ( 'NONE',  ( -0.8660254037844383745, -0.5000000000000004441, -0.000000000000000000 ) ) ;
#1770 = AXIS2_PLACEMENT_3D ( 'NONE', #2553, #431, #1938 ) ;
#1771 = ORIENTED_EDGE ( 'NONE', *, *, #2765, .F. ) ;
#1772 = CARTESIAN_POINT ( 'NONE',  ( -17.50000000000000355, 121.0000000000000426, -6.000000000000000000 ) ) ;
#1773 = DIRECTION ( 'NONE',  ( -0.000000000000000000, -0.000000000000000000, 1.000000000000000000 ) ) ;
#1774 = VECTOR ( 'NONE', #2075, 1000.000000000000000 ) ;
#1775 = DIRECTION ( 'NONE',  ( 0.8660254037844388186, 0.4999999999999997224, 0.000000000000000000 ) ) ;
#1776 = PLANE ( 'NONE',  #1715 ) ;
#1777 = ADVANCED_FACE ( 'NONE', ( #1526 ), #3967, .F. ) ;
#1778 = VECTOR ( 'NONE', #1400, 1000.000000000000227 ) ;
#1779 = FACE_OUTER_BOUND ( 'NONE', #2850, .T. ) ;
#1780 = DIRECTION ( 'NONE',  ( -0.000000000000000000, -1.000000000000000000, 0.000000000000000000 ) ) ;
#1781 = ORIENTED_EDGE ( 'NONE', *, *, #2723, .F. ) ;
#1782 = ORIENTED_EDGE ( 'NONE', *, *, #117, .F. ) ;
#1783 = LINE ( 'NONE', #3376, #3924 ) ;
#1784 = LINE ( 'NONE', #949, #100 ) ;
#1785 = ORIENTED_EDGE ( 'NONE', *, *, #2503, .F. ) ;
#1786 = CARTESIAN_POINT ( 'NONE',  ( 58.10660171779819905, 58.10660171779845484, -6.000000000000000000 ) ) ;
#1787 = LINE ( 'NONE', #2102, #2248 ) ;
#1788 = ORIENTED_EDGE ( 'NONE', *, *, #2437, .F. ) ;
#1789 = CARTESIAN_POINT ( 'NONE',  ( 12.99999999999999822, 35.00000000000002842, -6.000000000000000000 ) ) ;
#1790 = EDGE_CURVE ( 'NONE', #2587, #1970, #328, .T. ) ;
#1791 = AXIS2_PLACEMENT_3D ( 'NONE', #3188, #2885, #121 ) ;
#1792 = CARTESIAN_POINT ( 'NONE',  ( -12.99999999999997868, 118.9467077726531556, -3.000000000000000000 ) ) ;
#1793 = AXIS2_PLACEMENT_3D ( 'NONE', #3120, #1244, #352 ) ;
#1794 = PLANE ( 'NONE',  #1076 ) ;
#1795 = ADVANCED_FACE ( 'NONE', ( #3050 ), #1543, .F. ) ;
#1796 = CARTESIAN_POINT ( 'NONE',  ( 11.50000000000001776, 88.65803263805835854, 0.000000000000000000 ) ) ;
#1797 = ADVANCED_FACE ( 'NONE', ( #1836, #576 ), #1799, .T. ) ;
#1798 = VECTOR ( 'NONE', #2007, 1000.000000000000000 ) ;
#1799 = PLANE ( 'NONE',  #791 ) ;
#1800 = DIRECTION ( 'NONE',  ( 0.8660254037844384856, 0.5000000000000002220, 0.000000000000000000 ) ) ;
#1801 = VECTOR ( 'NONE', #3915, 1000.000000000000114 ) ;
#1802 = DIRECTION ( 'NONE',  ( 0.000000000000000000, 0.000000000000000000, -1.000000000000000000 ) ) ;
#1803 = ORIENTED_EDGE ( 'NONE', *, *, #3709, .T. ) ;
#1804 = FACE_BOUND ( 'NONE', #814, .T. ) ;
#1805 = CARTESIAN_POINT ( 'NONE',  ( -15.49999999999998757, -68.63603896932107773, -2.999999999999993783 ) ) ;
#1806 = CARTESIAN_POINT ( 'NONE',  ( 7.849999999999997868, 32.02664611367345771, 0.000000000000000000 ) ) ;
#1807 = ORIENTED_EDGE ( 'NONE', *, *, #3101, .F. ) ;
#1808 = DIRECTION ( 'NONE',  ( 0.000000000000000000, 0.4472135954999579832, 0.8944271909999159664 ) ) ;
#1809 = DIRECTION ( 'NONE',  ( -0.000000000000000000, -0.000000000000000000, 1.000000000000000000 ) ) ;
#1810 = DIRECTION ( 'NONE',  ( 1.000000000000000000, 0.000000000000000000, 0.000000000000000000 ) ) ;
#1811 = ORIENTED_EDGE ( 'NONE', *, *, #3626, .F. ) ;
#1812 = DIRECTION ( 'NONE',  ( -0.8660254037844382635, -0.5000000000000006661, -0.000000000000000000 ) ) ;
#1813 = PLANE ( 'NONE',  #25 ) ;
#1814 = EDGE_CURVE ( 'NONE', #2319, #154, #2719, .T. ) ;
#1815 = EDGE_LOOP ( 'NONE', ( #3818, #653, #2128, #1739 ) ) ;
#1816 = EDGE_CURVE ( 'NONE', #1287, #362, #2152, .T. ) ;
#1817 = ORIENTED_EDGE ( 'NONE', *, *, #292, .F. ) ;
#1818 = FACE_BOUND ( 'NONE', #1842, .T. ) ;
#1819 = ORIENTED_EDGE ( 'NONE', *, *, #1100, .F. ) ;
#1820 = FACE_OUTER_BOUND ( 'NONE', #1875, .T. ) ;
#1821 = VECTOR ( 'NONE', #2357, 1000.000000000000000 ) ;
#1822 = DIRECTION ( 'NONE',  ( 0.4999999999999982236, -0.8660254037844397068, 0.000000000000000000 ) ) ;
#1823 = DIRECTION ( 'NONE',  ( 1.000000000000000000, 0.000000000000000000, 0.000000000000000000 ) ) ;
#1824 = AXIS2_PLACEMENT_3D ( 'NONE', #2965, #1476, #1433 ) ;
#1825 = VERTEX_POINT ( 'NONE', #2423 ) ;
#1826 = CARTESIAN_POINT ( 'NONE',  ( 12.00000000000000178, 83.00000000000002842, -6.000000000000000000 ) ) ;
#1827 = VECTOR ( 'NONE', #3337, 1000.000000000000000 ) ;
#1828 = ORIENTED_EDGE ( 'NONE', *, *, #3927, .T. ) ;
#1829 = FACE_OUTER_BOUND ( 'NONE', #3525, .T. ) ;
#1830 = VERTEX_POINT ( 'NONE', #2461 ) ;
#1831 = CYLINDRICAL_SURFACE ( 'NONE', #2216, 2.249999999999995115 ) ;
#1832 = EDGE_CURVE ( 'NONE', #3378, #785, #1783, .T. ) ;
#1833 = ORIENTED_EDGE ( 'NONE', *, *, #3185, .T. ) ;
#1834 = VECTOR ( 'NONE', #3632, 1000.000000000000000 ) ;
#1835 = CARTESIAN_POINT ( 'NONE',  ( 26.50000000000003553, 68.65803263805835854, -1.000000000000000000 ) ) ;
#1836 = FACE_BOUND ( 'NONE', #3197, .T. ) ;
#1837 = DIRECTION ( 'NONE',  ( 0.000000000000000000, 0.000000000000000000, 1.000000000000000000 ) ) ;
#1838 = ORIENTED_EDGE ( 'NONE', *, *, #244, .F. ) ;
#1839 = EDGE_CURVE ( 'NONE', #84, #2009, #3, .T. ) ;
#1840 = EDGE_LOOP ( 'NONE', ( #1241, #920, #833 ) ) ;
#1841 = CARTESIAN_POINT ( 'NONE',  ( 29.99999999999995026, -75.00000000000000000, 25.00000000000002132 ) ) ;
#1842 = EDGE_LOOP ( 'NONE', ( #1631, #959 ) ) ;
#1843 = DIRECTION ( 'NONE',  ( -1.000000000000000000, 0.000000000000000000, 0.000000000000000000 ) ) ;
#1844 = FACE_OUTER_BOUND ( 'NONE', #1536, .T. ) ;
#1845 = ADVANCED_FACE ( 'NONE', ( #3680, #3932, #595, #889, #271, #3018, #1169, #1222 ), #1184, .F. ) ;
#1846 = CARTESIAN_POINT ( 'NONE',  ( 8.749999999999998224, 83.00000000000002842, -6.000000000000000000 ) ) ;
#1847 = DIRECTION ( 'NONE',  ( -0.7071067811865436870, -0.7071067811865513475, -0.000000000000000000 ) ) ;
#1848 = ORIENTED_EDGE ( 'NONE', *, *, #3445, .F. ) ;
#1849 = CARTESIAN_POINT ( 'NONE',  ( 27.49999999999999645, 80.65803263805818801, -1.000000000000000000 ) ) ;
#1850 = LINE ( 'NONE', #3089, #2622 ) ;
#1851 = VECTOR ( 'NONE', #878, 1000.000000000000000 ) ;
#1852 = FACE_OUTER_BOUND ( 'NONE', #1593, .T. ) ;
#1853 = ORIENTED_EDGE ( 'NONE', *, *, #2437, .T. ) ;
#1854 = DIRECTION ( 'NONE',  ( 0.5773502691896279515, -0.5773502691896217343, 0.5773502691896276184 ) ) ;
#1855 = DIRECTION ( 'NONE',  ( 0.7071067811865490160, -0.7071067811865461294, 0.000000000000000000 ) ) ;
#1856 = ADVANCED_FACE ( 'NONE', ( #3661 ), #3093, .T. ) ;
#1857 = LINE ( 'NONE', #618, #227 ) ;
#1858 = VECTOR ( 'NONE', #1988, 1000.000000000000000 ) ;
#1859 = VECTOR ( 'NONE', #159, 1000.000000000000000 ) ;
#1860 = VERTEX_POINT ( 'NONE', #2406 ) ;
#1861 = EDGE_CURVE ( 'NONE', #2732, #3703, #3338, .T. ) ;
#1862 = DIRECTION ( 'NONE',  ( -0.8660254037844383745, 0.5000000000000004441, 0.000000000000000000 ) ) ;
#1863 = ORIENTED_EDGE ( 'NONE', *, *, #3014, .F. ) ;
#1864 = DIRECTION ( 'NONE',  ( -0.000000000000000000, -0.000000000000000000, 1.000000000000000000 ) ) ;
#1865 = VECTOR ( 'NONE', #3512, 1000.000000000000000 ) ;
#1866 = EDGE_CURVE ( 'NONE', #763, #2873, #1509, .T. ) ;
#1867 = ORIENTED_EDGE ( 'NONE', *, *, #756, .F. ) ;
#1868 = LINE ( 'NONE', #3103, #2259 ) ;
#1869 = DIRECTION ( 'NONE',  ( 1.000000000000000000, 0.000000000000000000, -0.000000000000000000 ) ) ;
#1870 = VERTEX_POINT ( 'NONE', #3607 ) ;
#1871 = ADVANCED_FACE ( 'NONE', ( #872 ), #255, .T. ) ;
#1872 = ADVANCED_FACE ( 'NONE', ( #3623 ), #966, .F. ) ;
#1873 = ORIENTED_EDGE ( 'NONE', *, *, #900, .F. ) ;
#1874 = DIRECTION ( 'NONE',  ( -1.000000000000000000, 0.000000000000000000, 0.000000000000000000 ) ) ;
#1875 = EDGE_LOOP ( 'NONE', ( #2233, #859, #2977, #3756 ) ) ;
#1876 = DIRECTION ( 'NONE',  ( 1.000000000000000000, 8.577124726708580637E-17, 0.000000000000000000 ) ) ;
#1877 = CARTESIAN_POINT ( 'NONE',  ( 27.00000000000000355, 74.99999999999984368, -6.000000000000000000 ) ) ;
#1878 = LINE ( 'NONE', #3115, #1574 ) ;
#1879 = ORIENTED_EDGE ( 'NONE', *, *, #2591, .T. ) ;
#1880 = CARTESIAN_POINT ( 'NONE',  ( 21.85000000000000853, 63.97335388632659203, 0.000000000000000000 ) ) ;
#1881 = CARTESIAN_POINT ( 'NONE',  ( -22.49999999999998934, -79.40000000000001990, 3.999999999999928946 ) ) ;
#1882 = ORIENTED_EDGE ( 'NONE', *, *, #2816, .F. ) ;
#1883 = LINE ( 'NONE', #2490, #3912 ) ;
#1884 = ORIENTED_EDGE ( 'NONE', *, *, #3164, .T. ) ;
#1885 = EDGE_CURVE ( 'NONE', #2564, #2857, #1600, .T. ) ;
#1886 = ORIENTED_EDGE ( 'NONE', *, *, #768, .T. ) ;
#1887 = DIRECTION ( 'NONE',  ( -0.000000000000000000, -0.000000000000000000, 1.000000000000000000 ) ) ;
#1888 = DIRECTION ( 'NONE',  ( 0.000000000000000000, 1.000000000000000000, 0.000000000000000000 ) ) ;
#1889 = VERTEX_POINT ( 'NONE', #1897 ) ;
#1890 = AXIS2_PLACEMENT_3D ( 'NONE', #2575, #990, #1301 ) ;
#1891 = PLANE ( 'NONE',  #757 ) ;
#1892 = LINE ( 'NONE', #386, #3686 ) ;
#1893 = ADVANCED_FACE ( 'NONE', ( #1007 ), #988, .F. ) ;
#1894 = VERTEX_POINT ( 'NONE', #2789 ) ;
#1895 = EDGE_CURVE ( 'NONE', #1563, #3952, #22, .T. ) ;
#1896 = VECTOR ( 'NONE', #2589, 1000.000000000000114 ) ;
#1897 = CARTESIAN_POINT ( 'NONE',  ( -17.50000000000000000, 58.00000000000003553, -6.000000000000000000 ) ) ;
#1898 = DIRECTION ( 'NONE',  ( -0.000000000000000000, -0.000000000000000000, 1.000000000000000000 ) ) ;
#1899 = ORIENTED_EDGE ( 'NONE', *, *, #904, .F. ) ;
#1900 = EDGE_LOOP ( 'NONE', ( #2006, #68, #3795, #1785 ) ) ;
#1901 = DIRECTION ( 'NONE',  ( 0.000000000000000000, 1.000000000000000000, 0.000000000000000000 ) ) ;
#1902 = CARTESIAN_POINT ( 'NONE',  ( -18.14999999999998082, 65.02664611367345060, 0.000000000000000000 ) ) ;
#1903 = ORIENTED_EDGE ( 'NONE', *, *, #2983, .F. ) ;
#1904 = CARTESIAN_POINT ( 'NONE',  ( 27.00000000000000355, 74.99999999999984368, -6.000000000000000000 ) ) ;
#1905 = PLANE ( 'NONE',  #1561 ) ;
#1906 = ADVANCED_FACE ( 'NONE', ( #344 ), #3133, .F. ) ;
#1907 = LINE ( 'NONE', #3143, #965 ) ;
#1908 = EDGE_LOOP ( 'NONE', ( #3852, #99, #2997, #1402, #2686 ) ) ;
#1909 = AXIS2_PLACEMENT_3D ( 'NONE', #2744, #3403, #2451 ) ;
#1910 = DIRECTION ( 'NONE',  ( -1.000000000000000000, 0.000000000000000000, 0.000000000000000000 ) ) ;
#1911 = CARTESIAN_POINT ( 'NONE',  ( 27.00000000000002487, 66.94670777265318407, -1.000000000000000000 ) ) ;
#1912 = CARTESIAN_POINT ( 'NONE',  ( -7.849999999999978328, 65.02664611367345060, -3.000000000000000000 ) ) ;
#1913 = DIRECTION ( 'NONE',  ( -0.000000000000000000, -0.000000000000000000, 1.000000000000000000 ) ) ;
#1914 = EDGE_CURVE ( 'NONE', #3110, #1097, #1298, .T. ) ;
#1915 = ORIENTED_EDGE ( 'NONE', *, *, #2510, .T. ) ;
#1916 = MECHANICAL_DESIGN_GEOMETRIC_PRESENTATION_REPRESENTATION (  '', ( #1275 ), #2370 ) ;
#1917 = CARTESIAN_POINT ( 'NONE',  ( -2.999999999999999556, 119.2132034355963555, 0.000000000000000000 ) ) ;
#1918 = DIRECTION ( 'NONE',  ( 1.000000000000000000, 0.000000000000000000, 0.000000000000000000 ) ) ;
#1919 = EDGE_LOOP ( 'NONE', ( #2718, #1204, #2158, #956 ) ) ;
#1920 = AXIS2_PLACEMENT_3D ( 'NONE', #3668, #3060, #936 ) ;
#1921 = ADVANCED_FACE ( 'NONE', ( #2238 ), #2219, .F. ) ;
#1922 = VERTEX_POINT ( 'NONE', #1644 ) ;
#1923 = FACE_BOUND ( 'NONE', #2612, .T. ) ;
#1924 = VECTOR ( 'NONE', #3610, 1000.000000000000000 ) ;
#1925 = FACE_OUTER_BOUND ( 'NONE', #598, .T. ) ;
#1926 = VERTEX_POINT ( 'NONE', #391 ) ;
#1927 = VECTOR ( 'NONE', #1961, 1000.000000000000000 ) ;
#1928 = CARTESIAN_POINT ( 'NONE',  ( 18.14999999999999503, 32.02664611367345771, -3.000000000000000000 ) ) ;
#1929 = SURFACE_STYLE_FILL_AREA ( #711 ) ;
#1930 = VERTEX_POINT ( 'NONE', #407 ) ;
#1931 = DIRECTION ( 'NONE',  ( 1.000000000000000000, 0.000000000000000000, 0.000000000000000000 ) ) ;
#1932 = VERTEX_POINT ( 'NONE', #1345 ) ;
#1933 = CARTESIAN_POINT ( 'NONE',  ( -1.499999999999997780, -75.00000000000000000, 25.00000000000001776 ) ) ;
#1934 = CARTESIAN_POINT ( 'NONE',  ( 3.299999999999997158, 121.0000000000000426, -6.000000000000000000 ) ) ;
#1935 = ORIENTED_EDGE ( 'NONE', *, *, #2090, .T. ) ;
#1936 = ORIENTED_EDGE ( 'NONE', *, *, #2113, .T. ) ;
#1937 = DIRECTION ( 'NONE',  ( 0.000000000000000000, 0.000000000000000000, -1.000000000000000000 ) ) ;
#1938 = DIRECTION ( 'NONE',  ( -6.938893903907227145E-17, 1.000000000000000000, 0.000000000000000000 ) ) ;
#1939 = AXIS2_PLACEMENT_3D ( 'NONE', #2863, #1334, #3495 ) ;
#1940 = ORIENTED_EDGE ( 'NONE', *, *, #1464, .T. ) ;
#1941 = CARTESIAN_POINT ( 'NONE',  ( 51.00000000000007105, -75.00000000000001421, 0.000000000000000000 ) ) ;
#1942 = LINE ( 'NONE', #1351, #612 ) ;
#1943 = EDGE_CURVE ( 'NONE', #2601, #3592, #1293, .T. ) ;
#1944 = CYLINDRICAL_SURFACE ( 'NONE', #3225, 2.249999999999996003 ) ;
#1945 = ORIENTED_EDGE ( 'NONE', *, *, #3045, .T. ) ;
#1946 = DIRECTION ( 'NONE',  ( -1.000000000000000000, 3.812579068080894480E-16, 0.000000000000000000 ) ) ;
#1947 = PLANE ( 'NONE',  #1791 ) ;
#1948 = ORIENTED_EDGE ( 'NONE', *, *, #3147, .F. ) ;
#1949 = DIRECTION ( 'NONE',  ( 1.000000000000000000, 0.000000000000000000, 0.000000000000000000 ) ) ;
#1950 = CARTESIAN_POINT ( 'NONE',  ( 17.14999999999999858, 80.02664611367346481, 0.000000000000000000 ) ) ;
#1951 = ORIENTED_EDGE ( 'NONE', *, *, #2953, .T. ) ;
#1952 = VECTOR ( 'NONE', #409, 1000.000000000000000 ) ;
#1953 = ORIENTED_EDGE ( 'NONE', *, *, #23, .T. ) ;
#1954 = PLANE ( 'NONE',  #389 ) ;
#1955 = ADVANCED_FACE ( 'NONE', ( #739 ), #111, .F. ) ;
#1956 = LINE ( 'NONE', #2834, #1952 ) ;
#1957 = VECTOR ( 'NONE', #1577, 1000.000000000000000 ) ;
#1958 = ORIENTED_EDGE ( 'NONE', *, *, #1376, .T. ) ;
#1959 = AXIS2_PLACEMENT_3D ( 'NONE', #1316, #43, #1273 ) ;
#1960 = ORIENTED_EDGE ( 'NONE', *, *, #3906, .F. ) ;
#1961 = DIRECTION ( 'NONE',  ( 0.8660254037844392627, 0.4999999999999990008, 0.000000000000000000 ) ) ;
#1962 = DIRECTION ( 'NONE',  ( -0.000000000000000000, -1.000000000000000000, 0.000000000000000000 ) ) ;
#1963 = ORIENTED_EDGE ( 'NONE', *, *, #2459, .T. ) ;
#1964 = VECTOR ( 'NONE', #1039, 1000.000000000000000 ) ;
#1965 = EDGE_CURVE ( 'NONE', #684, #3766, #3700, .T. ) ;
#1966 = DIRECTION ( 'NONE',  ( -0.000000000000000000, -0.000000000000000000, 1.000000000000000000 ) ) ;
#1967 = CARTESIAN_POINT ( 'NONE',  ( 47.99999999999998579, 60.89999999999986358, 0.000000000000000000 ) ) ;
#1968 = SURFACE_SIDE_STYLE ('',( #1929 ) ) ;
#1969 = ADVANCED_FACE ( 'NONE', ( #2170 ), #1954, .F. ) ;
#1970 = VERTEX_POINT ( 'NONE', #3413 ) ;
#1971 = DIRECTION ( 'NONE',  ( -0.000000000000000000, -1.000000000000000000, 0.000000000000000000 ) ) ;
#1972 = DIRECTION ( 'NONE',  ( 0.6666666666666704044, 0.6666666666666636321, -0.3333333333333317605 ) ) ;
#1973 = ORIENTED_EDGE ( 'NONE', *, *, #1200, .F. ) ;
#1974 = ORIENTED_EDGE ( 'NONE', *, *, #802, .F. ) ;
#1975 = LINE ( 'NONE', #2303, #2497 ) ;
#1976 = ORIENTED_EDGE ( 'NONE', *, *, #608, .F. ) ;
#1977 = CYLINDRICAL_SURFACE ( 'NONE', #3062, 3.250000000000002665 ) ;
#1978 = ORIENTED_EDGE ( 'NONE', *, *, #1494, .T. ) ;
#1979 = CIRCLE ( 'NONE', #574, 2.249999999999996003 ) ;
#1980 = VERTEX_POINT ( 'NONE', #2574 ) ;
#1981 = ORIENTED_EDGE ( 'NONE', *, *, #2800, .T. ) ;
#1982 = VERTEX_POINT ( 'NONE', #658 ) ;
#1983 = EDGE_LOOP ( 'NONE', ( #1915, #750 ) ) ;
#1984 = DIRECTION ( 'NONE',  ( -0.8660254037844385966, 0.5000000000000001110, 0.000000000000000000 ) ) ;
#1985 = VECTOR ( 'NONE', #1209, 1000.000000000000000 ) ;
#1986 = CYLINDRICAL_SURFACE ( 'NONE', #2349, 3.250000000000009770 ) ;
#1987 = EDGE_LOOP ( 'NONE', ( #3396, #1199, #1232, #3519, #1265, #2431, #1595, #2487, #1387 ) ) ;
#1988 = DIRECTION ( 'NONE',  ( -0.000000000000000000, -0.000000000000000000, 1.000000000000000000 ) ) ;
#1989 = CARTESIAN_POINT ( 'NONE',  ( 71.40000000000000568, 84.99999999999984368, 169.8835189181103544 ) ) ;
#1990 = DIRECTION ( 'NONE',  ( -1.000000000000000000, 0.000000000000000000, 0.000000000000000000 ) ) ;
#1991 = ORIENTED_EDGE ( 'NONE', *, *, #2378, .T. ) ;
#1992 = LINE ( 'NONE', #466, #1423 ) ;
#1993 = VECTOR ( 'NONE', #520, 1000.000000000000000 ) ;
#1994 = ORIENTED_EDGE ( 'NONE', *, *, #1866, .F. ) ;
#1995 = PLANE ( 'NONE',  #479 ) ;
#1996 = EDGE_CURVE ( 'NONE', #3595, #2284, #701, .T. ) ;
#1997 = CARTESIAN_POINT ( 'NONE',  ( 27.00000000000000711, 55.05329222734687988, -3.000000000000000000 ) ) ;
#1998 = AXIS2_PLACEMENT_3D ( 'NONE', #197, #829, #1383 ) ;
#1999 = ADVANCED_FACE ( 'NONE', ( #1321 ), #3742, .F. ) ;
#2000 = CARTESIAN_POINT ( 'NONE',  ( 92.09999999999999432, -75.00000000000001421, 4.000000000000010658 ) ) ;
#2001 = ORIENTED_EDGE ( 'NONE', *, *, #3620, .T. ) ;
#2002 = EDGE_LOOP ( 'NONE', ( #1243, #442, #1109, #2393 ) ) ;
#2003 = CARTESIAN_POINT ( 'NONE',  ( -7.849999999999996092, 110.0266461136734506, -3.000000000000000000 ) ) ;
#2004 = VERTEX_POINT ( 'NONE', #3722 ) ;
#2005 = VECTOR ( 'NONE', #3753, 1000.000000000000000 ) ;
#2006 = ORIENTED_EDGE ( 'NONE', *, *, #2560, .T. ) ;
#2007 = DIRECTION ( 'NONE',  ( -0.000000000000000000, -0.000000000000000000, 1.000000000000000000 ) ) ;
#2008 = FACE_OUTER_BOUND ( 'NONE', #2756, .T. ) ;
#2009 = VERTEX_POINT ( 'NONE', #3177 ) ;
#2010 = DIRECTION ( 'NONE',  ( 7.671613576165877283E-17, -0.8944271909999158554, 0.4472135954999578722 ) ) ;
#2011 = ORIENTED_EDGE ( 'NONE', *, *, #3095, .F. ) ;
#2012 = VERTEX_POINT ( 'NONE', #3429 ) ;
#2013 = LINE ( 'NONE', #243, #130 ) ;
#2014 = DIRECTION ( 'NONE',  ( 0.000000000000000000, 0.000000000000000000, -1.000000000000000000 ) ) ;
#2015 = EDGE_CURVE ( 'NONE', #2319, #3766, #1447, .T. ) ;
#2016 = CARTESIAN_POINT ( 'NONE',  ( 75.00000000000000000, 73.74999999999985789, -5.999999999999998224 ) ) ;
#2017 = VERTEX_POINT ( 'NONE', #2344 ) ;
#2018 = DIRECTION ( 'NONE',  ( 0.000000000000000000, 0.000000000000000000, -1.000000000000000000 ) ) ;
#2019 = CARTESIAN_POINT ( 'NONE',  ( -12.49999999999998046, 73.65803263805838696, -1.000000000000000000 ) ) ;
#2020 = ADVANCED_FACE ( 'NONE', ( #3562, #3584, #3219, #430 ), #175, .T. ) ;
#2021 = LINE ( 'NONE', #151, #3163 ) ;
#2022 = ORIENTED_EDGE ( 'NONE', *, *, #3147, .T. ) ;
#2023 = CARTESIAN_POINT ( 'NONE',  ( -22.49999999999998934, -75.00000000000001421, -10.00000000000000000 ) ) ;
#2024 = AXIS2_PLACEMENT_3D ( 'NONE', #716, #1124, #266 ) ;
#2025 = EDGE_CURVE ( 'NONE', #2907, #2045, #1105, .T. ) ;
#2026 = AXIS2_PLACEMENT_3D ( 'NONE', #24, #256, #1239 ) ;
#2027 = PLANE ( 'NONE',  #2974 ) ;
#2028 = DIRECTION ( 'NONE',  ( -0.8660254037844384856, -0.5000000000000003331, -0.000000000000000000 ) ) ;
#2029 = AXIS2_PLACEMENT_3D ( 'NONE', #3301, #1723, #3564 ) ;
#2030 = ORIENTED_EDGE ( 'NONE', *, *, #2065, .F. ) ;
#2031 = LINE ( 'NONE', #3772, #449 ) ;
#2032 = ORIENTED_EDGE ( 'NONE', *, *, #2440, .F. ) ;
#2033 = FACE_OUTER_BOUND ( 'NONE', #3823, .T. ) ;
#2034 = PLANE ( 'NONE',  #2168 ) ;
#2035 = VECTOR ( 'NONE', #147, 1000.000000000000000 ) ;
#2036 = DIRECTION ( 'NONE',  ( -0.000000000000000000, -0.000000000000000000, 1.000000000000000000 ) ) ;
#2037 = LINE ( 'NONE', #213, #1642 ) ;
#2038 = CARTESIAN_POINT ( 'NONE',  ( -4.999999999999943157, -75.00000000000001421, 21.50000000000004263 ) ) ;
#2039 = VERTEX_POINT ( 'NONE', #1721 ) ;
#2040 = FACE_OUTER_BOUND ( 'NONE', #3054, .T. ) ;
#2041 = ORIENTED_EDGE ( 'NONE', *, *, #1093, .F. ) ;
#2042 = DIRECTION ( 'NONE',  ( 0.000000000000000000, 0.000000000000000000, -1.000000000000000000 ) ) ;
#2043 = EDGE_LOOP ( 'NONE', ( #543, #2151, #2191, #1030 ) ) ;
#2044 = EDGE_CURVE ( 'NONE', #631, #762, #2916, .T. ) ;
#2045 = VERTEX_POINT ( 'NONE', #1403 ) ;
#2046 = ORIENTED_EDGE ( 'NONE', *, *, #2701, .F. ) ;
#2047 = CARTESIAN_POINT ( 'NONE',  ( 27.00000000000000711, 55.05329222734687988, -3.000000000000000000 ) ) ;
#2048 = CARTESIAN_POINT ( 'NONE',  ( 71.40000000000000568, 84.99999999999984368, 0.000000000000000000 ) ) ;
#2049 = EDGE_CURVE ( 'NONE', #7, #1046, #2062, .T. ) ;
#2050 = DIRECTION ( 'NONE',  ( 0.000000000000000000, 0.000000000000000000, 1.000000000000000000 ) ) ;
#2051 = LINE ( 'NONE', #3361, #1357 ) ;
#2052 = EDGE_LOOP ( 'NONE', ( #1486, #2792 ) ) ;
#2053 = ADVANCED_FACE ( 'NONE', ( #849 ), #2632, .F. ) ;
#2054 = AXIS2_PLACEMENT_3D ( 'NONE', #165, #1310, #1038 ) ;
#2055 = DIRECTION ( 'NONE',  ( -0.000000000000000000, -0.000000000000000000, 1.000000000000000000 ) ) ;
#2056 = FACE_OUTER_BOUND ( 'NONE', #2520, .T. ) ;
#2057 = CARTESIAN_POINT ( 'NONE',  ( 27.00000000000000355, 74.99999999999984368, -3.000000000000000000 ) ) ;
#2058 = CARTESIAN_POINT ( 'NONE',  ( 7.999999999999996447, 33.40000000000002700, -29.19999999999999929 ) ) ;
#2059 = PLANE ( 'NONE',  #2476 ) ;
#2060 = LINE ( 'NONE', #3543, #2256 ) ;
#2061 = AXIS2_PLACEMENT_3D ( 'NONE', #953, #1549, #3938 ) ;
#2062 = LINE ( 'NONE', #451, #2906 ) ;
#2063 = FACE_OUTER_BOUND ( 'NONE', #877, .T. ) ;
#2064 = ORIENTED_EDGE ( 'NONE', *, *, #2996, .F. ) ;
#2065 = EDGE_CURVE ( 'NONE', #961, #1922, #2021, .T. ) ;
#2066 = CARTESIAN_POINT ( 'NONE',  ( 26.99999999999999645, 80.94670777265299932, 0.000000000000000000 ) ) ;
#2067 = DIRECTION ( 'NONE',  ( 0.000000000000000000, 0.000000000000000000, -1.000000000000000000 ) ) ;
#2068 = PLANE ( 'NONE',  #2777 ) ;
#2069 = VERTEX_POINT ( 'NONE', #3261 ) ;
#2070 = CARTESIAN_POINT ( 'NONE',  ( -12.99999999999998046, 73.94670777265319828, -1.000000000000000000 ) ) ;
#2071 = ORIENTED_EDGE ( 'NONE', *, *, #3593, .F. ) ;
#2072 = LINE ( 'NONE', #1099, #3213 ) ;
#2073 = EDGE_CURVE ( 'NONE', #144, #2004, #1662, .T. ) ;
#2074 = DIRECTION ( 'NONE',  ( -1.000000000000000000, 0.000000000000000000, 0.000000000000000000 ) ) ;
#2075 = DIRECTION ( 'NONE',  ( 0.8660254037844392627, 0.4999999999999990008, 0.000000000000000000 ) ) ;
#2076 = ORIENTED_EDGE ( 'NONE', *, *, #1454, .F. ) ;
#2077 = PLANE ( 'NONE',  #1539 ) ;
#2078 = LINE ( 'NONE', #3640, #2089 ) ;
#2079 = EDGE_CURVE ( 'NONE', #41, #3946, #981, .T. ) ;
#2080 = CARTESIAN_POINT ( 'NONE',  ( 3.000000000000008882, -67.00000000000000000, 0.000000000000000000 ) ) ;
#2081 = CYLINDRICAL_SURFACE ( 'NONE', #3380, 5.000000000000000888 ) ;
#2082 = VERTEX_POINT ( 'NONE', #2614 ) ;
#2083 = DIRECTION ( 'NONE',  ( 0.000000000000000000, 0.000000000000000000, 1.000000000000000000 ) ) ;
#2084 = VECTOR ( 'NONE', #3178, 1000.000000000000000 ) ;
#2085 = VECTOR ( 'NONE', #3921, 1000.000000000000000 ) ;
#2086 = PLANE ( 'NONE',  #584 ) ;
#2087 = VERTEX_POINT ( 'NONE', #131 ) ;
#2088 = FACE_OUTER_BOUND ( 'NONE', #2644, .T. ) ;
#2089 = VECTOR ( 'NONE', #905, 1000.000000000000227 ) ;
#2090 = EDGE_CURVE ( 'NONE', #48, #2770, #2894, .T. ) ;
#2091 = CARTESIAN_POINT ( 'NONE',  ( -12.49999999999998046, 0.000000000000000000, 0.000000000000000000 ) ) ;
#2092 = CARTESIAN_POINT ( 'NONE',  ( -35.26986372867087027, 61.08919595408880099, -1.000000000000000000 ) ) ;
#2093 = EDGE_CURVE ( 'NONE', #3645, #3583, #216, .T. ) ;
#2094 = CARTESIAN_POINT ( 'NONE',  ( 18.14999999999999503, 37.97335388632660624, -3.000000000000000000 ) ) ;
#2095 = LINE ( 'NONE', #3048, #1462 ) ;
#2096 = VERTEX_POINT ( 'NONE', #1427 ) ;
#2097 = DIRECTION ( 'NONE',  ( -1.000000000000000000, 0.000000000000000000, 0.000000000000000000 ) ) ;
#2098 = FACE_OUTER_BOUND ( 'NONE', #3527, .T. ) ;
#2099 = DIRECTION ( 'NONE',  ( -1.000000000000000000, 0.000000000000000000, 0.000000000000000000 ) ) ;
#2100 = VERTEX_POINT ( 'NONE', #2658 ) ;
#2101 = CYLINDRICAL_SURFACE ( 'NONE', #2647, 3.250000000000002665 ) ;
#2102 = CARTESIAN_POINT ( 'NONE',  ( 31.21320343559665034, 84.99999999999985789, 0.000000000000000000 ) ) ;
#2103 = DIRECTION ( 'NONE',  ( -0.000000000000000000, -0.000000000000000000, -1.000000000000000000 ) ) ;
#2104 = CARTESIAN_POINT ( 'NONE',  ( -7.849999999999996092, 110.0266461136734506, -3.000000000000000000 ) ) ;
#2105 = FACE_OUTER_BOUND ( 'NONE', #1020, .T. ) ;
#2106 = ORIENTED_EDGE ( 'NONE', *, *, #2340, .T. ) ;
#2107 = VECTOR ( 'NONE', #771, 1000.000000000000000 ) ;
#2108 = LINE ( 'NONE', #3942, #754 ) ;
#2109 = CARTESIAN_POINT ( 'NONE',  ( 12.99999999999999467, 40.94670777265317696, 0.000000000000000000 ) ) ;
#2110 = ADVANCED_FACE ( 'NONE', ( #2040 ), #1065, .F. ) ;
#2111 = CIRCLE ( 'NONE', #646, 12.84999999999998721 ) ;
#2112 = CARTESIAN_POINT ( 'NONE',  ( 75.00000000000000000, 73.74999999999985789, -42.34528855298850658 ) ) ;
#2113 = EDGE_CURVE ( 'NONE', #1097, #1046, #3891, .T. ) ;
#2114 = CIRCLE ( 'NONE', #264, 5.000000000000000888 ) ;
#2115 = VERTEX_POINT ( 'NONE', #764 ) ;
#2116 = CARTESIAN_POINT ( 'NONE',  ( 0.000000000000000000, 0.000000000000000000, -3.000000000000000000 ) ) ;
#2117 = DIRECTION ( 'NONE',  ( 1.000000000000000000, 0.000000000000000000, 0.000000000000000000 ) ) ;
#2118 = VECTOR ( 'NONE', #69, 1000.000000000000000 ) ;
#2119 = ORIENTED_EDGE ( 'NONE', *, *, #297, .F. ) ;
#2120 = CARTESIAN_POINT ( 'NONE',  ( 0.000000000000000000, 0.000000000000000000, 0.000000000000000000 ) ) ;
#2121 = ORIENTED_EDGE ( 'NONE', *, *, #3671, .F. ) ;
#2122 = CARTESIAN_POINT ( 'NONE',  ( 43.00000000000000711, -67.00000000000002842, 0.000000000000000000 ) ) ;
#2123 = DIRECTION ( 'NONE',  ( 0.000000000000000000, 0.000000000000000000, 1.000000000000000000 ) ) ;
#2124 = CARTESIAN_POINT ( 'NONE',  ( 26.50000000000003553, 66.65803263805835854, -1.000000000000000000 ) ) ;
#2125 = EDGE_CURVE ( 'NONE', #2831, #834, #3826, .T. ) ;
#2126 = VERTEX_POINT ( 'NONE', #1084 ) ;
#2127 = DIRECTION ( 'NONE',  ( -0.000000000000000000, -0.000000000000000000, 1.000000000000000000 ) ) ;
#2128 = ORIENTED_EDGE ( 'NONE', *, *, #3379, .T. ) ;
#2129 = DIRECTION ( 'NONE',  ( -0.8660254037844388186, -0.4999999999999997224, -0.000000000000000000 ) ) ;
#2130 = CARTESIAN_POINT ( 'NONE',  ( 92.09999999999999432, 73.74999999999985789, -6.000000000000000000 ) ) ;
#2131 = EDGE_CURVE ( 'NONE', #2009, #434, #1975, .T. ) ;
#2132 = CARTESIAN_POINT ( 'NONE',  ( 18.14999999999999503, 37.97335388632660624, -3.000000000000000000 ) ) ;
#2133 = CARTESIAN_POINT ( 'NONE',  ( -6.830838508926212249, 116.0000000000000284, -6.000000000000000000 ) ) ;
#2134 = EDGE_CURVE ( 'NONE', #2564, #2126, #1269, .T. ) ;
#2135 = ORIENTED_EDGE ( 'NONE', *, *, #3058, .F. ) ;
#2136 = LINE ( 'NONE', #1530, #2836 ) ;
#2137 = ORIENTED_EDGE ( 'NONE', *, *, #2477, .T. ) ;
#2138 = DIRECTION ( 'NONE',  ( 0.000000000000000000, 0.000000000000000000, -1.000000000000000000 ) ) ;
#2139 = AXIS2_PLACEMENT_3D ( 'NONE', #1158, #567, #2671 ) ;
#2140 = LINE ( 'NONE', #2760, #1724 ) ;
#2141 = AXIS2_PLACEMENT_3D ( 'NONE', #967, #2172, #1565 ) ;
#2142 = EDGE_LOOP ( 'NONE', ( #80, #467, #393, #390 ) ) ;
#2143 = LINE ( 'NONE', #568, #491 ) ;
#2144 = AXIS2_PLACEMENT_3D ( 'NONE', #2871, #3194, #427 ) ;
#2145 = VERTEX_POINT ( 'NONE', #651 ) ;
#2146 = ORIENTED_EDGE ( 'NONE', *, *, #2758, .F. ) ;
#2147 = DIRECTION ( 'NONE',  ( 0.000000000000000000, 0.000000000000000000, 1.000000000000000000 ) ) ;
#2148 = FACE_OUTER_BOUND ( 'NONE', #796, .T. ) ;
#2149 = EDGE_CURVE ( 'NONE', #242, #2087, #3693, .T. ) ;
#2150 = VECTOR ( 'NONE', #2531, 1000.000000000000000 ) ;
#2151 = ORIENTED_EDGE ( 'NONE', *, *, #3685, .T. ) ;
#2152 = LINE ( 'NONE', #288, #2516 ) ;
#2153 = EDGE_CURVE ( 'NONE', #139, #3387, #3422, .T. ) ;
#2154 = PLANE ( 'NONE',  #1009 ) ;
#2155 = ORIENTED_EDGE ( 'NONE', *, *, #1261, .T. ) ;
#2156 = ORIENTED_EDGE ( 'NONE', *, *, #1015, .T. ) ;
#2157 = LINE ( 'NONE', #3098, #2379 ) ;
#2158 = ORIENTED_EDGE ( 'NONE', *, *, #2983, .T. ) ;
#2159 = CARTESIAN_POINT ( 'NONE',  ( 12.99999999999999822, 35.00000000000002842, -6.000000000000000000 ) ) ;
#2160 = ADVANCED_FACE ( 'NONE', ( #2716 ), #2077, .F. ) ;
#2161 = EDGE_LOOP ( 'NONE', ( #110, #3803 ) ) ;
#2162 = PLANE ( 'NONE',  #840 ) ;
#2163 = PLANE ( 'NONE',  #2306 ) ;
#2164 = CARTESIAN_POINT ( 'NONE',  ( 12.00000000000000355, 88.94670777265318407, -1.000000000000000000 ) ) ;
#2165 = AXIS2_PLACEMENT_3D ( 'NONE', #3026, #843, #546 ) ;
#2166 = ORIENTED_EDGE ( 'NONE', *, *, #3095, .T. ) ;
#2167 = FACE_OUTER_BOUND ( 'NONE', #1604, .T. ) ;
#2168 = AXIS2_PLACEMENT_3D ( 'NONE', #2400, #295, #3956 ) ;
#2169 = DIRECTION ( 'NONE',  ( -0.000000000000000000, -0.000000000000000000, 1.000000000000000000 ) ) ;
#2170 = FACE_OUTER_BOUND ( 'NONE', #2478, .T. ) ;
#2171 = EDGE_CURVE ( 'NONE', #3223, #2209, #2493, .T. ) ;
#2172 = DIRECTION ( 'NONE',  ( -0.000000000000000000, -0.000000000000000000, 1.000000000000000000 ) ) ;
#2173 = VECTOR ( 'NONE', #1135, 1000.000000000000114 ) ;
#2174 = VECTOR ( 'NONE', #3161, 1000.000000000000000 ) ;
#2175 = ORIENTED_EDGE ( 'NONE', *, *, #3007, .F. ) ;
#2176 = CARTESIAN_POINT ( 'NONE',  ( -17.50000000000000000, 58.00000000000003553, 0.000000000000000000 ) ) ;
#2177 = VERTEX_POINT ( 'NONE', #886 ) ;
#2178 = DIRECTION ( 'NONE',  ( 0.000000000000000000, 0.000000000000000000, 1.000000000000000000 ) ) ;
#2179 = AXIS2_PLACEMENT_3D ( 'NONE', #1259, #2853, #681 ) ;
#2180 = VERTEX_POINT ( 'NONE', #671 ) ;
#2181 = CARTESIAN_POINT ( 'NONE',  ( 12.00000000000000355, 88.94670777265318407, -3.000000000000000000 ) ) ;
#2182 = EDGE_CURVE ( 'NONE', #1019, #2082, #2998, .T. ) ;
#2183 = DIRECTION ( 'NONE',  ( -1.000000000000000000, 0.000000000000000000, 0.000000000000000000 ) ) ;
#2184 = ORIENTED_EDGE ( 'NONE', *, *, #3352, .F. ) ;
#2185 = LINE ( 'NONE', #3127, #290 ) ;
#2186 = ORIENTED_EDGE ( 'NONE', *, *, #1914, .F. ) ;
#2187 = ORIENTED_EDGE ( 'NONE', *, *, #3933, .F. ) ;
#2188 = ORIENTED_EDGE ( 'NONE', *, *, #244, .T. ) ;
#2189 = DIRECTION ( 'NONE',  ( 1.000000000000000000, 0.000000000000000000, 0.000000000000000000 ) ) ;
#2190 = CARTESIAN_POINT ( 'NONE',  ( 27.00000000000001066, 61.00000000000003553, -6.000000000000000000 ) ) ;
#2191 = ORIENTED_EDGE ( 'NONE', *, *, #1885, .F. ) ;
#2192 = DIRECTION ( 'NONE',  ( 0.7071067811865490160, -0.7071067811865460184, 0.000000000000000000 ) ) ;
#2193 = DIRECTION ( 'NONE',  ( -0.8660254037844377084, 0.5000000000000017764, 0.000000000000000000 ) ) ;
#2194 = ADVANCED_FACE ( 'NONE', ( #1779 ), #2163, .F. ) ;
#2195 = EDGE_LOOP ( 'NONE', ( #853, #3412, #1647, #2495 ) ) ;
#2196 = ADVANCED_FACE ( 'NONE', ( #3405 ), #3734, .T. ) ;
#2197 = ADVANCED_FACE ( 'NONE', ( #3910 ), #3104, .F. ) ;
#2198 = ORIENTED_EDGE ( 'NONE', *, *, #2651, .F. ) ;
#2199 = CARTESIAN_POINT ( 'NONE',  ( 26.49999999999999645, 80.65803263805818801, 0.000000000000000000 ) ) ;
#2200 = EDGE_LOOP ( 'NONE', ( #2030, #1311, #2554, #3597, #2184, #3121 ) ) ;
#2201 = FACE_OUTER_BOUND ( 'NONE', #3406, .T. ) ;
#2202 = EDGE_CURVE ( 'NONE', #2039, #1513, #2384, .T. ) ;
#2203 = PLANE ( 'NONE',  #3302 ) ;
#2204 = EDGE_CURVE ( 'NONE', #864, #385, #630, .T. ) ;
#2205 = CARTESIAN_POINT ( 'NONE',  ( 8.000000000000008882, -67.00000000000002842, 0.000000000000000000 ) ) ;
#2206 = ORIENTED_EDGE ( 'NONE', *, *, #3913, .T. ) ;
#2207 = EDGE_CURVE ( 'NONE', #928, #2987, #3603, .T. ) ;
#2208 = DIRECTION ( 'NONE',  ( -0.7071067811865462405, -0.000000000000000000, -0.7071067811865489050 ) ) ;
#2209 = VERTEX_POINT ( 'NONE', #319 ) ;
#2210 = AXIS2_PLACEMENT_3D ( 'NONE', #367, #3743, #1601 ) ;
#2211 = ORIENTED_EDGE ( 'NONE', *, *, #120, .T. ) ;
#2212 = DIRECTION ( 'NONE',  ( 0.000000000000000000, 1.000000000000000000, 0.000000000000000000 ) ) ;
#2213 = EDGE_CURVE ( 'NONE', #2987, #738, #3124, .T. ) ;
#2214 = UNCERTAINTY_MEASURE_WITH_UNIT (LENGTH_MEASURE( 1.000000000000000082E-05 ), #960, 'distance_accuracy_value', 'NONE');
#2215 = PLANE ( 'NONE',  #3622 ) ;
#2216 = AXIS2_PLACEMENT_3D ( 'NONE', #3983, #2750, #3944 ) ;
#2217 = ORIENTED_EDGE ( 'NONE', *, *, #1508, .T. ) ;
#2218 = VECTOR ( 'NONE', #281, 1000.000000000000000 ) ;
#2219 = CYLINDRICAL_SURFACE ( 'NONE', #3411, 3.250000000000009770 ) ;
#2220 = LINE ( 'NONE', #3802, #3320 ) ;
#2221 = ORIENTED_EDGE ( 'NONE', *, *, #3474, .T. ) ;
#2222 = ORIENTED_EDGE ( 'NONE', *, *, #2477, .F. ) ;
#2223 = VECTOR ( 'NONE', #2552, 1000.000000000000000 ) ;
#2224 = ORIENTED_EDGE ( 'NONE', *, *, #501, .T. ) ;
#2225 = DIRECTION ( 'NONE',  ( 0.000000000000000000, 1.000000000000000000, 0.000000000000000000 ) ) ;
#2226 = ORIENTED_EDGE ( 'NONE', *, *, #2340, .F. ) ;
#2227 = LINE ( 'NONE', #3455, #709 ) ;
#2228 = DIRECTION ( 'NONE',  ( -0.8660254037844388186, 0.4999999999999997780, 0.000000000000000000 ) ) ;
#2229 = FILL_AREA_STYLE_COLOUR ( '', #1664 ) ;
#2230 = ORIENTED_EDGE ( 'NONE', *, *, #594, .F. ) ;
#2231 = VECTOR ( 'NONE', #2434, 1000.000000000000000 ) ;
#2232 = CARTESIAN_POINT ( 'NONE',  ( -1.499999999999997780, -75.00000000000001421, 25.00000000000000000 ) ) ;
#2233 = ORIENTED_EDGE ( 'NONE', *, *, #3266, .F. ) ;
#2234 = FACE_OUTER_BOUND ( 'NONE', #1373, .T. ) ;
#2235 = DIRECTION ( 'NONE',  ( -8.577124726708580637E-17, 1.000000000000000000, 0.000000000000000000 ) ) ;
#2236 = EDGE_LOOP ( 'NONE', ( #2106, #1833 ) ) ;
#2237 = AXIS2_PLACEMENT_3D ( 'NONE', #3278, #2281, #2675 ) ;
#2238 = FACE_OUTER_BOUND ( 'NONE', #2485, .T. ) ;
#2239 = LINE ( 'NONE', #1322, #2223 ) ;
#2240 = EDGE_CURVE ( 'NONE', #2251, #3645, #1248, .T. ) ;
#2241 = CARTESIAN_POINT ( 'NONE',  ( 26.99999999999999645, 80.94670777265299932, -3.000000000000000000 ) ) ;
#2242 = EDGE_LOOP ( 'NONE', ( #942, #715, #2674, #3321 ) ) ;
#2243 = LINE ( 'NONE', #3433, #3159 ) ;
#2244 = VECTOR ( 'NONE', #1966, 1000.000000000000000 ) ;
#2245 = CARTESIAN_POINT ( 'NONE',  ( 11.50000000000001776, 88.65803263805835854, 0.000000000000000000 ) ) ;
#2246 = ORIENTED_EDGE ( 'NONE', *, *, #1442, .F. ) ;
#2247 = DIRECTION ( 'NONE',  ( 0.8660254037844389297, 0.4999999999999995004, 0.000000000000000000 ) ) ;
#2248 = VECTOR ( 'NONE', #3972, 1000.000000000000000 ) ;
#2249 = CARTESIAN_POINT ( 'NONE',  ( -18.14999999999998082, 70.97335388632660624, 0.000000000000000000 ) ) ;
#2250 = CARTESIAN_POINT ( 'NONE',  ( 18.14999999999999503, 32.02664611367345771, -3.000000000000000000 ) ) ;
#2251 = VERTEX_POINT ( 'NONE', #2824 ) ;
#2252 = CARTESIAN_POINT ( 'NONE',  ( 32.14999999999999858, 72.02664611367326586, 0.000000000000000000 ) ) ;
#2253 = EDGE_CURVE ( 'NONE', #3022, #1276, #436, .T. ) ;
#2254 = ORIENTED_EDGE ( 'NONE', *, *, #661, .T. ) ;
#2255 = PLANE ( 'NONE',  #3200 ) ;
#2256 = VECTOR ( 'NONE', #628, 1000.000000000000000 ) ;
#2257 = FACE_OUTER_BOUND ( 'NONE', #1908, .T. ) ;
#2258 = ORIENTED_EDGE ( 'NONE', *, *, #2814, .T. ) ;
#2259 = VECTOR ( 'NONE', #2823, 1000.000000000000000 ) ;
#2260 = CARTESIAN_POINT ( 'NONE',  ( 32.15000000000001279, 63.97335388632660624, -3.000000000000000000 ) ) ;
#2261 = DIRECTION ( 'NONE',  ( -0.000000000000000000, -0.000000000000000000, -1.000000000000000000 ) ) ;
#2262 = EDGE_LOOP ( 'NONE', ( #680, #3382, #2858, #3102, #3489, #622, #874, #1744, #136 ) ) ;
#2263 = ADVANCED_FACE ( 'NONE', ( #3300 ), #233, .F. ) ;
#2264 = ORIENTED_EDGE ( 'NONE', *, *, #3709, .F. ) ;
#2265 = ORIENTED_EDGE ( 'NONE', *, *, #881, .F. ) ;
#2266 = ORIENTED_EDGE ( 'NONE', *, *, #2171, .T. ) ;
#2267 = CARTESIAN_POINT ( 'NONE',  ( 27.50000000000003553, 66.65803263805835854, 0.000000000000000000 ) ) ;
#2268 = CARTESIAN_POINT ( 'NONE',  ( 7.849999999999997868, 32.02664611367345771, 0.000000000000000000 ) ) ;
#2269 = EDGE_CURVE ( 'NONE', #1982, #1004, #2697, .T. ) ;
#2270 = ORIENTED_EDGE ( 'NONE', *, *, #3541, .F. ) ;
#2271 = DIRECTION ( 'NONE',  ( -0.4999999999999998335, -0.8660254037844388186, 0.000000000000000000 ) ) ;
#2272 = FACE_OUTER_BOUND ( 'NONE', #3008, .T. ) ;
#2273 = FACE_OUTER_BOUND ( 'NONE', #200, .T. ) ;
#2274 = ORIENTED_EDGE ( 'NONE', *, *, #597, .T. ) ;
#2275 = CARTESIAN_POINT ( 'NONE',  ( -22.49999999999998934, -75.00000000000001421, -10.00000000000000000 ) ) ;
#2276 = CARTESIAN_POINT ( 'NONE',  ( 8.000000000000000000, 3.490602116294795244E-16, 0.000000000000000000 ) ) ;
#2277 = AXIS2_PLACEMENT_3D ( 'NONE', #462, #1437, #2970 ) ;
#2278 = EDGE_CURVE ( 'NONE', #149, #666, #1095, .T. ) ;
#2279 = VECTOR ( 'NONE', #3662, 1000.000000000000114 ) ;
#2280 = VERTEX_POINT ( 'NONE', #2205 ) ;
#2281 = DIRECTION ( 'NONE',  ( 1.000000000000000000, 0.000000000000000000, 0.000000000000000000 ) ) ;
#2282 = LINE ( 'NONE', #3508, #420 ) ;
#2283 = VECTOR ( 'NONE', #2169, 1000.000000000000000 ) ;
#2284 = VERTEX_POINT ( 'NONE', #1674 ) ;
#2285 = VECTOR ( 'NONE', #2127, 1000.000000000000000 ) ;
#2286 = ORIENTED_EDGE ( 'NONE', *, *, #1261, .F. ) ;
#2287 = VERTEX_POINT ( 'NONE', #419 ) ;
#2288 = LINE ( 'NONE', #770, #1865 ) ;
#2289 = LINE ( 'NONE', #3513, #2107 ) ;
#2290 = VECTOR ( 'NONE', #2607, 1000.000000000000000 ) ;
#2291 = VERTEX_POINT ( 'NONE', #1355 ) ;
#2292 = DIRECTION ( 'NONE',  ( -0.6546536707079756434, -0.6546536707079800843, -0.3779644730092244775 ) ) ;
#2293 = ORIENTED_EDGE ( 'NONE', *, *, #1489, .T. ) ;
#2294 = LINE ( 'NONE', #1672, #801 ) ;
#2295 = LINE ( 'NONE', #2845, #2961 ) ;
#2296 = ORIENTED_EDGE ( 'NONE', *, *, #500, .F. ) ;
#2297 = EDGE_CURVE ( 'NONE', #1072, #2587, #2295, .T. ) ;
#2298 = PLANE ( 'NONE',  #3466 ) ;
#2299 = ORIENTED_EDGE ( 'NONE', *, *, #2723, .T. ) ;
#2300 = DIRECTION ( 'NONE',  ( 1.000000000000000000, 2.220446049250311848E-16, 0.000000000000000000 ) ) ;
#2301 = CARTESIAN_POINT ( 'NONE',  ( 92.09999999999999432, -79.40000000000001990, 4.000000000000010658 ) ) ;
#2302 = MANIFOLD_SOLID_BREP ( '<vertical_holder>-<\X2\501289d2\X0\10>', #798 ) ;
#2303 = CARTESIAN_POINT ( 'NONE',  ( -1.499999999999997780, -79.40000000000004832, 25.00000000000000000 ) ) ;
#2304 = DIRECTION ( 'NONE',  ( -0.000000000000000000, -0.000000000000000000, 1.000000000000000000 ) ) ;
#2305 = ORIENTED_EDGE ( 'NONE', *, *, #3853, .F. ) ;
#2306 = AXIS2_PLACEMENT_3D ( 'NONE', #3386, #1869, #3015 ) ;
#2307 = ORIENTED_EDGE ( 'NONE', *, *, #538, .T. ) ;
#2308 = ADVANCED_FACE ( 'NONE', ( #83, #2583 ), #733, .T. ) ;
#2309 = LINE ( 'NONE', #3530, #648 ) ;
#2310 = VECTOR ( 'NONE', #116, 1000.000000000000000 ) ;
#2311 = DIRECTION ( 'NONE',  ( -0.000000000000000000, -0.000000000000000000, -1.000000000000000000 ) ) ;
#2312 = ORIENTED_EDGE ( 'NONE', *, *, #3036, .F. ) ;
#2313 = DIRECTION ( 'NONE',  ( -9.912705577010325549E-17, 0.000000000000000000, -1.000000000000000000 ) ) ;
#2314 = DIRECTION ( 'NONE',  ( -0.000000000000000000, -0.000000000000000000, -1.000000000000000000 ) ) ;
#2315 = CARTESIAN_POINT ( 'NONE',  ( 0.000000000000000000, 0.000000000000000000, -1.000000000000000000 ) ) ;
#2316 = ORIENTED_EDGE ( 'NONE', *, *, #3097, .F. ) ;
#2317 = PLANE ( 'NONE',  #38 ) ;
#2318 = CIRCLE ( 'NONE', #2714, 3.250000000000009770 ) ;
#2319 = VERTEX_POINT ( 'NONE', #463 ) ;
#2320 = LINE ( 'NONE', #1792, #2539 ) ;
#2321 = DIRECTION ( 'NONE',  ( 1.000000000000000000, 0.000000000000000000, 0.000000000000000000 ) ) ;
#2322 = VECTOR ( 'NONE', #1127, 1000.000000000000000 ) ;
#2323 = EDGE_CURVE ( 'NONE', #792, #2115, #3281, .T. ) ;
#2324 = EDGE_LOOP ( 'NONE', ( #3889, #1471, #122, #3443 ) ) ;
#2325 = DIRECTION ( 'NONE',  ( -1.000000000000000000, -0.000000000000000000, -0.000000000000000000 ) ) ;
#2326 = ORIENTED_EDGE ( 'NONE', *, *, #2269, .F. ) ;
#2327 = CARTESIAN_POINT ( 'NONE',  ( 2.999999999999995115, 48.00000000000002132, -6.000000000000000000 ) ) ;
#2328 = VECTOR ( 'NONE', #3812, 1000.000000000000000 ) ;
#2329 = ORIENTED_EDGE ( 'NONE', *, *, #3853, .T. ) ;
#2330 = PLANE ( 'NONE',  #1552 ) ;
#2331 = LINE ( 'NONE', #1091, #1519 ) ;
#2332 = ORIENTED_EDGE ( 'NONE', *, *, #3978, .T. ) ;
#2333 = CARTESIAN_POINT ( 'NONE',  ( -7.849999999999996092, 115.9733538863265920, 0.000000000000000000 ) ) ;
#2334 = VERTEX_POINT ( 'NONE', #2538 ) ;
#2335 = DIRECTION ( 'NONE',  ( 1.000000000000000000, 1.163534038764931419E-16, 0.000000000000000000 ) ) ;
#2336 = ORIENTED_EDGE ( 'NONE', *, *, #1192, .T. ) ;
#2337 = LINE ( 'NONE', #566, #641 ) ;
#2338 = LINE ( 'NONE', #2973, #3716 ) ;
#2339 = DIRECTION ( 'NONE',  ( 1.000000000000000000, 0.000000000000000000, 0.000000000000000000 ) ) ;
#2340 = EDGE_CURVE ( 'NONE', #3415, #3787, #1033, .T. ) ;
#2341 = ADVANCED_FACE ( 'NONE', ( #2273 ), #1655, .T. ) ;
#2342 = CARTESIAN_POINT ( 'NONE',  ( 27.49999999999999645, 82.65803263805820222, -1.000000000000000000 ) ) ;
#2343 = EDGE_CURVE ( 'NONE', #2087, #2012, #2563, .T. ) ;
#2344 = CARTESIAN_POINT ( 'NONE',  ( 11.99999999999999645, 77.05329222734688699, -3.000000000000000000 ) ) ;
#2345 = VERTEX_POINT ( 'NONE', #1396 ) ;
#2346 = ORIENTED_EDGE ( 'NONE', *, *, #493, .F. ) ;
#2347 = LINE ( 'NONE', #1087, #3125 ) ;
#2348 = ORIENTED_EDGE ( 'NONE', *, *, #2025, .T. ) ;
#2349 = AXIS2_PLACEMENT_3D ( 'NONE', #1904, #396, #3182 ) ;
#2350 = CARTESIAN_POINT ( 'NONE',  ( 32.14999999999999858, 77.97335388632642150, 0.000000000000000000 ) ) ;
#2351 = CARTESIAN_POINT ( 'NONE',  ( 18.14999999999999503, 37.97335388632660624, 0.000000000000000000 ) ) ;
#2352 = PLANE ( 'NONE',  #2277 ) ;
#2353 = LINE ( 'NONE', #800, #1480 ) ;
#2354 = AXIS2_PLACEMENT_3D ( 'NONE', #2664, #2050, #3876 ) ;
#2355 = DIRECTION ( 'NONE',  ( 0.000000000000000000, -1.000000000000000000, 0.000000000000000000 ) ) ;
#2356 = VECTOR ( 'NONE', #2838, 1000.000000000000000 ) ;
#2357 = DIRECTION ( 'NONE',  ( 0.000000000000000000, -1.000000000000000000, 0.000000000000000000 ) ) ;
#2358 = DIRECTION ( 'NONE',  ( 0.000000000000000000, 0.000000000000000000, -1.000000000000000000 ) ) ;
#2359 = DIRECTION ( 'NONE',  ( -0.000000000000000000, -0.000000000000000000, -1.000000000000000000 ) ) ;
#2360 = ORIENTED_EDGE ( 'NONE', *, *, #316, .T. ) ;
#2361 = CARTESIAN_POINT ( 'NONE',  ( -22.50000000000000355, 63.00000000000004263, -6.000000000000000000 ) ) ;
#2362 = CARTESIAN_POINT ( 'NONE',  ( 0.000000000000000000, -80.00000000000001421, -9.400000000000011013 ) ) ;
#2363 = DIRECTION ( 'NONE',  ( 1.000000000000000000, 0.000000000000000000, 0.000000000000000000 ) ) ;
#2364 = EDGE_CURVE ( 'NONE', #1639, #1894, #2909, .T. ) ;
#2365 = CARTESIAN_POINT ( 'NONE',  ( 27.49999999999999645, 82.65803263805820222, -1.000000000000000000 ) ) ;
#2366 = CARTESIAN_POINT ( 'NONE',  ( 92.09999999999999432, 73.74999999999985789, 169.8835189181103544 ) ) ;
#2367 = FACE_OUTER_BOUND ( 'NONE', #788, .T. ) ;
#2368 = ORIENTED_EDGE ( 'NONE', *, *, #2213, .F. ) ;
#2369 = LINE ( 'NONE', #2685, #3090 ) ;
#2370 =( GEOMETRIC_REPRESENTATION_CONTEXT ( 3 ) GLOBAL_UNCERTAINTY_ASSIGNED_CONTEXT ( ( #2546 ) ) GLOBAL_UNIT_ASSIGNED_CONTEXT ( ( #2605, #142, #3813 ) ) REPRESENTATION_CONTEXT ( 'NONE', 'WORKASPACE' ) );
#2371 = EDGE_LOOP ( 'NONE', ( #1477, #2326, #347, #3289 ) ) ;
#2372 = CARTESIAN_POINT ( 'NONE',  ( -13.49999999999998046, 0.000000000000000000, -1.000000000000000000 ) ) ;
#2373 = LINE ( 'NONE', #3011, #1159 ) ;
#2374 = DIRECTION ( 'NONE',  ( -0.5000000000000001110, -0.8660254037844385966, 0.000000000000000000 ) ) ;
#2375 = LINE ( 'NONE', #2058, #803 ) ;
#2376 = AXIS2_PLACEMENT_3D ( 'NONE', #2580, #2271, #1394 ) ;
#2377 = CARTESIAN_POINT ( 'NONE',  ( 27.00000000000002487, 66.94670777265318407, -1.000000000000000000 ) ) ;
#2378 = EDGE_CURVE ( 'NONE', #3539, #3201, #1907, .T. ) ;
#2379 = VECTOR ( 'NONE', #1264, 1000.000000000000000 ) ;
#2380 = ADVANCED_FACE ( 'NONE', ( #378 ), #1947, .F. ) ;
#2381 = ORIENTED_EDGE ( 'NONE', *, *, #1628, .T. ) ;
#2382 = ORIENTED_EDGE ( 'NONE', *, *, #1236, .F. ) ;
#2383 = VECTOR ( 'NONE', #93, 1000.000000000000000 ) ;
#2384 = LINE ( 'NONE', #979, #2704 ) ;
#2385 = DIRECTION ( 'NONE',  ( 0.6666666666666704044, -0.6666666666666636321, 0.3333333333333317605 ) ) ;
#2386 = ADVANCED_FACE ( 'NONE', ( #2088 ), #1122, .F. ) ;
#2387 = ORIENTED_EDGE ( 'NONE', *, *, #2738, .T. ) ;
#2388 = DIRECTION ( 'NONE',  ( 0.7071067811865460184, 0.7071067811865489050, 0.000000000000000000 ) ) ;
#2389 = EDGE_CURVE ( 'NONE', #2745, #3583, #3273, .T. ) ;
#2390 = DIRECTION ( 'NONE',  ( 9.912705577010325549E-17, 0.000000000000000000, 1.000000000000000000 ) ) ;
#2391 = VECTOR ( 'NONE', #1738, 1000.000000000000000 ) ;
#2392 = CYLINDRICAL_SURFACE ( 'NONE', #3975, 4.250000000000003553 ) ;
#2393 = ORIENTED_EDGE ( 'NONE', *, *, #2814, .F. ) ;
#2394 = CARTESIAN_POINT ( 'NONE',  ( -7.849999999999978328, 65.02664611367345060, -3.000000000000000000 ) ) ;
#2395 = EDGE_LOOP ( 'NONE', ( #868, #2754, #1430, #2810, #135, #1529, #2981, #2811, #3085 ) ) ;
#2396 = VECTOR ( 'NONE', #3021, 1000.000000000000000 ) ;
#2397 = EDGE_CURVE ( 'NONE', #1257, #2962, #3612, .T. ) ;
#2398 = LINE ( 'NONE', #1457, #3496 ) ;
#2399 = VERTEX_POINT ( 'NONE', #1458 ) ;
#2400 = CARTESIAN_POINT ( 'NONE',  ( -22.49999999999998579, -80.00000000000001421, 25.00000000000000000 ) ) ;
#2401 = DIRECTION ( 'NONE',  ( -0.8660254037844395958, -0.4999999999999982236, -0.000000000000000000 ) ) ;
#2402 = DIRECTION ( 'NONE',  ( 0.000000000000000000, 0.000000000000000000, -1.000000000000000000 ) ) ;
#2403 = DIRECTION ( 'NONE',  ( -1.000000000000000000, 0.000000000000000000, 0.000000000000000000 ) ) ;
#2404 = DIRECTION ( 'NONE',  ( -1.000000000000000000, 0.000000000000000000, 0.000000000000000000 ) ) ;
#2405 = ORIENTED_EDGE ( 'NONE', *, *, #365, .T. ) ;
#2406 = CARTESIAN_POINT ( 'NONE',  ( -21.89999999999999858, -80.00000000000001421, 4.599999999999918820 ) ) ;
#2407 = DIRECTION ( 'NONE',  ( -1.000000000000000000, 0.000000000000000000, 0.000000000000000000 ) ) ;
#2408 = ORIENTED_EDGE ( 'NONE', *, *, #2297, .F. ) ;
#2409 = FACE_OUTER_BOUND ( 'NONE', #3961, .T. ) ;
#2410 = VECTOR ( 'NONE', #3075, 1000.000000000000000 ) ;
#2411 = VERTEX_POINT ( 'NONE', #3578 ) ;
#2412 = LINE ( 'NONE', #1242, #1678 ) ;
#2413 = ORIENTED_EDGE ( 'NONE', *, *, #3245, .F. ) ;
#2414 = LINE ( 'NONE', #914, #1985 ) ;
#2415 = CARTESIAN_POINT ( 'NONE',  ( 43.00000000000000000, -24.99999999999999645, 169.8835189181103544 ) ) ;
#2416 = VECTOR ( 'NONE', #1810, 1000.000000000000000 ) ;
#2417 = VECTOR ( 'NONE', #401, 1000.000000000000000 ) ;
#2418 = CARTESIAN_POINT ( 'NONE',  ( 27.49999999999999645, 82.65803263805820222, 0.000000000000000000 ) ) ;
#2419 = ADVANCED_FACE ( 'NONE', ( #263 ), #2726, .F. ) ;
#2420 = DIRECTION ( 'NONE',  ( -1.000000000000000000, 0.000000000000000000, 0.000000000000000000 ) ) ;
#2421 = VECTOR ( 'NONE', #3047, 1000.000000000000000 ) ;
#2422 = CARTESIAN_POINT ( 'NONE',  ( 26.50000000000003553, 68.65803263805835854, -1.000000000000000000 ) ) ;
#2423 = CARTESIAN_POINT ( 'NONE',  ( 7.849999999999997868, 32.02664611367345771, -3.000000000000000000 ) ) ;
#2424 = VECTOR ( 'NONE', #918, 1000.000000000000000 ) ;
#2425 = DIRECTION ( 'NONE',  ( 0.8660254037844374864, 0.5000000000000018874, 0.000000000000000000 ) ) ;
#2426 = PLANE ( 'NONE',  #2507 ) ;
#2427 = ORIENTED_EDGE ( 'NONE', *, *, #539, .F. ) ;
#2428 = ADVANCED_FACE ( 'NONE', ( #2056 ), #2689, .F. ) ;
#2429 = LINE ( 'NONE', #3364, #1149 ) ;
#2430 = CARTESIAN_POINT ( 'NONE',  ( 6.849999999999994316, 80.02664611367346481, -3.000000000000000000 ) ) ;
#2431 = ORIENTED_EDGE ( 'NONE', *, *, #924, .T. ) ;
#2432 = DIRECTION ( 'NONE',  ( -1.000000000000000000, 0.000000000000000000, 0.000000000000000000 ) ) ;
#2433 = AXIS2_PLACEMENT_3D ( 'NONE', #1335, #690, #1695 ) ;
#2434 = DIRECTION ( 'NONE',  ( -0.000000000000000000, -0.000000000000000000, 1.000000000000000000 ) ) ;
#2435 = VERTEX_POINT ( 'NONE', #509 ) ;
#2436 = CIRCLE ( 'NONE', #969, 5.000000000000000888 ) ;
#2437 = EDGE_CURVE ( 'NONE', #1860, #1567, #1733, .T. ) ;
#2438 = CARTESIAN_POINT ( 'NONE',  ( 30.25000000000001421, 74.99999999999984368, -6.000000000000000000 ) ) ;
#2439 = CARTESIAN_POINT ( 'NONE',  ( -12.49999999999998046, 0.000000000000000000, -1.000000000000000000 ) ) ;
#2440 = EDGE_CURVE ( 'NONE', #2837, #2448, #2373, .T. ) ;
#2441 = CARTESIAN_POINT ( 'NONE',  ( 38.00000000000000711, 3.688163632484690672E-15, 0.000000000000000000 ) ) ;
#2442 = VECTOR ( 'NONE', #1984, 1000.000000000000000 ) ;
#2443 = ORIENTED_EDGE ( 'NONE', *, *, #1236, .T. ) ;
#2444 = CARTESIAN_POINT ( 'NONE',  ( 0.000000000000000000, 0.000000000000000000, -6.000000000000000000 ) ) ;
#2445 = CARTESIAN_POINT ( 'NONE',  ( -18.15000000000000568, 115.9733538863265636, -3.000000000000000000 ) ) ;
#2446 = ORIENTED_EDGE ( 'NONE', *, *, #812, .T. ) ;
#2447 = DIRECTION ( 'NONE',  ( 0.000000000000000000, 1.000000000000000000, 0.000000000000000000 ) ) ;
#2448 = VERTEX_POINT ( 'NONE', #2669 ) ;
#2449 = CARTESIAN_POINT ( 'NONE',  ( -9.750000000000000000, 113.0000000000000284, -6.000000000000000000 ) ) ;
#2450 = CARTESIAN_POINT ( 'NONE',  ( -16.25000000000000000, 113.0000000000000284, -6.000000000000000000 ) ) ;
#2451 = DIRECTION ( 'NONE',  ( 1.000000000000000000, 0.000000000000000000, 0.000000000000000000 ) ) ;
#2452 = EDGE_CURVE ( 'NONE', #2096, #1262, #3311, .T. ) ;
#2453 = ORIENTED_EDGE ( 'NONE', *, *, #1547, .F. ) ;
#2454 = LINE ( 'NONE', #901, #2218 ) ;
#2455 = AXIS2_PLACEMENT_3D ( 'NONE', #710, #2582, #3167 ) ;
#2456 = EDGE_CURVE ( 'NONE', #1860, #3935, #3862, .T. ) ;
#2457 = DIRECTION ( 'NONE',  ( 1.000000000000000000, 0.000000000000000000, -0.000000000000000000 ) ) ;
#2458 = LINE ( 'NONE', #3318, #1196 ) ;
#2459 = EDGE_CURVE ( 'NONE', #792, #1926, #2949, .T. ) ;
#2460 = EDGE_LOOP ( 'NONE', ( #1414, #1106, #2638, #3001, #2934 ) ) ;
#2461 = CARTESIAN_POINT ( 'NONE',  ( -16.24999999999998579, 68.00000000000002842, -6.000000000000000000 ) ) ;
#2462 = EDGE_CURVE ( 'NONE', #3220, #983, #2072, .T. ) ;
#2463 = PLANE ( 'NONE',  #415 ) ;
#2464 = ORIENTED_EDGE ( 'NONE', *, *, #3392, .T. ) ;
#2465 = EDGE_LOOP ( 'NONE', ( #3664, #2146, #1760, #2597 ) ) ;
#2466 = FACE_BOUND ( 'NONE', #3857, .T. ) ;
#2467 = EDGE_LOOP ( 'NONE', ( #3780, #1221, #2633, #1303, #2041, #1407, #2187, #939, #2491, #3343, #343, #340, #1838, #2852, #2453, #2603, #647, #3282, #2312 ) ) ;
#2468 = FACE_BOUND ( 'NONE', #3729, .T. ) ;
#2469 = VECTOR ( 'NONE', #1898, 1000.000000000000000 ) ;
#2470 = ORIENTED_EDGE ( 'NONE', *, *, #1092, .F. ) ;
#2471 = CARTESIAN_POINT ( 'NONE',  ( 9.749999999999992895, 35.00000000000002842, -3.000000000000000000 ) ) ;
#2472 = CARTESIAN_POINT ( 'NONE',  ( 11.50000000000001776, 88.65803263805835854, -1.000000000000000000 ) ) ;
#2473 = AXIS2_PLACEMENT_3D ( 'NONE', #2276, #490, #2976 ) ;
#2474 = ORIENTED_EDGE ( 'NONE', *, *, #3014, .T. ) ;
#2475 = DIRECTION ( 'NONE',  ( -0.000000000000000000, -0.000000000000000000, 1.000000000000000000 ) ) ;
#2476 = AXIS2_PLACEMENT_3D ( 'NONE', #2342, #3581, #1102 ) ;
#2477 = EDGE_CURVE ( 'NONE', #3043, #3423, #210, .T. ) ;
#2478 = EDGE_LOOP ( 'NONE', ( #156, #2046, #2819, #3465 ) ) ;
#2479 = LINE ( 'NONE', #984, #499 ) ;
#2480 = DIRECTION ( 'NONE',  ( 1.000000000000000000, 0.000000000000000000, 0.000000000000000000 ) ) ;
#2481 = VECTOR ( 'NONE', #2358, 1000.000000000000000 ) ;
#2482 = AXIS2_PLACEMENT_3D ( 'NONE', #591, #1874, #1596 ) ;
#2483 = DIRECTION ( 'NONE',  ( -1.000000000000000000, 0.000000000000000000, 0.000000000000000000 ) ) ;
#2484 = DIRECTION ( 'NONE',  ( -8.577124726708580637E-17, 1.000000000000000000, 0.000000000000000000 ) ) ;
#2485 = EDGE_LOOP ( 'NONE', ( #1960, #3707, #1318, #3218 ) ) ;
#2486 = EDGE_CURVE ( 'NONE', #2177, #2678, #2337, .T. ) ;
#2487 = ORIENTED_EDGE ( 'NONE', *, *, #1632, .T. ) ;
#2488 = DIRECTION ( 'NONE',  ( 0.000000000000000000, -1.000000000000000000, 0.000000000000000000 ) ) ;
#2489 = EDGE_LOOP ( 'NONE', ( #3872, #3307, #614, #1114, #2540, #2032 ) ) ;
#2490 = CARTESIAN_POINT ( 'NONE',  ( 83.50000000000000000, 73.74999999999985789, -42.34528855298850658 ) ) ;
#2491 = ORIENTED_EDGE ( 'NONE', *, *, #1535, .F. ) ;
#2492 = DIRECTION ( 'NONE',  ( -0.5000000000000015543, 0.8660254037844378194, 0.000000000000000000 ) ) ;
#2493 = LINE ( 'NONE', #1590, #1668 ) ;
#2494 = ORIENTED_EDGE ( 'NONE', *, *, #3347, .F. ) ;
#2495 = ORIENTED_EDGE ( 'NONE', *, *, #553, .T. ) ;
#2496 = CARTESIAN_POINT ( 'NONE',  ( -22.49999999999998934, 121.0000000000000426, -6.000000000000000000 ) ) ;
#2497 = VECTOR ( 'NONE', #3524, 1000.000000000000000 ) ;
#2498 = ORIENTED_EDGE ( 'NONE', *, *, #3971, .T. ) ;
#2499 = EDGE_LOOP ( 'NONE', ( #1656, #1338, #2329, #2798, #3725, #44, #3076, #301, #1614, #652, #2846, #2076, #3078, #2783, #5, #3569, #1951, #1168, #3503, #2155, #1701 ) ) ;
#2500 = DIRECTION ( 'NONE',  ( 0.000000000000000000, -0.7071067811865475727, 0.7071067811865475727 ) ) ;
#2501 = ADVANCED_FACE ( 'NONE', ( #245 ), #3537, .F. ) ;
#2502 = DIRECTION ( 'NONE',  ( -0.000000000000000000, -1.000000000000000000, 0.000000000000000000 ) ) ;
#2503 = EDGE_CURVE ( 'NONE', #3148, #3892, #2353, .T. ) ;
#2504 = ORIENTED_EDGE ( 'NONE', *, *, #3471, .T. ) ;
#2505 = DIRECTION ( 'NONE',  ( 0.7071067811865489050, 0.000000000000000000, -0.7071067811865461294 ) ) ;
#2506 = CARTESIAN_POINT ( 'NONE',  ( -13.49999999999998046, 75.65803263805838696, -1.000000000000000000 ) ) ;
#2507 = AXIS2_PLACEMENT_3D ( 'NONE', #2705, #3644, #2665 ) ;
#2508 = VECTOR ( 'NONE', #1175, 999.9999999999998863 ) ;
#2509 = ORIENTED_EDGE ( 'NONE', *, *, #2131, .T. ) ;
#2510 = EDGE_CURVE ( 'NONE', #3168, #456, #1979, .T. ) ;
#2511 = VERTEX_POINT ( 'NONE', #3922 ) ;
#2512 = ADVANCED_FACE ( 'NONE', ( #1176 ), #2034, .F. ) ;
#2513 = DIRECTION ( 'NONE',  ( 0.5000000000000008882, -0.8660254037844382635, 0.000000000000000000 ) ) ;
#2514 = ORIENTED_EDGE ( 'NONE', *, *, #3937, .T. ) ;
#2515 = LINE ( 'NONE', #1630, #2310 ) ;
#2516 = VECTOR ( 'NONE', #3358, 1000.000000000000000 ) ;
#2517 = EDGE_CURVE ( 'NONE', #2788, #17, #2436, .T. ) ;
#2518 = CARTESIAN_POINT ( 'NONE',  ( 53.72140564481421876, -40.89513753659364426, 9.690451523922590127 ) ) ;
#2519 = DIRECTION ( 'NONE',  ( 0.8660254037844374864, 0.5000000000000018874, 0.000000000000000000 ) ) ;
#2520 = EDGE_LOOP ( 'NONE', ( #1496, #3192, #2526, #1807, #2960 ) ) ;
#2521 = LINE ( 'NONE', #692, #3897 ) ;
#2522 = VECTOR ( 'NONE', #2711, 1000.000000000000000 ) ;
#2523 = FACE_OUTER_BOUND ( 'NONE', #32, .T. ) ;
#2524 = DIRECTION ( 'NONE',  ( 0.000000000000000000, -1.000000000000000000, 0.000000000000000000 ) ) ;
#2525 = VERTEX_POINT ( 'NONE', #3383 ) ;
#2526 = ORIENTED_EDGE ( 'NONE', *, *, #1494, .F. ) ;
#2527 = CARTESIAN_POINT ( 'NONE',  ( -12.99999999999997868, 118.9467077726531556, -3.000000000000000000 ) ) ;
#2528 = DIRECTION ( 'NONE',  ( -0.000000000000000000, -0.000000000000000000, 1.000000000000000000 ) ) ;
#2529 = VERTEX_POINT ( 'NONE', #3367 ) ;
#2530 = ORIENTED_EDGE ( 'NONE', *, *, #1556, .T. ) ;
#2531 = DIRECTION ( 'NONE',  ( -0.000000000000000000, -0.000000000000000000, 1.000000000000000000 ) ) ;
#2532 = ORIENTED_EDGE ( 'NONE', *, *, #723, .T. ) ;
#2533 = FACE_OUTER_BOUND ( 'NONE', #3702, .T. ) ;
#2534 = ORIENTED_EDGE ( 'NONE', *, *, #2887, .T. ) ;
#2535 = DIRECTION ( 'NONE',  ( -1.000000000000000000, 0.000000000000000000, 0.000000000000000000 ) ) ;
#2536 = EDGE_LOOP ( 'NONE', ( #2222, #1658, #2387, #3160 ) ) ;
#2537 = PLANE ( 'NONE',  #2455 ) ;
#2538 = CARTESIAN_POINT ( 'NONE',  ( 21.85000000000000853, 63.97335388632659203, 0.000000000000000000 ) ) ;
#2539 = VECTOR ( 'NONE', #226, 1000.000000000000114 ) ;
#2540 = ORIENTED_EDGE ( 'NONE', *, *, #802, .T. ) ;
#2541 = LINE ( 'NONE', #1637, #31 ) ;
#2542 = EDGE_CURVE ( 'NONE', #411, #2100, #3974, .T. ) ;
#2543 = ADVANCED_FACE ( 'NONE', ( #1820 ), #315, .F. ) ;
#2544 = LINE ( 'NONE', #1021, #3258 ) ;
#2545 = ORIENTED_EDGE ( 'NONE', *, *, #1895, .T. ) ;
#2546 = UNCERTAINTY_MEASURE_WITH_UNIT (LENGTH_MEASURE( 1.000000000000000082E-05 ), #2605, 'distance_accuracy_value', 'NONE');
#2547 = LINE ( 'NONE', #1934, #1957 ) ;
#2548 = CIRCLE ( 'NONE', #3323, 12.84999999999998721 ) ;
#2549 = ORIENTED_EDGE ( 'NONE', *, *, #661, .F. ) ;
#2550 = VECTOR ( 'NONE', #2208, 1000.000000000000000 ) ;
#2551 = CARTESIAN_POINT ( 'NONE',  ( -1.499999999999997780, -80.00000000000001421, 25.00000000000000000 ) ) ;
#2552 = DIRECTION ( 'NONE',  ( 0.000000000000000000, -1.000000000000000000, 0.000000000000000000 ) ) ;
#2553 = CARTESIAN_POINT ( 'NONE',  ( -22.49999999999999289, -75.00000000000000000, -6.000000000000000000 ) ) ;
#2554 = ORIENTED_EDGE ( 'NONE', *, *, #2887, .F. ) ;
#2555 = ORIENTED_EDGE ( 'NONE', *, *, #3906, .T. ) ;
#2556 = EDGE_LOOP ( 'NONE', ( #2293, #3230, #3824, #275 ) ) ;
#2557 = LINE ( 'NONE', #2199, #915 ) ;
#2558 = DIRECTION ( 'NONE',  ( 1.000000000000000000, 0.000000000000000000, -0.000000000000000000 ) ) ;
#2559 = VERTEX_POINT ( 'NONE', #3401 ) ;
#2560 = EDGE_CURVE ( 'NONE', #3148, #1490, #645, .T. ) ;
#2561 = DIRECTION ( 'NONE',  ( 0.000000000000000000, -1.000000000000000000, 0.000000000000000000 ) ) ;
#2562 = CARTESIAN_POINT ( 'NONE',  ( 8.000000000000003553, -25.00000000000000000, 0.000000000000000000 ) ) ;
#2563 = LINE ( 'NONE', #2250, #3521 ) ;
#2564 = VERTEX_POINT ( 'NONE', #2122 ) ;
#2565 = CARTESIAN_POINT ( 'NONE',  ( -2.999999999999999556, 119.2132034355963555, 0.000000000000000000 ) ) ;
#2566 = EDGE_LOOP ( 'NONE', ( #88, #1803, #3970, #236, #2958, #1788, #767, #1525 ) ) ;
#2567 = LINE ( 'NONE', #87, #3943 ) ;
#2568 = EDGE_CURVE ( 'NONE', #3946, #3787, #2795, .T. ) ;
#2569 = LINE ( 'NONE', #19, #2616 ) ;
#2570 = ORIENTED_EDGE ( 'NONE', *, *, #527, .T. ) ;
#2571 = ORIENTED_EDGE ( 'NONE', *, *, #1508, .F. ) ;
#2572 = AXIS2_PLACEMENT_3D ( 'NONE', #2315, #3294, #526 ) ;
#2573 = ADVANCED_FACE ( 'NONE', ( #30 ), #974, .F. ) ;
#2574 = CARTESIAN_POINT ( 'NONE',  ( 23.74999999999999289, 74.99999999999984368, -3.000000000000000000 ) ) ;
#2575 = CARTESIAN_POINT ( 'NONE',  ( -12.49999999999998046, 0.000000000000000000, -1.000000000000000000 ) ) ;
#2576 = EDGE_LOOP ( 'NONE', ( #862, #3777, #2904, #397 ) ) ;
#2577 = LINE ( 'NONE', #793, #3532 ) ;
#2578 = VECTOR ( 'NONE', #2561, 1000.000000000000000 ) ;
#2579 = CARTESIAN_POINT ( 'NONE',  ( -7.849999999999978328, 70.97335388632660624, -3.000000000000000000 ) ) ;
#2580 = CARTESIAN_POINT ( 'NONE',  ( 13.00000000000000178, 29.05329222734688699, -3.000000000000000000 ) ) ;
#2581 = AXIS2_PLACEMENT_3D ( 'NONE', #3596, #3272, #821 ) ;
#2582 = DIRECTION ( 'NONE',  ( 0.000000000000000000, 1.000000000000000000, 0.000000000000000000 ) ) ;
#2583 = FACE_OUTER_BOUND ( 'NONE', #954, .T. ) ;
#2584 = EDGE_CURVE ( 'NONE', #3589, #3119, #2641, .T. ) ;
#2585 = ORIENTED_EDGE ( 'NONE', *, *, #597, .F. ) ;
#2586 = EDGE_CURVE ( 'NONE', #1053, #666, #1883, .T. ) ;
#2587 = VERTEX_POINT ( 'NONE', #2757 ) ;
#2588 = FACE_OUTER_BOUND ( 'NONE', #3183, .T. ) ;
#2589 = DIRECTION ( 'NONE',  ( -0.4082482904638616295, 0.8164965809277265896, -0.4082482904638632948 ) ) ;
#2590 = ORIENTED_EDGE ( 'NONE', *, *, #1965, .T. ) ;
#2591 = EDGE_CURVE ( 'NONE', #762, #7, #1228, .T. ) ;
#2592 = DIRECTION ( 'NONE',  ( -0.8660254037844388186, 0.4999999999999997780, 0.000000000000000000 ) ) ;
#2593 = APPLICATION_CONTEXT ( 'automotive_design' ) ;
#2594 = LINE ( 'NONE', #3430, #745 ) ;
#2595 = ORIENTED_EDGE ( 'NONE', *, *, #3913, .F. ) ;
#2596 = ADVANCED_FACE ( 'NONE', ( #3419 ), #665, .F. ) ;
#2597 = ORIENTED_EDGE ( 'NONE', *, *, #572, .T. ) ;
#2598 = ADVANCED_FACE ( 'NONE', ( #2468, #1586 ), #2740, .T. ) ;
#2599 = DIRECTION ( 'NONE',  ( -1.000000000000000000, 0.000000000000000000, 0.000000000000000000 ) ) ;
#2600 = LINE ( 'NONE', #1669, #441 ) ;
#2601 = VERTEX_POINT ( 'NONE', #3939 ) ;
#2602 = PLANE ( 'NONE',  #2376 ) ;
#2603 = ORIENTED_EDGE ( 'NONE', *, *, #3927, .F. ) ;
#2604 = DIRECTION ( 'NONE',  ( 3.812579068080894480E-16, 1.000000000000000000, 0.000000000000000000 ) ) ;
#2605 =( LENGTH_UNIT ( ) NAMED_UNIT ( * ) SI_UNIT ( .MILLI., .METRE. ) );
#2606 = VERTEX_POINT ( 'NONE', #3689 ) ;
#2607 = DIRECTION ( 'NONE',  ( -0.000000000000000000, -1.000000000000000000, 0.000000000000000000 ) ) ;
#2608 = LINE ( 'NONE', #3799, #3064 ) ;
#2609 = LINE ( 'NONE', #697, #3360 ) ;
#2610 = EDGE_CURVE ( 'NONE', #154, #1639, #2414, .T. ) ;
#2611 = AXIS2_PLACEMENT_3D ( 'NONE', #3488, #2261, #345 ) ;
#2612 = EDGE_LOOP ( 'NONE', ( #573, #562 ) ) ;
#2613 = ORIENTED_EDGE ( 'NONE', *, *, #1535, .T. ) ;
#2614 = CARTESIAN_POINT ( 'NONE',  ( 17.14999999999999858, 85.97335388632657782, -3.000000000000000000 ) ) ;
#2615 = FACE_OUTER_BOUND ( 'NONE', #1082, .T. ) ;
#2616 = VECTOR ( 'NONE', #1296, 1000.000000000000000 ) ;
#2617 = VECTOR ( 'NONE', #2475, 1000.000000000000000 ) ;
#2618 = EDGE_LOOP ( 'NONE', ( #1342, #1867, #1981, #1022 ) ) ;
#2619 = LINE ( 'NONE', #2963, #1859 ) ;
#2620 = CARTESIAN_POINT ( 'NONE',  ( -22.49999999999998934, -80.00000000000001421, -10.00000000000000000 ) ) ;
#2621 = ADVANCED_FACE ( 'NONE', ( #3631 ), #896, .F. ) ;
#2622 = VECTOR ( 'NONE', #1949, 1000.000000000000000 ) ;
#2623 = ORIENTED_EDGE ( 'NONE', *, *, #3097, .T. ) ;
#2624 = FACE_OUTER_BOUND ( 'NONE', #3263, .T. ) ;
#2625 = ADVANCED_FACE ( 'NONE', ( #1551 ), #3346, .F. ) ;
#2626 = CARTESIAN_POINT ( 'NONE',  ( 90.79809072996661712, 79.38596491228051377, 0.000000000000000000 ) ) ;
#2627 = DIRECTION ( 'NONE',  ( 1.000000000000000000, 0.000000000000000000, 0.000000000000000000 ) ) ;
#2628 = FACE_OUTER_BOUND ( 'NONE', #1900, .T. ) ;
#2629 = ORIENTED_EDGE ( 'NONE', *, *, #1174, .F. ) ;
#2630 = DIRECTION ( 'NONE',  ( -1.000000000000000000, 0.000000000000000000, 0.000000000000000000 ) ) ;
#2631 = CARTESIAN_POINT ( 'NONE',  ( 11.99999999999999645, 77.05329222734688699, -3.000000000000000000 ) ) ;
#2632 = PLANE ( 'NONE',  #917 ) ;
#2633 = ORIENTED_EDGE ( 'NONE', *, *, #1442, .T. ) ;
#2634 = ADVANCED_FACE ( 'NONE', ( #3492 ), #53, .F. ) ;
#2635 = DIRECTION ( 'NONE',  ( 0.000000000000000000, -1.000000000000000000, 0.000000000000000000 ) ) ;
#2636 = ORIENTED_EDGE ( 'NONE', *, *, #922, .F. ) ;
#2637 = VECTOR ( 'NONE', #1162, 1000.000000000000000 ) ;
#2638 = ORIENTED_EDGE ( 'NONE', *, *, #3978, .F. ) ;
#2639 = EDGE_CURVE ( 'NONE', #1894, #1585, #2227, .T. ) ;
#2640 = DIRECTION ( 'NONE',  ( 0.000000000000000000, 0.000000000000000000, -1.000000000000000000 ) ) ;
#2641 = CIRCLE ( 'NONE', #3523, 3.250000000000002665 ) ;
#2642 = EDGE_LOOP ( 'NONE', ( #2316, #1811, #1573, #2346 ) ) ;
#2643 = DIRECTION ( 'NONE',  ( 0.8660254037844388186, -0.4999999999999997224, 0.000000000000000000 ) ) ;
#2644 = EDGE_LOOP ( 'NONE', ( #299, #720, #815, #613 ) ) ;
#2645 = ADVANCED_FACE ( 'NONE', ( #3162 ), #3730, .F. ) ;
#2646 = CARTESIAN_POINT ( 'NONE',  ( 27.49999999999999645, 80.65803263805818801, -1.000000000000000000 ) ) ;
#2647 = AXIS2_PLACEMENT_3D ( 'NONE', #524, #3342, #3009 ) ;
#2648 = PLANE ( 'NONE',  #3030 ) ;
#2649 = DIRECTION ( 'NONE',  ( 0.8660254037844392627, -0.4999999999999990008, 0.000000000000000000 ) ) ;
#2650 = CARTESIAN_POINT ( 'NONE',  ( 27.00000000000000711, 55.05329222734687988, -3.000000000000000000 ) ) ;
#2651 = EDGE_CURVE ( 'NONE', #1474, #3563, #2515, .T. ) ;
#2652 = VECTOR ( 'NONE', #3057, 1000.000000000000000 ) ;
#2653 = DIRECTION ( 'NONE',  ( -0.000000000000000000, -0.000000000000000000, -1.000000000000000000 ) ) ;
#2654 = CARTESIAN_POINT ( 'NONE',  ( 59.53699579597547853, -45.46300420402479148, 10.23150210201241173 ) ) ;
#2655 = AXIS2_PLACEMENT_3D ( 'NONE', #3246, #2935, #1686 ) ;
#2656 = ORIENTED_EDGE ( 'NONE', *, *, #1445, .F. ) ;
#2657 = CIRCLE ( 'NONE', #3166, 5.000000000000000888 ) ;
#2658 = CARTESIAN_POINT ( 'NONE',  ( 32.14999999999999858, 77.97335388632642150, 0.000000000000000000 ) ) ;
#2659 = ORIENTED_EDGE ( 'NONE', *, *, #1594, .T. ) ;
#2660 = DIRECTION ( 'NONE',  ( -0.000000000000000000, -0.000000000000000000, 1.000000000000000000 ) ) ;
#2661 = VERTEX_POINT ( 'NONE', #3771 ) ;
#2662 = CARTESIAN_POINT ( 'NONE',  ( 26.50000000000003553, 68.65803263805835854, 0.000000000000000000 ) ) ;
#2663 = CARTESIAN_POINT ( 'NONE',  ( 26.99999999999999645, 80.94670777265299932, -3.000000000000000000 ) ) ;
#2664 = CARTESIAN_POINT ( 'NONE',  ( 0.000000000000000000, 0.000000000000000000, 0.000000000000000000 ) ) ;
#2665 = DIRECTION ( 'NONE',  ( 0.000000000000000000, 0.000000000000000000, 1.000000000000000000 ) ) ;
#2666 = ORIENTED_EDGE ( 'NONE', *, *, #368, .T. ) ;
#2667 = FACE_OUTER_BOUND ( 'NONE', #2957, .T. ) ;
#2668 = EDGE_LOOP ( 'NONE', ( #2835, #414, #2211, #1406 ) ) ;
#2669 = CARTESIAN_POINT ( 'NONE',  ( -7.849999999999978328, 70.97335388632660624, 0.000000000000000000 ) ) ;
#2670 = LINE ( 'NONE', #3883, #3920 ) ;
#2671 = DIRECTION ( 'NONE',  ( -1.000000000000000000, 0.000000000000000000, 0.000000000000000000 ) ) ;
#2672 = LINE ( 'NONE', #513, #1397 ) ;
#2673 = EDGE_CURVE ( 'NONE', #3946, #41, #2964, .T. ) ;
#2674 = ORIENTED_EDGE ( 'NONE', *, *, #187, .T. ) ;
#2675 = DIRECTION ( 'NONE',  ( 0.000000000000000000, 0.000000000000000000, -1.000000000000000000 ) ) ;
#2676 = ORIENTED_EDGE ( 'NONE', *, *, #975, .F. ) ;
#2677 = FACE_OUTER_BOUND ( 'NONE', #3363, .T. ) ;
#2678 = VERTEX_POINT ( 'NONE', #1371 ) ;
#2679 = VECTOR ( 'NONE', #1800, 1000.000000000000227 ) ;
#2680 = DIRECTION ( 'NONE',  ( -0.5773502691896278405, -0.5773502691896217343, 0.5773502691896278405 ) ) ;
#2681 = DIRECTION ( 'NONE',  ( -0.000000000000000000, -1.000000000000000000, 0.000000000000000000 ) ) ;
#2682 = CARTESIAN_POINT ( 'NONE',  ( 6.849999999999994316, 80.02664611367346481, -3.000000000000000000 ) ) ;
#2683 = VECTOR ( 'NONE', #2502, 1000.000000000000000 ) ;
#2684 = VERTEX_POINT ( 'NONE', #688 ) ;
#2685 = CARTESIAN_POINT ( 'NONE',  ( 32.14999999999999858, 72.02664611367326586, -3.000000000000000000 ) ) ;
#2686 = ORIENTED_EDGE ( 'NONE', *, *, #1313, .F. ) ;
#2687 = ORIENTED_EDGE ( 'NONE', *, *, #3804, .T. ) ;
#2688 = DIRECTION ( 'NONE',  ( 1.000000000000000000, 0.000000000000000000, 0.000000000000000000 ) ) ;
#2689 = PLANE ( 'NONE',  #2572 ) ;
#2690 = CIRCLE ( 'NONE', #2805, 5.000000000000000888 ) ;
#2691 = EDGE_CURVE ( 'NONE', #3202, #2280, #1651, .T. ) ;
#2692 = CIRCLE ( 'NONE', #3829, 2.250000000000000888 ) ;
#2693 = CARTESIAN_POINT ( 'NONE',  ( 11.50000000000001776, 88.65803263805835854, -1.000000000000000000 ) ) ;
#2694 = DIRECTION ( 'NONE',  ( 0.8660254037844369313, -0.5000000000000029976, 0.000000000000000000 ) ) ;
#2695 = EDGE_LOOP ( 'NONE', ( #1884, #1330, #2613, #1110, #2408, #3628 ) ) ;
#2696 = EDGE_CURVE ( 'NONE', #3973, #973, #2840, .T. ) ;
#2697 = LINE ( 'NONE', #1635, #773 ) ;
#2698 = DIRECTION ( 'NONE',  ( -0.000000000000000000, -0.000000000000000000, 1.000000000000000000 ) ) ;
#2699 = ORIENTED_EDGE ( 'NONE', *, *, #3757, .T. ) ;
#2700 = LINE ( 'NONE', #3322, #2712 ) ;
#2701 = EDGE_CURVE ( 'NONE', #2069, #439, #2600, .T. ) ;
#2702 = DIRECTION ( 'NONE',  ( 0.000000000000000000, 1.000000000000000000, -0.000000000000000000 ) ) ;
#2703 = FACE_OUTER_BOUND ( 'NONE', #1919, .T. ) ;
#2704 = VECTOR ( 'NONE', #2403, 1000.000000000000000 ) ;
#2705 = CARTESIAN_POINT ( 'NONE',  ( 3.299999999999997158, 121.0000000000000426, -6.000000000000000000 ) ) ;
#2706 = ORIENTED_EDGE ( 'NONE', *, *, #1164, .F. ) ;
#2707 = CARTESIAN_POINT ( 'NONE',  ( 21.85000000000000497, 77.97335388632643571, -3.000000000000000000 ) ) ;
#2708 = VECTOR ( 'NONE', #79, 1000.000000000000114 ) ;
#2709 = CARTESIAN_POINT ( 'NONE',  ( 38.00000000000000711, -24.99999999999998579, 1.084202172485504434E-14 ) ) ;
#2710 = DIRECTION ( 'NONE',  ( 0.000000000000000000, 0.000000000000000000, 1.000000000000000000 ) ) ;
#2711 = DIRECTION ( 'NONE',  ( 0.000000000000000000, 0.000000000000000000, 1.000000000000000000 ) ) ;
#2712 = VECTOR ( 'NONE', #1497, 1000.000000000000000 ) ;
#2713 = CARTESIAN_POINT ( 'NONE',  ( 0.000000000000000000, 0.000000000000000000, 0.000000000000000000 ) ) ;
#2714 = AXIS2_PLACEMENT_3D ( 'NONE', #3304, #3898, #3570 ) ;
#2715 = VECTOR ( 'NONE', #3034, 1000.000000000000000 ) ;
#2716 = FACE_OUTER_BOUND ( 'NONE', #1687, .T. ) ;
#2717 = LINE ( 'NONE', #1163, #1827 ) ;
#2718 = ORIENTED_EDGE ( 'NONE', *, *, #2591, .F. ) ;
#2719 = LINE ( 'NONE', #2772, #2715 ) ;
#2720 = DIRECTION ( 'NONE',  ( 0.000000000000000000, 0.000000000000000000, 1.000000000000000000 ) ) ;
#2721 = ORIENTED_EDGE ( 'NONE', *, *, #2207, .F. ) ;
#2722 = AXIS2_PLACEMENT_3D ( 'NONE', #898, #1887, #1231 ) ;
#2723 = EDGE_CURVE ( 'NONE', #2082, #385, #2901, .T. ) ;
#2724 = LINE ( 'NONE', #3858, #3154 ) ;
#2725 = CARTESIAN_POINT ( 'NONE',  ( -18.15000000000000568, 115.9733538863265636, 0.000000000000000000 ) ) ;
#2726 = PLANE ( 'NONE',  #3969 ) ;
#2727 = CARTESIAN_POINT ( 'NONE',  ( 21.85000000000000853, 63.97335388632659203, -3.000000000000000000 ) ) ;
#2728 = LINE ( 'NONE', #3315, #3822 ) ;
#2729 = LINE ( 'NONE', #1560, #1071 ) ;
#2730 = ADVANCED_FACE ( 'NONE', ( #2201 ), #138, .T. ) ;
#2731 = EDGE_LOOP ( 'NONE', ( #1128, #2474 ) ) ;
#2732 = VERTEX_POINT ( 'NONE', #3435 ) ;
#2733 = CARTESIAN_POINT ( 'NONE',  ( 91.89999999999999147, -79.60000000000002274, 4.200000000000006395 ) ) ;
#2734 = CARTESIAN_POINT ( 'NONE',  ( 71.09999999999993747, -80.00000000000001421, 24.40000000000004121 ) ) ;
#2735 = ORIENTED_EDGE ( 'NONE', *, *, #2968, .T. ) ;
#2736 = VECTOR ( 'NONE', #2944, 1000.000000000000000 ) ;
#2737 = LINE ( 'NONE', #3953, #3389 ) ;
#2738 = EDGE_CURVE ( 'NONE', #991, #2529, #747, .T. ) ;
#2739 = CARTESIAN_POINT ( 'NONE',  ( 0.000000000000000000, 75.65803263805838696, -1.000000000000000000 ) ) ;
#2740 = PLANE ( 'NONE',  #1920 ) ;
#2741 = DIRECTION ( 'NONE',  ( 0.000000000000000000, -1.000000000000000000, 0.000000000000000000 ) ) ;
#2742 = CIRCLE ( 'NONE', #3128, 2.249999999999996003 ) ;
#2743 = EDGE_CURVE ( 'NONE', #3387, #534, #98, .T. ) ;
#2744 = CARTESIAN_POINT ( 'NONE',  ( 79.25000000000000000, 73.74999999999985789, 169.8835189181103544 ) ) ;
#2745 = VERTEX_POINT ( 'NONE', #3750 ) ;
#2746 = FACE_OUTER_BOUND ( 'NONE', #3066, .T. ) ;
#2747 = AXIS2_PLACEMENT_3D ( 'NONE', #2828, #3407, #2129 ) ;
#2748 = ORIENTED_EDGE ( 'NONE', *, *, #316, .F. ) ;
#2749 = FACE_OUTER_BOUND ( 'NONE', #3769, .T. ) ;
#2750 = DIRECTION ( 'NONE',  ( -0.000000000000000000, -1.000000000000000000, 0.000000000000000000 ) ) ;
#2751 = ORIENTED_EDGE ( 'NONE', *, *, #569, .T. ) ;
#2752 = DIRECTION ( 'NONE',  ( -0.5000000000000006661, 0.8660254037844382635, 0.000000000000000000 ) ) ;
#2753 = DIRECTION ( 'NONE',  ( -0.8660254037844388186, 0.4999999999999997224, 0.000000000000000000 ) ) ;
#2754 = ORIENTED_EDGE ( 'NONE', *, *, #1748, .T. ) ;
#2755 = CARTESIAN_POINT ( 'NONE',  ( 2.999999999999995115, 48.00000000000002132, 0.000000000000000000 ) ) ;
#2756 = EDGE_LOOP ( 'NONE', ( #993, #302, #383, #3179 ) ) ;
#2757 = CARTESIAN_POINT ( 'NONE',  ( 43.00000000000000000, -24.99999999999998579, 1.084202172485504434E-14 ) ) ;
#2758 = EDGE_CURVE ( 'NONE', #2987, #534, #2289, .T. ) ;
#2759 = VECTOR ( 'NONE', #1290, 1000.000000000000000 ) ;
#2760 = CARTESIAN_POINT ( 'NONE',  ( 26.49999999999999645, 80.65803263805818801, -1.000000000000000000 ) ) ;
#2761 = ORIENTED_EDGE ( 'NONE', *, *, #768, .F. ) ;
#2762 = FACE_OUTER_BOUND ( 'NONE', #1815, .T. ) ;
#2763 = ADVANCED_FACE ( 'NONE', ( #1925 ), #1986, .F. ) ;
#2764 = EDGE_CURVE ( 'NONE', #991, #3043, #166, .T. ) ;
#2765 = EDGE_CURVE ( 'NONE', #3881, #3168, #1942, .T. ) ;
#2766 = DIRECTION ( 'NONE',  ( 0.000000000000000000, 1.000000000000000000, -0.000000000000000000 ) ) ;
#2767 = VECTOR ( 'NONE', #2010, 1000.000000000000000 ) ;
#2768 = CARTESIAN_POINT ( 'NONE',  ( 26.49999999999999645, 80.65803263805818801, -1.000000000000000000 ) ) ;
#2769 = VECTOR ( 'NONE', #2225, 1000.000000000000000 ) ;
#2770 = VERTEX_POINT ( 'NONE', #2268 ) ;
#2771 = CARTESIAN_POINT ( 'NONE',  ( 13.33333333333336768, -72.33333333333332860, 5.333333333333357906 ) ) ;
#2772 = CARTESIAN_POINT ( 'NONE',  ( 26.50000000000003553, 66.65803263805835854, -1.000000000000000000 ) ) ;
#2773 = CARTESIAN_POINT ( 'NONE',  ( 92.09999999999999432, 73.74999999999985789, 0.000000000000000000 ) ) ;
#2774 = ORIENTED_EDGE ( 'NONE', *, *, #3638, .T. ) ;
#2775 = ORIENTED_EDGE ( 'NONE', *, *, #81, .T. ) ;
#2776 = FACE_BOUND ( 'NONE', #1987, .T. ) ;
#2777 = AXIS2_PLACEMENT_3D ( 'NONE', #1747, #221, #1802 ) ;
#2778 = VERTEX_POINT ( 'NONE', #3205 ) ;
#2779 = DIRECTION ( 'NONE',  ( 0.000000000000000000, 0.000000000000000000, 1.000000000000000000 ) ) ;
#2780 = VECTOR ( 'NONE', #1203, 1000.000000000000114 ) ;
#2781 = FACE_OUTER_BOUND ( 'NONE', #1294, .T. ) ;
#2782 = CARTESIAN_POINT ( 'NONE',  ( -12.99999999999997691, 62.05329222734687278, -3.000000000000000000 ) ) ;
#2783 = ORIENTED_EDGE ( 'NONE', *, *, #2397, .F. ) ;
#2784 = DIRECTION ( 'NONE',  ( -0.8660254037844383745, -0.5000000000000004441, -0.000000000000000000 ) ) ;
#2785 = DIRECTION ( 'NONE',  ( -1.000000000000000000, 0.000000000000000000, 0.000000000000000000 ) ) ;
#2786 = DIRECTION ( 'NONE',  ( 0.000000000000000000, 0.000000000000000000, 1.000000000000000000 ) ) ;
#2787 = EDGE_CURVE ( 'NONE', #2832, #3223, #433, .T. ) ;
#2788 = VERTEX_POINT ( 'NONE', #521 ) ;
#2789 = CARTESIAN_POINT ( 'NONE',  ( 27.50000000000003553, 68.65803263805835854, 0.000000000000000000 ) ) ;
#2790 = CARTESIAN_POINT ( 'NONE',  ( 6.849999999999994316, 85.97335388632657782, -1.000000000000000000 ) ) ;
#2791 = ORIENTED_EDGE ( 'NONE', *, *, #553, .F. ) ;
#2792 = ORIENTED_EDGE ( 'NONE', *, *, #2323, .T. ) ;
#2793 = CARTESIAN_POINT ( 'NONE',  ( 23.75000000000000711, 61.00000000000003553, -3.000000000000000000 ) ) ;
#2794 = ORIENTED_EDGE ( 'NONE', *, *, #1216, .F. ) ;
#2795 = LINE ( 'NONE', #2449, #3024 ) ;
#2796 = AXIS2_PLACEMENT_3D ( 'NONE', #3310, #3010, #1098 ) ;
#2797 = CIRCLE ( 'NONE', #1646, 3.250000000000002665 ) ;
#2798 = ORIENTED_EDGE ( 'NONE', *, *, #2816, .T. ) ;
#2799 = DIRECTION ( 'NONE',  ( -0.5000000000000005551, -0.8660254037844383745, 0.000000000000000000 ) ) ;
#2800 = EDGE_CURVE ( 'NONE', #2180, #1205, #3269, .T. ) ;
#2801 = CARTESIAN_POINT ( 'NONE',  ( 79.25000000000000000, 73.74999999999985789, 0.000000000000000000 ) ) ;
#2802 = AXIS2_PLACEMENT_3D ( 'NONE', #1148, #3248, #2937 ) ;
#2803 = ORIENTED_EDGE ( 'NONE', *, *, #3762, .F. ) ;
#2804 =( NAMED_UNIT ( * ) SI_UNIT ( $, .STERADIAN. ) SOLID_ANGLE_UNIT ( ) );
#2805 = AXIS2_PLACEMENT_3D ( 'NONE', #1337, #3424, #1910 ) ;
#2806 = ORIENTED_EDGE ( 'NONE', *, *, #440, .F. ) ;
#2807 = CARTESIAN_POINT ( 'NONE',  ( 0.000000000000000000, -80.00000000000001421, 24.40000000000004121 ) ) ;
#2808 = CARTESIAN_POINT ( 'NONE',  ( 0.000000000000000000, 0.000000000000000000, -1.000000000000000000 ) ) ;
#2809 = EDGE_CURVE ( 'NONE', #3280, #2012, #3251, .T. ) ;
#2810 = ORIENTED_EDGE ( 'NONE', *, *, #1146, .T. ) ;
#2811 = ORIENTED_EDGE ( 'NONE', *, *, #1054, .T. ) ;
#2812 = DIRECTION ( 'NONE',  ( -0.8660254037844392627, -0.4999999999999989453, -0.000000000000000000 ) ) ;
#2813 = LINE ( 'NONE', #2506, #484 ) ;
#2814 = EDGE_CURVE ( 'NONE', #17, #1291, #3004, .T. ) ;
#2815 = EDGE_LOOP ( 'NONE', ( #519, #1546, #3955, #2360 ) ) ;
#2816 = EDGE_CURVE ( 'NONE', #3215, #973, #239, .T. ) ;
#2817 = LINE ( 'NONE', #1304, #2150 ) ;
#2818 = LINE ( 'NONE', #1902, #2769 ) ;
#2819 = ORIENTED_EDGE ( 'NONE', *, *, #922, .T. ) ;
#2820 = DIRECTION ( 'NONE',  ( -0.000000000000000000, -0.000000000000000000, 1.000000000000000000 ) ) ;
#2821 = ORIENTED_EDGE ( 'NONE', *, *, #2486, .T. ) ;
#2822 = ORIENTED_EDGE ( 'NONE', *, *, #3056, .F. ) ;
#2823 = DIRECTION ( 'NONE',  ( 1.000000000000000000, 0.000000000000000000, 0.000000000000000000 ) ) ;
#2824 = CARTESIAN_POINT ( 'NONE',  ( -12.99999999999997691, 62.05329222734687278, -3.000000000000000000 ) ) ;
#2825 = ORIENTED_EDGE ( 'NONE', *, *, #1376, .F. ) ;
#2826 = DIRECTION ( 'NONE',  ( 0.7071067811865460184, 0.7071067811865489050, 0.000000000000000000 ) ) ;
#2827 = AXIS2_PLACEMENT_3D ( 'NONE', #1484, #11, #1180 ) ;
#2828 = CARTESIAN_POINT ( 'NONE',  ( 21.85000000000000497, 77.97335388632643571, -3.000000000000000000 ) ) ;
#2829 = VECTOR ( 'NONE', #3789, 1000.000000000000000 ) ;
#2830 = FACE_OUTER_BOUND ( 'NONE', #735, .T. ) ;
#2831 = VERTEX_POINT ( 'NONE', #1746 ) ;
#2832 = VERTEX_POINT ( 'NONE', #541 ) ;
#2833 = CARTESIAN_POINT ( 'NONE',  ( 79.25000000000000000, 74.24999999999987210, 0.000000000000000000 ) ) ;
#2834 = CARTESIAN_POINT ( 'NONE',  ( 27.50000000000003553, 68.65803263805835854, -1.000000000000000000 ) ) ;
#2835 = ORIENTED_EDGE ( 'NONE', *, *, #64, .F. ) ;
#2836 = VECTOR ( 'NONE', #3398, 1000.000000000000000 ) ;
#2837 = VERTEX_POINT ( 'NONE', #1170 ) ;
#2838 = DIRECTION ( 'NONE',  ( -0.000000000000000000, -0.000000000000000000, 1.000000000000000000 ) ) ;
#2839 = DIRECTION ( 'NONE',  ( 0.8660254037844381525, 0.5000000000000007772, 0.000000000000000000 ) ) ;
#2840 = LINE ( 'NONE', #1056, #2708 ) ;
#2841 = VECTOR ( 'NONE', #3487, 1000.000000000000114 ) ;
#2842 = ORIENTED_EDGE ( 'NONE', *, *, #500, .T. ) ;
#2843 = EDGE_CURVE ( 'NONE', #1970, #3201, #2331, .T. ) ;
#2844 = DIRECTION ( 'NONE',  ( 0.000000000000000000, -1.000000000000000000, 0.000000000000000000 ) ) ;
#2845 = CARTESIAN_POINT ( 'NONE',  ( 43.00000000000000000, -24.99999999999999645, 0.000000000000000000 ) ) ;
#2846 = ORIENTED_EDGE ( 'NONE', *, *, #2202, .F. ) ;
#2847 = ORIENTED_EDGE ( 'NONE', *, *, #342, .F. ) ;
#2848 = CIRCLE ( 'NONE', #464, 3.250000000000002665 ) ;
#2849 = CARTESIAN_POINT ( 'NONE',  ( 26.49999999999999645, 82.65803263805820222, -1.000000000000000000 ) ) ;
#2850 = EDGE_LOOP ( 'NONE', ( #3116, #359, #3271, #472 ) ) ;
#2851 = CARTESIAN_POINT ( 'NONE',  ( 27.49999999999999645, 80.65803263805818801, 0.000000000000000000 ) ) ;
#2852 = ORIENTED_EDGE ( 'NONE', *, *, #3886, .F. ) ;
#2853 = DIRECTION ( 'NONE',  ( 0.000000000000000000, 1.000000000000000000, 0.000000000000000000 ) ) ;
#2854 = EDGE_CURVE ( 'NONE', #3022, #3434, #3286, .T. ) ;
#2855 = CARTESIAN_POINT ( 'NONE',  ( 35.00000000000000711, -34.99999999999976552, -6.000000000000000000 ) ) ;
#2856 = ORIENTED_EDGE ( 'NONE', *, *, #1885, .T. ) ;
#2857 = VERTEX_POINT ( 'NONE', #503 ) ;
#2858 = ORIENTED_EDGE ( 'NONE', *, *, #588, .T. ) ;
#2859 = VERTEX_POINT ( 'NONE', #1391 ) ;
#2860 = CARTESIAN_POINT ( 'NONE',  ( 0.000000000000000000, -75.00000000000001421, 0.000000000000000000 ) ) ;
#2861 = CARTESIAN_POINT ( 'NONE',  ( 12.00000000000000178, 83.00000000000002842, -6.000000000000000000 ) ) ;
#2862 = ADVANCED_FACE ( 'NONE', ( #2985 ), #1728, .F. ) ;
#2863 = CARTESIAN_POINT ( 'NONE',  ( 38.00000000000001421, -67.00000000000002842, 0.000000000000000000 ) ) ;
#2864 = CARTESIAN_POINT ( 'NONE',  ( 0.000000000000000000, 0.000000000000000000, -3.000000000000000000 ) ) ;
#2865 = CIRCLE ( 'NONE', #2139, 3.250000000000002665 ) ;
#2866 = LINE ( 'NONE', #2232, #2550 ) ;
#2867 = EDGE_CURVE ( 'NONE', #3901, #1626, #3591, .T. ) ;
#2868 = VECTOR ( 'NONE', #1116, 1000.000000000000000 ) ;
#2869 = EDGE_LOOP ( 'NONE', ( #758, #731, #3136, #2011, #3418, #12, #3316 ) ) ;
#2870 = CARTESIAN_POINT ( 'NONE',  ( 79.25000000000000000, 60.89999999999987068, 169.8835189181103544 ) ) ;
#2871 = CARTESIAN_POINT ( 'NONE',  ( 6.849999999999994316, 80.02664611367346481, -3.000000000000000000 ) ) ;
#2872 = AXIS2_PLACEMENT_3D ( 'NONE', #2190, #1254, #2480 ) ;
#2873 = VERTEX_POINT ( 'NONE', #856 ) ;
#2874 = CIRCLE ( 'NONE', #557, 9.999999999999994671 ) ;
#2875 = DIRECTION ( 'NONE',  ( -0.4999999999999989453, 0.8660254037844392627, 0.000000000000000000 ) ) ;
#2876 = CARTESIAN_POINT ( 'NONE',  ( 79.25000000000000000, 73.74999999999985789, -5.999999999999998224 ) ) ;
#2877 = VECTOR ( 'NONE', #1809, 1000.000000000000000 ) ;
#2878 = ORIENTED_EDGE ( 'NONE', *, *, #3745, .F. ) ;
#2879 = VECTOR ( 'NONE', #3117, 1000.000000000000114 ) ;
#2880 = CARTESIAN_POINT ( 'NONE',  ( -6.830838508926212249, 121.0000000000000426, -6.000000000000000000 ) ) ;
#2881 = CARTESIAN_POINT ( 'NONE',  ( -17.50000000000000355, 116.0000000000000284, -6.000000000000000000 ) ) ;
#2882 = DIRECTION ( 'NONE',  ( -1.000000000000000000, 0.000000000000000000, 0.000000000000000000 ) ) ;
#2883 = ORIENTED_EDGE ( 'NONE', *, *, #2090, .F. ) ;
#2884 = LINE ( 'NONE', #1058, #3663 ) ;
#2885 = DIRECTION ( 'NONE',  ( 0.7071067811865480168, 0.7071067811865471286, 0.000000000000000000 ) ) ;
#2886 = EDGE_LOOP ( 'NONE', ( #461, #506, #36, #3108, #3602, #78 ) ) ;
#2887 = EDGE_CURVE ( 'NONE', #90, #411, #818, .T. ) ;
#2888 = ORIENTED_EDGE ( 'NONE', *, *, #1657, .T. ) ;
#2889 = CARTESIAN_POINT ( 'NONE',  ( -18.14999999999998082, 65.02664611367345060, -3.000000000000000000 ) ) ;
#2890 = LINE ( 'NONE', #2019, #1144 ) ;
#2891 = ADVANCED_FACE ( 'NONE', ( #3305 ), #220, .F. ) ;
#2892 = ORIENTED_EDGE ( 'NONE', *, *, #927, .F. ) ;
#2893 = ORIENTED_EDGE ( 'NONE', *, *, #2462, .F. ) ;
#2894 = LINE ( 'NONE', #1364, #903 ) ;
#2895 = CARTESIAN_POINT ( 'NONE',  ( 12.50000000000001776, 90.65803263805835854, -1.000000000000000000 ) ) ;
#2896 = DIRECTION ( 'NONE',  ( -0.000000000000000000, -0.000000000000000000, -1.000000000000000000 ) ) ;
#2897 = ORIENTED_EDGE ( 'NONE', *, *, #3515, .F. ) ;
#2898 = VERTEX_POINT ( 'NONE', #3531 ) ;
#2899 = FACE_OUTER_BOUND ( 'NONE', #2043, .T. ) ;
#2900 = CIRCLE ( 'NONE', #3781, 3.250000000000009770 ) ;
#2901 = LINE ( 'NONE', #994, #778 ) ;
#2902 = ADVANCED_BREP_SHAPE_REPRESENTATION ( 'vertical_holder_mirror', ( #2302, #2354 ), #1014 ) ;
#2903 = AXIS2_PLACEMENT_3D ( 'NONE', #1238, #2752, #1812 ) ;
#2904 = ORIENTED_EDGE ( 'NONE', *, *, #1092, .T. ) ;
#2905 = DIRECTION ( 'NONE',  ( 1.000000000000000000, 0.000000000000000000, 0.000000000000000000 ) ) ;
#2906 = VECTOR ( 'NONE', #1741, 1000.000000000000000 ) ;
#2907 = VERTEX_POINT ( 'NONE', #794 ) ;
#2908 = DIRECTION ( 'NONE',  ( 0.5000000000000004441, -0.8660254037844383745, 0.000000000000000000 ) ) ;
#2909 = LINE ( 'NONE', #753, #706 ) ;
#2910 = ORIENTED_EDGE ( 'NONE', *, *, #3436, .T. ) ;
#2911 = ADVANCED_FACE ( 'NONE', ( #2703 ), #1710, .F. ) ;
#2912 = LINE ( 'NONE', #2275, #3509 ) ;
#2913 = CARTESIAN_POINT ( 'NONE',  ( 63.59999999999993747, -80.00000000000001421, 17.50000000000000000 ) ) ;
#2914 = AXIS2_PLACEMENT_3D ( 'NONE', #3905, #2653, #2339 ) ;
#2915 = ORIENTED_EDGE ( 'NONE', *, *, #1996, .T. ) ;
#2916 = LINE ( 'NONE', #2979, #455 ) ;
#2917 = ADVANCED_FACE ( 'NONE', ( #3855, #204 ), #1765, .T. ) ;
#2918 = DIRECTION ( 'NONE',  ( 0.4999999999999989453, 0.8660254037844392627, 0.000000000000000000 ) ) ;
#2919 = VERTEX_POINT ( 'NONE', #873 ) ;
#2920 = ORIENTED_EDGE ( 'NONE', *, *, #1581, .F. ) ;
#2921 = DIRECTION ( 'NONE',  ( -8.577124726708580637E-17, 1.000000000000000000, 0.000000000000000000 ) ) ;
#2922 = CARTESIAN_POINT ( 'NONE',  ( 63.59999999999993747, -68.63603896932107773, 19.74999999999999645 ) ) ;
#2923 = ORIENTED_EDGE ( 'NONE', *, *, #930, .F. ) ;
#2924 = CARTESIAN_POINT ( 'NONE',  ( -1.699999999999984857, -79.60000000000005116, 24.80000000000001137 ) ) ;
#2925 = EDGE_LOOP ( 'NONE', ( #426, #1935, #3440, #1945, #970, #1661 ) ) ;
#2926 = LINE ( 'NONE', #2372, #2085 ) ;
#2927 = DIRECTION ( 'NONE',  ( -0.000000000000000000, -0.000000000000000000, 1.000000000000000000 ) ) ;
#2928 = DIRECTION ( 'NONE',  ( -1.000000000000000000, 0.000000000000000000, 0.000000000000000000 ) ) ;
#2929 = ADVANCED_FACE ( 'NONE', ( #2008 ), #2081, .T. ) ;
#2930 = ORIENTED_EDGE ( 'NONE', *, *, #2297, .T. ) ;
#2931 = CARTESIAN_POINT ( 'NONE',  ( 63.59999999999993747, -75.00000000000001421, 17.50000000000000000 ) ) ;
#2932 = CARTESIAN_POINT ( 'NONE',  ( 85.09999999999998010, -75.00000000000001421, -2.999999999999995559 ) ) ;
#2933 = VECTOR ( 'NONE', #2753, 1000.000000000000000 ) ;
#2934 = ORIENTED_EDGE ( 'NONE', *, *, #1832, .F. ) ;
#2935 = DIRECTION ( 'NONE',  ( 0.000000000000000000, -1.000000000000000000, 0.000000000000000000 ) ) ;
#2936 = ORIENTED_EDGE ( 'NONE', *, *, #181, .T. ) ;
#2937 = DIRECTION ( 'NONE',  ( -1.000000000000000000, 0.000000000000000000, 0.000000000000000000 ) ) ;
#2938 = AXIS2_PLACEMENT_3D ( 'NONE', #62, #3740, #3462 ) ;
#2939 = ORIENTED_EDGE ( 'NONE', *, *, #552, .T. ) ;
#2940 = EDGE_CURVE ( 'NONE', #2684, #2145, #1133, .T. ) ;
#2941 = AXIS2_PLACEMENT_3D ( 'NONE', #3542, #1143, #2321 ) ;
#2942 = VERTEX_POINT ( 'NONE', #3035 ) ;
#2943 = CARTESIAN_POINT ( 'NONE',  ( 48.04999999999987637, -80.00000000000001421, 48.05000000000000426 ) ) ;
#2944 = DIRECTION ( 'NONE',  ( -1.000000000000000000, 3.812579068080894480E-16, 0.000000000000000000 ) ) ;
#2945 = ADVANCED_FACE ( 'NONE', ( #2098 ), #2154, .F. ) ;
#2946 = CARTESIAN_POINT ( 'NONE',  ( 8.000000000000008882, -67.00000000000004263, 21.00000000000002842 ) ) ;
#2947 = VERTEX_POINT ( 'NONE', #931 ) ;
#2948 = DIRECTION ( 'NONE',  ( -0.000000000000000000, -0.000000000000000000, 1.000000000000000000 ) ) ;
#2949 = LINE ( 'NONE', #1479, #1851 ) ;
#2950 = EDGE_LOOP ( 'NONE', ( #1750, #184, #3809, #3697 ) ) ;
#2951 = LINE ( 'NONE', #2994, #1317 ) ;
#2952 = AXIS2_PLACEMENT_3D ( 'NONE', #3652, #3368, #1823 ) ;
#2953 = EDGE_CURVE ( 'NONE', #3202, #1384, #1784, .T. ) ;
#2954 = DIRECTION ( 'NONE',  ( 0.000000000000000000, 0.000000000000000000, 1.000000000000000000 ) ) ;
#2955 = ORIENTED_EDGE ( 'NONE', *, *, #951, .F. ) ;
#2956 = CARTESIAN_POINT ( 'NONE',  ( -12.99999999999997691, 62.05329222734687278, 0.000000000000000000 ) ) ;
#2957 = EDGE_LOOP ( 'NONE', ( #2224, #86, #1666, #637, #1591, #2175 ) ) ;
#2958 = ORIENTED_EDGE ( 'NONE', *, *, #3593, .T. ) ;
#2959 = DIRECTION ( 'NONE',  ( -0.7071067811865451302, -0.7071067811865500152, -0.000000000000000000 ) ) ;
#2960 = ORIENTED_EDGE ( 'NONE', *, *, #1086, .F. ) ;
#2961 = VECTOR ( 'NONE', #3754, 999.9999999999998863 ) ;
#2962 = VERTEX_POINT ( 'NONE', #3339 ) ;
#2963 = CARTESIAN_POINT ( 'NONE',  ( 29.99999999999995026, -75.00000000000001421, 25.00000000000002132 ) ) ;
#2964 = CIRCLE ( 'NONE', #1220, 3.249999999999999556 ) ;
#2965 = CARTESIAN_POINT ( 'NONE',  ( 0.000000000000000000, 0.000000000000000000, -3.000000000000000000 ) ) ;
#2966 = FACE_OUTER_BOUND ( 'NONE', #2002, .T. ) ;
#2967 = ORIENTED_EDGE ( 'NONE', *, *, #273, .F. ) ;
#2968 = EDGE_CURVE ( 'NONE', #3423, #2529, #2797, .T. ) ;
#2969 = VECTOR ( 'NONE', #3295, 1000.000000000000000 ) ;
#2970 = DIRECTION ( 'NONE',  ( 0.000000000000000000, 0.000000000000000000, -1.000000000000000000 ) ) ;
#2971 = CARTESIAN_POINT ( 'NONE',  ( -18.14999999999998082, 65.02664611367345060, -3.000000000000000000 ) ) ;
#2972 = ADVANCED_FACE ( 'NONE', ( #3701 ), #3377, .F. ) ;
#2973 = CARTESIAN_POINT ( 'NONE',  ( 26.99999999999999645, 80.94670777265299932, -1.000000000000000000 ) ) ;
#2974 = AXIS2_PLACEMENT_3D ( 'NONE', #3549, #3806, #1068 ) ;
#2975 = LINE ( 'NONE', #1101, #3557 ) ;
#2976 = DIRECTION ( 'NONE',  ( -1.163534038764931419E-16, 1.000000000000000000, 0.000000000000000000 ) ) ;
#2977 = ORIENTED_EDGE ( 'NONE', *, *, #273, .T. ) ;
#2978 = VECTOR ( 'NONE', #229, 1000.000000000000000 ) ;
#2979 = CARTESIAN_POINT ( 'NONE',  ( -7.849999999999996092, 110.0266461136734506, 0.000000000000000000 ) ) ;
#2980 = DIRECTION ( 'NONE',  ( 0.000000000000000000, -0.7071067811865475727, -0.7071067811865475727 ) ) ;
#2981 = ORIENTED_EDGE ( 'NONE', *, *, #1559, .T. ) ;
#2982 = VECTOR ( 'NONE', #3456, 1000.000000000000114 ) ;
#2983 = EDGE_CURVE ( 'NONE', #1367, #3110, #561, .T. ) ;
#2984 = CARTESIAN_POINT ( 'NONE',  ( 92.09999999999999432, -80.00000000000001421, 4.000000000000010658 ) ) ;
#2985 = FACE_OUTER_BOUND ( 'NONE', #1648, .T. ) ;
#2986 = PLANE ( 'NONE',  #3170 ) ;
#2987 = VERTEX_POINT ( 'NONE', #1223 ) ;
#2988 = CARTESIAN_POINT ( 'NONE',  ( 25.50000000000001421, 25.49999999999998579, -6.000000000000000000 ) ) ;
#2989 = CARTESIAN_POINT ( 'NONE',  ( -7.849999999999996092, 115.9733538863265920, -3.000000000000000000 ) ) ;
#2990 = VERTEX_POINT ( 'NONE', #640 ) ;
#2991 = CARTESIAN_POINT ( 'NONE',  ( -13.25000000000000178, -80.00000000000001421, 13.24999999999994849 ) ) ;
#2992 = CARTESIAN_POINT ( 'NONE',  ( 27.50000000000003553, 68.65803263805835854, -1.000000000000000000 ) ) ;
#2993 = EDGE_CURVE ( 'NONE', #3935, #84, #3019, .T. ) ;
#2994 = CARTESIAN_POINT ( 'NONE',  ( 27.50000000000003553, 68.65803263805835854, -1.000000000000000000 ) ) ;
#2995 = DIRECTION ( 'NONE',  ( -0.000000000000000000, -0.000000000000000000, -1.000000000000000000 ) ) ;
#2996 = EDGE_CURVE ( 'NONE', #2017, #144, #1857, .T. ) ;
#2997 = ORIENTED_EDGE ( 'NONE', *, *, #702, .T. ) ;
#2998 = LINE ( 'NONE', #3712, #3643 ) ;
#2999 = CYLINDRICAL_SURFACE ( 'NONE', #2802, 3.250000000000002665 ) ;
#3000 = AXIS2_PLACEMENT_3D ( 'NONE', #1323, #2896, #112 ) ;
#3001 = ORIENTED_EDGE ( 'NONE', *, *, #1332, .F. ) ;
#3002 = AXIS2_PLACEMENT_3D ( 'NONE', #1470, #2635, #1688 ) ;
#3003 = DIRECTION ( 'NONE',  ( -1.000000000000000000, 0.000000000000000000, 0.000000000000000000 ) ) ;
#3004 = LINE ( 'NONE', #3832, #683 ) ;
#3005 = CARTESIAN_POINT ( 'NONE',  ( 1.928203230275607361, -68.07179676972441484, -6.000000000000000000 ) ) ;
#3006 = AXIS2_PLACEMENT_3D ( 'NONE', #712, #3457, #3775 ) ;
#3007 = EDGE_CURVE ( 'NONE', #928, #3908, #329, .T. ) ;
#3008 = EDGE_LOOP ( 'NONE', ( #3860, #1587, #2888, #1717 ) ) ;
#3009 = DIRECTION ( 'NONE',  ( -1.000000000000000000, 0.000000000000000000, 0.000000000000000000 ) ) ;
#3010 = DIRECTION ( 'NONE',  ( -0.000000000000000000, -0.000000000000000000, -1.000000000000000000 ) ) ;
#3011 = CARTESIAN_POINT ( 'NONE',  ( -12.99999999999998046, 73.94670777265318407, 0.000000000000000000 ) ) ;
#3012 = CARTESIAN_POINT ( 'NONE',  ( 31.21320343559665034, 84.99999999999985789, 0.000000000000000000 ) ) ;
#3013 = CARTESIAN_POINT ( 'NONE',  ( 91.50000000000000000, -80.00000000000001421, 0.000000000000000000 ) ) ;
#3014 = EDGE_CURVE ( 'NONE', #3563, #2919, #3888, .T. ) ;
#3015 = DIRECTION ( 'NONE',  ( 0.000000000000000000, 0.000000000000000000, 1.000000000000000000 ) ) ;
#3016 = DIRECTION ( 'NONE',  ( -0.000000000000000000, -1.000000000000000000, 0.000000000000000000 ) ) ;
#3017 = EDGE_CURVE ( 'NONE', #1555, #3592, #596, .T. ) ;
#3018 = FACE_BOUND ( 'NONE', #2161, .T. ) ;
#3019 = LINE ( 'NONE', #2734, #3437 ) ;
#3020 = VECTOR ( 'NONE', #3506, 1000.000000000000000 ) ;
#3021 = DIRECTION ( 'NONE',  ( 9.912705577010325549E-17, 0.000000000000000000, 1.000000000000000000 ) ) ;
#3022 = VERTEX_POINT ( 'NONE', #2773 ) ;
#3023 = LINE ( 'NONE', #1786, #261 ) ;
#3024 = VECTOR ( 'NONE', #602, 1000.000000000000000 ) ;
#3025 = DIRECTION ( 'NONE',  ( -1.000000000000000000, 0.000000000000000000, 0.000000000000000000 ) ) ;
#3026 = CARTESIAN_POINT ( 'NONE',  ( 27.00000000000001066, 61.00000000000003553, -6.000000000000000000 ) ) ;
#3027 = DIRECTION ( 'NONE',  ( 1.000000000000000000, 0.000000000000000000, 0.000000000000000000 ) ) ;
#3028 = ADVANCED_FACE ( 'NONE', ( #1260 ), #2463, .F. ) ;
#3029 = DIRECTION ( 'NONE',  ( 0.6666666666666706265, -0.6666666666666635210, 0.3333333333333317605 ) ) ;
#3030 = AXIS2_PLACEMENT_3D ( 'NONE', #3577, #876, #3861 ) ;
#3031 = VECTOR ( 'NONE', #3114, 1000.000000000000000 ) ;
#3032 = DIRECTION ( 'NONE',  ( -8.577124726708580637E-17, 1.000000000000000000, 0.000000000000000000 ) ) ;
#3033 = ORIENTED_EDGE ( 'NONE', *, *, #3017, .F. ) ;
#3034 = DIRECTION ( 'NONE',  ( -0.000000000000000000, -0.000000000000000000, 1.000000000000000000 ) ) ;
#3035 = CARTESIAN_POINT ( 'NONE',  ( -16.24999999999998579, 68.00000000000002842, -3.000000000000000000 ) ) ;
#3036 = EDGE_CURVE ( 'NONE', #375, #1598, #1389, .T. ) ;
#3037 = CARTESIAN_POINT ( 'NONE',  ( 71.69999999999990337, -80.00000000000001421, 24.40000000000003766 ) ) ;
#3038 = ORIENTED_EDGE ( 'NONE', *, *, #2153, .T. ) ;
#3039 = VECTOR ( 'NONE', #3925, 1000.000000000000227 ) ;
#3040 = LINE ( 'NONE', #2430, #1288 ) ;
#3041 = DIRECTION ( 'NONE',  ( -0.000000000000000000, -1.000000000000000000, 0.000000000000000000 ) ) ;
#3042 = CYLINDRICAL_SURFACE ( 'NONE', #1909, 12.84999999999998721 ) ;
#3043 = VERTEX_POINT ( 'NONE', #309 ) ;
#3044 = CARTESIAN_POINT ( 'NONE',  ( 3.299999999999997158, 121.0000000000000426, 0.000000000000000000 ) ) ;
#3045 = EDGE_CURVE ( 'NONE', #3914, #983, #3624, .T. ) ;
#3046 = EDGE_LOOP ( 'NONE', ( #1035, #2878, #3827, #3835 ) ) ;
#3047 = DIRECTION ( 'NONE',  ( -0.8660254037844385966, 0.5000000000000001110, 0.000000000000000000 ) ) ;
#3048 = CARTESIAN_POINT ( 'NONE',  ( -14.60000000000001563, -87.30000000000001137, -2.100000000000015188 ) ) ;
#3049 = ORIENTED_EDGE ( 'NONE', *, *, #1720, .F. ) ;
#3050 = FACE_OUTER_BOUND ( 'NONE', #20, .T. ) ;
#3051 = EDGE_CURVE ( 'NONE', #769, #1830, #1460, .T. ) ;
#3052 = CARTESIAN_POINT ( 'NONE',  ( -12.99999999999999112, 107.0532922273468870, -3.000000000000000000 ) ) ;
#3053 = ADVANCED_FACE ( 'NONE', ( #1527 ), #1813, .F. ) ;
#3054 = EDGE_LOOP ( 'NONE', ( #448, #3850, #320, #3084 ) ) ;
#3055 = VECTOR ( 'NONE', #837, 1000.000000000000000 ) ;
#3056 = EDGE_CURVE ( 'NONE', #1097, #2069, #3968, .T. ) ;
#3057 = DIRECTION ( 'NONE',  ( -1.163534038764931419E-16, 1.000000000000000000, 0.000000000000000000 ) ) ;
#3058 = EDGE_CURVE ( 'NONE', #1053, #3653, #3682, .T. ) ;
#3059 = ORIENTED_EDGE ( 'NONE', *, *, #3347, .T. ) ;
#3060 = DIRECTION ( 'NONE',  ( 0.000000000000000000, 0.000000000000000000, 1.000000000000000000 ) ) ;
#3061 = DIRECTION ( 'NONE',  ( -0.000000000000000000, -0.000000000000000000, 1.000000000000000000 ) ) ;
#3062 = AXIS2_PLACEMENT_3D ( 'NONE', #176, #1429, #3871 ) ;
#3063 = DIRECTION ( 'NONE',  ( -1.000000000000000000, 0.000000000000000000, 0.000000000000000000 ) ) ;
#3064 = VECTOR ( 'NONE', #3867, 1000.000000000000000 ) ;
#3065 = CARTESIAN_POINT ( 'NONE',  ( -18.15000000000000568, 115.9733538863265636, -3.000000000000000000 ) ) ;
#3066 = EDGE_LOOP ( 'NONE', ( #2930, #1569, #1705 ) ) ;
#3067 = CARTESIAN_POINT ( 'NONE',  ( 7.999999999999996447, 33.40000000000002700, -29.19999999999999929 ) ) ;
#3068 = VECTOR ( 'NONE', #3061, 1000.000000000000000 ) ;
#3069 = ORIENTED_EDGE ( 'NONE', *, *, #1089, .T. ) ;
#3070 = PLANE ( 'NONE',  #952 ) ;
#3071 = CARTESIAN_POINT ( 'NONE',  ( -12.99999999999999112, 107.0532922273468870, -3.000000000000000000 ) ) ;
#3072 = ORIENTED_EDGE ( 'NONE', *, *, #1051, .T. ) ;
#3073 = DIRECTION ( 'NONE',  ( -0.000000000000000000, -0.000000000000000000, 1.000000000000000000 ) ) ;
#3074 = DIRECTION ( 'NONE',  ( 0.000000000000000000, 1.000000000000000000, 0.000000000000000000 ) ) ;
#3075 = DIRECTION ( 'NONE',  ( 0.8660254037844392627, -0.4999999999999990008, 0.000000000000000000 ) ) ;
#3076 = ORIENTED_EDGE ( 'NONE', *, *, #3868, .T. ) ;
#3077 = DIRECTION ( 'NONE',  ( -0.000000000000000000, -1.000000000000000000, 0.000000000000000000 ) ) ;
#3078 = ORIENTED_EDGE ( 'NONE', *, *, #1464, .F. ) ;
#3079 = DIRECTION ( 'NONE',  ( 1.000000000000000000, 0.000000000000000000, 0.000000000000000000 ) ) ;
#3080 = AXIS2_PLACEMENT_3D ( 'NONE', #2864, #438, #1990 ) ;
#3081 = DIRECTION ( 'NONE',  ( 0.8660254037844382635, -0.5000000000000004441, 0.000000000000000000 ) ) ;
#3082 = ADVANCED_FACE ( 'NONE', ( #659 ), #1066, .F. ) ;
#3083 = DIRECTION ( 'NONE',  ( 0.000000000000000000, 0.000000000000000000, -1.000000000000000000 ) ) ;
#3084 = ORIENTED_EDGE ( 'NONE', *, *, #505, .T. ) ;
#3085 = ORIENTED_EDGE ( 'NONE', *, *, #3448, .T. ) ;
#3086 = LINE ( 'NONE', #104, #1964 ) ;
#3087 = ORIENTED_EDGE ( 'NONE', *, *, #2207, .T. ) ;
#3088 = ORIENTED_EDGE ( 'NONE', *, *, #3113, .T. ) ;
#3089 = CARTESIAN_POINT ( 'NONE',  ( 38.00000000000001421, -75.00000000000000000, 25.00000000000002132 ) ) ;
#3090 = VECTOR ( 'NONE', #1187, 1000.000000000000000 ) ;
#3091 = DIRECTION ( 'NONE',  ( 0.000000000000000000, 1.000000000000000000, 0.000000000000000000 ) ) ;
#3092 = AXIS2_PLACEMENT_3D ( 'NONE', #1941, #992, #1349 ) ;
#3093 = PLANE ( 'NONE',  #3232 ) ;
#3094 = DIRECTION ( 'NONE',  ( 0.000000000000000000, -0.7071067811865512365, -0.7071067811865439090 ) ) ;
#3095 = EDGE_CURVE ( 'NONE', #2857, #1000, #94, .T. ) ;
#3096 = ORIENTED_EDGE ( 'NONE', *, *, #1468, .T. ) ;
#3097 = EDGE_CURVE ( 'NONE', #192, #456, #741, .T. ) ;
#3098 = CARTESIAN_POINT ( 'NONE',  ( 38.00000000000000711, -28.23340756724423883, 1.616703783622136514 ) ) ;
#3099 = ORIENTED_EDGE ( 'NONE', *, *, #3613, .F. ) ;
#3100 = CARTESIAN_POINT ( 'NONE',  ( -17.50000000000000355, 116.0000000000000284, 0.000000000000000000 ) ) ;
#3101 = EDGE_CURVE ( 'NONE', #3432, #475, #1956, .T. ) ;
#3102 = ORIENTED_EDGE ( 'NONE', *, *, #64, .T. ) ;
#3103 = CARTESIAN_POINT ( 'NONE',  ( 12.50000000000001776, 90.65803263805835854, 0.000000000000000000 ) ) ;
#3104 = PLANE ( 'NONE',  #2827 ) ;
#3105 = EDGE_LOOP ( 'NONE', ( #1722, #780, #1369, #3247 ) ) ;
#3106 = EDGE_CURVE ( 'NONE', #2284, #1763, #2220, .T. ) ;
#3107 =( NAMED_UNIT ( * ) PLANE_ANGLE_UNIT ( ) SI_UNIT ( $, .RADIAN. ) );
#3108 = ORIENTED_EDGE ( 'NONE', *, *, #342, .T. ) ;
#3109 = LINE ( 'NONE', #1558, #2421 ) ;
#3110 = VERTEX_POINT ( 'NONE', #3414 ) ;
#3111 = ADVANCED_FACE ( 'NONE', ( #70 ), #3156, .F. ) ;
#3112 = LINE ( 'NONE', #341, #3384 ) ;
#3113 = EDGE_CURVE ( 'NONE', #90, #1870, #3199, .T. ) ;
#3114 = DIRECTION ( 'NONE',  ( -0.000000000000000000, -0.000000000000000000, 1.000000000000000000 ) ) ;
#3115 = CARTESIAN_POINT ( 'NONE',  ( 76.72542584212146721, -75.00000000000000000, 169.8835189181103544 ) ) ;
#3116 = ORIENTED_EDGE ( 'NONE', *, *, #1748, .F. ) ;
#3117 = DIRECTION ( 'NONE',  ( 0.8660254037844378194, 0.5000000000000014433, 0.000000000000000000 ) ) ;
#3118 = DIRECTION ( 'NONE',  ( 0.000000000000000000, 0.000000000000000000, -1.000000000000000000 ) ) ;
#3119 = VERTEX_POINT ( 'NONE', #3724 ) ;
#3120 = CARTESIAN_POINT ( 'NONE',  ( -13.00000000000000000, 113.0000000000000284, -6.000000000000000000 ) ) ;
#3121 = ORIENTED_EDGE ( 'NONE', *, *, #3464, .F. ) ;
#3122 = CIRCLE ( 'NONE', #2210, 3.250000000000001332 ) ;
#3123 = PLANE ( 'NONE',  #1211 ) ;
#3124 = LINE ( 'NONE', #3616, #570 ) ;
#3125 = VECTOR ( 'NONE', #2042, 1000.000000000000000 ) ;
#3126 = ORIENTED_EDGE ( 'NONE', *, *, #416, .F. ) ;
#3127 = CARTESIAN_POINT ( 'NONE',  ( 0.000000000000000000, 58.00000000000003553, -6.000000000000000000 ) ) ;
#3128 = AXIS2_PLACEMENT_3D ( 'NONE', #2932, #215, #2954 ) ;
#3129 = ORIENTED_EDGE ( 'NONE', *, *, #3621, .F. ) ;
#3130 = FACE_OUTER_BOUND ( 'NONE', #3473, .T. ) ;
#3131 = CARTESIAN_POINT ( 'NONE',  ( 43.00000000000000000, -24.99999999999999645, -6.000000000000000000 ) ) ;
#3132 = EDGE_LOOP ( 'NONE', ( #1326, #3719, #2761, #1548, #1302, #894 ) ) ;
#3133 = PLANE ( 'NONE',  #3859 ) ;
#3134 = ADVANCED_FACE ( 'NONE', ( #703 ), #1346, .F. ) ;
#3135 = CARTESIAN_POINT ( 'NONE',  ( 16.00000000000007816, -75.00000000000001421, 25.00000000000000000 ) ) ;
#3136 = ORIENTED_EDGE ( 'NONE', *, *, #3164, .F. ) ;
#3137 = VECTOR ( 'NONE', #587, 1000.000000000000000 ) ;
#3138 = CARTESIAN_POINT ( 'NONE',  ( 7.849999999999997868, 32.02664611367345771, -3.000000000000000000 ) ) ;
#3139 = DIRECTION ( 'NONE',  ( 0.000000000000000000, -1.000000000000000000, 0.000000000000000000 ) ) ;
#3140 = ORIENTED_EDGE ( 'NONE', *, *, #723, .F. ) ;
#3141 = DIRECTION ( 'NONE',  ( 1.000000000000000000, 0.000000000000000000, 0.000000000000000000 ) ) ;
#3142 = LINE ( 'NONE', #3732, #3362 ) ;
#3143 = CARTESIAN_POINT ( 'NONE',  ( 43.00000000000000000, 55.89999999999984936, -6.000000000000000000 ) ) ;
#3144 = ORIENTED_EDGE ( 'NONE', *, *, #1839, .T. ) ;
#3145 = DIRECTION ( 'NONE',  ( -0.000000000000000000, -1.000000000000000000, 0.000000000000000000 ) ) ;
#3146 = VECTOR ( 'NONE', #958, 1000.000000000000000 ) ;
#3147 = EDGE_CURVE ( 'NONE', #3785, #2606, #2594, .T. ) ;
#3148 = VERTEX_POINT ( 'NONE', #3135 ) ;
#3149 = DIRECTION ( 'NONE',  ( 0.000000000000000000, -1.000000000000000000, 0.000000000000000000 ) ) ;
#3150 = ORIENTED_EDGE ( 'NONE', *, *, #1454, .T. ) ;
#3151 = DIRECTION ( 'NONE',  ( 0.5000000000000009992, -0.8660254037844380415, 0.000000000000000000 ) ) ;
#3152 = LINE ( 'NONE', #1617, #3865 ) ;
#3153 = EDGE_LOOP ( 'NONE', ( #373, #305, #675, #1879, #1352, #2217 ) ) ;
#3154 = VECTOR ( 'NONE', #2882, 1000.000000000000000 ) ;
#3155 = CARTESIAN_POINT ( 'NONE',  ( -18.15000000000000568, 110.0266461136734648, -3.000000000000000000 ) ) ;
#3156 = PLANE ( 'NONE',  #3497 ) ;
#3157 = VERTEX_POINT ( 'NONE', #1663 ) ;
#3158 = EDGE_CURVE ( 'NONE', #1513, #2831, #3945, .T. ) ;
#3159 = VECTOR ( 'NONE', #3475, 1000.000000000000000 ) ;
#3160 = ORIENTED_EDGE ( 'NONE', *, *, #2968, .F. ) ;
#3161 = DIRECTION ( 'NONE',  ( -0.5591929034707483481, 0.8290375725550407360, 0.000000000000000000 ) ) ;
#3162 = FACE_OUTER_BOUND ( 'NONE', #3636, .T. ) ;
#3163 = VECTOR ( 'NONE', #813, 1000.000000000000114 ) ;
#3164 = EDGE_CURVE ( 'NONE', #1000, #1283, #1878, .T. ) ;
#3165 = ORIENTED_EDGE ( 'NONE', *, *, #3051, .F. ) ;
#3166 = AXIS2_PLACEMENT_3D ( 'NONE', #1145, #2359, #3063 ) ;
#3167 = DIRECTION ( 'NONE',  ( 0.000000000000000000, 0.000000000000000000, -1.000000000000000000 ) ) ;
#3168 = VERTEX_POINT ( 'NONE', #1029 ) ;
#3169 = CARTESIAN_POINT ( 'NONE',  ( 12.00000000000000355, 88.94670777265318407, -3.000000000000000000 ) ) ;
#3170 = AXIS2_PLACEMENT_3D ( 'NONE', #891, #2099, #910 ) ;
#3171 = EDGE_LOOP ( 'NONE', ( #143, #21, #2629, #2286 ) ) ;
#3172 = LINE ( 'NONE', #759, #1078 ) ;
#3173 = CARTESIAN_POINT ( 'NONE',  ( -18.14999999999998082, 65.02664611367345060, 0.000000000000000000 ) ) ;
#3174 = EDGE_LOOP ( 'NONE', ( #2821, #1730, #982, #3129 ) ) ;
#3175 = ORIENTED_EDGE ( 'NONE', *, *, #16, .F. ) ;
#3176 = VERTEX_POINT ( 'NONE', #133 ) ;
#3177 = CARTESIAN_POINT ( 'NONE',  ( 71.09999999999993747, -79.40000000000004832, 25.00000000000000000 ) ) ;
#3178 = DIRECTION ( 'NONE',  ( -1.000000000000000000, 3.812579068080894480E-16, 0.000000000000000000 ) ) ;
#3179 = ORIENTED_EDGE ( 'NONE', *, *, #1138, .T. ) ;
#3180 = EDGE_CURVE ( 'NONE', #3741, #114, #3784, .T. ) ;
#3181 = FACE_OUTER_BOUND ( 'NONE', #3046, .T. ) ;
#3182 = DIRECTION ( 'NONE',  ( -1.000000000000000000, 0.000000000000000000, 0.000000000000000000 ) ) ;
#3183 = EDGE_LOOP ( 'NONE', ( #1079, #1011, #2676, #3511 ) ) ;
#3184 = CARTESIAN_POINT ( 'NONE',  ( 85.09999999999998010, -68.63603896932107773, -2.999999999999995559 ) ) ;
#3185 = EDGE_CURVE ( 'NONE', #3787, #3415, #346, .T. ) ;
#3186 = ORIENTED_EDGE ( 'NONE', *, *, #3036, .T. ) ;
#3187 = DIRECTION ( 'NONE',  ( 0.8660254037844383745, 0.5000000000000004441, 0.000000000000000000 ) ) ;
#3188 = CARTESIAN_POINT ( 'NONE',  ( 2.999999999999995115, 48.00000000000002132, 0.000000000000000000 ) ) ;
#3189 = EDGE_CURVE ( 'NONE', #1830, #769, #3122, .T. ) ;
#3190 = AXIS2_PLACEMENT_3D ( 'NONE', #272, #1511, #2117 ) ;
#3191 = AXIS2_PLACEMENT_3D ( 'NONE', #2133, #2720, #1185 ) ;
#3192 = ORIENTED_EDGE ( 'NONE', *, *, #835, .T. ) ;
#3193 = CARTESIAN_POINT ( 'NONE',  ( 0.000000000000000000, 0.000000000000000000, -1.000000000000000000 ) ) ;
#3194 = DIRECTION ( 'NONE',  ( -1.000000000000000000, 0.000000000000000000, 0.000000000000000000 ) ) ;
#3195 = VECTOR ( 'NONE', #737, 1000.000000000000000 ) ;
#3196 = ORIENTED_EDGE ( 'NONE', *, *, #1365, .T. ) ;
#3197 = EDGE_LOOP ( 'NONE', ( #1280, #1436 ) ) ;
#3198 = DIRECTION ( 'NONE',  ( -0.7071067811865460184, -0.7071067811865490160, 0.000000000000000000 ) ) ;
#3199 = LINE ( 'NONE', #2241, #2469 ) ;
#3200 = AXIS2_PLACEMENT_3D ( 'NONE', #2870, #403, #2300 ) ;
#3201 = VERTEX_POINT ( 'NONE', #3452 ) ;
#3202 = VERTEX_POINT ( 'NONE', #1049 ) ;
#3203 = EDGE_CURVE ( 'NONE', #76, #3703, #2813, .T. ) ;
#3204 = LINE ( 'NONE', #686, #1927 ) ;
#3205 = CARTESIAN_POINT ( 'NONE',  ( 6.849999999999994316, 85.97335388632657782, -3.000000000000000000 ) ) ;
#3206 = ORIENTED_EDGE ( 'NONE', *, *, #3556, .T. ) ;
#3207 = CARTESIAN_POINT ( 'NONE',  ( 7.849999999999997868, 37.97335388632660624, -3.000000000000000000 ) ) ;
#3208 = ORIENTED_EDGE ( 'NONE', *, *, #667, .T. ) ;
#3209 = FACE_OUTER_BOUND ( 'NONE', #1237, .T. ) ;
#3210 = EDGE_CURVE ( 'NONE', #1626, #150, #1623, .T. ) ;
#3211 = ORIENTED_EDGE ( 'NONE', *, *, #3633, .T. ) ;
#3212 = CYLINDRICAL_SURFACE ( 'NONE', #1524, 2.249999999999995115 ) ;
#3213 = VECTOR ( 'NONE', #1500, 1000.000000000000000 ) ;
#3214 = CARTESIAN_POINT ( 'NONE',  ( 51.00000000000007105, -75.00000000000001421, 0.000000000000000000 ) ) ;
#3215 = VERTEX_POINT ( 'NONE', #1704 ) ;
#3216 = ORIENTED_EDGE ( 'NONE', *, *, #1093, .T. ) ;
#3217 = AXIS2_PLACEMENT_3D ( 'NONE', #1266, #1532, #2779 ) ;
#3218 = ORIENTED_EDGE ( 'NONE', *, *, #1336, .F. ) ;
#3219 = FACE_BOUND ( 'NONE', #3586, .T. ) ;
#3220 = VERTEX_POINT ( 'NONE', #454 ) ;
#3221 = ORIENTED_EDGE ( 'NONE', *, *, #2204, .F. ) ;
#3222 = CYLINDRICAL_SURFACE ( 'NONE', #1255, 3.250000000000001332 ) ;
#3223 = VERTEX_POINT ( 'NONE', #2023 ) ;
#3224 = CARTESIAN_POINT ( 'NONE',  ( 91.50000000000000000, -80.00000000000001421, -10.00000000000000000 ) ) ;
#3225 = AXIS2_PLACEMENT_3D ( 'NONE', #3184, #3516, #1693 ) ;
#3226 = DIRECTION ( 'NONE',  ( 0.000000000000000000, 0.000000000000000000, 1.000000000000000000 ) ) ;
#3227 = EDGE_CURVE ( 'NONE', #2778, #139, #516, .T. ) ;
#3228 = CIRCLE ( 'NONE', #3923, 3.250000000000009770 ) ;
#3229 = EDGE_CURVE ( 'NONE', #1474, #3833, #685, .T. ) ;
#3230 = ORIENTED_EDGE ( 'NONE', *, *, #249, .T. ) ;
#3231 = FACE_OUTER_BOUND ( 'NONE', #2642, .T. ) ;
#3232 = AXIS2_PLACEMENT_3D ( 'NONE', #638, #1855, #2388 ) ;
#3233 = CARTESIAN_POINT ( 'NONE',  ( 2.999999999999995115, 48.00000000000002132, 0.000000000000000000 ) ) ;
#3234 = ADVANCED_FACE ( 'NONE', ( #2615 ), #2999, .F. ) ;
#3235 = CARTESIAN_POINT ( 'NONE',  ( 27.00000000000001066, 61.00000000000003553, -6.000000000000000000 ) ) ;
#3236 = ORIENTED_EDGE ( 'NONE', *, *, #2182, .F. ) ;
#3237 = DIRECTION ( 'NONE',  ( -0.000000000000000000, 1.000000000000000000, -0.000000000000000000 ) ) ;
#3238 = ADVANCED_FACE ( 'NONE', ( #1108 ), #3222, .F. ) ;
#3239 = VERTEX_POINT ( 'NONE', #790 ) ;
#3240 = LINE ( 'NONE', #3444, #1003 ) ;
#3241 = ADVANCED_FACE ( 'NONE', ( #199 ), #234, .F. ) ;
#3242 = PLANE ( 'NONE',  #2473 ) ;
#3243 = VECTOR ( 'NONE', #1481, 1000.000000000000000 ) ;
#3244 = EDGE_LOOP ( 'NONE', ( #1953, #2336, #1886, #2847 ) ) ;
#3245 = EDGE_CURVE ( 'NONE', #3043, #991, #3565, .T. ) ;
#3246 = CARTESIAN_POINT ( 'NONE',  ( 0.000000000000000000, -80.00000000000001421, 0.000000000000000000 ) ) ;
#3247 = ORIENTED_EDGE ( 'NONE', *, *, #3227, .T. ) ;
#3248 = DIRECTION ( 'NONE',  ( -0.000000000000000000, -0.000000000000000000, 1.000000000000000000 ) ) ;
#3249 = ORIENTED_EDGE ( 'NONE', *, *, #1472, .T. ) ;
#3250 = LINE ( 'NONE', #2943, #63 ) ;
#3251 = LINE ( 'NONE', #2351, #945 ) ;
#3252 = EDGE_LOOP ( 'NONE', ( #2305, #828, #2246, #1225 ) ) ;
#3253 = LINE ( 'NONE', #3810, #1040 ) ;
#3254 = EDGE_CURVE ( 'NONE', #2411, #2788, #1129, .T. ) ;
#3255 = LINE ( 'NONE', #223, #2508 ) ;
#3256 = CARTESIAN_POINT ( 'NONE',  ( 21.85000000000000497, 72.02664611367329428, -3.000000000000000000 ) ) ;
#3257 = PLANE ( 'NONE',  #909 ) ;
#3258 = VECTOR ( 'NONE', #107, 1000.000000000000000 ) ;
#3259 = LINE ( 'NONE', #530, #2522 ) ;
#3260 = DIRECTION ( 'NONE',  ( -0.8660254037844383745, -0.5000000000000004441, -0.000000000000000000 ) ) ;
#3261 = CARTESIAN_POINT ( 'NONE',  ( -12.99999999999997868, 118.9467077726531556, -3.000000000000000000 ) ) ;
#3262 = VERTEX_POINT ( 'NONE', #2327 ) ;
#3263 = EDGE_LOOP ( 'NONE', ( #3710, #2775, #1853, #1347 ) ) ;
#3264 = DIRECTION ( 'NONE',  ( -0.8660254037844381525, -0.5000000000000007772, -0.000000000000000000 ) ) ;
#3265 = PRODUCT_DEFINITION_FORMATION_WITH_SPECIFIED_SOURCE ( 'ANY', '', #1312, .NOT_KNOWN. ) ;
#3266 = EDGE_CURVE ( 'NONE', #3589, #634, #2282, .T. ) ;
#3267 = VECTOR ( 'NONE', #1339, 1000.000000000000000 ) ;
#3268 = CARTESIAN_POINT ( 'NONE',  ( 27.00000000000000711, 55.05329222734687988, 0.000000000000000000 ) ) ;
#3269 = LINE ( 'NONE', #2922, #3560 ) ;
#3270 = FACE_OUTER_BOUND ( 'NONE', #806, .T. ) ;
#3271 = ORIENTED_EDGE ( 'NONE', *, *, #1676, .T. ) ;
#3272 = DIRECTION ( 'NONE',  ( 1.000000000000000000, 0.000000000000000000, -0.000000000000000000 ) ) ;
#3273 = LINE ( 'NONE', #2971, #310 ) ;
#3274 = LINE ( 'NONE', #1463, #1821 ) ;
#3275 = LINE ( 'NONE', #2631, #2035 ) ;
#3276 = CARTESIAN_POINT ( 'NONE',  ( 76.72542584212146721, -68.07179676972441484, -6.000000000000000000 ) ) ;
#3277 = EDGE_CURVE ( 'NONE', #2947, #2017, #1449, .T. ) ;
#3278 = CARTESIAN_POINT ( 'NONE',  ( 83.50000000000000000, 73.74999999999985789, -42.34528855298850658 ) ) ;
#3279 = DIRECTION ( 'NONE',  ( -0.000000000000000000, 1.000000000000000000, -0.000000000000000000 ) ) ;
#3280 = VERTEX_POINT ( 'NONE', #498 ) ;
#3281 = CIRCLE ( 'NONE', #194, 3.250000000000002665 ) ;
#3282 = ORIENTED_EDGE ( 'NONE', *, *, #3518, .F. ) ;
#3283 = ORIENTED_EDGE ( 'NONE', *, *, #1216, .T. ) ;
#3284 = FACE_OUTER_BOUND ( 'NONE', #277, .T. ) ;
#3285 = ADVANCED_FACE ( 'NONE', ( #2063 ), #3526, .T. ) ;
#3286 = LINE ( 'NONE', #2366, #3815 ) ;
#3287 = SHAPE_DEFINITION_REPRESENTATION ( #91, #2902 ) ;
#3288 = CARTESIAN_POINT ( 'NONE',  ( 6.849999999999994316, 85.97335388632657782, 0.000000000000000000 ) ) ;
#3289 = ORIENTED_EDGE ( 'NONE', *, *, #3705, .T. ) ;
#3290 = CARTESIAN_POINT ( 'NONE',  ( 8.000000000000010658, -75.00000000000000000, 25.00000000000001776 ) ) ;
#3291 = VECTOR ( 'NONE', #1769, 1000.000000000000000 ) ;
#3292 = ADVANCED_FACE ( 'NONE', ( #2677 ), #3828, .F. ) ;
#3293 = DIRECTION ( 'NONE',  ( -0.000000000000000000, -0.000000000000000000, -1.000000000000000000 ) ) ;
#3294 = DIRECTION ( 'NONE',  ( 0.000000000000000000, 0.000000000000000000, -1.000000000000000000 ) ) ;
#3295 = DIRECTION ( 'NONE',  ( 0.000000000000000000, 1.000000000000000000, -0.000000000000000000 ) ) ;
#3296 = AXIS2_PLACEMENT_3D ( 'NONE', #2860, #3139, #1281 ) ;
#3297 = DIRECTION ( 'NONE',  ( 1.040696481925304843E-16, -0.8944271909999158554, 0.4472135954999578722 ) ) ;
#3298 = CARTESIAN_POINT ( 'NONE',  ( 47.99999999999998579, 60.89999999999986358, 0.000000000000000000 ) ) ;
#3299 = VERTEX_POINT ( 'NONE', #765 ) ;
#3300 = FACE_OUTER_BOUND ( 'NONE', #2465, .T. ) ;
#3301 = CARTESIAN_POINT ( 'NONE',  ( 38.00000000000000711, -28.23340756724423883, 1.616703783622136514 ) ) ;
#3302 = AXIS2_PLACEMENT_3D ( 'NONE', #1928, #2908, #3187 ) ;
#3303 = EDGE_CURVE ( 'NONE', #2907, #2678, #2347, .T. ) ;
#3304 = CARTESIAN_POINT ( 'NONE',  ( 27.00000000000000355, 74.99999999999984368, -6.000000000000000000 ) ) ;
#3305 = FACE_OUTER_BOUND ( 'NONE', #672, .T. ) ;
#3306 = CARTESIAN_POINT ( 'NONE',  ( 26.99999999999999645, 80.94670777265299932, -3.000000000000000000 ) ) ;
#3307 = ORIENTED_EDGE ( 'NONE', *, *, #3960, .F. ) ;
#3308 = EDGE_CURVE ( 'NONE', #2525, #631, #536, .T. ) ;
#3309 = DIRECTION ( 'NONE',  ( 1.000000000000000000, 0.000000000000000000, -0.000000000000000000 ) ) ;
#3310 = CARTESIAN_POINT ( 'NONE',  ( 12.00000000000000178, 83.00000000000002842, -3.000000000000000000 ) ) ;
#3311 = LINE ( 'NONE', #3598, #1350 ) ;
#3312 = ADVANCED_FACE ( 'NONE', ( #1762 ), #1977, .F. ) ;
#3313 = LINE ( 'NONE', #1718, #3039 ) ;
#3314 = EDGE_CURVE ( 'NONE', #2919, #3563, #1141, .T. ) ;
#3315 = CARTESIAN_POINT ( 'NONE',  ( 8.000000000000007105, -67.00000000000002842, 0.000000000000000000 ) ) ;
#3316 = ORIENTED_EDGE ( 'NONE', *, *, #2025, .F. ) ;
#3317 = CARTESIAN_POINT ( 'NONE',  ( 16.00000000000007461, -75.00000000000001421, 0.000000000000000000 ) ) ;
#3318 = CARTESIAN_POINT ( 'NONE',  ( 12.50000000000001776, 88.65803263805835854, -1.000000000000000000 ) ) ;
#3319 = EDGE_LOOP ( 'NONE', ( #1208, #488, #2923, #3533, #2514, #1848, #2264 ) ) ;
#3320 = VECTOR ( 'NONE', #1366, 1000.000000000000000 ) ;
#3321 = ORIENTED_EDGE ( 'NONE', *, *, #3613, .T. ) ;
#3322 = CARTESIAN_POINT ( 'NONE',  ( 43.00000000000000000, 55.89999999999984936, 0.000000000000000000 ) ) ;
#3323 = AXIS2_PLACEMENT_3D ( 'NONE', #3677, #1219, #304 ) ;
#3324 = DIRECTION ( 'NONE',  ( -0.7071067811865500152, 0.7071067811865451302, 0.000000000000000000 ) ) ;
#3325 = CARTESIAN_POINT ( 'NONE',  ( -17.50000000000000000, 63.00000000000004263, -6.000000000000000000 ) ) ;
#3326 = AXIS2_PLACEMENT_3D ( 'NONE', #1503, #2402, #1520 ) ;
#3327 = ORIENTED_EDGE ( 'NONE', *, *, #284, .T. ) ;
#3328 = EDGE_CURVE ( 'NONE', #174, #1450, #2717, .T. ) ;
#3329 = DIRECTION ( 'NONE',  ( 0.000000000000000000, 0.000000000000000000, 1.000000000000000000 ) ) ;
#3330 = FACE_OUTER_BOUND ( 'NONE', #222, .T. ) ;
#3331 = ORIENTED_EDGE ( 'NONE', *, *, #2542, .T. ) ;
#3332 = CARTESIAN_POINT ( 'NONE',  ( 8.000000000000003553, -25.00000000000000000, 1.040834085586084257E-14 ) ) ;
#3333 = CARTESIAN_POINT ( 'NONE',  ( 81.81124969497314225, 74.99999999999984368, 169.8835189181103544 ) ) ;
#3334 = DIRECTION ( 'NONE',  ( 0.000000000000000000, 0.000000000000000000, 1.000000000000000000 ) ) ;
#3335 = EDGE_CURVE ( 'NONE', #3653, #149, #268, .T. ) ;
#3336 = ADVANCED_FACE ( 'NONE', ( #3356, #2148 ), #1181, .T. ) ;
#3337 = DIRECTION ( 'NONE',  ( -0.000000000000000000, -0.000000000000000000, 1.000000000000000000 ) ) ;
#3338 = LINE ( 'NONE', #616, #3657 ) ;
#3339 = CARTESIAN_POINT ( 'NONE',  ( 3.000000000000003997, -25.00000000000000000, 0.000000000000000000 ) ) ;
#3340 = CARTESIAN_POINT ( 'NONE',  ( -7.849999999999978328, 65.02664611367345060, -3.000000000000000000 ) ) ;
#3341 = EDGE_LOOP ( 'NONE', ( #1882, #3548, #306, #3574 ) ) ;
#3342 = DIRECTION ( 'NONE',  ( -0.000000000000000000, -0.000000000000000000, 1.000000000000000000 ) ) ;
#3343 = ORIENTED_EDGE ( 'NONE', *, *, #23, .F. ) ;
#3344 = VECTOR ( 'NONE', #3476, 1000.000000000000000 ) ;
#3345 = FACE_BOUND ( 'NONE', #2262, .T. ) ;
#3346 = CYLINDRICAL_SURFACE ( 'NONE', #196, 2.250000000000000888 ) ;
#3347 = EDGE_CURVE ( 'NONE', #738, #559, #2458, .T. ) ;
#3348 = CARTESIAN_POINT ( 'NONE',  ( 71.32935770738205861, -67.00000000000005684, 0.000000000000000000 ) ) ;
#3349 = VERTEX_POINT ( 'NONE', #592 ) ;
#3350 = LINE ( 'NONE', #3044, #353 ) ;
#3351 = VECTOR ( 'NONE', #2055, 1000.000000000000000 ) ;
#3352 = EDGE_CURVE ( 'NONE', #3157, #3595, #2729, .T. ) ;
#3353 = EDGE_CURVE ( 'NONE', #2287, #2045, #3391, .T. ) ;
#3354 = CARTESIAN_POINT ( 'NONE',  ( 27.00000000000002487, 66.94670777265318407, -3.000000000000000000 ) ) ;
#3355 = AXIS2_PLACEMENT_3D ( 'NONE', #2444, #3394, #2097 ) ;
#3356 = FACE_BOUND ( 'NONE', #354, .T. ) ;
#3357 = ADVANCED_FACE ( 'NONE', ( #1235 ), #1831, .F. ) ;
#3358 = DIRECTION ( 'NONE',  ( -0.000000000000000000, -0.000000000000000000, 1.000000000000000000 ) ) ;
#3359 = DIRECTION ( 'NONE',  ( 0.000000000000000000, 0.000000000000000000, -1.000000000000000000 ) ) ;
#3360 = VECTOR ( 'NONE', #1913, 1000.000000000000000 ) ;
#3361 = CARTESIAN_POINT ( 'NONE',  ( 17.14999999999999858, 85.97335388632657782, -3.000000000000000000 ) ) ;
#3362 = VECTOR ( 'NONE', #355, 1000.000000000000000 ) ;
#3363 = EDGE_LOOP ( 'NONE', ( #1817, #45, #3096, #178, #2532, #885 ) ) ;
#3364 = CARTESIAN_POINT ( 'NONE',  ( 12.99999999999999467, 40.94670777265317696, -3.000000000000000000 ) ) ;
#3365 = FACE_OUTER_BOUND ( 'NONE', #2499, .T. ) ;
#3366 = VERTEX_POINT ( 'NONE', #887 ) ;
#3367 = CARTESIAN_POINT ( 'NONE',  ( 8.749999999999998224, 83.00000000000002842, -3.000000000000000000 ) ) ;
#3368 = DIRECTION ( 'NONE',  ( -0.000000000000000000, -0.000000000000000000, 1.000000000000000000 ) ) ;
#3369 = EDGE_LOOP ( 'NONE', ( #40, #2623, #708, #1771 ) ) ;
#3370 = PLANE ( 'NONE',  #1652 ) ;
#3371 = ORIENTED_EDGE ( 'NONE', *, *, #1632, .F. ) ;
#3372 = DIRECTION ( 'NONE',  ( 0.000000000000000000, 0.000000000000000000, 1.000000000000000000 ) ) ;
#3373 = LINE ( 'NONE', #3071, #615 ) ;
#3374 = ORIENTED_EDGE ( 'NONE', *, *, #3189, .T. ) ;
#3375 = VECTOR ( 'NONE', #1315, 999.9999999999998863 ) ;
#3376 = CARTESIAN_POINT ( 'NONE',  ( 26.49999999999999645, 80.65803263805818801, -1.000000000000000000 ) ) ;
#3377 = CYLINDRICAL_SURFACE ( 'NONE', #2141, 3.250000000000002665 ) ;
#3378 = VERTEX_POINT ( 'NONE', #2768 ) ;
#3379 = EDGE_CURVE ( 'NONE', #3434, #3984, #2548, .T. ) ;
#3380 = AXIS2_PLACEMENT_3D ( 'NONE', #3325, #160, #3875 ) ;
#3381 = DIRECTION ( 'NONE',  ( 0.000000000000000000, 0.000000000000000000, 1.000000000000000000 ) ) ;
#3382 = ORIENTED_EDGE ( 'NONE', *, *, #2440, .T. ) ;
#3383 = CARTESIAN_POINT ( 'NONE',  ( -7.849999999999996092, 110.0266461136734506, -3.000000000000000000 ) ) ;
#3384 = VECTOR ( 'NONE', #985, 1000.000000000000000 ) ;
#3385 = FACE_OUTER_BOUND ( 'NONE', #406, .T. ) ;
#3386 = CARTESIAN_POINT ( 'NONE',  ( 32.14999999999999858, 77.97335388632642150, -3.000000000000000000 ) ) ;
#3387 = VERTEX_POINT ( 'NONE', #1796 ) ;
#3388 = CARTESIAN_POINT ( 'NONE',  ( 21.85000000000000853, 58.02664611367345060, -3.000000000000000000 ) ) ;
#3389 = VECTOR ( 'NONE', #1206, 1000.000000000000000 ) ;
#3390 = DIRECTION ( 'NONE',  ( 0.8660254037844387076, -0.4999999999999998890, 0.000000000000000000 ) ) ;
#3391 = LINE ( 'NONE', #1523, #2416 ) ;
#3392 = EDGE_CURVE ( 'NONE', #2990, #2832, #2095, .T. ) ;
#3393 = EDGE_LOOP ( 'NONE', ( #2119, #2892, #3820, #2135 ) ) ;
#3394 = DIRECTION ( 'NONE',  ( 0.000000000000000000, 0.000000000000000000, 1.000000000000000000 ) ) ;
#3395 = CARTESIAN_POINT ( 'NONE',  ( 12.00000000000000178, 83.00000000000002842, -3.000000000000000000 ) ) ;
#3396 = ORIENTED_EDGE ( 'NONE', *, *, #539, .T. ) ;
#3397 = EDGE_CURVE ( 'NONE', #2126, #2287, #571, .T. ) ;
#3398 = DIRECTION ( 'NONE',  ( -0.000000000000000000, -0.000000000000000000, 1.000000000000000000 ) ) ;
#3399 = VECTOR ( 'NONE', #1752, 1000.000000000000114 ) ;
#3400 = ORIENTED_EDGE ( 'NONE', *, *, #39, .T. ) ;
#3401 = CARTESIAN_POINT ( 'NONE',  ( 91.50000000000000000, -80.00000000000001421, -9.400000000000011013 ) ) ;
#3402 = ADVANCED_FACE ( 'NONE', ( #1852 ), #1197, .F. ) ;
#3403 = DIRECTION ( 'NONE',  ( 0.000000000000000000, 0.000000000000000000, -1.000000000000000000 ) ) ;
#3404 = ADVANCED_FACE ( 'NONE', ( #326 ), #3604, .F. ) ;
#3405 = FACE_OUTER_BOUND ( 'NONE', #2695, .T. ) ;
#3406 = EDGE_LOOP ( 'NONE', ( #2498, #1085, #3895, #2258 ) ) ;
#3407 = DIRECTION ( 'NONE',  ( -0.4999999999999997224, 0.8660254037844388186, 0.000000000000000000 ) ) ;
#3408 = VECTOR ( 'NONE', #3863, 1000.000000000000000 ) ;
#3409 = FACE_OUTER_BOUND ( 'NONE', #52, .T. ) ;
#3410 = AXIS2_PLACEMENT_3D ( 'NONE', #1713, #2948, #863 ) ;
#3411 = AXIS2_PLACEMENT_3D ( 'NONE', #1877, #1580, #3468 ) ;
#3412 = ORIENTED_EDGE ( 'NONE', *, *, #1814, .F. ) ;
#3413 = CARTESIAN_POINT ( 'NONE',  ( 43.00000000000000000, 55.89999999999984936, 0.000000000000000000 ) ) ;
#3414 = CARTESIAN_POINT ( 'NONE',  ( -18.15000000000000568, 110.0266461136734648, -3.000000000000000000 ) ) ;
#3415 = VERTEX_POINT ( 'NONE', #3658 ) ;
#3416 = EDGE_LOOP ( 'NONE', ( #470, #1819, #15, #92 ) ) ;
#3417 = FACE_OUTER_BOUND ( 'NONE', #327, .T. ) ;
#3418 = ORIENTED_EDGE ( 'NONE', *, *, #3685, .F. ) ;
#3419 = FACE_OUTER_BOUND ( 'NONE', #1377, .T. ) ;
#3420 = ORIENTED_EDGE ( 'NONE', *, *, #3621, .T. ) ;
#3421 = CARTESIAN_POINT ( 'NONE',  ( 88.36666666666666003, -83.13333333333335418, -6.266666666666674601 ) ) ;
#3422 = LINE ( 'NONE', #358, #3909 ) ;
#3423 = VERTEX_POINT ( 'NONE', #870 ) ;
#3424 = DIRECTION ( 'NONE',  ( 0.000000000000000000, 0.000000000000000000, 1.000000000000000000 ) ) ;
#3425 = EDGE_CURVE ( 'NONE', #3349, #3609, #1540, .T. ) ;
#3426 = CARTESIAN_POINT ( 'NONE',  ( 21.85000000000000497, 72.02664611367329428, 0.000000000000000000 ) ) ;
#3427 = FACE_OUTER_BOUND ( 'NONE', #3105, .T. ) ;
#3428 = ORIENTED_EDGE ( 'NONE', *, *, #1814, .T. ) ;
#3429 = CARTESIAN_POINT ( 'NONE',  ( 18.14999999999999503, 32.02664611367345771, 0.000000000000000000 ) ) ;
#3430 = CARTESIAN_POINT ( 'NONE',  ( 21.85000000000000853, 58.02664611367345060, -3.000000000000000000 ) ) ;
#3431 = ORIENTED_EDGE ( 'NONE', *, *, #3314, .F. ) ;
#3432 = VERTEX_POINT ( 'NONE', #2422 ) ;
#3433 = CARTESIAN_POINT ( 'NONE',  ( 3.000000000000000888, 3.490602116294795244E-16, -6.000000000000000000 ) ) ;
#3434 = VERTEX_POINT ( 'NONE', #2130 ) ;
#3435 = CARTESIAN_POINT ( 'NONE',  ( -13.49999999999998046, 73.65803263805838696, 0.000000000000000000 ) ) ;
#3436 = EDGE_CURVE ( 'NONE', #1367, #762, #3373, .T. ) ;
#3437 = VECTOR ( 'NONE', #3934, 1000.000000000000000 ) ;
#3438 = DIRECTION ( 'NONE',  ( 0.8660254037844377084, -0.5000000000000017764, 0.000000000000000000 ) ) ;
#3439 = CIRCLE ( 'NONE', #1959, 2.249999999999995115 ) ;
#3440 = ORIENTED_EDGE ( 'NONE', *, *, #1064, .T. ) ;
#3441 = LINE ( 'NONE', #2496, #1331 ) ;
#3442 = AXIS2_PLACEMENT_3D ( 'NONE', #1483, #2995, #2420 ) ;
#3443 = ORIENTED_EDGE ( 'NONE', *, *, #3185, .F. ) ;
#3444 = CARTESIAN_POINT ( 'NONE',  ( 83.50000000000000000, 74.24999999999987210, -42.34528855298850658 ) ) ;
#3445 = EDGE_CURVE ( 'NONE', #3349, #3901, #2078, .T. ) ;
#3446 = LINE ( 'NONE', #404, #231 ) ;
#3447 = ORIENTED_EDGE ( 'NONE', *, *, #3328, .T. ) ;
#3448 = EDGE_CURVE ( 'NONE', #2511, #704, #283, .T. ) ;
#3449 = ORIENTED_EDGE ( 'NONE', *, *, #3507, .T. ) ;
#3450 = DIRECTION ( 'NONE',  ( 1.000000000000000000, 0.000000000000000000, 0.000000000000000000 ) ) ;
#3451 = ADVANCED_FACE ( 'NONE', ( #3427 ), #108, .F. ) ;
#3452 = CARTESIAN_POINT ( 'NONE',  ( 43.00000000000000000, 55.89999999999984936, -6.000000000000000000 ) ) ;
#3453 = ORIENTED_EDGE ( 'NONE', *, *, #276, .T. ) ;
#3454 = DIRECTION ( 'NONE',  ( 0.8660254037844382635, 0.5000000000000006661, 0.000000000000000000 ) ) ;
#3455 = CARTESIAN_POINT ( 'NONE',  ( 27.50000000000003553, 66.65803263805835854, 0.000000000000000000 ) ) ;
#3456 = DIRECTION ( 'NONE',  ( 0.8660254037844378194, 0.5000000000000014433, 0.000000000000000000 ) ) ;
#3457 = DIRECTION ( 'NONE',  ( -0.000000000000000000, -0.000000000000000000, -1.000000000000000000 ) ) ;
#3458 = VECTOR ( 'NONE', #1572, 1000.000000000000000 ) ;
#3459 = EDGE_LOOP ( 'NONE', ( #2121, #148, #642, #1103 ) ) ;
#3460 = PLANE ( 'NONE',  #2024 ) ;
#3461 = PRODUCT_DEFINITION_CONTEXT ( 'detailed design', #1358, 'design' ) ;
#3462 = DIRECTION ( 'NONE',  ( -0.8660254037844381525, 0.5000000000000007772, 0.000000000000000000 ) ) ;
#3463 = CARTESIAN_POINT ( 'NONE',  ( -17.50000000000000355, 121.0000000000000426, 0.000000000000000000 ) ) ;
#3464 = EDGE_CURVE ( 'NONE', #1922, #3157, #3779, .T. ) ;
#3465 = ORIENTED_EDGE ( 'NONE', *, *, #1816, .T. ) ;
#3466 = AXIS2_PLACEMENT_3D ( 'NONE', #211, #3579, #844 ) ;
#3467 = ORIENTED_EDGE ( 'NONE', *, *, #2701, .T. ) ;
#3468 = DIRECTION ( 'NONE',  ( -1.000000000000000000, 0.000000000000000000, 0.000000000000000000 ) ) ;
#3469 = CARTESIAN_POINT ( 'NONE',  ( 71.40000000000000568, 84.99999999999984368, -6.000000000000000000 ) ) ;
#3470 = ADVANCED_FACE ( 'NONE', ( #2257 ), #1660, .T. ) ;
#3471 = EDGE_CURVE ( 'NONE', #2832, #2177, #2569, .T. ) ;
#3472 = VECTOR ( 'NONE', #2640, 1000.000000000000000 ) ;
#3473 = EDGE_LOOP ( 'NONE', ( #1307, #3830, #523, #1249, #3088, #3485 ) ) ;
#3474 = EDGE_CURVE ( 'NONE', #1297, #1205, #3439, .T. ) ;
#3475 = DIRECTION ( 'NONE',  ( 1.163534038764931419E-16, -1.000000000000000000, 0.000000000000000000 ) ) ;
#3476 = DIRECTION ( 'NONE',  ( -0.000000000000000000, -0.000000000000000000, 1.000000000000000000 ) ) ;
#3477 = ORIENTED_EDGE ( 'NONE', *, *, #3896, .F. ) ;
#3478 = LINE ( 'NONE', #1372, #2767 ) ;
#3479 = VECTOR ( 'NONE', #3844, 1000.000000000000000 ) ;
#3480 = CARTESIAN_POINT ( 'NONE',  ( 17.14999999999999858, 85.97335388632657782, 0.000000000000000000 ) ) ;
#3481 = DIRECTION ( 'NONE',  ( -8.577124726708580637E-17, 1.000000000000000000, 0.000000000000000000 ) ) ;
#3482 = ORIENTED_EDGE ( 'NONE', *, *, #784, .T. ) ;
#3483 = DIRECTION ( 'NONE',  ( 0.000000000000000000, -1.000000000000000000, 0.000000000000000000 ) ) ;
#3484 = CARTESIAN_POINT ( 'NONE',  ( -1.499999999999997780, -80.00000000000001421, 25.00000000000000000 ) ) ;
#3485 = ORIENTED_EDGE ( 'NONE', *, *, #893, .F. ) ;
#3486 = ORIENTED_EDGE ( 'NONE', *, *, #1726, .F. ) ;
#3487 = DIRECTION ( 'NONE',  ( 0.5773502691896278405, -0.5773502691896217343, 0.5773502691896278405 ) ) ;
#3488 = CARTESIAN_POINT ( 'NONE',  ( -13.00000000000000000, 113.0000000000000284, -3.000000000000000000 ) ) ;
#3489 = ORIENTED_EDGE ( 'NONE', *, *, #2093, .T. ) ;
#3490 = EDGE_LOOP ( 'NONE', ( #1041, #3208, #1083, #1727 ) ) ;
#3491 = DIRECTION ( 'NONE',  ( -1.000000000000000000, 0.000000000000000000, 0.000000000000000000 ) ) ;
#3492 = FACE_OUTER_BOUND ( 'NONE', #3369, .T. ) ;
#3493 = EDGE_CURVE ( 'NONE', #2115, #792, #1393, .T. ) ;
#3494 = CARTESIAN_POINT ( 'NONE',  ( -21.89999999999999858, -80.00000000000001421, 2.170882521365261281E-15 ) ) ;
#3495 = DIRECTION ( 'NONE',  ( 0.000000000000000000, 0.000000000000000000, 1.000000000000000000 ) ) ;
#3496 = VECTOR ( 'NONE', #1120, 1000.000000000000000 ) ;
#3497 = AXIS2_PLACEMENT_3D ( 'NONE', #392, #722, #2193 ) ;
#3498 = VECTOR ( 'NONE', #3264, 1000.000000000000227 ) ;
#3499 = VERTEX_POINT ( 'NONE', #1950 ) ;
#3500 = DIRECTION ( 'NONE',  ( -0.000000000000000000, -0.000000000000000000, 1.000000000000000000 ) ) ;
#3501 = CARTESIAN_POINT ( 'NONE',  ( -45.08333333333322201, 12.16666666666682239, -18.58333333333339610 ) ) ;
#3502 = VECTOR ( 'NONE', #1270, 1000.000000000000000 ) ;
#3503 = ORIENTED_EDGE ( 'NONE', *, *, #1790, .T. ) ;
#3504 = ORIENTED_EDGE ( 'NONE', *, *, #3113, .F. ) ;
#3505 = EDGE_CURVE ( 'NONE', #434, #831, #1043, .T. ) ;
#3506 = DIRECTION ( 'NONE',  ( -0.000000000000000000, -0.000000000000000000, 1.000000000000000000 ) ) ;
#3507 = EDGE_CURVE ( 'NONE', #3966, #1585, #696, .T. ) ;
#3508 = CARTESIAN_POINT ( 'NONE',  ( 16.25000000000000000, 35.00000000000002842, -6.000000000000000000 ) ) ;
#3509 = VECTOR ( 'NONE', #125, 1000.000000000000000 ) ;
#3510 = VERTEX_POINT ( 'NONE', #963 ) ;
#3511 = ORIENTED_EDGE ( 'NONE', *, *, #1174, .T. ) ;
#3512 = DIRECTION ( 'NONE',  ( -0.000000000000000000, -0.000000000000000000, 1.000000000000000000 ) ) ;
#3513 = CARTESIAN_POINT ( 'NONE',  ( 11.50000000000001776, 90.65803263805835854, -1.000000000000000000 ) ) ;
#3514 = ORIENTED_EDGE ( 'NONE', *, *, #2809, .F. ) ;
#3515 = EDGE_CURVE ( 'NONE', #1287, #2525, #1892, .T. ) ;
#3516 = DIRECTION ( 'NONE',  ( -0.000000000000000000, -1.000000000000000000, 0.000000000000000000 ) ) ;
#3517 = DIRECTION ( 'NONE',  ( -9.912705577010325549E-17, 0.000000000000000000, -1.000000000000000000 ) ) ;
#3518 = EDGE_CURVE ( 'NONE', #1598, #1291, #2547, .T. ) ;
#3519 = ORIENTED_EDGE ( 'NONE', *, *, #2639, .T. ) ;
#3520 = DIRECTION ( 'NONE',  ( 1.000000000000000000, 0.000000000000000000, 0.000000000000000000 ) ) ;
#3521 = VECTOR ( 'NONE', #2927, 1000.000000000000000 ) ;
#3522 = DIRECTION ( 'NONE',  ( 0.000000000000000000, 0.000000000000000000, 1.000000000000000000 ) ) ;
#3523 = AXIS2_PLACEMENT_3D ( 'NONE', #3708, #1864, #3649 ) ;
#3524 = DIRECTION ( 'NONE',  ( -1.000000000000000000, 0.000000000000000000, 0.000000000000000000 ) ) ;
#3525 = EDGE_LOOP ( 'NONE', ( #1186, #29, #3059, #2381 ) ) ;
#3526 = PLANE ( 'NONE',  #1649 ) ;
#3527 = EDGE_LOOP ( 'NONE', ( #662, #1061, #2751, #3528 ) ) ;
#3528 = ORIENTED_EDGE ( 'NONE', *, *, #937, .T. ) ;
#3529 = ORIENTED_EDGE ( 'NONE', *, *, #1866, .T. ) ;
#3530 = CARTESIAN_POINT ( 'NONE',  ( -16.24999999999998579, 68.00000000000002842, -6.000000000000000000 ) ) ;
#3531 = CARTESIAN_POINT ( 'NONE',  ( 47.99999999999998579, 60.89999999999986358, -6.000000000000000000 ) ) ;
#3532 = VECTOR ( 'NONE', #477, 1000.000000000000000 ) ;
#3533 = ORIENTED_EDGE ( 'NONE', *, *, #2397, .T. ) ;
#3534 = CARTESIAN_POINT ( 'NONE',  ( 17.14999999999999858, 85.97335388632657782, 0.000000000000000000 ) ) ;
#3535 = VECTOR ( 'NONE', #1048, 1000.000000000000000 ) ;
#3536 = CARTESIAN_POINT ( 'NONE',  ( 6.849999999999994316, 80.02664611367346481, 0.000000000000000000 ) ) ;
#3537 = CYLINDRICAL_SURFACE ( 'NONE', #3706, 3.250000000000004441 ) ;
#3538 = CARTESIAN_POINT ( 'NONE',  ( 32.14999999999999858, 77.97335388632642150, -3.000000000000000000 ) ) ;
#3539 = VERTEX_POINT ( 'NONE', #3131 ) ;
#3540 = LINE ( 'NONE', #3866, #1502 ) ;
#3541 = EDGE_CURVE ( 'NONE', #41, #3415, #1641, .T. ) ;
#3542 = CARTESIAN_POINT ( 'NONE',  ( 0.000000000000000000, -75.00000000000001421, 8.000000000000062172 ) ) ;
#3543 = CARTESIAN_POINT ( 'NONE',  ( -22.49999999999998934, -75.00000000000001421, -10.00000000000000000 ) ) ;
#3544 = ADVANCED_FACE ( 'NONE', ( #3409 ), #657, .T. ) ;
#3545 = DIRECTION ( 'NONE',  ( 0.000000000000000000, 0.000000000000000000, -1.000000000000000000 ) ) ;
#3546 = ORIENTED_EDGE ( 'NONE', *, *, #3838, .T. ) ;
#3547 = CARTESIAN_POINT ( 'NONE',  ( -12.99999999999998046, 73.94670777265318407, -3.000000000000000000 ) ) ;
#3548 = ORIENTED_EDGE ( 'NONE', *, *, #65, .T. ) ;
#3549 = CARTESIAN_POINT ( 'NONE',  ( 11.99999999999999645, 77.05329222734688699, -3.000000000000000000 ) ) ;
#3550 = DIRECTION ( 'NONE',  ( 0.000000000000000000, 0.000000000000000000, -1.000000000000000000 ) ) ;
#3551 = ORIENTED_EDGE ( 'NONE', *, *, #505, .F. ) ;
#3552 = DIRECTION ( 'NONE',  ( 0.4999999999999995004, -0.8660254037844389297, 0.000000000000000000 ) ) ;
#3553 = DIRECTION ( 'NONE',  ( 0.4999999999999999445, 0.8660254037844387076, 0.000000000000000000 ) ) ;
#3554 = EDGE_LOOP ( 'NONE', ( #755, #633, #601, #2265 ) ) ;
#3555 = DIRECTION ( 'NONE',  ( -0.000000000000000000, -0.000000000000000000, 1.000000000000000000 ) ) ;
#3556 = EDGE_CURVE ( 'NONE', #1000, #1072, #3112, .T. ) ;
#3557 = VECTOR ( 'NONE', #1142, 1000.000000000000000 ) ;
#3558 = CARTESIAN_POINT ( 'NONE',  ( 79.25000000000000000, 60.89999999999987068, 0.000000000000000000 ) ) ;
#3559 = FACE_OUTER_BOUND ( 'NONE', #687, .T. ) ;
#3560 = VECTOR ( 'NONE', #2681, 1000.000000000000000 ) ;
#3561 = ADVANCED_FACE ( 'NONE', ( #2830 ), #1616, .F. ) ;
#3562 = FACE_BOUND ( 'NONE', #2731, .T. ) ;
#3563 = VERTEX_POINT ( 'NONE', #1002 ) ;
#3564 = DIRECTION ( 'NONE',  ( 0.000000000000000000, -0.8944271909999158554, 0.4472135954999578722 ) ) ;
#3565 = CIRCLE ( 'NONE', #348, 3.250000000000002665 ) ;
#3566 = ORIENTED_EDGE ( 'NONE', *, *, #1064, .F. ) ;
#3567 = ADVANCED_FACE ( 'NONE', ( #717 ), #2215, .F. ) ;
#3568 = VECTOR ( 'NONE', #132, 1000.000000000000000 ) ;
#3569 = ORIENTED_EDGE ( 'NONE', *, *, #2691, .F. ) ;
#3570 = DIRECTION ( 'NONE',  ( 1.000000000000000000, 0.000000000000000000, 0.000000000000000000 ) ) ;
#3571 = CARTESIAN_POINT ( 'NONE',  ( -22.49999999999998934, -80.00000000000001421, -10.00000000000000000 ) ) ;
#3572 = LINE ( 'NONE', #1512, #2396 ) ;
#3573 = AXIS2_PLACEMENT_3D ( 'NONE', #3839, #3237, #1398 ) ;
#3574 = ORIENTED_EDGE ( 'NONE', *, *, #1489, .F. ) ;
#3575 = LINE ( 'NONE', #3290, #1924 ) ;
#3576 = ORIENTED_EDGE ( 'NONE', *, *, #2651, .T. ) ;
#3577 = CARTESIAN_POINT ( 'NONE',  ( 6.849999999999994316, 85.97335388632657782, -3.000000000000000000 ) ) ;
#3578 = CARTESIAN_POINT ( 'NONE',  ( -22.49999999999998934, 116.0000000000000284, -6.000000000000000000 ) ) ;
#3579 = DIRECTION ( 'NONE',  ( 0.5000000000000005551, -0.8660254037844383745, 0.000000000000000000 ) ) ;
#3580 = LINE ( 'NONE', #845, #819 ) ;
#3581 = DIRECTION ( 'NONE',  ( 0.000000000000000000, 1.000000000000000000, 0.000000000000000000 ) ) ;
#3582 = CARTESIAN_POINT ( 'NONE',  ( 32.14999999999999858, 72.02664611367326586, -3.000000000000000000 ) ) ;
#3583 = VERTEX_POINT ( 'NONE', #3173 ) ;
#3584 = FACE_BOUND ( 'NONE', #1983, .T. ) ;
#3585 = DIRECTION ( 'NONE',  ( 1.000000000000000000, 0.000000000000000000, 0.000000000000000000 ) ) ;
#3586 = EDGE_LOOP ( 'NONE', ( #2001, #2221 ) ) ;
#3587 = EDGE_CURVE ( 'NONE', #2087, #2859, #3446, .T. ) ;
#3588 = VECTOR ( 'NONE', #1714, 1000.000000000000000 ) ;
#3589 = VERTEX_POINT ( 'NONE', #1737 ) ;
#3590 = FACE_OUTER_BOUND ( 'NONE', #2815, .T. ) ;
#3591 = LINE ( 'NONE', #3608, #3055 ) ;
#3592 = VERTEX_POINT ( 'NONE', #1444 ) ;
#3593 = EDGE_CURVE ( 'NONE', #2209, #1567, #846, .T. ) ;
#3594 = AXIS2_PLACEMENT_3D ( 'NONE', #563, #3309, #2083 ) ;
#3595 = VERTEX_POINT ( 'NONE', #1401 ) ;
#3596 = CARTESIAN_POINT ( 'NONE',  ( 17.14999999999999858, 85.97335388632657782, -3.000000000000000000 ) ) ;
#3597 = ORIENTED_EDGE ( 'NONE', *, *, #214, .F. ) ;
#3598 = CARTESIAN_POINT ( 'NONE',  ( -18.14999999999998082, 70.97335388632660624, -3.000000000000000000 ) ) ;
#3599 = VECTOR ( 'NONE', #2680, 1000.000000000000114 ) ;
#3600 = CARTESIAN_POINT ( 'NONE',  ( 32.14999999999999858, 72.02664611367326586, -3.000000000000000000 ) ) ;
#3601 = LINE ( 'NONE', #1215, #2285 ) ;
#3602 = ORIENTED_EDGE ( 'NONE', *, *, #951, .T. ) ;
#3603 = LINE ( 'NONE', #2472, #51 ) ;
#3604 = PLANE ( 'NONE',  #1521 ) ;
#3605 = ADVANCED_FACE ( 'NONE', ( #826 ), #3242, .T. ) ;
#3606 = ORIENTED_EDGE ( 'NONE', *, *, #2639, .F. ) ;
#3607 = CARTESIAN_POINT ( 'NONE',  ( 26.99999999999999645, 80.94670777265299932, -1.000000000000000000 ) ) ;
#3608 = CARTESIAN_POINT ( 'NONE',  ( 3.000000000000008882, -67.00000000000000000, -10.00000000000000000 ) ) ;
#3609 = VERTEX_POINT ( 'NONE', #2038 ) ;
#3610 = DIRECTION ( 'NONE',  ( -1.000000000000000000, -0.000000000000000000, 0.000000000000000000 ) ) ;
#3611 = CARTESIAN_POINT ( 'NONE',  ( 63.59999999999993747, -80.00000000000001421, 15.25000000000000533 ) ) ;
#3612 = LINE ( 'NONE', #3332, #372 ) ;
#3613 = EDGE_CURVE ( 'NONE', #1690, #3619, #3821, .T. ) ;
#3614 = CARTESIAN_POINT ( 'NONE',  ( 23.74999999999999289, 74.99999999999984368, -6.000000000000000000 ) ) ;
#3615 = CARTESIAN_POINT ( 'NONE',  ( -6.830838508926212249, 121.0000000000000426, 0.000000000000000000 ) ) ;
#3616 = CARTESIAN_POINT ( 'NONE',  ( 12.50000000000001776, 90.65803263805835854, -1.000000000000000000 ) ) ;
#3617 = CARTESIAN_POINT ( 'NONE',  ( 0.000000000000000000, 0.000000000000000000, -3.000000000000000000 ) ) ;
#3618 = VECTOR ( 'NONE', #1918, 1000.000000000000000 ) ;
#3619 = VERTEX_POINT ( 'NONE', #1682 ) ;
#3620 = EDGE_CURVE ( 'NONE', #1205, #1297, #1327, .T. ) ;
#3621 = EDGE_CURVE ( 'NONE', #2177, #763, #1081, .T. ) ;
#3622 = AXIS2_PLACEMENT_3D ( 'NONE', #1912, #3151, #3763 ) ;
#3623 = FACE_OUTER_BOUND ( 'NONE', #2950, .T. ) ;
#3624 = LINE ( 'NONE', #289, #2679 ) ;
#3625 = LINE ( 'NONE', #3340, #1677 ) ;
#3626 = EDGE_CURVE ( 'NONE', #3881, #192, #2742, .T. ) ;
#3627 = CIRCLE ( 'NONE', #3006, 3.250000000000004441 ) ;
#3628 = ORIENTED_EDGE ( 'NONE', *, *, #3556, .F. ) ;
#3629 = CARTESIAN_POINT ( 'NONE',  ( 0.000000000000000000, 0.000000000000000000, -3.000000000000000000 ) ) ;
#3630 = DIRECTION ( 'NONE',  ( -1.000000000000000000, 0.000000000000000000, 0.000000000000000000 ) ) ;
#3631 = FACE_OUTER_BOUND ( 'NONE', #270, .T. ) ;
#3632 = DIRECTION ( 'NONE',  ( 0.000000000000000000, 0.000000000000000000, -1.000000000000000000 ) ) ;
#3633 = EDGE_CURVE ( 'NONE', #2947, #3499, #2672, .T. ) ;
#3634 = EDGE_CURVE ( 'NONE', #1598, #3792, #171, .T. ) ;
#3635 = LINE ( 'NONE', #1806, #2424 ) ;
#3636 = EDGE_LOOP ( 'NONE', ( #259, #1974, #314, #3447 ) ) ;
#3637 = CARTESIAN_POINT ( 'NONE',  ( 81.81124969497314225, 74.99999999999984368, 0.000000000000000000 ) ) ;
#3638 = EDGE_CURVE ( 'NONE', #2017, #1165, #3275, .T. ) ;
#3639 = VECTOR ( 'NONE', #298, 1000.000000000000000 ) ;
#3640 = CARTESIAN_POINT ( 'NONE',  ( 7.666666666666675845, -62.33333333333330017, 18.66666666666666785 ) ) ;
#3641 = CARTESIAN_POINT ( 'NONE',  ( 85.29999999999996874, -93.60000000000005116, 10.80000000000000782 ) ) ;
#3642 = CARTESIAN_POINT ( 'NONE',  ( 26.50000000000003553, 66.65803263805835854, -1.000000000000000000 ) ) ;
#3643 = VECTOR ( 'NONE', #58, 1000.000000000000000 ) ;
#3644 = DIRECTION ( 'NONE',  ( 0.000000000000000000, -1.000000000000000000, 0.000000000000000000 ) ) ;
#3645 = VERTEX_POINT ( 'NONE', #3843 ) ;
#3646 = VECTOR ( 'NONE', #626, 1000.000000000000000 ) ;
#3647 = FACE_BOUND ( 'NONE', #2395, .T. ) ;
#3648 = ORIENTED_EDGE ( 'NONE', *, *, #3277, .F. ) ;
#3649 = DIRECTION ( 'NONE',  ( 1.000000000000000000, 0.000000000000000000, 0.000000000000000000 ) ) ;
#3650 = DIRECTION ( 'NONE',  ( -0.8660254037844389297, -0.4999999999999995004, -0.000000000000000000 ) ) ;
#3651 = CIRCLE ( 'NONE', #1224, 2.249999999999995115 ) ;
#3652 = CARTESIAN_POINT ( 'NONE',  ( 79.25000000000000000, 73.74999999999985789, -6.000000000000000000 ) ) ;
#3653 = VERTEX_POINT ( 'NONE', #760 ) ;
#3654 = FACE_OUTER_BOUND ( 'NONE', #3947, .T. ) ;
#3655 = VECTOR ( 'NONE', #371, 1000.000000000000000 ) ;
#3656 = CARTESIAN_POINT ( 'NONE',  ( 27.49999999999999645, 80.65803263805818801, -1.000000000000000000 ) ) ;
#3657 = VECTOR ( 'NONE', #2702, 1000.000000000000000 ) ;
#3658 = CARTESIAN_POINT ( 'NONE',  ( -16.25000000000000000, 113.0000000000000284, -3.000000000000000000 ) ) ;
#3659 = EDGE_CURVE ( 'NONE', #1490, #2661, #1424, .T. ) ;
#3660 = ORIENTED_EDGE ( 'NONE', *, *, #1914, .T. ) ;
#3661 = FACE_OUTER_BOUND ( 'NONE', #3171, .T. ) ;
#3662 = DIRECTION ( 'NONE',  ( 0.8660254037844382635, 0.5000000000000006661, 0.000000000000000000 ) ) ;
#3663 = VECTOR ( 'NONE', #2228, 1000.000000000000114 ) ;
#3664 = ORIENTED_EDGE ( 'NONE', *, *, #1111, .F. ) ;
#3665 = LINE ( 'NONE', #1835, #621 ) ;
#3666 = PLANE ( 'NONE',  #786 ) ;
#3667 = ORIENTED_EDGE ( 'NONE', *, *, #3058, .T. ) ;
#3668 = CARTESIAN_POINT ( 'NONE',  ( 0.000000000000000000, 0.000000000000000000, -3.000000000000000000 ) ) ;
#3669 = VECTOR ( 'NONE', #2844, 1000.000000000000000 ) ;
#3670 = CARTESIAN_POINT ( 'NONE',  ( 32.15000000000001279, 63.97335388632660624, -3.000000000000000000 ) ) ;
#3671 = EDGE_CURVE ( 'NONE', #3703, #1004, #2608, .T. ) ;
#3672 = ORIENTED_EDGE ( 'NONE', *, *, #2993, .T. ) ;
#3673 = CARTESIAN_POINT ( 'NONE',  ( 10.44444444444450681, -69.44444444444449971, 22.22222222222226762 ) ) ;
#3674 = ORIENTED_EDGE ( 'NONE', *, *, #2343, .T. ) ;
#3675 = ORIENTED_EDGE ( 'NONE', *, *, #871, .F. ) ;
#3676 = LINE ( 'NONE', #3426, #827 ) ;
#3677 = CARTESIAN_POINT ( 'NONE',  ( 79.25000000000000000, 73.74999999999985789, -6.000000000000000000 ) ) ;
#3678 = ADVANCED_FACE ( 'NONE', ( #1125 ), #2059, .F. ) ;
#3679 = ORIENTED_EDGE ( 'NONE', *, *, #2456, .F. ) ;
#3680 = FACE_OUTER_BOUND ( 'NONE', #2467, .T. ) ;
#3681 = DIRECTION ( 'NONE',  ( 1.000000000000000000, 0.000000000000000000, 0.000000000000000000 ) ) ;
#3682 = CIRCLE ( 'NONE', #1252, 4.250000000000003553 ) ;
#3683 = ADVANCED_FACE ( 'NONE', ( #3559 ), #3887, .F. ) ;
#3684 = ORIENTED_EDGE ( 'NONE', *, *, #2182, .T. ) ;
#3685 = EDGE_CURVE ( 'NONE', #2287, #2857, #809, .T. ) ;
#3686 = VECTOR ( 'NONE', #2524, 1000.000000000000000 ) ;
#3687 = DIRECTION ( 'NONE',  ( -0.7071067811865470176, 0.7071067811865479058, 0.000000000000000000 ) ) ;
#3688 = ORIENTED_EDGE ( 'NONE', *, *, #968, .T. ) ;
#3689 = CARTESIAN_POINT ( 'NONE',  ( 21.85000000000000853, 63.97335388632659203, -3.000000000000000000 ) ) ;
#3690 = VECTOR ( 'NONE', #1597, 1000.000000000000000 ) ;
#3691 = EDGE_LOOP ( 'NONE', ( #3714, #2188, #3175, #3150 ) ) ;
#3692 = LINE ( 'NONE', #3421, #3731 ) ;
#3693 = LINE ( 'NONE', #2094, #3146 ) ;
#3694 = ORIENTED_EDGE ( 'NONE', *, *, #2743, .F. ) ;
#3695 = LINE ( 'NONE', #3169, #2417 ) ;
#3696 = VERTEX_POINT ( 'NONE', #3298 ) ;
#3697 = ORIENTED_EDGE ( 'NONE', *, *, #1138, .F. ) ;
#3698 = DIRECTION ( 'NONE',  ( 0.000000000000000000, 1.000000000000000000, 0.000000000000000000 ) ) ;
#3699 = CARTESIAN_POINT ( 'NONE',  ( 27.50000000000003553, 66.65803263805835854, -1.000000000000000000 ) ) ;
#3700 = LINE ( 'NONE', #46, #2118 ) ;
#3701 = FACE_OUTER_BOUND ( 'NONE', #3554, .T. ) ;
#3702 = EDGE_LOOP ( 'NONE', ( #2955, #2405, #2266, #3477 ) ) ;
#3703 = VERTEX_POINT ( 'NONE', #783 ) ;
#3704 = DIRECTION ( 'NONE',  ( 0.000000000000000000, -0.000000000000000000, -1.000000000000000000 ) ) ;
#3705 = EDGE_CURVE ( 'NONE', #2399, #2837, #2890, .T. ) ;
#3706 = AXIS2_PLACEMENT_3D ( 'NONE', #1789, #3555, #1137 ) ;
#3707 = ORIENTED_EDGE ( 'NONE', *, *, #1392, .F. ) ;
#3708 = CARTESIAN_POINT ( 'NONE',  ( 12.99999999999999822, 35.00000000000002842, -6.000000000000000000 ) ) ;
#3709 = EDGE_CURVE ( 'NONE', #831, #3349, #1361, .T. ) ;
#3710 = ORIENTED_EDGE ( 'NONE', *, *, #3392, .F. ) ;
#3711 = CARTESIAN_POINT ( 'NONE',  ( 83.50000000000000000, 73.74999999999985789, -6.000000000000012434 ) ) ;
#3712 = CARTESIAN_POINT ( 'NONE',  ( 12.00000000000000355, 88.94670777265318407, -3.000000000000000000 ) ) ;
#3713 = VERTEX_POINT ( 'NONE', #2438 ) ;
#3714 = ORIENTED_EDGE ( 'NONE', *, *, #547, .T. ) ;
#3715 = CARTESIAN_POINT ( 'NONE',  ( 16.25000000000000000, 35.00000000000002842, -3.000000000000000000 ) ) ;
#3716 = VECTOR ( 'NONE', #1461, 999.9999999999998863 ) ;
#3717 = DIRECTION ( 'NONE',  ( -0.8660254037844383745, 0.5000000000000004441, 0.000000000000000000 ) ) ;
#3718 = VECTOR ( 'NONE', #1151, 1000.000000000000000 ) ;
#3719 = ORIENTED_EDGE ( 'NONE', *, *, #365, .F. ) ;
#3720 = AXIS2_PLACEMENT_3D ( 'NONE', #2833, #366, #3450 ) ;
#3721 = ORIENTED_EDGE ( 'NONE', *, *, #423, .F. ) ;
#3722 = CARTESIAN_POINT ( 'NONE',  ( 6.849999999999994316, 80.02664611367346481, 0.000000000000000000 ) ) ;
#3723 = ADVANCED_FACE ( 'NONE', ( #3654 ), #1179, .F. ) ;
#3724 = CARTESIAN_POINT ( 'NONE',  ( 9.749999999999992895, 35.00000000000002842, -6.000000000000000000 ) ) ;
#3725 = ORIENTED_EDGE ( 'NONE', *, *, #2696, .F. ) ;
#3726 = ORIENTED_EDGE ( 'NONE', *, *, #1182, .F. ) ;
#3727 = EDGE_LOOP ( 'NONE', ( #3845, #1976, #452, #2915 ) ) ;
#3728 = CARTESIAN_POINT ( 'NONE',  ( -22.49999999999999289, -75.00000000000000000, -0.000000000000000000 ) ) ;
#3729 = EDGE_LOOP ( 'NONE', ( #3546, #1425 ) ) ;
#3730 = PLANE ( 'NONE',  #1279 ) ;
#3731 = VECTOR ( 'NONE', #957, 999.9999999999998863 ) ;
#3732 = CARTESIAN_POINT ( 'NONE',  ( -7.849999999999978328, 70.97335388632660624, -3.000000000000000000 ) ) ;
#3733 = ADVANCED_FACE ( 'NONE', ( #267 ), #1794, .T. ) ;
#3734 = PLANE ( 'NONE',  #1599 ) ;
#3735 = VERTEX_POINT ( 'NONE', #300 ) ;
#3736 = DIRECTION ( 'NONE',  ( 1.040696481925304843E-16, -0.8944271909999158554, 0.4472135954999578722 ) ) ;
#3737 = ADVANCED_FACE ( 'NONE', ( #2762 ), #1465, .T. ) ;
#3738 = ORIENTED_EDGE ( 'NONE', *, *, #2568, .T. ) ;
#3739 = CARTESIAN_POINT ( 'NONE',  ( 21.85000000000000853, 58.02664611367345060, 0.000000000000000000 ) ) ;
#3740 = DIRECTION ( 'NONE',  ( 0.5000000000000008882, 0.8660254037844382635, 0.000000000000000000 ) ) ;
#3741 = VERTEX_POINT ( 'NONE', #1160 ) ;
#3742 = PLANE ( 'NONE',  #67 ) ;
#3743 = DIRECTION ( 'NONE',  ( -0.000000000000000000, -0.000000000000000000, 1.000000000000000000 ) ) ;
#3744 = ORIENTED_EDGE ( 'NONE', *, *, #1027, .T. ) ;
#3745 = EDGE_CURVE ( 'NONE', #1922, #1245, #3601, .T. ) ;
#3746 = VECTOR ( 'NONE', #1422, 1000.000000000000000 ) ;
#3747 = EDGE_LOOP ( 'NONE', ( #96, #699, #2022, #3453 ) ) ;
#3748 = LINE ( 'NONE', #3138, #2356 ) ;
#3749 = CARTESIAN_POINT ( 'NONE',  ( 72.05229375688536209, -68.07179676972442905, -6.000000000000000000 ) ) ;
#3750 = CARTESIAN_POINT ( 'NONE',  ( -18.14999999999998082, 65.02664611367345060, -3.000000000000000000 ) ) ;
#3751 = ORIENTED_EDGE ( 'NONE', *, *, #1027, .F. ) ;
#3752 = VECTOR ( 'NONE', #478, 1000.000000000000227 ) ;
#3753 = DIRECTION ( 'NONE',  ( -0.000000000000000000, -0.000000000000000000, 1.000000000000000000 ) ) ;
#3754 = DIRECTION ( 'NONE',  ( -0.5591929034707483481, 0.8290375725550406250, 0.000000000000000000 ) ) ;
#3755 = AXIS2_PLACEMENT_3D ( 'NONE', #2808, #678, #1341 ) ;
#3756 = ORIENTED_EDGE ( 'NONE', *, *, #1365, .F. ) ;
#3757 = EDGE_CURVE ( 'NONE', #388, #3148, #921, .T. ) ;
#3758 = CARTESIAN_POINT ( 'NONE',  ( 16.00000000000007461, -75.00000000000001421, 8.000000000000062172 ) ) ;
#3759 = CIRCLE ( 'NONE', #1466, 2.249999999999996003 ) ;
#3760 = ORIENTED_EDGE ( 'NONE', *, *, #187, .F. ) ;
#3761 = CARTESIAN_POINT ( 'NONE',  ( 21.85000000000000853, 58.02664611367345060, 0.000000000000000000 ) ) ;
#3762 = EDGE_CURVE ( 'NONE', #2280, #388, #2728, .T. ) ;
#3763 = DIRECTION ( 'NONE',  ( 0.8660254037844380415, 0.5000000000000009992, 0.000000000000000000 ) ) ;
#3764 = VECTOR ( 'NONE', #3650, 1000.000000000000000 ) ;
#3765 = ORIENTED_EDGE ( 'NONE', *, *, #129, .F. ) ;
#3766 = VERTEX_POINT ( 'NONE', #2377 ) ;
#3767 = DIRECTION ( 'NONE',  ( 0.000000000000000000, 1.000000000000000000, 0.000000000000000000 ) ) ;
#3768 = DIRECTION ( 'NONE',  ( 0.000000000000000000, 0.000000000000000000, -1.000000000000000000 ) ) ;
#3769 = EDGE_LOOP ( 'NONE', ( #2666, #3672, #3144, #2509 ) ) ;
#3770 = DIRECTION ( 'NONE',  ( 0.000000000000000000, 1.000000000000000000, 0.000000000000000000 ) ) ;
#3771 = CARTESIAN_POINT ( 'NONE',  ( 38.00000000000000711, -67.00000000000004263, 21.00000000000003553 ) ) ;
#3772 = CARTESIAN_POINT ( 'NONE',  ( 75.00000000000000000, 73.74999999999985789, 0.000000000000000000 ) ) ;
#3773 = DIRECTION ( 'NONE',  ( 0.7071067811865460184, 0.7071067811865489050, 0.000000000000000000 ) ) ;
#3774 = DIRECTION ( 'NONE',  ( 1.000000000000000000, 0.000000000000000000, 0.000000000000000000 ) ) ;
#3775 = DIRECTION ( 'NONE',  ( -1.000000000000000000, 0.000000000000000000, 0.000000000000000000 ) ) ;
#3776 = AXIS2_PLACEMENT_3D ( 'NONE', #535, #1761, #1469 ) ;
#3777 = ORIENTED_EDGE ( 'NONE', *, *, #1895, .F. ) ;
#3778 = CARTESIAN_POINT ( 'NONE',  ( -15.49999999999998757, -68.63603896932107773, -0.7499999999999933387 ) ) ;
#3779 = LINE ( 'NONE', #89, #946 ) ;
#3780 = ORIENTED_EDGE ( 'NONE', *, *, #249, .F. ) ;
#3781 = AXIS2_PLACEMENT_3D ( 'NONE', #2057, #777, #225 ) ;
#3782 = DIRECTION ( 'NONE',  ( -0.8660254037844383745, 0.5000000000000004441, 0.000000000000000000 ) ) ;
#3783 = EDGE_CURVE ( 'NONE', #2291, #1274, #3926, .T. ) ;
#3784 = LINE ( 'NONE', #3469, #2084 ) ;
#3785 = VERTEX_POINT ( 'NONE', #3388 ) ;
#3786 = AXIS2_PLACEMENT_3D ( 'NONE', #3233, #2335, #3880 ) ;
#3787 = VERTEX_POINT ( 'NONE', #883 ) ;
#3788 = CARTESIAN_POINT ( 'NONE',  ( 79.25000000000000000, 60.89999999999987068, -6.000000000000000000 ) ) ;
#3789 = DIRECTION ( 'NONE',  ( -1.000000000000000000, 0.000000000000000000, 0.000000000000000000 ) ) ;
#3790 = ORIENTED_EDGE ( 'NONE', *, *, #3448, .F. ) ;
#3791 = CARTESIAN_POINT ( 'NONE',  ( -2.999999999999999556, 119.2132034355963555, -6.000000000000000000 ) ) ;
#3792 = VERTEX_POINT ( 'NONE', #3615 ) ;
#3793 = DIRECTION ( 'NONE',  ( -0.8660254037844383745, 0.5000000000000004441, 0.000000000000000000 ) ) ;
#3794 = DIRECTION ( 'NONE',  ( -0.000000000000000000, -0.000000000000000000, 1.000000000000000000 ) ) ;
#3795 = ORIENTED_EDGE ( 'NONE', *, *, #937, .F. ) ;
#3796 = ADVANCED_FACE ( 'NONE', ( #2746 ), #3370, .T. ) ;
#3797 = ORIENTED_EDGE ( 'NONE', *, *, #1212, .F. ) ;
#3798 = CARTESIAN_POINT ( 'NONE',  ( 12.50000000000001776, 90.65803263805835854, -1.000000000000000000 ) ) ;
#3799 = CARTESIAN_POINT ( 'NONE',  ( -0.000000000000000000, 75.65803263805838696, 0.000000000000000000 ) ) ;
#3800 = EDGE_CURVE ( 'NONE', #2684, #1274, #2143, .T. ) ;
#3801 = DIRECTION ( 'NONE',  ( -0.8660254037844383745, 0.5000000000000004441, 0.000000000000000000 ) ) ;
#3802 = CARTESIAN_POINT ( 'NONE',  ( 21.85000000000000497, 77.97335388632643571, 0.000000000000000000 ) ) ;
#3803 = ORIENTED_EDGE ( 'NONE', *, *, #3245, .T. ) ;
#3804 = EDGE_CURVE ( 'NONE', #3908, #559, #2108, .T. ) ;
#3805 = ORIENTED_EDGE ( 'NONE', *, *, #927, .T. ) ;
#3806 = DIRECTION ( 'NONE',  ( -0.5000000000000006661, -0.8660254037844382635, 0.000000000000000000 ) ) ;
#3807 = DIRECTION ( 'NONE',  ( -0.000000000000000000, -0.000000000000000000, 1.000000000000000000 ) ) ;
#3808 = ADVANCED_FACE ( 'NONE', ( #1758 ), #1776, .T. ) ;
#3809 = ORIENTED_EDGE ( 'NONE', *, *, #2202, .T. ) ;
#3810 = CARTESIAN_POINT ( 'NONE',  ( 1.101830417300350584, -68.89816958269967984, -6.477106566022250433 ) ) ;
#3811 = EDGE_LOOP ( 'NONE', ( #2545, #1973, #1183, #776, #1117, #1958 ) ) ;
#3812 = DIRECTION ( 'NONE',  ( 0.000000000000000000, 0.000000000000000000, -1.000000000000000000 ) ) ;
#3813 =( NAMED_UNIT ( * ) SI_UNIT ( $, .STERADIAN. ) SOLID_ANGLE_UNIT ( ) );
#3814 = ORIENTED_EDGE ( 'NONE', *, *, #1089, .F. ) ;
#3815 = VECTOR ( 'NONE', #3550, 1000.000000000000000 ) ;
#3816 = DIRECTION ( 'NONE',  ( 0.000000000000000000, 0.000000000000000000, 1.000000000000000000 ) ) ;
#3817 = AXIS2_PLACEMENT_3D ( 'NONE', #364, #1876, #2235 ) ;
#3818 = ORIENTED_EDGE ( 'NONE', *, *, #2253, .F. ) ;
#3819 = CARTESIAN_POINT ( 'NONE',  ( 85.09999999999998010, -75.00000000000001421, -2.999999999999995559 ) ) ;
#3820 = ORIENTED_EDGE ( 'NONE', *, *, #398, .F. ) ;
#3821 = LINE ( 'NONE', #1997, #1711 ) ;
#3822 = VECTOR ( 'NONE', #1537, 1000.000000000000000 ) ;
#3823 = EDGE_LOOP ( 'NONE', ( #1579, #1940, #66, #2659, #660 ) ) ;
#3824 = ORIENTED_EDGE ( 'NONE', *, *, #879, .F. ) ;
#3825 = EDGE_LOOP ( 'NONE', ( #589, #1408, #2595, #2967 ) ) ;
#3826 = LINE ( 'NONE', #2361, #1218 ) ;
#3827 = ORIENTED_EDGE ( 'NONE', *, *, #3464, .T. ) ;
#3828 = PLANE ( 'NONE',  #2029 ) ;
#3829 = AXIS2_PLACEMENT_3D ( 'NONE', #3963, #18, #2147 ) ;
#3830 = ORIENTED_EDGE ( 'NONE', *, *, #3106, .F. ) ;
#3831 = CARTESIAN_POINT ( 'NONE',  ( 26.49999999999999645, 80.65803263805818801, 0.000000000000000000 ) ) ;
#3832 = CARTESIAN_POINT ( 'NONE',  ( -17.50000000000000355, 121.0000000000000426, -6.000000000000000000 ) ) ;
#3833 = VERTEX_POINT ( 'NONE', #3979 ) ;
#3834 = DIRECTION ( 'NONE',  ( -0.7071067811865481278, -0.7071067811865469066, 7.009341333409715804E-17 ) ) ;
#3835 = ORIENTED_EDGE ( 'NONE', *, *, #608, .T. ) ;
#3836 = LINE ( 'NONE', #3536, #1140 ) ;
#3837 = DIRECTION ( 'NONE',  ( 1.000000000000000000, 0.000000000000000000, 0.000000000000000000 ) ) ;
#3838 = EDGE_CURVE ( 'NONE', #1448, #1926, #3951, .T. ) ;
#3839 = CARTESIAN_POINT ( 'NONE',  ( 85.09999999999998010, -80.00000000000001421, -2.999999999999995559 ) ) ;
#3840 = ORIENTED_EDGE ( 'NONE', *, *, #3515, .T. ) ;
#3841 = CARTESIAN_POINT ( 'NONE',  ( 12.50000000000001776, 88.65803263805835854, 0.000000000000000000 ) ) ;
#3842 = AXIS2_PLACEMENT_3D ( 'NONE', #775, #1375, #3837 ) ;
#3843 = CARTESIAN_POINT ( 'NONE',  ( -12.99999999999996980, 62.05329222734687278, 0.000000000000000000 ) ) ;
#3844 = DIRECTION ( 'NONE',  ( 0.000000000000000000, 0.000000000000000000, -1.000000000000000000 ) ) ;
#3845 = ORIENTED_EDGE ( 'NONE', *, *, #650, .F. ) ;
#3846 = VECTOR ( 'NONE', #707, 1000.000000000000000 ) ;
#3847 = CARTESIAN_POINT ( 'NONE',  ( 92.09999999999999432, -80.00000000000001421, -10.00000000000000000 ) ) ;
#3848 = ORIENTED_EDGE ( 'NONE', *, *, #2204, .T. ) ;
#3849 = CARTESIAN_POINT ( 'NONE',  ( 6.849999999999994316, 85.97335388632657782, -3.000000000000000000 ) ) ;
#3850 = ORIENTED_EDGE ( 'NONE', *, *, #297, .T. ) ;
#3851 = AXIS2_PLACEMENT_3D ( 'NONE', #162, #435, #2905 ) ;
#3852 = ORIENTED_EDGE ( 'NONE', *, *, #3783, .T. ) ;
#3853 = EDGE_CURVE ( 'NONE', #1276, #3215, #2874, .T. ) ;
#3854 = FACE_OUTER_BOUND ( 'NONE', #1388, .T. ) ;
#3855 = FACE_BOUND ( 'NONE', #694, .T. ) ;
#3856 = AXIS2_PLACEMENT_3D ( 'NONE', #1328, #2599, #3118 ) ;
#3857 = EDGE_LOOP ( 'NONE', ( #3848, #2443, #3688, #1130, #1382, #3038, #1421, #240, #9 ) ) ;
#3858 = CARTESIAN_POINT ( 'NONE',  ( -22.49999999999998934, -80.00000000000001421, -9.400000000000011013 ) ) ;
#3859 = AXIS2_PLACEMENT_3D ( 'NONE', #1564, #2875, #2812 ) ;
#3860 = ORIENTED_EDGE ( 'NONE', *, *, #3659, .T. ) ;
#3861 = DIRECTION ( 'NONE',  ( -0.8660254037844374864, -0.5000000000000018874, -0.000000000000000000 ) ) ;
#3862 = LINE ( 'NONE', #2991, #3588 ) ;
#3863 = DIRECTION ( 'NONE',  ( -1.000000000000000000, 0.000000000000000000, 0.000000000000000000 ) ) ;
#3864 = EDGE_CURVE ( 'NONE', #1161, #864, #2454, .T. ) ;
#3865 = VECTOR ( 'NONE', #1025, 1000.000000000000000 ) ;
#3866 = CARTESIAN_POINT ( 'NONE',  ( 0.000000000000000000, -75.00000000000001421, 8.000000000000062172 ) ) ;
#3867 = DIRECTION ( 'NONE',  ( 1.000000000000000000, 0.000000000000000000, 0.000000000000000000 ) ) ;
#3868 = EDGE_CURVE ( 'NONE', #3792, #17, #3350, .T. ) ;
#3869 = DIRECTION ( 'NONE',  ( -0.8660254037844389297, -0.4999999999999995004, -0.000000000000000000 ) ) ;
#3870 = ORIENTED_EDGE ( 'NONE', *, *, #1392, .T. ) ;
#3871 = DIRECTION ( 'NONE',  ( -1.000000000000000000, 0.000000000000000000, 0.000000000000000000 ) ) ;
#3872 = ORIENTED_EDGE ( 'NONE', *, *, #3705, .F. ) ;
#3873 = DIRECTION ( 'NONE',  ( 0.000000000000000000, 0.000000000000000000, 1.000000000000000000 ) ) ;
#3874 = LINE ( 'NONE', #2984, #1993 ) ;
#3875 = DIRECTION ( 'NONE',  ( 1.000000000000000000, 0.000000000000000000, 0.000000000000000000 ) ) ;
#3876 = DIRECTION ( 'NONE',  ( 1.000000000000000000, 0.000000000000000000, 0.000000000000000000 ) ) ;
#3877 = DIRECTION ( 'NONE',  ( 0.000000000000000000, -1.000000000000000000, 0.000000000000000000 ) ) ;
#3878 = ORIENTED_EDGE ( 'NONE', *, *, #3335, .T. ) ;
#3879 = PLANE ( 'NONE',  #3594 ) ;
#3880 = DIRECTION ( 'NONE',  ( -1.163534038764931419E-16, 1.000000000000000000, 0.000000000000000000 ) ) ;
#3881 = VERTEX_POINT ( 'NONE', #3962 ) ;
#3882 = DIRECTION ( 'NONE',  ( 0.000000000000000000, 1.000000000000000000, 0.000000000000000000 ) ) ;
#3883 = CARTESIAN_POINT ( 'NONE',  ( 26.49999999999999645, 82.65803263805820222, -1.000000000000000000 ) ) ;
#3884 = AXIS2_PLACEMENT_3D ( 'NONE', #3333, #1756, #2630 ) ;
#3885 = LINE ( 'NONE', #3614, #3746 ) ;
#3886 = EDGE_CURVE ( 'NONE', #1889, #3366, #2185, .T. ) ;
#3887 = PLANE ( 'NONE',  #2941 ) ;
#3888 = CIRCLE ( 'NONE', #2026, 2.250000000000000888 ) ;
#3889 = ORIENTED_EDGE ( 'NONE', *, *, #2568, .F. ) ;
#3890 = EDGE_CURVE ( 'NONE', #3239, #3619, #360, .T. ) ;
#3891 = LINE ( 'NONE', #1147, #3020 ) ;
#3892 = VERTEX_POINT ( 'NONE', #3758 ) ;
#3893 = CARTESIAN_POINT ( 'NONE',  ( -22.50000000000000711, 116.0000000000000284, -6.000000000000000000 ) ) ;
#3894 = AXIS2_PLACEMENT_3D ( 'NONE', #832, #3279, #2786 ) ;
#3895 = ORIENTED_EDGE ( 'NONE', *, *, #2517, .T. ) ;
#3896 = EDGE_CURVE ( 'NONE', #3609, #2209, #2866, .T. ) ;
#3897 = VECTOR ( 'NONE', #3736, 1000.000000000000114 ) ;
#3898 = DIRECTION ( 'NONE',  ( -0.000000000000000000, -0.000000000000000000, 1.000000000000000000 ) ) ;
#3899 = DIRECTION ( 'NONE',  ( 1.000000000000000000, 0.000000000000000000, -9.912705577010325549E-17 ) ) ;
#3900 = DIRECTION ( 'NONE',  ( -1.000000000000000000, 0.000000000000000000, 0.000000000000000000 ) ) ;
#3901 = VERTEX_POINT ( 'NONE', #1018 ) ;
#3902 = CARTESIAN_POINT ( 'NONE',  ( 76.72542584212146721, -75.00000000000001421, -10.00000000000000000 ) ) ;
#3903 = DIRECTION ( 'NONE',  ( -0.000000000000000000, -0.000000000000000000, 1.000000000000000000 ) ) ;
#3904 = LINE ( 'NONE', #2016, #2969 ) ;
#3905 = CARTESIAN_POINT ( 'NONE',  ( 79.25000000000000000, 74.24999999999987210, -5.999999999999998224 ) ) ;
#3906 = EDGE_CURVE ( 'NONE', #3713, #1005, #998, .T. ) ;
#3907 = DIRECTION ( 'NONE',  ( 0.7071067811865475727, -0.7071067811865475727, 0.000000000000000000 ) ) ;
#3908 = VERTEX_POINT ( 'NONE', #2164 ) ;
#3909 = VECTOR ( 'NONE', #2519, 1000.000000000000227 ) ;
#3910 = FACE_OUTER_BOUND ( 'NONE', #1325, .T. ) ;
#3911 = DIRECTION ( 'NONE',  ( 0.000000000000000000, 0.000000000000000000, 1.000000000000000000 ) ) ;
#3912 = VECTOR ( 'NONE', #2178, 1000.000000000000000 ) ;
#3913 = EDGE_CURVE ( 'NONE', #1107, #634, #3627, .T. ) ;
#3914 = VERTEX_POINT ( 'NONE', #1592 ) ;
#3915 = DIRECTION ( 'NONE',  ( -0.5773502691896262862, -0.5773502691896262862, 0.5773502691896247319 ) ) ;
#3916 = DIRECTION ( 'NONE',  ( 0.000000000000000000, -1.000000000000000000, 0.000000000000000000 ) ) ;
#3917 = CARTESIAN_POINT ( 'NONE',  ( 26.50000000000003553, 66.65803263805835854, 0.000000000000000000 ) ) ;
#3918 = VERTEX_POINT ( 'NONE', #2252 ) ;
#3919 = FACE_BOUND ( 'NONE', #2236, .T. ) ;
#3920 = VECTOR ( 'NONE', #2036, 1000.000000000000000 ) ;
#3921 = DIRECTION ( 'NONE',  ( 0.000000000000000000, 1.000000000000000000, -0.000000000000000000 ) ) ;
#3922 = CARTESIAN_POINT ( 'NONE',  ( 27.49999999999999645, 82.65803263805820222, 0.000000000000000000 ) ) ;
#3923 = AXIS2_PLACEMENT_3D ( 'NONE', #1155, #2314, #1694 ) ;
#3924 = VECTOR ( 'NONE', #3074, 1000.000000000000000 ) ;
#3925 = DIRECTION ( 'NONE',  ( -0.8660254037844381525, -0.5000000000000007772, -0.000000000000000000 ) ) ;
#3926 = LINE ( 'NONE', #2092, #1774 ) ;
#3927 = EDGE_CURVE ( 'NONE', #2411, #834, #3441, .T. ) ;
#3928 = DIRECTION ( 'NONE',  ( -0.5591929034707483481, 0.8290375725550406250, 0.000000000000000000 ) ) ;
#3929 = DIRECTION ( 'NONE',  ( 0.000000000000000000, 0.000000000000000000, 1.000000000000000000 ) ) ;
#3930 = ORIENTED_EDGE ( 'NONE', *, *, #3783, .F. ) ;
#3931 = EDGE_CURVE ( 'NONE', #1019, #3908, #3695, .T. ) ;
#3932 = FACE_BOUND ( 'NONE', #1684, .T. ) ;
#3933 = EDGE_CURVE ( 'NONE', #3201, #2898, #2541, .T. ) ;
#3934 = DIRECTION ( 'NONE',  ( 1.000000000000000000, 0.000000000000000000, 0.000000000000000000 ) ) ;
#3935 = VERTEX_POINT ( 'NONE', #37 ) ;
#3936 = DIRECTION ( 'NONE',  ( 0.8660254037844388186, 0.4999999999999997224, 0.000000000000000000 ) ) ;
#3937 = EDGE_CURVE ( 'NONE', #2962, #3901, #2521, .T. ) ;
#3938 = DIRECTION ( 'NONE',  ( 0.000000000000000000, 0.000000000000000000, 1.000000000000000000 ) ) ;
#3939 = CARTESIAN_POINT ( 'NONE',  ( 83.50000000000000000, 74.24999999999987210, 0.000000000000000000 ) ) ;
#3940 = LINE ( 'NONE', #2415, #1834 ) ;
#3941 = DIRECTION ( 'NONE',  ( -0.8660254037844378194, -0.5000000000000015543, -0.000000000000000000 ) ) ;
#3942 = CARTESIAN_POINT ( 'NONE',  ( 12.00000000000000355, 88.94670777265318407, -1.000000000000000000 ) ) ;
#3943 = VECTOR ( 'NONE', #3500, 1000.000000000000000 ) ;
#3944 = DIRECTION ( 'NONE',  ( 0.000000000000000000, 0.000000000000000000, 1.000000000000000000 ) ) ;
#3945 = CIRCLE ( 'NONE', #3000, 5.000000000000000888 ) ;
#3946 = VERTEX_POINT ( 'NONE', #321 ) ;
#3947 = EDGE_LOOP ( 'NONE', ( #2413, #2137, #1742, #3977 ) ) ;
#3948 = AXIS2_PLACEMENT_3D ( 'NONE', #2913, #1379, #531 ) ;
#3949 = DIRECTION ( 'NONE',  ( 0.000000000000000000, 0.000000000000000000, 1.000000000000000000 ) ) ;
#3950 = CARTESIAN_POINT ( 'NONE',  ( 0.000000000000000000, -75.00000000000001421, 8.000000000000062172 ) ) ;
#3951 = CIRCLE ( 'NONE', #3442, 3.250000000000002665 ) ;
#3952 = VERTEX_POINT ( 'NONE', #60 ) ;
#3953 = CARTESIAN_POINT ( 'NONE',  ( -7.000000000000006217, 58.00000000000003553, 0.000000000000000000 ) ) ;
#3954 = FACE_BOUND ( 'NONE', #400, .T. ) ;
#3955 = ORIENTED_EDGE ( 'NONE', *, *, #3017, .T. ) ;
#3956 = DIRECTION ( 'NONE',  ( 1.000000000000000000, 0.000000000000000000, 0.000000000000000000 ) ) ;
#3957 = LINE ( 'NONE', #603, #3068 ) ;
#3958 = AXIS2_PLACEMENT_3D ( 'NONE', #1272, #1217, #3372 ) ;
#3959 = CARTESIAN_POINT ( 'NONE',  ( 7.849999999999997868, 37.97335388632660624, -3.000000000000000000 ) ) ;
#3960 = EDGE_CURVE ( 'NONE', #1274, #2399, #3086, .T. ) ;
#3961 = EDGE_LOOP ( 'NONE', ( #2296, #2897, #2636, #2822, #2186, #1903 ) ) ;
#3962 = CARTESIAN_POINT ( 'NONE',  ( 85.09999999999998010, -75.00000000000001421, -0.7499999999999997780 ) ) ;
#3963 = CARTESIAN_POINT ( 'NONE',  ( -15.49999999999998757, -75.00000000000001421, -2.999999999999993783 ) ) ;
#3964 = ORIENTED_EDGE ( 'NONE', *, *, #2343, .F. ) ;
#3965 = DIRECTION ( 'NONE',  ( 0.000000000000000000, 0.000000000000000000, 1.000000000000000000 ) ) ;
#3966 = VERTEX_POINT ( 'NONE', #632 ) ;
#3967 = PLANE ( 'NONE',  #2903 ) ;
#3968 = LINE ( 'NONE', #2445, #2279 ) ;
#3969 = AXIS2_PLACEMENT_3D ( 'NONE', #3256, #483, #2014 ) ;
#3970 = ORIENTED_EDGE ( 'NONE', *, *, #3425, .T. ) ;
#3971 = EDGE_CURVE ( 'NONE', #1291, #2411, #2690, .T. ) ;
#3972 = DIRECTION ( 'NONE',  ( 0.000000000000000000, 0.000000000000000000, -1.000000000000000000 ) ) ;
#3973 = VERTEX_POINT ( 'NONE', #2565 ) ;
#3974 = LINE ( 'NONE', #1516, #906 ) ;
#3975 = AXIS2_PLACEMENT_3D ( 'NONE', #1473, #3873, #2363 ) ;
#3976 = CARTESIAN_POINT ( 'NONE',  ( -18.15000000000000568, 115.9733538863265636, 0.000000000000000000 ) ) ;
#3977 = ORIENTED_EDGE ( 'NONE', *, *, #2738, .F. ) ;
#3978 = EDGE_CURVE ( 'NONE', #1665, #294, #13, .T. ) ;
#3979 = CARTESIAN_POINT ( 'NONE',  ( -15.49999999999998757, -75.00000000000001421, -0.7499999999999933387 ) ) ;
#3980 = AXIS2_PLACEMENT_3D ( 'NONE', #1207, #293, #895 ) ;
#3981 = CARTESIAN_POINT ( 'NONE',  ( 12.50000000000001776, 88.65803263805835854, -1.000000000000000000 ) ) ;
#3982 = EDGE_CURVE ( 'NONE', #3110, #7, #1557, .T. ) ;
#3983 = CARTESIAN_POINT ( 'NONE',  ( 63.59999999999993747, -68.63603896932107773, 17.50000000000000000 ) ) ;
#3984 = VERTEX_POINT ( 'NONE', #674 ) ;
ENDSEC;
END-ISO-10303-21;
