ISO-10303-21;
HEADER;
FILE_DESCRIPTION (( 'STEP AP214' ),
    '1' );
FILE_NAME ('vertical_holder.STEP',
    '2026-07-07T16:31:30',
    ( '' ),
    ( '' ),
    'SwSTEP 2.0',
    'SolidWorks 2026',
    '' );
FILE_SCHEMA (( 'AUTOMOTIVE_DESIGN' ));
ENDSEC;

DATA;
#1 = FACE_BOUND ( 'NONE', #3235, .T. ) ;
#2 = CARTESIAN_POINT ( 'NONE',  ( 0.000000000000000000, 0.000000000000000000, 1.000000000000000000 ) ) ;
#3 = ADVANCED_FACE ( 'NONE', ( #4704 ), #1967, .F. ) ;
#4 = EDGE_LOOP ( 'NONE', ( #2229, #1196, #42, #1111 ) ) ;
#5 = VECTOR ( 'NONE', #5114, 1000.000000000000000 ) ;
#6 = LINE ( 'NONE', #4394, #3884 ) ;
#7 = DIRECTION ( 'NONE',  ( -1.000000000000000000, 1.387778780781444413E-14, 0.000000000000000000 ) ) ;
#8 = ORIENTED_EDGE ( 'NONE', *, *, #155, .T. ) ;
#9 = VERTEX_POINT ( 'NONE', #1097 ) ;
#10 = DIRECTION ( 'NONE',  ( -1.000000000000000000, 0.000000000000000000, 0.000000000000000000 ) ) ;
#11 = EDGE_CURVE ( 'NONE', #1081, #931, #1064, .T. ) ;
#12 = CARTESIAN_POINT ( 'NONE',  ( -22.49999999999998934, -80.00000000000001421, 10.00000000000000000 ) ) ;
#13 = ORIENTED_EDGE ( 'NONE', *, *, #1430, .F. ) ;
#14 = ORIENTED_EDGE ( 'NONE', *, *, #4262, .F. ) ;
#15 = DIRECTION ( 'NONE',  ( -1.000000000000000000, 0.000000000000000000, 0.000000000000000000 ) ) ;
#16 = EDGE_CURVE ( 'NONE', #3242, #4809, #2286, .T. ) ;
#17 = ORIENTED_EDGE ( 'NONE', *, *, #2573, .T. ) ;
#18 = EDGE_CURVE ( 'NONE', #3305, #5170, #3510, .T. ) ;
#19 = ORIENTED_EDGE ( 'NONE', *, *, #4525, .T. ) ;
#20 = CARTESIAN_POINT ( 'NONE',  ( 85.09999999999998010, -80.00000000000001421, 0.7499999999999997780 ) ) ;
#21 = EDGE_LOOP ( 'NONE', ( #950, #4955, #3613, #2390 ) ) ;
#22 = FACE_OUTER_BOUND ( 'NONE', #3823, .T. ) ;
#23 = ORIENTED_EDGE ( 'NONE', *, *, #3990, .T. ) ;
#24 = DIRECTION ( 'NONE',  ( 1.000000000000000000, 0.000000000000000000, 0.000000000000000000 ) ) ;
#25 = CARTESIAN_POINT ( 'NONE',  ( -16.24999999999998579, 68.00000000000002842, 6.000000000000000000 ) ) ;
#26 = EDGE_CURVE ( 'NONE', #2789, #2620, #3541, .T. ) ;
#27 = PLANE ( 'NONE',  #2581 ) ;
#28 = ORIENTED_EDGE ( 'NONE', *, *, #740, .F. ) ;
#29 = VERTEX_POINT ( 'NONE', #3127 ) ;
#30 = ORIENTED_EDGE ( 'NONE', *, *, #303, .F. ) ;
#31 = DIRECTION ( 'NONE',  ( -1.000000000000000000, 0.000000000000000000, 0.000000000000000000 ) ) ;
#32 = LINE ( 'NONE', #4602, #2834 ) ;
#33 = ORIENTED_EDGE ( 'NONE', *, *, #3914, .T. ) ;
#34 = DIRECTION ( 'NONE',  ( 0.000000000000000000, 0.000000000000000000, -1.000000000000000000 ) ) ;
#35 = CARTESIAN_POINT ( 'NONE',  ( -15.49999999999997513, 120.6580326380583585, 1.000000000000000000 ) ) ;
#36 = CYLINDRICAL_SURFACE ( 'NONE', #2572, 3.250000000000002665 ) ;
#37 = EDGE_CURVE ( 'NONE', #1819, #1119, #5105, .T. ) ;
#38 = CARTESIAN_POINT ( 'NONE',  ( 76.75000000000000000, 66.30872994711238277, 6.000000000000000000 ) ) ;
#39 = ORIENTED_EDGE ( 'NONE', *, *, #2305, .T. ) ;
#40 = DIRECTION ( 'NONE',  ( 0.8660254037844384856, 0.5000000000000002220, 0.000000000000000000 ) ) ;
#41 = AXIS2_PLACEMENT_3D ( 'NONE', #3386, #5009, #1362 ) ;
#42 = ORIENTED_EDGE ( 'NONE', *, *, #992, .T. ) ;
#43 = FACE_OUTER_BOUND ( 'NONE', #2432, .T. ) ;
#44 = VECTOR ( 'NONE', #481, 1000.000000000000000 ) ;
#45 = VERTEX_POINT ( 'NONE', #1906 ) ;
#46 = CARTESIAN_POINT ( 'NONE',  ( 71.32935770738205861, -67.00000000000005684, 0.000000000000000000 ) ) ;
#47 = VECTOR ( 'NONE', #2683, 1000.000000000000000 ) ;
#48 = CARTESIAN_POINT ( 'NONE',  ( -7.849999999999978328, 65.02664611367345060, 0.000000000000000000 ) ) ;
#49 = VECTOR ( 'NONE', #1975, 1000.000000000000000 ) ;
#50 = ORIENTED_EDGE ( 'NONE', *, *, #2074, .F. ) ;
#51 = DIRECTION ( 'NONE',  ( -0.5591929034707483481, 0.8290375725550407360, -0.000000000000000000 ) ) ;
#52 = ADVANCED_FACE ( 'NONE', ( #3533 ), #4359, .F. ) ;
#53 = DIRECTION ( 'NONE',  ( 0.000000000000000000, 0.000000000000000000, -1.000000000000000000 ) ) ;
#54 = VECTOR ( 'NONE', #4598, 1000.000000000000000 ) ;
#55 = ORIENTED_EDGE ( 'NONE', *, *, #2262, .T. ) ;
#56 = EDGE_LOOP ( 'NONE', ( #4935, #4721, #3685, #1978, #2751, #598, #4004, #663, #2618, #3836 ) ) ;
#57 = LINE ( 'NONE', #3719, #1953 ) ;
#58 = EDGE_CURVE ( 'NONE', #2165, #5115, #1100, .T. ) ;
#59 = DIRECTION ( 'NONE',  ( -0.000000000000000000, -0.000000000000000000, 1.000000000000000000 ) ) ;
#60 = VECTOR ( 'NONE', #3535, 1000.000000000000000 ) ;
#61 = ORIENTED_EDGE ( 'NONE', *, *, #2383, .T. ) ;
#62 = DIRECTION ( 'NONE',  ( -0.000000000000000000, -0.000000000000000000, 1.000000000000000000 ) ) ;
#63 = CARTESIAN_POINT ( 'NONE',  ( 23.75000000000000711, 61.00000000000003553, 3.000000000000000000 ) ) ;
#64 = DIRECTION ( 'NONE',  ( -9.912705577010325549E-17, 0.000000000000000000, 1.000000000000000000 ) ) ;
#65 = VECTOR ( 'NONE', #3961, 1000.000000000000000 ) ;
#66 = DIRECTION ( 'NONE',  ( -0.000000000000000000, -0.000000000000000000, -1.000000000000000000 ) ) ;
#67 = ORIENTED_EDGE ( 'NONE', *, *, #3684, .F. ) ;
#68 = EDGE_CURVE ( 'NONE', #350, #987, #4318, .T. ) ;
#69 = AXIS2_PLACEMENT_3D ( 'NONE', #3989, #4011, #351 ) ;
#70 = VERTEX_POINT ( 'NONE', #3153 ) ;
#71 = LINE ( 'NONE', #455, #1315 ) ;
#72 = ORIENTED_EDGE ( 'NONE', *, *, #3816, .F. ) ;
#73 = DIRECTION ( 'NONE',  ( 0.000000000000000000, 1.000000000000000000, 0.000000000000000000 ) ) ;
#74 = VECTOR ( 'NONE', #4152, 1000.000000000000114 ) ;
#75 = DIRECTION ( 'NONE',  ( -0.000000000000000000, -0.000000000000000000, -1.000000000000000000 ) ) ;
#76 =( LENGTH_UNIT ( ) NAMED_UNIT ( * ) SI_UNIT ( .MILLI., .METRE. ) );
#77 = VERTEX_POINT ( 'NONE', #3963 ) ;
#78 = LINE ( 'NONE', #4936, #4728 ) ;
#79 = CARTESIAN_POINT ( 'NONE',  ( 10.50000000000001066, 90.65803263805835854, 1.000000000000000000 ) ) ;
#80 = ORIENTED_EDGE ( 'NONE', *, *, #4262, .T. ) ;
#81 = EDGE_CURVE ( 'NONE', #911, #1046, #3937, .T. ) ;
#82 = ORIENTED_EDGE ( 'NONE', *, *, #421, .F. ) ;
#83 = CYLINDRICAL_SURFACE ( 'NONE', #3734, 2.249999999999996003 ) ;
#84 = CARTESIAN_POINT ( 'NONE',  ( 81.28923311626485315, 66.16949683084750689, 10.00000000000000000 ) ) ;
#85 = CARTESIAN_POINT ( 'NONE',  ( -11.49999999999997513, 118.0806823688687217, 0.000000000000000000 ) ) ;
#86 = EDGE_CURVE ( 'NONE', #318, #4902, #669, .T. ) ;
#87 = LINE ( 'NONE', #167, #3531 ) ;
#88 = FACE_BOUND ( 'NONE', #1423, .T. ) ;
#89 = ORIENTED_EDGE ( 'NONE', *, *, #1108, .F. ) ;
#90 = ORIENTED_EDGE ( 'NONE', *, *, #3665, .F. ) ;
#91 = CARTESIAN_POINT ( 'NONE',  ( 25.50000000000000000, 82.65803263805821643, 1.000000000000000000 ) ) ;
#92 = DIRECTION ( 'NONE',  ( 0.7071067811865474617, -0.7071067811865474617, -0.000000000000000000 ) ) ;
#93 = DIRECTION ( 'NONE',  ( -0.000000000000000000, -0.000000000000000000, -1.000000000000000000 ) ) ;
#94 = EDGE_CURVE ( 'NONE', #4817, #3398, #2338, .T. ) ;
#95 = LINE ( 'NONE', #4208, #4140 ) ;
#96 = ORIENTED_EDGE ( 'NONE', *, *, #5260, .T. ) ;
#97 = VERTEX_POINT ( 'NONE', #4760 ) ;
#98 = CARTESIAN_POINT ( 'NONE',  ( 48.33333333333336412, -72.33333333333332860, -5.333333333333357018 ) ) ;
#99 = EDGE_CURVE ( 'NONE', #2245, #2359, #325, .T. ) ;
#100 = DIRECTION ( 'NONE',  ( 0.000000000000000000, -1.000000000000000000, 0.000000000000000000 ) ) ;
#101 = VERTEX_POINT ( 'NONE', #696 ) ;
#102 = CARTESIAN_POINT ( 'NONE',  ( -12.99999999999997691, 107.0532922273468870, 0.000000000000000000 ) ) ;
#103 = VERTEX_POINT ( 'NONE', #1123 ) ;
#104 = CARTESIAN_POINT ( 'NONE',  ( 1.550000000000096412, -1.550000000000096412, -0.000000000000000000 ) ) ;
#105 = FACE_BOUND ( 'NONE', #2898, .T. ) ;
#106 = EDGE_CURVE ( 'NONE', #1487, #2541, #2729, .T. ) ;
#107 = VERTEX_POINT ( 'NONE', #3513 ) ;
#108 = VERTEX_POINT ( 'NONE', #4396 ) ;
#109 = VERTEX_POINT ( 'NONE', #5196 ) ;
#110 = FACE_OUTER_BOUND ( 'NONE', #432, .T. ) ;
#111 = LINE ( 'NONE', #1693, #4805 ) ;
#112 = CARTESIAN_POINT ( 'NONE',  ( 6.849999999999994316, 85.97335388632657782, 3.000000000000000000 ) ) ;
#113 = ORIENTED_EDGE ( 'NONE', *, *, #2743, .F. ) ;
#114 = DIRECTION ( 'NONE',  ( 0.000000000000000000, 0.000000000000000000, 1.000000000000000000 ) ) ;
#115 = CARTESIAN_POINT ( 'NONE',  ( 9.500000000000010658, 87.50333209967909909, 1.000000000000000000 ) ) ;
#116 = FACE_OUTER_BOUND ( 'NONE', #822, .T. ) ;
#117 = EDGE_CURVE ( 'NONE', #1341, #2863, #1539, .T. ) ;
#118 = VERTEX_POINT ( 'NONE', #1464 ) ;
#119 = LINE ( 'NONE', #450, #2190 ) ;
#120 = VERTEX_POINT ( 'NONE', #1069 ) ;
#121 = ORIENTED_EDGE ( 'NONE', *, *, #1266, .T. ) ;
#122 = EDGE_CURVE ( 'NONE', #254, #4058, #2289, .T. ) ;
#123 = DIRECTION ( 'NONE',  ( -1.163534038764931419E-16, 1.000000000000000000, 0.000000000000000000 ) ) ;
#124 = ORIENTED_EDGE ( 'NONE', *, *, #2060, .T. ) ;
#125 = LINE ( 'NONE', #2057, #3080 ) ;
#126 = LINE ( 'NONE', #646, #635 ) ;
#127 = AXIS2_PLACEMENT_3D ( 'NONE', #389, #3119, #1582 ) ;
#128 = ORIENTED_EDGE ( 'NONE', *, *, #2793, .T. ) ;
#129 = DIRECTION ( 'NONE',  ( -0.000000000000000000, 0.000000000000000000, -1.000000000000000000 ) ) ;
#130 = PLANE ( 'NONE',  #3865 ) ;
#131 = AXIS2_PLACEMENT_3D ( 'NONE', #151, #5040, #1389 ) ;
#132 = ORIENTED_EDGE ( 'NONE', *, *, #4274, .F. ) ;
#133 = EDGE_CURVE ( 'NONE', #3475, #1344, #4983, .T. ) ;
#134 = AXIS2_PLACEMENT_3D ( 'NONE', #4763, #2654, #252 ) ;
#135 = DIRECTION ( 'NONE',  ( 1.000000000000000000, 0.000000000000000000, 0.000000000000000000 ) ) ;
#136 = DIRECTION ( 'NONE',  ( -1.000000000000000000, 0.000000000000000000, 0.000000000000000000 ) ) ;
#137 = VECTOR ( 'NONE', #3457, 1000.000000000000000 ) ;
#138 = CARTESIAN_POINT ( 'NONE',  ( 85.09999999999998010, -75.00000000000001421, 2.999999999999995559 ) ) ;
#139 = EDGE_LOOP ( 'NONE', ( #4491, #2820, #1734, #1564, #121, #2661 ) ) ;
#140 = DIRECTION ( 'NONE',  ( -0.000000000000000000, 1.000000000000000000, -0.000000000000000000 ) ) ;
#141 = DIRECTION ( 'NONE',  ( 0.000000000000000000, 0.000000000000000000, -1.000000000000000000 ) ) ;
#142 = CARTESIAN_POINT ( 'NONE',  ( 25.50000000000000000, 80.08068236886856539, 1.000000000000000000 ) ) ;
#143 = CIRCLE ( 'NONE', #3539, 3.250000000000002665 ) ;
#144 = PLANE ( 'NONE',  #1110 ) ;
#145 = CYLINDRICAL_SURFACE ( 'NONE', #4479, 3.250000000000002665 ) ;
#146 = EDGE_CURVE ( 'NONE', #347, #1228, #613, .T. ) ;
#147 = AXIS2_PLACEMENT_3D ( 'NONE', #1504, #4357, #4382 ) ;
#148 = EDGE_CURVE ( 'NONE', #467, #5217, #4632, .T. ) ;
#149 = AXIS2_PLACEMENT_3D ( 'NONE', #2633, #4689, #1874 ) ;
#150 = ORIENTED_EDGE ( 'NONE', *, *, #1445, .T. ) ;
#151 = CARTESIAN_POINT ( 'NONE',  ( 76.75000000000000000, 66.30872994711238277, 10.00000000000000000 ) ) ;
#152 = ORIENTED_EDGE ( 'NONE', *, *, #1417, .T. ) ;
#153 = DIRECTION ( 'NONE',  ( 0.000000000000000000, -0.000000000000000000, -1.000000000000000000 ) ) ;
#154 = CIRCLE ( 'NONE', #1667, 3.250000000000009770 ) ;
#155 = EDGE_CURVE ( 'NONE', #289, #911, #3018, .T. ) ;
#156 = LINE ( 'NONE', #5148, #1997 ) ;
#157 = EDGE_LOOP ( 'NONE', ( #2692, #3660, #1896, #1720 ) ) ;
#158 = LINE ( 'NONE', #4619, #3102 ) ;
#159 = VECTOR ( 'NONE', #4287, 1000.000000000000000 ) ;
#160 = VECTOR ( 'NONE', #4017, 1000.000000000000000 ) ;
#161 = DIRECTION ( 'NONE',  ( 0.000000000000000000, -1.000000000000000000, 0.000000000000000000 ) ) ;
#162 = EDGE_CURVE ( 'NONE', #4812, #1081, #2626, .T. ) ;
#163 = CARTESIAN_POINT ( 'NONE',  ( 25.50000000000000000, 82.65803263805821643, 0.000000000000000000 ) ) ;
#164 = EDGE_LOOP ( 'NONE', ( #232, #3584, #279, #418, #2857, #4810 ) ) ;
#165 = LINE ( 'NONE', #4195, #1868 ) ;
#166 = DIRECTION ( 'NONE',  ( -8.577124726708580637E-17, 1.000000000000000000, 0.000000000000000000 ) ) ;
#167 = CARTESIAN_POINT ( 'NONE',  ( -10.49999999999997513, 120.6580326380583585, 0.000000000000000000 ) ) ;
#168 = ADVANCED_FACE ( 'NONE', ( #4261 ), #144, .F. ) ;
#169 = VERTEX_POINT ( 'NONE', #3352 ) ;
#170 = DIRECTION ( 'NONE',  ( -0.000000000000000000, -1.000000000000000000, -0.000000000000000000 ) ) ;
#171 = CARTESIAN_POINT ( 'NONE',  ( 0.000000000000000000, 0.000000000000000000, 3.000000000000000000 ) ) ;
#172 = DIRECTION ( 'NONE',  ( -1.000000000000000000, 0.000000000000000000, 0.000000000000000000 ) ) ;
#173 = DIRECTION ( 'NONE',  ( 1.000000000000000000, 0.000000000000000000, 0.000000000000000000 ) ) ;
#174 = FACE_OUTER_BOUND ( 'NONE', #575, .T. ) ;
#175 = EDGE_CURVE ( 'NONE', #1399, #634, #1016, .T. ) ;
#176 = VERTEX_POINT ( 'NONE', #5089 ) ;
#177 = PLANE ( 'NONE',  #1912 ) ;
#178 = DIRECTION ( 'NONE',  ( -0.000000000000000000, -1.000000000000000000, -0.000000000000000000 ) ) ;
#179 = ORIENTED_EDGE ( 'NONE', *, *, #2120, .F. ) ;
#180 = ORIENTED_EDGE ( 'NONE', *, *, #37, .T. ) ;
#181 = CARTESIAN_POINT ( 'NONE',  ( 0.000000000000000000, -75.00000000000001421, -8.000000000000062172 ) ) ;
#182 = LINE ( 'NONE', #1854, #2992 ) ;
#183 = ORIENTED_EDGE ( 'NONE', *, *, #3189, .T. ) ;
#184 = LINE ( 'NONE', #2012, #1570 ) ;
#185 = ADVANCED_FACE ( 'NONE', ( #565 ), #3857, .F. ) ;
#186 = CARTESIAN_POINT ( 'NONE',  ( 27.50000000000003553, 66.65803263805835854, 1.000000000000000000 ) ) ;
#187 = DIRECTION ( 'NONE',  ( 0.8660254037844392627, 0.4999999999999990008, 0.000000000000000000 ) ) ;
#188 = ORIENTED_EDGE ( 'NONE', *, *, #4786, .F. ) ;
#189 = ORIENTED_EDGE ( 'NONE', *, *, #4933, .T. ) ;
#190 = DIRECTION ( 'NONE',  ( 0.000000000000000000, 0.000000000000000000, -1.000000000000000000 ) ) ;
#191 = DIRECTION ( 'NONE',  ( -0.000000000000000000, -0.000000000000000000, -1.000000000000000000 ) ) ;
#192 = FACE_OUTER_BOUND ( 'NONE', #4818, .T. ) ;
#193 = DIRECTION ( 'NONE',  ( 1.000000000000000000, 0.000000000000000000, 0.000000000000000000 ) ) ;
#194 = CARTESIAN_POINT ( 'NONE',  ( 3.000000000000003997, -25.00000000000000000, 0.000000000000000000 ) ) ;
#195 = EDGE_CURVE ( 'NONE', #1341, #4533, #1338, .T. ) ;
#196 = ORIENTED_EDGE ( 'NONE', *, *, #4664, .T. ) ;
#197 = CARTESIAN_POINT ( 'NONE',  ( -15.49999999999997513, 120.6580326380583585, 1.000000000000000000 ) ) ;
#198 = LINE ( 'NONE', #5020, #546 ) ;
#199 = ORIENTED_EDGE ( 'NONE', *, *, #5001, .T. ) ;
#200 = ORIENTED_EDGE ( 'NONE', *, *, #1391, .F. ) ;
#201 = CARTESIAN_POINT ( 'NONE',  ( 0.000000000000000000, 0.000000000000000000, 1.000000000000000000 ) ) ;
#202 = LINE ( 'NONE', #2612, #2078 ) ;
#203 = EDGE_CURVE ( 'NONE', #761, #97, #4661, .T. ) ;
#204 = VECTOR ( 'NONE', #4434, 1000.000000000000114 ) ;
#205 = ORIENTED_EDGE ( 'NONE', *, *, #5205, .F. ) ;
#206 = VECTOR ( 'NONE', #2301, 1000.000000000000000 ) ;
#207 = EDGE_CURVE ( 'NONE', #1919, #3054, #2969, .T. ) ;
#208 = CARTESIAN_POINT ( 'NONE',  ( 26.50000000000003553, 66.65803263805835854, 0.000000000000000000 ) ) ;
#209 = DIRECTION ( 'NONE',  ( 0.8660254037844378194, 0.5000000000000015543, 0.000000000000000000 ) ) ;
#210 = ORIENTED_EDGE ( 'NONE', *, *, #2891, .T. ) ;
#211 = DIRECTION ( 'NONE',  ( -0.8660254037844384856, -0.5000000000000003331, 0.000000000000000000 ) ) ;
#212 = EDGE_LOOP ( 'NONE', ( #1086, #5215 ) ) ;
#213 = AXIS2_PLACEMENT_3D ( 'NONE', #4048, #4956, #2080 ) ;
#214 = ORIENTED_EDGE ( 'NONE', *, *, #4774, .F. ) ;
#215 = ORIENTED_EDGE ( 'NONE', *, *, #341, .F. ) ;
#216 = EDGE_CURVE ( 'NONE', #3868, #4397, #489, .T. ) ;
#217 = PLANE ( 'NONE',  #568 ) ;
#218 = AXIS2_PLACEMENT_3D ( 'NONE', #4340, #4309, #2306 ) ;
#219 = LINE ( 'NONE', #247, #3179 ) ;
#220 = VECTOR ( 'NONE', #4410, 1000.000000000000114 ) ;
#221 = DIRECTION ( 'NONE',  ( -0.000000000000000000, 1.000000000000000000, -0.000000000000000000 ) ) ;
#222 = AXIS2_PLACEMENT_3D ( 'NONE', #2288, #1067, #4682 ) ;
#223 = DIRECTION ( 'NONE',  ( 0.000000000000000000, 1.000000000000000000, -0.000000000000000000 ) ) ;
#224 = AXIS2_PLACEMENT_3D ( 'NONE', #3401, #3058, #623 ) ;
#225 = CARTESIAN_POINT ( 'NONE',  ( -7.849999999999996092, 110.0266461136734506, 3.000000000000000000 ) ) ;
#226 = EDGE_LOOP ( 'NONE', ( #19, #4216, #1725, #2185, #4088, #4070 ) ) ;
#227 = DIRECTION ( 'NONE',  ( -0.8660254037844383745, 0.5000000000000004441, 0.000000000000000000 ) ) ;
#228 = DIRECTION ( 'NONE',  ( -0.000000000000000000, -0.000000000000000000, -1.000000000000000000 ) ) ;
#229 = ADVANCED_FACE ( 'NONE', ( #2259 ), #2568, .F. ) ;
#230 = VECTOR ( 'NONE', #4217, 1000.000000000000000 ) ;
#231 = ORIENTED_EDGE ( 'NONE', *, *, #488, .T. ) ;
#232 = ORIENTED_EDGE ( 'NONE', *, *, #341, .T. ) ;
#233 = DIRECTION ( 'NONE',  ( 0.000000000000000000, 0.000000000000000000, -1.000000000000000000 ) ) ;
#234 = DIRECTION ( 'NONE',  ( -1.000000000000000000, 9.104796650538006064E-15, 0.000000000000000000 ) ) ;
#235 = VECTOR ( 'NONE', #1861, 1000.000000000000000 ) ;
#236 = EDGE_LOOP ( 'NONE', ( #3757, #4719 ) ) ;
#237 = AXIS2_PLACEMENT_3D ( 'NONE', #3781, #991, #3046 ) ;
#238 = CARTESIAN_POINT ( 'NONE',  ( 32.15000000000001279, 63.97335388632660624, 3.000000000000000000 ) ) ;
#239 = AXIS2_PLACEMENT_3D ( 'NONE', #5116, #4289, #193 ) ;
#240 = LINE ( 'NONE', #4252, #1577 ) ;
#241 = DIRECTION ( 'NONE',  ( -1.000000000000000000, 0.000000000000000000, 0.000000000000000000 ) ) ;
#242 = DIRECTION ( 'NONE',  ( 0.000000000000000000, 0.000000000000000000, 1.000000000000000000 ) ) ;
#243 = EDGE_LOOP ( 'NONE', ( #337, #517, #3526, #2260 ) ) ;
#244 = ORIENTED_EDGE ( 'NONE', *, *, #3816, .T. ) ;
#245 = EDGE_CURVE ( 'NONE', #3930, #3768, #2546, .T. ) ;
#246 = FACE_OUTER_BOUND ( 'NONE', #3180, .T. ) ;
#247 = CARTESIAN_POINT ( 'NONE',  ( 79.25000000000000000, 60.89999999999987068, 6.000000000000000000 ) ) ;
#248 = DIRECTION ( 'NONE',  ( 0.000000000000000000, 1.000000000000000000, 0.000000000000000000 ) ) ;
#249 = EDGE_LOOP ( 'NONE', ( #5141, #996 ) ) ;
#250 = DIRECTION ( 'NONE',  ( -0.000000000000000000, -0.000000000000000000, -1.000000000000000000 ) ) ;
#251 = CARTESIAN_POINT ( 'NONE',  ( -12.99999999999999112, 107.0532922273468870, 3.000000000000000000 ) ) ;
#252 = DIRECTION ( 'NONE',  ( 1.000000000000000000, 0.000000000000000000, 0.000000000000000000 ) ) ;
#253 = EDGE_CURVE ( 'NONE', #1046, #957, #4180, .T. ) ;
#254 = VERTEX_POINT ( 'NONE', #1787 ) ;
#255 = LINE ( 'NONE', #4790, #383 ) ;
#256 = DIRECTION ( 'NONE',  ( 1.233581138472396704E-15, 1.000000000000000000, -0.000000000000000000 ) ) ;
#257 = ORIENTED_EDGE ( 'NONE', *, *, #1903, .F. ) ;
#258 = CARTESIAN_POINT ( 'NONE',  ( -10.49999999999997513, 117.5033320996790991, 1.000000000000000000 ) ) ;
#259 = DIRECTION ( 'NONE',  ( -0.000000000000000000, -0.000000000000000000, -1.000000000000000000 ) ) ;
#260 = AXIS2_PLACEMENT_3D ( 'NONE', #2504, #3679, #2531 ) ;
#261 = ORIENTED_EDGE ( 'NONE', *, *, #5205, .T. ) ;
#262 = CARTESIAN_POINT ( 'NONE',  ( 9.500000000000010658, 87.50333209967909909, 0.000000000000000000 ) ) ;
#263 = CARTESIAN_POINT ( 'NONE',  ( 26.99999999999999645, 80.94670777265299932, 1.000000000000000000 ) ) ;
#264 = EDGE_CURVE ( 'NONE', #1954, #4136, #3412, .T. ) ;
#265 = LINE ( 'NONE', #1883, #2415 ) ;
#266 = ORIENTED_EDGE ( 'NONE', *, *, #800, .T. ) ;
#267 = ORIENTED_EDGE ( 'NONE', *, *, #2452, .T. ) ;
#268 = DIRECTION ( 'NONE',  ( -0.8660254037844395958, -0.4999999999999982236, 0.000000000000000000 ) ) ;
#269 = LINE ( 'NONE', #2206, #1587 ) ;
#270 = DIRECTION ( 'NONE',  ( 0.000000000000000000, 1.000000000000000000, 0.000000000000000000 ) ) ;
#271 = ORIENTED_EDGE ( 'NONE', *, *, #1186, .F. ) ;
#272 = LINE ( 'NONE', #589, #4572 ) ;
#273 = FACE_OUTER_BOUND ( 'NONE', #3032, .T. ) ;
#274 = DIRECTION ( 'NONE',  ( 1.233581138472396704E-15, 1.000000000000000000, 0.000000000000000000 ) ) ;
#275 = EDGE_CURVE ( 'NONE', #3373, #1831, #2988, .T. ) ;
#276 = VERTEX_POINT ( 'NONE', #2208 ) ;
#277 = CARTESIAN_POINT ( 'NONE',  ( -15.49999999999997513, 120.6580326380583585, 0.000000000000000000 ) ) ;
#278 = CARTESIAN_POINT ( 'NONE',  ( 17.14999999999999858, 80.02664611367346481, 3.000000000000000000 ) ) ;
#279 = ORIENTED_EDGE ( 'NONE', *, *, #1492, .T. ) ;
#280 = ORIENTED_EDGE ( 'NONE', *, *, #3705, .T. ) ;
#281 = ADVANCED_FACE ( 'NONE', ( #192 ), #994, .F. ) ;
#282 = ORIENTED_EDGE ( 'NONE', *, *, #3239, .F. ) ;
#283 = DIRECTION ( 'NONE',  ( -0.000000000000000000, -0.000000000000000000, -1.000000000000000000 ) ) ;
#284 = DIRECTION ( 'NONE',  ( -0.000000000000000000, 1.000000000000000000, -0.000000000000000000 ) ) ;
#285 = ORIENTED_EDGE ( 'NONE', *, *, #4829, .F. ) ;
#286 = CARTESIAN_POINT ( 'NONE',  ( 72.05229375688536209, -68.07179676972442905, 6.000000000000000000 ) ) ;
#287 = DIRECTION ( 'NONE',  ( 0.000000000000000000, -1.000000000000000000, 0.000000000000000000 ) ) ;
#288 = DIRECTION ( 'NONE',  ( 0.000000000000000000, 0.000000000000000000, 1.000000000000000000 ) ) ;
#289 = VERTEX_POINT ( 'NONE', #3106 ) ;
#290 = EDGE_CURVE ( 'NONE', #1655, #3803, #3073, .T. ) ;
#291 = VERTEX_POINT ( 'NONE', #194 ) ;
#292 = FACE_OUTER_BOUND ( 'NONE', #4638, .T. ) ;
#293 = CARTESIAN_POINT ( 'NONE',  ( 26.50000000000003553, 66.65803263805835854, 1.000000000000000000 ) ) ;
#294 = VECTOR ( 'NONE', #92, 1000.000000000000114 ) ;
#295 = DIRECTION ( 'NONE',  ( -0.000000000000000000, -1.000000000000000000, -0.000000000000000000 ) ) ;
#296 = ORIENTED_EDGE ( 'NONE', *, *, #5190, .T. ) ;
#297 = DIRECTION ( 'NONE',  ( -0.4304919886589939071, 0.6382306196432510070, 0.6382306196432576684 ) ) ;
#298 = EDGE_CURVE ( 'NONE', #3667, #2593, #4713, .T. ) ;
#299 = VECTOR ( 'NONE', #3393, 1000.000000000000000 ) ;
#300 = AXIS2_PLACEMENT_3D ( 'NONE', #473, #3341, #2539 ) ;
#301 = CARTESIAN_POINT ( 'NONE',  ( 27.00000000000002487, 66.94670777265318407, 1.000000000000000000 ) ) ;
#302 = DIRECTION ( 'NONE',  ( 1.000000000000000000, 0.000000000000000000, 0.000000000000000000 ) ) ;
#303 = EDGE_CURVE ( 'NONE', #2245, #5217, #2604, .T. ) ;
#304 = AXIS2_PLACEMENT_3D ( 'NONE', #2175, #4169, #1747 ) ;
#305 = DIRECTION ( 'NONE',  ( -0.8660254037844395958, -0.4999999999999982236, 0.000000000000000000 ) ) ;
#306 = ORIENTED_EDGE ( 'NONE', *, *, #4329, .F. ) ;
#307 = ORIENTED_EDGE ( 'NONE', *, *, #4482, .T. ) ;
#308 = CARTESIAN_POINT ( 'NONE',  ( 29.50000000000000000, 79.50333209967894277, 1.000000000000000000 ) ) ;
#309 = VECTOR ( 'NONE', #1777, 1000.000000000000114 ) ;
#310 = DIRECTION ( 'NONE',  ( -0.8660254037844392627, -0.4999999999999989453, 0.000000000000000000 ) ) ;
#311 = EDGE_CURVE ( 'NONE', #1007, #1344, #4238, .T. ) ;
#312 = ORIENTED_EDGE ( 'NONE', *, *, #58, .F. ) ;
#313 = CARTESIAN_POINT ( 'NONE',  ( 25.50000000000002487, 68.65803263805835854, 0.000000000000000000 ) ) ;
#314 = FACE_BOUND ( 'NONE', #1528, .T. ) ;
#315 = ADVANCED_FACE ( 'NONE', ( #615 ), #2211, .F. ) ;
#316 = AXIS2_PLACEMENT_3D ( 'NONE', #3942, #3497, #4765 ) ;
#317 = DIRECTION ( 'NONE',  ( 0.000000000000000000, 0.000000000000000000, -1.000000000000000000 ) ) ;
#318 = VERTEX_POINT ( 'NONE', #1494 ) ;
#319 = ORIENTED_EDGE ( 'NONE', *, *, #2224, .F. ) ;
#320 = AXIS2_PLACEMENT_3D ( 'NONE', #1340, #4157, #515 ) ;
#321 = ORIENTED_EDGE ( 'NONE', *, *, #203, .F. ) ;
#322 = PLANE ( 'NONE',  #1245 ) ;
#323 = FACE_BOUND ( 'NONE', #1465, .T. ) ;
#324 = ADVANCED_FACE ( 'NONE', ( #2653 ), #3436, .T. ) ;
#325 = LINE ( 'NONE', #752, #511 ) ;
#326 = ORIENTED_EDGE ( 'NONE', *, *, #4691, .F. ) ;
#327 = VECTOR ( 'NONE', #1467, 1000.000000000000000 ) ;
#328 = CARTESIAN_POINT ( 'NONE',  ( 18.14999999999999503, 37.97335388632660624, 0.000000000000000000 ) ) ;
#329 = CARTESIAN_POINT ( 'NONE',  ( 21.85000000000000497, 77.97335388632643571, 3.000000000000000000 ) ) ;
#330 = FACE_OUTER_BOUND ( 'NONE', #2465, .T. ) ;
#331 = ADVANCED_FACE ( 'NONE', ( #2993 ), #1869, .T. ) ;
#332 = DIRECTION ( 'NONE',  ( 0.000000000000000000, 0.000000000000000000, 1.000000000000000000 ) ) ;
#333 = ORIENTED_EDGE ( 'NONE', *, *, #2718, .T. ) ;
#334 = ORIENTED_EDGE ( 'NONE', *, *, #369, .T. ) ;
#335 = CARTESIAN_POINT ( 'NONE',  ( 32.15000000000001279, 58.02664611367345771, 0.000000000000000000 ) ) ;
#336 = CARTESIAN_POINT ( 'NONE',  ( 21.85000000000000497, 77.97335388632643571, 3.000000000000000000 ) ) ;
#337 = ORIENTED_EDGE ( 'NONE', *, *, #3718, .T. ) ;
#338 = CIRCLE ( 'NONE', #3300, 7.849999999999996092 ) ;
#339 = LINE ( 'NONE', #1960, #1983 ) ;
#340 = CARTESIAN_POINT ( 'NONE',  ( -18.15000000000000568, 115.9733538863265636, 0.000000000000000000 ) ) ;
#341 = EDGE_CURVE ( 'NONE', #3224, #3215, #1812, .T. ) ;
#342 = LINE ( 'NONE', #1195, #4385 ) ;
#343 = ORIENTED_EDGE ( 'NONE', *, *, #5027, .T. ) ;
#344 = EDGE_LOOP ( 'NONE', ( #2547, #189, #741, #4381, #1816, #385 ) ) ;
#345 = EDGE_LOOP ( 'NONE', ( #1941, #2251, #1054, #1779 ) ) ;
#346 = ADVANCED_FACE ( 'NONE', ( #3890 ), #672, .F. ) ;
#347 = VERTEX_POINT ( 'NONE', #3022 ) ;
#348 = DIRECTION ( 'NONE',  ( 7.671613576165877283E-17, -0.8944271909999158554, -0.4472135954999578722 ) ) ;
#349 = CARTESIAN_POINT ( 'NONE',  ( 28.49999999999999645, 82.65803263805820222, 1.000000000000000000 ) ) ;
#350 = VERTEX_POINT ( 'NONE', #3049 ) ;
#351 = DIRECTION ( 'NONE',  ( -1.000000000000000000, 0.000000000000000000, 0.000000000000000000 ) ) ;
#352 = CARTESIAN_POINT ( 'NONE',  ( 28.49999999999999645, 80.08068236886856539, 3.000000000000000000 ) ) ;
#353 = CARTESIAN_POINT ( 'NONE',  ( -18.14999999999998082, 70.97335388632660624, 3.000000000000000000 ) ) ;
#354 = ORIENTED_EDGE ( 'NONE', *, *, #2049, .T. ) ;
#355 = CARTESIAN_POINT ( 'NONE',  ( 29.50000000000000000, 82.65803263805818801, 0.000000000000000000 ) ) ;
#356 = ORIENTED_EDGE ( 'NONE', *, *, #2424, .F. ) ;
#357 = ADVANCED_FACE ( 'NONE', ( #273 ), #4265, .F. ) ;
#358 = VECTOR ( 'NONE', #2929, 1000.000000000000000 ) ;
#359 = EDGE_LOOP ( 'NONE', ( #3938, #1851, #3207, #2284, #560, #4429, #2549, #2331 ) ) ;
#360 = DIRECTION ( 'NONE',  ( -0.8660254037844388186, 0.4999999999999997780, 0.000000000000000000 ) ) ;
#361 = ORIENTED_EDGE ( 'NONE', *, *, #1933, .F. ) ;
#362 = FACE_OUTER_BOUND ( 'NONE', #2972, .T. ) ;
#363 = ORIENTED_EDGE ( 'NONE', *, *, #1348, .F. ) ;
#364 = CARTESIAN_POINT ( 'NONE',  ( -11.49999999999997513, 118.0806823688687217, 3.000000000000000000 ) ) ;
#365 = LINE ( 'NONE', #1985, #1412 ) ;
#366 = DIRECTION ( 'NONE',  ( -0.000000000000000000, -0.000000000000000000, -1.000000000000000000 ) ) ;
#367 = ORIENTED_EDGE ( 'NONE', *, *, #2691, .F. ) ;
#368 = ORIENTED_EDGE ( 'NONE', *, *, #3499, .F. ) ;
#369 = EDGE_CURVE ( 'NONE', #492, #5166, #4579, .T. ) ;
#370 = CARTESIAN_POINT ( 'NONE',  ( 0.000000000000000000, 0.000000000000000000, 1.000000000000000000 ) ) ;
#371 = FACE_OUTER_BOUND ( 'NONE', #2574, .T. ) ;
#372 = VERTEX_POINT ( 'NONE', #3721 ) ;
#373 = VERTEX_POINT ( 'NONE', #85 ) ;
#374 = DIRECTION ( 'NONE',  ( -0.000000000000000000, 0.000000000000000000, -1.000000000000000000 ) ) ;
#375 = EDGE_CURVE ( 'NONE', #4539, #793, #908, .T. ) ;
#376 = VECTOR ( 'NONE', #73, 1000.000000000000000 ) ;
#377 = ORIENTED_EDGE ( 'NONE', *, *, #303, .T. ) ;
#378 = DIRECTION ( 'NONE',  ( -1.000000000000000000, 0.000000000000000000, 0.000000000000000000 ) ) ;
#379 = CARTESIAN_POINT ( 'NONE',  ( 43.00000000000000000, 55.89999999999984936, 0.000000000000000000 ) ) ;
#380 = DIRECTION ( 'NONE',  ( 0.7071067811865460184, 0.7071067811865489050, 0.000000000000000000 ) ) ;
#381 = EDGE_CURVE ( 'NONE', #3176, #372, #1694, .T. ) ;
#382 = ORIENTED_EDGE ( 'NONE', *, *, #4968, .T. ) ;
#383 = VECTOR ( 'NONE', #3941, 1000.000000000000000 ) ;
#384 = VECTOR ( 'NONE', #1155, 1000.000000000000000 ) ;
#385 = ORIENTED_EDGE ( 'NONE', *, *, #4774, .T. ) ;
#386 = CYLINDRICAL_SURFACE ( 'NONE', #147, 3.250000000000002665 ) ;
#387 = ADVANCED_FACE ( 'NONE', ( #3313 ), #2125, .T. ) ;
#388 = VERTEX_POINT ( 'NONE', #4942 ) ;
#389 = CARTESIAN_POINT ( 'NONE',  ( 24.50000000000002487, 68.65803263805835854, 1.000000000000000000 ) ) ;
#390 = VECTOR ( 'NONE', #4493, 1000.000000000000000 ) ;
#391 = DIRECTION ( 'NONE',  ( -0.000000000000000000, 0.000000000000000000, -1.000000000000000000 ) ) ;
#392 = DIRECTION ( 'NONE',  ( -0.000000000000000000, -0.000000000000000000, -1.000000000000000000 ) ) ;
#393 = DIRECTION ( 'NONE',  ( -1.000000000000000000, 0.000000000000000000, 0.000000000000000000 ) ) ;
#394 = ORIENTED_EDGE ( 'NONE', *, *, #740, .T. ) ;
#395 = ORIENTED_EDGE ( 'NONE', *, *, #5126, .T. ) ;
#396 = VECTOR ( 'NONE', #1452, 1000.000000000000000 ) ;
#397 = ORIENTED_EDGE ( 'NONE', *, *, #3651, .F. ) ;
#398 = DIRECTION ( 'NONE',  ( -0.000000000000000000, 0.000000000000000000, 1.000000000000000000 ) ) ;
#399 = DIRECTION ( 'NONE',  ( 0.000000000000000000, 0.000000000000000000, 1.000000000000000000 ) ) ;
#400 = ADVANCED_FACE ( 'NONE', ( #4625 ), #4279, .T. ) ;
#401 = ORIENTED_EDGE ( 'NONE', *, *, #5031, .T. ) ;
#402 = ORIENTED_EDGE ( 'NONE', *, *, #3699, .T. ) ;
#403 = CARTESIAN_POINT ( 'NONE',  ( 29.50000000000003553, 68.65803263805835854, 1.000000000000000000 ) ) ;
#404 = CARTESIAN_POINT ( 'NONE',  ( 21.85000000000000497, 72.02664611367329428, 3.000000000000000000 ) ) ;
#405 = CIRCLE ( 'NONE', #1089, 3.250000000000004441 ) ;
#406 = AXIS2_PLACEMENT_3D ( 'NONE', #3413, #4126, #3355 ) ;
#407 = DIRECTION ( 'NONE',  ( -1.000000000000000000, 0.000000000000000000, 0.000000000000000000 ) ) ;
#408 = ORIENTED_EDGE ( 'NONE', *, *, #3808, .F. ) ;
#409 = EDGE_CURVE ( 'NONE', #1399, #254, #1849, .T. ) ;
#410 = AXIS2_PLACEMENT_3D ( 'NONE', #4201, #4978, #912 ) ;
#411 = EDGE_CURVE ( 'NONE', #4405, #3445, #405, .T. ) ;
#412 = ORIENTED_EDGE ( 'NONE', *, *, #253, .T. ) ;
#413 = DIRECTION ( 'NONE',  ( 3.812579068080894480E-16, 1.000000000000000000, -0.000000000000000000 ) ) ;
#414 = DIRECTION ( 'NONE',  ( 0.7071067811865474617, -0.7071067811865474617, 0.000000000000000000 ) ) ;
#415 = DIRECTION ( 'NONE',  ( 1.000000000000000000, -0.000000000000000000, -0.000000000000000000 ) ) ;
#416 = CARTESIAN_POINT ( 'NONE',  ( 27.50000000000003553, 66.65803263805835854, 0.000000000000000000 ) ) ;
#417 = CARTESIAN_POINT ( 'NONE',  ( -7.849999999999978328, 70.97335388632660624, 0.000000000000000000 ) ) ;
#418 = ORIENTED_EDGE ( 'NONE', *, *, #1173, .T. ) ;
#419 = ORIENTED_EDGE ( 'NONE', *, *, #1254, .F. ) ;
#420 = VECTOR ( 'NONE', #4205, 1000.000000000000000 ) ;
#421 = EDGE_CURVE ( 'NONE', #797, #1050, #661, .T. ) ;
#422 = DIRECTION ( 'NONE',  ( -1.000000000000000000, 0.000000000000000000, 0.000000000000000000 ) ) ;
#423 = LINE ( 'NONE', #5249, #1915 ) ;
#424 = CARTESIAN_POINT ( 'NONE',  ( 0.000000000000000000, -75.00000000000001421, -8.000000000000062172 ) ) ;
#425 = VERTEX_POINT ( 'NONE', #3482 ) ;
#426 = DIRECTION ( 'NONE',  ( -0.000000000000000000, -0.000000000000000000, -1.000000000000000000 ) ) ;
#427 = DIRECTION ( 'NONE',  ( 0.000000000000000000, 0.000000000000000000, 1.000000000000000000 ) ) ;
#428 = LINE ( 'NONE', #4502, #921 ) ;
#429 = EDGE_CURVE ( 'NONE', #5022, #4108, #3377, .T. ) ;
#430 = ORIENTED_EDGE ( 'NONE', *, *, #4574, .T. ) ;
#431 = ADVANCED_FACE ( 'NONE', ( #1358 ), #1433, .F. ) ;
#432 = EDGE_LOOP ( 'NONE', ( #2254, #584, #3368, #3218 ) ) ;
#433 = PLANE ( 'NONE',  #2168 ) ;
#434 = DIRECTION ( 'NONE',  ( -0.7071067811865451302, -0.7071067811865500152, -0.000000000000000000 ) ) ;
#435 = CARTESIAN_POINT ( 'NONE',  ( 24.49999999999999645, 82.65803263805820222, 1.000000000000000000 ) ) ;
#436 = EDGE_CURVE ( 'NONE', #3354, #2456, #4076, .T. ) ;
#437 = SURFACE_STYLE_FILL_AREA ( #496 ) ;
#438 = DIRECTION ( 'NONE',  ( -1.000000000000000000, 0.000000000000000000, 0.000000000000000000 ) ) ;
#439 = LINE ( 'NONE', #930, #2171 ) ;
#440 = EDGE_LOOP ( 'NONE', ( #2474, #798, #2451, #2926 ) ) ;
#441 = ORIENTED_EDGE ( 'NONE', *, *, #3530, .T. ) ;
#442 = CARTESIAN_POINT ( 'NONE',  ( 28.50000000000003908, 66.08068236886873592, 1.000000000000000000 ) ) ;
#443 = DIRECTION ( 'NONE',  ( 1.000000000000000000, 0.000000000000000000, 0.000000000000000000 ) ) ;
#444 = ADVANCED_FACE ( 'NONE', ( #865 ), #3709, .F. ) ;
#445 = VERTEX_POINT ( 'NONE', #2035 ) ;
#446 = ORIENTED_EDGE ( 'NONE', *, *, #4926, .F. ) ;
#447 = CARTESIAN_POINT ( 'NONE',  ( 28.49999999999999645, 82.65803263805820222, 0.000000000000000000 ) ) ;
#448 = DIRECTION ( 'NONE',  ( 0.000000000000000000, 0.000000000000000000, -1.000000000000000000 ) ) ;
#449 = CARTESIAN_POINT ( 'NONE',  ( -12.49999999999997513, 118.6580326380583585, 1.000000000000000000 ) ) ;
#450 = CARTESIAN_POINT ( 'NONE',  ( 76.47936497355625818, 70.97936497355611607, 10.00000000000000000 ) ) ;
#451 = EDGE_LOOP ( 'NONE', ( #738, #979, #828, #3813 ) ) ;
#452 = VECTOR ( 'NONE', #4383, 1000.000000000000000 ) ;
#453 = EDGE_CURVE ( 'NONE', #2433, #276, #1285, .T. ) ;
#454 = VERTEX_POINT ( 'NONE', #1683 ) ;
#455 = CARTESIAN_POINT ( 'NONE',  ( 21.85000000000000853, 63.97335388632659203, 3.000000000000000000 ) ) ;
#456 = AXIS2_PLACEMENT_3D ( 'NONE', #1022, #1735, #5018 ) ;
#457 = ORIENTED_EDGE ( 'NONE', *, *, #2623, .T. ) ;
#458 = DIRECTION ( 'NONE',  ( 1.000000000000000000, 0.000000000000000000, 0.000000000000000000 ) ) ;
#459 = AXIS2_PLACEMENT_3D ( 'NONE', #404, #2051, #2441 ) ;
#460 = VECTOR ( 'NONE', #1910, 1000.000000000000000 ) ;
#461 = CARTESIAN_POINT ( 'NONE',  ( -22.49999999999998934, -75.00000000000001421, -3.999999999999928946 ) ) ;
#462 = VECTOR ( 'NONE', #2207, 1000.000000000000000 ) ;
#463 = ORIENTED_EDGE ( 'NONE', *, *, #4448, .F. ) ;
#464 = DIRECTION ( 'NONE',  ( 0.000000000000000000, 1.000000000000000000, 0.000000000000000000 ) ) ;
#465 = DIRECTION ( 'NONE',  ( 0.000000000000000000, 0.8944271909999158554, 0.4472135954999579277 ) ) ;
#466 = EDGE_CURVE ( 'NONE', #1188, #4389, #521, .T. ) ;
#467 = VERTEX_POINT ( 'NONE', #48 ) ;
#468 = CIRCLE ( 'NONE', #2482, 2.249999999999995115 ) ;
#469 = EDGE_LOOP ( 'NONE', ( #4326, #3335, #1718, #377 ) ) ;
#470 = ORIENTED_EDGE ( 'NONE', *, *, #3577, .F. ) ;
#471 = PLANE ( 'NONE',  #4843 ) ;
#472 = EDGE_CURVE ( 'NONE', #1911, #4171, #2848, .T. ) ;
#473 = CARTESIAN_POINT ( 'NONE',  ( 12.00000000000000178, 83.00000000000002842, 6.000000000000000000 ) ) ;
#474 = DIRECTION ( 'NONE',  ( 0.5000000000000029976, 0.8660254037844369313, -0.000000000000000000 ) ) ;
#475 = ORIENTED_EDGE ( 'NONE', *, *, #2321, .T. ) ;
#476 = DIRECTION ( 'NONE',  ( -1.000000000000000000, 0.000000000000000000, 0.000000000000000000 ) ) ;
#477 = VECTOR ( 'NONE', #59, 1000.000000000000000 ) ;
#478 = ORIENTED_EDGE ( 'NONE', *, *, #16, .F. ) ;
#479 = FACE_OUTER_BOUND ( 'NONE', #1626, .T. ) ;
#480 = EDGE_CURVE ( 'NONE', #1344, #882, #4932, .T. ) ;
#481 = DIRECTION ( 'NONE',  ( 0.8660254037844388186, 0.4999999999999997224, 0.000000000000000000 ) ) ;
#482 = CARTESIAN_POINT ( 'NONE',  ( -6.830838508926212249, 116.0000000000000284, 6.000000000000000000 ) ) ;
#483 = ORIENTED_EDGE ( 'NONE', *, *, #264, .F. ) ;
#484 = AXIS2_PLACEMENT_3D ( 'NONE', #1197, #4440, #1561 ) ;
#485 = LINE ( 'NONE', #2104, #3631 ) ;
#486 = ORIENTED_EDGE ( 'NONE', *, *, #1459, .F. ) ;
#487 = DIRECTION ( 'NONE',  ( -0.000000000000000000, -0.000000000000000000, -1.000000000000000000 ) ) ;
#488 = EDGE_CURVE ( 'NONE', #3564, #3259, #4531, .T. ) ;
#489 = CIRCLE ( 'NONE', #2193, 5.000000000000000888 ) ;
#490 = VECTOR ( 'NONE', #4183, 999.9999999999998863 ) ;
#491 = EDGE_CURVE ( 'NONE', #967, #2119, #892, .T. ) ;
#492 = VERTEX_POINT ( 'NONE', #2950 ) ;
#493 = CARTESIAN_POINT ( 'NONE',  ( 81.28923311626485315, 66.16949683084750689, 6.000000000000000000 ) ) ;
#494 = FACE_OUTER_BOUND ( 'NONE', #4414, .T. ) ;
#495 = AXIS2_PLACEMENT_3D ( 'NONE', #2853, #2484, #4496 ) ;
#496 = FILL_AREA_STYLE ('',( #4102 ) ) ;
#497 = VERTEX_POINT ( 'NONE', #771 ) ;
#498 = DIRECTION ( 'NONE',  ( -0.000000000000000000, -0.000000000000000000, -1.000000000000000000 ) ) ;
#499 = CARTESIAN_POINT ( 'NONE',  ( 25.50000000000002487, 66.08068236886873592, 1.000000000000000000 ) ) ;
#500 = ORIENTED_EDGE ( 'NONE', *, *, #1194, .F. ) ;
#501 = ORIENTED_EDGE ( 'NONE', *, *, #4044, .F. ) ;
#502 = EDGE_LOOP ( 'NONE', ( #5153, #2594 ) ) ;
#503 = ADVANCED_FACE ( 'NONE', ( #4986 ), #3296, .F. ) ;
#504 = CARTESIAN_POINT ( 'NONE',  ( 51.00000000000007105, -75.00000000000001421, 0.000000000000000000 ) ) ;
#505 = LINE ( 'NONE', #4147, #1495 ) ;
#506 = DIRECTION ( 'NONE',  ( 0.000000000000000000, 0.000000000000000000, 1.000000000000000000 ) ) ;
#507 = LINE ( 'NONE', #4976, #3002 ) ;
#508 = ORIENTED_EDGE ( 'NONE', *, *, #2718, .F. ) ;
#509 = ORIENTED_EDGE ( 'NONE', *, *, #4734, .F. ) ;
#510 = CARTESIAN_POINT ( 'NONE',  ( -7.849999999999978328, 65.02664611367345060, 3.000000000000000000 ) ) ;
#511 = VECTOR ( 'NONE', #4368, 1000.000000000000000 ) ;
#512 = EDGE_CURVE ( 'NONE', #2741, #4059, #4478, .T. ) ;
#513 = CARTESIAN_POINT ( 'NONE',  ( -7.849999999999996092, 115.9733538863265920, 0.000000000000000000 ) ) ;
#514 = CARTESIAN_POINT ( 'NONE',  ( 27.49999999999999645, 80.65803263805818801, 0.000000000000000000 ) ) ;
#515 = DIRECTION ( 'NONE',  ( 0.000000000000000000, -0.000000000000000000, 1.000000000000000000 ) ) ;
#516 = VERTEX_POINT ( 'NONE', #2138 ) ;
#517 = ORIENTED_EDGE ( 'NONE', *, *, #1799, .T. ) ;
#518 = LINE ( 'NONE', #1708, #4455 ) ;
#519 = DIRECTION ( 'NONE',  ( -0.5591929034707483481, 0.8290375725550406250, 0.000000000000000000 ) ) ;
#520 = ADVANCED_FACE ( 'NONE', ( #4559 ), #839, .F. ) ;
#521 = LINE ( 'NONE', #3302, #5175 ) ;
#522 = VERTEX_POINT ( 'NONE', #3731 ) ;
#523 = LINE ( 'NONE', #3634, #726 ) ;
#524 = VERTEX_POINT ( 'NONE', #1706 ) ;
#525 = LINE ( 'NONE', #2954, #645 ) ;
#526 = CARTESIAN_POINT ( 'NONE',  ( 24.49999999999999645, 82.65803263805820222, 0.000000000000000000 ) ) ;
#527 = ORIENTED_EDGE ( 'NONE', *, *, #900, .F. ) ;
#528 = DIRECTION ( 'NONE',  ( -0.000000000000000000, -1.000000000000000000, -0.000000000000000000 ) ) ;
#529 = CARTESIAN_POINT ( 'NONE',  ( 18.14999999999999503, 37.97335388632660624, 3.000000000000000000 ) ) ;
#530 = CARTESIAN_POINT ( 'NONE',  ( 21.85000000000000853, 63.97335388632659203, 3.000000000000000000 ) ) ;
#531 = VERTEX_POINT ( 'NONE', #3324 ) ;
#532 = DIRECTION ( 'NONE',  ( -0.000000000000000000, -0.000000000000000000, -1.000000000000000000 ) ) ;
#533 = ADVANCED_FACE ( 'NONE', ( #4953 ), #1310, .F. ) ;
#534 = DIRECTION ( 'NONE',  ( 0.000000000000000000, 0.000000000000000000, -1.000000000000000000 ) ) ;
#535 = DIRECTION ( 'NONE',  ( 0.000000000000000000, -0.4472135954999579277, 0.8944271909999159664 ) ) ;
#536 = CARTESIAN_POINT ( 'NONE',  ( 8.000000000000007105, -67.00000000000002842, 0.000000000000000000 ) ) ;
#537 = CARTESIAN_POINT ( 'NONE',  ( 21.85000000000000853, 58.02664611367345060, 3.000000000000000000 ) ) ;
#538 = EDGE_CURVE ( 'NONE', #680, #454, #2946, .T. ) ;
#539 = ORIENTED_EDGE ( 'NONE', *, *, #2781, .T. ) ;
#540 = FACE_OUTER_BOUND ( 'NONE', #1813, .T. ) ;
#541 = FACE_OUTER_BOUND ( 'NONE', #2977, .T. ) ;
#542 = ADVANCED_BREP_SHAPE_REPRESENTATION ( 'vertical_holder', ( #1129, #1596 ), #3467 ) ;
#543 = EDGE_LOOP ( 'NONE', ( #1217, #677, #1032, #152, #4228, #2479, #382, #33 ) ) ;
#544 = EDGE_CURVE ( 'NONE', #5191, #4421, #3157, .T. ) ;
#545 = DIRECTION ( 'NONE',  ( 0.000000000000000000, 0.000000000000000000, 1.000000000000000000 ) ) ;
#546 = VECTOR ( 'NONE', #2579, 1000.000000000000000 ) ;
#547 = ORIENTED_EDGE ( 'NONE', *, *, #4600, .F. ) ;
#548 = DIRECTION ( 'NONE',  ( 0.000000000000000000, -0.000000000000000000, -1.000000000000000000 ) ) ;
#549 = FACE_OUTER_BOUND ( 'NONE', #2302, .T. ) ;
#550 = VECTOR ( 'NONE', #3292, 1000.000000000000114 ) ;
#551 = VECTOR ( 'NONE', #2920, 1000.000000000000000 ) ;
#552 = VERTEX_POINT ( 'NONE', #4785 ) ;
#553 = AXIS2_PLACEMENT_3D ( 'NONE', #4660, #4260, #3069 ) ;
#554 = CARTESIAN_POINT ( 'NONE',  ( 26.50000000000003553, 68.65803263805835854, 1.000000000000000000 ) ) ;
#555 = LINE ( 'NONE', #2124, #477 ) ;
#556 = EDGE_CURVE ( 'NONE', #3758, #621, #5224, .T. ) ;
#557 = AXIS2_PLACEMENT_3D ( 'NONE', #2563, #474, #4197 ) ;
#558 = ORIENTED_EDGE ( 'NONE', *, *, #3372, .F. ) ;
#559 = CARTESIAN_POINT ( 'NONE',  ( 12.00000000000000355, 88.94670777265318407, 0.000000000000000000 ) ) ;
#560 = ORIENTED_EDGE ( 'NONE', *, *, #4670, .T. ) ;
#561 = LINE ( 'NONE', #4606, #74 ) ;
#562 = CARTESIAN_POINT ( 'NONE',  ( 21.85000000000000497, 77.97335388632643571, 3.000000000000000000 ) ) ;
#563 = LINE ( 'NONE', #2488, #1822 ) ;
#564 = AXIS2_PLACEMENT_3D ( 'NONE', #2148, #4486, #4965 ) ;
#565 = FACE_OUTER_BOUND ( 'NONE', #359, .T. ) ;
#566 = CARTESIAN_POINT ( 'NONE',  ( 53.72140564481421876, -40.89513753659364426, -9.690451523922590127 ) ) ;
#567 = AXIS2_PLACEMENT_3D ( 'NONE', #3898, #2584, #4597 ) ;
#568 = AXIS2_PLACEMENT_3D ( 'NONE', #370, #398, #1121 ) ;
#569 = ORIENTED_EDGE ( 'NONE', *, *, #2469, .T. ) ;
#570 = DIRECTION ( 'NONE',  ( -0.8660254037844378194, -0.5000000000000015543, 0.000000000000000000 ) ) ;
#571 = PLANE ( 'NONE',  #5049 ) ;
#572 = EDGE_CURVE ( 'NONE', #4389, #276, #2760, .T. ) ;
#573 = VECTOR ( 'NONE', #3390, 1000.000000000000000 ) ;
#574 = VERTEX_POINT ( 'NONE', #1182 ) ;
#575 = EDGE_LOOP ( 'NONE', ( #1805, #1001, #2142, #3487 ) ) ;
#576 = CARTESIAN_POINT ( 'NONE',  ( 28.50000000000003553, 68.65803263805835854, 1.000000000000000000 ) ) ;
#577 = AXIS2_PLACEMENT_3D ( 'NONE', #1058, #4225, #1801 ) ;
#578 = DIRECTION ( 'NONE',  ( -0.000000000000000000, -0.000000000000000000, -1.000000000000000000 ) ) ;
#579 = ORIENTED_EDGE ( 'NONE', *, *, #1072, .T. ) ;
#580 = LINE ( 'NONE', #554, #2957 ) ;
#581 = PLANE ( 'NONE',  #2005 ) ;
#582 = EDGE_LOOP ( 'NONE', ( #649, #1855, #2947, #2790 ) ) ;
#583 = DIRECTION ( 'NONE',  ( 7.671613576165877283E-17, -0.8944271909999158554, -0.4472135954999578722 ) ) ;
#584 = ORIENTED_EDGE ( 'NONE', *, *, #2781, .F. ) ;
#585 = EDGE_CURVE ( 'NONE', #3868, #2696, #2784, .T. ) ;
#586 = CARTESIAN_POINT ( 'NONE',  ( 12.50000000000001776, 88.65803263805835854, 1.000000000000000000 ) ) ;
#587 = DIRECTION ( 'NONE',  ( 1.000000000000000000, 0.000000000000000000, -0.000000000000000000 ) ) ;
#588 = DIRECTION ( 'NONE',  ( -0.000000000000000000, -0.000000000000000000, -1.000000000000000000 ) ) ;
#589 = CARTESIAN_POINT ( 'NONE',  ( 24.50000000000002487, 68.65803263805835854, 1.000000000000000000 ) ) ;
#590 = AXIS2_PLACEMENT_3D ( 'NONE', #504, #2874, #4145 ) ;
#591 = DIRECTION ( 'NONE',  ( 0.000000000000000000, 1.000000000000000000, 0.000000000000000000 ) ) ;
#592 = EDGE_LOOP ( 'NONE', ( #3381, #3317, #1616, #813 ) ) ;
#593 = PLANE ( 'NONE',  #456 ) ;
#594 = EDGE_CURVE ( 'NONE', #3356, #5019, #3694, .T. ) ;
#595 = DIRECTION ( 'NONE',  ( -1.000000000000000000, 0.000000000000000000, 0.000000000000000000 ) ) ;
#596 = EDGE_LOOP ( 'NONE', ( #1371, #4477, #4567, #3081, #1273, #319, #5159, #2194, #4104, #2900, #500, #4839, #3578, #2878, #2825, #2420, #4618 ) ) ;
#597 = ADVANCED_FACE ( 'NONE', ( #3723, #4946 ), #4087, .T. ) ;
#598 = ORIENTED_EDGE ( 'NONE', *, *, #843, .F. ) ;
#599 = LINE ( 'NONE', #653, #3876 ) ;
#600 = LINE ( 'NONE', #1083, #5065 ) ;
#601 = ADVANCED_FACE ( 'NONE', ( #88, #1696 ), #3315, .T. ) ;
#602 = EDGE_LOOP ( 'NONE', ( #3030, #3787, #306, #3260 ) ) ;
#603 = LINE ( 'NONE', #2614, #2118 ) ;
#604 = CARTESIAN_POINT ( 'NONE',  ( -22.50000000000000355, 63.00000000000004263, 6.000000000000000000 ) ) ;
#605 = CARTESIAN_POINT ( 'NONE',  ( 71.40000000000000568, 83.99999999999981526, 6.000000000000005329 ) ) ;
#606 = DIRECTION ( 'NONE',  ( -0.5000000000000003331, 0.8660254037844384856, 0.000000000000000000 ) ) ;
#607 = ORIENTED_EDGE ( 'NONE', *, *, #4616, .F. ) ;
#608 = ORIENTED_EDGE ( 'NONE', *, *, #3056, .T. ) ;
#609 = LINE ( 'NONE', #1410, #2932 ) ;
#610 = VECTOR ( 'NONE', #4013, 1000.000000000000000 ) ;
#611 = CARTESIAN_POINT ( 'NONE',  ( 77.35030966063544611, 66.13332903332911883, -169.8835189181103544 ) ) ;
#612 = EDGE_CURVE ( 'NONE', #859, #4591, #2131, .T. ) ;
#613 = LINE ( 'NONE', #1839, #5016 ) ;
#614 = PLANE ( 'NONE',  #2100 ) ;
#615 = FACE_OUTER_BOUND ( 'NONE', #2410, .T. ) ;
#616 = ORIENTED_EDGE ( 'NONE', *, *, #2120, .T. ) ;
#617 = CARTESIAN_POINT ( 'NONE',  ( 9.500000000000010658, 90.65803263805835854, 1.000000000000000000 ) ) ;
#618 = CARTESIAN_POINT ( 'NONE',  ( 12.00000000000000178, 83.00000000000002842, 3.000000000000000000 ) ) ;
#619 = CARTESIAN_POINT ( 'NONE',  ( -16.24999999999998579, 68.00000000000002842, 3.000000000000000000 ) ) ;
#620 = ORIENTED_EDGE ( 'NONE', *, *, #1536, .T. ) ;
#621 = VERTEX_POINT ( 'NONE', #3752 ) ;
#622 = LINE ( 'NONE', #4301, #4470 ) ;
#623 = DIRECTION ( 'NONE',  ( -1.000000000000000000, 0.000000000000000000, -0.000000000000000000 ) ) ;
#624 = EDGE_CURVE ( 'NONE', #4150, #9, #3384, .T. ) ;
#625 = EDGE_CURVE ( 'NONE', #4996, #954, #5207, .T. ) ;
#626 = ORIENTED_EDGE ( 'NONE', *, *, #4473, .F. ) ;
#627 = AXIS2_PLACEMENT_3D ( 'NONE', #5042, #1390, #4186 ) ;
#628 = DIRECTION ( 'NONE',  ( -0.000000000000000000, -0.000000000000000000, -1.000000000000000000 ) ) ;
#629 = LINE ( 'NONE', #4624, #309 ) ;
#630 = CARTESIAN_POINT ( 'NONE',  ( -18.14999999999998082, 70.97335388632660624, 3.000000000000000000 ) ) ;
#631 = ORIENTED_EDGE ( 'NONE', *, *, #1114, .F. ) ;
#632 = CIRCLE ( 'NONE', #1563, 3.250000000000002665 ) ;
#633 = CARTESIAN_POINT ( 'NONE',  ( 0.000000000000000000, 0.000000000000000000, 0.000000000000000000 ) ) ;
#634 = VERTEX_POINT ( 'NONE', #5221 ) ;
#635 = VECTOR ( 'NONE', #2172, 1000.000000000000000 ) ;
#636 = EDGE_CURVE ( 'NONE', #1171, #3242, #1565, .T. ) ;
#637 = LINE ( 'NONE', #562, #1169 ) ;
#638 = AXIS2_PLACEMENT_3D ( 'NONE', #3659, #366, #5214 ) ;
#639 = FACE_OUTER_BOUND ( 'NONE', #602, .T. ) ;
#640 = CARTESIAN_POINT ( 'NONE',  ( -9.750000000000000000, 113.0000000000000284, 6.000000000000000000 ) ) ;
#641 = ORIENTED_EDGE ( 'NONE', *, *, #837, .F. ) ;
#642 = CARTESIAN_POINT ( 'NONE',  ( 12.99999999999999467, 40.94670777265317696, 3.000000000000000000 ) ) ;
#643 = EDGE_CURVE ( 'NONE', #45, #4727, #775, .T. ) ;
#644 = DIRECTION ( 'NONE',  ( 0.000000000000000000, 1.000000000000000000, 0.000000000000000000 ) ) ;
#645 = VECTOR ( 'NONE', #498, 1000.000000000000000 ) ;
#646 = CARTESIAN_POINT ( 'NONE',  ( -22.49999999999998934, -75.00000000000001421, 10.00000000000000000 ) ) ;
#647 = ORIENTED_EDGE ( 'NONE', *, *, #106, .F. ) ;
#648 = CARTESIAN_POINT ( 'NONE',  ( 92.09999999999999432, -79.40000000000001990, 10.00000000000000000 ) ) ;
#649 = ORIENTED_EDGE ( 'NONE', *, *, #1638, .T. ) ;
#650 = DIRECTION ( 'NONE',  ( 0.000000000000000000, -1.000000000000000000, 0.000000000000000000 ) ) ;
#651 = ORIENTED_EDGE ( 'NONE', *, *, #1792, .F. ) ;
#652 = EDGE_CURVE ( 'NONE', #4985, #1514, #3337, .T. ) ;
#653 = CARTESIAN_POINT ( 'NONE',  ( 25.50000000000000000, 82.65803263805821643, 1.000000000000000000 ) ) ;
#654 = DIRECTION ( 'NONE',  ( 0.000000000000000000, -1.000000000000000000, 0.000000000000000000 ) ) ;
#655 = VECTOR ( 'NONE', #256, 1000.000000000000000 ) ;
#656 = VERTEX_POINT ( 'NONE', #3284 ) ;
#657 = AXIS2_PLACEMENT_3D ( 'NONE', #5146, #4148, #4866 ) ;
#658 = LINE ( 'NONE', #2959, #4116 ) ;
#659 = AXIS2_PLACEMENT_3D ( 'NONE', #4740, #1124, #4236 ) ;
#660 = DIRECTION ( 'NONE',  ( 1.000000000000000000, 0.000000000000000000, 0.000000000000000000 ) ) ;
#661 = LINE ( 'NONE', #605, #3807 ) ;
#662 = PLANE ( 'NONE',  #4114 ) ;
#663 = ORIENTED_EDGE ( 'NONE', *, *, #830, .T. ) ;
#664 = VECTOR ( 'NONE', #140, 1000.000000000000000 ) ;
#665 = ORIENTED_EDGE ( 'NONE', *, *, #3966, .T. ) ;
#666 = EDGE_CURVE ( 'NONE', #1106, #2621, #4972, .T. ) ;
#667 = CARTESIAN_POINT ( 'NONE',  ( 18.14999999999999503, 37.97335388632660624, 3.000000000000000000 ) ) ;
#668 = CARTESIAN_POINT ( 'NONE',  ( -13.00000000000000000, 113.0000000000000284, 6.000000000000000000 ) ) ;
#669 = LINE ( 'NONE', #5173, #2785 ) ;
#670 = FACE_OUTER_BOUND ( 'NONE', #4558, .T. ) ;
#671 = EDGE_CURVE ( 'NONE', #3826, #3687, #2822, .T. ) ;
#672 = PLANE ( 'NONE',  #5255 ) ;
#673 = CARTESIAN_POINT ( 'NONE',  ( 27.49999999999999645, 82.65803263805820222, 0.000000000000000000 ) ) ;
#674 = ORIENTED_EDGE ( 'NONE', *, *, #3641, .F. ) ;
#675 = FACE_OUTER_BOUND ( 'NONE', #3841, .T. ) ;
#676 = DIRECTION ( 'NONE',  ( -0.000000000000000000, -0.000000000000000000, -1.000000000000000000 ) ) ;
#677 = ORIENTED_EDGE ( 'NONE', *, *, #3520, .T. ) ;
#678 = VECTOR ( 'NONE', #1890, 1000.000000000000000 ) ;
#679 = VECTOR ( 'NONE', #3480, 1000.000000000000000 ) ;
#680 = VERTEX_POINT ( 'NONE', #4172 ) ;
#681 = VERTEX_POINT ( 'NONE', #906 ) ;
#682 = DIRECTION ( 'NONE',  ( -1.000000000000000000, 0.000000000000000000, 0.000000000000000000 ) ) ;
#683 = ADVANCED_FACE ( 'NONE', ( #110 ), #4576, .F. ) ;
#684 = CARTESIAN_POINT ( 'NONE',  ( 63.59999999999993747, -80.00000000000001421, -17.50000000000000000 ) ) ;
#685 = EDGE_LOOP ( 'NONE', ( #1571, #2578, #2443, #3329, #3419, #5048 ) ) ;
#686 = FACE_BOUND ( 'NONE', #212, .T. ) ;
#687 = CARTESIAN_POINT ( 'NONE',  ( 28.50000000000003553, 65.50333209967911330, 1.000000000000000000 ) ) ;
#688 = EDGE_CURVE ( 'NONE', #4617, #2696, #1268, .T. ) ;
#689 = PLANE ( 'NONE',  #1742 ) ;
#690 = EDGE_LOOP ( 'NONE', ( #1163, #3013, #2886 ) ) ;
#691 = ORIENTED_EDGE ( 'NONE', *, *, #3156, .T. ) ;
#692 = ORIENTED_EDGE ( 'NONE', *, *, #3321, .T. ) ;
#693 = ORIENTED_EDGE ( 'NONE', *, *, #4700, .F. ) ;
#694 = LINE ( 'NONE', #3934, #3967 ) ;
#695 = PLANE ( 'NONE',  #2495 ) ;
#696 = CARTESIAN_POINT ( 'NONE',  ( -7.000000000000006217, 58.00000000000003553, 6.000000000000000000 ) ) ;
#697 = ORIENTED_EDGE ( 'NONE', *, *, #4482, .F. ) ;
#698 = CARTESIAN_POINT ( 'NONE',  ( 21.85000000000000497, 77.97335388632643571, 0.000000000000000000 ) ) ;
#699 = DIRECTION ( 'NONE',  ( -0.8660254037844392627, 0.4999999999999989453, 0.000000000000000000 ) ) ;
#700 = VECTOR ( 'NONE', #1237, 1000.000000000000000 ) ;
#701 = ADVANCED_FACE ( 'NONE', ( #4112 ), #83, .F. ) ;
#702 = DIRECTION ( 'NONE',  ( 0.000000000000000000, 0.000000000000000000, 1.000000000000000000 ) ) ;
#703 = CARTESIAN_POINT ( 'NONE',  ( 9.500000000000010658, 90.65803263805835854, 1.000000000000000000 ) ) ;
#704 = ORIENTED_EDGE ( 'NONE', *, *, #2192, .T. ) ;
#705 = EDGE_CURVE ( 'NONE', #3221, #3495, #57, .T. ) ;
#706 = EDGE_CURVE ( 'NONE', #4490, #1460, #3663, .T. ) ;
#707 = EDGE_LOOP ( 'NONE', ( #4134, #4021 ) ) ;
#708 = DIRECTION ( 'NONE',  ( -0.000000000000000000, -0.000000000000000000, 1.000000000000000000 ) ) ;
#709 = ORIENTED_EDGE ( 'NONE', *, *, #712, .F. ) ;
#710 = LINE ( 'NONE', #5184, #718 ) ;
#711 = EDGE_LOOP ( 'NONE', ( #3270, #14, #1334, #3043 ) ) ;
#712 = EDGE_CURVE ( 'NONE', #4671, #176, #2901, .T. ) ;
#713 = DIRECTION ( 'NONE',  ( -1.000000000000000000, 0.000000000000000000, 0.000000000000000000 ) ) ;
#714 = CARTESIAN_POINT ( 'NONE',  ( 27.00000000000000355, 74.99999999999984368, 6.000000000000000000 ) ) ;
#715 = PLANE ( 'NONE',  #2244 ) ;
#716 = ORIENTED_EDGE ( 'NONE', *, *, #4616, .T. ) ;
#717 = EDGE_LOOP ( 'NONE', ( #838, #3150, #28, #4266 ) ) ;
#718 = VECTOR ( 'NONE', #1530, 1000.000000000000000 ) ;
#719 = EDGE_LOOP ( 'NONE', ( #326, #3893, #4513, #5197 ) ) ;
#720 = EDGE_CURVE ( 'NONE', #1460, #4894, #4889, .T. ) ;
#721 = CARTESIAN_POINT ( 'NONE',  ( 18.14999999999999503, 37.97335388632660624, 3.000000000000000000 ) ) ;
#722 = FACE_OUTER_BOUND ( 'NONE', #4678, .T. ) ;
#723 = AXIS2_PLACEMENT_3D ( 'NONE', #3527, #1580, #708 ) ;
#724 = DIRECTION ( 'NONE',  ( 1.000000000000000000, 8.577124726708580637E-17, 0.000000000000000000 ) ) ;
#725 = DIRECTION ( 'NONE',  ( -0.000000000000000000, 1.000000000000000000, -0.000000000000000000 ) ) ;
#726 = VECTOR ( 'NONE', #4908, 1000.000000000000000 ) ;
#727 = AXIS2_PLACEMENT_3D ( 'NONE', #2763, #1470, #1897 ) ;
#728 = VECTOR ( 'NONE', #2728, 1000.000000000000000 ) ;
#729 = DIRECTION ( 'NONE',  ( -0.000000000000000000, -0.000000000000000000, -1.000000000000000000 ) ) ;
#730 = CARTESIAN_POINT ( 'NONE',  ( 12.99999999999999822, 35.00000000000002842, 6.000000000000000000 ) ) ;
#731 = AXIS2_PLACEMENT_3D ( 'NONE', #3307, #3797, #3279 ) ;
#732 = EDGE_LOOP ( 'NONE', ( #3014, #539, #1707 ) ) ;
#733 = FACE_OUTER_BOUND ( 'NONE', #4297, .T. ) ;
#734 = ORIENTED_EDGE ( 'NONE', *, *, #2197, .F. ) ;
#735 = VERTEX_POINT ( 'NONE', #932 ) ;
#736 = LINE ( 'NONE', #3196, #3082 ) ;
#737 = VECTOR ( 'NONE', #2304, 1000.000000000000000 ) ;
#738 = ORIENTED_EDGE ( 'NONE', *, *, #2161, .T. ) ;
#739 = CARTESIAN_POINT ( 'NONE',  ( -12.99999999999997868, 118.9467077726531556, 0.000000000000000000 ) ) ;
#740 = EDGE_CURVE ( 'NONE', #2463, #3077, #4545, .T. ) ;
#741 = ORIENTED_EDGE ( 'NONE', *, *, #3926, .T. ) ;
#742 = CARTESIAN_POINT ( 'NONE',  ( 70.39999999999997726, 84.99999999999984368, 6.000000000000000000 ) ) ;
#743 = DIRECTION ( 'NONE',  ( -0.000000000000000000, -1.000000000000000000, -0.000000000000000000 ) ) ;
#744 = VECTOR ( 'NONE', #2256, 1000.000000000000000 ) ;
#745 = CARTESIAN_POINT ( 'NONE',  ( 3.299999999999997158, 121.0000000000000426, 6.000000000000000000 ) ) ;
#746 = ORIENTED_EDGE ( 'NONE', *, *, #3914, .F. ) ;
#747 = ORIENTED_EDGE ( 'NONE', *, *, #3536, .T. ) ;
#748 = ORIENTED_EDGE ( 'NONE', *, *, #81, .F. ) ;
#749 = CIRCLE ( 'NONE', #1002, 2.249999999999996003 ) ;
#750 = LINE ( 'NONE', #2363, #3375 ) ;
#751 = DIRECTION ( 'NONE',  ( 0.5773502691896279515, -0.5773502691896217343, -0.5773502691896276184 ) ) ;
#752 = CARTESIAN_POINT ( 'NONE',  ( -12.99999999999997691, 62.05329222734687278, 3.000000000000000000 ) ) ;
#753 = EDGE_LOOP ( 'NONE', ( #3627, #2387, #361, #4593 ) ) ;
#754 = DIRECTION ( 'NONE',  ( 0.000000000000000000, 0.000000000000000000, 1.000000000000000000 ) ) ;
#755 = EDGE_CURVE ( 'NONE', #2863, #291, #3744, .T. ) ;
#756 = DIRECTION ( 'NONE',  ( 0.8660254037844392627, 0.4999999999999990008, 0.000000000000000000 ) ) ;
#757 = LINE ( 'NONE', #3595, #809 ) ;
#758 = CARTESIAN_POINT ( 'NONE',  ( -14.49999999999997513, 120.6580326380583585, 0.000000000000000000 ) ) ;
#759 = CARTESIAN_POINT ( 'NONE',  ( 79.25000000000000000, 73.74999999999985789, 0.000000000000000000 ) ) ;
#760 = ORIENTED_EDGE ( 'NONE', *, *, #4664, .F. ) ;
#761 = VERTEX_POINT ( 'NONE', #5003 ) ;
#762 = CARTESIAN_POINT ( 'NONE',  ( 85.09999999999998010, -75.00000000000001421, 2.999999999999995559 ) ) ;
#763 = LINE ( 'NONE', #2426, #1055 ) ;
#764 = ADVANCED_FACE ( 'NONE', ( #2537 ), #2152, .F. ) ;
#765 = VECTOR ( 'NONE', #4062, 1000.000000000000227 ) ;
#766 = DIRECTION ( 'NONE',  ( 0.000000000000000000, 0.000000000000000000, 1.000000000000000000 ) ) ;
#767 = FACE_BOUND ( 'NONE', #2298, .T. ) ;
#768 = CARTESIAN_POINT ( 'NONE',  ( 11.50000000000001776, 88.65803263805835854, 1.000000000000000000 ) ) ;
#769 = EDGE_CURVE ( 'NONE', #1943, #1106, #338, .T. ) ;
#770 = ORIENTED_EDGE ( 'NONE', *, *, #253, .F. ) ;
#771 = CARTESIAN_POINT ( 'NONE',  ( 71.09999999999993747, -79.40000000000004832, -25.00000000000000000 ) ) ;
#772 = ORIENTED_EDGE ( 'NONE', *, *, #5130, .T. ) ;
#773 = DIRECTION ( 'NONE',  ( -1.000000000000000000, 0.000000000000000000, 0.000000000000000000 ) ) ;
#774 = PLANE ( 'NONE',  #4633 ) ;
#775 = LINE ( 'NONE', #3798, #2640 ) ;
#776 = ORIENTED_EDGE ( 'NONE', *, *, #2440, .F. ) ;
#777 = DIRECTION ( 'NONE',  ( -0.000000000000000000, -0.000000000000000000, -1.000000000000000000 ) ) ;
#778 = CARTESIAN_POINT ( 'NONE',  ( -22.49999999999999289, -75.00000000000000000, 0.000000000000000000 ) ) ;
#779 = EDGE_CURVE ( 'NONE', #4064, #2524, #1751, .T. ) ;
#780 = ORIENTED_EDGE ( 'NONE', *, *, #4734, .T. ) ;
#781 = CARTESIAN_POINT ( 'NONE',  ( 26.50000000000003553, 68.65803263805835854, 0.000000000000000000 ) ) ;
#782 = DIRECTION ( 'NONE',  ( -0.000000000000000000, -0.000000000000000000, -1.000000000000000000 ) ) ;
#783 = CARTESIAN_POINT ( 'NONE',  ( -12.49999999999997513, 120.6580326380583585, 0.000000000000000000 ) ) ;
#784 = ORIENTED_EDGE ( 'NONE', *, *, #3414, .F. ) ;
#785 = ORIENTED_EDGE ( 'NONE', *, *, #2177, .F. ) ;
#786 = CARTESIAN_POINT ( 'NONE',  ( 51.00000000000007105, -75.00000000000001421, -8.000000000000062172 ) ) ;
#787 = LINE ( 'NONE', #336, #5225 ) ;
#788 = ADVANCED_FACE ( 'NONE', ( #823 ), #471, .T. ) ;
#789 = FACE_BOUND ( 'NONE', #2274, .T. ) ;
#790 = DIRECTION ( 'NONE',  ( -1.000000000000000000, 0.000000000000000000, 0.000000000000000000 ) ) ;
#791 = LINE ( 'NONE', #1139, #2917 ) ;
#792 = VERTEX_POINT ( 'NONE', #442 ) ;
#793 = VERTEX_POINT ( 'NONE', #2064 ) ;
#794 = ORIENTED_EDGE ( 'NONE', *, *, #2884, .F. ) ;
#795 = FACE_OUTER_BOUND ( 'NONE', #1634, .T. ) ;
#796 = DIRECTION ( 'NONE',  ( 0.5000000000000009992, -0.8660254037844380415, 0.000000000000000000 ) ) ;
#797 = VERTEX_POINT ( 'NONE', #3689 ) ;
#798 = ORIENTED_EDGE ( 'NONE', *, *, #860, .F. ) ;
#799 = DIRECTION ( 'NONE',  ( 0.8660254037844377084, -0.5000000000000017764, 0.000000000000000000 ) ) ;
#800 = EDGE_CURVE ( 'NONE', #3908, #1171, #1666, .T. ) ;
#801 = AXIS2_PLACEMENT_3D ( 'NONE', #1346, #458, #4530 ) ;
#802 = ORIENTED_EDGE ( 'NONE', *, *, #1085, .F. ) ;
#803 = LINE ( 'NONE', #4471, #1063 ) ;
#804 = VECTOR ( 'NONE', #3411, 1000.000000000000000 ) ;
#805 = CARTESIAN_POINT ( 'NONE',  ( 18.14999999999999503, 32.02664611367345771, 0.000000000000000000 ) ) ;
#806 = ADVANCED_FACE ( 'NONE', ( #4222 ), #1798, .F. ) ;
#807 = ORIENTED_EDGE ( 'NONE', *, *, #544, .F. ) ;
#808 = VECTOR ( 'NONE', #283, 1000.000000000000000 ) ;
#809 = VECTOR ( 'NONE', #5226, 1000.000000000000000 ) ;
#810 = VECTOR ( 'NONE', #3204, 1000.000000000000000 ) ;
#811 = ORIENTED_EDGE ( 'NONE', *, *, #3239, .T. ) ;
#812 = DIRECTION ( 'NONE',  ( -0.8660254037844380415, -0.5000000000000009992, 0.000000000000000000 ) ) ;
#813 = ORIENTED_EDGE ( 'NONE', *, *, #837, .T. ) ;
#814 = CARTESIAN_POINT ( 'NONE',  ( 63.59999999999993747, -75.00000000000001421, -17.50000000000000000 ) ) ;
#815 = EDGE_CURVE ( 'NONE', #3495, #987, #1825, .T. ) ;
#816 = ORIENTED_EDGE ( 'NONE', *, *, #1653, .F. ) ;
#817 = AXIS2_PLACEMENT_3D ( 'NONE', #1613, #4361, #790 ) ;
#818 = FACE_OUTER_BOUND ( 'NONE', #243, .T. ) ;
#819 = DIRECTION ( 'NONE',  ( 0.000000000000000000, 1.000000000000000000, 0.000000000000000000 ) ) ;
#820 = EDGE_LOOP ( 'NONE', ( #3741, #2641, #4536, #2322 ) ) ;
#821 = CIRCLE ( 'NONE', #2425, 2.249999999999996003 ) ;
#822 = EDGE_LOOP ( 'NONE', ( #1738, #780, #3346, #2509 ) ) ;
#823 = FACE_OUTER_BOUND ( 'NONE', #4032, .T. ) ;
#824 = AXIS2_PLACEMENT_3D ( 'NONE', #4428, #2764, #2028 ) ;
#825 = CARTESIAN_POINT ( 'NONE',  ( 0.000000000000000000, -80.00000000000001421, 0.000000000000000000 ) ) ;
#826 = DIRECTION ( 'NONE',  ( 1.000000000000000000, 0.000000000000000000, 0.000000000000000000 ) ) ;
#827 = ORIENTED_EDGE ( 'NONE', *, *, #4170, .T. ) ;
#828 = ORIENTED_EDGE ( 'NONE', *, *, #3172, .F. ) ;
#829 = CARTESIAN_POINT ( 'NONE',  ( 87.67561686334961735, 84.57561686334940987, 5.999999999999998224 ) ) ;
#830 = EDGE_CURVE ( 'NONE', #3066, #3773, #603, .T. ) ;
#831 = VECTOR ( 'NONE', #4404, 1000.000000000000000 ) ;
#832 = FACE_OUTER_BOUND ( 'NONE', #21, .T. ) ;
#833 = AXIS2_PLACEMENT_3D ( 'NONE', #3466, #1071, #1842 ) ;
#834 = VECTOR ( 'NONE', #3729, 1000.000000000000000 ) ;
#835 = VERTEX_POINT ( 'NONE', #2179 ) ;
#836 = PLANE ( 'NONE',  #4313 ) ;
#837 = EDGE_CURVE ( 'NONE', #120, #4727, #4251, .T. ) ;
#838 = ORIENTED_EDGE ( 'NONE', *, *, #4373, .T. ) ;
#839 = PLANE ( 'NONE',  #1175 ) ;
#840 = ORIENTED_EDGE ( 'NONE', *, *, #68, .F. ) ;
#841 = LINE ( 'NONE', #4074, #4290 ) ;
#842 = DIRECTION ( 'NONE',  ( -0.5591929034707483481, 0.8290375725550406250, 0.000000000000000000 ) ) ;
#843 = EDGE_CURVE ( 'NONE', #1388, #2818, #1431, .T. ) ;
#844 = FACE_OUTER_BOUND ( 'NONE', #2609, .T. ) ;
#845 = DIRECTION ( 'NONE',  ( 1.000000000000000000, 0.000000000000000000, -0.000000000000000000 ) ) ;
#846 = CARTESIAN_POINT ( 'NONE',  ( 10.50000000000001066, 90.65803263805835854, 0.000000000000000000 ) ) ;
#847 = ORIENTED_EDGE ( 'NONE', *, *, #1088, .T. ) ;
#848 = EDGE_LOOP ( 'NONE', ( #4443, #5131, #1547, #231 ) ) ;
#849 = CARTESIAN_POINT ( 'NONE',  ( 32.15000000000001279, 63.97335388632660624, 3.000000000000000000 ) ) ;
#850 = CARTESIAN_POINT ( 'NONE',  ( 26.49999999999999645, 80.65803263805818801, 0.000000000000000000 ) ) ;
#851 = EDGE_LOOP ( 'NONE', ( #4073, #1966, #2767, #4127 ) ) ;
#852 = VERTEX_POINT ( 'NONE', #1856 ) ;
#853 = CARTESIAN_POINT ( 'NONE',  ( -18.15000000000000568, 115.9733538863265636, 1.000000000000000000 ) ) ;
#854 = EDGE_CURVE ( 'NONE', #3803, #1360, #580, .T. ) ;
#855 = CARTESIAN_POINT ( 'NONE',  ( 91.50000000000000000, -80.00000000000001421, 0.000000000000000000 ) ) ;
#856 = CARTESIAN_POINT ( 'NONE',  ( 38.00000000000000711, -28.23340756724423883, -1.616703783622136514 ) ) ;
#857 = LINE ( 'NONE', #38, #831 ) ;
#858 = EDGE_CURVE ( 'NONE', #372, #797, #3037, .T. ) ;
#859 = VERTEX_POINT ( 'NONE', #5081 ) ;
#860 = EDGE_CURVE ( 'NONE', #2119, #2006, #165, .T. ) ;
#861 = EDGE_LOOP ( 'NONE', ( #2085, #3623, #2935, #5174 ) ) ;
#862 = PLANE ( 'NONE',  #1229 ) ;
#863 = VERTEX_POINT ( 'NONE', #208 ) ;
#864 = CARTESIAN_POINT ( 'NONE',  ( 92.09999999999999432, 73.74999999999985789, -169.8835189181103544 ) ) ;
#865 = FACE_OUTER_BOUND ( 'NONE', #1109, .T. ) ;
#866 = EDGE_CURVE ( 'NONE', #4909, #2724, #2280, .T. ) ;
#867 = DIRECTION ( 'NONE',  ( 0.8660254037844381525, -0.5000000000000007772, 0.000000000000000000 ) ) ;
#868 = ORIENTED_EDGE ( 'NONE', *, *, #4025, .F. ) ;
#869 = DIRECTION ( 'NONE',  ( 0.000000000000000000, 0.000000000000000000, 1.000000000000000000 ) ) ;
#870 = PLANE ( 'NONE',  #3182 ) ;
#871 = ORIENTED_EDGE ( 'NONE', *, *, #1126, .F. ) ;
#872 = EDGE_CURVE ( 'NONE', #3803, #1131, #1009, .T. ) ;
#873 = ORIENTED_EDGE ( 'NONE', *, *, #2049, .F. ) ;
#874 = CARTESIAN_POINT ( 'NONE',  ( 11.50000000000001776, 88.65803263805835854, 1.000000000000000000 ) ) ;
#875 = CYLINDRICAL_SURFACE ( 'NONE', #300, 3.250000000000002665 ) ;
#876 = DIRECTION ( 'NONE',  ( -0.000000000000000000, -0.000000000000000000, -1.000000000000000000 ) ) ;
#877 = ORIENTED_EDGE ( 'NONE', *, *, #3107, .T. ) ;
#878 = CARTESIAN_POINT ( 'NONE',  ( -18.15000000000000568, 115.9733538863265636, 3.000000000000000000 ) ) ;
#879 = ADVANCED_FACE ( 'NONE', ( #2642 ), #1401, .F. ) ;
#880 = CARTESIAN_POINT ( 'NONE',  ( 7.849999999999997868, 37.97335388632660624, 0.000000000000000000 ) ) ;
#881 = DIRECTION ( 'NONE',  ( 0.4999999999999999445, 0.8660254037844387076, -0.000000000000000000 ) ) ;
#882 = VERTEX_POINT ( 'NONE', #262 ) ;
#883 = CARTESIAN_POINT ( 'NONE',  ( -10.49999999999997513, 120.6580326380583585, 1.000000000000000000 ) ) ;
#884 = ORIENTED_EDGE ( 'NONE', *, *, #769, .T. ) ;
#885 = CARTESIAN_POINT ( 'NONE',  ( 17.14999999999999858, 80.02664611367346481, 3.000000000000000000 ) ) ;
#886 = AXIS2_PLACEMENT_3D ( 'NONE', #814, #284, #1505 ) ;
#887 = ORIENTED_EDGE ( 'NONE', *, *, #2673, .T. ) ;
#888 = DIRECTION ( 'NONE',  ( -0.000000000000000000, 1.000000000000000000, -0.000000000000000000 ) ) ;
#889 = VECTOR ( 'NONE', #2032, 1000.000000000000000 ) ;
#890 = LINE ( 'NONE', #3708, #3856 ) ;
#891 = UNCERTAINTY_MEASURE_WITH_UNIT (LENGTH_MEASURE( 1.000000000000000082E-05 ), #2252, 'distance_accuracy_value', 'NONE');
#892 = LINE ( 'NONE', #2112, #3463 ) ;
#893 = ADVANCED_FACE ( 'NONE', ( #4276 ), #2248, .F. ) ;
#894 = AXIS2_PLACEMENT_3D ( 'NONE', #2, #3610, #3229 ) ;
#895 = ORIENTED_EDGE ( 'NONE', *, *, #1108, .T. ) ;
#896 = AXIS2_PLACEMENT_3D ( 'NONE', #4835, #5161, #4001 ) ;
#897 = CARTESIAN_POINT ( 'NONE',  ( 51.00000000000007105, -75.00000000000001421, 0.000000000000000000 ) ) ;
#898 = EDGE_LOOP ( 'NONE', ( #3162, #2556, #2062, #1556, #1574, #3418 ) ) ;
#899 = CARTESIAN_POINT ( 'NONE',  ( -13.49999999999997513, 118.6580326380583585, 1.000000000000000000 ) ) ;
#900 = EDGE_CURVE ( 'NONE', #1597, #103, #5106, .T. ) ;
#901 = LINE ( 'NONE', #2870, #4460 ) ;
#902 = VERTEX_POINT ( 'NONE', #4623 ) ;
#903 = ORIENTED_EDGE ( 'NONE', *, *, #1492, .F. ) ;
#904 = VERTEX_POINT ( 'NONE', #4307 ) ;
#905 = AXIS2_PLACEMENT_3D ( 'NONE', #1510, #2329, #5188 ) ;
#906 = CARTESIAN_POINT ( 'NONE',  ( 92.10000000000000853, 78.55234317807440902, 5.999999999999998224 ) ) ;
#907 = DIRECTION ( 'NONE',  ( 0.000000000000000000, 0.000000000000000000, 1.000000000000000000 ) ) ;
#908 = LINE ( 'NONE', #4974, #4571 ) ;
#909 = FACE_OUTER_BOUND ( 'NONE', #2897, .T. ) ;
#910 = VECTOR ( 'NONE', #51, 1000.000000000000000 ) ;
#911 = VERTEX_POINT ( 'NONE', #1056 ) ;
#912 = DIRECTION ( 'NONE',  ( -0.000000000000000000, 0.000000000000000000, -1.000000000000000000 ) ) ;
#913 = CARTESIAN_POINT ( 'NONE',  ( -0.000000000000000000, -67.00000000000002842, 0.000000000000000000 ) ) ;
#914 = DIRECTION ( 'NONE',  ( 0.000000000000000000, -1.000000000000000000, 0.000000000000000000 ) ) ;
#915 = EDGE_CURVE ( 'NONE', #3221, #2913, #658, .T. ) ;
#916 = AXIS2_PLACEMENT_3D ( 'NONE', #3078, #5098, #1449 ) ;
#917 = CARTESIAN_POINT ( 'NONE',  ( 15.25000000000000533, 83.00000000000002842, 3.000000000000000000 ) ) ;
#918 = ORIENTED_EDGE ( 'NONE', *, *, #1277, .F. ) ;
#919 = DIRECTION ( 'NONE',  ( 0.8660254037844381525, 0.5000000000000007772, 0.000000000000000000 ) ) ;
#920 = AXIS2_PLACEMENT_3D ( 'NONE', #2160, #5061, #964 ) ;
#921 = VECTOR ( 'NONE', #1603, 1000.000000000000000 ) ;
#922 = ORIENTED_EDGE ( 'NONE', *, *, #3380, .F. ) ;
#923 = FACE_OUTER_BOUND ( 'NONE', #3599, .T. ) ;
#924 = ORIENTED_EDGE ( 'NONE', *, *, #245, .F. ) ;
#925 = LINE ( 'NONE', #3735, #1392 ) ;
#926 = CARTESIAN_POINT ( 'NONE',  ( 79.25000000000000000, 60.89999999999987068, 10.00000000000000000 ) ) ;
#927 = ORIENTED_EDGE ( 'NONE', *, *, #2255, .T. ) ;
#928 = PLANE ( 'NONE',  #3187 ) ;
#929 = EDGE_CURVE ( 'NONE', #2658, #1062, #3903, .T. ) ;
#930 = CARTESIAN_POINT ( 'NONE',  ( 13.50000000000000533, 88.08068236886873592, 3.000000000000000000 ) ) ;
#931 = VERTEX_POINT ( 'NONE', #3504 ) ;
#932 = CARTESIAN_POINT ( 'NONE',  ( 29.50000000000003553, 65.50333209967911330, 0.000000000000000000 ) ) ;
#933 = EDGE_CURVE ( 'NONE', #835, #372, #1321, .T. ) ;
#934 = DIRECTION ( 'NONE',  ( 0.000000000000000000, 0.000000000000000000, 1.000000000000000000 ) ) ;
#935 = CARTESIAN_POINT ( 'NONE',  ( -2.099999999999956124, -80.00000000000001421, -24.40000000000004121 ) ) ;
#936 = DIRECTION ( 'NONE',  ( 0.8660254037844382635, 0.5000000000000006661, 0.000000000000000000 ) ) ;
#937 = EDGE_CURVE ( 'NONE', #4830, #656, #184, .T. ) ;
#938 = CARTESIAN_POINT ( 'NONE',  ( 13.00000000000000178, 29.05329222734688344, 0.000000000000000000 ) ) ;
#939 = FACE_OUTER_BOUND ( 'NONE', #1077, .T. ) ;
#940 = CARTESIAN_POINT ( 'NONE',  ( -17.50000000000000355, 116.0000000000000284, 0.000000000000000000 ) ) ;
#941 = ORIENTED_EDGE ( 'NONE', *, *, #99, .T. ) ;
#942 = DIRECTION ( 'NONE',  ( -0.5773502691896267303, 0.5773502691896252870, -0.5773502691896251759 ) ) ;
#943 = EDGE_LOOP ( 'NONE', ( #4187, #4510, #3676, #4294 ) ) ;
#944 = EDGE_CURVE ( 'NONE', #3922, #681, #4772, .T. ) ;
#945 = ORIENTED_EDGE ( 'NONE', *, *, #1818, .F. ) ;
#946 = CARTESIAN_POINT ( 'NONE',  ( 8.000000000000003553, -25.00000000000000000, 0.000000000000000000 ) ) ;
#947 = DIRECTION ( 'NONE',  ( 0.8954827347775138335, 0.4450962499453179344, 0.000000000000000000 ) ) ;
#948 = EDGE_CURVE ( 'NONE', #5247, #4588, #2494, .T. ) ;
#949 = PLANE ( 'NONE',  #3353 ) ;
#950 = ORIENTED_EDGE ( 'NONE', *, *, #1550, .T. ) ;
#951 = FACE_BOUND ( 'NONE', #1160, .T. ) ;
#952 = DIRECTION ( 'NONE',  ( 0.8660254037844388186, 0.4999999999999997224, 0.000000000000000000 ) ) ;
#953 = EDGE_CURVE ( 'NONE', #2998, #1846, #1585, .T. ) ;
#954 = VERTEX_POINT ( 'NONE', #1481 ) ;
#955 = DIRECTION ( 'NONE',  ( -0.000000000000000000, -0.000000000000000000, -1.000000000000000000 ) ) ;
#956 = CARTESIAN_POINT ( 'NONE',  ( -13.49999999999997513, 118.6580326380583585, 1.000000000000000000 ) ) ;
#957 = VERTEX_POINT ( 'NONE', #313 ) ;
#958 = DIRECTION ( 'NONE',  ( -0.000000000000000000, -1.000000000000000000, -0.000000000000000000 ) ) ;
#959 = ORIENTED_EDGE ( 'NONE', *, *, #1887, .F. ) ;
#960 = LINE ( 'NONE', #510, #3389 ) ;
#961 = DIRECTION ( 'NONE',  ( -0.000000000000000000, -0.000000000000000000, -1.000000000000000000 ) ) ;
#962 = PLANE ( 'NONE',  #3345 ) ;
#963 = CARTESIAN_POINT ( 'NONE',  ( 2.999999999999995115, 48.00000000000002132, 0.000000000000000000 ) ) ;
#964 = DIRECTION ( 'NONE',  ( 1.000000000000000000, 0.000000000000000000, 0.000000000000000000 ) ) ;
#965 = ADVANCED_FACE ( 'NONE', ( #1984, #3091 ), #1531, .T. ) ;
#966 = DIRECTION ( 'NONE',  ( -0.7071067811865474617, 0.7071067811865474617, 0.000000000000000000 ) ) ;
#967 = VERTEX_POINT ( 'NONE', #4729 ) ;
#968 = DIRECTION ( 'NONE',  ( 5.498853076140275604E-15, 1.000000000000000000, 0.000000000000000000 ) ) ;
#969 = ORIENTED_EDGE ( 'NONE', *, *, #2573, .F. ) ;
#970 = DIRECTION ( 'NONE',  ( 0.5000000000000004441, 0.8660254037844383745, -0.000000000000000000 ) ) ;
#971 = ORIENTED_EDGE ( 'NONE', *, *, #705, .F. ) ;
#972 = VECTOR ( 'NONE', #3700, 1000.000000000000000 ) ;
#973 = ORIENTED_EDGE ( 'NONE', *, *, #652, .T. ) ;
#974 = FACE_OUTER_BOUND ( 'NONE', #157, .T. ) ;
#975 = CARTESIAN_POINT ( 'NONE',  ( 79.25000000000000000, 73.74999999999985789, 0.000000000000000000 ) ) ;
#976 = VECTOR ( 'NONE', #1104, 1000.000000000000114 ) ;
#977 = ADVANCED_FACE ( 'NONE', ( #2774, #686, #789, #3927, #3146, #5242, #3121 ), #3202, .F. ) ;
#978 = VECTOR ( 'NONE', #570, 1000.000000000000000 ) ;
#979 = ORIENTED_EDGE ( 'NONE', *, *, #5177, .F. ) ;
#980 = VECTOR ( 'NONE', #1918, 1000.000000000000000 ) ;
#981 = DIRECTION ( 'NONE',  ( -0.8660254037844389297, -0.4999999999999995004, 0.000000000000000000 ) ) ;
#982 = CARTESIAN_POINT ( 'NONE',  ( -13.00000000000000000, 113.0000000000000284, 6.000000000000000000 ) ) ;
#983 = DIRECTION ( 'NONE',  ( -0.000000000000000000, 0.000000000000000000, -1.000000000000000000 ) ) ;
#984 = CIRCLE ( 'NONE', #2336, 3.250000000000001332 ) ;
#985 = CARTESIAN_POINT ( 'NONE',  ( 3.000000000000008882, -67.00000000000001421, -21.00000000000001421 ) ) ;
#986 = ORIENTED_EDGE ( 'NONE', *, *, #3055, .F. ) ;
#987 = VERTEX_POINT ( 'NONE', #4360 ) ;
#988 = DIRECTION ( 'NONE',  ( 0.8660254037844377084, -0.5000000000000017764, 0.000000000000000000 ) ) ;
#989 = CARTESIAN_POINT ( 'NONE',  ( 26.50000000000003553, 66.65803263805835854, 1.000000000000000000 ) ) ;
#990 = VECTOR ( 'NONE', #2961, 1000.000000000000000 ) ;
#991 = DIRECTION ( 'NONE',  ( -0.000000000000000000, -1.000000000000000000, -0.000000000000000000 ) ) ;
#992 = EDGE_CURVE ( 'NONE', #3703, #9, #2991, .T. ) ;
#993 = DIRECTION ( 'NONE',  ( 0.000000000000000000, 1.000000000000000000, 0.000000000000000000 ) ) ;
#994 = CYLINDRICAL_SURFACE ( 'NONE', #833, 2.250000000000000888 ) ;
#995 = AXIS2_PLACEMENT_3D ( 'NONE', #2705, #1039, #4284 ) ;
#996 = ORIENTED_EDGE ( 'NONE', *, *, #4896, .F. ) ;
#997 = EDGE_CURVE ( 'NONE', #373, #3354, #5212, .T. ) ;
#998 = LINE ( 'NONE', #1157, #4630 ) ;
#999 = ORIENTED_EDGE ( 'NONE', *, *, #4795, .F. ) ;
#1000 = CARTESIAN_POINT ( 'NONE',  ( -12.99999999999997868, 118.9467077726531556, 3.000000000000000000 ) ) ;
#1001 = ORIENTED_EDGE ( 'NONE', *, *, #3321, .F. ) ;
#1002 = AXIS2_PLACEMENT_3D ( 'NONE', #2290, #1493, #1920 ) ;
#1003 = ORIENTED_EDGE ( 'NONE', *, *, #3444, .F. ) ;
#1004 = FACE_OUTER_BOUND ( 'NONE', #1354, .T. ) ;
#1005 = VECTOR ( 'NONE', #725, 1000.000000000000000 ) ;
#1006 = CARTESIAN_POINT ( 'NONE',  ( 92.09999999999999432, 73.74999999999985789, 6.000000000000000000 ) ) ;
#1007 = VERTEX_POINT ( 'NONE', #2697 ) ;
#1008 = EDGE_CURVE ( 'NONE', #4961, #97, #4337, .T. ) ;
#1009 = LINE ( 'NONE', #2560, #4339 ) ;
#1010 = LINE ( 'NONE', #2615, #1161 ) ;
#1011 = CARTESIAN_POINT ( 'NONE',  ( 12.99999999999999822, 35.00000000000002842, 3.000000000000000000 ) ) ;
#1012 = LINE ( 'NONE', #1059, #2493 ) ;
#1013 = VERTEX_POINT ( 'NONE', #286 ) ;
#1014 = CARTESIAN_POINT ( 'NONE',  ( 87.67561686334961735, 84.57561686334940987, -25.00000000000002132 ) ) ;
#1015 = PLANE ( 'NONE',  #222 ) ;
#1016 = LINE ( 'NONE', #640, #4067 ) ;
#1017 = CARTESIAN_POINT ( 'NONE',  ( 25.50000000000000000, 82.65803263805821643, 0.000000000000000000 ) ) ;
#1018 = VECTOR ( 'NONE', #1376, 1000.000000000000000 ) ;
#1019 = VECTOR ( 'NONE', #1244, 1000.000000000000000 ) ;
#1020 = DIRECTION ( 'NONE',  ( 1.000000000000000000, 0.000000000000000000, 0.000000000000000000 ) ) ;
#1021 = EDGE_LOOP ( 'NONE', ( #4862, #3075, #1142, #1990 ) ) ;
#1022 = CARTESIAN_POINT ( 'NONE',  ( 2.999999999999995115, 48.00000000000002132, 0.000000000000000000 ) ) ;
#1023 = EDGE_CURVE ( 'NONE', #5245, #3758, #3561, .T. ) ;
#1024 = DIRECTION ( 'NONE',  ( 0.000000000000000000, -1.000000000000000000, 0.000000000000000000 ) ) ;
#1025 = LINE ( 'NONE', #3521, #4133 ) ;
#1026 = ORIENTED_EDGE ( 'NONE', *, *, #3625, .F. ) ;
#1027 = ORIENTED_EDGE ( 'NONE', *, *, #1259, .F. ) ;
#1028 = ORIENTED_EDGE ( 'NONE', *, *, #3474, .F. ) ;
#1029 = CARTESIAN_POINT ( 'NONE',  ( -7.849999999999996092, 110.0266461136734506, 3.000000000000000000 ) ) ;
#1030 = DIRECTION ( 'NONE',  ( 0.000000000000000000, 0.000000000000000000, 1.000000000000000000 ) ) ;
#1031 = EDGE_CURVE ( 'NONE', #859, #1487, #1136, .T. ) ;
#1032 = ORIENTED_EDGE ( 'NONE', *, *, #4541, .T. ) ;
#1033 = DIRECTION ( 'NONE',  ( 1.000000000000000000, -0.000000000000000000, -0.000000000000000000 ) ) ;
#1034 = DIRECTION ( 'NONE',  ( 0.000000000000000000, 0.000000000000000000, 1.000000000000000000 ) ) ;
#1035 = DIRECTION ( 'NONE',  ( -0.7071067811865460184, -0.7071067811865490160, 0.000000000000000000 ) ) ;
#1036 = EDGE_CURVE ( 'NONE', #904, #4617, #4027, .T. ) ;
#1037 =( NAMED_UNIT ( * ) SI_UNIT ( $, .STERADIAN. ) SOLID_ANGLE_UNIT ( ) );
#1038 = VERTEX_POINT ( 'NONE', #3978 ) ;
#1039 = DIRECTION ( 'NONE',  ( 1.000000000000000000, 0.000000000000000000, -0.000000000000000000 ) ) ;
#1040 = VECTOR ( 'NONE', #40, 1000.000000000000227 ) ;
#1041 = DIRECTION ( 'NONE',  ( 0.000000000000000000, 0.000000000000000000, -1.000000000000000000 ) ) ;
#1042 = DIRECTION ( 'NONE',  ( -0.000000000000000000, 0.000000000000000000, -1.000000000000000000 ) ) ;
#1043 = CARTESIAN_POINT ( 'NONE',  ( -18.15000000000000568, 115.9733538863265636, 0.000000000000000000 ) ) ;
#1044 = ADVANCED_FACE ( 'NONE', ( #5187 ), #3534, .F. ) ;
#1045 = CARTESIAN_POINT ( 'NONE',  ( 71.40000000000000568, 73.74999999999984368, 0.000000000000000000 ) ) ;
#1046 = VERTEX_POINT ( 'NONE', #3954 ) ;
#1047 = CARTESIAN_POINT ( 'NONE',  ( 21.85000000000000853, 63.97335388632659203, 1.000000000000000000 ) ) ;
#1048 = LINE ( 'NONE', #5180, #4565 ) ;
#1049 = VERTEX_POINT ( 'NONE', #4386 ) ;
#1050 = VERTEX_POINT ( 'NONE', #742 ) ;
#1051 = LINE ( 'NONE', #4272, #1333 ) ;
#1052 = CARTESIAN_POINT ( 'NONE',  ( 32.15000000000001279, 58.02664611367345771, 3.000000000000000000 ) ) ;
#1053 = EDGE_CURVE ( 'NONE', #4671, #2023, #339, .T. ) ;
#1054 = ORIENTED_EDGE ( 'NONE', *, *, #872, .F. ) ;
#1055 = VECTOR ( 'NONE', #3559, 1000.000000000000000 ) ;
#1056 = CARTESIAN_POINT ( 'NONE',  ( 24.50000000000002487, 65.50333209967911330, 0.000000000000000000 ) ) ;
#1057 = FACE_OUTER_BOUND ( 'NONE', #2915, .T. ) ;
#1058 = CARTESIAN_POINT ( 'NONE',  ( -13.00000000000000000, 113.0000000000000284, 6.000000000000000000 ) ) ;
#1059 = CARTESIAN_POINT ( 'NONE',  ( 92.09999999999999432, -79.40000000000001990, -4.000000000000010658 ) ) ;
#1060 = ORIENTED_EDGE ( 'NONE', *, *, #2681, .T. ) ;
#1061 = AXIS2_PLACEMENT_3D ( 'NONE', #730, #4518, #1359 ) ;
#1062 = VERTEX_POINT ( 'NONE', #102 ) ;
#1063 = VECTOR ( 'NONE', #4788, 1000.000000000000000 ) ;
#1064 = LINE ( 'NONE', #1177, #2708 ) ;
#1065 = FACE_OUTER_BOUND ( 'NONE', #1260, .T. ) ;
#1066 = AXIS2_PLACEMENT_3D ( 'NONE', #2516, #2127, #4580 ) ;
#1067 = DIRECTION ( 'NONE',  ( 0.000000000000000000, 1.000000000000000000, -0.000000000000000000 ) ) ;
#1068 = AXIS2_PLACEMENT_3D ( 'NONE', #2667, #1455, #3877 ) ;
#1069 = CARTESIAN_POINT ( 'NONE',  ( 29.50000000000000000, 82.65803263805818801, 1.000000000000000000 ) ) ;
#1070 = FACE_OUTER_BOUND ( 'NONE', #1302, .T. ) ;
#1071 = DIRECTION ( 'NONE',  ( -0.000000000000000000, -1.000000000000000000, -0.000000000000000000 ) ) ;
#1072 = EDGE_CURVE ( 'NONE', #1062, #2892, #4534, .T. ) ;
#1073 = AXIS2_PLACEMENT_3D ( 'NONE', #5028, #1857, #2204 ) ;
#1074 = DIRECTION ( 'NONE',  ( 1.000000000000000000, 0.000000000000000000, 0.000000000000000000 ) ) ;
#1075 = ORIENTED_EDGE ( 'NONE', *, *, #671, .T. ) ;
#1076 = CARTESIAN_POINT ( 'NONE',  ( 91.50000000000000000, -80.00000000000001421, -4.599999999999999645 ) ) ;
#1077 = EDGE_LOOP ( 'NONE', ( #1711, #2958, #4200, #475, #2411, #4723 ) ) ;
#1078 = CARTESIAN_POINT ( 'NONE',  ( 13.50000000000001954, 90.65803263805835854, 1.000000000000000000 ) ) ;
#1079 = CIRCLE ( 'NONE', #4041, 2.250000000000000888 ) ;
#1080 = ORIENTED_EDGE ( 'NONE', *, *, #3926, .F. ) ;
#1081 = VERTEX_POINT ( 'NONE', #4568 ) ;
#1082 = CARTESIAN_POINT ( 'NONE',  ( 12.99999999999999467, 40.94670777265317696, 0.000000000000000000 ) ) ;
#1083 = CARTESIAN_POINT ( 'NONE',  ( 28.50000000000003553, 66.08068236886873592, 3.000000000000000000 ) ) ;
#1084 = VECTOR ( 'NONE', #1178, 1000.000000000000000 ) ;
#1085 = EDGE_CURVE ( 'NONE', #1507, #902, #5266, .T. ) ;
#1086 = ORIENTED_EDGE ( 'NONE', *, *, #4550, .F. ) ;
#1087 = DIRECTION ( 'NONE',  ( -0.000000000000000000, -1.000000000000000000, -0.000000000000000000 ) ) ;
#1088 = EDGE_CURVE ( 'NONE', #3041, #2622, #1686, .T. ) ;
#1089 = AXIS2_PLACEMENT_3D ( 'NONE', #1011, #2616, #4253 ) ;
#1090 = CARTESIAN_POINT ( 'NONE',  ( 0.000000000000000000, 0.000000000000000000, 3.000000000000000000 ) ) ;
#1091 = VECTOR ( 'NONE', #250, 1000.000000000000000 ) ;
#1092 = CARTESIAN_POINT ( 'NONE',  ( -22.49999999999998934, 116.0000000000000284, 6.000000000000000000 ) ) ;
#1093 = CARTESIAN_POINT ( 'NONE',  ( -21.89999999999999858, -80.00000000000001421, -4.599999999999918820 ) ) ;
#1094 = EDGE_LOOP ( 'NONE', ( #280, #4800, #2583, #4702 ) ) ;
#1095 = EDGE_LOOP ( 'NONE', ( #312, #4430, #307, #3748 ) ) ;
#1096 = ADVANCED_FACE ( 'NONE', ( #844 ), #1213, .F. ) ;
#1097 = CARTESIAN_POINT ( 'NONE',  ( 23.74999999999999289, 74.99999999999984368, 3.000000000000000000 ) ) ;
#1098 = FACE_OUTER_BOUND ( 'NONE', #1292, .T. ) ;
#1099 = CARTESIAN_POINT ( 'NONE',  ( 12.50000000000001776, 88.65803263805835854, 0.000000000000000000 ) ) ;
#1100 = LINE ( 'NONE', #3103, #4160 ) ;
#1101 = ORIENTED_EDGE ( 'NONE', *, *, #4291, .F. ) ;
#1102 = CARTESIAN_POINT ( 'NONE',  ( 30.25000000000001421, 74.99999999999984368, 6.000000000000000000 ) ) ;
#1103 = EDGE_CURVE ( 'NONE', #2798, #5115, #4849, .T. ) ;
#1104 = DIRECTION ( 'NONE',  ( 0.8660254037844383745, -0.5000000000000004441, 0.000000000000000000 ) ) ;
#1105 = DIRECTION ( 'NONE',  ( 0.000000000000000000, 0.000000000000000000, -1.000000000000000000 ) ) ;
#1106 = VERTEX_POINT ( 'NONE', #2470 ) ;
#1107 = CARTESIAN_POINT ( 'NONE',  ( 10.44444444444450681, -69.44444444444449971, -22.22222222222226762 ) ) ;
#1108 = EDGE_CURVE ( 'NONE', #4330, #4415, #3657, .T. ) ;
#1109 = EDGE_LOOP ( 'NONE', ( #5073, #2010, #508, #2655 ) ) ;
#1110 = AXIS2_PLACEMENT_3D ( 'NONE', #3833, #4683, #4586 ) ;
#1111 = ORIENTED_EDGE ( 'NONE', *, *, #624, .F. ) ;
#1112 = LINE ( 'NONE', #3628, #4793 ) ;
#1113 = FACE_OUTER_BOUND ( 'NONE', #2719, .T. ) ;
#1114 = EDGE_CURVE ( 'NONE', #4680, #3356, #4135, .T. ) ;
#1115 = DIRECTION ( 'NONE',  ( -0.000000000000000000, 0.000000000000000000, 1.000000000000000000 ) ) ;
#1116 = DIRECTION ( 'NONE',  ( 0.000000000000000000, 0.000000000000000000, 1.000000000000000000 ) ) ;
#1117 = FACE_OUTER_BOUND ( 'NONE', #3238, .T. ) ;
#1118 = ORIENTED_EDGE ( 'NONE', *, *, #2247, .T. ) ;
#1119 = VERTEX_POINT ( 'NONE', #4166 ) ;
#1120 = ORIENTED_EDGE ( 'NONE', *, *, #1748, .F. ) ;
#1121 = DIRECTION ( 'NONE',  ( 1.000000000000000000, 0.000000000000000000, 0.000000000000000000 ) ) ;
#1122 = CARTESIAN_POINT ( 'NONE',  ( 76.72542584212146721, -68.07179676972441484, 6.000000000000000000 ) ) ;
#1123 = CARTESIAN_POINT ( 'NONE',  ( 7.849999999999997868, 32.02664611367345771, 0.000000000000000000 ) ) ;
#1124 = DIRECTION ( 'NONE',  ( -1.000000000000000000, 0.000000000000000000, 0.000000000000000000 ) ) ;
#1125 = CARTESIAN_POINT ( 'NONE',  ( 63.59999999999993747, -68.63603896932107773, -17.50000000000000000 ) ) ;
#1126 = EDGE_CURVE ( 'NONE', #2345, #3560, #1212, .T. ) ;
#1127 = CARTESIAN_POINT ( 'NONE',  ( 27.00000000000002487, 66.94670777265318407, 3.000000000000000000 ) ) ;
#1128 = PLANE ( 'NONE',  #4649 ) ;
#1129 = MANIFOLD_SOLID_BREP ( '\X2\501289d2\X0\10', #3132 ) ;
#1130 = VERTEX_POINT ( 'NONE', #461 ) ;
#1131 = VERTEX_POINT ( 'NONE', #4054 ) ;
#1132 = DIRECTION ( 'NONE',  ( -0.000000000000000000, 1.000000000000000000, -0.000000000000000000 ) ) ;
#1133 = ORIENTED_EDGE ( 'NONE', *, *, #1929, .F. ) ;
#1134 = PLANE ( 'NONE',  #4708 ) ;
#1135 = VERTEX_POINT ( 'NONE', #1660 ) ;
#1136 = LINE ( 'NONE', #2400, #3516 ) ;
#1137 = LINE ( 'NONE', #340, #2253 ) ;
#1138 = EDGE_CURVE ( 'NONE', #1503, #2658, #523, .T. ) ;
#1139 = CARTESIAN_POINT ( 'NONE',  ( 26.99999999999999645, 80.94670777265299932, 0.000000000000000000 ) ) ;
#1140 = DIRECTION ( 'NONE',  ( -0.5000000000000019984, 0.8660254037844375974, 0.000000000000000000 ) ) ;
#1141 = EDGE_LOOP ( 'NONE', ( #2076, #1469, #1242, #17 ) ) ;
#1142 = ORIENTED_EDGE ( 'NONE', *, *, #4473, .T. ) ;
#1143 = VECTOR ( 'NONE', #3245, 1000.000000000000000 ) ;
#1144 = ORIENTED_EDGE ( 'NONE', *, *, #4207, .F. ) ;
#1145 = VERTEX_POINT ( 'NONE', #4485 ) ;
#1146 = DIRECTION ( 'NONE',  ( -0.5773502691896247319, 0.5773502691896255090, 0.5773502691896269523 ) ) ;
#1147 = CARTESIAN_POINT ( 'NONE',  ( 13.00000000000000178, 29.05329222734688699, 3.000000000000000000 ) ) ;
#1148 = AXIS2_PLACEMENT_3D ( 'NONE', #1573, #5202, #3190 ) ;
#1149 = ORIENTED_EDGE ( 'NONE', *, *, #3544, .T. ) ;
#1150 = CARTESIAN_POINT ( 'NONE',  ( 16.00000000000007461, -75.00000000000001421, 0.000000000000000000 ) ) ;
#1151 = VECTOR ( 'NONE', #4204, 1000.000000000000000 ) ;
#1152 = DIRECTION ( 'NONE',  ( -0.000000000000000000, -0.000000000000000000, -1.000000000000000000 ) ) ;
#1153 = CIRCLE ( 'NONE', #4718, 3.250000000000009770 ) ;
#1154 = AXIS2_PLACEMENT_3D ( 'NONE', #4781, #3986, #4367 ) ;
#1155 = DIRECTION ( 'NONE',  ( 0.000000000000000000, 0.000000000000000000, -1.000000000000000000 ) ) ;
#1156 = EDGE_CURVE ( 'NONE', #1130, #350, #1713, .T. ) ;
#1157 = CARTESIAN_POINT ( 'NONE',  ( -7.849999999999978328, 70.97335388632660624, 3.000000000000000000 ) ) ;
#1158 = AXIS2_PLACEMENT_3D ( 'NONE', #5076, #2585, #3034 ) ;
#1159 = CARTESIAN_POINT ( 'NONE',  ( 47.99999999999998579, 60.89999999999986358, 0.000000000000000000 ) ) ;
#1160 = EDGE_LOOP ( 'NONE', ( #2586, #4519 ) ) ;
#1161 = VECTOR ( 'NONE', #209, 1000.000000000000000 ) ;
#1162 = ADVANCED_FACE ( 'NONE', ( #3275 ), #1612, .F. ) ;
#1163 = ORIENTED_EDGE ( 'NONE', *, *, #4427, .T. ) ;
#1164 = DIRECTION ( 'NONE',  ( 0.000000000000000000, -0.000000000000000000, 1.000000000000000000 ) ) ;
#1165 = VECTOR ( 'NONE', #3582, 1000.000000000000000 ) ;
#1166 = DIRECTION ( 'NONE',  ( -0.000000000000000000, -1.000000000000000000, -0.000000000000000000 ) ) ;
#1167 = DIRECTION ( 'NONE',  ( -0.000000000000000000, -0.000000000000000000, 1.000000000000000000 ) ) ;
#1168 = DIRECTION ( 'NONE',  ( -0.7071067811865436870, -0.7071067811865513475, 0.000000000000000000 ) ) ;
#1169 = VECTOR ( 'NONE', #3854, 1000.000000000000000 ) ;
#1170 = CARTESIAN_POINT ( 'NONE',  ( 0.000000000000000000, 0.000000000000000000, 6.000000000000000000 ) ) ;
#1171 = VERTEX_POINT ( 'NONE', #1288 ) ;
#1172 = VERTEX_POINT ( 'NONE', #3493 ) ;
#1173 = EDGE_CURVE ( 'NONE', #3006, #3221, #3136, .T. ) ;
#1174 = VERTEX_POINT ( 'NONE', #4372 ) ;
#1175 = AXIS2_PLACEMENT_3D ( 'NONE', #1650, #4071, #2106 ) ;
#1176 = VECTOR ( 'NONE', #3240, 1000.000000000000114 ) ;
#1177 = CARTESIAN_POINT ( 'NONE',  ( 32.14999999999999858, 72.02664611367326586, 0.000000000000000000 ) ) ;
#1178 = DIRECTION ( 'NONE',  ( -0.000000000000000000, -0.000000000000000000, -1.000000000000000000 ) ) ;
#1179 = DIRECTION ( 'NONE',  ( -1.000000000000000000, 0.000000000000000000, 0.000000000000000000 ) ) ;
#1180 = ORIENTED_EDGE ( 'NONE', *, *, #2224, .T. ) ;
#1181 = LINE ( 'NONE', #2783, #1850 ) ;
#1182 = CARTESIAN_POINT ( 'NONE',  ( 16.00000000000007816, -75.00000000000001421, -25.00000000000000000 ) ) ;
#1183 = LINE ( 'NONE', #352, #3608 ) ;
#1184 = CARTESIAN_POINT ( 'NONE',  ( -11.49999999999997513, 120.6580326380583585, 0.000000000000000000 ) ) ;
#1185 = CYLINDRICAL_SURFACE ( 'NONE', #824, 3.250000000000002665 ) ;
#1186 = EDGE_CURVE ( 'NONE', #2345, #4588, #3549, .T. ) ;
#1187 = ORIENTED_EDGE ( 'NONE', *, *, #122, .T. ) ;
#1188 = VERTEX_POINT ( 'NONE', #4293 ) ;
#1189 = CARTESIAN_POINT ( 'NONE',  ( 12.99999999999999822, 35.00000000000002842, 3.000000000000000000 ) ) ;
#1190 = DIRECTION ( 'NONE',  ( 0.8660254037844383745, -0.5000000000000004441, 0.000000000000000000 ) ) ;
#1191 = VECTOR ( 'NONE', #3403, 1000.000000000000000 ) ;
#1192 = DIRECTION ( 'NONE',  ( -1.000000000000000000, 0.000000000000000000, 0.000000000000000000 ) ) ;
#1193 = CARTESIAN_POINT ( 'NONE',  ( 24.49999999999999645, 82.65803263805820222, 0.000000000000000000 ) ) ;
#1194 = EDGE_CURVE ( 'NONE', #2892, #4876, #3892, .T. ) ;
#1195 = CARTESIAN_POINT ( 'NONE',  ( 25.50000000000000000, 82.65803263805821643, 0.000000000000000000 ) ) ;
#1196 = ORIENTED_EDGE ( 'NONE', *, *, #4870, .T. ) ;
#1197 = CARTESIAN_POINT ( 'NONE',  ( -15.49999999999998757, -80.00000000000001421, 2.999999999999993783 ) ) ;
#1198 = CARTESIAN_POINT ( 'NONE',  ( -18.15000000000000568, 110.0266461136734648, 3.000000000000000000 ) ) ;
#1199 = EDGE_CURVE ( 'NONE', #3054, #3931, #156, .T. ) ;
#1200 = ORIENTED_EDGE ( 'NONE', *, *, #1730, .T. ) ;
#1201 = ORIENTED_EDGE ( 'NONE', *, *, #858, .F. ) ;
#1202 = ORIENTED_EDGE ( 'NONE', *, *, #4857, .F. ) ;
#1203 = CARTESIAN_POINT ( 'NONE',  ( -6.830838508926212249, 116.0000000000000284, 0.000000000000000000 ) ) ;
#1204 = EDGE_CURVE ( 'NONE', #2031, #3880, #4880, .T. ) ;
#1205 = PLANE ( 'NONE',  #3688 ) ;
#1206 = ADVANCED_FACE ( 'NONE', ( #2951 ), #2146, .F. ) ;
#1207 = CARTESIAN_POINT ( 'NONE',  ( 11.50000000000001776, 88.65803263805835854, 1.000000000000000000 ) ) ;
#1208 = ORIENTED_EDGE ( 'NONE', *, *, #3684, .T. ) ;
#1209 = ORIENTED_EDGE ( 'NONE', *, *, #4373, .F. ) ;
#1210 = CARTESIAN_POINT ( 'NONE',  ( 71.40000000000000568, 83.99999999999981526, 0.000000000000000000 ) ) ;
#1211 = CARTESIAN_POINT ( 'NONE',  ( -22.50000000000000711, 116.0000000000000284, 0.000000000000000000 ) ) ;
#1212 = CIRCLE ( 'NONE', #1783, 3.250000000000001332 ) ;
#1213 = PLANE ( 'NONE',  #3669 ) ;
#1214 = DIRECTION ( 'NONE',  ( 0.000000000000000000, 1.000000000000000000, 0.000000000000000000 ) ) ;
#1215 = EDGE_CURVE ( 'NONE', #3176, #2811, #5178, .T. ) ;
#1216 = LINE ( 'NONE', #2430, #5059 ) ;
#1217 = ORIENTED_EDGE ( 'NONE', *, *, #207, .F. ) ;
#1218 = EDGE_LOOP ( 'NONE', ( #363, #2137, #2736, #72 ) ) ;
#1219 = CARTESIAN_POINT ( 'NONE',  ( 43.00000000000000000, -67.00000000000004263, -21.00000000000003553 ) ) ;
#1220 = ADVANCED_FACE ( 'NONE', ( #4995 ), #949, .T. ) ;
#1221 = LINE ( 'NONE', #5219, #4802 ) ;
#1222 = ORIENTED_EDGE ( 'NONE', *, *, #900, .T. ) ;
#1223 = DIRECTION ( 'NONE',  ( 1.000000000000000000, 0.000000000000000000, -0.000000000000000000 ) ) ;
#1224 = VECTOR ( 'NONE', #1024, 1000.000000000000000 ) ;
#1225 = CARTESIAN_POINT ( 'NONE',  ( 87.09999999999999432, 73.74999999999985789, -169.8835189181103544 ) ) ;
#1226 = AXIS2_PLACEMENT_3D ( 'NONE', #3320, #881, #1363 ) ;
#1227 = DIRECTION ( 'NONE',  ( -1.000000000000000000, 0.000000000000000000, 0.000000000000000000 ) ) ;
#1228 = VERTEX_POINT ( 'NONE', #2711 ) ;
#1229 = AXIS2_PLACEMENT_3D ( 'NONE', #2167, #4666, #968 ) ;
#1230 = ADVANCED_FACE ( 'NONE', ( #1870 ), #1521, .F. ) ;
#1231 = AXIS2_PLACEMENT_3D ( 'NONE', #349, #3568, #7 ) ;
#1232 = VECTOR ( 'NONE', #4549, 1000.000000000000227 ) ;
#1233 = EDGE_LOOP ( 'NONE', ( #5030, #2299, #3571, #1516 ) ) ;
#1234 = CARTESIAN_POINT ( 'NONE',  ( 32.14999999999999858, 77.97335388632642150, 3.000000000000000000 ) ) ;
#1235 = LINE ( 'NONE', #1709, #3603 ) ;
#1236 = AXIS2_PLACEMENT_3D ( 'NONE', #2643, #1168, #4773 ) ;
#1237 = DIRECTION ( 'NONE',  ( -0.8660254037844388186, 0.4999999999999997224, 0.000000000000000000 ) ) ;
#1238 = LINE ( 'NONE', #4168, #2923 ) ;
#1239 = CARTESIAN_POINT ( 'NONE',  ( 21.85000000000000497, 77.97335388632643571, 1.000000000000000000 ) ) ;
#1240 = EDGE_CURVE ( 'NONE', #1624, #1501, #3108, .T. ) ;
#1241 = ORIENTED_EDGE ( 'NONE', *, *, #720, .F. ) ;
#1242 = ORIENTED_EDGE ( 'NONE', *, *, #375, .T. ) ;
#1243 = ORIENTED_EDGE ( 'NONE', *, *, #4232, .F. ) ;
#1244 = DIRECTION ( 'NONE',  ( 0.000000000000000000, 0.000000000000000000, -1.000000000000000000 ) ) ;
#1245 = AXIS2_PLACEMENT_3D ( 'NONE', #3208, #4842, #1944 ) ;
#1246 = CARTESIAN_POINT ( 'NONE',  ( 3.000000000000000888, 3.490602116294795244E-16, 6.000000000000000000 ) ) ;
#1247 = VERTEX_POINT ( 'NONE', #3468 ) ;
#1248 = LINE ( 'NONE', #878, #2943 ) ;
#1249 = AXIS2_PLACEMENT_3D ( 'NONE', #4468, #3668, #34 ) ;
#1250 = ADVANCED_FACE ( 'NONE', ( #4741 ), #2732, .T. ) ;
#1251 = LINE ( 'NONE', #913, #4399 ) ;
#1252 = DIRECTION ( 'NONE',  ( -1.000000000000000000, 0.000000000000000000, 0.000000000000000000 ) ) ;
#1253 = AXIS2_PLACEMENT_3D ( 'NONE', #4311, #3096, #4342 ) ;
#1254 = EDGE_CURVE ( 'NONE', #5055, #2541, #1468, .T. ) ;
#1255 = CARTESIAN_POINT ( 'NONE',  ( 29.99999999999995026, -75.00000000000000000, -25.00000000000002132 ) ) ;
#1256 = ORIENTED_EDGE ( 'NONE', *, *, #1215, .T. ) ;
#1257 = ORIENTED_EDGE ( 'NONE', *, *, #264, .T. ) ;
#1258 = CARTESIAN_POINT ( 'NONE',  ( -7.849999999999978328, 65.02664611367345060, 3.000000000000000000 ) ) ;
#1259 = EDGE_CURVE ( 'NONE', #792, #4914, #2316, .T. ) ;
#1260 = EDGE_LOOP ( 'NONE', ( #3098, #2103, #1988, #4776, #1118, #3500 ) ) ;
#1261 = FACE_OUTER_BOUND ( 'NONE', #753, .T. ) ;
#1262 = DIRECTION ( 'NONE',  ( 0.8660254037844383745, -0.5000000000000004441, 0.000000000000000000 ) ) ;
#1263 = VERTEX_POINT ( 'NONE', #1923 ) ;
#1264 = PLANE ( 'NONE',  #4466 ) ;
#1265 = PLANE ( 'NONE',  #3698 ) ;
#1266 = EDGE_CURVE ( 'NONE', #4151, #3356, #126, .T. ) ;
#1267 = ORIENTED_EDGE ( 'NONE', *, *, #4527, .F. ) ;
#1268 = CIRCLE ( 'NONE', #3569, 5.000000000000000888 ) ;
#1269 = ORIENTED_EDGE ( 'NONE', *, *, #643, .T. ) ;
#1270 = CARTESIAN_POINT ( 'NONE',  ( 85.09999999999998010, -68.63603896932107773, 2.999999999999995559 ) ) ;
#1271 = PLANE ( 'NONE',  #3873 ) ;
#1272 = DIRECTION ( 'NONE',  ( -0.8660254037844374864, -0.5000000000000018874, 0.000000000000000000 ) ) ;
#1273 = ORIENTED_EDGE ( 'NONE', *, *, #4762, .F. ) ;
#1274 = FACE_OUTER_BOUND ( 'NONE', #2921, .T. ) ;
#1275 = LINE ( 'NONE', #4154, #294 ) ;
#1276 = CARTESIAN_POINT ( 'NONE',  ( 17.14999999999999858, 85.97335388632657782, 0.000000000000000000 ) ) ;
#1277 = EDGE_CURVE ( 'NONE', #574, #4686, #4325, .T. ) ;
#1278 = CARTESIAN_POINT ( 'NONE',  ( -14.49999999999997513, 120.6580326380583585, 1.000000000000000000 ) ) ;
#1279 = ORIENTED_EDGE ( 'NONE', *, *, #1972, .F. ) ;
#1280 = EDGE_CURVE ( 'NONE', #118, #2724, #5093, .T. ) ;
#1281 = ORIENTED_EDGE ( 'NONE', *, *, #5223, .F. ) ;
#1282 = DIRECTION ( 'NONE',  ( -1.000000000000000000, 0.000000000000000000, -0.000000000000000000 ) ) ;
#1283 = VERTEX_POINT ( 'NONE', #1444 ) ;
#1284 = CARTESIAN_POINT ( 'NONE',  ( 24.50000000000002487, 65.50333209967911330, 1.000000000000000000 ) ) ;
#1285 = LINE ( 'NONE', #2865, #1508 ) ;
#1286 = AXIS2_PLACEMENT_3D ( 'NONE', #1721, #3348, #2597 ) ;
#1287 = ORIENTED_EDGE ( 'NONE', *, *, #3055, .T. ) ;
#1288 = CARTESIAN_POINT ( 'NONE',  ( -2.666666666666634988, -72.66666666666668561, -23.83333333333336057 ) ) ;
#1289 = ORIENTED_EDGE ( 'NONE', *, *, #1409, .F. ) ;
#1290 = CARTESIAN_POINT ( 'NONE',  ( 13.00000000000000178, 29.05329222734688699, 0.000000000000000000 ) ) ;
#1291 = DIRECTION ( 'NONE',  ( -0.000000000000000000, 0.000000000000000000, -1.000000000000000000 ) ) ;
#1292 = EDGE_LOOP ( 'NONE', ( #3250, #2347, #4489, #3716 ) ) ;
#1293 = ORIENTED_EDGE ( 'NONE', *, *, #3625, .T. ) ;
#1294 = ORIENTED_EDGE ( 'NONE', *, *, #948, .F. ) ;
#1295 = ADVANCED_FACE ( 'NONE', ( #3050 ), #1974, .T. ) ;
#1296 = DIRECTION ( 'NONE',  ( -0.4450962499453179344, 0.8954827347775138335, 0.000000000000000000 ) ) ;
#1297 = CARTESIAN_POINT ( 'NONE',  ( 21.85000000000000853, 63.97335388632659203, 0.000000000000000000 ) ) ;
#1298 = DIRECTION ( 'NONE',  ( 2.220446049250311848E-16, -1.000000000000000000, 0.000000000000000000 ) ) ;
#1299 = LINE ( 'NONE', #112, #1232 ) ;
#1300 = ORIENTED_EDGE ( 'NONE', *, *, #3483, .F. ) ;
#1301 = ORIENTED_EDGE ( 'NONE', *, *, #5095, .F. ) ;
#1302 = EDGE_LOOP ( 'NONE', ( #1604, #3124, #1394, #2121 ) ) ;
#1303 = CARTESIAN_POINT ( 'NONE',  ( 29.50000000000003553, 65.50333209967911330, 0.000000000000000000 ) ) ;
#1304 = DIRECTION ( 'NONE',  ( -0.000000000000000000, -0.000000000000000000, -1.000000000000000000 ) ) ;
#1305 = VECTOR ( 'NONE', #2377, 1000.000000000000000 ) ;
#1306 = CARTESIAN_POINT ( 'NONE',  ( 6.849999999999994316, 80.02664611367346481, 3.000000000000000000 ) ) ;
#1307 = CARTESIAN_POINT ( 'NONE',  ( -21.89999999999999858, -80.00000000000001421, -2.170882521365261281E-15 ) ) ;
#1308 = FACE_OUTER_BOUND ( 'NONE', #1233, .T. ) ;
#1309 = VERTEX_POINT ( 'NONE', #1572 ) ;
#1310 = CYLINDRICAL_SURFACE ( 'NONE', #1710, 3.250000000000004441 ) ;
#1311 = VECTOR ( 'NONE', #2889, 1000.000000000000000 ) ;
#1312 = ADVANCED_FACE ( 'NONE', ( #2831 ), #3991, .F. ) ;
#1313 = VERTEX_POINT ( 'NONE', #1623 ) ;
#1314 = LINE ( 'NONE', #2862, #551 ) ;
#1315 = VECTOR ( 'NONE', #2812, 1000.000000000000114 ) ;
#1316 = ORIENTED_EDGE ( 'NONE', *, *, #5043, .T. ) ;
#1317 = DIRECTION ( 'NONE',  ( 0.000000000000000000, 0.000000000000000000, 1.000000000000000000 ) ) ;
#1318 = ADVANCED_FACE ( 'NONE', ( #3213 ), #2368, .T. ) ;
#1319 = VECTOR ( 'NONE', #2534, 1000.000000000000000 ) ;
#1320 = ORIENTED_EDGE ( 'NONE', *, *, #779, .T. ) ;
#1321 = CIRCLE ( 'NONE', #3867, 7.849999999999996092 ) ;
#1322 = DIRECTION ( 'NONE',  ( 0.000000000000000000, 0.000000000000000000, 1.000000000000000000 ) ) ;
#1323 = VERTEX_POINT ( 'NONE', #2001 ) ;
#1324 = DIRECTION ( 'NONE',  ( -0.8660254037844388186, 0.4999999999999997780, 0.000000000000000000 ) ) ;
#1325 = DIRECTION ( 'NONE',  ( 1.000000000000000000, 0.000000000000000000, -0.000000000000000000 ) ) ;
#1326 = ORIENTED_EDGE ( 'NONE', *, *, #1769, .T. ) ;
#1327 = ADVANCED_FACE ( 'NONE', ( #3620 ), #1205, .F. ) ;
#1328 = VERTEX_POINT ( 'NONE', #1543 ) ;
#1329 = DIRECTION ( 'NONE',  ( 1.000000000000000000, 0.000000000000000000, -0.000000000000000000 ) ) ;
#1330 = LINE ( 'NONE', #1297, #4882 ) ;
#1331 = CARTESIAN_POINT ( 'NONE',  ( 2.999999999999996891, 33.40000000000002700, 29.19999999999999929 ) ) ;
#1332 = EDGE_CURVE ( 'NONE', #1131, #5231, #4850, .T. ) ;
#1333 = VECTOR ( 'NONE', #3872, 1000.000000000000227 ) ;
#1334 = ORIENTED_EDGE ( 'NONE', *, *, #2247, .F. ) ;
#1335 = CARTESIAN_POINT ( 'NONE',  ( 17.14999999999999858, 80.02664611367346481, 3.000000000000000000 ) ) ;
#1336 = CARTESIAN_POINT ( 'NONE',  ( 26.49999999999999645, 82.65803263805820222, 1.000000000000000000 ) ) ;
#1337 = PLANE ( 'NONE',  #4794 ) ;
#1338 = LINE ( 'NONE', #536, #159 ) ;
#1339 = VECTOR ( 'NONE', #676, 1000.000000000000000 ) ;
#1340 = CARTESIAN_POINT ( 'NONE',  ( -11.49999999999997513, 120.6580326380583585, 1.000000000000000000 ) ) ;
#1341 = VERTEX_POINT ( 'NONE', #3237 ) ;
#1342 = VECTOR ( 'NONE', #1385, 1000.000000000000000 ) ;
#1343 = VECTOR ( 'NONE', #4370, 1000.000000000000000 ) ;
#1344 = VERTEX_POINT ( 'NONE', #3158 ) ;
#1345 = LINE ( 'NONE', #2948, #3946 ) ;
#1346 = CARTESIAN_POINT ( 'NONE',  ( 27.49999999999999645, 80.65803263805818801, 1.000000000000000000 ) ) ;
#1347 = DIRECTION ( 'NONE',  ( 1.000000000000000000, 0.000000000000000000, 0.000000000000000000 ) ) ;
#1348 = EDGE_CURVE ( 'NONE', #1846, #4919, #803, .T. ) ;
#1349 = DIRECTION ( 'NONE',  ( 0.4999999999999989453, 0.8660254037844392627, -0.000000000000000000 ) ) ;
#1350 = ORIENTED_EDGE ( 'NONE', *, *, #311, .F. ) ;
#1351 = DIRECTION ( 'NONE',  ( 0.8660254037844382635, 0.5000000000000006661, 0.000000000000000000 ) ) ;
#1352 = CARTESIAN_POINT ( 'NONE',  ( 28.50000000000003553, 65.50333209967911330, 1.000000000000000000 ) ) ;
#1353 = ADVANCED_FACE ( 'NONE', ( #832 ), #4068, .F. ) ;
#1354 = EDGE_LOOP ( 'NONE', ( #3896, #2217, #1749, #847, #1669, #401, #547 ) ) ;
#1355 = CARTESIAN_POINT ( 'NONE',  ( 79.25000000000000000, 73.74999999999985789, 6.000000000000000000 ) ) ;
#1356 = EDGE_CURVE ( 'NONE', #902, #3287, #1183, .T. ) ;
#1357 = CARTESIAN_POINT ( 'NONE',  ( 27.00000000000000711, 55.05329222734687988, 3.000000000000000000 ) ) ;
#1358 = FACE_OUTER_BOUND ( 'NONE', #3234, .T. ) ;
#1359 = DIRECTION ( 'NONE',  ( -1.000000000000000000, 0.000000000000000000, 0.000000000000000000 ) ) ;
#1360 = VERTEX_POINT ( 'NONE', #781 ) ;
#1361 = CARTESIAN_POINT ( 'NONE',  ( -15.49999999999997513, 120.6580326380583585, 1.000000000000000000 ) ) ;
#1362 = DIRECTION ( 'NONE',  ( -8.577124726708580637E-17, 1.000000000000000000, 0.000000000000000000 ) ) ;
#1363 = DIRECTION ( 'NONE',  ( -0.8660254037844387076, 0.4999999999999999445, 0.000000000000000000 ) ) ;
#1364 = CARTESIAN_POINT ( 'NONE',  ( 32.14999999999999858, 72.02664611367326586, 3.000000000000000000 ) ) ;
#1365 = CARTESIAN_POINT ( 'NONE',  ( 27.49999999999999645, 82.65803263805820222, 1.000000000000000000 ) ) ;
#1366 = ADVANCED_FACE ( 'NONE', ( #2417 ), #2025, .F. ) ;
#1367 = ORIENTED_EDGE ( 'NONE', *, *, #2197, .T. ) ;
#1368 = LINE ( 'NONE', #4295, #3258 ) ;
#1369 = VERTEX_POINT ( 'NONE', #3647 ) ;
#1370 = CARTESIAN_POINT ( 'NONE',  ( 32.14999999999999858, 77.97335388632642150, 0.000000000000000000 ) ) ;
#1371 = ORIENTED_EDGE ( 'NONE', *, *, #2161, .F. ) ;
#1372 = DIRECTION ( 'NONE',  ( 0.8660254037844369313, -0.5000000000000029976, 0.000000000000000000 ) ) ;
#1373 = CARTESIAN_POINT ( 'NONE',  ( 87.67561686334961735, 84.57561686334940987, 0.000000000000000000 ) ) ;
#1374 = ORIENTED_EDGE ( 'NONE', *, *, #81, .T. ) ;
#1375 = ADVANCED_FACE ( 'NONE', ( #2762 ), #36, .F. ) ;
#1376 = DIRECTION ( 'NONE',  ( -0.5773502691896251759, 0.5773502691896260641, 0.5773502691896260641 ) ) ;
#1377 = CARTESIAN_POINT ( 'NONE',  ( 38.00000000000001421, -67.00000000000002842, 0.000000000000000000 ) ) ;
#1378 = ORIENTED_EDGE ( 'NONE', *, *, #16, .T. ) ;
#1379 = DIRECTION ( 'NONE',  ( -0.000000000000000000, 1.000000000000000000, -0.000000000000000000 ) ) ;
#1380 = ORIENTED_EDGE ( 'NONE', *, *, #480, .F. ) ;
#1381 = EDGE_LOOP ( 'NONE', ( #1101, #39, #3662, #4348 ) ) ;
#1382 = EDGE_CURVE ( 'NONE', #2460, #1919, #2856, .T. ) ;
#1383 = CARTESIAN_POINT ( 'NONE',  ( 27.00000000000002487, 66.94670777265318407, 3.000000000000000000 ) ) ;
#1384 = FACE_OUTER_BOUND ( 'NONE', #1871, .T. ) ;
#1385 = DIRECTION ( 'NONE',  ( -0.000000000000000000, -0.000000000000000000, -1.000000000000000000 ) ) ;
#1386 = DIRECTION ( 'NONE',  ( 0.000000000000000000, 1.000000000000000000, 0.000000000000000000 ) ) ;
#1387 = CARTESIAN_POINT ( 'NONE',  ( -12.99999999999997691, 62.05329222734687278, 3.000000000000000000 ) ) ;
#1388 = VERTEX_POINT ( 'NONE', #4015 ) ;
#1389 = DIRECTION ( 'NONE',  ( -0.000000000000000000, 0.000000000000000000, -1.000000000000000000 ) ) ;
#1390 = DIRECTION ( 'NONE',  ( 1.000000000000000000, 0.000000000000000000, -0.000000000000000000 ) ) ;
#1391 = EDGE_CURVE ( 'NONE', #5166, #4686, #1950, .T. ) ;
#1392 = VECTOR ( 'NONE', #4959, 1000.000000000000000 ) ;
#1393 = VECTOR ( 'NONE', #5228, 1000.000000000000000 ) ;
#1394 = ORIENTED_EDGE ( 'NONE', *, *, #94, .F. ) ;
#1395 = DIRECTION ( 'NONE',  ( -1.000000000000000000, 0.000000000000000000, 0.000000000000000000 ) ) ;
#1396 = LINE ( 'NONE', #5102, #4803 ) ;
#1397 = AXIS2_PLACEMENT_3D ( 'NONE', #482, #1729, #172 ) ;
#1398 = VECTOR ( 'NONE', #952, 1000.000000000000114 ) ;
#1399 = VERTEX_POINT ( 'NONE', #4400 ) ;
#1400 = VECTOR ( 'NONE', #1618, 1000.000000000000000 ) ;
#1401 = PLANE ( 'NONE',  #2036 ) ;
#1402 = CARTESIAN_POINT ( 'NONE',  ( -10.49999999999997513, 120.6580326380583585, 0.000000000000000000 ) ) ;
#1403 = VECTOR ( 'NONE', #4141, 1000.000000000000000 ) ;
#1404 = PLANE ( 'NONE',  #3440 ) ;
#1405 = ORIENTED_EDGE ( 'NONE', *, *, #3228, .T. ) ;
#1406 = ORIENTED_EDGE ( 'NONE', *, *, #4211, .T. ) ;
#1407 = CARTESIAN_POINT ( 'NONE',  ( 12.99999999999999822, 35.00000000000002842, 6.000000000000000000 ) ) ;
#1408 = ORIENTED_EDGE ( 'NONE', *, *, #1835, .F. ) ;
#1409 = EDGE_CURVE ( 'NONE', #5181, #1473, #757, .T. ) ;
#1410 = CARTESIAN_POINT ( 'NONE',  ( 25.50000000000001421, 25.49999999999998579, 6.000000000000000000 ) ) ;
#1411 = CARTESIAN_POINT ( 'NONE',  ( 17.14999999999999858, 85.97335388632657782, 3.000000000000000000 ) ) ;
#1412 = VECTOR ( 'NONE', #4570, 1000.000000000000114 ) ;
#1413 = CARTESIAN_POINT ( 'NONE',  ( -7.849999999999978328, 65.02664611367345060, 0.000000000000000000 ) ) ;
#1414 = ORIENTED_EDGE ( 'NONE', *, *, #4476, .T. ) ;
#1415 = DIRECTION ( 'NONE',  ( -0.000000000000000000, -0.000000000000000000, -1.000000000000000000 ) ) ;
#1416 = EDGE_CURVE ( 'NONE', #3687, #109, #2786, .T. ) ;
#1417 = EDGE_CURVE ( 'NONE', #681, #5094, #4378, .T. ) ;
#1418 = VECTOR ( 'NONE', #650, 1000.000000000000000 ) ;
#1419 = ORIENTED_EDGE ( 'NONE', *, *, #3990, .F. ) ;
#1420 = LINE ( 'NONE', #3360, #4203 ) ;
#1421 = CARTESIAN_POINT ( 'NONE',  ( -16.25000000000000000, 113.0000000000000284, 3.000000000000000000 ) ) ;
#1422 = DIRECTION ( 'NONE',  ( 0.000000000000000000, -0.7071067811865512365, 0.7071067811865439090 ) ) ;
#1423 = EDGE_LOOP ( 'NONE', ( #4283, #1458 ) ) ;
#1424 = VECTOR ( 'NONE', #799, 999.9999999999998863 ) ;
#1425 = EDGE_CURVE ( 'NONE', #109, #1460, #4554, .T. ) ;
#1426 = ORIENTED_EDGE ( 'NONE', *, *, #175, .F. ) ;
#1427 = DIRECTION ( 'NONE',  ( 1.000000000000000000, 0.000000000000000000, -0.000000000000000000 ) ) ;
#1428 = FACE_OUTER_BOUND ( 'NONE', #4674, .T. ) ;
#1429 = ORIENTED_EDGE ( 'NONE', *, *, #275, .F. ) ;
#1430 = EDGE_CURVE ( 'NONE', #1487, #4732, #1785, .T. ) ;
#1431 = LINE ( 'NONE', #238, #3905 ) ;
#1432 = DIRECTION ( 'NONE',  ( -0.000000000000000000, -0.000000000000000000, -1.000000000000000000 ) ) ;
#1433 = PLANE ( 'NONE',  #4139 ) ;
#1434 = ADVANCED_FACE ( 'NONE', ( #1384 ), #3780, .T. ) ;
#1435 = ORIENTED_EDGE ( 'NONE', *, *, #1023, .T. ) ;
#1436 = LINE ( 'NONE', #1803, #3952 ) ;
#1437 = ORIENTED_EDGE ( 'NONE', *, *, #436, .T. ) ;
#1438 = LINE ( 'NONE', #5087, #235 ) ;
#1439 = CARTESIAN_POINT ( 'NONE',  ( -10.49999999999997513, 117.5033320996790991, 1.000000000000000000 ) ) ;
#1440 = DIRECTION ( 'NONE',  ( -5.498853076140275604E-15, -1.000000000000000000, 0.000000000000000000 ) ) ;
#1441 = ORIENTED_EDGE ( 'NONE', *, *, #4249, .T. ) ;
#1442 = CARTESIAN_POINT ( 'NONE',  ( 27.49999999999999645, 82.65803263805820222, 1.000000000000000000 ) ) ;
#1443 = DIRECTION ( 'NONE',  ( -1.000000000000000000, 0.000000000000000000, 0.000000000000000000 ) ) ;
#1444 = CARTESIAN_POINT ( 'NONE',  ( -15.49999999999998757, -75.00000000000001421, 5.249999999999994671 ) ) ;
#1445 = EDGE_CURVE ( 'NONE', #3280, #1323, #1674, .T. ) ;
#1446 = ORIENTED_EDGE ( 'NONE', *, *, #4061, .F. ) ;
#1447 = FACE_OUTER_BOUND ( 'NONE', #3565, .T. ) ;
#1448 = EDGE_LOOP ( 'NONE', ( #4376, #4254, #1899, #4641, #419 ) ) ;
#1449 = DIRECTION ( 'NONE',  ( -0.000000000000000000, 0.000000000000000000, 1.000000000000000000 ) ) ;
#1450 = EDGE_LOOP ( 'NONE', ( #5120, #3612, #1208, #1446 ) ) ;
#1451 = ADVANCED_FACE ( 'NONE', ( #3351 ), #2189, .F. ) ;
#1452 = DIRECTION ( 'NONE',  ( -0.8660254037844383745, 0.5000000000000004441, 0.000000000000000000 ) ) ;
#1453 = CARTESIAN_POINT ( 'NONE',  ( 3.000000000000008882, -67.00000000000000000, 0.000000000000000000 ) ) ;
#1454 = ORIENTED_EDGE ( 'NONE', *, *, #4232, .T. ) ;
#1455 = DIRECTION ( 'NONE',  ( -1.000000000000000000, 0.000000000000000000, 0.000000000000000000 ) ) ;
#1456 = PLANE ( 'NONE',  #3958 ) ;
#1457 = DIRECTION ( 'NONE',  ( 0.000000000000000000, 1.000000000000000000, -0.000000000000000000 ) ) ;
#1458 = ORIENTED_EDGE ( 'NONE', *, *, #5043, .F. ) ;
#1459 = EDGE_CURVE ( 'NONE', #2405, #347, #2994, .T. ) ;
#1460 = VERTEX_POINT ( 'NONE', #2911 ) ;
#1461 = FACE_OUTER_BOUND ( 'NONE', #2422, .T. ) ;
#1462 = VECTOR ( 'NONE', #1152, 1000.000000000000000 ) ;
#1463 = FACE_OUTER_BOUND ( 'NONE', #1884, .T. ) ;
#1464 = CARTESIAN_POINT ( 'NONE',  ( 26.49999999999999645, 82.65803263805820222, 0.000000000000000000 ) ) ;
#1465 = EDGE_LOOP ( 'NONE', ( #4096, #1602 ) ) ;
#1466 = FACE_OUTER_BOUND ( 'NONE', #469, .T. ) ;
#1467 = DIRECTION ( 'NONE',  ( -0.000000000000000000, -0.000000000000000000, -1.000000000000000000 ) ) ;
#1468 = LINE ( 'NONE', #3764, #976 ) ;
#1469 = ORIENTED_EDGE ( 'NONE', *, *, #2924, .T. ) ;
#1470 = DIRECTION ( 'NONE',  ( -0.7071067811865465735, 0.000000000000000000, 0.7071067811865484609 ) ) ;
#1471 = ORIENTED_EDGE ( 'NONE', *, *, #1445, .F. ) ;
#1472 = DIRECTION ( 'NONE',  ( -1.000000000000000000, -0.000000000000000000, -0.000000000000000000 ) ) ;
#1473 = VERTEX_POINT ( 'NONE', #142 ) ;
#1474 = EDGE_CURVE ( 'NONE', #445, #1503, #563, .T. ) ;
#1475 = ORIENTED_EDGE ( 'NONE', *, *, #133, .F. ) ;
#1476 = CARTESIAN_POINT ( 'NONE',  ( 81.75000000000000000, 61.14553650487244596, 10.00000000000000000 ) ) ;
#1477 = LINE ( 'NONE', #2663, #206 ) ;
#1478 = ADVANCED_FACE ( 'NONE', ( #939 ), #4123, .F. ) ;
#1479 = ORIENTED_EDGE ( 'NONE', *, *, #4277, .F. ) ;
#1480 = AXIS2_PLACEMENT_3D ( 'NONE', #975, #4303, #234 ) ;
#1481 = CARTESIAN_POINT ( 'NONE',  ( 9.749999999999992895, 35.00000000000002842, 6.000000000000000000 ) ) ;
#1482 = AXIS2_PLACEMENT_3D ( 'NONE', #1225, #378, #4871 ) ;
#1483 = DIRECTION ( 'NONE',  ( -0.000000000000000000, -0.7071067811865475727, -0.7071067811865475727 ) ) ;
#1484 = DIRECTION ( 'NONE',  ( 0.000000000000000000, -0.000000000000000000, 1.000000000000000000 ) ) ;
#1485 = ORIENTED_EDGE ( 'NONE', *, *, #4979, .F. ) ;
#1486 = VECTOR ( 'NONE', #888, 1000.000000000000000 ) ;
#1487 = VERTEX_POINT ( 'NONE', #4950 ) ;
#1488 = VECTOR ( 'NONE', #191, 1000.000000000000000 ) ;
#1489 = CARTESIAN_POINT ( 'NONE',  ( 27.50000000000003553, 66.65803263805835854, 0.000000000000000000 ) ) ;
#1490 = VECTOR ( 'NONE', #4363, 1000.000000000000000 ) ;
#1491 = DIRECTION ( 'NONE',  ( -0.000000000000000000, 0.000000000000000000, -1.000000000000000000 ) ) ;
#1492 = EDGE_CURVE ( 'NONE', #2651, #3006, #1760, .T. ) ;
#1493 = DIRECTION ( 'NONE',  ( 0.000000000000000000, -1.000000000000000000, 0.000000000000000000 ) ) ;
#1494 = CARTESIAN_POINT ( 'NONE',  ( 43.00000000000000000, -24.99999999999998579, -1.084202172485504434E-14 ) ) ;
#1495 = VECTOR ( 'NONE', #1723, 1000.000000000000227 ) ;
#1496 = DIRECTION ( 'NONE',  ( 1.000000000000000000, -1.233581138472396704E-15, 0.000000000000000000 ) ) ;
#1497 = LINE ( 'NONE', #353, #49 ) ;
#1498 = EDGE_CURVE ( 'NONE', #680, #4893, #2102, .T. ) ;
#1499 = DIRECTION ( 'NONE',  ( 1.000000000000000000, 0.000000000000000000, 0.000000000000000000 ) ) ;
#1500 = AXIS2_PLACEMENT_3D ( 'NONE', #1189, #4332, #4408 ) ;
#1501 = VERTEX_POINT ( 'NONE', #4093 ) ;
#1502 = VECTOR ( 'NONE', #4608, 1000.000000000000000 ) ;
#1503 = VERTEX_POINT ( 'NONE', #2522 ) ;
#1504 = CARTESIAN_POINT ( 'NONE',  ( -12.99999999999998401, 68.00000000000002842, 6.000000000000000000 ) ) ;
#1505 = DIRECTION ( 'NONE',  ( 0.000000000000000000, 0.000000000000000000, -1.000000000000000000 ) ) ;
#1506 = VECTOR ( 'NONE', #2652, 1000.000000000000000 ) ;
#1507 = VERTEX_POINT ( 'NONE', #514 ) ;
#1508 = VECTOR ( 'NONE', #75, 1000.000000000000000 ) ;
#1509 = DIRECTION ( 'NONE',  ( -1.000000000000000000, 0.000000000000000000, 0.000000000000000000 ) ) ;
#1510 = CARTESIAN_POINT ( 'NONE',  ( 27.00000000000002487, 66.94670777265318407, 3.000000000000000000 ) ) ;
#1511 = FACE_OUTER_BOUND ( 'NONE', #4797, .T. ) ;
#1512 = ORIENTED_EDGE ( 'NONE', *, *, #1880, .F. ) ;
#1513 = VECTOR ( 'NONE', #3725, 1000.000000000000114 ) ;
#1514 = VERTEX_POINT ( 'NONE', #2545 ) ;
#1515 = EDGE_CURVE ( 'NONE', #2541, #2871, #3728, .T. ) ;
#1516 = ORIENTED_EDGE ( 'NONE', *, *, #2884, .T. ) ;
#1517 = CARTESIAN_POINT ( 'NONE',  ( 9.749999999999992895, 35.00000000000002842, 3.000000000000000000 ) ) ;
#1518 = LINE ( 'NONE', #1122, #728 ) ;
#1519 = EDGE_LOOP ( 'NONE', ( #210, #1691, #5054, #4465 ) ) ;
#1520 = DIRECTION ( 'NONE',  ( -0.000000000000000000, -0.000000000000000000, -1.000000000000000000 ) ) ;
#1521 = PLANE ( 'NONE',  #1740 ) ;
#1522 = CARTESIAN_POINT ( 'NONE',  ( 79.25000000000000000, 73.74999999999985789, 10.00000000000000000 ) ) ;
#1523 = DIRECTION ( 'NONE',  ( -0.8660254037844385966, 0.5000000000000001110, 0.000000000000000000 ) ) ;
#1524 = VECTOR ( 'NONE', #3340, 1000.000000000000000 ) ;
#1525 = ORIENTED_EDGE ( 'NONE', *, *, #2141, .F. ) ;
#1526 = VECTOR ( 'NONE', #588, 1000.000000000000000 ) ;
#1527 = ADVANCED_FACE ( 'NONE', ( #116 ), #1337, .T. ) ;
#1528 = EDGE_LOOP ( 'NONE', ( #501, #2808, #4452, #3858, #1120, #776, #4210, #4143, #607, #1380, #1350, #257, #1241, #2349, #3402, #4657, #4528 ) ) ;
#1529 = CARTESIAN_POINT ( 'NONE',  ( 71.69999999999990337, -80.00000000000001421, -24.40000000000003766 ) ) ;
#1530 = DIRECTION ( 'NONE',  ( -0.000000000000000000, -0.000000000000000000, -1.000000000000000000 ) ) ;
#1531 = PLANE ( 'NONE',  #3177 ) ;
#1532 = CARTESIAN_POINT ( 'NONE',  ( 27.00000000000001066, 61.00000000000003553, 6.000000000000000000 ) ) ;
#1533 = DIRECTION ( 'NONE',  ( -0.5773502691896278405, -0.5773502691896217343, -0.5773502691896278405 ) ) ;
#1534 = ORIENTED_EDGE ( 'NONE', *, *, #712, .T. ) ;
#1535 = EDGE_LOOP ( 'NONE', ( #2067, #1876, #1925, #1222 ) ) ;
#1536 = EDGE_CURVE ( 'NONE', #2811, #797, #4585, .T. ) ;
#1537 = CARTESIAN_POINT ( 'NONE',  ( 24.49999999999999645, 79.50333209967894277, 1.000000000000000000 ) ) ;
#1538 = CARTESIAN_POINT ( 'NONE',  ( 11.50000000000001776, 88.65803263805835854, 0.000000000000000000 ) ) ;
#1539 = LINE ( 'NONE', #1863, #5 ) ;
#1540 = ORIENTED_EDGE ( 'NONE', *, *, #2582, .T. ) ;
#1541 = FACE_OUTER_BOUND ( 'NONE', #592, .T. ) ;
#1542 = EDGE_CURVE ( 'NONE', #9, #3703, #3170, .T. ) ;
#1543 = CARTESIAN_POINT ( 'NONE',  ( 13.50000000000001954, 90.65803263805835854, 1.000000000000000000 ) ) ;
#1544 = LINE ( 'NONE', #4402, #2910 ) ;
#1545 = VERTEX_POINT ( 'NONE', #3701 ) ;
#1546 = DIRECTION ( 'NONE',  ( -0.000000000000000000, -0.000000000000000000, -1.000000000000000000 ) ) ;
#1547 = ORIENTED_EDGE ( 'NONE', *, *, #2908, .F. ) ;
#1548 = EDGE_LOOP ( 'NONE', ( #579, #945, #446, #4215 ) ) ;
#1549 = CARTESIAN_POINT ( 'NONE',  ( 18.14999999999999503, 32.02664611367345771, 3.000000000000000000 ) ) ;
#1550 = EDGE_CURVE ( 'NONE', #2861, #4872, #3810, .T. ) ;
#1551 = LINE ( 'NONE', #2009, #4451 ) ;
#1552 = DIRECTION ( 'NONE',  ( 0.8660254037844374864, 0.5000000000000018874, 0.000000000000000000 ) ) ;
#1553 = FACE_BOUND ( 'NONE', #685, .T. ) ;
#1554 = DIRECTION ( 'NONE',  ( -0.5773502691896241767, -0.5773502691896265082, 0.5773502691896265082 ) ) ;
#1555 = DIRECTION ( 'NONE',  ( -0.8660254037844374864, -0.5000000000000018874, 0.000000000000000000 ) ) ;
#1556 = ORIENTED_EDGE ( 'NONE', *, *, #2285, .T. ) ;
#1557 = EDGE_LOOP ( 'NONE', ( #3717, #5149, #402, #89, #1293, #5237 ) ) ;
#1558 = VECTOR ( 'NONE', #100, 1000.000000000000000 ) ;
#1559 = EDGE_LOOP ( 'NONE', ( #1406, #2535, #3327, #4038 ) ) ;
#1560 = ORIENTED_EDGE ( 'NONE', *, *, #2553, .T. ) ;
#1561 = DIRECTION ( 'NONE',  ( 0.000000000000000000, 0.000000000000000000, -1.000000000000000000 ) ) ;
#1562 = FACE_OUTER_BOUND ( 'NONE', #4939, .T. ) ;
#1563 = AXIS2_PLACEMENT_3D ( 'NONE', #5183, #2350, #682 ) ;
#1564 = ORIENTED_EDGE ( 'NONE', *, *, #4600, .T. ) ;
#1565 = LINE ( 'NONE', #4422, #4268 ) ;
#1566 = DIRECTION ( 'NONE',  ( -0.000000000000000000, 0.000000000000000000, -1.000000000000000000 ) ) ;
#1567 = MECHANICAL_DESIGN_GEOMETRIC_PRESENTATION_REPRESENTATION (  '', ( #5233 ), #2072 ) ;
#1568 = CARTESIAN_POINT ( 'NONE',  ( -14.49999999999997513, 120.6580326380583585, 1.000000000000000000 ) ) ;
#1569 = VECTOR ( 'NONE', #187, 1000.000000000000000 ) ;
#1570 = VECTOR ( 'NONE', #4806, 1000.000000000000000 ) ;
#1571 = ORIENTED_EDGE ( 'NONE', *, *, #4694, .F. ) ;
#1572 = CARTESIAN_POINT ( 'NONE',  ( 29.50000000000003553, 68.65803263805835854, 0.000000000000000000 ) ) ;
#1573 = CARTESIAN_POINT ( 'NONE',  ( 43.00000000000000000, 3.688163632484690672E-15, 0.000000000000000000 ) ) ;
#1574 = ORIENTED_EDGE ( 'NONE', *, *, #4040, .T. ) ;
#1575 = LINE ( 'NONE', #2832, #3801 ) ;
#1576 = ORIENTED_EDGE ( 'NONE', *, *, #2873, .F. ) ;
#1577 = VECTOR ( 'NONE', #3505, 1000.000000000000000 ) ;
#1578 = EDGE_CURVE ( 'NONE', #4727, #1135, #4234, .T. ) ;
#1579 = ORIENTED_EDGE ( 'NONE', *, *, #2854, .F. ) ;
#1580 = DIRECTION ( 'NONE',  ( 0.7071067811865475727, -0.7071067811865475727, 0.000000000000000000 ) ) ;
#1581 = CIRCLE ( 'NONE', #4128, 5.000000000000000888 ) ;
#1582 = DIRECTION ( 'NONE',  ( 0.000000000000000000, -0.000000000000000000, 1.000000000000000000 ) ) ;
#1583 = EDGE_LOOP ( 'NONE', ( #4887, #2176, #3907, #1257 ) ) ;
#1584 = ADVANCED_FACE ( 'NONE', ( #1808 ), #1015, .F. ) ;
#1585 = LINE ( 'NONE', #3169, #220 ) ;
#1586 = CYLINDRICAL_SURFACE ( 'NONE', #4643, 2.249999999999996003 ) ;
#1587 = VECTOR ( 'NONE', #4705, 1000.000000000000114 ) ;
#1588 = DIRECTION ( 'NONE',  ( 0.8660254037844381525, -0.5000000000000007772, 0.000000000000000000 ) ) ;
#1589 = ORIENTED_EDGE ( 'NONE', *, *, #3031, .F. ) ;
#1590 = ORIENTED_EDGE ( 'NONE', *, *, #133, .T. ) ;
#1591 = VECTOR ( 'NONE', #2682, 1000.000000000000000 ) ;
#1592 = CIRCLE ( 'NONE', #2772, 3.250000000000001332 ) ;
#1593 = EDGE_CURVE ( 'NONE', #4014, #1636, #219, .T. ) ;
#1594 = DIRECTION ( 'NONE',  ( -0.000000000000000000, -0.000000000000000000, -1.000000000000000000 ) ) ;
#1595 = FACE_OUTER_BOUND ( 'NONE', #4854, .T. ) ;
#1596 = AXIS2_PLACEMENT_3D ( 'NONE', #633, #2308, #3881 ) ;
#1597 = VERTEX_POINT ( 'NONE', #5113 ) ;
#1598 = CARTESIAN_POINT ( 'NONE',  ( 0.000000000000000000, 0.000000000000000000, 1.000000000000000000 ) ) ;
#1599 = ORIENTED_EDGE ( 'NONE', *, *, #688, .F. ) ;
#1600 = DIRECTION ( 'NONE',  ( 0.000000000000000000, -0.000000000000000000, 1.000000000000000000 ) ) ;
#1601 = LINE ( 'NONE', #4851, #5151 ) ;
#1602 = ORIENTED_EDGE ( 'NONE', *, *, #4469, .F. ) ;
#1603 = DIRECTION ( 'NONE',  ( -0.000000000000000000, -1.000000000000000000, -0.000000000000000000 ) ) ;
#1604 = ORIENTED_EDGE ( 'NONE', *, *, #1194, .T. ) ;
#1605 = EDGE_CURVE ( 'NONE', #3259, #2965, #3831, .T. ) ;
#1606 = ORIENTED_EDGE ( 'NONE', *, *, #4066, .F. ) ;
#1607 = LINE ( 'NONE', #3222, #2487 ) ;
#1608 = DIRECTION ( 'NONE',  ( -0.000000000000000000, 0.000000000000000000, 1.000000000000000000 ) ) ;
#1609 = VECTOR ( 'NONE', #4347, 1000.000000000000000 ) ;
#1610 = EDGE_LOOP ( 'NONE', ( #3131, #794, #4792, #3392 ) ) ;
#1611 = EDGE_CURVE ( 'NONE', #1119, #425, #2580, .T. ) ;
#1612 = PLANE ( 'NONE',  #2164 ) ;
#1613 = CARTESIAN_POINT ( 'NONE',  ( 0.000000000000000000, 0.000000000000000000, 0.000000000000000000 ) ) ;
#1614 = CARTESIAN_POINT ( 'NONE',  ( 18.14999999999999503, 32.02664611367345771, 3.000000000000000000 ) ) ;
#1615 = ORIENTED_EDGE ( 'NONE', *, *, #2150, .F. ) ;
#1616 = ORIENTED_EDGE ( 'NONE', *, *, #1769, .F. ) ;
#1617 = LINE ( 'NONE', #1537, #3626 ) ;
#1618 = DIRECTION ( 'NONE',  ( -0.000000000000000000, -1.000000000000000000, -0.000000000000000000 ) ) ;
#1619 = EDGE_CURVE ( 'NONE', #4777, #2789, #2648, .T. ) ;
#1620 = ORIENTED_EDGE ( 'NONE', *, *, #1008, .T. ) ;
#1621 = ORIENTED_EDGE ( 'NONE', *, *, #1963, .T. ) ;
#1622 = CARTESIAN_POINT ( 'NONE',  ( 87.09999999999999432, 83.99999999999980105, 0.000000000000000000 ) ) ;
#1623 = CARTESIAN_POINT ( 'NONE',  ( 30.25000000000001421, 74.99999999999984368, 6.000000000000000000 ) ) ;
#1624 = VERTEX_POINT ( 'NONE', #3855 ) ;
#1625 = DIRECTION ( 'NONE',  ( 0.000000000000000000, 0.000000000000000000, 1.000000000000000000 ) ) ;
#1626 = EDGE_LOOP ( 'NONE', ( #1301, #816, #486, #959 ) ) ;
#1627 = ADVANCED_FACE ( 'NONE', ( #4285 ), #1837, .F. ) ;
#1628 = ORIENTED_EDGE ( 'NONE', *, *, #652, .F. ) ;
#1629 = DIRECTION ( 'NONE',  ( -0.000000000000000000, 0.000000000000000000, -1.000000000000000000 ) ) ;
#1630 = CARTESIAN_POINT ( 'NONE',  ( 43.00000000000000000, -24.99999999999999645, -169.8835189181103544 ) ) ;
#1631 = PLANE ( 'NONE',  #4987 ) ;
#1632 = LINE ( 'NONE', #2723, #1490 ) ;
#1633 = EDGE_CURVE ( 'NONE', #2456, #524, #2231, .T. ) ;
#1634 = EDGE_LOOP ( 'NONE', ( #4319, #704, #183, #4310 ) ) ;
#1635 = ORIENTED_EDGE ( 'NONE', *, *, #2649, .T. ) ;
#1636 = VERTEX_POINT ( 'NONE', #4346 ) ;
#1637 = DIRECTION ( 'NONE',  ( -0.000000000000000000, 0.000000000000000000, -1.000000000000000000 ) ) ;
#1638 = EDGE_CURVE ( 'NONE', #4421, #4952, #5060, .T. ) ;
#1639 = DIRECTION ( 'NONE',  ( -1.000000000000000000, 0.000000000000000000, 0.000000000000000000 ) ) ;
#1640 = EDGE_LOOP ( 'NONE', ( #1426, #2073, #1187, #1149 ) ) ;
#1641 = CARTESIAN_POINT ( 'NONE',  ( 85.09999999999998010, -80.00000000000001421, 5.249999999999992006 ) ) ;
#1642 = ADVANCED_FACE ( 'NONE', ( #639 ), #695, .F. ) ;
#1643 = CARTESIAN_POINT ( 'NONE',  ( 43.00000000000000000, -24.99999999999999645, 6.000000000000000000 ) ) ;
#1644 = VECTOR ( 'NONE', #178, 1000.000000000000000 ) ;
#1645 = DIRECTION ( 'NONE',  ( -0.000000000000000000, -0.000000000000000000, -1.000000000000000000 ) ) ;
#1646 = AXIS2_PLACEMENT_3D ( 'NONE', #329, #2342, #3671 ) ;
#1647 = ORIENTED_EDGE ( 'NONE', *, *, #2293, .T. ) ;
#1648 = CARTESIAN_POINT ( 'NONE',  ( -17.50000000000000000, 58.00000000000003553, 0.000000000000000000 ) ) ;
#1649 = ORIENTED_EDGE ( 'NONE', *, *, #37, .F. ) ;
#1650 = CARTESIAN_POINT ( 'NONE',  ( 27.00000000000000711, 55.05329222734687988, 3.000000000000000000 ) ) ;
#1651 = VECTOR ( 'NONE', #4185, 1000.000000000000000 ) ;
#1652 = VECTOR ( 'NONE', #4008, 1000.000000000000000 ) ;
#1653 = EDGE_CURVE ( 'NONE', #347, #1679, #2312, .T. ) ;
#1654 = VECTOR ( 'NONE', #1533, 1000.000000000000114 ) ;
#1655 = VERTEX_POINT ( 'NONE', #293 ) ;
#1656 = LINE ( 'NONE', #4562, #2409 ) ;
#1657 = ORIENTED_EDGE ( 'NONE', *, *, #3751, .T. ) ;
#1658 = CARTESIAN_POINT ( 'NONE',  ( -1.499999999999997780, -75.00000000000001421, -25.00000000000000000 ) ) ;
#1659 = VECTOR ( 'NONE', #287, 1000.000000000000000 ) ;
#1660 = CARTESIAN_POINT ( 'NONE',  ( 29.50000000000000000, 79.50333209967894277, 0.000000000000000000 ) ) ;
#1661 = ORIENTED_EDGE ( 'NONE', *, *, #3189, .F. ) ;
#1662 = LINE ( 'NONE', #1290, #2678 ) ;
#1663 = DIRECTION ( 'NONE',  ( 0.000000000000000000, 1.000000000000000000, 0.000000000000000000 ) ) ;
#1664 = ORIENTED_EDGE ( 'NONE', *, *, #4221, .T. ) ;
#1665 = VERTEX_POINT ( 'NONE', #5138 ) ;
#1666 = LINE ( 'NONE', #2092, #3039 ) ;
#1667 = AXIS2_PLACEMENT_3D ( 'NONE', #2296, #332, #4354 ) ;
#1668 = FACE_OUTER_BOUND ( 'NONE', #1535, .T. ) ;
#1669 = ORIENTED_EDGE ( 'NONE', *, *, #2512, .T. ) ;
#1670 = DIRECTION ( 'NONE',  ( -0.8660254037844381525, -0.5000000000000007772, 0.000000000000000000 ) ) ;
#1671 = EDGE_CURVE ( 'NONE', #3495, #3224, #3101, .T. ) ;
#1672 = VECTOR ( 'NONE', #426, 1000.000000000000000 ) ;
#1673 = PLANE ( 'NONE',  #2598 ) ;
#1674 = LINE ( 'NONE', #963, #550 ) ;
#1675 = ORIENTED_EDGE ( 'NONE', *, *, #2480, .T. ) ;
#1676 = ORIENTED_EDGE ( 'NONE', *, *, #1382, .T. ) ;
#1677 = FACE_OUTER_BOUND ( 'NONE', #440, .T. ) ;
#1678 = ORIENTED_EDGE ( 'NONE', *, *, #4106, .T. ) ;
#1679 = VERTEX_POINT ( 'NONE', #3489 ) ;
#1680 = DIRECTION ( 'NONE',  ( -1.000000000000000000, 3.812579068080894480E-16, 0.000000000000000000 ) ) ;
#1681 = ORIENTED_EDGE ( 'NONE', *, *, #2293, .F. ) ;
#1682 = DIRECTION ( 'NONE',  ( 0.000000000000000000, 0.000000000000000000, -1.000000000000000000 ) ) ;
#1683 = CARTESIAN_POINT ( 'NONE',  ( 12.99999999999999467, 40.94670777265317696, 3.000000000000000000 ) ) ;
#1684 = ADVANCED_FACE ( 'NONE', ( #1463 ), #5172, .T. ) ;
#1685 = ORIENTED_EDGE ( 'NONE', *, *, #688, .T. ) ;
#1686 = LINE ( 'NONE', #897, #2975 ) ;
#1687 = ORIENTED_EDGE ( 'NONE', *, *, #5057, .F. ) ;
#1688 = CARTESIAN_POINT ( 'NONE',  ( 25.50000000000002487, 68.65803263805835854, 1.000000000000000000 ) ) ;
#1689 = LINE ( 'NONE', #79, #1319 ) ;
#1690 = ORIENTED_EDGE ( 'NONE', *, *, #311, .T. ) ;
#1691 = ORIENTED_EDGE ( 'NONE', *, *, #3899, .T. ) ;
#1692 = CARTESIAN_POINT ( 'NONE',  ( 17.14999999999999858, 80.02664611367346481, 3.000000000000000000 ) ) ;
#1693 = CARTESIAN_POINT ( 'NONE',  ( -18.15000000000000568, 115.9733538863265636, 0.000000000000000000 ) ) ;
#1694 = LINE ( 'NONE', #2515, #2937 ) ;
#1695 = CARTESIAN_POINT ( 'NONE',  ( 23.75000000000000711, 61.00000000000003553, 6.000000000000000000 ) ) ;
#1696 = FACE_OUTER_BOUND ( 'NONE', #898, .T. ) ;
#1697 = ORIENTED_EDGE ( 'NONE', *, *, #2839, .F. ) ;
#1698 = DIRECTION ( 'NONE',  ( -0.000000000000000000, -0.000000000000000000, -1.000000000000000000 ) ) ;
#1699 = EDGE_CURVE ( 'NONE', #2359, #1188, #3543, .T. ) ;
#1700 = PLANE ( 'NONE',  #3944 ) ;
#1701 = CARTESIAN_POINT ( 'NONE',  ( -12.49999999999997513, 120.6580326380583585, 1.000000000000000000 ) ) ;
#1702 = ORIENTED_EDGE ( 'NONE', *, *, #2771, .F. ) ;
#1703 = CARTESIAN_POINT ( 'NONE',  ( 12.00000000000000178, 83.00000000000002842, 6.000000000000000000 ) ) ;
#1704 = EDGE_CURVE ( 'NONE', #835, #1106, #2706, .T. ) ;
#1705 = VERTEX_POINT ( 'NONE', #2986 ) ;
#1706 = CARTESIAN_POINT ( 'NONE',  ( -10.49999999999997513, 117.5033320996790991, 0.000000000000000000 ) ) ;
#1707 = ORIENTED_EDGE ( 'NONE', *, *, #3256, .F. ) ;
#1708 = CARTESIAN_POINT ( 'NONE',  ( 43.00000000000000711, -67.00000000000002842, 0.000000000000000000 ) ) ;
#1709 = CARTESIAN_POINT ( 'NONE',  ( 43.00000000000000000, -24.99999999999999645, 0.000000000000000000 ) ) ;
#1710 = AXIS2_PLACEMENT_3D ( 'NONE', #2054, #2916, #3674 ) ;
#1711 = ORIENTED_EDGE ( 'NONE', *, *, #3256, .T. ) ;
#1712 = ADVANCED_FACE ( 'NONE', ( #4737 ), #4631, .F. ) ;
#1713 = LINE ( 'NONE', #2448, #2664 ) ;
#1714 = EDGE_LOOP ( 'NONE', ( #887, #4447, #3138, #4603 ) ) ;
#1715 = LINE ( 'NONE', #3766, #3793 ) ;
#1716 = CARTESIAN_POINT ( 'NONE',  ( 0.000000000000000000, -75.00000000000001421, 0.000000000000000000 ) ) ;
#1717 = ORIENTED_EDGE ( 'NONE', *, *, #4182, .F. ) ;
#1718 = ORIENTED_EDGE ( 'NONE', *, *, #99, .F. ) ;
#1719 = DIRECTION ( 'NONE',  ( 1.000000000000000000, -1.387778780781444413E-14, 0.000000000000000000 ) ) ;
#1720 = ORIENTED_EDGE ( 'NONE', *, *, #162, .T. ) ;
#1721 = CARTESIAN_POINT ( 'NONE',  ( 0.000000000000000000, 0.000000000000000000, 3.000000000000000000 ) ) ;
#1722 = CARTESIAN_POINT ( 'NONE',  ( 8.000000000000003553, -25.00000000000000000, -1.040834085586084257E-14 ) ) ;
#1723 = DIRECTION ( 'NONE',  ( -0.8660254037844381525, 0.5000000000000006661, 0.000000000000000000 ) ) ;
#1724 = LINE ( 'NONE', #4175, #4796 ) ;
#1725 = ORIENTED_EDGE ( 'NONE', *, *, #5240, .T. ) ;
#1726 = CARTESIAN_POINT ( 'NONE',  ( 12.50000000000001776, 90.65803263805835854, 1.000000000000000000 ) ) ;
#1727 = EDGE_CURVE ( 'NONE', #1131, #4563, #3643, .T. ) ;
#1728 = FACE_OUTER_BOUND ( 'NONE', #848, .T. ) ;
#1729 = DIRECTION ( 'NONE',  ( 0.000000000000000000, -0.000000000000000000, 1.000000000000000000 ) ) ;
#1730 = EDGE_CURVE ( 'NONE', #2460, #3931, #4395, .T. ) ;
#1731 = CARTESIAN_POINT ( 'NONE',  ( 24.49999999999999645, 82.65803263805820222, 1.000000000000000000 ) ) ;
#1732 = ORIENTED_EDGE ( 'NONE', *, *, #3918, .T. ) ;
#1733 = CIRCLE ( 'NONE', #2571, 2.250000000000000888 ) ;
#1734 = ORIENTED_EDGE ( 'NONE', *, *, #4700, .T. ) ;
#1735 = DIRECTION ( 'NONE',  ( 0.7071067811865480168, 0.7071067811865471286, 0.000000000000000000 ) ) ;
#1736 = ADVANCED_FACE ( 'NONE', ( #1595 ), #2437, .T. ) ;
#1737 = VECTOR ( 'NONE', #4717, 1000.000000000000000 ) ;
#1738 = ORIENTED_EDGE ( 'NONE', *, *, #2793, .F. ) ;
#1739 = DIRECTION ( 'NONE',  ( 0.8660254037844377084, -0.5000000000000017764, 0.000000000000000000 ) ) ;
#1740 = AXIS2_PLACEMENT_3D ( 'NONE', #2555, #1349, #699 ) ;
#1741 = ADVANCED_FACE ( 'NONE', ( #371 ), #4464, .F. ) ;
#1742 = AXIS2_PLACEMENT_3D ( 'NONE', #3929, #5085, #3010 ) ;
#1743 = ORIENTED_EDGE ( 'NONE', *, *, #5223, .T. ) ;
#1744 = DIRECTION ( 'NONE',  ( 0.000000000000000000, 1.000000000000000000, 0.000000000000000000 ) ) ;
#1745 = EDGE_LOOP ( 'NONE', ( #3844, #4755, #2283, #1661 ) ) ;
#1746 = LINE ( 'NONE', #416, #4214 ) ;
#1747 = DIRECTION ( 'NONE',  ( 1.000000000000000000, 0.000000000000000000, 0.000000000000000000 ) ) ;
#1748 = EDGE_CURVE ( 'NONE', #176, #4503, #3962, .T. ) ;
#1749 = ORIENTED_EDGE ( 'NONE', *, *, #2802, .F. ) ;
#1750 = AXIS2_PLACEMENT_3D ( 'NONE', #2982, #1483, #3092 ) ;
#1751 = LINE ( 'NONE', #3374, #1019 ) ;
#1752 = CARTESIAN_POINT ( 'NONE',  ( 30.25000000000001421, 61.00000000000003553, 3.000000000000000000 ) ) ;
#1753 = CARTESIAN_POINT ( 'NONE',  ( 19.24078198180228938, -43.24078198180256294, -9.120390990901299233 ) ) ;
#1754 = AXIS2_PLACEMENT_3D ( 'NONE', #5101, #2199, #1395 ) ;
#1755 = EDGE_LOOP ( 'NONE', ( #2700, #1267, #2885, #2307 ) ) ;
#1756 = ORIENTED_EDGE ( 'NONE', *, *, #915, .T. ) ;
#1757 = LINE ( 'NONE', #1303, #2694 ) ;
#1758 = ADVANCED_FACE ( 'NONE', ( #4865 ), #4063, .F. ) ;
#1759 = PLANE ( 'NONE',  #41 ) ;
#1760 = LINE ( 'NONE', #3387, #3437 ) ;
#1761 = CARTESIAN_POINT ( 'NONE',  ( 6.849999999999994316, 85.97335388632657782, 3.000000000000000000 ) ) ;
#1762 = VECTOR ( 'NONE', #3016, 1000.000000000000227 ) ;
#1763 = DIRECTION ( 'NONE',  ( -0.000000000000000000, -0.000000000000000000, -1.000000000000000000 ) ) ;
#1764 = AXIS2_PLACEMENT_3D ( 'NONE', #2263, #5092, #1020 ) ;
#1765 = VECTOR ( 'NONE', #754, 1000.000000000000000 ) ;
#1766 = ORIENTED_EDGE ( 'NONE', *, *, #4679, .F. ) ;
#1767 = CARTESIAN_POINT ( 'NONE',  ( -14.49999999999997513, 118.0806823688687217, 3.000000000000000000 ) ) ;
#1768 = DIRECTION ( 'NONE',  ( -0.8660254037844383745, 0.5000000000000004441, 0.000000000000000000 ) ) ;
#1769 = EDGE_CURVE ( 'NONE', #120, #522, #1221, .T. ) ;
#1770 = CARTESIAN_POINT ( 'NONE',  ( 13.50000000000001954, 90.65803263805835854, 0.000000000000000000 ) ) ;
#1771 = ORIENTED_EDGE ( 'NONE', *, *, #1866, .F. ) ;
#1772 = LINE ( 'NONE', #1795, #2925 ) ;
#1773 = CARTESIAN_POINT ( 'NONE',  ( 30.25000000000001421, 74.99999999999984368, 3.000000000000000000 ) ) ;
#1774 = ADVANCED_FACE ( 'NONE', ( #1562 ), #3152, .F. ) ;
#1775 = ORIENTED_EDGE ( 'NONE', *, *, #755, .T. ) ;
#1776 = CARTESIAN_POINT ( 'NONE',  ( 2.999999999999995115, 48.00000000000002132, 0.000000000000000000 ) ) ;
#1777 = DIRECTION ( 'NONE',  ( -0.5773502691896262862, -0.5773502691896262862, -0.5773502691896247319 ) ) ;
#1778 = DIRECTION ( 'NONE',  ( 0.000000000000000000, -1.000000000000000000, 0.000000000000000000 ) ) ;
#1779 = ORIENTED_EDGE ( 'NONE', *, *, #854, .T. ) ;
#1780 = ORIENTED_EDGE ( 'NONE', *, *, #3869, .T. ) ;
#1781 = ORIENTED_EDGE ( 'NONE', *, *, #779, .F. ) ;
#1782 = PLANE ( 'NONE',  #1253 ) ;
#1783 = AXIS2_PLACEMENT_3D ( 'NONE', #4858, #3711, #24 ) ;
#1784 = LINE ( 'NONE', #2287, #5078 ) ;
#1785 = LINE ( 'NONE', #1701, #804 ) ;
#1786 = ADVANCED_FACE ( 'NONE', ( #722 ), #3209, .F. ) ;
#1787 = CARTESIAN_POINT ( 'NONE',  ( -16.25000000000000000, 113.0000000000000284, 6.000000000000000000 ) ) ;
#1788 = FACE_OUTER_BOUND ( 'NONE', #4847, .T. ) ;
#1789 = ORIENTED_EDGE ( 'NONE', *, *, #4249, .F. ) ;
#1790 = LINE ( 'NONE', #617, #1651 ) ;
#1791 = FACE_OUTER_BOUND ( 'NONE', #4341, .T. ) ;
#1792 = EDGE_CURVE ( 'NONE', #1341, #492, #3615, .T. ) ;
#1793 = ORIENTED_EDGE ( 'NONE', *, *, #2562, .T. ) ;
#1794 = EDGE_LOOP ( 'NONE', ( #3507, #2666, #1525, #631, #5084, #478 ) ) ;
#1795 = CARTESIAN_POINT ( 'NONE',  ( 24.50000000000002487, 68.65803263805835854, 1.000000000000000000 ) ) ;
#1796 = FACE_OUTER_BOUND ( 'NONE', #4034, .T. ) ;
#1797 = EDGE_LOOP ( 'NONE', ( #4144, #2595, #4165, #2386 ) ) ;
#1798 = PLANE ( 'NONE',  #4418 ) ;
#1799 = EDGE_CURVE ( 'NONE', #1328, #761, #4036, .T. ) ;
#1800 = FACE_OUTER_BOUND ( 'NONE', #3099, .T. ) ;
#1801 = DIRECTION ( 'NONE',  ( 1.000000000000000000, 0.000000000000000000, 0.000000000000000000 ) ) ;
#1802 = ORIENTED_EDGE ( 'NONE', *, *, #4745, .T. ) ;
#1803 = CARTESIAN_POINT ( 'NONE',  ( 11.99999999999999645, 77.05329222734688699, 3.000000000000000000 ) ) ;
#1804 = EDGE_LOOP ( 'NONE', ( #2226, #1780, #1560, #626 ) ) ;
#1805 = ORIENTED_EDGE ( 'NONE', *, *, #4694, .T. ) ;
#1806 = EDGE_CURVE ( 'NONE', #2679, #3473, #423, .T. ) ;
#1807 = DIRECTION ( 'NONE',  ( -1.163534038764931419E-16, 1.000000000000000000, -0.000000000000000000 ) ) ;
#1808 = FACE_OUTER_BOUND ( 'NONE', #4613, .T. ) ;
#1809 = DIRECTION ( 'NONE',  ( -1.000000000000000000, -0.000000000000000000, -0.000000000000000000 ) ) ;
#1810 = PLANE ( 'NONE',  #659 ) ;
#1811 = ADVANCED_FACE ( 'NONE', ( #323, #4816, #2780, #4759 ), #774, .T. ) ;
#1812 = LINE ( 'NONE', #5066, #1591 ) ;
#1813 = EDGE_LOOP ( 'NONE', ( #2212, #1471, #261, #132 ) ) ;
#1814 = FACE_BOUND ( 'NONE', #707, .T. ) ;
#1815 = LINE ( 'NONE', #4269, #1224 ) ;
#1816 = ORIENTED_EDGE ( 'NONE', *, *, #2357, .F. ) ;
#1817 = VECTOR ( 'NONE', #3395, 1000.000000000000114 ) ;
#1818 = EDGE_CURVE ( 'NONE', #4817, #2892, #4844, .T. ) ;
#1819 = VERTEX_POINT ( 'NONE', #4442 ) ;
#1820 = DIRECTION ( 'NONE',  ( 1.000000000000000000, -1.387778780781444413E-14, 0.000000000000000000 ) ) ;
#1821 = DIRECTION ( 'NONE',  ( 0.000000000000000000, 0.000000000000000000, 1.000000000000000000 ) ) ;
#1822 = VECTOR ( 'NONE', #914, 1000.000000000000000 ) ;
#1823 = VECTOR ( 'NONE', #5257, 1000.000000000000114 ) ;
#1824 = ORIENTED_EDGE ( 'NONE', *, *, #1515, .F. ) ;
#1825 = LINE ( 'NONE', #4696, #1018 ) ;
#1826 = LINE ( 'NONE', #5083, #3269 ) ;
#1827 = DIRECTION ( 'NONE',  ( 1.000000000000000000, -0.000000000000000000, -0.000000000000000000 ) ) ;
#1828 = AXIS2_PLACEMENT_3D ( 'NONE', #1453, #3924, #5129 ) ;
#1829 = ORIENTED_EDGE ( 'NONE', *, *, #929, .T. ) ;
#1830 = CARTESIAN_POINT ( 'NONE',  ( 13.00000000000000178, 29.05329222734688699, 3.000000000000000000 ) ) ;
#1831 = VERTEX_POINT ( 'NONE', #3664 ) ;
#1832 =( NAMED_UNIT ( * ) PLANE_ANGLE_UNIT ( ) SI_UNIT ( $, .RADIAN. ) );
#1833 = VECTOR ( 'NONE', #2795, 1000.000000000000000 ) ;
#1834 = EDGE_LOOP ( 'NONE', ( #4863, #457, #196, #1026 ) ) ;
#1835 = EDGE_CURVE ( 'NONE', #4680, #1013, #1518, .T. ) ;
#1836 = FACE_OUTER_BOUND ( 'NONE', #2591, .T. ) ;
#1837 = CYLINDRICAL_SURFACE ( 'NONE', #3529, 3.250000000000001332 ) ;
#1838 = CIRCLE ( 'NONE', #1500, 3.250000000000004441 ) ;
#1839 = CARTESIAN_POINT ( 'NONE',  ( 3.299999999999997158, 121.0000000000000426, 6.000000000000000000 ) ) ;
#1840 = ADVANCED_FACE ( 'NONE', ( #2514 ), #875, .F. ) ;
#1841 = CARTESIAN_POINT ( 'NONE',  ( 27.50000000000003553, 68.65803263805835854, 1.000000000000000000 ) ) ;
#1842 = DIRECTION ( 'NONE',  ( 0.000000000000000000, 0.000000000000000000, -1.000000000000000000 ) ) ;
#1843 = VECTOR ( 'NONE', #1472, 1000.000000000000000 ) ;
#1844 = ORIENTED_EDGE ( 'NONE', *, *, #1977, .T. ) ;
#1845 = CARTESIAN_POINT ( 'NONE',  ( 32.15000000000001279, 63.97335388632660624, 0.000000000000000000 ) ) ;
#1846 = VERTEX_POINT ( 'NONE', #2180 ) ;
#1847 = FACE_OUTER_BOUND ( 'NONE', #2108, .T. ) ;
#1848 = ORIENTED_EDGE ( 'NONE', *, *, #290, .F. ) ;
#1849 = CIRCLE ( 'NONE', #577, 3.249999999999999556 ) ;
#1850 = VECTOR ( 'NONE', #2804, 1000.000000000000000 ) ;
#1851 = ORIENTED_EDGE ( 'NONE', *, *, #3048, .T. ) ;
#1852 = LINE ( 'NONE', #3057, #3366 ) ;
#1853 = EDGE_CURVE ( 'NONE', #516, #863, #1330, .T. ) ;
#1854 = CARTESIAN_POINT ( 'NONE',  ( 13.50000000000001954, 90.65803263805835854, 1.000000000000000000 ) ) ;
#1855 = ORIENTED_EDGE ( 'NONE', *, *, #2880, .F. ) ;
#1856 = CARTESIAN_POINT ( 'NONE',  ( 92.09999999999999432, -75.00000000000001421, 10.00000000000000000 ) ) ;
#1857 = DIRECTION ( 'NONE',  ( 0.000000000000000000, 0.000000000000000000, 1.000000000000000000 ) ) ;
#1858 = PLANE ( 'NONE',  #4031 ) ;
#1859 = ORIENTED_EDGE ( 'NONE', *, *, #4012, .T. ) ;
#1860 = ORIENTED_EDGE ( 'NONE', *, *, #1633, .T. ) ;
#1861 = DIRECTION ( 'NONE',  ( 0.8660254037844388186, 0.4999999999999997224, 0.000000000000000000 ) ) ;
#1862 = CARTESIAN_POINT ( 'NONE',  ( -21.89999999999999858, -80.00000000000001421, -3.999999999999928946 ) ) ;
#1863 = CARTESIAN_POINT ( 'NONE',  ( 7.999999999999994671, 48.00000000000002132, 0.000000000000000000 ) ) ;
#1864 = ORIENTED_EDGE ( 'NONE', *, *, #4000, .T. ) ;
#1865 = VECTOR ( 'NONE', #3932, 1000.000000000000000 ) ;
#1866 = EDGE_CURVE ( 'NONE', #2952, #3373, #3257, .T. ) ;
#1867 = PLANE ( 'NONE',  #3714 ) ;
#1868 = VECTOR ( 'NONE', #2203, 1000.000000000000000 ) ;
#1869 = PLANE ( 'NONE',  #2434 ) ;
#1870 = FACE_OUTER_BOUND ( 'NONE', #3042, .T. ) ;
#1871 = EDGE_LOOP ( 'NONE', ( #2155, #840, #1947, #3378 ) ) ;
#1872 = ADVANCED_FACE ( 'NONE', ( #4578 ), #2933, .F. ) ;
#1873 = FACE_OUTER_BOUND ( 'NONE', #3540, .T. ) ;
#1874 = DIRECTION ( 'NONE',  ( 1.000000000000000000, 0.000000000000000000, 0.000000000000000000 ) ) ;
#1875 = VERTEX_POINT ( 'NONE', #3691 ) ;
#1876 = ORIENTED_EDGE ( 'NONE', *, *, #1498, .F. ) ;
#1877 = CARTESIAN_POINT ( 'NONE',  ( 27.00000000000001066, 69.05329222734671646, 0.000000000000000000 ) ) ;
#1878 = CARTESIAN_POINT ( 'NONE',  ( 79.25000000000000000, 60.89999999999987068, -169.8835189181103544 ) ) ;
#1879 = ORIENTED_EDGE ( 'NONE', *, *, #3552, .T. ) ;
#1880 = EDGE_CURVE ( 'NONE', #1171, #552, #4196, .T. ) ;
#1881 = CARTESIAN_POINT ( 'NONE',  ( -7.849999999999996092, 110.0266461136734506, 0.000000000000000000 ) ) ;
#1882 = DIRECTION ( 'NONE',  ( 0.8660254037844382635, -0.5000000000000008882, 0.000000000000000000 ) ) ;
#1883 = CARTESIAN_POINT ( 'NONE',  ( 43.00000000000000000, -28.23340756724423883, -1.616703783622136514 ) ) ;
#1884 = EDGE_LOOP ( 'NONE', ( #1599, #3805, #2214, #3960 ) ) ;
#1885 = ORIENTED_EDGE ( 'NONE', *, *, #2141, .T. ) ;
#1886 = DIRECTION ( 'NONE',  ( 0.000000000000000000, 0.000000000000000000, 1.000000000000000000 ) ) ;
#1887 = EDGE_CURVE ( 'NONE', #2998, #2405, #555, .T. ) ;
#1888 = CARTESIAN_POINT ( 'NONE',  ( 25.50000000000000000, 82.65803263805821643, 1.000000000000000000 ) ) ;
#1889 = DIRECTION ( 'NONE',  ( 0.000000000000000000, 1.000000000000000000, 0.000000000000000000 ) ) ;
#1890 = DIRECTION ( 'NONE',  ( -0.000000000000000000, -0.000000000000000000, -1.000000000000000000 ) ) ;
#1891 = DIRECTION ( 'NONE',  ( 1.000000000000000000, 0.000000000000000000, 0.000000000000000000 ) ) ;
#1892 = EDGE_CURVE ( 'NONE', #70, #4834, #4982, .T. ) ;
#1893 = DIRECTION ( 'NONE',  ( 0.000000000000000000, 0.4999999999999955591, 0.8660254037844412611 ) ) ;
#1894 = DIRECTION ( 'NONE',  ( 1.000000000000000000, 0.000000000000000000, 0.000000000000000000 ) ) ;
#1895 = ADVANCED_FACE ( 'NONE', ( #1668 ), #1271, .F. ) ;
#1896 = ORIENTED_EDGE ( 'NONE', *, *, #4525, .F. ) ;
#1897 = DIRECTION ( 'NONE',  ( 0.000000000000000000, 1.000000000000000000, 0.000000000000000000 ) ) ;
#1898 = DIRECTION ( 'NONE',  ( 1.000000000000000000, 0.000000000000000000, -0.000000000000000000 ) ) ;
#1899 = ORIENTED_EDGE ( 'NONE', *, *, #1031, .T. ) ;
#1900 = VERTEX_POINT ( 'NONE', #3376 ) ;
#1901 = LINE ( 'NONE', #1549, #2824 ) ;
#1902 = CARTESIAN_POINT ( 'NONE',  ( 21.85000000000000853, 63.97335388632659203, 0.000000000000000000 ) ) ;
#1903 = EDGE_CURVE ( 'NONE', #4894, #1007, #505, .T. ) ;
#1904 = ORIENTED_EDGE ( 'NONE', *, *, #4012, .F. ) ;
#1905 = AXIS2_PLACEMENT_3D ( 'NONE', #2486, #2967, #2069 ) ;
#1906 = CARTESIAN_POINT ( 'NONE',  ( 28.49999999999999645, 82.65803263805820222, 0.000000000000000000 ) ) ;
#1907 = DIRECTION ( 'NONE',  ( 1.000000000000000000, -0.000000000000000000, -0.000000000000000000 ) ) ;
#1908 = VECTOR ( 'NONE', #1074, 1000.000000000000000 ) ;
#1909 = DIRECTION ( 'NONE',  ( -0.000000000000000000, 1.000000000000000000, -0.000000000000000000 ) ) ;
#1910 = DIRECTION ( 'NONE',  ( -0.000000000000000000, -1.000000000000000000, -0.000000000000000000 ) ) ;
#1911 = VERTEX_POINT ( 'NONE', #1752 ) ;
#1912 = AXIS2_PLACEMENT_3D ( 'NONE', #2996, #2267, #2606 ) ;
#1913 = SHAPE_DEFINITION_REPRESENTATION ( #4648, #542 ) ;
#1914 = ORIENTED_EDGE ( 'NONE', *, *, #5104, .F. ) ;
#1915 = VECTOR ( 'NONE', #2364, 1000.000000000000114 ) ;
#1916 = CARTESIAN_POINT ( 'NONE',  ( 12.50000000000001776, 90.65803263805835854, 0.000000000000000000 ) ) ;
#1917 = VECTOR ( 'NONE', #2748, 1000.000000000000000 ) ;
#1918 = DIRECTION ( 'NONE',  ( 9.912705577010325549E-17, 0.000000000000000000, -1.000000000000000000 ) ) ;
#1919 = VERTEX_POINT ( 'NONE', #5004 ) ;
#1920 = DIRECTION ( 'NONE',  ( 0.000000000000000000, 0.000000000000000000, -1.000000000000000000 ) ) ;
#1921 = EDGE_CURVE ( 'NONE', #4686, #3041, #3745, .T. ) ;
#1922 = VECTOR ( 'NONE', #4883, 1000.000000000000114 ) ;
#1923 = CARTESIAN_POINT ( 'NONE',  ( 21.85000000000000497, 77.97335388632643571, 3.000000000000000000 ) ) ;
#1924 = CARTESIAN_POINT ( 'NONE',  ( 29.50000000000003553, 65.50333209967911330, 1.000000000000000000 ) ) ;
#1925 = ORIENTED_EDGE ( 'NONE', *, *, #4637, .F. ) ;
#1926 = DIRECTION ( 'NONE',  ( 0.6666666666666706265, -0.6666666666666635210, -0.3333333333333317605 ) ) ;
#1927 = ORIENTED_EDGE ( 'NONE', *, *, #2623, .F. ) ;
#1928 = AXIS2_PLACEMENT_3D ( 'NONE', #2237, #4720, #2714 ) ;
#1929 = EDGE_CURVE ( 'NONE', #4830, #2502, #4517, .T. ) ;
#1930 = ORIENTED_EDGE ( 'NONE', *, *, #1933, .T. ) ;
#1931 = DIRECTION ( 'NONE',  ( 1.000000000000000000, -0.000000000000000000, -0.000000000000000000 ) ) ;
#1932 = CARTESIAN_POINT ( 'NONE',  ( -18.14999999999998082, 70.97335388632660624, 3.000000000000000000 ) ) ;
#1933 = EDGE_CURVE ( 'NONE', #4909, #1038, #32, .T. ) ;
#1934 = VECTOR ( 'NONE', #4043, 1000.000000000000000 ) ;
#1935 = VECTOR ( 'NONE', #487, 1000.000000000000000 ) ;
#1936 = DIRECTION ( 'NONE',  ( -0.000000000000000000, 0.000000000000000000, -1.000000000000000000 ) ) ;
#1937 = VECTOR ( 'NONE', #1948, 1000.000000000000000 ) ;
#1938 = LINE ( 'NONE', #2401, #1833 ) ;
#1939 = LINE ( 'NONE', #5189, #1654 ) ;
#1940 = EDGE_CURVE ( 'NONE', #1900, #2741, #2902, .T. ) ;
#1941 = ORIENTED_EDGE ( 'NONE', *, *, #2074, .T. ) ;
#1942 = ORIENTED_EDGE ( 'NONE', *, *, #4707, .T. ) ;
#1943 = VERTEX_POINT ( 'NONE', #84 ) ;
#1944 = DIRECTION ( 'NONE',  ( 1.000000000000000000, 0.000000000000000000, -0.000000000000000000 ) ) ;
#1945 = DIRECTION ( 'NONE',  ( -0.000000000000000000, 0.000000000000000000, -1.000000000000000000 ) ) ;
#1946 = CARTESIAN_POINT ( 'NONE',  ( -18.15000000000000568, 110.0266461136734648, 3.000000000000000000 ) ) ;
#1947 = ORIENTED_EDGE ( 'NONE', *, *, #4436, .F. ) ;
#1948 = DIRECTION ( 'NONE',  ( 0.000000000000000000, -1.000000000000000000, 0.000000000000000000 ) ) ;
#1949 = EDGE_CURVE ( 'NONE', #4876, #3259, #111, .T. ) ;
#1950 = LINE ( 'NONE', #5201, #384 ) ;
#1951 = LINE ( 'NONE', #758, #1393 ) ;
#1952 = FACE_OUTER_BOUND ( 'NONE', #3192, .T. ) ;
#1953 = VECTOR ( 'NONE', #31, 1000.000000000000000 ) ;
#1954 = VERTEX_POINT ( 'NONE', #956 ) ;
#1955 = ORIENTED_EDGE ( 'NONE', *, *, #1126, .T. ) ;
#1956 = CARTESIAN_POINT ( 'NONE',  ( 12.50000000000001776, 90.65803263805835854, 0.000000000000000000 ) ) ;
#1957 = DIRECTION ( 'NONE',  ( 0.8660254037844388186, 0.4999999999999997224, 0.000000000000000000 ) ) ;
#1958 = ADVANCED_FACE ( 'NONE', ( #2561 ), #3312, .F. ) ;
#1959 = ORIENTED_EDGE ( 'NONE', *, *, #472, .F. ) ;
#1960 = CARTESIAN_POINT ( 'NONE',  ( 6.849999999999994316, 85.97335388632657782, 1.000000000000000000 ) ) ;
#1961 = DIRECTION ( 'NONE',  ( 0.8660254037844382635, 0.5000000000000006661, 0.000000000000000000 ) ) ;
#1962 = LINE ( 'NONE', #2776, #3175 ) ;
#1963 = EDGE_CURVE ( 'NONE', #2004, #4809, #4890, .T. ) ;
#1964 = ORIENTED_EDGE ( 'NONE', *, *, #1199, .T. ) ;
#1965 = ORIENTED_EDGE ( 'NONE', *, *, #1031, .F. ) ;
#1966 = ORIENTED_EDGE ( 'NONE', *, *, #2971, .F. ) ;
#1967 = PLANE ( 'NONE',  #4498 ) ;
#1968 = PLANE ( 'NONE',  #4820 ) ;
#1969 = CARTESIAN_POINT ( 'NONE',  ( 81.75000000000000000, 66.30872994711238277, 10.00000000000000000 ) ) ;
#1970 = VERTEX_POINT ( 'NONE', #850 ) ;
#1971 = CARTESIAN_POINT ( 'NONE',  ( -13.00000000000000000, 113.0000000000000284, 3.000000000000000000 ) ) ;
#1972 = EDGE_CURVE ( 'NONE', #954, #4996, #2341, .T. ) ;
#1973 = AXIS2_PLACEMENT_3D ( 'NONE', #2097, #4117, #476 ) ;
#1974 = PLANE ( 'NONE',  #1482 ) ;
#1975 = DIRECTION ( 'NONE',  ( -0.000000000000000000, -0.000000000000000000, -1.000000000000000000 ) ) ;
#1976 = DIRECTION ( 'NONE',  ( -0.000000000000000000, 1.000000000000000000, -0.000000000000000000 ) ) ;
#1977 = EDGE_CURVE ( 'NONE', #3287, #522, #3878, .T. ) ;
#1978 = ORIENTED_EDGE ( 'NONE', *, *, #2806, .T. ) ;
#1979 = ORIENTED_EDGE ( 'NONE', *, *, #1542, .F. ) ;
#1980 = LINE ( 'NONE', #2768, #2503 ) ;
#1981 = DIRECTION ( 'NONE',  ( -1.000000000000000000, 0.000000000000000000, 0.000000000000000000 ) ) ;
#1982 = EDGE_CURVE ( 'NONE', #3509, #45, #240, .T. ) ;
#1983 = VECTOR ( 'NONE', #1552, 1000.000000000000114 ) ;
#1984 = FACE_BOUND ( 'NONE', #3742, .T. ) ;
#1985 = CARTESIAN_POINT ( 'NONE',  ( -12.99999999999997868, 118.9467077726531556, 0.000000000000000000 ) ) ;
#1986 = CARTESIAN_POINT ( 'NONE',  ( -4.999999999999942268, -75.00000000000001421, 10.00000000000000000 ) ) ;
#1987 = ORIENTED_EDGE ( 'NONE', *, *, #2135, .T. ) ;
#1988 = ORIENTED_EDGE ( 'NONE', *, *, #4637, .T. ) ;
#1989 = VECTOR ( 'NONE', #3442, 1000.000000000000000 ) ;
#1990 = ORIENTED_EDGE ( 'NONE', *, *, #411, .T. ) ;
#1991 = DIRECTION ( 'NONE',  ( 1.000000000000000000, -0.000000000000000000, -0.000000000000000000 ) ) ;
#1992 = CARTESIAN_POINT ( 'NONE',  ( -7.849999999999978328, 65.02664611367345060, 3.000000000000000000 ) ) ;
#1993 = AXIS2_PLACEMENT_3D ( 'NONE', #2498, #413, #1680 ) ;
#1994 = EDGE_LOOP ( 'NONE', ( #4766, #2672 ) ) ;
#1995 = VERTEX_POINT ( 'NONE', #1377 ) ;
#1996 = FACE_OUTER_BOUND ( 'NONE', #4569, .T. ) ;
#1997 = VECTOR ( 'NONE', #3367, 1000.000000000000000 ) ;
#1998 = ADVANCED_FACE ( 'NONE', ( #1800 ), #1456, .F. ) ;
#1999 = AXIS2_PLACEMENT_3D ( 'NONE', #2096, #958, #2963 ) ;
#2000 = EDGE_LOOP ( 'NONE', ( #4364, #3838, #4226, #1635 ) ) ;
#2001 = CARTESIAN_POINT ( 'NONE',  ( -7.000000000000006217, 58.00000000000003553, 0.000000000000000000 ) ) ;
#2002 = CYLINDRICAL_SURFACE ( 'NONE', #1999, 2.249999999999995115 ) ;
#2003 = LINE ( 'NONE', #537, #2690 ) ;
#2004 = VERTEX_POINT ( 'NONE', #3062 ) ;
#2005 = AXIS2_PLACEMENT_3D ( 'NONE', #186, #660, #3847 ) ;
#2006 = VERTEX_POINT ( 'NONE', #1402 ) ;
#2007 = LINE ( 'NONE', #3084, #3779 ) ;
#2008 = VECTOR ( 'NONE', #2323, 1000.000000000000000 ) ;
#2009 = CARTESIAN_POINT ( 'NONE',  ( 58.10660171779819905, 58.10660171779845484, 6.000000000000000000 ) ) ;
#2010 = ORIENTED_EDGE ( 'NONE', *, *, #4833, .F. ) ;
#2011 = EDGE_CURVE ( 'NONE', #1995, #1665, #4697, .T. ) ;
#2012 = CARTESIAN_POINT ( 'NONE',  ( 27.00000000000000711, 55.05329222734687988, 3.000000000000000000 ) ) ;
#2013 = LINE ( 'NONE', #3203, #4124 ) ;
#2014 = CIRCLE ( 'NONE', #316, 3.250000000000002665 ) ;
#2015 = FACE_OUTER_BOUND ( 'NONE', #1519, .T. ) ;
#2016 = ORIENTED_EDGE ( 'NONE', *, *, #2107, .F. ) ;
#2017 = EDGE_LOOP ( 'NONE', ( #412, #734, #4467, #2396 ) ) ;
#2018 = VECTOR ( 'NONE', #826, 1000.000000000000000 ) ;
#2019 = AXIS2_PLACEMENT_3D ( 'NONE', #1598, #4848, #3211 ) ;
#2020 = CARTESIAN_POINT ( 'NONE',  ( 79.25000000000000000, 60.89999999999987068, 10.00000000000000000 ) ) ;
#2021 = CARTESIAN_POINT ( 'NONE',  ( 13.50000000000001954, 90.65803263805835854, 1.000000000000000000 ) ) ;
#2022 = ORIENTED_EDGE ( 'NONE', *, *, #585, .F. ) ;
#2023 = VERTEX_POINT ( 'NONE', #4278 ) ;
#2024 = LINE ( 'NONE', #2388, #2843 ) ;
#2025 = PLANE ( 'NONE',  #1646 ) ;
#2026 = EDGE_CURVE ( 'NONE', #4777, #3006, #629, .T. ) ;
#2027 = VERTEX_POINT ( 'NONE', #1092 ) ;
#2028 = DIRECTION ( 'NONE',  ( -1.000000000000000000, 0.000000000000000000, 0.000000000000000000 ) ) ;
#2029 = EDGE_LOOP ( 'NONE', ( #1374, #4669, #3749, #8 ) ) ;
#2030 = EDGE_CURVE ( 'NONE', #4415, #2460, #4037, .T. ) ;
#2031 = VERTEX_POINT ( 'NONE', #2281 ) ;
#2032 = DIRECTION ( 'NONE',  ( 1.000000000000000000, -0.000000000000000000, -0.000000000000000000 ) ) ;
#2033 = CARTESIAN_POINT ( 'NONE',  ( -14.49999999999997513, 120.6580326380583585, 0.000000000000000000 ) ) ;
#2034 = VECTOR ( 'NONE', #3130, 1000.000000000000000 ) ;
#2035 = CARTESIAN_POINT ( 'NONE',  ( -7.849999999999996092, 115.9733538863265920, 3.000000000000000000 ) ) ;
#2036 = AXIS2_PLACEMENT_3D ( 'NONE', #3008, #3800, #2223 ) ;
#2037 = ADVANCED_FACE ( 'NONE', ( #4308 ), #2589, .T. ) ;
#2038 = CARTESIAN_POINT ( 'NONE',  ( 26.99999999999999645, 80.94670777265299932, 0.000000000000000000 ) ) ;
#2039 = DIRECTION ( 'NONE',  ( 0.000000000000000000, -1.000000000000000000, 0.000000000000000000 ) ) ;
#2040 = LINE ( 'NONE', #4808, #810 ) ;
#2041 = ORIENTED_EDGE ( 'NONE', *, *, #117, .T. ) ;
#2042 = PRODUCT_RELATED_PRODUCT_CATEGORY ( 'part', '', ( #3371 ) ) ;
#2043 = ORIENTED_EDGE ( 'NONE', *, *, #992, .F. ) ;
#2044 = CARTESIAN_POINT ( 'NONE',  ( 81.90947337241394166, 68.39944382503816200, 10.00000000000000000 ) ) ;
#2045 = DIRECTION ( 'NONE',  ( 0.000000000000000000, -1.000000000000000000, 0.000000000000000000 ) ) ;
#2046 = ORIENTED_EDGE ( 'NONE', *, *, #4170, .F. ) ;
#2047 = ORIENTED_EDGE ( 'NONE', *, *, #4769, .T. ) ;
#2048 = LINE ( 'NONE', #1622, #4321 ) ;
#2049 = EDGE_CURVE ( 'NONE', #2863, #4533, #4338, .T. ) ;
#2050 = DIRECTION ( 'NONE',  ( 0.000000000000000000, 0.000000000000000000, 1.000000000000000000 ) ) ;
#2051 = DIRECTION ( 'NONE',  ( -1.000000000000000000, 0.000000000000000000, 0.000000000000000000 ) ) ;
#2052 = CARTESIAN_POINT ( 'NONE',  ( 9.500000000000010658, 90.65803263805835854, 1.000000000000000000 ) ) ;
#2053 = ORIENTED_EDGE ( 'NONE', *, *, #3933, .T. ) ;
#2054 = CARTESIAN_POINT ( 'NONE',  ( 12.99999999999999822, 35.00000000000002842, 6.000000000000000000 ) ) ;
#2055 = ORIENTED_EDGE ( 'NONE', *, *, #5199, .T. ) ;
#2056 = DIRECTION ( 'NONE',  ( 1.000000000000000000, 0.000000000000000000, 0.000000000000000000 ) ) ;
#2057 = CARTESIAN_POINT ( 'NONE',  ( 27.00000000000002487, 66.94670777265318407, 0.000000000000000000 ) ) ;
#2058 = CARTESIAN_POINT ( 'NONE',  ( 21.85000000000000853, 63.97335388632659203, 3.000000000000000000 ) ) ;
#2059 = LINE ( 'NONE', #3333, #910 ) ;
#2060 = EDGE_CURVE ( 'NONE', #254, #1399, #4555, .T. ) ;
#2061 = FACE_OUTER_BOUND ( 'NONE', #3154, .T. ) ;
#2062 = ORIENTED_EDGE ( 'NONE', *, *, #94, .T. ) ;
#2063 = ORIENTED_EDGE ( 'NONE', *, *, #3206, .F. ) ;
#2064 = CARTESIAN_POINT ( 'NONE',  ( 10.50000000000001066, 90.65803263805835854, 1.000000000000000000 ) ) ;
#2065 = DIRECTION ( 'NONE',  ( 0.8660254037844378194, 0.5000000000000014433, 0.000000000000000000 ) ) ;
#2066 = VECTOR ( 'NONE', #434, 1000.000000000000114 ) ;
#2067 = ORIENTED_EDGE ( 'NONE', *, *, #4390, .T. ) ;
#2068 = CARTESIAN_POINT ( 'NONE',  ( -9.749999999999982236, 68.00000000000002842, 3.000000000000000000 ) ) ;
#2069 = DIRECTION ( 'NONE',  ( -1.000000000000000000, 0.000000000000000000, 0.000000000000000000 ) ) ;
#2070 = AXIS2_PLACEMENT_3D ( 'NONE', #1924, #2686, #4327 ) ;
#2071 = DIRECTION ( 'NONE',  ( 0.7071067811865490160, -0.7071067811865461294, 0.000000000000000000 ) ) ;
#2072 =( GEOMETRIC_REPRESENTATION_CONTEXT ( 3 ) GLOBAL_UNCERTAINTY_ASSIGNED_CONTEXT ( ( #2271 ) ) GLOBAL_UNIT_ASSIGNED_CONTEXT ( ( #76, #3331, #2893 ) ) REPRESENTATION_CONTEXT ( 'NONE', 'WORKASPACE' ) );
#2073 = ORIENTED_EDGE ( 'NONE', *, *, #409, .T. ) ;
#2074 = EDGE_CURVE ( 'NONE', #1360, #5231, #3825, .T. ) ;
#2075 = CARTESIAN_POINT ( 'NONE',  ( 27.00000000000000711, 55.05329222734687988, 3.000000000000000000 ) ) ;
#2076 = ORIENTED_EDGE ( 'NONE', *, *, #3201, .T. ) ;
#2077 = AXIS2_PLACEMENT_3D ( 'NONE', #3589, #1945, #2337 ) ;
#2078 = VECTOR ( 'NONE', #4726, 1000.000000000000000 ) ;
#2079 = ORIENTED_EDGE ( 'NONE', *, *, #755, .F. ) ;
#2080 = DIRECTION ( 'NONE',  ( 1.000000000000000000, 0.000000000000000000, 0.000000000000000000 ) ) ;
#2081 = EDGE_LOOP ( 'NONE', ( #969, #4304, #1879, #1781 ) ) ;
#2082 = LINE ( 'NONE', #1284, #376 ) ;
#2083 = AXIS2_PLACEMENT_3D ( 'NONE', #2668, #3904, #2249 ) ;
#2084 = PRESENTATION_STYLE_ASSIGNMENT (( #4962 ) ) ;
#2085 = ORIENTED_EDGE ( 'NONE', *, *, #4504, .F. ) ;
#2086 = CARTESIAN_POINT ( 'NONE',  ( 26.49999999999999645, 82.65803263805820222, 1.000000000000000000 ) ) ;
#2087 = ADVANCED_FACE ( 'NONE', ( #1057 ), #581, .F. ) ;
#2088 = FACE_OUTER_BOUND ( 'NONE', #4581, .T. ) ;
#2089 = ORIENTED_EDGE ( 'NONE', *, *, #5063, .T. ) ;
#2090 = EDGE_LOOP ( 'NONE', ( #179, #4928, #2471, #5206, #4156 ) ) ;
#2091 = ORIENTED_EDGE ( 'NONE', *, *, #146, .T. ) ;
#2092 = CARTESIAN_POINT ( 'NONE',  ( -45.08333333333322201, 12.16666666666682239, 18.58333333333339610 ) ) ;
#2093 = VECTOR ( 'NONE', #2881, 1000.000000000000114 ) ;
#2094 = EDGE_CURVE ( 'NONE', #2696, #1875, #3009, .T. ) ;
#2095 = CARTESIAN_POINT ( 'NONE',  ( 12.00000000000000178, 83.00000000000002842, 3.000000000000000000 ) ) ;
#2096 = CARTESIAN_POINT ( 'NONE',  ( 63.59999999999993747, -68.63603896932107773, -17.50000000000000000 ) ) ;
#2097 = CARTESIAN_POINT ( 'NONE',  ( 0.000000000000000000, 0.000000000000000000, 3.000000000000000000 ) ) ;
#2098 = ORIENTED_EDGE ( 'NONE', *, *, #216, .T. ) ;
#2099 = DIRECTION ( 'NONE',  ( 1.000000000000000000, 0.000000000000000000, 0.000000000000000000 ) ) ;
#2100 = AXIS2_PLACEMENT_3D ( 'NONE', #3515, #3021, #4322 ) ;
#2101 = CARTESIAN_POINT ( 'NONE',  ( 76.75000000000000000, 65.83494742486497842, 6.000000000000000000 ) ) ;
#2102 = LINE ( 'NONE', #2567, #1151 ) ;
#2103 = ORIENTED_EDGE ( 'NONE', *, *, #2543, .T. ) ;
#2104 = CARTESIAN_POINT ( 'NONE',  ( 26.50000000000003553, 66.65803263805835854, 0.000000000000000000 ) ) ;
#2105 = ORIENTED_EDGE ( 'NONE', *, *, #1391, .T. ) ;
#2106 = DIRECTION ( 'NONE',  ( 0.8660254037844385966, -0.5000000000000001110, 0.000000000000000000 ) ) ;
#2107 = EDGE_CURVE ( 'NONE', #3452, #467, #3455, .T. ) ;
#2108 = EDGE_LOOP ( 'NONE', ( #4665, #2354, #82, #4840 ) ) ;
#2109 = CARTESIAN_POINT ( 'NONE',  ( 12.50000000000001776, 90.65803263805835854, 1.000000000000000000 ) ) ;
#2110 = LINE ( 'NONE', #1658, #1311 ) ;
#2111 = PRODUCT_DEFINITION_CONTEXT ( 'detailed design', #2677, 'design' ) ;
#2112 = CARTESIAN_POINT ( 'NONE',  ( -11.49999999999997513, 120.6580326380583585, 1.000000000000000000 ) ) ;
#2113 = ORIENTED_EDGE ( 'NONE', *, *, #4462, .T. ) ;
#2114 = ORIENTED_EDGE ( 'NONE', *, *, #2880, .T. ) ;
#2115 = DIRECTION ( 'NONE',  ( 0.8660254037844387076, -0.4999999999999998890, 0.000000000000000000 ) ) ;
#2116 = CARTESIAN_POINT ( 'NONE',  ( -12.99999999999997868, 118.9467077726531556, 3.000000000000000000 ) ) ;
#2117 = ORIENTED_EDGE ( 'NONE', *, *, #3248, .F. ) ;
#2118 = VECTOR ( 'NONE', #3424, 1000.000000000000000 ) ;
#2119 = VERTEX_POINT ( 'NONE', #2225 ) ;
#2120 = EDGE_CURVE ( 'NONE', #1655, #3773, #1010, .T. ) ;
#2121 = ORIENTED_EDGE ( 'NONE', *, *, #1818, .T. ) ;
#2122 = DIRECTION ( 'NONE',  ( 0.000000000000000000, 0.000000000000000000, -1.000000000000000000 ) ) ;
#2123 = EDGE_CURVE ( 'NONE', #29, #4503, #1826, .T. ) ;
#2124 = CARTESIAN_POINT ( 'NONE',  ( -2.999999999999999556, 119.2132034355963555, 0.000000000000000000 ) ) ;
#2125 = PLANE ( 'NONE',  #4320 ) ;
#2126 = ADVANCED_FACE ( 'NONE', ( #3038 ), #4676, .F. ) ;
#2127 = DIRECTION ( 'NONE',  ( 0.5000000000000008882, 0.8660254037844382635, -0.000000000000000000 ) ) ;
#2128 = ORIENTED_EDGE ( 'NONE', *, *, #4779, .F. ) ;
#2129 = DIRECTION ( 'NONE',  ( -0.000000000000000000, -0.000000000000000000, -1.000000000000000000 ) ) ;
#2130 = EDGE_CURVE ( 'NONE', #5168, #3522, #4752, .T. ) ;
#2131 = LINE ( 'NONE', #2485, #2145 ) ;
#2132 = FACE_OUTER_BOUND ( 'NONE', #4, .T. ) ;
#2133 = EDGE_CURVE ( 'NONE', #2789, #852, #3979, .T. ) ;
#2134 = DIRECTION ( 'NONE',  ( 0.7071067811865484609, -0.000000000000000000, 0.7071067811865465735 ) ) ;
#2135 = EDGE_CURVE ( 'NONE', #2359, #169, #2013, .T. ) ;
#2136 = LINE ( 'NONE', #3755, #1506 ) ;
#2137 = ORIENTED_EDGE ( 'NONE', *, *, #953, .F. ) ;
#2138 = CARTESIAN_POINT ( 'NONE',  ( 25.50000000000002487, 66.08068236886873592, 0.000000000000000000 ) ) ;
#2139 = ORIENTED_EDGE ( 'NONE', *, *, #4550, .T. ) ;
#2140 = LINE ( 'NONE', #4506, #3861 ) ;
#2141 = EDGE_CURVE ( 'NONE', #3356, #552, #1938, .T. ) ;
#2142 = ORIENTED_EDGE ( 'NONE', *, *, #2610, .F. ) ;
#2143 = FACE_OUTER_BOUND ( 'NONE', #582, .T. ) ;
#2144 = CARTESIAN_POINT ( 'NONE',  ( -15.49999999999997513, 117.5033320996790991, 1.000000000000000000 ) ) ;
#2145 = VECTOR ( 'NONE', #961, 1000.000000000000000 ) ;
#2146 = CYLINDRICAL_SURFACE ( 'NONE', #3254, 2.249999999999995115 ) ;
#2147 = ORIENTED_EDGE ( 'NONE', *, *, #4066, .T. ) ;
#2148 = CARTESIAN_POINT ( 'NONE',  ( 63.59999999999993747, -75.00000000000001421, -17.50000000000000000 ) ) ;
#2149 = DIRECTION ( 'NONE',  ( 1.000000000000000000, 6.938893903907227145E-17, -0.000000000000000000 ) ) ;
#2150 = EDGE_CURVE ( 'NONE', #1665, #318, #2356, .T. ) ;
#2151 = ORIENTED_EDGE ( 'NONE', *, *, #3145, .F. ) ;
#2152 = PLANE ( 'NONE',  #3817 ) ;
#2153 = CARTESIAN_POINT ( 'NONE',  ( 28.49999999999999645, 82.65803263805820222, 1.000000000000000000 ) ) ;
#2154 = CARTESIAN_POINT ( 'NONE',  ( -18.15000000000000568, 115.9733538863265636, 1.000000000000000000 ) ) ;
#2155 = ORIENTED_EDGE ( 'NONE', *, *, #815, .T. ) ;
#2156 = LINE ( 'NONE', #3776, #1513 ) ;
#2157 = ADVANCED_FACE ( 'NONE', ( #2747 ), #1586, .F. ) ;
#2158 = CARTESIAN_POINT ( 'NONE',  ( 23.74999999999999289, 74.99999999999984368, 6.000000000000000000 ) ) ;
#2159 = DIRECTION ( 'NONE',  ( 0.000000000000000000, 0.000000000000000000, 1.000000000000000000 ) ) ;
#2160 = CARTESIAN_POINT ( 'NONE',  ( 79.25000000000000000, 73.74999999999985789, -169.8835189181103544 ) ) ;
#2161 = EDGE_CURVE ( 'NONE', #373, #107, #4435, .T. ) ;
#2162 = DIRECTION ( 'NONE',  ( 0.000000000000000000, 1.000000000000000000, -0.000000000000000000 ) ) ;
#2163 = VECTOR ( 'NONE', #3528, 1000.000000000000000 ) ;
#2164 = AXIS2_PLACEMENT_3D ( 'NONE', #3226, #3304, #4934 ) ;
#2165 = VERTEX_POINT ( 'NONE', #4411 ) ;
#2166 = ADVANCED_FACE ( 'NONE', ( #3928, #314, #4836, #3171, #1, #1553, #767 ), #3609, .T. ) ;
#2167 = CARTESIAN_POINT ( 'NONE',  ( 14.50000000000001954, 90.65803263805835854, 1.000000000000000000 ) ) ;
#2168 = AXIS2_PLACEMENT_3D ( 'NONE', #4162, #2423, #2056 ) ;
#2169 = PLANE ( 'NONE',  #4963 ) ;
#2170 = AXIS2_PLACEMENT_3D ( 'NONE', #989, #1179, #399 ) ;
#2171 = VECTOR ( 'NONE', #3683, 1000.000000000000000 ) ;
#2172 = DIRECTION ( 'NONE',  ( -1.000000000000000000, -0.000000000000000000, -0.000000000000000000 ) ) ;
#2173 = ORIENTED_EDGE ( 'NONE', *, *, #2899, .T. ) ;
#2174 = DIRECTION ( 'NONE',  ( -0.000000000000000000, 1.000000000000000000, -0.000000000000000000 ) ) ;
#2175 = CARTESIAN_POINT ( 'NONE',  ( 79.25000000000000000, 73.74999999999985789, 6.000000000000000000 ) ) ;
#2176 = ORIENTED_EDGE ( 'NONE', *, *, #612, .F. ) ;
#2177 = EDGE_CURVE ( 'NONE', #1388, #3667, #2378, .T. ) ;
#2178 = VECTOR ( 'NONE', #1351, 1000.000000000000114 ) ;
#2179 = CARTESIAN_POINT ( 'NONE',  ( 77.35030966063544611, 66.13332903332911883, 6.000000000000000000 ) ) ;
#2180 = CARTESIAN_POINT ( 'NONE',  ( 31.21320343559665034, 84.99999999999985789, 0.000000000000000000 ) ) ;
#2181 = ORIENTED_EDGE ( 'NONE', *, *, #2133, .T. ) ;
#2182 = DIRECTION ( 'NONE',  ( -0.000000000000000000, -0.000000000000000000, -1.000000000000000000 ) ) ;
#2183 = ORIENTED_EDGE ( 'NONE', *, *, #4362, .T. ) ;
#2184 = VECTOR ( 'NONE', #1820, 1000.000000000000000 ) ;
#2185 = ORIENTED_EDGE ( 'NONE', *, *, #3808, .T. ) ;
#2186 = LINE ( 'NONE', #1335, #3556 ) ;
#2187 = VECTOR ( 'NONE', #2230, 1000.000000000000000 ) ;
#2188 = LINE ( 'NONE', #1014, #4993 ) ;
#2189 = PLANE ( 'NONE',  #1226 ) ;
#2190 = VECTOR ( 'NONE', #966, 1000.000000000000114 ) ;
#2191 = CARTESIAN_POINT ( 'NONE',  ( 3.000000000000008882, -67.00000000000000000, 6.000000000000000000 ) ) ;
#2192 = EDGE_CURVE ( 'NONE', #2373, #4644, #143, .T. ) ;
#2193 = AXIS2_PLACEMENT_3D ( 'NONE', #940, #1042, #3388 ) ;
#2194 = ORIENTED_EDGE ( 'NONE', *, *, #3025, .F. ) ;
#2195 = CARTESIAN_POINT ( 'NONE',  ( -18.15000000000000568, 110.0266461136734648, 0.000000000000000000 ) ) ;
#2196 = CARTESIAN_POINT ( 'NONE',  ( 14.50000000000000178, 87.50333209967911330, 0.000000000000000000 ) ) ;
#2197 = EDGE_CURVE ( 'NONE', #2270, #957, #3562, .T. ) ;
#2198 = ORIENTED_EDGE ( 'NONE', *, *, #1199, .F. ) ;
#2199 = DIRECTION ( 'NONE',  ( 0.000000000000000000, -0.000000000000000000, 1.000000000000000000 ) ) ;
#2200 = FACE_OUTER_BOUND ( 'NONE', #1794, .T. ) ;
#2201 = ADVANCED_FACE ( 'NONE', ( #3955 ), #5243, .F. ) ;
#2202 = ORIENTED_EDGE ( 'NONE', *, *, #3951, .T. ) ;
#2203 = DIRECTION ( 'NONE',  ( -0.000000000000000000, -0.000000000000000000, -1.000000000000000000 ) ) ;
#2204 = DIRECTION ( 'NONE',  ( 1.000000000000000000, 0.000000000000000000, 0.000000000000000000 ) ) ;
#2205 = LINE ( 'NONE', #1830, #137 ) ;
#2206 = CARTESIAN_POINT ( 'NONE',  ( 21.85000000000000853, 63.97335388632659203, 0.000000000000000000 ) ) ;
#2207 = DIRECTION ( 'NONE',  ( -0.000000000000000000, -0.000000000000000000, -1.000000000000000000 ) ) ;
#2208 = CARTESIAN_POINT ( 'NONE',  ( -12.99999999999998046, 73.94670777265318407, 0.000000000000000000 ) ) ;
#2209 = LINE ( 'NONE', #3915, #4652 ) ;
#2210 = EDGE_CURVE ( 'NONE', #1473, #4767, #4859, .T. ) ;
#2211 = PLANE ( 'NONE',  #4738 ) ;
#2212 = ORIENTED_EDGE ( 'NONE', *, *, #2851, .F. ) ;
#2213 = DIRECTION ( 'NONE',  ( -0.000000000000000000, -0.000000000000000000, 1.000000000000000000 ) ) ;
#2214 = ORIENTED_EDGE ( 'NONE', *, *, #2480, .F. ) ;
#2215 = LINE ( 'NONE', #4213, #2905 ) ;
#2216 = ORIENTED_EDGE ( 'NONE', *, *, #1578, .F. ) ;
#2217 = ORIENTED_EDGE ( 'NONE', *, *, #26, .T. ) ;
#2218 = ORIENTED_EDGE ( 'NONE', *, *, #1949, .T. ) ;
#2219 = FACE_OUTER_BOUND ( 'NONE', #1448, .T. ) ;
#2220 = PLANE ( 'NONE',  #1828 ) ;
#2221 = ADVANCED_FACE ( 'NONE', ( #5162 ), #4002, .F. ) ;
#2222 = EDGE_LOOP ( 'NONE', ( #2532, #1378, #3901, #205, #3231 ) ) ;
#2223 = DIRECTION ( 'NONE',  ( -5.498853076140251938E-15, -1.000000000000000000, 0.000000000000000000 ) ) ;
#2224 = EDGE_CURVE ( 'NONE', #1174, #4136, #1137, .T. ) ;
#2225 = CARTESIAN_POINT ( 'NONE',  ( -10.49999999999997513, 120.6580326380583585, 1.000000000000000000 ) ) ;
#2226 = ORIENTED_EDGE ( 'NONE', *, *, #1972, .T. ) ;
#2227 = LINE ( 'NONE', #2644, #460 ) ;
#2228 = ORIENTED_EDGE ( 'NONE', *, *, #3299, .F. ) ;
#2229 = ORIENTED_EDGE ( 'NONE', *, *, #4532, .T. ) ;
#2230 = DIRECTION ( 'NONE',  ( -0.000000000000000000, -1.000000000000000000, -0.000000000000000000 ) ) ;
#2231 = LINE ( 'NONE', #1439, #1488 ) ;
#2232 = DIRECTION ( 'NONE',  ( -0.000000000000000000, -0.000000000000000000, -1.000000000000000000 ) ) ;
#2233 = FACE_OUTER_BOUND ( 'NONE', #345, .T. ) ;
#2234 = EDGE_CURVE ( 'NONE', #2871, #373, #365, .T. ) ;
#2235 = VERTEX_POINT ( 'NONE', #2506 ) ;
#2236 = LINE ( 'NONE', #3471, #3525 ) ;
#2237 = CARTESIAN_POINT ( 'NONE',  ( 0.000000000000000000, 0.000000000000000000, 1.000000000000000000 ) ) ;
#2238 = ORIENTED_EDGE ( 'NONE', *, *, #2370, .T. ) ;
#2239 = AXIS2_PLACEMENT_3D ( 'NONE', #1630, #2528, #519 ) ;
#2240 = VECTOR ( 'NONE', #812, 1000.000000000000000 ) ;
#2241 = CARTESIAN_POINT ( 'NONE',  ( 92.09999999999999432, 73.74999999999985789, 0.000000000000000000 ) ) ;
#2242 = DIRECTION ( 'NONE',  ( 0.000000000000000000, 1.000000000000000000, -0.000000000000000000 ) ) ;
#2243 = VECTOR ( 'NONE', #729, 1000.000000000000000 ) ;
#2244 = AXIS2_PLACEMENT_3D ( 'NONE', #4837, #4388, #2816 ) ;
#2245 = VERTEX_POINT ( 'NONE', #3658 ) ;
#2246 = VECTOR ( 'NONE', #1167, 1000.000000000000000 ) ;
#2247 = EDGE_CURVE ( 'NONE', #454, #2952, #3739, .T. ) ;
#2248 = PLANE ( 'NONE',  #1068 ) ;
#2249 = DIRECTION ( 'NONE',  ( 1.000000000000000000, 0.000000000000000000, 0.000000000000000000 ) ) ;
#2250 = FACE_OUTER_BOUND ( 'NONE', #4749, .T. ) ;
#2251 = ORIENTED_EDGE ( 'NONE', *, *, #1332, .F. ) ;
#2252 =( LENGTH_UNIT ( ) NAMED_UNIT ( * ) SI_UNIT ( .MILLI., .METRE. ) );
#2253 = VECTOR ( 'NONE', #1961, 1000.000000000000114 ) ;
#2254 = ORIENTED_EDGE ( 'NONE', *, *, #3115, .F. ) ;
#2255 = EDGE_CURVE ( 'NONE', #4246, #3230, #1238, .T. ) ;
#2256 = DIRECTION ( 'NONE',  ( -0.000000000000000000, -0.000000000000000000, -1.000000000000000000 ) ) ;
#2257 = DIRECTION ( 'NONE',  ( -1.000000000000000000, 0.000000000000000000, 0.000000000000000000 ) ) ;
#2258 = VECTOR ( 'NONE', #2693, 1000.000000000000000 ) ;
#2259 = FACE_OUTER_BOUND ( 'NONE', #5013, .T. ) ;
#2260 = ORIENTED_EDGE ( 'NONE', *, *, #1008, .F. ) ;
#2261 = FACE_OUTER_BOUND ( 'NONE', #3024, .T. ) ;
#2262 = EDGE_CURVE ( 'NONE', #2031, #4834, #525, .T. ) ;
#2263 = CARTESIAN_POINT ( 'NONE',  ( 79.25000000000000000, 73.74999999999985789, -25.00000000000002132 ) ) ;
#2264 = DIRECTION ( 'NONE',  ( 0.000000000000000000, 1.000000000000000000, 0.000000000000000000 ) ) ;
#2265 = VECTOR ( 'NONE', #3672, 1000.000000000000000 ) ;
#2266 = ORIENTED_EDGE ( 'NONE', *, *, #5254, .F. ) ;
#2267 = DIRECTION ( 'NONE',  ( 0.000000000000000000, 0.000000000000000000, -1.000000000000000000 ) ) ;
#2268 = LINE ( 'NONE', #3895, #1843 ) ;
#2269 = ADVANCED_FACE ( 'NONE', ( #818 ), #1264, .F. ) ;
#2270 = VERTEX_POINT ( 'NONE', #1688 ) ;
#2271 = UNCERTAINTY_MEASURE_WITH_UNIT (LENGTH_MEASURE( 1.000000000000000082E-05 ), #76, 'distance_accuracy_value', 'NONE');
#2272 = VECTOR ( 'NONE', #1262, 1000.000000000000114 ) ;
#2273 = VECTOR ( 'NONE', #1546, 1000.000000000000000 ) ;
#2274 = EDGE_LOOP ( 'NONE', ( #871, #2607 ) ) ;
#2275 = ORIENTED_EDGE ( 'NONE', *, *, #1277, .T. ) ;
#2276 = LINE ( 'NONE', #1029, #5160 ) ;
#2277 = AXIS2_PLACEMENT_3D ( 'NONE', #3409, #114, #2099 ) ;
#2278 = DIRECTION ( 'NONE',  ( 5.498853076140251938E-15, 1.000000000000000000, -0.000000000000000000 ) ) ;
#2279 = ORIENTED_EDGE ( 'NONE', *, *, #3918, .F. ) ;
#2280 = LINE ( 'NONE', #5026, #679 ) ;
#2281 = CARTESIAN_POINT ( 'NONE',  ( 15.25000000000000533, 83.00000000000002842, 6.000000000000000000 ) ) ;
#2282 = CARTESIAN_POINT ( 'NONE',  ( -7.000000000000006217, 58.00000000000003553, 0.000000000000000000 ) ) ;
#2283 = ORIENTED_EDGE ( 'NONE', *, *, #472, .T. ) ;
#2284 = ORIENTED_EDGE ( 'NONE', *, *, #4441, .F. ) ;
#2285 = EDGE_CURVE ( 'NONE', #3398, #2725, #2428, .T. ) ;
#2286 = LINE ( 'NONE', #4315, #4336 ) ;
#2287 = CARTESIAN_POINT ( 'NONE',  ( 2.999999999999995115, 48.00000000000002132, 0.000000000000000000 ) ) ;
#2288 = CARTESIAN_POINT ( 'NONE',  ( 12.50000000000001776, 90.65803263805835854, 1.000000000000000000 ) ) ;
#2289 = LINE ( 'NONE', #3912, #678 ) ;
#2290 = CARTESIAN_POINT ( 'NONE',  ( 85.09999999999998010, -80.00000000000001421, 2.999999999999995559 ) ) ;
#2291 = DIRECTION ( 'NONE',  ( -0.4999999999999997224, -0.8660254037844388186, 0.000000000000000000 ) ) ;
#2292 = DIRECTION ( 'NONE',  ( -0.000000000000000000, -0.000000000000000000, -1.000000000000000000 ) ) ;
#2293 = EDGE_CURVE ( 'NONE', #3305, #3695, #4537, .T. ) ;
#2294 = ORIENTED_EDGE ( 'NONE', *, *, #2414, .T. ) ;
#2295 = CARTESIAN_POINT ( 'NONE',  ( 63.59999999999993747, -75.00000000000001421, -19.74999999999999645 ) ) ;
#2296 = CARTESIAN_POINT ( 'NONE',  ( 27.00000000000000355, 74.99999999999984368, 6.000000000000000000 ) ) ;
#2297 = ORIENTED_EDGE ( 'NONE', *, *, #2365, .T. ) ;
#2298 = EDGE_LOOP ( 'NONE', ( #5192, #2016, #282, #2778, #3590, #3706 ) ) ;
#2299 = ORIENTED_EDGE ( 'NONE', *, *, #3156, .F. ) ;
#2300 = LINE ( 'NONE', #3923, #808 ) ;
#2301 = DIRECTION ( 'NONE',  ( -0.000000000000000000, -0.000000000000000000, -1.000000000000000000 ) ) ;
#2302 = EDGE_LOOP ( 'NONE', ( #5229, #1367, #2113, #4520 ) ) ;
#2303 = DIRECTION ( 'NONE',  ( 0.000000000000000000, 0.000000000000000000, -1.000000000000000000 ) ) ;
#2304 = DIRECTION ( 'NONE',  ( -0.000000000000000000, 1.000000000000000000, -0.000000000000000000 ) ) ;
#2305 = EDGE_CURVE ( 'NONE', #1049, #3027, #4892, .T. ) ;
#2306 = DIRECTION ( 'NONE',  ( 0.000000000000000000, 0.000000000000000000, 1.000000000000000000 ) ) ;
#2307 = ORIENTED_EDGE ( 'NONE', *, *, #3508, .F. ) ;
#2308 = DIRECTION ( 'NONE',  ( 0.000000000000000000, 0.000000000000000000, 1.000000000000000000 ) ) ;
#2309 = ORIENTED_EDGE ( 'NONE', *, *, #3699, .F. ) ;
#2310 = CARTESIAN_POINT ( 'NONE',  ( 87.09999999999999432, 73.74999999999985789, 0.000000000000000000 ) ) ;
#2311 = CARTESIAN_POINT ( 'NONE',  ( 9.749999999999992895, 35.00000000000002842, 6.000000000000000000 ) ) ;
#2312 = LINE ( 'NONE', #5088, #5062 ) ;
#2313 = DIRECTION ( 'NONE',  ( -8.577124726708580637E-17, 1.000000000000000000, 0.000000000000000000 ) ) ;
#2314 = VERTEX_POINT ( 'NONE', #3247 ) ;
#2315 = LINE ( 'NONE', #3491, #2938 ) ;
#2316 = LINE ( 'NONE', #301, #4714 ) ;
#2317 = EDGE_CURVE ( 'NONE', #5231, #4258, #1746, .T. ) ;
#2318 = LINE ( 'NONE', #5150, #1737 ) ;
#2319 = CARTESIAN_POINT ( 'NONE',  ( 8.000000000000008882, -67.00000000000004263, -21.00000000000002842 ) ) ;
#2320 = ORIENTED_EDGE ( 'NONE', *, *, #1542, .T. ) ;
#2321 = EDGE_CURVE ( 'NONE', #4686, #3120, #4056, .T. ) ;
#2322 = ORIENTED_EDGE ( 'NONE', *, *, #3530, .F. ) ;
#2323 = DIRECTION ( 'NONE',  ( 0.000000000000000000, -1.000000000000000000, 0.000000000000000000 ) ) ;
#2324 = PLANE ( 'NONE',  #4371 ) ;
#2325 = EDGE_LOOP ( 'NONE', ( #4449, #3195, #3365, #3267 ) ) ;
#2326 = AXIS2_PLACEMENT_3D ( 'NONE', #4099, #4905, #1317 ) ;
#2327 = CARTESIAN_POINT ( 'NONE',  ( -17.50000000000000000, 58.00000000000003553, 0.000000000000000000 ) ) ;
#2328 = PRESENTATION_LAYER_ASSIGNMENT (  '', '', ( #5233 ) ) ;
#2329 = DIRECTION ( 'NONE',  ( 0.5000000000000017764, 0.8660254037844377084, -0.000000000000000000 ) ) ;
#2330 = CARTESIAN_POINT ( 'NONE',  ( 18.14999999999999503, 37.97335388632660624, 0.000000000000000000 ) ) ;
#2331 = ORIENTED_EDGE ( 'NONE', *, *, #1704, .T. ) ;
#2332 = VECTOR ( 'NONE', #702, 1000.000000000000000 ) ;
#2333 = EDGE_CURVE ( 'NONE', #2741, #4812, #1715, .T. ) ;
#2334 = AXIS2_PLACEMENT_3D ( 'NONE', #1992, #796, #3129 ) ;
#2335 = LINE ( 'NONE', #2384, #5252 ) ;
#2336 = AXIS2_PLACEMENT_3D ( 'NONE', #2450, #4081, #2928 ) ;
#2337 = DIRECTION ( 'NONE',  ( -1.000000000000000000, 0.000000000000000000, 0.000000000000000000 ) ) ;
#2338 = LINE ( 'NONE', #1946, #2034 ) ;
#2339 = VERTEX_POINT ( 'NONE', #4910 ) ;
#2340 = LINE ( 'NONE', #328, #1937 ) ;
#2341 = CIRCLE ( 'NONE', #2083, 3.250000000000002665 ) ;
#2342 = DIRECTION ( 'NONE',  ( -0.4999999999999997224, 0.8660254037844388186, 0.000000000000000000 ) ) ;
#2343 = CARTESIAN_POINT ( 'NONE',  ( 51.00000000000007816, -75.00000000000001421, -25.00000000000000000 ) ) ;
#2344 = ADVANCED_FACE ( 'NONE', ( #4080 ), #928, .F. ) ;
#2345 = VERTEX_POINT ( 'NONE', #25 ) ;
#2346 = CARTESIAN_POINT ( 'NONE',  ( 11.50000000000001776, 90.65803263805835854, 0.000000000000000000 ) ) ;
#2347 = ORIENTED_EDGE ( 'NONE', *, *, #5260, .F. ) ;
#2348 = VECTOR ( 'NONE', #2050, 1000.000000000000000 ) ;
#2349 = ORIENTED_EDGE ( 'NONE', *, *, #1425, .F. ) ;
#2350 = DIRECTION ( 'NONE',  ( -0.000000000000000000, 0.000000000000000000, -1.000000000000000000 ) ) ;
#2351 = CARTESIAN_POINT ( 'NONE',  ( 27.00000000000002487, 66.94670777265318407, 1.000000000000000000 ) ) ;
#2352 = VECTOR ( 'NONE', #2944, 1000.000000000000000 ) ;
#2353 = ADVANCED_FACE ( 'NONE', ( #2869 ), #1631, .F. ) ;
#2354 = ORIENTED_EDGE ( 'NONE', *, *, #4101, .F. ) ;
#2355 = CARTESIAN_POINT ( 'NONE',  ( 27.00000000000000355, 74.99999999999984368, 3.000000000000000000 ) ) ;
#2356 = LINE ( 'NONE', #2722, #3097 ) ;
#2357 = EDGE_CURVE ( 'NONE', #1013, #4194, #2059, .T. ) ;
#2358 = DIRECTION ( 'NONE',  ( 0.000000000000000000, -0.000000000000000000, -1.000000000000000000 ) ) ;
#2359 = VERTEX_POINT ( 'NONE', #2449 ) ;
#2360 = EDGE_LOOP ( 'NONE', ( #2847, #802, #2906, #4480, #3244, #2782, #1628, #4047, #3070, #1789, #5103, #3953, #3554, #1606, #558, #2216, #2630 ) ) ;
#2361 = ORIENTED_EDGE ( 'NONE', *, *, #4782, .T. ) ;
#2362 = ORIENTED_EDGE ( 'NONE', *, *, #1799, .F. ) ;
#2363 = CARTESIAN_POINT ( 'NONE',  ( 25.50000000000002487, 65.50333209967911330, 0.000000000000000000 ) ) ;
#2364 = DIRECTION ( 'NONE',  ( 0.8660254037844387076, -0.4999999999999998890, 0.000000000000000000 ) ) ;
#2365 = EDGE_CURVE ( 'NONE', #4110, #103, #1662, .T. ) ;
#2366 = EDGE_LOOP ( 'NONE', ( #2147, #5208, #2860, #3336 ) ) ;
#2367 = CARTESIAN_POINT ( 'NONE',  ( 76.72542584212146721, -75.00000000000000000, -169.8835189181103544 ) ) ;
#2368 = PLANE ( 'NONE',  #5056 ) ;
#2369 = CARTESIAN_POINT ( 'NONE',  ( 38.00000000000001421, -67.00000000000002842, 0.000000000000000000 ) ) ;
#2370 = EDGE_CURVE ( 'NONE', #1970, #118, #2472, .T. ) ;
#2371 = LINE ( 'NONE', #4475, #3020 ) ;
#2372 = VERTEX_POINT ( 'NONE', #2086 ) ;
#2373 = VERTEX_POINT ( 'NONE', #3713 ) ;
#2374 = CARTESIAN_POINT ( 'NONE',  ( -17.50000000000000355, 116.0000000000000284, 6.000000000000000000 ) ) ;
#2375 = CARTESIAN_POINT ( 'NONE',  ( 0.000000000000000000, 0.000000000000000000, 1.000000000000000000 ) ) ;
#2376 = ORIENTED_EDGE ( 'NONE', *, *, #4462, .F. ) ;
#2377 = DIRECTION ( 'NONE',  ( 1.000000000000000000, -0.000000000000000000, -0.000000000000000000 ) ) ;
#2378 = LINE ( 'NONE', #3122, #1659 ) ;
#2379 = EDGE_CURVE ( 'NONE', #761, #1501, #78, .T. ) ;
#2380 = CARTESIAN_POINT ( 'NONE',  ( 85.09999999999998010, -75.00000000000001421, 0.7499999999999997780 ) ) ;
#2381 = VERTEX_POINT ( 'NONE', #2241 ) ;
#2382 = ORIENTED_EDGE ( 'NONE', *, *, #3172, .T. ) ;
#2383 = EDGE_CURVE ( 'NONE', #931, #2861, #5023, .T. ) ;
#2384 = CARTESIAN_POINT ( 'NONE',  ( 8.000000000000010658, -75.00000000000000000, -25.00000000000001776 ) ) ;
#2385 = DIRECTION ( 'NONE',  ( 0.000000000000000000, -0.000000000000000000, -1.000000000000000000 ) ) ;
#2386 = ORIENTED_EDGE ( 'NONE', *, *, #1653, .T. ) ;
#2387 = ORIENTED_EDGE ( 'NONE', *, *, #3822, .F. ) ;
#2388 = CARTESIAN_POINT ( 'NONE',  ( -13.49999999999997513, 118.6580326380583585, 1.000000000000000000 ) ) ;
#2389 = VECTOR ( 'NONE', #2849, 1000.000000000000114 ) ;
#2390 = ORIENTED_EDGE ( 'NONE', *, *, #4875, .T. ) ;
#2391 = DIRECTION ( 'NONE',  ( 9.912705577010325549E-17, 0.000000000000000000, -1.000000000000000000 ) ) ;
#2392 = DIRECTION ( 'NONE',  ( 1.040696481925304843E-16, -0.8944271909999158554, -0.4472135954999578722 ) ) ;
#2393 = CARTESIAN_POINT ( 'NONE',  ( 1.928203230275607361, -68.07179676972441484, 6.000000000000000000 ) ) ;
#2394 = ORIENTED_EDGE ( 'NONE', *, *, #2030, .T. ) ;
#2395 = EDGE_CURVE ( 'NONE', #3509, #120, #3501, .T. ) ;
#2396 = ORIENTED_EDGE ( 'NONE', *, *, #4958, .T. ) ;
#2397 = CARTESIAN_POINT ( 'NONE',  ( -7.849999999999996092, 110.0266461136734506, 0.000000000000000000 ) ) ;
#2398 = ORIENTED_EDGE ( 'NONE', *, *, #3025, .T. ) ;
#2399 = DIRECTION ( 'NONE',  ( 0.8660254037844382635, -0.5000000000000006661, 0.000000000000000000 ) ) ;
#2400 = CARTESIAN_POINT ( 'NONE',  ( -12.49999999999997513, 120.6580326380583585, 1.000000000000000000 ) ) ;
#2401 = CARTESIAN_POINT ( 'NONE',  ( -4.999999999999943157, -75.00000000000001421, -25.00000000000000000 ) ) ;
#2402 = CARTESIAN_POINT ( 'NONE',  ( -1.699999999999984857, -79.60000000000005116, -24.80000000000001137 ) ) ;
#2403 = ORIENTED_EDGE ( 'NONE', *, *, #2753, .F. ) ;
#2404 = VECTOR ( 'NONE', #1190, 1000.000000000000114 ) ;
#2405 = VERTEX_POINT ( 'NONE', #3003 ) ;
#2406 = EDGE_CURVE ( 'NONE', #4952, #2773, #622, .T. ) ;
#2407 = CYLINDRICAL_SURFACE ( 'NONE', #2840, 5.000000000000000888 ) ;
#2408 = DIRECTION ( 'NONE',  ( 0.000000000000000000, -1.000000000000000000, 0.000000000000000000 ) ) ;
#2409 = VECTOR ( 'NONE', #3759, 1000.000000000000000 ) ;
#2410 = EDGE_LOOP ( 'NONE', ( #1829, #5045, #356, #3644 ) ) ;
#2411 = ORIENTED_EDGE ( 'NONE', *, *, #4427, .F. ) ;
#2412 = DIRECTION ( 'NONE',  ( -0.000000000000000000, 0.000000000000000000, -1.000000000000000000 ) ) ;
#2413 = VECTOR ( 'NONE', #2292, 1000.000000000000000 ) ;
#2414 = EDGE_CURVE ( 'NONE', #2381, #3922, #1852, .T. ) ;
#2415 = VECTOR ( 'NONE', #583, 1000.000000000000000 ) ;
#2416 = ORIENTED_EDGE ( 'NONE', *, *, #3760, .T. ) ;
#2417 = FACE_OUTER_BOUND ( 'NONE', #4722, .T. ) ;
#2418 = LINE ( 'NONE', #805, #1176 ) ;
#2419 = EDGE_CURVE ( 'NONE', #5181, #4985, #599, .T. ) ;
#2420 = ORIENTED_EDGE ( 'NONE', *, *, #3159, .F. ) ;
#2421 = VECTOR ( 'NONE', #1034, 1000.000000000000000 ) ;
#2422 = EDGE_LOOP ( 'NONE', ( #1289, #3498, #973, #3338 ) ) ;
#2423 = DIRECTION ( 'NONE',  ( 0.000000000000000000, -0.7071067811865475727, 0.7071067811865475727 ) ) ;
#2424 = EDGE_CURVE ( 'NONE', #1503, #4627, #2276, .T. ) ;
#2425 = AXIS2_PLACEMENT_3D ( 'NONE', #762, #1132, #3948 ) ;
#2426 = CARTESIAN_POINT ( 'NONE',  ( 25.50000000000000000, 80.08068236886856539, 3.000000000000000000 ) ) ;
#2427 = AXIS2_PLACEMENT_3D ( 'NONE', #5152, #1422, #1499 ) ;
#2428 = LINE ( 'NONE', #4997, #2178 ) ;
#2429 = VECTOR ( 'NONE', #1146, 1000.000000000000114 ) ;
#2430 = CARTESIAN_POINT ( 'NONE',  ( -22.49999999999998934, -75.00000000000001421, 10.00000000000000000 ) ) ;
#2431 = EDGE_CURVE ( 'NONE', #2621, #4330, #158, .T. ) ;
#2432 = EDGE_LOOP ( 'NONE', ( #4514, #4312, #321, #5220 ) ) ;
#2433 = VERTEX_POINT ( 'NONE', #2637 ) ;
#2434 = AXIS2_PLACEMENT_3D ( 'NONE', #2629, #1893, #1443 ) ;
#2435 = VECTOR ( 'NONE', #777, 1000.000000000000000 ) ;
#2436 = CARTESIAN_POINT ( 'NONE',  ( 76.75000000000000000, 65.83494742486497842, -169.8835189181103544 ) ) ;
#2437 = PLANE ( 'NONE',  #2077 ) ;
#2438 = ORIENTED_EDGE ( 'NONE', *, *, #3201, .F. ) ;
#2439 = PLANE ( 'NONE',  #69 ) ;
#2440 = EDGE_CURVE ( 'NONE', #2524, #176, #1051, .T. ) ;
#2441 = DIRECTION ( 'NONE',  ( 0.000000000000000000, 0.000000000000000000, 1.000000000000000000 ) ) ;
#2442 = PLANE ( 'NONE',  #4223 ) ;
#2443 = ORIENTED_EDGE ( 'NONE', *, *, #1806, .F. ) ;
#2444 = ADVANCED_FACE ( 'NONE', ( #974 ), #5075, .F. ) ;
#2445 = ORIENTED_EDGE ( 'NONE', *, *, #666, .F. ) ;
#2446 = CARTESIAN_POINT ( 'NONE',  ( -12.99999999999997868, 118.9467077726531556, 3.000000000000000000 ) ) ;
#2447 = LINE ( 'NONE', #3330, #2066 ) ;
#2448 = CARTESIAN_POINT ( 'NONE',  ( -22.49999999999998934, -80.00000000000001421, -3.999999999999928946 ) ) ;
#2449 = CARTESIAN_POINT ( 'NONE',  ( -18.14999999999998082, 65.02664611367345060, 3.000000000000000000 ) ) ;
#2450 = CARTESIAN_POINT ( 'NONE',  ( -13.00000000000000000, 113.0000000000000284, 3.000000000000000000 ) ) ;
#2451 = ORIENTED_EDGE ( 'NONE', *, *, #491, .F. ) ;
#2452 = EDGE_CURVE ( 'NONE', #4827, #1007, #4692, .T. ) ;
#2453 = DIRECTION ( 'NONE',  ( -0.000000000000000000, -0.000000000000000000, -1.000000000000000000 ) ) ;
#2454 = DIRECTION ( 'NONE',  ( -1.000000000000000000, 0.000000000000000000, 0.000000000000000000 ) ) ;
#2455 = DIRECTION ( 'NONE',  ( -1.000000000000000000, -0.000000000000000000, -0.000000000000000000 ) ) ;
#2456 = VERTEX_POINT ( 'NONE', #258 ) ;
#2457 = LINE ( 'NONE', #853, #4324 ) ;
#2458 = CARTESIAN_POINT ( 'NONE',  ( 10.50000000000001066, 90.65803263805835854, 0.000000000000000000 ) ) ;
#2459 = DIRECTION ( 'NONE',  ( -0.7071067811865481278, -0.7071067811865469066, -7.009341333409715804E-17 ) ) ;
#2460 = VERTEX_POINT ( 'NONE', #1476 ) ;
#2461 = ORIENTED_EDGE ( 'NONE', *, *, #4078, .T. ) ;
#2462 = CARTESIAN_POINT ( 'NONE',  ( -12.99999999999997691, 62.05329222734687278, 0.000000000000000000 ) ) ;
#2463 = VERTEX_POINT ( 'NONE', #576 ) ;
#2464 = ADVANCED_FACE ( 'NONE', ( #4247, #951, #1004 ), #2557, .F. ) ;
#2465 = EDGE_LOOP ( 'NONE', ( #903, #4710, #3982, #3323, #3600, #4938 ) ) ;
#2466 = CARTESIAN_POINT ( 'NONE',  ( 71.09999999999993747, -80.00000000000001421, -25.00000000000000000 ) ) ;
#2467 = CARTESIAN_POINT ( 'NONE',  ( 21.85000000000000853, 58.02664611367345060, 0.000000000000000000 ) ) ;
#2468 = DIRECTION ( 'NONE',  ( -0.000000000000000000, 0.000000000000000000, -1.000000000000000000 ) ) ;
#2469 = EDGE_CURVE ( 'NONE', #1819, #1283, #1079, .T. ) ;
#2470 = CARTESIAN_POINT ( 'NONE',  ( 77.35030966063544611, 66.13332903332911883, 10.00000000000000000 ) ) ;
#2471 = ORIENTED_EDGE ( 'NONE', *, *, #872, .T. ) ;
#2472 = LINE ( 'NONE', #4105, #4305 ) ;
#2473 = CARTESIAN_POINT ( 'NONE',  ( 7.999999999999996447, 33.40000000000002700, 29.19999999999999929 ) ) ;
#2474 = ORIENTED_EDGE ( 'NONE', *, *, #3019, .T. ) ;
#2475 = ORIENTED_EDGE ( 'NONE', *, *, #4173, .T. ) ;
#2476 = CARTESIAN_POINT ( 'NONE',  ( 29.50000000000003553, 68.65803263805835854, 1.000000000000000000 ) ) ;
#2477 = DIRECTION ( 'NONE',  ( 0.8660254037844381525, -0.5000000000000007772, 0.000000000000000000 ) ) ;
#2478 = LINE ( 'NONE', #2154, #2665 ) ;
#2479 = ORIENTED_EDGE ( 'NONE', *, *, #4691, .T. ) ;
#2480 = EDGE_CURVE ( 'NONE', #1875, #904, #2837, .T. ) ;
#2481 = CARTESIAN_POINT ( 'NONE',  ( -22.49999999999998934, -75.00000000000001421, 10.00000000000000000 ) ) ;
#2482 = AXIS2_PLACEMENT_3D ( 'NONE', #684, #3502, #3843 ) ;
#2483 = ORIENTED_EDGE ( 'NONE', *, *, #4314, .T. ) ;
#2484 = DIRECTION ( 'NONE',  ( 0.000000000000000000, 1.000000000000000000, -0.000000000000000000 ) ) ;
#2485 = CARTESIAN_POINT ( 'NONE',  ( -13.49999999999997513, 120.6580326380583585, 1.000000000000000000 ) ) ;
#2486 = CARTESIAN_POINT ( 'NONE',  ( 27.00000000000000355, 74.99999999999984368, 6.000000000000000000 ) ) ;
#2487 = VECTOR ( 'NONE', #4855, 1000.000000000000000 ) ;
#2488 = CARTESIAN_POINT ( 'NONE',  ( -7.849999999999996092, 115.9733538863265920, 3.000000000000000000 ) ) ;
#2489 = VECTOR ( 'NONE', #2159, 1000.000000000000000 ) ;
#2490 = DIRECTION ( 'NONE',  ( 0.000000000000000000, 0.000000000000000000, 1.000000000000000000 ) ) ;
#2491 = ORIENTED_EDGE ( 'NONE', *, *, #4607, .T. ) ;
#2492 = DIRECTION ( 'NONE',  ( 0.5000000000000008882, -0.8660254037844382635, 0.000000000000000000 ) ) ;
#2493 = VECTOR ( 'NONE', #3827, 1000.000000000000000 ) ;
#2494 = CIRCLE ( 'NONE', #896, 3.250000000000002665 ) ;
#2495 = AXIS2_PLACEMENT_3D ( 'NONE', #1411, #587, #1491 ) ;
#2496 = VECTOR ( 'NONE', #654, 1000.000000000000000 ) ;
#2497 = ORIENTED_EDGE ( 'NONE', *, *, #1430, .T. ) ;
#2498 = CARTESIAN_POINT ( 'NONE',  ( 71.40000000000000568, 84.99999999999984368, -169.8835189181103544 ) ) ;
#2499 = DIRECTION ( 'NONE',  ( 0.000000000000000000, 0.000000000000000000, 1.000000000000000000 ) ) ;
#2500 = VECTOR ( 'NONE', #166, 1000.000000000000000 ) ;
#2501 = DIRECTION ( 'NONE',  ( -1.000000000000000000, 0.000000000000000000, 0.000000000000000000 ) ) ;
#2502 = VERTEX_POINT ( 'NONE', #3820 ) ;
#2503 = VECTOR ( 'NONE', #360, 1000.000000000000114 ) ;
#2504 = CARTESIAN_POINT ( 'NONE',  ( 85.09999999999998010, -80.00000000000001421, 2.999999999999995559 ) ) ;
#2505 = ORIENTED_EDGE ( 'NONE', *, *, #2469, .F. ) ;
#2506 = CARTESIAN_POINT ( 'NONE',  ( 26.49999999999999645, 80.65803263805818801, 1.000000000000000000 ) ) ;
#2507 = CARTESIAN_POINT ( 'NONE',  ( -22.50000000000000711, 116.0000000000000284, 6.000000000000000000 ) ) ;
#2508 = ORIENTED_EDGE ( 'NONE', *, *, #843, .T. ) ;
#2509 = ORIENTED_EDGE ( 'NONE', *, *, #5185, .F. ) ;
#2510 = ORIENTED_EDGE ( 'NONE', *, *, #4040, .F. ) ;
#2511 = DIRECTION ( 'NONE',  ( -1.000000000000000000, -0.000000000000000000, -0.000000000000000000 ) ) ;
#2512 = EDGE_CURVE ( 'NONE', #2622, #3149, #5046, .T. ) ;
#2513 = VECTOR ( 'NONE', #305, 1000.000000000000114 ) ;
#2514 = FACE_OUTER_BOUND ( 'NONE', #2685, .T. ) ;
#2515 = CARTESIAN_POINT ( 'NONE',  ( 71.40000000000000568, 73.74999999999984368, -169.8835189181103544 ) ) ;
#2516 = CARTESIAN_POINT ( 'NONE',  ( 26.99999999999999645, 80.94670777265299932, 3.000000000000000000 ) ) ;
#2517 = ORIENTED_EDGE ( 'NONE', *, *, #4640, .T. ) ;
#2518 = LINE ( 'NONE', #2966, #3635 ) ;
#2519 = VECTOR ( 'NONE', #5176, 1000.000000000000000 ) ;
#2520 = EDGE_CURVE ( 'NONE', #3799, #2270, #1772, .T. ) ;
#2521 = LINE ( 'NONE', #3727, #2348 ) ;
#2522 = CARTESIAN_POINT ( 'NONE',  ( -7.849999999999996092, 110.0266461136734506, 3.000000000000000000 ) ) ;
#2523 = PLANE ( 'NONE',  #320 ) ;
#2524 = VERTEX_POINT ( 'NONE', #3420 ) ;
#2525 = ADVANCED_FACE ( 'NONE', ( #2219 ), #3842, .F. ) ;
#2526 = EDGE_LOOP ( 'NONE', ( #4888, #3035, #1326, #3964 ) ) ;
#2527 = CARTESIAN_POINT ( 'NONE',  ( 27.00000000000001066, 61.00000000000003553, 3.000000000000000000 ) ) ;
#2528 = DIRECTION ( 'NONE',  ( 0.8290375725550407360, 0.5591929034707484591, -0.000000000000000000 ) ) ;
#2529 = DIRECTION ( 'NONE',  ( -1.000000000000000000, 0.000000000000000000, 0.000000000000000000 ) ) ;
#2530 = ORIENTED_EDGE ( 'NONE', *, *, #3822, .T. ) ;
#2531 = DIRECTION ( 'NONE',  ( 0.000000000000000000, 0.000000000000000000, -1.000000000000000000 ) ) ;
#2532 = ORIENTED_EDGE ( 'NONE', *, *, #3145, .T. ) ;
#2533 = CARTESIAN_POINT ( 'NONE',  ( 12.99999999999999467, 40.94670777265317696, 3.000000000000000000 ) ) ;
#2534 = DIRECTION ( 'NONE',  ( -0.000000000000000000, -0.000000000000000000, -1.000000000000000000 ) ) ;
#2535 = ORIENTED_EDGE ( 'NONE', *, *, #4921, .F. ) ;
#2536 = EDGE_CURVE ( 'NONE', #1228, #2027, #1581, .T. ) ;
#2537 = FACE_OUTER_BOUND ( 'NONE', #3604, .T. ) ;
#2538 = VECTOR ( 'NONE', #415, 1000.000000000000000 ) ;
#2539 = DIRECTION ( 'NONE',  ( -1.000000000000000000, 0.000000000000000000, 0.000000000000000000 ) ) ;
#2540 = CARTESIAN_POINT ( 'NONE',  ( 38.00000000000000711, -67.00000000000004263, -21.00000000000003553 ) ) ;
#2541 = VERTEX_POINT ( 'NONE', #3996 ) ;
#2542 = DIRECTION ( 'NONE',  ( -3.016910393003140393E-16, -1.000000000000000000, 0.000000000000000000 ) ) ;
#2543 = EDGE_CURVE ( 'NONE', #2613, #1597, #1980, .T. ) ;
#2544 = FACE_OUTER_BOUND ( 'NONE', #943, .T. ) ;
#2545 = CARTESIAN_POINT ( 'NONE',  ( 25.50000000000000000, 80.08068236886856539, 0.000000000000000000 ) ) ;
#2546 = LINE ( 'NONE', #2650, #3198 ) ;
#2547 = ORIENTED_EDGE ( 'NONE', *, *, #5031, .F. ) ;
#2548 = DIRECTION ( 'NONE',  ( -1.000000000000000000, 3.812579068080894480E-16, 0.000000000000000000 ) ) ;
#2549 = ORIENTED_EDGE ( 'NONE', *, *, #933, .F. ) ;
#2550 = ORIENTED_EDGE ( 'NONE', *, *, #997, .T. ) ;
#2551 = LINE ( 'NONE', #4614, #4542 ) ;
#2552 = PLANE ( 'NONE',  #627 ) ;
#2553 = EDGE_CURVE ( 'NONE', #3445, #4405, #1838, .T. ) ;
#2554 = ORIENTED_EDGE ( 'NONE', *, *, #2317, .T. ) ;
#2555 = CARTESIAN_POINT ( 'NONE',  ( -12.99999999999998046, 73.94670777265318407, 3.000000000000000000 ) ) ;
#2556 = ORIENTED_EDGE ( 'NONE', *, *, #4926, .T. ) ;
#2557 = PLANE ( 'NONE',  #4811 ) ;
#2558 = FACE_OUTER_BOUND ( 'NONE', #3925, .T. ) ;
#2559 = ORIENTED_EDGE ( 'NONE', *, *, #4207, .T. ) ;
#2560 = CARTESIAN_POINT ( 'NONE',  ( 27.50000000000003553, 68.65803263805835854, 1.000000000000000000 ) ) ;
#2561 = FACE_OUTER_BOUND ( 'NONE', #4930, .T. ) ;
#2562 = EDGE_CURVE ( 'NONE', #522, #1135, #4431, .T. ) ;
#2563 = CARTESIAN_POINT ( 'NONE',  ( 12.00000000000000355, 88.94670777265318407, 3.000000000000000000 ) ) ;
#2564 = EDGE_LOOP ( 'NONE', ( #4703, #2713, #1180, #483, #296, #470, #3639, #5086, #2218, #3724 ) ) ;
#2565 = CARTESIAN_POINT ( 'NONE',  ( 29.99999999999995026, -75.00000000000001421, -8.000000000000062172 ) ) ;
#2566 = DIRECTION ( 'NONE',  ( -1.000000000000000000, 0.000000000000000000, 0.000000000000000000 ) ) ;
#2567 = CARTESIAN_POINT ( 'NONE',  ( 7.849999999999997868, 37.97335388632660624, 3.000000000000000000 ) ) ;
#2568 = CYLINDRICAL_SURFACE ( 'NONE', #237, 2.250000000000000888 ) ;
#2569 = CARTESIAN_POINT ( 'NONE',  ( 21.85000000000000853, 58.02664611367345060, 3.000000000000000000 ) ) ;
#2570 = EDGE_CURVE ( 'NONE', #4194, #2339, #3164, .T. ) ;
#2571 = AXIS2_PLACEMENT_3D ( 'NONE', #3753, #4202, #141 ) ;
#2572 = AXIS2_PLACEMENT_3D ( 'NONE', #4898, #1645, #1252 ) ;
#2573 = EDGE_CURVE ( 'NONE', #793, #4064, #4022, .T. ) ;
#2574 = EDGE_LOOP ( 'NONE', ( #1269, #641, #2962, #3142 ) ) ;
#2575 = PLANE ( 'NONE',  #4881 ) ;
#2576 = ADVANCED_FACE ( 'NONE', ( #3975 ), #386, .F. ) ;
#2577 = AXIS2_PLACEMENT_3D ( 'NONE', #2527, #1629, #4481 ) ;
#2578 = ORIENTED_EDGE ( 'NONE', *, *, #5126, .F. ) ;
#2579 = DIRECTION ( 'NONE',  ( 5.498853076140251938E-15, 1.000000000000000000, -0.000000000000000000 ) ) ;
#2580 = CIRCLE ( 'NONE', #5147, 2.250000000000000888 ) ;
#2581 = AXIS2_PLACEMENT_3D ( 'NONE', #745, #4413, #2358 ) ;
#2582 = EDGE_CURVE ( 'NONE', #3428, #2165, #821, .T. ) ;
#2583 = ORIENTED_EDGE ( 'NONE', *, *, #1417, .F. ) ;
#2584 = DIRECTION ( 'NONE',  ( 0.4999999999999982236, -0.8660254037844397068, 0.000000000000000000 ) ) ;
#2585 = DIRECTION ( 'NONE',  ( 0.000000000000000000, 1.000000000000000000, 0.000000000000000000 ) ) ;
#2586 = ORIENTED_EDGE ( 'NONE', *, *, #3870, .F. ) ;
#2587 = AXIS2_PLACEMENT_3D ( 'NONE', #2153, #3285, #934 ) ;
#2588 = DIRECTION ( 'NONE',  ( 1.000000000000000000, 0.000000000000000000, 0.000000000000000000 ) ) ;
#2589 = PLANE ( 'NONE',  #1750 ) ;
#2590 = EDGE_CURVE ( 'NONE', #4503, #4421, #3117, .T. ) ;
#2591 = EDGE_LOOP ( 'NONE', ( #4300, #3332, #3079, #3163 ) ) ;
#2592 = DIRECTION ( 'NONE',  ( 0.8660254037844392627, -0.4999999999999990008, 0.000000000000000000 ) ) ;
#2593 = VERTEX_POINT ( 'NONE', #335 ) ;
#2594 = ORIENTED_EDGE ( 'NONE', *, *, #409, .F. ) ;
#2595 = ORIENTED_EDGE ( 'NONE', *, *, #3326, .T. ) ;
#2596 = APPLICATION_PROTOCOL_DEFINITION ( 'draft international standard', 'automotive_design', 1998, #3012 ) ;
#2597 = DIRECTION ( 'NONE',  ( -1.000000000000000000, 0.000000000000000000, 0.000000000000000000 ) ) ;
#2598 = AXIS2_PLACEMENT_3D ( 'NONE', #35, #3349, #4497 ) ;
#2599 = LINE ( 'NONE', #586, #3274 ) ;
#2600 = DIRECTION ( 'NONE',  ( -0.000000000000000000, -0.000000000000000000, -1.000000000000000000 ) ) ;
#2601 = CARTESIAN_POINT ( 'NONE',  ( 18.14999999999999503, 32.02664611367345771, 3.000000000000000000 ) ) ;
#2602 = VECTOR ( 'NONE', #380, 1000.000000000000114 ) ;
#2603 = DIRECTION ( 'NONE',  ( -1.000000000000000000, 0.000000000000000000, 0.000000000000000000 ) ) ;
#2604 = LINE ( 'NONE', #1387, #4484 ) ;
#2605 = ORIENTED_EDGE ( 'NONE', *, *, #3299, .T. ) ;
#2606 = DIRECTION ( 'NONE',  ( -1.000000000000000000, 0.000000000000000000, 0.000000000000000000 ) ) ;
#2607 = ORIENTED_EDGE ( 'NONE', *, *, #3094, .F. ) ;
#2608 = DIRECTION ( 'NONE',  ( -5.498853076140275604E-15, -1.000000000000000000, 0.000000000000000000 ) ) ;
#2609 = EDGE_LOOP ( 'NONE', ( #1454, #3673, #4393, #608, #4129, #986, #616, #4288, #3295, #691 ) ) ;
#2610 = EDGE_CURVE ( 'NONE', #3373, #2613, #1901, .T. ) ;
#2611 = DIRECTION ( 'NONE',  ( 1.000000000000000000, 0.000000000000000000, 0.000000000000000000 ) ) ;
#2612 = CARTESIAN_POINT ( 'NONE',  ( 8.749999999999998224, 83.00000000000002842, 6.000000000000000000 ) ) ;
#2613 = VERTEX_POINT ( 'NONE', #5236 ) ;
#2614 = CARTESIAN_POINT ( 'NONE',  ( 27.00000000000002487, 66.94670777265318407, 3.000000000000000000 ) ) ;
#2615 = CARTESIAN_POINT ( 'NONE',  ( 21.85000000000000853, 63.97335388632659203, 1.000000000000000000 ) ) ;
#2616 = DIRECTION ( 'NONE',  ( -0.000000000000000000, 0.000000000000000000, -1.000000000000000000 ) ) ;
#2617 = VECTOR ( 'NONE', #3845, 1000.000000000000000 ) ;
#2618 = ORIENTED_EDGE ( 'NONE', *, *, #2645, .T. ) ;
#2619 = DIRECTION ( 'NONE',  ( 1.000000000000000000, 0.000000000000000000, 0.000000000000000000 ) ) ;
#2620 = VERTEX_POINT ( 'NONE', #4747 ) ;
#2621 = VERTEX_POINT ( 'NONE', #3143 ) ;
#2622 = VERTEX_POINT ( 'NONE', #786 ) ;
#2623 = EDGE_CURVE ( 'NONE', #2621, #4097, #1112, .T. ) ;
#2624 = DIRECTION ( 'NONE',  ( -0.000000000000000000, -0.000000000000000000, -1.000000000000000000 ) ) ;
#2625 = DIRECTION ( 'NONE',  ( 1.000000000000000000, 2.220446049250312095E-16, -0.000000000000000000 ) ) ;
#2626 = LINE ( 'NONE', #1364, #4841 ) ;
#2627 = ORIENTED_EDGE ( 'NONE', *, *, #4329, .T. ) ;
#2628 = CARTESIAN_POINT ( 'NONE',  ( 21.85000000000000497, 72.02664611367329428, 3.000000000000000000 ) ) ;
#2629 = CARTESIAN_POINT ( 'NONE',  ( 0.000000000000000000, -68.07179676972441484, 6.000000000000000000 ) ) ;
#2630 = ORIENTED_EDGE ( 'NONE', *, *, #643, .F. ) ;
#2631 = DIRECTION ( 'NONE',  ( -0.000000000000000000, -0.000000000000000000, -1.000000000000000000 ) ) ;
#2632 = LINE ( 'NONE', #1000, #1817 ) ;
#2633 = CARTESIAN_POINT ( 'NONE',  ( 0.000000000000000000, -75.00000000000001421, -8.000000000000062172 ) ) ;
#2634 = ORIENTED_EDGE ( 'NONE', *, *, #512, .F. ) ;
#2635 = ADVANCED_FACE ( 'NONE', ( #2717 ), #2739, .F. ) ;
#2636 = EDGE_LOOP ( 'NONE', ( #3852, #368, #5239, #1060 ) ) ;
#2637 = CARTESIAN_POINT ( 'NONE',  ( -12.99999999999998046, 73.94670777265318407, 3.000000000000000000 ) ) ;
#2638 = PLANE ( 'NONE',  #2987 ) ;
#2639 = EDGE_CURVE ( 'NONE', #2235, #2372, #736, .T. ) ;
#2640 = VECTOR ( 'NONE', #1719, 1000.000000000000000 ) ;
#2641 = ORIENTED_EDGE ( 'NONE', *, *, #3326, .F. ) ;
#2642 = FACE_OUTER_BOUND ( 'NONE', #1755, .T. ) ;
#2643 = CARTESIAN_POINT ( 'NONE',  ( 16.00000000000007461, -75.00000000000001421, 0.000000000000000000 ) ) ;
#2644 = CARTESIAN_POINT ( 'NONE',  ( 25.50000000000002487, 65.50333209967911330, 1.000000000000000000 ) ) ;
#2645 = EDGE_CURVE ( 'NONE', #3773, #4563, #3579, .T. ) ;
#2646 = ORIENTED_EDGE ( 'NONE', *, *, #3391, .F. ) ;
#2647 = FACE_BOUND ( 'NONE', #1994, .T. ) ;
#2648 = LINE ( 'NONE', #4706, #3697 ) ;
#2649 = EDGE_CURVE ( 'NONE', #4588, #5247, #632, .T. ) ;
#2650 = CARTESIAN_POINT ( 'NONE',  ( 21.85000000000000853, 58.02664611367345060, 0.000000000000000000 ) ) ;
#2651 = VERTEX_POINT ( 'NONE', #1529 ) ;
#2652 = DIRECTION ( 'NONE',  ( 0.000000000000000000, 1.000000000000000000, 0.000000000000000000 ) ) ;
#2653 = FACE_OUTER_BOUND ( 'NONE', #1094, .T. ) ;
#2654 = DIRECTION ( 'NONE',  ( 0.000000000000000000, 0.000000000000000000, 1.000000000000000000 ) ) ;
#2655 = ORIENTED_EDGE ( 'NONE', *, *, #4379, .T. ) ;
#2656 = LINE ( 'NONE', #197, #2660 ) ;
#2657 = CARTESIAN_POINT ( 'NONE',  ( 24.49999999999999645, 82.65803263805820222, 1.000000000000000000 ) ) ;
#2658 = VERTEX_POINT ( 'NONE', #2397 ) ;
#2659 = AXIS2_PLACEMENT_3D ( 'NONE', #2375, #1608, #3144 ) ;
#2660 = VECTOR ( 'NONE', #4592, 1000.000000000000000 ) ;
#2661 = ORIENTED_EDGE ( 'NONE', *, *, #594, .T. ) ;
#2662 = CARTESIAN_POINT ( 'NONE',  ( 28.49999999999999645, 82.65803263805820222, 1.000000000000000000 ) ) ;
#2663 = CARTESIAN_POINT ( 'NONE',  ( 27.50000000000003553, 66.65803263805835854, 1.000000000000000000 ) ) ;
#2664 = VECTOR ( 'NONE', #4079, 1000.000000000000000 ) ;
#2665 = VECTOR ( 'NONE', #4944, 1000.000000000000114 ) ;
#2666 = ORIENTED_EDGE ( 'NONE', *, *, #1880, .T. ) ;
#2667 = CARTESIAN_POINT ( 'NONE',  ( 26.49999999999999645, 80.65803263805818801, 1.000000000000000000 ) ) ;
#2668 = CARTESIAN_POINT ( 'NONE',  ( 12.99999999999999822, 35.00000000000002842, 6.000000000000000000 ) ) ;
#2669 = CARTESIAN_POINT ( 'NONE',  ( 29.50000000000003553, 68.65803263805835854, 1.000000000000000000 ) ) ;
#2670 = ORIENTED_EDGE ( 'NONE', *, *, #2851, .T. ) ;
#2671 = AXIS2_PLACEMENT_3D ( 'NONE', #2095, #4973, #136 ) ;
#2672 = ORIENTED_EDGE ( 'NONE', *, *, #2553, .F. ) ;
#2673 = EDGE_CURVE ( 'NONE', #4198, #2658, #2007, .T. ) ;
#2674 = ORIENTED_EDGE ( 'NONE', *, *, #4870, .F. ) ;
#2675 = PLANE ( 'NONE',  #4474 ) ;
#2676 = CARTESIAN_POINT ( 'NONE',  ( -18.14999999999998082, 65.02664611367345060, 3.000000000000000000 ) ) ;
#2677 = APPLICATION_CONTEXT ( 'automotive_design' ) ;
#2678 = VECTOR ( 'NONE', #1324, 1000.000000000000114 ) ;
#2679 = VERTEX_POINT ( 'NONE', #1082 ) ;
#2680 = CARTESIAN_POINT ( 'NONE',  ( 7.849999999999997868, 37.97335388632660624, 0.000000000000000000 ) ) ;
#2681 = EDGE_CURVE ( 'NONE', #4539, #5022, #2300, .T. ) ;
#2682 = DIRECTION ( 'NONE',  ( 0.7071067811865462405, -0.000000000000000000, -0.7071067811865489050 ) ) ;
#2683 = DIRECTION ( 'NONE',  ( 1.000000000000000000, -0.000000000000000000, -0.000000000000000000 ) ) ;
#2684 = AXIS2_PLACEMENT_3D ( 'NONE', #4366, #4780, #773 ) ;
#2685 = EDGE_LOOP ( 'NONE', ( #2139, #55, #5186, #397 ) ) ;
#2686 = DIRECTION ( 'NONE',  ( 1.000000000000000000, 0.000000000000000000, 0.000000000000000000 ) ) ;
#2687 = CARTESIAN_POINT ( 'NONE',  ( -14.49999999999997513, 120.6580326380583585, 1.000000000000000000 ) ) ;
#2688 = VERTEX_POINT ( 'NONE', #4450 ) ;
#2689 = VECTOR ( 'NONE', #644, 1000.000000000000000 ) ;
#2690 = VECTOR ( 'NONE', #1386, 1000.000000000000000 ) ;
#2691 = EDGE_CURVE ( 'NONE', #4644, #2373, #3686, .T. ) ;
#2692 = ORIENTED_EDGE ( 'NONE', *, *, #11, .T. ) ;
#2693 = DIRECTION ( 'NONE',  ( -0.000000000000000000, -0.000000000000000000, -1.000000000000000000 ) ) ;
#2694 = VECTOR ( 'NONE', #170, 1000.000000000000000 ) ;
#2695 = DIRECTION ( 'NONE',  ( -1.000000000000000000, 0.000000000000000000, 0.000000000000000000 ) ) ;
#2696 = VERTEX_POINT ( 'NONE', #3271 ) ;
#2697 = CARTESIAN_POINT ( 'NONE',  ( 6.849999999999994316, 80.02664611367346481, 0.000000000000000000 ) ) ;
#2698 = DIRECTION ( 'NONE',  ( -1.000000000000000000, 0.000000000000000000, 0.000000000000000000 ) ) ;
#2699 = FACE_OUTER_BOUND ( 'NONE', #2564, .T. ) ;
#2700 = ORIENTED_EDGE ( 'NONE', *, *, #4044, .T. ) ;
#2701 = ORIENTED_EDGE ( 'NONE', *, *, #2737, .F. ) ;
#2702 = VERTEX_POINT ( 'NONE', #493 ) ;
#2703 = EDGE_CURVE ( 'NONE', #2620, #497, #3707, .T. ) ;
#2704 = DIRECTION ( 'NONE',  ( 0.000000000000000000, -1.000000000000000000, 0.000000000000000000 ) ) ;
#2705 = CARTESIAN_POINT ( 'NONE',  ( -7.849999999999978328, 70.97335388632660624, 3.000000000000000000 ) ) ;
#2706 = LINE ( 'NONE', #611, #3950 ) ;
#2707 = EDGE_LOOP ( 'NONE', ( #5167, #4904, #2279, #2294 ) ) ;
#2708 = VECTOR ( 'NONE', #268, 1000.000000000000114 ) ;
#2709 = LINE ( 'NONE', #642, #2519 ) ;
#2710 = EDGE_CURVE ( 'NONE', #4171, #1911, #3606, .T. ) ;
#2711 = CARTESIAN_POINT ( 'NONE',  ( -17.50000000000000355, 121.0000000000000426, 6.000000000000000000 ) ) ;
#2712 = LINE ( 'NONE', #4742, #4377 ) ;
#2713 = ORIENTED_EDGE ( 'NONE', *, *, #2873, .T. ) ;
#2714 = DIRECTION ( 'NONE',  ( 1.000000000000000000, 0.000000000000000000, -0.000000000000000000 ) ) ;
#2715 = ORIENTED_EDGE ( 'NONE', *, *, #3474, .T. ) ;
#2716 = EDGE_LOOP ( 'NONE', ( #4094, #1702, #188, #3661 ) ) ;
#2717 = FACE_OUTER_BOUND ( 'NONE', #3988, .T. ) ;
#2718 = EDGE_CURVE ( 'NONE', #4767, #4505, #4903, .T. ) ;
#2719 = EDGE_LOOP ( 'NONE', ( #1690, #1475, #2046, #267 ) ) ;
#2720 = DIRECTION ( 'NONE',  ( 0.000000000000000000, 0.000000000000000000, 1.000000000000000000 ) ) ;
#2721 = CARTESIAN_POINT ( 'NONE',  ( 0.000000000000000000, 0.000000000000000000, 6.000000000000000000 ) ) ;
#2722 = CARTESIAN_POINT ( 'NONE',  ( 38.00000000000000711, -24.99999999999998579, -1.084202172485504434E-14 ) ) ;
#2723 = CARTESIAN_POINT ( 'NONE',  ( 71.40000000000000568, 84.99999999999984368, 0.000000000000000000 ) ) ;
#2724 = VERTEX_POINT ( 'NONE', #3243 ) ;
#2725 = VERTEX_POINT ( 'NONE', #2446 ) ;
#2726 = ADVANCED_FACE ( 'NONE', ( #3733 ), #4877, .T. ) ;
#2727 = FACE_OUTER_BOUND ( 'NONE', #4052, .T. ) ;
#2728 = DIRECTION ( 'NONE',  ( 1.000000000000000000, 0.000000000000000000, 0.000000000000000000 ) ) ;
#2729 = LINE ( 'NONE', #3570, #3819 ) ;
#2730 = ORIENTED_EDGE ( 'NONE', *, *, #2011, .F. ) ;
#2731 = LINE ( 'NONE', #2367, #1343 ) ;
#2732 = CYLINDRICAL_SURFACE ( 'NONE', #4971, 12.84999999999998721 ) ;
#2733 = EDGE_CURVE ( 'NONE', #1145, #2622, #4098, .T. ) ;
#2734 = FACE_OUTER_BOUND ( 'NONE', #1804, .T. ) ;
#2735 = DIRECTION ( 'NONE',  ( -0.000000000000000000, 0.000000000000000000, -1.000000000000000000 ) ) ;
#2736 = ORIENTED_EDGE ( 'NONE', *, *, #1887, .T. ) ;
#2737 = EDGE_CURVE ( 'NONE', #2463, #1172, #1314, .T. ) ;
#2738 = ORIENTED_EDGE ( 'NONE', *, *, #2406, .T. ) ;
#2739 = PLANE ( 'NONE',  #723 ) ;
#2740 = VECTOR ( 'NONE', #4453, 1000.000000000000000 ) ;
#2741 = VERTEX_POINT ( 'NONE', #1234 ) ;
#2742 = DIRECTION ( 'NONE',  ( -0.5000000000000006661, -0.8660254037844382635, 0.000000000000000000 ) ) ;
#2743 = EDGE_CURVE ( 'NONE', #3230, #2245, #2836, .T. ) ;
#2744 = CIRCLE ( 'NONE', #4712, 3.250000000000001332 ) ;
#2745 = DIRECTION ( 'NONE',  ( 1.000000000000000000, 0.000000000000000000, 0.000000000000000000 ) ) ;
#2746 = AXIS2_PLACEMENT_3D ( 'NONE', #856, #535, #4981 ) ;
#2747 = FACE_OUTER_BOUND ( 'NONE', #4599, .T. ) ;
#2748 = DIRECTION ( 'NONE',  ( -0.000000000000000000, -0.000000000000000000, 1.000000000000000000 ) ) ;
#2749 = ORIENTED_EDGE ( 'NONE', *, *, #1619, .T. ) ;
#2750 = VECTOR ( 'NONE', #2592, 1000.000000000000000 ) ;
#2751 = ORIENTED_EDGE ( 'NONE', *, *, #5037, .T. ) ;
#2752 = ORIENTED_EDGE ( 'NONE', *, *, #4532, .F. ) ;
#2753 = EDGE_CURVE ( 'NONE', #29, #5191, #4130, .T. ) ;
#2754 = DIRECTION ( 'NONE',  ( 0.000000000000000000, 0.000000000000000000, 1.000000000000000000 ) ) ;
#2755 = VECTOR ( 'NONE', #578, 1000.000000000000000 ) ;
#2756 = CARTESIAN_POINT ( 'NONE',  ( 13.33333333333336768, -72.33333333333332860, -5.333333333333357906 ) ) ;
#2757 = DIRECTION ( 'NONE',  ( -0.000000000000000000, -1.000000000000000000, -0.000000000000000000 ) ) ;
#2758 = ORIENTED_EDGE ( 'NONE', *, *, #2590, .T. ) ;
#2759 = CARTESIAN_POINT ( 'NONE',  ( -9.749999999999982236, 68.00000000000002842, 6.000000000000000000 ) ) ;
#2760 = LINE ( 'NONE', #4821, #4438 ) ;
#2761 = VECTOR ( 'NONE', #5051, 1000.000000000000114 ) ;
#2762 = FACE_OUTER_BOUND ( 'NONE', #4885, .T. ) ;
#2763 = CARTESIAN_POINT ( 'NONE',  ( 92.09999999999999432, -80.00000000000001421, -4.000000000000010658 ) ) ;
#2764 = DIRECTION ( 'NONE',  ( -0.000000000000000000, -0.000000000000000000, -1.000000000000000000 ) ) ;
#2765 = ORIENTED_EDGE ( 'NONE', *, *, #2357, .T. ) ;
#2766 = EDGE_CURVE ( 'NONE', #2888, #3066, #71, .T. ) ;
#2767 = ORIENTED_EDGE ( 'NONE', *, *, #2135, .F. ) ;
#2768 = CARTESIAN_POINT ( 'NONE',  ( 13.00000000000000178, 29.05329222734688699, 3.000000000000000000 ) ) ;
#2769 = CARTESIAN_POINT ( 'NONE',  ( 79.25000000000000000, 73.74999999999985789, 0.000000000000000000 ) ) ;
#2770 = VECTOR ( 'NONE', #3762, 1000.000000000000000 ) ;
#2771 = EDGE_CURVE ( 'NONE', #497, #108, #841, .T. ) ;
#2772 = AXIS2_PLACEMENT_3D ( 'NONE', #1971, #1566, #4039 ) ;
#2773 = VERTEX_POINT ( 'NONE', #3653 ) ;
#2774 = FACE_BOUND ( 'NONE', #502, .T. ) ;
#2775 = CARTESIAN_POINT ( 'NONE',  ( 85.09999999999998010, -68.63603896932107773, 2.999999999999995559 ) ) ;
#2776 = CARTESIAN_POINT ( 'NONE',  ( 3.299999999999997158, 121.0000000000000426, 0.000000000000000000 ) ) ;
#2777 = ORIENTED_EDGE ( 'NONE', *, *, #3624, .F. ) ;
#2778 = ORIENTED_EDGE ( 'NONE', *, *, #572, .F. ) ;
#2779 = LINE ( 'NONE', #3542, #1339 ) ;
#2780 = FACE_BOUND ( 'NONE', #3210, .T. ) ;
#2781 = EDGE_CURVE ( 'NONE', #1145, #4439, #518, .T. ) ;
#2782 = ORIENTED_EDGE ( 'NONE', *, *, #4153, .F. ) ;
#2783 = CARTESIAN_POINT ( 'NONE',  ( -12.99999999999998046, 73.94670777265318407, 3.000000000000000000 ) ) ;
#2784 = LINE ( 'NONE', #778, #610 ) ;
#2785 = VECTOR ( 'NONE', #4783, 1000.000000000000000 ) ;
#2786 = LINE ( 'NONE', #4425, #4292 ) ;
#2787 = DIRECTION ( 'NONE',  ( 0.000000000000000000, 1.000000000000000000, 0.000000000000000000 ) ) ;
#2788 = DIRECTION ( 'NONE',  ( 0.000000000000000000, 0.000000000000000000, 1.000000000000000000 ) ) ;
#2789 = VERTEX_POINT ( 'NONE', #3328 ) ;
#2790 = ORIENTED_EDGE ( 'NONE', *, *, #544, .T. ) ;
#2791 = DIRECTION ( 'NONE',  ( 0.8660254037844377084, -0.5000000000000017764, 0.000000000000000000 ) ) ;
#2792 = FACE_OUTER_BOUND ( 'NONE', #2526, .T. ) ;
#2793 = EDGE_CURVE ( 'NONE', #4902, #2339, #1656, .T. ) ;
#2794 = CARTESIAN_POINT ( 'NONE',  ( 12.00000000000000355, 88.94670777265318407, 1.000000000000000000 ) ) ;
#2795 = DIRECTION ( 'NONE',  ( 0.000000000000000000, 0.000000000000000000, -1.000000000000000000 ) ) ;
#2796 = DIRECTION ( 'NONE',  ( 0.000000000000000000, 0.000000000000000000, 1.000000000000000000 ) ) ;
#2797 = ADVANCED_FACE ( 'NONE', ( #923 ), #433, .T. ) ;
#2798 = VERTEX_POINT ( 'NONE', #20 ) ;
#2799 = ORIENTED_EDGE ( 'NONE', *, *, #1053, .F. ) ;
#2800 = DIRECTION ( 'NONE',  ( -1.000000000000000000, -0.000000000000000000, -0.000000000000000000 ) ) ;
#2801 = DIRECTION ( 'NONE',  ( -0.000000000000000000, -0.000000000000000000, -1.000000000000000000 ) ) ;
#2802 = EDGE_CURVE ( 'NONE', #3041, #2620, #2140, .T. ) ;
#2803 = ORIENTED_EDGE ( 'NONE', *, *, #720, .T. ) ;
#2804 = DIRECTION ( 'NONE',  ( 0.8660254037844392627, -0.4999999999999990008, 0.000000000000000000 ) ) ;
#2805 = VECTOR ( 'NONE', #1304, 1000.000000000000000 ) ;
#2806 = EDGE_CURVE ( 'NONE', #4914, #735, #1607, .T. ) ;
#2807 = CARTESIAN_POINT ( 'NONE',  ( 27.50000000000003553, 68.65803263805835854, 1.000000000000000000 ) ) ;
#2808 = ORIENTED_EDGE ( 'NONE', *, *, #2406, .F. ) ;
#2809 = LINE ( 'NONE', #3191, #4401 ) ;
#2810 = ORIENTED_EDGE ( 'NONE', *, *, #2710, .F. ) ;
#2811 = VERTEX_POINT ( 'NONE', #1210 ) ;
#2812 = DIRECTION ( 'NONE',  ( 0.8660254037844378194, 0.5000000000000014433, 0.000000000000000000 ) ) ;
#2813 = LINE ( 'NONE', #5157, #2740 ) ;
#2814 = DIRECTION ( 'NONE',  ( -0.5000000000000015543, 0.8660254037844378194, 0.000000000000000000 ) ) ;
#2815 = CARTESIAN_POINT ( 'NONE',  ( 21.85000000000000497, 77.97335388632643571, 1.000000000000000000 ) ) ;
#2817 = ADVANCED_FACE ( 'NONE', ( #43 ), #862, .F. ) ;
#2816 = DIRECTION ( 'NONE',  ( -0.000000000000000000, 0.000000000000000000, 1.000000000000000000 ) ) ;
#2818 = VERTEX_POINT ( 'NONE', #1845 ) ;
#2819 = VECTOR ( 'NONE', #414, 1000.000000000000114 ) ;
#2820 = ORIENTED_EDGE ( 'NONE', *, *, #4679, .T. ) ;
#2821 = VECTOR ( 'NONE', #1894, 1000.000000000000000 ) ;
#2822 = LINE ( 'NONE', #3255, #3325 ) ;
#2823 = DIRECTION ( 'NONE',  ( 0.8660254037844387076, -0.4999999999999997780, 0.000000000000000000 ) ) ;
#2824 = VECTOR ( 'NONE', #3601, 1000.000000000000114 ) ;
#2825 = ORIENTED_EDGE ( 'NONE', *, *, #3763, .F. ) ;
#2826 = ORIENTED_EDGE ( 'NONE', *, *, #3380, .T. ) ;
#2827 = LINE ( 'NONE', #3155, #4051 ) ;
#2828 = VECTOR ( 'NONE', #3911, 1000.000000000000000 ) ;
#2829 = ADVANCED_FACE ( 'NONE', ( #540 ), #593, .F. ) ;
#2830 = CIRCLE ( 'NONE', #304, 12.84999999999998721 ) ;
#2831 = FACE_OUTER_BOUND ( 'NONE', #3478, .T. ) ;
#2832 = CARTESIAN_POINT ( 'NONE',  ( 92.09999999999999432, -79.40000000000001990, 10.00000000000000000 ) ) ;
#2833 = ORIENTED_EDGE ( 'NONE', *, *, #1611, .T. ) ;
#2834 = VECTOR ( 'NONE', #4941, 1000.000000000000000 ) ;
#2835 = EDGE_LOOP ( 'NONE', ( #124, #3913, #1316, #4005 ) ) ;
#2836 = LINE ( 'NONE', #1258, #2240 ) ;
#2837 = CIRCLE ( 'NONE', #1754, 5.000000000000000888 ) ;
#2838 = PLANE ( 'NONE',  #2239 ) ;
#2839 = EDGE_CURVE ( 'NONE', #3943, #1545, #2236, .T. ) ;
#2840 = AXIS2_PLACEMENT_3D ( 'NONE', #5248, #4035, #3642 ) ;
#2841 = DIRECTION ( 'NONE',  ( -0.6546536707079756434, -0.6546536707079800843, 0.3779644730092244775 ) ) ;
#2842 = DIRECTION ( 'NONE',  ( -0.000000000000000000, 0.000000000000000000, 1.000000000000000000 ) ) ;
#2843 = VECTOR ( 'NONE', #4444, 1000.000000000000000 ) ;
#2844 = DIRECTION ( 'NONE',  ( 0.8660254037844382635, -0.5000000000000008882, 0.000000000000000000 ) ) ;
#2845 = ORIENTED_EDGE ( 'NONE', *, *, #3483, .T. ) ;
#2846 = ORIENTED_EDGE ( 'NONE', *, *, #4334, .T. ) ;
#2847 = ORIENTED_EDGE ( 'NONE', *, *, #5211, .F. ) ;
#2848 = CIRCLE ( 'NONE', #3555, 3.250000000000002665 ) ;
#2849 = DIRECTION ( 'NONE',  ( -0.8954827347775138335, -0.4450962499453179344, 0.000000000000000000 ) ) ;
#2850 = CARTESIAN_POINT ( 'NONE',  ( 7.849999999999997868, 32.02664611367345771, 3.000000000000000000 ) ) ;
#2851 = EDGE_CURVE ( 'NONE', #1323, #101, #2551, .T. ) ;
#2852 = VERTEX_POINT ( 'NONE', #2973 ) ;
#2853 = CARTESIAN_POINT ( 'NONE',  ( 27.49999999999999645, 82.65803263805820222, 1.000000000000000000 ) ) ;
#2854 = EDGE_CURVE ( 'NONE', #3667, #4830, #1420, .T. ) ;
#2855 = LINE ( 'NONE', #1336, #972 ) ;
#2856 = LINE ( 'NONE', #3968, #2243 ) ;
#2857 = ORIENTED_EDGE ( 'NONE', *, *, #705, .T. ) ;
#2858 = FACE_OUTER_BOUND ( 'NONE', #3576, .T. ) ;
#2859 = ADVANCED_FACE ( 'NONE', ( #1814, #4989 ), #177, .T. ) ;
#2860 = ORIENTED_EDGE ( 'NONE', *, *, #2333, .F. ) ;
#2861 = VERTEX_POINT ( 'NONE', #3026 ) ;
#2862 = CARTESIAN_POINT ( 'NONE',  ( 28.50000000000003553, 68.65803263805835854, 1.000000000000000000 ) ) ;
#2863 = VERTEX_POINT ( 'NONE', #946 ) ;
#2864 = PLANE ( 'NONE',  #801 ) ;
#2865 = CARTESIAN_POINT ( 'NONE',  ( -12.99999999999998046, 73.94670777265318407, 3.000000000000000000 ) ) ;
#2866 = ADVANCED_FACE ( 'NONE', ( #1447 ), #2575, .T. ) ;
#2867 = CARTESIAN_POINT ( 'NONE',  ( -12.99999999999999112, 107.0532922273468870, 0.000000000000000000 ) ) ;
#2868 = ORIENTED_EDGE ( 'NONE', *, *, #4779, .T. ) ;
#2869 = FACE_OUTER_BOUND ( 'NONE', #1583, .T. ) ;
#2870 = CARTESIAN_POINT ( 'NONE',  ( 26.99999999999999645, 80.94670777265299932, 1.000000000000000000 ) ) ;
#2871 = VERTEX_POINT ( 'NONE', #3051 ) ;
#2872 = ORIENTED_EDGE ( 'NONE', *, *, #2536, .T. ) ;
#2873 = EDGE_CURVE ( 'NONE', #2688, #1174, #3439, .T. ) ;
#2874 = DIRECTION ( 'NONE',  ( -0.7071067811865439090, -0.7071067811865512365, 0.000000000000000000 ) ) ;
#2875 = CARTESIAN_POINT ( 'NONE',  ( 38.00000000000001421, -75.00000000000000000, -25.00000000000002132 ) ) ;
#2876 = DIRECTION ( 'NONE',  ( 1.000000000000000000, 0.000000000000000000, 0.000000000000000000 ) ) ;
#2877 = ORIENTED_EDGE ( 'NONE', *, *, #2639, .F. ) ;
#2878 = ORIENTED_EDGE ( 'NONE', *, *, #2673, .F. ) ;
#2879 = PLANE ( 'NONE',  #495 ) ;
#2880 = EDGE_CURVE ( 'NONE', #1705, #4952, #1368, .T. ) ;
#2881 = DIRECTION ( 'NONE',  ( 0.8660254037844369313, -0.5000000000000029976, 0.000000000000000000 ) ) ;
#2882 = DIRECTION ( 'NONE',  ( 0.000000000000000000, -0.000000000000000000, 1.000000000000000000 ) ) ;
#2883 = CARTESIAN_POINT ( 'NONE',  ( 85.29999999999996874, -93.60000000000005116, -10.80000000000000782 ) ) ;
#2884 = EDGE_CURVE ( 'NONE', #656, #3930, #4240, .T. ) ;
#2885 = ORIENTED_EDGE ( 'NONE', *, *, #3718, .F. ) ;
#2886 = ORIENTED_EDGE ( 'NONE', *, *, #2011, .T. ) ;
#2887 = DIRECTION ( 'NONE',  ( 0.000000000000000000, 0.000000000000000000, -1.000000000000000000 ) ) ;
#2888 = VERTEX_POINT ( 'NONE', #4212 ) ;
#2889 = DIRECTION ( 'NONE',  ( -0.7071067811865462405, -0.000000000000000000, 0.7071067811865489050 ) ) ;
#2890 = DIRECTION ( 'NONE',  ( 0.8660254037844374864, 0.5000000000000018874, 0.000000000000000000 ) ) ;
#2891 = EDGE_CURVE ( 'NONE', #3503, #289, #4267, .T. ) ;
#2892 = VERTEX_POINT ( 'NONE', #2195 ) ;
#2893 =( NAMED_UNIT ( * ) SI_UNIT ( $, .STERADIAN. ) SOLID_ANGLE_UNIT ( ) );
#2894 = ORIENTED_EDGE ( 'NONE', *, *, #2030, .F. ) ;
#2895 = DIRECTION ( 'NONE',  ( -0.000000000000000000, -0.000000000000000000, -1.000000000000000000 ) ) ;
#2896 = LINE ( 'NONE', #2116, #1403 ) ;
#2897 = EDGE_LOOP ( 'NONE', ( #2845, #2530, #4605, #4176, #1844, #1793, #5002, #2634, #4494, #3408 ) ) ;
#2898 = EDGE_LOOP ( 'NONE', ( #2505, #5079 ) ) ;
#2899 = EDGE_CURVE ( 'NONE', #97, #4019, #1345, .T. ) ;
#2900 = ORIENTED_EDGE ( 'NONE', *, *, #1949, .F. ) ;
#2901 = LINE ( 'NONE', #874, #4245 ) ;
#2902 = LINE ( 'NONE', #3720, #3362 ) ;
#2903 = DIRECTION ( 'NONE',  ( 0.000000000000000000, 0.000000000000000000, 1.000000000000000000 ) ) ;
#2904 = ORIENTED_EDGE ( 'NONE', *, *, #3536, .F. ) ;
#2905 = VECTOR ( 'NONE', #2608, 1000.000000000000000 ) ;
#2906 = ORIENTED_EDGE ( 'NONE', *, *, #3832, .F. ) ;
#2907 = CARTESIAN_POINT ( 'NONE',  ( 2.999999999999995115, 48.00000000000002132, 0.000000000000000000 ) ) ;
#2908 = EDGE_CURVE ( 'NONE', #3564, #5245, #2656, .T. ) ;
#2909 = CYLINDRICAL_SURFACE ( 'NONE', #1905, 3.250000000000009770 ) ;
#2910 = VECTOR ( 'NONE', #2787, 1000.000000000000000 ) ;
#2911 = CARTESIAN_POINT ( 'NONE',  ( 17.14999999999999858, 80.02664611367346481, 0.000000000000000000 ) ) ;
#2912 = VECTOR ( 'NONE', #1744, 1000.000000000000000 ) ;
#2913 = VERTEX_POINT ( 'NONE', #648 ) ;
#2914 = PLANE ( 'NONE',  #406 ) ;
#2915 = EDGE_LOOP ( 'NONE', ( #2554, #5135, #3712, #4913 ) ) ;
#2916 = DIRECTION ( 'NONE',  ( -0.000000000000000000, -0.000000000000000000, -1.000000000000000000 ) ) ;
#2917 = VECTOR ( 'NONE', #1588, 1000.000000000000227 ) ;
#2918 = AXIS2_PLACEMENT_3D ( 'NONE', #2721, #2303, #1192 ) ;
#2919 = ORIENTED_EDGE ( 'NONE', *, *, #4153, .T. ) ;
#2920 = DIRECTION ( 'NONE',  ( -0.000000000000000000, -0.000000000000000000, -1.000000000000000000 ) ) ;
#2921 = EDGE_LOOP ( 'NONE', ( #3645, #4142, #2128, #3470 ) ) ;
#2922 = FACE_OUTER_BOUND ( 'NONE', #344, .T. ) ;
#2923 = VECTOR ( 'NONE', #3369, 1000.000000000000000 ) ;
#2924 = EDGE_CURVE ( 'NONE', #4181, #4539, #1790, .T. ) ;
#2925 = VECTOR ( 'NONE', #3400, 1000.000000000000000 ) ;
#2926 = ORIENTED_EDGE ( 'NONE', *, *, #5177, .T. ) ;
#2927 = CARTESIAN_POINT ( 'NONE',  ( 59.53699579597547853, -45.46300420402479148, -10.23150210201241173 ) ) ;
#2928 = DIRECTION ( 'NONE',  ( -1.000000000000000000, 0.000000000000000000, 0.000000000000000000 ) ) ;
#2929 = DIRECTION ( 'NONE',  ( 0.000000000000000000, -1.000000000000000000, 0.000000000000000000 ) ) ;
#2930 = EDGE_LOOP ( 'NONE', ( #2715, #4282, #651, #4501 ) ) ;
#2931 = DIRECTION ( 'NONE',  ( 1.000000000000000000, -0.000000000000000000, -0.000000000000000000 ) ) ;
#2932 = VECTOR ( 'NONE', #4659, 1000.000000000000114 ) ;
#2933 = PLANE ( 'NONE',  #2587 ) ;
#2934 = FACE_OUTER_BOUND ( 'NONE', #1381, .T. ) ;
#2935 = ORIENTED_EDGE ( 'NONE', *, *, #1792, .T. ) ;
#2936 = LINE ( 'NONE', #4089, #4828 ) ;
#2937 = VECTOR ( 'NONE', #506, 1000.000000000000000 ) ;
#2938 = VECTOR ( 'NONE', #297, 1000.000000000000000 ) ;
#2939 = DIRECTION ( 'NONE',  ( 0.7071067811865475727, -0.7071067811865475727, 0.000000000000000000 ) ) ;
#2940 = CARTESIAN_POINT ( 'NONE',  ( 47.99999999999998579, 60.89999999999986358, -169.8835189181103544 ) ) ;
#2941 = ADVANCED_FACE ( 'NONE', ( #3788 ), #3416, .F. ) ;
#2942 = CARTESIAN_POINT ( 'NONE',  ( 14.50000000000001954, 90.65803263805835854, 1.000000000000000000 ) ) ;
#2943 = VECTOR ( 'NONE', #532, 1000.000000000000000 ) ;
#2944 = DIRECTION ( 'NONE',  ( 0.000000000000000000, -1.000000000000000000, 0.000000000000000000 ) ) ;
#2945 = ORIENTED_EDGE ( 'NONE', *, *, #3031, .T. ) ;
#2946 = LINE ( 'NONE', #4589, #1040 ) ;
#2947 = ORIENTED_EDGE ( 'NONE', *, *, #4221, .F. ) ;
#2948 = CARTESIAN_POINT ( 'NONE',  ( 14.50000000000000178, 87.50333209967911330, 1.000000000000000000 ) ) ;
#2949 = LINE ( 'NONE', #4594, #4286 ) ;
#2950 = CARTESIAN_POINT ( 'NONE',  ( 16.00000000000007461, -75.00000000000001421, -8.000000000000062172 ) ) ;
#2951 = FACE_OUTER_BOUND ( 'NONE', #1450, .T. ) ;
#2952 = VERTEX_POINT ( 'NONE', #4639 ) ;
#2953 = VECTOR ( 'NONE', #1087, 1000.000000000000000 ) ;
#2954 = CARTESIAN_POINT ( 'NONE',  ( 15.25000000000000533, 83.00000000000002842, 6.000000000000000000 ) ) ;
#2955 = EDGE_CURVE ( 'NONE', #4246, #3452, #998, .T. ) ;
#2956 = LINE ( 'NONE', #1239, #1398 ) ;
#2957 = VECTOR ( 'NONE', #955, 1000.000000000000000 ) ;
#2958 = ORIENTED_EDGE ( 'NONE', *, *, #3115, .T. ) ;
#2959 = CARTESIAN_POINT ( 'NONE',  ( 88.36666666666666003, -83.13333333333335418, 6.266666666666674601 ) ) ;
#2960 = EDGE_CURVE ( 'NONE', #3120, #1995, #3992, .T. ) ;
#2961 = DIRECTION ( 'NONE',  ( -0.000000000000000000, -0.000000000000000000, -1.000000000000000000 ) ) ;
#2962 = ORIENTED_EDGE ( 'NONE', *, *, #2395, .F. ) ;
#2963 = DIRECTION ( 'NONE',  ( 0.000000000000000000, 0.000000000000000000, -1.000000000000000000 ) ) ;
#2964 = EDGE_LOOP ( 'NONE', ( #1279, #5127 ) ) ;
#2965 = VERTEX_POINT ( 'NONE', #277 ) ;
#2966 = CARTESIAN_POINT ( 'NONE',  ( 21.85000000000000497, 72.02664611367329428, 3.000000000000000000 ) ) ;
#2967 = DIRECTION ( 'NONE',  ( -0.000000000000000000, -0.000000000000000000, -1.000000000000000000 ) ) ;
#2968 = DIRECTION ( 'NONE',  ( -0.000000000000000000, 0.000000000000000000, -1.000000000000000000 ) ) ;
#2969 = LINE ( 'NONE', #4610, #3630 ) ;
#2970 = LINE ( 'NONE', #566, #490 ) ;
#2971 = EDGE_CURVE ( 'NONE', #169, #4389, #1497, .T. ) ;
#2972 = EDGE_LOOP ( 'NONE', ( #4977, #3282, #2117, #1414 ) ) ;
#2973 = CARTESIAN_POINT ( 'NONE',  ( 28.50000000000003553, 66.08068236886873592, 0.000000000000000000 ) ) ;
#2974 = DIRECTION ( 'NONE',  ( 1.000000000000000000, 2.220446049250311848E-16, 0.000000000000000000 ) ) ;
#2975 = VECTOR ( 'NONE', #1322, 1000.000000000000000 ) ;
#2976 = ADVANCED_FACE ( 'NONE', ( #3970 ), #3574, .F. ) ;
#2977 = EDGE_LOOP ( 'NONE', ( #918, #343, #334, #2105 ) ) ;
#2978 = DIRECTION ( 'NONE',  ( 0.000000000000000000, -1.000000000000000000, 0.000000000000000000 ) ) ;
#2979 = DIRECTION ( 'NONE',  ( -0.000000000000000000, -1.000000000000000000, -0.000000000000000000 ) ) ;
#2980 = ORIENTED_EDGE ( 'NONE', *, *, #3248, .T. ) ;
#2981 = CARTESIAN_POINT ( 'NONE',  ( 7.849999999999997868, 32.02664611367345771, 3.000000000000000000 ) ) ;
#2982 = CARTESIAN_POINT ( 'NONE',  ( 0.000000000000000000, -80.00000000000001421, -24.40000000000004121 ) ) ;
#2983 = CARTESIAN_POINT ( 'NONE',  ( 71.40000000000000568, 73.74999999999984368, 0.000000000000000000 ) ) ;
#2984 = ORIENTED_EDGE ( 'NONE', *, *, #854, .F. ) ;
#2985 = PLANE ( 'NONE',  #995 ) ;
#2986 = CARTESIAN_POINT ( 'NONE',  ( 12.50000000000001776, 88.65803263805835854, 1.000000000000000000 ) ) ;
#2987 = AXIS2_PLACEMENT_3D ( 'NONE', #1932, #4771, #310 ) ;
#2988 = LINE ( 'NONE', #2601, #4050 ) ;
#2989 = ADVANCED_FACE ( 'NONE', ( #330 ), #3919, .F. ) ;
#2990 = CARTESIAN_POINT ( 'NONE',  ( 6.849999999999994316, 80.02664611367346481, 3.000000000000000000 ) ) ;
#2991 = CIRCLE ( 'NONE', #4020, 3.250000000000009770 ) ;
#2992 = VECTOR ( 'NONE', #2278, 1000.000000000000000 ) ;
#2993 = FACE_OUTER_BOUND ( 'NONE', #3281, .T. ) ;
#2994 = CIRCLE ( 'NONE', #1397, 5.000000000000000888 ) ;
#2995 = ORIENTED_EDGE ( 'NONE', *, *, #1053, .T. ) ;
#2996 = CARTESIAN_POINT ( 'NONE',  ( 0.000000000000000000, 0.000000000000000000, 3.000000000000000000 ) ) ;
#2997 = AXIS2_PLACEMENT_3D ( 'NONE', #3496, #3110, #1105 ) ;
#2998 = VERTEX_POINT ( 'NONE', #3076 ) ;
#2999 = CARTESIAN_POINT ( 'NONE',  ( 12.00000000000000355, 88.94670777265318407, 3.000000000000000000 ) ) ;
#3000 = ORIENTED_EDGE ( 'NONE', *, *, #5037, .F. ) ;
#3001 = AXIS2_PLACEMENT_3D ( 'NONE', #1147, #3183, #2823 ) ;
#3002 = VECTOR ( 'NONE', #3746, 1000.000000000000000 ) ;
#3003 = CARTESIAN_POINT ( 'NONE',  ( -2.999999999999999556, 119.2132034355963555, 6.000000000000000000 ) ) ;
#3004 = LINE ( 'NONE', #4620, #2496 ) ;
#3005 = EDGE_CURVE ( 'NONE', #2852, #1172, #1544, .T. ) ;
#3006 = VERTEX_POINT ( 'NONE', #1076 ) ;
#3007 = AXIS2_PLACEMENT_3D ( 'NONE', #4086, #1639, #4546 ) ;
#3008 = CARTESIAN_POINT ( 'NONE',  ( 13.50000000000001954, 90.65803263805835854, 1.000000000000000000 ) ) ;
#3009 = LINE ( 'NONE', #604, #2421 ) ;
#3010 = DIRECTION ( 'NONE',  ( -0.8660254037844382635, -0.5000000000000006661, 0.000000000000000000 ) ) ;
#3011 = ORIENTED_EDGE ( 'NONE', *, *, #3228, .F. ) ;
#3012 = APPLICATION_CONTEXT ( 'automotive_design' ) ;
#3013 = ORIENTED_EDGE ( 'NONE', *, *, #2960, .T. ) ;
#3014 = ORIENTED_EDGE ( 'NONE', *, *, #3194, .F. ) ;
#3015 = AXIS2_PLACEMENT_3D ( 'NONE', #4259, #3430, #5058 ) ;
#3016 = DIRECTION ( 'NONE',  ( 0.8660254037844384856, 0.5000000000000002220, 0.000000000000000000 ) ) ;
#3017 = DIRECTION ( 'NONE',  ( 0.000000000000000000, -1.000000000000000000, 0.000000000000000000 ) ) ;
#3018 = LINE ( 'NONE', #5012, #420 ) ;
#3019 = EDGE_CURVE ( 'NONE', #107, #2006, #3596, .T. ) ;
#3020 = VECTOR ( 'NONE', #4095, 1000.000000000000000 ) ;
#3021 = DIRECTION ( 'NONE',  ( -0.5000000000000005551, -0.8660254037844383745, 0.000000000000000000 ) ) ;
#3022 = CARTESIAN_POINT ( 'NONE',  ( -6.830838508926212249, 121.0000000000000426, 6.000000000000000000 ) ) ;
#3023 = VECTOR ( 'NONE', #1698, 1000.000000000000000 ) ;
#3024 = EDGE_LOOP ( 'NONE', ( #4945, #941, #1987, #1405, #3167, #927 ) ) ;
#3025 = EDGE_CURVE ( 'NONE', #2965, #621, #1951, .T. ) ;
#3026 = CARTESIAN_POINT ( 'NONE',  ( 21.85000000000000497, 72.02664611367329428, 0.000000000000000000 ) ) ;
#3027 = VERTEX_POINT ( 'NONE', #2295 ) ;
#3028 = CARTESIAN_POINT ( 'NONE',  ( 10.50000000000001066, 88.08068236886873592, 1.000000000000000000 ) ) ;
#3029 = FACE_OUTER_BOUND ( 'NONE', #4161, .T. ) ;
#3030 = ORIENTED_EDGE ( 'NONE', *, *, #1425, .T. ) ;
#3031 = EDGE_CURVE ( 'NONE', #3983, #1145, #2712, .T. ) ;
#3032 = EDGE_LOOP ( 'NONE', ( #2799, #3125, #5072, #1664, #1144 ) ) ;
#3033 = DIRECTION ( 'NONE',  ( 1.233581138472396704E-15, 1.000000000000000000, 0.000000000000000000 ) ) ;
#3034 = DIRECTION ( 'NONE',  ( 0.000000000000000000, -0.000000000000000000, 1.000000000000000000 ) ) ;
#3035 = ORIENTED_EDGE ( 'NONE', *, *, #2395, .T. ) ;
#3036 = ADVANCED_FACE ( 'NONE', ( #4825 ), #3519, .T. ) ;
#3037 = LINE ( 'NONE', #5050, #1191 ) ;
#3038 = FACE_OUTER_BOUND ( 'NONE', #861, .T. ) ;
#3039 = VECTOR ( 'NONE', #4940, 1000.000000000000114 ) ;
#3040 = CARTESIAN_POINT ( 'NONE',  ( -2.999999999999999556, 119.2132034355963555, 0.000000000000000000 ) ) ;
#3041 = VERTEX_POINT ( 'NONE', #2343 ) ;
#3042 = EDGE_LOOP ( 'NONE', ( #811, #3241, #1687, #3851 ) ) ;
#3043 = ORIENTED_EDGE ( 'NONE', *, *, #4921, .T. ) ;
#3044 = PLANE ( 'NONE',  #3015 ) ;
#3045 = CARTESIAN_POINT ( 'NONE',  ( -15.49999999999998757, -80.00000000000001421, 2.999999999999993783 ) ) ;
#3046 = DIRECTION ( 'NONE',  ( 0.000000000000000000, 0.000000000000000000, -1.000000000000000000 ) ) ;
#3047 = CARTESIAN_POINT ( 'NONE',  ( -12.99999999999999112, 107.0532922273468870, 3.000000000000000000 ) ) ;
#3048 = EDGE_CURVE ( 'NONE', #1943, #2702, #2318, .T. ) ;
#3049 = CARTESIAN_POINT ( 'NONE',  ( -22.49999999999998934, -79.40000000000001990, -3.999999999999928946 ) ) ;
#3050 = FACE_OUTER_BOUND ( 'NONE', #719, .T. ) ;
#3051 = CARTESIAN_POINT ( 'NONE',  ( -12.49999999999997513, 118.6580326380583585, 0.000000000000000000 ) ) ;
#3052 = ORIENTED_EDGE ( 'NONE', *, *, #3633, .F. ) ;
#3053 = LINE ( 'NONE', #3971, #2513 ) ;
#3054 = VERTEX_POINT ( 'NONE', #3160 ) ;
#3055 = EDGE_CURVE ( 'NONE', #1655, #863, #3894, .T. ) ;
#3056 = EDGE_CURVE ( 'NONE', #3503, #516, #255, .T. ) ;
#3057 = CARTESIAN_POINT ( 'NONE',  ( 92.09999999999999432, 84.99999999999985789, 0.000000000000000000 ) ) ;
#3058 = DIRECTION ( 'NONE',  ( 0.000000000000000000, 0.000000000000000000, -1.000000000000000000 ) ) ;
#3059 = ADVANCED_FACE ( 'NONE', ( #1873 ), #5121, .F. ) ;
#3060 = ORIENTED_EDGE ( 'NONE', *, *, #556, .T. ) ;
#3061 = DIRECTION ( 'NONE',  ( -0.000000000000000000, -0.000000000000000000, -1.000000000000000000 ) ) ;
#3062 = CARTESIAN_POINT ( 'NONE',  ( 2.999999999999995115, 48.00000000000002132, 6.000000000000000000 ) ) ;
#3063 = LINE ( 'NONE', #630, #1569 ) ;
#3064 = ADVANCED_FACE ( 'NONE', ( #675 ), #5179, .T. ) ;
#3065 = ORIENTED_EDGE ( 'NONE', *, *, #3135, .T. ) ;
#3066 = VERTEX_POINT ( 'NONE', #1127 ) ;
#3067 = ORIENTED_EDGE ( 'NONE', *, *, #1704, .F. ) ;
#3068 = DIRECTION ( 'NONE',  ( 0.000000000000000000, -1.000000000000000000, 0.000000000000000000 ) ) ;
#3069 = DIRECTION ( 'NONE',  ( 1.000000000000000000, 0.000000000000000000, 0.000000000000000000 ) ) ;
#3070 = ORIENTED_EDGE ( 'NONE', *, *, #2130, .F. ) ;
#3071 = LINE ( 'NONE', #1102, #3278 ) ;
#3072 = ADVANCED_FACE ( 'NONE', ( #2734 ), #4374, .F. ) ;
#3073 = LINE ( 'NONE', #4323, #2689 ) ;
#3074 = DIRECTION ( 'NONE',  ( 0.8660254037844377084, -0.5000000000000017764, 0.000000000000000000 ) ) ;
#3075 = ORIENTED_EDGE ( 'NONE', *, *, #625, .T. ) ;
#3076 = CARTESIAN_POINT ( 'NONE',  ( -2.999999999999999556, 119.2132034355963555, 0.000000000000000000 ) ) ;
#3077 = VERTEX_POINT ( 'NONE', #3343 ) ;
#3078 = CARTESIAN_POINT ( 'NONE',  ( 71.40000000000000568, 83.99999999999981526, -169.8835189181103544 ) ) ;
#3079 = ORIENTED_EDGE ( 'NONE', *, *, #3140, .F. ) ;
#3080 = VECTOR ( 'NONE', #1739, 999.9999999999998863 ) ;
#3081 = ORIENTED_EDGE ( 'NONE', *, *, #4607, .F. ) ;
#3082 = VECTOR ( 'NONE', #4831, 1000.000000000000000 ) ;
#3083 = ORIENTED_EDGE ( 'NONE', *, *, #948, .T. ) ;
#3084 = CARTESIAN_POINT ( 'NONE',  ( -7.849999999999996092, 115.9733538863265920, 0.000000000000000000 ) ) ;
#3085 = DIRECTION ( 'NONE',  ( 0.7071067811865489050, 0.000000000000000000, 0.7071067811865461294 ) ) ;
#3086 = AXIS2_PLACEMENT_3D ( 'NONE', #12, #4042, #2391 ) ;
#3087 = EDGE_CURVE ( 'NONE', #2165, #3428, #5053, .T. ) ;
#3088 = VECTOR ( 'NONE', #2796, 1000.000000000000000 ) ;
#3089 = ORIENTED_EDGE ( 'NONE', *, *, #3763, .T. ) ;
#3090 = CARTESIAN_POINT ( 'NONE',  ( -15.49999999999998757, -68.63603896932107773, 0.7499999999999933387 ) ) ;
#3091 = FACE_OUTER_BOUND ( 'NONE', #5250, .T. ) ;
#3092 = DIRECTION ( 'NONE',  ( -1.000000000000000000, 0.000000000000000000, 0.000000000000000000 ) ) ;
#3093 = CARTESIAN_POINT ( 'NONE',  ( 27.00000000000000355, 74.99999999999984368, 6.000000000000000000 ) ) ;
#3094 = EDGE_CURVE ( 'NONE', #3560, #2345, #2744, .T. ) ;
#3095 = ORIENTED_EDGE ( 'NONE', *, *, #5185, .T. ) ;
#3096 = DIRECTION ( 'NONE',  ( -1.000000000000000000, 0.000000000000000000, 0.000000000000000000 ) ) ;
#3097 = VECTOR ( 'NONE', #3636, 1000.000000000000000 ) ;
#3098 = ORIENTED_EDGE ( 'NONE', *, *, #2610, .T. ) ;
#3099 = EDGE_LOOP ( 'NONE', ( #4131, #2701, #2904, #90 ) ) ;
#3100 = LINE ( 'NONE', #5032, #2187 ) ;
#3101 = LINE ( 'NONE', #1862, #980 ) ;
#3102 = VECTOR ( 'NONE', #2978, 1000.000000000000000 ) ;
#3103 = CARTESIAN_POINT ( 'NONE',  ( 85.09999999999998010, -68.63603896932107773, 5.249999999999992006 ) ) ;
#3104 = DIRECTION ( 'NONE',  ( 0.000000000000000000, 0.000000000000000000, -1.000000000000000000 ) ) ;
#3105 = VECTOR ( 'NONE', #1976, 1000.000000000000000 ) ;
#3106 = CARTESIAN_POINT ( 'NONE',  ( 24.50000000000002487, 65.50333209967911330, 1.000000000000000000 ) ) ;
#3107 = EDGE_CURVE ( 'NONE', #2688, #3564, #2478, .T. ) ;
#3108 = LINE ( 'NONE', #1770, #2821 ) ;
#3109 = AXIS2_PLACEMENT_3D ( 'NONE', #3859, #1891, #3104 ) ;
#3110 = DIRECTION ( 'NONE',  ( 1.000000000000000000, 0.000000000000000000, 0.000000000000000000 ) ) ;
#3111 = PLANE ( 'NONE',  #916 ) ;
#3112 = EDGE_LOOP ( 'NONE', ( #1717, #4189, #128, #4365 ) ) ;
#3113 = VECTOR ( 'NONE', #1440, 1000.000000000000000 ) ;
#3114 = CIRCLE ( 'NONE', #4824, 5.000000000000000888 ) ;
#3115 = EDGE_CURVE ( 'NONE', #4439, #3041, #4149, .T. ) ;
#3116 = ORIENTED_EDGE ( 'NONE', *, *, #2379, .F. ) ;
#3117 = LINE ( 'NONE', #1956, #5145 ) ;
#3118 = ORIENTED_EDGE ( 'NONE', *, *, #298, .T. ) ;
#3119 = DIRECTION ( 'NONE',  ( 0.000000000000000000, 1.000000000000000000, 0.000000000000000000 ) ) ;
#3120 = VERTEX_POINT ( 'NONE', #2540 ) ;
#3121 = FACE_OUTER_BOUND ( 'NONE', #3178, .T. ) ;
#3122 = CARTESIAN_POINT ( 'NONE',  ( 32.15000000000001279, 63.97335388632660624, 3.000000000000000000 ) ) ;
#3123 = PLANE ( 'NONE',  #4296 ) ;
#3124 = ORIENTED_EDGE ( 'NONE', *, *, #5144, .F. ) ;
#3125 = ORIENTED_EDGE ( 'NONE', *, *, #3414, .T. ) ;
#3126 = ADVANCED_FACE ( 'NONE', ( #2934 ), #2002, .F. ) ;
#3127 = CARTESIAN_POINT ( 'NONE',  ( 11.50000000000001776, 90.65803263805835854, 1.000000000000000000 ) ) ;
#3128 = CARTESIAN_POINT ( 'NONE',  ( -17.50000000000000355, 121.0000000000000426, 0.000000000000000000 ) ) ;
#3129 = DIRECTION ( 'NONE',  ( 0.8660254037844380415, 0.5000000000000009992, 0.000000000000000000 ) ) ;
#3130 = DIRECTION ( 'NONE',  ( 0.000000000000000000, 1.000000000000000000, 0.000000000000000000 ) ) ;
#3131 = ORIENTED_EDGE ( 'NONE', *, *, #4488, .T. ) ;
#3132 = CLOSED_SHELL ( 'NONE', ( #229, #2157, #1206, #3339, #1840, #1375, #4090, #4621, #3072, #977, #3404, #2166, #4083, #3593, #533, #4406, #2201, #2576, #4789, #1627, #3602, #3494, #3423, #315, #4566, #4018, #3290, #4954, #346, #601, #503, #1642, #3134, #431, #3736, #3756, #2859, #1758, #4306, #1230, #3726, #168, #4867, #4992, #2444, #2344, #3217, #1366, #1353, #1162, #597, #1774, #764, #2221, #1096, #4804, #520, #965, #4814, #4420, #1451, #3308, #1895, #1786, #4241, #1327, #2087, #4907, #1712, #3566, #3429, #5264, #3853, #1998, #4515, #3059, #3268, #4459, #4009, #5165, #893, #4256, #5090, #4264, #444, #1872, #3792, #5011, #1741, #357, #3977, #1584, #1958, #3524, #400, #4091, #4635, #879, #2269, #2817, #3656, #2525, #2976, #3286, #2353, #4077, #1736, #4757, #4192, #3, #4351, #5227, #4846, #4861, #2726, #3883, #4159, #1527, #387, #1250, #1220, #1295, #185, #3273, #2829, #3293, #806, #1312, #1044, #3394, #3649, #1811, #2464, #331, #3598, #2866, #1478, #52, #3036, #4583, #683, #3675, #1318, #4577, #2126, #3692, #2989, #1684, #4412, #5158, #324, #4590, #2635, #3126, #701, #281, #2941, #4645, #3064, #4146, #2797, #1434, #2037, #4006, #788 ) ) ;
#3133 = CARTESIAN_POINT ( 'NONE',  ( 29.50000000000003553, 65.50333209967911330, 1.000000000000000000 ) ) ;
#3134 = ADVANCED_FACE ( 'NONE', ( #3379 ), #5006, .F. ) ;
#3135 = EDGE_CURVE ( 'NONE', #4019, #109, #3214, .T. ) ;
#3136 = LINE ( 'NONE', #4350, #3777 ) ;
#3137 = DIRECTION ( 'NONE',  ( 0.000000000000000000, 0.000000000000000000, 1.000000000000000000 ) ) ;
#3138 = ORIENTED_EDGE ( 'NONE', *, *, #1474, .F. ) ;
#3139 = CARTESIAN_POINT ( 'NONE',  ( 92.09999999999999432, 84.99999999999985789, 6.000000000000000000 ) ) ;
#3140 = EDGE_CURVE ( 'NONE', #4505, #5181, #507, .T. ) ;
#3141 = ORIENTED_EDGE ( 'NONE', *, *, #2123, .F. ) ;
#3142 = ORIENTED_EDGE ( 'NONE', *, *, #1982, .T. ) ;
#3143 = CARTESIAN_POINT ( 'NONE',  ( 76.75000000000000000, 65.83494742486497842, 10.00000000000000000 ) ) ;
#3144 = DIRECTION ( 'NONE',  ( 1.000000000000000000, 0.000000000000000000, 0.000000000000000000 ) ) ;
#3145 = EDGE_CURVE ( 'NONE', #291, #3242, #3804, .T. ) ;
#3146 = FACE_BOUND ( 'NONE', #4045, .T. ) ;
#3147 = CARTESIAN_POINT ( 'NONE',  ( 25.50000000000002487, 68.65803263805835854, 1.000000000000000000 ) ) ;
#3148 = CARTESIAN_POINT ( 'NONE',  ( -11.49999999999997513, 118.0806823688687217, 1.000000000000000000 ) ) ;
#3149 = VERTEX_POINT ( 'NONE', #5029 ) ;
#3150 = ORIENTED_EDGE ( 'NONE', *, *, #5063, .F. ) ;
#3151 = FACE_OUTER_BOUND ( 'NONE', #820, .T. ) ;
#3152 = PLANE ( 'NONE',  #1154 ) ;
#3153 = CARTESIAN_POINT ( 'NONE',  ( 8.749999999999998224, 83.00000000000002842, 3.000000000000000000 ) ) ;
#3154 = EDGE_LOOP ( 'NONE', ( #2183, #266, #4701, #2151, #2079, #354, #4622 ) ) ;
#3155 = CARTESIAN_POINT ( 'NONE',  ( -22.49999999999998934, -80.00000000000001421, 10.00000000000000000 ) ) ;
#3156 = EDGE_CURVE ( 'NONE', #2888, #3768, #3722, .T. ) ;
#3157 = LINE ( 'NONE', #3594, #4688 ) ;
#3158 = CARTESIAN_POINT ( 'NONE',  ( 6.849999999999994316, 85.97335388632657782, 0.000000000000000000 ) ) ;
#3159 = EDGE_CURVE ( 'NONE', #2006, #524, #87, .T. ) ;
#3160 = CARTESIAN_POINT ( 'NONE',  ( 81.75000000000000000, 65.70872994711236004, 6.000000000000000000 ) ) ;
#3161 = LINE ( 'NONE', #1159, #2602 ) ;
#3162 = ORIENTED_EDGE ( 'NONE', *, *, #2424, .T. ) ;
#3163 = ORIENTED_EDGE ( 'NONE', *, *, #4833, .T. ) ;
#3164 = LINE ( 'NONE', #3558, #5246 ) ;
#3165 = CIRCLE ( 'NONE', #1480, 13.71805379782421674 ) ;
#3166 = CARTESIAN_POINT ( 'NONE',  ( 12.00000000000000355, 88.94670777265318407, 3.000000000000000000 ) ) ;
#3167 = ORIENTED_EDGE ( 'NONE', *, *, #5057, .T. ) ;
#3168 = VECTOR ( 'NONE', #4529, 1000.000000000000114 ) ;
#3169 = CARTESIAN_POINT ( 'NONE',  ( -2.999999999999999556, 119.2132034355963555, 0.000000000000000000 ) ) ;
#3170 = CIRCLE ( 'NONE', #3862, 3.250000000000009770 ) ;
#3171 = FACE_BOUND ( 'NONE', #2360, .T. ) ;
#3172 = EDGE_CURVE ( 'NONE', #3354, #967, #1724, .T. ) ;
#3173 = CYLINDRICAL_SURFACE ( 'NONE', #638, 3.250000000000001332 ) ;
#3174 = ORIENTED_EDGE ( 'NONE', *, *, #2570, .T. ) ;
#3175 = VECTOR ( 'NONE', #4003, 1000.000000000000000 ) ;
#3176 = VERTEX_POINT ( 'NONE', #2983 ) ;
#3177 = AXIS2_PLACEMENT_3D ( 'NONE', #1090, #3607, #1509 ) ;
#3178 = EDGE_LOOP ( 'NONE', ( #760, #1859, #3441, #4353, #3747, #2047, #244, #4891, #2091, #2872, #2055, #1675, #2202, #4733, #1621, #665, #4853, #2765, #3174, #3095, #4356 ) ) ;
#3179 = VECTOR ( 'NONE', #2625, 1000.000000000000000 ) ;
#3180 = EDGE_LOOP ( 'NONE', ( #2382, #3666, #2361, #3253 ) ) ;
#3181 = LINE ( 'NONE', #2311, #1084 ) ;
#3182 = AXIS2_PLACEMENT_3D ( 'NONE', #2473, #4107, #465 ) ;
#3183 = DIRECTION ( 'NONE',  ( -0.4999999999999998335, -0.8660254037844388186, 0.000000000000000000 ) ) ;
#3184 = DIRECTION ( 'NONE',  ( 0.000000000000000000, 0.000000000000000000, 1.000000000000000000 ) ) ;
#3185 = AXIS2_PLACEMENT_3D ( 'NONE', #714, #392, #3227 ) ;
#3186 = CARTESIAN_POINT ( 'NONE',  ( 9.500000000000010658, 90.65803263805835854, 0.000000000000000000 ) ) ;
#3187 = AXIS2_PLACEMENT_3D ( 'NONE', #3682, #845, #129 ) ;
#3188 = CARTESIAN_POINT ( 'NONE',  ( 38.00000000000001421, -67.00000000000002842, 0.000000000000000000 ) ) ;
#3189 = EDGE_CURVE ( 'NONE', #4644, #4171, #3621, .T. ) ;
#3190 = DIRECTION ( 'NONE',  ( -8.577124726708580637E-17, 1.000000000000000000, 0.000000000000000000 ) ) ;
#3191 = CARTESIAN_POINT ( 'NONE',  ( 87.09999999999999432, 73.74999999999985789, 6.000000000000000000 ) ) ;
#3192 = EDGE_LOOP ( 'NONE', ( #716, #4335, #4990, #4964 ) ) ;
#3193 = VECTOR ( 'NONE', #988, 999.9999999999998863 ) ;
#3194 = EDGE_CURVE ( 'NONE', #1145, #318, #4626, .T. ) ;
#3195 = ORIENTED_EDGE ( 'NONE', *, *, #1633, .F. ) ;
#3196 = CARTESIAN_POINT ( 'NONE',  ( 26.49999999999999645, 80.65803263805818801, 1.000000000000000000 ) ) ;
#3197 = CARTESIAN_POINT ( 'NONE',  ( 6.849999999999994316, 80.02664611367346481, 3.000000000000000000 ) ) ;
#3198 = VECTOR ( 'NONE', #248, 1000.000000000000000 ) ;
#3199 = CIRCLE ( 'NONE', #4999, 7.849999999999996092 ) ;
#3200 = ORIENTED_EDGE ( 'NONE', *, *, #1036, .T. ) ;
#3201 = EDGE_CURVE ( 'NONE', #4064, #4181, #1601, .T. ) ;
#3202 = PLANE ( 'NONE',  #2918 ) ;
#3203 = CARTESIAN_POINT ( 'NONE',  ( -18.14999999999998082, 65.02664611367345060, 3.000000000000000000 ) ) ;
#3204 = DIRECTION ( 'NONE',  ( -1.000000000000000000, 0.000000000000000000, 0.000000000000000000 ) ) ;
#3205 = ORIENTED_EDGE ( 'NONE', *, *, #2234, .T. ) ;
#3206 = EDGE_CURVE ( 'NONE', #3475, #3826, #1299, .T. ) ;
#3207 = ORIENTED_EDGE ( 'NONE', *, *, #4968, .F. ) ;
#3208 = CARTESIAN_POINT ( 'NONE',  ( 0.000000000000000000, 0.000000000000000000, 1.000000000000000000 ) ) ;
#3209 = PLANE ( 'NONE',  #3001 ) ;
#3210 = EDGE_LOOP ( 'NONE', ( #1914, #67 ) ) ;
#3211 = DIRECTION ( 'NONE',  ( -1.000000000000000000, 0.000000000000000000, 0.000000000000000000 ) ) ;
#3212 = ORIENTED_EDGE ( 'NONE', *, *, #3520, .F. ) ;
#3213 = FACE_OUTER_BOUND ( 'NONE', #3490, .T. ) ;
#3214 = LINE ( 'NONE', #559, #4380 ) ;
#3215 = VERTEX_POINT ( 'NONE', #935 ) ;
#3216 = CARTESIAN_POINT ( 'NONE',  ( 70.39999999999997726, 84.99999999999984368, 0.000000000000000000 ) ) ;
#3217 = ADVANCED_FACE ( 'NONE', ( #909 ), #3772, .F. ) ;
#3218 = ORIENTED_EDGE ( 'NONE', *, *, #1088, .F. ) ;
#3219 = EDGE_CURVE ( 'NONE', #2270, #3503, #2227, .T. ) ;
#3220 = VECTOR ( 'NONE', #2841, 1000.000000000000114 ) ;
#3221 = VERTEX_POINT ( 'NONE', #4677 ) ;
#3222 = CARTESIAN_POINT ( 'NONE',  ( 29.50000000000003553, 65.50333209967911330, 1.000000000000000000 ) ) ;
#3223 = CARTESIAN_POINT ( 'NONE',  ( 24.50000000000002487, 68.65803263805835854, 1.000000000000000000 ) ) ;
#3224 = VERTEX_POINT ( 'NONE', #1093 ) ;
#3225 = EDGE_CURVE ( 'NONE', #2913, #4777, #1012, .T. ) ;
#3226 = CARTESIAN_POINT ( 'NONE',  ( 27.00000000000001066, 69.05329222734671646, 3.000000000000000000 ) ) ;
#3227 = DIRECTION ( 'NONE',  ( -1.000000000000000000, 0.000000000000000000, 0.000000000000000000 ) ) ;
#3228 = EDGE_CURVE ( 'NONE', #169, #2433, #3063, .T. ) ;
#3229 = DIRECTION ( 'NONE',  ( -1.000000000000000000, 0.000000000000000000, -0.000000000000000000 ) ) ;
#3230 = VERTEX_POINT ( 'NONE', #3850 ) ;
#3231 = ORIENTED_EDGE ( 'NONE', *, *, #4244, .F. ) ;
#3232 = DIRECTION ( 'NONE',  ( -0.000000000000000000, -0.000000000000000000, -1.000000000000000000 ) ) ;
#3233 = CARTESIAN_POINT ( 'NONE',  ( 27.50000000000003553, 66.65803263805835854, 1.000000000000000000 ) ) ;
#3234 = EDGE_LOOP ( 'NONE', ( #2438, #1320, #3828, #709, #2995, #3407, #2063, #1590, #4868, #463 ) ) ;
#3235 = EDGE_LOOP ( 'NONE', ( #748, #1243, #924, #3415, #4918, #3052, #3000, #1281, #1209, #3344, #4369, #4874, #50, #285, #3885, #2376, #770 ) ) ;
#3236 = DIRECTION ( 'NONE',  ( 0.000000000000000000, 0.000000000000000000, -1.000000000000000000 ) ) ;
#3237 = CARTESIAN_POINT ( 'NONE',  ( 8.000000000000008882, -67.00000000000002842, 0.000000000000000000 ) ) ;
#3238 = EDGE_LOOP ( 'NONE', ( #693, #5259, #2749, #2181 ) ) ;
#3239 = EDGE_CURVE ( 'NONE', #276, #3452, #3906, .T. ) ;
#3240 = DIRECTION ( 'NONE',  ( -0.8660254037844383745, -0.5000000000000004441, 0.000000000000000000 ) ) ;
#3241 = ORIENTED_EDGE ( 'NONE', *, *, #2955, .F. ) ;
#3242 = VERTEX_POINT ( 'NONE', #985 ) ;
#3243 = CARTESIAN_POINT ( 'NONE',  ( 27.49999999999999645, 82.65803263805820222, 0.000000000000000000 ) ) ;
#3244 = ORIENTED_EDGE ( 'NONE', *, *, #2370, .F. ) ;
#3245 = DIRECTION ( 'NONE',  ( -0.000000000000000000, -1.000000000000000000, -0.000000000000000000 ) ) ;
#3246 = DIRECTION ( 'NONE',  ( -0.8660254037844378194, -0.5000000000000015543, 0.000000000000000000 ) ) ;
#3247 = CARTESIAN_POINT ( 'NONE',  ( 26.99999999999999645, 80.94670777265299932, 1.000000000000000000 ) ) ;
#3248 = EDGE_CURVE ( 'NONE', #531, #4827, #1436, .T. ) ;
#3249 = DIRECTION ( 'NONE',  ( 0.000000000000000000, -0.000000000000000000, -1.000000000000000000 ) ) ;
#3250 = ORIENTED_EDGE ( 'NONE', *, *, #2107, .T. ) ;
#3251 = ORIENTED_EDGE ( 'NONE', *, *, #2771, .T. ) ;
#3252 = VECTOR ( 'NONE', #2499, 1000.000000000000000 ) ;
#3253 = ORIENTED_EDGE ( 'NONE', *, *, #436, .F. ) ;
#3254 = AXIS2_PLACEMENT_3D ( 'NONE', #1125, #3940, #3794 ) ;
#3255 = CARTESIAN_POINT ( 'NONE',  ( 12.00000000000000355, 88.94670777265318407, 3.000000000000000000 ) ) ;
#3256 = EDGE_CURVE ( 'NONE', #318, #4439, #265, .T. ) ;
#3257 = LINE ( 'NONE', #529, #4391 ) ;
#3258 = VECTOR ( 'NONE', #5068, 1000.000000000000000 ) ;
#3259 = VERTEX_POINT ( 'NONE', #5052 ) ;
#3260 = ORIENTED_EDGE ( 'NONE', *, *, #1416, .T. ) ;
#3261 = LINE ( 'NONE', #4895, #1005 ) ;
#3262 = VECTOR ( 'NONE', #3017, 1000.000000000000000 ) ;
#3263 = VECTOR ( 'NONE', #53, 1000.000000000000000 ) ;
#3264 = LINE ( 'NONE', #4923, #4023 ) ;
#3265 = DIRECTION ( 'NONE',  ( 1.000000000000000000, 0.000000000000000000, -0.000000000000000000 ) ) ;
#3266 = DIRECTION ( 'NONE',  ( -0.000000000000000000, 0.000000000000000000, -1.000000000000000000 ) ) ;
#3267 = ORIENTED_EDGE ( 'NONE', *, *, #860, .T. ) ;
#3268 = ADVANCED_FACE ( 'NONE', ( #3506 ), #1404, .F. ) ;
#3269 = VECTOR ( 'NONE', #1432, 1000.000000000000000 ) ;
#3270 = ORIENTED_EDGE ( 'NONE', *, *, #1806, .T. ) ;
#3271 = CARTESIAN_POINT ( 'NONE',  ( -22.50000000000000355, 63.00000000000004263, 0.000000000000000000 ) ) ;
#3272 = PLANE ( 'NONE',  #2326 ) ;
#3273 = ADVANCED_FACE ( 'NONE', ( #5164 ), #1858, .F. ) ;
#3274 = VECTOR ( 'NONE', #3511, 1000.000000000000000 ) ;
#3275 = FACE_OUTER_BOUND ( 'NONE', #4526, .T. ) ;
#3276 = ORIENTED_EDGE ( 'NONE', *, *, #4829, .T. ) ;
#3277 = DIRECTION ( 'NONE',  ( 1.000000000000000000, 0.000000000000000000, 0.000000000000000000 ) ) ;
#3278 = VECTOR ( 'NONE', #5142, 1000.000000000000000 ) ;
#3279 = DIRECTION ( 'NONE',  ( 0.000000000000000000, 0.000000000000000000, -1.000000000000000000 ) ) ;
#3280 = VERTEX_POINT ( 'NONE', #5134 ) ;
#3281 = EDGE_LOOP ( 'NONE', ( #1408, #4275, #4403, #214 ) ) ;
#3282 = ORIENTED_EDGE ( 'NONE', *, *, #2452, .F. ) ;
#3283 = VECTOR ( 'NONE', #173, 1000.000000000000000 ) ;
#3284 = CARTESIAN_POINT ( 'NONE',  ( 21.85000000000000853, 58.02664611367345060, 3.000000000000000000 ) ) ;
#3285 = DIRECTION ( 'NONE',  ( -1.000000000000000000, 0.000000000000000000, 0.000000000000000000 ) ) ;
#3286 = ADVANCED_FACE ( 'NONE', ( #1511 ), #4655, .F. ) ;
#3287 = VERTEX_POINT ( 'NONE', #4699 ) ;
#3288 = ORIENTED_EDGE ( 'NONE', *, *, #3633, .T. ) ;
#3289 = CARTESIAN_POINT ( 'NONE',  ( 24.49999999999999645, 79.50333209967894277, 0.000000000000000000 ) ) ;
#3290 = ADVANCED_FACE ( 'NONE', ( #2699 ), #689, .F. ) ;
#3291 = CARTESIAN_POINT ( 'NONE',  ( 12.00000000000000355, 88.94670777265318407, 1.000000000000000000 ) ) ;
#3292 = DIRECTION ( 'NONE',  ( -0.7071067811865470176, 0.7071067811865479058, 0.000000000000000000 ) ) ;
#3293 = ADVANCED_FACE ( 'NONE', ( #2250 ), #662, .F. ) ;
#3294 = PLANE ( 'NONE',  #5256 ) ;
#3295 = ORIENTED_EDGE ( 'NONE', *, *, #2766, .F. ) ;
#3296 = PLANE ( 'NONE',  #4906 ) ;
#3297 = ORIENTED_EDGE ( 'NONE', *, *, #4244, .T. ) ;
#3298 = DIRECTION ( 'NONE',  ( 0.000000000000000000, -1.000000000000000000, 0.000000000000000000 ) ) ;
#3299 = EDGE_CURVE ( 'NONE', #1313, #4150, #1153, .T. ) ;
#3300 = AXIS2_PLACEMENT_3D ( 'NONE', #3769, #2453, #135 ) ;
#3301 = LINE ( 'NONE', #2033, #1558 ) ;
#3302 = CARTESIAN_POINT ( 'NONE',  ( -18.14999999999998082, 65.02664611367345060, 0.000000000000000000 ) ) ;
#3303 = ORIENTED_EDGE ( 'NONE', *, *, #2414, .F. ) ;
#3304 = DIRECTION ( 'NONE',  ( -0.5000000000000005551, -0.8660254037844383745, 0.000000000000000000 ) ) ;
#3305 = VERTEX_POINT ( 'NONE', #4731 ) ;
#3306 = DIRECTION ( 'NONE',  ( 0.7071067811865474617, 0.7071067811865474617, -0.000000000000000000 ) ) ;
#3307 = CARTESIAN_POINT ( 'NONE',  ( 25.50000000000002487, 65.50333209967911330, 1.000000000000000000 ) ) ;
#3308 = ADVANCED_FACE ( 'NONE', ( #4255 ), #3123, .F. ) ;
#3309 = EDGE_LOOP ( 'NONE', ( #3921, #3538, #3427, #441 ) ) ;
#3310 = ORIENTED_EDGE ( 'NONE', *, *, #2210, .F. ) ;
#3311 = DIRECTION ( 'NONE',  ( -0.000000000000000000, -0.000000000000000000, -1.000000000000000000 ) ) ;
#3312 = PLANE ( 'NONE',  #3007 ) ;
#3313 = FACE_OUTER_BOUND ( 'NONE', #1557, .T. ) ;
#3314 = DIRECTION ( 'NONE',  ( -8.577124726708580637E-17, 1.000000000000000000, 0.000000000000000000 ) ) ;
#3315 = PLANE ( 'NONE',  #1286 ) ;
#3316 = ORIENTED_EDGE ( 'NONE', *, *, #3587, .T. ) ;
#3317 = ORIENTED_EDGE ( 'NONE', *, *, #2562, .F. ) ;
#3318 = LINE ( 'NONE', #2907, #3973 ) ;
#3319 = LINE ( 'NONE', #1306, #1502 ) ;
#3320 = CARTESIAN_POINT ( 'NONE',  ( 12.99999999999999467, 40.94670777265317696, 3.000000000000000000 ) ) ;
#3321 = EDGE_CURVE ( 'NONE', #2613, #4110, #2205, .T. ) ;
#3322 = CARTESIAN_POINT ( 'NONE',  ( -13.49999999999997513, 118.6580326380583585, 0.000000000000000000 ) ) ;
#3323 = ORIENTED_EDGE ( 'NONE', *, *, #26, .F. ) ;
#3324 = CARTESIAN_POINT ( 'NONE',  ( 11.99999999999999645, 77.05329222734688699, 3.000000000000000000 ) ) ;
#3325 = VECTOR ( 'NONE', #4463, 1000.000000000000000 ) ;
#3326 = EDGE_CURVE ( 'NONE', #4397, #1228, #3879, .T. ) ;
#3327 = ORIENTED_EDGE ( 'NONE', *, *, #538, .F. ) ;
#3328 = CARTESIAN_POINT ( 'NONE',  ( 92.09999999999999432, -75.00000000000001421, -4.000000000000010658 ) ) ;
#3329 = ORIENTED_EDGE ( 'NONE', *, *, #4211, .F. ) ;
#3330 = CARTESIAN_POINT ( 'NONE',  ( 35.00000000000000711, -34.99999999999976552, 6.000000000000000000 ) ) ;
#3331 =( NAMED_UNIT ( * ) PLANE_ANGLE_UNIT ( ) SI_UNIT ( $, .RADIAN. ) );
#3332 = ORIENTED_EDGE ( 'NONE', *, *, #2419, .F. ) ;
#3333 = CARTESIAN_POINT ( 'NONE',  ( 43.00000000000000000, -24.99999999999999645, 6.000000000000000000 ) ) ;
#3334 = CARTESIAN_POINT ( 'NONE',  ( 6.849999999999994316, 85.97335388632657782, 3.000000000000000000 ) ) ;
#3335 = ORIENTED_EDGE ( 'NONE', *, *, #1699, .F. ) ;
#3336 = ORIENTED_EDGE ( 'NONE', *, *, #512, .T. ) ;
#3337 = LINE ( 'NONE', #163, #358 ) ;
#3338 = ORIENTED_EDGE ( 'NONE', *, *, #3751, .F. ) ;
#3339 = ADVANCED_FACE ( 'NONE', ( #4030 ), #3173, .F. ) ;
#3340 = DIRECTION ( 'NONE',  ( -0.000000000000000000, -0.000000000000000000, -1.000000000000000000 ) ) ;
#3341 = DIRECTION ( 'NONE',  ( -0.000000000000000000, -0.000000000000000000, -1.000000000000000000 ) ) ;
#3342 = DIRECTION ( 'NONE',  ( 1.000000000000000000, 2.220446049250311848E-16, 0.000000000000000000 ) ) ;
#3343 = CARTESIAN_POINT ( 'NONE',  ( 29.50000000000003553, 68.65803263805835854, 1.000000000000000000 ) ) ;
#3344 = ORIENTED_EDGE ( 'NONE', *, *, #3005, .F. ) ;
#3345 = AXIS2_PLACEMENT_3D ( 'NONE', #4980, #4178, #3670 ) ;
#3346 = ORIENTED_EDGE ( 'NONE', *, *, #3358, .T. ) ;
#3347 = FACE_OUTER_BOUND ( 'NONE', #2029, .T. ) ;
#3348 = DIRECTION ( 'NONE',  ( 0.000000000000000000, 0.000000000000000000, -1.000000000000000000 ) ) ;
#3349 = DIRECTION ( 'NONE',  ( -1.000000000000000000, 0.000000000000000000, 0.000000000000000000 ) ) ;
#3350 = AXIS2_PLACEMENT_3D ( 'NONE', #138, #4604, #4016 ) ;
#3351 = FACE_OUTER_BOUND ( 'NONE', #711, .T. ) ;
#3352 = CARTESIAN_POINT ( 'NONE',  ( -18.14999999999998082, 70.97335388632660624, 3.000000000000000000 ) ) ;
#3353 = AXIS2_PLACEMENT_3D ( 'NONE', #5119, #1496, #274 ) ;
#3354 = VERTEX_POINT ( 'NONE', #3148 ) ;
#3355 = DIRECTION ( 'NONE',  ( 0.8660254037844383745, 0.5000000000000004441, 0.000000000000000000 ) ) ;
#3356 = VERTEX_POINT ( 'NONE', #1986 ) ;
#3357 = VECTOR ( 'NONE', #2392, 1000.000000000000114 ) ;
#3358 = EDGE_CURVE ( 'NONE', #77, #4014, #4775, .T. ) ;
#3359 = ORIENTED_EDGE ( 'NONE', *, *, #117, .F. ) ;
#3360 = CARTESIAN_POINT ( 'NONE',  ( 32.15000000000001279, 58.02664611367345771, 3.000000000000000000 ) ) ;
#3361 = CARTESIAN_POINT ( 'NONE',  ( 12.50000000000001776, 88.65803263805835854, 1.000000000000000000 ) ) ;
#3362 = VECTOR ( 'NONE', #2477, 1000.000000000000227 ) ;
#3363 = DIRECTION ( 'NONE',  ( 0.000000000000000000, 1.000000000000000000, 0.000000000000000000 ) ) ;
#3364 = EDGE_CURVE ( 'NONE', #3522, #4985, #342, .T. ) ;
#3365 = ORIENTED_EDGE ( 'NONE', *, *, #4782, .F. ) ;
#3366 = VECTOR ( 'NONE', #3033, 1000.000000000000000 ) ;
#3367 = DIRECTION ( 'NONE',  ( 0.000000000000000000, 0.000000000000000000, 1.000000000000000000 ) ) ;
#3368 = ORIENTED_EDGE ( 'NONE', *, *, #2733, .T. ) ;
#3369 = DIRECTION ( 'NONE',  ( 0.000000000000000000, -1.000000000000000000, 0.000000000000000000 ) ) ;
#3370 = LINE ( 'NONE', #1352, #4636 ) ;
#3371 = PRODUCT ( 'vertical_holder', 'vertical_holder', '', ( #4229 ) ) ;
#3372 = EDGE_CURVE ( 'NONE', #1135, #4059, #791, .T. ) ;
#3373 = VERTEX_POINT ( 'NONE', #1614 ) ;
#3374 = CARTESIAN_POINT ( 'NONE',  ( 10.50000000000001066, 88.08068236886873592, 3.000000000000000000 ) ) ;
#3375 = VECTOR ( 'NONE', #5218, 1000.000000000000000 ) ;
#3376 = CARTESIAN_POINT ( 'NONE',  ( 26.99999999999999645, 80.94670777265299932, 3.000000000000000000 ) ) ;
#3377 = LINE ( 'NONE', #5005, #4823 ) ;
#3378 = ORIENTED_EDGE ( 'NONE', *, *, #1671, .F. ) ;
#3379 = FACE_OUTER_BOUND ( 'NONE', #4158, .T. ) ;
#3380 = EDGE_CURVE ( 'NONE', #1323, #4617, #2040, .T. ) ;
#3381 = ORIENTED_EDGE ( 'NONE', *, *, #1578, .T. ) ;
#3382 = DIRECTION ( 'NONE',  ( -0.000000000000000000, -0.000000000000000000, -1.000000000000000000 ) ) ;
#3383 = VECTOR ( 'NONE', #591, 1000.000000000000000 ) ;
#3384 = LINE ( 'NONE', #4231, #2805 ) ;
#3385 = AXIS2_PLACEMENT_3D ( 'NONE', #1278, #2162, #2490 ) ;
#3386 = CARTESIAN_POINT ( 'NONE',  ( 43.00000000000000000, 55.89999999999984936, -169.8835189181103544 ) ) ;
#3387 = CARTESIAN_POINT ( 'NONE',  ( 48.04999999999987637, -80.00000000000001421, -48.05000000000000426 ) ) ;
#3388 = DIRECTION ( 'NONE',  ( -1.000000000000000000, 0.000000000000000000, 0.000000000000000000 ) ) ;
#3389 = VECTOR ( 'NONE', #2129, 1000.000000000000000 ) ;
#3390 = DIRECTION ( 'NONE',  ( 0.000000000000000000, 1.000000000000000000, 0.000000000000000000 ) ) ;
#3391 = EDGE_CURVE ( 'NONE', #1679, #4397, #1962, .T. ) ;
#3392 = ORIENTED_EDGE ( 'NONE', *, *, #1929, .T. ) ;
#3393 = DIRECTION ( 'NONE',  ( 0.000000000000000000, 0.000000000000000000, -1.000000000000000000 ) ) ;
#3394 = ADVANCED_FACE ( 'NONE', ( #1117 ), #715, .F. ) ;
#3395 = DIRECTION ( 'NONE',  ( 0.8660254037844383745, -0.5000000000000004441, 0.000000000000000000 ) ) ;
#3396 = EDGE_CURVE ( 'NONE', #108, #3215, #4437, .T. ) ;
#3397 = ORIENTED_EDGE ( 'NONE', *, *, #195, .T. ) ;
#3398 = VERTEX_POINT ( 'NONE', #3583 ) ;
#3399 = AXIS2_PLACEMENT_3D ( 'NONE', #5265, #724, #2313 ) ;
#3400 = DIRECTION ( 'NONE',  ( 1.000000000000000000, 0.000000000000000000, 0.000000000000000000 ) ) ;
#3401 = CARTESIAN_POINT ( 'NONE',  ( -22.49999999999998934, -80.00000000000001421, 10.00000000000000000 ) ) ;
#3402 = ORIENTED_EDGE ( 'NONE', *, *, #3135, .F. ) ;
#3403 = DIRECTION ( 'NONE',  ( 0.000000000000000000, 1.000000000000000000, 0.000000000000000000 ) ) ;
#3404 = ADVANCED_FACE ( 'NONE', ( #4860 ), #3980, .F. ) ;
#3405 = DIRECTION ( 'NONE',  ( 0.000000000000000000, 0.000000000000000000, 1.000000000000000000 ) ) ;
#3406 = CARTESIAN_POINT ( 'NONE',  ( -12.99999999999998401, 68.00000000000002842, 6.000000000000000000 ) ) ;
#3407 = ORIENTED_EDGE ( 'NONE', *, *, #4078, .F. ) ;
#3408 = ORIENTED_EDGE ( 'NONE', *, *, #3641, .T. ) ;
#3409 = CARTESIAN_POINT ( 'NONE',  ( -6.830838508926212249, 116.0000000000000284, 0.000000000000000000 ) ) ;
#3410 = CARTESIAN_POINT ( 'NONE',  ( 76.75000000000000000, 60.89999999999987068, 10.00000000000000000 ) ) ;
#3411 = DIRECTION ( 'NONE',  ( -0.000000000000000000, -0.000000000000000000, -1.000000000000000000 ) ) ;
#3412 = LINE ( 'NONE', #5034, #1342 ) ;
#3413 = CARTESIAN_POINT ( 'NONE',  ( 18.14999999999999503, 32.02664611367345771, 3.000000000000000000 ) ) ;
#3414 = EDGE_CURVE ( 'NONE', #4671, #29, #4458, .T. ) ;
#3415 = ORIENTED_EDGE ( 'NONE', *, *, #4488, .F. ) ;
#3416 = PLANE ( 'NONE',  #131 ) ;
#3417 = CARTESIAN_POINT ( 'NONE',  ( 79.25000000000000000, 60.89999999999987068, 0.000000000000000000 ) ) ;
#3418 = ORIENTED_EDGE ( 'NONE', *, *, #1474, .T. ) ;
#3419 = ORIENTED_EDGE ( 'NONE', *, *, #4390, .F. ) ;
#3420 = CARTESIAN_POINT ( 'NONE',  ( 10.50000000000001066, 88.08068236886873592, 0.000000000000000000 ) ) ;
#3421 = LINE ( 'NONE', #3451, #2755 ) ;
#3422 = ORIENTED_EDGE ( 'NONE', *, *, #2210, .T. ) ;
#3423 = ADVANCED_FACE ( 'NONE', ( #3956 ), #27, .F. ) ;
#3424 = DIRECTION ( 'NONE',  ( -0.000000000000000000, -0.000000000000000000, -1.000000000000000000 ) ) ;
#3425 = CARTESIAN_POINT ( 'NONE',  ( -7.849999999999978328, 70.97335388632660624, 0.000000000000000000 ) ) ;
#3426 = DIRECTION ( 'NONE',  ( -0.8660254037844381525, 0.5000000000000006661, 0.000000000000000000 ) ) ;
#3427 = ORIENTED_EDGE ( 'NONE', *, *, #5199, .F. ) ;
#3428 = VERTEX_POINT ( 'NONE', #2380 ) ;
#3429 = ADVANCED_FACE ( 'NONE', ( #2015 ), #3637, .T. ) ;
#3430 = DIRECTION ( 'NONE',  ( 1.000000000000000000, 0.000000000000000000, -0.000000000000000000 ) ) ;
#3431 = CARTESIAN_POINT ( 'NONE',  ( -15.49999999999997513, 120.6580326380583585, 0.000000000000000000 ) ) ;
#3432 = CIRCLE ( 'NONE', #886, 2.249999999999995115 ) ;
#3433 = DIRECTION ( 'NONE',  ( -0.000000000000000000, -0.000000000000000000, -1.000000000000000000 ) ) ;
#3434 = LINE ( 'NONE', #5064, #5169 ) ;
#3435 = VECTOR ( 'NONE', #2791, 999.9999999999998863 ) ;
#3436 = CYLINDRICAL_SURFACE ( 'NONE', #1764, 13.71805379782421674 ) ;
#3437 = VECTOR ( 'NONE', #2134, 1000.000000000000000 ) ;
#3438 = ORIENTED_EDGE ( 'NONE', *, *, #556, .F. ) ;
#3439 = LINE ( 'NONE', #1767, #299 ) ;
#3440 = AXIS2_PLACEMENT_3D ( 'NONE', #2669, #1457, #242 ) ;
#3441 = ORIENTED_EDGE ( 'NONE', *, *, #933, .T. ) ;
#3442 = DIRECTION ( 'NONE',  ( -0.000000000000000000, -0.000000000000000000, -1.000000000000000000 ) ) ;
#3443 = CARTESIAN_POINT ( 'NONE',  ( -7.849999999999996092, 115.9733538863265920, 3.000000000000000000 ) ) ;
#3444 = EDGE_CURVE ( 'NONE', #5019, #1130, #1216, .T. ) ;
#3445 = VERTEX_POINT ( 'NONE', #4753 ) ;
#3446 = VECTOR ( 'NONE', #5195, 1000.000000000000000 ) ;
#3447 = VECTOR ( 'NONE', #2979, 1000.000000000000000 ) ;
#3448 = ORIENTED_EDGE ( 'NONE', *, *, #5095, .T. ) ;
#3449 = DIRECTION ( 'NONE',  ( 0.000000000000000000, -0.000000000000000000, 1.000000000000000000 ) ) ;
#3450 = VECTOR ( 'NONE', #443, 1000.000000000000000 ) ;
#3451 = CARTESIAN_POINT ( 'NONE',  ( 26.99999999999999645, 80.94670777265299932, 3.000000000000000000 ) ) ;
#3452 = VERTEX_POINT ( 'NONE', #417 ) ;
#3453 = VECTOR ( 'NONE', #1909, 1000.000000000000000 ) ;
#3454 = CARTESIAN_POINT ( 'NONE',  ( 29.50000000000000000, 82.65803263805818801, 1.000000000000000000 ) ) ;
#3455 = LINE ( 'NONE', #3425, #3616 ) ;
#3456 = ORIENTED_EDGE ( 'NONE', *, *, #3705, .F. ) ;
#3457 = DIRECTION ( 'NONE',  ( -0.000000000000000000, -0.000000000000000000, -1.000000000000000000 ) ) ;
#3458 = ORIENTED_EDGE ( 'NONE', *, *, #3206, .T. ) ;
#3459 = AXIS2_PLACEMENT_3D ( 'NONE', #171, #190, #4316 ) ;
#3460 = CARTESIAN_POINT ( 'NONE',  ( 30.25000000000001421, 61.00000000000003553, 6.000000000000000000 ) ) ;
#3461 = DIRECTION ( 'NONE',  ( -0.000000000000000000, -0.000000000000000000, -1.000000000000000000 ) ) ;
#3462 = DIRECTION ( 'NONE',  ( -0.8660254037844380415, -0.5000000000000009992, 0.000000000000000000 ) ) ;
#3463 = VECTOR ( 'NONE', #1347, 1000.000000000000000 ) ;
#3464 = VECTOR ( 'NONE', #942, 1000.000000000000114 ) ;
#3465 = LINE ( 'NONE', #2628, #1091 ) ;
#3466 = CARTESIAN_POINT ( 'NONE',  ( -15.49999999999998757, -68.63603896932107773, 2.999999999999993783 ) ) ;
#3467 =( GEOMETRIC_REPRESENTATION_CONTEXT ( 3 ) GLOBAL_UNCERTAINTY_ASSIGNED_CONTEXT ( ( #891 ) ) GLOBAL_UNIT_ASSIGNED_CONTEXT ( ( #2252, #1832, #1037 ) ) REPRESENTATION_CONTEXT ( 'NONE', 'WORKASPACE' ) );
#3468 = CARTESIAN_POINT ( 'NONE',  ( 87.09999999999999432, 83.99999999999980105, 6.000000000000000000 ) ) ;
#3469 = EDGE_CURVE ( 'NONE', #4650, #1846, #1632, .T. ) ;
#3470 = ORIENTED_EDGE ( 'NONE', *, *, #4138, .T. ) ;
#3471 = CARTESIAN_POINT ( 'NONE',  ( 27.00000000000001066, 69.05329222734671646, 3.000000000000000000 ) ) ;
#3472 = LINE ( 'NONE', #1107, #4046 ) ;
#3473 = VERTEX_POINT ( 'NONE', #2330 ) ;
#3474 = EDGE_CURVE ( 'NONE', #1995, #5166, #1939, .T. ) ;
#3475 = VERTEX_POINT ( 'NONE', #3334 ) ;
#3476 = DIRECTION ( 'NONE',  ( 0.000000000000000000, -1.000000000000000000, 0.000000000000000000 ) ) ;
#3477 = FACE_OUTER_BOUND ( 'NONE', #139, .T. ) ;
#3478 = EDGE_LOOP ( 'NONE', ( #4744, #5235, #4658, #4500 ) ) ;
#3479 = VECTOR ( 'NONE', #3462, 1000.000000000000000 ) ;
#3480 = DIRECTION ( 'NONE',  ( -0.000000000000000000, -0.000000000000000000, -1.000000000000000000 ) ) ;
#3481 = CARTESIAN_POINT ( 'NONE',  ( 27.50000000000003553, 68.65803263805835854, 0.000000000000000000 ) ) ;
#3482 = CARTESIAN_POINT ( 'NONE',  ( -15.49999999999998757, -80.00000000000001421, 5.249999999999994671 ) ) ;
#3483 = EDGE_CURVE ( 'NONE', #2314, #1038, #901, .T. ) ;
#3484 = DIRECTION ( 'NONE',  ( 0.000000000000000000, 1.000000000000000000, 0.000000000000000000 ) ) ;
#3485 = ORIENTED_EDGE ( 'NONE', *, *, #2854, .T. ) ;
#3486 = ORIENTED_EDGE ( 'NONE', *, *, #4933, .F. ) ;
#3487 = ORIENTED_EDGE ( 'NONE', *, *, #275, .T. ) ;
#3488 = LINE ( 'NONE', #3460, #4735 ) ;
#3489 = CARTESIAN_POINT ( 'NONE',  ( -6.830838508926212249, 121.0000000000000426, 0.000000000000000000 ) ) ;
#3490 = EDGE_LOOP ( 'NONE', ( #4472, #200, #1028, #4355 ) ) ;
#3491 = CARTESIAN_POINT ( 'NONE',  ( 62.50641271844706637, -53.91944613206999293, 13.08055386793018116 ) ) ;
#3492 = DIRECTION ( 'NONE',  ( -0.000000000000000000, -0.000000000000000000, -1.000000000000000000 ) ) ;
#3493 = CARTESIAN_POINT ( 'NONE',  ( 28.50000000000003553, 68.65803263805835854, 0.000000000000000000 ) ) ;
#3494 = ADVANCED_FACE ( 'NONE', ( #4937 ), #130, .F. ) ;
#3495 = VERTEX_POINT ( 'NONE', #4966 ) ;
#3496 = CARTESIAN_POINT ( 'NONE',  ( -12.49999999999997513, 118.6580326380583585, 1.000000000000000000 ) ) ;
#3497 = DIRECTION ( 'NONE',  ( 0.000000000000000000, 0.000000000000000000, 1.000000000000000000 ) ) ;
#3498 = ORIENTED_EDGE ( 'NONE', *, *, #2419, .T. ) ;
#3499 = EDGE_CURVE ( 'NONE', #793, #4108, #1689, .T. ) ;
#3500 = ORIENTED_EDGE ( 'NONE', *, *, #1866, .T. ) ;
#3501 = LINE ( 'NONE', #2662, #2184 ) ;
#3502 = DIRECTION ( 'NONE',  ( 0.000000000000000000, -1.000000000000000000, 0.000000000000000000 ) ) ;
#3503 = VERTEX_POINT ( 'NONE', #499 ) ;
#3504 = CARTESIAN_POINT ( 'NONE',  ( 27.00000000000001066, 69.05329222734673067, 0.000000000000000000 ) ) ;
#3505 = DIRECTION ( 'NONE',  ( -0.000000000000000000, -0.000000000000000000, -1.000000000000000000 ) ) ;
#3506 = FACE_OUTER_BOUND ( 'NONE', #717, .T. ) ;
#3507 = ORIENTED_EDGE ( 'NONE', *, *, #636, .F. ) ;
#3508 = EDGE_CURVE ( 'NONE', #2773, #4961, #439, .T. ) ;
#3509 = VERTEX_POINT ( 'NONE', #4573 ) ;
#3510 = LINE ( 'NONE', #2310, #4750 ) ;
#3511 = DIRECTION ( 'NONE',  ( -0.000000000000000000, -1.000000000000000000, -0.000000000000000000 ) ) ;
#3512 = DIRECTION ( 'NONE',  ( -0.000000000000000000, -1.000000000000000000, -0.000000000000000000 ) ) ;
#3513 = CARTESIAN_POINT ( 'NONE',  ( -11.49999999999997513, 120.6580326380583585, 0.000000000000000000 ) ) ;
#3514 = EDGE_LOOP ( 'NONE', ( #4970, #4778, #4690, #3863 ) ) ;
#3515 = CARTESIAN_POINT ( 'NONE',  ( -12.99999999999997691, 62.05329222734687278, 3.000000000000000000 ) ) ;
#3516 = VECTOR ( 'NONE', #1907, 1000.000000000000000 ) ;
#3517 = DIRECTION ( 'NONE',  ( 1.000000000000000000, 0.000000000000000000, 0.000000000000000000 ) ) ;
#3518 = ORIENTED_EDGE ( 'NONE', *, *, #3933, .F. ) ;
#3519 = PLANE ( 'NONE',  #1148 ) ;
#3520 = EDGE_CURVE ( 'NONE', #1919, #3640, #2830, .T. ) ;
#3521 = CARTESIAN_POINT ( 'NONE',  ( 85.09999999999998010, -68.63603896932107773, 0.7499999999999997780 ) ) ;
#3522 = VERTEX_POINT ( 'NONE', #526 ) ;
#3523 = VECTOR ( 'NONE', #1030, 1000.000000000000000 ) ;
#3524 = ADVANCED_FACE ( 'NONE', ( #3740 ), #1265, .F. ) ;
#3525 = VECTOR ( 'NONE', #227, 1000.000000000000000 ) ;
#3526 = ORIENTED_EDGE ( 'NONE', *, *, #203, .T. ) ;
#3527 = CARTESIAN_POINT ( 'NONE',  ( 87.67561686334961735, 84.57561686334940987, -25.00000000000002132 ) ) ;
#3528 = DIRECTION ( 'NONE',  ( -0.000000000000000000, -0.000000000000000000, -1.000000000000000000 ) ) ;
#3529 = AXIS2_PLACEMENT_3D ( 'NONE', #668, #3461, #2257 ) ;
#3530 = EDGE_CURVE ( 'NONE', #2027, #3868, #3715, .T. ) ;
#3531 = VECTOR ( 'NONE', #1778, 1000.000000000000000 ) ;
#3532 = ORIENTED_EDGE ( 'NONE', *, *, #5100, .F. ) ;
#3533 = FACE_OUTER_BOUND ( 'NONE', #690, .T. ) ;
#3534 = PLANE ( 'NONE',  #4281 ) ;
#3535 = DIRECTION ( 'NONE',  ( -0.000000000000000000, -0.000000000000000000, -1.000000000000000000 ) ) ;
#3536 = EDGE_CURVE ( 'NONE', #792, #2463, #3370, .T. ) ;
#3537 = CARTESIAN_POINT ( 'NONE',  ( -12.99999999999998046, 73.94670777265318407, 0.000000000000000000 ) ) ;
#3538 = ORIENTED_EDGE ( 'NONE', *, *, #2094, .T. ) ;
#3539 = AXIS2_PLACEMENT_3D ( 'NONE', #1532, #1116, #5213 ) ;
#3540 = EDGE_LOOP ( 'NONE', ( #1743, #4901, #3518, #2089 ) ) ;
#3541 = LINE ( 'NONE', #4344, #1865 ) ;
#3542 = CARTESIAN_POINT ( 'NONE',  ( 11.99999999999999645, 77.05329222734688699, 3.000000000000000000 ) ) ;
#3543 = LINE ( 'NONE', #2676, #462 ) ;
#3544 = EDGE_CURVE ( 'NONE', #4058, #634, #984, .T. ) ;
#3545 = CARTESIAN_POINT ( 'NONE',  ( 24.50000000000002487, 65.50333209967911330, 0.000000000000000000 ) ) ;
#3546 = ORIENTED_EDGE ( 'NONE', *, *, #1921, .T. ) ;
#3547 = CARTESIAN_POINT ( 'NONE',  ( 43.00000000000000000, 55.89999999999984936, 0.000000000000000000 ) ) ;
#3548 = VECTOR ( 'NONE', #1594, 1000.000000000000000 ) ;
#3549 = LINE ( 'NONE', #3917, #2413 ) ;
#3550 = CIRCLE ( 'NONE', #1249, 2.249999999999995115 ) ;
#3551 = DIRECTION ( 'NONE',  ( -0.000000000000000000, -0.000000000000000000, -1.000000000000000000 ) ) ;
#3552 = EDGE_CURVE ( 'NONE', #4108, #2524, #4512, .T. ) ;
#3553 = LINE ( 'NONE', #3139, #655 ) ;
#3554 = ORIENTED_EDGE ( 'NONE', *, *, #11, .F. ) ;
#3555 = AXIS2_PLACEMENT_3D ( 'NONE', #4508, #2468, #2501 ) ;
#3556 = VECTOR ( 'NONE', #1670, 1000.000000000000227 ) ;
#3557 = EDGE_LOOP ( 'NONE', ( #4927, #1294 ) ) ;
#3558 = CARTESIAN_POINT ( 'NONE',  ( 43.00000000000000000, 55.89999999999984936, 6.000000000000000000 ) ) ;
#3559 = DIRECTION ( 'NONE',  ( 0.000000000000000000, 0.000000000000000000, -1.000000000000000000 ) ) ;
#3560 = VERTEX_POINT ( 'NONE', #5000 ) ;
#3561 = LINE ( 'NONE', #4751, #1305 ) ;
#3562 = LINE ( 'NONE', #3147, #60 ) ;
#3563 = CARTESIAN_POINT ( 'NONE',  ( 47.99999999999998579, 60.89999999999986358, -169.8835189181103544 ) ) ;
#3564 = VERTEX_POINT ( 'NONE', #4911 ) ;
#3565 = EDGE_LOOP ( 'NONE', ( #3359, #3397, #873 ) ) ;
#3566 = ADVANCED_FACE ( 'NONE', ( #549 ), #4538, .F. ) ;
#3567 = CYLINDRICAL_SURFACE ( 'NONE', #2684, 3.250000000000002665 ) ;
#3568 = DIRECTION ( 'NONE',  ( 1.387778780781444413E-14, 1.000000000000000000, -0.000000000000000000 ) ) ;
#3569 = AXIS2_PLACEMENT_3D ( 'NONE', #4915, #4516, #422 ) ;
#3570 = CARTESIAN_POINT ( 'NONE',  ( -12.49999999999997513, 118.6580326380583585, 1.000000000000000000 ) ) ;
#3571 = ORIENTED_EDGE ( 'NONE', *, *, #4745, .F. ) ;
#3572 = LINE ( 'NONE', #4177, #3023 ) ;
#3573 = DIRECTION ( 'NONE',  ( -0.7071067811865439090, 0.7071067811865512365, 0.000000000000000000 ) ) ;
#3574 = PLANE ( 'NONE',  #2997 ) ;
#3575 = LINE ( 'NONE', #4826, #2273 ) ;
#3576 = EDGE_LOOP ( 'NONE', ( #4331, #1964, #4596, #1676 ) ) ;
#3577 = EDGE_CURVE ( 'NONE', #2725, #5055, #2896, .T. ) ;
#3578 = ORIENTED_EDGE ( 'NONE', *, *, #929, .F. ) ;
#3579 = LINE ( 'NONE', #5262, #3435 ) ;
#3580 = DIRECTION ( 'NONE',  ( -1.000000000000000000, 0.000000000000000000, 0.000000000000000000 ) ) ;
#3581 = CARTESIAN_POINT ( 'NONE',  ( -22.49999999999998579, -80.00000000000001421, -25.00000000000000000 ) ) ;
#3582 = DIRECTION ( 'NONE',  ( -0.000000000000000000, -0.000000000000000000, 1.000000000000000000 ) ) ;
#3583 = CARTESIAN_POINT ( 'NONE',  ( -18.15000000000000568, 115.9733538863265636, 3.000000000000000000 ) ) ;
#3584 = ORIENTED_EDGE ( 'NONE', *, *, #4960, .T. ) ;
#3585 = ORIENTED_EDGE ( 'NONE', *, *, #3577, .T. ) ;
#3586 = EDGE_LOOP ( 'NONE', ( #1979, #2043 ) ) ;
#3587 = EDGE_CURVE ( 'NONE', #2235, #2314, #2956, .T. ) ;
#3588 = CARTESIAN_POINT ( 'NONE',  ( -8.299999999999993605, -93.60000000000005116, -18.19999999999998153 ) ) ;
#3589 = CARTESIAN_POINT ( 'NONE',  ( 0.000000000000000000, 0.000000000000000000, 1.000000000000000000 ) ) ;
#3590 = ORIENTED_EDGE ( 'NONE', *, *, #466, .F. ) ;
#3591 = DIRECTION ( 'NONE',  ( 1.000000000000000000, 0.000000000000000000, 0.000000000000000000 ) ) ;
#3592 = LINE ( 'NONE', #5222, #1424 ) ;
#3593 = ADVANCED_FACE ( 'NONE', ( #105, #2558 ), #4487, .F. ) ;
#3594 = CARTESIAN_POINT ( 'NONE',  ( 12.50000000000001776, 90.65803263805835854, 1.000000000000000000 ) ) ;
#3595 = CARTESIAN_POINT ( 'NONE',  ( 25.50000000000000000, 82.65803263805821643, 1.000000000000000000 ) ) ;
#3596 = LINE ( 'NONE', #1184, #3693 ) ;
#3597 = CARTESIAN_POINT ( 'NONE',  ( -12.49999999999997513, 120.6580326380583585, 0.000000000000000000 ) ) ;
#3598 = ADVANCED_FACE ( 'NONE', ( #2061 ), #870, .T. ) ;
#3599 = EDGE_LOOP ( 'NONE', ( #1756, #1766, #3959, #971 ) ) ;
#3600 = ORIENTED_EDGE ( 'NONE', *, *, #1619, .F. ) ;
#3601 = DIRECTION ( 'NONE',  ( -0.8660254037844383745, -0.5000000000000004441, 0.000000000000000000 ) ) ;
#3602 = ADVANCED_FACE ( 'NONE', ( #2088 ), #4248, .T. ) ;
#3603 = VECTOR ( 'NONE', #842, 999.9999999999998863 ) ;
#3604 = EDGE_LOOP ( 'NONE', ( #3288, #4461, #785, #2508 ) ) ;
#3605 = FACE_OUTER_BOUND ( 'NONE', #2017, .T. ) ;
#3606 = CIRCLE ( 'NONE', #2577, 3.250000000000002665 ) ;
#3607 = DIRECTION ( 'NONE',  ( 0.000000000000000000, 0.000000000000000000, -1.000000000000000000 ) ) ;
#3608 = VECTOR ( 'NONE', #427, 1000.000000000000000 ) ;
#3609 = PLANE ( 'NONE',  #817 ) ;
#3610 = DIRECTION ( 'NONE',  ( 0.000000000000000000, 0.000000000000000000, -1.000000000000000000 ) ) ;
#3611 = VECTOR ( 'NONE', #1554, 1000.000000000000227 ) ;
#3612 = ORIENTED_EDGE ( 'NONE', *, *, #4291, .T. ) ;
#3613 = ORIENTED_EDGE ( 'NONE', *, *, #5240, .F. ) ;
#3614 = LINE ( 'NONE', #5194, #65 ) ;
#3615 = LINE ( 'NONE', #2756, #4456 ) ;
#3616 = VECTOR ( 'NONE', #4653, 1000.000000000000000 ) ;
#3617 = EDGE_LOOP ( 'NONE', ( #4167, #2980, #827, #3458, #1075, #2627 ) ) ;
#3618 = PLANE ( 'NONE',  #2019 ) ;
#3619 = AXIS2_PLACEMENT_3D ( 'NONE', #201, #3449, #1427 ) ;
#3620 = FACE_OUTER_BOUND ( 'NONE', #2090, .T. ) ;
#3621 = LINE ( 'NONE', #1695, #5234 ) ;
#3622 = LINE ( 'NONE', #3597, #2265 ) ;
#3623 = ORIENTED_EDGE ( 'NONE', *, *, #195, .F. ) ;
#3624 = EDGE_CURVE ( 'NONE', #1283, #425, #3874, .T. ) ;
#3625 = EDGE_CURVE ( 'NONE', #4330, #1636, #1396, .T. ) ;
#3626 = VECTOR ( 'NONE', #3232, 1000.000000000000000 ) ;
#3627 = ORIENTED_EDGE ( 'NONE', *, *, #3832, .T. ) ;
#3628 = CARTESIAN_POINT ( 'NONE',  ( 76.75000000000000000, 65.83494742486497842, 6.000000000000000000 ) ) ;
#3629 = LINE ( 'NONE', #5210, #452 ) ;
#3630 = VECTOR ( 'NONE', #221, 1000.000000000000000 ) ;
#3631 = VECTOR ( 'NONE', #993, 1000.000000000000000 ) ;
#3632 = ORIENTED_EDGE ( 'NONE', *, *, #1382, .F. ) ;
#3633 = EDGE_CURVE ( 'NONE', #2818, #2593, #3004, .T. ) ;
#3634 = CARTESIAN_POINT ( 'NONE',  ( -7.849999999999996092, 110.0266461136734506, 3.000000000000000000 ) ) ;
#3635 = VECTOR ( 'NONE', #3696, 1000.000000000000000 ) ;
#3636 = DIRECTION ( 'NONE',  ( 1.000000000000000000, 0.000000000000000000, 0.000000000000000000 ) ) ;
#3637 = PLANE ( 'NONE',  #894 ) ;
#3638 = ORIENTED_EDGE ( 'NONE', *, *, #381, .F. ) ;
#3639 = ORIENTED_EDGE ( 'NONE', *, *, #2285, .F. ) ;
#3640 = VERTEX_POINT ( 'NONE', #1006 ) ;
#3641 = EDGE_CURVE ( 'NONE', #1900, #2314, #3421, .T. ) ;
#3642 = DIRECTION ( 'NONE',  ( -1.000000000000000000, 0.000000000000000000, 0.000000000000000000 ) ) ;
#3643 = LINE ( 'NONE', #3233, #1400 ) ;
#3644 = ORIENTED_EDGE ( 'NONE', *, *, #1138, .T. ) ;
#3645 = ORIENTED_EDGE ( 'NONE', *, *, #1280, .T. ) ;
#3646 = CARTESIAN_POINT ( 'NONE',  ( 29.50000000000000000, 82.65803263805818801, 1.000000000000000000 ) ) ;
#3647 = CARTESIAN_POINT ( 'NONE',  ( 79.25000000000000000, 60.89999999999987068, 0.000000000000000000 ) ) ;
#3648 = CARTESIAN_POINT ( 'NONE',  ( 23.75000000000000711, 61.00000000000003553, 6.000000000000000000 ) ) ;
#3649 = ADVANCED_FACE ( 'NONE', ( #3477 ), #4647, .F. ) ;
#3650 = ORIENTED_EDGE ( 'NONE', *, *, #2639, .T. ) ;
#3651 = EDGE_CURVE ( 'NONE', #3880, #70, #202, .T. ) ;
#3652 = EDGE_LOOP ( 'NONE', ( #4551, #4271, #5025, #5109, #3732, #1647, #3456, #3303, #4754, #868, #509, #5007, #1615, #2730, #2475, #2041, #1775, #3297, #150, #2826, #1685, #2022, #2098, #2646, #3448, #3994 ) ) ;
#3653 = CARTESIAN_POINT ( 'NONE',  ( 13.50000000000000533, 88.08068236886873592, 0.000000000000000000 ) ) ;
#3654 = CARTESIAN_POINT ( 'NONE',  ( 47.99999999999998579, 60.89999999999986358, 6.000000000000000000 ) ) ;
#3655 = CARTESIAN_POINT ( 'NONE',  ( -12.99999999999997868, 118.9467077726531556, 1.000000000000000000 ) ) ;
#3656 = ADVANCED_FACE ( 'NONE', ( #3821 ), #4693, .F. ) ;
#3657 = LINE ( 'NONE', #926, #2538 ) ;
#3658 = CARTESIAN_POINT ( 'NONE',  ( -12.99999999999997691, 62.05329222734687278, 3.000000000000000000 ) ) ;
#3659 = CARTESIAN_POINT ( 'NONE',  ( -13.00000000000000000, 113.0000000000000284, 6.000000000000000000 ) ) ;
#3660 = ORIENTED_EDGE ( 'NONE', *, *, #4707, .F. ) ;
#3661 = ORIENTED_EDGE ( 'NONE', *, *, #4960, .F. ) ;
#3662 = ORIENTED_EDGE ( 'NONE', *, *, #4061, .T. ) ;
#3663 = LINE ( 'NONE', #1692, #1524 ) ;
#3664 = CARTESIAN_POINT ( 'NONE',  ( 18.14999999999999503, 32.02664611367345771, 0.000000000000000000 ) ) ;
#3665 = EDGE_CURVE ( 'NONE', #2852, #792, #600, .T. ) ;
#3666 = ORIENTED_EDGE ( 'NONE', *, *, #491, .T. ) ;
#3667 = VERTEX_POINT ( 'NONE', #1052 ) ;
#3668 = DIRECTION ( 'NONE',  ( 0.000000000000000000, -1.000000000000000000, 0.000000000000000000 ) ) ;
#3669 = AXIS2_PLACEMENT_3D ( 'NONE', #2058, #2814, #3246 ) ;
#3670 = DIRECTION ( 'NONE',  ( 0.000000000000000000, 0.000000000000000000, 1.000000000000000000 ) ) ;
#3671 = DIRECTION ( 'NONE',  ( -0.8660254037844388186, -0.4999999999999997224, 0.000000000000000000 ) ) ;
#3672 = DIRECTION ( 'NONE',  ( 1.000000000000000000, -0.000000000000000000, -0.000000000000000000 ) ) ;
#3673 = ORIENTED_EDGE ( 'NONE', *, *, #155, .F. ) ;
#3674 = DIRECTION ( 'NONE',  ( -1.000000000000000000, 0.000000000000000000, 0.000000000000000000 ) ) ;
#3675 = ADVANCED_FACE ( 'NONE', ( #2200 ), #2220, .T. ) ;
#3676 = ORIENTED_EDGE ( 'NONE', *, *, #915, .F. ) ;
#3677 = DIRECTION ( 'NONE',  ( 1.000000000000000000, 0.000000000000000000, 0.000000000000000000 ) ) ;
#3678 = CARTESIAN_POINT ( 'NONE',  ( 92.10000000000000853, 78.55234317807440902, 0.000000000000000000 ) ) ;
#3679 = DIRECTION ( 'NONE',  ( 0.000000000000000000, -1.000000000000000000, 0.000000000000000000 ) ) ;
#3680 = CIRCLE ( 'NONE', #5139, 12.84999999999998721 ) ;
#3681 = EDGE_LOOP ( 'NONE', ( #2398, #3438, #4656, #2416 ) ) ;
#3682 = CARTESIAN_POINT ( 'NONE',  ( 32.14999999999999858, 77.97335388632642150, 3.000000000000000000 ) ) ;
#3683 = DIRECTION ( 'NONE',  ( 0.000000000000000000, 0.000000000000000000, 1.000000000000000000 ) ) ;
#3684 = EDGE_CURVE ( 'NONE', #5044, #4299, #468, .T. ) ;
#3685 = ORIENTED_EDGE ( 'NONE', *, *, #1259, .T. ) ;
#3686 = CIRCLE ( 'NONE', #213, 3.250000000000002665 ) ;
#3687 = VERTEX_POINT ( 'NONE', #4333 ) ;
#3688 = AXIS2_PLACEMENT_3D ( 'NONE', #5253, #1600, #3265 ) ;
#3689 = CARTESIAN_POINT ( 'NONE',  ( 71.40000000000000568, 83.99999999999981526, 6.000000000000000000 ) ) ;
#3690 = EDGE_CURVE ( 'NONE', #4563, #4258, #1477, .T. ) ;
#3691 = CARTESIAN_POINT ( 'NONE',  ( -22.50000000000000711, 63.00000000000005684, 6.000000000000000000 ) ) ;
#3692 = ADVANCED_FACE ( 'NONE', ( #1428 ), #5024, .F. ) ;
#3693 = VECTOR ( 'NONE', #302, 1000.000000000000000 ) ;
#3694 = LINE ( 'NONE', #2481, #5122 ) ;
#3695 = VERTEX_POINT ( 'NONE', #1373 ) ;
#3696 = DIRECTION ( 'NONE',  ( 0.000000000000000000, 1.000000000000000000, 0.000000000000000000 ) ) ;
#3697 = VECTOR ( 'NONE', #270, 1000.000000000000000 ) ;
#3698 = AXIS2_PLACEMENT_3D ( 'NONE', #3767, #1325, #1291 ) ;
#3699 = EDGE_CURVE ( 'NONE', #1369, #4415, #4673, .T. ) ;
#3700 = DIRECTION ( 'NONE',  ( -0.000000000000000000, -0.000000000000000000, -1.000000000000000000 ) ) ;
#3701 = CARTESIAN_POINT ( 'NONE',  ( 21.85000000000000497, 72.02664611367329428, 3.000000000000000000 ) ) ;
#3702 = LINE ( 'NONE', #1731, #5082 ) ;
#3703 = VERTEX_POINT ( 'NONE', #1773 ) ;
#3704 = VECTOR ( 'NONE', #4387, 1000.000000000000114 ) ;
#3705 = EDGE_CURVE ( 'NONE', #3922, #3695, #3165, .T. ) ;
#3706 = ORIENTED_EDGE ( 'NONE', *, *, #4654, .F. ) ;
#3707 = LINE ( 'NONE', #2466, #4026 ) ;
#3708 = CARTESIAN_POINT ( 'NONE',  ( 32.15000000000001279, 58.02664611367345771, 0.000000000000000000 ) ) ;
#3709 = PLANE ( 'NONE',  #5080 ) ;
#3710 = VECTOR ( 'NONE', #228, 1000.000000000000000 ) ;
#3711 = DIRECTION ( 'NONE',  ( 0.000000000000000000, 0.000000000000000000, 1.000000000000000000 ) ) ;
#3712 = ORIENTED_EDGE ( 'NONE', *, *, #1727, .F. ) ;
#3713 = CARTESIAN_POINT ( 'NONE',  ( 30.25000000000001421, 61.00000000000003553, 6.000000000000000000 ) ) ;
#3714 = AXIS2_PLACEMENT_3D ( 'NONE', #1841, #223, #4711 ) ;
#3715 = LINE ( 'NONE', #2507, #3263 ) ;
#3716 = ORIENTED_EDGE ( 'NONE', *, *, #2955, .T. ) ;
#3717 = ORIENTED_EDGE ( 'NONE', *, *, #3358, .F. ) ;
#3718 = EDGE_CURVE ( 'NONE', #4961, #1328, #182, .T. ) ;
#3719 = CARTESIAN_POINT ( 'NONE',  ( -22.49999999999998934, -80.00000000000001421, 9.400000000000011013 ) ) ;
#3720 = CARTESIAN_POINT ( 'NONE',  ( 26.99999999999999645, 80.94670777265299932, 3.000000000000000000 ) ) ;
#3721 = CARTESIAN_POINT ( 'NONE',  ( 71.40000000000000568, 73.74999999999984368, 6.000000000000000000 ) ) ;
#3722 = LINE ( 'NONE', #530, #4209 ) ;
#3723 = FACE_BOUND ( 'NONE', #3586, .T. ) ;
#3724 = ORIENTED_EDGE ( 'NONE', *, *, #488, .F. ) ;
#3725 = DIRECTION ( 'NONE',  ( 0.7071067811865460184, 0.7071067811865489050, -0.000000000000000000 ) ) ;
#3726 = ADVANCED_FACE ( 'NONE', ( #1796 ), #2638, .F. ) ;
#3727 = CARTESIAN_POINT ( 'NONE',  ( 43.00000000000000000, -24.99999999999999645, -169.8835189181103544 ) ) ;
#3728 = LINE ( 'NONE', #449, #4111 ) ;
#3729 = DIRECTION ( 'NONE',  ( 1.000000000000000000, -0.000000000000000000, -0.000000000000000000 ) ) ;
#3730 = ORIENTED_EDGE ( 'NONE', *, *, #594, .F. ) ;
#3731 = CARTESIAN_POINT ( 'NONE',  ( 29.50000000000000000, 79.50333209967892856, 1.000000000000000000 ) ) ;
#3732 = ORIENTED_EDGE ( 'NONE', *, *, #18, .F. ) ;
#3733 = FACE_OUTER_BOUND ( 'NONE', #3984, .T. ) ;
#3734 = AXIS2_PLACEMENT_3D ( 'NONE', #1270, #528, #2122 ) ;
#3735 = CARTESIAN_POINT ( 'NONE',  ( 0.000000000000000000, 58.00000000000003553, 6.000000000000000000 ) ) ;
#3736 = ADVANCED_FACE ( 'NONE', ( #1113 ), #1134, .F. ) ;
#3737 = SURFACE_SIDE_STYLE ('',( #437 ) ) ;
#3738 = ORIENTED_EDGE ( 'NONE', *, *, #1409, .T. ) ;
#3739 = LINE ( 'NONE', #2533, #5241 ) ;
#3740 = FACE_OUTER_BOUND ( 'NONE', #2081, .T. ) ;
#3741 = ORIENTED_EDGE ( 'NONE', *, *, #2536, .F. ) ;
#3742 = EDGE_LOOP ( 'NONE', ( #2810, #1959 ) ) ;
#3743 = ORIENTED_EDGE ( 'NONE', *, *, #4896, .T. ) ;
#3744 = LINE ( 'NONE', #1722, #4922 ) ;
#3745 = LINE ( 'NONE', #2875, #3450 ) ;
#3746 = DIRECTION ( 'NONE',  ( 1.000000000000000000, 1.387778780781444413E-14, -0.000000000000000000 ) ) ;
#3747 = ORIENTED_EDGE ( 'NONE', *, *, #421, .T. ) ;
#3748 = ORIENTED_EDGE ( 'NONE', *, *, #1103, .T. ) ;
#3749 = ORIENTED_EDGE ( 'NONE', *, *, #3899, .F. ) ;
#3750 = CYLINDRICAL_SURFACE ( 'NONE', #2277, 5.000000000000000000 ) ;
#3751 = EDGE_CURVE ( 'NONE', #1473, #1514, #763, .T. ) ;
#3752 = CARTESIAN_POINT ( 'NONE',  ( -14.49999999999997513, 120.6580326380583585, 0.000000000000000000 ) ) ;
#3753 = CARTESIAN_POINT ( 'NONE',  ( -15.49999999999998757, -75.00000000000001421, 2.999999999999993783 ) ) ;
#3754 = DIRECTION ( 'NONE',  ( -0.000000000000000000, -0.000000000000000000, -1.000000000000000000 ) ) ;
#3755 = CARTESIAN_POINT ( 'NONE',  ( -1.499999999999997780, -80.00000000000001421, -25.00000000000000000 ) ) ;
#3756 = ADVANCED_FACE ( 'NONE', ( #362 ), #2324, .F. ) ;
#3757 = ORIENTED_EDGE ( 'NONE', *, *, #2582, .F. ) ;
#3758 = VERTEX_POINT ( 'NONE', #4024 ) ;
#3759 = DIRECTION ( 'NONE',  ( 0.000000000000000000, 0.000000000000000000, 1.000000000000000000 ) ) ;
#3760 = EDGE_CURVE ( 'NONE', #5245, #2965, #3629, .T. ) ;
#3761 = PLANE ( 'NONE',  #4103 ) ;
#3762 = DIRECTION ( 'NONE',  ( -0.000000000000000000, -0.000000000000000000, -1.000000000000000000 ) ) ;
#3763 = EDGE_CURVE ( 'NONE', #524, #4198, #3949, .T. ) ;
#3764 = CARTESIAN_POINT ( 'NONE',  ( -12.99999999999997868, 118.9467077726531556, 1.000000000000000000 ) ) ;
#3765 = ORIENTED_EDGE ( 'NONE', *, *, #4101, .T. ) ;
#3766 = CARTESIAN_POINT ( 'NONE',  ( 32.14999999999999858, 77.97335388632642150, 3.000000000000000000 ) ) ;
#3767 = CARTESIAN_POINT ( 'NONE',  ( 10.50000000000001066, 90.65803263805835854, 1.000000000000000000 ) ) ;
#3768 = VERTEX_POINT ( 'NONE', #1902 ) ;
#3769 = CARTESIAN_POINT ( 'NONE',  ( 79.25000000000000000, 73.74999999999985789, 10.00000000000000000 ) ) ;
#3770 = DIRECTION ( 'NONE',  ( -0.5773502691896237327, -0.5773502691896276184, 0.5773502691896259531 ) ) ;
#3771 = CARTESIAN_POINT ( 'NONE',  ( 79.25000000000000000, 60.89999999999987068, -169.8835189181103544 ) ) ;
#3772 = PLANE ( 'NONE',  #1066 ) ;
#3773 = VERTEX_POINT ( 'NONE', #2351 ) ;
#3774 = CIRCLE ( 'NONE', #4199, 3.250000000000002665 ) ;
#3775 = ORIENTED_EDGE ( 'NONE', *, *, #1515, .T. ) ;
#3776 = CARTESIAN_POINT ( 'NONE',  ( 47.99999999999998579, 60.89999999999986358, 6.000000000000000000 ) ) ;
#3777 = VECTOR ( 'NONE', #4595, 1000.000000000000000 ) ;
#3778 = LINE ( 'NONE', #4949, #44 ) ;
#3779 = VECTOR ( 'NONE', #4724, 1000.000000000000000 ) ;
#3780 = PLANE ( 'NONE',  #4454 ) ;
#3781 = CARTESIAN_POINT ( 'NONE',  ( -15.49999999999998757, -68.63603896932107773, 2.999999999999993783 ) ) ;
#3782 = VECTOR ( 'NONE', #4523, 1000.000000000000000 ) ;
#3783 = ORIENTED_EDGE ( 'NONE', *, *, #3140, .T. ) ;
#3784 = EDGE_CURVE ( 'NONE', #4627, #1062, #710, .T. ) ;
#3785 = FACE_OUTER_BOUND ( 'NONE', #3681, .T. ) ;
#3786 = VECTOR ( 'NONE', #3314, 1000.000000000000000 ) ;
#3787 = ORIENTED_EDGE ( 'NONE', *, *, #706, .F. ) ;
#3788 = FACE_OUTER_BOUND ( 'NONE', #1834, .T. ) ;
#3789 = ORIENTED_EDGE ( 'NONE', *, *, #1204, .T. ) ;
#3790 = CARTESIAN_POINT ( 'NONE',  ( 0.000000000000000000, -75.00000000000001421, 0.000000000000000000 ) ) ;
#3791 = VECTOR ( 'NONE', #5107, 1000.000000000000000 ) ;
#3792 = ADVANCED_FACE ( 'NONE', ( #2792 ), #4432, .F. ) ;
#3793 = VECTOR ( 'NONE', #2039, 1000.000000000000000 ) ;
#3794 = DIRECTION ( 'NONE',  ( 0.000000000000000000, 0.000000000000000000, -1.000000000000000000 ) ) ;
#3795 = ORIENTED_EDGE ( 'NONE', *, *, #2262, .F. ) ;
#3796 = CARTESIAN_POINT ( 'NONE',  ( 6.849999999999994316, 80.02664611367346481, 3.000000000000000000 ) ) ;
#3797 = DIRECTION ( 'NONE',  ( 1.000000000000000000, 0.000000000000000000, 0.000000000000000000 ) ) ;
#3798 = CARTESIAN_POINT ( 'NONE',  ( 28.49999999999999645, 82.65803263805820222, 0.000000000000000000 ) ) ;
#3799 = VERTEX_POINT ( 'NONE', #3223 ) ;
#3800 = DIRECTION ( 'NONE',  ( -1.000000000000000000, 5.498853076140251938E-15, 0.000000000000000000 ) ) ;
#3801 = VECTOR ( 'NONE', #4900, 1000.000000000000000 ) ;
#3802 = CARTESIAN_POINT ( 'NONE',  ( 7.999999999999996447, 33.40000000000002700, 29.19999999999999929 ) ) ;
#3803 = VERTEX_POINT ( 'NONE', #3976 ) ;
#3804 = LINE ( 'NONE', #1331, #3357 ) ;
#3805 = ORIENTED_EDGE ( 'NONE', *, *, #1036, .F. ) ;
#3806 = CARTESIAN_POINT ( 'NONE',  ( -11.49999999999997513, 120.6580326380583585, 1.000000000000000000 ) ) ;
#3807 = VECTOR ( 'NONE', #3848, 1000.000000000000114 ) ;
#3808 = EDGE_CURVE ( 'NONE', #1263, #1900, #787, .T. ) ;
#3809 = CARTESIAN_POINT ( 'NONE',  ( 17.14999999999999858, 85.97335388632657782, 3.000000000000000000 ) ) ;
#3810 = LINE ( 'NONE', #4499, #4544 ) ;
#3811 = CARTESIAN_POINT ( 'NONE',  ( 24.50000000000002487, 68.65803263805835854, 0.000000000000000000 ) ) ;
#3812 = CARTESIAN_POINT ( 'NONE',  ( 32.14999999999999858, 72.02664611367326586, 3.000000000000000000 ) ) ;
#3813 = ORIENTED_EDGE ( 'NONE', *, *, #997, .F. ) ;
#3814 = DIRECTION ( 'NONE',  ( -0.000000000000000000, -0.000000000000000000, -1.000000000000000000 ) ) ;
#3815 = CARTESIAN_POINT ( 'NONE',  ( 63.59999999999993747, -68.63603896932107773, -19.74999999999999645 ) ) ;
#3816 = EDGE_CURVE ( 'NONE', #4919, #2405, #1551, .T. ) ;
#3817 = AXIS2_PLACEMENT_3D ( 'NONE', #849, #1329, #1637 ) ;
#3818 = ORIENTED_EDGE ( 'NONE', *, *, #4436, .T. ) ;
#3819 = VECTOR ( 'NONE', #2757, 1000.000000000000000 ) ;
#3820 = CARTESIAN_POINT ( 'NONE',  ( 27.00000000000001066, 55.05329222734688699, 0.000000000000000000 ) ) ;
#3821 = FACE_OUTER_BOUND ( 'NONE', #5067, .T. ) ;
#3822 = EDGE_CURVE ( 'NONE', #1038, #1507, #3998, .T. ) ;
#3823 = EDGE_LOOP ( 'NONE', ( #3205, #2550, #1437, #1860, #3089, #1485, #2510, #3585, #4917, #3775 ) ) ;
#3824 = DIRECTION ( 'NONE',  ( 0.5773502691896257311, 0.5773502691896257311, 0.5773502691896257311 ) ) ;
#3825 = LINE ( 'NONE', #3481, #3791 ) ;
#3826 = VERTEX_POINT ( 'NONE', #3166 ) ;
#3827 = DIRECTION ( 'NONE',  ( 0.000000000000000000, 0.000000000000000000, -1.000000000000000000 ) ) ;
#3828 = ORIENTED_EDGE ( 'NONE', *, *, #2440, .T. ) ;
#3829 = APPLICATION_PROTOCOL_DEFINITION ( 'draft international standard', 'automotive_design', 1998, #2677 ) ;
#3830 = DIRECTION ( 'NONE',  ( -1.387778780781444413E-14, 1.000000000000000000, 0.000000000000000000 ) ) ;
#3831 = LINE ( 'NONE', #3431, #2828 ) ;
#3832 = EDGE_CURVE ( 'NONE', #2724, #1507, #4856, .T. ) ;
#3833 = CARTESIAN_POINT ( 'NONE',  ( -18.14999999999998082, 65.02664611367345060, 3.000000000000000000 ) ) ;
#3834 = CARTESIAN_POINT ( 'NONE',  ( 13.50000000000000533, 88.08068236886873592, 1.000000000000000000 ) ) ;
#3835 = DIRECTION ( 'NONE',  ( 0.4999999999999995004, -0.8660254037844389297, 0.000000000000000000 ) ) ;
#3836 = ORIENTED_EDGE ( 'NONE', *, *, #3690, .T. ) ;
#3837 = DIRECTION ( 'NONE',  ( 1.000000000000000000, 1.163534038764931419E-16, 0.000000000000000000 ) ) ;
#3838 = ORIENTED_EDGE ( 'NONE', *, *, #3094, .T. ) ;
#3839 = LINE ( 'NONE', #2999, #1989 ) ;
#3840 = ORIENTED_EDGE ( 'NONE', *, *, #2766, .T. ) ;
#3841 = EDGE_LOOP ( 'NONE', ( #1200, #4392, #884, #4084, #4010, #895, #2394 ) ) ;
#3842 = PLANE ( 'NONE',  #3619 ) ;
#3843 = DIRECTION ( 'NONE',  ( 0.000000000000000000, 0.000000000000000000, -1.000000000000000000 ) ) ;
#3844 = ORIENTED_EDGE ( 'NONE', *, *, #2691, .T. ) ;
#3845 = DIRECTION ( 'NONE',  ( -0.000000000000000000, -0.000000000000000000, -1.000000000000000000 ) ) ;
#3846 = EDGE_CURVE ( 'NONE', #1369, #2381, #3680, .T. ) ;
#3847 = DIRECTION ( 'NONE',  ( 0.000000000000000000, 0.000000000000000000, -1.000000000000000000 ) ) ;
#3848 = DIRECTION ( 'NONE',  ( -0.7071067811865474617, 0.7071067811865474617, -0.000000000000000000 ) ) ;
#3849 = ORIENTED_EDGE ( 'NONE', *, *, #3396, .T. ) ;
#3850 = CARTESIAN_POINT ( 'NONE',  ( -7.849999999999978328, 65.02664611367345060, 3.000000000000000000 ) ) ;
#3851 = ORIENTED_EDGE ( 'NONE', *, *, #453, .T. ) ;
#3852 = ORIENTED_EDGE ( 'NONE', *, *, #429, .T. ) ;
#3853 = ADVANCED_FACE ( 'NONE', ( #3605 ), #5238, .F. ) ;
#3854 = DIRECTION ( 'NONE',  ( -0.000000000000000000, -0.000000000000000000, -1.000000000000000000 ) ) ;
#3855 = CARTESIAN_POINT ( 'NONE',  ( 13.50000000000001954, 90.65803263805835854, 0.000000000000000000 ) ) ;
#3856 = VECTOR ( 'NONE', #4879, 1000.000000000000000 ) ;
#3857 = CYLINDRICAL_SURFACE ( 'NONE', #920, 7.849999999999996092 ) ;
#3858 = ORIENTED_EDGE ( 'NONE', *, *, #2590, .F. ) ;
#3859 = CARTESIAN_POINT ( 'NONE',  ( 71.40000000000000568, 73.74999999999984368, -169.8835189181103544 ) ) ;
#3860 = PRODUCT_DEFINITION ( 'UNKNOWN', '', #4055, #2111 ) ;
#3861 = VECTOR ( 'NONE', #3677, 1000.000000000000000 ) ;
#3862 = AXIS2_PLACEMENT_3D ( 'NONE', #5010, #2968, #4609 ) ;
#3863 = ORIENTED_EDGE ( 'NONE', *, *, #1356, .F. ) ;
#3864 = CARTESIAN_POINT ( 'NONE',  ( 8.000000000000000000, 3.490602116294795244E-16, 0.000000000000000000 ) ) ;
#3865 = AXIS2_PLACEMENT_3D ( 'NONE', #4884, #2149, #4191 ) ;
#3866 = PLANE ( 'NONE',  #2427 ) ;
#3867 = AXIS2_PLACEMENT_3D ( 'NONE', #1355, #4601, #2588 ) ;
#3868 = VERTEX_POINT ( 'NONE', #1211 ) ;
#3869 = EDGE_CURVE ( 'NONE', #4996, #3445, #2813, .T. ) ;
#3870 = EDGE_CURVE ( 'NONE', #3027, #1049, #3432, .T. ) ;
#3871 = ORIENTED_EDGE ( 'NONE', *, *, #1240, .T. ) ;
#3872 = DIRECTION ( 'NONE',  ( 0.8660254037844374864, 0.5000000000000018874, 0.000000000000000000 ) ) ;
#3873 = AXIS2_PLACEMENT_3D ( 'NONE', #2850, #2454, #907 ) ;
#3874 = LINE ( 'NONE', #4273, #3447 ) ;
#3875 = EDGE_LOOP ( 'NONE', ( #2517, #1824, #647, #2497 ) ) ;
#3876 = VECTOR ( 'NONE', #5128, 1000.000000000000000 ) ;
#3877 = DIRECTION ( 'NONE',  ( 0.000000000000000000, 0.000000000000000000, 1.000000000000000000 ) ) ;
#3878 = LINE ( 'NONE', #263, #4302 ) ;
#3879 = LINE ( 'NONE', #5108, #1917 ) ;
#3880 = VERTEX_POINT ( 'NONE', #4748 ) ;
#3881 = DIRECTION ( 'NONE',  ( 1.000000000000000000, 0.000000000000000000, 0.000000000000000000 ) ) ;
#3882 = ORIENTED_EDGE ( 'NONE', *, *, #5193, .F. ) ;
#3883 = ADVANCED_FACE ( 'NONE', ( #2922 ), #2838, .T. ) ;
#3884 = VECTOR ( 'NONE', #348, 1000.000000000000000 ) ;
#3885 = ORIENTED_EDGE ( 'NONE', *, *, #1853, .F. ) ;
#3886 = LINE ( 'NONE', #3809, #4899 ) ;
#3887 = DIRECTION ( 'NONE',  ( 0.000000000000000000, -1.000000000000000000, 0.000000000000000000 ) ) ;
#3888 = AXIS2_PLACEMENT_3D ( 'NONE', #3646, #1223, #374 ) ;
#3889 = PLANE ( 'NONE',  #3109 ) ;
#3890 = FACE_OUTER_BOUND ( 'NONE', #1548, .T. ) ;
#3891 = VECTOR ( 'NONE', #3382, 1000.000000000000000 ) ;
#3892 = LINE ( 'NONE', #4685, #5143 ) ;
#3893 = ORIENTED_EDGE ( 'NONE', *, *, #5100, .T. ) ;
#3894 = LINE ( 'NONE', #4426, #4969 ) ;
#3895 = CARTESIAN_POINT ( 'NONE',  ( -22.49999999999998934, -75.00000000000001421, 10.00000000000000000 ) ) ;
#3896 = ORIENTED_EDGE ( 'NONE', *, *, #2133, .F. ) ;
#3897 = ORIENTED_EDGE ( 'NONE', *, *, #612, .T. ) ;
#3898 = CARTESIAN_POINT ( 'NONE',  ( 32.14999999999999858, 72.02664611367326586, 3.000000000000000000 ) ) ;
#3899 = EDGE_CURVE ( 'NONE', #289, #3799, #2082, .T. ) ;
#3900 = CARTESIAN_POINT ( 'NONE',  ( 0.000000000000000000, 0.000000000000000000, 0.000000000000000000 ) ) ;
#3901 = ORIENTED_EDGE ( 'NONE', *, *, #1963, .F. ) ;
#3902 = VECTOR ( 'NONE', #5140, 1000.000000000000000 ) ;
#3903 = LINE ( 'NONE', #1881, #4799 ) ;
#3904 = DIRECTION ( 'NONE',  ( 0.000000000000000000, 0.000000000000000000, 1.000000000000000000 ) ) ;
#3905 = VECTOR ( 'NONE', #628, 1000.000000000000000 ) ;
#3906 = LINE ( 'NONE', #3537, #2750 ) ;
#3907 = ORIENTED_EDGE ( 'NONE', *, *, #5077, .F. ) ;
#3908 = VERTEX_POINT ( 'NONE', #4931 ) ;
#3909 = DIRECTION ( 'NONE',  ( 0.000000000000000000, 0.000000000000000000, 1.000000000000000000 ) ) ;
#3910 = DIRECTION ( 'NONE',  ( -1.000000000000000000, -1.387778780781444413E-14, 0.000000000000000000 ) ) ;
#3911 = DIRECTION ( 'NONE',  ( -0.000000000000000000, 1.000000000000000000, -0.000000000000000000 ) ) ;
#3912 = CARTESIAN_POINT ( 'NONE',  ( -16.25000000000000000, 113.0000000000000284, 6.000000000000000000 ) ) ;
#3913 = ORIENTED_EDGE ( 'NONE', *, *, #175, .T. ) ;
#3914 = EDGE_CURVE ( 'NONE', #2702, #3054, #4049, .T. ) ;
#3915 = CARTESIAN_POINT ( 'NONE',  ( 71.09999999999993747, -80.00000000000001421, -24.40000000000004121 ) ) ;
#3916 = DIRECTION ( 'NONE',  ( 0.8660254037844388186, -0.4999999999999997224, 0.000000000000000000 ) ) ;
#3917 = CARTESIAN_POINT ( 'NONE',  ( -16.24999999999998579, 68.00000000000002842, 6.000000000000000000 ) ) ;
#3918 = EDGE_CURVE ( 'NONE', #2381, #3640, #4564, .T. ) ;
#3919 = PLANE ( 'NONE',  #727 ) ;
#3920 = FACE_OUTER_BOUND ( 'NONE', #1714, .T. ) ;
#3921 = ORIENTED_EDGE ( 'NONE', *, *, #585, .T. ) ;
#3922 = VERTEX_POINT ( 'NONE', #3678 ) ;
#3923 = CARTESIAN_POINT ( 'NONE',  ( 9.500000000000010658, 90.65803263805835854, 1.000000000000000000 ) ) ;
#3924 = DIRECTION ( 'NONE',  ( -0.7071067811865500152, 0.7071067811865451302, 0.000000000000000000 ) ) ;
#3925 = EDGE_LOOP ( 'NONE', ( #1885, #23, #1003, #3730 ) ) ;
#3926 = EDGE_CURVE ( 'NONE', #3983, #318, #1235, .T. ) ;
#3927 = FACE_BOUND ( 'NONE', #4770, .T. ) ;
#3928 = FACE_OUTER_BOUND ( 'NONE', #3652, .T. ) ;
#3929 = CARTESIAN_POINT ( 'NONE',  ( -18.15000000000000568, 115.9733538863265636, 3.000000000000000000 ) ) ;
#3930 = VERTEX_POINT ( 'NONE', #2467 ) ;
#3931 = VERTEX_POINT ( 'NONE', #4163 ) ;
#3932 = DIRECTION ( 'NONE',  ( -0.7071067811865484609, -0.000000000000000000, -0.7071067811865465735 ) ) ;
#3933 = EDGE_CURVE ( 'NONE', #3077, #4914, #4075, .T. ) ;
#3934 = CARTESIAN_POINT ( 'NONE',  ( 87.09999999999999432, 73.74999999999985789, -169.8835189181103544 ) ) ;
#3935 = EDGE_CURVE ( 'NONE', #2593, #2502, #890, .T. ) ;
#3936 = CARTESIAN_POINT ( 'NONE',  ( 29.50000000000000000, 82.65803263805818801, 0.000000000000000000 ) ) ;
#3937 = LINE ( 'NONE', #3545, #1609 ) ;
#3938 = ORIENTED_EDGE ( 'NONE', *, *, #769, .F. ) ;
#3939 = CARTESIAN_POINT ( 'NONE',  ( 12.50000000000001776, 88.65803263805835854, 0.000000000000000000 ) ) ;
#3940 = DIRECTION ( 'NONE',  ( -0.000000000000000000, -1.000000000000000000, -0.000000000000000000 ) ) ;
#3941 = DIRECTION ( 'NONE',  ( 0.000000000000000000, 0.000000000000000000, -1.000000000000000000 ) ) ;
#3942 = CARTESIAN_POINT ( 'NONE',  ( 12.00000000000000178, 83.00000000000002842, 6.000000000000000000 ) ) ;
#3943 = VERTEX_POINT ( 'NONE', #4991 ) ;
#3944 = AXIS2_PLACEMENT_3D ( 'NONE', #855, #2939, #534 ) ;
#3945 = COLOUR_RGB ( '',1.000000000000000000, 1.000000000000000000, 1.000000000000000000 ) ;
#3946 = VECTOR ( 'NONE', #3814, 1000.000000000000000 ) ;
#3947 = ORIENTED_EDGE ( 'NONE', *, *, #4769, .F. ) ;
#3948 = DIRECTION ( 'NONE',  ( 0.000000000000000000, 0.000000000000000000, -1.000000000000000000 ) ) ;
#3949 = LINE ( 'NONE', #739, #2404 ) ;
#3950 = VECTOR ( 'NONE', #4317, 1000.000000000000000 ) ;
#3951 = EDGE_CURVE ( 'NONE', #904, #101, #925, .T. ) ;
#3952 = VECTOR ( 'NONE', #3426, 1000.000000000000227 ) ;
#3953 = ORIENTED_EDGE ( 'NONE', *, *, #2383, .F. ) ;
#3954 = CARTESIAN_POINT ( 'NONE',  ( 24.50000000000002487, 68.65803263805835854, 0.000000000000000000 ) ) ;
#3955 = FACE_OUTER_BOUND ( 'NONE', #4433, .T. ) ;
#3956 = FACE_OUTER_BOUND ( 'NONE', #1797, .T. ) ;
#3957 = ORIENTED_EDGE ( 'NONE', *, *, #3951, .F. ) ;
#3958 = AXIS2_PLACEMENT_3D ( 'NONE', #687, #2698, #5133 ) ;
#3959 = ORIENTED_EDGE ( 'NONE', *, *, #815, .F. ) ;
#3960 = ORIENTED_EDGE ( 'NONE', *, *, #2094, .F. ) ;
#3961 = DIRECTION ( 'NONE',  ( 0.000000000000000000, 1.000000000000000000, 0.000000000000000000 ) ) ;
#3962 = LINE ( 'NONE', #1538, #3446 ) ;
#3963 = CARTESIAN_POINT ( 'NONE',  ( 47.99999999999998579, 60.89999999999986358, 0.000000000000000000 ) ) ;
#3964 = ORIENTED_EDGE ( 'NONE', *, *, #1977, .F. ) ;
#3965 = CARTESIAN_POINT ( 'NONE',  ( -22.49999999999998934, -75.00000000000001421, 10.00000000000000000 ) ) ;
#3966 = EDGE_CURVE ( 'NONE', #4809, #4680, #2447, .T. ) ;
#3967 = VECTOR ( 'NONE', #2754, 1000.000000000000000 ) ;
#3968 = CARTESIAN_POINT ( 'NONE',  ( 81.75000000000000000, 61.14553650487244596, 10.00000000000000000 ) ) ;
#3969 = CIRCLE ( 'NONE', #239, 7.849999999999996092 ) ;
#3970 = FACE_OUTER_BOUND ( 'NONE', #3875, .T. ) ;
#3971 = CARTESIAN_POINT ( 'NONE',  ( 32.14999999999999858, 72.02664611367326586, 3.000000000000000000 ) ) ;
#3972 = ORIENTED_EDGE ( 'NONE', *, *, #5130, .F. ) ;
#3973 = VECTOR ( 'NONE', #62, 1000.000000000000000 ) ;
#3974 = ORIENTED_EDGE ( 'NONE', *, *, #4857, .T. ) ;
#3975 = FACE_OUTER_BOUND ( 'NONE', #2000, .T. ) ;
#3976 = CARTESIAN_POINT ( 'NONE',  ( 26.50000000000003553, 68.65803263805835854, 1.000000000000000000 ) ) ;
#3977 = ADVANCED_FACE ( 'NONE', ( #2143 ), #3761, .F. ) ;
#3978 = CARTESIAN_POINT ( 'NONE',  ( 27.49999999999999645, 80.65803263805818801, 1.000000000000000000 ) ) ;
#3979 = LINE ( 'NONE', #4807, #1165 ) ;
#3980 = PLANE ( 'NONE',  #4975 ) ;
#3981 = EDGE_CURVE ( 'NONE', #4258, #2852, #125, .T. ) ;
#3982 = ORIENTED_EDGE ( 'NONE', *, *, #2703, .F. ) ;
#3983 = VERTEX_POINT ( 'NONE', #46 ) ;
#3984 = EDGE_LOOP ( 'NONE', ( #3947, #3765, #4416, #4947 ) ) ;
#3985 = LINE ( 'NONE', #4345, #5163 ) ;
#3986 = DIRECTION ( 'NONE',  ( 0.5000000000000005551, -0.8660254037844383745, 0.000000000000000000 ) ) ;
#3987 = VECTOR ( 'NONE', #2931, 1000.000000000000000 ) ;
#3988 = EDGE_LOOP ( 'NONE', ( #1681, #3532, #2266, #1479 ) ) ;
#3989 = CARTESIAN_POINT ( 'NONE',  ( 0.000000000000000000, 0.000000000000000000, 3.000000000000000000 ) ) ;
#3990 = EDGE_CURVE ( 'NONE', #552, #1130, #2110, .T. ) ;
#3991 = PLANE ( 'NONE',  #3086 ) ;
#3992 = LINE ( 'NONE', #2369, #2332 ) ;
#3993 = LINE ( 'NONE', #2462, #1934 ) ;
#3994 = ORIENTED_EDGE ( 'NONE', *, *, #953, .T. ) ;
#3995 = ORIENTED_EDGE ( 'NONE', *, *, #3624, .T. ) ;
#3996 = CARTESIAN_POINT ( 'NONE',  ( -12.49999999999997513, 118.6580326380583585, 1.000000000000000000 ) ) ;
#3997 = EDGE_LOOP ( 'NONE', ( #3276, #2984, #1848, #1287 ) ) ;
#3998 = LINE ( 'NONE', #4358, #2163 ) ;
#3999 = ORIENTED_EDGE ( 'NONE', *, *, #58, .T. ) ;
#4000 = EDGE_CURVE ( 'NONE', #621, #1174, #3301, .T. ) ;
#4001 = DIRECTION ( 'NONE',  ( -1.000000000000000000, 0.000000000000000000, 0.000000000000000000 ) ) ;
#4002 = PLANE ( 'NONE',  #905 ) ;
#4003 = DIRECTION ( 'NONE',  ( -1.000000000000000000, 0.000000000000000000, 0.000000000000000000 ) ) ;
#4004 = ORIENTED_EDGE ( 'NONE', *, *, #4334, .F. ) ;
#4005 = ORIENTED_EDGE ( 'NONE', *, *, #122, .F. ) ;
#4006 = ADVANCED_FACE ( 'NONE', ( #494 ), #3272, .T. ) ;
#4007 = LINE ( 'NONE', #3588, #2429 ) ;
#4008 = DIRECTION ( 'NONE',  ( -0.000000000000000000, 1.000000000000000000, -0.000000000000000000 ) ) ;
#4009 = ADVANCED_FACE ( 'NONE', ( #1261 ), #2864, .F. ) ;
#4010 = ORIENTED_EDGE ( 'NONE', *, *, #2431, .T. ) ;
#4011 = DIRECTION ( 'NONE',  ( 0.000000000000000000, 0.000000000000000000, -1.000000000000000000 ) ) ;
#4012 = EDGE_CURVE ( 'NONE', #4097, #835, #2949, .T. ) ;
#4013 = DIRECTION ( 'NONE',  ( 6.938893903907228378E-17, -1.000000000000000000, -0.000000000000000000 ) ) ;
#4014 = VERTEX_POINT ( 'NONE', #3654 ) ;
#4015 = CARTESIAN_POINT ( 'NONE',  ( 32.15000000000001279, 63.97335388632660624, 3.000000000000000000 ) ) ;
#4016 = DIRECTION ( 'NONE',  ( 0.000000000000000000, 0.000000000000000000, -1.000000000000000000 ) ) ;
#4017 = DIRECTION ( 'NONE',  ( 0.000000000000000000, 1.000000000000000000, 0.000000000000000000 ) ) ;
#4018 = ADVANCED_FACE ( 'NONE', ( #22 ), #571, .F. ) ;
#4019 = VERTEX_POINT ( 'NONE', #2196 ) ;
#4020 = AXIS2_PLACEMENT_3D ( 'NONE', #2355, #1936, #713 ) ;
#4021 = ORIENTED_EDGE ( 'NONE', *, *, #4072, .F. ) ;
#4022 = LINE ( 'NONE', #4798, #2008 ) ;
#4023 = VECTOR ( 'NONE', #448, 1000.000000000000000 ) ;
#4024 = CARTESIAN_POINT ( 'NONE',  ( -14.49999999999997513, 120.6580326380583585, 1.000000000000000000 ) ) ;
#4025 = EDGE_CURVE ( 'NONE', #77, #1369, #4667, .T. ) ;
#4026 = VECTOR ( 'NONE', #3298, 1000.000000000000000 ) ;
#4027 = LINE ( 'NONE', #2327, #4193 ) ;
#4028 = VECTOR ( 'NONE', #4445, 1000.000000000000000 ) ;
#4029 = DIRECTION ( 'NONE',  ( 0.000000000000000000, 0.000000000000000000, -1.000000000000000000 ) ) ;
#4030 = FACE_OUTER_BOUND ( 'NONE', #2835, .T. ) ;
#4031 = AXIS2_PLACEMENT_3D ( 'NONE', #3040, #1035, #4280 ) ;
#4032 = EDGE_LOOP ( 'NONE', ( #2445, #3067, #1904, #1927 ) ) ;
#4033 = VECTOR ( 'NONE', #3061, 1000.000000000000000 ) ;
#4034 = EDGE_LOOP ( 'NONE', ( #5099, #4257, #3011, #4543 ) ) ;
#4035 = DIRECTION ( 'NONE',  ( 0.000000000000000000, 0.000000000000000000, -1.000000000000000000 ) ) ;
#4036 = LINE ( 'NONE', #2021, #4206 ) ;
#4037 = CIRCLE ( 'NONE', #1073, 12.84999999999998721 ) ;
#4038 = ORIENTED_EDGE ( 'NONE', *, *, #1498, .T. ) ;
#4039 = DIRECTION ( 'NONE',  ( -1.000000000000000000, 0.000000000000000000, 0.000000000000000000 ) ) ;
#4040 = EDGE_CURVE ( 'NONE', #2725, #445, #2632, .T. ) ;
#4041 = AXIS2_PLACEMENT_3D ( 'NONE', #4646, #2174, #233 ) ;
#4042 = DIRECTION ( 'NONE',  ( 1.000000000000000000, 0.000000000000000000, 9.912705577010325549E-17 ) ) ;
#4043 = DIRECTION ( 'NONE',  ( -0.8660254037844383745, 0.5000000000000004441, 0.000000000000000000 ) ) ;
#4044 = EDGE_CURVE ( 'NONE', #2773, #1624, #198, .T. ) ;
#4045 = EDGE_LOOP ( 'NONE', ( #367, #5041 ) ) ;
#4046 = VECTOR ( 'NONE', #1926, 1000.000000000000000 ) ;
#4047 = ORIENTED_EDGE ( 'NONE', *, *, #3364, .F. ) ;
#4048 = CARTESIAN_POINT ( 'NONE',  ( 27.00000000000001066, 61.00000000000003553, 6.000000000000000000 ) ) ;
#4049 = LINE ( 'NONE', #4483, #2819 ) ;
#4050 = VECTOR ( 'NONE', #4235, 1000.000000000000000 ) ;
#4051 = VECTOR ( 'NONE', #5198, 1000.000000000000000 ) ;
#4052 = EDGE_LOOP ( 'NONE', ( #5182, #3650, #2868, #1930, #1300 ) ) ;
#4053 = EDGE_CURVE ( 'NONE', #1501, #4019, #2215, .T. ) ;
#4054 = CARTESIAN_POINT ( 'NONE',  ( 27.50000000000003553, 68.65803263805835854, 1.000000000000000000 ) ) ;
#4055 = PRODUCT_DEFINITION_FORMATION_WITH_SPECIFIED_SOURCE ( 'ANY', '', #3371, .NOT_KNOWN. ) ;
#4056 = LINE ( 'NONE', #2927, #1922 ) ;
#4057 = DIRECTION ( 'NONE',  ( 9.912705577010325549E-17, 0.000000000000000000, -1.000000000000000000 ) ) ;
#4058 = VERTEX_POINT ( 'NONE', #1421 ) ;
#4059 = VERTEX_POINT ( 'NONE', #1370 ) ;
#4060 = EDGE_LOOP ( 'NONE', ( #4184, #30, #113, #96 ) ) ;
#4061 = EDGE_CURVE ( 'NONE', #3027, #4299, #4242, .T. ) ;
#4062 = DIRECTION ( 'NONE',  ( -0.8660254037844381525, -0.5000000000000007772, 0.000000000000000000 ) ) ;
#4063 = PLANE ( 'NONE',  #2334 ) ;
#4064 = VERTEX_POINT ( 'NONE', #3028 ) ;
#4065 = CARTESIAN_POINT ( 'NONE',  ( 63.59999999999993747, -80.00000000000001421, -15.25000000000000533 ) ) ;
#4066 = EDGE_CURVE ( 'NONE', #4059, #1081, #1815, .T. ) ;
#4067 = VECTOR ( 'NONE', #2232, 1000.000000000000000 ) ;
#4068 = PLANE ( 'NONE',  #459 ) ;
#4069 = LINE ( 'NONE', #5204, #3105 ) ;
#4070 = ORIENTED_EDGE ( 'NONE', *, *, #2333, .T. ) ;
#4071 = DIRECTION ( 'NONE',  ( -0.5000000000000001110, -0.8660254037844385966, 0.000000000000000000 ) ) ;
#4072 = EDGE_CURVE ( 'NONE', #4834, #70, #3774, .T. ) ;
#4073 = ORIENTED_EDGE ( 'NONE', *, *, #466, .T. ) ;
#4074 = CARTESIAN_POINT ( 'NONE',  ( -1.499999999999997780, -79.40000000000004832, -25.00000000000000000 ) ) ;
#4075 = LINE ( 'NONE', #4132, #1143 ) ;
#4076 = LINE ( 'NONE', #3655, #2272 ) ;
#4077 = ADVANCED_FACE ( 'NONE', ( #1791 ), #2552, .F. ) ;
#4078 = EDGE_CURVE ( 'NONE', #3826, #2023, #3839, .T. ) ;
#4079 = DIRECTION ( 'NONE',  ( 0.000000000000000000, -1.000000000000000000, 0.000000000000000000 ) ) ;
#4080 = FACE_OUTER_BOUND ( 'NONE', #2366, .T. ) ;
#4081 = DIRECTION ( 'NONE',  ( -0.000000000000000000, 0.000000000000000000, -1.000000000000000000 ) ) ;
#4082 = ORIENTED_EDGE ( 'NONE', *, *, #2177, .T. ) ;
#4083 = ADVANCED_FACE ( 'NONE', ( #541 ), #2169, .F. ) ;
#4084 = ORIENTED_EDGE ( 'NONE', *, *, #666, .T. ) ;
#4085 = DIRECTION ( 'NONE',  ( 0.000000000000000000, 0.000000000000000000, 1.000000000000000000 ) ) ;
#4086 = CARTESIAN_POINT ( 'NONE',  ( 11.50000000000001776, 88.65803263805835854, 1.000000000000000000 ) ) ;
#4087 = PLANE ( 'NONE',  #1973 ) ;
#4088 = ORIENTED_EDGE ( 'NONE', *, *, #1940, .T. ) ;
#4089 = CARTESIAN_POINT ( 'NONE',  ( -22.49999999999998934, 121.0000000000000426, 6.000000000000000000 ) ) ;
#4090 = ADVANCED_FACE ( 'NONE', ( #2132 ), #2909, .F. ) ;
#4091 = ADVANCED_FACE ( 'NONE', ( #4584 ), #962, .F. ) ;
#4092 = LINE ( 'NONE', #3291, #2093 ) ;
#4093 = CARTESIAN_POINT ( 'NONE',  ( 14.50000000000001954, 90.65803263805835854, 0.000000000000000000 ) ) ;
#4094 = ORIENTED_EDGE ( 'NONE', *, *, #3396, .F. ) ;
#4095 = DIRECTION ( 'NONE',  ( -0.000000000000000000, 1.000000000000000000, -0.000000000000000000 ) ) ;
#4096 = ORIENTED_EDGE ( 'NONE', *, *, #1611, .F. ) ;
#4097 = VERTEX_POINT ( 'NONE', #2101 ) ;
#4098 = LINE ( 'NONE', #98, #3168 ) ;
#4099 = CARTESIAN_POINT ( 'NONE',  ( 81.28923311626485315, 66.16949683084750689, -169.8835189181103544 ) ) ;
#4100 = CARTESIAN_POINT ( 'NONE',  ( 6.849999999999994316, 85.97335388632657782, 0.000000000000000000 ) ) ;
#4101 = EDGE_CURVE ( 'NONE', #1050, #4650, #3264, .T. ) ;
#4102 = FILL_AREA_STYLE_COLOUR ( '', #3945 ) ;
#4103 = AXIS2_PLACEMENT_3D ( 'NONE', #3361, #4507, #1682 ) ;
#4104 = ORIENTED_EDGE ( 'NONE', *, *, #1605, .F. ) ;
#4105 = CARTESIAN_POINT ( 'NONE',  ( 26.49999999999999645, 80.65803263805818801, 0.000000000000000000 ) ) ;
#4106 = EDGE_CURVE ( 'NONE', #1283, #1819, #1733, .T. ) ;
#4107 = DIRECTION ( 'NONE',  ( 0.000000000000000000, 0.4472135954999579832, -0.8944271909999159664 ) ) ;
#4108 = VERTEX_POINT ( 'NONE', #2458 ) ;
#4109 = AXIS2_PLACEMENT_3D ( 'NONE', #1522, #3137, #4764 ) ;
#4110 = VERTEX_POINT ( 'NONE', #938 ) ;
#4111 = VECTOR ( 'NONE', #3754, 1000.000000000000000 ) ;
#4112 = FACE_OUTER_BOUND ( 'NONE', #1095, .T. ) ;
#4113 = DIRECTION ( 'NONE',  ( 0.8660254037844382635, 0.5000000000000006661, 0.000000000000000000 ) ) ;
#4114 = AXIS2_PLACEMENT_3D ( 'NONE', #2282, #3484, #1484 ) ;
#4115 = DIRECTION ( 'NONE',  ( 0.8660254037844369313, -0.5000000000000029976, 0.000000000000000000 ) ) ;
#4116 = VECTOR ( 'NONE', #3824, 999.9999999999998863 ) ;
#4117 = DIRECTION ( 'NONE',  ( 0.000000000000000000, 0.000000000000000000, -1.000000000000000000 ) ) ;
#4118 = ORIENTED_EDGE ( 'NONE', *, *, #1416, .F. ) ;
#4119 = LINE ( 'NONE', #3806, #3891 ) ;
#4120 = VECTOR ( 'NONE', #2801, 1000.000000000000000 ) ;
#4121 = AXIS2_PLACEMENT_3D ( 'NONE', #3900, #5047, #2695 ) ;
#4122 = CARTESIAN_POINT ( 'NONE',  ( 76.72542584212146721, -75.00000000000001421, 10.00000000000000000 ) ) ;
#4123 = PLANE ( 'NONE',  #2746 ) ;
#4124 = VECTOR ( 'NONE', #1214, 1000.000000000000000 ) ;
#4125 = EDGE_CURVE ( 'NONE', #4650, #2811, #1275, .T. ) ;
#4126 = DIRECTION ( 'NONE',  ( 0.5000000000000004441, -0.8660254037844383745, 0.000000000000000000 ) ) ;
#4127 = ORIENTED_EDGE ( 'NONE', *, *, #1699, .T. ) ;
#4128 = AXIS2_PLACEMENT_3D ( 'NONE', #2374, #1164, #4768 ) ;
#4129 = ORIENTED_EDGE ( 'NONE', *, *, #1853, .T. ) ;
#4130 = LINE ( 'NONE', #2109, #889 ) ;
#4131 = ORIENTED_EDGE ( 'NONE', *, *, #3005, .T. ) ;
#4132 = CARTESIAN_POINT ( 'NONE',  ( 29.50000000000003553, 65.50333209967911330, 1.000000000000000000 ) ) ;
#4133 = VECTOR ( 'NONE', #4328, 1000.000000000000000 ) ;
#4134 = ORIENTED_EDGE ( 'NONE', *, *, #1892, .F. ) ;
#4135 = LINE ( 'NONE', #4509, #3220 ) ;
#4136 = VERTEX_POINT ( 'NONE', #4553 ) ;
#4137 = CARTESIAN_POINT ( 'NONE',  ( 0.000000000000000000, 0.000000000000000000, 1.000000000000000000 ) ) ;
#4138 = EDGE_CURVE ( 'NONE', #2372, #118, #2855, .T. ) ;
#4139 = AXIS2_PLACEMENT_3D ( 'NONE', #4838, #1140, #1555 ) ;
#4140 = VECTOR ( 'NONE', #2548, 1000.000000000000000 ) ;
#4141 = DIRECTION ( 'NONE',  ( -0.000000000000000000, -0.000000000000000000, -1.000000000000000000 ) ) ;
#4142 = ORIENTED_EDGE ( 'NONE', *, *, #866, .F. ) ;
#4143 = ORIENTED_EDGE ( 'NONE', *, *, #429, .F. ) ;
#4144 = ORIENTED_EDGE ( 'NONE', *, *, #3391, .T. ) ;
#4145 = DIRECTION ( 'NONE',  ( -0.000000000000000000, 0.000000000000000000, 1.000000000000000000 ) ) ;
#4146 = ADVANCED_FACE ( 'NONE', ( #2544 ), #1700, .T. ) ;
#4147 = CARTESIAN_POINT ( 'NONE',  ( 11.99999999999999645, 77.05329222734688699, 0.000000000000000000 ) ) ;
#4148 = DIRECTION ( 'NONE',  ( 0.000000000000000000, -0.000000000000000000, 1.000000000000000000 ) ) ;
#4149 = LINE ( 'NONE', #1753, #1823 ) ;
#4150 = VERTEX_POINT ( 'NONE', #2158 ) ;
#4151 = VERTEX_POINT ( 'NONE', #4122 ) ;
#4152 = DIRECTION ( 'NONE',  ( -0.7071067811865474617, -0.7071067811865474617, -0.000000000000000000 ) ) ;
#4153 = EDGE_CURVE ( 'NONE', #1514, #1970, #3778, .T. ) ;
#4154 = CARTESIAN_POINT ( 'NONE',  ( 77.69999999999990337, 77.69999999999990337, -0.000000000000000000 ) ) ;
#4155 = DIRECTION ( 'NONE',  ( -1.000000000000000000, 9.104796650538006064E-15, 0.000000000000000000 ) ) ;
#4156 = ORIENTED_EDGE ( 'NONE', *, *, #2645, .F. ) ;
#4157 = DIRECTION ( 'NONE',  ( 0.000000000000000000, 1.000000000000000000, 0.000000000000000000 ) ) ;
#4158 = EDGE_LOOP ( 'NONE', ( #2738, #4407, #1620, #2173, #3065, #4118, #4994, #2461, #2559, #2114 ) ) ;
#4159 = ADVANCED_FACE ( 'NONE', ( #4897 ), #1759, .T. ) ;
#4160 = VECTOR ( 'NONE', #295, 1000.000000000000000 ) ;
#4161 = EDGE_LOOP ( 'NONE', ( #3486, #4495, #5125, #1589 ) ) ;
#4162 = CARTESIAN_POINT ( 'NONE',  ( 0.000000000000000000, -80.00000000000001421, 9.400000000000011013 ) ) ;
#4163 = CARTESIAN_POINT ( 'NONE',  ( 81.75000000000000000, 65.70872994711236004, 10.00000000000000000 ) ) ;
#4164 = DIRECTION ( 'NONE',  ( 0.000000000000000000, 0.000000000000000000, 1.000000000000000000 ) ) ;
#4165 = ORIENTED_EDGE ( 'NONE', *, *, #146, .F. ) ;
#4166 = CARTESIAN_POINT ( 'NONE',  ( -15.49999999999998757, -80.00000000000001421, 0.7499999999999933387 ) ) ;
#4167 = ORIENTED_EDGE ( 'NONE', *, *, #5193, .T. ) ;
#4168 = CARTESIAN_POINT ( 'NONE',  ( -7.849999999999978328, 70.97335388632660624, 3.000000000000000000 ) ) ;
#4169 = DIRECTION ( 'NONE',  ( 0.000000000000000000, 0.000000000000000000, 1.000000000000000000 ) ) ;
#4170 = EDGE_CURVE ( 'NONE', #4827, #3475, #3319, .T. ) ;
#4171 = VERTEX_POINT ( 'NONE', #63 ) ;
#4172 = CARTESIAN_POINT ( 'NONE',  ( 7.849999999999997868, 37.97335388632660624, 3.000000000000000000 ) ) ;
#4173 = EDGE_CURVE ( 'NONE', #1995, #1341, #1251, .T. ) ;
#4174 = DIRECTION ( 'NONE',  ( 0.000000000000000000, -1.000000000000000000, 0.000000000000000000 ) ) ;
#4175 = CARTESIAN_POINT ( 'NONE',  ( -11.49999999999997513, 120.6580326380583585, 1.000000000000000000 ) ) ;
#4176 = ORIENTED_EDGE ( 'NONE', *, *, #1356, .T. ) ;
#4177 = CARTESIAN_POINT ( 'NONE',  ( 26.49999999999999645, 80.65803263805818801, 1.000000000000000000 ) ) ;
#4178 = DIRECTION ( 'NONE',  ( 0.000000000000000000, 1.000000000000000000, -0.000000000000000000 ) ) ;
#4179 = CARTESIAN_POINT ( 'NONE',  ( 71.40000000000000568, 83.99999999999981526, -169.8835189181103544 ) ) ;
#4180 = LINE ( 'NONE', #3811, #3283 ) ;
#4182 = EDGE_CURVE ( 'NONE', #318, #4194, #2521, .T. ) ;
#4181 = VERTEX_POINT ( 'NONE', #115 ) ;
#4183 = DIRECTION ( 'NONE',  ( 0.5043916028644296334, -0.7477913032523794135, 0.4317375102304172318 ) ) ;
#4184 = ORIENTED_EDGE ( 'NONE', *, *, #148, .T. ) ;
#4185 = DIRECTION ( 'NONE',  ( -0.000000000000000000, 1.000000000000000000, -0.000000000000000000 ) ) ;
#4186 = DIRECTION ( 'NONE',  ( -0.000000000000000000, 0.000000000000000000, -1.000000000000000000 ) ) ;
#4187 = ORIENTED_EDGE ( 'NONE', *, *, #2026, .F. ) ;
#4188 = CARTESIAN_POINT ( 'NONE',  ( 79.25000000000000000, 73.74999999999985789, -169.8835189181103544 ) ) ;
#4189 = ORIENTED_EDGE ( 'NONE', *, *, #86, .T. ) ;
#4190 = CARTESIAN_POINT ( 'NONE',  ( 0.000000000000000000, -75.00000000000001421, 0.000000000000000000 ) ) ;
#4191 = DIRECTION ( 'NONE',  ( -6.938893903907227145E-17, 1.000000000000000000, 0.000000000000000000 ) ) ;
#4192 = ADVANCED_FACE ( 'NONE', ( #1728 ), #1673, .F. ) ;
#4193 = VECTOR ( 'NONE', #391, 1000.000000000000000 ) ;
#4194 = VERTEX_POINT ( 'NONE', #1643 ) ;
#4195 = CARTESIAN_POINT ( 'NONE',  ( -10.49999999999997513, 120.6580326380583585, 1.000000000000000000 ) ) ;
#4196 = LINE ( 'NONE', #4916, #5071 ) ;
#4197 = DIRECTION ( 'NONE',  ( -0.8660254037844369313, 0.5000000000000029976, 0.000000000000000000 ) ) ;
#4198 = VERTEX_POINT ( 'NONE', #513 ) ;
#4199 = AXIS2_PLACEMENT_3D ( 'NONE', #618, #5069, #595 ) ;
#4200 = ORIENTED_EDGE ( 'NONE', *, *, #1921, .F. ) ;
#4201 = CARTESIAN_POINT ( 'NONE',  ( -10.49999999999997513, 120.6580326380583585, 1.000000000000000000 ) ) ;
#4202 = DIRECTION ( 'NONE',  ( -0.000000000000000000, 1.000000000000000000, -0.000000000000000000 ) ) ;
#4203 = VECTOR ( 'NONE', #5096, 1000.000000000000000 ) ;
#4204 = DIRECTION ( 'NONE',  ( -0.000000000000000000, -0.000000000000000000, -1.000000000000000000 ) ) ;
#4205 = DIRECTION ( 'NONE',  ( -0.000000000000000000, -0.000000000000000000, -1.000000000000000000 ) ) ;
#4206 = VECTOR ( 'NONE', #4419, 1000.000000000000000 ) ;
#4207 = EDGE_CURVE ( 'NONE', #2023, #1705, #4092, .T. ) ;
#4208 = CARTESIAN_POINT ( 'NONE',  ( 71.40000000000000568, 84.99999999999984368, 6.000000000000000000 ) ) ;
#4209 = VECTOR ( 'NONE', #2182, 1000.000000000000000 ) ;
#4210 = ORIENTED_EDGE ( 'NONE', *, *, #3552, .F. ) ;
#4211 = EDGE_CURVE ( 'NONE', #4893, #2679, #4522, .T. ) ;
#4212 = CARTESIAN_POINT ( 'NONE',  ( 21.85000000000000853, 63.97335388632659203, 3.000000000000000000 ) ) ;
#4213 = CARTESIAN_POINT ( 'NONE',  ( 14.50000000000001954, 90.65803263805835854, 0.000000000000000000 ) ) ;
#4214 = VECTOR ( 'NONE', #4511, 1000.000000000000000 ) ;
#4215 = ORIENTED_EDGE ( 'NONE', *, *, #3784, .T. ) ;
#4216 = ORIENTED_EDGE ( 'NONE', *, *, #2839, .T. ) ;
#4217 = DIRECTION ( 'NONE',  ( -0.000000000000000000, -0.000000000000000000, -1.000000000000000000 ) ) ;
#4218 = CARTESIAN_POINT ( 'NONE',  ( -1.499999999999997780, -80.00000000000001421, -25.00000000000000000 ) ) ;
#4219 = CIRCLE ( 'NONE', #484, 2.250000000000000888 ) ;
#4220 = EDGE_LOOP ( 'NONE', ( #5216, #3251, #3974, #5097, #2275, #3546, #4716 ) ) ;
#4221 = EDGE_CURVE ( 'NONE', #5191, #1705, #2599, .T. ) ;
#4222 = FACE_OUTER_BOUND ( 'NONE', #2222, .T. ) ;
#4223 = AXIS2_PLACEMENT_3D ( 'NONE', #4791, #15, #1625 ) ;
#4224 = DIRECTION ( 'NONE',  ( 1.000000000000000000, 0.000000000000000000, 0.000000000000000000 ) ) ;
#4225 = DIRECTION ( 'NONE',  ( 0.000000000000000000, 0.000000000000000000, 1.000000000000000000 ) ) ;
#4226 = ORIENTED_EDGE ( 'NONE', *, *, #1186, .T. ) ;
#4227 = CARTESIAN_POINT ( 'NONE',  ( 7.849999999999997868, 37.97335388632660624, 3.000000000000000000 ) ) ;
#4228 = ORIENTED_EDGE ( 'NONE', *, *, #5254, .T. ) ;
#4229 = PRODUCT_CONTEXT ( 'NONE', #3012, 'mechanical' ) ;
#4230 = VECTOR ( 'NONE', #2890, 1000.000000000000227 ) ;
#4231 = CARTESIAN_POINT ( 'NONE',  ( 23.74999999999999289, 74.99999999999984368, 6.000000000000000000 ) ) ;
#4232 = EDGE_CURVE ( 'NONE', #3768, #911, #269, .T. ) ;
#4233 = CARTESIAN_POINT ( 'NONE',  ( -7.849999999999978328, 70.97335388632660624, 3.000000000000000000 ) ) ;
#4234 = LINE ( 'NONE', #3936, #3262 ) ;
#4235 = DIRECTION ( 'NONE',  ( -0.000000000000000000, -0.000000000000000000, -1.000000000000000000 ) ) ;
#4236 = DIRECTION ( 'NONE',  ( 0.000000000000000000, 0.000000000000000000, 1.000000000000000000 ) ) ;
#4237 = EDGE_CURVE ( 'NONE', #2373, #1911, #3488, .T. ) ;
#4238 = LINE ( 'NONE', #5118, #3383 ) ;
#4239 = ORIENTED_EDGE ( 'NONE', *, *, #4527, .T. ) ;
#4240 = LINE ( 'NONE', #4687, #5232 ) ;
#4241 = ADVANCED_FACE ( 'NONE', ( #2647, #1065 ), #5112, .T. ) ;
#4242 = LINE ( 'NONE', #3815, #1644 ) ;
#4243 = ORIENTED_EDGE ( 'NONE', *, *, #1156, .F. ) ;
#4244 = EDGE_CURVE ( 'NONE', #291, #3280, #1784, .T. ) ;
#4245 = VECTOR ( 'NONE', #3311, 1000.000000000000000 ) ;
#4246 = VERTEX_POINT ( 'NONE', #4233 ) ;
#4247 = FACE_BOUND ( 'NONE', #236, .T. ) ;
#4248 = PLANE ( 'NONE',  #4121 ) ;
#4249 = EDGE_CURVE ( 'NONE', #4872, #5168, #1438, .T. ) ;
#4250 = ORIENTED_EDGE ( 'NONE', *, *, #4379, .F. ) ;
#4251 = LINE ( 'NONE', #3454, #2617 ) ;
#4252 = CARTESIAN_POINT ( 'NONE',  ( 28.49999999999999645, 82.65803263805820222, 1.000000000000000000 ) ) ;
#4253 = DIRECTION ( 'NONE',  ( -1.000000000000000000, 0.000000000000000000, 0.000000000000000000 ) ) ;
#4254 = ORIENTED_EDGE ( 'NONE', *, *, #5077, .T. ) ;
#4255 = FACE_OUTER_BOUND ( 'NONE', #1559, .T. ) ;
#4256 = ADVANCED_FACE ( 'NONE', ( #1461 ), #3044, .F. ) ;
#4257 = ORIENTED_EDGE ( 'NONE', *, *, #453, .F. ) ;
#4258 = VERTEX_POINT ( 'NONE', #1489 ) ;
#4259 = CARTESIAN_POINT ( 'NONE',  ( 25.50000000000000000, 82.65803263805821643, 1.000000000000000000 ) ) ;
#4260 = DIRECTION ( 'NONE',  ( 0.000000000000000000, -0.000000000000000000, 1.000000000000000000 ) ) ;
#4261 = FACE_OUTER_BOUND ( 'NONE', #851, .T. ) ;
#4262 = EDGE_CURVE ( 'NONE', #2952, #3473, #5137, .T. ) ;
#4263 = FACE_BOUND ( 'NONE', #3557, .T. ) ;
#4264 = ADVANCED_FACE ( 'NONE', ( #1836 ), #2675, .F. ) ;
#4265 = PLANE ( 'NONE',  #657 ) ;
#4266 = ORIENTED_EDGE ( 'NONE', *, *, #2737, .T. ) ;
#4267 = LINE ( 'NONE', #1047, #978 ) ;
#4268 = VECTOR ( 'NONE', #4845, 1000.000000000000227 ) ;
#4269 = CARTESIAN_POINT ( 'NONE',  ( 32.14999999999999858, 77.97335388632642150, 0.000000000000000000 ) ) ;
#4270 = LINE ( 'NONE', #2687, #1418 ) ;
#4271 = ORIENTED_EDGE ( 'NONE', *, *, #4125, .T. ) ;
#4272 = CARTESIAN_POINT ( 'NONE',  ( 6.849999999999994316, 85.97335388632657782, 0.000000000000000000 ) ) ;
#4273 = CARTESIAN_POINT ( 'NONE',  ( -15.49999999999998757, -68.63603896932107773, 5.249999999999994671 ) ) ;
#4274 = EDGE_CURVE ( 'NONE', #101, #2004, #609, .T. ) ;
#4275 = ORIENTED_EDGE ( 'NONE', *, *, #1114, .T. ) ;
#4276 = FACE_OUTER_BOUND ( 'NONE', #4746, .T. ) ;
#4277 = EDGE_CURVE ( 'NONE', #3695, #5094, #2188, .T. ) ;
#4278 = CARTESIAN_POINT ( 'NONE',  ( 12.00000000000000355, 88.94670777265318407, 1.000000000000000000 ) ) ;
#4279 = PLANE ( 'NONE',  #4998 ) ;
#4280 = DIRECTION ( 'NONE',  ( 0.7071067811865490160, -0.7071067811865460184, 0.000000000000000000 ) ) ;
#4281 = AXIS2_PLACEMENT_3D ( 'NONE', #3581, #1115, #2745 ) ;
#4282 = ORIENTED_EDGE ( 'NONE', *, *, #369, .F. ) ;
#4283 = ORIENTED_EDGE ( 'NONE', *, *, #3544, .F. ) ;
#4284 = DIRECTION ( 'NONE',  ( -0.000000000000000000, 0.000000000000000000, -1.000000000000000000 ) ) ;
#4285 = FACE_OUTER_BOUND ( 'NONE', #1640, .T. ) ;
#4286 = VECTOR ( 'NONE', #947, 1000.000000000000114 ) ;
#4287 = DIRECTION ( 'NONE',  ( 0.000000000000000000, 0.000000000000000000, -1.000000000000000000 ) ) ;
#4288 = ORIENTED_EDGE ( 'NONE', *, *, #830, .F. ) ;
#4289 = DIRECTION ( 'NONE',  ( -0.000000000000000000, -0.000000000000000000, -1.000000000000000000 ) ) ;
#4290 = VECTOR ( 'NONE', #1282, 1000.000000000000000 ) ;
#4291 = EDGE_CURVE ( 'NONE', #1049, #5044, #3100, .T. ) ;
#4292 = VECTOR ( 'NONE', #93, 1000.000000000000000 ) ;
#4293 = CARTESIAN_POINT ( 'NONE',  ( -18.14999999999998082, 65.02664611367345060, 0.000000000000000000 ) ) ;
#4294 = ORIENTED_EDGE ( 'NONE', *, *, #1173, .F. ) ;
#4295 = CARTESIAN_POINT ( 'NONE',  ( 12.50000000000001776, 88.65803263805835854, 1.000000000000000000 ) ) ;
#4296 = AXIS2_PLACEMENT_3D ( 'NONE', #4227, #606, #211 ) ;
#4297 = EDGE_LOOP ( 'NONE', ( #747, #394, #2053, #1027 ) ) ;
#4298 = PLANE ( 'NONE',  #1928 ) ;
#4299 = VERTEX_POINT ( 'NONE', #4736 ) ;
#4300 = ORIENTED_EDGE ( 'NONE', *, *, #3364, .T. ) ;
#4301 = CARTESIAN_POINT ( 'NONE',  ( 12.00000000000000355, 88.94670777265318407, 0.000000000000000000 ) ) ;
#4302 = VECTOR ( 'NONE', #1882, 999.9999999999998863 ) ;
#4303 = DIRECTION ( 'NONE',  ( 0.000000000000000000, -0.000000000000000000, 1.000000000000000000 ) ) ;
#4304 = ORIENTED_EDGE ( 'NONE', *, *, #3499, .T. ) ;
#4305 = VECTOR ( 'NONE', #464, 1000.000000000000000 ) ;
#4306 = ADVANCED_FACE ( 'NONE', ( #1098 ), #2985, .F. ) ;
#4307 = CARTESIAN_POINT ( 'NONE',  ( -17.50000000000000000, 58.00000000000003553, 6.000000000000000000 ) ) ;
#4308 = FACE_OUTER_BOUND ( 'NONE', #2716, .T. ) ;
#4309 = DIRECTION ( 'NONE',  ( 0.000000000000000000, 1.000000000000000000, -0.000000000000000000 ) ) ;
#4310 = ORIENTED_EDGE ( 'NONE', *, *, #2710, .T. ) ;
#4311 = CARTESIAN_POINT ( 'NONE',  ( 24.50000000000002487, 65.50333209967911330, 1.000000000000000000 ) ) ;
#4312 = ORIENTED_EDGE ( 'NONE', *, *, #2899, .F. ) ;
#4313 = AXIS2_PLACEMENT_3D ( 'NONE', #2052, #407, #2788 ) ;
#4314 = EDGE_CURVE ( 'NONE', #1263, #4872, #637, .T. ) ;
#4315 = CARTESIAN_POINT ( 'NONE',  ( 3.000000000000008882, -67.00000000000000000, 10.00000000000000000 ) ) ;
#4316 = DIRECTION ( 'NONE',  ( -1.000000000000000000, 0.000000000000000000, 0.000000000000000000 ) ) ;
#4317 = DIRECTION ( 'NONE',  ( 0.000000000000000000, 0.000000000000000000, 1.000000000000000000 ) ) ;
#4318 = LINE ( 'NONE', #4709, #3902 ) ;
#4319 = ORIENTED_EDGE ( 'NONE', *, *, #4237, .F. ) ;
#4320 = AXIS2_PLACEMENT_3D ( 'NONE', #3771, #1298, #3342 ) ;
#4321 = VECTOR ( 'NONE', #3236, 1000.000000000000000 ) ;
#4322 = DIRECTION ( 'NONE',  ( 0.8660254037844382635, -0.5000000000000004441, 0.000000000000000000 ) ) ;
#4323 = CARTESIAN_POINT ( 'NONE',  ( 26.50000000000003553, 66.65803263805835854, 1.000000000000000000 ) ) ;
#4324 = VECTOR ( 'NONE', #936, 1000.000000000000114 ) ;
#4325 = LINE ( 'NONE', #4715, #1908 ) ;
#4326 = ORIENTED_EDGE ( 'NONE', *, *, #4654, .T. ) ;
#4327 = DIRECTION ( 'NONE',  ( 0.000000000000000000, 0.000000000000000000, -1.000000000000000000 ) ) ;
#4328 = DIRECTION ( 'NONE',  ( -0.000000000000000000, -1.000000000000000000, -0.000000000000000000 ) ) ;
#4329 = EDGE_CURVE ( 'NONE', #3687, #4490, #3886, .T. ) ;
#4330 = VERTEX_POINT ( 'NONE', #3410 ) ;
#4331 = ORIENTED_EDGE ( 'NONE', *, *, #207, .T. ) ;
#4332 = DIRECTION ( 'NONE',  ( -0.000000000000000000, 0.000000000000000000, -1.000000000000000000 ) ) ;
#4333 = CARTESIAN_POINT ( 'NONE',  ( 17.14999999999999858, 85.97335388632657782, 3.000000000000000000 ) ) ;
#4334 = EDGE_CURVE ( 'NONE', #3066, #1388, #4629, .T. ) ;
#4335 = ORIENTED_EDGE ( 'NONE', *, *, #2681, .F. ) ;
#4336 = VECTOR ( 'NONE', #1886, 1000.000000000000000 ) ;
#4337 = LINE ( 'NONE', #2794, #204 ) ;
#4338 = LINE ( 'NONE', #3802, #2761 ) ;
#4339 = VECTOR ( 'NONE', #1033, 1000.000000000000000 ) ;
#4340 = CARTESIAN_POINT ( 'NONE',  ( -12.49999999999997513, 120.6580326380583585, 1.000000000000000000 ) ) ;
#4341 = EDGE_LOOP ( 'NONE', ( #5203, #3060, #1864, #1576 ) ) ;
#4342 = DIRECTION ( 'NONE',  ( 0.000000000000000000, 0.000000000000000000, 1.000000000000000000 ) ) ;
#4343 = ORIENTED_EDGE ( 'NONE', *, *, #3935, .T. ) ;
#4344 = CARTESIAN_POINT ( 'NONE',  ( 92.09999999999999432, -75.00000000000001421, -4.000000000000010658 ) ) ;
#4345 = CARTESIAN_POINT ( 'NONE',  ( 29.50000000000003553, 68.65803263805835854, 0.000000000000000000 ) ) ;
#4346 = CARTESIAN_POINT ( 'NONE',  ( 76.75000000000000000, 60.89999999999987068, 6.000000000000000000 ) ) ;
#4347 = DIRECTION ( 'NONE',  ( 0.000000000000000000, 1.000000000000000000, 0.000000000000000000 ) ) ;
#4348 = ORIENTED_EDGE ( 'NONE', *, *, #5104, .T. ) ;
#4349 = DIRECTION ( 'NONE',  ( -0.8660254037844388186, 0.4999999999999997224, 0.000000000000000000 ) ) ;
#4350 = CARTESIAN_POINT ( 'NONE',  ( 91.50000000000000000, -80.00000000000001421, 10.00000000000000000 ) ) ;
#4351 = ADVANCED_FACE ( 'NONE', ( #246 ), #217, .F. ) ;
#4352 = DIRECTION ( 'NONE',  ( -1.000000000000000000, 0.000000000000000000, 0.000000000000000000 ) ) ;
#4353 = ORIENTED_EDGE ( 'NONE', *, *, #858, .T. ) ;
#4354 = DIRECTION ( 'NONE',  ( 1.000000000000000000, 0.000000000000000000, 0.000000000000000000 ) ) ;
#4355 = ORIENTED_EDGE ( 'NONE', *, *, #2960, .F. ) ;
#4356 = ORIENTED_EDGE ( 'NONE', *, *, #1593, .T. ) ;
#4357 = DIRECTION ( 'NONE',  ( -0.000000000000000000, -0.000000000000000000, -1.000000000000000000 ) ) ;
#4358 = CARTESIAN_POINT ( 'NONE',  ( 27.49999999999999645, 80.65803263805818801, 1.000000000000000000 ) ) ;
#4359 = PLANE ( 'NONE',  #3399 ) ;
#4360 = CARTESIAN_POINT ( 'NONE',  ( -22.49999999999998934, -79.40000000000001990, 10.00000000000000000 ) ) ;
#4361 = DIRECTION ( 'NONE',  ( 0.000000000000000000, 0.000000000000000000, -1.000000000000000000 ) ) ;
#4362 = EDGE_CURVE ( 'NONE', #574, #3908, #2335, .T. ) ;
#4363 = DIRECTION ( 'NONE',  ( -1.000000000000000000, 3.812579068080894480E-16, 0.000000000000000000 ) ) ;
#4364 = ORIENTED_EDGE ( 'NONE', *, *, #5001, .F. ) ;
#4365 = ORIENTED_EDGE ( 'NONE', *, *, #2570, .F. ) ;
#4366 = CARTESIAN_POINT ( 'NONE',  ( 27.00000000000001066, 61.00000000000003553, 6.000000000000000000 ) ) ;
#4367 = DIRECTION ( 'NONE',  ( 0.8660254037844382635, 0.5000000000000004441, 0.000000000000000000 ) ) ;
#4368 = DIRECTION ( 'NONE',  ( -0.8660254037844383745, 0.5000000000000004441, 0.000000000000000000 ) ) ;
#4369 = ORIENTED_EDGE ( 'NONE', *, *, #3981, .F. ) ;
#4370 = DIRECTION ( 'NONE',  ( 0.000000000000000000, 0.000000000000000000, 1.000000000000000000 ) ) ;
#4371 = AXIS2_PLACEMENT_3D ( 'NONE', #4832, #2742, #2399 ) ;
#4372 = CARTESIAN_POINT ( 'NONE',  ( -14.49999999999997513, 118.0806823688687217, 0.000000000000000000 ) ) ;
#4373 = EDGE_CURVE ( 'NONE', #1172, #1309, #3985, .T. ) ;
#4374 = CYLINDRICAL_SURFACE ( 'NONE', #1061, 3.250000000000004441 ) ;
#4375 = CARTESIAN_POINT ( 'NONE',  ( 27.50000000000003553, 66.65803263805835854, 1.000000000000000000 ) ) ;
#4376 = ORIENTED_EDGE ( 'NONE', *, *, #5190, .F. ) ;
#4377 = VECTOR ( 'NONE', #4352, 1000.000000000000000 ) ;
#4378 = CIRCLE ( 'NONE', #4628, 13.71805379782421674 ) ;
#4379 = EDGE_CURVE ( 'NONE', #4767, #5168, #1617, .T. ) ;
#4380 = VECTOR ( 'NONE', #4115, 1000.000000000000000 ) ;
#4381 = ORIENTED_EDGE ( 'NONE', *, *, #4182, .T. ) ;
#4382 = DIRECTION ( 'NONE',  ( -1.000000000000000000, 0.000000000000000000, 0.000000000000000000 ) ) ;
#4383 = DIRECTION ( 'NONE',  ( -0.000000000000000000, -0.000000000000000000, -1.000000000000000000 ) ) ;
#4384 = VECTOR ( 'NONE', #3512, 1000.000000000000000 ) ;
#4385 = VECTOR ( 'NONE', #5244, 1000.000000000000000 ) ;
#4386 = CARTESIAN_POINT ( 'NONE',  ( 63.59999999999993747, -75.00000000000001421, -15.25000000000000533 ) ) ;
#4387 = DIRECTION ( 'NONE',  ( -0.8660254037844388186, -0.4999999999999997224, 0.000000000000000000 ) ) ;
#4388 = DIRECTION ( 'NONE',  ( -1.000000000000000000, 0.000000000000000000, -0.000000000000000000 ) ) ;
#4389 = VERTEX_POINT ( 'NONE', #4815 ) ;
#4390 = EDGE_CURVE ( 'NONE', #103, #4893, #3614, .T. ) ;
#4391 = VECTOR ( 'NONE', #4174, 1000.000000000000000 ) ;
#4392 = ORIENTED_EDGE ( 'NONE', *, *, #4795, .T. ) ;
#4393 = ORIENTED_EDGE ( 'NONE', *, *, #2891, .F. ) ;
#4394 = CARTESIAN_POINT ( 'NONE',  ( 38.00000000000000711, -28.23340756724423883, -1.616703783622136514 ) ) ;
#4395 = LINE ( 'NONE', #1969, #1652 ) ;
#4396 = CARTESIAN_POINT ( 'NONE',  ( -1.499999999999997780, -79.40000000000004832, -25.00000000000000000 ) ) ;
#4397 = VERTEX_POINT ( 'NONE', #3128 ) ;
#4398 = LINE ( 'NONE', #1150, #1765 ) ;
#4399 = VECTOR ( 'NONE', #2566, 1000.000000000000000 ) ;
#4400 = CARTESIAN_POINT ( 'NONE',  ( -9.750000000000000000, 113.0000000000000284, 6.000000000000000000 ) ) ;
#4401 = VECTOR ( 'NONE', #4446, 1000.000000000000000 ) ;
#4402 = CARTESIAN_POINT ( 'NONE',  ( 28.50000000000003553, 65.50333209967911330, 0.000000000000000000 ) ) ;
#4403 = ORIENTED_EDGE ( 'NONE', *, *, #1266, .F. ) ;
#4404 = DIRECTION ( 'NONE',  ( 0.000000000000000000, -1.000000000000000000, 0.000000000000000000 ) ) ;
#4405 = VERTEX_POINT ( 'NONE', #1517 ) ;
#4406 = ADVANCED_FACE ( 'NONE', ( #795 ), #3567, .F. ) ;
#4407 = ORIENTED_EDGE ( 'NONE', *, *, #3508, .T. ) ;
#4408 = DIRECTION ( 'NONE',  ( -1.000000000000000000, 0.000000000000000000, 0.000000000000000000 ) ) ;
#4409 = DIRECTION ( 'NONE',  ( 0.000000000000000000, -0.000000000000000000, 1.000000000000000000 ) ) ;
#4410 = DIRECTION ( 'NONE',  ( 0.7071067811865490160, -0.7071067811865460184, 0.000000000000000000 ) ) ;
#4411 = CARTESIAN_POINT ( 'NONE',  ( 85.09999999999998010, -75.00000000000001421, 5.249999999999992006 ) ) ;
#4412 = ADVANCED_FACE ( 'NONE', ( #3151 ), #2407, .T. ) ;
#4413 = DIRECTION ( 'NONE',  ( 0.000000000000000000, -1.000000000000000000, 0.000000000000000000 ) ) ;
#4414 = EDGE_LOOP ( 'NONE', ( #999, #2198, #746, #4575 ) ) ;
#4415 = VERTEX_POINT ( 'NONE', #2020 ) ;
#4416 = ORIENTED_EDGE ( 'NONE', *, *, #3469, .T. ) ;
#4417 = DIRECTION ( 'NONE',  ( -0.000000000000000000, 0.000000000000000000, -1.000000000000000000 ) ) ;
#4418 = AXIS2_PLACEMENT_3D ( 'NONE', #1776, #4675, #4651 ) ;
#4419 = DIRECTION ( 'NONE',  ( 1.000000000000000000, 0.000000000000000000, 0.000000000000000000 ) ) ;
#4420 = ADVANCED_FACE ( 'NONE', ( #292 ), #1968, .F. ) ;
#4421 = VERTEX_POINT ( 'NONE', #1916 ) ;
#4422 = CARTESIAN_POINT ( 'NONE',  ( 7.666666666666675845, -62.33333333333330017, -18.66666666666666785 ) ) ;
#4423 = ORIENTED_EDGE ( 'NONE', *, *, #800, .F. ) ;
#4424 = LINE ( 'NONE', #403, #2435 ) ;
#4425 = CARTESIAN_POINT ( 'NONE',  ( 17.14999999999999858, 85.97335388632657782, 3.000000000000000000 ) ) ;
#4426 = CARTESIAN_POINT ( 'NONE',  ( 26.50000000000003553, 66.65803263805835854, 1.000000000000000000 ) ) ;
#4427 = EDGE_CURVE ( 'NONE', #1665, #3120, #6, .T. ) ;
#4428 = CARTESIAN_POINT ( 'NONE',  ( 27.00000000000001066, 61.00000000000003553, 6.000000000000000000 ) ) ;
#4429 = ORIENTED_EDGE ( 'NONE', *, *, #381, .T. ) ;
#4430 = ORIENTED_EDGE ( 'NONE', *, *, #3087, .T. ) ;
#4431 = LINE ( 'NONE', #308, #2258 ) ;
#4432 = PLANE ( 'NONE',  #2659 ) ;
#4433 = EDGE_LOOP ( 'NONE', ( #2674, #2605, #5110, #2320 ) ) ;
#4434 = DIRECTION ( 'NONE',  ( 0.8660254037844369313, -0.5000000000000029976, 0.000000000000000000 ) ) ;
#4435 = LINE ( 'NONE', #4457, #737 ) ;
#4436 = EDGE_CURVE ( 'NONE', #3224, #350, #4007, .T. ) ;
#4437 = LINE ( 'NONE', #2402, #3611 ) ;
#4438 = VECTOR ( 'NONE', #756, 1000.000000000000000 ) ;
#4439 = VERTEX_POINT ( 'NONE', #1219 ) ;
#4440 = DIRECTION ( 'NONE',  ( 0.000000000000000000, -1.000000000000000000, 0.000000000000000000 ) ) ;
#4441 = EDGE_CURVE ( 'NONE', #5170, #388, #694, .T. ) ;
#4442 = CARTESIAN_POINT ( 'NONE',  ( -15.49999999999998757, -75.00000000000001421, 0.7499999999999933387 ) ) ;
#4443 = ORIENTED_EDGE ( 'NONE', *, *, #1605, .T. ) ;
#4444 = DIRECTION ( 'NONE',  ( 0.000000000000000000, 1.000000000000000000, 0.000000000000000000 ) ) ;
#4445 = DIRECTION ( 'NONE',  ( -0.000000000000000000, -0.000000000000000000, -1.000000000000000000 ) ) ;
#4446 = DIRECTION ( 'NONE',  ( -0.000000000000000000, -1.000000000000000000, -0.000000000000000000 ) ) ;
#4447 = ORIENTED_EDGE ( 'NONE', *, *, #1138, .F. ) ;
#4448 = EDGE_CURVE ( 'NONE', #4181, #882, #5171, .T. ) ;
#4449 = ORIENTED_EDGE ( 'NONE', *, *, #3159, .T. ) ;
#4450 = CARTESIAN_POINT ( 'NONE',  ( -14.49999999999997513, 118.0806823688687217, 1.000000000000000000 ) ) ;
#4451 = VECTOR ( 'NONE', #5263, 1000.000000000000114 ) ;
#4452 = ORIENTED_EDGE ( 'NONE', *, *, #1638, .F. ) ;
#4453 = DIRECTION ( 'NONE',  ( -0.000000000000000000, -0.000000000000000000, -1.000000000000000000 ) ) ;
#4454 = AXIS2_PLACEMENT_3D ( 'NONE', #1307, #2459, #64 ) ;
#4455 = VECTOR ( 'NONE', #2887, 1000.000000000000000 ) ;
#4456 = VECTOR ( 'NONE', #751, 1000.000000000000000 ) ;
#4457 = CARTESIAN_POINT ( 'NONE',  ( -11.49999999999997513, 120.6580326380583585, 0.000000000000000000 ) ) ;
#4458 = LINE ( 'NONE', #768, #4886 ) ;
#4459 = ADVANCED_FACE ( 'NONE', ( #2727 ), #322, .F. ) ;
#4460 = VECTOR ( 'NONE', #2844, 999.9999999999998863 ) ;
#4461 = ORIENTED_EDGE ( 'NONE', *, *, #298, .F. ) ;
#4462 = EDGE_CURVE ( 'NONE', #957, #516, #750, .T. ) ;
#4463 = DIRECTION ( 'NONE',  ( 0.8660254037844369313, -0.5000000000000029976, 0.000000000000000000 ) ) ;
#4464 = PLANE ( 'NONE',  #1231 ) ;
#4465 = ORIENTED_EDGE ( 'NONE', *, *, #3219, .T. ) ;
#4466 = AXIS2_PLACEMENT_3D ( 'NONE', #4137, #2842, #3277 ) ;
#4467 = ORIENTED_EDGE ( 'NONE', *, *, #2520, .F. ) ;
#4468 = CARTESIAN_POINT ( 'NONE',  ( 63.59999999999993747, -80.00000000000001421, -17.50000000000000000 ) ) ;
#4469 = EDGE_CURVE ( 'NONE', #425, #1119, #4219, .T. ) ;
#4470 = VECTOR ( 'NONE', #1372, 1000.000000000000000 ) ;
#4471 = CARTESIAN_POINT ( 'NONE',  ( 31.21320343559665034, 84.99999999999985789, 0.000000000000000000 ) ) ;
#4473 = EDGE_CURVE ( 'NONE', #954, #4405, #3181, .T. ) ;
#4472 = ORIENTED_EDGE ( 'NONE', *, *, #2321, .F. ) ;
#4474 = AXIS2_PLACEMENT_3D ( 'NONE', #1888, #3830, #3910 ) ;
#4475 = CARTESIAN_POINT ( 'NONE',  ( 92.09999999999999432, -80.00000000000001421, 10.00000000000000000 ) ) ;
#4476 = EDGE_CURVE ( 'NONE', #531, #4894, #2779, .T. ) ;
#4477 = ORIENTED_EDGE ( 'NONE', *, *, #2234, .F. ) ;
#4478 = LINE ( 'NONE', #5015, #1935 ) ;
#4479 = AXIS2_PLACEMENT_3D ( 'NONE', #1703, #1763, #4587 ) ;
#4480 = ORIENTED_EDGE ( 'NONE', *, *, #1280, .F. ) ;
#4481 = DIRECTION ( 'NONE',  ( -1.000000000000000000, 0.000000000000000000, 0.000000000000000000 ) ) ;
#4482 = EDGE_CURVE ( 'NONE', #3428, #2798, #1025, .T. ) ;
#4483 = CARTESIAN_POINT ( 'NONE',  ( 73.72936497355617291, 73.72936497355617291, 6.000000000000000000 ) ) ;
#4484 = VECTOR ( 'NONE', #3492, 1000.000000000000000 ) ;
#4485 = CARTESIAN_POINT ( 'NONE',  ( 43.00000000000000711, -67.00000000000002842, 0.000000000000000000 ) ) ;
#4486 = DIRECTION ( 'NONE',  ( -0.000000000000000000, 1.000000000000000000, -0.000000000000000000 ) ) ;
#4487 = PLANE ( 'NONE',  #4548 ) ;
#4488 = EDGE_CURVE ( 'NONE', #2502, #3930, #1048, .T. ) ;
#4489 = ORIENTED_EDGE ( 'NONE', *, *, #2255, .F. ) ;
#4490 = VERTEX_POINT ( 'NONE', #278 ) ;
#4491 = ORIENTED_EDGE ( 'NONE', *, *, #5021, .F. ) ;
#4492 = CARTESIAN_POINT ( 'NONE',  ( 17.14999999999999858, 80.02664611367346481, 0.000000000000000000 ) ) ;
#4493 = DIRECTION ( 'NONE',  ( 1.163534038764931419E-16, -1.000000000000000000, 0.000000000000000000 ) ) ;
#4494 = ORIENTED_EDGE ( 'NONE', *, *, #1940, .F. ) ;
#4495 = ORIENTED_EDGE ( 'NONE', *, *, #2512, .F. ) ;
#4496 = DIRECTION ( 'NONE',  ( 0.000000000000000000, 0.000000000000000000, 1.000000000000000000 ) ) ;
#4497 = DIRECTION ( 'NONE',  ( 0.000000000000000000, 0.000000000000000000, 1.000000000000000000 ) ) ;
#4498 = AXIS2_PLACEMENT_3D ( 'NONE', #4813, #5111, #3909 ) ;
#4499 = CARTESIAN_POINT ( 'NONE',  ( 21.85000000000000497, 72.02664611367329428, 0.000000000000000000 ) ) ;
#4500 = ORIENTED_EDGE ( 'NONE', *, *, #3444, .T. ) ;
#4501 = ORIENTED_EDGE ( 'NONE', *, *, #4173, .F. ) ;
#4502 = CARTESIAN_POINT ( 'NONE',  ( -12.49999999999997513, 118.6580326380583585, 0.000000000000000000 ) ) ;
#4503 = VERTEX_POINT ( 'NONE', #2346 ) ;
#4504 = EDGE_CURVE ( 'NONE', #4533, #574, #3472, .T. ) ;
#4505 = VERTEX_POINT ( 'NONE', #2657 ) ;
#4506 = CARTESIAN_POINT ( 'NONE',  ( -22.49999999999998579, -75.00000000000001421, -25.00000000000000000 ) ) ;
#4507 = DIRECTION ( 'NONE',  ( 1.000000000000000000, 0.000000000000000000, 0.000000000000000000 ) ) ;
#4508 = CARTESIAN_POINT ( 'NONE',  ( 27.00000000000001066, 61.00000000000003553, 3.000000000000000000 ) ) ;
#4509 = CARTESIAN_POINT ( 'NONE',  ( 1.101830417300350584, -68.89816958269967984, 6.477106566022250433 ) ) ;
#4510 = ORIENTED_EDGE ( 'NONE', *, *, #3225, .F. ) ;
#4511 = DIRECTION ( 'NONE',  ( -0.000000000000000000, -1.000000000000000000, -0.000000000000000000 ) ) ;
#4512 = LINE ( 'NONE', #846, #54 ) ;
#4513 = ORIENTED_EDGE ( 'NONE', *, *, #18, .T. ) ;
#4514 = ORIENTED_EDGE ( 'NONE', *, *, #4053, .T. ) ;
#4515 = ADVANCED_FACE ( 'NONE', ( #733 ), #4298, .F. ) ;
#4516 = DIRECTION ( 'NONE',  ( -0.000000000000000000, 0.000000000000000000, -1.000000000000000000 ) ) ;
#4517 = LINE ( 'NONE', #1357, #990 ) ;
#4518 = DIRECTION ( 'NONE',  ( -0.000000000000000000, -0.000000000000000000, -1.000000000000000000 ) ) ;
#4519 = ORIENTED_EDGE ( 'NONE', *, *, #2305, .F. ) ;
#4520 = ORIENTED_EDGE ( 'NONE', *, *, #3056, .F. ) ;
#4521 = CARTESIAN_POINT ( 'NONE',  ( 87.09999999999999432, 73.74999999999985789, 0.000000000000000000 ) ) ;
#4522 = LINE ( 'NONE', #880, #1762 ) ;
#4523 = DIRECTION ( 'NONE',  ( 0.000000000000000000, -1.000000000000000000, 0.000000000000000000 ) ) ;
#4524 = LINE ( 'NONE', #3322, #573 ) ;
#4525 = EDGE_CURVE ( 'NONE', #4812, #3943, #3053, .T. ) ;
#4526 = EDGE_LOOP ( 'NONE', ( #61, #4556, #1697, #1942 ) ) ;
#4527 = EDGE_CURVE ( 'NONE', #1328, #1624, #4743, .T. ) ;
#4528 = ORIENTED_EDGE ( 'NONE', *, *, #1240, .F. ) ;
#4529 = DIRECTION ( 'NONE',  ( 0.5773502691896278405, -0.5773502691896217343, -0.5773502691896278405 ) ) ;
#4530 = DIRECTION ( 'NONE',  ( 0.000000000000000000, 0.000000000000000000, -1.000000000000000000 ) ) ;
#4531 = LINE ( 'NONE', #2144, #2770 ) ;
#4532 = EDGE_CURVE ( 'NONE', #4150, #1313, #154, .T. ) ;
#4533 = VERTEX_POINT ( 'NONE', #2319 ) ;
#4534 = LINE ( 'NONE', #2867, #700 ) ;
#4535 = VECTOR ( 'NONE', #2974, 1000.000000000000000 ) ;
#4536 = ORIENTED_EDGE ( 'NONE', *, *, #216, .F. ) ;
#4537 = LINE ( 'NONE', #104, #5156 ) ;
#4538 = PLANE ( 'NONE',  #731 ) ;
#4539 = VERTEX_POINT ( 'NONE', #703 ) ;
#4540 = ORIENTED_EDGE ( 'NONE', *, *, #706, .T. ) ;
#4541 = EDGE_CURVE ( 'NONE', #3640, #681, #3553, .T. ) ;
#4542 = VECTOR ( 'NONE', #2213, 1000.000000000000000 ) ;
#4543 = ORIENTED_EDGE ( 'NONE', *, *, #2971, .T. ) ;
#4544 = VECTOR ( 'NONE', #1889, 1000.000000000000000 ) ;
#4545 = LINE ( 'NONE', #2476, #3987 ) ;
#4546 = DIRECTION ( 'NONE',  ( 0.000000000000000000, 0.000000000000000000, 1.000000000000000000 ) ) ;
#4547 = DIRECTION ( 'NONE',  ( 1.000000000000000000, -0.000000000000000000, -0.000000000000000000 ) ) ;
#4548 = AXIS2_PLACEMENT_3D ( 'NONE', #1716, #161, #3249 ) ;
#4549 = DIRECTION ( 'NONE',  ( 0.8660254037844374864, 0.5000000000000018874, 0.000000000000000000 ) ) ;
#4550 = EDGE_CURVE ( 'NONE', #3880, #2031, #2014, .T. ) ;
#4551 = ORIENTED_EDGE ( 'NONE', *, *, #3469, .F. ) ;
#4552 = FACE_OUTER_BOUND ( 'NONE', #2325, .T. ) ;
#4553 = CARTESIAN_POINT ( 'NONE',  ( -13.49999999999997513, 118.6580326380583585, 0.000000000000000000 ) ) ;
#4554 = LINE ( 'NONE', #1276, #3782 ) ;
#4555 = CIRCLE ( 'NONE', #4725, 3.249999999999999556 ) ;
#4556 = ORIENTED_EDGE ( 'NONE', *, *, #4875, .F. ) ;
#4557 = CARTESIAN_POINT ( 'NONE',  ( 92.09999999999999432, -79.40000000000001990, -4.000000000000010658 ) ) ;
#4558 = EDGE_LOOP ( 'NONE', ( #1256, #620, #1201, #3638 ) ) ;
#4559 = FACE_OUTER_BOUND ( 'NONE', #1610, .T. ) ;
#4560 = VECTOR ( 'NONE', #2611, 1000.000000000000000 ) ;
#4561 = ORIENTED_EDGE ( 'NONE', *, *, #3651, .T. ) ;
#4562 = CARTESIAN_POINT ( 'NONE',  ( 43.00000000000000000, 55.89999999999984936, -169.8835189181103544 ) ) ;
#4563 = VERTEX_POINT ( 'NONE', #4375 ) ;
#4564 = LINE ( 'NONE', #864, #3252 ) ;
#4565 = VECTOR ( 'NONE', #1523, 1000.000000000000000 ) ;
#4566 = ADVANCED_FACE ( 'NONE', ( #3920 ), #1128, .F. ) ;
#4567 = ORIENTED_EDGE ( 'NONE', *, *, #4640, .F. ) ;
#4568 = CARTESIAN_POINT ( 'NONE',  ( 32.14999999999999858, 72.02664611367326586, 0.000000000000000000 ) ) ;
#4569 = EDGE_LOOP ( 'NONE', ( #3422, #333, #3783, #3738 ) ) ;
#4570 = DIRECTION ( 'NONE',  ( 0.8660254037844383745, -0.5000000000000004441, 0.000000000000000000 ) ) ;
#4571 = VECTOR ( 'NONE', #4547, 1000.000000000000000 ) ;
#4572 = VECTOR ( 'NONE', #1520, 1000.000000000000000 ) ;
#4573 = CARTESIAN_POINT ( 'NONE',  ( 28.49999999999999645, 82.65803263805820222, 1.000000000000000000 ) ) ;
#4574 = EDGE_CURVE ( 'NONE', #3758, #2688, #4270, .T. ) ;
#4575 = ORIENTED_EDGE ( 'NONE', *, *, #3048, .F. ) ;
#4576 = PLANE ( 'NONE',  #590 ) ;
#4577 = ADVANCED_FACE ( 'NONE', ( #5070 ), #3866, .F. ) ;
#4578 = FACE_OUTER_BOUND ( 'NONE', #3514, .T. ) ;
#4579 = LINE ( 'NONE', #424, #2018 ) ;
#4580 = DIRECTION ( 'NONE',  ( -0.8660254037844381525, 0.5000000000000007772, 0.000000000000000000 ) ) ;
#4581 = EDGE_LOOP ( 'NONE', ( #1080, #2945, #5017 ) ) ;
#4582 = CARTESIAN_POINT ( 'NONE',  ( 27.50000000000003553, 68.65803263805835854, 0.000000000000000000 ) ) ;
#4583 = ADVANCED_FACE ( 'NONE', ( #3029 ), #4668, .F. ) ;
#4584 = FACE_OUTER_BOUND ( 'NONE', #2636, .T. ) ;
#4585 = LINE ( 'NONE', #4179, #2489 ) ;
#4586 = DIRECTION ( 'NONE',  ( 0.000000000000000000, 0.000000000000000000, 1.000000000000000000 ) ) ;
#4587 = DIRECTION ( 'NONE',  ( -1.000000000000000000, 0.000000000000000000, 0.000000000000000000 ) ) ;
#4588 = VERTEX_POINT ( 'NONE', #619 ) ;
#4589 = CARTESIAN_POINT ( 'NONE',  ( 7.849999999999997868, 37.97335388632660624, 3.000000000000000000 ) ) ;
#4590 = ADVANCED_FACE ( 'NONE', ( #1847 ), #3111, .F. ) ;
#4591 = VERTEX_POINT ( 'NONE', #5124 ) ;
#4592 = DIRECTION ( 'NONE',  ( -0.000000000000000000, 1.000000000000000000, -0.000000000000000000 ) ) ;
#4593 = ORIENTED_EDGE ( 'NONE', *, *, #866, .T. ) ;
#4594 = CARTESIAN_POINT ( 'NONE',  ( -11.03523642073511191, 22.20163322016379936, 6.000000000000000000 ) ) ;
#4595 = DIRECTION ( 'NONE',  ( 0.000000000000000000, 0.000000000000000000, 1.000000000000000000 ) ) ;
#4596 = ORIENTED_EDGE ( 'NONE', *, *, #1730, .F. ) ;
#4597 = DIRECTION ( 'NONE',  ( 0.8660254037844395958, 0.4999999999999981681, 0.000000000000000000 ) ) ;
#4598 = DIRECTION ( 'NONE',  ( 0.000000000000000000, -1.000000000000000000, 0.000000000000000000 ) ) ;
#4599 = EDGE_LOOP ( 'NONE', ( #1540, #3999, #3743, #697 ) ) ;
#4600 = EDGE_CURVE ( 'NONE', #852, #4151, #2268, .T. ) ;
#4601 = DIRECTION ( 'NONE',  ( -0.000000000000000000, -0.000000000000000000, -1.000000000000000000 ) ) ;
#4602 = CARTESIAN_POINT ( 'NONE',  ( 27.49999999999999645, 80.65803263805818801, 1.000000000000000000 ) ) ;
#4603 = ORIENTED_EDGE ( 'NONE', *, *, #4979, .T. ) ;
#4604 = DIRECTION ( 'NONE',  ( -0.000000000000000000, 1.000000000000000000, -0.000000000000000000 ) ) ;
#4605 = ORIENTED_EDGE ( 'NONE', *, *, #1085, .T. ) ;
#4606 = CARTESIAN_POINT ( 'NONE',  ( 87.67561686334961735, 84.57561686334940987, 5.999999999999998224 ) ) ;
#4607 = EDGE_CURVE ( 'NONE', #4591, #4732, #3622, .T. ) ;
#4608 = DIRECTION ( 'NONE',  ( 0.000000000000000000, 1.000000000000000000, 0.000000000000000000 ) ) ;
#4609 = DIRECTION ( 'NONE',  ( -1.000000000000000000, 0.000000000000000000, 0.000000000000000000 ) ) ;
#4610 = CARTESIAN_POINT ( 'NONE',  ( 81.75000000000000000, 66.30872994711238277, 6.000000000000000000 ) ) ;
#4611 = LINE ( 'NONE', #2883, #3464 ) ;
#4612 = VECTOR ( 'NONE', #867, 1000.000000000000227 ) ;
#4613 = EDGE_LOOP ( 'NONE', ( #2758, #807, #2403, #5154 ) ) ;
#4614 = CARTESIAN_POINT ( 'NONE',  ( -7.000000000000006217, 58.00000000000003553, 0.000000000000000000 ) ) ;
#4615 = CARTESIAN_POINT ( 'NONE',  ( -12.99999999999997868, 118.9467077726531556, 3.000000000000000000 ) ) ;
#4616 = EDGE_CURVE ( 'NONE', #882, #5022, #4069, .T. ) ;
#4617 = VERTEX_POINT ( 'NONE', #1648 ) ;
#4618 = ORIENTED_EDGE ( 'NONE', *, *, #3019, .F. ) ;
#4619 = CARTESIAN_POINT ( 'NONE',  ( 76.75000000000000000, 66.30872994711238277, 10.00000000000000000 ) ) ;
#4620 = CARTESIAN_POINT ( 'NONE',  ( 32.15000000000001279, 63.97335388632660624, 0.000000000000000000 ) ) ;
#4621 = ADVANCED_FACE ( 'NONE', ( #5258 ), #1185, .F. ) ;
#4622 = ORIENTED_EDGE ( 'NONE', *, *, #4504, .T. ) ;
#4623 = CARTESIAN_POINT ( 'NONE',  ( 28.49999999999999645, 80.08068236886856539, 0.000000000000000000 ) ) ;
#4624 = CARTESIAN_POINT ( 'NONE',  ( 91.89999999999999147, -79.60000000000002274, -4.200000000000006395 ) ) ;
#4625 = FACE_OUTER_BOUND ( 'NONE', #1141, .T. ) ;
#4626 = LINE ( 'NONE', #379, #3786 ) ;
#4627 = VERTEX_POINT ( 'NONE', #5230 ) ;
#4628 = AXIS2_PLACEMENT_3D ( 'NONE', #5033, #2882, #4155 ) ;
#4629 = LINE ( 'NONE', #1383, #3193 ) ;
#4630 = VECTOR ( 'NONE', #782, 1000.000000000000000 ) ;
#4631 = PLANE ( 'NONE',  #2170 ) ;
#4632 = LINE ( 'NONE', #1413, #3479 ) ;
#4633 = AXIS2_PLACEMENT_3D ( 'NONE', #825, #2045, #2385 ) ;
#4634 = DIRECTION ( 'NONE',  ( 0.000000000000000000, 0.000000000000000000, 1.000000000000000000 ) ) ;
#4635 = ADVANCED_FACE ( 'NONE', ( #1952 ), #836, .F. ) ;
#4636 = VECTOR ( 'NONE', #1663, 1000.000000000000000 ) ;
#4637 = EDGE_CURVE ( 'NONE', #1597, #680, #4873, .T. ) ;
#4638 = EDGE_LOOP ( 'NONE', ( #395, #1429, #1771, #80 ) ) ;
#4639 = CARTESIAN_POINT ( 'NONE',  ( 18.14999999999999503, 37.97335388632660624, 3.000000000000000000 ) ) ;
#4640 = EDGE_CURVE ( 'NONE', #4732, #2871, #428, .T. ) ;
#4641 = ORIENTED_EDGE ( 'NONE', *, *, #106, .T. ) ;
#4642 = DIRECTION ( 'NONE',  ( 0.000000000000000000, -1.000000000000000000, 0.000000000000000000 ) ) ;
#4643 = AXIS2_PLACEMENT_3D ( 'NONE', #2775, #743, #4029 ) ;
#4644 = VERTEX_POINT ( 'NONE', #3648 ) ;
#4645 = ADVANCED_FACE ( 'NONE', ( #2858 ), #2442, .F. ) ;
#4646 = CARTESIAN_POINT ( 'NONE',  ( -15.49999999999998757, -75.00000000000001421, 2.999999999999993783 ) ) ;
#4647 = PLANE ( 'NONE',  #224 ) ;
#4648 = PRODUCT_DEFINITION_SHAPE ( 'NONE', 'NONE',  #3860 ) ;
#4649 = AXIS2_PLACEMENT_3D ( 'NONE', #3443, #1898, #2735 ) ;
#4650 = VERTEX_POINT ( 'NONE', #3216 ) ;
#4651 = DIRECTION ( 'NONE',  ( -1.163534038764931419E-16, 1.000000000000000000, 0.000000000000000000 ) ) ;
#4652 = VECTOR ( 'NONE', #4684, 1000.000000000000000 ) ;
#4653 = DIRECTION ( 'NONE',  ( 0.000000000000000000, -1.000000000000000000, 0.000000000000000000 ) ) ;
#4654 = EDGE_CURVE ( 'NONE', #5217, #1188, #3993, .T. ) ;
#4655 = PLANE ( 'NONE',  #218 ) ;
#4656 = ORIENTED_EDGE ( 'NONE', *, *, #1023, .F. ) ;
#4657 = ORIENTED_EDGE ( 'NONE', *, *, #4053, .F. ) ;
#4658 = ORIENTED_EDGE ( 'NONE', *, *, #5021, .T. ) ;
#4659 = DIRECTION ( 'NONE',  ( 0.7071067811865470176, -0.7071067811865479058, 0.000000000000000000 ) ) ;
#4660 = CARTESIAN_POINT ( 'NONE',  ( -17.50000000000000000, 63.00000000000004263, 6.000000000000000000 ) ) ;
#4661 = LINE ( 'NONE', #2942, #3113 ) ;
#4662 = CARTESIAN_POINT ( 'NONE',  ( 11.99999999999999645, 77.05329222734688699, 0.000000000000000000 ) ) ;
#4663 = DIRECTION ( 'NONE',  ( 0.8660254037844389297, 0.4999999999999995004, 0.000000000000000000 ) ) ;
#4664 = EDGE_CURVE ( 'NONE', #4097, #1636, #857, .T. ) ;
#4665 = ORIENTED_EDGE ( 'NONE', *, *, #4125, .F. ) ;
#4666 = DIRECTION ( 'NONE',  ( 1.000000000000000000, -5.498853076140275604E-15, 0.000000000000000000 ) ) ;
#4667 = LINE ( 'NONE', #3417, #4535 ) ;
#4668 = PLANE ( 'NONE',  #149 ) ;
#4669 = ORIENTED_EDGE ( 'NONE', *, *, #4958, .F. ) ;
#4670 = EDGE_CURVE ( 'NONE', #5170, #3176, #3199, .T. ) ;
#4671 = VERTEX_POINT ( 'NONE', #1207 ) ;
#4672 = DIRECTION ( 'NONE',  ( -0.8660254037844389297, -0.4999999999999995004, 0.000000000000000000 ) ) ;
#4673 = LINE ( 'NONE', #1878, #3523 ) ;
#4674 = EDGE_LOOP ( 'NONE', ( #1202, #3849, #215, #3818, #4243, #1419, #1512, #4423 ) ) ;
#4675 = DIRECTION ( 'NONE',  ( 1.000000000000000000, 1.163534038764931419E-16, 0.000000000000000000 ) ) ;
#4676 = PLANE ( 'NONE',  #1236 ) ;
#4677 = CARTESIAN_POINT ( 'NONE',  ( 91.50000000000000000, -80.00000000000001421, 9.400000000000011013 ) ) ;
#4678 = EDGE_LOOP ( 'NONE', ( #2297, #527, #4988, #692 ) ) ;
#4679 = EDGE_CURVE ( 'NONE', #987, #2913, #1575, .T. ) ;
#4680 = VERTEX_POINT ( 'NONE', #2393 ) ;
#4681 = DIRECTION ( 'NONE',  ( -0.000000000000000000, -0.000000000000000000, 1.000000000000000000 ) ) ;
#4682 = DIRECTION ( 'NONE',  ( 0.000000000000000000, 0.000000000000000000, 1.000000000000000000 ) ) ;
#4683 = DIRECTION ( 'NONE',  ( -1.000000000000000000, 0.000000000000000000, 0.000000000000000000 ) ) ;
#4684 = DIRECTION ( 'NONE',  ( 1.000000000000000000, 0.000000000000000000, 0.000000000000000000 ) ) ;
#4685 = CARTESIAN_POINT ( 'NONE',  ( -18.15000000000000568, 110.0266461136734648, 0.000000000000000000 ) ) ;
#4686 = VERTEX_POINT ( 'NONE', #1255 ) ;
#4687 = CARTESIAN_POINT ( 'NONE',  ( 21.85000000000000853, 58.02664611367345060, 3.000000000000000000 ) ) ;
#4688 = VECTOR ( 'NONE', #5200, 1000.000000000000000 ) ;
#4689 = DIRECTION ( 'NONE',  ( 0.000000000000000000, -0.7071067811865512365, 0.7071067811865439090 ) ) ;
#4690 = ORIENTED_EDGE ( 'NONE', *, *, #5117, .F. ) ;
#4691 = EDGE_CURVE ( 'NONE', #1247, #388, #2809, .T. ) ;
#4692 = LINE ( 'NONE', #3796, #230 ) ;
#4693 = PLANE ( 'NONE',  #1158 ) ;
#4694 = EDGE_CURVE ( 'NONE', #1831, #4110, #2418, .T. ) ;
#4695 = ORIENTED_EDGE ( 'NONE', *, *, #3846, .T. ) ;
#4696 = CARTESIAN_POINT ( 'NONE',  ( -14.60000000000001563, -87.30000000000001137, 2.100000000000015188 ) ) ;
#4697 = LINE ( 'NONE', #4730, #2500 ) ;
#4698 = CARTESIAN_POINT ( 'NONE',  ( 0.000000000000000000, 0.000000000000000000, 1.000000000000000000 ) ) ;
#4699 = CARTESIAN_POINT ( 'NONE',  ( 28.49999999999999645, 80.08068236886856539, 1.000000000000000000 ) ) ;
#4700 = EDGE_CURVE ( 'NONE', #2913, #852, #2371, .T. ) ;
#4701 = ORIENTED_EDGE ( 'NONE', *, *, #636, .T. ) ;
#4702 = ORIENTED_EDGE ( 'NONE', *, *, #944, .F. ) ;
#4703 = ORIENTED_EDGE ( 'NONE', *, *, #3107, .F. ) ;
#4704 = FACE_OUTER_BOUND ( 'NONE', #451, .T. ) ;
#4705 = DIRECTION ( 'NONE',  ( 0.8660254037844378194, 0.5000000000000014433, 0.000000000000000000 ) ) ;
#4706 = CARTESIAN_POINT ( 'NONE',  ( 92.09999999999999432, -80.00000000000001421, -4.000000000000010658 ) ) ;
#4707 = EDGE_CURVE ( 'NONE', #3943, #931, #3575, .T. ) ;
#4708 = AXIS2_PLACEMENT_3D ( 'NONE', #3197, #3580, #2720 ) ;
#4709 = CARTESIAN_POINT ( 'NONE',  ( -22.49999999999998934, -79.40000000000001990, 10.00000000000000000 ) ) ;
#4710 = ORIENTED_EDGE ( 'NONE', *, *, #4786, .T. ) ;
#4711 = DIRECTION ( 'NONE',  ( 0.000000000000000000, 0.000000000000000000, 1.000000000000000000 ) ) ;
#4712 = AXIS2_PLACEMENT_3D ( 'NONE', #3406, #2903, #2876 ) ;
#4713 = LINE ( 'NONE', #5038, #327 ) ;
#4714 = VECTOR ( 'NONE', #3074, 999.9999999999998863 ) ;
#4715 = CARTESIAN_POINT ( 'NONE',  ( -22.49999999999998579, -75.00000000000001421, -25.00000000000000000 ) ) ;
#4716 = ORIENTED_EDGE ( 'NONE', *, *, #2802, .T. ) ;
#4717 = DIRECTION ( 'NONE',  ( -0.000000000000000000, -0.000000000000000000, -1.000000000000000000 ) ) ;
#4718 = AXIS2_PLACEMENT_3D ( 'NONE', #3093, #288, #2619 ) ;
#4719 = ORIENTED_EDGE ( 'NONE', *, *, #3087, .F. ) ;
#4720 = DIRECTION ( 'NONE',  ( 0.000000000000000000, -0.000000000000000000, 1.000000000000000000 ) ) ;
#4721 = ORIENTED_EDGE ( 'NONE', *, *, #3665, .T. ) ;
#4722 = EDGE_LOOP ( 'NONE', ( #3310, #1657, #2919, #3972, #3316, #674, #408, #2483, #1441, #4250 ) ) ;
#4723 = ORIENTED_EDGE ( 'NONE', *, *, #2150, .T. ) ;
#4724 = DIRECTION ( 'NONE',  ( 0.000000000000000000, -1.000000000000000000, 0.000000000000000000 ) ) ;
#4725 = AXIS2_PLACEMENT_3D ( 'NONE', #982, #3405, #4224 ) ;
#4726 = DIRECTION ( 'NONE',  ( -0.000000000000000000, -0.000000000000000000, -1.000000000000000000 ) ) ;
#4727 = VERTEX_POINT ( 'NONE', #355 ) ;
#4728 = VECTOR ( 'NONE', #2895, 1000.000000000000000 ) ;
#4729 = CARTESIAN_POINT ( 'NONE',  ( -11.49999999999997513, 120.6580326380583585, 1.000000000000000000 ) ) ;
#4730 = CARTESIAN_POINT ( 'NONE',  ( 38.00000000000000000, 55.89999999999984936, 0.000000000000000000 ) ) ;
#4731 = CARTESIAN_POINT ( 'NONE',  ( 87.09999999999999432, 83.99999999999980105, 0.000000000000000000 ) ) ;
#4732 = VERTEX_POINT ( 'NONE', #783 ) ;
#4733 = ORIENTED_EDGE ( 'NONE', *, *, #4274, .T. ) ;
#4734 = EDGE_CURVE ( 'NONE', #4902, #77, #3161, .T. ) ;
#4735 = VECTOR ( 'NONE', #2624, 1000.000000000000000 ) ;
#4736 = CARTESIAN_POINT ( 'NONE',  ( 63.59999999999993747, -80.00000000000001421, -19.74999999999999645 ) ) ;
#4737 = FACE_OUTER_BOUND ( 'NONE', #3997, .T. ) ;
#4738 = AXIS2_PLACEMENT_3D ( 'NONE', #225, #3835, #4663 ) ;
#4739 = VECTOR ( 'NONE', #4349, 1000.000000000000000 ) ;
#4740 = CARTESIAN_POINT ( 'NONE',  ( -18.15000000000000568, 110.0266461136734648, 3.000000000000000000 ) ) ;
#4741 = FACE_OUTER_BOUND ( 'NONE', #4967, .T. ) ;
#4742 = CARTESIAN_POINT ( 'NONE',  ( -0.000000000000000000, -67.00000000000002842, 0.000000000000000000 ) ) ;
#4743 = LINE ( 'NONE', #1078, #3710 ) ;
#4744 = ORIENTED_EDGE ( 'NONE', *, *, #1156, .T. ) ;
#4745 = EDGE_CURVE ( 'NONE', #656, #2888, #2003, .T. ) ;
#4746 = EDGE_LOOP ( 'NONE', ( #2238, #5035, #2877, #772 ) ) ;
#4747 = CARTESIAN_POINT ( 'NONE',  ( 71.09999999999993747, -75.00000000000001421, -25.00000000000000000 ) ) ;
#4748 = CARTESIAN_POINT ( 'NONE',  ( 8.749999999999998224, 83.00000000000002842, 6.000000000000000000 ) ) ;
#4749 = EDGE_LOOP ( 'NONE', ( #3957, #3200, #922, #2670 ) ) ;
#4750 = VECTOR ( 'NONE', #2704, 1000.000000000000000 ) ;
#4751 = CARTESIAN_POINT ( 'NONE',  ( -14.49999999999997513, 120.6580326380583585, 1.000000000000000000 ) ) ;
#4752 = LINE ( 'NONE', #1193, #3453 ) ;
#4753 = CARTESIAN_POINT ( 'NONE',  ( 16.25000000000000000, 35.00000000000002842, 3.000000000000000000 ) ) ;
#4754 = ORIENTED_EDGE ( 'NONE', *, *, #3846, .F. ) ;
#4755 = ORIENTED_EDGE ( 'NONE', *, *, #4237, .T. ) ;
#4756 = ORIENTED_EDGE ( 'NONE', *, *, #2908, .T. ) ;
#4757 = ADVANCED_FACE ( 'NONE', ( #3785 ), #4925, .F. ) ;
#4758 = CARTESIAN_POINT ( 'NONE',  ( 9.500000000000010658, 87.50333209967909909, 1.000000000000000000 ) ) ;
#4759 = FACE_OUTER_BOUND ( 'NONE', #164, .T. ) ;
#4760 = CARTESIAN_POINT ( 'NONE',  ( 14.50000000000001954, 87.50333209967908488, 1.000000000000000000 ) ) ;
#4761 = LINE ( 'NONE', #3047, #4739 ) ;
#4762 = EDGE_CURVE ( 'NONE', #4136, #4591, #4524, .T. ) ;
#4763 = CARTESIAN_POINT ( 'NONE',  ( 12.00000000000000178, 83.00000000000002842, 6.000000000000000000 ) ) ;
#4764 = DIRECTION ( 'NONE',  ( 1.000000000000000000, 0.000000000000000000, -0.000000000000000000 ) ) ;
#4765 = DIRECTION ( 'NONE',  ( 1.000000000000000000, 0.000000000000000000, 0.000000000000000000 ) ) ;
#4766 = ORIENTED_EDGE ( 'NONE', *, *, #411, .F. ) ;
#4767 = VERTEX_POINT ( 'NONE', #4951 ) ;
#4768 = DIRECTION ( 'NONE',  ( -1.000000000000000000, 0.000000000000000000, 0.000000000000000000 ) ) ;
#4769 = EDGE_CURVE ( 'NONE', #1050, #4919, #95, .T. ) ;
#4770 = EDGE_LOOP ( 'NONE', ( #2752, #2228 ) ) ;
#4771 = DIRECTION ( 'NONE',  ( -0.4999999999999989453, 0.8660254037844392627, 0.000000000000000000 ) ) ;
#4772 = LINE ( 'NONE', #5132, #2246 ) ;
#4773 = DIRECTION ( 'NONE',  ( -0.000000000000000000, 0.000000000000000000, 1.000000000000000000 ) ) ;
#4774 = EDGE_CURVE ( 'NONE', #1013, #4151, #2970, .T. ) ;
#4775 = LINE ( 'NONE', #3563, #3088 ) ;
#4776 = ORIENTED_EDGE ( 'NONE', *, *, #538, .T. ) ;
#4777 = VERTEX_POINT ( 'NONE', #4557 ) ;
#4778 = ORIENTED_EDGE ( 'NONE', *, *, #1982, .F. ) ;
#4779 = EDGE_CURVE ( 'NONE', #2372, #4909, #5014, .T. ) ;
#4780 = DIRECTION ( 'NONE',  ( -0.000000000000000000, -0.000000000000000000, -1.000000000000000000 ) ) ;
#4781 = CARTESIAN_POINT ( 'NONE',  ( 32.15000000000001279, 58.02664611367345771, 3.000000000000000000 ) ) ;
#4782 = EDGE_CURVE ( 'NONE', #2119, #2456, #4984, .T. ) ;
#4783 = DIRECTION ( 'NONE',  ( -8.577124726708580637E-17, 1.000000000000000000, 0.000000000000000000 ) ) ;
#4784 = LINE ( 'NONE', #2759, #1672 ) ;
#4785 = CARTESIAN_POINT ( 'NONE',  ( -4.999999999999943157, -75.00000000000001421, -21.50000000000004263 ) ) ;
#4786 = EDGE_CURVE ( 'NONE', #2651, #497, #4611, .T. ) ;
#4787 = AXIS2_PLACEMENT_3D ( 'NONE', #4218, #3085, #2242 ) ;
#4788 = DIRECTION ( 'NONE',  ( -0.000000000000000000, -0.000000000000000000, 1.000000000000000000 ) ) ;
#4789 = ADVANCED_FACE ( 'NONE', ( #1788 ), #145, .F. ) ;
#4790 = CARTESIAN_POINT ( 'NONE',  ( 25.50000000000002487, 66.08068236886873592, 3.000000000000000000 ) ) ;
#4791 = CARTESIAN_POINT ( 'NONE',  ( 81.75000000000000000, 66.30872994711238277, 10.00000000000000000 ) ) ;
#4792 = ORIENTED_EDGE ( 'NONE', *, *, #937, .F. ) ;
#4793 = VECTOR ( 'NONE', #5209, 1000.000000000000000 ) ;
#4794 = AXIS2_PLACEMENT_3D ( 'NONE', #2940, #2071, #4924 ) ;
#4795 = EDGE_CURVE ( 'NONE', #3931, #1943, #119, .T. ) ;
#4796 = VECTOR ( 'NONE', #1379, 1000.000000000000000 ) ;
#4797 = EDGE_LOOP ( 'NONE', ( #2491, #13, #1965, #3897 ) ) ;
#4798 = CARTESIAN_POINT ( 'NONE',  ( 10.50000000000001066, 90.65803263805835854, 1.000000000000000000 ) ) ;
#4799 = VECTOR ( 'NONE', #981, 1000.000000000000000 ) ;
#4800 = ORIENTED_EDGE ( 'NONE', *, *, #4277, .T. ) ;
#4801 = CARTESIAN_POINT ( 'NONE',  ( 27.49999999999999645, 80.65803263805818801, 0.000000000000000000 ) ) ;
#4802 = VECTOR ( 'NONE', #2408, 1000.000000000000000 ) ;
#4803 = VECTOR ( 'NONE', #259, 1000.000000000000000 ) ;
#4804 = ADVANCED_FACE ( 'NONE', ( #1308 ), #3294, .F. ) ;
#4805 = VECTOR ( 'NONE', #4113, 1000.000000000000114 ) ;
#4806 = DIRECTION ( 'NONE',  ( -0.8660254037844385966, 0.5000000000000001110, 0.000000000000000000 ) ) ;
#4807 = CARTESIAN_POINT ( 'NONE',  ( 92.09999999999999432, -75.00000000000001421, 10.00000000000000000 ) ) ;
#4808 = CARTESIAN_POINT ( 'NONE',  ( -7.000000000000006217, 58.00000000000003553, 0.000000000000000000 ) ) ;
#4809 = VERTEX_POINT ( 'NONE', #2191 ) ;
#4810 = ORIENTED_EDGE ( 'NONE', *, *, #1671, .T. ) ;
#4811 = AXIS2_PLACEMENT_3D ( 'NONE', #4190, #3476, #548 ) ;
#4812 = VERTEX_POINT ( 'NONE', #3812 ) ;
#4813 = CARTESIAN_POINT ( 'NONE',  ( -11.49999999999997513, 120.6580326380583585, 1.000000000000000000 ) ) ;
#4814 = ADVANCED_FACE ( 'NONE', ( #174 ), #2914, .F. ) ;
#4815 = CARTESIAN_POINT ( 'NONE',  ( -18.14999999999998082, 70.97335388632660624, 0.000000000000000000 ) ) ;
#4816 = FACE_BOUND ( 'NONE', #249, .T. ) ;
#4817 = VERTEX_POINT ( 'NONE', #5036 ) ;
#4818 = EDGE_LOOP ( 'NONE', ( #2777, #1678, #180, #2833 ) ) ;
#4819 = PLANE ( 'NONE',  #3888 ) ;
#4820 = AXIS2_PLACEMENT_3D ( 'NONE', #721, #4864, #4417 ) ;
#4821 = CARTESIAN_POINT ( 'NONE',  ( -18.14999999999998082, 70.97335388632660624, 0.000000000000000000 ) ) ;
#4822 = DIRECTION ( 'NONE',  ( 0.000000000000000000, 0.000000000000000000, -1.000000000000000000 ) ) ;
#4823 = VECTOR ( 'NONE', #1827, 1000.000000000000000 ) ;
#4824 = AXIS2_PLACEMENT_3D ( 'NONE', #1203, #2412, #10 ) ;
#4825 = FACE_OUTER_BOUND ( 'NONE', #732, .T. ) ;
#4826 = CARTESIAN_POINT ( 'NONE',  ( 27.00000000000001066, 69.05329222734671646, 3.000000000000000000 ) ) ;
#4827 = VERTEX_POINT ( 'NONE', #2990 ) ;
#4828 = VECTOR ( 'NONE', #2542, 1000.000000000000000 ) ;
#4829 = EDGE_CURVE ( 'NONE', #863, #1360, #485, .T. ) ;
#4830 = VERTEX_POINT ( 'NONE', #2075 ) ;
#4831 = DIRECTION ( 'NONE',  ( 0.000000000000000000, 1.000000000000000000, 0.000000000000000000 ) ) ;
#4832 = CARTESIAN_POINT ( 'NONE',  ( 11.99999999999999645, 77.05329222734688699, 3.000000000000000000 ) ) ;
#4833 = EDGE_CURVE ( 'NONE', #4505, #3522, #3702, .T. ) ;
#4834 = VERTEX_POINT ( 'NONE', #917 ) ;
#4835 = CARTESIAN_POINT ( 'NONE',  ( -12.99999999999998401, 68.00000000000002842, 3.000000000000000000 ) ) ;
#4836 = FACE_BOUND ( 'NONE', #596, .T. ) ;
#4837 = CARTESIAN_POINT ( 'NONE',  ( 92.09999999999999432, -80.00000000000001421, 10.00000000000000000 ) ) ;
#4838 = CARTESIAN_POINT ( 'NONE',  ( 6.849999999999994316, 85.97335388632657782, 3.000000000000000000 ) ) ;
#4839 = ORIENTED_EDGE ( 'NONE', *, *, #1072, .F. ) ;
#4840 = ORIENTED_EDGE ( 'NONE', *, *, #1536, .F. ) ;
#4841 = VECTOR ( 'NONE', #3433, 1000.000000000000000 ) ;
#4842 = DIRECTION ( 'NONE',  ( 0.000000000000000000, -0.000000000000000000, 1.000000000000000000 ) ) ;
#4843 = AXIS2_PLACEMENT_3D ( 'NONE', #2436, #1296, #4085 ) ;
#4844 = LINE ( 'NONE', #1198, #4120 ) ;
#4845 = DIRECTION ( 'NONE',  ( 0.6666666666666640761, 0.6666666666666686281, 0.3333333333333343140 ) ) ;
#4846 = ADVANCED_FACE ( 'NONE', ( #1677 ), #2523, .F. ) ;
#4847 = EDGE_LOOP ( 'NONE', ( #3795, #3789, #4561, #5074 ) ) ;
#4848 = DIRECTION ( 'NONE',  ( -0.000000000000000000, 0.000000000000000000, -1.000000000000000000 ) ) ;
#4849 = CIRCLE ( 'NONE', #260, 2.249999999999996003 ) ;
#4850 = LINE ( 'NONE', #2807, #4028 ) ;
#4851 = CARTESIAN_POINT ( 'NONE',  ( 6.849999999999994316, 85.97335388632657782, 1.000000000000000000 ) ) ;
#4852 = CARTESIAN_POINT ( 'NONE',  ( 7.849999999999997868, 32.02664611367345771, 3.000000000000000000 ) ) ;
#4853 = ORIENTED_EDGE ( 'NONE', *, *, #1835, .T. ) ;
#4854 = EDGE_LOOP ( 'NONE', ( #877, #4756, #1435, #430 ) ) ;
#4855 = DIRECTION ( 'NONE',  ( -0.000000000000000000, -0.000000000000000000, -1.000000000000000000 ) ) ;
#4856 = LINE ( 'NONE', #4801, #4878 ) ;
#4857 = EDGE_CURVE ( 'NONE', #108, #3908, #2136, .T. ) ;
#4858 = CARTESIAN_POINT ( 'NONE',  ( -12.99999999999998401, 68.00000000000002842, 6.000000000000000000 ) ) ;
#4859 = LINE ( 'NONE', #2815, #3704 ) ;
#4860 = FACE_OUTER_BOUND ( 'NONE', #543, .T. ) ;
#4861 = ADVANCED_FACE ( 'NONE', ( #670 ), #3889, .T. ) ;
#4862 = ORIENTED_EDGE ( 'NONE', *, *, #3869, .F. ) ;
#4863 = ORIENTED_EDGE ( 'NONE', *, *, #2431, .F. ) ;
#4864 = DIRECTION ( 'NONE',  ( 1.000000000000000000, 0.000000000000000000, -0.000000000000000000 ) ) ;
#4865 = FACE_OUTER_BOUND ( 'NONE', #4060, .T. ) ;
#4866 = DIRECTION ( 'NONE',  ( 1.000000000000000000, 0.000000000000000000, -0.000000000000000000 ) ) ;
#4867 = ADVANCED_FACE ( 'NONE', ( #1466 ), #614, .F. ) ;
#4868 = ORIENTED_EDGE ( 'NONE', *, *, #480, .T. ) ;
#4869 = CARTESIAN_POINT ( 'NONE',  ( 16.25000000000000000, 35.00000000000002842, 6.000000000000000000 ) ) ;
#4870 = EDGE_CURVE ( 'NONE', #1313, #3703, #3071, .T. ) ;
#4871 = DIRECTION ( 'NONE',  ( 0.000000000000000000, 0.000000000000000000, 1.000000000000000000 ) ) ;
#4872 = VERTEX_POINT ( 'NONE', #698 ) ;
#4873 = LINE ( 'NONE', #4852, #160 ) ;
#4874 = ORIENTED_EDGE ( 'NONE', *, *, #2317, .F. ) ;
#4875 = EDGE_CURVE ( 'NONE', #1545, #2861, #3465, .T. ) ;
#4876 = VERTEX_POINT ( 'NONE', #1043 ) ;
#4877 = PLANE ( 'NONE',  #1993 ) ;
#4878 = VECTOR ( 'NONE', #1166, 1000.000000000000000 ) ;
#4879 = DIRECTION ( 'NONE',  ( -0.8660254037844383745, -0.5000000000000004441, 0.000000000000000000 ) ) ;
#4880 = CIRCLE ( 'NONE', #134, 3.250000000000002665 ) ;
#4881 = AXIS2_PLACEMENT_3D ( 'NONE', #3864, #3837, #123 ) ;
#4882 = VECTOR ( 'NONE', #2065, 1000.000000000000114 ) ;
#4883 = DIRECTION ( 'NONE',  ( 0.6666666666666704044, 0.6666666666666636321, 0.3333333333333317605 ) ) ;
#4884 = CARTESIAN_POINT ( 'NONE',  ( -22.49999999999999289, -75.00000000000000000, 6.000000000000000000 ) ) ;
#4885 = EDGE_LOOP ( 'NONE', ( #1955, #199, #3083, #271 ) ) ;
#4886 = VECTOR ( 'NONE', #819, 1000.000000000000000 ) ;
#4887 = ORIENTED_EDGE ( 'NONE', *, *, #4762, .T. ) ;
#4888 = ORIENTED_EDGE ( 'NONE', *, *, #5117, .T. ) ;
#4889 = LINE ( 'NONE', #4492, #765 ) ;
#4890 = LINE ( 'NONE', #1246, #390 ) ;
#4891 = ORIENTED_EDGE ( 'NONE', *, *, #1459, .T. ) ;
#4892 = CIRCLE ( 'NONE', #564, 2.249999999999995115 ) ;
#4893 = VERTEX_POINT ( 'NONE', #2680 ) ;
#4894 = VERTEX_POINT ( 'NONE', #4662 ) ;
#4895 = CARTESIAN_POINT ( 'NONE',  ( 28.49999999999999645, 82.65803263805820222, 1.000000000000000000 ) ) ;
#4896 = EDGE_CURVE ( 'NONE', #5115, #2798, #749, .T. ) ;
#4897 = FACE_OUTER_BOUND ( 'NONE', #3112, .T. ) ;
#4898 = CARTESIAN_POINT ( 'NONE',  ( -12.99999999999998401, 68.00000000000002842, 6.000000000000000000 ) ) ;
#4899 = VECTOR ( 'NONE', #3068, 1000.000000000000000 ) ;
#4900 = DIRECTION ( 'NONE',  ( 1.000000000000000000, 0.000000000000000000, 0.000000000000000000 ) ) ;
#4901 = ORIENTED_EDGE ( 'NONE', *, *, #2806, .F. ) ;
#4902 = VERTEX_POINT ( 'NONE', #3547 ) ;
#4903 = LINE ( 'NONE', #4929, #1486 ) ;
#4904 = ORIENTED_EDGE ( 'NONE', *, *, #4541, .F. ) ;
#4905 = DIRECTION ( 'NONE',  ( 0.7071067811865475727, 0.7071067811865475727, -0.000000000000000000 ) ) ;
#4906 = AXIS2_PLACEMENT_3D ( 'NONE', #885, #2492, #919 ) ;
#4907 = ADVANCED_FACE ( 'NONE', ( #2233 ), #1867, .F. ) ;
#4908 = DIRECTION ( 'NONE',  ( -0.000000000000000000, -0.000000000000000000, -1.000000000000000000 ) ) ;
#4909 = VERTEX_POINT ( 'NONE', #1442 ) ;
#4910 = CARTESIAN_POINT ( 'NONE',  ( 43.00000000000000000, 55.89999999999984936, 6.000000000000000000 ) ) ;
#4911 = CARTESIAN_POINT ( 'NONE',  ( -15.49999999999997513, 117.5033320996790991, 1.000000000000000000 ) ) ;
#4912 = ORIENTED_EDGE ( 'NONE', *, *, #4476, .F. ) ;
#4913 = ORIENTED_EDGE ( 'NONE', *, *, #1332, .T. ) ;
#4914 = VERTEX_POINT ( 'NONE', #3133 ) ;
#4915 = CARTESIAN_POINT ( 'NONE',  ( -17.50000000000000000, 63.00000000000004263, 0.000000000000000000 ) ) ;
#4916 = CARTESIAN_POINT ( 'NONE',  ( -4.333333333333320603, -74.33333333333338544, -22.16666666666666785 ) ) ;
#4917 = ORIENTED_EDGE ( 'NONE', *, *, #1254, .T. ) ;
#4918 = ORIENTED_EDGE ( 'NONE', *, *, #3935, .F. ) ;
#4919 = VERTEX_POINT ( 'NONE', #5091 ) ;
#4920 = CARTESIAN_POINT ( 'NONE',  ( -12.99999999999996980, 62.05329222734687278, 0.000000000000000000 ) ) ;
#4921 = EDGE_CURVE ( 'NONE', #454, #2679, #2709, .T. ) ;
#4922 = VECTOR ( 'NONE', #2511, 1000.000000000000000 ) ;
#4923 = CARTESIAN_POINT ( 'NONE',  ( 70.39999999999997726, 84.99999999999984368, -169.8835189181103544 ) ) ;
#4924 = DIRECTION ( 'NONE',  ( 0.7071067811865460184, 0.7071067811865489050, 0.000000000000000000 ) ) ;
#4925 = PLANE ( 'NONE',  #3385 ) ;
#4926 = EDGE_CURVE ( 'NONE', #4627, #4817, #4761, .T. ) ;
#4927 = ORIENTED_EDGE ( 'NONE', *, *, #2649, .F. ) ;
#4928 = ORIENTED_EDGE ( 'NONE', *, *, #290, .T. ) ;
#4929 = CARTESIAN_POINT ( 'NONE',  ( 24.49999999999999645, 82.65803263805820222, 1.000000000000000000 ) ) ;
#4930 = EDGE_LOOP ( 'NONE', ( #5123, #3141, #784, #1534 ) ) ;
#4931 = CARTESIAN_POINT ( 'NONE',  ( -1.499999999999997780, -75.00000000000000000, -25.00000000000001776 ) ) ;
#4932 = LINE ( 'NONE', #4100, #4230 ) ;
#4933 = EDGE_CURVE ( 'NONE', #3149, #3983, #2315, .T. ) ;
#4934 = DIRECTION ( 'NONE',  ( 0.8660254037844382635, -0.5000000000000004441, 0.000000000000000000 ) ) ;
#4935 = ORIENTED_EDGE ( 'NONE', *, *, #3981, .T. ) ;
#4936 = CARTESIAN_POINT ( 'NONE',  ( 14.50000000000001954, 90.65803263805835854, 1.000000000000000000 ) ) ;
#4937 = FACE_OUTER_BOUND ( 'NONE', #3309, .T. ) ;
#4938 = ORIENTED_EDGE ( 'NONE', *, *, #2026, .T. ) ;
#4939 = EDGE_LOOP ( 'NONE', ( #4343, #1133, #1579, #3118 ) ) ;
#4940 = DIRECTION ( 'NONE',  ( -0.4082482904638616295, 0.8164965809277265896, 0.4082482904638632948 ) ) ;
#4941 = DIRECTION ( 'NONE',  ( -0.000000000000000000, -1.000000000000000000, -0.000000000000000000 ) ) ;
#4942 = CARTESIAN_POINT ( 'NONE',  ( 87.09999999999999432, 73.74999999999985789, 6.000000000000000000 ) ) ;
#4943 = AXIS2_PLACEMENT_3D ( 'NONE', #1407, #3184, #3591 ) ;
#4944 = DIRECTION ( 'NONE',  ( -0.8660254037844382635, -0.5000000000000006661, 0.000000000000000000 ) ) ;
#4945 = ORIENTED_EDGE ( 'NONE', *, *, #2743, .T. ) ;
#4946 = FACE_OUTER_BOUND ( 'NONE', #226, .T. ) ;
#4947 = ORIENTED_EDGE ( 'NONE', *, *, #1348, .T. ) ;
#4948 = LINE ( 'NONE', #447, #664 ) ;
#4949 = CARTESIAN_POINT ( 'NONE',  ( 21.85000000000000497, 77.97335388632643571, 0.000000000000000000 ) ) ;
#4950 = CARTESIAN_POINT ( 'NONE',  ( -12.49999999999997513, 120.6580326380583585, 1.000000000000000000 ) ) ;
#4951 = CARTESIAN_POINT ( 'NONE',  ( 24.49999999999999645, 79.50333209967894277, 1.000000000000000000 ) ) ;
#4952 = VERTEX_POINT ( 'NONE', #3939 ) ;
#4953 = FACE_OUTER_BOUND ( 'NONE', #1021, .T. ) ;
#4954 = ADVANCED_FACE ( 'NONE', ( #1070 ), #1810, .F. ) ;
#4955 = ORIENTED_EDGE ( 'NONE', *, *, #4314, .F. ) ;
#4956 = DIRECTION ( 'NONE',  ( 0.000000000000000000, 0.000000000000000000, 1.000000000000000000 ) ) ;
#4957 = VECTOR ( 'NONE', #766, 1000.000000000000000 ) ;
#4958 = EDGE_CURVE ( 'NONE', #3799, #1046, #272, .T. ) ;
#4959 = DIRECTION ( 'NONE',  ( 1.000000000000000000, 0.000000000000000000, 0.000000000000000000 ) ) ;
#4960 = EDGE_CURVE ( 'NONE', #3215, #2651, #2209, .T. ) ;
#4961 = VERTEX_POINT ( 'NONE', #3834 ) ;
#4962 = SURFACE_STYLE_USAGE ( .BOTH. , #3737 ) ;
#4963 = AXIS2_PLACEMENT_3D ( 'NONE', #3790, #4642, #153 ) ;
#4964 = ORIENTED_EDGE ( 'NONE', *, *, #4448, .T. ) ;
#4965 = DIRECTION ( 'NONE',  ( 0.000000000000000000, 0.000000000000000000, -1.000000000000000000 ) ) ;
#4966 = CARTESIAN_POINT ( 'NONE',  ( -21.89999999999999858, -80.00000000000001421, 9.400000000000011013 ) ) ;
#4967 = EDGE_LOOP ( 'NONE', ( #2309, #4695, #1732, #3212, #3632, #2894 ) ) ;
#4968 = EDGE_CURVE ( 'NONE', #388, #2702, #3969, .T. ) ;
#4969 = VECTOR ( 'NONE', #3551, 1000.000000000000000 ) ;
#4970 = ORIENTED_EDGE ( 'NONE', *, *, #5211, .T. ) ;
#4971 = AXIS2_PLACEMENT_3D ( 'NONE', #4188, #545, #3517 ) ;
#4972 = LINE ( 'NONE', #2044, #2389 ) ;
#4973 = DIRECTION ( 'NONE',  ( -0.000000000000000000, 0.000000000000000000, -1.000000000000000000 ) ) ;
#4974 = CARTESIAN_POINT ( 'NONE',  ( 10.50000000000001066, 90.65803263805835854, 1.000000000000000000 ) ) ;
#4975 = AXIS2_PLACEMENT_3D ( 'NONE', #1170, #317, #393 ) ;
#4976 = CARTESIAN_POINT ( 'NONE',  ( 25.50000000000000000, 82.65803263805821643, 1.000000000000000000 ) ) ;
#4977 = ORIENTED_EDGE ( 'NONE', *, *, #1903, .T. ) ;
#4978 = DIRECTION ( 'NONE',  ( 1.000000000000000000, 0.000000000000000000, -0.000000000000000000 ) ) ;
#4979 = EDGE_CURVE ( 'NONE', #445, #4198, #3434, .T. ) ;
#4980 = CARTESIAN_POINT ( 'NONE',  ( 10.50000000000001066, 90.65803263805835854, 1.000000000000000000 ) ) ;
#4981 = DIRECTION ( 'NONE',  ( 0.000000000000000000, -0.8944271909999158554, -0.4472135954999578722 ) ) ;
#4982 = CIRCLE ( 'NONE', #2671, 3.250000000000002665 ) ;
#4983 = LINE ( 'NONE', #1761, #1526 ) ;
#4984 = LINE ( 'NONE', #883, #2352 ) ;
#4985 = VERTEX_POINT ( 'NONE', #1017 ) ;
#4986 = FACE_OUTER_BOUND ( 'NONE', #5261, .T. ) ;
#4987 = AXIS2_PLACEMENT_3D ( 'NONE', #899, #438, #869 ) ;
#4988 = ORIENTED_EDGE ( 'NONE', *, *, #2543, .F. ) ;
#4989 = FACE_OUTER_BOUND ( 'NONE', #3617, .T. ) ;
#4990 = ORIENTED_EDGE ( 'NONE', *, *, #2924, .F. ) ;
#4991 = CARTESIAN_POINT ( 'NONE',  ( 27.00000000000001066, 69.05329222734671646, 3.000000000000000000 ) ) ;
#4992 = ADVANCED_FACE ( 'NONE', ( #4263, #2261 ), #2439, .T. ) ;
#4993 = VECTOR ( 'NONE', #4681, 1000.000000000000000 ) ;
#4994 = ORIENTED_EDGE ( 'NONE', *, *, #671, .F. ) ;
#4995 = FACE_OUTER_BOUND ( 'NONE', #2707, .T. ) ;
#4996 = VERTEX_POINT ( 'NONE', #4869 ) ;
#4997 = CARTESIAN_POINT ( 'NONE',  ( -18.15000000000000568, 115.9733538863265636, 3.000000000000000000 ) ) ;
#4998 = AXIS2_PLACEMENT_3D ( 'NONE', #4698, #983, #241 ) ;
#4999 = AXIS2_PLACEMENT_3D ( 'NONE', #759, #3266, #1227 ) ;
#5000 = CARTESIAN_POINT ( 'NONE',  ( -9.749999999999982236, 68.00000000000002842, 6.000000000000000000 ) ) ;
#5001 = EDGE_CURVE ( 'NONE', #3560, #5247, #4784, .T. ) ;
#5002 = ORIENTED_EDGE ( 'NONE', *, *, #3372, .T. ) ;
#5003 = CARTESIAN_POINT ( 'NONE',  ( 14.50000000000001954, 90.65803263805835854, 1.000000000000000000 ) ) ;
#5004 = CARTESIAN_POINT ( 'NONE',  ( 81.75000000000000000, 61.14553650487244596, 6.000000000000000000 ) ) ;
#5005 = CARTESIAN_POINT ( 'NONE',  ( 10.50000000000001066, 90.65803263805835854, 0.000000000000000000 ) ) ;
#5006 = PLANE ( 'NONE',  #557 ) ;
#5007 = ORIENTED_EDGE ( 'NONE', *, *, #86, .F. ) ;
#5008 = PLANE ( 'NONE',  #410 ) ;
#5009 = DIRECTION ( 'NONE',  ( 1.000000000000000000, 8.577124726708580637E-17, -0.000000000000000000 ) ) ;
#5010 = CARTESIAN_POINT ( 'NONE',  ( 27.00000000000000355, 74.99999999999984368, 3.000000000000000000 ) ) ;
#5011 = ADVANCED_FACE ( 'NONE', ( #1541 ), #4819, .F. ) ;
#5012 = CARTESIAN_POINT ( 'NONE',  ( 24.50000000000002487, 65.50333209967911330, 1.000000000000000000 ) ) ;
#5013 = EDGE_LOOP ( 'NONE', ( #569, #3995, #5136, #1649 ) ) ;
#5014 = LINE ( 'NONE', #1365, #834 ) ;
#5015 = CARTESIAN_POINT ( 'NONE',  ( 32.14999999999999858, 77.97335388632642150, 3.000000000000000000 ) ) ;
#5016 = VECTOR ( 'NONE', #1809, 1000.000000000000000 ) ;
#5017 = ORIENTED_EDGE ( 'NONE', *, *, #3194, .T. ) ;
#5018 = DIRECTION ( 'NONE',  ( -0.7071067811865470176, 0.7071067811865479058, 0.000000000000000000 ) ) ;
#5019 = VERTEX_POINT ( 'NONE', #3965 ) ;
#5020 = CARTESIAN_POINT ( 'NONE',  ( 13.50000000000001954, 90.65803263805835854, 0.000000000000000000 ) ) ;
#5021 = EDGE_CURVE ( 'NONE', #987, #5019, #2827, .T. ) ;
#5022 = VERTEX_POINT ( 'NONE', #3186 ) ;
#5023 = LINE ( 'NONE', #1877, #396 ) ;
#5024 = PLANE ( 'NONE',  #4787 ) ;
#5025 = ORIENTED_EDGE ( 'NONE', *, *, #1215, .F. ) ;
#5026 = CARTESIAN_POINT ( 'NONE',  ( 27.49999999999999645, 82.65803263805820222, 1.000000000000000000 ) ) ;
#5027 = EDGE_CURVE ( 'NONE', #574, #492, #4398, .T. ) ;
#5028 = CARTESIAN_POINT ( 'NONE',  ( 79.25000000000000000, 73.74999999999985789, 10.00000000000000000 ) ) ;
#5029 = CARTESIAN_POINT ( 'NONE',  ( 76.72542584212146721, -75.00000000000000000, -8.000000000000062172 ) ) ;
#5030 = ORIENTED_EDGE ( 'NONE', *, *, #245, .T. ) ;
#5031 = EDGE_CURVE ( 'NONE', #3149, #4151, #2731, .T. ) ;
#5032 = CARTESIAN_POINT ( 'NONE',  ( 63.59999999999993747, -68.63603896932107773, -15.25000000000000533 ) ) ;
#5033 = CARTESIAN_POINT ( 'NONE',  ( 79.25000000000000000, 73.74999999999985789, 5.999999999999998224 ) ) ;
#5034 = CARTESIAN_POINT ( 'NONE',  ( -13.49999999999997513, 118.6580326380583585, 1.000000000000000000 ) ) ;
#5035 = ORIENTED_EDGE ( 'NONE', *, *, #4138, .F. ) ;
#5036 = CARTESIAN_POINT ( 'NONE',  ( -18.15000000000000568, 110.0266461136734648, 3.000000000000000000 ) ) ;
#5037 = EDGE_CURVE ( 'NONE', #735, #2818, #3592, .T. ) ;
#5038 = CARTESIAN_POINT ( 'NONE',  ( 32.15000000000001279, 58.02664611367345771, 3.000000000000000000 ) ) ;
#5039 = ORIENTED_EDGE ( 'NONE', *, *, #937, .T. ) ;
#5040 = DIRECTION ( 'NONE',  ( 1.000000000000000000, 0.000000000000000000, -0.000000000000000000 ) ) ;
#5041 = ORIENTED_EDGE ( 'NONE', *, *, #2192, .F. ) ;
#5042 = CARTESIAN_POINT ( 'NONE',  ( -14.49999999999997513, 120.6580326380583585, 1.000000000000000000 ) ) ;
#5043 = EDGE_CURVE ( 'NONE', #634, #4058, #1592, .T. ) ;
#5044 = VERTEX_POINT ( 'NONE', #4065 ) ;
#5045 = ORIENTED_EDGE ( 'NONE', *, *, #3784, .F. ) ;
#5046 = LINE ( 'NONE', #181, #4560 ) ;
#5047 = DIRECTION ( 'NONE',  ( 0.000000000000000000, 0.000000000000000000, -1.000000000000000000 ) ) ;
#5048 = ORIENTED_EDGE ( 'NONE', *, *, #2365, .F. ) ;
#5049 = AXIS2_PLACEMENT_3D ( 'NONE', #4615, #970, #1768 ) ;
#5050 = CARTESIAN_POINT ( 'NONE',  ( 71.40000000000000568, 73.74999999999984368, 6.000000000000000000 ) ) ;
#5051 = DIRECTION ( 'NONE',  ( 1.040696481925304843E-16, -0.8944271909999158554, -0.4472135954999578722 ) ) ;
#5052 = CARTESIAN_POINT ( 'NONE',  ( -15.49999999999997513, 117.5033320996790991, 0.000000000000000000 ) ) ;
#5053 = CIRCLE ( 'NONE', #3350, 2.249999999999996003 ) ;
#5054 = ORIENTED_EDGE ( 'NONE', *, *, #2520, .T. ) ;
#5055 = VERTEX_POINT ( 'NONE', #5251 ) ;
#5056 = AXIS2_PLACEMENT_3D ( 'NONE', #3188, #3573, #4822 ) ;
#5057 = EDGE_CURVE ( 'NONE', #2433, #4246, #1181, .T. ) ;
#5058 = DIRECTION ( 'NONE',  ( -0.000000000000000000, 0.000000000000000000, -1.000000000000000000 ) ) ;
#5059 = VECTOR ( 'NONE', #4057, 1000.000000000000000 ) ;
#5060 = LINE ( 'NONE', #1099, #4384 ) ;
#5061 = DIRECTION ( 'NONE',  ( 0.000000000000000000, 0.000000000000000000, 1.000000000000000000 ) ) ;
#5062 = VECTOR ( 'NONE', #2600, 1000.000000000000000 ) ;
#5063 = EDGE_CURVE ( 'NONE', #3077, #1309, #4424, .T. ) ;
#5064 = CARTESIAN_POINT ( 'NONE',  ( -7.849999999999996092, 115.9733538863265920, 3.000000000000000000 ) ) ;
#5065 = VECTOR ( 'NONE', #1821, 1000.000000000000000 ) ;
#5066 = CARTESIAN_POINT ( 'NONE',  ( -13.25000000000000178, -80.00000000000001421, -13.24999999999994849 ) ) ;
#5067 = EDGE_LOOP ( 'NONE', ( #3871, #3116, #2362, #4239 ) ) ;
#5068 = DIRECTION ( 'NONE',  ( -0.000000000000000000, -0.000000000000000000, -1.000000000000000000 ) ) ;
#5069 = DIRECTION ( 'NONE',  ( -0.000000000000000000, 0.000000000000000000, -1.000000000000000000 ) ) ;
#5070 = FACE_OUTER_BOUND ( 'NONE', #2930, .T. ) ;
#5071 = VECTOR ( 'NONE', #3770, 1000.000000000000114 ) ;
#5072 = ORIENTED_EDGE ( 'NONE', *, *, #2753, .T. ) ;
#5073 = ORIENTED_EDGE ( 'NONE', *, *, #2130, .T. ) ;
#5074 = ORIENTED_EDGE ( 'NONE', *, *, #1892, .T. ) ;
#5075 = PLANE ( 'NONE',  #567 ) ;
#5076 = CARTESIAN_POINT ( 'NONE',  ( 13.50000000000001954, 90.65803263805835854, 1.000000000000000000 ) ) ;
#5077 = EDGE_CURVE ( 'NONE', #1954, #859, #2024, .T. ) ;
#5078 = VECTOR ( 'NONE', #1807, 1000.000000000000000 ) ;
#5079 = ORIENTED_EDGE ( 'NONE', *, *, #4106, .F. ) ;
#5080 = AXIS2_PLACEMENT_3D ( 'NONE', #435, #2529, #4164 ) ;
#5081 = CARTESIAN_POINT ( 'NONE',  ( -13.49999999999997513, 120.6580326380583585, 1.000000000000000000 ) ) ;
#5082 = VECTOR ( 'NONE', #66, 1000.000000000000000 ) ;
#5083 = CARTESIAN_POINT ( 'NONE',  ( 11.50000000000001776, 90.65803263805835854, 1.000000000000000000 ) ) ;
#5084 = ORIENTED_EDGE ( 'NONE', *, *, #3966, .F. ) ;
#5085 = DIRECTION ( 'NONE',  ( -0.5000000000000006661, 0.8660254037844382635, 0.000000000000000000 ) ) ;
#5086 = ORIENTED_EDGE ( 'NONE', *, *, #5144, .T. ) ;
#5087 = CARTESIAN_POINT ( 'NONE',  ( 21.85000000000000497, 77.97335388632643571, 0.000000000000000000 ) ) ;
#5088 = CARTESIAN_POINT ( 'NONE',  ( -6.830838508926212249, 121.0000000000000426, 6.000000000000000000 ) ) ;
#5089 = CARTESIAN_POINT ( 'NONE',  ( 11.50000000000001776, 88.65803263805835854, 0.000000000000000000 ) ) ;
#5090 = ADVANCED_FACE ( 'NONE', ( #1996 ), #3618, .T. ) ;
#5091 = CARTESIAN_POINT ( 'NONE',  ( 31.21320343559665034, 84.99999999999985789, 6.000000000000000000 ) ) ;
#5092 = DIRECTION ( 'NONE',  ( -0.000000000000000000, -0.000000000000000000, 1.000000000000000000 ) ) ;
#5093 = LINE ( 'NONE', #673, #47 ) ;
#5094 = VERTEX_POINT ( 'NONE', #829 ) ;
#5095 = EDGE_CURVE ( 'NONE', #1679, #2998, #3114, .T. ) ;
#5096 = DIRECTION ( 'NONE',  ( -0.8660254037844383745, -0.5000000000000004441, 0.000000000000000000 ) ) ;
#5097 = ORIENTED_EDGE ( 'NONE', *, *, #4362, .F. ) ;
#5098 = DIRECTION ( 'NONE',  ( -0.7071067811865475727, -0.7071067811865475727, 0.000000000000000000 ) ) ;
#5099 = ORIENTED_EDGE ( 'NONE', *, *, #572, .T. ) ;
#5100 = EDGE_CURVE ( 'NONE', #1247, #3305, #2048, .T. ) ;
#5101 = CARTESIAN_POINT ( 'NONE',  ( -17.50000000000000000, 63.00000000000004263, 6.000000000000000000 ) ) ;
#5102 = CARTESIAN_POINT ( 'NONE',  ( 76.75000000000000000, 60.89999999999987068, 10.00000000000000000 ) ) ;
#5103 = ORIENTED_EDGE ( 'NONE', *, *, #1550, .F. ) ;
#5104 = EDGE_CURVE ( 'NONE', #4299, #5044, #3550, .T. ) ;
#5105 = LINE ( 'NONE', #3090, #2953 ) ;
#5106 = LINE ( 'NONE', #2981, #4033 ) ;
#5107 = DIRECTION ( 'NONE',  ( 1.000000000000000000, -0.000000000000000000, -0.000000000000000000 ) ) ;
#5108 = CARTESIAN_POINT ( 'NONE',  ( -17.50000000000000355, 121.0000000000000426, 6.000000000000000000 ) ) ;
#5109 = ORIENTED_EDGE ( 'NONE', *, *, #4670, .F. ) ;
#5110 = ORIENTED_EDGE ( 'NONE', *, *, #624, .T. ) ;
#5111 = DIRECTION ( 'NONE',  ( -1.000000000000000000, 0.000000000000000000, 0.000000000000000000 ) ) ;
#5112 = PLANE ( 'NONE',  #3459 ) ;
#5113 = CARTESIAN_POINT ( 'NONE',  ( 7.849999999999997868, 32.02664611367345771, 3.000000000000000000 ) ) ;
#5114 = DIRECTION ( 'NONE',  ( -1.163534038764931419E-16, 1.000000000000000000, 0.000000000000000000 ) ) ;
#5115 = VERTEX_POINT ( 'NONE', #1641 ) ;
#5116 = CARTESIAN_POINT ( 'NONE',  ( 79.25000000000000000, 73.74999999999985789, 6.000000000000000000 ) ) ;
#5117 = EDGE_CURVE ( 'NONE', #3287, #3509, #3261, .T. ) ;
#5118 = CARTESIAN_POINT ( 'NONE',  ( 6.849999999999994316, 80.02664611367346481, 0.000000000000000000 ) ) ;
#5119 = CARTESIAN_POINT ( 'NONE',  ( 92.09999999999999432, 84.99999999999985789, -169.8835189181103544 ) ) ;
#5120 = ORIENTED_EDGE ( 'NONE', *, *, #3870, .T. ) ;
#5121 = PLANE ( 'NONE',  #2070 ) ;
#5122 = VECTOR ( 'NONE', #2455, 1000.000000000000000 ) ;
#5123 = ORIENTED_EDGE ( 'NONE', *, *, #1748, .T. ) ;
#5124 = CARTESIAN_POINT ( 'NONE',  ( -13.49999999999997513, 120.6580326380583585, 0.000000000000000000 ) ) ;
#5125 = ORIENTED_EDGE ( 'NONE', *, *, #2733, .F. ) ;
#5126 = EDGE_CURVE ( 'NONE', #3473, #1831, #2340, .T. ) ;
#5127 = ORIENTED_EDGE ( 'NONE', *, *, #625, .F. ) ;
#5128 = DIRECTION ( 'NONE',  ( -0.000000000000000000, -0.000000000000000000, -1.000000000000000000 ) ) ;
#5129 = DIRECTION ( 'NONE',  ( 0.000000000000000000, 0.000000000000000000, -1.000000000000000000 ) ) ;
#5130 = EDGE_CURVE ( 'NONE', #2235, #1970, #3572, .T. ) ;
#5131 = ORIENTED_EDGE ( 'NONE', *, *, #3760, .F. ) ;
#5132 = CARTESIAN_POINT ( 'NONE',  ( 92.10000000000000853, 78.55234317807440902, -25.00000000000002132 ) ) ;
#5133 = DIRECTION ( 'NONE',  ( 0.000000000000000000, 0.000000000000000000, 1.000000000000000000 ) ) ;
#5134 = CARTESIAN_POINT ( 'NONE',  ( 2.999999999999995115, 48.00000000000002132, 0.000000000000000000 ) ) ;
#5135 = ORIENTED_EDGE ( 'NONE', *, *, #3690, .F. ) ;
#5136 = ORIENTED_EDGE ( 'NONE', *, *, #4469, .T. ) ;
#5137 = LINE ( 'NONE', #667, #744 ) ;
#5138 = CARTESIAN_POINT ( 'NONE',  ( 38.00000000000000711, -24.99999999999998579, -1.084202172485504434E-14 ) ) ;
#5139 = AXIS2_PLACEMENT_3D ( 'NONE', #2769, #4409, #1981 ) ;
#5140 = DIRECTION ( 'NONE',  ( -9.912705577010325549E-17, 0.000000000000000000, 1.000000000000000000 ) ) ;
#5141 = ORIENTED_EDGE ( 'NONE', *, *, #1103, .F. ) ;
#5142 = DIRECTION ( 'NONE',  ( -0.000000000000000000, -0.000000000000000000, -1.000000000000000000 ) ) ;
#5143 = VECTOR ( 'NONE', #2264, 1000.000000000000000 ) ;
#5144 = EDGE_CURVE ( 'NONE', #3398, #4876, #1248, .T. ) ;
#5145 = VECTOR ( 'NONE', #1931, 1000.000000000000000 ) ;
#5146 = CARTESIAN_POINT ( 'NONE',  ( 0.000000000000000000, 0.000000000000000000, 1.000000000000000000 ) ) ;
#5147 = AXIS2_PLACEMENT_3D ( 'NONE', #3045, #3887, #1041 ) ;
#5148 = CARTESIAN_POINT ( 'NONE',  ( 81.75000000000000000, 65.70872994711236004, 10.00000000000000000 ) ) ;
#5149 = ORIENTED_EDGE ( 'NONE', *, *, #4025, .T. ) ;
#5150 = CARTESIAN_POINT ( 'NONE',  ( 81.28923311626485315, 66.16949683084750689, -169.8835189181103544 ) ) ;
#5151 = VECTOR ( 'NONE', #1272, 1000.000000000000114 ) ;
#5152 = CARTESIAN_POINT ( 'NONE',  ( 0.000000000000000000, -75.00000000000001421, -8.000000000000062172 ) ) ;
#5153 = ORIENTED_EDGE ( 'NONE', *, *, #2060, .F. ) ;
#5154 = ORIENTED_EDGE ( 'NONE', *, *, #2123, .T. ) ;
#5155 = DIRECTION ( 'NONE',  ( -8.577124726708580637E-17, 1.000000000000000000, -0.000000000000000000 ) ) ;
#5156 = VECTOR ( 'NONE', #3306, 1000.000000000000114 ) ;
#5157 = CARTESIAN_POINT ( 'NONE',  ( 16.25000000000000000, 35.00000000000002842, 6.000000000000000000 ) ) ;
#5158 = ADVANCED_FACE ( 'NONE', ( #479 ), #3750, .T. ) ;
#5159 = ORIENTED_EDGE ( 'NONE', *, *, #4000, .F. ) ;
#5160 = VECTOR ( 'NONE', #4672, 1000.000000000000000 ) ;
#5161 = DIRECTION ( 'NONE',  ( -0.000000000000000000, 0.000000000000000000, -1.000000000000000000 ) ) ;
#5162 = FACE_OUTER_BOUND ( 'NONE', #56, .T. ) ;
#5163 = VECTOR ( 'NONE', #1991, 1000.000000000000000 ) ;
#5164 = FACE_OUTER_BOUND ( 'NONE', #1218, .T. ) ;
#5165 = ADVANCED_FACE ( 'NONE', ( #1274 ), #2879, .F. ) ;
#5166 = VERTEX_POINT ( 'NONE', #2565 ) ;
#5167 = ORIENTED_EDGE ( 'NONE', *, *, #944, .T. ) ;
#5168 = VERTEX_POINT ( 'NONE', #3289 ) ;
#5169 = VECTOR ( 'NONE', #1415, 1000.000000000000000 ) ;
#5170 = VERTEX_POINT ( 'NONE', #4521 ) ;
#5171 = LINE ( 'NONE', #4758, #3548 ) ;
#5172 = CYLINDRICAL_SURFACE ( 'NONE', #553, 5.000000000000000888 ) ;
#5173 = CARTESIAN_POINT ( 'NONE',  ( 43.00000000000000000, 55.89999999999984936, 0.000000000000000000 ) ) ;
#5174 = ORIENTED_EDGE ( 'NONE', *, *, #5027, .F. ) ;
#5175 = VECTOR ( 'NONE', #3363, 1000.000000000000000 ) ;
#5176 = DIRECTION ( 'NONE',  ( -0.000000000000000000, -0.000000000000000000, -1.000000000000000000 ) ) ;
#5177 = EDGE_CURVE ( 'NONE', #967, #107, #4119, .T. ) ;
#5178 = LINE ( 'NONE', #1045, #2912 ) ;
#5179 = PLANE ( 'NONE',  #4109 ) ;
#5180 = CARTESIAN_POINT ( 'NONE',  ( 27.00000000000000711, 55.05329222734687988, 0.000000000000000000 ) ) ;
#5181 = VERTEX_POINT ( 'NONE', #91 ) ;
#5182 = ORIENTED_EDGE ( 'NONE', *, *, #3587, .F. ) ;
#5183 = CARTESIAN_POINT ( 'NONE',  ( -12.99999999999998401, 68.00000000000002842, 3.000000000000000000 ) ) ;
#5184 = CARTESIAN_POINT ( 'NONE',  ( -12.99999999999999112, 107.0532922273468870, 3.000000000000000000 ) ) ;
#5185 = EDGE_CURVE ( 'NONE', #2339, #4014, #2156, .T. ) ;
#5186 = ORIENTED_EDGE ( 'NONE', *, *, #4072, .T. ) ;
#5187 = FACE_OUTER_BOUND ( 'NONE', #4220, .T. ) ;
#5188 = DIRECTION ( 'NONE',  ( -0.8660254037844377084, 0.5000000000000017764, 0.000000000000000000 ) ) ;
#5189 = CARTESIAN_POINT ( 'NONE',  ( 38.00000000000001421, -67.00000000000002842, 0.000000000000000000 ) ) ;
#5190 = EDGE_CURVE ( 'NONE', #1954, #5055, #2457, .T. ) ;
#5191 = VERTEX_POINT ( 'NONE', #1726 ) ;
#5192 = ORIENTED_EDGE ( 'NONE', *, *, #148, .F. ) ;
#5193 = EDGE_CURVE ( 'NONE', #4490, #531, #2186, .T. ) ;
#5194 = CARTESIAN_POINT ( 'NONE',  ( 7.849999999999997868, 32.02664611367345771, 0.000000000000000000 ) ) ;
#5195 = DIRECTION ( 'NONE',  ( 0.000000000000000000, 1.000000000000000000, 0.000000000000000000 ) ) ;
#5196 = CARTESIAN_POINT ( 'NONE',  ( 17.14999999999999858, 85.97335388632657782, 0.000000000000000000 ) ) ;
#5197 = ORIENTED_EDGE ( 'NONE', *, *, #4441, .T. ) ;
#5198 = DIRECTION ( 'NONE',  ( -0.000000000000000000, 1.000000000000000000, -0.000000000000000000 ) ) ;
#5199 = EDGE_CURVE ( 'NONE', #2027, #1875, #2936, .T. ) ;
#5200 = DIRECTION ( 'NONE',  ( -0.000000000000000000, -0.000000000000000000, -1.000000000000000000 ) ) ;
#5201 = CARTESIAN_POINT ( 'NONE',  ( 29.99999999999995026, -75.00000000000001421, -25.00000000000002132 ) ) ;
#5202 = DIRECTION ( 'NONE',  ( 1.000000000000000000, 8.577124726708580637E-17, 0.000000000000000000 ) ) ;
#5203 = ORIENTED_EDGE ( 'NONE', *, *, #4574, .F. ) ;
#5204 = CARTESIAN_POINT ( 'NONE',  ( 9.500000000000010658, 90.65803263805835854, 0.000000000000000000 ) ) ;
#5205 = EDGE_CURVE ( 'NONE', #3280, #2004, #3318, .T. ) ;
#5206 = ORIENTED_EDGE ( 'NONE', *, *, #1727, .T. ) ;
#5207 = CIRCLE ( 'NONE', #4943, 3.250000000000002665 ) ;
#5208 = ORIENTED_EDGE ( 'NONE', *, *, #162, .F. ) ;
#5209 = DIRECTION ( 'NONE',  ( 0.000000000000000000, -0.000000000000000000, -1.000000000000000000 ) ) ;
#5210 = CARTESIAN_POINT ( 'NONE',  ( -15.49999999999997513, 120.6580326380583585, 1.000000000000000000 ) ) ;
#5211 = EDGE_CURVE ( 'NONE', #902, #45, #4948, .T. ) ;
#5212 = LINE ( 'NONE', #364, #4957 ) ;
#5213 = DIRECTION ( 'NONE',  ( 1.000000000000000000, 0.000000000000000000, 0.000000000000000000 ) ) ;
#5214 = DIRECTION ( 'NONE',  ( -1.000000000000000000, 0.000000000000000000, 0.000000000000000000 ) ) ;
#5215 = ORIENTED_EDGE ( 'NONE', *, *, #1204, .F. ) ;
#5216 = ORIENTED_EDGE ( 'NONE', *, *, #2703, .T. ) ;
#5217 = VERTEX_POINT ( 'NONE', #4920 ) ;
#5218 = DIRECTION ( 'NONE',  ( -0.000000000000000000, -1.000000000000000000, -0.000000000000000000 ) ) ;
#5219 = CARTESIAN_POINT ( 'NONE',  ( 29.50000000000000000, 82.65803263805818801, 1.000000000000000000 ) ) ;
#5220 = ORIENTED_EDGE ( 'NONE', *, *, #2379, .T. ) ;
#5221 = CARTESIAN_POINT ( 'NONE',  ( -9.750000000000000000, 113.0000000000000284, 3.000000000000000000 ) ) ;
#5222 = CARTESIAN_POINT ( 'NONE',  ( 27.00000000000002487, 66.94670777265318407, 0.000000000000000000 ) ) ;
#5223 = EDGE_CURVE ( 'NONE', #1309, #735, #1757, .T. ) ;
#5224 = LINE ( 'NONE', #1568, #1462 ) ;
#5225 = VECTOR ( 'NONE', #1957, 1000.000000000000000 ) ;
#5226 = DIRECTION ( 'NONE',  ( 0.000000000000000000, -1.000000000000000000, 0.000000000000000000 ) ) ;
#5227 = ADVANCED_FACE ( 'NONE', ( #4552 ), #5008, .F. ) ;
#5228 = DIRECTION ( 'NONE',  ( 1.000000000000000000, -0.000000000000000000, -0.000000000000000000 ) ) ;
#5229 = ORIENTED_EDGE ( 'NONE', *, *, #3219, .F. ) ;
#5230 = CARTESIAN_POINT ( 'NONE',  ( -12.99999999999999112, 107.0532922273468870, 3.000000000000000000 ) ) ;
#5231 = VERTEX_POINT ( 'NONE', #4582 ) ;
#5232 = VECTOR ( 'NONE', #2631, 1000.000000000000000 ) ;
#5233 = STYLED_ITEM ( 'NONE', ( #2084 ), #1129 ) ;
#5234 = VECTOR ( 'NONE', #876, 1000.000000000000000 ) ;
#5235 = ORIENTED_EDGE ( 'NONE', *, *, #68, .T. ) ;
#5236 = CARTESIAN_POINT ( 'NONE',  ( 13.00000000000000178, 29.05329222734688699, 3.000000000000000000 ) ) ;
#5237 = ORIENTED_EDGE ( 'NONE', *, *, #1593, .F. ) ;
#5238 = PLANE ( 'NONE',  #127 ) ;
#5239 = ORIENTED_EDGE ( 'NONE', *, *, #375, .F. ) ;
#5240 = EDGE_CURVE ( 'NONE', #1545, #1263, #2518, .T. ) ;
#5241 = VECTOR ( 'NONE', #2115, 1000.000000000000114 ) ;
#5242 = FACE_BOUND ( 'NONE', #2964, .T. ) ;
#5243 = CYLINDRICAL_SURFACE ( 'NONE', #3185, 3.250000000000009770 ) ;
#5244 = DIRECTION ( 'NONE',  ( 1.000000000000000000, 1.387778780781444413E-14, -0.000000000000000000 ) ) ;
#5245 = VERTEX_POINT ( 'NONE', #1361 ) ;
#5246 = VECTOR ( 'NONE', #5155, 1000.000000000000000 ) ;
#5247 = VERTEX_POINT ( 'NONE', #2068 ) ;
#5248 = CARTESIAN_POINT ( 'NONE',  ( -17.50000000000000355, 116.0000000000000284, 6.000000000000000000 ) ) ;
#5249 = CARTESIAN_POINT ( 'NONE',  ( 12.99999999999999467, 40.94670777265317696, 0.000000000000000000 ) ) ;
#5250 = EDGE_LOOP ( 'NONE', ( #3485, #5039, #1802, #3840, #2846, #4082 ) ) ;
#5251 = CARTESIAN_POINT ( 'NONE',  ( -12.99999999999997868, 118.9467077726531556, 1.000000000000000000 ) ) ;
#5252 = VECTOR ( 'NONE', #2800, 1000.000000000000000 ) ;
#5253 = CARTESIAN_POINT ( 'NONE',  ( 0.000000000000000000, 0.000000000000000000, 1.000000000000000000 ) ) ;
#5254 = EDGE_CURVE ( 'NONE', #5094, #1247, #561, .T. ) ;
#5255 = AXIS2_PLACEMENT_3D ( 'NONE', #251, #2291, #3916 ) ;
#5256 = AXIS2_PLACEMENT_3D ( 'NONE', #2569, #2603, #4634 ) ;
#5257 = DIRECTION ( 'NONE',  ( 0.6666666666666704044, -0.6666666666666636321, -0.3333333333333317605 ) ) ;
#5258 = FACE_OUTER_BOUND ( 'NONE', #1745, .T. ) ;
#5259 = ORIENTED_EDGE ( 'NONE', *, *, #3225, .T. ) ;
#5260 = EDGE_CURVE ( 'NONE', #3230, #467, #960, .T. ) ;
#5261 = EDGE_LOOP ( 'NONE', ( #2803, #4912, #3882, #4540 ) ) ;
#5262 = CARTESIAN_POINT ( 'NONE',  ( 27.00000000000002487, 66.94670777265318407, 1.000000000000000000 ) ) ;
#5263 = DIRECTION ( 'NONE',  ( -0.7071067811865490160, 0.7071067811865460184, 0.000000000000000000 ) ) ;
#5264 = ADVANCED_FACE ( 'NONE', ( #3347 ), #1782, .F. ) ;
#5265 = CARTESIAN_POINT ( 'NONE',  ( 38.00000000000000711, 3.688163632484690672E-15, 0.000000000000000000 ) ) ;
#5266 = LINE ( 'NONE', #2038, #4612 ) ;
ENDSEC;
END-ISO-10303-21;
