ISO-10303-21;
HEADER;
FILE_DESCRIPTION (( 'STEP AP214' ),
    '1' );
FILE_NAME ('D7N3_nut_platform_top.STEP',
    '2026-07-07T16:52:30',
    ( '' ),
    ( '' ),
    'SwSTEP 2.0',
    'SolidWorks 2026',
    '' );
FILE_SCHEMA (( 'AUTOMOTIVE_DESIGN' ));
ENDSEC;

DATA;
#1 = CARTESIAN_POINT ( 'NONE',  ( 1.948557158514986121, 1.125000000000000888, -9.666666666666650087 ) ) ;
#2 = AXIS2_PLACEMENT_3D ( 'NONE', #519, #2449, #1064 ) ;
#3 = EDGE_CURVE ( 'NONE', #3343, #2261, #613, .T. ) ;
#4 = CARTESIAN_POINT ( 'NONE',  ( 6.584137878454010107, -1.095938670478892707, -23.09254954652971392 ) ) ;
#5 = CARTESIAN_POINT ( 'NONE',  ( -0.6028856829700278697, 2.249999999999999112, -12.83333333333331794 ) ) ;
#6 = EDGE_LOOP ( 'NONE', ( #869, #738 ) ) ;
#7 = DIRECTION ( 'NONE',  ( 1.000000000000000000, -0.000000000000000000, -0.000000000000000000 ) ) ;
#8 = CARTESIAN_POINT ( 'NONE',  ( -4.138790225138299306, -4.369719501635337622, -21.99650605690931471 ) ) ;
#9 = CARTESIAN_POINT ( 'NONE',  ( 3.241582823769583399, -5.119702147869872100, -29.28085811490700863 ) ) ;
#10 = ORIENTED_EDGE ( 'NONE', *, *, #781, .F. ) ;
#11 = ADVANCED_FACE ( 'NONE', ( #1671 ), #1774, .F. ) ;
#12 = DIRECTION ( 'NONE',  ( -0.5000000000000002220, 0.8660254037844385966, 0.000000000000000000 ) ) ;
#13 = CARTESIAN_POINT ( 'NONE',  ( 3.606559756505520298, -6.248304659503355118, -21.17742617310415909 ) ) ;
#14 = CARTESIAN_POINT ( 'NONE',  ( -6.000000000000015099, 2.551146958169707268, -29.12201602371511200 ) ) ;
#15 = DIRECTION ( 'NONE',  ( -1.000000000000000000, 0.000000000000000000, 0.000000000000000000 ) ) ;
#16 = ORIENTED_EDGE ( 'NONE', *, *, #444, .F. ) ;
#17 = PLANE ( 'NONE',  #2546 ) ;
#18 = CARTESIAN_POINT ( 'NONE',  ( -4.435792978976536460, -4.076196707194202240, -23.70677890811683497 ) ) ;
#19 = CARTESIAN_POINT ( 'NONE',  ( 0.6028856829700248721, 2.250000000000000444, -9.166666666666651864 ) ) ;
#20 = CARTESIAN_POINT ( 'NONE',  ( 3.610398224682506818, -6.246606839293417757, -21.17827274335591170 ) ) ;
#21 = EDGE_CURVE ( 'NONE', #3010, #902, #321, .T. ) ;
#22 = CARTESIAN_POINT ( 'NONE',  ( -3.610398224675317902, -6.246606839296584113, -21.17827274335433430 ) ) ;
#23 = ORIENTED_EDGE ( 'NONE', *, *, #758, .F. ) ;
#24 = DIRECTION ( 'NONE',  ( 1.000000000000000000, 0.000000000000000000, 0.000000000000000000 ) ) ;
#25 = CARTESIAN_POINT ( 'NONE',  ( -3.602720060833696003, -6.250000000000061284, -21.17658045704103742 ) ) ;
#26 = ORIENTED_EDGE ( 'NONE', *, *, #971, .F. ) ;
#27 = CARTESIAN_POINT ( 'NONE',  ( -3.241582823769191712, -5.119702147870031972, -29.28085811490700152 ) ) ;
#28 = CARTESIAN_POINT ( 'NONE',  ( 5.664586389217536322, -4.953082322422859285, -21.74566371868911219 ) ) ;
#29 = DIRECTION ( 'NONE',  ( 0.7071067811865475727, -0.7071067811865475727, 0.000000000000000000 ) ) ;
#30 = VECTOR ( 'NONE', #2991, 1000.000000000000000 ) ;
#31 = CARTESIAN_POINT ( 'NONE',  ( 3.609118837573165095, -6.247172986033880271, -21.17799048217420577 ) ) ;
#32 = CARTESIAN_POINT ( 'NONE',  ( -6.424564640470549648, -1.372327626194533190, -23.16006050136343930 ) ) ;
#33 = CARTESIAN_POINT ( 'NONE',  ( -5.011207333897718108, 3.820334290427378487, -22.80407644904364162 ) ) ;
#34 = ORIENTED_EDGE ( 'NONE', *, *, #1868, .T. ) ;
#35 = VECTOR ( 'NONE', #361, 1000.000000000000114 ) ;
#36 =( LENGTH_UNIT ( ) NAMED_UNIT ( * ) SI_UNIT ( .MILLI., .METRE. ) );
#37 = CARTESIAN_POINT ( 'NONE',  ( -5.296670419716841494, -2.841150479844448462, -27.85434870197626012 ) ) ;
#38 = CARTESIAN_POINT ( 'NONE',  ( 1.124999999999998446, 1.948557158514987675, -5.333333333333317050 ) ) ;
#39 = CARTESIAN_POINT ( 'NONE',  ( -4.133182947122316674E-16, 2.250000000000000000, -4.999999999999984013 ) ) ;
#40 = LINE ( 'NONE', #851, #1639 ) ;
#41 = AXIS2_PLACEMENT_3D ( 'NONE', #3049, #2492, #1143 ) ;
#42 = ORIENTED_EDGE ( 'NONE', *, *, #3243, .F. ) ;
#43 = CARTESIAN_POINT ( 'NONE',  ( 2.000000000000000000, 4.707309741090647151E-16, -31.11321225581126626 ) ) ;
#44 = CARTESIAN_POINT ( 'NONE',  ( 3.190951396558122433, -5.110545354664193241, -23.13025685005727539 ) ) ;
#45 = VECTOR ( 'NONE', #1996, 1000.000000000000114 ) ;
#46 = CARTESIAN_POINT ( 'NONE',  ( 1.499999999999994449, 3.000000000000000000, -41.37078589322641875 ) ) ;
#47 = CARTESIAN_POINT ( 'NONE',  ( 6.381149749626934486, -4.233935885763405516, -21.99604778787204751 ) ) ;
#48 = EDGE_CURVE ( 'NONE', #1693, #1049, #2133, .T. ) ;
#49 = CARTESIAN_POINT ( 'NONE',  ( 3.000000000000000000, 0.000000000000000000, -0.7500000000000075495 ) ) ;
#50 = CARTESIAN_POINT ( 'NONE',  ( -6.104729304371820042, -1.926298678373396411, -23.25561264784571591 ) ) ;
#51 = DIRECTION ( 'NONE',  ( -0.6123724356957929160, -0.3535533905932731202, -0.7071067811865492381 ) ) ;
#52 = EDGE_LOOP ( 'NONE', ( #1100, #3358, #1150, #2774, #180 ) ) ;
#53 = CARTESIAN_POINT ( 'NONE',  ( 5.500000000000000000, -6.399999999999998579, -42.19833742425210232 ) ) ;
#54 = CARTESIAN_POINT ( 'NONE',  ( -5.999999999999985789, -0.3726751932755500429, -27.64911169404485847 ) ) ;
#55 = CARTESIAN_POINT ( 'NONE',  ( -1.647114317029974462, 1.647114317029972907, -12.49999999999998224 ) ) ;
#56 = DIRECTION ( 'NONE',  ( 0.000000000000000000, 0.000000000000000000, 1.000000000000000000 ) ) ;
#57 = VERTEX_POINT ( 'NONE', #1815 ) ;
#58 = FACE_OUTER_BOUND ( 'NONE', #1067, .T. ) ;
#59 = FACE_OUTER_BOUND ( 'NONE', #3190, .T. ) ;
#60 = DIRECTION ( 'NONE',  ( 0.000000000000000000, 0.000000000000000000, 1.000000000000000000 ) ) ;
#61 = CARTESIAN_POINT ( 'NONE',  ( 1.948557158514987009, -1.124999999999999778, -9.833333333333348136 ) ) ;
#62 = CARTESIAN_POINT ( 'NONE',  ( 5.308848692623779897, -2.818676491592683409, -27.84850377498314344 ) ) ;
#63 = CARTESIAN_POINT ( 'NONE',  ( -5.371920172367904200, -3.195561327254623496, -23.11942195728666860 ) ) ;
#64 = ORIENTED_EDGE ( 'NONE', *, *, #957, .T. ) ;
#65 = PLANE ( 'NONE',  #3100 ) ;
#66 = DIRECTION ( 'NONE',  ( -0.4503400076042156641, -0.8928571428571510094, 0.000000000000000000 ) ) ;
#67 = CARTESIAN_POINT ( 'NONE',  ( -4.712575668726508127, -3.717659121476800443, -28.21921135353342081 ) ) ;
#68 = DIRECTION ( 'NONE',  ( 1.000000000000000000, -0.000000000000000000, -0.000000000000000000 ) ) ;
#69 = CARTESIAN_POINT ( 'NONE',  ( 7.058368826677015484, -0.2745465736350860553, -22.87625819847842479 ) ) ;
#70 = CARTESIAN_POINT ( 'NONE',  ( 3.671428571428550391, 4.571428571428546306, -35.86398018514307040 ) ) ;
#71 = ADVANCED_FACE ( 'NONE', ( #2897 ), #2863, .F. ) ;
#72 = EDGE_LOOP ( 'NONE', ( #1797, #26, #3048, #2184 ) ) ;
#73 = LINE ( 'NONE', #1402, #1684 ) ;
#74 = CARTESIAN_POINT ( 'NONE',  ( 2.958731796441859352, -5.227672464325569202, -21.68662336208208430 ) ) ;
#75 = ADVANCED_FACE ( 'NONE', ( #331 ), #2745, .F. ) ;
#76 = CARTESIAN_POINT ( 'NONE',  ( -4.133182947122316674E-16, 2.250000000000000000, -4.500000000000015099 ) ) ;
#77 = DIRECTION ( 'NONE',  ( 1.000000000000000000, 0.000000000000000000, 0.000000000000000000 ) ) ;
#78 = LINE ( 'NONE', #2778, #35 ) ;
#79 = DIRECTION ( 'NONE',  ( 0.000000000000000000, -0.8660254037844385966, 0.5000000000000001110 ) ) ;
#80 = ORIENTED_EDGE ( 'NONE', *, *, #2252, .T. ) ;
#81 = CARTESIAN_POINT ( 'NONE',  ( 4.500000000000007994, 3.968626966596896732, -28.39476002721891845 ) ) ;
#82 = DIRECTION ( 'NONE',  ( -0.7071067811865435759, 0.000000000000000000, 0.7071067811865513475 ) ) ;
#83 = CARTESIAN_POINT ( 'NONE',  ( -5.016681451756908494, -3.296152394482696923, -28.01271944476140519 ) ) ;
#84 = CARTESIAN_POINT ( 'NONE',  ( 5.003080467595017566, 3.834410435769975312, -22.79505615769694415 ) ) ;
#85 = AXIS2_PLACEMENT_3D ( 'NONE', #1250, #741, #155 ) ;
#86 = CARTESIAN_POINT ( 'NONE',  ( -1.948557158514986343, -1.125000000000000666, -11.66666666666665186 ) ) ;
#87 = ORIENTED_EDGE ( 'NONE', *, *, #1237, .F. ) ;
#88 = CARTESIAN_POINT ( 'NONE',  ( 3.749999999999999556, 0.000000000000000000, -7.500000000000000000 ) ) ;
#89 = ORIENTED_EDGE ( 'NONE', *, *, #211, .F. ) ;
#90 = ORIENTED_EDGE ( 'NONE', *, *, #2980, .F. ) ;
#91 = CARTESIAN_POINT ( 'NONE',  ( -3.750000000000000000, 1.004809471616707972, -5.666666666666664298 ) ) ;
#92 = ORIENTED_EDGE ( 'NONE', *, *, #596, .F. ) ;
#93 = CARTESIAN_POINT ( 'NONE',  ( 3.750000000000000444, -1.004809471616710193, -4.166666666666666075 ) ) ;
#94 = EDGE_CURVE ( 'NONE', #1383, #1557, #2996, .T. ) ;
#95 = AXIS2_PLACEMENT_3D ( 'NONE', #3456, #2348, #2366 ) ;
#96 = CARTESIAN_POINT ( 'NONE',  ( 5.999999999999962697, -1.465039614721027394, -28.49495165660606588 ) ) ;
#97 = CARTESIAN_POINT ( 'NONE',  ( 3.247595264191645459, -1.875000000000000000, -4.333333333333333037 ) ) ;
#98 = AXIS2_PLACEMENT_3D ( 'NONE', #2523, #1458, #655 ) ;
#99 = VERTEX_POINT ( 'NONE', #566 ) ;
#100 = CARTESIAN_POINT ( 'NONE',  ( -0.6028856829700256492, -2.250000000000000000, -6.666666666666681174 ) ) ;
#101 = CARTESIAN_POINT ( 'NONE',  ( -0.6028856829700277586, 2.249999999999999556, -4.333333333333349024 ) ) ;
#102 = VECTOR ( 'NONE', #1216, 1000.000000000000000 ) ;
#103 = CARTESIAN_POINT ( 'NONE',  ( 6.910647154190925825E-16, 5.749999999999994671, 0.000000000000000000 ) ) ;
#104 = ADVANCED_FACE ( 'NONE', ( #893 ), #298, .T. ) ;
#105 = CARTESIAN_POINT ( 'NONE',  ( -0.6028856829700278697, 2.249999999999999112, -8.833333333333316162 ) ) ;
#106 = CARTESIAN_POINT ( 'NONE',  ( -17.71280920196283404, -15.21280920196283581, -40.57436127431979855 ) ) ;
#107 = ADVANCED_FACE ( 'NONE', ( #3283, #1943 ), #65, .T. ) ;
#108 = ORIENTED_EDGE ( 'NONE', *, *, #898, .T. ) ;
#109 = CARTESIAN_POINT ( 'NONE',  ( 1.948557158514987009, -1.124999999999999778, -9.833333333333348136 ) ) ;
#110 = VECTOR ( 'NONE', #1149, 1000.000000000000000 ) ;
#111 = ORIENTED_EDGE ( 'NONE', *, *, #2619, .T. ) ;
#112 = CARTESIAN_POINT ( 'NONE',  ( -2.745190528383290030, 2.745190528383286477, -9.999999999999998224 ) ) ;
#113 = B_SPLINE_CURVE_WITH_KNOTS ( 'NONE', 3,
 ( #2019, #914, #3102, #2301 ),
 .UNSPECIFIED., .F., .F.,
 ( 4, 4 ),
 ( 0.000000000000000000, 0.0007332270598214903502 ),
 .UNSPECIFIED. ) ;
#114 = CARTESIAN_POINT ( 'NONE',  ( 5.033804544520442903, 3.302170741847600954, -22.29099529009004499 ) ) ;
#115 = CARTESIAN_POINT ( 'NONE',  ( -1.874999999999999334, -3.247595264191645459, -1.333333333333333259 ) ) ;
#116 = CARTESIAN_POINT ( 'NONE',  ( 1.875000000000000222, -3.247595264191644127, -4.166666666666666963 ) ) ;
#117 = CARTESIAN_POINT ( 'NONE',  ( -5.503423996722961675, -2.415874513847365623, -28.54830555572441497 ) ) ;
#118 = CARTESIAN_POINT ( 'NONE',  ( -2.745190528383289141, -2.745190528383289585, -5.500000000000000000 ) ) ;
#119 = EDGE_CURVE ( 'NONE', #1960, #3449, #3035, .T. ) ;
#120 = ORIENTED_EDGE ( 'NONE', *, *, #853, .T. ) ;
#121 = CARTESIAN_POINT ( 'NONE',  ( 2.745190528383288697, 2.745190528383290030, -3.500000000000000000 ) ) ;
#122 = CARTESIAN_POINT ( 'NONE',  ( 0.6028856829700248721, 2.250000000000000444, -12.66666666666668029 ) ) ;
#123 = LINE ( 'NONE', #3372, #1390 ) ;
#124 = CARTESIAN_POINT ( 'NONE',  ( 5.371920172369377688, 3.195561327252078865, -23.11942195728768468 ) ) ;
#125 = CARTESIAN_POINT ( 'NONE',  ( 0.6028856829700264264, -2.249999999999999112, -10.83333333333331616 ) ) ;
#126 = CARTESIAN_POINT ( 'NONE',  ( 4.770071341013883526, 3.649549051779704012, -23.89398203468548232 ) ) ;
#127 = ORIENTED_EDGE ( 'NONE', *, *, #2349, .T. ) ;
#128 = CARTESIAN_POINT ( 'NONE',  ( 2.250000000000000000, 0.000000000000000000, -1.500000000000015099 ) ) ;
#129 = ORIENTED_EDGE ( 'NONE', *, *, #2217, .T. ) ;
#130 = CARTESIAN_POINT ( 'NONE',  ( -5.499999999999998224, 0.000000000000000000, -34.35329570143849764 ) ) ;
#131 = CARTESIAN_POINT ( 'NONE',  ( 4.436353068133934485, 4.048817307213454342, -23.71376285550019603 ) ) ;
#132 = CARTESIAN_POINT ( 'NONE',  ( -3.247595264191645903, 1.874999999999999112, -6.333333333333333037 ) ) ;
#133 = ADVANCED_FACE ( 'NONE', ( #2763 ), #583, .T. ) ;
#134 = CARTESIAN_POINT ( 'NONE',  ( -3.247595264191643682, -1.875000000000001110, -5.166666666666666963 ) ) ;
#135 = CARTESIAN_POINT ( 'NONE',  ( -2.745190528383290474, 2.745190528383287365, -13.99999999999999645 ) ) ;
#136 = CARTESIAN_POINT ( 'NONE',  ( 5.499999999999999112, 3.000000000000000000, -44.16132833949681924 ) ) ;
#137 = ORIENTED_EDGE ( 'NONE', *, *, #2214, .T. ) ;
#138 = CARTESIAN_POINT ( 'NONE',  ( 1.004809471616708416, 3.750000000000001332, -3.166666666666666519 ) ) ;
#139 = CARTESIAN_POINT ( 'NONE',  ( 1.647114317029973352, 1.647114317029974018, -9.000000000000014211 ) ) ;
#140 = ORIENTED_EDGE ( 'NONE', *, *, #1699, .T. ) ;
#141 = CARTESIAN_POINT ( 'NONE',  ( -5.666266980017346633, 3.166266980017346633, -41.43746686307702021 ) ) ;
#142 = CARTESIAN_POINT ( 'NONE',  ( 3.608439182435160930, 6.249999999999996447, -0.5000000000000004441 ) ) ;
#143 = DIRECTION ( 'NONE',  ( 0.000000000000000000, 0.000000000000000000, 1.000000000000000000 ) ) ;
#144 = VERTEX_POINT ( 'NONE', #1374 ) ;
#145 = CARTESIAN_POINT ( 'NONE',  ( -4.133182947122316674E-16, 2.250000000000000000, -4.500000000000015099 ) ) ;
#146 = ORIENTED_EDGE ( 'NONE', *, *, #2588, .F. ) ;
#147 = CARTESIAN_POINT ( 'NONE',  ( 1.004809471616710637, -3.749999999999998668, -4.333333333333332149 ) ) ;
#148 = CARTESIAN_POINT ( 'NONE',  ( 5.423923490329660702, 2.607496140312973054, -22.43244142370133076 ) ) ;
#149 = CARTESIAN_POINT ( 'NONE',  ( 3.247595264191644127, 1.875000000000001776, -7.666666666666666075 ) ) ;
#150 = CARTESIAN_POINT ( 'NONE',  ( -2.958731796434313832, 5.227672464329720547, -21.68662336207656693 ) ) ;
#151 = CARTESIAN_POINT ( 'NONE',  ( 3.749999999999998668, 1.004809471616713079, -15.33333333333333037 ) ) ;
#152 = CARTESIAN_POINT ( 'NONE',  ( 3.750000000000000444, -1.004809471616710193, -4.166666666666666963 ) ) ;
#153 = EDGE_CURVE ( 'NONE', #3449, #484, #1694, .T. ) ;
#154 = DIRECTION ( 'NONE',  ( 1.000000000000000000, 0.000000000000000000, 0.000000000000000000 ) ) ;
#155 = DIRECTION ( 'NONE',  ( 1.000000000000000000, 0.000000000000000000, 0.000000000000000000 ) ) ;
#156 = AXIS2_PLACEMENT_3D ( 'NONE', #1497, #1194, #1711 ) ;
#157 = VERTEX_POINT ( 'NONE', #1423 ) ;
#158 = AXIS2_PLACEMENT_3D ( 'NONE', #2631, #3440, #2670 ) ;
#159 = CARTESIAN_POINT ( 'NONE',  ( 1.948557158514987009, -1.124999999999999778, -1.833333333333348580 ) ) ;
#160 = VECTOR ( 'NONE', #2288, 1000.000000000000114 ) ;
#161 = CARTESIAN_POINT ( 'NONE',  ( -2.745190528383288697, -2.745190528383289141, -9.000000000000000000 ) ) ;
#162 = DIRECTION ( 'NONE',  ( 0.6069769786668863798, 0.6882472016116839564, 0.3973597071195121844 ) ) ;
#163 = EDGE_CURVE ( 'NONE', #2297, #845, #2245, .T. ) ;
#164 = CARTESIAN_POINT ( 'NONE',  ( -4.133182947122316674E-16, 2.250000000000000000, -12.99999999999998401 ) ) ;
#165 = ORIENTED_EDGE ( 'NONE', *, *, #529, .F. ) ;
#166 = CARTESIAN_POINT ( 'NONE',  ( -3.749999999999998668, -1.004809471616710859, -5.333333333333333037 ) ) ;
#167 = CARTESIAN_POINT ( 'NONE',  ( 5.980447226424281837, 0.5610904149888590320, -24.63602488474424490 ) ) ;
#168 = CARTESIAN_POINT ( 'NONE',  ( 2.745190528383288697, 2.745190528383290030, -3.500000000000000444 ) ) ;
#169 = CARTESIAN_POINT ( 'NONE',  ( -4.499999999999996447, -3.968626966596872307, -28.39476002721890424 ) ) ;
#170 = CARTESIAN_POINT ( 'NONE',  ( -5.366349287250685052, -2.700154012722614905, -28.73220646332492123 ) ) ;
#171 = CARTESIAN_POINT ( 'NONE',  ( -3.750000000000000444, -4.592425496802574958E-16, -6.000000000000000000 ) ) ;
#172 = EDGE_CURVE ( 'NONE', #1644, #2117, #503, .T. ) ;
#173 = DIRECTION ( 'NONE',  ( 0.000000000000000000, 0.000000000000000000, 1.000000000000000000 ) ) ;
#174 = CARTESIAN_POINT ( 'NONE',  ( 4.500000000000004441, -3.968626966596899841, -28.39476002721892911 ) ) ;
#175 = ORIENTED_EDGE ( 'NONE', *, *, #529, .T. ) ;
#176 = DIRECTION ( 'NONE',  ( 1.000000000000000000, -0.000000000000000000, -0.000000000000000000 ) ) ;
#177 = CARTESIAN_POINT ( 'NONE',  ( -5.999999999999998224, 5.291502622129163669, -28.39476002721890069 ) ) ;
#178 = PLANE ( 'NONE',  #1842 ) ;
#179 = CARTESIAN_POINT ( 'NONE',  ( -1.948557158514987231, 1.124999999999999334, -3.833333333333348136 ) ) ;
#180 = ORIENTED_EDGE ( 'NONE', *, *, #2012, .F. ) ;
#181 = CARTESIAN_POINT ( 'NONE',  ( 1.004809471616707750, 3.750000000000000000, -14.66666666666666430 ) ) ;
#182 = CARTESIAN_POINT ( 'NONE',  ( 5.900767197434729106, 1.123173167199315925, -24.58330069901869663 ) ) ;
#183 = LINE ( 'NONE', #215, #3484 ) ;
#184 = CARTESIAN_POINT ( 'NONE',  ( -0.5563065955969139775, 5.980554171417312936, -21.64278320102481601 ) ) ;
#185 = CARTESIAN_POINT ( 'NONE',  ( -5.999999999999991118, 3.760826285809113227E-16, -27.64911064067352697 ) ) ;
#186 = DIRECTION ( 'NONE',  ( -0.6546536707079769757, 0.6546536707079769757, 0.3779644730092275862 ) ) ;
#187 = CARTESIAN_POINT ( 'NONE',  ( -1.264756613458248413, -6.249999999999751310, -21.17658045704146730 ) ) ;
#188 = DIRECTION ( 'NONE',  ( 0.000000000000000000, -1.000000000000000000, -1.173683280263403983E-16 ) ) ;
#189 = ORIENTED_EDGE ( 'NONE', *, *, #2758, .F. ) ;
#190 = CARTESIAN_POINT ( 'NONE',  ( 5.999999999996378897, 0.3691734337258658072, -27.75568220906690797 ) ) ;
#191 = CARTESIAN_POINT ( 'NONE',  ( 5.499999999999999112, -7.746223524468791354E-15, -45.89337914706570132 ) ) ;
#192 =( BOUNDED_CURVE ( )  B_SPLINE_CURVE ( 2, ( #1288, #3483, #1846, #1304, #1272, #1026, #195, #2089, #782, #3177, #797, #231, #478 ),
 .UNSPECIFIED., .F., .F. ) 
 B_SPLINE_CURVE_WITH_KNOTS ( ( 3, 2, 2, 2, 2, 2, 3 ),
 ( 0.1666666666666666297, 0.1944444444444444198, 0.2222222222222222099, 0.2500000000000000000, 0.2777777777777777901, 0.3055555555555555802, 0.3333333333333333148 ),
 .UNSPECIFIED. ) 
 CURVE ( )  GEOMETRIC_REPRESENTATION_ITEM ( )  RATIONAL_B_SPLINE_CURVE ( ( 0.9999999999999998890, 0.9659258262890682012, 1.000000000000000000, 0.9659258262890683122, 1.000000000000000000, 0.9659258262890683122, 1.000000000000000000, 0.9659258262890683122, 1.000000000000000000, 0.9659258262890683122, 1.000000000000000000, 0.9659258262890683122, 1.000000000000000000 ) ) 
 REPRESENTATION_ITEM ( '' )  );
#193 = DIRECTION ( 'NONE',  ( -0.7071067811865499042, 0.3535533905932730092, 0.6123724356957922499 ) ) ;
#194 = VECTOR ( 'NONE', #2324, 1000.000000000000000 ) ;
#195 = CARTESIAN_POINT ( 'NONE',  ( -6.888638245203859972E-16, 3.749999999999999556, -6.500000000000000888 ) ) ;
#196 = EDGE_LOOP ( 'NONE', ( #3432, #34, #3476, #1432 ) ) ;
#197 = CARTESIAN_POINT ( 'NONE',  ( 0.6028856829700248721, 2.250000000000000000, -5.166666666666650976 ) ) ;
#198 = CARTESIAN_POINT ( 'NONE',  ( 3.241582823769186383, 5.119702147870051512, -29.28085811490700507 ) ) ;
#199 = CARTESIAN_POINT ( 'NONE',  ( -5.828604267758527691, 1.470913072906065100, -27.67143938483118859 ) ) ;
#200 = CONICAL_SURFACE ( 'NONE', #85, 3.749999999999979572, 0.7853981633974428389 ) ;
#201 = CARTESIAN_POINT ( 'NONE',  ( 0.4796710203633038350, 5.981994884266860879, -22.18718403709972620 ) ) ;
#202 = CARTESIAN_POINT ( 'NONE',  ( -4.790102675085664785, 3.623489833068812338, -23.90512370546849041 ) ) ;
#203 = DIRECTION ( 'NONE',  ( -1.000000000000000000, 1.201851678989727324E-16, 0.000000000000000000 ) ) ;
#204 = ORIENTED_EDGE ( 'NONE', *, *, #1515, .F. ) ;
#205 = CARTESIAN_POINT ( 'NONE',  ( -2.285766464534102038, -5.567103262537823838, -22.82655231637676607 ) ) ;
#206 = PLANE ( 'NONE',  #1903 ) ;
#207 = ORIENTED_EDGE ( 'NONE', *, *, #1728, .T. ) ;
#208 = CARTESIAN_POINT ( 'NONE',  ( 5.366349287251101607, 2.700154012722573160, -28.73220646332246631 ) ) ;
#209 = CARTESIAN_POINT ( 'NONE',  ( -3.750000000000000444, -4.592425496802574958E-16, -2.000000000000000000 ) ) ;
#210 = AXIS2_PLACEMENT_3D ( 'NONE', #2521, #671, #2542 ) ;
#211 = EDGE_CURVE ( 'NONE', #2195, #3065, #1356, .T. ) ;
#212 = CARTESIAN_POINT ( 'NONE',  ( 3.247595264191645459, -1.875000000000000000, -0.3333333333333333148 ) ) ;
#213 = CARTESIAN_POINT ( 'NONE',  ( 1.004809471616707750, 3.750000000000000000, -10.66666666666666607 ) ) ;
#214 = CARTESIAN_POINT ( 'NONE',  ( -4.872789749697805206, 3.545923122733546595, -29.69635031010945525 ) ) ;
#215 = CARTESIAN_POINT ( 'NONE',  ( -6.000000000000000000, -2.510182569875490955E-15, -49.35748076220345837 ) ) ;
#216 = ORIENTED_EDGE ( 'NONE', *, *, #1261, .T. ) ;
#217 = CARTESIAN_POINT ( 'NONE',  ( 2.120019761740016051, 5.644229116150686565, -21.76491060237914610 ) ) ;
#218 = CARTESIAN_POINT ( 'NONE',  ( -3.470751874863551301, 4.913975771068586518, -21.80837903084532670 ) ) ;
#219 = DIRECTION ( 'NONE',  ( 0.000000000000000000, 0.000000000000000000, 1.000000000000000000 ) ) ;
#220 = ORIENTED_EDGE ( 'NONE', *, *, #3499, .T. ) ;
#221 = ADVANCED_FACE ( 'NONE', ( #2194 ), #1090, .F. ) ;
#222 = DIRECTION ( 'NONE',  ( 0.000000000000000000, 0.8660254037844382635, -0.5000000000000005551 ) ) ;
#223 = LINE ( 'NONE', #3475, #3381 ) ;
#224 = ORIENTED_EDGE ( 'NONE', *, *, #1096, .F. ) ;
#225 = CIRCLE ( 'NONE', #3461, 4.149999999999994138 ) ;
#226 = FACE_OUTER_BOUND ( 'NONE', #1469, .T. ) ;
#227 = EDGE_CURVE ( 'NONE', #854, #2484, #2833, .T. ) ;
#228 = CARTESIAN_POINT ( 'NONE',  ( 1.124999999999998446, 1.948557158514987675, -4.833333333333348136 ) ) ;
#229 = EDGE_CURVE ( 'NONE', #1743, #3351, #1801, .T. ) ;
#230 = CARTESIAN_POINT ( 'NONE',  ( -1.948557158514987231, 1.124999999999999334, -11.83333333333334814 ) ) ;
#231 = CARTESIAN_POINT ( 'NONE',  ( 3.749999999999998668, 1.004809471616713079, -7.333333333333332149 ) ) ;
#232 = CARTESIAN_POINT ( 'NONE',  ( 2.745190528383287365, 2.745190528383289141, -15.00000000000000000 ) ) ;
#233 = CARTESIAN_POINT ( 'NONE',  ( -2.745190528383288697, -2.745190528383289141, -12.99999999999999822 ) ) ;
#234 = ORIENTED_EDGE ( 'NONE', *, *, #840, .F. ) ;
#235 = CARTESIAN_POINT ( 'NONE',  ( 5.499999999999999112, 4.707309741090647151E-16, -31.11321225581126626 ) ) ;
#236 = CARTESIAN_POINT ( 'NONE',  ( -5.710352473906291415, 1.886846328519488747, -22.53974104999605999 ) ) ;
#237 = ORIENTED_EDGE ( 'NONE', *, *, #517, .T. ) ;
#238 = FACE_OUTER_BOUND ( 'NONE', #72, .T. ) ;
#239 = ORIENTED_EDGE ( 'NONE', *, *, #1320, .F. ) ;
#240 = CARTESIAN_POINT ( 'NONE',  ( 0.2432383717599340689, -5.999918647390352966, -22.14502234010132753 ) ) ;
#241 = EDGE_CURVE ( 'NONE', #1103, #99, #1068, .T. ) ;
#242 = CARTESIAN_POINT ( 'NONE',  ( 5.828604267758557889, -1.470913072906069985, -27.67143938483125254 ) ) ;
#243 = DIRECTION ( 'NONE',  ( 1.000000000000000000, 0.000000000000000000, 0.000000000000000000 ) ) ;
#244 = CARTESIAN_POINT ( 'NONE',  ( 1.647114317029973796, -1.647114317029973796, -10.00000000000001421 ) ) ;
#245 = CARTESIAN_POINT ( 'NONE',  ( 1.948557158514987009, -1.124999999999999778, -10.33333333333331794 ) ) ;
#246 = CARTESIAN_POINT ( 'NONE',  ( 1.186798467460854489, 5.885945929666275056, -22.38449035747311200 ) ) ;
#247 = CIRCLE ( 'NONE', #420, 2.000000000000000888 ) ;
#248 = CARTESIAN_POINT ( 'NONE',  ( 3.247595264191643238, 1.875000000000001332, -15.16666666666666430 ) ) ;
#249 = CARTESIAN_POINT ( 'NONE',  ( -2.745190528383290918, 2.745190528383287365, -10.49999999999999645 ) ) ;
#250 = EDGE_LOOP ( 'NONE', ( #2090, #2448, #2005, #742, #3162 ) ) ;
#251 = CARTESIAN_POINT ( 'NONE',  ( 3.608439182435160930, 6.249999999999996447, -30.00000000000000000 ) ) ;
#252 = CARTESIAN_POINT ( 'NONE',  ( -5.979659167862783953, -0.5673501052039973125, -24.63550244792477173 ) ) ;
#253 = EDGE_LOOP ( 'NONE', ( #1562, #2623, #3234, #2917, #2922, #2418 ) ) ;
#254 = CARTESIAN_POINT ( 'NONE',  ( 3.577052902304074689, -4.923992890162812053, -30.49197926129932412 ) ) ;
#255 = ORIENTED_EDGE ( 'NONE', *, *, #2507, .F. ) ;
#256 = CARTESIAN_POINT ( 'NONE',  ( -1.355588027949258256, -5.853160399626226251, -21.70822255118127586 ) ) ;
#257 = DIRECTION ( 'NONE',  ( -0.5000000000000002220, 0.8660254037844384856, 0.000000000000000000 ) ) ;
#258 = CARTESIAN_POINT ( 'NONE',  ( 3.608439182435158710, 6.249999999999995559, -21.17658045704107295 ) ) ;
#259 = CARTESIAN_POINT ( 'NONE',  ( 1.948557158514987009, -1.124999999999999778, -5.833333333333348136 ) ) ;
#260 = ORIENTED_EDGE ( 'NONE', *, *, #1848, .T. ) ;
#261 = DIRECTION ( 'NONE',  ( 0.000000000000000000, -0.4999999999999997224, 0.8660254037844388186 ) ) ;
#262 = CARTESIAN_POINT ( 'NONE',  ( -0.6028856829700256492, -2.250000000000000000, -7.166666666666650087 ) ) ;
#263 = DIRECTION ( 'NONE',  ( 0.3779644730092283078, 0.6546536707079783080, -0.6546536707079753103 ) ) ;
#264 = AXIS2_PLACEMENT_3D ( 'NONE', #3066, #2797, #365 ) ;
#265 = CARTESIAN_POINT ( 'NONE',  ( -0.6028856829700255382, -2.249999999999999556, -11.16666666666665186 ) ) ;
#266 = ADVANCED_FACE ( 'NONE', ( #2298 ), #2318, .F. ) ;
#267 = EDGE_LOOP ( 'NONE', ( #239, #2127, #2025, #1310 ) ) ;
#268 = CARTESIAN_POINT ( 'NONE',  ( -7.216878364870320972, -6.249999999999996447, -21.17658045704106939 ) ) ;
#269 = CARTESIAN_POINT ( 'NONE',  ( -3.848414210909486766, 4.611270366542800758, -23.42297691083882327 ) ) ;
#270 = ORIENTED_EDGE ( 'NONE', *, *, #1127, .T. ) ;
#271 = UNCERTAINTY_MEASURE_WITH_UNIT (LENGTH_MEASURE( 1.000000000000000082E-05 ), #36, 'distance_accuracy_value', 'NONE');
#272 = VECTOR ( 'NONE', #1529, 1000.000000000000000 ) ;
#273 = CARTESIAN_POINT ( 'NONE',  ( -3.938778452445284017, -4.604992385985698711, -28.88463435546446334 ) ) ;
#274 = ORIENTED_EDGE ( 'NONE', *, *, #2681, .T. ) ;
#275 = CARTESIAN_POINT ( 'NONE',  ( 3.750000000000000000, 0.000000000000000000, -30.00000000000000000 ) ) ;
#276 = EDGE_CURVE ( 'NONE', #2175, #2511, #3408, .T. ) ;
#277 = CARTESIAN_POINT ( 'NONE',  ( 2.000000000000000000, 6.399999999999995914, -42.19833742425209522 ) ) ;
#278 = CARTESIAN_POINT ( 'NONE',  ( -5.999999999998069100, 0.3691734337543097211, -27.75568220896183647 ) ) ;
#279 = CARTESIAN_POINT ( 'NONE',  ( 1.647114317029973352, 1.647114317029973796, -5.000000000000013323 ) ) ;
#280 = B_SPLINE_CURVE_WITH_KNOTS ( 'NONE', 3,
 ( #300, #2729, #2694, #2477, #2443 ),
 .UNSPECIFIED., .F., .F.,
 ( 4, 1, 4 ),
 ( 0.03210496293526906436, 0.03210921717726399754, 0.03211347141925893073 ),
 .UNSPECIFIED. ) ;
#281 = DIRECTION ( 'NONE',  ( 1.000000000000000000, 0.000000000000000000, 0.000000000000000000 ) ) ;
#282 = EDGE_LOOP ( 'NONE', ( #1105, #3426, #775 ) ) ;
#283 =( BOUNDED_CURVE ( )  B_SPLINE_CURVE ( 2, ( #171, #720, #979, #1804, #2653, #2062, #3492, #2078, #1017, #3169, #3186, #2098, #1311 ),
 .UNSPECIFIED., .F., .F. ) 
 B_SPLINE_CURVE_WITH_KNOTS ( ( 3, 2, 2, 2, 2, 2, 3 ),
 ( 0.5000000000000000000, 0.5277777777777777901, 0.5555555555555555802, 0.5833333333333333703, 0.6111111111111111605, 0.6388888888888888395, 0.6666666666666666297 ),
 .UNSPECIFIED. ) 
 CURVE ( )  GEOMETRIC_REPRESENTATION_ITEM ( )  RATIONAL_B_SPLINE_CURVE ( ( 1.000000000000000000, 0.9659258262890683122, 1.000000000000000000, 0.9659258262890683122, 1.000000000000000000, 0.9659258262890683122, 1.000000000000000000, 0.9659258262890683122, 1.000000000000000000, 0.9659258262890683122, 1.000000000000000000, 0.9659258262890683122, 1.000000000000000000 ) ) 
 REPRESENTATION_ITEM ( '' )  );
#284 = CARTESIAN_POINT ( 'NONE',  ( -3.247595264191644571, -1.875000000000001554, -9.666666666666667851 ) ) ;
#285 = DIRECTION ( 'NONE',  ( 0.7071067811865435759, 0.000000000000000000, 0.7071067811865513475 ) ) ;
#286 = CARTESIAN_POINT ( 'NONE',  ( 0.6028856829700264264, -2.249999999999999556, -10.83333333333331616 ) ) ;
#287 = VECTOR ( 'NONE', #3245, 1000.000000000000000 ) ;
#288 = CARTESIAN_POINT ( 'NONE',  ( -0.6028856829700255382, -2.249999999999999556, -3.166666666666650531 ) ) ;
#289 = CARTESIAN_POINT ( 'NONE',  ( -4.133182947122316674E-16, 2.250000000000000000, -12.99999999999998401 ) ) ;
#290 = ORIENTED_EDGE ( 'NONE', *, *, #1981, .F. ) ;
#291 = CARTESIAN_POINT ( 'NONE',  ( 3.046979559649333869, 6.250000000001771028, -21.17658045704018832 ) ) ;
#292 = CARTESIAN_POINT ( 'NONE',  ( -7.176024452170882917, -3.160713566010723952, -22.29945544659951651 ) ) ;
#293 = CARTESIAN_POINT ( 'NONE',  ( -4.872789749697809647, -3.545923122733542154, -29.69635031010945170 ) ) ;
#294 = CARTESIAN_POINT ( 'NONE',  ( 5.530277121222317405, -2.369132331039286221, -22.47214632493759368 ) ) ;
#295 = CARTESIAN_POINT ( 'NONE',  ( 6.000000000000000000, -2.510182569875490955E-15, -49.35748076220345837 ) ) ;
#296 = CARTESIAN_POINT ( 'NONE',  ( 3.750000000000000000, 0.000000000000000000, -30.00000000000000000 ) ) ;
#297 = CARTESIAN_POINT ( 'NONE',  ( -5.737558056095109826, 1.785895607623964487, -28.23246844380199505 ) ) ;
#298 = PLANE ( 'NONE',  #1116 ) ;
#299 = ORIENTED_EDGE ( 'NONE', *, *, #2476, .F. ) ;
#300 = CARTESIAN_POINT ( 'NONE',  ( 3.610398224682562773, 6.246606839293393776, -21.17827274335592236 ) ) ;
#301 = CARTESIAN_POINT ( 'NONE',  ( -3.622692961272171885, -4.790508427037089234, -23.32057759596695590 ) ) ;
#302 = CARTESIAN_POINT ( 'NONE',  ( -2.250000000000000000, -2.755455298081544285E-16, -11.99999999999998401 ) ) ;
#303 = CARTESIAN_POINT ( 'NONE',  ( 1.124999999999998446, 1.948557158514987675, -5.333333333333317050 ) ) ;
#304 = CARTESIAN_POINT ( 'NONE',  ( -2.249999999999999112, -0.6028856829700266484, -11.83333333333331616 ) ) ;
#305 = ORIENTED_EDGE ( 'NONE', *, *, #1589, .T. ) ;
#306 = DIRECTION ( 'NONE',  ( -0.8660254037844385966, -0.5000000000000002220, 0.000000000000000000 ) ) ;
#307 = CARTESIAN_POINT ( 'NONE',  ( -3.922601857023824579, -4.564293817722847812, -21.93205427701566990 ) ) ;
#308 = ORIENTED_EDGE ( 'NONE', *, *, #1473, .T. ) ;
#309 = DIRECTION ( 'NONE',  ( 1.000000000000000000, 0.000000000000000000, 0.000000000000000000 ) ) ;
#310 = CARTESIAN_POINT ( 'NONE',  ( 5.914613978075877299, -4.724209432947351850, -21.83049105130101708 ) ) ;
#311 = LINE ( 'NONE', #2972, #3147 ) ;
#312 = FACE_OUTER_BOUND ( 'NONE', #3087, .T. ) ;
#313 = CARTESIAN_POINT ( 'NONE',  ( 3.938778452445092171, 4.604992385985943848, -28.88463435546395530 ) ) ;
#314 = ORIENTED_EDGE ( 'NONE', *, *, #3004, .T. ) ;
#315 = AXIS2_PLACEMENT_3D ( 'NONE', #1282, #188, #1266 ) ;
#316 = DIRECTION ( 'NONE',  ( -1.000000000000000000, 0.000000000000000000, 0.000000000000000000 ) ) ;
#317 = CARTESIAN_POINT ( 'NONE',  ( -3.836423135647703653, -4.621121861765455030, -23.41745265594470737 ) ) ;
#318 = CARTESIAN_POINT ( 'NONE',  ( 1.647114317029974018, -1.647114317029974018, -6.499999999999983125 ) ) ;
#319 = CARTESIAN_POINT ( 'NONE',  ( 0.9644640654352475417, -5.939715456334128341, -22.29988669951863045 ) ) ;
#320 = FACE_OUTER_BOUND ( 'NONE', #196, .T. ) ;
#321 =( BOUNDED_CURVE ( )  B_SPLINE_CURVE ( 3, ( #939, #975, #1799, #2881 ),
 .UNSPECIFIED., .F., .T. ) 
 B_SPLINE_CURVE_WITH_KNOTS ( ( 4, 4 ),
 ( 2.033295605258159444, 2.033566444586988542 ),
 .UNSPECIFIED. ) 
 CURVE ( )  GEOMETRIC_REPRESENTATION_ITEM ( )  RATIONAL_B_SPLINE_CURVE ( ( 1.000000000000000000, 0.9999999938871715344, 0.9999999938871715344, 1.000000000000000000 ) ) 
 REPRESENTATION_ITEM ( '' )  );
#322 = ORIENTED_EDGE ( 'NONE', *, *, #1070, .F. ) ;
#323 = CARTESIAN_POINT ( 'NONE',  ( 3.602720060833866089, 6.249999999999995559, -21.17658045704107295 ) ) ;
#324 = B_SPLINE_CURVE_WITH_KNOTS ( 'NONE', 3,
 ( #3253, #1367, #2432, #2150, #3235 ),
 .UNSPECIFIED., .F., .F.,
 ( 4, 1, 4 ),
 ( 0.008213269890256183481, 0.008217562661433495952, 0.008221855432610808423 ),
 .UNSPECIFIED. ) ;
#325 = AXIS2_PLACEMENT_3D ( 'NONE', #818, #1926, #309 ) ;
#326 = CARTESIAN_POINT ( 'NONE',  ( 0.9422911959236436319, -5.999999999999998224, -31.11321225581128047 ) ) ;
#327 = EDGE_LOOP ( 'NONE', ( #146, #892, #577, #2342, #800, #2022 ) ) ;
#328 = CARTESIAN_POINT ( 'NONE',  ( 6.000000000000000000, -4.291502622129202749, -30.12681083478780764 ) ) ;
#329 = CARTESIAN_POINT ( 'NONE',  ( -5.450143685261875426, -3.060074228575746513, -23.16705259506456827 ) ) ;
#330 = EDGE_CURVE ( 'NONE', #654, #1158, #2279, .T. ) ;
#331 = FACE_OUTER_BOUND ( 'NONE', #857, .T. ) ;
#332 = CARTESIAN_POINT ( 'NONE',  ( -1.124999999999999556, -1.948557158514987009, -10.83333333333334814 ) ) ;
#333 = EDGE_CURVE ( 'NONE', #3292, #1519, #673, .T. ) ;
#334 = CARTESIAN_POINT ( 'NONE',  ( -5.581721436135418379, 2.218523230100798216, -24.37709362574798888 ) ) ;
#335 = CARTESIAN_POINT ( 'NONE',  ( 5.450143685263319604, 3.060074228573252064, -23.16705259506540315 ) ) ;
#336 = CARTESIAN_POINT ( 'NONE',  ( 5.460921462629248602, -3.041406570582791513, -23.18440844960515790 ) ) ;
#337 = EDGE_CURVE ( 'NONE', #2552, #833, #1977, .T. ) ;
#338 = CARTESIAN_POINT ( 'NONE',  ( 2.250000000000000000, 0.000000000000000000, -9.999999999999984013 ) ) ;
#339 = AXIS2_PLACEMENT_3D ( 'NONE', #1101, #2185, #1652 ) ;
#340 = ORIENTED_EDGE ( 'NONE', *, *, #1860, .F. ) ;
#341 = CARTESIAN_POINT ( 'NONE',  ( 2.702040045644736210, -5.357142857133109004, -22.96621900224291579 ) ) ;
#342 = CARTESIAN_POINT ( 'NONE',  ( -6.000000000000000000, -4.291502622129159228, -30.12681083478777921 ) ) ;
#343 = CARTESIAN_POINT ( 'NONE',  ( 3.930350769356565799, -4.557861907333815132, -21.93426021637318968 ) ) ;
#344 = CARTESIAN_POINT ( 'NONE',  ( -2.249999999999999112, -0.6028856829700266484, -3.333333333333349024 ) ) ;
#345 = DIRECTION ( 'NONE',  ( 0.8711404958336480542, 0.4393865476241917700, -0.2192115377565689860 ) ) ;
#346 = CARTESIAN_POINT ( 'NONE',  ( -5.697375400449047333, -2.631856336629170290, -23.25827454356026180 ) ) ;
#347 = ADVANCED_FACE ( 'NONE', ( #2849 ), #419, .F. ) ;
#348 = ORIENTED_EDGE ( 'NONE', *, *, #704, .T. ) ;
#349 = CARTESIAN_POINT ( 'NONE',  ( -7.216878364870320972, 1.057472961667715618E-17, -22.80880618091914513 ) ) ;
#350 = CARTESIAN_POINT ( 'NONE',  ( 1.948557158514986121, 1.125000000000000888, -9.166666666666680285 ) ) ;
#351 = CARTESIAN_POINT ( 'NONE',  ( -4.774182734219749591, 3.644241340696031894, -23.89626299510451091 ) ) ;
#352 = DIRECTION ( 'NONE',  ( -0.7559289460184557274, -1.959946316391835909E-15, 0.6546536707079756434 ) ) ;
#353 = B_SPLINE_CURVE_WITH_KNOTS ( 'NONE', 3,
 ( #2232, #2751, #1648, #319, #2428, #1399, #1698, #2481, #2199, #3288, #3019, #3306 ),
 .UNSPECIFIED., .F., .F.,
 ( 4, 2, 2, 2, 2, 4 ),
 ( 0.000000000000000000, 0.001462501019979873824, 0.002925002039959747648, 0.003656252549949684776, 0.004387503059939621905, 0.005850004079919497897 ),
 .UNSPECIFIED. ) ;
#354 = CARTESIAN_POINT ( 'NONE',  ( -0.6028856829700255382, -2.249999999999999556, -7.166666666666650087 ) ) ;
#355 = ORIENTED_EDGE ( 'NONE', *, *, #1718, .T. ) ;
#356 = ADVANCED_FACE ( 'NONE', ( #2578 ), #3080, .T. ) ;
#357 = VERTEX_POINT ( 'NONE', #2334 ) ;
#358 = DIRECTION ( 'NONE',  ( -1.000000000000000000, 0.000000000000000000, 0.000000000000000000 ) ) ;
#359 = CARTESIAN_POINT ( 'NONE',  ( -6.000000000000000000, 3.500000000000000444, 0.000000000000000000 ) ) ;
#360 = CARTESIAN_POINT ( 'NONE',  ( -1.004809471616713079, 3.749999999999999556, -6.833333333333332149 ) ) ;
#361 = DIRECTION ( 'NONE',  ( 0.000000000000000000, -0.8660254037844383745, -0.5000000000000004441 ) ) ;
#362 = ADVANCED_FACE ( 'NONE', ( #1787 ), #3424, .F. ) ;
#363 = CARTESIAN_POINT ( 'NONE',  ( -6.888638245203861944E-16, 3.750000000000000444, -11.00000000000000000 ) ) ;
#364 = ORIENTED_EDGE ( 'NONE', *, *, #2904, .F. ) ;
#365 = DIRECTION ( 'NONE',  ( 0.000000000000000000, 0.000000000000000000, 1.000000000000000000 ) ) ;
#366 = CARTESIAN_POINT ( 'NONE',  ( -2.249999999999999556, -0.6028856829700266484, -7.333333333333348136 ) ) ;
#367 = ADVANCED_FACE ( 'NONE', ( #1438 ), #1679, .F. ) ;
#368 = CARTESIAN_POINT ( 'NONE',  ( 5.500000000000000888, 6.399999999999995026, -34.80825397862487591 ) ) ;
#369 = VECTOR ( 'NONE', #176, 1000.000000000000000 ) ;
#370 = CARTESIAN_POINT ( 'NONE',  ( -2.250000000000000000, 0.6028856829700249831, -8.166666666666648311 ) ) ;
#371 = CARTESIAN_POINT ( 'NONE',  ( 4.234542577069050573, 4.259288633270196023, -23.60960090119770172 ) ) ;
#372 = ORIENTED_EDGE ( 'NONE', *, *, #1003, .F. ) ;
#373 = CARTESIAN_POINT ( 'NONE',  ( 2.250000000000000000, 0.000000000000000000, -9.500000000000015987 ) ) ;
#374 = ORIENTED_EDGE ( 'NONE', *, *, #2741, .T. ) ;
#375 = ADVANCED_FACE ( 'NONE', ( #1178 ), #929, .F. ) ;
#376 = CARTESIAN_POINT ( 'NONE',  ( -3.247595264191643682, -1.875000000000000888, -9.166666666666666075 ) ) ;
#377 = CARTESIAN_POINT ( 'NONE',  ( 5.920491374382240046, -1.124235743585417557, -24.59533222440646227 ) ) ;
#378 = CARTESIAN_POINT ( 'NONE',  ( -3.750000000000001332, 1.004809471616708638, -2.166666666666666075 ) ) ;
#379 = CARTESIAN_POINT ( 'NONE',  ( 4.872789749697812312, -3.545923122733585231, -29.69635031010948367 ) ) ;
#380 = CARTESIAN_POINT ( 'NONE',  ( -5.999999999999874767, -3.608467136364025496, -29.73246011321515070 ) ) ;
#381 = CARTESIAN_POINT ( 'NONE',  ( 6.000000000000000000, -9.399999999999998579, -43.93038823182097019 ) ) ;
#382 = ORIENTED_EDGE ( 'NONE', *, *, #2516, .F. ) ;
#383 = DIRECTION ( 'NONE',  ( 0.000000000000000000, -1.598207019933148115E-16, -1.000000000000000000 ) ) ;
#384 = CARTESIAN_POINT ( 'NONE',  ( 0.6028856829700264264, -2.249999999999999556, -6.333333333333349024 ) ) ;
#385 = CARTESIAN_POINT ( 'NONE',  ( -6.000000000000000000, 3.499999999999277023, -41.56474960440763766 ) ) ;
#386 = VECTOR ( 'NONE', #2104, 1000.000000000000000 ) ;
#387 = ADVANCED_FACE ( 'NONE', ( #2017 ), #3474, .F. ) ;
#388 = CARTESIAN_POINT ( 'NONE',  ( 3.608439182435159154, -6.249999999999999112, -0.5000000000000004441 ) ) ;
#389 = CARTESIAN_POINT ( 'NONE',  ( 1.647114317029973352, 1.647114317029973796, -9.499999999999984013 ) ) ;
#390 = CARTESIAN_POINT ( 'NONE',  ( 6.000000000000000000, 6.399999999999995026, -34.80825397862487591 ) ) ;
#391 = VERTEX_POINT ( 'NONE', #491 ) ;
#392 = CARTESIAN_POINT ( 'NONE',  ( -0.6028856829700255382, -2.249999999999999556, -10.66666666666668206 ) ) ;
#393 = VECTOR ( 'NONE', #1443, 1000.000000000000000 ) ;
#394 =( BOUNDED_SURFACE ( )  B_SPLINE_SURFACE ( 3, 2, ( 
 ( #1073, #1912, #3013 ),
 ( #2761, #2973, #2192 ),
 ( #2157, #2440, #3315 ),
 ( #599, #1894, #1621 ),
 ( #2707, #1930, #14 ),
 ( #2725, #297, #1658 ),
 ( #1088, #3241, #1141 ),
 ( #2744, #807, #2225 ),
 ( #2422, #278, #1674 ),
 ( #2173, #875, #2779 ) ),
 .UNSPECIFIED., .F., .F., .T. ) 
 B_SPLINE_SURFACE_WITH_KNOTS ( ( 4, 2, 2, 2, 4 ),
 ( 3, 3 ),
 ( 0.005759209557389475230, 0.007228896427532013544, 0.008698583297674552725, 0.01016827016781709017, 0.01163795703795962935 ),
 ( 0.000000000000000000, 1.000000000000000000 ),
 .UNSPECIFIED. ) 
 GEOMETRIC_REPRESENTATION_ITEM ( )  RATIONAL_B_SPLINE_SURFACE ( (
 ( 1.000000000000000000, 0.8156956889315626347, 1.000000000000000000),
 ( 1.000000000000000000, 0.8432255679177048657, 1.000000000000000000),
 ( 1.000000000000000000, 0.8691014335667300861, 1.000000000000000000),
 ( 1.000000000000000000, 0.9146681088439131413, 1.000000000000000000),
 ( 1.000000000000000000, 0.9343263465844356963, 1.000000000000000000),
 ( 1.000000000000000000, 0.9667387330329001438, 1.000000000000000000),
 ( 1.000000000000000000, 0.9790844596681160805, 1.000000000000000000),
 ( 1.000000000000000000, 0.9957054629380612809, 1.000000000000000000),
 ( 1.000000000000000000, 1.000011478662723663, 1.000000000000000000),
 ( 1.000000000000000000, 1.000000000000000000, 1.000000000000000000) ) ) 
 REPRESENTATION_ITEM ( '' )  SURFACE ( )  );
#395 = ORIENTED_EDGE ( 'NONE', *, *, #119, .F. ) ;
#396 = DIRECTION ( 'NONE',  ( 0.000000000000000000, 0.000000000000000000, -1.000000000000000000 ) ) ;
#397 = CARTESIAN_POINT ( 'NONE',  ( 4.784864581932097849, 3.630319691832161855, -23.90220841418466335 ) ) ;
#398 = CARTESIAN_POINT ( 'NONE',  ( 1.875000000000000666, -3.247595264191645015, -4.666666666666666075 ) ) ;
#399 = VECTOR ( 'NONE', #1318, 1000.000000000000114 ) ;
#400 = CARTESIAN_POINT ( 'NONE',  ( 3.247595264191644571, -1.874999999999999556, -3.833333333333333481 ) ) ;
#401 = CARTESIAN_POINT ( 'NONE',  ( -3.750000000000002665, 1.004809471616704863, -13.66666666666666430 ) ) ;
#402 = CARTESIAN_POINT ( 'NONE',  ( 1.937253933193766153, -6.874507866387552291, -30.63170818685509289 ) ) ;
#403 = ORIENTED_EDGE ( 'NONE', *, *, #2105, .F. ) ;
#404 = CARTESIAN_POINT ( 'NONE',  ( -2.745190528383290918, 2.745190528383287365, -2.500000000000000000 ) ) ;
#405 = CARTESIAN_POINT ( 'NONE',  ( -1.124999999999999556, -1.948557158514987009, -6.833333333333348136 ) ) ;
#406 = FACE_OUTER_BOUND ( 'NONE', #409, .T. ) ;
#407 = CARTESIAN_POINT ( 'NONE',  ( -7.216878364870320972, 6.249999999999995559, -21.17658045704107295 ) ) ;
#408 = CARTESIAN_POINT ( 'NONE',  ( 3.247595264191644571, -1.874999999999999556, -7.833333333333333037 ) ) ;
#409 = EDGE_LOOP ( 'NONE', ( #472, #2643, #1873, #1349 ) ) ;
#410 = CARTESIAN_POINT ( 'NONE',  ( 2.250000000000000000, 0.000000000000000000, -5.500000000000015099 ) ) ;
#411 = ADVANCED_FACE ( 'NONE', ( #2903 ), #3494, .T. ) ;
#412 = ORIENTED_EDGE ( 'NONE', *, *, #1096, .T. ) ;
#413 = CARTESIAN_POINT ( 'NONE',  ( 3.247595264191644127, -1.874999999999999334, -3.833333333333333037 ) ) ;
#414 = CARTESIAN_POINT ( 'NONE',  ( 5.366454110387841148, 2.697774731131735937, -24.24334610643342458 ) ) ;
#415 = CARTESIAN_POINT ( 'NONE',  ( 2.745190528383289585, -2.745190528383289585, -0.5000000000000001110 ) ) ;
#416 = CARTESIAN_POINT ( 'NONE',  ( 0.2405442524609955057, 5.996372699038913900, -22.15370689495327383 ) ) ;
#417 = CARTESIAN_POINT ( 'NONE',  ( 2.745190528383288253, 2.745190528383289585, -15.00000000000000000 ) ) ;
#418 = CARTESIAN_POINT ( 'NONE',  ( 3.671428571428605903, -2.341876692568689577E-14, -33.22466466884757352 ) ) ;
#419 = CYLINDRICAL_SURFACE ( 'NONE', #156, 3.750000000000000000 ) ;
#420 = AXIS2_PLACEMENT_3D ( 'NONE', #1306, #3452, #3468 ) ;
#421 = CARTESIAN_POINT ( 'NONE',  ( -6.000000000000000000, -3.500000000000000444, -41.56474960440763766 ) ) ;
#422 = EDGE_LOOP ( 'NONE', ( #3516, #3098, #528, #3380 ) ) ;
#423 = CARTESIAN_POINT ( 'NONE',  ( 2.250000000000000000, 0.000000000000000000, -1.500000000000015099 ) ) ;
#424 = FACE_OUTER_BOUND ( 'NONE', #1000, .T. ) ;
#425 = CARTESIAN_POINT ( 'NONE',  ( 5.352729365734850475, 2.724931521233559639, -24.23494341406235719 ) ) ;
#426 = CARTESIAN_POINT ( 'NONE',  ( 2.250000000000000000, 0.000000000000000000, -13.50000000000001599 ) ) ;
#427 = VERTEX_POINT ( 'NONE', #2118 ) ;
#428 = CARTESIAN_POINT ( 'NONE',  ( -1.124999999999999556, -1.948557158514987009, -2.833333333333348136 ) ) ;
#429 = ADVANCED_FACE ( 'NONE', ( #2419 ), #1444, .F. ) ;
#430 = VERTEX_POINT ( 'NONE', #2655 ) ;
#431 = CARTESIAN_POINT ( 'NONE',  ( 1.875000000000000000, -3.247595264191644127, -8.166666666666666075 ) ) ;
#432 = CARTESIAN_POINT ( 'NONE',  ( 6.379819442632680193, 4.235372974009119496, -21.99557119297991647 ) ) ;
#433 = CARTESIAN_POINT ( 'NONE',  ( 1.004809471616710859, -3.750000000000000000, -8.833333333333332149 ) ) ;
#434 = CARTESIAN_POINT ( 'NONE',  ( 1.093026112591084953, 5.907534669010004791, -21.68300701283791909 ) ) ;
#435 = CARTESIAN_POINT ( 'NONE',  ( -6.000000000000247802, -1.826953443909327568, -28.70390270331180105 ) ) ;
#436 = CARTESIAN_POINT ( 'NONE',  ( 1.499999999999996225, -2.999999999999999556, -44.16132833949682635 ) ) ;
#437 = CARTESIAN_POINT ( 'NONE',  ( 2.845512041006009962, -4.928571428571422608, 0.8214285714285720630 ) ) ;
#438 = FACE_OUTER_BOUND ( 'NONE', #1808, .T. ) ;
#439 = ORIENTED_EDGE ( 'NONE', *, *, #1362, .F. ) ;
#440 = CARTESIAN_POINT ( 'NONE',  ( -0.6028856829700256492, -2.250000000000000000, -2.666666666666681618 ) ) ;
#441 = CARTESIAN_POINT ( 'NONE',  ( 6.000000000000000000, -6.399999999999998579, -34.80825397862489012 ) ) ;
#442 = VECTOR ( 'NONE', #1242, 1000.000000000000114 ) ;
#443 = CARTESIAN_POINT ( 'NONE',  ( -0.6028856829700278697, 2.249999999999999112, -12.33333333333334814 ) ) ;
#444 = EDGE_CURVE ( 'NONE', #1326, #484, #1298, .T. ) ;
#445 = CARTESIAN_POINT ( 'NONE',  ( 1.948557158514986121, 1.125000000000000888, -9.166666666666680285 ) ) ;
#446 = EDGE_LOOP ( 'NONE', ( #618, #2879, #3203 ) ) ;
#447 = CARTESIAN_POINT ( 'NONE',  ( -3.247595264191644571, 1.874999999999998446, -13.83333333333333215 ) ) ;
#448 = CARTESIAN_POINT ( 'NONE',  ( 7.583151242316690244, 2.253543288663510502, -22.47012556820538975 ) ) ;
#449 = DIRECTION ( 'NONE',  ( -1.000000000000000000, 0.000000000000000000, 0.000000000000000000 ) ) ;
#450 = DIRECTION ( 'NONE',  ( 0.5000000000000001110, -0.8660254037844384856, 0.000000000000000000 ) ) ;
#451 = CARTESIAN_POINT ( 'NONE',  ( -5.999999999999991118, -0.3691697714538882957, -27.86225090759913314 ) ) ;
#452 = FACE_OUTER_BOUND ( 'NONE', #1479, .T. ) ;
#453 = VECTOR ( 'NONE', #1276, 1000.000000000000227 ) ;
#454 = CARTESIAN_POINT ( 'NONE',  ( 2.282577508287872092, -5.568711710869547638, -22.82548236827564381 ) ) ;
#455 = LINE ( 'NONE', #2905, #2636 ) ;
#456 = ORIENTED_EDGE ( 'NONE', *, *, #330, .T. ) ;
#457 = CARTESIAN_POINT ( 'NONE',  ( 5.469535224416563146, 2.493784839831770572, -27.78158277808839927 ) ) ;
#458 = CARTESIAN_POINT ( 'NONE',  ( 1.377727649040772142E-16, -2.250000000000000000, -2.500000000000015099 ) ) ;
#459 = CARTESIAN_POINT ( 'NONE',  ( -2.250000000000000000, 0.6028856829700249831, -11.66666666666668206 ) ) ;
#460 = CARTESIAN_POINT ( 'NONE',  ( 2.296212748401287479E-16, -3.750000000000000444, -1.000000000000000000 ) ) ;
#461 = ORIENTED_EDGE ( 'NONE', *, *, #2154, .F. ) ;
#462 = CARTESIAN_POINT ( 'NONE',  ( -1.875000000000001332, 3.247595264191643682, -10.16666666666666607 ) ) ;
#463 = CARTESIAN_POINT ( 'NONE',  ( -6.000000000000000000, 4.291502622129161892, -30.12681083478777921 ) ) ;
#464 = CARTESIAN_POINT ( 'NONE',  ( 3.749999999999999556, 1.004809471616713301, -11.83333333333333393 ) ) ;
#465 = CARTESIAN_POINT ( 'NONE',  ( -1.263182060903863979, 6.250000000000038192, -21.17658045704100545 ) ) ;
#466 = CARTESIAN_POINT ( 'NONE',  ( -5.666902946043202327, 4.951135955436965830, -21.74641700564669833 ) ) ;
#467 = PLANE ( 'NONE',  #941 ) ;
#468 = ORIENTED_EDGE ( 'NONE', *, *, #2769, .T. ) ;
#469 = CARTESIAN_POINT ( 'NONE',  ( -0.5977581746502028670, -5.971311087328008860, -22.21154566156798538 ) ) ;
#470 = ADVANCED_FACE ( 'NONE', ( #821 ), #2971, .T. ) ;
#471 = LINE ( 'NONE', #1233, #2693 ) ;
#472 = ORIENTED_EDGE ( 'NONE', *, *, #3481, .F. ) ;
#473 = CARTESIAN_POINT ( 'NONE',  ( -3.610398224682523249, 6.246606839293395552, -21.17827274335592236 ) ) ;
#474 = CARTESIAN_POINT ( 'NONE',  ( -7.216878364870320972, -6.249999999999996447, -21.17658045704106939 ) ) ;
#475 = EDGE_CURVE ( 'NONE', #508, #2671, #2705, .T. ) ;
#476 = CARTESIAN_POINT ( 'NONE',  ( 6.000000000000000000, -9.399999999999998579, -43.93038823182097019 ) ) ;
#477 = AXIS2_PLACEMENT_3D ( 'NONE', #2929, #162, #3430 ) ;
#478 = CARTESIAN_POINT ( 'NONE',  ( 3.749999999999999556, 0.000000000000000000, -7.500000000000000000 ) ) ;
#479 = ORIENTED_EDGE ( 'NONE', *, *, #513, .T. ) ;
#480 = CARTESIAN_POINT ( 'NONE',  ( 3.247595264191644127, -1.874999999999999334, -11.83333333333333215 ) ) ;
#481 = EDGE_CURVE ( 'NONE', #2871, #2149, #543, .T. ) ;
#482 = CARTESIAN_POINT ( 'NONE',  ( 1.130749435697310235, 6.999999999999999112, -31.69056252500090309 ) ) ;
#483 = CARTESIAN_POINT ( 'NONE',  ( -4.607178031356712999, 3.847098502177147328, -28.30120737168966016 ) ) ;
#484 = VERTEX_POINT ( 'NONE', #1352 ) ;
#485 = CIRCLE ( 'NONE', #901, 2.000000000000000444 ) ;
#486 = EDGE_CURVE ( 'NONE', #2065, #3388, #2155, .T. ) ;
#487 = CARTESIAN_POINT ( 'NONE',  ( 0.5977581746551665631, 5.971311087327503486, -22.21154566156915777 ) ) ;
#488 = CARTESIAN_POINT ( 'NONE',  ( -5.179381983862390904, 3.066789132007316176, -22.34322148879119752 ) ) ;
#489 = CARTESIAN_POINT ( 'NONE',  ( 2.038300084272748336E-14, 0.000000000000000000, -20.25000000000000000 ) ) ;
#490 = ORIENTED_EDGE ( 'NONE', *, *, #3116, .F. ) ;
#491 = CARTESIAN_POINT ( 'NONE',  ( 5.500000000000000000, 3.000000000000000000, -47.62542995463457629 ) ) ;
#492 = CARTESIAN_POINT ( 'NONE',  ( 5.499999999999999112, 4.707309741090647151E-16, -31.11321225581126626 ) ) ;
#493 = ORIENTED_EDGE ( 'NONE', *, *, #3302, .F. ) ;
#494 = CARTESIAN_POINT ( 'NONE',  ( 5.965709161489908041, 0.7373958683864416663, -27.64913104022566515 ) ) ;
#495 = CARTESIAN_POINT ( 'NONE',  ( 2.250000000000000000, 0.000000000000000000, -1.500000000000015099 ) ) ;
#496 = AXIS2_PLACEMENT_3D ( 'NONE', #2951, #2451, #594 ) ;
#497 = CARTESIAN_POINT ( 'NONE',  ( 1.948557158514986121, 1.125000000000000888, -13.16666666666668029 ) ) ;
#498 = CARTESIAN_POINT ( 'NONE',  ( 0.2487842329460192847, 5.999968479810980249, -22.14490225270721169 ) ) ;
#499 = CARTESIAN_POINT ( 'NONE',  ( 1.875000000000000000, -3.247595264191644127, -12.16666666666666607 ) ) ;
#500 = CARTESIAN_POINT ( 'NONE',  ( 3.749999999999999556, -1.004809471616709970, -11.66666666666666607 ) ) ;
#501 = ADVANCED_FACE ( 'NONE', ( #1640 ), #2438, .F. ) ;
#502 = EDGE_LOOP ( 'NONE', ( #456, #1415, #1789, #3107 ) ) ;
#503 = CIRCLE ( 'NONE', #3268, 3.750000000000000000 ) ;
#504 = CARTESIAN_POINT ( 'NONE',  ( 4.712575668726518785, 3.717659121476829753, -28.21921135353344212 ) ) ;
#505 = CARTESIAN_POINT ( 'NONE',  ( -5.987037612472857262, 0.4676003925292300800, -22.64425735737066248 ) ) ;
#506 = EDGE_LOOP ( 'NONE', ( #1091, #3506, #340, #2857 ) ) ;
#507 = FACE_OUTER_BOUND ( 'NONE', #662, .T. ) ;
#508 = VERTEX_POINT ( 'NONE', #2454 ) ;
#509 = CARTESIAN_POINT ( 'NONE',  ( 1.355901252353084452, -5.853027304249991403, -21.70823070372647123 ) ) ;
#510 = CYLINDRICAL_SURFACE ( 'NONE', #2183, 3.750000000000000000 ) ;
#511 = CARTESIAN_POINT ( 'NONE',  ( 0.6028856829700248721, 2.250000000000000000, -8.666666666666682062 ) ) ;
#512 = CARTESIAN_POINT ( 'NONE',  ( -0.6028856829700256492, -2.250000000000000000, -11.16666666666665186 ) ) ;
#513 = EDGE_CURVE ( 'NONE', #3391, #854, #2171, .T. ) ;
#514 = CARTESIAN_POINT ( 'NONE',  ( 0.4917949310562823584, 5.984439693841435037, -22.18392162221875452 ) ) ;
#515 = CARTESIAN_POINT ( 'NONE',  ( -1.004809471616712635, 3.749999999999998224, -14.33333333333333570 ) ) ;
#516 = CARTESIAN_POINT ( 'NONE',  ( -3.247595264191643682, -1.875000000000001110, -13.16666666666666607 ) ) ;
#517 = EDGE_CURVE ( 'NONE', #973, #1081, #3257, .T. ) ;
#518 = ORIENTED_EDGE ( 'NONE', *, *, #48, .F. ) ;
#519 = CARTESIAN_POINT ( 'NONE',  ( 6.000000000000000000, 0.000000000000000000, 0.000000000000000000 ) ) ;
#520 = CARTESIAN_POINT ( 'NONE',  ( -5.781936676225305050, 1.646458291533833274, -22.56684747111193090 ) ) ;
#521 = EDGE_LOOP ( 'NONE', ( #1080, #2824, #3275, #2467 ) ) ;
#522 = CARTESIAN_POINT ( 'NONE',  ( -3.608439182435158710, -6.249999999999999112, -30.00000000000000000 ) ) ;
#523 = ORIENTED_EDGE ( 'NONE', *, *, #2507, .T. ) ;
#524 = CARTESIAN_POINT ( 'NONE',  ( 1.571958037652444462, -6.249999999999943157, -21.17658045704113334 ) ) ;
#525 = CARTESIAN_POINT ( 'NONE',  ( 3.602720060859635254, -6.249999999999996447, -21.17658045704106939 ) ) ;
#526 = CYLINDRICAL_SURFACE ( 'NONE', #998, 3.750000000000000000 ) ;
#527 = CARTESIAN_POINT ( 'NONE',  ( -1.125000000000000888, 1.948557158514986343, -4.166666666666681174 ) ) ;
#528 = ORIENTED_EDGE ( 'NONE', *, *, #1473, .F. ) ;
#529 = EDGE_CURVE ( 'NONE', #695, #3473, #3280, .T. ) ;
#530 = CARTESIAN_POINT ( 'NONE',  ( -3.749999999999998668, -1.004809471616714855, -9.833333333333332149 ) ) ;
#531 = CARTESIAN_POINT ( 'NONE',  ( 1.647114317029973352, 1.647114317029974018, -5.499999999999983125 ) ) ;
#532 = DIRECTION ( 'NONE',  ( -0.000000000000000000, 0.7071067811865463515, -0.7071067811865487940 ) ) ;
#533 = CARTESIAN_POINT ( 'NONE',  ( 1.948557158514986121, 1.125000000000000888, -9.666666666666650087 ) ) ;
#534 = CARTESIAN_POINT ( 'NONE',  ( 6.000000000000000000, -9.399999999999996803, -33.07620317105600805 ) ) ;
#535 = EDGE_CURVE ( 'NONE', #2117, #1103, #1874, .T. ) ;
#536 = ORIENTED_EDGE ( 'NONE', *, *, #1037, .T. ) ;
#537 = CARTESIAN_POINT ( 'NONE',  ( 3.750000000000000000, 0.000000000000000000, -13.75000000000000000 ) ) ;
#538 = CARTESIAN_POINT ( 'NONE',  ( -7.477047595536351565, -2.574192828294850521, -22.42509914630966250 ) ) ;
#539 = VERTEX_POINT ( 'NONE', #1539 ) ;
#540 = CARTESIAN_POINT ( 'NONE',  ( -5.251775303779378845, -5.139909681120453655, -30.61663887867878131 ) ) ;
#541 = ORIENTED_EDGE ( 'NONE', *, *, #840, .T. ) ;
#542 = VECTOR ( 'NONE', #1769, 1000.000000000000114 ) ;
#543 = LINE ( 'NONE', #275, #1510 ) ;
#544 = CARTESIAN_POINT ( 'NONE',  ( 3.610398224682506818, -6.246606839293417757, -21.17827274335591170 ) ) ;
#545 =( BOUNDED_SURFACE ( )  B_SPLINE_SURFACE ( 1, 2, ( 
 ( #495, #1501, #159, #1572, #1236, #2891, #458, #2140, #2407, #1587, #1039, #344, #2158, #1863, #614, #779, #527, #1355, #76, #2121, #228, #279, #3328, #2223, #1302, #3209, #259, #2943, #3312, #1974, #1336, #1418, #2488, #1604, #3060, #3478, #2423, #3226, #793, #1895, #3515, #1074, #3497, #511, #3242, #1689, #631, #1054, #2691, #2708, #61, #244, #1623, #2675, #1880, #808, #2391, #2957, #2974, #1316, #547, #1139, #873, #1955, #3042, #2775, #2501, #1706, #1154, #2239, #887, #2274, #3146 ),
 ( #1245, #3346, #2011, #415, #2538, #2028, #1205, #2059, #115, #3093, #650, #923, #3364, #378, #3419, #2593, #2291, #976, #667, #2827, #2809, #168, #3402, #959, #1747, #93, #3384, #1724, #398, #1190, #1451, #2044, #1472, #3113, #2843, #2557, #2519, #1509, #132, #940, #3130, #360, #684, #1764, #1491, #2574, #149, #2792, #1227, #2312, #700, #1782, #2862, #433, #907, #717, #1172, #2329, #1433, #2257, #1991, #3077, #1543, #249, #3435, #1275, #2648, #769, #2126, #1577, #1324, #464, #1850 ) ),
 .UNSPECIFIED., .F., .F., .T. ) 
 B_SPLINE_SURFACE_WITH_KNOTS ( ( 2, 2 ),
 ( 3, 2, 2, 2, 2, 2, 2, 2, 2, 2, 2, 2, 2, 2, 2, 2, 2, 2, 2, 2, 2, 2, 2, 2, 2, 2, 2, 2, 2, 2, 2, 2, 2, 2, 2, 2, 3 ),
 ( 0.000000000000000000, 1.000000000000000000 ),
 ( 0.000000000000000000, 0.02777777777777777624, 0.05555555555555555247, 0.08333333333333332871, 0.1111111111111111049, 0.1388888888888888951, 0.1666666666666666574, 0.1944444444444444475, 0.2222222222222222099, 0.2500000000000000000, 0.2777777777777777901, 0.3055555555555555802, 0.3333333333333333148, 0.3611111111111111049, 0.3888888888888888951, 0.4166666666666666852, 0.4444444444444444198, 0.4722222222222222099, 0.5000000000000000000, 0.5277777777777777901, 0.5555555555555555802, 0.5833333333333333703, 0.6111111111111111605, 0.6388888888888888395, 0.6666666666666666297, 0.6944444444444444198, 0.7222222222222222099, 0.7500000000000000000, 0.7777777777777777901, 0.8055555555555555802, 0.8333333333333333703, 0.8611111111111111605, 0.8888888888888888395, 0.9166666666666666297, 0.9444444444444444198, 0.9722222222222222099, 1.000000000000000000 ),
 .UNSPECIFIED. ) 
 GEOMETRIC_REPRESENTATION_ITEM ( )  RATIONAL_B_SPLINE_SURFACE ( (
 ( 1.000000000000000000, 0.9659258262890683122, 1.000000000000000000, 0.9659258262890683122, 1.000000000000000000, 0.9659258262890683122, 1.000000000000000000, 0.9659258262890683122, 1.000000000000000000, 0.9659258262890683122, 1.000000000000000000, 0.9659258262890683122, 1.000000000000000000, 0.9659258262890683122, 1.000000000000000000, 0.9659258262890683122, 1.000000000000000000, 0.9659258262890683122, 1.000000000000000000, 0.9659258262890683122, 1.000000000000000000, 0.9659258262890683122, 1.000000000000000000, 0.9659258262890683122, 1.000000000000000000, 0.9659258262890683122, 1.000000000000000000, 0.9659258262890683122, 1.000000000000000000, 0.9659258262890683122, 1.000000000000000000, 0.9659258262890683122, 1.000000000000000000, 0.9659258262890683122, 1.000000000000000000, 0.9659258262890683122, 1.000000000000000000, 0.9659258262890683122, 1.000000000000000000, 0.9659258262890683122, 1.000000000000000000, 0.9659258262890683122, 1.000000000000000000, 0.9659258262890683122, 1.000000000000000000, 0.9659258262890683122, 1.000000000000000000, 0.9659258262890683122, 1.000000000000000000, 0.9659258262890683122, 1.000000000000000000, 0.9659258262890683122, 1.000000000000000000, 0.9659258262890683122, 1.000000000000000000, 0.9659258262890683122, 1.000000000000000000, 0.9659258262890683122, 1.000000000000000000, 0.9659258262890683122, 1.000000000000000000, 0.9659258262890683122, 1.000000000000000000, 0.9659258262890683122, 1.000000000000000000, 0.9659258262890683122, 1.000000000000000000, 0.9659258262890683122, 1.000000000000000000, 0.9659258262890683122, 1.000000000000000000, 0.9659258262890683122, 1.000000000000000000),
 ( 1.000000000000000000, 0.9659258262890683122, 1.000000000000000000, 0.9659258262890683122, 1.000000000000000000, 0.9659258262890683122, 1.000000000000000000, 0.9659258262890683122, 1.000000000000000000, 0.9659258262890683122, 1.000000000000000000, 0.9659258262890683122, 1.000000000000000000, 0.9659258262890683122, 1.000000000000000000, 0.9659258262890683122, 1.000000000000000000, 0.9659258262890683122, 1.000000000000000000, 0.9659258262890683122, 1.000000000000000000, 0.9659258262890683122, 1.000000000000000000, 0.9659258262890683122, 1.000000000000000000, 0.9659258262890683122, 1.000000000000000000, 0.9659258262890683122, 1.000000000000000000, 0.9659258262890683122, 1.000000000000000000, 0.9659258262890683122, 1.000000000000000000, 0.9659258262890683122, 1.000000000000000000, 0.9659258262890683122, 1.000000000000000000, 0.9659258262890683122, 1.000000000000000000, 0.9659258262890683122, 1.000000000000000000, 0.9659258262890683122, 1.000000000000000000, 0.9659258262890683122, 1.000000000000000000, 0.9659258262890683122, 1.000000000000000000, 0.9659258262890683122, 1.000000000000000000, 0.9659258262890683122, 1.000000000000000000, 0.9659258262890683122, 1.000000000000000000, 0.9659258262890683122, 1.000000000000000000, 0.9659258262890683122, 1.000000000000000000, 0.9659258262890683122, 1.000000000000000000, 0.9659258262890683122, 1.000000000000000000, 0.9659258262890683122, 1.000000000000000000, 0.9659258262890683122, 1.000000000000000000, 0.9659258262890683122, 1.000000000000000000, 0.9659258262890683122, 1.000000000000000000, 0.9659258262890683122, 1.000000000000000000, 0.9659258262890683122, 1.000000000000000000) ) ) 
 REPRESENTATION_ITEM ( '' )  SURFACE ( )  );
#546 = CARTESIAN_POINT ( 'NONE',  ( 3.610398224682562773, 6.246606839293393776, -21.17827274335592236 ) ) ;
#547 = CARTESIAN_POINT ( 'NONE',  ( -2.250000000000000000, -2.755455298081544285E-16, -11.50000000000001599 ) ) ;
#548 = DIRECTION ( 'NONE',  ( 0.000000000000000000, 0.000000000000000000, 1.000000000000000000 ) ) ;
#549 = EDGE_LOOP ( 'NONE', ( #2821, #2813, #1851, #2657 ) ) ;
#550 = DIRECTION ( 'NONE',  ( 0.000000000000000000, -0.000000000000000000, -1.000000000000000000 ) ) ;
#551 = CARTESIAN_POINT ( 'NONE',  ( -3.839638840961319577, 4.618399207756153757, -23.41895422239994673 ) ) ;
#552 = CARTESIAN_POINT ( 'NONE',  ( 1.647114317029974018, -1.647114317029974018, -10.49999999999998401 ) ) ;
#553 = VECTOR ( 'NONE', #2713, 1000.000000000000000 ) ;
#554 = CARTESIAN_POINT ( 'NONE',  ( -1.124999999999999556, -1.948557158514987009, -3.333333333333317494 ) ) ;
#555 = CARTESIAN_POINT ( 'NONE',  ( -1.948557158514986343, -1.125000000000000666, -7.666666666666650087 ) ) ;
#556 =( BOUNDED_SURFACE ( )  B_SPLINE_SURFACE ( 1, 2, ( 
 ( #1967, #2181, #2715, #1948, #2786, #625, #2768, #288, #554, #3269, #3247, #865, #1342, #812, #1413, #1118, #588, #831, #39, #1363, #303, #3034, #2496, #2446, #1919, #1148, #1379, #1935, #3323, #1664, #881, #354, #2003, #660, #1427, #1738, #1442, #370, #3084, #2550, #2528, #105, #1183, #2819, #3356, #389, #1983, #2266, #3338, #642, #1464, #1715, #3375, #125, #916, #1198, #2510, #2283, #86, #933, #1164, #2250, #897, #3070, #2800, #3342, #164, #1795, #1524, #1987, #1240, #3108, #2570 ),
 ( #128, #2308, #3398, #1256, #3073, #2040, #3088, #3360, #428, #2839, #3126, #903, #954, #696, #179, #1777, #1201, #1468, #145, #2325, #2553, #3379, #2286, #2858, #410, #1505, #2270, #2024, #2533, #663, #2589, #1742, #713, #1223, #936, #3416, #645, #972, #1719, #2056, #680, #1760, #1487, #3141, #2878, #2804, #445, #2605, #373, #1447, #109, #1186, #919, #2006, #2823, #392, #1303, #2640, #1255, #3464, #2876, #459, #230, #1538, #3176, #443, #1503, #1522, #2339, #712, #497, #3157, #426 ) ),
 .UNSPECIFIED., .F., .F., .F. ) 
 B_SPLINE_SURFACE_WITH_KNOTS ( ( 2, 2 ),
 ( 3, 2, 2, 2, 2, 2, 2, 2, 2, 2, 2, 2, 2, 2, 2, 2, 2, 2, 2, 2, 2, 2, 2, 2, 2, 2, 2, 2, 2, 2, 2, 2, 2, 2, 2, 2, 3 ),
 ( 0.000000000000000000, 1.000000000000000000 ),
 ( 0.000000000000000000, 0.02777777777777777624, 0.05555555555555555247, 0.08333333333333332871, 0.1111111111111111049, 0.1388888888888888951, 0.1666666666666666574, 0.1944444444444444475, 0.2222222222222222099, 0.2500000000000000000, 0.2777777777777777901, 0.3055555555555555802, 0.3333333333333333148, 0.3611111111111111049, 0.3888888888888888951, 0.4166666666666666852, 0.4444444444444444198, 0.4722222222222222099, 0.5000000000000000000, 0.5277777777777777901, 0.5555555555555555802, 0.5833333333333333703, 0.6111111111111111605, 0.6388888888888888395, 0.6666666666666666297, 0.6944444444444444198, 0.7222222222222222099, 0.7500000000000000000, 0.7777777777777777901, 0.8055555555555555802, 0.8333333333333333703, 0.8611111111111111605, 0.8888888888888888395, 0.9166666666666666297, 0.9444444444444444198, 0.9722222222222222099, 1.000000000000000000 ),
 .UNSPECIFIED. ) 
 GEOMETRIC_REPRESENTATION_ITEM ( )  RATIONAL_B_SPLINE_SURFACE ( (
 ( 1.000000000000000000, 0.9659258262890683122, 1.000000000000000000, 0.9659258262890683122, 1.000000000000000000, 0.9659258262890683122, 1.000000000000000000, 0.9659258262890683122, 1.000000000000000000, 0.9659258262890683122, 1.000000000000000000, 0.9659258262890683122, 1.000000000000000000, 0.9659258262890683122, 1.000000000000000000, 0.9659258262890683122, 1.000000000000000000, 0.9659258262890683122, 1.000000000000000000, 0.9659258262890683122, 1.000000000000000000, 0.9659258262890683122, 1.000000000000000000, 0.9659258262890683122, 1.000000000000000000, 0.9659258262890683122, 1.000000000000000000, 0.9659258262890683122, 1.000000000000000000, 0.9659258262890683122, 1.000000000000000000, 0.9659258262890683122, 1.000000000000000000, 0.9659258262890683122, 1.000000000000000000, 0.9659258262890683122, 1.000000000000000000, 0.9659258262890683122, 1.000000000000000000, 0.9659258262890683122, 1.000000000000000000, 0.9659258262890683122, 1.000000000000000000, 0.9659258262890683122, 1.000000000000000000, 0.9659258262890683122, 1.000000000000000000, 0.9659258262890683122, 1.000000000000000000, 0.9659258262890683122, 1.000000000000000000, 0.9659258262890683122, 1.000000000000000000, 0.9659258262890683122, 1.000000000000000000, 0.9659258262890683122, 1.000000000000000000, 0.9659258262890683122, 1.000000000000000000, 0.9659258262890683122, 1.000000000000000000, 0.9659258262890683122, 1.000000000000000000, 0.9659258262890683122, 1.000000000000000000, 0.9659258262890683122, 1.000000000000000000, 0.9659258262890683122, 1.000000000000000000, 0.9659258262890683122, 1.000000000000000000, 0.9659258262890683122, 1.000000000000000000),
 ( 1.000000000000000000, 0.9659258262890683122, 1.000000000000000000, 0.9659258262890683122, 1.000000000000000000, 0.9659258262890683122, 1.000000000000000000, 0.9659258262890683122, 1.000000000000000000, 0.9659258262890683122, 1.000000000000000000, 0.9659258262890683122, 1.000000000000000000, 0.9659258262890683122, 1.000000000000000000, 0.9659258262890683122, 1.000000000000000000, 0.9659258262890683122, 1.000000000000000000, 0.9659258262890683122, 1.000000000000000000, 0.9659258262890683122, 1.000000000000000000, 0.9659258262890683122, 1.000000000000000000, 0.9659258262890683122, 1.000000000000000000, 0.9659258262890683122, 1.000000000000000000, 0.9659258262890683122, 1.000000000000000000, 0.9659258262890683122, 1.000000000000000000, 0.9659258262890683122, 1.000000000000000000, 0.9659258262890683122, 1.000000000000000000, 0.9659258262890683122, 1.000000000000000000, 0.9659258262890683122, 1.000000000000000000, 0.9659258262890683122, 1.000000000000000000, 0.9659258262890683122, 1.000000000000000000, 0.9659258262890683122, 1.000000000000000000, 0.9659258262890683122, 1.000000000000000000, 0.9659258262890683122, 1.000000000000000000, 0.9659258262890683122, 1.000000000000000000, 0.9659258262890683122, 1.000000000000000000, 0.9659258262890683122, 1.000000000000000000, 0.9659258262890683122, 1.000000000000000000, 0.9659258262890683122, 1.000000000000000000, 0.9659258262890683122, 1.000000000000000000, 0.9659258262890683122, 1.000000000000000000, 0.9659258262890683122, 1.000000000000000000, 0.9659258262890683122, 1.000000000000000000, 0.9659258262890683122, 1.000000000000000000, 0.9659258262890683122, 1.000000000000000000) ) ) 
 REPRESENTATION_ITEM ( '' )  SURFACE ( )  );
#557 = VERTEX_POINT ( 'NONE', #2622 ) ;
#558 = FACE_OUTER_BOUND ( 'NONE', #814, .T. ) ;
#559 = CARTESIAN_POINT ( 'NONE',  ( -3.928114117791048354, -6.106392796080955421, -21.24822661046635019 ) ) ;
#560 = VECTOR ( 'NONE', #1197, 1000.000000000000000 ) ;
#561 = LINE ( 'NONE', #1889, #610 ) ;
#562 = CARTESIAN_POINT ( 'NONE',  ( 3.183155567611618775, -5.093435601747672514, -23.13811240418542781 ) ) ;
#563 = DIRECTION ( 'NONE',  ( 0.000000000000000000, -0.8660254037844383745, 0.5000000000000006661 ) ) ;
#564 = CARTESIAN_POINT ( 'NONE',  ( -3.750000000000000000, 4.592425496802573972E-16, -30.00000000000000000 ) ) ;
#565 = CARTESIAN_POINT ( 'NONE',  ( 2.000000000000000000, -6.399999999999998579, -42.19833742425210232 ) ) ;
#566 = CARTESIAN_POINT ( 'NONE',  ( 3.750000000000000444, 0.000000000000000000, -4.000000000000000000 ) ) ;
#567 = ORIENTED_EDGE ( 'NONE', *, *, #94, .T. ) ;
#568 = VECTOR ( 'NONE', #3002, 999.9999999999998863 ) ;
#569 = FACE_OUTER_BOUND ( 'NONE', #2838, .T. ) ;
#570 = CARTESIAN_POINT ( 'NONE',  ( 6.000000000000000000, -9.399999999999996803, -33.07620317105600805 ) ) ;
#571 = CARTESIAN_POINT ( 'NONE',  ( -1.647114317029973574, -1.647114317029974018, -11.49999999999998224 ) ) ;
#572 = CARTESIAN_POINT ( 'NONE',  ( 2.000000000000000000, -3.500000000000008882, -41.56474960440763766 ) ) ;
#573 = CARTESIAN_POINT ( 'NONE',  ( -5.500000000000000000, -3.000000000000000000, -47.62542995463457629 ) ) ;
#574 = ORIENTED_EDGE ( 'NONE', *, *, #1972, .T. ) ;
#575 = FACE_OUTER_BOUND ( 'NONE', #2166, .T. ) ;
#576 = CARTESIAN_POINT ( 'NONE',  ( 4.239698523154231680, -4.254086899762262952, -23.61221947646315300 ) ) ;
#577 = ORIENTED_EDGE ( 'NONE', *, *, #891, .F. ) ;
#578 = CARTESIAN_POINT ( 'NONE',  ( 4.320917678976385012, -4.289846822712792829, -30.12585485854362233 ) ) ;
#579 = ORIENTED_EDGE ( 'NONE', *, *, #2980, .T. ) ;
#580 = CARTESIAN_POINT ( 'NONE',  ( 3.750000000000000444, 0.000000000000000000, 0.000000000000000000 ) ) ;
#581 = DIRECTION ( 'NONE',  ( 1.000000000000000000, -0.000000000000000000, -0.000000000000000000 ) ) ;
#582 = CARTESIAN_POINT ( 'NONE',  ( -5.003080467593381542, -3.834410435772803716, -22.79505615769510740 ) ) ;
#583 = PLANE ( 'NONE',  #41 ) ;
#584 = ORIENTED_EDGE ( 'NONE', *, *, #1649, .F. ) ;
#585 = CARTESIAN_POINT ( 'NONE',  ( 2.000000000000000000, 4.707309741090647151E-16, -31.11321225581126626 ) ) ;
#586 = LINE ( 'NONE', #3304, #2307 ) ;
#587 = CARTESIAN_POINT ( 'NONE',  ( 1.124999999999998446, 1.948557158514987675, -13.33333333333331616 ) ) ;
#588 = CARTESIAN_POINT ( 'NONE',  ( -1.125000000000000888, 1.948557158514986343, -4.666666666666650976 ) ) ;
#589 = CARTESIAN_POINT ( 'NONE',  ( 1.124999999999998446, 1.948557158514987675, -13.33333333333331616 ) ) ;
#590 = B_SPLINE_CURVE_WITH_KNOTS ( 'NONE', 3,
 ( #1756, #1701, #1199, #371, #3414, #126, #3396, #1716, #425, #1984, #626, #2530, #3071, #2303, #2837, #1502 ),
 .UNSPECIFIED., .F., .F.,
 ( 4, 2, 2, 2, 2, 2, 2, 4 ),
 ( 0.01270855897408088193, 0.01444394737301827464, 0.01531164157248697012, 0.01617933577195566561, 0.01704702997142436283, 0.01791472417089305658, 0.01878241837036175380, 0.01965011256983045101 ),
 .UNSPECIFIED. ) ;
#591 = EDGE_CURVE ( 'NONE', #902, #854, #3160, .T. ) ;
#592 = ORIENTED_EDGE ( 'NONE', *, *, #2853, .F. ) ;
#593 = CARTESIAN_POINT ( 'NONE',  ( 3.643423036808588034, -4.797360133105735613, -23.32409408431337638 ) ) ;
#594 = DIRECTION ( 'NONE',  ( 0.000000000000000000, -0.8660254037844377084, -0.5000000000000015543 ) ) ;
#595 = CARTESIAN_POINT ( 'NONE',  ( 5.686536874607364567, -1.934510119914918169, -24.44402126586691537 ) ) ;
#596 = EDGE_CURVE ( 'NONE', #2534, #2149, #192, .T. ) ;
#597 = EDGE_CURVE ( 'NONE', #3473, #3368, #1556, .T. ) ;
#598 = CARTESIAN_POINT ( 'NONE',  ( 3.749999999999999112, 0.000000000000000000, -3.499999999999999556 ) ) ;
#599 = CARTESIAN_POINT ( 'NONE',  ( -5.308848692624013488, 2.818676491592241096, -27.84850377498396412 ) ) ;
#600 = ADVANCED_FACE ( 'NONE', ( #2962 ), #2070, .F. ) ;
#601 = CARTESIAN_POINT ( 'NONE',  ( -6.104949137633234990, 1.925917915995429830, -23.25560047273936704 ) ) ;
#602 = ORIENTED_EDGE ( 'NONE', *, *, #3481, .T. ) ;
#603 = CARTESIAN_POINT ( 'NONE',  ( -4.917055396723267968, -3.442662487454632547, -28.07509684000709882 ) ) ;
#604 = CARTESIAN_POINT ( 'NONE',  ( 6.900080488994736250, 0.5487100167464152856, -22.95127921274623262 ) ) ;
#605 = CARTESIAN_POINT ( 'NONE',  ( 5.940703005014072779, -2.210400562638518807, -23.28408777105569172 ) ) ;
#606 = CARTESIAN_POINT ( 'NONE',  ( -0.6028856829700278697, 2.249999999999999112, -8.833333333333316162 ) ) ;
#607 = VECTOR ( 'NONE', #12, 999.9999999999998863 ) ;
#608 = ORIENTED_EDGE ( 'NONE', *, *, #3213, .T. ) ;
#609 = CARTESIAN_POINT ( 'NONE',  ( 5.226251346354088057, -2.959829641279136947, -24.15806130177976030 ) ) ;
#610 = VECTOR ( 'NONE', #1617, 1000.000000000000000 ) ;
#611 = PLANE ( 'NONE',  #1859 ) ;
#612 = EDGE_CURVE ( 'NONE', #427, #1177, #1812, .T. ) ;
#613 = LINE ( 'NONE', #359, #2642 ) ;
#614 = CARTESIAN_POINT ( 'NONE',  ( -1.948557158514987231, 1.124999999999999334, -3.833333333333348136 ) ) ;
#615 = AXIS2_PLACEMENT_3D ( 'NONE', #2219, #3309, #870 ) ;
#616 = CARTESIAN_POINT ( 'NONE',  ( 6.000000000000008882, -5.161457250395850364E-16, -27.64911064067352697 ) ) ;
#617 = CARTESIAN_POINT ( 'NONE',  ( -4.181726585202018676, -5.257037091068593071, -21.76944234348082219 ) ) ;
#618 = ORIENTED_EDGE ( 'NONE', *, *, #1744, .F. ) ;
#619 = CARTESIAN_POINT ( 'NONE',  ( 4.979646071760518211, 2.875000000000000000, 0.000000000000000000 ) ) ;
#620 =( BOUNDED_CURVE ( )  B_SPLINE_CURVE ( 3, ( #1729, #1750, #402, #1476 ),
 .UNSPECIFIED., .F., .F. ) 
 B_SPLINE_CURVE_WITH_KNOTS ( ( 4, 4 ),
 ( 2.293530574608309003, 3.989654732571271012 ),
 .UNSPECIFIED. ) 
 CURVE ( )  GEOMETRIC_REPRESENTATION_ITEM ( )  RATIONAL_B_SPLINE_CURVE ( ( 1.000000000000000000, 0.7742918851774317490, 0.7742918851774317490, 1.000000000000000000 ) ) 
 REPRESENTATION_ITEM ( '' )  );
#621 = CARTESIAN_POINT ( 'NONE',  ( 1.948557158514986121, 1.125000000000000888, -13.16666666666668029 ) ) ;
#622 = CARTESIAN_POINT ( 'NONE',  ( -5.598274970900398273, -2.231617153491414207, -24.38703385565954207 ) ) ;
#623 = ADVANCED_FACE ( 'NONE', ( #2931 ), #2358, .F. ) ;
#624 = CARTESIAN_POINT ( 'NONE',  ( 6.583230209509935982, 1.097510799206486087, -23.09294274467566410 ) ) ;
#625 = CARTESIAN_POINT ( 'NONE',  ( 0.6028856829700264264, -2.249999999999999112, -2.833333333333316606 ) ) ;
#626 = CARTESIAN_POINT ( 'NONE',  ( 5.678053438946048637, 1.959054558629967024, -24.43858899951780117 ) ) ;
#627 = CONICAL_SURFACE ( 'NONE', #3291, 4.149999999999994138, 0.7853981633974457255 ) ;
#628 = ORIENTED_EDGE ( 'NONE', *, *, #2681, .F. ) ;
#629 = CARTESIAN_POINT ( 'NONE',  ( -5.607785695788212621, -2.206450995552475369, -24.39309750540839516 ) ) ;
#630 = VERTEX_POINT ( 'NONE', #1041 ) ;
#631 = CARTESIAN_POINT ( 'NONE',  ( 1.948557158514986121, 1.125000000000000888, -9.166666666666680285 ) ) ;
#632 = APPLICATION_PROTOCOL_DEFINITION ( 'draft international standard', 'automotive_design', 1998, #2305 ) ;
#633 = EDGE_CURVE ( 'NONE', #3351, #3198, #2084, .T. ) ;
#634 = CYLINDRICAL_SURFACE ( 'NONE', #1217, 14.00000000000000178 ) ;
#635 = CARTESIAN_POINT ( 'NONE',  ( -3.750000000000000444, -4.592425496802574958E-16, -6.000000000000000000 ) ) ;
#636 = ORIENTED_EDGE ( 'NONE', *, *, #3248, .F. ) ;
#637 = CARTESIAN_POINT ( 'NONE',  ( 3.247595264191644127, 1.875000000000001776, -3.666666666666666519 ) ) ;
#638 = CARTESIAN_POINT ( 'NONE',  ( 1.125000000000000222, -1.948557158514986787, -10.16666666666668206 ) ) ;
#639 = CARTESIAN_POINT ( 'NONE',  ( -1.948557158514987231, 1.124999999999999334, -3.833333333333348136 ) ) ;
#640 = CARTESIAN_POINT ( 'NONE',  ( 6.000000000000000000, 3.499999999999999112, -44.45000347409163766 ) ) ;
#641 = EDGE_CURVE ( 'NONE', #1213, #1823, #1059, .T. ) ;
#642 = CARTESIAN_POINT ( 'NONE',  ( 2.249999999999999556, -0.6028856829700258713, -10.16666666666665009 ) ) ;
#643 = DIRECTION ( 'NONE',  ( 1.000000000000000000, 0.000000000000000000, 0.000000000000000000 ) ) ;
#644 = ORIENTED_EDGE ( 'NONE', *, *, #596, .T. ) ;
#645 = CARTESIAN_POINT ( 'NONE',  ( -2.250000000000000000, -2.755455298081544285E-16, -7.500000000000015099 ) ) ;
#646 =( BOUNDED_CURVE ( )  B_SPLINE_CURVE ( 3, ( #1546, #3423, #1278, #2938 ),
 .UNSPECIFIED., .F., .F. ) 
 B_SPLINE_CURVE_WITH_KNOTS ( ( 4, 4 ),
 ( 5.174888258847950340, 5.175159098176781214 ),
 .UNSPECIFIED. ) 
 CURVE ( )  GEOMETRIC_REPRESENTATION_ITEM ( )  RATIONAL_B_SPLINE_CURVE ( ( 1.000000000000000000, 0.9999999938871715344, 0.9999999938871715344, 1.000000000000000000 ) ) 
 REPRESENTATION_ITEM ( '' )  );
#647 = VERTEX_POINT ( 'NONE', #2341 ) ;
#648 = CARTESIAN_POINT ( 'NONE',  ( -1.875000000000001332, 3.247595264191643682, -6.166666666666666075 ) ) ;
#649 = CARTESIAN_POINT ( 'NONE',  ( 5.592309181685901187, 2.191551102589907707, -24.38379664847154515 ) ) ;
#650 = CARTESIAN_POINT ( 'NONE',  ( -3.247595264191644571, -1.875000000000001554, -1.666666666666666519 ) ) ;
#651 = LINE ( 'NONE', #1531, #3290 ) ;
#652 = CARTESIAN_POINT ( 'NONE',  ( 5.500000000000000000, -2.999999999999999556, -44.16132833949682635 ) ) ;
#653 = AXIS2_PLACEMENT_3D ( 'NONE', #745, #2604, #2585 ) ;
#654 = VERTEX_POINT ( 'NONE', #2662 ) ;
#655 = DIRECTION ( 'NONE',  ( 1.000000000000000000, 0.000000000000000000, 0.000000000000000000 ) ) ;
#656 = LINE ( 'NONE', #1410, #3322 ) ;
#657 = PRESENTATION_STYLE_ASSIGNMENT (( #3082 ) ) ;
#658 = DIRECTION ( 'NONE',  ( 0.000000000000000000, 0.000000000000000000, 1.000000000000000000 ) ) ;
#659 = VECTOR ( 'NONE', #999, 1000.000000000000000 ) ;
#660 = CARTESIAN_POINT ( 'NONE',  ( -1.647114317029973574, -1.647114317029973796, -7.499999999999983125 ) ) ;
#661 = CARTESIAN_POINT ( 'NONE',  ( -3.247595264191643682, -1.875000000000001110, -9.166666666666666075 ) ) ;
#662 = EDGE_LOOP ( 'NONE', ( #1594, #2244, #2685, #1251 ) ) ;
#663 = CARTESIAN_POINT ( 'NONE',  ( 0.6028856829700264264, -2.249999999999999112, -6.333333333333349024 ) ) ;
#664 = ORIENTED_EDGE ( 'NONE', *, *, #1682, .T. ) ;
#665 = CARTESIAN_POINT ( 'NONE',  ( -3.609118788240688769, 6.247173007864177841, -21.17799047129037149 ) ) ;
#666 = CARTESIAN_POINT ( 'NONE',  ( 7.456412242387588485, 2.556809619806403866, -22.41696089780245060 ) ) ;
#667 = CARTESIAN_POINT ( 'NONE',  ( -6.888638245203861944E-16, 3.750000000000000444, -3.000000000000000000 ) ) ;
#668 = VECTOR ( 'NONE', #3300, 1000.000000000000000 ) ;
#669 = VECTOR ( 'NONE', #2830, 1000.000000000000114 ) ;
#670 = CARTESIAN_POINT ( 'NONE',  ( 5.965709161489765044, -0.7373958683872027242, -27.64913104022905088 ) ) ;
#671 = DIRECTION ( 'NONE',  ( 0.7071067811865509034, -0.7071067811865441310, 0.000000000000000000 ) ) ;
#672 = ORIENTED_EDGE ( 'NONE', *, *, #2094, .F. ) ;
#673 = LINE ( 'NONE', #3119, #1337 ) ;
#674 = CARTESIAN_POINT ( 'NONE',  ( 1.125000000000000222, -1.948557158514986787, -6.166666666666681174 ) ) ;
#675 = DIRECTION ( 'NONE',  ( -0.4999999999999999445, -0.8660254037844385966, 0.000000000000000000 ) ) ;
#676 = DIRECTION ( 'NONE',  ( 0.000000000000000000, 0.000000000000000000, -1.000000000000000000 ) ) ;
#677 = EDGE_CURVE ( 'NONE', #3010, #2832, #3064, .T. ) ;
#678 = LINE ( 'NONE', #2251, #393 ) ;
#679 = VERTEX_POINT ( 'NONE', #572 ) ;
#680 = CARTESIAN_POINT ( 'NONE',  ( -1.125000000000000888, 1.948557158514986343, -8.166666666666682062 ) ) ;
#681 = ORIENTED_EDGE ( 'NONE', *, *, #2960, .T. ) ;
#682 = CARTESIAN_POINT ( 'NONE',  ( -3.610398224682523249, 6.246606839293395552, -21.17827274335592236 ) ) ;
#683 = CARTESIAN_POINT ( 'NONE',  ( 5.950491976855350806, -0.9325821657585749991, -22.63055946029643906 ) ) ;
#684 = CARTESIAN_POINT ( 'NONE',  ( -6.888638245203861944E-16, 3.750000000000000444, -7.000000000000000000 ) ) ;
#685 = CARTESIAN_POINT ( 'NONE',  ( -0.6400367707670867601, 6.249999999999959144, -21.17658045704112979 ) ) ;
#686 = CARTESIAN_POINT ( 'NONE',  ( -4.872789749697805206, -3.545923122733546595, -29.69635031010945525 ) ) ;
#687 = CARTESIAN_POINT ( 'NONE',  ( 3.750000000000000444, 0.000000000000000000, -4.000000000000000000 ) ) ;
#688 = DIRECTION ( 'NONE',  ( -1.000000000000000000, 0.000000000000000000, 0.000000000000000000 ) ) ;
#689 = LINE ( 'NONE', #2263, #542 ) ;
#690 = ORIENTED_EDGE ( 'NONE', *, *, #1493, .T. ) ;
#691 = LINE ( 'NONE', #2264, #2543 ) ;
#692 = DIRECTION ( 'NONE',  ( 0.000000000000000000, -0.8660254037844383745, -0.5000000000000003331 ) ) ;
#693 = CARTESIAN_POINT ( 'NONE',  ( -3.749999999999979572, 4.592425496802549320E-16, -16.49999999999997868 ) ) ;
#694 = CARTESIAN_POINT ( 'NONE',  ( 1.377727649040772142E-16, -2.250000000000000000, -2.999999999999984013 ) ) ;
#695 = VERTEX_POINT ( 'NONE', #2981 ) ;
#696 = CARTESIAN_POINT ( 'NONE',  ( -2.250000000000000000, 0.6028856829700249831, -3.666666666666681618 ) ) ;
#697 = VERTEX_POINT ( 'NONE', #1630 ) ;
#698 = CARTESIAN_POINT ( 'NONE',  ( 3.749999999999999112, 0.000000000000000000, -7.500000000000000000 ) ) ;
#699 = CARTESIAN_POINT ( 'NONE',  ( 5.531021981980353885, 2.367563488524529802, -22.47242343036132084 ) ) ;
#700 = CARTESIAN_POINT ( 'NONE',  ( 3.247595264191645459, -1.875000000000000000, -8.333333333333333925 ) ) ;
#701 = CARTESIAN_POINT ( 'NONE',  ( -3.602720060845948424, 6.249999999999997335, -21.17658045704106939 ) ) ;
#702 = CARTESIAN_POINT ( 'NONE',  ( -5.999999999999991118, 5.554353540346604156E-16, -27.64911064067352697 ) ) ;
#703 = CARTESIAN_POINT ( 'NONE',  ( -1.004809471616709748, -3.750000000000000444, -5.166666666666666075 ) ) ;
#704 = EDGE_CURVE ( 'NONE', #1616, #2983, #353, .T. ) ;
#705 = DIRECTION ( 'NONE',  ( -0.4999999999999998890, -0.8660254037844385966, 0.000000000000000000 ) ) ;
#706 = LINE ( 'NONE', #982, #1845 ) ;
#707 = ORIENTED_EDGE ( 'NONE', *, *, #2387, .T. ) ;
#708 = SURFACE_STYLE_FILL_AREA ( #2000 ) ;
#709 = CARTESIAN_POINT ( 'NONE',  ( -5.499999999999998224, 0.000000000000000000, -38.50329570143848912 ) ) ;
#710 = ADVANCED_FACE ( 'NONE', ( #1095 ), #556, .F. ) ;
#711 = CARTESIAN_POINT ( 'NONE',  ( 1.937253933193767708, 6.874507866387550514, -30.63170818685508578 ) ) ;
#712 = CARTESIAN_POINT ( 'NONE',  ( 1.647114317029973352, 1.647114317029973796, -13.00000000000001421 ) ) ;
#713 = CARTESIAN_POINT ( 'NONE',  ( -1.124999999999999556, -1.948557158514987009, -6.833333333333348136 ) ) ;
#714 = ORIENTED_EDGE ( 'NONE', *, *, #2154, .T. ) ;
#715 = CARTESIAN_POINT ( 'NONE',  ( -1.004809471616709304, -3.749999999999999112, -8.666666666666664298 ) ) ;
#716 = CARTESIAN_POINT ( 'NONE',  ( 4.246147776999190881, 4.247911764784725541, -23.61541101897096340 ) ) ;
#717 = CARTESIAN_POINT ( 'NONE',  ( -1.004809471616709748, -3.750000000000000444, -9.166666666666667851 ) ) ;
#718 = CARTESIAN_POINT ( 'NONE',  ( -1.853343197978215118, 5.725290246668390814, -22.63784624741970219 ) ) ;
#719 = CARTESIAN_POINT ( 'NONE',  ( -5.834669206330326041, -1.444729439061912313, -28.09983227200690692 ) ) ;
#720 = CARTESIAN_POINT ( 'NONE',  ( -3.750000000000001332, 1.004809471616708638, -6.166666666666666963 ) ) ;
#721 = CARTESIAN_POINT ( 'NONE',  ( -1.093026112586888754, -5.907534669010892081, -21.68300701283814647 ) ) ;
#722 = PLANE ( 'NONE',  #315 ) ;
#723 = AXIS2_PLACEMENT_3D ( 'NONE', #2814, #173, #154 ) ;
#724 = ORIENTED_EDGE ( 'NONE', *, *, #276, .T. ) ;
#725 = CARTESIAN_POINT ( 'NONE',  ( 5.096438026575595082, 3.192367130402616660, -29.16680363615594018 ) ) ;
#726 = CARTESIAN_POINT ( 'NONE',  ( 3.319764047840346066, 5.749999999999994671, 0.000000000000000000 ) ) ;
#727 = ADVANCED_FACE ( 'NONE', ( #2069 ), #2620, .T. ) ;
#728 = VECTOR ( 'NONE', #1825, 1000.000000000000000 ) ;
#729 = CARTESIAN_POINT ( 'NONE',  ( 1.832968524219034778, 3.332968524219041662, -41.50200614877140026 ) ) ;
#730 = EDGE_LOOP ( 'NONE', ( #1660, #1283, #920, #120 ) ) ;
#731 = CARTESIAN_POINT ( 'NONE',  ( 3.749999999999999112, -1.004809471616709748, -11.66666666666666430 ) ) ;
#732 = CARTESIAN_POINT ( 'NONE',  ( 0.9422911959236510704, 6.000000000000000888, -31.11321225581127692 ) ) ;
#733 = CARTESIAN_POINT ( 'NONE',  ( -5.459246260013065566, 2.516609488465766820, -27.78562940827055527 ) ) ;
#734 = EDGE_CURVE ( 'NONE', #770, #2970, #3447, .T. ) ;
#735 = CARTESIAN_POINT ( 'NONE',  ( 0.2781766551675761145, 5.995224547404480298, -21.63179376421857825 ) ) ;
#736 = CARTESIAN_POINT ( 'NONE',  ( -5.933486264469934213, 0.9381917851674917985, -22.62410509726930385 ) ) ;
#737 = CARTESIAN_POINT ( 'NONE',  ( 2.250000000000000000, 0.000000000000000000, -1.999999999999984013 ) ) ;
#738 = ORIENTED_EDGE ( 'NONE', *, *, #172, .F. ) ;
#739 = EDGE_CURVE ( 'NONE', #2202, #2687, #2177, .T. ) ;
#740 = DIRECTION ( 'NONE',  ( 0.000000000000000000, 0.000000000000000000, -1.000000000000000000 ) ) ;
#741 = DIRECTION ( 'NONE',  ( 0.000000000000000000, 0.000000000000000000, 1.000000000000000000 ) ) ;
#742 = ORIENTED_EDGE ( 'NONE', *, *, #1371, .F. ) ;
#743 = CARTESIAN_POINT ( 'NONE',  ( 0.000000000000000000, 0.000000000000000000, -30.00000000000000000 ) ) ;
#744 = DIRECTION ( 'NONE',  ( 0.000000000000000000, -0.8660254037844383745, -0.5000000000000004441 ) ) ;
#745 = CARTESIAN_POINT ( 'NONE',  ( -7.216878364870320972, 0.000000000000000000, -8.649110640673519868 ) ) ;
#746 = ADVANCED_FACE ( 'NONE', ( #986 ), #178, .F. ) ;
#747 = CARTESIAN_POINT ( 'NONE',  ( -1.874999999999999334, -3.247595264191645459, -1.333333333333333259 ) ) ;
#748 = ORIENTED_EDGE ( 'NONE', *, *, #1219, .T. ) ;
#749 = CARTESIAN_POINT ( 'NONE',  ( -6.888638245203858986E-16, 3.749999999999999112, -14.49999999999999822 ) ) ;
#750 = CARTESIAN_POINT ( 'NONE',  ( 1.892236952661897842, 5.772215820011336262, -30.98170099817553336 ) ) ;
#751 = LINE ( 'NONE', #1831, #272 ) ;
#752 = ORIENTED_EDGE ( 'NONE', *, *, #163, .T. ) ;
#753 = PLANE ( 'NONE',  #2148 ) ;
#754 = CARTESIAN_POINT ( 'NONE',  ( -5.901761803246233562, 1.117038275419861115, -24.58395760714084588 ) ) ;
#755 = CARTESIAN_POINT ( 'NONE',  ( -6.000000000000000000, 9.399999999999991473, -33.07620317105600094 ) ) ;
#756 = ORIENTED_EDGE ( 'NONE', *, *, #227, .T. ) ;
#757 = CARTESIAN_POINT ( 'NONE',  ( -2.120019761737651720, -5.644229116151268322, -21.76491060238012665 ) ) ;
#758 = EDGE_CURVE ( 'NONE', #2902, #2385, #2723, .T. ) ;
#759 = DIRECTION ( 'NONE',  ( 0.000000000000000000, 0.000000000000000000, -1.000000000000000000 ) ) ;
#760 = ORIENTED_EDGE ( 'NONE', *, *, #1037, .F. ) ;
#761 = DIRECTION ( 'NONE',  ( 0.000000000000000000, 1.173683280263403983E-16, -1.000000000000000000 ) ) ;
#762 = CARTESIAN_POINT ( 'NONE',  ( 6.000000000000000000, 9.399999999999991473, -33.07620317105600094 ) ) ;
#763 = EDGE_CURVE ( 'NONE', #2271, #1326, #1287, .T. ) ;
#764 = CARTESIAN_POINT ( 'NONE',  ( 2.250000000000000000, 0.000000000000000000, -1.999999999999984013 ) ) ;
#765 = AXIS2_PLACEMENT_3D ( 'NONE', #2527, #2567, #676 ) ;
#766 = CARTESIAN_POINT ( 'NONE',  ( -0.9644640654276158687, 5.939715456335301624, -22.29988669951607960 ) ) ;
#767 = CARTESIAN_POINT ( 'NONE',  ( 2.250000000000000000, 0.000000000000000000, -1.999999999999984013 ) ) ;
#768 = CARTESIAN_POINT ( 'NONE',  ( 1.004809471616708194, 3.750000000000000444, -10.66666666666666607 ) ) ;
#769 = CARTESIAN_POINT ( 'NONE',  ( 1.004809471616708416, 3.750000000000001332, -11.16666666666666430 ) ) ;
#770 = VERTEX_POINT ( 'NONE', #1573 ) ;
#771 = AXIS2_PLACEMENT_3D ( 'NONE', #3334, #2493, #66 ) ;
#772 = DIRECTION ( 'NONE',  ( 1.201851678989727324E-16, 1.000000000000000000, -0.000000000000000000 ) ) ;
#773 = CARTESIAN_POINT ( 'NONE',  ( -5.920906384998179561, 4.718171537677630312, -21.83265777132696428 ) ) ;
#774 = DIRECTION ( 'NONE',  ( -0.4503400076042335387, -0.8928571428571420165, 0.000000000000000000 ) ) ;
#775 = ORIENTED_EDGE ( 'NONE', *, *, #2777, .F. ) ;
#776 = CARTESIAN_POINT ( 'NONE',  ( 3.042767215225596900, -6.250000000000001776, -21.17658045704106939 ) ) ;
#777 = DIRECTION ( 'NONE',  ( 1.000000000000000000, 0.000000000000000000, 0.000000000000000000 ) ) ;
#778 = DIRECTION ( 'NONE',  ( 0.000000000000000000, -0.8660254037844384856, 0.5000000000000001110 ) ) ;
#779 = CARTESIAN_POINT ( 'NONE',  ( -1.647114317029974240, 1.647114317029972907, -4.000000000000015987 ) ) ;
#780 = CARTESIAN_POINT ( 'NONE',  ( 1.125000000000000222, -1.948557158514986787, -6.666666666666650976 ) ) ;
#781 = EDGE_CURVE ( 'NONE', #3065, #2385, #2892, .T. ) ;
#782 = CARTESIAN_POINT ( 'NONE',  ( 1.874999999999997113, 3.247595264191645903, -6.833333333333333925 ) ) ;
#783 = CARTESIAN_POINT ( 'NONE',  ( 1.948557158514987009, -1.124999999999999778, -2.333333333333317494 ) ) ;
#784 = CARTESIAN_POINT ( 'NONE',  ( 3.247595264191644571, -1.874999999999999556, -11.83333333333333215 ) ) ;
#785 = ORIENTED_EDGE ( 'NONE', *, *, #1886, .F. ) ;
#786 = FACE_OUTER_BOUND ( 'NONE', #2102, .T. ) ;
#787 = CARTESIAN_POINT ( 'NONE',  ( -6.000267836186759851, 0.2763765367001368434, -24.64928919787239181 ) ) ;
#788 = DIRECTION ( 'NONE',  ( -0.6069769786668867129, 0.6882472016116835123, -0.3973597071195121289 ) ) ;
#789 = ORIENTED_EDGE ( 'NONE', *, *, #2317, .T. ) ;
#790 = CARTESIAN_POINT ( 'NONE',  ( -0.5539002652277784655, -5.976413722183268717, -21.64400875075902420 ) ) ;
#791 = LINE ( 'NONE', #564, #2296 ) ;
#792 = CARTESIAN_POINT ( 'NONE',  ( 4.500000000000002665, 3.968626966596903394, -28.39476002721892556 ) ) ;
#793 = CARTESIAN_POINT ( 'NONE',  ( -1.948557158514987231, 1.124999999999999334, -7.833333333333348136 ) ) ;
#794 = CARTESIAN_POINT ( 'NONE',  ( 2.583005244258345101, 8.166010488516731058, -32.36375899442396786 ) ) ;
#795 = CARTESIAN_POINT ( 'NONE',  ( -0.6028856829700277586, 2.249999999999999556, -8.833333333333316162 ) ) ;
#796 = EDGE_CURVE ( 'NONE', #3410, #2187, #2911, .T. ) ;
#797 = CARTESIAN_POINT ( 'NONE',  ( 3.247595264191643238, 1.875000000000001554, -7.166666666666666963 ) ) ;
#798 = CARTESIAN_POINT ( 'NONE',  ( -3.750000000000000000, 1.004809471616707972, -13.66666666666666430 ) ) ;
#799 = FACE_OUTER_BOUND ( 'NONE', #1445, .T. ) ;
#800 = ORIENTED_EDGE ( 'NONE', *, *, #211, .T. ) ;
#801 = CARTESIAN_POINT ( 'NONE',  ( 5.459236830150836717, 2.516629231670455713, -27.78563328702746205 ) ) ;
#802 = CARTESIAN_POINT ( 'NONE',  ( -7.869015738037613339, 1.303211321348854757, -22.59210173603605654 ) ) ;
#803 = CARTESIAN_POINT ( 'NONE',  ( 6.000000000000000000, -4.291502622129201860, -30.12681083478780408 ) ) ;
#804 = ORIENTED_EDGE ( 'NONE', *, *, #1532, .T. ) ;
#805 = DIRECTION ( 'NONE',  ( 0.000000000000000000, 0.000000000000000000, -1.000000000000000000 ) ) ;
#806 = CARTESIAN_POINT ( 'NONE',  ( -2.702040045625267783, -5.357142857142911829, -22.96621900223639301 ) ) ;
#807 = CARTESIAN_POINT ( 'NONE',  ( -5.964733835962515940, 0.7402945254088274529, -27.86305344099539028 ) ) ;
#808 = CARTESIAN_POINT ( 'NONE',  ( -0.6028856829700255382, -2.249999999999999556, -10.66666666666668206 ) ) ;
#809 = ORIENTED_EDGE ( 'NONE', *, *, #591, .T. ) ;
#810 = PLANE ( 'NONE',  #1409 ) ;
#811 = CARTESIAN_POINT ( 'NONE',  ( 0.6028856829700248721, 2.250000000000000444, -5.166666666666650976 ) ) ;
#812 = CARTESIAN_POINT ( 'NONE',  ( -2.250000000000000000, 0.6028856829700249831, -4.166666666666650976 ) ) ;
#813 = CARTESIAN_POINT ( 'NONE',  ( 1.125000000000000222, -1.948557158514986787, -10.66666666666665009 ) ) ;
#814 = EDGE_LOOP ( 'NONE', ( #3221, #1654, #175, #608, #137, #574, #412, #1499, #2666, #1876, #1220, #690, #1626, #314, #1241, #2780 ) ) ;
#815 = ORIENTED_EDGE ( 'NONE', *, *, #2473, .T. ) ;
#816 = CARTESIAN_POINT ( 'NONE',  ( 4.500000000000004441, 3.968626966596900729, -28.39476002721892200 ) ) ;
#817 = CARTESIAN_POINT ( 'NONE',  ( -4.239827265933976186, -5.944557918522152207, -21.32591135767884083 ) ) ;
#818 = CARTESIAN_POINT ( 'NONE',  ( 0.000000000000000000, 0.000000000000000000, -30.00000000000000000 ) ) ;
#819 = CARTESIAN_POINT ( 'NONE',  ( 4.534580042356149754, -3.959742910667675808, -22.12088300347094005 ) ) ;
#820 = AXIS2_PLACEMENT_3D ( 'NONE', #2634, #2388, #2598 ) ;
#821 = FACE_OUTER_BOUND ( 'NONE', #1394, .T. ) ;
#822 = CARTESIAN_POINT ( 'NONE',  ( 6.000000000000017764, -0.3716156832005310662, -27.64911169117652889 ) ) ;
#823 = CARTESIAN_POINT ( 'NONE',  ( 3.671428571428593024, -4.571428571428591603, -41.14261121773395757 ) ) ;
#824 = DIRECTION ( 'NONE',  ( 0.7071067811865475727, -0.7071067811865475727, 0.000000000000000000 ) ) ;
#825 = ORIENTED_EDGE ( 'NONE', *, *, #1144, .F. ) ;
#826 = DIRECTION ( 'NONE',  ( 0.000000000000000000, -1.000000000000000000, 0.000000000000000000 ) ) ;
#827 = CARTESIAN_POINT ( 'NONE',  ( -4.499999999999996447, -3.968626966596872307, -28.39476002721890424 ) ) ;
#828 = CARTESIAN_POINT ( 'NONE',  ( 1.647114317029973352, 1.647114317029974018, -9.499999999999984013 ) ) ;
#829 = B_SPLINE_CURVE_WITH_KNOTS ( 'NONE', 3,
 ( #525, #2439, #13, #31, #3012 ),
 .UNSPECIFIED., .F., .F.,
 ( 4, 1, 4 ),
 ( 0.01567711156098683389, 0.01568139100236178723, 0.01568567044373674405 ),
 .UNSPECIFIED. ) ;
#830 = AXIS2_PLACEMENT_3D ( 'NONE', #2208, #3260, #2472 ) ;
#831 = CARTESIAN_POINT ( 'NONE',  ( -0.6028856829700278697, 2.249999999999999112, -4.833333333333317050 ) ) ;
#832 = CARTESIAN_POINT ( 'NONE',  ( 1.124999999999998446, 1.948557158514987675, -9.333333333333316162 ) ) ;
#833 = VERTEX_POINT ( 'NONE', #476 ) ;
#834 = LINE ( 'NONE', #1923, #1757 ) ;
#835 = CARTESIAN_POINT ( 'NONE',  ( -3.463474208361998485, -4.919016739179688180, -21.80650246726273522 ) ) ;
#836 = ORIENTED_EDGE ( 'NONE', *, *, #3154, .F. ) ;
#837 = AXIS2_PLACEMENT_3D ( 'NONE', #3463, #2618, #2338 ) ;
#838 = CARTESIAN_POINT ( 'NONE',  ( 1.695671109424200740, -5.817551785323910707, -29.81806301628933653 ) ) ;
#839 = CARTESIAN_POINT ( 'NONE',  ( 5.779355209619454037, -1.656132874924221898, -22.56587154332985889 ) ) ;
#840 = EDGE_CURVE ( 'NONE', #2735, #1177, #2660, .T. ) ;
#841 = DIRECTION ( 'NONE',  ( 0.000000000000000000, 0.000000000000000000, 1.000000000000000000 ) ) ;
#842 = DIRECTION ( 'NONE',  ( 0.000000000000000000, -0.8660254037844388186, 0.4999999999999997224 ) ) ;
#843 = CARTESIAN_POINT ( 'NONE',  ( -5.613157467661424427, -2.777726075125754868, -23.23690132026435151 ) ) ;
#844 = CARTESIAN_POINT ( 'NONE',  ( 4.320917678985463972, 4.289846822711448127, -30.12585485855658973 ) ) ;
#845 = VERTEX_POINT ( 'NONE', #2086 ) ;
#846 = VECTOR ( 'NONE', #643, 1000.000000000000000 ) ;
#847 = CARTESIAN_POINT ( 'NONE',  ( -3.177853867363883200, -5.096481146717286137, -23.13613586308509085 ) ) ;
#848 = CARTESIAN_POINT ( 'NONE',  ( -0.6028856829700277586, 2.249999999999999556, -12.83333333333331794 ) ) ;
#849 = EDGE_CURVE ( 'NONE', #2297, #1300, #888, .T. ) ;
#850 = CARTESIAN_POINT ( 'NONE',  ( 5.011207333897807814, -3.820334290427220392, -22.80407644904325792 ) ) ;
#851 = CARTESIAN_POINT ( 'NONE',  ( -3.750000000000000000, 4.592425496802573972E-16, -30.00000000000000000 ) ) ;
#852 = EDGE_CURVE ( 'NONE', #2484, #1312, #3210, .T. ) ;
#853 = EDGE_CURVE ( 'NONE', #1743, #1383, #1754, .T. ) ;
#854 = VERTEX_POINT ( 'NONE', #388 ) ;
#855 = CARTESIAN_POINT ( 'NONE',  ( 0.000000000000000000, 0.000000000000000000, -30.00000000000000000 ) ) ;
#856 = CARTESIAN_POINT ( 'NONE',  ( 7.216878364870321860, 1.739295423971095542E-15, -0.5000000000000004441 ) ) ;
#857 = EDGE_LOOP ( 'NONE', ( #1200, #1779, #1331, #1905 ) ) ;
#858 = CARTESIAN_POINT ( 'NONE',  ( 6.000000000000033751, -0.7374047016316198633, -28.07485144366233598 ) ) ;
#859 = CARTESIAN_POINT ( 'NONE',  ( -4.590392045899604589, -4.549207749841836623, -22.29003343576054874 ) ) ;
#860 = DIRECTION ( 'NONE',  ( 0.8660254037844385966, -0.5000000000000002220, 0.000000000000000000 ) ) ;
#861 = ORIENTED_EDGE ( 'NONE', *, *, #2639, .F. ) ;
#862 = CARTESIAN_POINT ( 'NONE',  ( 1.875000000000000666, -3.247595264191645015, -8.666666666666666075 ) ) ;
#863 = DIRECTION ( 'NONE',  ( 1.000000000000000000, -0.000000000000000000, -0.000000000000000000 ) ) ;
#864 = LINE ( 'NONE', #103, #560 ) ;
#865 = CARTESIAN_POINT ( 'NONE',  ( -2.249999999999999112, -0.6028856829700266484, -3.833333333333317050 ) ) ;
#866 = ADVANCED_FACE ( 'NONE', ( #3069 ), #1147, .T. ) ;
#867 = LINE ( 'NONE', #1414, #568 ) ;
#868 = AXIS2_PLACEMENT_3D ( 'NONE', #534, #1612, #2698 ) ;
#869 = ORIENTED_EDGE ( 'NONE', *, *, #1221, .F. ) ;
#870 = DIRECTION ( 'NONE',  ( 0.000000000000000000, 0.000000000000000000, -1.000000000000000000 ) ) ;
#871 = CARTESIAN_POINT ( 'NONE',  ( 2.583005244258348654, -8.166010488516732835, -32.36375899442397497 ) ) ;
#872 = ORIENTED_EDGE ( 'NONE', *, *, #1325, .F. ) ;
#873 = CARTESIAN_POINT ( 'NONE',  ( -1.948557158514987231, 1.124999999999999334, -11.83333333333334814 ) ) ;
#874 = CARTESIAN_POINT ( 'NONE',  ( 4.963825038851868321, -3.396640373342816321, -29.42401887784492942 ) ) ;
#875 = CARTESIAN_POINT ( 'NONE',  ( -5.999999999999991118, 7.833643880348378446E-15, -27.64911064067352697 ) ) ;
#876 = ORIENTED_EDGE ( 'NONE', *, *, #2476, .T. ) ;
#877 = CARTESIAN_POINT ( 'NONE',  ( -5.154001736276752510, 3.573007130470449599, -22.95665927577439192 ) ) ;
#878 = CARTESIAN_POINT ( 'NONE',  ( -2.249999999999999556, -0.6028856829700266484, -11.33333333333334814 ) ) ;
#879 = CARTESIAN_POINT ( 'NONE',  ( -5.898135575372520201, -1.137023985433382789, -24.58156608019248779 ) ) ;
#880 = CARTESIAN_POINT ( 'NONE',  ( 6.424564640471200683, 1.372327626193399208, -23.16006050136320837 ) ) ;
#881 = CARTESIAN_POINT ( 'NONE',  ( 1.377727649040772142E-16, -2.250000000000000000, -6.999999999999984013 ) ) ;
#882 = CARTESIAN_POINT ( 'NONE',  ( 0.000000000000000000, 0.000000000000000000, -30.00000000000000000 ) ) ;
#883 = VECTOR ( 'NONE', #1998, 1000.000000000000000 ) ;
#884 = VERTEX_POINT ( 'NONE', #1461 ) ;
#885 = CARTESIAN_POINT ( 'NONE',  ( 4.774475732269562123, -3.643900415757000300, -23.89641972602747089 ) ) ;
#886 = ORIENTED_EDGE ( 'NONE', *, *, #2214, .F. ) ;
#887 = CARTESIAN_POINT ( 'NONE',  ( 1.948557158514986121, 1.125000000000000888, -13.16666666666668029 ) ) ;
#888 =( BOUNDED_CURVE ( )  B_SPLINE_CURVE ( 2, ( #764, #3415, #2392, #3480, #1040, #2123, #694, #2856, #970, #2055, #3140, #2714, #2695, #1607, #1361, #2979, #3246, #1882, #1319, #811, #38, #531, #2161, #2180, #3000, #3228, #1094, #318, #780, #2427, #3287, #262, #1629, #2409, #3500, #1900, #1341, #3267, #1864, #1058, #2462, #795, #2961, #19, #2143, #828, #1, #1077, #2944, #1663, #245, #552, #1918, #286, #2445, #512, #2677, #571, #1647, #2731, #302, #1378, #1115, #55, #2198, #848, #1934, #3018, #587, #2750, #1397, #2480, #1133 ),
 .UNSPECIFIED., .F., .T. ) 
 B_SPLINE_CURVE_WITH_KNOTS ( ( 3, 2, 2, 2, 2, 2, 2, 2, 2, 2, 2, 2, 2, 2, 2, 2, 2, 2, 2, 2, 2, 2, 2, 2, 2, 2, 2, 2, 2, 2, 2, 2, 2, 2, 2, 2, 3 ),
 ( 0.000000000000000000, 0.02777777777777777624, 0.05555555555555555247, 0.08333333333333332871, 0.1111111111111111049, 0.1388888888888888951, 0.1666666666666666574, 0.1944444444444444475, 0.2222222222222222099, 0.2500000000000000000, 0.2777777777777777901, 0.3055555555555555802, 0.3333333333333333148, 0.3611111111111111049, 0.3888888888888888951, 0.4166666666666666852, 0.4444444444444444198, 0.4722222222222222099, 0.5000000000000000000, 0.5277777777777777901, 0.5555555555555555802, 0.5833333333333333703, 0.6111111111111111605, 0.6388888888888888395, 0.6666666666666666297, 0.6944444444444444198, 0.7222222222222222099, 0.7500000000000000000, 0.7777777777777777901, 0.8055555555555555802, 0.8333333333333333703, 0.8611111111111111605, 0.8888888888888888395, 0.9166666666666666297, 0.9444444444444444198, 0.9722222222222222099, 1.000000000000000000 ),
 .UNSPECIFIED. ) 
 CURVE ( )  GEOMETRIC_REPRESENTATION_ITEM ( )  RATIONAL_B_SPLINE_CURVE ( ( 1.000000000000000000, 0.9659258262890683122, 1.000000000000000000, 0.9659258262890683122, 1.000000000000000000, 0.9659258262890683122, 1.000000000000000000, 0.9659258262890683122, 1.000000000000000000, 0.9659258262890683122, 1.000000000000000000, 0.9659258262890683122, 1.000000000000000000, 0.9659258262890683122, 1.000000000000000000, 0.9659258262890683122, 1.000000000000000000, 0.9659258262890683122, 1.000000000000000000, 0.9659258262890683122, 1.000000000000000000, 0.9659258262890683122, 1.000000000000000000, 0.9659258262890683122, 1.000000000000000000, 0.9659258262890683122, 1.000000000000000000, 0.9659258262890683122, 1.000000000000000000, 0.9659258262890683122, 1.000000000000000000, 0.9659258262890683122, 1.000000000000000000, 0.9659258262890683122, 1.000000000000000000, 0.9659258262890683122, 1.000000000000000000, 0.9659258262890683122, 1.000000000000000000, 0.9659258262890683122, 1.000000000000000000, 0.9659258262890683122, 1.000000000000000000, 0.9659258262890683122, 1.000000000000000000, 0.9659258262890683122, 1.000000000000000000, 0.9659258262890683122, 1.000000000000000000, 0.9659258262890683122, 1.000000000000000000, 0.9659258262890683122, 1.000000000000000000, 0.9659258262890683122, 1.000000000000000000, 0.9659258262890683122, 1.000000000000000000, 0.9659258262890683122, 1.000000000000000000, 0.9659258262890683122, 1.000000000000000000, 0.9659258262890683122, 1.000000000000000000, 0.9659258262890683122, 1.000000000000000000, 0.9659258262890683122, 1.000000000000000000, 0.9659258262890683122, 1.000000000000000000, 0.9659258262890683122, 1.000000000000000000, 0.9659258262890683122, 1.000000000000000000 ) ) 
 REPRESENTATION_ITEM ( '' )  );
#889 = CARTESIAN_POINT ( 'NONE',  ( 6.000000000000008882, 8.048844918950351260E-31, -27.64911064067352697 ) ) ;
#890 = CARTESIAN_POINT ( 'NONE',  ( 2.899999999999994582, -4.400000000000011902, -43.35303796263134757 ) ) ;
#891 = EDGE_CURVE ( 'NONE', #391, #2970, #2509, .T. ) ;
#892 = ORIENTED_EDGE ( 'NONE', *, *, #734, .T. ) ;
#893 = FACE_OUTER_BOUND ( 'NONE', #2039, .T. ) ;
#894 = CARTESIAN_POINT ( 'NONE',  ( -1.948557158514986343, -1.125000000000000666, -7.166666666666681174 ) ) ;
#895 = CARTESIAN_POINT ( 'NONE',  ( 2.000000000000000000, -7.746223524468791354E-15, -45.89337914706570132 ) ) ;
#896 = DIRECTION ( 'NONE',  ( 0.3779644730092275862, 0.6546536707079781969, 0.6546536707079758655 ) ) ;
#897 = CARTESIAN_POINT ( 'NONE',  ( -1.948557158514987231, 1.124999999999999334, -12.33333333333331794 ) ) ;
#898 = EDGE_CURVE ( 'NONE', #557, #697, #2818, .T. ) ;
#899 = VERTEX_POINT ( 'NONE', #2836 ) ;
#900 = CARTESIAN_POINT ( 'NONE',  ( 2.702040045644736210, -5.357142857133109004, -22.96621900224291579 ) ) ;
#901 = AXIS2_PLACEMENT_3D ( 'NONE', #1155, #345, #2242 ) ;
#902 = VERTEX_POINT ( 'NONE', #2549 ) ;
#903 = CARTESIAN_POINT ( 'NONE',  ( -2.249999999999999112, -0.6028856829700266484, -3.333333333333349024 ) ) ;
#904 = ORIENTED_EDGE ( 'NONE', *, *, #1462, .T. ) ;
#905 = CARTESIAN_POINT ( 'NONE',  ( -3.247595264191644571, 1.874999999999998446, -5.833333333333333037 ) ) ;
#906 = CARTESIAN_POINT ( 'NONE',  ( -3.749999999999999556, -4.592425496802573972E-16, -9.500000000000000000 ) ) ;
#907 = CARTESIAN_POINT ( 'NONE',  ( 2.296212748401287479E-16, -3.750000000000000444, -9.000000000000000000 ) ) ;
#908 = CYLINDRICAL_SURFACE ( 'NONE', #2322, 6.000000000000000000 ) ;
#909 = DIRECTION ( 'NONE',  ( 0.000000000000000000, 0.000000000000000000, 1.000000000000000000 ) ) ;
#910 = LINE ( 'NONE', #3097, #45 ) ;
#911 = ORIENTED_EDGE ( 'NONE', *, *, #2619, .F. ) ;
#912 = CARTESIAN_POINT ( 'NONE',  ( -1.004809471616713079, 3.749999999999999556, -2.833333333333332593 ) ) ;
#913 = CARTESIAN_POINT ( 'NONE',  ( -1.125000000000000888, 1.948557158514986343, -8.166666666666682062 ) ) ;
#914 = CARTESIAN_POINT ( 'NONE',  ( 1.832968524218733242, -3.332968524218740569, -41.50200614877128658 ) ) ;
#915 = CARTESIAN_POINT ( 'NONE',  ( 2.000000000000000000, -6.399999999999998579, -34.80825397862489012 ) ) ;
#916 = CARTESIAN_POINT ( 'NONE',  ( 1.377727649040772142E-16, -2.250000000000000000, -10.99999999999998401 ) ) ;
#917 = DIRECTION ( 'NONE',  ( 1.000000000000000000, -0.000000000000000000, -0.000000000000000000 ) ) ;
#918 = VERTEX_POINT ( 'NONE', #640 ) ;
#919 = CARTESIAN_POINT ( 'NONE',  ( 1.125000000000000222, -1.948557158514986787, -10.16666666666668206 ) ) ;
#920 = ORIENTED_EDGE ( 'NONE', *, *, #229, .F. ) ;
#921 = CARTESIAN_POINT ( 'NONE',  ( 1.874999999999996891, 3.247595264191645459, -6.833333333333333037 ) ) ;
#922 = CARTESIAN_POINT ( 'NONE',  ( 5.841550749903586137, 1.397676344540861981, -24.54427664913969309 ) ) ;
#923 = CARTESIAN_POINT ( 'NONE',  ( -3.750000000000000000, -1.004809471616711081, -1.833333333333333037 ) ) ;
#924 = CARTESIAN_POINT ( 'NONE',  ( 6.000000000000229150, -2.551146958170155354, -29.12201602371564491 ) ) ;
#925 = CARTESIAN_POINT ( 'NONE',  ( -6.000000000000000000, -3.956739116028859193, -29.93353503442591190 ) ) ;
#926 = CARTESIAN_POINT ( 'NONE',  ( -2.745190528383290918, 2.745190528383287365, -10.49999999999999645 ) ) ;
#927 = AXIS2_PLACEMENT_3D ( 'NONE', #1827, #3448, #1865 ) ;
#928 = ORIENTED_EDGE ( 'NONE', *, *, #3248, .T. ) ;
#929 = CYLINDRICAL_SURFACE ( 'NONE', #3158, 4.149999999999994138 ) ;
#930 = CARTESIAN_POINT ( 'NONE',  ( -1.948557158514987231, 1.124999999999999334, -11.83333333333334814 ) ) ;
#931 = CARTESIAN_POINT ( 'NONE',  ( 34.71747435505660206, 3.000000000000000000, -41.37078589322641875 ) ) ;
#932 = CARTESIAN_POINT ( 'NONE',  ( 7.216878364870321860, 1.739295423971095542E-15, -22.80880618091915935 ) ) ;
#933 = CARTESIAN_POINT ( 'NONE',  ( -2.249999999999999112, -0.6028856829700266484, -11.83333333333331616 ) ) ;
#934 = LINE ( 'NONE', #390, #2206 ) ;
#935 = ORIENTED_EDGE ( 'NONE', *, *, #1848, .F. ) ;
#936 = CARTESIAN_POINT ( 'NONE',  ( -1.948557158514986343, -1.125000000000000666, -7.166666666666681174 ) ) ;
#937 = ORIENTED_EDGE ( 'NONE', *, *, #2865, .F. ) ;
#938 = LINE ( 'NONE', #1762, #160 ) ;
#939 = CARTESIAN_POINT ( 'NONE',  ( 3.610398224682506818, -6.246606839293417757, -21.17827274335591170 ) ) ;
#940 = CARTESIAN_POINT ( 'NONE',  ( -2.745190528383290918, 2.745190528383287365, -6.499999999999999112 ) ) ;
#941 = AXIS2_PLACEMENT_3D ( 'NONE', #1296, #2333, #203 ) ;
#942 = CARTESIAN_POINT ( 'NONE',  ( 0.1581287451791331122, 6.250000000000012434, -21.17658045704103742 ) ) ;
#943 = CARTESIAN_POINT ( 'NONE',  ( -5.999999999999753975, -2.551146958169192569, -29.12201602371449738 ) ) ;
#944 = CARTESIAN_POINT ( 'NONE',  ( 6.000000000000000000, -4.291502622129200972, -30.12681083478780408 ) ) ;
#945 = DIRECTION ( 'NONE',  ( -0.3779644730092264204, 0.6546536707079788631, -0.6546536707079758655 ) ) ;
#946 = CARTESIAN_POINT ( 'NONE',  ( -0.6028856829700277586, 2.249999999999999556, -12.33333333333334814 ) ) ;
#947 = VERTEX_POINT ( 'NONE', #368 ) ;
#948 = FILL_AREA_STYLE_COLOUR ( '', #2066 ) ;
#949 = DIRECTION ( 'NONE',  ( 0.000000000000000000, 8.881784197001258240E-16, -1.000000000000000000 ) ) ;
#950 = VECTOR ( 'NONE', #548, 1000.000000000000000 ) ;
#951 = CARTESIAN_POINT ( 'NONE',  ( 1.875000000000000222, -3.247595264191644127, -8.166666666666666075 ) ) ;
#952 = EDGE_CURVE ( 'NONE', #2832, #2425, #3348, .T. ) ;
#953 = EDGE_LOOP ( 'NONE', ( #2132, #2569, #1482, #1351 ) ) ;
#954 = CARTESIAN_POINT ( 'NONE',  ( -2.250000000000000000, -2.755455298081544285E-16, -3.500000000000015099 ) ) ;
#955 = EDGE_LOOP ( 'NONE', ( #2728, #1224, #3399, #861 ) ) ;
#956 = CARTESIAN_POINT ( 'NONE',  ( 1.004809471616707750, 3.750000000000000000, -6.666666666666666963 ) ) ;
#957 = EDGE_CURVE ( 'NONE', #1326, #3089, #2001, .T. ) ;
#958 = CARTESIAN_POINT ( 'NONE',  ( 5.987214284451161994, 0.4668190697922254273, -22.64432403133412919 ) ) ;
#959 = CARTESIAN_POINT ( 'NONE',  ( 3.749999999999999556, 1.004809471616713301, -3.833333333333332593 ) ) ;
#960 = CARTESIAN_POINT ( 'NONE',  ( -3.042767215212482501, 6.249999999999997335, -21.17658045704106939 ) ) ;
#961 = FACE_OUTER_BOUND ( 'NONE', #1915, .T. ) ;
#962 = EDGE_CURVE ( 'NONE', #1213, #654, #864, .T. ) ;
#963 = CARTESIAN_POINT ( 'NONE',  ( 3.749999999999999556, 1.004809471616713301, -11.83333333333333215 ) ) ;
#964 = CARTESIAN_POINT ( 'NONE',  ( -3.608439182435161374, 6.249999999999997335, -30.00000000000000000 ) ) ;
#965 = CARTESIAN_POINT ( 'NONE',  ( 2.000000000000000000, -3.500000000000007994, -43.87265320490200793 ) ) ;
#966 = ORIENTED_EDGE ( 'NONE', *, *, #3395, .T. ) ;
#967 = CARTESIAN_POINT ( 'NONE',  ( 0.6028856829700264264, -2.249999999999999556, -2.333333333333348136 ) ) ;
#968 = LINE ( 'NONE', #191, #1343 ) ;
#969 = CARTESIAN_POINT ( 'NONE',  ( 2.000000000000000000, 3.500000000000008882, -44.16132833949681924 ) ) ;
#970 = CARTESIAN_POINT ( 'NONE',  ( -1.124999999999999556, -1.948557158514987009, -3.333333333333317494 ) ) ;
#971 = EDGE_CURVE ( 'NONE', #1158, #1823, #1965, .T. ) ;
#972 = CARTESIAN_POINT ( 'NONE',  ( -2.250000000000000000, 0.6028856829700249831, -7.666666666666682062 ) ) ;
#973 = VERTEX_POINT ( 'NONE', #915 ) ;
#974 = CARTESIAN_POINT ( 'NONE',  ( -3.602720060845945316, 6.249999999999995559, -21.17658045704107295 ) ) ;
#975 = CARTESIAN_POINT ( 'NONE',  ( 3.609745166498487645, -6.247737969248438716, -21.17770880108625065 ) ) ;
#976 = CARTESIAN_POINT ( 'NONE',  ( -1.004809471616713079, 3.749999999999999556, -2.833333333333332149 ) ) ;
#977 = CARTESIAN_POINT ( 'NONE',  ( 1.355588027952848496, 5.853160399625223498, -21.70822255118209654 ) ) ;
#978 = CARTESIAN_POINT ( 'NONE',  ( -5.999999999999991118, -0.3691720078869465960, -27.64911131198087801 ) ) ;
#979 = CARTESIAN_POINT ( 'NONE',  ( -3.247595264191645903, 1.874999999999999112, -6.333333333333333037 ) ) ;
#980 = EDGE_CURVE ( 'NONE', #391, #2195, #3053, .T. ) ;
#981 = CARTESIAN_POINT ( 'NONE',  ( 1.853343197985957369, -5.725290246665860394, -22.63784624742415019 ) ) ;
#982 = CARTESIAN_POINT ( 'NONE',  ( -5.499999999999998224, 0.000000000000000000, -34.35329570143849764 ) ) ;
#983 = ORIENTED_EDGE ( 'NONE', *, *, #1244, .T. ) ;
#984 = FACE_OUTER_BOUND ( 'NONE', #2682, .T. ) ;
#985 = ADVANCED_FACE ( 'NONE', ( #1412 ), #2495, .T. ) ;
#986 = FACE_OUTER_BOUND ( 'NONE', #1044, .T. ) ;
#987 = PRESENTATION_LAYER_ASSIGNMENT (  '', '', ( #2515 ) ) ;
#988 = DIRECTION ( 'NONE',  ( 1.000000000000000000, 0.000000000000000000, -0.000000000000000000 ) ) ;
#989 = ORIENTED_EDGE ( 'NONE', *, *, #1388, .T. ) ;
#990 = CARTESIAN_POINT ( 'NONE',  ( -1.647114317029974240, 1.647114317029972907, -4.499999999999984901 ) ) ;
#991 = EDGE_CURVE ( 'NONE', #3391, #1312, #3083, .T. ) ;
#992 = CARTESIAN_POINT ( 'NONE',  ( 3.577052902303564874, 4.923992890163319203, -30.49197926129931702 ) ) ;
#993 = CARTESIAN_POINT ( 'NONE',  ( 2.250000000000000000, 0.000000000000000000, -13.99999999999998401 ) ) ;
#994 = CARTESIAN_POINT ( 'NONE',  ( 1.571523951247488782, 6.249999999999998224, -21.17658045704106939 ) ) ;
#995 = CARTESIAN_POINT ( 'NONE',  ( -5.893463577253518437, 1.172400967548406392, -22.60900315180996145 ) ) ;
#996 = CARTESIAN_POINT ( 'NONE',  ( -3.608439182435160486, -6.249999999999996447, -21.17658045704106939 ) ) ;
#997 = CARTESIAN_POINT ( 'NONE',  ( -2.475717120544898009, -6.249999999999999112, -21.17658045704106584 ) ) ;
#998 = AXIS2_PLACEMENT_3D ( 'NONE', #743, #2907, #3208 ) ;
#999 = DIRECTION ( 'NONE',  ( -0.6546536707079786410, 0.6546536707079786410, -0.3779644730092220350 ) ) ;
#1000 = EDGE_LOOP ( 'NONE', ( #2692, #1710, #672, #2948, #3272, #3252, #1985, #1293, #2309 ) ) ;
#1001 =( BOUNDED_CURVE ( )  B_SPLINE_CURVE ( 3, ( #3310, #871, #1084, #342 ),
 .UNSPECIFIED., .F., .F. ) 
 B_SPLINE_CURVE_WITH_KNOTS ( ( 4, 4 ),
 ( 2.293530574608315664, 3.989654732571277673 ),
 .UNSPECIFIED. ) 
 CURVE ( )  GEOMETRIC_REPRESENTATION_ITEM ( )  RATIONAL_B_SPLINE_CURVE ( ( 1.000000000000000000, 0.7742918851774317490, 0.7742918851774317490, 1.000000000000000000 ) ) 
 REPRESENTATION_ITEM ( '' )  );
#1002 = CARTESIAN_POINT ( 'NONE',  ( 6.000000000000008882, -2.012719917545485089E-16, -27.64911064067351987 ) ) ;
#1003 = EDGE_CURVE ( 'NONE', #2832, #3391, #2248, .T. ) ;
#1004 = CARTESIAN_POINT ( 'NONE',  ( 2.250000000000000000, 0.000000000000000000, -13.75000000000000000 ) ) ;
#1005 = VECTOR ( 'NONE', #2784, 1000.000000000000000 ) ;
#1006 = CARTESIAN_POINT ( 'NONE',  ( -6.000000000000000000, -9.399999999999998579, -43.93038823182097019 ) ) ;
#1007 = PRODUCT_RELATED_PRODUCT_CATEGORY ( 'part', '', ( #2754 ) ) ;
#1008 = CARTESIAN_POINT ( 'NONE',  ( -3.247595264191644571, -1.875000000000001554, -1.666666666666666519 ) ) ;
#1009 = EDGE_LOOP ( 'NONE', ( #1758, #1429, #382, #23, #2437 ) ) ;
#1010 = CARTESIAN_POINT ( 'NONE',  ( -2.249999999999999112, -0.6028856829700266484, -3.833333333333317050 ) ) ;
#1011 = CARTESIAN_POINT ( 'NONE',  ( 2.260894812566044632, 6.756735713764820517, -31.55011382385879770 ) ) ;
#1012 = CARTESIAN_POINT ( 'NONE',  ( -1.004809471616709526, -3.749999999999999556, -12.66666666666666607 ) ) ;
#1013 = EDGE_CURVE ( 'NONE', #854, #1326, #1737, .T. ) ;
#1014 = AXIS2_PLACEMENT_3D ( 'NONE', #882, #56, #1921 ) ;
#1015 = DIRECTION ( 'NONE',  ( -1.000000000000000000, 0.000000000000000000, 0.000000000000000000 ) ) ;
#1016 = CARTESIAN_POINT ( 'NONE',  ( -5.843551935561119848, 1.389311819734703857, -24.54558656752639934 ) ) ;
#1017 = CARTESIAN_POINT ( 'NONE',  ( 1.874999999999997558, 3.247595264191646791, -7.333333333333333037 ) ) ;
#1018 = ORIENTED_EDGE ( 'NONE', *, *, #1478, .F. ) ;
#1019 = VECTOR ( 'NONE', #3114, 1000.000000000000000 ) ;
#1020 = CARTESIAN_POINT ( 'NONE',  ( 3.602720060859635254, -6.250000000000000000, -21.17658045704106584 ) ) ;
#1021 = CARTESIAN_POINT ( 'NONE',  ( -6.000000000000000000, -9.399999999999998579, -43.93038823182097019 ) ) ;
#1022 = ORIENTED_EDGE ( 'NONE', *, *, #758, .T. ) ;
#1023 = LINE ( 'NONE', #2690, #1228 ) ;
#1024 = DIRECTION ( 'NONE',  ( 0.000000000000000000, -0.5000000000000004441, 0.8660254037844384856 ) ) ;
#1025 = DIRECTION ( 'NONE',  ( 0.000000000000000000, 0.000000000000000000, 1.000000000000000000 ) ) ;
#1026 = CARTESIAN_POINT ( 'NONE',  ( -1.004809471616712857, 3.749999999999998668, -6.333333333333333037 ) ) ;
#1027 = CARTESIAN_POINT ( 'NONE',  ( -2.250000000000000000, -2.755455298081544285E-16, -3.999999999999984457 ) ) ;
#1028 = CARTESIAN_POINT ( 'NONE',  ( 5.251775303780755522, 5.139909681121735296, -30.61663887867952027 ) ) ;
#1029 = CARTESIAN_POINT ( 'NONE',  ( 1.499999999999994449, -3.000000000000000000, -41.37078589322641875 ) ) ;
#1030 = ORIENTED_EDGE ( 'NONE', *, *, #1218, .F. ) ;
#1031 = CARTESIAN_POINT ( 'NONE',  ( -6.000000000000000000, 0.000000000000000000, 0.000000000000000000 ) ) ;
#1032 = CARTESIAN_POINT ( 'NONE',  ( -2.949111614773366252, 5.232524699334082818, -23.04911560313874119 ) ) ;
#1033 = PLANE ( 'NONE',  #2074 ) ;
#1034 = ORIENTED_EDGE ( 'NONE', *, *, #2108, .T. ) ;
#1035 = CARTESIAN_POINT ( 'NONE',  ( 6.000000000000000000, 6.399999999999995026, -34.80825397862487591 ) ) ;
#1036 = FACE_OUTER_BOUND ( 'NONE', #1366, .T. ) ;
#1037 = EDGE_CURVE ( 'NONE', #2195, #2187, #968, .T. ) ;
#1038 = LINE ( 'NONE', #1603, #1398 ) ;
#1039 = CARTESIAN_POINT ( 'NONE',  ( -1.948557158514986343, -1.125000000000000666, -3.166666666666681618 ) ) ;
#1040 = CARTESIAN_POINT ( 'NONE',  ( 1.125000000000000222, -1.948557158514986787, -2.666666666666650531 ) ) ;
#1041 = CARTESIAN_POINT ( 'NONE',  ( -6.639528095680693021, 4.270529241407756339E-16, 0.000000000000000000 ) ) ;
#1042 = CARTESIAN_POINT ( 'NONE',  ( 1.125000000000000222, -1.948557158514986787, -2.666666666666650531 ) ) ;
#1043 = CARTESIAN_POINT ( 'NONE',  ( -4.712578202802691685, 3.717656009266196104, -28.21920938121638045 ) ) ;
#1044 = EDGE_LOOP ( 'NONE', ( #1034, #3443, #1540, #1832 ) ) ;
#1045 = CARTESIAN_POINT ( 'NONE',  ( 5.016681451756928922, 3.296152394482720904, -28.01271944476142295 ) ) ;
#1046 = CARTESIAN_POINT ( 'NONE',  ( -4.249150368539120315, 5.939514826922625446, -21.32829128223194459 ) ) ;
#1047 = ORIENTED_EDGE ( 'NONE', *, *, #2295, .T. ) ;
#1048 = DIRECTION ( 'NONE',  ( 0.000000000000000000, 0.5000000000000004441, -0.8660254037844383745 ) ) ;
#1049 = VERTEX_POINT ( 'NONE', #1553 ) ;
#1050 = CARTESIAN_POINT ( 'NONE',  ( -0.2405442524554411710, -5.996372699039143050, -22.15370689495279422 ) ) ;
#1051 = ADVANCED_FACE ( 'NONE', ( #3428 ), #2908, .T. ) ;
#1052 = CARTESIAN_POINT ( 'NONE',  ( 6.000000000000004441, 3.759223544446045235E-16, -27.64911064067352342 ) ) ;
#1053 = CARTESIAN_POINT ( 'NONE',  ( 5.732769777428870839, 1.808349821662406764, -27.69207386636107060 ) ) ;
#1054 = CARTESIAN_POINT ( 'NONE',  ( 2.249999999999999112, 0.6028856829700279807, -9.333333333333344584 ) ) ;
#1055 = VECTOR ( 'NONE', #841, 1000.000000000000000 ) ;
#1056 = CARTESIAN_POINT ( 'NONE',  ( 3.602720060859635254, -6.249999999999996447, -21.17658045704106939 ) ) ;
#1057 = CONICAL_SURFACE ( 'NONE', #3047, 4.650000000000008349, 0.7853981633974526089 ) ;
#1058 = CARTESIAN_POINT ( 'NONE',  ( -1.647114317029974462, 1.647114317029972907, -8.499999999999984013 ) ) ;
#1059 = LINE ( 'NONE', #2145, #2009 ) ;
#1060 = AXIS2_PLACEMENT_3D ( 'NONE', #855, #2756, #1971 ) ;
#1061 = CARTESIAN_POINT ( 'NONE',  ( 1.647114317029973352, 1.647114317029973796, -5.499999999999983125 ) ) ;
#1062 = DIRECTION ( 'NONE',  ( 1.000000000000000000, 0.000000000000000000, 0.000000000000000000 ) ) ;
#1063 = EDGE_LOOP ( 'NONE', ( #1488, #1813, #1976, #92 ) ) ;
#1064 = DIRECTION ( 'NONE',  ( 0.000000000000000000, 0.000000000000000000, -1.000000000000000000 ) ) ;
#1065 = CARTESIAN_POINT ( 'NONE',  ( -7.789198908980555558, -1.629635625468940585, -22.55757460095211542 ) ) ;
#1066 = CARTESIAN_POINT ( 'NONE',  ( -1.892236952661387583, -5.772215820010327292, -30.98170099817752998 ) ) ;
#1067 = EDGE_LOOP ( 'NONE', ( #2562, #270, #989, #2099 ) ) ;
#1068 =( BOUNDED_CURVE ( )  B_SPLINE_CURVE ( 2, ( #2869, #3389, #2262, #404, #2033, #912, #1480, #138, #3099, #121, #637, #1249, #1211 ),
 .UNSPECIFIED., .F., .F. ) 
 B_SPLINE_CURVE_WITH_KNOTS ( ( 3, 2, 2, 2, 2, 2, 3 ),
 ( 0.1666666666666666574, 0.1944444444444444475, 0.2222222222222222099, 0.2500000000000000000, 0.2777777777777777901, 0.3055555555555555802, 0.3333333333333333148 ),
 .UNSPECIFIED. ) 
 CURVE ( )  GEOMETRIC_REPRESENTATION_ITEM ( )  RATIONAL_B_SPLINE_CURVE ( ( 1.000000000000000000, 0.9659258262890683122, 1.000000000000000000, 0.9659258262890683122, 1.000000000000000000, 0.9659258262890683122, 1.000000000000000000, 0.9659258262890683122, 1.000000000000000000, 0.9659258262890683122, 1.000000000000000000, 0.9659258262890683122, 1.000000000000000000 ) ) 
 REPRESENTATION_ITEM ( '' )  );
#1069 = CARTESIAN_POINT ( 'NONE',  ( 2.000000000000000000, -6.399999999999998579, -34.80825397862489012 ) ) ;
#1070 = EDGE_CURVE ( 'NONE', #3457, #902, #2601, .T. ) ;
#1071 = FACE_OUTER_BOUND ( 'NONE', #1676, .T. ) ;
#1072 = AXIS2_PLACEMENT_3D ( 'NONE', #1579, #306, #2382 ) ;
#1073 = CARTESIAN_POINT ( 'NONE',  ( -4.499999999999994671, 3.968626966596872307, -28.39476002721890069 ) ) ;
#1074 = CARTESIAN_POINT ( 'NONE',  ( -0.6028856829700278697, 2.249999999999999112, -8.333333333333349913 ) ) ;
#1075 = ORIENTED_EDGE ( 'NONE', *, *, #952, .T. ) ;
#1076 = LINE ( 'NONE', #1916, #287 ) ;
#1077 = CARTESIAN_POINT ( 'NONE',  ( 2.249999999999999556, 0.6028856829700278697, -9.833333333333316162 ) ) ;
#1078 = CARTESIAN_POINT ( 'NONE',  ( 3.909313903936522117, -5.728869695646501725, -21.43639857459315579 ) ) ;
#1079 = CARTESIAN_POINT ( 'NONE',  ( 1.647114317029973352, 1.647114317029973796, -13.49999999999998401 ) ) ;
#1080 = ORIENTED_EDGE ( 'NONE', *, *, #1682, .F. ) ;
#1081 = VERTEX_POINT ( 'NONE', #2582 ) ;
#1082 = CARTESIAN_POINT ( 'NONE',  ( -2.702040045634453769, 5.357142857138279091, -22.96621900223948032 ) ) ;
#1083 = CARTESIAN_POINT ( 'NONE',  ( 0.000000000000000000, 0.000000000000000000, -16.49999999999997868 ) ) ;
#1084 = CARTESIAN_POINT ( 'NONE',  ( -2.583005244258376187, -8.166010488516715071, -32.36375899442396786 ) ) ;
#1085 = VERTEX_POINT ( 'NONE', #2355 ) ;
#1086 = DIRECTION ( 'NONE',  ( 0.000000000000000000, -1.173683280263403983E-16, 1.000000000000000000 ) ) ;
#1087 = DIRECTION ( 'NONE',  ( 0.000000000000000000, 0.000000000000000000, 1.000000000000000000 ) ) ;
#1088 = CARTESIAN_POINT ( 'NONE',  ( -5.832190438114760234, 1.455676186437140363, -27.67073455198419651 ) ) ;
#1089 = EDGE_CURVE ( 'NONE', #833, #2735, #3122, .T. ) ;
#1090 = PLANE ( 'NONE',  #1558 ) ;
#1091 = ORIENTED_EDGE ( 'NONE', *, *, #597, .T. ) ;
#1092 = FACE_OUTER_BOUND ( 'NONE', #506, .T. ) ;
#1093 = CARTESIAN_POINT ( 'NONE',  ( -5.459236830150813624, -2.516629231670438394, -27.78563328702743007 ) ) ;
#1094 = CARTESIAN_POINT ( 'NONE',  ( 1.948557158514987009, -1.124999999999999778, -6.333333333333317938 ) ) ;
#1095 = FACE_OUTER_BOUND ( 'NONE', #955, .T. ) ;
#1096 = EDGE_CURVE ( 'NONE', #884, #2202, #2068, .T. ) ;
#1097 = DIRECTION ( 'NONE',  ( 0.000000000000000000, 0.000000000000000000, -1.000000000000000000 ) ) ;
#1098 = VECTOR ( 'NONE', #1609, 1000.000000000000000 ) ;
#1099 = EDGE_CURVE ( 'NONE', #1519, #770, #3453, .T. ) ;
#1100 = ORIENTED_EDGE ( 'NONE', *, *, #1219, .F. ) ;
#1101 = CARTESIAN_POINT ( 'NONE',  ( 34.71747435505660206, 0.000000000000000000, -38.50329570143848912 ) ) ;
#1102 = CARTESIAN_POINT ( 'NONE',  ( -3.843660428984881250, -4.615256477523022483, -23.42076632630521971 ) ) ;
#1103 = VERTEX_POINT ( 'NONE', #209 ) ;
#1104 = LINE ( 'NONE', #1403, #3446 ) ;
#1105 = ORIENTED_EDGE ( 'NONE', *, *, #2491, .F. ) ;
#1106 = AXIS2_PLACEMENT_3D ( 'NONE', #1252, #1483, #1235 ) ;
#1107 = CARTESIAN_POINT ( 'NONE',  ( 2.000000000000000000, 6.399999999999995026, -34.80825397862487591 ) ) ;
#1108 = CARTESIAN_POINT ( 'NONE',  ( -7.216878364870320972, 1.057472961667715618E-17, -22.80880618091914513 ) ) ;
#1109 = ADVANCED_FACE ( 'NONE', ( #1269 ), #1521, .F. ) ;
#1110 = CARTESIAN_POINT ( 'NONE',  ( -5.460921462629286793, 3.041406570582726232, -23.18440844960512948 ) ) ;
#1111 = ORIENTED_EDGE ( 'NONE', *, *, #891, .T. ) ;
#1112 = EDGE_CURVE ( 'NONE', #539, #3325, #2822, .T. ) ;
#1113 =( NAMED_UNIT ( * ) PLANE_ANGLE_UNIT ( ) SI_UNIT ( $, .RADIAN. ) );
#1114 = CARTESIAN_POINT ( 'NONE',  ( -4.933232429977075562, 3.425907801967410293, -23.98649649130315353 ) ) ;
#1115 = CARTESIAN_POINT ( 'NONE',  ( -1.948557158514987231, 1.124999999999999334, -12.33333333333331794 ) ) ;
#1116 = AXIS2_PLACEMENT_3D ( 'NONE', #1643, #860, #1159 ) ;
#1117 = VECTOR ( 'NONE', #1642, 1000.000000000000114 ) ;
#1118 = CARTESIAN_POINT ( 'NONE',  ( -1.647114317029974240, 1.647114317029972907, -4.499999999999984901 ) ) ;
#1119 = DIRECTION ( 'NONE',  ( 0.000000000000000000, 0.000000000000000000, 1.000000000000000000 ) ) ;
#1120 = ORIENTED_EDGE ( 'NONE', *, *, #1852, .T. ) ;
#1121 = CARTESIAN_POINT ( 'NONE',  ( 7.216878364870321860, 1.739295423971095542E-15, -0.5000000000000004441 ) ) ;
#1122 = CARTESIAN_POINT ( 'NONE',  ( 3.750000000000000000, 0.000000000000000000, -1.750000000000000000 ) ) ;
#1123 = CARTESIAN_POINT ( 'NONE',  ( 1.892236952661399130, -5.772215820011837195, -30.98170099817553691 ) ) ;
#1124 = CARTESIAN_POINT ( 'NONE',  ( 6.982735273584586899, -3.430881074077600346, -22.22511357112525943 ) ) ;
#1125 = CARTESIAN_POINT ( 'NONE',  ( 6.000000000000000000, 13.22241610343498053, -22.90189648996618388 ) ) ;
#1126 = CARTESIAN_POINT ( 'NONE',  ( -6.583230209509415509, -1.097510799207387366, -23.09294274467590569 ) ) ;
#1127 = EDGE_CURVE ( 'NONE', #1944, #1300, #1537, .T. ) ;
#1128 = CARTESIAN_POINT ( 'NONE',  ( -4.596256879942708373, 4.539049559301220782, -22.29757935255895873 ) ) ;
#1129 = EDGE_LOOP ( 'NONE', ( #2016, #305, #602, #3238 ) ) ;
#1130 = VECTOR ( 'NONE', #917, 1000.000000000000000 ) ;
#1131 = CARTESIAN_POINT ( 'NONE',  ( -1.874999999999999334, -3.247595264191645459, -9.333333333333332149 ) ) ;
#1132 = CARTESIAN_POINT ( 'NONE',  ( -2.945433228524686253, -5.234380006764646431, -23.04788144230993652 ) ) ;
#1133 = CARTESIAN_POINT ( 'NONE',  ( 2.250000000000000000, 0.000000000000000000, -13.99999999999998401 ) ) ;
#1134 = CARTESIAN_POINT ( 'NONE',  ( 4.732308289656481648, -4.303401605235596783, -22.47463159571285729 ) ) ;
#1135 = CARTESIAN_POINT ( 'NONE',  ( 1.948557158514987009, -1.124999999999999778, -10.33333333333331794 ) ) ;
#1136 = EDGE_LOOP ( 'NONE', ( #541, #664, #2895, #3121, #3378, #1776 ) ) ;
#1137 = PLANE ( 'NONE',  #615 ) ;
#1138 = CARTESIAN_POINT ( 'NONE',  ( 3.635557639956072951, -4.781034014031334323, -23.32614238821865627 ) ) ;
#1139 = CARTESIAN_POINT ( 'NONE',  ( -2.250000000000000000, 0.6028856829700249831, -11.66666666666668206 ) ) ;
#1140 = CARTESIAN_POINT ( 'NONE',  ( 6.000000000000000000, -3.956739116027985670, -29.93353503442540742 ) ) ;
#1141 = CARTESIAN_POINT ( 'NONE',  ( -6.000000000000158096, 1.465039614721452166, -28.49495165660688656 ) ) ;
#1142 = VERTEX_POINT ( 'NONE', #2659 ) ;
#1143 = DIRECTION ( 'NONE',  ( -0.5000000000000003331, 0.8660254037844384856, 0.000000000000000000 ) ) ;
#1144 = EDGE_CURVE ( 'NONE', #3410, #918, #3192, .T. ) ;
#1145 = CARTESIAN_POINT ( 'NONE',  ( -1.948557158514986343, -1.125000000000000666, -11.16666666666668206 ) ) ;
#1146 = CARTESIAN_POINT ( 'NONE',  ( -3.749999999999999556, -4.592425496802573972E-16, -5.500000000000000000 ) ) ;
#1147 = PLANE ( 'NONE',  #765 ) ;
#1148 = CARTESIAN_POINT ( 'NONE',  ( 2.249999999999999556, -0.6028856829700258713, -6.166666666666650976 ) ) ;
#1149 = DIRECTION ( 'NONE',  ( -0.6546536707079759765, -0.6546536707079757544, -0.3779644730092315830 ) ) ;
#1150 = ORIENTED_EDGE ( 'NONE', *, *, #1622, .F. ) ;
#1151 = ADVANCED_FACE ( 'NONE', ( #1285 ), #2374, .F. ) ;
#1152 = CARTESIAN_POINT ( 'NONE',  ( -4.734875714495581533, -3.752758085117609443, -22.18376715186373005 ) ) ;
#1153 = EDGE_LOOP ( 'NONE', ( #1857, #3341, #1022, #10 ) ) ;
#1154 = CARTESIAN_POINT ( 'NONE',  ( 1.124999999999998446, 1.948557158514987675, -12.83333333333334814 ) ) ;
#1155 = CARTESIAN_POINT ( 'NONE',  ( 3.602720060859645024, -7.142857142844144747, -22.96621900224291579 ) ) ;
#1156 = DIRECTION ( 'NONE',  ( -0.000000000000000000, 0.5000000000000001110, 0.8660254037844385966 ) ) ;
#1157 = AXIS2_PLACEMENT_3D ( 'NONE', #2156, #1641, #842 ) ;
#1158 = VERTEX_POINT ( 'NONE', #1772 ) ;
#1159 = DIRECTION ( 'NONE',  ( 0.5000000000000001110, 0.8660254037844384856, 0.000000000000000000 ) ) ;
#1160 = ADVANCED_FACE ( 'NONE', ( #984 ), #2852, .F. ) ;
#1161 = CARTESIAN_POINT ( 'NONE',  ( -2.250000000000000000, -2.755455298081544285E-16, -7.500000000000015099 ) ) ;
#1162 = CARTESIAN_POINT ( 'NONE',  ( -4.607176742821136983, -3.847099963239157816, -28.30120849641572889 ) ) ;
#1163 = DIRECTION ( 'NONE',  ( 0.000000000000000000, 0.000000000000000000, 1.000000000000000000 ) ) ;
#1164 = CARTESIAN_POINT ( 'NONE',  ( -2.250000000000000000, -2.755455298081544285E-16, -11.99999999999998401 ) ) ;
#1165 = CARTESIAN_POINT ( 'NONE',  ( -1.874999999999998890, -3.247595264191644571, -8.833333333333333925 ) ) ;
#1166 = EDGE_LOOP ( 'NONE', ( #374, #966, #886, #2788 ) ) ;
#1167 = VECTOR ( 'NONE', #3330, 1000.000000000000114 ) ;
#1168 = VECTOR ( 'NONE', #945, 1000.000000000000114 ) ;
#1169 = VERTEX_POINT ( 'NONE', #762 ) ;
#1170 = CARTESIAN_POINT ( 'NONE',  ( -6.888638245203858986E-16, 3.749999999999999112, -6.500000000000000000 ) ) ;
#1171 = CARTESIAN_POINT ( 'NONE',  ( 3.602720060854045947, -6.249999999991096011, -21.17658045704551029 ) ) ;
#1172 = CARTESIAN_POINT ( 'NONE',  ( -1.874999999999999334, -3.247595264191645459, -9.333333333333332149 ) ) ;
#1173 = DIRECTION ( 'NONE',  ( 0.000000000000000000, 0.000000000000000000, 1.000000000000000000 ) ) ;
#1174 = VECTOR ( 'NONE', #1163, 1000.000000000000000 ) ;
#1175 = CARTESIAN_POINT ( 'NONE',  ( 6.000000000000008882, -0.3691720078865366461, -27.64911131217556317 ) ) ;
#1176 = CARTESIAN_POINT ( 'NONE',  ( 1.874999999999997558, 3.247595264191646791, -11.33333333333333215 ) ) ;
#1177 = VERTEX_POINT ( 'NONE', #1843 ) ;
#1178 = FACE_OUTER_BOUND ( 'NONE', #549, .T. ) ;
#1179 = CARTESIAN_POINT ( 'NONE',  ( -1.125000000000000888, 1.948557158514986343, -12.16666666666668206 ) ) ;
#1180 = CARTESIAN_POINT ( 'NONE',  ( -4.133182947122316674E-16, 2.250000000000000000, -4.500000000000015099 ) ) ;
#1181 = CARTESIAN_POINT ( 'NONE',  ( -7.216878364870320972, 0.000000000000000000, -8.649110640673519868 ) ) ;
#1182 = VECTOR ( 'NONE', #1263, 1000.000000000000000 ) ;
#1183 = CARTESIAN_POINT ( 'NONE',  ( -4.133182947122316674E-16, 2.250000000000000000, -8.999999999999984013 ) ) ;
#1184 = CARTESIAN_POINT ( 'NONE',  ( 1.004809471616710637, -3.749999999999999112, -8.333333333333333925 ) ) ;
#1185 = ORIENTED_EDGE ( 'NONE', *, *, #1886, .T. ) ;
#1186 = CARTESIAN_POINT ( 'NONE',  ( 1.647114317029973796, -1.647114317029973796, -10.00000000000001421 ) ) ;
#1187 = EDGE_LOOP ( 'NONE', ( #1279, #2913, #111, #2210, #2965, #1668, #237, #1988, #140 ) ) ;
#1188 = LINE ( 'NONE', #1431, #2424 ) ;
#1189 = CARTESIAN_POINT ( 'NONE',  ( 6.980042428652312836, 3.435162344872158879, -22.22404580972265009 ) ) ;
#1190 = CARTESIAN_POINT ( 'NONE',  ( 1.004809471616710859, -3.750000000000000000, -4.833333333333332149 ) ) ;
#1191 = CARTESIAN_POINT ( 'NONE',  ( 1.004809471616710637, -3.749999999999999112, -4.333333333333333037 ) ) ;
#1192 = LINE ( 'NONE', #2014, #2087 ) ;
#1193 = ORIENTED_EDGE ( 'NONE', *, *, #1112, .F. ) ;
#1194 = DIRECTION ( 'NONE',  ( 0.000000000000000000, 0.000000000000000000, 1.000000000000000000 ) ) ;
#1195 = CARTESIAN_POINT ( 'NONE',  ( 2.250000000000000000, -0.6028856829700259823, -5.666666666666682062 ) ) ;
#1196 = CARTESIAN_POINT ( 'NONE',  ( -6.000000000000000000, -9.399999999999996803, -33.07620317105600805 ) ) ;
#1197 = DIRECTION ( 'NONE',  ( -1.000000000000000000, 1.201851678989727324E-16, 0.000000000000000000 ) ) ;
#1198 = CARTESIAN_POINT ( 'NONE',  ( -0.6028856829700255382, -2.249999999999999556, -11.16666666666665186 ) ) ;
#1199 = CARTESIAN_POINT ( 'NONE',  ( 3.635068368387398330, 4.803940044506170182, -23.32031742730680435 ) ) ;
#1200 = ORIENTED_EDGE ( 'NONE', *, *, #991, .F. ) ;
#1201 = CARTESIAN_POINT ( 'NONE',  ( -1.125000000000000888, 1.948557158514986343, -4.166666666666681174 ) ) ;
#1202 = ORIENTED_EDGE ( 'NONE', *, *, #1493, .F. ) ;
#1203 = CARTESIAN_POINT ( 'NONE',  ( -3.750000000000000444, -4.592425496802574958E-16, -6.000000000000000000 ) ) ;
#1204 = CARTESIAN_POINT ( 'NONE',  ( 7.973929635303526275, 0.6546054841698052407, -22.63766060433986382 ) ) ;
#1205 = CARTESIAN_POINT ( 'NONE',  ( 2.296212748401287479E-16, -3.750000000000000444, -1.000000000000000000 ) ) ;
#1206 = CARTESIAN_POINT ( 'NONE',  ( -3.749999999999998668, -1.004809471616711747, -5.333333333333333037 ) ) ;
#1207 = CARTESIAN_POINT ( 'NONE',  ( -1.875000000000001554, 3.247595264191643682, -14.16666666666666607 ) ) ;
#1208 = CARTESIAN_POINT ( 'NONE',  ( -1.874999999999999334, -3.247595264191645459, -5.333333333333333037 ) ) ;
#1209 = VECTOR ( 'NONE', #3501, 1000.000000000000000 ) ;
#1210 = ORIENTED_EDGE ( 'NONE', *, *, #3, .F. ) ;
#1211 = CARTESIAN_POINT ( 'NONE',  ( 3.750000000000000444, 0.000000000000000000, -4.000000000000000000 ) ) ;
#1212 = CARTESIAN_POINT ( 'NONE',  ( 1.647114317029974018, -1.647114317029974018, -10.00000000000001421 ) ) ;
#1213 = VERTEX_POINT ( 'NONE', #726 ) ;
#1214 = ADVANCED_FACE ( 'NONE', ( #424 ), #545, .F. ) ;
#1215 =( NAMED_UNIT ( * ) PLANE_ANGLE_UNIT ( ) SI_UNIT ( $, .RADIAN. ) );
#1216 = DIRECTION ( 'NONE',  ( -1.000000000000000000, 0.000000000000000000, 0.000000000000000000 ) ) ;
#1217 = AXIS2_PLACEMENT_3D ( 'NONE', #1941, #2520, #2013 ) ;
#1218 = EDGE_CURVE ( 'NONE', #3325, #557, #2240, .T. ) ;
#1219 = EDGE_CURVE ( 'NONE', #3417, #1081, #751, .T. ) ;
#1220 = ORIENTED_EDGE ( 'NONE', *, *, #475, .T. ) ;
#1221 = EDGE_CURVE ( 'NONE', #2117, #1644, #2709, .T. ) ;
#1222 =( BOUNDED_CURVE ( )  B_SPLINE_CURVE ( 2, ( #687, #152, #97, #3405, #1786, #1767, #1496, #703, #1208, #118, #3063, #2847, #635 ),
 .UNSPECIFIED., .F., .F. ) 
 B_SPLINE_CURVE_WITH_KNOTS ( ( 3, 2, 2, 2, 2, 2, 3 ),
 ( 0.3333333333333333148, 0.3611111111111111049, 0.3888888888888888951, 0.4166666666666666852, 0.4444444444444444198, 0.4722222222222222099, 0.5000000000000000000 ),
 .UNSPECIFIED. ) 
 CURVE ( )  GEOMETRIC_REPRESENTATION_ITEM ( )  RATIONAL_B_SPLINE_CURVE ( ( 1.000000000000000000, 0.9659258262890683122, 1.000000000000000000, 0.9659258262890683122, 1.000000000000000000, 0.9659258262890683122, 1.000000000000000000, 0.9659258262890683122, 1.000000000000000000, 0.9659258262890683122, 1.000000000000000000, 0.9659258262890683122, 1.000000000000000000 ) ) 
 REPRESENTATION_ITEM ( '' )  );
#1223 = CARTESIAN_POINT ( 'NONE',  ( -1.647114317029973574, -1.647114317029973796, -7.000000000000013323 ) ) ;
#1224 = ORIENTED_EDGE ( 'NONE', *, *, #849, .T. ) ;
#1225 = CARTESIAN_POINT ( 'NONE',  ( 2.296212748401286493E-16, -3.749999999999999112, -4.500000000000000000 ) ) ;
#1226 = CARTESIAN_POINT ( 'NONE',  ( 6.592839807047151446, 3.977945264052622054, -22.07502426529199013 ) ) ;
#1227 = CARTESIAN_POINT ( 'NONE',  ( 3.750000000000000444, 0.000000000000000000, -8.000000000000000000 ) ) ;
#1228 = VECTOR ( 'NONE', #778, 1000.000000000000227 ) ;
#1229 = CARTESIAN_POINT ( 'NONE',  ( -2.581688209091472341, 5.441968350027036827, -21.77226583697279594 ) ) ;
#1230 = CARTESIAN_POINT ( 'NONE',  ( 3.749999999999999556, 0.000000000000000000, -15.50000000000000000 ) ) ;
#1231 = LINE ( 'NONE', #2577, #1624 ) ;
#1232 = DIRECTION ( 'NONE',  ( 0.000000000000000000, 0.000000000000000000, -1.000000000000000000 ) ) ;
#1233 = CARTESIAN_POINT ( 'NONE',  ( 6.000000000000000000, -6.399999999999998579, -34.80825397862489012 ) ) ;
#1234 = ORIENTED_EDGE ( 'NONE', *, *, #1244, .F. ) ;
#1235 = DIRECTION ( 'NONE',  ( 0.000000000000000000, 0.8660254037844377084, 0.5000000000000015543 ) ) ;
#1236 = CARTESIAN_POINT ( 'NONE',  ( 1.125000000000000222, -1.948557158514986787, -2.166666666666681618 ) ) ;
#1237 = EDGE_CURVE ( 'NONE', #3343, #3368, #183, .T. ) ;
#1238 = DIRECTION ( 'NONE',  ( -1.000000000000000000, -0.000000000000000000, -0.000000000000000000 ) ) ;
#1239 = CARTESIAN_POINT ( 'NONE',  ( 1.499999999999996225, 3.000000000000000000, -41.37078589322641875 ) ) ;
#1240 = CARTESIAN_POINT ( 'NONE',  ( 1.948557158514986121, 1.125000000000000888, -13.66666666666665009 ) ) ;
#1241 = ORIENTED_EDGE ( 'NONE', *, *, #1477, .T. ) ;
#1242 = DIRECTION ( 'NONE',  ( 0.000000000000000000, 0.8660254037844382635, -0.5000000000000006661 ) ) ;
#1243 = CARTESIAN_POINT ( 'NONE',  ( 3.641204060571325396, 4.799972313599846885, -23.32287341409552539 ) ) ;
#1244 = EDGE_CURVE ( 'NONE', #157, #1519, #2401, .T. ) ;
#1245 = CARTESIAN_POINT ( 'NONE',  ( 3.750000000000000444, 0.000000000000000000, 0.000000000000000000 ) ) ;
#1246 = CARTESIAN_POINT ( 'NONE',  ( 0.9485674600520921373, 5.929224529545159328, -22.30077735003277439 ) ) ;
#1247 = CYLINDRICAL_SURFACE ( 'NONE', #1463, 3.750000000000000000 ) ;
#1248 = DIRECTION ( 'NONE',  ( 0.000000000000000000, 0.8660254037844383745, 0.5000000000000004441 ) ) ;
#1249 = CARTESIAN_POINT ( 'NONE',  ( 3.749999999999999556, 1.004809471616713301, -3.833333333333332593 ) ) ;
#1250 = CARTESIAN_POINT ( 'NONE',  ( 0.000000000000000000, 0.000000000000000000, -16.49999999999997868 ) ) ;
#1251 = ORIENTED_EDGE ( 'NONE', *, *, #3004, .F. ) ;
#1252 = CARTESIAN_POINT ( 'NONE',  ( 6.000000000000000000, 4.707309741090647151E-16, -31.11321225581126626 ) ) ;
#1253 = CARTESIAN_POINT ( 'NONE',  ( 6.000000000000000000, 20.12241610343494003, -34.85304706219150006 ) ) ;
#1254 = EDGE_CURVE ( 'NONE', #918, #695, #1291, .T. ) ;
#1255 = CARTESIAN_POINT ( 'NONE',  ( -1.948557158514986343, -1.125000000000000666, -11.16666666666668206 ) ) ;
#1256 = CARTESIAN_POINT ( 'NONE',  ( 1.647114317029973796, -1.647114317029973796, -2.000000000000015099 ) ) ;
#1257 = VERTEX_POINT ( 'NONE', #2345 ) ;
#1258 = CARTESIAN_POINT ( 'NONE',  ( 3.749999999999998224, 1.004809471616712857, -15.33333333333333037 ) ) ;
#1259 = CARTESIAN_POINT ( 'NONE',  ( -1.130749435697319782, 6.999999999999999112, -31.69056252500090309 ) ) ;
#1260 = DIRECTION ( 'NONE',  ( 0.000000000000000000, 0.8660254037844384856, 0.5000000000000003331 ) ) ;
#1261 = EDGE_CURVE ( 'NONE', #697, #3172, #247, .T. ) ;
#1262 = FACE_OUTER_BOUND ( 'NONE', #3142, .T. ) ;
#1263 = DIRECTION ( 'NONE',  ( 0.000000000000000000, 0.000000000000000000, -1.000000000000000000 ) ) ;
#1264 = FACE_OUTER_BOUND ( 'NONE', #267, .T. ) ;
#1265 = CARTESIAN_POINT ( 'NONE',  ( -0.9485674600488410713, -5.929224529545717992, -22.30077735003179029 ) ) ;
#1266 = DIRECTION ( 'NONE',  ( 0.000000000000000000, 1.173683280263403983E-16, -1.000000000000000000 ) ) ;
#1267 = ORIENTED_EDGE ( 'NONE', *, *, #1371, .T. ) ;
#1268 = CARTESIAN_POINT ( 'NONE',  ( 4.721612323990912685, 3.717342210848181505, -28.20132094087302121 ) ) ;
#1269 = FACE_OUTER_BOUND ( 'NONE', #1761, .T. ) ;
#1270 = DIRECTION ( 'NONE',  ( 0.000000000000000000, 0.000000000000000000, -1.000000000000000000 ) ) ;
#1271 = VECTOR ( 'NONE', #581, 1000.000000000000000 ) ;
#1272 = CARTESIAN_POINT ( 'NONE',  ( -1.875000000000001554, 3.247595264191643682, -6.166666666666666963 ) ) ;
#1273 = VERTEX_POINT ( 'NONE', #1029 ) ;
#1274 = CARTESIAN_POINT ( 'NONE',  ( 3.749999999999999112, 0.000000000000000000, -15.50000000000000000 ) ) ;
#1275 = CARTESIAN_POINT ( 'NONE',  ( -1.004809471616713079, 3.749999999999999556, -10.83333333333333393 ) ) ;
#1276 = DIRECTION ( 'NONE',  ( 0.000000000000000000, -0.8660254037844384856, 0.5000000000000001110 ) ) ;
#1277 = CARTESIAN_POINT ( 'NONE',  ( -6.983986070954146363, 3.428887324315009977, -22.22560980713122802 ) ) ;
#1278 = CARTESIAN_POINT ( 'NONE',  ( -3.609092152412057164, 6.248869022824196762, -21.17714470564452256 ) ) ;
#1279 = ORIENTED_EDGE ( 'NONE', *, *, #2412, .T. ) ;
#1280 = CARTESIAN_POINT ( 'NONE',  ( 2.581688209102011466, -5.441968350021552325, -21.77226583697432361 ) ) ;
#1281 = VECTOR ( 'NONE', #1856, 999.9999999999998863 ) ;
#1282 = CARTESIAN_POINT ( 'NONE',  ( 6.000000000000000000, 6.399999999999995914, -42.19833742425209522 ) ) ;
#1283 = ORIENTED_EDGE ( 'NONE', *, *, #633, .F. ) ;
#1284 = DIRECTION ( 'NONE',  ( -1.000000000000000000, -0.000000000000000000, -0.000000000000000000 ) ) ;
#1285 = FACE_OUTER_BOUND ( 'NONE', #327, .T. ) ;
#1286 = VECTOR ( 'NONE', #352, 1000.000000000000114 ) ;
#1287 = LINE ( 'NONE', #2375, #2460 ) ;
#1288 = CARTESIAN_POINT ( 'NONE',  ( -3.749999999999999556, -4.592425496802573972E-16, -5.500000000000000000 ) ) ;
#1289 = CARTESIAN_POINT ( 'NONE',  ( -1.125000000000000888, 1.948557158514986343, -4.666666666666650976 ) ) ;
#1290 = CARTESIAN_POINT ( 'NONE',  ( 0.8480620767729867282, 6.000000000000002665, -29.95851171743202457 ) ) ;
#1291 = LINE ( 'NONE', #2380, #1783 ) ;
#1292 = VECTOR ( 'NONE', #1773, 1000.000000000000114 ) ;
#1293 = ORIENTED_EDGE ( 'NONE', *, *, #241, .F. ) ;
#1294 = CARTESIAN_POINT ( 'NONE',  ( -2.471124264157239292, 6.249999999999883649, -21.17658045704120795 ) ) ;
#1295 = CARTESIAN_POINT ( 'NONE',  ( -7.791402580783157283, 1.620863789732811755, -22.55852707691017756 ) ) ;
#1296 = CARTESIAN_POINT ( 'NONE',  ( 6.910647154190925825E-16, 5.749999999999994671, 0.000000000000000000 ) ) ;
#1297 = ORIENTED_EDGE ( 'NONE', *, *, #1972, .F. ) ;
#1298 = LINE ( 'NONE', #2386, #607 ) ;
#1299 = CARTESIAN_POINT ( 'NONE',  ( -6.000000000000000000, 0.000000000000000000, -38.50329570143848912 ) ) ;
#1300 = VERTEX_POINT ( 'NONE', #993 ) ;
#1301 = CARTESIAN_POINT ( 'NONE',  ( 4.934984432031785495, 3.431434140564970647, -28.05795083157401848 ) ) ;
#1302 = CARTESIAN_POINT ( 'NONE',  ( 2.250000000000000000, 0.000000000000000000, -5.500000000000015099 ) ) ;
#1303 = CARTESIAN_POINT ( 'NONE',  ( -1.124999999999999556, -1.948557158514987009, -10.83333333333334814 ) ) ;
#1304 = CARTESIAN_POINT ( 'NONE',  ( -2.745190528383290474, 2.745190528383287365, -5.999999999999999112 ) ) ;
#1305 = CARTESIAN_POINT ( 'NONE',  ( 1.125000000000000222, -1.948557158514986787, -6.666666666666650976 ) ) ;
#1306 = CARTESIAN_POINT ( 'NONE',  ( -6.000000000000000000, -5.291502622129162781, -28.39476002721890424 ) ) ;
#1307 = ORIENTED_EDGE ( 'NONE', *, *, #2994, .T. ) ;
#1308 = LINE ( 'NONE', #2718, #2834 ) ;
#1309 = CARTESIAN_POINT ( 'NONE',  ( -6.386803566965767232, 4.227404805530024845, -21.99812207280937315 ) ) ;
#1310 = ORIENTED_EDGE ( 'NONE', *, *, #2349, .F. ) ;
#1311 = CARTESIAN_POINT ( 'NONE',  ( 3.750000000000000444, 0.000000000000000000, -8.000000000000000000 ) ) ;
#1312 = VERTEX_POINT ( 'NONE', #3486 ) ;
#1313 = CARTESIAN_POINT ( 'NONE',  ( 0.2810803249434939977, -5.999893336565435220, -21.62850179936964778 ) ) ;
#1314 = LINE ( 'NONE', #296, #1672 ) ;
#1315 = CARTESIAN_POINT ( 'NONE',  ( 5.308848692624133392, 2.818676491592105648, -27.84850377498397833 ) ) ;
#1316 = CARTESIAN_POINT ( 'NONE',  ( -2.249999999999999112, -0.6028856829700266484, -11.33333333333334814 ) ) ;
#1317 = AXIS2_PLACEMENT_3D ( 'NONE', #1083, #1924, #3023 ) ;
#1318 = DIRECTION ( 'NONE',  ( 0.000000000000000000, -0.8660254037844377084, -0.5000000000000015543 ) ) ;
#1319 = CARTESIAN_POINT ( 'NONE',  ( -4.133182947122316674E-16, 2.250000000000000000, -4.999999999999984013 ) ) ;
#1320 = EDGE_CURVE ( 'NONE', #2202, #2552, #3165, .T. ) ;
#1321 = CARTESIAN_POINT ( 'NONE',  ( 1.857151872328899778, 5.723843750522443763, -22.63956763134599370 ) ) ;
#1322 = CARTESIAN_POINT ( 'NONE',  ( -1.124999999999999556, -1.948557158514987009, -3.333333333333317494 ) ) ;
#1323 = VECTOR ( 'NONE', #3354, 1000.000000000000000 ) ;
#1324 = CARTESIAN_POINT ( 'NONE',  ( 3.247595264191644127, 1.875000000000001776, -11.66666666666666607 ) ) ;
#1325 = EDGE_CURVE ( 'NONE', #1049, #430, #1992, .T. ) ;
#1326 = VERTEX_POINT ( 'NONE', #2147 ) ;
#1327 = DIRECTION ( 'NONE',  ( -1.000000000000000000, 1.201851678989727324E-16, 0.000000000000000000 ) ) ;
#1328 = CARTESIAN_POINT ( 'NONE',  ( -5.932932412312306170, -0.9416848580321710571, -22.62389633520396970 ) ) ;
#1329 = ORIENTED_EDGE ( 'NONE', *, *, #1218, .T. ) ;
#1330 = DIRECTION ( 'NONE',  ( 0.000000000000000000, -0.000000000000000000, -1.000000000000000000 ) ) ;
#1331 = ORIENTED_EDGE ( 'NONE', *, *, #641, .F. ) ;
#1332 = CARTESIAN_POINT ( 'NONE',  ( -0.1581287451713490610, -6.249999999999998224, -21.17658045704106584 ) ) ;
#1333 =( BOUNDED_CURVE ( )  B_SPLINE_CURVE ( 2, ( #1435, #2277, #2503, #926, #2316, #1708, #363, #2812, #1176, #2795, #2259, #963, #3387 ),
 .UNSPECIFIED., .F., .F. ) 
 B_SPLINE_CURVE_WITH_KNOTS ( ( 3, 2, 2, 2, 2, 2, 3 ),
 ( 0.8333333333333332593, 0.8611111111111110494, 0.8888888888888887285, 0.9166666666666665186, 0.9444444444444444198, 0.9722222222222222099, 1.000000000000000000 ),
 .UNSPECIFIED. ) 
 CURVE ( )  GEOMETRIC_REPRESENTATION_ITEM ( )  RATIONAL_B_SPLINE_CURVE ( ( 1.000000000000000222, 0.9659258262890682012, 1.000000000000000000, 0.9659258262890683122, 1.000000000000000000, 0.9659258262890683122, 1.000000000000000000, 0.9659258262890683122, 1.000000000000000000, 0.9659258262890683122, 1.000000000000000000, 0.9659258262890683122, 1.000000000000000000 ) ) 
 REPRESENTATION_ITEM ( '' )  );
#1334 = DIRECTION ( 'NONE',  ( -0.7559289460184553944, -9.231746929353475968E-16, -0.6546536707079760875 ) ) ;
#1335 = CARTESIAN_POINT ( 'NONE',  ( 5.999999999999968026, 2.905016251322684262, -29.32632255537489385 ) ) ;
#1336 = CARTESIAN_POINT ( 'NONE',  ( 1.377727649040772142E-16, -2.250000000000000000, -6.500000000000015099 ) ) ;
#1337 = VECTOR ( 'NONE', #688, 1000.000000000000000 ) ;
#1338 = ORIENTED_EDGE ( 'NONE', *, *, #21, .T. ) ;
#1339 = PLANE ( 'NONE',  #3061 ) ;
#1340 = ADVANCED_FACE ( 'NONE', ( #3232 ), #2964, .F. ) ;
#1341 = CARTESIAN_POINT ( 'NONE',  ( -2.250000000000000000, -2.755455298081544285E-16, -7.999999999999984901 ) ) ;
#1342 = CARTESIAN_POINT ( 'NONE',  ( -2.250000000000000000, -2.755455298081544285E-16, -3.999999999999984457 ) ) ;
#1343 = VECTOR ( 'NONE', #3394, 1000.000000000000000 ) ;
#1344 = CARTESIAN_POINT ( 'NONE',  ( -1.125000000000000888, 1.948557158514986343, -12.66666666666665009 ) ) ;
#1345 = ORIENTED_EDGE ( 'NONE', *, *, #2777, .T. ) ;
#1346 = CARTESIAN_POINT ( 'NONE',  ( 6.000000000000004441, 3.759223544446045235E-16, -27.64911064067352342 ) ) ;
#1347 = CARTESIAN_POINT ( 'NONE',  ( -4.536276071980329228, 3.957891098845042421, -22.12142734359441576 ) ) ;
#1348 = ADVANCED_FACE ( 'NONE', ( #799 ), #2928, .F. ) ;
#1349 = ORIENTED_EDGE ( 'NONE', *, *, #3406, .F. ) ;
#1350 = CYLINDRICAL_SURFACE ( 'NONE', #325, 3.750000000000000000 ) ;
#1351 = ORIENTED_EDGE ( 'NONE', *, *, #3395, .F. ) ;
#1352 = CARTESIAN_POINT ( 'NONE',  ( -7.216878364870320972, 1.057472961667715618E-17, -0.5000000000000004441 ) ) ;
#1353 = CARTESIAN_POINT ( 'NONE',  ( 6.000000000000000000, -6.899999999999997691, -42.48701255884691363 ) ) ;
#1354 = DIRECTION ( 'NONE',  ( -0.6546536707079787520, 0.6546536707079787520, 0.3779644730092217020 ) ) ;
#1355 = CARTESIAN_POINT ( 'NONE',  ( -0.6028856829700278697, 2.249999999999999112, -4.333333333333349024 ) ) ;
#1356 = LINE ( 'NONE', #2441, #1733 ) ;
#1357 = EDGE_CURVE ( 'NONE', #357, #1836, #1492, .T. ) ;
#1358 = ORIENTED_EDGE ( 'NONE', *, *, #1633, .F. ) ;
#1359 = CARTESIAN_POINT ( 'NONE',  ( 3.247595264191645459, -1.875000000000000000, -8.333333333333333925 ) ) ;
#1360 = CARTESIAN_POINT ( 'NONE',  ( -5.828595318910413603, -1.470947390277848710, -27.67144126207199761 ) ) ;
#1361 = CARTESIAN_POINT ( 'NONE',  ( -1.948557158514987231, 1.124999999999999334, -4.333333333333317938 ) ) ;
#1362 = EDGE_CURVE ( 'NONE', #3397, #1616, #3347, .T. ) ;
#1363 = CARTESIAN_POINT ( 'NONE',  ( 0.6028856829700248721, 2.250000000000000000, -5.166666666666650976 ) ) ;
#1364 = CARTESIAN_POINT ( 'NONE',  ( 2.249999999999999112, 0.6028856829700279807, -13.83333333333331616 ) ) ;
#1365 =( BOUNDED_CURVE ( )  B_SPLINE_CURVE ( 3, ( #1373, #2191, #1911, #1620 ),
 .UNSPECIFIED., .F., .F. ) 
 B_SPLINE_CURVE_WITH_KNOTS ( ( 4, 4 ),
 ( 1.108026209002805018, 1.108297048331232881 ),
 .UNSPECIFIED. ) 
 CURVE ( )  GEOMETRIC_REPRESENTATION_ITEM ( )  RATIONAL_B_SPLINE_CURVE ( ( 1.000000000000000000, 0.9999999938871715344, 0.9999999938871715344, 1.000000000000000000 ) ) 
 REPRESENTATION_ITEM ( '' )  );
#1366 = EDGE_LOOP ( 'NONE', ( #355, #3074, #2475, #1202 ) ) ;
#1367 = CARTESIAN_POINT ( 'NONE',  ( -3.609118878293941179, -6.247172968014345962, -21.17799049115811272 ) ) ;
#1368 = CARTESIAN_POINT ( 'NONE',  ( -4.837277118521488894, -5.584415517789322436, -21.48863355198159297 ) ) ;
#1369 = CARTESIAN_POINT ( 'NONE',  ( -4.322110431692317789, -5.826269530493921600, -31.01290892247550701 ) ) ;
#1370 = CARTESIAN_POINT ( 'NONE',  ( 5.365563545137558954, -2.699339830014944930, -24.24280786564902357 ) ) ;
#1371 = EDGE_CURVE ( 'NONE', #2117, #2738, #2469, .T. ) ;
#1372 = DIRECTION ( 'NONE',  ( 0.000000000000000000, 0.8660254037844384856, 0.5000000000000003331 ) ) ;
#1373 = CARTESIAN_POINT ( 'NONE',  ( -3.608439182435160486, -6.249999999999996447, -21.17658045704106939 ) ) ;
#1374 = CARTESIAN_POINT ( 'NONE',  ( 6.000000000000000000, -6.899999999999998579, -34.51957884403007881 ) ) ;
#1375 = ORIENTED_EDGE ( 'NONE', *, *, #2665, .T. ) ;
#1376 = CARTESIAN_POINT ( 'NONE',  ( 6.000000000000000000, 4.291502622129201860, -30.12681083478780053 ) ) ;
#1377 = CARTESIAN_POINT ( 'NONE',  ( -5.352378584008942397, 2.725711467957122380, -24.23472550418799898 ) ) ;
#1378 = CARTESIAN_POINT ( 'NONE',  ( -2.250000000000000444, 0.6028856829700249831, -12.16666666666665009 ) ) ;
#1379 = CARTESIAN_POINT ( 'NONE',  ( 1.948557158514987009, -1.124999999999999778, -6.333333333333317938 ) ) ;
#1380 = ADVANCED_FACE ( 'NONE', ( #3294 ), #2499, .F. ) ;
#1381 = CARTESIAN_POINT ( 'NONE',  ( 0.6028856829700248721, 2.250000000000000000, -13.16666666666664831 ) ) ;
#1382 = VECTOR ( 'NONE', #3104, 999.9999999999998863 ) ;
#1383 = VERTEX_POINT ( 'NONE', #323 ) ;
#1384 = CARTESIAN_POINT ( 'NONE',  ( -6.000000000000000000, 4.291502622129161892, -30.12681083478777921 ) ) ;
#1385 = CARTESIAN_POINT ( 'NONE',  ( 5.680437516849295321, -1.952779287657717466, -24.44010830708015902 ) ) ;
#1386 = ORIENTED_EDGE ( 'NONE', *, *, #2217, .F. ) ;
#1387 = CARTESIAN_POINT ( 'NONE',  ( -4.500000000000001776, -3.968626966596867867, -28.39476002721890069 ) ) ;
#1388 = EDGE_CURVE ( 'NONE', #1300, #1085, #73, .T. ) ;
#1389 = CARTESIAN_POINT ( 'NONE',  ( 4.244207423199602758, -5.942341534803226466, -21.32698718327889154 ) ) ;
#1390 = VECTOR ( 'NONE', #675, 1000.000000000000114 ) ;
#1391 = DIRECTION ( 'NONE',  ( 0.000000000000000000, 0.000000000000000000, 1.000000000000000000 ) ) ;
#1392 = PLANE ( 'NONE',  #830 ) ;
#1393 = CARTESIAN_POINT ( 'NONE',  ( -4.185856040698364922, 5.249884664341329277, -21.77455744559824069 ) ) ;
#1394 = EDGE_LOOP ( 'NONE', ( #785, #2669, #714, #1404 ) ) ;
#1395 = CARTESIAN_POINT ( 'NONE',  ( 3.750000000000000444, -1.004809471616710193, -8.166666666666666075 ) ) ;
#1396 = LINE ( 'NONE', #3286, #553 ) ;
#1397 = CARTESIAN_POINT ( 'NONE',  ( 1.948557158514986121, 1.125000000000000888, -13.66666666666665009 ) ) ;
#1398 = VECTOR ( 'NONE', #1824, 1000.000000000000000 ) ;
#1399 = CARTESIAN_POINT ( 'NONE',  ( -0.2487842329406725062, -5.999968479811223609, -22.14490225270663970 ) ) ;
#1400 = CARTESIAN_POINT ( 'NONE',  ( 2.249999999999999556, -0.6028856829700258713, -10.16666666666665009 ) ) ;
#1401 = EDGE_LOOP ( 'NONE', ( #1840, #1267, #2939, #752 ) ) ;
#1402 = CARTESIAN_POINT ( 'NONE',  ( 2.999999999999999112, 0.000000000000000000, -14.74999999999999289 ) ) ;
#1403 = CARTESIAN_POINT ( 'NONE',  ( -5.999999999999984901, 7.347880794884120722E-16, -49.35948076220345371 ) ) ;
#1404 = ORIENTED_EDGE ( 'NONE', *, *, #980, .F. ) ;
#1405 = ADVANCED_FACE ( 'NONE', ( #58 ), #1137, .T. ) ;
#1406 = CARTESIAN_POINT ( 'NONE',  ( 4.721612323991199567, -3.717342210847857764, -28.20132094087398045 ) ) ;
#1407 = CARTESIAN_POINT ( 'NONE',  ( -3.906281492761714436, -5.734121985870706872, -21.43377996436403166 ) ) ;
#1408 = CARTESIAN_POINT ( 'NONE',  ( -3.610398224682523249, 6.246606839293395552, -21.17827274335592236 ) ) ;
#1409 = AXIS2_PLACEMENT_3D ( 'NONE', #2459, #826, #550 ) ;
#1410 = CARTESIAN_POINT ( 'NONE',  ( 2.999999999999999112, 0.000000000000000000, -2.749999999999992006 ) ) ;
#1411 = CARTESIAN_POINT ( 'NONE',  ( -5.680342369376782941, 1.952535882274742063, -24.44005326713912041 ) ) ;
#1412 = FACE_OUTER_BOUND ( 'NONE', #1467, .T. ) ;
#1413 = CARTESIAN_POINT ( 'NONE',  ( -1.948557158514987231, 1.124999999999999334, -4.333333333333317938 ) ) ;
#1414 = CARTESIAN_POINT ( 'NONE',  ( 5.500000000000000888, 6.399999999999995026, -34.80825397862487591 ) ) ;
#1415 = ORIENTED_EDGE ( 'NONE', *, *, #2844, .F. ) ;
#1416 = CARTESIAN_POINT ( 'NONE',  ( 5.582505534887179266, -2.216239243090809996, -24.37760083570468339 ) ) ;
#1417 = CARTESIAN_POINT ( 'NONE',  ( 4.143300571296747670, -4.365365751199733246, -21.99788528682514155 ) ) ;
#1418 = CARTESIAN_POINT ( 'NONE',  ( -0.6028856829700255382, -2.249999999999999556, -6.666666666666680285 ) ) ;
#1419 = ADVANCED_FACE ( 'NONE', ( #1952 ), #1517, .F. ) ;
#1420 = DIRECTION ( 'NONE',  ( 0.000000000000000000, 0.000000000000000000, 1.000000000000000000 ) ) ;
#1421 = DIRECTION ( 'NONE',  ( -0.7071067811865441310, -0.000000000000000000, -0.7071067811865510144 ) ) ;
#1422 = ORIENTED_EDGE ( 'NONE', *, *, #3482, .F. ) ;
#1423 = CARTESIAN_POINT ( 'NONE',  ( -5.499999999999998224, -3.000000000000000000, -41.37078589322641875 ) ) ;
#1424 = CARTESIAN_POINT ( 'NONE',  ( -1.647114317029973574, -1.647114317029974018, -11.00000000000001243 ) ) ;
#1425 = CARTESIAN_POINT ( 'NONE',  ( -3.629214088406499172, 4.785598355219160993, -23.32343814424295658 ) ) ;
#1426 = CARTESIAN_POINT ( 'NONE',  ( 7.058238037402713161, 0.2747731073032650961, -22.87631385443777177 ) ) ;
#1427 = CARTESIAN_POINT ( 'NONE',  ( -1.948557158514986343, -1.125000000000000666, -7.666666666666650087 ) ) ;
#1428 = CARTESIAN_POINT ( 'NONE',  ( 5.500000000000000000, -6.399999999999998579, -34.80825397862489012 ) ) ;
#1429 = ORIENTED_EDGE ( 'NONE', *, *, #1583, .F. ) ;
#1430 = ORIENTED_EDGE ( 'NONE', *, *, #3359, .T. ) ;
#1431 = CARTESIAN_POINT ( 'NONE',  ( -6.000000000000000000, -9.399999999999996803, -33.07620317105600805 ) ) ;
#1432 = ORIENTED_EDGE ( 'NONE', *, *, #481, .F. ) ;
#1433 = CARTESIAN_POINT ( 'NONE',  ( -3.247595264191644571, -1.875000000000001554, -9.666666666666667851 ) ) ;
#1434 = CARTESIAN_POINT ( 'NONE',  ( 5.832190438114886355, -1.455676186436636987, -27.67073455198429954 ) ) ;
#1435 = CARTESIAN_POINT ( 'NONE',  ( -3.750000000000000444, -4.592425496802574958E-16, -10.00000000000000000 ) ) ;
#1436 = CIRCLE ( 'NONE', #3437, 4.649999999999994138 ) ;
#1437 = EDGE_LOOP ( 'NONE', ( #1605, #3491, #2498 ) ) ;
#1438 = FACE_OUTER_BOUND ( 'NONE', #446, .T. ) ;
#1439 = CARTESIAN_POINT ( 'NONE',  ( -4.133182947122316674E-16, 2.250000000000000000, -8.500000000000014211 ) ) ;
#1440 = CARTESIAN_POINT ( 'NONE',  ( 1.948557158514987009, -1.124999999999999778, -1.833333333333348580 ) ) ;
#1441 = DIRECTION ( 'NONE',  ( 0.000000000000000000, -0.8660254037844383745, -0.5000000000000004441 ) ) ;
#1442 = CARTESIAN_POINT ( 'NONE',  ( -2.250000000000000000, -2.755455298081544285E-16, -7.999999999999984901 ) ) ;
#1443 = DIRECTION ( 'NONE',  ( 0.000000000000000000, 0.000000000000000000, -1.000000000000000000 ) ) ;
#1444 =( BOUNDED_SURFACE ( )  B_SPLINE_SURFACE ( 3, 2, ( 
 ( #1600, #3205, #1020 ),
 ( #454, #1280, #776 ),
 ( #981, #3150, #1858 ),
 ( #2940, #509, #524 ),
 ( #2063, #1584, #2672 ),
 ( #2923, #1567, #1821 ),
 ( #240, #1313, #2350 ),
 ( #2403, #2613, #1332 ),
 ( #1050, #2135, #3222 ),
 ( #2079, #790, #1877 ),
 ( #469, #2688, #2954 ),
 ( #1265, #721, #187 ),
 ( #1548, #256, #2633 ),
 ( #3441, #757, #997 ),
 ( #205, #2368, #3458 ),
 ( #2100, #3188, #1837 ) ),
 .UNSPECIFIED., .F., .F., .T. ) 
 B_SPLINE_SURFACE_WITH_KNOTS ( ( 4, 2, 2, 2, 2, 2, 2, 4 ),
 ( 3, 3 ),
 ( 0.005404865691074407785, 0.007334057895384939532, 0.008298653997540206273, 0.009263250099695471279, 0.009745548150773103782, 0.01022784620185073629, 0.01119244230400600303, 0.01312163450831653477 ),
 ( 0.000000000000000000, 1.000000000000000000 ),
 .UNSPECIFIED. ) 
 GEOMETRIC_REPRESENTATION_ITEM ( )  RATIONAL_B_SPLINE_SURFACE ( (
 ( 1.000000000000000000, 0.8362406767100557525, 1.000000000000000000),
 ( 1.000000000000000000, 0.8785550728243008978, 1.000000000000000000),
 ( 1.000000000000000000, 0.9110138894461576875, 1.000000000000000000),
 ( 1.000000000000000000, 0.9447177110997544425, 1.000000000000000000),
 ( 1.000000000000000000, 0.9534613776088791681, 1.000000000000000000),
 ( 1.000000000000000000, 0.9651785799915741926, 1.000000000000000000),
 ( 1.000000000000000000, 0.9682287699821724436, 1.000000000000000000),
 ( 1.000000000000000000, 0.9682542633551470823, 1.000000000000000000),
 ( 1.000000000000000000, 0.9674846460508947921, 1.000000000000000000),
 ( 1.000000000000000000, 0.9644702341921440603, 1.000000000000000000),
 ( 1.000000000000000000, 0.9622310219275267418, 1.000000000000000000),
 ( 1.000000000000000000, 0.9534235644484673200, 1.000000000000000000),
 ( 1.000000000000000000, 0.9447417322064389777, 1.000000000000000000),
 ( 1.000000000000000000, 0.9108261853824609622, 1.000000000000000000),
 ( 1.000000000000000000, 0.8782382246781552659, 1.000000000000000000),
 ( 1.000000000000000000, 0.8362406767120172946, 1.000000000000000000) ) ) 
 REPRESENTATION_ITEM ( '' )  SURFACE ( )  );
#1445 = EDGE_LOOP ( 'NONE', ( #3262, #1751, #299, #628, #636, #2170, #395, #1937 ) ) ;
#1446 = VECTOR ( 'NONE', #1354, 1000.000000000000114 ) ;
#1447 = CARTESIAN_POINT ( 'NONE',  ( 2.249999999999999556, -0.6028856829700258713, -9.666666666666680285 ) ) ;
#1448 = EDGE_LOOP ( 'NONE', ( #1651, #804, #1703, #3005 ) ) ;
#1449 = CARTESIAN_POINT ( 'NONE',  ( -3.749999999999999112, -4.592425496802572986E-16, -9.500000000000000000 ) ) ;
#1450 = CARTESIAN_POINT ( 'NONE',  ( 5.915137424122018039, 4.723620191544099178, -21.83068132816271856 ) ) ;
#1451 = CARTESIAN_POINT ( 'NONE',  ( 2.296212748401287479E-16, -3.750000000000000444, -5.000000000000000000 ) ) ;
#1452 = APPLICATION_PROTOCOL_DEFINITION ( 'draft international standard', 'automotive_design', 1998, #2802 ) ;
#1453 = VECTOR ( 'NONE', #744, 1000.000000000000114 ) ;
#1454 = CARTESIAN_POINT ( 'NONE',  ( 6.000000000000008882, -1.032291450079170862E-15, -27.64911064067352342 ) ) ;
#1455 = CARTESIAN_POINT ( 'NONE',  ( -6.000000000000000000, -4.291502622129161892, -30.12681083478778277 ) ) ;
#1456 = FACE_OUTER_BOUND ( 'NONE', #1153, .T. ) ;
#1457 = VERTEX_POINT ( 'NONE', #1203 ) ;
#1458 = DIRECTION ( 'NONE',  ( 0.000000000000000000, 0.000000000000000000, 1.000000000000000000 ) ) ;
#1459 = CARTESIAN_POINT ( 'NONE',  ( 1.948557158514986121, 1.125000000000000888, -5.166666666666682062 ) ) ;
#1460 = CARTESIAN_POINT ( 'NONE',  ( 1.125000000000000222, -1.948557158514986787, -2.166666666666681618 ) ) ;
#1461 = CARTESIAN_POINT ( 'NONE',  ( 6.000000000000004441, 3.759223544446045235E-16, -27.64911064067352342 ) ) ;
#1462 = EDGE_CURVE ( 'NONE', #1743, #1960, #2529, .T. ) ;
#1463 = AXIS2_PLACEMENT_3D ( 'NONE', #3422, #909, #2314 ) ;
#1464 = CARTESIAN_POINT ( 'NONE',  ( 1.948557158514987009, -1.124999999999999778, -10.33333333333331794 ) ) ;
#1465 = LINE ( 'NONE', #693, #1292 ) ;
#1466 = AXIS2_PLACEMENT_3D ( 'NONE', #1031, #1854, #2667 ) ;
#1467 = EDGE_LOOP ( 'NONE', ( #322, #681, #1338 ) ) ;
#1468 = CARTESIAN_POINT ( 'NONE',  ( -0.6028856829700278697, 2.249999999999999112, -4.333333333333349024 ) ) ;
#1469 = EDGE_LOOP ( 'NONE', ( #2632, #1297, #789 ) ) ;
#1470 = LINE ( 'NONE', #2880, #442 ) ;
#1471 = CARTESIAN_POINT ( 'NONE',  ( 3.488820509101838052, 4.930260519459444879, -21.80502377321130680 ) ) ;
#1472 = CARTESIAN_POINT ( 'NONE',  ( -1.874999999999999334, -3.247595264191645459, -5.333333333333333037 ) ) ;
#1473 = EDGE_CURVE ( 'NONE', #2261, #3178, #3052, .T. ) ;
#1474 = CARTESIAN_POINT ( 'NONE',  ( 5.999999999998087752, -0.3691734337253199105, -27.75568220906277617 ) ) ;
#1475 = CARTESIAN_POINT ( 'NONE',  ( -3.247595264191645015, 1.874999999999998668, -13.83333333333333215 ) ) ;
#1476 = CARTESIAN_POINT ( 'NONE',  ( 4.500000000000004441, -3.968626966596899841, -28.39476002721892911 ) ) ;
#1477 = EDGE_CURVE ( 'NONE', #1142, #3008, #1470, .T. ) ;
#1478 = EDGE_CURVE ( 'NONE', #2599, #2735, #1188, .T. ) ;
#1479 = EDGE_LOOP ( 'NONE', ( #579, #904, #1047 ) ) ;
#1480 = CARTESIAN_POINT ( 'NONE',  ( -6.888638245203861944E-16, 3.750000000000000444, -3.000000000000000000 ) ) ;
#1481 = CARTESIAN_POINT ( 'NONE',  ( 0.6028856829700248721, 2.250000000000000444, -8.666666666666682062 ) ) ;
#1482 = ORIENTED_EDGE ( 'NONE', *, *, #2317, .F. ) ;
#1483 = DIRECTION ( 'NONE',  ( 0.000000000000000000, 0.5000000000000016653, -0.8660254037844378194 ) ) ;
#1484 = CARTESIAN_POINT ( 'NONE',  ( -2.845512041006009074, -4.928571428571424384, 0.8214285714285699536 ) ) ;
#1485 = CARTESIAN_POINT ( 'NONE',  ( -3.749999999999999112, -1.004809471616710859, -9.333333333333332149 ) ) ;
#1486 = ORIENTED_EDGE ( 'NONE', *, *, #3106, .F. ) ;
#1487 = CARTESIAN_POINT ( 'NONE',  ( -4.133182947122316674E-16, 2.250000000000000000, -8.500000000000014211 ) ) ;
#1488 = ORIENTED_EDGE ( 'NONE', *, *, #1532, .F. ) ;
#1489 = LINE ( 'NONE', #2555, #2376 ) ;
#1490 = CARTESIAN_POINT ( 'NONE',  ( 4.532430670840599696, 3.962342478736177842, -22.12016282746197859 ) ) ;
#1491 = CARTESIAN_POINT ( 'NONE',  ( 1.874999999999997558, 3.247595264191646791, -7.333333333333333037 ) ) ;
#1492 = CIRCLE ( 'NONE', #1317, 3.750000000000000000 ) ;
#1493 = EDGE_CURVE ( 'NONE', #2671, #2934, #938, .T. ) ;
#1494 = CARTESIAN_POINT ( 'NONE',  ( 2.475717120547496819, 6.249999999999995559, -21.17658045704106584 ) ) ;
#1495 = CARTESIAN_POINT ( 'NONE',  ( -5.737558056094499648, -1.785895607624339076, -28.23246844380114950 ) ) ;
#1496 = CARTESIAN_POINT ( 'NONE',  ( 2.296212748401287479E-16, -3.750000000000000444, -5.000000000000000000 ) ) ;
#1497 = CARTESIAN_POINT ( 'NONE',  ( 0.000000000000000000, 0.000000000000000000, -30.00000000000000000 ) ) ;
#1498 = CARTESIAN_POINT ( 'NONE',  ( -6.000000000000000000, 9.399999999999991473, -43.93038823182097019 ) ) ;
#1499 = ORIENTED_EDGE ( 'NONE', *, *, #1320, .T. ) ;
#1500 = CARTESIAN_POINT ( 'NONE',  ( 1.647114317029974018, -1.647114317029974018, -2.000000000000015099 ) ) ;
#1501 = CARTESIAN_POINT ( 'NONE',  ( 2.249999999999999556, -0.6028856829700258713, -1.666666666666681618 ) ) ;
#1502 = CARTESIAN_POINT ( 'NONE',  ( 6.000000000000017764, 1.325441330105336700E-11, -24.64911064067351987 ) ) ;
#1503 = CARTESIAN_POINT ( 'NONE',  ( -4.133182947122316674E-16, 2.250000000000000000, -12.50000000000001421 ) ) ;
#1504 = ORIENTED_EDGE ( 'NONE', *, *, #2887, .F. ) ;
#1505 = CARTESIAN_POINT ( 'NONE',  ( 2.249999999999999556, -0.6028856829700258713, -5.666666666666682062 ) ) ;
#1506 = ORIENTED_EDGE ( 'NONE', *, *, #3055, .F. ) ;
#1507 = CARTESIAN_POINT ( 'NONE',  ( 1.004809471616710637, -3.749999999999998668, -8.333333333333332149 ) ) ;
#1508 = CARTESIAN_POINT ( 'NONE',  ( 5.661530369117119932, 4.955897058951395096, -21.74462347229313153 ) ) ;
#1509 = CARTESIAN_POINT ( 'NONE',  ( -3.750000000000001332, 1.004809471616708638, -6.166666666666666963 ) ) ;
#1510 = VECTOR ( 'NONE', #2190, 1000.000000000000000 ) ;
#1511 = CIRCLE ( 'NONE', #2526, 4.149999999999994138 ) ;
#1512 = CARTESIAN_POINT ( 'NONE',  ( -1.178968528301054031, 5.887570854248611596, -22.38165000359120071 ) ) ;
#1513 = CARTESIAN_POINT ( 'NONE',  ( -4.721612323991269733, -3.717342210847734307, -28.20132094087414032 ) ) ;
#1514 = FACE_OUTER_BOUND ( 'NONE', #1401, .T. ) ;
#1515 = EDGE_CURVE ( 'NONE', #2187, #947, #1489, .T. ) ;
#1516 = CARTESIAN_POINT ( 'NONE',  ( -2.845512041006014847, 4.928571428571422608, 0.8214285714285686213 ) ) ;
#1517 = CONICAL_SURFACE ( 'NONE', #2141, 4.149999999999994138, 0.7853981633974457255 ) ;
#1518 = DIRECTION ( 'NONE',  ( 0.000000000000000000, 0.000000000000000000, 1.000000000000000000 ) ) ;
#1519 = VERTEX_POINT ( 'NONE', #130 ) ;
#1520 = CARTESIAN_POINT ( 'NONE',  ( -1.647114317029973574, -1.647114317029974018, -3.000000000000014655 ) ) ;
#1521 = PLANE ( 'NONE',  #1806 ) ;
#1522 = CARTESIAN_POINT ( 'NONE',  ( 0.6028856829700248721, 2.250000000000000000, -12.66666666666667851 ) ) ;
#1523 = ADVANCED_FACE ( 'NONE', ( #2026 ), #2200, .F. ) ;
#1524 = CARTESIAN_POINT ( 'NONE',  ( 1.124999999999998446, 1.948557158514987675, -13.33333333333331616 ) ) ;
#1525 = VECTOR ( 'NONE', #2998, 1000.000000000000114 ) ;
#1526 = ORIENTED_EDGE ( 'NONE', *, *, #2137, .T. ) ;
#1527 = CARTESIAN_POINT ( 'NONE',  ( -2.745190528383290030, 2.745190528383286477, -13.99999999999999822 ) ) ;
#1528 = CARTESIAN_POINT ( 'NONE',  ( 4.260285089154469240, 5.959794713812227585, -21.32136492391752824 ) ) ;
#1529 = DIRECTION ( 'NONE',  ( -1.000000000000000000, -0.000000000000000000, -0.000000000000000000 ) ) ;
#1530 = FACE_OUTER_BOUND ( 'NONE', #730, .T. ) ;
#1531 = CARTESIAN_POINT ( 'NONE',  ( 7.757142857142857117, -5.257142857142858006, -46.32226791846370872 ) ) ;
#1532 = EDGE_CURVE ( 'NONE', #1457, #2534, #40, .T. ) ;
#1533 = DIRECTION ( 'NONE',  ( 0.000000000000000000, -0.5000000000000006661, -0.8660254037844383745 ) ) ;
#1534 = DIRECTION ( 'NONE',  ( 0.6123724356957939152, -0.3535533905932733978, -0.7071067811865483499 ) ) ;
#1535 = ORIENTED_EDGE ( 'NONE', *, *, #1583, .T. ) ;
#1536 = CARTESIAN_POINT ( 'NONE',  ( 5.737558056095358516, 1.785895607623428694, -28.23246844380033238 ) ) ;
#1537 = LINE ( 'NONE', #1004, #386 ) ;
#1538 = CARTESIAN_POINT ( 'NONE',  ( -1.647114317029974240, 1.647114317029972907, -12.00000000000001066 ) ) ;
#1539 = CARTESIAN_POINT ( 'NONE',  ( -6.000000000000000000, 4.291502622129161892, -30.12681083478777921 ) ) ;
#1540 = ORIENTED_EDGE ( 'NONE', *, *, #1601, .F. ) ;
#1541 = CARTESIAN_POINT ( 'NONE',  ( 0.6028856829700264264, -2.249999999999999112, -2.833333333333316606 ) ) ;
#1542 = CARTESIAN_POINT ( 'NONE',  ( -4.499999999999995559, 3.968626966596871419, -28.39476002721890069 ) ) ;
#1543 = CARTESIAN_POINT ( 'NONE',  ( -3.247595264191645903, 1.874999999999999112, -10.33333333333333393 ) ) ;
#1544 = CARTESIAN_POINT ( 'NONE',  ( -5.499999999999998224, 0.000000000000000000, -38.50329570143848912 ) ) ;
#1545 = CARTESIAN_POINT ( 'NONE',  ( -5.038539079963311629, 3.295021352094650524, -22.29266483986498315 ) ) ;
#1546 = CARTESIAN_POINT ( 'NONE',  ( -3.610398224682523249, 6.246606839293395552, -21.17827274335592236 ) ) ;
#1547 = ORIENTED_EDGE ( 'NONE', *, *, #3359, .F. ) ;
#1548 = CARTESIAN_POINT ( 'NONE',  ( -1.178642963522688047, -5.887687293788648191, -22.38150645319432996 ) ) ;
#1549 = CARTESIAN_POINT ( 'NONE',  ( 3.671428571428551724, -4.571428571428550747, -35.86398018514305619 ) ) ;
#1550 = ORIENTED_EDGE ( 'NONE', *, *, #1362, .T. ) ;
#1551 = CARTESIAN_POINT ( 'NONE',  ( 2.250000000000000000, 0.000000000000000000, -13.50000000000001599 ) ) ;
#1552 = VECTOR ( 'NONE', #2641, 1000.000000000000000 ) ;
#1553 = CARTESIAN_POINT ( 'NONE',  ( 3.749999999999999556, 0.000000000000000000, -11.50000000000000000 ) ) ;
#1554 = CARTESIAN_POINT ( 'NONE',  ( 2.000000000000000000, 3.499999999999287681, -41.56474960440763766 ) ) ;
#1555 = VECTOR ( 'NONE', #2421, 999.9999999999998863 ) ;
#1556 = LINE ( 'NONE', #2912, #1098 ) ;
#1557 = VERTEX_POINT ( 'NONE', #1936 ) ;
#1558 = AXIS2_PLACEMENT_3D ( 'NONE', #2174, #824, #1232 ) ;
#1559 = CARTESIAN_POINT ( 'NONE',  ( 1.647114317029973796, -1.647114317029973796, -2.499999999999984013 ) ) ;
#1560 = CARTESIAN_POINT ( 'NONE',  ( 1.874999999999997113, 3.247595264191645903, -10.83333333333333393 ) ) ;
#1561 = CARTESIAN_POINT ( 'NONE',  ( -5.296678816381418464, 2.841135379600391531, -27.85434452411018924 ) ) ;
#1562 = ORIENTED_EDGE ( 'NONE', *, *, #2614, .T. ) ;
#1563 = CARTESIAN_POINT ( 'NONE',  ( 0.6899514141167517600, 5.962410307376555529, -21.65278717723875701 ) ) ;
#1564 = CARTESIAN_POINT ( 'NONE',  ( -5.237989553329922998, 2.939046277937748197, -24.16510968748121968 ) ) ;
#1565 = CARTESIAN_POINT ( 'NONE',  ( 3.750000000000000000, 0.000000000000000000, -30.00000000000000000 ) ) ;
#1566 = ORIENTED_EDGE ( 'NONE', *, *, #3, .T. ) ;
#1567 = CARTESIAN_POINT ( 'NONE',  ( 0.5563065956045706306, -5.980554171416267550, -21.64278320102593511 ) ) ;
#1568 = VECTOR ( 'NONE', #219, 1000.000000000000000 ) ;
#1569 = PLANE ( 'NONE',  #3263 ) ;
#1570 = ORIENTED_EDGE ( 'NONE', *, *, #1478, .T. ) ;
#1571 = CARTESIAN_POINT ( 'NONE',  ( 2.000000000000000000, 3.500000000000007994, -43.87265320490200082 ) ) ;
#1572 = CARTESIAN_POINT ( 'NONE',  ( 1.647114317029973796, -1.647114317029973796, -2.000000000000015099 ) ) ;
#1573 = CARTESIAN_POINT ( 'NONE',  ( -5.499999999999998224, 3.000000000000000000, -41.37078589322641875 ) ) ;
#1574 = VECTOR ( 'NONE', #2781, 1000.000000000000000 ) ;
#1575 = CARTESIAN_POINT ( 'NONE',  ( 0.9590045831815932065, 5.927536664827502300, -22.30413495126857981 ) ) ;
#1576 = CARTESIAN_POINT ( 'NONE',  ( -3.749999999999998668, -1.004809471616710859, -13.33333333333333393 ) ) ;
#1577 = CARTESIAN_POINT ( 'NONE',  ( 2.745190528383288697, 2.745190528383290030, -11.50000000000000000 ) ) ;
#1578 = VERTEX_POINT ( 'NONE', #22 ) ;
#1579 = CARTESIAN_POINT ( 'NONE',  ( -7.216878364870320972, 1.057472961667715618E-17, -30.00000000000000000 ) ) ;
#1580 = CARTESIAN_POINT ( 'NONE',  ( -5.980198264704378985, 0.5619569430445230385, -24.63586138015161708 ) ) ;
#1581 = PLANE ( 'NONE',  #496 ) ;
#1582 = ORIENTED_EDGE ( 'NONE', *, *, #227, .F. ) ;
#1583 = EDGE_CURVE ( 'NONE', #3292, #1273, #225, .T. ) ;
#1584 = CARTESIAN_POINT ( 'NONE',  ( 1.091675075873345557, -5.907769900147254560, -21.68288977896064651 ) ) ;
#1585 = DIRECTION ( 'NONE',  ( 1.000000000000000000, 0.000000000000000000, 0.000000000000000000 ) ) ;
#1586 = CARTESIAN_POINT ( 'NONE',  ( 6.000000000000000000, 3.956739116028267667, -29.93353503442556374 ) ) ;
#1587 = CARTESIAN_POINT ( 'NONE',  ( -1.647114317029973574, -1.647114317029973796, -3.000000000000014655 ) ) ;
#1588 = ADVANCED_FACE ( 'NONE', ( #320 ), #3249, .F. ) ;
#1589 = EDGE_CURVE ( 'NONE', #947, #3244, #867, .T. ) ;
#1590 = CARTESIAN_POINT ( 'NONE',  ( 4.979646071760519099, -2.874999999999999556, 0.000000000000000000 ) ) ;
#1591 = CARTESIAN_POINT ( 'NONE',  ( -2.745190528383289141, -2.745190528383289585, -1.499999999999999778 ) ) ;
#1592 = CARTESIAN_POINT ( 'NONE',  ( -0.6028856829700278697, 2.249999999999999112, -4.833333333333317050 ) ) ;
#1593 = CARTESIAN_POINT ( 'NONE',  ( -3.749999999999997780, -1.004809471616714633, -13.33333333333333215 ) ) ;
#1594 = ORIENTED_EDGE ( 'NONE', *, *, #2874, .T. ) ;
#1595 = CARTESIAN_POINT ( 'NONE',  ( 1.499999999999994449, 0.000000000000000000, -34.35329570143849764 ) ) ;
#1596 = CARTESIAN_POINT ( 'NONE',  ( -5.986677108929934654, -0.4721278124089373640, -22.64412202865384316 ) ) ;
#1597 = VERTEX_POINT ( 'NONE', #573 ) ;
#1598 = CARTESIAN_POINT ( 'NONE',  ( -1.130749435697328442, -6.999999999999999112, -31.69056252500091020 ) ) ;
#1599 = EDGE_LOOP ( 'NONE', ( #3109, #2130, #2796, #3339 ) ) ;
#1600 = CARTESIAN_POINT ( 'NONE',  ( 2.702040045644736210, -5.357142857133109892, -22.96621900224291224 ) ) ;
#1601 = EDGE_CURVE ( 'NONE', #3008, #947, #1949, .T. ) ;
#1602 = PLANE ( 'NONE',  #1157 ) ;
#1603 = CARTESIAN_POINT ( 'NONE',  ( -3.750000000000000000, 4.592425496802573972E-16, -30.00000000000000000 ) ) ;
#1604 = CARTESIAN_POINT ( 'NONE',  ( -1.647114317029973574, -1.647114317029973796, -7.000000000000013323 ) ) ;
#1605 = ORIENTED_EDGE ( 'NONE', *, *, #535, .T. ) ;
#1606 = DIRECTION ( 'NONE',  ( -1.000000000000000000, -0.000000000000000000, -0.000000000000000000 ) ) ;
#1607 = CARTESIAN_POINT ( 'NONE',  ( -2.250000000000000444, 0.6028856829700249831, -4.166666666666650976 ) ) ;
#1608 = EDGE_CURVE ( 'NONE', #3057, #2065, #2234, .T. ) ;
#1609 = DIRECTION ( 'NONE',  ( -1.000000000000000000, -0.000000000000000000, -0.000000000000000000 ) ) ;
#1610 = CARTESIAN_POINT ( 'NONE',  ( -4.133182947122316674E-16, 2.250000000000000000, -8.999999999999984013 ) ) ;
#1611 = CIRCLE ( 'NONE', #771, 2.000000000000000000 ) ;
#1612 = DIRECTION ( 'NONE',  ( 0.000000000000000000, 1.000000000000000000, -1.598207019933147869E-16 ) ) ;
#1613 = ORIENTED_EDGE ( 'NONE', *, *, #3264, .T. ) ;
#1614 = FACE_OUTER_BOUND ( 'NONE', #2746, .T. ) ;
#1615 = CARTESIAN_POINT ( 'NONE',  ( -3.222499183464211381, 5.079682950568078503, -21.74553834388365203 ) ) ;
#1616 = VERTEX_POINT ( 'NONE', #900 ) ;
#1617 = DIRECTION ( 'NONE',  ( -1.000000000000000000, -0.000000000000000000, -0.000000000000000000 ) ) ;
#1618 = ORIENTED_EDGE ( 'NONE', *, *, #2387, .F. ) ;
#1619 = CARTESIAN_POINT ( 'NONE',  ( 5.500000000000000000, 3.000000000000000000, -38.50329570143848912 ) ) ;
#1620 = CARTESIAN_POINT ( 'NONE',  ( -3.610398224675317902, -6.246606839296584113, -21.17827274335433430 ) ) ;
#1621 = CARTESIAN_POINT ( 'NONE',  ( -6.000000000000085265, 2.905016251323664811, -29.32632255537552268 ) ) ;
#1622 = EDGE_CURVE ( 'NONE', #2235, #2175, #2512, .T. ) ;
#1623 = CARTESIAN_POINT ( 'NONE',  ( 1.125000000000000222, -1.948557158514986787, -10.16666666666668206 ) ) ;
#1624 = VECTOR ( 'NONE', #1421, 999.9999999999998863 ) ;
#1625 = DIRECTION ( 'NONE',  ( 0.000000000000000000, 0.000000000000000000, 1.000000000000000000 ) ) ;
#1626 = ORIENTED_EDGE ( 'NONE', *, *, #3277, .T. ) ;
#1627 = CARTESIAN_POINT ( 'NONE',  ( 5.500000000000000000, -6.399999999999998579, -42.19833742425210232 ) ) ;
#1628 = CARTESIAN_POINT ( 'NONE',  ( -2.702040045625267783, -5.357142857142911829, -22.96621900223639301 ) ) ;
#1629 = CARTESIAN_POINT ( 'NONE',  ( -1.124999999999999556, -1.948557158514987009, -7.333333333333317050 ) ) ;
#1630 = CARTESIAN_POINT ( 'NONE',  ( -6.000000000000000000, -4.291502622129159228, -30.12681083478777921 ) ) ;
#1631 = AXIS2_PLACEMENT_3D ( 'NONE', #1181, #3337, #2799 ) ;
#1632 = CARTESIAN_POINT ( 'NONE',  ( 1.647114317029973352, 1.647114317029973796, -9.499999999999984013 ) ) ;
#1633 = EDGE_CURVE ( 'NONE', #1770, #3417, #678, .T. ) ;
#1634 = EDGE_LOOP ( 'NONE', ( #274, #3460, #1740, #1547 ) ) ;
#1635 = PLANE ( 'NONE',  #2 ) ;
#1636 = CARTESIAN_POINT ( 'NONE',  ( -2.702040045625267783, -5.357142857142909165, -22.96621900223639656 ) ) ;
#1637 = CARTESIAN_POINT ( 'NONE',  ( 4.322110431692324894, -5.826269530493176418, -31.01290892247507713 ) ) ;
#1638 = CARTESIAN_POINT ( 'NONE',  ( 5.034729433985662084, -3.300855195416779075, -22.29131640552840921 ) ) ;
#1639 = VECTOR ( 'NONE', #1119, 1000.000000000000000 ) ;
#1640 = FACE_OUTER_BOUND ( 'NONE', #3187, .T. ) ;
#1641 = DIRECTION ( 'NONE',  ( -0.000000000000000000, 0.4999999999999997224, 0.8660254037844388186 ) ) ;
#1642 = DIRECTION ( 'NONE',  ( 0.000000000000000000, 0.8660254037844388186, -0.4999999999999997224 ) ) ;
#1643 = CARTESIAN_POINT ( 'NONE',  ( 3.608439182435159154, -6.249999999999999112, -30.00000000000000000 ) ) ;
#1644 = VERTEX_POINT ( 'NONE', #2855 ) ;
#1645 = CARTESIAN_POINT ( 'NONE',  ( 3.750000000000000444, 0.000000000000000000, -8.000000000000000000 ) ) ;
#1646 = CARTESIAN_POINT ( 'NONE',  ( -5.369573355631195533, -2.733336602846998531, -24.24185295979403065 ) ) ;
#1647 = CARTESIAN_POINT ( 'NONE',  ( -1.948557158514986343, -1.125000000000000666, -11.66666666666665186 ) ) ;
#1648 = CARTESIAN_POINT ( 'NONE',  ( 1.856171352057456536, -5.724075344326949200, -22.63919736227749624 ) ) ;
#1649 = EDGE_CURVE ( 'NONE', #3198, #3397, #590, .T. ) ;
#1650 = CARTESIAN_POINT ( 'NONE',  ( -1.948557158514987231, 1.124999999999999334, -8.333333333333317938 ) ) ;
#1651 = ORIENTED_EDGE ( 'NONE', *, *, #2107, .T. ) ;
#1652 = DIRECTION ( 'NONE',  ( 0.000000000000000000, 0.000000000000000000, 1.000000000000000000 ) ) ;
#1653 = CARTESIAN_POINT ( 'NONE',  ( -2.946090400455743108, -5.234048541854723346, -23.04810193598062895 ) ) ;
#1654 = ORIENTED_EDGE ( 'NONE', *, *, #1254, .T. ) ;
#1655 = CARTESIAN_POINT ( 'NONE',  ( 2.260894812566043299, -6.756735713765197993, -31.55011382385902152 ) ) ;
#1656 = CARTESIAN_POINT ( 'NONE',  ( 3.219737006447667582, -5.081232699056053903, -21.74492138522963458 ) ) ;
#1657 = DIRECTION ( 'NONE',  ( 0.000000000000000000, 0.8660254037844377084, 0.5000000000000016653 ) ) ;
#1658 = CARTESIAN_POINT ( 'NONE',  ( -5.999999999999986677, 1.826953443908821750, -28.70390270331117577 ) ) ;
#1659 = CARTESIAN_POINT ( 'NONE',  ( 6.000000000000005329, 4.291502622129194755, -30.12681083478779698 ) ) ;
#1660 = ORIENTED_EDGE ( 'NONE', *, *, #2332, .F. ) ;
#1661 = FACE_OUTER_BOUND ( 'NONE', #2359, .T. ) ;
#1662 = CARTESIAN_POINT ( 'NONE',  ( -5.726909328663325915, -1.827347530887919014, -27.69355010688598639 ) ) ;
#1663 = CARTESIAN_POINT ( 'NONE',  ( 2.250000000000000000, -0.6028856829700259823, -10.16666666666665009 ) ) ;
#1664 = CARTESIAN_POINT ( 'NONE',  ( 0.6028856829700264264, -2.249999999999999112, -6.833333333333317938 ) ) ;
#1665 = CARTESIAN_POINT ( 'NONE',  ( 1.377727649040772142E-16, -2.250000000000000000, -10.99999999999998401 ) ) ;
#1666 = EDGE_CURVE ( 'NONE', #1597, #2511, #2021, .T. ) ;
#1667 = AXIS2_PLACEMENT_3D ( 'NONE', #3239, #3011, #1086 ) ;
#1668 = ORIENTED_EDGE ( 'NONE', *, *, #3406, .T. ) ;
#1669 = CARTESIAN_POINT ( 'NONE',  ( -5.051372530645192427, -3.305959632722260899, -22.29654903334467875 ) ) ;
#1670 = CARTESIAN_POINT ( 'NONE',  ( 3.938778452444908318, -4.604992385986151682, -28.88463435546398372 ) ) ;
#1671 = FACE_OUTER_BOUND ( 'NONE', #3216, .T. ) ;
#1672 = VECTOR ( 'NONE', #2955, 1000.000000000000000 ) ;
#1673 = CARTESIAN_POINT ( 'NONE',  ( 2.745190528383289141, -2.745190528383289141, -4.000000000000000000 ) ) ;
#1674 = CARTESIAN_POINT ( 'NONE',  ( -5.999999999999990230, 0.3691697714527122365, -27.86225090759898038 ) ) ;
#1675 = CARTESIAN_POINT ( 'NONE',  ( -6.584137878453988790, 1.095938670478930899, -23.09254954652933378 ) ) ;
#1676 = EDGE_LOOP ( 'NONE', ( #224, #1506, #2840 ) ) ;
#1677 = DIRECTION ( 'NONE',  ( 0.000000000000000000, 0.000000000000000000, -1.000000000000000000 ) ) ;
#1678 = CARTESIAN_POINT ( 'NONE',  ( 4.181726585202001800, 5.257037091068625045, -21.76944234349256746 ) ) ;
#1679 = CONICAL_SURFACE ( 'NONE', #98, 3.749999999999979572, 0.7853981633974428389 ) ;
#1680 = CIRCLE ( 'NONE', #3156, 4.650000000000008349 ) ;
#1681 = CARTESIAN_POINT ( 'NONE',  ( 4.596256879942692386, -4.539049559301245651, -22.29757935255896228 ) ) ;
#1682 = EDGE_CURVE ( 'NONE', #1177, #1597, #3056, .T. ) ;
#1683 = CARTESIAN_POINT ( 'NONE',  ( -2.250000000000000000, -2.755455298081544285E-16, -7.999999999999984901 ) ) ;
#1684 = VECTOR ( 'NONE', #3058, 1000.000000000000000 ) ;
#1685 = ORIENTED_EDGE ( 'NONE', *, *, #1515, .T. ) ;
#1686 = CARTESIAN_POINT ( 'NONE',  ( -5.124880571791397443, -5.384465890072015704, -21.57430936512080066 ) ) ;
#1687 = CARTESIAN_POINT ( 'NONE',  ( 6.000000000000000000, 9.399999999999991473, -33.07620317105600094 ) ) ;
#1688 = CARTESIAN_POINT ( 'NONE',  ( 2.946546942822303450, -5.233818270645901549, -23.04825511339007704 ) ) ;
#1689 = CARTESIAN_POINT ( 'NONE',  ( 1.647114317029973352, 1.647114317029973796, -9.000000000000014211 ) ) ;
#1690 =( NAMED_UNIT ( * ) SI_UNIT ( $, .STERADIAN. ) SOLID_ANGLE_UNIT ( ) );
#1691 = CARTESIAN_POINT ( 'NONE',  ( 5.834669206331856373, -1.444729439061050780, -28.09983227200440226 ) ) ;
#1692 = CARTESIAN_POINT ( 'NONE',  ( -4.725875309307160599, -4.314543854044713633, -22.46642192504640079 ) ) ;
#1693 = VERTEX_POINT ( 'NONE', #2004 ) ;
#1694 = LINE ( 'NONE', #2726, #1574 ) ;
#1695 = CARTESIAN_POINT ( 'NONE',  ( 1.948557158514987009, -1.124999999999999778, -9.833333333333348136 ) ) ;
#1696 = CARTESIAN_POINT ( 'NONE',  ( -5.999999999999984013, 0.000000000000000000, -24.64911064067352342 ) ) ;
#1697 = CARTESIAN_POINT ( 'NONE',  ( 5.691024082012015484, -2.602085213965210642E-15, 0.8214285714285750606 ) ) ;
#1698 = CARTESIAN_POINT ( 'NONE',  ( -0.4917949310516178119, -5.984439693841837382, -22.18392162221782726 ) ) ;
#1699 = EDGE_CURVE ( 'NONE', #2805, #679, #2284, .T. ) ;
#1700 =( BOUNDED_CURVE ( )  B_SPLINE_CURVE ( 3, ( #258, #2637, #2927, #546 ),
 .UNSPECIFIED., .F., .T. ) 
 B_SPLINE_CURVE_WITH_KNOTS ( ( 4, 4 ),
 ( 4.249618862592598134, 4.249889701921429896 ),
 .UNSPECIFIED. ) 
 CURVE ( )  GEOMETRIC_REPRESENTATION_ITEM ( )  RATIONAL_B_SPLINE_CURVE ( ( 1.000000000000000000, 0.9999999938871715344, 0.9999999938871715344, 1.000000000000000000 ) ) 
 REPRESENTATION_ITEM ( '' )  );
#1701 = CARTESIAN_POINT ( 'NONE',  ( 3.193565865856329733, 5.109226666527939109, -23.13113404776506599 ) ) ;
#1702 = ORIENTED_EDGE ( 'NONE', *, *, #2602, .F. ) ;
#1703 = ORIENTED_EDGE ( 'NONE', *, *, #3144, .F. ) ;
#1704 = CARTESIAN_POINT ( 'NONE',  ( -5.499999999999998224, 0.000000000000000000, -38.50329570143848912 ) ) ;
#1705 = CARTESIAN_POINT ( 'NONE',  ( 4.947900148820132848, -3.404854364578441928, -23.99489463028671565 ) ) ;
#1706 = CARTESIAN_POINT ( 'NONE',  ( 0.6028856829700248721, 2.250000000000000000, -12.66666666666667851 ) ) ;
#1707 = CARTESIAN_POINT ( 'NONE',  ( 5.366349287250277378, -2.700154012721945662, -28.73220646332330119 ) ) ;
#1708 = CARTESIAN_POINT ( 'NONE',  ( -1.004809471616713079, 3.749999999999999556, -10.83333333333333393 ) ) ;
#1709 = EDGE_CURVE ( 'NONE', #2149, #1693, #3436, .T. ) ;
#1710 = ORIENTED_EDGE ( 'NONE', *, *, #2639, .T. ) ;
#1711 = DIRECTION ( 'NONE',  ( 1.000000000000000000, 0.000000000000000000, 0.000000000000000000 ) ) ;
#1712 = CARTESIAN_POINT ( 'NONE',  ( 2.250000000000000000, 0.000000000000000000, -9.500000000000015987 ) ) ;
#1713 = CARTESIAN_POINT ( 'NONE',  ( -1.647114317029974462, 1.647114317029972907, -4.000000000000015987 ) ) ;
#1714 = CARTESIAN_POINT ( 'NONE',  ( 5.613157467662804656, 2.777726075123366112, -23.23690132026482758 ) ) ;
#1715 = CARTESIAN_POINT ( 'NONE',  ( 1.647114317029973796, -1.647114317029973796, -10.49999999999998401 ) ) ;
#1716 = CARTESIAN_POINT ( 'NONE',  ( 5.220411069398609882, 2.970125437755064990, -24.15455689078632062 ) ) ;
#1717 = ORIENTED_EDGE ( 'NONE', *, *, #1718, .F. ) ;
#1718 = EDGE_CURVE ( 'NONE', #2671, #2175, #2267, .T. ) ;
#1719 = CARTESIAN_POINT ( 'NONE',  ( -1.948557158514987231, 1.124999999999999334, -7.833333333333348136 ) ) ;
#1720 = ORIENTED_EDGE ( 'NONE', *, *, #2241, .F. ) ;
#1721 = CARTESIAN_POINT ( 'NONE',  ( 2.296212748401286493E-16, -3.749999999999999112, -8.500000000000000000 ) ) ;
#1722 = VECTOR ( 'NONE', #1372, 1000.000000000000114 ) ;
#1723 = CARTESIAN_POINT ( 'NONE',  ( -2.745190528383290474, 2.745190528383287365, -10.00000000000000000 ) ) ;
#1724 = CARTESIAN_POINT ( 'NONE',  ( 2.745190528383289585, -2.745190528383289585, -4.499999999999999112 ) ) ;
#1725 = CARTESIAN_POINT ( 'NONE',  ( 0.000000000000000000, 0.000000000000000000, 0.000000000000000000 ) ) ;
#1726 = CARTESIAN_POINT ( 'NONE',  ( 3.749999999999999556, -1.004809471616709970, -3.666666666666666075 ) ) ;
#1727 = CARTESIAN_POINT ( 'NONE',  ( -6.000000000000164313, -1.465039614722674743, -28.49495165660761486 ) ) ;
#1728 = EDGE_CURVE ( 'NONE', #2271, #899, #1739, .T. ) ;
#1729 = CARTESIAN_POINT ( 'NONE',  ( -4.499999999999996447, -3.968626966596872307, -28.39476002721890424 ) ) ;
#1730 = AXIS2_PLACEMENT_3D ( 'NONE', #3206, #2101, #1807 ) ;
#1731 = EDGE_LOOP ( 'NONE', ( #1422, #1685, #2755, #2803 ) ) ;
#1732 = CARTESIAN_POINT ( 'NONE',  ( 34.71747435505660206, 0.000000000000000000, -38.50329570143848912 ) ) ;
#1733 = VECTOR ( 'NONE', #15, 1000.000000000000000 ) ;
#1734 = CARTESIAN_POINT ( 'NONE',  ( 6.000000000000000000, -3.500000000000000444, -44.45000347409163766 ) ) ;
#1735 = EDGE_CURVE ( 'NONE', #947, #2065, #934, .T. ) ;
#1736 = CARTESIAN_POINT ( 'NONE',  ( -5.499999999999998224, 3.000000000000000000, -41.37078589322641875 ) ) ;
#1737 = LINE ( 'NONE', #3412, #102 ) ;
#1738 = CARTESIAN_POINT ( 'NONE',  ( -2.249999999999999112, -0.6028856829700266484, -7.833333333333317050 ) ) ;
#1739 = LINE ( 'NONE', #2323, #1130 ) ;
#1740 = ORIENTED_EDGE ( 'NONE', *, *, #3116, .T. ) ;
#1741 = VECTOR ( 'NONE', #2674, 1000.000000000000114 ) ;
#1742 = CARTESIAN_POINT ( 'NONE',  ( -0.6028856829700255382, -2.249999999999999556, -6.666666666666680285 ) ) ;
#1743 = VERTEX_POINT ( 'NONE', #2568 ) ;
#1744 = EDGE_CURVE ( 'NONE', #2326, #357, #1465, .T. ) ;
#1745 = CARTESIAN_POINT ( 'NONE',  ( -6.000000000000000000, 0.000000000000000000, -38.50329570143848912 ) ) ;
#1746 = CARTESIAN_POINT ( 'NONE',  ( 7.867689596508478544, 1.310368695049732413, -22.59152694162109043 ) ) ;
#1747 = CARTESIAN_POINT ( 'NONE',  ( 3.750000000000000444, 0.000000000000000000, -4.000000000000000000 ) ) ;
#1748 = CARTESIAN_POINT ( 'NONE',  ( 4.934984432032141655, -3.431434140564388002, -28.05795083157486403 ) ) ;
#1749 = FACE_OUTER_BOUND ( 'NONE', #1997, .T. ) ;
#1750 = CARTESIAN_POINT ( 'NONE',  ( -1.937253933193776589, -6.874507866387538968, -30.63170818685508578 ) ) ;
#1751 = ORIENTED_EDGE ( 'NONE', *, *, #2581, .F. ) ;
#1752 = CARTESIAN_POINT ( 'NONE',  ( -3.602720060845945760, 7.142857142851035235, -22.96621900223948032 ) ) ;
#1753 = CARTESIAN_POINT ( 'NONE',  ( 0.6028856829700248721, 2.250000000000000444, -4.666666666666682062 ) ) ;
#1754 = LINE ( 'NONE', #407, #3376 ) ;
#1755 = VECTOR ( 'NONE', #3340, 1000.000000000000000 ) ;
#1756 = CARTESIAN_POINT ( 'NONE',  ( 2.702040045625401010, 5.357142857142865644, -22.96621900223646762 ) ) ;
#1757 = VECTOR ( 'NONE', #2949, 1000.000000000000000 ) ;
#1758 = ORIENTED_EDGE ( 'NONE', *, *, #2602, .T. ) ;
#1759 = EDGE_CURVE ( 'NONE', #57, #3325, #2560, .T. ) ;
#1760 = CARTESIAN_POINT ( 'NONE',  ( -0.6028856829700278697, 2.249999999999999112, -8.333333333333349913 ) ) ;
#1761 = EDGE_LOOP ( 'NONE', ( #1111, #129, #2635, #1932, #165, #1185 ) ) ;
#1762 = CARTESIAN_POINT ( 'NONE',  ( 6.000000000000000000, -20.12241610343494358, -34.85304706219150006 ) ) ;
#1763 = CARTESIAN_POINT ( 'NONE',  ( 5.999367665979449704, -0.5717904805555126257, -24.64868908532962877 ) ) ;
#1764 = CARTESIAN_POINT ( 'NONE',  ( 1.004809471616708416, 3.750000000000001332, -7.166666666666667851 ) ) ;
#1765 = CARTESIAN_POINT ( 'NONE',  ( 0.1185965588841855489, 6.000040168733915991, -22.14472949351098308 ) ) ;
#1766 = CARTESIAN_POINT ( 'NONE',  ( -3.749999999999999556, -4.592425496802573972E-16, -13.50000000000000000 ) ) ;
#1767 = CARTESIAN_POINT ( 'NONE',  ( 1.004809471616710859, -3.750000000000000000, -4.833333333333333037 ) ) ;
#1768 = CARTESIAN_POINT ( 'NONE',  ( 5.500000000000000000, -3.000000000000000000, -47.62542995463457629 ) ) ;
#1769 = DIRECTION ( 'NONE',  ( -0.6546536707079736450, -0.6546536707079798623, -0.3779644730092285854 ) ) ;
#1770 = VERTEX_POINT ( 'NONE', #1428 ) ;
#1771 =( NAMED_UNIT ( * ) SI_UNIT ( $, .STERADIAN. ) SOLID_ANGLE_UNIT ( ) );
#1772 = CARTESIAN_POINT ( 'NONE',  ( -3.608439182435161374, 6.249999999999997335, -0.5000000000000004441 ) ) ;
#1773 = DIRECTION ( 'NONE',  ( -0.7071067811865435759, 8.659560562354884787E-17, 0.7071067811865513475 ) ) ;
#1774 =( BOUNDED_SURFACE ( )  B_SPLINE_SURFACE ( 3, 2, ( 
 ( #1171, #74, #3327 ),
 ( #2452, #1656, #1688 ),
 ( #1389, #2740, #562 ),
 ( #3256, #343, #1138 ),
 ( #3059, #1417, #2518 ),
 ( #28, #819, #1909 ),
 ( #310, #3311, #2238 ),
 ( #47, #1638, #2221 ),
 ( #2721, #1973, #1705 ),
 ( #1124, #2791, #2205 ),
 ( #3296, #294, #1370 ),
 ( #2189, #3279, #3025 ),
 ( #1940, #839, #595 ),
 ( #2027, #683, #377 ),
 ( #3401, #3112, #1763 ),
 ( #2010, #2861, #3129 ),
 ( #1204, #958, #167 ),
 ( #1746, #2608, #182 ),
 ( #2043, #3092, #922 ),
 ( #448, #3363, #1781 ),
 ( #666, #2842, #649 ),
 ( #2290, #699, #414 ),
 ( #1189, #148, #2256 ),
 ( #1226, #2826, #3145 ),
 ( #432, #114, #397 ),
 ( #1450, #3345, #131 ),
 ( #1508, #1490, #716 ),
 ( #2573, #2592, #1243 ),
 ( #1528, #1471, #3383 ),
 ( #2311, #2556, #2328 ) ),
 .UNSPECIFIED., .F., .F., .F. ) 
 B_SPLINE_SURFACE_WITH_KNOTS ( ( 4, 2, 2, 2, 2, 2, 2, 2, 2, 2, 2, 2, 2, 2, 4 ),
 ( 3, 3 ),
 ( 0.01686184830733299111, 0.01798218646048141411, 0.01910252461362984058, 0.02022286276677826705, 0.02134320091992669005, 0.02246353907307511305, 0.02358387722622353605, 0.02582455353252038552, 0.02694489168566881199, 0.02806522983881723499, 0.02918556799196565799, 0.03030590614511408099, 0.03142624429826250398, 0.03254658245141092698, 0.03478725875770777992 ),
 ( 0.000000000000000000, 1.000000000000000000 ),
 .UNSPECIFIED. ) 
 GEOMETRIC_REPRESENTATION_ITEM ( )  RATIONAL_B_SPLINE_SURFACE ( (
 ( 1.000000000000000000, 0.8362406767116673523, 1.000000000000000000),
 ( 1.000000000000000000, 0.8307560189412062090, 1.000000000000000000),
 ( 1.000000000000000000, 0.8246415831183494527, 1.000000000000000000),
 ( 1.000000000000000000, 0.8115488393453998972, 1.000000000000000000),
 ( 1.000000000000000000, 0.8046664787313637657, 1.000000000000000000),
 ( 1.000000000000000000, 0.7905604710000491142, 1.000000000000000000),
 ( 1.000000000000000000, 0.7833349495021059150, 1.000000000000000000),
 ( 1.000000000000000000, 0.7688990685149866833, 1.000000000000000000),
 ( 1.000000000000000000, 0.7616948907704723659, 1.000000000000000000),
 ( 1.000000000000000000, 0.7481495659558521361, 1.000000000000000000),
 ( 1.000000000000000000, 0.7417517788275233004, 1.000000000000000000),
 ( 1.000000000000000000, 0.7301457758345165638, 1.000000000000000000),
 ( 1.000000000000000000, 0.7249141846964836100, 1.000000000000000000),
 ( 1.000000000000000000, 0.7119170116525465053, 1.000000000000000000),
 ( 1.000000000000000000, 0.7071440417494531117, 1.000000000000000000),
 ( 1.000000000000000000, 0.7070884790148154186, 1.000000000000000000),
 ( 1.000000000000000000, 0.7082676861481035369, 1.000000000000000000),
 ( 1.000000000000000000, 0.7128936733819907223, 1.000000000000000000),
 ( 1.000000000000000000, 0.7163025702943475181, 1.000000000000000000),
 ( 1.000000000000000000, 0.7248681965281142947, 1.000000000000000000),
 ( 1.000000000000000000, 0.7300292082350842149, 1.000000000000000000),
 ( 1.000000000000000000, 0.7417080190000781004, 1.000000000000000000),
 ( 1.000000000000000000, 0.7482487816652559909, 1.000000000000000000),
 ( 1.000000000000000000, 0.7618433976091104620, 1.000000000000000000),
 ( 1.000000000000000000, 0.7689408187038642151, 1.000000000000000000),
 ( 1.000000000000000000, 0.7833181647576212825, 1.000000000000000000),
 ( 1.000000000000000000, 0.7906491225362899389, 1.000000000000000000),
 ( 1.000000000000000000, 0.8119477304443635246, 1.000000000000000000),
 ( 1.000000000000000000, 0.8251712366937451471, 1.000000000000000000),
 ( 1.000000000000000000, 0.8362406767120200701, 1.000000000000000000) ) ) 
 REPRESENTATION_ITEM ( '' )  SURFACE ( )  );
#1775 = CARTESIAN_POINT ( 'NONE',  ( 1.499999999999994449, 3.000000000000000000, -41.37078589322641875 ) ) ;
#1776 = ORIENTED_EDGE ( 'NONE', *, *, #1089, .T. ) ;
#1777 = CARTESIAN_POINT ( 'NONE',  ( -1.647114317029974240, 1.647114317029972907, -4.000000000000015987 ) ) ;
#1778 = EDGE_CURVE ( 'NONE', #2902, #1954, #3139, .T. ) ;
#1779 = ORIENTED_EDGE ( 'NONE', *, *, #2356, .F. ) ;
#1780 = CARTESIAN_POINT ( 'NONE',  ( 3.247595264191644127, -1.874999999999999334, -7.833333333333333037 ) ) ;
#1781 = CARTESIAN_POINT ( 'NONE',  ( 5.687363431549772308, 1.931608533129485883, -24.44455627255325325 ) ) ;
#1782 = CARTESIAN_POINT ( 'NONE',  ( 2.745190528383289585, -2.745190528383289585, -8.500000000000000000 ) ) ;
#1783 = VECTOR ( 'NONE', #2610, 1000.000000000000000 ) ;
#1784 = CARTESIAN_POINT ( 'NONE',  ( -0.4800275780967663830, 5.985395839653482319, -22.18166367084354462 ) ) ;
#1785 = CARTESIAN_POINT ( 'NONE',  ( 1.691355389077386917E-14, 0.000000000000000000, -49.35948076220345371 ) ) ;
#1786 = CARTESIAN_POINT ( 'NONE',  ( 1.875000000000000666, -3.247595264191645015, -4.666666666666666075 ) ) ;
#1787 = FACE_OUTER_BOUND ( 'NONE', #2771, .T. ) ;
#1788 = LINE ( 'NONE', #1498, #2466 ) ;
#1789 = ORIENTED_EDGE ( 'NONE', *, *, #3037, .F. ) ;
#1790 = SURFACE_SIDE_STYLE ('',( #708 ) ) ;
#1791 = ADVANCED_FACE ( 'NONE', ( #3095 ), #1247, .F. ) ;
#1792 = DIRECTION ( 'NONE',  ( -0.6069769786668814948, -0.6882472016116866209, 0.3973597071195150154 ) ) ;
#1793 = CARTESIAN_POINT ( 'NONE',  ( -1.937253933193774369, 6.874507866387540744, -30.63170818685507868 ) ) ;
#1794 = DIRECTION ( 'NONE',  ( 0.000000000000000000, 0.000000000000000000, 1.000000000000000000 ) ) ;
#1795 = CARTESIAN_POINT ( 'NONE',  ( 0.6028856829700248721, 2.250000000000000000, -13.16666666666664831 ) ) ;
#1796 = ADVANCED_FACE ( 'NONE', ( #1749 ), #2315, .F. ) ;
#1797 = ORIENTED_EDGE ( 'NONE', *, *, #641, .T. ) ;
#1798 = CARTESIAN_POINT ( 'NONE',  ( -3.750000000000000000, 1.004809471616707972, -9.666666666666664298 ) ) ;
#1799 = CARTESIAN_POINT ( 'NONE',  ( 3.609092152412046506, -6.248869022824211861, -21.17714470564451901 ) ) ;
#1800 = CARTESIAN_POINT ( 'NONE',  ( -5.964937952095242579, 0.7454718008299655585, -27.64913516268925164 ) ) ;
#1801 = CIRCLE ( 'NONE', #3331, 2.000000000000000000 ) ;
#1802 = CARTESIAN_POINT ( 'NONE',  ( -1.091675075864471101, 5.907769900148444719, -21.68288977896055414 ) ) ;
#1803 = CARTESIAN_POINT ( 'NONE',  ( -4.963825038857558880, -3.396640373345019892, -29.42401887784701486 ) ) ;
#1804 = CARTESIAN_POINT ( 'NONE',  ( -2.745190528383290918, 2.745190528383287365, -6.499999999999999112 ) ) ;
#1805 = DIRECTION ( 'NONE',  ( 0.000000000000000000, -1.000000000000000000, -0.000000000000000000 ) ) ;
#1806 = AXIS2_PLACEMENT_3D ( 'NONE', #3445, #1024, #692 ) ;
#1807 = DIRECTION ( 'NONE',  ( -0.000000000000000000, 0.8660254037844388186, 0.4999999999999997224 ) ) ;
#1808 = EDGE_LOOP ( 'NONE', ( #2531, #760, #461, #825 ) ) ;
#1809 = CARTESIAN_POINT ( 'NONE',  ( 6.000000000000000000, 6.899999999999991473, 8.098414633817477919E-16 ) ) ;
#1810 = DIRECTION ( 'NONE',  ( 0.000000000000000000, -0.000000000000000000, 1.000000000000000000 ) ) ;
#1811 = CARTESIAN_POINT ( 'NONE',  ( -5.500000000000000000, 3.000000000000000000, -38.50329570143848912 ) ) ;
#1812 = LINE ( 'NONE', #3465, #1552 ) ;
#1813 = ORIENTED_EDGE ( 'NONE', *, *, #2233, .T. ) ;
#1814 = CARTESIAN_POINT ( 'NONE',  ( 2.296212748401286493E-16, -3.749999999999999112, -12.49999999999999822 ) ) ;
#1815 = CARTESIAN_POINT ( 'NONE',  ( 4.500000000000004441, 3.968626966596900729, -28.39476002721892200 ) ) ;
#1816 = CARTESIAN_POINT ( 'NONE',  ( -4.499999999999997335, 3.968626966596871419, -28.39476002721890069 ) ) ;
#1817 = CARTESIAN_POINT ( 'NONE',  ( -2.116064064079481888, 5.645408451543377559, -21.76464842823212820 ) ) ;
#1818 = CARTESIAN_POINT ( 'NONE',  ( -5.999817767000520163, -0.2398998075823321197, -22.64904230328511048 ) ) ;
#1819 = CYLINDRICAL_SURFACE ( 'NONE', #95, 14.00000000000000178 ) ;
#1820 = EDGE_LOOP ( 'NONE', ( #2442, #1030, #1193 ) ) ;
#1821 = CARTESIAN_POINT ( 'NONE',  ( 0.6400367707761914771, -6.250000000000000000, -21.17658045704106584 ) ) ;
#1822 = DIRECTION ( 'NONE',  ( 0.4999999999999999445, 0.8660254037844387076, 0.000000000000000000 ) ) ;
#1823 = VERTEX_POINT ( 'NONE', #3404 ) ;
#1824 = DIRECTION ( 'NONE',  ( 0.000000000000000000, 0.000000000000000000, 1.000000000000000000 ) ) ;
#1825 = DIRECTION ( 'NONE',  ( 0.000000000000000000, -0.8660254037844388186, -0.4999999999999996669 ) ) ;
#1826 = CARTESIAN_POINT ( 'NONE',  ( 5.500000000000000000, 6.399999999999995026, -34.80825397862487591 ) ) ;
#1827 = CARTESIAN_POINT ( 'NONE',  ( 5.500000000000000000, -6.399999999999998579, -34.80825397862489012 ) ) ;
#1828 = ORIENTED_EDGE ( 'NONE', *, *, #2581, .T. ) ;
#1829 = CARTESIAN_POINT ( 'NONE',  ( 1.874999999999996891, 3.247595264191645459, -10.83333333333333393 ) ) ;
#1830 = CARTESIAN_POINT ( 'NONE',  ( 3.749999999999998668, 1.004809471616713079, -11.33333333333333037 ) ) ;
#1831 = CARTESIAN_POINT ( 'NONE',  ( 6.000000000000000000, -6.399999999999998579, -42.19833742425210232 ) ) ;
#1832 = ORIENTED_EDGE ( 'NONE', *, *, #1477, .F. ) ;
#1833 = CARTESIAN_POINT ( 'NONE',  ( -0.9473865456564306564, 5.929405414220199511, -22.30041333294628814 ) ) ;
#1834 = CARTESIAN_POINT ( 'NONE',  ( -3.635949258047142862, 4.780625247184245197, -23.32635602998657376 ) ) ;
#1835 = CARTESIAN_POINT ( 'NONE',  ( 6.000000000000000888, 5.291502622129202749, -28.39476002721892200 ) ) ;
#1836 = VERTEX_POINT ( 'NONE', #2061 ) ;
#1837 = CARTESIAN_POINT ( 'NONE',  ( -3.602720060833708882, -6.250000000000000000, -21.17658045704106584 ) ) ;
#1838 = EDGE_CURVE ( 'NONE', #2511, #508, #651, .T. ) ;
#1839 = CARTESIAN_POINT ( 'NONE',  ( -5.832968524219369399, -3.332968524218646422, -41.50200614876992944 ) ) ;
#1840 = ORIENTED_EDGE ( 'NONE', *, *, #3046, .T. ) ;
#1841 = FACE_OUTER_BOUND ( 'NONE', #1820, .T. ) ;
#1842 = AXIS2_PLACEMENT_3D ( 'NONE', #1826, #193, #1844 ) ;
#1843 = CARTESIAN_POINT ( 'NONE',  ( -6.000000000000000000, -3.499999999999999556, -47.33675482003976498 ) ) ;
#1844 = DIRECTION ( 'NONE',  ( 0.000000000000000000, -0.8660254037844382635, 0.5000000000000005551 ) ) ;
#1845 = VECTOR ( 'NONE', #2064, 1000.000000000000000 ) ;
#1846 = CARTESIAN_POINT ( 'NONE',  ( -3.247595264191645015, 1.874999999999998668, -5.833333333333333037 ) ) ;
#1847 = CARTESIAN_POINT ( 'NONE',  ( -1.004809471616712635, 3.749999999999998224, -10.33333333333333037 ) ) ;
#1848 = EDGE_CURVE ( 'NONE', #2050, #1049, #1192, .T. ) ;
#1849 = CARTESIAN_POINT ( 'NONE',  ( -1.892236952661404459, 5.772215820010816678, -30.98170099817751932 ) ) ;
#1850 = CARTESIAN_POINT ( 'NONE',  ( 3.750000000000000444, 0.000000000000000000, -12.00000000000000000 ) ) ;
#1851 = ORIENTED_EDGE ( 'NONE', *, *, #1099, .T. ) ;
#1852 = EDGE_CURVE ( 'NONE', #430, #1085, #3182, .T. ) ;
#1853 = ADVANCED_FACE ( 'NONE', ( #961 ), #3132, .T. ) ;
#1854 = DIRECTION ( 'NONE',  ( 1.000000000000000000, 0.000000000000000000, 0.000000000000000000 ) ) ;
#1855 = CARTESIAN_POINT ( 'NONE',  ( -4.949448737989837532, 3.402570318841913632, -23.99578661120167311 ) ) ;
#1856 = DIRECTION ( 'NONE',  ( 0.5000000000000002220, -0.8660254037844385966, 0.000000000000000000 ) ) ;
#1857 = ORIENTED_EDGE ( 'NONE', *, *, #2665, .F. ) ;
#1858 = CARTESIAN_POINT ( 'NONE',  ( 2.471124264168691465, -6.250000000000111910, -21.17658045704092729 ) ) ;
#1859 = AXIS2_PLACEMENT_3D ( 'NONE', #1687, #1953, #3040 ) ;
#1860 = EDGE_CURVE ( 'NONE', #1169, #2300, #2658, .T. ) ;
#1861 = CARTESIAN_POINT ( 'NONE',  ( 5.296678816381445110, -2.841135379600410626, -27.85434452411023187 ) ) ;
#1862 = CARTESIAN_POINT ( 'NONE',  ( 6.000000000000134115, 1.826953443907407548, -28.70390270331054339 ) ) ;
#1863 = CARTESIAN_POINT ( 'NONE',  ( -2.250000000000000000, 0.6028856829700249831, -3.666666666666681618 ) ) ;
#1864 = CARTESIAN_POINT ( 'NONE',  ( -1.948557158514987231, 1.124999999999999334, -8.333333333333317938 ) ) ;
#1865 = DIRECTION ( 'NONE',  ( 0.000000000000000000, 0.000000000000000000, -1.000000000000000000 ) ) ;
#1866 = CARTESIAN_POINT ( 'NONE',  ( 1.377727649040772142E-16, -2.250000000000000000, -2.999999999999984013 ) ) ;
#1867 = CARTESIAN_POINT ( 'NONE',  ( 0.000000000000000000, 0.000000000000000000, 0.000000000000000000 ) ) ;
#1868 = EDGE_CURVE ( 'NONE', #3015, #1693, #1038, .T. ) ;
#1869 =( GEOMETRIC_REPRESENTATION_CONTEXT ( 3 ) GLOBAL_UNCERTAINTY_ASSIGNED_CONTEXT ( ( #271 ) ) GLOBAL_UNIT_ASSIGNED_CONTEXT ( ( #36, #1113, #1690 ) ) REPRESENTATION_CONTEXT ( 'NONE', 'WORKASPACE' ) );
#1870 = ORIENTED_EDGE ( 'NONE', *, *, #1981, .T. ) ;
#1871 = CARTESIAN_POINT ( 'NONE',  ( 4.917055396723285732, 3.442662487454658748, -28.07509684000712014 ) ) ;
#1872 = CARTESIAN_POINT ( 'NONE',  ( -3.932155326530730743, 6.104609277233111087, -21.24911641447000576 ) ) ;
#1873 = ORIENTED_EDGE ( 'NONE', *, *, #2865, .T. ) ;
#1874 =( BOUNDED_CURVE ( )  B_SPLINE_CURVE ( 2, ( #580, #3512, #212, #2393, #2894, #3431, #460, #3230, #747, #1591, #1008, #2109, #1883 ),
 .UNSPECIFIED., .F., .F. ) 
 B_SPLINE_CURVE_WITH_KNOTS ( ( 3, 2, 2, 2, 2, 2, 3 ),
 ( 0.000000000000000000, 0.02777777777777777624, 0.05555555555555555247, 0.08333333333333332871, 0.1111111111111111049, 0.1388888888888888951, 0.1666666666666666574 ),
 .UNSPECIFIED. ) 
 CURVE ( )  GEOMETRIC_REPRESENTATION_ITEM ( )  RATIONAL_B_SPLINE_CURVE ( ( 1.000000000000000000, 0.9659258262890683122, 1.000000000000000000, 0.9659258262890683122, 1.000000000000000000, 0.9659258262890683122, 1.000000000000000000, 0.9659258262890683122, 1.000000000000000000, 0.9659258262890683122, 1.000000000000000000, 0.9659258262890683122, 1.000000000000000000 ) ) 
 REPRESENTATION_ITEM ( '' )  );
#1875 = LINE ( 'NONE', #2131, #1281 ) ;
#1876 = ORIENTED_EDGE ( 'NONE', *, *, #2583, .T. ) ;
#1877 = CARTESIAN_POINT ( 'NONE',  ( -0.6395613605038809046, -6.249999999999999112, -21.17658045704106584 ) ) ;
#1878 = CARTESIAN_POINT ( 'NONE',  ( -7.216878364870320972, 6.249999999999995559, -21.17658045704107295 ) ) ;
#1879 = CARTESIAN_POINT ( 'NONE',  ( 6.000000000000008882, 2.199541230456090599E-15, -27.64911064067352342 ) ) ;
#1880 = CARTESIAN_POINT ( 'NONE',  ( 1.377727649040772142E-16, -2.250000000000000000, -10.50000000000001421 ) ) ;
#1881 = CARTESIAN_POINT ( 'NONE',  ( -1.004809471616709748, -3.750000000000000444, -9.166666666666666075 ) ) ;
#1882 = CARTESIAN_POINT ( 'NONE',  ( -0.6028856829700277586, 2.249999999999999556, -4.833333333333317050 ) ) ;
#1883 = CARTESIAN_POINT ( 'NONE',  ( -3.750000000000000444, -4.592425496802574958E-16, -2.000000000000000000 ) ) ;
#1884 = CARTESIAN_POINT ( 'NONE',  ( 2.249999999999999556, -0.6028856829700258713, -6.166666666666650976 ) ) ;
#1885 = ORIENTED_EDGE ( 'NONE', *, *, #94, .F. ) ;
#1886 = EDGE_CURVE ( 'NONE', #695, #391, #3427, .T. ) ;
#1887 = CYLINDRICAL_SURFACE ( 'NONE', #339, 4.149999999999994138 ) ;
#1888 = CARTESIAN_POINT ( 'NONE',  ( -5.841899182167442639, -1.396830536180649229, -24.54449802327369667 ) ) ;
#1889 = CARTESIAN_POINT ( 'NONE',  ( 6.000000000000000000, -9.399999999999996803, -33.07620317105600805 ) ) ;
#1890 = ORIENTED_EDGE ( 'NONE', *, *, #1070, .T. ) ;
#1891 = B_SPLINE_CURVE_WITH_KNOTS ( 'NONE', 3,
 ( #1628, #1132, #847, #301, #317, #18, #2178, #1646, #622, #2212, #879, #3031, #2444, #3266 ),
 .UNSPECIFIED., .F., .F.,
 ( 4, 2, 2, 2, 2, 2, 4 ),
 ( 0.03237354250329366190, 0.03324195699848316726, 0.03411037149367267263, 0.03584720048405167642, 0.03758402947443068715, 0.03845244396962018557, 0.03932085846480969094 ),
 .UNSPECIFIED. ) ;
#1892 = CARTESIAN_POINT ( 'NONE',  ( 6.000000000000000000, -3.500000000000000444, -44.16132833949682635 ) ) ;
#1893 = FACE_OUTER_BOUND ( 'NONE', #52, .T. ) ;
#1894 = CARTESIAN_POINT ( 'NONE',  ( -5.366349287249853717, 2.700154012722520758, -28.73220646332409345 ) ) ;
#1895 = CARTESIAN_POINT ( 'NONE',  ( -1.647114317029974240, 1.647114317029972907, -8.000000000000014211 ) ) ;
#1896 = ORIENTED_EDGE ( 'NONE', *, *, #513, .F. ) ;
#1897 = EDGE_CURVE ( 'NONE', #3008, #3410, #3496, .T. ) ;
#1898 = DIRECTION ( 'NONE',  ( 0.000000000000000000, 0.000000000000000000, 1.000000000000000000 ) ) ;
#1899 = CARTESIAN_POINT ( 'NONE',  ( -4.237721715040676962, 4.256072407407343938, -23.61121780562609018 ) ) ;
#1900 = CARTESIAN_POINT ( 'NONE',  ( -2.249999999999999556, -0.6028856829700266484, -7.833333333333317050 ) ) ;
#1901 = CARTESIAN_POINT ( 'NONE',  ( 4.185856040698353375, -5.249884664341349705, -21.77455744559823714 ) ) ;
#1902 = CARTESIAN_POINT ( 'NONE',  ( 0.6028856829700248721, 2.250000000000000000, -9.166666666666650087 ) ) ;
#1903 = AXIS2_PLACEMENT_3D ( 'NONE', #2049, #2888, #2119 ) ;
#1904 = ORIENTED_EDGE ( 'NONE', *, *, #333, .F. ) ;
#1905 = ORIENTED_EDGE ( 'NONE', *, *, #3020, .F. ) ;
#1906 = CARTESIAN_POINT ( 'NONE',  ( -6.000000000000000000, 9.399999999999991473, -43.93038823182097019 ) ) ;
#1907 = CARTESIAN_POINT ( 'NONE',  ( -5.723085470433654898, -1.893303166277809702, -22.54460208111462549 ) ) ;
#1908 = CARTESIAN_POINT ( 'NONE',  ( 0.8480620767729802889, -6.000000000000003553, -29.95851171743203167 ) ) ;
#1909 = CARTESIAN_POINT ( 'NONE',  ( 4.248439791887783201, -4.245499133298289429, -23.61659987209044331 ) ) ;
#1910 = DIRECTION ( 'NONE',  ( -0.5000000000000002220, -0.8660254037844385966, 0.000000000000000000 ) ) ;
#1911 = CARTESIAN_POINT ( 'NONE',  ( -3.609745166496554525, -6.247737969251787149, -21.17770880108458087 ) ) ;
#1912 = CARTESIAN_POINT ( 'NONE',  ( -4.872789749697805206, 3.545923122733546151, -29.69635031010945170 ) ) ;
#1913 = AXIS2_PLACEMENT_3D ( 'NONE', #381, #1156, #79 ) ;
#1914 = DIRECTION ( 'NONE',  ( 1.000000000000000000, 0.000000000000000000, -0.000000000000000000 ) ) ;
#1915 = EDGE_LOOP ( 'NONE', ( #1618, #523, #2082, #2254, #815, #1550, #348, #876 ) ) ;
#1916 = CARTESIAN_POINT ( 'NONE',  ( 6.000000000000000000, 6.399999999999995914, -42.19833742425209522 ) ) ;
#1917 = LINE ( 'NONE', #1963, #3214 ) ;
#1918 = CARTESIAN_POINT ( 'NONE',  ( 1.125000000000000222, -1.948557158514986787, -10.66666666666665009 ) ) ;
#1919 = CARTESIAN_POINT ( 'NONE',  ( 2.250000000000000000, 0.000000000000000000, -5.999999999999984901 ) ) ;
#1920 = AXIS2_PLACEMENT_3D ( 'NONE', #177, #1792, #2638 ) ;
#1921 = DIRECTION ( 'NONE',  ( 1.000000000000000000, 0.000000000000000000, 0.000000000000000000 ) ) ;
#1922 = ORIENTED_EDGE ( 'NONE', *, *, #1357, .T. ) ;
#1923 = CARTESIAN_POINT ( 'NONE',  ( 6.000000000000000000, -6.899999999999998579, 0.000000000000000000 ) ) ;
#1924 = DIRECTION ( 'NONE',  ( -0.000000000000000000, -0.000000000000000000, -1.000000000000000000 ) ) ;
#1925 = ORIENTED_EDGE ( 'NONE', *, *, #3499, .F. ) ;
#1926 = DIRECTION ( 'NONE',  ( 0.000000000000000000, 0.000000000000000000, 1.000000000000000000 ) ) ;
#1927 = EDGE_LOOP ( 'NONE', ( #756, #42, #2522, #3469 ) ) ;
#1928 = CARTESIAN_POINT ( 'NONE',  ( 2.000000000000000000, 3.499999999999287681, -41.56474960440763766 ) ) ;
#1929 = PRODUCT_DEFINITION_FORMATION_WITH_SPECIFIED_SOURCE ( 'ANY', '', #2754, .NOT_KNOWN. ) ;
#1930 = CARTESIAN_POINT ( 'NONE',  ( -5.503423996722318634, 2.415874513847781291, -28.54830555572353390 ) ) ;
#1931 = CARTESIAN_POINT ( 'NONE',  ( -5.940703005014350779, 2.210400562638033861, -23.28408777105206440 ) ) ;
#1932 = ORIENTED_EDGE ( 'NONE', *, *, #597, .F. ) ;
#1933 = CARTESIAN_POINT ( 'NONE',  ( 2.000000000000001776, 0.000000000000000000, -38.50329570143848912 ) ) ;
#1934 = CARTESIAN_POINT ( 'NONE',  ( -4.133182947122316674E-16, 2.250000000000000000, -12.99999999999998401 ) ) ;
#1935 = CARTESIAN_POINT ( 'NONE',  ( 1.647114317029973796, -1.647114317029973796, -6.499999999999983125 ) ) ;
#1936 = CARTESIAN_POINT ( 'NONE',  ( 3.608439182435158710, 6.249999999999995559, -21.17658045704107295 ) ) ;
#1937 = ORIENTED_EDGE ( 'NONE', *, *, #1462, .F. ) ;
#1938 = CARTESIAN_POINT ( 'NONE',  ( -5.553356344087163166, -2.365006792277941194, -22.47964926239893657 ) ) ;
#1939 = FACE_OUTER_BOUND ( 'NONE', #2976, .T. ) ;
#1940 = CARTESIAN_POINT ( 'NONE',  ( 7.582049165799473300, -2.256928473131296187, -22.46965743760439338 ) ) ;
#1941 = CARTESIAN_POINT ( 'NONE',  ( -7.216878364870320972, 0.000000000000000000, -8.649110640673519868 ) ) ;
#1942 = CARTESIAN_POINT ( 'NONE',  ( -3.610398224675317902, -6.246606839296584113, -21.17827274335433430 ) ) ;
#1943 = FACE_BOUND ( 'NONE', #6, .T. ) ;
#1944 = VERTEX_POINT ( 'NONE', #1551 ) ;
#1945 = CARTESIAN_POINT ( 'NONE',  ( 5.500000000000000000, -3.000000000000000000, -47.62542995463457629 ) ) ;
#1946 = CARTESIAN_POINT ( 'NONE',  ( 5.500000000000000000, 3.000000000000000000, -44.16132833949681924 ) ) ;
#1947 = AXIS2_PLACEMENT_3D ( 'NONE', #1867, #2916, #1062 ) ;
#1948 = CARTESIAN_POINT ( 'NONE',  ( 1.647114317029973796, -1.647114317029973796, -2.499999999999984013 ) ) ;
#1949 = LINE ( 'NONE', #70, #110 ) ;
#1950 = ADVANCED_FACE ( 'NONE', ( #226 ), #2088, .F. ) ;
#1951 = ORIENTED_EDGE ( 'NONE', *, *, #2478, .T. ) ;
#1952 = FACE_OUTER_BOUND ( 'NONE', #422, .T. ) ;
#1953 = DIRECTION ( 'NONE',  ( 0.000000000000000000, -0.5000000000000003331, -0.8660254037844385966 ) ) ;
#1954 = VERTEX_POINT ( 'NONE', #1571 ) ;
#1955 = CARTESIAN_POINT ( 'NONE',  ( -1.647114317029974240, 1.647114317029972907, -12.00000000000001066 ) ) ;
#1956 = EDGE_CURVE ( 'NONE', #1103, #1644, #3173, .T. ) ;
#1957 = CARTESIAN_POINT ( 'NONE',  ( 5.964733835961079755, -0.7402945254090934624, -27.86305344099545067 ) ) ;
#1958 = LINE ( 'NONE', #823, #1446 ) ;
#1959 = ADVANCED_FACE ( 'NONE', ( #2956 ), #526, .F. ) ;
#1960 = VERTEX_POINT ( 'NONE', #473 ) ;
#1961 = CARTESIAN_POINT ( 'NONE',  ( -6.900543655885876149, 0.5479077881585713294, -22.95105945634302458 ) ) ;
#1962 = CARTESIAN_POINT ( 'NONE',  ( -1.647114317029974462, 1.647114317029972907, -12.00000000000001421 ) ) ;
#1963 = CARTESIAN_POINT ( 'NONE',  ( 3.749999999999979572, 0.000000000000000000, -16.49999999999997868 ) ) ;
#1964 = PRODUCT_DEFINITION ( 'UNKNOWN', '', #1929, #2435 ) ;
#1965 = LINE ( 'NONE', #142, #1005 ) ;
#1966 = VECTOR ( 'NONE', #383, 1000.000000000000000 ) ;
#1967 = CARTESIAN_POINT ( 'NONE',  ( 2.250000000000000000, 0.000000000000000000, -1.999999999999984013 ) ) ;
#1968 = CARTESIAN_POINT ( 'NONE',  ( 6.000000000000000000, -3.000000000000000000, -47.62542995463457629 ) ) ;
#1969 = AXIS2_PLACEMENT_3D ( 'NONE', #1745, #2825, #396 ) ;
#1970 = ORIENTED_EDGE ( 'NONE', *, *, #633, .T. ) ;
#1971 = DIRECTION ( 'NONE',  ( 1.000000000000000000, 0.000000000000000000, 0.000000000000000000 ) ) ;
#1972 = EDGE_CURVE ( 'NONE', #2414, #884, #1023, .T. ) ;
#1973 = CARTESIAN_POINT ( 'NONE',  ( 5.178033080595666249, -3.069111185311800494, -22.34273459097742887 ) ) ;
#1974 = CARTESIAN_POINT ( 'NONE',  ( 0.6028856829700264264, -2.249999999999999112, -6.333333333333349024 ) ) ;
#1975 = DIRECTION ( 'NONE',  ( 1.000000000000000000, 0.000000000000000000, 0.000000000000000000 ) ) ;
#1976 = ORIENTED_EDGE ( 'NONE', *, *, #481, .T. ) ;
#1977 = LINE ( 'NONE', #2597, #1966 ) ;
#1978 = VECTOR ( 'NONE', #7, 1000.000000000000000 ) ;
#1979 = CARTESIAN_POINT ( 'NONE',  ( 2.249999999999999556, 0.6028856829700278697, -5.333333333333346360 ) ) ;
#1980 = CARTESIAN_POINT ( 'NONE',  ( -2.250000000000000000, -2.755455298081544285E-16, -3.500000000000015099 ) ) ;
#1981 = EDGE_CURVE ( 'NONE', #1557, #2425, #1700, .T. ) ;
#1982 = CARTESIAN_POINT ( 'NONE',  ( 7.216878364870321860, 1.739295423971095542E-15, -30.00000000000000000 ) ) ;
#1983 = CARTESIAN_POINT ( 'NONE',  ( 1.948557158514986121, 1.125000000000000888, -9.666666666666650087 ) ) ;
#1984 = CARTESIAN_POINT ( 'NONE',  ( 5.581339828383041102, 2.219371347548140694, -24.37685658016208734 ) ) ;
#1985 = ORIENTED_EDGE ( 'NONE', *, *, #2107, .F. ) ;
#1986 = ADVANCED_FACE ( 'NONE', ( #1841 ), #394, .F. ) ;
#1987 = CARTESIAN_POINT ( 'NONE',  ( 1.647114317029973352, 1.647114317029973796, -13.49999999999998401 ) ) ;
#1988 = ORIENTED_EDGE ( 'NONE', *, *, #2012, .T. ) ;
#1989 = CARTESIAN_POINT ( 'NONE',  ( 1.875000000000000000, -3.247595264191644127, -4.166666666666666963 ) ) ;
#1990 = CARTESIAN_POINT ( 'NONE',  ( -3.750000000000000444, 1.004809471616708416, -9.666666666666666075 ) ) ;
#1991 = CARTESIAN_POINT ( 'NONE',  ( -3.750000000000000444, -4.592425496802574958E-16, -10.00000000000000000 ) ) ;
#1992 =( BOUNDED_CURVE ( )  B_SPLINE_CURVE ( 2, ( #2075, #500, #784, #2395, #2947, #2680, #2413, #1012, #2664, #233, #516, #1593, #3505 ),
 .UNSPECIFIED., .F., .T. ) 
 B_SPLINE_CURVE_WITH_KNOTS ( ( 3, 2, 2, 2, 2, 2, 3 ),
 ( 0.6666666666666666297, 0.6944444444444444198, 0.7222222222222222099, 0.7500000000000000000, 0.7777777777777776791, 0.8055555555555554692, 0.8333333333333332593 ),
 .UNSPECIFIED. ) 
 CURVE ( )  GEOMETRIC_REPRESENTATION_ITEM ( )  RATIONAL_B_SPLINE_CURVE ( ( 1.000000000000000000, 0.9659258262890683122, 1.000000000000000000, 0.9659258262890683122, 1.000000000000000000, 0.9659258262890683122, 1.000000000000000000, 0.9659258262890683122, 1.000000000000000000, 0.9659258262890683122, 1.000000000000000000, 0.9659258262890684232, 0.9999999999999998890 ) ) 
 REPRESENTATION_ITEM ( '' )  );
#1993 = ADVANCED_FACE ( 'NONE', ( #312 ), #1392, .T. ) ;
#1994 = CARTESIAN_POINT ( 'NONE',  ( 4.500000000000004441, -3.968626966596902506, -28.39476002721892911 ) ) ;
#1995 = CARTESIAN_POINT ( 'NONE',  ( -5.999999999996362021, -0.3691734337549748557, -27.75568220896303373 ) ) ;
#1996 = DIRECTION ( 'NONE',  ( -0.6546536707079776418, -0.6546536707079776418, 0.3779644730092251437 ) ) ;
#1997 = EDGE_LOOP ( 'NONE', ( #255, #108, #216 ) ) ;
#1998 = DIRECTION ( 'NONE',  ( 0.000000000000000000, 0.000000000000000000, -1.000000000000000000 ) ) ;
#1999 = CARTESIAN_POINT ( 'NONE',  ( -0.6028856829700256492, -2.250000000000000000, -10.66666666666668206 ) ) ;
#2000 = FILL_AREA_STYLE ('',( #948 ) ) ;
#2001 = LINE ( 'NONE', #1484, #2532 ) ;
#2002 = EDGE_CURVE ( 'NONE', #2934, #3417, #1958, .T. ) ;
#2003 = CARTESIAN_POINT ( 'NONE',  ( -1.124999999999999556, -1.948557158514987009, -7.333333333333317050 ) ) ;
#2004 = CARTESIAN_POINT ( 'NONE',  ( -3.749999999999999556, -4.592425496802573972E-16, -9.500000000000000000 ) ) ;
#2005 = ORIENTED_EDGE ( 'NONE', *, *, #2989, .T. ) ;
#2006 = CARTESIAN_POINT ( 'NONE',  ( 0.6028856829700264264, -2.249999999999999112, -10.33333333333334636 ) ) ;
#2007 = ORIENTED_EDGE ( 'NONE', *, *, #153, .F. ) ;
#2008 = CARTESIAN_POINT ( 'NONE',  ( 2.745190528383287365, 2.745190528383289141, -6.999999999999999112 ) ) ;
#2009 = VECTOR ( 'NONE', #263, 1000.000000000000114 ) ;
#2010 = CARTESIAN_POINT ( 'NONE',  ( 8.000414131262967743, 0.3218645033757052687, -22.64929182322293144 ) ) ;
#2011 = CARTESIAN_POINT ( 'NONE',  ( 3.247595264191645459, -1.875000000000000000, -0.3333333333333333148 ) ) ;
#2012 = EDGE_CURVE ( 'NONE', #1081, #2805, #2993, .T. ) ;
#2013 = DIRECTION ( 'NONE',  ( 0.000000000000000000, 0.000000000000000000, -1.000000000000000000 ) ) ;
#2014 = CARTESIAN_POINT ( 'NONE',  ( 3.750000000000000000, 0.000000000000000000, -30.00000000000000000 ) ) ;
#2015 = CARTESIAN_POINT ( 'NONE',  ( 3.750000000000000444, 0.000000000000000000, 0.000000000000000000 ) ) ;
#2016 = ORIENTED_EDGE ( 'NONE', *, *, #1735, .F. ) ;
#2017 = FACE_OUTER_BOUND ( 'NONE', #2071, .T. ) ;
#2018 = CARTESIAN_POINT ( 'NONE',  ( 1.124999999999998446, 1.948557158514987675, -12.83333333333334814 ) ) ;
#2019 = CARTESIAN_POINT ( 'NONE',  ( 2.000000000000000000, -3.500000000000008882, -41.56474960440763766 ) ) ;
#2020 = CARTESIAN_POINT ( 'NONE',  ( 4.590392045898783024, 4.549207749843263926, -22.29003343577364760 ) ) ;
#2021 = LINE ( 'NONE', #1968, #846 ) ;
#2022 = ORIENTED_EDGE ( 'NONE', *, *, #781, .T. ) ;
#2023 = CIRCLE ( 'NONE', #3504, 1.999999999999999778 ) ;
#2024 = CARTESIAN_POINT ( 'NONE',  ( 1.647114317029973796, -1.647114317029973796, -6.000000000000015099 ) ) ;
#2025 = ORIENTED_EDGE ( 'NONE', *, *, #3106, .T. ) ;
#2026 = FACE_OUTER_BOUND ( 'NONE', #3511, .T. ) ;
#2027 = CARTESIAN_POINT ( 'NONE',  ( 7.893988499863661801, -1.311608367721871060, -22.60205452666654224 ) ) ;
#2028 = CARTESIAN_POINT ( 'NONE',  ( 1.004809471616710859, -3.750000000000000000, -0.8333333333333333703 ) ) ;
#2029 = PRODUCT_CONTEXT ( 'NONE', #2305, 'mechanical' ) ;
#2030 = CARTESIAN_POINT ( 'NONE',  ( -0.3243178290050841017, 6.249999999999964473, -21.17658045704112624 ) ) ;
#2031 = CARTESIAN_POINT ( 'NONE',  ( 1.004809471616708194, 3.750000000000000444, -14.66666666666666430 ) ) ;
#2032 = LINE ( 'NONE', #2116, #2193 ) ;
#2033 = CARTESIAN_POINT ( 'NONE',  ( -1.875000000000001776, 3.247595264191644571, -2.666666666666666519 ) ) ;
#2034 = CARTESIAN_POINT ( 'NONE',  ( -4.133182947122316674E-16, 2.250000000000000000, -12.50000000000001421 ) ) ;
#2035 = EDGE_LOOP ( 'NONE', ( #87, #1566, #308, #2906, #3152, #234, #1018, #1486, #2113, #836, #2544, #2278 ) ) ;
#2036 = DIRECTION ( 'NONE',  ( -0.000000000000000000, 1.000000000000000000, 0.000000000000000000 ) ) ;
#2037 = EDGE_CURVE ( 'NONE', #3449, #1578, #2095, .T. ) ;
#2038 = CARTESIAN_POINT ( 'NONE',  ( 2.296212748401286986E-16, -3.749999999999999556, -8.500000000000000000 ) ) ;
#2039 = EDGE_LOOP ( 'NONE', ( #2352, #479, #2711, #2514, #3284 ) ) ;
#2040 = CARTESIAN_POINT ( 'NONE',  ( 0.6028856829700264264, -2.249999999999999112, -2.333333333333348136 ) ) ;
#2041 = EDGE_LOOP ( 'NONE', ( #1329, #707, #1828, #1970, #2396, #2159, #1613, #2458 ) ) ;
#2042 = CARTESIAN_POINT ( 'NONE',  ( 3.247595264191643238, 1.875000000000001332, -7.166666666666666963 ) ) ;
#2043 = CARTESIAN_POINT ( 'NONE',  ( 7.788734332954441619, 1.630622401951895339, -22.55738089844431826 ) ) ;
#2044 = CARTESIAN_POINT ( 'NONE',  ( -1.004809471616709748, -3.750000000000000444, -5.166666666666665186 ) ) ;
#2045 = CARTESIAN_POINT ( 'NONE',  ( 2.584455365920591774, 5.440395613728190582, -21.77163730009678488 ) ) ;
#2046 = DIRECTION ( 'NONE',  ( 0.6546536707079770867, -0.6546536707079770867, 0.3779644730092273641 ) ) ;
#2047 = LINE ( 'NONE', #3133, #3276 ) ;
#2048 = DIRECTION ( 'NONE',  ( -0.8660254037844387076, 0.4999999999999999445, 0.000000000000000000 ) ) ;
#2049 = CARTESIAN_POINT ( 'NONE',  ( 5.500000000000000000, -6.399999999999998579, -42.19833742425210232 ) ) ;
#2050 = VERTEX_POINT ( 'NONE', #3028 ) ;
#2051 = CARTESIAN_POINT ( 'NONE',  ( 1.377727649040772142E-16, -2.250000000000000000, -2.500000000000015099 ) ) ;
#2052 = DIRECTION ( 'NONE',  ( -1.000000000000000000, -0.000000000000000000, -0.000000000000000000 ) ) ;
#2053 = ADVANCED_FACE ( 'NONE', ( #2490 ), #3514, .F. ) ;
#2054 = CARTESIAN_POINT ( 'NONE',  ( 4.500000000000004441, 3.968626966596900729, -28.39476002721892200 ) ) ;
#2055 = CARTESIAN_POINT ( 'NONE',  ( -1.647114317029973574, -1.647114317029974018, -3.499999999999983569 ) ) ;
#2056 = CARTESIAN_POINT ( 'NONE',  ( -1.647114317029974240, 1.647114317029972907, -8.000000000000014211 ) ) ;
#2057 = ORIENTED_EDGE ( 'NONE', *, *, #3277, .F. ) ;
#2058 = CARTESIAN_POINT ( 'NONE',  ( -3.749999999999999112, -4.592425496802572986E-16, -5.500000000000000000 ) ) ;
#2059 = CARTESIAN_POINT ( 'NONE',  ( -1.004809471616709748, -3.750000000000000444, -1.166666666666666519 ) ) ;
#2060 = CARTESIAN_POINT ( 'NONE',  ( -4.979646071760518211, -2.874999999999999112, 0.000000000000000000 ) ) ;
#2061 = CARTESIAN_POINT ( 'NONE',  ( 3.750000000000000000, 0.000000000000000000, -16.49999999999997868 ) ) ;
#2062 = CARTESIAN_POINT ( 'NONE',  ( -1.004809471616713079, 3.749999999999999556, -6.833333333333332149 ) ) ;
#2063 = CARTESIAN_POINT ( 'NONE',  ( 0.9473865456643244531, -5.929405414218972936, -22.30041333294822437 ) ) ;
#2064 = DIRECTION ( 'NONE',  ( -0.7071067811865493491, 0.000000000000000000, 0.7071067811865456854 ) ) ;
#2065 = VERTEX_POINT ( 'NONE', #3117 ) ;
#2067 = CARTESIAN_POINT ( 'NONE',  ( 6.000000000000000000, 9.399999999999991473, -33.07620317105600094 ) ) ;
#2066 = COLOUR_RGB ( '',1.000000000000000000, 1.000000000000000000, 1.000000000000000000 ) ;
#2068 = LINE ( 'NONE', #3138, #1453 ) ;
#2069 = FACE_OUTER_BOUND ( 'NONE', #2859, .T. ) ;
#2070 = PLANE ( 'NONE',  #2289 ) ;
#2071 = EDGE_LOOP ( 'NONE', ( #3022, #2371, #2513, #2504, #2616, #724 ) ) ;
#2072 = CARTESIAN_POINT ( 'NONE',  ( 3.749999999999999112, 0.000000000000000000, -11.50000000000000000 ) ) ;
#2073 = CARTESIAN_POINT ( 'NONE',  ( 3.247595264191643238, 1.875000000000001554, -11.16666666666666607 ) ) ;
#2074 = AXIS2_PLACEMENT_3D ( 'NONE', #2400, #1048, #1248 ) ;
#2075 = CARTESIAN_POINT ( 'NONE',  ( 3.749999999999999556, 0.000000000000000000, -11.50000000000000000 ) ) ;
#2076 = CARTESIAN_POINT ( 'NONE',  ( 1.856787840230319953, 5.724384904597175527, -22.63919473221928413 ) ) ;
#2077 = CARTESIAN_POINT ( 'NONE',  ( -7.156252235846743304, 3.145857571168306333, -22.29445650073088814 ) ) ;
#2078 = CARTESIAN_POINT ( 'NONE',  ( 1.004809471616708416, 3.750000000000001332, -7.166666666666666963 ) ) ;
#2079 = CARTESIAN_POINT ( 'NONE',  ( -0.4796710203584350629, -5.981994884267257007, -22.18718403709875275 ) ) ;
#2080 = VECTOR ( 'NONE', #2052, 1000.000000000000000 ) ;
#2081 = LINE ( 'NONE', #3409, #2236 ) ;
#2082 = ORIENTED_EDGE ( 'NONE', *, *, #2162, .T. ) ;
#2083 = CARTESIAN_POINT ( 'NONE',  ( 4.872789749697812312, 3.545923122733582566, -29.69635031010947301 ) ) ;
#2084 = B_SPLINE_CURVE_WITH_KNOTS ( 'NONE', 3,
 ( #2377, #2124, #3194, #766, #2945, #498, #514, #1575, #246, #1321, #2696, #2410 ),
 .UNSPECIFIED., .F., .F.,
 ( 4, 2, 2, 2, 2, 4 ),
 ( 0.000000000000000000, 0.001462501019976982690, 0.002925002039953965381, 0.003656252549942457051, 0.004387503059930948288, 0.005850004079907927292 ),
 .UNSPECIFIED. ) ;
#2085 = DIRECTION ( 'NONE',  ( -0.6123724356957939152, 0.3535533905932735088, -0.7071067811865482389 ) ) ;
#2086 = CARTESIAN_POINT ( 'NONE',  ( 2.250000000000000000, 0.000000000000000000, -1.500000000000015099 ) ) ;
#2087 = VECTOR ( 'NONE', #2811, 1000.000000000000000 ) ;
#2088 =( BOUNDED_SURFACE ( )  B_SPLINE_SURFACE ( 3, 2, ( 
 ( #3153, #2083, #792 ),
 ( #1586, #2103, #1268 ),
 ( #2120, #725, #1301 ),
 ( #1335, #208, #1315 ),
 ( #2406, #2890, #457 ),
 ( #1862, #1536, #1053 ),
 ( #2139, #3462, #2617 ),
 ( #3191, #2942, #494 ),
 ( #2390, #190, #3225 ),
 ( #3444, #1002, #1879 ) ),
 .UNSPECIFIED., .F., .F., .T. ) 
 B_SPLINE_SURFACE_WITH_KNOTS ( ( 4, 2, 2, 2, 4 ),
 ( 3, 3 ),
 ( 0.005759209557390121414, 0.007228896427532821925, 0.008698583297675522435, 0.01016827016781822468, 0.01163795703796092519 ),
 ( 0.000000000000000000, 1.000000000000000000 ),
 .UNSPECIFIED. ) 
 GEOMETRIC_REPRESENTATION_ITEM ( )  RATIONAL_B_SPLINE_SURFACE ( (
 ( 1.000000000000000000, 0.8156956889315630788, 1.000000000000000000),
 ( 1.000000000000000000, 0.8432255679178304320, 1.000000000000000000),
 ( 1.000000000000000000, 0.8691014335665662172, 1.000000000000000000),
 ( 1.000000000000000000, 0.9146681088440805629, 1.000000000000000000),
 ( 1.000000000000000000, 0.9343263465844637850, 1.000000000000000000),
 ( 1.000000000000000000, 0.9667387330328773842, 1.000000000000000000),
 ( 1.000000000000000000, 0.9790844596682263257, 1.000000000000000000),
 ( 1.000000000000000000, 0.9957054629379570310, 1.000000000000000000),
 ( 1.000000000000000000, 1.000011478662810260, 1.000000000000000000),
 ( 1.000000000000000000, 1.000000000000000000, 1.000000000000000000) ) ) 
 REPRESENTATION_ITEM ( '' )  SURFACE ( )  );
#2089 = CARTESIAN_POINT ( 'NONE',  ( 1.004809471616708194, 3.750000000000000444, -6.666666666666666075 ) ) ;
#2090 = ORIENTED_EDGE ( 'NONE', *, *, #1956, .F. ) ;
#2091 = CARTESIAN_POINT ( 'NONE',  ( 2.745190528383288697, -2.745190528383288697, -11.99999999999999645 ) ) ;
#2092 = CARTESIAN_POINT ( 'NONE',  ( 2.745190528383288253, 2.745190528383289585, -11.00000000000000000 ) ) ;
#2093 = CARTESIAN_POINT ( 'NONE',  ( -5.999999999999985789, 0.3716156832005368948, -27.64911169104971833 ) ) ;
#2094 = EDGE_CURVE ( 'NONE', #2050, #1944, #1231, .T. ) ;
#2095 = B_SPLINE_CURVE_WITH_KNOTS ( 'NONE', 3,
 ( #1108, #2456, #3045, #1126, #32, #50, #3282, #346, #843, #329, #63, #3299, #582, #1692, #859, #617, #1407, #1942 ),
 .UNSPECIFIED., .F., .F.,
 ( 4, 2, 2, 2, 2, 2, 2, 2, 4 ),
 ( 9.750364761867164806E-22, 0.0009699670008214288271, 0.001939934001642857437, 0.002909901002464286048, 0.003394884502875000244, 0.003879868003285714007, 0.004849835004107144569, 0.005819802004928573830, 0.007759736006571434086 ),
 .UNSPECIFIED. ) ;
#2096 = CARTESIAN_POINT ( 'NONE',  ( -6.000000000000000000, 9.399999999999991473, -33.07620317105600094 ) ) ;
#2097 = CARTESIAN_POINT ( 'NONE',  ( -7.586728027430388543, 2.244329144567796863, -22.47163037161842070 ) ) ;
#2098 = CARTESIAN_POINT ( 'NONE',  ( 3.749999999999999556, 1.004809471616713301, -7.833333333333333037 ) ) ;
#2099 = ORIENTED_EDGE ( 'NONE', *, *, #3302, .T. ) ;
#2100 = CARTESIAN_POINT ( 'NONE',  ( -2.702040045625277997, -5.357142857142907388, -22.96621900223639301 ) ) ;
#2101 = DIRECTION ( 'NONE',  ( -0.7071067811865463515, 0.3535533905932741194, -0.6123724356957956916 ) ) ;
#2102 = EDGE_LOOP ( 'NONE', ( #1904, #1535, #3079, #983 ) ) ;
#2103 = CARTESIAN_POINT ( 'NONE',  ( 4.963825038854865035, 3.396640373344443908, -29.42401887784451020 ) ) ;
#2104 = DIRECTION ( 'NONE',  ( -0.000000000000000000, -0.000000000000000000, -1.000000000000000000 ) ) ;
#2105 = EDGE_CURVE ( 'NONE', #2235, #2805, #2243, .T. ) ;
#2106 = CARTESIAN_POINT ( 'NONE',  ( 1.666266980017682586, 3.166266980017689914, -41.43746686307521543 ) ) ;
#2107 = EDGE_CURVE ( 'NONE', #99, #1457, #1222, .T. ) ;
#2108 = EDGE_CURVE ( 'NONE', #1142, #3244, #2294, .T. ) ;
#2109 = CARTESIAN_POINT ( 'NONE',  ( -3.750000000000000000, -1.004809471616711081, -1.833333333333333037 ) ) ;
#2110 = CARTESIAN_POINT ( 'NONE',  ( 1.948557158514987009, -1.124999999999999778, -6.333333333333317938 ) ) ;
#2111 = CARTESIAN_POINT ( 'NONE',  ( -5.251775303783980497, 5.139909681123814522, -30.61663887868072464 ) ) ;
#2112 = CARTESIAN_POINT ( 'NONE',  ( 6.000000000000000000, 7.518447088892090471E-16, -27.64911064067352342 ) ) ;
#2113 = ORIENTED_EDGE ( 'NONE', *, *, #898, .F. ) ;
#2114 = PLANE ( 'NONE',  #1466 ) ;
#2115 = CARTESIAN_POINT ( 'NONE',  ( -4.847932344217401379, 5.577396122135357182, -21.49170035682084645 ) ) ;
#2116 = CARTESIAN_POINT ( 'NONE',  ( 6.000000000000000000, 9.399999999999991473, -33.07620317105600094 ) ) ;
#2117 = VERTEX_POINT ( 'NONE', #2015 ) ;
#2118 = CARTESIAN_POINT ( 'NONE',  ( -6.000000000000000000, -3.500000000000000444, -41.56474960440763766 ) ) ;
#2119 = DIRECTION ( 'NONE',  ( 0.000000000000000000, 0.8660254037844388186, -0.4999999999999997224 ) ) ;
#2120 = CARTESIAN_POINT ( 'NONE',  ( 6.000000000000031974, 3.608467136364872818, -29.73246011321571558 ) ) ;
#2121 = CARTESIAN_POINT ( 'NONE',  ( 0.6028856829700248721, 2.250000000000000000, -4.666666666666682062 ) ) ;
#2122 = EDGE_CURVE ( 'NONE', #3015, #2050, #1333, .T. ) ;
#2123 = CARTESIAN_POINT ( 'NONE',  ( 0.6028856829700264264, -2.249999999999999556, -2.833333333333316606 ) ) ;
#2124 = CARTESIAN_POINT ( 'NONE',  ( -2.280474304907565308, 5.569772526289963999, -22.82477672095238574 ) ) ;
#2125 = CARTESIAN_POINT ( 'NONE',  ( -0.6028856829700255382, -2.249999999999999556, -3.166666666666650531 ) ) ;
#2126 = CARTESIAN_POINT ( 'NONE',  ( 1.874999999999997558, 3.247595264191646791, -11.33333333333333215 ) ) ;
#2127 = ORIENTED_EDGE ( 'NONE', *, *, #2420, .T. ) ;
#2128 = CARTESIAN_POINT ( 'NONE',  ( 3.602720060833875415, 6.249999999999996447, -21.17658045704106939 ) ) ;
#2129 = CARTESIAN_POINT ( 'NONE',  ( -7.972878890506544636, -0.6619084560829348041, -22.63720347214230344 ) ) ;
#2130 = ORIENTED_EDGE ( 'NONE', *, *, #2162, .F. ) ;
#2131 = CARTESIAN_POINT ( 'NONE',  ( -4.979646071760519099, -2.874999999999999556, 0.000000000000000000 ) ) ;
#2132 = ORIENTED_EDGE ( 'NONE', *, *, #1112, .T. ) ;
#2133 =( BOUNDED_CURVE ( )  B_SPLINE_CURVE ( 2, ( #906, #1990, #3076, #1723, #2808, #2537, #2273, #768, #1560, #2092, #2073, #1830, #3164 ),
 .UNSPECIFIED., .F., .T. ) 
 B_SPLINE_CURVE_WITH_KNOTS ( ( 3, 2, 2, 2, 2, 2, 3 ),
 ( 0.5000000000000000000, 0.5277777777777777901, 0.5555555555555555802, 0.5833333333333333703, 0.6111111111111111605, 0.6388888888888888395, 0.6666666666666666297 ),
 .UNSPECIFIED. ) 
 CURVE ( )  GEOMETRIC_REPRESENTATION_ITEM ( )  RATIONAL_B_SPLINE_CURVE ( ( 1.000000000000000000, 0.9659258262890683122, 1.000000000000000000, 0.9659258262890683122, 1.000000000000000000, 0.9659258262890683122, 1.000000000000000000, 0.9659258262890683122, 1.000000000000000000, 0.9659258262890683122, 1.000000000000000000, 0.9659258262890683122, 1.000000000000000000 ) ) 
 REPRESENTATION_ITEM ( '' )  );
#2134 = AXIS2_PLACEMENT_3D ( 'NONE', #1035, #1533, #222 ) ;
#2135 = CARTESIAN_POINT ( 'NONE',  ( -0.2781766551612222527, -5.995224547404768956, -21.63179376421829758 ) ) ;
#2136 = VECTOR ( 'NONE', #2757, 1000.000000000000114 ) ;
#2137 = EDGE_CURVE ( 'NONE', #647, #1158, #2047, .T. ) ;
#2138 = CARTESIAN_POINT ( 'NONE',  ( 1.499999999999996225, 3.000000000000000000, -44.16132833949681924 ) ) ;
#2139 = CARTESIAN_POINT ( 'NONE',  ( 6.000000000000018652, 1.465039614723312011, -28.49495165660754736 ) ) ;
#2140 = CARTESIAN_POINT ( 'NONE',  ( -0.6028856829700255382, -2.249999999999999556, -2.666666666666682062 ) ) ;
#2141 = AXIS2_PLACEMENT_3D ( 'NONE', #1704, #358, #2790 ) ;
#2142 = CARTESIAN_POINT ( 'NONE',  ( 2.745190528383289585, -2.745190528383289585, -8.499999999999998224 ) ) ;
#2143 = CARTESIAN_POINT ( 'NONE',  ( 1.124999999999998446, 1.948557158514987675, -9.333333333333316162 ) ) ;
#2144 = ADVANCED_FACE ( 'NONE', ( #1456 ), #2868, .T. ) ;
#2145 = CARTESIAN_POINT ( 'NONE',  ( 2.845512041006010850, 4.928571428571421720, 0.8214285714285681772 ) ) ;
#2146 = CARTESIAN_POINT ( 'NONE',  ( 1.948557158514986121, 1.125000000000000888, -5.666666666666650976 ) ) ;
#2147 = CARTESIAN_POINT ( 'NONE',  ( -3.608439182435158710, -6.249999999999999112, -0.5000000000000004441 ) ) ;
#2148 = AXIS2_PLACEMENT_3D ( 'NONE', #2060, #2899, #450 ) ;
#2149 = VERTEX_POINT ( 'NONE', #3350 ) ;
#2150 = CARTESIAN_POINT ( 'NONE',  ( -3.604000102435000130, -6.249435075134491591, -21.17686230009966053 ) ) ;
#2151 = CARTESIAN_POINT ( 'NONE',  ( -5.892327302489569263, -1.178867943600834245, -22.60857386242450673 ) ) ;
#2152 = CARTESIAN_POINT ( 'NONE',  ( -6.000000000000007105, -4.291502622129155675, -30.12681083478777921 ) ) ;
#2153 = ORIENTED_EDGE ( 'NONE', *, *, #2627, .T. ) ;
#2154 = EDGE_CURVE ( 'NONE', #918, #2195, #910, .T. ) ;
#2155 = LINE ( 'NONE', #1107, #3502 ) ;
#2156 = CARTESIAN_POINT ( 'NONE',  ( 6.000000000000000000, -6.399999999999998579, -42.19833742425210232 ) ) ;
#2157 = CARTESIAN_POINT ( 'NONE',  ( -4.934984432031867208, 3.431434140564783686, -28.05795083157398295 ) ) ;
#2158 = CARTESIAN_POINT ( 'NONE',  ( -2.250000000000000000, -2.755455298081544285E-16, -3.500000000000015099 ) ) ;
#2159 = ORIENTED_EDGE ( 'NONE', *, *, #2473, .F. ) ;
#2160 = CARTESIAN_POINT ( 'NONE',  ( 6.000000000000000000, -7.746223524468791354E-15, -45.89337914706570132 ) ) ;
#2161 = CARTESIAN_POINT ( 'NONE',  ( 1.948557158514986121, 1.125000000000000888, -5.666666666666650976 ) ) ;
#2162 = EDGE_CURVE ( 'NONE', #3172, #2687, #620, .T. ) ;
#2163 = CARTESIAN_POINT ( 'NONE',  ( 7.216878364870321860, 1.739295423971095542E-15, -22.80880618091915935 ) ) ;
#2164 = CARTESIAN_POINT ( 'NONE',  ( -1.124999999999999556, -1.948557158514987009, -11.33333333333331616 ) ) ;
#2165 = ORIENTED_EDGE ( 'NONE', *, *, #1013, .T. ) ;
#2166 = EDGE_LOOP ( 'NONE', ( #3136, #2434, #2007, #2703, #3316 ) ) ;
#2167 = CARTESIAN_POINT ( 'NONE',  ( -6.000000000000000000, 3.500000000000000444, -47.33675482003975787 ) ) ;
#2168 = CARTESIAN_POINT ( 'NONE',  ( -5.930264712169229568, -4.741211776801877775, -21.82992438029998539 ) ) ;
#2169 = CARTESIAN_POINT ( 'NONE',  ( -3.577052902304062698, -4.923992890164328173, -30.49197926129728131 ) ) ;
#2170 = ORIENTED_EDGE ( 'NONE', *, *, #2037, .F. ) ;
#2171 = LINE ( 'NONE', #2722, #2628 ) ;
#2172 = CARTESIAN_POINT ( 'NONE',  ( -5.691024082012018148, 8.673617379884035472E-16, 0.8214285714285722850 ) ) ;
#2173 = CARTESIAN_POINT ( 'NONE',  ( -5.999999999999991118, 8.728393856789550602E-15, -27.64911064067352697 ) ) ;
#2174 = CARTESIAN_POINT ( 'NONE',  ( -6.000000000000000000, -3.500000000000000444, 0.000000000000000000 ) ) ;
#2175 = VERTEX_POINT ( 'NONE', #652 ) ;
#2176 = CARTESIAN_POINT ( 'NONE',  ( -7.216878364870320972, 1.057472961667715618E-17, -22.80880618091914513 ) ) ;
#2177 = CIRCLE ( 'NONE', #477, 2.000000000000000888 ) ;
#2178 = CARTESIAN_POINT ( 'NONE',  ( -4.782108494362999451, -3.665362922564269876, -23.89809026176472884 ) ) ;
#2179 =( BOUNDED_SURFACE ( )  B_SPLINE_SURFACE ( 3, 2, ( 
 ( #803, #3295, #3255 ),
 ( #2969, #578, #1670 ),
 ( #1637, #254, #9 ),
 ( #1655, #1123, #838 ),
 ( #2470, #326, #1908 ),
 ( #1598, #3237, #3510 ),
 ( #2739, #1066, #2486 ),
 ( #1369, #2169, #27 ),
 ( #540, #2188, #273 ),
 ( #2152, #293, #1387 ) ),
 .UNSPECIFIED., .F., .F., .F. ) 
 B_SPLINE_SURFACE_WITH_KNOTS ( ( 4, 2, 2, 2, 4 ),
 ( 3, 3 ),
 ( 2.293530574608315664, 2.717561614099055944, 3.141592653589796669, 3.565623693080536949, 3.989654732571277229 ),
 ( 0.000000000000000000, 1.000000000000000000 ),
 .UNSPECIFIED. ) 
 GEOMETRIC_REPRESENTATION_ITEM ( )  RATIONAL_B_SPLINE_SURFACE ( (
 ( 1.000000000000000000, 0.8156956889315635228, 1.000000000000000000),
 ( 1.000000000000000000, 0.8319542492317152371, 1.000000000000000000),
 ( 1.000000000000000000, 0.8446262619204586430, 1.000000000000000000),
 ( 1.000000000000000000, 0.8616673317398323428, 1.000000000000000000),
 ( 1.000000000000000000, 0.8660254037844384856, 1.000000000000000000),
 ( 1.000000000000000000, 0.8660254037844384856, 1.000000000000000000),
 ( 1.000000000000000000, 0.8616673317398318988, 1.000000000000000000),
 ( 1.000000000000000000, 0.8446262619204581990, 1.000000000000000000),
 ( 1.000000000000000000, 0.8319542492317151261, 1.000000000000000000),
 ( 1.000000000000000000, 0.8156956889315625236, 1.000000000000000000) ) ) 
 REPRESENTATION_ITEM ( '' )  SURFACE ( )  );
#2180 = CARTESIAN_POINT ( 'NONE',  ( 2.249999999999999556, 0.6028856829700278697, -5.833333333333315274 ) ) ;
#2181 = CARTESIAN_POINT ( 'NONE',  ( 2.249999999999999556, -0.6028856829700258713, -2.166666666666650531 ) ) ;
#2182 = CARTESIAN_POINT ( 'NONE',  ( -1.948557158514986343, -1.125000000000000666, -11.66666666666665186 ) ) ;
#2183 = AXIS2_PLACEMENT_3D ( 'NONE', #2724, #1087, #1585 ) ;
#2184 = ORIENTED_EDGE ( 'NONE', *, *, #962, .F. ) ;
#2185 = DIRECTION ( 'NONE',  ( -1.000000000000000000, 0.000000000000000000, 0.000000000000000000 ) ) ;
#2186 = CARTESIAN_POINT ( 'NONE',  ( -3.627957838943569602, -4.786641872250937624, -23.32285111010200751 ) ) ;
#2187 = VERTEX_POINT ( 'NONE', #2561 ) ;
#2188 = CARTESIAN_POINT ( 'NONE',  ( -4.320917678971116338, -4.289846822708588192, -30.12585485854361167 ) ) ;
#2189 = CARTESIAN_POINT ( 'NONE',  ( 7.453464782476627803, -2.563086071770189101, -22.41574461544685448 ) ) ;
#2190 = DIRECTION ( 'NONE',  ( 0.000000000000000000, 0.000000000000000000, 1.000000000000000000 ) ) ;
#2191 = CARTESIAN_POINT ( 'NONE',  ( -3.609092152411081056, -6.248869022825884301, -21.17714470564368412 ) ) ;
#2192 = CARTESIAN_POINT ( 'NONE',  ( -6.000000000000000000, 3.956739116029010184, -29.93353503442599006 ) ) ;
#2193 = VECTOR ( 'NONE', #2612, 1000.000000000000227 ) ;
#2194 = FACE_OUTER_BOUND ( 'NONE', #521, .T. ) ;
#2195 = VERTEX_POINT ( 'NONE', #136 ) ;
#2196 = CARTESIAN_POINT ( 'NONE',  ( 6.000000000000000000, 6.899999999999996803, -42.48701255884691363 ) ) ;
#2197 = CARTESIAN_POINT ( 'NONE',  ( -4.426529455336001284, 4.059452267240342138, -23.70863095950926436 ) ) ;
#2198 = CARTESIAN_POINT ( 'NONE',  ( -1.125000000000000888, 1.948557158514986343, -12.66666666666665009 ) ) ;
#2199 = CARTESIAN_POINT ( 'NONE',  ( -1.186798467457688133, -5.885945929666926979, -22.38449035747197868 ) ) ;
#2200 =( BOUNDED_SURFACE ( )  B_SPLINE_SURFACE ( 1, 2, ( 
 ( #2841, #3362, #413, #2255, #1989, #147, #1225, #2327, #3344, #2517, #3143, #166, #2058, #91, #905, #2310, #648, #3400, #1170, #956, #921, #2008, #2042, #3128, #698, #3075, #1780, #2860, #431, #1507, #1721, #715, #3418, #2807, #376, #2591, #1449, #1798, #2535, #112, #462, #1847, #3195, #213, #1829, #3466, #2360, #2378, #2072, #731, #480, #2091, #499, #2607, #1814, #3212, #3231, #2624, #2679, #1576, #3450, #798, #447, #1527, #2663, #515, #749, #181, #2896, #232, #248, #1258, #1274 ),
 ( #767, #2343, #783, #1559, #1042, #1541, #1866, #2125, #1322, #2411, #3433, #1010, #1027, #2644, #2946, #990, #1289, #1592, #3163, #197, #3503, #1061, #2146, #3179, #2914, #1884, #2110, #2932, #1305, #2394, #3485, #3270, #2201, #3021, #555, #2697, #1683, #2982, #1650, #2963, #2465, #606, #1610, #1902, #832, #1632, #533, #2716, #338, #1400, #1135, #2733, #813, #2770, #1665, #265, #2164, #3036, #2182, #304, #3289, #2483, #2216, #2429, #1344, #5, #289, #1381, #589, #1079, #2447, #1364, #3307 ) ),
 .UNSPECIFIED., .F., .F., .T. ) 
 B_SPLINE_SURFACE_WITH_KNOTS ( ( 2, 2 ),
 ( 3, 2, 2, 2, 2, 2, 2, 2, 2, 2, 2, 2, 2, 2, 2, 2, 2, 2, 2, 2, 2, 2, 2, 2, 2, 2, 2, 2, 2, 2, 2, 2, 2, 2, 2, 2, 3 ),
 ( 0.000000000000000000, 1.000000000000000000 ),
 ( 0.000000000000000000, 0.02777777777777777624, 0.05555555555555555247, 0.08333333333333332871, 0.1111111111111111049, 0.1388888888888888951, 0.1666666666666666574, 0.1944444444444444475, 0.2222222222222222099, 0.2500000000000000000, 0.2777777777777777901, 0.3055555555555555802, 0.3333333333333333148, 0.3611111111111111049, 0.3888888888888888951, 0.4166666666666666852, 0.4444444444444444198, 0.4722222222222222099, 0.5000000000000000000, 0.5277777777777777901, 0.5555555555555555802, 0.5833333333333333703, 0.6111111111111111605, 0.6388888888888888395, 0.6666666666666666297, 0.6944444444444444198, 0.7222222222222222099, 0.7500000000000000000, 0.7777777777777777901, 0.8055555555555555802, 0.8333333333333333703, 0.8611111111111111605, 0.8888888888888888395, 0.9166666666666666297, 0.9444444444444444198, 0.9722222222222222099, 1.000000000000000000 ),
 .UNSPECIFIED. ) 
 GEOMETRIC_REPRESENTATION_ITEM ( )  RATIONAL_B_SPLINE_SURFACE ( (
 ( 1.000000000000000000, 0.9659258262890683122, 1.000000000000000000, 0.9659258262890683122, 1.000000000000000000, 0.9659258262890683122, 1.000000000000000000, 0.9659258262890683122, 1.000000000000000000, 0.9659258262890683122, 1.000000000000000000, 0.9659258262890683122, 1.000000000000000000, 0.9659258262890683122, 1.000000000000000000, 0.9659258262890683122, 1.000000000000000000, 0.9659258262890683122, 1.000000000000000000, 0.9659258262890683122, 1.000000000000000000, 0.9659258262890683122, 1.000000000000000000, 0.9659258262890683122, 1.000000000000000000, 0.9659258262890683122, 1.000000000000000000, 0.9659258262890683122, 1.000000000000000000, 0.9659258262890683122, 1.000000000000000000, 0.9659258262890683122, 1.000000000000000000, 0.9659258262890683122, 1.000000000000000000, 0.9659258262890683122, 1.000000000000000000, 0.9659258262890683122, 1.000000000000000000, 0.9659258262890683122, 1.000000000000000000, 0.9659258262890683122, 1.000000000000000000, 0.9659258262890683122, 1.000000000000000000, 0.9659258262890683122, 1.000000000000000000, 0.9659258262890683122, 1.000000000000000000, 0.9659258262890683122, 1.000000000000000000, 0.9659258262890683122, 1.000000000000000000, 0.9659258262890683122, 1.000000000000000000, 0.9659258262890683122, 1.000000000000000000, 0.9659258262890683122, 1.000000000000000000, 0.9659258262890683122, 1.000000000000000000, 0.9659258262890683122, 1.000000000000000000, 0.9659258262890683122, 1.000000000000000000, 0.9659258262890683122, 1.000000000000000000, 0.9659258262890683122, 1.000000000000000000, 0.9659258262890683122, 1.000000000000000000, 0.9659258262890683122, 1.000000000000000000),
 ( 1.000000000000000000, 0.9659258262890683122, 1.000000000000000000, 0.9659258262890683122, 1.000000000000000000, 0.9659258262890683122, 1.000000000000000000, 0.9659258262890683122, 1.000000000000000000, 0.9659258262890683122, 1.000000000000000000, 0.9659258262890683122, 1.000000000000000000, 0.9659258262890683122, 1.000000000000000000, 0.9659258262890683122, 1.000000000000000000, 0.9659258262890683122, 1.000000000000000000, 0.9659258262890683122, 1.000000000000000000, 0.9659258262890683122, 1.000000000000000000, 0.9659258262890683122, 1.000000000000000000, 0.9659258262890683122, 1.000000000000000000, 0.9659258262890683122, 1.000000000000000000, 0.9659258262890683122, 1.000000000000000000, 0.9659258262890683122, 1.000000000000000000, 0.9659258262890683122, 1.000000000000000000, 0.9659258262890683122, 1.000000000000000000, 0.9659258262890683122, 1.000000000000000000, 0.9659258262890683122, 1.000000000000000000, 0.9659258262890683122, 1.000000000000000000, 0.9659258262890683122, 1.000000000000000000, 0.9659258262890683122, 1.000000000000000000, 0.9659258262890683122, 1.000000000000000000, 0.9659258262890683122, 1.000000000000000000, 0.9659258262890683122, 1.000000000000000000, 0.9659258262890683122, 1.000000000000000000, 0.9659258262890683122, 1.000000000000000000, 0.9659258262890683122, 1.000000000000000000, 0.9659258262890683122, 1.000000000000000000, 0.9659258262890683122, 1.000000000000000000, 0.9659258262890683122, 1.000000000000000000, 0.9659258262890683122, 1.000000000000000000, 0.9659258262890683122, 1.000000000000000000, 0.9659258262890683122, 1.000000000000000000, 0.9659258262890683122, 1.000000000000000000) ) ) 
 REPRESENTATION_ITEM ( '' )  SURFACE ( )  );
#2201 = CARTESIAN_POINT ( 'NONE',  ( -1.124999999999999556, -1.948557158514987009, -7.333333333333317050 ) ) ;
#2202 = VERTEX_POINT ( 'NONE', #944 ) ;
#2203 = DIRECTION ( 'NONE',  ( -2.478176394252581634E-16, 0.000000000000000000, -1.000000000000000000 ) ) ;
#2204 = PLANE ( 'NONE',  #2987 ) ;
#2205 = CARTESIAN_POINT ( 'NONE',  ( 5.237051455137664568, -2.940755206222312346, -24.16454256071227391 ) ) ;
#2206 = VECTOR ( 'NONE', #1238, 1000.000000000000000 ) ;
#2207 = LINE ( 'NONE', #1878, #1271 ) ;
#2208 = CARTESIAN_POINT ( 'NONE',  ( 1.499999999999996225, -3.000000000000000000, -38.50329570143848912 ) ) ;
#2209 = CARTESIAN_POINT ( 'NONE',  ( -7.216878364870320972, 6.249999999999995559, -21.17658045704107295 ) ) ;
#2210 = ORIENTED_EDGE ( 'NONE', *, *, #1608, .T. ) ;
#2211 = PRODUCT_DEFINITION_SHAPE ( 'NONE', 'NONE',  #1964 ) ;
#2212 = CARTESIAN_POINT ( 'NONE',  ( -5.837306670104207562, -1.416351044603198162, -24.54148710444467341 ) ) ;
#2213 = CARTESIAN_POINT ( 'NONE',  ( 3.906281492764177798, 5.734121985866441840, -21.43377996436723620 ) ) ;
#2214 = EDGE_CURVE ( 'NONE', #1169, #2414, #2032, .T. ) ;
#2215 = CARTESIAN_POINT ( 'NONE',  ( 6.425600022373022746, -1.370534292134213183, -23.15969746579189348 ) ) ;
#2216 = CARTESIAN_POINT ( 'NONE',  ( -1.948557158514987231, 1.124999999999999334, -12.33333333333331794 ) ) ;
#2217 = EDGE_CURVE ( 'NONE', #2970, #3343, #2886, .T. ) ;
#2218 = ORIENTED_EDGE ( 'NONE', *, *, #1728, .F. ) ;
#2219 = CARTESIAN_POINT ( 'NONE',  ( 3.000000000000000000, 0.000000000000000000, -12.75000000000000711 ) ) ;
#2220 = CARTESIAN_POINT ( 'NONE',  ( 3.610398224682562773, 6.246606839293393776, -21.17827274335592236 ) ) ;
#2221 = CARTESIAN_POINT ( 'NONE',  ( 4.785862312440874788, -3.629087902089870976, -23.90275309391701697 ) ) ;
#2222 = ADVANCED_FACE ( 'NONE', ( #452 ), #1819, .T. ) ;
#2223 = CARTESIAN_POINT ( 'NONE',  ( 2.249999999999999112, 0.6028856829700279807, -5.333333333333346360 ) ) ;
#2224 = CARTESIAN_POINT ( 'NONE',  ( 6.000000000000107470, -3.608467136365214323, -29.73246011321596072 ) ) ;
#2225 = CARTESIAN_POINT ( 'NONE',  ( -5.999999999999841904, 0.7374047016311074954, -28.07485144366146201 ) ) ;
#2226 = B_SPLINE_CURVE_WITH_KNOTS ( 'NONE', 3,
 ( #3320, #54, #3051, #1360, #1662, #1093, #37, #83, #603, #67, #1162, #827 ),
 .UNSPECIFIED., .F., .F.,
 ( 4, 2, 2, 2, 2, 4 ),
 ( -1.877860436903502751E-05, 0.001099245606516630969, 0.002217269817402296467, 0.003335294028287962616, 0.003894306133730796125, 0.004453318239173629199 ),
 .UNSPECIFIED. ) ;
#2227 = EDGE_LOOP ( 'NONE', ( #1345, #2287, #872, #935, #493, #2487 ) ) ;
#2228 = CARTESIAN_POINT ( 'NONE',  ( -7.058368826677017260, 0.2745465736350801156, -22.87625819847840702 ) ) ;
#2229 = CARTESIAN_POINT ( 'NONE',  ( 1.647114317029973352, 1.647114317029974018, -5.000000000000014211 ) ) ;
#2230 = FACE_OUTER_BOUND ( 'NONE', #1009, .T. ) ;
#2231 = DIRECTION ( 'NONE',  ( -1.000000000000000000, 0.000000000000000000, 0.000000000000000000 ) ) ;
#2232 = CARTESIAN_POINT ( 'NONE',  ( 2.702040045644736210, -5.357142857133109004, -22.96621900224291579 ) ) ;
#2233 = EDGE_CURVE ( 'NONE', #1457, #2871, #283, .T. ) ;
#2234 = LINE ( 'NONE', #3324, #1755 ) ;
#2235 = VERTEX_POINT ( 'NONE', #436 ) ;
#2236 = VECTOR ( 'NONE', #3189, 1000.000000000000227 ) ;
#2237 = CARTESIAN_POINT ( 'NONE',  ( -2.958731796425666971, -5.227672464334633062, -21.68662336207848185 ) ) ;
#2238 = CARTESIAN_POINT ( 'NONE',  ( 4.435960483336244486, -4.049322371090777750, -23.71354539637405168 ) ) ;
#2239 = CARTESIAN_POINT ( 'NONE',  ( 1.647114317029973352, 1.647114317029973796, -13.00000000000001421 ) ) ;
#2240 = B_SPLINE_CURVE_WITH_KNOTS ( 'NONE', 3,
 ( #1816, #483, #1043, #2882, #2626, #1561, #733, #3181, #199, #1800, #2093, #2898 ),
 .UNSPECIFIED., .F., .F.,
 ( 4, 2, 2, 2, 2, 4 ),
 ( 0.000000000000000000, 0.0005574228422762388981, 0.001114845684552477796, 0.002229691369104954725, 0.003344537053657431654, 0.004459382738209908582 ),
 .UNSPECIFIED. ) ;
#2241 = EDGE_CURVE ( 'NONE', #630, #3089, #1875, .T. ) ;
#2242 = DIRECTION ( 'NONE',  ( -0.4503400076074534075, 0.8928571428555179823, 0.000000000000000000 ) ) ;
#2243 = LINE ( 'NONE', #890, #1167 ) ;
#2244 = ORIENTED_EDGE ( 'NONE', *, *, #2785, .F. ) ;
#2245 = LINE ( 'NONE', #2975, #950 ) ;
#2246 = CARTESIAN_POINT ( 'NONE',  ( 2.250000000000000000, -0.6028856829700259823, -9.666666666666680285 ) ) ;
#2247 = CARTESIAN_POINT ( 'NONE',  ( -2.947292114614900260, 5.233442420294999842, -23.04850512935122353 ) ) ;
#2248 = LINE ( 'NONE', #1982, #2995 ) ;
#2249 = AXIS2_PLACEMENT_3D ( 'NONE', #3170, #1805, #740 ) ;
#2250 = CARTESIAN_POINT ( 'NONE',  ( -2.250000000000000000, 0.6028856829700249831, -12.16666666666665009 ) ) ;
#2251 = CARTESIAN_POINT ( 'NONE',  ( 5.500000000000000000, -6.399999999999998579, -34.80825397862489012 ) ) ;
#2252 = EDGE_CURVE ( 'NONE', #1836, #1085, #2901, .T. ) ;
#2253 = ORIENTED_EDGE ( 'NONE', *, *, #1633, .T. ) ;
#2254 = ORIENTED_EDGE ( 'NONE', *, *, #3055, .T. ) ;
#2255 = CARTESIAN_POINT ( 'NONE',  ( 2.745190528383288697, -2.745190528383288697, -4.000000000000000888 ) ) ;
#2256 = CARTESIAN_POINT ( 'NONE',  ( 5.235031821713865163, 2.944424867041341098, -24.16332226180281495 ) ) ;
#2257 = CARTESIAN_POINT ( 'NONE',  ( -3.750000000000000000, -1.004809471616711081, -9.833333333333332149 ) ) ;
#2258 = FACE_OUTER_BOUND ( 'NONE', #3030, .T. ) ;
#2259 = CARTESIAN_POINT ( 'NONE',  ( 3.247595264191644127, 1.875000000000001776, -11.66666666666666607 ) ) ;
#2260 = ADVANCED_FACE ( 'NONE', ( #1264 ), #1033, .F. ) ;
#2261 = VERTEX_POINT ( 'NONE', #3220 ) ;
#2262 = CARTESIAN_POINT ( 'NONE',  ( -3.247595264191645903, 1.874999999999999112, -2.333333333333333037 ) ) ;
#2263 = CARTESIAN_POINT ( 'NONE',  ( 2.899999999999992362, 4.400000000000010125, -43.35303796263134046 ) ) ;
#2264 = CARTESIAN_POINT ( 'NONE',  ( 6.000000000000000000, -9.399999999999998579, -43.93038823182097019 ) ) ;
#2265 = CARTESIAN_POINT ( 'NONE',  ( 3.610398224682562773, 6.246606839293393776, -21.17827274335592236 ) ) ;
#2266 = CARTESIAN_POINT ( 'NONE',  ( 2.249999999999999112, 0.6028856829700279807, -9.833333333333314386 ) ) ;
#2267 = LINE ( 'NONE', #3123, #3003 ) ;
#2268 = EDGE_LOOP ( 'NONE', ( #1504, #1234, #468, #189 ) ) ;
#2269 = ADVANCED_FACE ( 'NONE', ( #1514 ), #3202, .T. ) ;
#2270 = CARTESIAN_POINT ( 'NONE',  ( 1.948557158514987009, -1.124999999999999778, -5.833333333333348136 ) ) ;
#2271 = VERTEX_POINT ( 'NONE', #996 ) ;
#2272 = DIRECTION ( 'NONE',  ( 0.000000000000000000, -1.173683280263403983E-16, 1.000000000000000000 ) ) ;
#2273 = CARTESIAN_POINT ( 'NONE',  ( -6.888638245203859972E-16, 3.749999999999999556, -10.50000000000000000 ) ) ;
#2274 = CARTESIAN_POINT ( 'NONE',  ( 2.249999999999999112, 0.6028856829700279807, -13.33333333333334636 ) ) ;
#2275 = ADVANCED_FACE ( 'NONE', ( #238 ), #467, .F. ) ;
#2276 = CARTESIAN_POINT ( 'NONE',  ( 2.296212748401286986E-16, -3.749999999999999556, -4.500000000000000888 ) ) ;
#2277 = CARTESIAN_POINT ( 'NONE',  ( -3.750000000000003553, 1.004809471616705085, -10.16666666666666607 ) ) ;
#2278 = ORIENTED_EDGE ( 'NONE', *, *, #2727, .F. ) ;
#2279 = LINE ( 'NONE', #1516, #1168 ) ;
#2280 = CARTESIAN_POINT ( 'NONE',  ( 1.647114317029974018, -1.647114317029974018, -6.000000000000015099 ) ) ;
#2281 = PLANE ( 'NONE',  #1106 ) ;
#2282 = CARTESIAN_POINT ( 'NONE',  ( -6.000000000000000000, 7.518447088892090471E-16, -27.64911064067352342 ) ) ;
#2283 = CARTESIAN_POINT ( 'NONE',  ( -1.647114317029973574, -1.647114317029973796, -11.49999999999998224 ) ) ;
#2284 = LINE ( 'NONE', #3377, #2831 ) ;
#2285 = ORIENTED_EDGE ( 'NONE', *, *, #1325, .T. ) ;
#2286 = CARTESIAN_POINT ( 'NONE',  ( 1.948557158514986121, 1.125000000000000888, -5.166666666666682062 ) ) ;
#2287 = ORIENTED_EDGE ( 'NONE', *, *, #2904, .T. ) ;
#2288 = DIRECTION ( 'NONE',  ( 0.000000000000000000, -0.8660254037844388186, 0.4999999999999997780 ) ) ;
#2289 = AXIS2_PLACEMENT_3D ( 'NONE', #3211, #532, #988 ) ;
#2290 = CARTESIAN_POINT ( 'NONE',  ( 7.155272147044054343, 3.147403852868847274, -22.29406667290777833 ) ) ;
#2291 = CARTESIAN_POINT ( 'NONE',  ( -1.875000000000001776, 3.247595264191644571, -2.666666666666666519 ) ) ;
#2292 = CARTESIAN_POINT ( 'NONE',  ( -3.749999999999999556, -4.592425496802573972E-16, -5.500000000000000000 ) ) ;
#2293 = CARTESIAN_POINT ( 'NONE',  ( -1.004809471616712857, 3.749999999999998668, -14.33333333333333393 ) ) ;
#2294 = LINE ( 'NONE', #418, #669 ) ;
#2295 = EDGE_CURVE ( 'NONE', #1960, #647, #646, .T. ) ;
#2296 = VECTOR ( 'NONE', #1391, 1000.000000000000000 ) ;
#2297 = VERTEX_POINT ( 'NONE', #737 ) ;
#2298 = FACE_OUTER_BOUND ( 'NONE', #1448, .T. ) ;
#2299 = CARTESIAN_POINT ( 'NONE',  ( -1.647114317029973574, -1.647114317029974018, -7.000000000000014211 ) ) ;
#2300 = VERTEX_POINT ( 'NONE', #755 ) ;
#2301 = CARTESIAN_POINT ( 'NONE',  ( 1.499999999999994449, -3.000000000000000000, -41.37078589322641875 ) ) ;
#2302 = DIRECTION ( 'NONE',  ( 1.000000000000000000, -0.000000000000000000, -0.000000000000000000 ) ) ;
#2303 = CARTESIAN_POINT ( 'NONE',  ( 5.979179506023506008, 0.5763713376647102704, -24.63517690232332313 ) ) ;
#2304 = AXIS2_PLACEMENT_3D ( 'NONE', #619, #51, #2710 ) ;
#2305 = APPLICATION_CONTEXT ( 'automotive_design' ) ;
#2306 = ORIENTED_EDGE ( 'NONE', *, *, #2960, .F. ) ;
#2307 = VECTOR ( 'NONE', #2479, 1000.000000000000000 ) ;
#2308 = CARTESIAN_POINT ( 'NONE',  ( 2.249999999999999556, -0.6028856829700258713, -1.666666666666681618 ) ) ;
#2309 = ORIENTED_EDGE ( 'NONE', *, *, #535, .F. ) ;
#2310 = CARTESIAN_POINT ( 'NONE',  ( -2.745190528383290030, 2.745190528383286477, -5.999999999999999112 ) ) ;
#2311 = CARTESIAN_POINT ( 'NONE',  ( 3.602720060833092042, 6.250000000000343725, -21.17658045704089886 ) ) ;
#2312 = CARTESIAN_POINT ( 'NONE',  ( 3.750000000000000444, -1.004809471616710193, -8.166666666666666075 ) ) ;
#2313 = CARTESIAN_POINT ( 'NONE',  ( -0.2432383717534586653, 5.999918647390595439, -22.14502234010076265 ) ) ;
#2314 = DIRECTION ( 'NONE',  ( 1.000000000000000000, 0.000000000000000000, 0.000000000000000000 ) ) ;
#2315 =( BOUNDED_SURFACE ( )  B_SPLINE_SURFACE ( 3, 2, ( 
 ( #1455, #686, #2595 ),
 ( #925, #1803, #1513 ),
 ( #380, #2541, #2611 ),
 ( #2347, #170, #2559 ),
 ( #943, #117, #2885 ),
 ( #435, #1495, #2829 ),
 ( #1727, #719, #3366 ),
 ( #3078, #2331, #3149 ),
 ( #451, #1995, #978 ),
 ( #185, #702, #3115 ) ),
 .UNSPECIFIED., .F., .F., .T. ) 
 B_SPLINE_SURFACE_WITH_KNOTS ( ( 4, 2, 2, 2, 4 ),
 ( 3, 3 ),
 ( 0.005759209557390137027, 0.007228896427532824527, 0.008698583297675512027, 0.01016827016781819866, 0.01163795703796088529 ),
 ( 0.000000000000000000, 1.000000000000000000 ),
 .UNSPECIFIED. ) 
 GEOMETRIC_REPRESENTATION_ITEM ( )  RATIONAL_B_SPLINE_SURFACE ( (
 ( 1.000000000000000000, 0.8156956889315624126, 1.000000000000000000),
 ( 1.000000000000000000, 0.8432255679177483865, 1.000000000000000000),
 ( 1.000000000000000000, 0.8691014335666732427, 1.000000000000000000),
 ( 1.000000000000000000, 0.9146681088439697627, 1.000000000000000000),
 ( 1.000000000000000000, 0.9343263465844614535, 1.000000000000000000),
 ( 1.000000000000000000, 0.9667387330328746087, 1.000000000000000000),
 ( 1.000000000000000000, 0.9790844596681422818, 1.000000000000000000),
 ( 1.000000000000000000, 0.9957054629380350796, 1.000000000000000000),
 ( 1.000000000000000000, 1.000011478662743425, 1.000000000000000000),
 ( 1.000000000000000000, 1.000000000000000000, 1.000000000000000000) ) ) 
 REPRESENTATION_ITEM ( '' )  SURFACE ( )  );
#2316 = CARTESIAN_POINT ( 'NONE',  ( -1.875000000000001776, 3.247595264191644571, -10.66666666666666607 ) ) ;
#2317 = EDGE_CURVE ( 'NONE', #2414, #57, #3393, .T. ) ;
#2318 = CYLINDRICAL_SURFACE ( 'NONE', #723, 3.750000000000000000 ) ;
#2319 = FACE_OUTER_BOUND ( 'NONE', #502, .T. ) ;
#2320 = ORIENTED_EDGE ( 'NONE', *, *, #971, .T. ) ;
#2321 = CARTESIAN_POINT ( 'NONE',  ( 6.000000000000000000, -9.399999999999998579, -43.93038823182097019 ) ) ;
#2322 = AXIS2_PLACEMENT_3D ( 'NONE', #3329, #1420, #1975 ) ;
#2323 = CARTESIAN_POINT ( 'NONE',  ( -7.216878364870320972, -6.249999999999996447, -21.17658045704106939 ) ) ;
#2324 = DIRECTION ( 'NONE',  ( 0.000000000000000000, 0.8660254037844385966, -0.5000000000000001110 ) ) ;
#2325 = CARTESIAN_POINT ( 'NONE',  ( 0.6028856829700248721, 2.250000000000000000, -4.666666666666682062 ) ) ;
#2326 = VERTEX_POINT ( 'NONE', #489 ) ;
#2327 = CARTESIAN_POINT ( 'NONE',  ( -1.004809471616709304, -3.749999999999999112, -4.666666666666666075 ) ) ;
#2328 = CARTESIAN_POINT ( 'NONE',  ( 2.702040045624823694, 5.357142857143152526, -22.96621900223624024 ) ) ;
#2329 = CARTESIAN_POINT ( 'NONE',  ( -2.745190528383289141, -2.745190528383289585, -9.499999999999996447 ) ) ;
#2330 = CARTESIAN_POINT ( 'NONE',  ( 1.264756613463451140, 6.249999999999996447, -21.17658045704106939 ) ) ;
#2331 = CARTESIAN_POINT ( 'NONE',  ( -5.964733835962520381, -0.7402945254081997328, -27.86305344099285719 ) ) ;
#2332 = EDGE_CURVE ( 'NONE', #3198, #1383, #2023, .T. ) ;
#2333 = DIRECTION ( 'NONE',  ( -8.498374721940721056E-17, -0.7071067811865460184, -0.7071067811865490160 ) ) ;
#2334 = CARTESIAN_POINT ( 'NONE',  ( -3.750000000000000000, 4.592425496802573972E-16, -16.49999999999997868 ) ) ;
#2335 = CARTESIAN_POINT ( 'NONE',  ( 7.216878364870321860, 1.739295423971095542E-15, -22.80880618091915935 ) ) ;
#2336 = ORIENTED_EDGE ( 'NONE', *, *, #153, .T. ) ;
#2337 = CARTESIAN_POINT ( 'NONE',  ( -2.249999999999999556, -0.6028856829700266484, -3.333333333333348580 ) ) ;
#2338 = DIRECTION ( 'NONE',  ( 0.000000000000000000, -0.000000000000000000, 1.000000000000000000 ) ) ;
#2339 = CARTESIAN_POINT ( 'NONE',  ( 1.124999999999998446, 1.948557158514987675, -12.83333333333334814 ) ) ;
#2340 = ADVANCED_FACE ( 'NONE', ( #507 ), #1581, .F. ) ;
#2341 = CARTESIAN_POINT ( 'NONE',  ( -3.608439182435162262, 6.249999999999995559, -21.17658045704107295 ) ) ;
#2342 = ORIENTED_EDGE ( 'NONE', *, *, #980, .T. ) ;
#2343 = CARTESIAN_POINT ( 'NONE',  ( 2.249999999999999556, -0.6028856829700258713, -2.166666666666650531 ) ) ;
#2344 = CARTESIAN_POINT ( 'NONE',  ( 4.322110431692326671, 5.826269530493555671, -31.01290892247529030 ) ) ;
#2345 = CARTESIAN_POINT ( 'NONE',  ( -5.999999999999984013, 0.000000000000000000, -24.64911064067352342 ) ) ;
#2346 = CARTESIAN_POINT ( 'NONE',  ( 0.3207256699219556140, 6.249999999999996447, -21.17658045704106939 ) ) ;
#2347 = CARTESIAN_POINT ( 'NONE',  ( -6.000000000000124345, -2.905016251323462306, -29.32632255537543031 ) ) ;
#2348 = DIRECTION ( 'NONE',  ( 1.000000000000000000, -0.000000000000000000, -0.000000000000000000 ) ) ;
#2349 = EDGE_CURVE ( 'NONE', #2552, #2599, #561, .T. ) ;
#2350 = CARTESIAN_POINT ( 'NONE',  ( 0.3243178290134213770, -6.249999999999997335, -21.17658045704106584 ) ) ;
#2351 = FACE_OUTER_BOUND ( 'NONE', #282, .T. ) ;
#2352 = ORIENTED_EDGE ( 'NONE', *, *, #1003, .T. ) ;
#2354 = CARTESIAN_POINT ( 'NONE',  ( 7.757142857142857117, 5.257142857142858006, -46.32226791846370162 ) ) ;
#2353 = MECHANICAL_DESIGN_GEOMETRIC_PRESENTATION_REPRESENTATION (  '', ( #2515 ), #3207 ) ;
#2355 = CARTESIAN_POINT ( 'NONE',  ( 3.749999999999999556, 0.000000000000000000, -15.50000000000000000 ) ) ;
#2356 = EDGE_CURVE ( 'NONE', #1823, #3391, #2702, .T. ) ;
#2357 = CARTESIAN_POINT ( 'NONE',  ( 3.671428571428561494, 4.571428571428556964, -41.14261121773392205 ) ) ;
#2358 = PLANE ( 'NONE',  #927 ) ;
#2359 = EDGE_LOOP ( 'NONE', ( #89, #536, #2654, #911, #1375 ) ) ;
#2360 = CARTESIAN_POINT ( 'NONE',  ( 3.247595264191643238, 1.875000000000001332, -11.16666666666666430 ) ) ;
#2361 = ADVANCED_FACE ( 'NONE', ( #3024 ), #2179, .F. ) ;
#2362 = CARTESIAN_POINT ( 'NONE',  ( -1.695671109424395473, 5.817551785323813007, -29.81806301628931877 ) ) ;
#2363 = DIRECTION ( 'NONE',  ( 0.000000000000000000, 0.000000000000000000, -1.000000000000000000 ) ) ;
#2364 = LINE ( 'NONE', #3184, #1019 ) ;
#2365 = CARTESIAN_POINT ( 'NONE',  ( -5.531632544176845023, 2.366246466369704038, -22.47265076971856246 ) ) ;
#2366 = DIRECTION ( 'NONE',  ( 0.000000000000000000, 0.000000000000000000, -1.000000000000000000 ) ) ;
#2367 = EDGE_LOOP ( 'NONE', ( #2699, #2580, #260, #518 ) ) ;
#2368 = CARTESIAN_POINT ( 'NONE',  ( -2.584455365917539993, -5.440395613724668067, -21.77163730009568710 ) ) ;
#2369 = VECTOR ( 'NONE', #2302, 1000.000000000000000 ) ;
#2370 = CARTESIAN_POINT ( 'NONE',  ( -5.499999999999998224, -3.000000000000000000, -41.37078589322641875 ) ) ;
#2371 = ORIENTED_EDGE ( 'NONE', *, *, #3111, .T. ) ;
#2372 = DIRECTION ( 'NONE',  ( 0.000000000000000000, 0.000000000000000000, 1.000000000000000000 ) ) ;
#2373 = ADVANCED_FACE ( 'NONE', ( #1939 ), #1350, .F. ) ;
#2374 = PLANE ( 'NONE',  #837 ) ;
#2375 = CARTESIAN_POINT ( 'NONE',  ( -3.608439182435158710, -6.249999999999999112, -30.00000000000000000 ) ) ;
#2376 = VECTOR ( 'NONE', #2272, 1000.000000000000000 ) ;
#2377 = CARTESIAN_POINT ( 'NONE',  ( -2.702040045634453769, 5.357142857138279091, -22.96621900223948032 ) ) ;
#2378 = CARTESIAN_POINT ( 'NONE',  ( 3.749999999999998224, 1.004809471616712857, -11.33333333333332860 ) ) ;
#2379 = CARTESIAN_POINT ( 'NONE',  ( 1.695671109424599976, 5.817551785323730407, -29.81806301628933298 ) ) ;
#2380 = CARTESIAN_POINT ( 'NONE',  ( 6.000000000000000000, 3.500000000000000444, -47.62542995463457629 ) ) ;
#2381 = ORIENTED_EDGE ( 'NONE', *, *, #3144, .T. ) ;
#2382 = DIRECTION ( 'NONE',  ( 0.5000000000000001110, -0.8660254037844384856, 0.000000000000000000 ) ) ;
#2383 = CARTESIAN_POINT ( 'NONE',  ( -7.999635526290748366, -0.3358668768246074743, -22.64895118330882084 ) ) ;
#2384 = CARTESIAN_POINT ( 'NONE',  ( 3.602720060833884741, 7.142857142857137021, -22.96621900223643564 ) ) ;
#2385 = VERTEX_POINT ( 'NONE', #46 ) ;
#2386 = CARTESIAN_POINT ( 'NONE',  ( -7.216878364870320972, 1.057472961667715618E-17, -0.5000000000000004441 ) ) ;
#2387 = EDGE_CURVE ( 'NONE', #557, #1257, #1104, .T. ) ;
#2388 = DIRECTION ( 'NONE',  ( -0.000000000000000000, -0.000000000000000000, -1.000000000000000000 ) ) ;
#2389 = ORIENTED_EDGE ( 'NONE', *, *, #1709, .T. ) ;
#2390 = CARTESIAN_POINT ( 'NONE',  ( 6.000000000000007105, 0.3691697714539112218, -27.86225090760066436 ) ) ;
#2391 = CARTESIAN_POINT ( 'NONE',  ( -1.124999999999999556, -1.948557158514987009, -10.83333333333334814 ) ) ;
#2392 = CARTESIAN_POINT ( 'NONE',  ( 1.948557158514987009, -1.124999999999999778, -2.333333333333317494 ) ) ;
#2393 = CARTESIAN_POINT ( 'NONE',  ( 2.745190528383289585, -2.745190528383289585, -0.5000000000000000000 ) ) ;
#2394 = CARTESIAN_POINT ( 'NONE',  ( 0.6028856829700264264, -2.249999999999999112, -6.833333333333317938 ) ) ;
#2395 = CARTESIAN_POINT ( 'NONE',  ( 2.745190528383289141, -2.745190528383289141, -11.99999999999999645 ) ) ;
#2396 = ORIENTED_EDGE ( 'NONE', *, *, #1649, .T. ) ;
#2397 = CARTESIAN_POINT ( 'NONE',  ( 5.964932149179936971, 0.7455159772061381585, -27.64913569888518907 ) ) ;
#2398 = CARTESIAN_POINT ( 'NONE',  ( -4.716874588133187274, 3.740489971973209204, -22.18173718035639652 ) ) ;
#2399 = EDGE_LOOP ( 'NONE', ( #2336, #2606, #2431, #3038, #2565 ) ) ;
#2400 = CARTESIAN_POINT ( 'NONE',  ( 6.000000000000000000, 7.518447088892090471E-16, -27.64911064067352342 ) ) ;
#2401 = CIRCLE ( 'NONE', #3313, 4.149999999999994138 ) ;
#2402 = ORIENTED_EDGE ( 'NONE', *, *, #763, .F. ) ;
#2403 = CARTESIAN_POINT ( 'NONE',  ( -0.1185965588784387570, -6.000040168734033230, -22.14472949351070952 ) ) ;
#2404 = CARTESIAN_POINT ( 'NONE',  ( 4.712578202802705896, -3.717656009266225414, -28.21920938121641242 ) ) ;
#2405 = ADVANCED_FACE ( 'NONE', ( #59 ), #2204, .T. ) ;
#2406 = CARTESIAN_POINT ( 'NONE',  ( 5.999999999999866773, 2.551146958171190082, -29.12201602371578701 ) ) ;
#2407 = CARTESIAN_POINT ( 'NONE',  ( -1.124999999999999556, -1.948557158514987009, -2.833333333333348136 ) ) ;
#2408 = LINE ( 'NONE', #2426, #2430 ) ;
#2409 = CARTESIAN_POINT ( 'NONE',  ( -1.647114317029973574, -1.647114317029974018, -7.499999999999983125 ) ) ;
#2410 = CARTESIAN_POINT ( 'NONE',  ( 2.702040045625401010, 5.357142857142865644, -22.96621900223646762 ) ) ;
#2411 = CARTESIAN_POINT ( 'NONE',  ( -1.647114317029973574, -1.647114317029973796, -3.499999999999983125 ) ) ;
#2412 = EDGE_CURVE ( 'NONE', #679, #2902, #1680, .T. ) ;
#2413 = CARTESIAN_POINT ( 'NONE',  ( 2.296212748401286986E-16, -3.749999999999999556, -12.49999999999999822 ) ) ;
#2414 = VERTEX_POINT ( 'NONE', #3009 ) ;
#2415 = CARTESIAN_POINT ( 'NONE',  ( 2.958731796425818406, 5.227672464334570002, -21.68662336207850672 ) ) ;
#2416 = CARTESIAN_POINT ( 'NONE',  ( -5.690046020599030641, 1.923710695380103974, -24.44627604774241902 ) ) ;
#2417 = CARTESIAN_POINT ( 'NONE',  ( 2.000000000000000000, 0.000000000000000000, -38.50329570143848912 ) ) ;
#2418 = ORIENTED_EDGE ( 'NONE', *, *, #962, .T. ) ;
#2419 = FACE_OUTER_BOUND ( 'NONE', #1634, .T. ) ;
#2420 = EDGE_CURVE ( 'NONE', #2202, #697, #1001, .T. ) ;
#2421 = DIRECTION ( 'NONE',  ( 0.7071067811865441310, 0.000000000000000000, 0.7071067811865510144 ) ) ;
#2422 = CARTESIAN_POINT ( 'NONE',  ( -5.999999999999990230, 0.3691720078869298316, -27.64911131198002536 ) ) ;
#2423 = CARTESIAN_POINT ( 'NONE',  ( -2.250000000000000000, -2.755455298081544285E-16, -7.500000000000015099 ) ) ;
#2424 = VECTOR ( 'NONE', #2572, 1000.000000000000000 ) ;
#2425 = VERTEX_POINT ( 'NONE', #2220 ) ;
#2426 = CARTESIAN_POINT ( 'NONE',  ( 34.71747435505660206, -3.000000000000000000, -41.37078589322641875 ) ) ;
#2427 = CARTESIAN_POINT ( 'NONE',  ( 0.6028856829700264264, -2.249999999999999556, -6.833333333333317938 ) ) ;
#2428 = CARTESIAN_POINT ( 'NONE',  ( 0.4952844269814697387, -6.000062895465510415, -22.14467472458265718 ) ) ;
#2429 = CARTESIAN_POINT ( 'NONE',  ( -1.647114317029974240, 1.647114317029972907, -12.49999999999998046 ) ) ;
#2430 = VECTOR ( 'NONE', #316, 1000.000000000000000 ) ;
#2431 = ORIENTED_EDGE ( 'NONE', *, *, #2137, .F. ) ;
#2432 = CARTESIAN_POINT ( 'NONE',  ( -3.606559837974332883, -6.248304623500359867, -21.17742619106009627 ) ) ;
#2433 = CARTESIAN_POINT ( 'NONE',  ( -3.219236410773781198, -5.081513563242390674, -21.74480957247310187 ) ) ;
#2434 = ORIENTED_EDGE ( 'NONE', *, *, #444, .T. ) ;
#2435 = PRODUCT_DEFINITION_CONTEXT ( 'detailed design', #2802, 'design' ) ;
#2436 = DIRECTION ( 'NONE',  ( 0.000000000000000000, 8.881784197001247393E-16, -1.000000000000000000 ) ) ;
#2437 = ORIENTED_EDGE ( 'NONE', *, *, #2412, .F. ) ;
#2438 = PLANE ( 'NONE',  #1667 ) ;
#2439 = CARTESIAN_POINT ( 'NONE',  ( 3.604000061701068347, -6.249435093111733508, -21.17686229113074603 ) ) ;
#2440 = CARTESIAN_POINT ( 'NONE',  ( -5.096438026576930014, 3.192367130402505637, -29.16680363615410343 ) ) ;
#2441 = CARTESIAN_POINT ( 'NONE',  ( 6.000000000000000000, 3.000000000000000000, -44.16132833949681924 ) ) ;
#2442 = ORIENTED_EDGE ( 'NONE', *, *, #3154, .T. ) ;
#2443 = CARTESIAN_POINT ( 'NONE',  ( 3.602720060833866089, 6.249999999999995559, -21.17658045704107295 ) ) ;
#2444 = CARTESIAN_POINT ( 'NONE',  ( -5.999999999999984901, -0.2895923054380563633, -24.64911064067352697 ) ) ;
#2445 = CARTESIAN_POINT ( 'NONE',  ( 1.377727649040772142E-16, -2.250000000000000000, -10.99999999999998401 ) ) ;
#2446 = CARTESIAN_POINT ( 'NONE',  ( 2.249999999999999112, 0.6028856829700279807, -5.833333333333316162 ) ) ;
#2447 = CARTESIAN_POINT ( 'NONE',  ( 1.948557158514986121, 1.125000000000000888, -13.66666666666665009 ) ) ;
#2448 = ORIENTED_EDGE ( 'NONE', *, *, #241, .T. ) ;
#2449 = DIRECTION ( 'NONE',  ( 1.000000000000000000, 0.000000000000000000, 0.000000000000000000 ) ) ;
#2450 = CARTESIAN_POINT ( 'NONE',  ( -4.447698533844241631, -4.063895808050447478, -23.71289777057700832 ) ) ;
#2451 = DIRECTION ( 'NONE',  ( -0.7071067811865450192, -0.3535533905932761178, 0.6123724356957960246 ) ) ;
#2452 = CARTESIAN_POINT ( 'NONE',  ( 3.928734210475117727, -6.106119128930009410, -21.24836314399760795 ) ) ;
#2453 =( BOUNDED_CURVE ( )  B_SPLINE_CURVE ( 3, ( #1384, #2468, #794, #1376 ),
 .UNSPECIFIED., .F., .F. ) 
 B_SPLINE_CURVE_WITH_KNOTS ( ( 4, 4 ),
 ( 2.293530574608309003, 3.989654732571270568 ),
 .UNSPECIFIED. ) 
 CURVE ( )  GEOMETRIC_REPRESENTATION_ITEM ( )  RATIONAL_B_SPLINE_CURVE ( ( 1.000000000000000000, 0.7742918851774318600, 0.7742918851774318600, 1.000000000000000000 ) ) 
 REPRESENTATION_ITEM ( '' )  );
#2454 = CARTESIAN_POINT ( 'NONE',  ( 6.000000000000000000, -3.499999999999999556, -47.33675482003976498 ) ) ;
#2455 = CARTESIAN_POINT ( 'NONE',  ( 4.607178031356723658, -3.847098502177176638, -28.30120737168968503 ) ) ;
#2456 = CARTESIAN_POINT ( 'NONE',  ( -7.058238037402580822, -0.2747731073034908600, -22.87631385443781085 ) ) ;
#2457 = CARTESIAN_POINT ( 'NONE',  ( 0.000000000000000000, 0.000000000000000000, 0.000000000000000000 ) ) ;
#2458 = ORIENTED_EDGE ( 'NONE', *, *, #1759, .T. ) ;
#2459 = CARTESIAN_POINT ( 'NONE',  ( 6.000000000000000000, 9.399999999999991473, -43.93038823182097019 ) ) ;
#2460 = VECTOR ( 'NONE', #1794, 1000.000000000000000 ) ;
#2461 = CARTESIAN_POINT ( 'NONE',  ( 3.319764047840345622, -5.749999999999997335, 0.000000000000000000 ) ) ;
#2462 = CARTESIAN_POINT ( 'NONE',  ( -1.125000000000000888, 1.948557158514986343, -8.666666666666650087 ) ) ;
#2463 = CARTESIAN_POINT ( 'NONE',  ( 6.900543655885993388, -0.5479077881583701570, -22.95105945634433553 ) ) ;
#2464 = ADVANCED_FACE ( 'NONE', ( #2773 ), #611, .F. ) ;
#2465 = CARTESIAN_POINT ( 'NONE',  ( -1.125000000000000888, 1.948557158514986343, -8.666666666666650087 ) ) ;
#2466 = VECTOR ( 'NONE', #1518, 1000.000000000000000 ) ;
#2467 = ORIENTED_EDGE ( 'NONE', *, *, #3111, .F. ) ;
#2468 = CARTESIAN_POINT ( 'NONE',  ( -2.583005244258376187, 8.166010488516715071, -32.36375899442396076 ) ) ;
#2469 = LINE ( 'NONE', #1122, #2854 ) ;
#2470 = CARTESIAN_POINT ( 'NONE',  ( 1.130749435697301575, -6.999999999999999112, -31.69056252500091020 ) ) ;
#2471 = LINE ( 'NONE', #2172, #3090 ) ;
#2472 = DIRECTION ( 'NONE',  ( 0.000000000000000000, 0.000000000000000000, 1.000000000000000000 ) ) ;
#2473 = EDGE_CURVE ( 'NONE', #884, #3397, #1396, .T. ) ;
#2474 = CARTESIAN_POINT ( 'NONE',  ( -6.425600022373034292, 1.370534292134188981, -23.15969746579185440 ) ) ;
#2475 = ORIENTED_EDGE ( 'NONE', *, *, #2002, .F. ) ;
#2476 = EDGE_CURVE ( 'NONE', #2983, #1257, #1891, .T. ) ;
#2477 = CARTESIAN_POINT ( 'NONE',  ( 3.604000159000711356, 6.249435050170179196, -21.17686231255444795 ) ) ;
#2478 = EDGE_CURVE ( 'NONE', #1557, #1823, #586, .T. ) ;
#2479 = DIRECTION ( 'NONE',  ( 0.000000000000000000, 0.000000000000000000, 1.000000000000000000 ) ) ;
#2480 = CARTESIAN_POINT ( 'NONE',  ( 2.249999999999999556, 0.6028856829700278697, -13.83333333333331616 ) ) ;
#2481 = CARTESIAN_POINT ( 'NONE',  ( -0.9590045831779705487, -5.927536664828104485, -22.30413495126740031 ) ) ;
#2482 = ADVANCED_FACE ( 'NONE', ( #2230 ), #1057, .F. ) ;
#2483 = CARTESIAN_POINT ( 'NONE',  ( -2.250000000000000000, 0.6028856829700249831, -12.16666666666665009 ) ) ;
#2484 = VERTEX_POINT ( 'NONE', #2461 ) ;
#2485 = CARTESIAN_POINT ( 'NONE',  ( -4.796181135487947778, -3.647251121981233357, -23.90597200500782549 ) ) ;
#2486 = CARTESIAN_POINT ( 'NONE',  ( -1.695671109424567558, -5.817551785323734848, -29.81806301628932943 ) ) ;
#2487 = ORIENTED_EDGE ( 'NONE', *, *, #2252, .F. ) ;
#2488 = CARTESIAN_POINT ( 'NONE',  ( -1.124999999999999556, -1.948557158514987009, -6.833333333333348136 ) ) ;
#2489 = CARTESIAN_POINT ( 'NONE',  ( 5.096438026576501024, -3.192367130403211295, -29.16680363615501648 ) ) ;
#2490 = FACE_OUTER_BOUND ( 'NONE', #1136, .T. ) ;
#2491 = EDGE_CURVE ( 'NONE', #2326, #1836, #1917, .T. ) ;
#2492 = DIRECTION ( 'NONE',  ( 0.8660254037844384856, 0.5000000000000003331, -0.000000000000000000 ) ) ;
#2493 = DIRECTION ( 'NONE',  ( -0.8711404958354463934, 0.4393865476211364363, -0.2192115377555473865 ) ) ;
#2494 = CARTESIAN_POINT ( 'NONE',  ( -5.222326698735315631, 2.966636197351308901, -24.15571592008120305 ) ) ;
#2495 = CYLINDRICAL_SURFACE ( 'NONE', #1631, 14.00000000000000178 ) ;
#2496 = CARTESIAN_POINT ( 'NONE',  ( 1.948557158514986121, 1.125000000000000888, -5.666666666666650976 ) ) ;
#2497 = DIRECTION ( 'NONE',  ( 1.000000000000000000, -0.000000000000000000, -0.000000000000000000 ) ) ;
#2498 = ORIENTED_EDGE ( 'NONE', *, *, #172, .T. ) ;
#2499 = CYLINDRICAL_SURFACE ( 'NONE', #1060, 3.750000000000000000 ) ;
#2500 = ORIENTED_EDGE ( 'NONE', *, *, #48, .T. ) ;
#2501 = CARTESIAN_POINT ( 'NONE',  ( -4.133182947122316674E-16, 2.250000000000000000, -12.50000000000001421 ) ) ;
#2502 = CARTESIAN_POINT ( 'NONE',  ( 5.503423996722562883, -2.415874513847913629, -28.54830555572530670 ) ) ;
#2503 = CARTESIAN_POINT ( 'NONE',  ( -3.247595264191645903, 1.874999999999999112, -10.33333333333333393 ) ) ;
#2504 = ORIENTED_EDGE ( 'NONE', *, *, #2853, .T. ) ;
#2505 = CARTESIAN_POINT ( 'NONE',  ( -4.732308289656790734, 4.303401605235060323, -22.47463159571178082 ) ) ;
#2506 = CARTESIAN_POINT ( 'NONE',  ( 2.250000000000000000, 0.000000000000000000, -13.50000000000001599 ) ) ;
#2507 = EDGE_CURVE ( 'NONE', #557, #3172, #2226, .T. ) ;
#2508 = CARTESIAN_POINT ( 'NONE',  ( -3.183939331852776000, 5.092708203701197256, -23.13850670756411887 ) ) ;
#2509 = LINE ( 'NONE', #3305, #3199 ) ;
#2510 = CARTESIAN_POINT ( 'NONE',  ( -1.124999999999999556, -1.948557158514987009, -11.33333333333331616 ) ) ;
#2511 = VERTEX_POINT ( 'NONE', #1945 ) ;
#2512 = LINE ( 'NONE', #2801, #3118 ) ;
#2513 = ORIENTED_EDGE ( 'NONE', *, *, #3429, .F. ) ;
#2514 = ORIENTED_EDGE ( 'NONE', *, *, #21, .F. ) ;
#2515 = STYLED_ITEM ( 'NONE', ( #657 ), #2621 ) ;
#2516 = EDGE_CURVE ( 'NONE', #2385, #3292, #1511, .T. ) ;
#2517 = CARTESIAN_POINT ( 'NONE',  ( -2.745190528383288253, -2.745190528383288697, -4.999999999999999112 ) ) ;
#2518 = CARTESIAN_POINT ( 'NONE',  ( 3.848234893097949971, -4.611354656028468391, -23.42291005964557726 ) ) ;
#2519 = CARTESIAN_POINT ( 'NONE',  ( -3.750000000000000444, -4.592425496802574958E-16, -6.000000000000000000 ) ) ;
#2520 = DIRECTION ( 'NONE',  ( 1.000000000000000000, -0.000000000000000000, -0.000000000000000000 ) ) ;
#2521 = CARTESIAN_POINT ( 'NONE',  ( 1.499999999999996225, 3.000000000000000000, -38.50329570143848912 ) ) ;
#2522 = ORIENTED_EDGE ( 'NONE', *, *, #957, .F. ) ;
#2523 = CARTESIAN_POINT ( 'NONE',  ( 0.000000000000000000, 0.000000000000000000, -16.49999999999997868 ) ) ;
#2524 = CARTESIAN_POINT ( 'NONE',  ( 1.377727649040772142E-16, -2.250000000000000000, -6.500000000000015099 ) ) ;
#2525 = CARTESIAN_POINT ( 'NONE',  ( -1.125000000000000888, 1.948557158514986343, -4.166666666666681174 ) ) ;
#2526 = AXIS2_PLACEMENT_3D ( 'NONE', #2999, #3335, #2766 ) ;
#2527 = CARTESIAN_POINT ( 'NONE',  ( 2.000000000000000000, 0.000000000000000000, 0.000000000000000000 ) ) ;
#2528 = CARTESIAN_POINT ( 'NONE',  ( -1.125000000000000888, 1.948557158514986343, -8.666666666666650087 ) ) ;
#2529 = B_SPLINE_CURVE_WITH_KNOTS ( 'NONE', 3,
 ( #974, #3091, #3382, #665, #682 ),
 .UNSPECIFIED., .F., .F.,
 ( 4, 1, 4 ),
 ( 0.03956531377497141122, 0.03956957252153424365, 0.03957383126809706914 ),
 .UNSPECIFIED. ) ;
#2530 = CARTESIAN_POINT ( 'NONE',  ( 5.835642662486212551, 1.422483861063706945, -24.54040662467033229 ) ) ;
#2531 = ORIENTED_EDGE ( 'NONE', *, *, #796, .T. ) ;
#2532 = VECTOR ( 'NONE', #896, 1000.000000000000114 ) ;
#2533 = CARTESIAN_POINT ( 'NONE',  ( 1.125000000000000222, -1.948557158514986787, -6.166666666666681174 ) ) ;
#2534 = VERTEX_POINT ( 'NONE', #1146 ) ;
#2535 = CARTESIAN_POINT ( 'NONE',  ( -3.247595264191644571, 1.874999999999998446, -9.833333333333332149 ) ) ;
#2536 = UNCERTAINTY_MEASURE_WITH_UNIT (LENGTH_MEASURE( 1.000000000000000082E-05 ), #3392, 'distance_accuracy_value', 'NONE');
#2537 = CARTESIAN_POINT ( 'NONE',  ( -1.004809471616712857, 3.749999999999998668, -10.33333333333333215 ) ) ;
#2538 = CARTESIAN_POINT ( 'NONE',  ( 1.875000000000000666, -3.247595264191645015, -0.6666666666666666297 ) ) ;
#2539 =( BOUNDED_SURFACE ( )  B_SPLINE_SURFACE ( 3, 2, ( 
 ( #1994, #379, #328 ),
 ( #1406, #874, #1140 ),
 ( #1748, #2489, #2224 ),
 ( #62, #1707, #2810 ),
 ( #2540, #2502, #924 ),
 ( #3314, #2828, #3062 ),
 ( #1434, #1691, #96 ),
 ( #670, #1957, #858 ),
 ( #1175, #1474, #3044 ),
 ( #889, #616, #1454 ) ),
 .UNSPECIFIED., .F., .F., .F. ) 
 B_SPLINE_SURFACE_WITH_KNOTS ( ( 4, 2, 2, 2, 4 ),
 ( 3, 3 ),
 ( 0.005759209557389472628, 0.007228896427532024820, 0.008698583297674577011, 0.01016827016781712834, 0.01163795703795968139 ),
 ( 0.000000000000000000, 1.000000000000000000 ),
 .UNSPECIFIED. ) 
 GEOMETRIC_REPRESENTATION_ITEM ( )  RATIONAL_B_SPLINE_SURFACE ( (
 ( 1.000000000000000000, 0.8156956889315630788, 1.000000000000000000),
 ( 1.000000000000000000, 0.8432255679177464991, 1.000000000000000000),
 ( 1.000000000000000000, 0.8691014335666776836, 1.000000000000000000),
 ( 1.000000000000000000, 0.9146681088439699847, 1.000000000000000000),
 ( 1.000000000000000000, 0.9343263465844661164, 1.000000000000000000),
 ( 1.000000000000000000, 0.9667387330328763850, 1.000000000000000000),
 ( 1.000000000000000000, 0.9790844596681733680, 1.000000000000000000),
 ( 1.000000000000000000, 0.9957054629380105437, 1.000000000000000000),
 ( 1.000000000000000000, 1.000011478662769848, 1.000000000000000000),
 ( 1.000000000000000000, 1.000000000000000000, 1.000000000000000000) ) ) 
 REPRESENTATION_ITEM ( '' )  SURFACE ( )  );
#2540 = CARTESIAN_POINT ( 'NONE',  ( 5.469535224416471664, -2.493784839832011269, -27.78158277808840282 ) ) ;
#2541 = CARTESIAN_POINT ( 'NONE',  ( -5.096438026576034730, -3.192367130402437692, -29.16680363615327920 ) ) ;
#2542 = DIRECTION ( 'NONE',  ( 0.000000000000000000, 0.000000000000000000, -1.000000000000000000 ) ) ;
#2543 = VECTOR ( 'NONE', #2548, 1000.000000000000000 ) ;
#2544 = ORIENTED_EDGE ( 'NONE', *, *, #2741, .F. ) ;
#2545 = DIRECTION ( 'NONE',  ( -1.000000000000000000, 0.000000000000000000, 0.000000000000000000 ) ) ;
#2546 = AXIS2_PLACEMENT_3D ( 'NONE', #2747, #3303, #1898 ) ;
#2547 = CARTESIAN_POINT ( 'NONE',  ( -2.250000000000000000, -2.755455298081544285E-16, -11.50000000000001599 ) ) ;
#2548 = DIRECTION ( 'NONE',  ( 0.000000000000000000, 0.8660254037844385966, -0.5000000000000001110 ) ) ;
#2549 = CARTESIAN_POINT ( 'NONE',  ( 3.608439182435156933, -6.249999999999996447, -21.17658045704106939 ) ) ;
#2550 = CARTESIAN_POINT ( 'NONE',  ( -1.647114317029974240, 1.647114317029972907, -8.499999999999984013 ) ) ;
#2551 = CARTESIAN_POINT ( 'NONE',  ( -3.749999999999999556, -4.592425496802573972E-16, -9.500000000000000000 ) ) ;
#2552 = VERTEX_POINT ( 'NONE', #570 ) ;
#2553 = CARTESIAN_POINT ( 'NONE',  ( 1.124999999999998446, 1.948557158514987675, -4.833333333333348136 ) ) ;
#2554 = EDGE_LOOP ( 'NONE', ( #3361, #1358, #2889, #2057 ) ) ;
#2555 = CARTESIAN_POINT ( 'NONE',  ( 5.500000000000000000, 6.399999999999995914, -42.19833742425209522 ) ) ;
#2556 = CARTESIAN_POINT ( 'NONE',  ( 2.958731796425194016, 5.227672464334919056, -21.68662336207836816 ) ) ;
#2557 = CARTESIAN_POINT ( 'NONE',  ( -3.750000000000000000, -1.004809471616711081, -5.833333333333332149 ) ) ;
#2558 = CARTESIAN_POINT ( 'NONE',  ( -2.745190528383288697, -2.745190528383289141, -5.000000000000000000 ) ) ;
#2559 = CARTESIAN_POINT ( 'NONE',  ( -5.308848692624032140, -2.818676491592208233, -27.84850377498396057 ) ) ;
#2560 =( BOUNDED_CURVE ( )  B_SPLINE_CURVE ( 3, ( #2054, #711, #1793, #2875 ),
 .UNSPECIFIED., .F., .T. ) 
 B_SPLINE_CURVE_WITH_KNOTS ( ( 4, 4 ),
 ( 2.293530574608315220, 3.989654732571277229 ),
 .UNSPECIFIED. ) 
 CURVE ( )  GEOMETRIC_REPRESENTATION_ITEM ( )  RATIONAL_B_SPLINE_CURVE ( ( 1.000000000000000000, 0.7742918851774317490, 0.7742918851774317490, 1.000000000000000000 ) ) 
 REPRESENTATION_ITEM ( '' )  );
#2561 = CARTESIAN_POINT ( 'NONE',  ( 5.500000000000000000, 6.399999999999995914, -42.19833742425209522 ) ) ;
#2562 = ORIENTED_EDGE ( 'NONE', *, *, #2094, .T. ) ;
#2563 = DIRECTION ( 'NONE',  ( 0.4503400076057446078, -0.8928571428563798484, 3.469446951953614189E-15 ) ) ;
#2564 = CARTESIAN_POINT ( 'NONE',  ( 1.124999999999998446, 1.948557158514987675, -8.833333333333349913 ) ) ;
#2565 = ORIENTED_EDGE ( 'NONE', *, *, #119, .T. ) ;
#2566 = LINE ( 'NONE', #895, #1323 ) ;
#2567 = DIRECTION ( 'NONE',  ( 1.000000000000000000, 0.000000000000000000, 0.000000000000000000 ) ) ;
#2568 = CARTESIAN_POINT ( 'NONE',  ( -3.602720060845945316, 6.249999999999995559, -21.17658045704107295 ) ) ;
#2569 = ORIENTED_EDGE ( 'NONE', *, *, #1759, .F. ) ;
#2570 = CARTESIAN_POINT ( 'NONE',  ( 2.250000000000000000, 0.000000000000000000, -13.99999999999998401 ) ) ;
#2571 = EDGE_LOOP ( 'NONE', ( #1951, #2759, #372, #1075, #290 ) ) ;
#2572 = DIRECTION ( 'NONE',  ( 0.000000000000000000, -1.598207019933148115E-16, -1.000000000000000000 ) ) ;
#2573 = CARTESIAN_POINT ( 'NONE',  ( 4.854938747858686732, 5.599967699128058030, -21.48865306619907400 ) ) ;
#2574 = CARTESIAN_POINT ( 'NONE',  ( 2.745190528383288697, 2.745190528383290030, -7.500000000000000000 ) ) ;
#2575 = CARTESIAN_POINT ( 'NONE',  ( 2.285766464534812581, 5.567103262537493436, -22.82655231637669857 ) ) ;
#2576 = CARTESIAN_POINT ( 'NONE',  ( 3.247595264191643238, 1.875000000000001554, -15.16666666666666430 ) ) ;
#2577 = CARTESIAN_POINT ( 'NONE',  ( 3.000000000000000000, 0.000000000000000000, -12.75000000000000711 ) ) ;
#2578 = FACE_OUTER_BOUND ( 'NONE', #2399, .T. ) ;
#2579 = DIRECTION ( 'NONE',  ( 0.000000000000000000, 0.000000000000000000, -1.000000000000000000 ) ) ;
#2580 = ORIENTED_EDGE ( 'NONE', *, *, #2122, .T. ) ;
#2581 = EDGE_CURVE ( 'NONE', #1257, #3351, #3204, .T. ) ;
#2582 = CARTESIAN_POINT ( 'NONE',  ( 2.000000000000000000, -6.399999999999998579, -42.19833742425210232 ) ) ;
#2583 = EDGE_CURVE ( 'NONE', #833, #508, #691, .T. ) ;
#2584 = DIRECTION ( 'NONE',  ( 0.6546536707079770867, 0.6546536707079770867, -0.3779644730092273641 ) ) ;
#2585 = DIRECTION ( 'NONE',  ( 0.000000000000000000, 0.000000000000000000, -1.000000000000000000 ) ) ;
#2586 = AXIS2_PLACEMENT_3D ( 'NONE', #1619, #29, #805 ) ;
#2587 = AXIS2_PLACEMENT_3D ( 'NONE', #1835, #788, #2921 ) ;
#2588 = EDGE_CURVE ( 'NONE', #770, #2385, #2872, .T. ) ;
#2589 = CARTESIAN_POINT ( 'NONE',  ( 1.377727649040772142E-16, -2.250000000000000000, -6.500000000000015099 ) ) ;
#2590 = ORIENTED_EDGE ( 'NONE', *, *, #796, .F. ) ;
#2591 = CARTESIAN_POINT ( 'NONE',  ( -3.749999999999998668, -1.004809471616710859, -9.333333333333332149 ) ) ;
#2592 = CARTESIAN_POINT ( 'NONE',  ( 3.945951684833902906, 4.569215223879161236, -21.93593712728074863 ) ) ;
#2593 = CARTESIAN_POINT ( 'NONE',  ( -2.745190528383290918, 2.745190528383287365, -2.500000000000000000 ) ) ;
#2594 = FACE_OUTER_BOUND ( 'NONE', #2268, .T. ) ;
#2595 = CARTESIAN_POINT ( 'NONE',  ( -4.499999999999995559, -3.968626966596871419, -28.39476002721890779 ) ) ;
#2596 = CARTESIAN_POINT ( 'NONE',  ( -17.71280920196283759, 15.21280920196283937, -40.57436127431978434 ) ) ;
#2597 = CARTESIAN_POINT ( 'NONE',  ( 6.000000000000000000, -9.399999999999996803, -33.07620317105600805 ) ) ;
#2598 = DIRECTION ( 'NONE',  ( 1.000000000000000000, 0.000000000000000000, 0.000000000000000000 ) ) ;
#2599 = VERTEX_POINT ( 'NONE', #1196 ) ;
#2600 = CARTESIAN_POINT ( 'NONE',  ( -1.948557158514986343, -1.125000000000000666, -3.166666666666681618 ) ) ;
#2601 = LINE ( 'NONE', #474, #2369 ) ;
#2602 = EDGE_CURVE ( 'NONE', #679, #1273, #113, .T. ) ;
#2603 = VECTOR ( 'NONE', #2736, 1000.000000000000000 ) ;
#2604 = DIRECTION ( 'NONE',  ( 1.000000000000000000, -0.000000000000000000, -0.000000000000000000 ) ) ;
#2605 = CARTESIAN_POINT ( 'NONE',  ( 2.249999999999999112, 0.6028856829700279807, -9.333333333333344584 ) ) ;
#2606 = ORIENTED_EDGE ( 'NONE', *, *, #2844, .T. ) ;
#2607 = CARTESIAN_POINT ( 'NONE',  ( 1.004809471616710637, -3.749999999999998668, -12.33333333333333393 ) ) ;
#2608 = CARTESIAN_POINT ( 'NONE',  ( 5.932805971840604542, 0.9433965480486690147, -22.62384890196481635 ) ) ;
#2609 = ADVANCED_FACE ( 'NONE', ( #406 ), #2281, .T. ) ;
#2610 = DIRECTION ( 'NONE',  ( 0.000000000000000000, 0.000000000000000000, -1.000000000000000000 ) ) ;
#2611 = CARTESIAN_POINT ( 'NONE',  ( -4.934984432031847668, -3.431434140564812552, -28.05795083157399716 ) ) ;
#2612 = DIRECTION ( 'NONE',  ( 0.000000000000000000, -0.8660254037844384856, 0.5000000000000001110 ) ) ;
#2613 = CARTESIAN_POINT ( 'NONE',  ( -0.1370436794689923465, -6.000052664837258298, -21.62839232965700731 ) ) ;
#2614 = EDGE_CURVE ( 'NONE', #654, #630, #123, .T. ) ;
#2615 = DIRECTION ( 'NONE',  ( -1.000000000000000000, -0.000000000000000000, -0.000000000000000000 ) ) ;
#2616 = ORIENTED_EDGE ( 'NONE', *, *, #1622, .T. ) ;
#2617 = CARTESIAN_POINT ( 'NONE',  ( 5.832190438114745135, 1.455676186437404152, -27.67073455198768173 ) ) ;
#2618 = DIRECTION ( 'NONE',  ( 0.000000000000000000, 1.000000000000000000, 0.000000000000000000 ) ) ;
#2619 = EDGE_CURVE ( 'NONE', #1954, #3057, #2566, .T. ) ;
#2620 = CYLINDRICAL_SURFACE ( 'NONE', #653, 14.00000000000000178 ) ;
#2621 = MANIFOLD_SOLID_BREP ( '\X2\501289d2\X0\3', #3271 ) ;
#2622 = CARTESIAN_POINT ( 'NONE',  ( -6.000000000000000000, 7.518447088892090471E-16, -27.64911064067352342 ) ) ;
#2623 = ORIENTED_EDGE ( 'NONE', *, *, #2241, .T. ) ;
#2624 = CARTESIAN_POINT ( 'NONE',  ( -2.745190528383288253, -2.745190528383288697, -12.99999999999999822 ) ) ;
#2625 = CARTESIAN_POINT ( 'NONE',  ( -3.577052902304079574, 4.923992890163807701, -30.49197926129726355 ) ) ;
#2626 = CARTESIAN_POINT ( 'NONE',  ( -5.016687351935988914, 3.296143533768752132, -28.01271582166789997 ) ) ;
#2627 = EDGE_CURVE ( 'NONE', #770, #2261, #3159, .T. ) ;
#2628 = VECTOR ( 'NONE', #1910, 999.9999999999998863 ) ;
#2629 = CARTESIAN_POINT ( 'NONE',  ( -6.000000000000000000, 0.000000000000000000, -33.85329570143849764 ) ) ;
#2630 = CARTESIAN_POINT ( 'NONE',  ( -6.000178561540200128, 0.2303192767589902212, -22.64917760126457580 ) ) ;
#2631 = CARTESIAN_POINT ( 'NONE',  ( 3.000000000000000000, 0.000000000000000000, -0.7500000000000075495 ) ) ;
#2632 = ORIENTED_EDGE ( 'NONE', *, *, #3264, .F. ) ;
#2633 = CARTESIAN_POINT ( 'NONE',  ( -1.571523951243067430, -6.249999999999997335, -21.17658045704106584 ) ) ;
#2634 = CARTESIAN_POINT ( 'NONE',  ( 0.000000000000000000, 0.000000000000000000, -16.49999999999997868 ) ) ;
#2635 = ORIENTED_EDGE ( 'NONE', *, *, #1237, .T. ) ;
#2637 = CARTESIAN_POINT ( 'NONE',  ( 3.609092152412054944, 6.248869022824196762, -21.17714470564452611 ) ) ;
#2636 = VECTOR ( 'NONE', #2579, 1000.000000000000000 ) ;
#2638 = DIRECTION ( 'NONE',  ( -0.7500000000000019984, 0.6614378277661455696, 0.000000000000000000 ) ) ;
#2639 = EDGE_CURVE ( 'NONE', #845, #1944, #3043, .T. ) ;
#2640 = CARTESIAN_POINT ( 'NONE',  ( -1.647114317029973574, -1.647114317029973796, -11.00000000000001243 ) ) ;
#2641 = DIRECTION ( 'NONE',  ( 0.000000000000000000, 0.000000000000000000, -1.000000000000000000 ) ) ;
#2642 = VECTOR ( 'NONE', #60, 1000.000000000000000 ) ;
#2643 = ORIENTED_EDGE ( 'NONE', *, *, #2785, .T. ) ;
#2644 = CARTESIAN_POINT ( 'NONE',  ( -2.250000000000000000, 0.6028856829700249831, -4.166666666666650976 ) ) ;
#2645 = ADVANCED_BREP_SHAPE_REPRESENTATION ( 'D7N3_nut_platform_top', ( #2621, #3229 ), #1869 ) ;
#2646 = CARTESIAN_POINT ( 'NONE',  ( -0.9422911959236531798, 6.000000000000000888, -31.11321225581127692 ) ) ;
#2647 = VECTOR ( 'NONE', #1284, 1000.000000000000000 ) ;
#2648 = CARTESIAN_POINT ( 'NONE',  ( -6.888638245203861944E-16, 3.750000000000000444, -11.00000000000000000 ) ) ;
#2649 = EDGE_CURVE ( 'NONE', #2738, #2297, #656, .T. ) ;
#2650 = ORIENTED_EDGE ( 'NONE', *, *, #852, .F. ) ;
#2651 = CARTESIAN_POINT ( 'NONE',  ( 1.178642963525786458, 5.887687293788026466, -22.38150645319558762 ) ) ;
#2652 = CARTESIAN_POINT ( 'NONE',  ( -8.000357114523369617, 0.3224392928170727868, -22.64926687839496111 ) ) ;
#2653 = CARTESIAN_POINT ( 'NONE',  ( -1.875000000000001776, 3.247595264191644571, -6.666666666666666075 ) ) ;
#2654 = ORIENTED_EDGE ( 'NONE', *, *, #3482, .T. ) ;
#2655 = CARTESIAN_POINT ( 'NONE',  ( -3.749999999999999556, -4.592425496802573972E-16, -13.50000000000000000 ) ) ;
#2656 = CARTESIAN_POINT ( 'NONE',  ( 3.749999999999999112, 0.000000000000000000, -3.499999999999999556 ) ) ;
#2657 = ORIENTED_EDGE ( 'NONE', *, *, #2588, .T. ) ;
#2658 = LINE ( 'NONE', #2067, #2647 ) ;
#2659 = CARTESIAN_POINT ( 'NONE',  ( 6.000000000000000000, 8.330648092654435829E-15, -30.53586198662164009 ) ) ;
#2660 = LINE ( 'NONE', #1006, #194 ) ;
#2661 = VECTOR ( 'NONE', #2584, 1000.000000000000114 ) ;
#2662 = CARTESIAN_POINT ( 'NONE',  ( -3.319764047840347843, 5.749999999999995559, 0.000000000000000000 ) ) ;
#2663 = CARTESIAN_POINT ( 'NONE',  ( -1.875000000000001332, 3.247595264191643682, -14.16666666666666607 ) ) ;
#2664 = CARTESIAN_POINT ( 'NONE',  ( -1.874999999999998890, -3.247595264191644571, -12.83333333333333215 ) ) ;
#2665 = EDGE_CURVE ( 'NONE', #1954, #3065, #689, .T. ) ;
#2666 = ORIENTED_EDGE ( 'NONE', *, *, #337, .T. ) ;
#2667 = DIRECTION ( 'NONE',  ( 0.000000000000000000, 0.000000000000000000, -1.000000000000000000 ) ) ;
#2668 = CARTESIAN_POINT ( 'NONE',  ( -7.973597685896546494, 0.6556164335262597564, -22.63751753801322764 ) ) ;
#2669 = ORIENTED_EDGE ( 'NONE', *, *, #1254, .F. ) ;
#2670 = DIRECTION ( 'NONE',  ( 0.000000000000000000, -0.000000000000000000, 1.000000000000000000 ) ) ;
#2671 = VERTEX_POINT ( 'NONE', #1734 ) ;
#2672 = CARTESIAN_POINT ( 'NONE',  ( 1.263182060913947469, -6.249999999999996447, -21.17658045704106584 ) ) ;
#2673 = LINE ( 'NONE', #49, #1555 ) ;
#2674 = DIRECTION ( 'NONE',  ( -0.6546536707079769757, -0.6546536707079769757, -0.3779644730092275862 ) ) ;
#2675 = CARTESIAN_POINT ( 'NONE',  ( 0.6028856829700264264, -2.249999999999999112, -10.33333333333334636 ) ) ;
#2676 =( BOUNDED_CURVE ( )  B_SPLINE_CURVE ( 2, ( #1645, #1395, #1359, #2142, #862, #2765, #3227, #1881, #1131, #3498, #284, #530, #3016 ),
 .UNSPECIFIED., .F., .F. ) 
 B_SPLINE_CURVE_WITH_KNOTS ( ( 3, 2, 2, 2, 2, 2, 3 ),
 ( 0.6666666666666666297, 0.6944444444444444198, 0.7222222222222222099, 0.7500000000000000000, 0.7777777777777776791, 0.8055555555555554692, 0.8333333333333332593 ),
 .UNSPECIFIED. ) 
 CURVE ( )  GEOMETRIC_REPRESENTATION_ITEM ( )  RATIONAL_B_SPLINE_CURVE ( ( 1.000000000000000000, 0.9659258262890683122, 1.000000000000000000, 0.9659258262890683122, 1.000000000000000000, 0.9659258262890683122, 1.000000000000000000, 0.9659258262890683122, 1.000000000000000000, 0.9659258262890683122, 1.000000000000000000, 0.9659258262890684232, 0.9999999999999998890 ) ) 
 REPRESENTATION_ITEM ( '' )  );
#2677 = CARTESIAN_POINT ( 'NONE',  ( -1.124999999999999556, -1.948557158514987009, -11.33333333333331616 ) ) ;
#2678 = CARTESIAN_POINT ( 'NONE',  ( 3.608439182435159154, -6.249999999999999112, -30.00000000000000000 ) ) ;
#2679 = CARTESIAN_POINT ( 'NONE',  ( -3.247595264191643682, -1.875000000000000888, -13.16666666666666607 ) ) ;
#2680 = CARTESIAN_POINT ( 'NONE',  ( 1.004809471616710637, -3.749999999999999112, -12.33333333333333393 ) ) ;
#2681 = EDGE_CURVE ( 'NONE', #899, #2983, #1611, .T. ) ;
#2682 = EDGE_LOOP ( 'NONE', ( #3124, #2650, #1582, #1896 ) ) ;
#2683 = PLANE ( 'NONE',  #3407 ) ;
#2684 = CARTESIAN_POINT ( 'NONE',  ( -5.367189176455981148, 2.696449346631030419, -24.24379162427946710 ) ) ;
#2685 = ORIENTED_EDGE ( 'NONE', *, *, #2108, .F. ) ;
#2686 = DIRECTION ( 'NONE',  ( 0.000000000000000000, 0.000000000000000000, 1.000000000000000000 ) ) ;
#2687 = VERTEX_POINT ( 'NONE', #174 ) ;
#2688 = CARTESIAN_POINT ( 'NONE',  ( -0.6899514141113127774, -5.962410307377131957, -21.65278717723809265 ) ) ;
#2689 = LINE ( 'NONE', #1125, #2753 ) ;
#2690 = CARTESIAN_POINT ( 'NONE',  ( 6.000000000000000000, 9.399999999999991473, -33.07620317105600094 ) ) ;
#2691 = CARTESIAN_POINT ( 'NONE',  ( 2.250000000000000000, 0.000000000000000000, -9.500000000000015987 ) ) ;
#2692 = ORIENTED_EDGE ( 'NONE', *, *, #3046, .F. ) ;
#2693 = VECTOR ( 'NONE', #2615, 1000.000000000000000 ) ;
#2694 = CARTESIAN_POINT ( 'NONE',  ( 3.606559951067662251, 6.248304573521781258, -21.17742621598615216 ) ) ;
#2695 = CARTESIAN_POINT ( 'NONE',  ( -2.250000000000000000, -2.755455298081544285E-16, -3.999999999999984457 ) ) ;
#2696 = CARTESIAN_POINT ( 'NONE',  ( 2.281417449301092137, 5.569296822357327592, -22.82509316150119361 ) ) ;
#2697 = CARTESIAN_POINT ( 'NONE',  ( -2.249999999999999112, -0.6028856829700266484, -7.833333333333317050 ) ) ;
#2698 = DIRECTION ( 'NONE',  ( 0.000000000000000000, 1.598207019933147869E-16, 1.000000000000000000 ) ) ;
#2699 = ORIENTED_EDGE ( 'NONE', *, *, #1868, .F. ) ;
#2700 = CARTESIAN_POINT ( 'NONE',  ( -4.499999999999997335, 3.968626966596871419, -28.39476002721890069 ) ) ;
#2701 = CARTESIAN_POINT ( 'NONE',  ( -3.186862776520240192, 5.091012709151167215, -23.13960280302418226 ) ) ;
#2702 = LINE ( 'NONE', #856, #2136 ) ;
#2703 = ORIENTED_EDGE ( 'NONE', *, *, #2037, .T. ) ;
#2704 = AXIS2_PLACEMENT_3D ( 'NONE', #964, #2048, #705 ) ;
#2705 = LINE ( 'NONE', #1892, #1055 ) ;
#2706 = CARTESIAN_POINT ( 'NONE',  ( 4.917060237735178418, -3.442655681192662964, -28.07509361446974694 ) ) ;
#2707 = CARTESIAN_POINT ( 'NONE',  ( -5.469535224416415709, 2.493784839832065892, -27.78158277808749688 ) ) ;
#2708 = CARTESIAN_POINT ( 'NONE',  ( 2.249999999999999556, -0.6028856829700258713, -9.666666666666680285 ) ) ;
#2709 = CIRCLE ( 'NONE', #1947, 3.750000000000000000 ) ;
#2710 = DIRECTION ( 'NONE',  ( -0.5000000000000003331, 0.8660254037844384856, 0.000000000000000000 ) ) ;
#2711 = ORIENTED_EDGE ( 'NONE', *, *, #591, .F. ) ;
#2712 = LINE ( 'NONE', #585, #399 ) ;
#2713 = DIRECTION ( 'NONE',  ( 0.000000000000000000, 0.000000000000000000, 1.000000000000000000 ) ) ;
#2714 = CARTESIAN_POINT ( 'NONE',  ( -2.249999999999999556, -0.6028856829700266484, -3.833333333333317050 ) ) ;
#2715 = CARTESIAN_POINT ( 'NONE',  ( 1.948557158514987009, -1.124999999999999778, -2.333333333333317494 ) ) ;
#2716 = CARTESIAN_POINT ( 'NONE',  ( 2.249999999999999112, 0.6028856829700279807, -9.833333333333314386 ) ) ;
#2717 = ORIENTED_EDGE ( 'NONE', *, *, #475, .F. ) ;
#2718 = CARTESIAN_POINT ( 'NONE',  ( 0.000000000000000000, -5.749999999999997335, 0.000000000000000000 ) ) ;
#2719 = CARTESIAN_POINT ( 'NONE',  ( 6.000000000000017764, 1.325441330105336700E-11, -24.64911064067351987 ) ) ;
#2720 = DIRECTION ( 'NONE',  ( 0.000000000000000000, -1.000000000000000000, 0.000000000000000000 ) ) ;
#2721 = CARTESIAN_POINT ( 'NONE',  ( 6.597200198359131740, -3.972330091856612899, -22.07667163116723330 ) ) ;
#2722 = CARTESIAN_POINT ( 'NONE',  ( 3.608439182435159154, -6.249999999999999112, -0.5000000000000004441 ) ) ;
#2723 = B_SPLINE_CURVE_WITH_KNOTS ( 'NONE', 3,
 ( #1554, #729, #2106, #1775 ),
 .UNSPECIFIED., .F., .F.,
 ( 4, 4 ),
 ( 0.000000000000000000, 0.0007332270598221517135 ),
 .UNSPECIFIED. ) ;
#2724 = CARTESIAN_POINT ( 'NONE',  ( 0.000000000000000000, 0.000000000000000000, -30.00000000000000000 ) ) ;
#2725 = CARTESIAN_POINT ( 'NONE',  ( -5.732769777428962321, 1.808349821662077694, -27.69207386636188417 ) ) ;
#2726 = CARTESIAN_POINT ( 'NONE',  ( -7.216878364870320972, 1.057472961667715618E-17, -30.00000000000000000 ) ) ;
#2727 = EDGE_CURVE ( 'NONE', #3368, #2300, #1788, .T. ) ;
#2728 = ORIENTED_EDGE ( 'NONE', *, *, #163, .F. ) ;
#2729 = CARTESIAN_POINT ( 'NONE',  ( 3.609118934825258140, 6.247172942998453493, -21.17799050363022673 ) ) ;
#2730 = CARTESIAN_POINT ( 'NONE',  ( -5.978843679157556323, 0.5778152396278529723, -24.63495605560167334 ) ) ;
#2731 = CARTESIAN_POINT ( 'NONE',  ( -2.249999999999999556, -0.6028856829700266484, -11.83333333333331616 ) ) ;
#2732 = CARTESIAN_POINT ( 'NONE',  ( 5.154001736276730306, -3.573007130470489567, -22.95665927577440613 ) ) ;
#2733 = CARTESIAN_POINT ( 'NONE',  ( 1.647114317029973796, -1.647114317029973796, -10.49999999999998401 ) ) ;
#2734 = ADVANCED_FACE ( 'NONE', ( #2319 ), #1569, .F. ) ;
#2735 = VERTEX_POINT ( 'NONE', #1021 ) ;
#2736 = DIRECTION ( 'NONE',  ( 2.478176394252582127E-16, -0.000000000000000000, 1.000000000000000000 ) ) ;
#2737 = CARTESIAN_POINT ( 'NONE',  ( -6.394908180213342952, -4.255126308538540236, -21.99886433373535866 ) ) ;
#2738 = VERTEX_POINT ( 'NONE', #2656 ) ;
#2739 = CARTESIAN_POINT ( 'NONE',  ( -2.260894812566037970, -6.756735713764429718, -31.55011382385858454 ) ) ;
#2740 = CARTESIAN_POINT ( 'NONE',  ( 3.466952313263958363, -4.916757155970803872, -21.80737005311124932 ) ) ;
#2741 = EDGE_CURVE ( 'NONE', #2300, #539, #2081, .T. ) ;
#2742 = ADVANCED_FACE ( 'NONE', ( #438 ), #3171, .F. ) ;
#2743 = CARTESIAN_POINT ( 'NONE',  ( -3.750000000000000444, -4.592425496802574958E-16, -10.00000000000000000 ) ) ;
#2744 = CARTESIAN_POINT ( 'NONE',  ( -5.965709161489827217, 0.7373958683866923547, -27.64913104022894430 ) ) ;
#2745 = PLANE ( 'NONE',  #2304 ) ;
#2746 = EDGE_LOOP ( 'NONE', ( #1526, #2320, #3041, #1885, #2997, #90 ) ) ;
#2747 = CARTESIAN_POINT ( 'NONE',  ( 5.500000000000000000, -3.000000000000000000, -38.50329570143848912 ) ) ;
#2748 = VECTOR ( 'NONE', #1270, 1000.000000000000000 ) ;
#2749 = CARTESIAN_POINT ( 'NONE',  ( -5.837735662101591672, 1.414046726361876782, -24.54177391278582121 ) ) ;
#2750 = CARTESIAN_POINT ( 'NONE',  ( 1.647114317029973352, 1.647114317029974018, -13.49999999999998401 ) ) ;
#2751 = CARTESIAN_POINT ( 'NONE',  ( 2.280474304917133210, -5.569772526286164371, -22.82477672095628307 ) ) ;
#2752 = CARTESIAN_POINT ( 'NONE',  ( 1.499999999999994449, 0.000000000000000000, -38.50329570143848912 ) ) ;
#2753 = VECTOR ( 'NONE', #1657, 1000.000000000000000 ) ;
#2754 = PRODUCT ( 'D7N3_nut_platform_top', 'D7N3_nut_platform_top', '', ( #2029 ) ) ;
#2755 = ORIENTED_EDGE ( 'NONE', *, *, #1735, .T. ) ;
#2756 = DIRECTION ( 'NONE',  ( 0.000000000000000000, 0.000000000000000000, 1.000000000000000000 ) ) ;
#2757 = DIRECTION ( 'NONE',  ( 0.5000000000000003331, -0.8660254037844384856, 0.000000000000000000 ) ) ;
#2758 = EDGE_CURVE ( 'NONE', #3178, #427, #1436, .T. ) ;
#2759 = ORIENTED_EDGE ( 'NONE', *, *, #2356, .T. ) ;
#2760 = CARTESIAN_POINT ( 'NONE',  ( -1.004809471616709526, -3.749999999999999556, -4.666666666666666075 ) ) ;
#2761 = CARTESIAN_POINT ( 'NONE',  ( -4.721612323991928761, 3.717342210846986017, -28.20132094087594155 ) ) ;
#2762 = VECTOR ( 'NONE', #186, 1000.000000000000114 ) ;
#2763 = FACE_OUTER_BOUND ( 'NONE', #2571, .T. ) ;
#2764 = ORIENTED_EDGE ( 'NONE', *, *, #1852, .F. ) ;
#2765 = CARTESIAN_POINT ( 'NONE',  ( 1.004809471616710859, -3.750000000000000000, -8.833333333333332149 ) ) ;
#2766 = DIRECTION ( 'NONE',  ( 0.000000000000000000, 0.000000000000000000, -1.000000000000000000 ) ) ;
#2767 = CARTESIAN_POINT ( 'NONE',  ( 5.144767125540865571, 3.589001945453133668, -22.94743826370862649 ) ) ;
#2768 = CARTESIAN_POINT ( 'NONE',  ( 1.377727649040772142E-16, -2.250000000000000000, -2.999999999999984013 ) ) ;
#2769 = EDGE_CURVE ( 'NONE', #157, #427, #2990, .T. ) ;
#2770 = CARTESIAN_POINT ( 'NONE',  ( 0.6028856829700264264, -2.249999999999999112, -10.83333333333331616 ) ) ;
#2771 = EDGE_LOOP ( 'NONE', ( #1386, #2958, #2153, #1210 ) ) ;
#2772 = CARTESIAN_POINT ( 'NONE',  ( 6.000000000001287859, -0.5748431281362872403, -24.64911064067436897 ) ) ;
#2773 = FACE_OUTER_BOUND ( 'NONE', #1166, .T. ) ;
#2774 = ORIENTED_EDGE ( 'NONE', *, *, #2105, .T. ) ;
#2775 = CARTESIAN_POINT ( 'NONE',  ( -0.6028856829700278697, 2.249999999999999112, -12.33333333333334814 ) ) ;
#2776 = SHAPE_DEFINITION_REPRESENTATION ( #2211, #2645 ) ;
#2777 = EDGE_CURVE ( 'NONE', #1836, #357, #2926, .T. ) ;
#2778 = CARTESIAN_POINT ( 'NONE',  ( -6.000000000000000000, 7.518447088892090471E-16, -27.64911064067352342 ) ) ;
#2779 = CARTESIAN_POINT ( 'NONE',  ( -5.999999999999991118, 6.938893903907207078E-15, -27.64911064067352697 ) ) ;
#2780 = ORIENTED_EDGE ( 'NONE', *, *, #1897, .T. ) ;
#2781 = DIRECTION ( 'NONE',  ( 0.000000000000000000, 0.000000000000000000, 1.000000000000000000 ) ) ;
#2782 = CARTESIAN_POINT ( 'NONE',  ( 2.249999999999999556, 0.6028856829700278697, -9.333333333333346360 ) ) ;
#2783 = CARTESIAN_POINT ( 'NONE',  ( -5.897678234622570237, 1.139225013685887689, -24.58126496169373709 ) ) ;
#2784 = DIRECTION ( 'NONE',  ( 1.000000000000000000, -1.201851678989727324E-16, 0.000000000000000000 ) ) ;
#2785 = EDGE_CURVE ( 'NONE', #3244, #1770, #2924, .T. ) ;
#2786 = CARTESIAN_POINT ( 'NONE',  ( 1.125000000000000222, -1.948557158514986787, -2.666666666666650531 ) ) ;
#2787 = CARTESIAN_POINT ( 'NONE',  ( 2.745190528383289141, -2.745190528383289141, -8.000000000000000000 ) ) ;
#2788 = ORIENTED_EDGE ( 'NONE', *, *, #1860, .T. ) ;
#2789 = ORIENTED_EDGE ( 'NONE', *, *, #1089, .F. ) ;
#2790 = DIRECTION ( 'NONE',  ( 0.000000000000000000, 0.000000000000000000, 1.000000000000000000 ) ) ;
#2791 = CARTESIAN_POINT ( 'NONE',  ( 5.425584242892169229, -2.603914667524564130, -22.43305886561993745 ) ) ;
#2792 = CARTESIAN_POINT ( 'NONE',  ( 3.749999999999999556, 1.004809471616713301, -7.833333333333333037 ) ) ;
#2793 = ADVANCED_FACE ( 'NONE', ( #2351 ), #200, .F. ) ;
#2794 = DIRECTION ( 'NONE',  ( 0.000000000000000000, 0.000000000000000000, 1.000000000000000000 ) ) ;
#2795 = CARTESIAN_POINT ( 'NONE',  ( 2.745190528383288697, 2.745190528383290030, -11.50000000000000000 ) ) ;
#2796 = ORIENTED_EDGE ( 'NONE', *, *, #1261, .F. ) ;
#2797 = DIRECTION ( 'NONE',  ( 0.7071067811865475727, 0.7071067811865475727, -0.000000000000000000 ) ) ;
#2798 = CARTESIAN_POINT ( 'NONE',  ( -1.647114317029974462, 1.647114317029972907, -8.000000000000014211 ) ) ;
#2799 = DIRECTION ( 'NONE',  ( 0.000000000000000000, 0.000000000000000000, -1.000000000000000000 ) ) ;
#2800 = CARTESIAN_POINT ( 'NONE',  ( -1.125000000000000888, 1.948557158514986343, -12.66666666666665009 ) ) ;
#2801 = CARTESIAN_POINT ( 'NONE',  ( 6.000000000000000000, -2.999999999999999556, -44.16132833949682635 ) ) ;
#2802 = APPLICATION_CONTEXT ( 'automotive_design' ) ;
#2803 = ORIENTED_EDGE ( 'NONE', *, *, #1608, .F. ) ;
#2804 = CARTESIAN_POINT ( 'NONE',  ( 1.647114317029973352, 1.647114317029973796, -9.000000000000014211 ) ) ;
#2805 = VERTEX_POINT ( 'NONE', #965 ) ;
#2806 = VECTOR ( 'NONE', #3425, 1000.000000000000114 ) ;
#2807 = CARTESIAN_POINT ( 'NONE',  ( -2.745190528383288253, -2.745190528383288697, -8.999999999999998224 ) ) ;
#2808 = CARTESIAN_POINT ( 'NONE',  ( -1.875000000000001554, 3.247595264191643682, -10.16666666666666607 ) ) ;
#2809 = CARTESIAN_POINT ( 'NONE',  ( 1.874999999999997558, 3.247595264191646791, -3.333333333333333037 ) ) ;
#2810 = CARTESIAN_POINT ( 'NONE',  ( 5.999999999999890754, -2.905016251322334764, -29.32632255537465937 ) ) ;
#2811 = DIRECTION ( 'NONE',  ( 0.000000000000000000, 0.000000000000000000, 1.000000000000000000 ) ) ;
#2812 = CARTESIAN_POINT ( 'NONE',  ( 1.004809471616708416, 3.750000000000001332, -11.16666666666666430 ) ) ;
#2813 = ORIENTED_EDGE ( 'NONE', *, *, #333, .T. ) ;
#2814 = CARTESIAN_POINT ( 'NONE',  ( 0.000000000000000000, 0.000000000000000000, -30.00000000000000000 ) ) ;
#2815 = CARTESIAN_POINT ( 'NONE',  ( 2.249999999999999556, 0.6028856829700278697, -13.33333333333334636 ) ) ;
#2816 = CARTESIAN_POINT ( 'NONE',  ( -5.832968524219219297, 3.332968524219219297, -41.50200614877050498 ) ) ;
#2817 = VECTOR ( 'NONE', #761, 1000.000000000000000 ) ;
#2818 = LINE ( 'NONE', #2282, #3258 ) ;
#2819 = CARTESIAN_POINT ( 'NONE',  ( 0.6028856829700248721, 2.250000000000000000, -9.166666666666650087 ) ) ;
#2820 = CARTESIAN_POINT ( 'NONE',  ( 3.749999999999999556, -1.004809471616709970, -7.666666666666666075 ) ) ;
#2821 = ORIENTED_EDGE ( 'NONE', *, *, #2516, .T. ) ;
#2822 = CIRCLE ( 'NONE', #1920, 2.000000000000000000 ) ;
#2823 = CARTESIAN_POINT ( 'NONE',  ( 1.377727649040772142E-16, -2.250000000000000000, -10.50000000000001421 ) ) ;
#2824 = ORIENTED_EDGE ( 'NONE', *, *, #612, .F. ) ;
#2825 = DIRECTION ( 'NONE',  ( 1.000000000000000000, 0.000000000000000000, 0.000000000000000000 ) ) ;
#2826 = CARTESIAN_POINT ( 'NONE',  ( 5.175182675124735177, 3.074006950208985511, -22.34170604379359304 ) ) ;
#2827 = CARTESIAN_POINT ( 'NONE',  ( 1.004809471616708416, 3.750000000000001332, -3.166666666666666963 ) ) ;
#2828 = CARTESIAN_POINT ( 'NONE',  ( 5.737558056094931302, -1.785895607623877446, -28.23246844380034659 ) ) ;
#2829 = CARTESIAN_POINT ( 'NONE',  ( -5.732769777428771363, -1.808349821662571744, -27.69207386636273327 ) ) ;
#2830 = DIRECTION ( 'NONE',  ( -0.6546536707079768647, -8.590019111109306523E-15, -0.7559289460184547282 ) ) ;
#2831 = VECTOR ( 'NONE', #143, 1000.000000000000000 ) ;
#2832 = VERTEX_POINT ( 'NONE', #2335 ) ;
#2833 = LINE ( 'NONE', #437, #2877 ) ;
#2834 = VECTOR ( 'NONE', #24, 1000.000000000000000 ) ;
#2835 = CARTESIAN_POINT ( 'NONE',  ( 1.124999999999998446, 1.948557158514987675, -4.833333333333348136 ) ) ;
#2836 = CARTESIAN_POINT ( 'NONE',  ( -3.602720060833700888, -6.249999999999996447, -21.17658045704106939 ) ) ;
#2837 = CARTESIAN_POINT ( 'NONE',  ( 5.999999999999383604, 0.2867063466871014876, -24.64911064067310420 ) ) ;
#2838 = EDGE_LOOP ( 'NONE', ( #2984, #2851, #1717, #2717 ) ) ;
#2839 = CARTESIAN_POINT ( 'NONE',  ( -1.647114317029973574, -1.647114317029973796, -3.000000000000014655 ) ) ;
#2840 = ORIENTED_EDGE ( 'NONE', *, *, #739, .F. ) ;
#2841 = CARTESIAN_POINT ( 'NONE',  ( 3.749999999999999112, 0.000000000000000000, -3.499999999999999556 ) ) ;
#2842 = CARTESIAN_POINT ( 'NONE',  ( 5.709127036531778110, 1.890456016701726361, -22.53927915674047711 ) ) ;
#2843 = CARTESIAN_POINT ( 'NONE',  ( -3.247595264191644571, -1.875000000000001554, -5.666666666666666075 ) ) ;
#2844 = EDGE_CURVE ( 'NONE', #484, #1158, #223, .T. ) ;
#2845 = CARTESIAN_POINT ( 'NONE',  ( -2.282577508277807254, 5.568711710873596843, -22.82548236827101107 ) ) ;
#2846 = CARTESIAN_POINT ( 'NONE',  ( 1.874999999999997113, 3.247595264191645903, -14.83333333333333215 ) ) ;
#2847 = CARTESIAN_POINT ( 'NONE',  ( -3.750000000000000000, -1.004809471616711081, -5.833333333333333037 ) ) ;
#2848 = ADVANCED_FACE ( 'NONE', ( #1036 ), #206, .F. ) ;
#2849 = FACE_OUTER_BOUND ( 'NONE', #2227, .T. ) ;
#2850 = DIRECTION ( 'NONE',  ( -0.4999999999999998890, -0.8660254037844385966, 0.000000000000000000 ) ) ;
#2851 = ORIENTED_EDGE ( 'NONE', *, *, #276, .F. ) ;
#2852 = PLANE ( 'NONE',  #3166 ) ;
#2853 = EDGE_CURVE ( 'NONE', #1273, #2235, #455, .T. ) ;
#2854 = VECTOR ( 'NONE', #2203, 1000.000000000000000 ) ;
#2855 = CARTESIAN_POINT ( 'NONE',  ( -3.750000000000000000, 4.592425496802573972E-16, 0.000000000000000000 ) ) ;
#2856 = CARTESIAN_POINT ( 'NONE',  ( -0.6028856829700256492, -2.250000000000000000, -3.166666666666650531 ) ) ;
#2857 = ORIENTED_EDGE ( 'NONE', *, *, #3213, .F. ) ;
#2858 = CARTESIAN_POINT ( 'NONE',  ( 2.249999999999999112, 0.6028856829700279807, -5.333333333333346360 ) ) ;
#2859 = EDGE_LOOP ( 'NONE', ( #1307, #928, #2218 ) ) ;
#2860 = CARTESIAN_POINT ( 'NONE',  ( 2.745190528383288697, -2.745190528383288697, -8.000000000000001776 ) ) ;
#2861 = CARTESIAN_POINT ( 'NONE',  ( 6.000207071446212126, 0.2299096455506844383, -22.64918829248631482 ) ) ;
#2862 = CARTESIAN_POINT ( 'NONE',  ( 1.875000000000000666, -3.247595264191645015, -8.666666666666666075 ) ) ;
#2863 =( BOUNDED_SURFACE ( )  B_SPLINE_SURFACE ( 3, 2, ( 
 ( #463, #214, #1542 ),
 ( #2111, #3451, #2915 ),
 ( #3434, #2625, #3196 ),
 ( #3467, #1849, #2362 ),
 ( #1259, #2646, #3180 ),
 ( #482, #732, #1290 ),
 ( #1011, #750, #2379 ),
 ( #2344, #992, #198 ),
 ( #1028, #844, #313 ),
 ( #1659, #3317, #81 ) ),
 .UNSPECIFIED., .F., .F., .F. ) 
 B_SPLINE_SURFACE_WITH_KNOTS ( ( 4, 2, 2, 2, 4 ),
 ( 3, 3 ),
 ( 2.293530574608309003, 2.717561614099049283, 3.141592653589789563, 3.565623693080530288, 3.989654732571270568 ),
 ( 0.000000000000000000, 1.000000000000000000 ),
 .UNSPECIFIED. ) 
 GEOMETRIC_REPRESENTATION_ITEM ( )  RATIONAL_B_SPLINE_SURFACE ( (
 ( 1.000000000000000000, 0.8156956889315624126, 1.000000000000000000),
 ( 1.000000000000000000, 0.8319542492317150151, 1.000000000000000000),
 ( 1.000000000000000000, 0.8446262619204580879, 1.000000000000000000),
 ( 1.000000000000000000, 0.8616673317398317877, 1.000000000000000000),
 ( 1.000000000000000000, 0.8660254037844387076, 1.000000000000000000),
 ( 1.000000000000000000, 0.8660254037844387076, 1.000000000000000000),
 ( 1.000000000000000000, 0.8616673317398321208, 1.000000000000000000),
 ( 1.000000000000000000, 0.8446262619204584210, 1.000000000000000000),
 ( 1.000000000000000000, 0.8319542492317161253, 1.000000000000000000),
 ( 1.000000000000000000, 0.8156956889315627457, 1.000000000000000000) ) ) 
 REPRESENTATION_ITEM ( '' )  SURFACE ( )  );
#2864 = VECTOR ( 'NONE', #2794, 1000.000000000000000 ) ;
#2865 = EDGE_CURVE ( 'NONE', #1770, #973, #471, .T. ) ;
#2866 = CARTESIAN_POINT ( 'NONE',  ( 0.7970108995098669213, 6.249999999999998224, -21.17658045704106939 ) ) ;
#2867 = DIRECTION ( 'NONE',  ( 0.000000000000000000, 0.000000000000000000, 1.000000000000000000 ) ) ;
#2868 = PLANE ( 'NONE',  #210 ) ;
#2869 = CARTESIAN_POINT ( 'NONE',  ( -3.750000000000000444, -4.592425496802574958E-16, -2.000000000000000000 ) ) ;
#2870 = CARTESIAN_POINT ( 'NONE',  ( -4.979646071760519987, 2.874999999999998224, 0.000000000000000000 ) ) ;
#2871 = VERTEX_POINT ( 'NONE', #3135 ) ;
#2872 = LINE ( 'NONE', #931, #369 ) ;
#2873 = DIRECTION ( 'NONE',  ( -1.000000000000000000, 0.000000000000000000, 0.000000000000000000 ) ) ;
#2874 = EDGE_CURVE ( 'NONE', #144, #1770, #3442, .T. ) ;
#2875 = CARTESIAN_POINT ( 'NONE',  ( -4.499999999999997335, 3.968626966596871419, -28.39476002721890069 ) ) ;
#2876 = CARTESIAN_POINT ( 'NONE',  ( -2.250000000000000000, -2.755455298081544285E-16, -11.50000000000001599 ) ) ;
#2877 = VECTOR ( 'NONE', #3352, 1000.000000000000114 ) ;
#2878 = CARTESIAN_POINT ( 'NONE',  ( 1.124999999999998446, 1.948557158514987675, -8.833333333333349913 ) ) ;
#2879 = ORIENTED_EDGE ( 'NONE', *, *, #2491, .T. ) ;
#2880 = CARTESIAN_POINT ( 'NONE',  ( 6.000000000000000000, -13.22241610343495744, -22.90189648996620875 ) ) ;
#2881 = CARTESIAN_POINT ( 'NONE',  ( 3.608439182435156933, -6.249999999999996447, -21.17658045704106939 ) ) ;
#2882 = CARTESIAN_POINT ( 'NONE',  ( -4.917060237735162431, 3.442655681192636763, -28.07509361446972207 ) ) ;
#2883 = AXIS2_PLACEMENT_3D ( 'NONE', #709, #2873, #949 ) ;
#2884 = CARTESIAN_POINT ( 'NONE',  ( 0.1370436794756966781, 6.000052664837122407, -21.62839232965728442 ) ) ;
#2885 = CARTESIAN_POINT ( 'NONE',  ( -5.469535224416609331, -2.493784839831557854, -27.78158277808665488 ) ) ;
#2886 = LINE ( 'NONE', #2596, #2762 ) ;
#2887 = EDGE_CURVE ( 'NONE', #1519, #3178, #706, .T. ) ;
#2888 = DIRECTION ( 'NONE',  ( -0.7071067811865443531, -0.3535533905932751741, -0.6123724356957974679 ) ) ;
#2889 = ORIENTED_EDGE ( 'NONE', *, *, #2874, .F. ) ;
#2890 = CARTESIAN_POINT ( 'NONE',  ( 5.503423996722114353, 2.415874513848379923, -28.54830555572531026 ) ) ;
#2891 = CARTESIAN_POINT ( 'NONE',  ( 0.6028856829700264264, -2.249999999999999112, -2.333333333333348136 ) ) ;
#2892 = LINE ( 'NONE', #1239, #3085 ) ;
#2893 = ADVANCED_FACE ( 'NONE', ( #3151 ), #722, .T. ) ;
#2894 = CARTESIAN_POINT ( 'NONE',  ( 1.875000000000000666, -3.247595264191645015, -0.6666666666666666297 ) ) ;
#2895 = ORIENTED_EDGE ( 'NONE', *, *, #1666, .T. ) ;
#2896 = CARTESIAN_POINT ( 'NONE',  ( 1.874999999999996891, 3.247595264191645459, -14.83333333333333215 ) ) ;
#2897 = FACE_OUTER_BOUND ( 'NONE', #953, .T. ) ;
#2898 = CARTESIAN_POINT ( 'NONE',  ( -6.000000000000000000, 7.518447088892090471E-16, -27.64911064067352342 ) ) ;
#2899 = DIRECTION ( 'NONE',  ( 0.6123724356957934711, 0.3535533905932732868, -0.7071067811865487940 ) ) ;
#2900 = CARTESIAN_POINT ( 'NONE',  ( -2.958731796433316852, 5.227672464330344049, -21.68662336208019070 ) ) ;
#2901 = LINE ( 'NONE', #1565, #1568 ) ;
#2902 = VERTEX_POINT ( 'NONE', #1928 ) ;
#2903 = FACE_OUTER_BOUND ( 'NONE', #1129, .T. ) ;
#2904 = EDGE_CURVE ( 'NONE', #357, #430, #791, .T. ) ;
#2905 = CARTESIAN_POINT ( 'NONE',  ( 1.499999999999996225, -3.000000000000000000, -44.16132833949682635 ) ) ;
#2906 = ORIENTED_EDGE ( 'NONE', *, *, #2758, .T. ) ;
#2907 = DIRECTION ( 'NONE',  ( 0.000000000000000000, 0.000000000000000000, 1.000000000000000000 ) ) ;
#2908 = PLANE ( 'NONE',  #3336 ) ;
#2909 = B_SPLINE_CURVE_WITH_KNOTS ( 'NONE', 3,
 ( #3259, #2455, #2404, #2706, #3298, #1861, #2992, #2941, #242, #3495, #822, #1052 ),
 .UNSPECIFIED., .F., .F.,
 ( 4, 2, 2, 2, 2, 4 ),
 ( 0.000000000000000000, 0.0005574228422762437770, 0.001114845684552487554, 0.002229691369104974674, 0.003344537053657462879, 0.004459382738209950216 ),
 .UNSPECIFIED. ) ;
#2910 = ADVANCED_FACE ( 'NONE', ( #1893 ), #1602, .T. ) ;
#2911 = LINE ( 'NONE', #2357, #2918 ) ;
#2912 = CARTESIAN_POINT ( 'NONE',  ( 6.000000000000000000, 9.399999999999991473, -43.93038823182097019 ) ) ;
#2913 = ORIENTED_EDGE ( 'NONE', *, *, #1778, .T. ) ;
#2914 = CARTESIAN_POINT ( 'NONE',  ( 2.250000000000000000, 0.000000000000000000, -5.999999999999984901 ) ) ;
#2915 = CARTESIAN_POINT ( 'NONE',  ( -3.938778452446002998, 4.604992385984878034, -28.88463435546659142 ) ) ;
#2916 = DIRECTION ( 'NONE',  ( 0.000000000000000000, 0.000000000000000000, 1.000000000000000000 ) ) ;
#2917 = ORIENTED_EDGE ( 'NONE', *, *, #852, .T. ) ;
#2918 = VECTOR ( 'NONE', #3193, 1000.000000000000114 ) ;
#2919 = CARTESIAN_POINT ( 'NONE',  ( 0.6395613605104204513, 6.249999999999996447, -21.17658045704106939 ) ) ;
#2920 = CARTESIAN_POINT ( 'NONE',  ( -3.930697258389549642, 4.557428149352154456, -21.93438732842221128 ) ) ;
#2921 = DIRECTION ( 'NONE',  ( -0.7499999999999976685, -0.6614378277661503436, 0.000000000000000000 ) ) ;
#2922 = ORIENTED_EDGE ( 'NONE', *, *, #3020, .T. ) ;
#2923 = CARTESIAN_POINT ( 'NONE',  ( 0.4800275781033077616, -5.985395839652987604, -22.18166367084524992 ) ) ;
#2924 = LINE ( 'NONE', #492, #2806 ) ;
#2925 = ORIENTED_EDGE ( 'NONE', *, *, #849, .F. ) ;
#2927 = CARTESIAN_POINT ( 'NONE',  ( 3.609745166498502744, 6.247737969248413847, -21.17770880108626486 ) ) ;
#2926 = CIRCLE ( 'NONE', #820, 3.750000000000000000 ) ;
#2928 =( BOUNDED_SURFACE ( )  B_SPLINE_SURFACE ( 3, 2, ( 
 ( #3236, #2900, #3471 ),
 ( #1872, #1615, #1032 ),
 ( #1046, #218, #2701 ),
 ( #2115, #2920, #1834 ),
 ( #3201, #3168, #269 ),
 ( #466, #1347, #2950 ),
 ( #773, #2398, #3219 ),
 ( #1309, #1545, #202 ),
 ( #3439, #488, #1855 ),
 ( #1277, #2936, #1564 ),
 ( #2077, #2365, #2684 ),
 ( #3185, #236, #3455 ),
 ( #2097, #520, #2416 ),
 ( #1295, #995, #1016 ),
 ( #802, #736, #754 ),
 ( #2668, #505, #1580 ),
 ( #2652, #2630, #787 ),
 ( #2383, #1818, #3490 ),
 ( #2129, #1596, #252 ),
 ( #2967, #1328, #3508 ),
 ( #1065, #2151, #1888 ),
 ( #538, #1907, #629 ),
 ( #292, #1938, #2986 ),
 ( #2737, #1669, #2485 ),
 ( #2168, #1152, #2450 ),
 ( #1686, #8, #1102 ),
 ( #1368, #307, #2186 ),
 ( #817, #835, #3274 ),
 ( #559, #2433, #1653 ),
 ( #25, #2237, #1636 ) ),
 .UNSPECIFIED., .F., .F., .F. ) 
 B_SPLINE_SURFACE_WITH_KNOTS ( ( 4, 2, 2, 2, 2, 2, 2, 2, 2, 2, 2, 2, 2, 2, 4 ),
 ( 3, 3 ),
 ( 0.04229030652295047432, 0.04341088274138439618, 0.04453145895981831803, 0.04565203517825223989, 0.04677261139668616174, 0.04789318761512008360, 0.04901376383355400546, 0.05013434005198792731, 0.05125491627042184917, 0.05237549248885577102, 0.05349606870728969288, 0.05573722114415753659, 0.05797837358102538030, 0.05909894979945930216, 0.06021952601789322401 ),
 ( 0.000000000000000000, 1.000000000000000000 ),
 .UNSPECIFIED. ) 
 GEOMETRIC_REPRESENTATION_ITEM ( )  RATIONAL_B_SPLINE_SURFACE ( (
 ( 1.000000000000000000, 0.8362406767118473194, 1.000000000000000000),
 ( 1.000000000000000000, 0.8306985864683626986, 1.000000000000000000),
 ( 1.000000000000000000, 0.8245386525331611649, 1.000000000000000000),
 ( 1.000000000000000000, 0.8115331078568198686, 1.000000000000000000),
 ( 1.000000000000000000, 0.8046621297655360827, 1.000000000000000000),
 ( 1.000000000000000000, 0.7904972514288621799, 1.000000000000000000),
 ( 1.000000000000000000, 0.7831488563429711558, 1.000000000000000000),
 ( 1.000000000000000000, 0.7687152894838595873, 1.000000000000000000),
 ( 1.000000000000000000, 0.7616245093330424876, 1.000000000000000000),
 ( 1.000000000000000000, 0.7481034395329648756, 1.000000000000000000),
 ( 1.000000000000000000, 0.7416717156651410070, 1.000000000000000000),
 ( 1.000000000000000000, 0.7299457807792505415, 1.000000000000000000),
 ( 1.000000000000000000, 0.7247216342482947216, 1.000000000000000000),
 ( 1.000000000000000000, 0.7161888567107907999, 1.000000000000000000),
 ( 1.000000000000000000, 0.7128361407370130687, 1.000000000000000000),
 ( 1.000000000000000000, 0.7082819268803527413, 1.000000000000000000),
 ( 1.000000000000000000, 0.7070909988164948423, 1.000000000000000000),
 ( 1.000000000000000000, 0.7071228887896288118, 1.000000000000000000),
 ( 1.000000000000000000, 0.7083136078316591977, 1.000000000000000000),
 ( 1.000000000000000000, 0.7128823026861543788, 1.000000000000000000),
 ( 1.000000000000000000, 0.7162838583492583400, 1.000000000000000000),
 ( 1.000000000000000000, 0.7292877117916337637, 1.000000000000000000),
 ( 1.000000000000000000, 0.7413704751089489342, 1.000000000000000000),
 ( 1.000000000000000000, 0.7687901479282890360, 1.000000000000000000),
 ( 1.000000000000000000, 0.7835509127359407966, 1.000000000000000000),
 ( 1.000000000000000000, 0.8048207755716851874, 1.000000000000000000),
 ( 1.000000000000000000, 0.8117802360611368062, 1.000000000000000000),
 ( 1.000000000000000000, 0.8247249197435693180, 1.000000000000000000),
 ( 1.000000000000000000, 0.8307643440310696903, 1.000000000000000000),
 ( 1.000000000000000000, 0.8362406767120090789, 1.000000000000000000) ) ) 
 REPRESENTATION_ITEM ( '' )  SURFACE ( )  );
#2929 = CARTESIAN_POINT ( 'NONE',  ( 6.000000000000001776, -5.291502622129198308, -28.39476002721892911 ) ) ;
#2930 = ADVANCED_FACE ( 'NONE', ( #3240 ), #510, .F. ) ;
#2931 = FACE_OUTER_BOUND ( 'NONE', #2554, .T. ) ;
#2932 = CARTESIAN_POINT ( 'NONE',  ( 1.647114317029973796, -1.647114317029973796, -6.499999999999983125 ) ) ;
#2933 = VECTOR ( 'NONE', #2372, 1000.000000000000000 ) ;
#2934 = VERTEX_POINT ( 'NONE', #1353 ) ;
#2935 = CARTESIAN_POINT ( 'NONE',  ( 6.000000000000018652, 0.3726751932755410501, -27.64911169417140613 ) ) ;
#2936 = CARTESIAN_POINT ( 'NONE',  ( -5.426354872362971982, 2.602247988020778724, -22.43334546605546009 ) ) ;
#2937 = ORIENTED_EDGE ( 'NONE', *, *, #1897, .F. ) ;
#2938 = CARTESIAN_POINT ( 'NONE',  ( -3.608439182435162262, 6.249999999999995559, -21.17658045704107295 ) ) ;
#2939 = ORIENTED_EDGE ( 'NONE', *, *, #2649, .T. ) ;
#2940 = CARTESIAN_POINT ( 'NONE',  ( 1.178968528309629837, -5.887570854246892083, -22.38165000359368406 ) ) ;
#2941 = CARTESIAN_POINT ( 'NONE',  ( 5.726919207304609571, -1.827317552563997749, -27.69354734328643275 ) ) ;
#2942 = CARTESIAN_POINT ( 'NONE',  ( 5.964733835960672970, 0.7402945254074703163, -27.86305344099292469 ) ) ;
#2943 = CARTESIAN_POINT ( 'NONE',  ( 1.647114317029973796, -1.647114317029973796, -6.000000000000015099 ) ) ;
#2944 = CARTESIAN_POINT ( 'NONE',  ( 2.250000000000000000, 0.000000000000000000, -9.999999999999984013 ) ) ;
#2945 = CARTESIAN_POINT ( 'NONE',  ( -0.4952844269747639361, 6.000062895465985591, -22.14467472458150610 ) ) ;
#2946 = CARTESIAN_POINT ( 'NONE',  ( -1.948557158514987231, 1.124999999999999334, -4.333333333333317938 ) ) ;
#2947 = CARTESIAN_POINT ( 'NONE',  ( 1.875000000000000222, -3.247595264191644127, -12.16666666666666607 ) ) ;
#2948 = ORIENTED_EDGE ( 'NONE', *, *, #2122, .F. ) ;
#2949 = DIRECTION ( 'NONE',  ( 0.000000000000000000, -0.000000000000000000, 1.000000000000000000 ) ) ;
#2950 = CARTESIAN_POINT ( 'NONE',  ( -4.250177209615450202, 4.243830818841778374, -23.61746077141555133 ) ) ;
#2951 = CARTESIAN_POINT ( 'NONE',  ( 5.500000000000000000, 4.707309741090647151E-16, -31.11321225581126626 ) ) ;
#2952 = ORIENTED_EDGE ( 'NONE', *, *, #337, .F. ) ;
#2953 =( BOUNDED_CURVE ( )  B_SPLINE_CURVE ( 2, ( #598, #1726, #400, #1673, #116, #1191, #2276, #2760, #3365, #2558, #134, #1206, #2292 ),
 .UNSPECIFIED., .F., .T. ) 
 B_SPLINE_CURVE_WITH_KNOTS ( ( 3, 2, 2, 2, 2, 2, 3 ),
 ( 0.000000000000000000, 0.02777777777777777277, 0.05555555555555554553, 0.08333333333333331483, 0.1111111111111110911, 0.1388888888888888673, 0.1666666666666666297 ),
 .UNSPECIFIED. ) 
 CURVE ( )  GEOMETRIC_REPRESENTATION_ITEM ( )  RATIONAL_B_SPLINE_CURVE ( ( 1.000000000000000000, 0.9659258262890683122, 1.000000000000000000, 0.9659258262890683122, 1.000000000000000000, 0.9659258262890683122, 1.000000000000000000, 0.9659258262890683122, 1.000000000000000000, 0.9659258262890683122, 1.000000000000000000, 0.9659258262890683122, 1.000000000000000000 ) ) 
 REPRESENTATION_ITEM ( '' )  );
#2954 = CARTESIAN_POINT ( 'NONE',  ( -0.7970108995037216149, -6.250000000000125233, -21.17658045704087044 ) ) ;
#2955 = DIRECTION ( 'NONE',  ( 0.000000000000000000, 0.000000000000000000, 1.000000000000000000 ) ) ;
#2956 = FACE_OUTER_BOUND ( 'NONE', #1063, .T. ) ;
#2957 = CARTESIAN_POINT ( 'NONE',  ( -1.647114317029973574, -1.647114317029973796, -11.00000000000001243 ) ) ;
#2958 = ORIENTED_EDGE ( 'NONE', *, *, #734, .F. ) ;
#2959 = CARTESIAN_POINT ( 'NONE',  ( 6.000000000000000000, 9.399999999999991473, -43.93038823182097019 ) ) ;
#2960 = EDGE_CURVE ( 'NONE', #3457, #3010, #829, .T. ) ;
#2961 = CARTESIAN_POINT ( 'NONE',  ( -4.133182947122316674E-16, 2.250000000000000000, -8.999999999999984013 ) ) ;
#2962 = FACE_OUTER_BOUND ( 'NONE', #1927, .T. ) ;
#2963 = CARTESIAN_POINT ( 'NONE',  ( -1.647114317029974240, 1.647114317029972907, -8.499999999999984013 ) ) ;
#2964 = PLANE ( 'NONE',  #868 ) ;
#2965 = ORIENTED_EDGE ( 'NONE', *, *, #486, .T. ) ;
#2966 = CARTESIAN_POINT ( 'NONE',  ( 4.607176742821149418, 3.847099963239184905, -28.30120849641574310 ) ) ;
#2967 = CARTESIAN_POINT ( 'NONE',  ( -7.867946816678810684, -1.307957516571341738, -22.59163950027668122 ) ) ;
#2968 = ORIENTED_EDGE ( 'NONE', *, *, #2649, .F. ) ;
#2969 = CARTESIAN_POINT ( 'NONE',  ( 5.251775303781510473, -5.139909681122492913, -30.61663887867996081 ) ) ;
#2970 = VERTEX_POINT ( 'NONE', #3224 ) ;
#2971 = PLANE ( 'NONE',  #2586 ) ;
#2972 = CARTESIAN_POINT ( 'NONE',  ( 4.979646071760518211, 2.874999999999999556, 0.000000000000000000 ) ) ;
#2973 = CARTESIAN_POINT ( 'NONE',  ( -4.963825038854658978, 3.396640373345173547, -29.42401887784549430 ) ) ;
#2974 = CARTESIAN_POINT ( 'NONE',  ( -1.948557158514986343, -1.125000000000000666, -11.16666666666668206 ) ) ;
#2975 = CARTESIAN_POINT ( 'NONE',  ( 2.250000000000000000, 0.000000000000000000, -1.749999999999999556 ) ) ;
#2976 = EDGE_LOOP ( 'NONE', ( #364, #1922, #80, #2764 ) ) ;
#2977 = LINE ( 'NONE', #1627, #1525 ) ;
#2978 = CARTESIAN_POINT ( 'NONE',  ( -2.702040045634453769, 5.357142857138279091, -22.96621900223948032 ) ) ;
#2979 = CARTESIAN_POINT ( 'NONE',  ( -1.647114317029974462, 1.647114317029972907, -4.499999999999984013 ) ) ;
#2980 = EDGE_CURVE ( 'NONE', #647, #1743, #2207, .T. ) ;
#2981 = CARTESIAN_POINT ( 'NONE',  ( 6.000000000000000000, 3.500000000000000444, -47.33675482003975787 ) ) ;
#2982 = CARTESIAN_POINT ( 'NONE',  ( -2.250000000000000000, 0.6028856829700249831, -8.166666666666648311 ) ) ;
#2983 = VERTEX_POINT ( 'NONE', #806 ) ;
#2984 = ORIENTED_EDGE ( 'NONE', *, *, #1838, .F. ) ;
#2985 = PLANE ( 'NONE',  #1072 ) ;
#2986 = CARTESIAN_POINT ( 'NONE',  ( -5.382018338800211410, -2.709183056203849027, -24.24950470375388534 ) ) ;
#2987 = AXIS2_PLACEMENT_3D ( 'NONE', #522, #2720, #1330 ) ;
#2988 = ORIENTED_EDGE ( 'NONE', *, *, #517, .F. ) ;
#2989 = EDGE_CURVE ( 'NONE', #99, #2738, #1314, .T. ) ;
#2990 = B_SPLINE_CURVE_WITH_KNOTS ( 'NONE', 3,
 ( #2370, #3459, #1839, #421 ),
 .UNSPECIFIED., .F., .F.,
 ( 4, 4 ),
 ( 0.000000000000000000, 0.0007332270598214797250 ),
 .UNSPECIFIED. ) ;
#2991 = DIRECTION ( 'NONE',  ( 0.000000000000000000, 0.000000000000000000, -1.000000000000000000 ) ) ;
#2992 = CARTESIAN_POINT ( 'NONE',  ( 5.459246260013092211, -2.516609488465783251, -27.78562940827059435 ) ) ;
#2993 = LINE ( 'NONE', #565, #1117 ) ;
#2994 = EDGE_CURVE ( 'NONE', #2271, #1578, #1365, .T. ) ;
#2995 = VECTOR ( 'NONE', #658, 1000.000000000000000 ) ;
#2996 = LINE ( 'NONE', #2209, #668 ) ;
#2997 = ORIENTED_EDGE ( 'NONE', *, *, #853, .F. ) ;
#2998 = DIRECTION ( 'NONE',  ( 0.000000000000000000, 0.8660254037844388186, -0.4999999999999997224 ) ) ;
#2999 = CARTESIAN_POINT ( 'NONE',  ( 1.499999999999994449, 0.000000000000000000, -38.50329570143848912 ) ) ;
#3000 = CARTESIAN_POINT ( 'NONE',  ( 2.250000000000000000, 0.000000000000000000, -5.999999999999984901 ) ) ;
#3001 = CARTESIAN_POINT ( 'NONE',  ( 6.104949137633209233, -1.925917915995471574, -23.25560047273941322 ) ) ;
#3002 = DIRECTION ( 'NONE',  ( 0.000000000000000000, -0.8660254037844383745, 0.5000000000000006661 ) ) ;
#3003 = VECTOR ( 'NONE', #3357, 1000.000000000000114 ) ;
#3004 = EDGE_CURVE ( 'NONE', #144, #1142, #2689, .T. ) ;
#3005 = ORIENTED_EDGE ( 'NONE', *, *, #2989, .F. ) ;
#3006 = LINE ( 'NONE', #537, #2603 ) ;
#3007 = CARTESIAN_POINT ( 'NONE',  ( 5.919093333132204648, -1.134549879998711486, -24.59436703210641539 ) ) ;
#3008 = VERTEX_POINT ( 'NONE', #3281 ) ;
#3009 = CARTESIAN_POINT ( 'NONE',  ( 6.000000000000000000, 4.291502622129201860, -30.12681083478780053 ) ) ;
#3010 = VERTEX_POINT ( 'NONE', #544 ) ;
#3011 = DIRECTION ( 'NONE',  ( -0.7071067811865473507, 0.7071067811865476838, 8.299194064395243428E-17 ) ) ;
#3012 = CARTESIAN_POINT ( 'NONE',  ( 3.610398224682506818, -6.246606839293417757, -21.17827274335591170 ) ) ;
#3013 = CARTESIAN_POINT ( 'NONE',  ( -6.000000000000000000, 4.291502622129161004, -30.12681083478777921 ) ) ;
#3014 = CARTESIAN_POINT ( 'NONE',  ( -5.619108331972946679, 2.767418875789247057, -23.25002970887369003 ) ) ;
#3015 = VERTEX_POINT ( 'NONE', #2743 ) ;
#3016 = CARTESIAN_POINT ( 'NONE',  ( -3.750000000000000444, -4.592425496802574958E-16, -10.00000000000000000 ) ) ;
#3017 = CARTESIAN_POINT ( 'NONE',  ( -5.999999999999984901, 0.2893184716350148400, -24.64911064067353408 ) ) ;
#3018 = CARTESIAN_POINT ( 'NONE',  ( 0.6028856829700248721, 2.250000000000000444, -13.16666666666665009 ) ) ;
#3019 = CARTESIAN_POINT ( 'NONE',  ( -2.281417449300148892, -5.569296822357777010, -22.82509316150088452 ) ) ;
#3020 = EDGE_CURVE ( 'NONE', #1312, #1213, #311, .T. ) ;
#3021 = CARTESIAN_POINT ( 'NONE',  ( -1.647114317029973574, -1.647114317029973796, -7.499999999999983125 ) ) ;
#3022 = ORIENTED_EDGE ( 'NONE', *, *, #1666, .F. ) ;
#3023 = DIRECTION ( 'NONE',  ( 1.000000000000000000, 0.000000000000000000, 0.000000000000000000 ) ) ;
#3024 = FACE_OUTER_BOUND ( 'NONE', #1599, .T. ) ;
#3025 = CARTESIAN_POINT ( 'NONE',  ( 5.590098587089195270, -2.196930918676698763, -24.38240661128664044 ) ) ;
#3026 = VECTOR ( 'NONE', #3197, 1000.000000000000114 ) ;
#3027 = CARTESIAN_POINT ( 'NONE',  ( -5.500000000000000000, -3.000000000000000000, -38.50329570143848912 ) ) ;
#3028 = CARTESIAN_POINT ( 'NONE',  ( 3.750000000000000000, 0.000000000000000000, -12.00000000000000355 ) ) ;
#3029 = DIRECTION ( 'NONE',  ( 0.000000000000000000, 0.000000000000000000, 1.000000000000000000 ) ) ;
#3030 = EDGE_LOOP ( 'NONE', ( #1870, #220, #567 ) ) ;
#3031 = CARTESIAN_POINT ( 'NONE',  ( -5.979220849357179013, -0.5742341365141627740, -24.63520698228280636 ) ) ;
#3032 = CARTESIAN_POINT ( 'NONE',  ( 5.943587615129429125, 2.205404271358692991, -23.28448076710757775 ) ) ;
#3033 = B_SPLINE_CURVE_WITH_KNOTS ( 'NONE', 3,
 ( #1346, #2935, #2397, #3218, #3489, #801, #3273, #1045, #1871, #504, #2966, #816 ),
 .UNSPECIFIED., .F., .F.,
 ( 4, 2, 2, 2, 2, 4 ),
 ( -1.877860436837690663E-05, 0.001099245606517257421, 0.002217269817402891478, 0.003335294028288527269, 0.003894306133731342996, 0.004453318239174159157 ),
 .UNSPECIFIED. ) ;
#3034 = CARTESIAN_POINT ( 'NONE',  ( 1.647114317029973352, 1.647114317029973796, -5.499999999999983125 ) ) ;
#3035 = B_SPLINE_CURVE_WITH_KNOTS ( 'NONE', 3,
 ( #1408, #3333, #1393, #1128, #2505, #33, #877, #1110, #3014, #1931, #601, #2474, #1675, #1961, #2228, #349 ),
 .UNSPECIFIED., .F., .F.,
 ( 4, 2, 2, 2, 2, 2, 2, 4 ),
 ( 0.000000000000000000, 0.001943333735900220748, 0.002915000603850334809, 0.003886667471800448435, 0.004858334339750562496, 0.005830001207700676556, 0.006801668075650789749, 0.007773334943600903810 ),
 .UNSPECIFIED. ) ;
#3036 = CARTESIAN_POINT ( 'NONE',  ( -1.647114317029973574, -1.647114317029973796, -11.49999999999998224 ) ) ;
#3037 = EDGE_CURVE ( 'NONE', #630, #484, #2471, .T. ) ;
#3038 = ORIENTED_EDGE ( 'NONE', *, *, #2295, .F. ) ;
#3039 = CARTESIAN_POINT ( 'NONE',  ( 5.355616866188247727, -2.719090364857652098, -24.23671560908917755 ) ) ;
#3040 = DIRECTION ( 'NONE',  ( 0.000000000000000000, 0.8660254037844384856, -0.5000000000000002220 ) ) ;
#3041 = ORIENTED_EDGE ( 'NONE', *, *, #2478, .F. ) ;
#3042 = CARTESIAN_POINT ( 'NONE',  ( -1.125000000000000888, 1.948557158514986343, -12.16666666666668206 ) ) ;
#3043 =( BOUNDED_CURVE ( )  B_SPLINE_CURVE ( 2, ( #423, #3411, #1440, #1500, #1460, #967, #2051, #440, #3137, #1520, #2600, #2337, #1980, #3068, #639, #1713, #2525, #101, #1180, #1753, #2835, #2229, #1459, #1979, #3319, #1195, #3353, #2280, #674, #384, #2524, #100, #405, #2299, #894, #366, #1161, #3370, #3067, #2798, #913, #3101, #1439, #1481, #2564, #139, #350, #2782, #1712, #2246, #1695, #1212, #638, #3390, #3050, #1999, #332, #1424, #1145, #878, #2547, #3081, #930, #1962, #1179, #946, #2034, #122, #2018, #3120, #621, #2815, #2506 ),
 .UNSPECIFIED., .F., .F. ) 
 B_SPLINE_CURVE_WITH_KNOTS ( ( 3, 2, 2, 2, 2, 2, 2, 2, 2, 2, 2, 2, 2, 2, 2, 2, 2, 2, 2, 2, 2, 2, 2, 2, 2, 2, 2, 2, 2, 2, 2, 2, 2, 2, 2, 2, 3 ),
 ( 0.000000000000000000, 0.02777777777777777624, 0.05555555555555555247, 0.08333333333333332871, 0.1111111111111111049, 0.1388888888888888951, 0.1666666666666666574, 0.1944444444444444475, 0.2222222222222222099, 0.2500000000000000000, 0.2777777777777777901, 0.3055555555555555802, 0.3333333333333333148, 0.3611111111111111049, 0.3888888888888888951, 0.4166666666666666852, 0.4444444444444444198, 0.4722222222222222099, 0.5000000000000000000, 0.5277777777777777901, 0.5555555555555555802, 0.5833333333333333703, 0.6111111111111111605, 0.6388888888888888395, 0.6666666666666666297, 0.6944444444444444198, 0.7222222222222222099, 0.7500000000000000000, 0.7777777777777777901, 0.8055555555555555802, 0.8333333333333333703, 0.8611111111111111605, 0.8888888888888888395, 0.9166666666666666297, 0.9444444444444444198, 0.9722222222222222099, 1.000000000000000000 ),
 .UNSPECIFIED. ) 
 CURVE ( )  GEOMETRIC_REPRESENTATION_ITEM ( )  RATIONAL_B_SPLINE_CURVE ( ( 1.000000000000000000, 0.9659258262890683122, 1.000000000000000000, 0.9659258262890683122, 1.000000000000000000, 0.9659258262890683122, 1.000000000000000000, 0.9659258262890683122, 1.000000000000000000, 0.9659258262890683122, 1.000000000000000000, 0.9659258262890683122, 1.000000000000000000, 0.9659258262890683122, 1.000000000000000000, 0.9659258262890683122, 1.000000000000000000, 0.9659258262890683122, 1.000000000000000000, 0.9659258262890683122, 1.000000000000000000, 0.9659258262890683122, 1.000000000000000000, 0.9659258262890683122, 1.000000000000000000, 0.9659258262890683122, 1.000000000000000000, 0.9659258262890683122, 1.000000000000000000, 0.9659258262890683122, 1.000000000000000000, 0.9659258262890683122, 1.000000000000000000, 0.9659258262890683122, 1.000000000000000000, 0.9659258262890683122, 1.000000000000000000, 0.9659258262890683122, 1.000000000000000000, 0.9659258262890683122, 1.000000000000000000, 0.9659258262890683122, 1.000000000000000000, 0.9659258262890683122, 1.000000000000000000, 0.9659258262890683122, 1.000000000000000000, 0.9659258262890683122, 1.000000000000000000, 0.9659258262890683122, 1.000000000000000000, 0.9659258262890683122, 1.000000000000000000, 0.9659258262890683122, 1.000000000000000000, 0.9659258262890683122, 1.000000000000000000, 0.9659258262890683122, 1.000000000000000000, 0.9659258262890683122, 1.000000000000000000, 0.9659258262890683122, 1.000000000000000000, 0.9659258262890683122, 1.000000000000000000, 0.9659258262890683122, 1.000000000000000000, 0.9659258262890683122, 1.000000000000000000, 0.9659258262890683122, 1.000000000000000000, 0.9659258262890683122, 1.000000000000000000 ) ) 
 REPRESENTATION_ITEM ( '' )  );
#3044 = CARTESIAN_POINT ( 'NONE',  ( 6.000000000000008882, -0.3691697714525130625, -27.86225090759904077 ) ) ;
#3045 = CARTESIAN_POINT ( 'NONE',  ( -6.900080488994475125, -0.5487100167468623724, -22.95127921274637472 ) ) ;
#3046 = EDGE_CURVE ( 'NONE', #845, #2117, #2673, .T. ) ;
#3047 = AXIS2_PLACEMENT_3D ( 'NONE', #1933, #863, #1677 ) ;
#3048 = ORIENTED_EDGE ( 'NONE', *, *, #330, .F. ) ;
#3049 = CARTESIAN_POINT ( 'NONE',  ( 7.216878364870321860, 1.739295423971095542E-15, -30.00000000000000000 ) ) ;
#3050 = CARTESIAN_POINT ( 'NONE',  ( 1.377727649040772142E-16, -2.250000000000000000, -10.50000000000001421 ) ) ;
#3051 = CARTESIAN_POINT ( 'NONE',  ( -5.964932149179904108, -0.7455159772061321632, -27.64913569888505407 ) ) ;
#3052 = CIRCLE ( 'NONE', #1969, 4.649999999999994138 ) ;
#3053 = LINE ( 'NONE', #1946, #1174 ) ;
#3054 = CARTESIAN_POINT ( 'NONE',  ( 5.619108331972677561, -2.767418875789711574, -23.25002970887770459 ) ) ;
#3055 = EDGE_CURVE ( 'NONE', #2687, #884, #2909, .T. ) ;
#3056 = LINE ( 'NONE', #106, #2661 ) ;
#3057 = VERTEX_POINT ( 'NONE', #277 ) ;
#3058 = DIRECTION ( 'NONE',  ( 0.7071067811865437980, -0.000000000000000000, -0.7071067811865513475 ) ) ;
#3059 = CARTESIAN_POINT ( 'NONE',  ( 5.130979857430094881, -5.379913765125024838, -21.57618513174828223 ) ) ;
#3060 = CARTESIAN_POINT ( 'NONE',  ( -1.948557158514986343, -1.125000000000000666, -7.166666666666681174 ) ) ;
#3061 = AXIS2_PLACEMENT_3D ( 'NONE', #2160, #261, #3265 ) ;
#3062 = CARTESIAN_POINT ( 'NONE',  ( 5.999999999999767297, -1.826953443908438501, -28.70390270331068905 ) ) ;
#3063 = CARTESIAN_POINT ( 'NONE',  ( -3.247595264191644571, -1.875000000000001554, -5.666666666666666075 ) ) ;
#3064 = B_SPLINE_CURVE_WITH_KNOTS ( 'NONE', 3,
 ( #20, #1078, #1901, #1681, #1134, #850, #2732, #336, #3054, #605, #3001, #2215, #4, #2463, #69, #2163 ),
 .UNSPECIFIED., .F., .F.,
 ( 4, 2, 2, 2, 2, 2, 2, 4 ),
 ( 0.000000000000000000, 0.001943333735900224868, 0.002915000603850340880, 0.003886667471800456675, 0.004858334339750572904, 0.005830001207700688699, 0.006801668075650804494, 0.007773334943600920290 ),
 .UNSPECIFIED. ) ;
#3065 = VERTEX_POINT ( 'NONE', #2138 ) ;
#3066 = CARTESIAN_POINT ( 'NONE',  ( -6.000000000000000000, 3.500000000000000444, 0.000000000000000000 ) ) ;
#3067 = CARTESIAN_POINT ( 'NONE',  ( -1.948557158514987231, 1.124999999999999334, -7.833333333333348136 ) ) ;
#3068 = CARTESIAN_POINT ( 'NONE',  ( -2.250000000000000444, 0.6028856829700249831, -3.666666666666681174 ) ) ;
#3069 = FACE_OUTER_BOUND ( 'NONE', #1187, .T. ) ;
#3070 = CARTESIAN_POINT ( 'NONE',  ( -1.647114317029974240, 1.647114317029972907, -12.49999999999998046 ) ) ;
#3071 = CARTESIAN_POINT ( 'NONE',  ( 5.896587297997410104, 1.145883816636090957, -24.58054462041993560 ) ) ;
#3072 = ORIENTED_EDGE ( 'NONE', *, *, #677, .F. ) ;
#3073 = CARTESIAN_POINT ( 'NONE',  ( 1.125000000000000222, -1.948557158514986787, -2.166666666666681618 ) ) ;
#3074 = ORIENTED_EDGE ( 'NONE', *, *, #3487, .F. ) ;
#3075 = CARTESIAN_POINT ( 'NONE',  ( 3.749999999999999112, -1.004809471616709748, -7.666666666666665186 ) ) ;
#3076 = CARTESIAN_POINT ( 'NONE',  ( -3.247595264191645015, 1.874999999999998668, -9.833333333333332149 ) ) ;
#3077 = CARTESIAN_POINT ( 'NONE',  ( -3.750000000000001332, 1.004809471616708638, -10.16666666666666607 ) ) ;
#3078 = CARTESIAN_POINT ( 'NONE',  ( -5.999999999999838352, -0.7374047016298723722, -28.07485144366074081 ) ) ;
#3079 = ORIENTED_EDGE ( 'NONE', *, *, #3429, .T. ) ;
#3080 = PLANE ( 'NONE',  #2704 ) ;
#3081 = CARTESIAN_POINT ( 'NONE',  ( -2.250000000000000444, 0.6028856829700249831, -11.66666666666668029 ) ) ;
#3082 = SURFACE_STYLE_USAGE ( .BOTH. , #1790 ) ;
#3083 = LINE ( 'NONE', #1697, #1286 ) ;
#3084 = CARTESIAN_POINT ( 'NONE',  ( -1.948557158514987231, 1.124999999999999334, -8.333333333333317938 ) ) ;
#3085 = VECTOR ( 'NONE', #1025, 1000.000000000000000 ) ;
#3086 = CARTESIAN_POINT ( 'NONE',  ( -1.004809471616709526, -3.749999999999999556, -8.666666666666666075 ) ) ;
#3087 = EDGE_LOOP ( 'NONE', ( #403, #592, #1702, #3250 ) ) ;
#3088 = CARTESIAN_POINT ( 'NONE',  ( 1.377727649040772142E-16, -2.250000000000000000, -2.500000000000015099 ) ) ;
#3089 = VERTEX_POINT ( 'NONE', #3513 ) ;
#3090 = VECTOR ( 'NONE', #1334, 1000.000000000000000 ) ;
#3091 = CARTESIAN_POINT ( 'NONE',  ( -3.604000012340457193, 6.249435114896197518, -21.17686228026251882 ) ) ;
#3092 = CARTESIAN_POINT ( 'NONE',  ( 5.892054739460553137, 1.179685536722399952, -22.60847079705803608 ) ) ;
#3093 = CARTESIAN_POINT ( 'NONE',  ( -2.745190528383289141, -2.745190528383289585, -1.499999999999999778 ) ) ;
#3094 = FACE_OUTER_BOUND ( 'NONE', #2041, .T. ) ;
#3095 = FACE_OUTER_BOUND ( 'NONE', #2367, .T. ) ;
#3096 = ADVANCED_FACE ( 'NONE', ( #1071 ), #2539, .F. ) ;
#3097 = CARTESIAN_POINT ( 'NONE',  ( 4.642857142857136132, 2.142857142857136132, -43.66645668019142335 ) ) ;
#3098 = ORIENTED_EDGE ( 'NONE', *, *, #2887, .T. ) ;
#3099 = CARTESIAN_POINT ( 'NONE',  ( 1.874999999999997558, 3.247595264191646791, -3.333333333333333037 ) ) ;
#3100 = AXIS2_PLACEMENT_3D ( 'NONE', #3261, #3029, #1914 ) ;
#3101 = CARTESIAN_POINT ( 'NONE',  ( -0.6028856829700277586, 2.249999999999999556, -8.333333333333348136 ) ) ;
#3102 = CARTESIAN_POINT ( 'NONE',  ( 1.666266980017532706, -3.166266980017539812, -41.43746686307515859 ) ) ;
#3103 = AXIS2_PLACEMENT_3D ( 'NONE', #1785, #2867, #243 ) ;
#3104 = DIRECTION ( 'NONE',  ( 0.5000000000000002220, 0.8660254037844385966, 0.000000000000000000 ) ) ;
#3105 = DIRECTION ( 'NONE',  ( 1.000000000000000000, 0.000000000000000000, 0.000000000000000000 ) ) ;
#3106 = EDGE_CURVE ( 'NONE', #697, #2599, #78, .T. ) ;
#3107 = ORIENTED_EDGE ( 'NONE', *, *, #2614, .F. ) ;
#3108 = CARTESIAN_POINT ( 'NONE',  ( 2.249999999999999112, 0.6028856829700279807, -13.83333333333331616 ) ) ;
#3109 = ORIENTED_EDGE ( 'NONE', *, *, #739, .T. ) ;
#3110 = ADVANCED_FACE ( 'NONE', ( #2258 ), #634, .T. ) ;
#3111 = EDGE_CURVE ( 'NONE', #1597, #157, #3349, .T. ) ;
#3112 = CARTESIAN_POINT ( 'NONE',  ( 5.999578465752563261, -0.4764679274194859038, -22.64895256528943790 ) ) ;
#3113 = CARTESIAN_POINT ( 'NONE',  ( -2.745190528383289141, -2.745190528383289585, -5.500000000000000000 ) ) ;
#3114 = DIRECTION ( 'NONE',  ( 0.000000000000000000, 0.000000000000000000, 1.000000000000000000 ) ) ;
#3115 = CARTESIAN_POINT ( 'NONE',  ( -5.999999999999991118, 7.347880794884095084E-16, -27.64911064067352697 ) ) ;
#3116 = EDGE_CURVE ( 'NONE', #1616, #3457, #485, .T. ) ;
#3117 = CARTESIAN_POINT ( 'NONE',  ( 2.000000000000000000, 6.399999999999995026, -34.80825397862487591 ) ) ;
#3118 = VECTOR ( 'NONE', #3105, 1000.000000000000000 ) ;
#3119 = CARTESIAN_POINT ( 'NONE',  ( 34.71747435505660206, 0.000000000000000000, -34.35329570143849764 ) ) ;
#3120 = CARTESIAN_POINT ( 'NONE',  ( 1.647114317029973352, 1.647114317029974018, -13.00000000000001421 ) ) ;
#3121 = ORIENTED_EDGE ( 'NONE', *, *, #1838, .T. ) ;
#3122 = LINE ( 'NONE', #2321, #2080 ) ;
#3123 = CARTESIAN_POINT ( 'NONE',  ( 4.100000000000016520, -1.600000000000016742, -43.35303796263137599 ) ) ;
#3124 = ORIENTED_EDGE ( 'NONE', *, *, #991, .T. ) ;
#3125 = ADVANCED_FACE ( 'NONE', ( #3094 ), #908, .T. ) ;
#3126 = CARTESIAN_POINT ( 'NONE',  ( -1.948557158514986343, -1.125000000000000666, -3.166666666666681618 ) ) ;
#3127 = ORIENTED_EDGE ( 'NONE', *, *, #1601, .T. ) ;
#3128 = CARTESIAN_POINT ( 'NONE',  ( 3.749999999999998224, 1.004809471616712857, -7.333333333333331261 ) ) ;
#3129 = CARTESIAN_POINT ( 'NONE',  ( 6.000310598801146256, 0.2758838600360243309, -24.64931770620688312 ) ) ;
#3130 = CARTESIAN_POINT ( 'NONE',  ( -1.875000000000001776, 3.247595264191644571, -6.666666666666666075 ) ) ;
#3131 = DIRECTION ( 'NONE',  ( 0.000000000000000000, 0.000000000000000000, 1.000000000000000000 ) ) ;
#3132 = CYLINDRICAL_SURFACE ( 'NONE', #3103, 6.000000000000000000 ) ;
#3133 = CARTESIAN_POINT ( 'NONE',  ( -3.608439182435161374, 6.249999999999997335, -30.00000000000000000 ) ) ;
#3134 = DIRECTION ( 'NONE',  ( 0.8711404958349093786, 0.4393865476227374334, 0.2192115377544719412 ) ) ;
#3135 = CARTESIAN_POINT ( 'NONE',  ( 3.750000000000000444, 0.000000000000000000, -8.000000000000000000 ) ) ;
#3136 = ORIENTED_EDGE ( 'NONE', *, *, #763, .T. ) ;
#3137 = CARTESIAN_POINT ( 'NONE',  ( -1.124999999999999556, -1.948557158514987009, -2.833333333333348136 ) ) ;
#3138 = CARTESIAN_POINT ( 'NONE',  ( 6.000000000000000000, 7.518447088892090471E-16, -27.64911064067352342 ) ) ;
#3139 = LINE ( 'NONE', #969, #1182 ) ;
#3140 = CARTESIAN_POINT ( 'NONE',  ( -1.948557158514986343, -1.125000000000000666, -3.666666666666650531 ) ) ;
#3141 = CARTESIAN_POINT ( 'NONE',  ( 0.6028856829700248721, 2.250000000000000000, -8.666666666666682062 ) ) ;
#3142 = EDGE_LOOP ( 'NONE', ( #3183, #16, #64, #1720 ) ) ;
#3143 = CARTESIAN_POINT ( 'NONE',  ( -3.247595264191643682, -1.875000000000000888, -5.166666666666666963 ) ) ;
#3144 = EDGE_CURVE ( 'NONE', #2738, #2534, #2953, .T. ) ;
#3145 = CARTESIAN_POINT ( 'NONE',  ( 4.944629855060742152, 3.409667369179899765, -23.99301192659291360 ) ) ;
#3146 = CARTESIAN_POINT ( 'NONE',  ( 2.250000000000000000, 0.000000000000000000, -13.50000000000001599 ) ) ;
#3147 = VECTOR ( 'NONE', #257, 1000.000000000000000 ) ;
#3148 = LINE ( 'NONE', #2096, #453 ) ;
#3149 = CARTESIAN_POINT ( 'NONE',  ( -5.965709161489834322, -0.7373958683866492780, -27.64913104022810231 ) ) ;
#3150 = CARTESIAN_POINT ( 'NONE',  ( 2.116064064088636787, -5.645408451540387063, -21.76464842823058632 ) ) ;
#3151 = FACE_OUTER_BOUND ( 'NONE', #1731, .T. ) ;
#3152 = ORIENTED_EDGE ( 'NONE', *, *, #612, .T. ) ;
#3153 = CARTESIAN_POINT ( 'NONE',  ( 6.000000000000000000, 4.291502622129201860, -30.12681083478780053 ) ) ;
#3154 = EDGE_CURVE ( 'NONE', #539, #557, #3148, .T. ) ;
#3155 = CARTESIAN_POINT ( 'NONE',  ( 4.979646071760519099, -2.874999999999999556, 0.000000000000000000 ) ) ;
#3156 = AXIS2_PLACEMENT_3D ( 'NONE', #2417, #3278, #2436 ) ;
#3157 = CARTESIAN_POINT ( 'NONE',  ( 2.249999999999999112, 0.6028856829700279807, -13.33333333333334636 ) ) ;
#3158 = AXIS2_PLACEMENT_3D ( 'NONE', #1732, #2545, #3369 ) ;
#3159 = B_SPLINE_CURVE_WITH_KNOTS ( 'NONE', 3,
 ( #1736, #141, #2816, #385 ),
 .UNSPECIFIED., .F., .F.,
 ( 4, 4 ),
 ( 0.000000000000000000, 0.0007332270598221389199 ),
 .UNSPECIFIED. ) ;
#3160 = LINE ( 'NONE', #2678, #1209 ) ;
#3161 = ADVANCED_FACE ( 'NONE', ( #2594 ), #627, .F. ) ;
#3162 = ORIENTED_EDGE ( 'NONE', *, *, #1221, .T. ) ;
#3163 = CARTESIAN_POINT ( 'NONE',  ( -4.133182947122316674E-16, 2.250000000000000000, -4.999999999999984013 ) ) ;
#3164 = CARTESIAN_POINT ( 'NONE',  ( 3.749999999999999556, 0.000000000000000000, -11.50000000000000000 ) ) ;
#3165 = LINE ( 'NONE', #2112, #3026 ) ;
#3166 = AXIS2_PLACEMENT_3D ( 'NONE', #3155, #2085, #3174 ) ;
#3167 = CARTESIAN_POINT ( 'NONE',  ( 0.5539002652334290566, 5.976413722182740251, -21.64400875075929420 ) ) ;
#3168 = CARTESIAN_POINT ( 'NONE',  ( -4.143506126652290789, 4.365244184954819140, -21.99793895463370319 ) ) ;
#3169 = CARTESIAN_POINT ( 'NONE',  ( 2.745190528383288697, 2.745190528383290030, -7.500000000000000000 ) ) ;
#3170 = CARTESIAN_POINT ( 'NONE',  ( -8.261825584173431380, -3.000000000000000000, -38.50329570143848912 ) ) ;
#3171 = PLANE ( 'NONE',  #1730 ) ;
#3172 = VERTEX_POINT ( 'NONE', #169 ) ;
#3173 = LINE ( 'NONE', #3477, #2933 ) ;
#3174 = DIRECTION ( 'NONE',  ( 0.5000000000000001110, 0.8660254037844384856, -0.000000000000000000 ) ) ;
#3175 = VECTOR ( 'NONE', #1606, 1000.000000000000000 ) ;
#3176 = CARTESIAN_POINT ( 'NONE',  ( -1.125000000000000888, 1.948557158514986343, -12.16666666666668206 ) ) ;
#3177 = CARTESIAN_POINT ( 'NONE',  ( 2.745190528383288253, 2.745190528383289585, -7.000000000000000000 ) ) ;
#3178 = VERTEX_POINT ( 'NONE', #2629 ) ;
#3179 = CARTESIAN_POINT ( 'NONE',  ( 2.249999999999999112, 0.6028856829700279807, -5.833333333333316162 ) ) ;
#3180 = CARTESIAN_POINT ( 'NONE',  ( -0.8480620767729853959, 5.999999999999997335, -29.95851171743202457 ) ) ;
#3181 = CARTESIAN_POINT ( 'NONE',  ( -5.726919207304578485, 1.827317552563991532, -27.69354734328638301 ) ) ;
#3182 =( BOUNDED_CURVE ( )  B_SPLINE_CURVE ( 2, ( #1766, #401, #1475, #135, #1207, #2293, #3386, #2031, #2846, #417, #2576, #151, #1230 ),
 .UNSPECIFIED., .F., .F. ) 
 B_SPLINE_CURVE_WITH_KNOTS ( ( 3, 2, 2, 2, 2, 2, 3 ),
 ( 0.8333333333333332593, 0.8611111111111110494, 0.8888888888888887285, 0.9166666666666665186, 0.9444444444444444198, 0.9722222222222222099, 1.000000000000000000 ),
 .UNSPECIFIED. ) 
 CURVE ( )  GEOMETRIC_REPRESENTATION_ITEM ( )  RATIONAL_B_SPLINE_CURVE ( ( 1.000000000000000222, 0.9659258262890682012, 1.000000000000000000, 0.9659258262890683122, 1.000000000000000000, 0.9659258262890683122, 1.000000000000000000, 0.9659258262890683122, 1.000000000000000000, 0.9659258262890683122, 1.000000000000000000, 0.9659258262890683122, 1.000000000000000000 ) ) 
 REPRESENTATION_ITEM ( '' )  );
#3183 = ORIENTED_EDGE ( 'NONE', *, *, #3037, .T. ) ;
#3184 = CARTESIAN_POINT ( 'NONE',  ( 6.000000000000000000, 9.399999999999991473, -43.93038823182097019 ) ) ;
#3185 = CARTESIAN_POINT ( 'NONE',  ( -7.458518980447978564, 2.552298178272625506, -22.41783089739483614 ) ) ;
#3186 = CARTESIAN_POINT ( 'NONE',  ( 3.247595264191644127, 1.875000000000001776, -7.666666666666666075 ) ) ;
#3187 = EDGE_LOOP ( 'NONE', ( #3127, #204, #2590, #2937 ) ) ;
#3188 = CARTESIAN_POINT ( 'NONE',  ( -2.958731796425690952, -5.227672464334626845, -21.68662336207851737 ) ) ;
#3189 = DIRECTION ( 'NONE',  ( 0.000000000000000000, -0.8660254037844384856, 0.5000000000000001110 ) ) ;
#3190 = EDGE_LOOP ( 'NONE', ( #809, #2165, #2402, #207, #1430, #1890 ) ) ;
#3191 = CARTESIAN_POINT ( 'NONE',  ( 5.999999999999982236, 0.7374047016293386880, -28.07485144366085805 ) ) ;
#3192 = LINE ( 'NONE', #1253, #728 ) ;
#3193 = DIRECTION ( 'NONE',  ( -0.6546536707079776418, -0.6546536707079775308, 0.3779644730092253102 ) ) ;
#3194 = CARTESIAN_POINT ( 'NONE',  ( -1.856171352048565870, 5.724075344329754955, -22.63919736227378365 ) ) ;
#3195 = CARTESIAN_POINT ( 'NONE',  ( -6.888638245203858986E-16, 3.749999999999999112, -10.49999999999999822 ) ) ;
#3196 = CARTESIAN_POINT ( 'NONE',  ( -3.241582823769395105, 5.119702147869934272, -29.28085811490699086 ) ) ;
#3197 = DIRECTION ( 'NONE',  ( 0.000000000000000000, -0.8660254037844383745, -0.5000000000000004441 ) ) ;
#3198 = VERTEX_POINT ( 'NONE', #3438 ) ;
#3199 = VECTOR ( 'NONE', #2231, 1000.000000000000000 ) ;
#3200 = LINE ( 'NONE', #268, #1978 ) ;
#3201 = CARTESIAN_POINT ( 'NONE',  ( -5.131218947990056733, 5.379815427511710269, -21.57624362649425720 ) ) ;
#3202 = PLANE ( 'NONE',  #158 ) ;
#3203 = ORIENTED_EDGE ( 'NONE', *, *, #1357, .F. ) ;
#3204 = B_SPLINE_CURVE_WITH_KNOTS ( 'NONE', 3,
 ( #1696, #3017, #2730, #2783, #2749, #1411, #334, #1377, #2494, #1114, #351, #2197, #1899, #551, #1425, #2508, #2247, #2978 ),
 .UNSPECIFIED., .F., .F.,
 ( 4, 2, 2, 2, 2, 2, 2, 2, 4 ),
 ( 0.000000000000000000, 0.0008675933364799369571, 0.001735186672959873914, 0.002602780009439809895, 0.003470373345919746094, 0.004337966682399682292, 0.005205560018879617189, 0.006073153355359553821, 0.006940746691839487850 ),
 .UNSPECIFIED. ) ;
#3205 = CARTESIAN_POINT ( 'NONE',  ( 2.958731796443966111, -5.227672464324253809, -21.68662336207437846 ) ) ;
#3206 = CARTESIAN_POINT ( 'NONE',  ( 5.500000000000000000, -7.746223524468791354E-15, -45.89337914706570132 ) ) ;
#3208 = DIRECTION ( 'NONE',  ( 1.000000000000000000, 0.000000000000000000, 0.000000000000000000 ) ) ;
#3207 =( GEOMETRIC_REPRESENTATION_CONTEXT ( 3 ) GLOBAL_UNCERTAINTY_ASSIGNED_CONTEXT ( ( #2536 ) ) GLOBAL_UNIT_ASSIGNED_CONTEXT ( ( #3392, #1215, #1771 ) ) REPRESENTATION_CONTEXT ( 'NONE', 'WORKASPACE' ) );
#3209 = CARTESIAN_POINT ( 'NONE',  ( 2.249999999999999556, -0.6028856829700258713, -5.666666666666682062 ) ) ;
#3210 = LINE ( 'NONE', #1590, #1382 ) ;
#3211 = CARTESIAN_POINT ( 'NONE',  ( 0.000000000000000000, -5.749999999999997335, 0.000000000000000000 ) ) ;
#3212 = CARTESIAN_POINT ( 'NONE',  ( -1.004809471616709304, -3.749999999999999112, -12.66666666666666785 ) ) ;
#3213 = EDGE_CURVE ( 'NONE', #3473, #1169, #2364, .T. ) ;
#3214 = VECTOR ( 'NONE', #285, 1000.000000000000114 ) ;
#3215 = CARTESIAN_POINT ( 'NONE',  ( -5.499999999999998224, 0.000000000000000000, -38.50329570143848912 ) ) ;
#3216 = EDGE_LOOP ( 'NONE', ( #3072, #2306, #490, #439, #584, #3488, #1925, #3308 ) ) ;
#3217 = ADVANCED_FACE ( 'NONE', ( #1262 ), #753, .F. ) ;
#3218 = CARTESIAN_POINT ( 'NONE',  ( 5.828595318910445577, 1.470947390277858036, -27.67144126207205801 ) ) ;
#3219 = CARTESIAN_POINT ( 'NONE',  ( -4.440679788887285540, 4.044147032537748210, -23.71602164763774567 ) ) ;
#3220 = CARTESIAN_POINT ( 'NONE',  ( -6.000000000000000000, 3.499999999999277023, -41.56474960440763766 ) ) ;
#3221 = ORIENTED_EDGE ( 'NONE', *, *, #1144, .T. ) ;
#3222 = CARTESIAN_POINT ( 'NONE',  ( -0.3207256699146346368, -6.249999999999999112, -21.17658045704106584 ) ) ;
#3223 = ADVANCED_FACE ( 'NONE', ( #1530 ), #3297, .F. ) ;
#3224 = CARTESIAN_POINT ( 'NONE',  ( -5.500000000000000000, 3.000000000000000000, -47.62542995463457629 ) ) ;
#3225 = CARTESIAN_POINT ( 'NONE',  ( 6.000000000000008882, 0.3691720078871102428, -27.64911131217214546 ) ) ;
#3226 = CARTESIAN_POINT ( 'NONE',  ( -2.250000000000000000, 0.6028856829700249831, -7.666666666666682062 ) ) ;
#3227 = CARTESIAN_POINT ( 'NONE',  ( 2.296212748401287479E-16, -3.750000000000000444, -9.000000000000000000 ) ) ;
#3228 = CARTESIAN_POINT ( 'NONE',  ( 2.250000000000000000, -0.6028856829700259823, -6.166666666666649199 ) ) ;
#3229 = AXIS2_PLACEMENT_3D ( 'NONE', #1725, #1173, #77 ) ;
#3230 = CARTESIAN_POINT ( 'NONE',  ( -1.004809471616709748, -3.750000000000000444, -1.166666666666666519 ) ) ;
#3231 = CARTESIAN_POINT ( 'NONE',  ( -1.874999999999998668, -3.247595264191644127, -12.83333333333333215 ) ) ;
#3232 = FACE_OUTER_BOUND ( 'NONE', #3301, .T. ) ;
#3233 = ADVANCED_FACE ( 'NONE', ( #558 ), #1635, .T. ) ;
#3234 = ORIENTED_EDGE ( 'NONE', *, *, #3243, .T. ) ;
#3235 = CARTESIAN_POINT ( 'NONE',  ( -3.602720060833700888, -6.249999999999996447, -21.17658045704106939 ) ) ;
#3236 = CARTESIAN_POINT ( 'NONE',  ( -3.602720060843313643, 6.249999999995818456, -21.17658045704315839 ) ) ;
#3237 = CARTESIAN_POINT ( 'NONE',  ( -0.9422911959236605073, -5.999999999999998224, -31.11321225581128047 ) ) ;
#3238 = ORIENTED_EDGE ( 'NONE', *, *, #486, .F. ) ;
#3239 = CARTESIAN_POINT ( 'NONE',  ( 5.500000000000000000, 6.399999999999995914, -42.19833742425209522 ) ) ;
#3240 = FACE_OUTER_BOUND ( 'NONE', #1437, .T. ) ;
#3241 = CARTESIAN_POINT ( 'NONE',  ( -5.834669206330335811, 1.444729439061306797, -28.09983227200433475 ) ) ;
#3242 = CARTESIAN_POINT ( 'NONE',  ( 1.124999999999998446, 1.948557158514987675, -8.833333333333349913 ) ) ;
#3243 = EDGE_CURVE ( 'NONE', #3089, #2484, #1308, .T. ) ;
#3244 = VERTEX_POINT ( 'NONE', #235 ) ;
#3245 = DIRECTION ( 'NONE',  ( -1.000000000000000000, -0.000000000000000000, -0.000000000000000000 ) ) ;
#3246 = CARTESIAN_POINT ( 'NONE',  ( -1.125000000000000888, 1.948557158514986343, -4.666666666666650976 ) ) ;
#3247 = CARTESIAN_POINT ( 'NONE',  ( -1.948557158514986343, -1.125000000000000666, -3.666666666666650531 ) ) ;
#3248 = EDGE_CURVE ( 'NONE', #1578, #899, #324, .T. ) ;
#3249 = CYLINDRICAL_SURFACE ( 'NONE', #1014, 3.750000000000000000 ) ;
#3250 = ORIENTED_EDGE ( 'NONE', *, *, #1699, .F. ) ;
#3251 = ADVANCED_FACE ( 'NONE', ( #786 ), #1887, .F. ) ;
#3252 = ORIENTED_EDGE ( 'NONE', *, *, #2233, .F. ) ;
#3253 = CARTESIAN_POINT ( 'NONE',  ( -3.610398224675317902, -6.246606839296584113, -21.17827274335433430 ) ) ;
#3254 = CARTESIAN_POINT ( 'NONE',  ( 4.426072201541827233, -4.059989362636764909, -23.70838557874016317 ) ) ;
#3255 = CARTESIAN_POINT ( 'NONE',  ( 4.500000000000003553, -3.968626966596901617, -28.39476002721892911 ) ) ;
#3256 = CARTESIAN_POINT ( 'NONE',  ( 4.847410186890638073, -5.577873016938943884, -21.49151342024306288 ) ) ;
#3257 = LINE ( 'NONE', #1069, #30 ) ;
#3258 = VECTOR ( 'NONE', #1441, 1000.000000000000114 ) ;
#3259 = CARTESIAN_POINT ( 'NONE',  ( 4.500000000000004441, -3.968626966596899841, -28.39476002721892911 ) ) ;
#3260 = DIRECTION ( 'NONE',  ( 0.7071067811865509034, 0.7071067811865441310, -0.000000000000000000 ) ) ;
#3261 = CARTESIAN_POINT ( 'NONE',  ( 0.000000000000000000, 0.000000000000000000, 0.000000000000000000 ) ) ;
#3262 = ORIENTED_EDGE ( 'NONE', *, *, #229, .T. ) ;
#3263 = AXIS2_PLACEMENT_3D ( 'NONE', #2870, #1534, #2850 ) ;
#3264 = EDGE_CURVE ( 'NONE', #884, #57, #3033, .T. ) ;
#3265 = DIRECTION ( 'NONE',  ( 0.000000000000000000, -0.8660254037844388186, -0.4999999999999997224 ) ) ;
#3266 = CARTESIAN_POINT ( 'NONE',  ( -5.999999999999984013, 0.000000000000000000, -24.64911064067352342 ) ) ;
#3267 = CARTESIAN_POINT ( 'NONE',  ( -2.250000000000000444, 0.6028856829700249831, -8.166666666666648311 ) ) ;
#3268 = AXIS2_PLACEMENT_3D ( 'NONE', #2457, #1625, #281 ) ;
#3269 = CARTESIAN_POINT ( 'NONE',  ( -1.647114317029973574, -1.647114317029973796, -3.499999999999983125 ) ) ;
#3270 = CARTESIAN_POINT ( 'NONE',  ( -0.6028856829700255382, -2.249999999999999556, -7.166666666666650087 ) ) ;
#3271 = CLOSED_SHELL ( 'NONE', ( #1419, #375, #3125, #2793, #347, #1588, #266, #2930, #1791, #1959, #1380, #985, #3110, #2222, #2373, #2405, #3371, #356, #3318, #133, #104, #107, #2269, #1405, #1214, #710, #1523, #367, #727, #1853, #3233, #3374, #1340, #2053, #1109, #3509, #2464, #2260, #1051, #2910, #3420, #2893, #411, #2609, #3251, #866, #3096, #2361, #1796, #1986, #71, #1950, #3223, #1348, #11, #429, #387, #1151, #221, #3161, #362, #1993, #2482, #2144, #3413, #2848, #623, #2340, #746, #501, #2742, #470, #75, #2275, #1160, #2734, #600, #3217 ) ) ;
#3272 = ORIENTED_EDGE ( 'NONE', *, *, #3479, .F. ) ;
#3273 = CARTESIAN_POINT ( 'NONE',  ( 5.296670419716864586, 2.841150479844468446, -27.85434870197627788 ) ) ;
#3274 = CARTESIAN_POINT ( 'NONE',  ( -3.179870449398019883, -5.095335358873182230, -23.13688288931748005 ) ) ;
#3275 = ORIENTED_EDGE ( 'NONE', *, *, #2769, .F. ) ;
#3276 = VECTOR ( 'NONE', #3367, 1000.000000000000000 ) ;
#3277 = EDGE_CURVE ( 'NONE', #2934, #144, #834, .T. ) ;
#3278 = DIRECTION ( 'NONE',  ( -1.000000000000000000, -0.000000000000000000, -0.000000000000000000 ) ) ;
#3279 = CARTESIAN_POINT ( 'NONE',  ( 5.707409428923248207, -1.895484462736767517, -22.53863191451129566 ) ) ;
#3280 = LINE ( 'NONE', #295, #1722 ) ;
#3281 = CARTESIAN_POINT ( 'NONE',  ( 6.000000000000000000, 6.899999999999995914, -34.51957884403005750 ) ) ;
#3282 = CARTESIAN_POINT ( 'NONE',  ( -5.943587615128359758, -2.205404271360541291, -23.28448076710765235 ) ) ;
#3283 = FACE_OUTER_BOUND ( 'NONE', #253, .T. ) ;
#3284 = ORIENTED_EDGE ( 'NONE', *, *, #677, .T. ) ;
#3285 = LINE ( 'NONE', #3517, #3175 ) ;
#3286 = CARTESIAN_POINT ( 'NONE',  ( 6.000000000000017764, 0.000000000000000000, -49.35948076220345371 ) ) ;
#3287 = CARTESIAN_POINT ( 'NONE',  ( 1.377727649040772142E-16, -2.250000000000000000, -6.999999999999984013 ) ) ;
#3288 = CARTESIAN_POINT ( 'NONE',  ( -1.857151872327151398, -5.723843750523076146, -22.63956763134524408 ) ) ;
#3289 = CARTESIAN_POINT ( 'NONE',  ( -2.250000000000000000, -2.755455298081544285E-16, -11.99999999999998401 ) ) ;
#3290 = VECTOR ( 'NONE', #2046, 1000.000000000000114 ) ;
#3291 = AXIS2_PLACEMENT_3D ( 'NONE', #1544, #1015, #3131 ) ;
#3292 = VERTEX_POINT ( 'NONE', #1595 ) ;
#3293 = CARTESIAN_POINT ( 'NONE',  ( 6.000000000000017764, 1.325441330105336700E-11, -24.64911064067351987 ) ) ;
#3294 = FACE_OUTER_BOUND ( 'NONE', #250, .T. ) ;
#3295 = CARTESIAN_POINT ( 'NONE',  ( 4.872789749697810535, -3.545923122733583011, -29.69635031010947657 ) ) ;
#3296 = CARTESIAN_POINT ( 'NONE',  ( 7.154084727159033541, -3.149229801703395726, -22.29359571204023283 ) ) ;
#3297 =( BOUNDED_SURFACE ( )  B_SPLINE_SURFACE ( 3, 2, ( 
 ( #3403, #150, #701 ),
 ( #2845, #1229, #960 ),
 ( #718, #1817, #1294 ),
 ( #1512, #3454, #3421 ),
 ( #1833, #1802, #465 ),
 ( #1784, #184, #685 ),
 ( #2313, #3385, #2030 ),
 ( #1765, #2884, #942 ),
 ( #416, #735, #2346 ),
 ( #201, #3167, #2919 ),
 ( #487, #1563, #2866 ),
 ( #1246, #434, #2330 ),
 ( #2651, #977, #994 ),
 ( #2076, #217, #1494 ),
 ( #2575, #2045, #291 ),
 ( #3507, #2415, #2128 ) ),
 .UNSPECIFIED., .F., .F., .T. ) 
 B_SPLINE_SURFACE_WITH_KNOTS ( ( 4, 2, 2, 2, 2, 2, 2, 4 ),
 ( 3, 3 ),
 ( 0.005404865691090114839, 0.007334057895396759938, 0.008298653997550082054, 0.009263250099703404170, 0.009745548150780065227, 0.01022784620185672629, 0.01119244230401004840, 0.01312163450831669263 ),
 ( 0.000000000000000000, 1.000000000000000000 ),
 .UNSPECIFIED. ) 
 GEOMETRIC_REPRESENTATION_ITEM ( )  RATIONAL_B_SPLINE_SURFACE ( (
 ( 1.000000000000000000, 0.8362406767110899253, 1.000000000000000000),
 ( 1.000000000000000000, 0.8785550728250602903, 1.000000000000000000),
 ( 1.000000000000000000, 0.9110138894467739723, 1.000000000000000000),
 ( 1.000000000000000000, 0.9447177111000655270, 1.000000000000000000),
 ( 1.000000000000000000, 0.9534613776090884452, 1.000000000000000000),
 ( 1.000000000000000000, 0.9651785799917244058, 1.000000000000000000),
 ( 1.000000000000000000, 0.9682287699822266225, 1.000000000000000000),
 ( 1.000000000000000000, 0.9682542633551207700, 1.000000000000000000),
 ( 1.000000000000000000, 0.9674846460508536028, 1.000000000000000000),
 ( 1.000000000000000000, 0.9644702341920553534, 1.000000000000000000),
 ( 1.000000000000000000, 0.9622310219274473608, 1.000000000000000000),
 ( 1.000000000000000000, 0.9534235644482992322, 1.000000000000000000),
 ( 1.000000000000000000, 0.9447417322062922063, 1.000000000000000000),
 ( 1.000000000000000000, 0.9108261853823290677, 1.000000000000000000),
 ( 1.000000000000000000, 0.8782382246780583435, 1.000000000000000000),
 ( 1.000000000000000000, 0.8362406767120071915, 1.000000000000000000) ) ) 
 REPRESENTATION_ITEM ( '' )  SURFACE ( )  );
#3298 = CARTESIAN_POINT ( 'NONE',  ( 5.016687351936007566, -3.296143533768774336, -28.01271582166791418 ) ) ;
#3299 = CARTESIAN_POINT ( 'NONE',  ( -5.144767125539298824, -3.589001945455839504, -22.94743826370709172 ) ) ;
#3300 = DIRECTION ( 'NONE',  ( 1.000000000000000000, -0.000000000000000000, -0.000000000000000000 ) ) ;
#3301 = EDGE_LOOP ( 'NONE', ( #127, #1570, #2789, #2952 ) ) ;
#3302 = EDGE_CURVE ( 'NONE', #1085, #2050, #3006, .T. ) ;
#3303 = DIRECTION ( 'NONE',  ( 0.7071067811865475727, 0.7071067811865475727, -0.000000000000000000 ) ) ;
#3304 = CARTESIAN_POINT ( 'NONE',  ( 3.608439182435160930, 6.249999999999996447, -30.00000000000000000 ) ) ;
#3305 = CARTESIAN_POINT ( 'NONE',  ( 6.000000000000000000, 3.000000000000000000, -47.62542995463457629 ) ) ;
#3306 = CARTESIAN_POINT ( 'NONE',  ( -2.702040045625267783, -5.357142857142911829, -22.96621900223639301 ) ) ;
#3307 = CARTESIAN_POINT ( 'NONE',  ( 2.250000000000000000, 0.000000000000000000, -13.99999999999998401 ) ) ;
#3308 = ORIENTED_EDGE ( 'NONE', *, *, #952, .F. ) ;
#3309 = DIRECTION ( 'NONE',  ( 0.000000000000000000, -1.000000000000000000, 0.000000000000000000 ) ) ;
#3310 = CARTESIAN_POINT ( 'NONE',  ( 6.000000000000000000, -4.291502622129200972, -30.12681083478780408 ) ) ;
#3311 = CARTESIAN_POINT ( 'NONE',  ( 4.712440263995419265, -3.746069157478568279, -22.18024288215606887 ) ) ;
#3312 = CARTESIAN_POINT ( 'NONE',  ( 1.125000000000000222, -1.948557158514986787, -6.166666666666681174 ) ) ;
#3313 = AXIS2_PLACEMENT_3D ( 'NONE', #3215, #449, #2363 ) ;
#3314 = CARTESIAN_POINT ( 'NONE',  ( 5.732769777428964986, -1.808349821662159185, -27.69207386636108126 ) ) ;
#3315 = CARTESIAN_POINT ( 'NONE',  ( -5.999999999999914735, 3.608467136363819439, -29.73246011321504767 ) ) ;
#3316 = ORIENTED_EDGE ( 'NONE', *, *, #2994, .F. ) ;
#3317 = CARTESIAN_POINT ( 'NONE',  ( 4.872789749697815864, 3.545923122733574129, -29.69635031010946946 ) ) ;
#3318 = ADVANCED_FACE ( 'NONE', ( #1614 ), #2683, .T. ) ;
#3319 = CARTESIAN_POINT ( 'NONE',  ( 2.250000000000000000, 0.000000000000000000, -5.500000000000015099 ) ) ;
#3320 = CARTESIAN_POINT ( 'NONE',  ( -6.000000000000000000, 7.518447088892090471E-16, -27.64911064067352342 ) ) ;
#3321 = CARTESIAN_POINT ( 'NONE',  ( 6.104729304372749965, 1.926298678371791029, -23.25561264784555249 ) ) ;
#3322 = VECTOR ( 'NONE', #82, 1000.000000000000114 ) ;
#3323 = CARTESIAN_POINT ( 'NONE',  ( 1.125000000000000222, -1.948557158514986787, -6.666666666666650976 ) ) ;
#3324 = CARTESIAN_POINT ( 'NONE',  ( 2.000000000000000000, 6.399999999999995914, -42.19833742425209522 ) ) ;
#3325 = VERTEX_POINT ( 'NONE', #2700 ) ;
#3326 = CARTESIAN_POINT ( 'NONE',  ( 4.936357681614945037, -3.421500764258806893, -23.98827887789038016 ) ) ;
#3327 = CARTESIAN_POINT ( 'NONE',  ( 2.702040045640539123, -5.357142857135225533, -22.96621900224150892 ) ) ;
#3328 = CARTESIAN_POINT ( 'NONE',  ( 1.948557158514986121, 1.125000000000000888, -5.166666666666682062 ) ) ;
#3329 = CARTESIAN_POINT ( 'NONE',  ( 1.691355389077386917E-14, 0.000000000000000000, -49.35948076220345371 ) ) ;
#3330 = DIRECTION ( 'NONE',  ( 0.6546536707079737560, -0.6546536707079798623, 0.3779644730092285299 ) ) ;
#3331 = AXIS2_PLACEMENT_3D ( 'NONE', #1752, #3134, #2563 ) ;
#3332 = ORIENTED_EDGE ( 'NONE', *, *, #1388, .F. ) ;
#3333 = CARTESIAN_POINT ( 'NONE',  ( -3.909313903936537660, 5.728869695646479521, -21.43639857459316644 ) ) ;
#3334 = CARTESIAN_POINT ( 'NONE',  ( -3.602720060833699112, -7.142857142857214292, -22.96621900223639656 ) ) ;
#3335 = DIRECTION ( 'NONE',  ( 1.000000000000000000, -0.000000000000000000, -0.000000000000000000 ) ) ;
#3336 = AXIS2_PLACEMENT_3D ( 'NONE', #441, #2036, #1810 ) ;
#3337 = DIRECTION ( 'NONE',  ( 1.000000000000000000, -0.000000000000000000, -0.000000000000000000 ) ) ;
#3338 = CARTESIAN_POINT ( 'NONE',  ( 2.250000000000000000, 0.000000000000000000, -9.999999999999984013 ) ) ;
#3339 = ORIENTED_EDGE ( 'NONE', *, *, #2420, .F. ) ;
#3340 = DIRECTION ( 'NONE',  ( 0.000000000000000000, -1.173683280263403983E-16, 1.000000000000000000 ) ) ;
#3341 = ORIENTED_EDGE ( 'NONE', *, *, #1778, .F. ) ;
#3342 = CARTESIAN_POINT ( 'NONE',  ( -0.6028856829700278697, 2.249999999999999112, -12.83333333333331794 ) ) ;
#3343 = VERTEX_POINT ( 'NONE', #2167 ) ;
#3344 = CARTESIAN_POINT ( 'NONE',  ( -1.874999999999998668, -3.247595264191644127, -4.833333333333333037 ) ) ;
#3345 = CARTESIAN_POINT ( 'NONE',  ( 4.712783850123734020, 3.745557261023580331, -22.18036361827444125 ) ) ;
#3346 = CARTESIAN_POINT ( 'NONE',  ( 3.750000000000000444, -1.004809471616710193, -0.1666666666666666574 ) ) ;
#3347 = B_SPLINE_CURVE_WITH_KNOTS ( 'NONE', 3,
 ( #2719, #2772, #3007, #1385, #1416, #3039, #609, #3326, #885, #3254, #576, #593, #44, #341 ),
 .UNSPECIFIED., .F., .F.,
 ( 4, 2, 2, 2, 2, 2, 4 ),
 ( 0.01965011256983045101, 0.02138983006714561402, 0.02225968881580319553, 0.02312954756446077703, 0.02399940631311835854, 0.02486926506177593657, 0.02660898255909109611 ),
 .UNSPECIFIED. ) ;
#3348 = B_SPLINE_CURVE_WITH_KNOTS ( 'NONE', 3,
 ( #932, #1426, #604, #624, #880, #3321, #3032, #3373, #1714, #335, #124, #2767, #84, #3355, #2020, #1678, #2213, #2265 ),
 .UNSPECIFIED., .F., .F.,
 ( 4, 2, 2, 2, 2, 2, 2, 2, 4 ),
 ( 5.112217579524586342E-19, 0.0009699670008206337816, 0.001939934001641266913, 0.002909901002461899935, 0.003394884502872217748, 0.003879868003282535994, 0.004849835004103166848, 0.005819802004923797269, 0.007759736006565054640 ),
 .UNSPECIFIED. ) ;
#3349 = LINE ( 'NONE', #3027, #2864 ) ;
#3350 = CARTESIAN_POINT ( 'NONE',  ( 3.749999999999999556, 0.000000000000000000, -7.500000000000000000 ) ) ;
#3351 = VERTEX_POINT ( 'NONE', #1082 ) ;
#3352 = DIRECTION ( 'NONE',  ( -0.3779644730092268090, 0.6546536707079784190, 0.6546536707079760875 ) ) ;
#3353 = CARTESIAN_POINT ( 'NONE',  ( 1.948557158514987009, -1.124999999999999778, -5.833333333333348136 ) ) ;
#3354 = DIRECTION ( 'NONE',  ( -0.000000000000000000, 0.8660254037844388186, 0.4999999999999997224 ) ) ;
#3355 = CARTESIAN_POINT ( 'NONE',  ( 4.725875309308972483, 4.314543854041572146, -22.46642192504870650 ) ) ;
#3356 = CARTESIAN_POINT ( 'NONE',  ( 1.124999999999998446, 1.948557158514987675, -9.333333333333316162 ) ) ;
#3357 = DIRECTION ( 'NONE',  ( -0.6546536707079787520, 0.6546536707079787520, 0.3779644730092217020 ) ) ;
#3358 = ORIENTED_EDGE ( 'NONE', *, *, #3487, .T. ) ;
#3359 = EDGE_CURVE ( 'NONE', #899, #3457, #3200, .T. ) ;
#3360 = CARTESIAN_POINT ( 'NONE',  ( -0.6028856829700255382, -2.249999999999999556, -2.666666666666682062 ) ) ;
#3361 = ORIENTED_EDGE ( 'NONE', *, *, #2002, .T. ) ;
#3362 = CARTESIAN_POINT ( 'NONE',  ( 3.749999999999999112, -1.004809471616709748, -3.666666666666665630 ) ) ;
#3363 = CARTESIAN_POINT ( 'NONE',  ( 5.779947298019506796, 1.653593936392862229, -22.56609534229980341 ) ) ;
#3364 = CARTESIAN_POINT ( 'NONE',  ( -3.750000000000000444, -4.592425496802574958E-16, -2.000000000000000000 ) ) ;
#3365 = CARTESIAN_POINT ( 'NONE',  ( -1.874999999999998890, -3.247595264191644571, -4.833333333333333925 ) ) ;
#3366 = CARTESIAN_POINT ( 'NONE',  ( -5.832190438114754905, -1.455676186437170117, -27.67073455198504561 ) ) ;
#3367 = DIRECTION ( 'NONE',  ( 0.000000000000000000, 0.000000000000000000, 1.000000000000000000 ) ) ;
#3368 = VERTEX_POINT ( 'NONE', #1906 ) ;
#3369 = DIRECTION ( 'NONE',  ( 0.000000000000000000, 0.000000000000000000, 1.000000000000000000 ) ) ;
#3370 = CARTESIAN_POINT ( 'NONE',  ( -2.250000000000000444, 0.6028856829700249831, -7.666666666666682062 ) ) ;
#3371 = ADVANCED_FACE ( 'NONE', ( #575 ), #2985, .T. ) ;
#3372 = CARTESIAN_POINT ( 'NONE',  ( -4.979646071760520876, 2.874999999999999112, 0.000000000000000000 ) ) ;
#3373 = CARTESIAN_POINT ( 'NONE',  ( 5.697375400450340521, 2.631856336626933857, -23.25827454356057089 ) ) ;
#3374 = ADVANCED_FACE ( 'NONE', ( #3470 ), #2114, .F. ) ;
#3375 = CARTESIAN_POINT ( 'NONE',  ( 1.125000000000000222, -1.948557158514986787, -10.66666666666665009 ) ) ;
#3376 = VECTOR ( 'NONE', #68, 1000.000000000000000 ) ;
#3377 = CARTESIAN_POINT ( 'NONE',  ( 2.000000000000000000, -3.500000000000008882, -41.37078589322641875 ) ) ;
#3378 = ORIENTED_EDGE ( 'NONE', *, *, #2583, .F. ) ;
#3379 = CARTESIAN_POINT ( 'NONE',  ( 1.647114317029973352, 1.647114317029973796, -5.000000000000013323 ) ) ;
#3380 = ORIENTED_EDGE ( 'NONE', *, *, #2627, .F. ) ;
#3381 = VECTOR ( 'NONE', #1822, 999.9999999999998863 ) ;
#3382 = CARTESIAN_POINT ( 'NONE',  ( -3.606559657817836495, 6.248304703115737269, -21.17742615135314210 ) ) ;
#3383 = CARTESIAN_POINT ( 'NONE',  ( 3.195296272909947444, 5.108353882419232050, -23.13171463152926322 ) ) ;
#3384 = CARTESIAN_POINT ( 'NONE',  ( 3.247595264191645459, -1.875000000000000000, -4.333333333333333037 ) ) ;
#3385 = CARTESIAN_POINT ( 'NONE',  ( -0.2810803249361422673, 5.999893336565719437, -21.62850179936908646 ) ) ;
#3386 = CARTESIAN_POINT ( 'NONE',  ( -6.888638245203859972E-16, 3.749999999999999556, -14.49999999999999822 ) ) ;
#3387 = CARTESIAN_POINT ( 'NONE',  ( 3.750000000000000000, 0.000000000000000000, -12.00000000000000355 ) ) ;
#3388 = VERTEX_POINT ( 'NONE', #43 ) ;
#3389 = CARTESIAN_POINT ( 'NONE',  ( -3.750000000000001332, 1.004809471616708638, -2.166666666666666519 ) ) ;
#3390 = CARTESIAN_POINT ( 'NONE',  ( 0.6028856829700264264, -2.249999999999999556, -10.33333333333334636 ) ) ;
#3391 = VERTEX_POINT ( 'NONE', #1121 ) ;
#3392 =( LENGTH_UNIT ( ) NAMED_UNIT ( * ) SI_UNIT ( .MILLI., .METRE. ) );
#3393 = CIRCLE ( 'NONE', #2587, 2.000000000000000000 ) ;
#3394 = DIRECTION ( 'NONE',  ( 0.000000000000000000, 0.8660254037844388186, 0.4999999999999997224 ) ) ;
#3395 = EDGE_CURVE ( 'NONE', #539, #2414, #2453, .T. ) ;
#3396 = CARTESIAN_POINT ( 'NONE',  ( 4.929519580364127407, 3.431351564078785721, -23.98436166456302132 ) ) ;
#3397 = VERTEX_POINT ( 'NONE', #3293 ) ;
#3398 = CARTESIAN_POINT ( 'NONE',  ( 1.948557158514987009, -1.124999999999999778, -1.833333333333348580 ) ) ;
#3399 = ORIENTED_EDGE ( 'NONE', *, *, #1127, .F. ) ;
#3400 = CARTESIAN_POINT ( 'NONE',  ( -1.004809471616712635, 3.749999999999998224, -6.333333333333333925 ) ) ;
#3401 = CARTESIAN_POINT ( 'NONE',  ( 7.999156888916348684, -0.6670888939821184582, -22.64874177933217680 ) ) ;
#3402 = CARTESIAN_POINT ( 'NONE',  ( 3.247595264191644127, 1.875000000000001776, -3.666666666666666519 ) ) ;
#3403 = CARTESIAN_POINT ( 'NONE',  ( -2.702040045634455989, 5.357142857138275538, -22.96621900223948032 ) ) ;
#3404 = CARTESIAN_POINT ( 'NONE',  ( 3.608439182435160930, 6.249999999999996447, -0.5000000000000004441 ) ) ;
#3405 = CARTESIAN_POINT ( 'NONE',  ( 2.745190528383289585, -2.745190528383289585, -4.500000000000000000 ) ) ;
#3406 = EDGE_CURVE ( 'NONE', #3388, #973, #2712, .T. ) ;
#3407 = AXIS2_PLACEMENT_3D ( 'NONE', #251, #772, #1327 ) ;
#3408 = LINE ( 'NONE', #1768, #883 ) ;
#3409 = CARTESIAN_POINT ( 'NONE',  ( -6.000000000000000000, 9.399999999999991473, -33.07620317105600094 ) ) ;
#3410 = VERTEX_POINT ( 'NONE', #2196 ) ;
#3411 = CARTESIAN_POINT ( 'NONE',  ( 2.250000000000000000, -0.6028856829700259823, -1.666666666666681840 ) ) ;
#3412 = CARTESIAN_POINT ( 'NONE',  ( -3.608439182435158710, -6.249999999999999112, -0.5000000000000004441 ) ) ;
#3413 = ADVANCED_FACE ( 'NONE', ( #569 ), #17, .T. ) ;
#3414 = CARTESIAN_POINT ( 'NONE',  ( 4.423274206643992734, 4.062934182650031367, -23.70693739887647666 ) ) ;
#3415 = CARTESIAN_POINT ( 'NONE',  ( 2.250000000000000000, -0.6028856829700259823, -2.166666666666650531 ) ) ;
#3416 = CARTESIAN_POINT ( 'NONE',  ( -2.249999999999999112, -0.6028856829700266484, -7.333333333333348136 ) ) ;
#3417 = VERTEX_POINT ( 'NONE', #53 ) ;
#3418 = CARTESIAN_POINT ( 'NONE',  ( -1.874999999999998668, -3.247595264191644127, -8.833333333333332149 ) ) ;
#3419 = CARTESIAN_POINT ( 'NONE',  ( -3.247595264191645903, 1.874999999999999112, -2.333333333333333037 ) ) ;
#3420 = ADVANCED_FACE ( 'NONE', ( #1661 ), #1339, .T. ) ;
#3421 = CARTESIAN_POINT ( 'NONE',  ( -1.571958037641612460, 6.250000000000055067, -21.17658045704099834 ) ) ;
#3422 = CARTESIAN_POINT ( 'NONE',  ( 0.000000000000000000, 0.000000000000000000, -30.00000000000000000 ) ) ;
#3423 = CARTESIAN_POINT ( 'NONE',  ( -3.609745166498502744, 6.247737969248416512, -21.17770880108626486 ) ) ;
#3424 = PLANE ( 'NONE',  #264 ) ;
#3425 = DIRECTION ( 'NONE',  ( 0.000000000000000000, -0.8660254037844377084, -0.5000000000000015543 ) ) ;
#3426 = ORIENTED_EDGE ( 'NONE', *, *, #1744, .T. ) ;
#3427 = LINE ( 'NONE', #2354, #1741 ) ;
#3428 = FACE_OUTER_BOUND ( 'NONE', #3493, .T. ) ;
#3429 = EDGE_CURVE ( 'NONE', #1273, #157, #2408, .T. ) ;
#3430 = DIRECTION ( 'NONE',  ( 0.7499999999999977796, -0.6614378277661500105, 0.000000000000000000 ) ) ;
#3431 = CARTESIAN_POINT ( 'NONE',  ( 1.004809471616710859, -3.750000000000000000, -0.8333333333333332593 ) ) ;
#3432 = ORIENTED_EDGE ( 'NONE', *, *, #3479, .T. ) ;
#3433 = CARTESIAN_POINT ( 'NONE',  ( -1.948557158514986343, -1.125000000000000666, -3.666666666666650531 ) ) ;
#3434 = CARTESIAN_POINT ( 'NONE',  ( -4.322110431692339105, 5.826269530493533466, -31.01290892247527609 ) ) ;
#3435 = CARTESIAN_POINT ( 'NONE',  ( -1.875000000000001776, 3.247595264191644571, -10.66666666666666607 ) ) ;
#3436 =( BOUNDED_CURVE ( )  B_SPLINE_CURVE ( 2, ( #88, #2820, #408, #2787, #951, #1184, #2038, #3086, #1165, #161, #661, #1485, #2551 ),
 .UNSPECIFIED., .F., .F. ) 
 B_SPLINE_CURVE_WITH_KNOTS ( ( 3, 2, 2, 2, 2, 2, 3 ),
 ( 0.3333333333333333148, 0.3611111111111111049, 0.3888888888888888951, 0.4166666666666666852, 0.4444444444444444198, 0.4722222222222222099, 0.5000000000000000000 ),
 .UNSPECIFIED. ) 
 CURVE ( )  GEOMETRIC_REPRESENTATION_ITEM ( )  RATIONAL_B_SPLINE_CURVE ( ( 1.000000000000000000, 0.9659258262890683122, 1.000000000000000000, 0.9659258262890683122, 1.000000000000000000, 0.9659258262890683122, 1.000000000000000000, 0.9659258262890683122, 1.000000000000000000, 0.9659258262890683122, 1.000000000000000000, 0.9659258262890683122, 1.000000000000000000 ) ) 
 REPRESENTATION_ITEM ( '' )  );
#3437 = AXIS2_PLACEMENT_3D ( 'NONE', #1299, #777, #759 ) ;
#3438 = CARTESIAN_POINT ( 'NONE',  ( 2.702040045625401010, 5.357142857142865644, -22.96621900223646762 ) ) ;
#3439 = CARTESIAN_POINT ( 'NONE',  ( -6.599264984138878631, 3.969665371927928454, -22.07745211438468402 ) ) ;
#3440 = DIRECTION ( 'NONE',  ( 0.000000000000000000, 1.000000000000000000, 0.000000000000000000 ) ) ;
#3441 = CARTESIAN_POINT ( 'NONE',  ( -1.856787840227876574, -5.724384904597989987, -22.63919473221854872 ) ) ;
#3442 = LINE ( 'NONE', #1549, #659 ) ;
#3443 = ORIENTED_EDGE ( 'NONE', *, *, #1589, .F. ) ;
#3444 = CARTESIAN_POINT ( 'NONE',  ( 6.000000000000008882, -2.602085213965187370E-15, -27.64911064067351987 ) ) ;
#3445 = CARTESIAN_POINT ( 'NONE',  ( 6.000000000000000000, -2.510182569875490955E-15, -49.35748076220345837 ) ) ;
#3446 = VECTOR ( 'NONE', #2686, 1000.000000000000000 ) ;
#3447 = LINE ( 'NONE', #1811, #2748 ) ;
#3448 = DIRECTION ( 'NONE',  ( -0.7071067811865475727, -0.7071067811865475727, -0.000000000000000000 ) ) ;
#3449 = VERTEX_POINT ( 'NONE', #2176 ) ;
#3450 = CARTESIAN_POINT ( 'NONE',  ( -3.749999999999999112, -4.592425496802572986E-16, -13.50000000000000000 ) ) ;
#3451 = CARTESIAN_POINT ( 'NONE',  ( -4.320917678977831855, 4.289846822712232388, -30.12585485854660305 ) ) ;
#3452 = DIRECTION ( 'NONE',  ( 0.6069769786668812728, -0.6882472016116867319, -0.3973597071195147934 ) ) ;
#3453 = CIRCLE ( 'NONE', #2883, 4.149999999999994138 ) ;
#3454 = CARTESIAN_POINT ( 'NONE',  ( -1.355901252343738372, 5.853027304252298002, -21.70823070372471619 ) ) ;
#3455 = CARTESIAN_POINT ( 'NONE',  ( -5.593889235765050927, 2.187684152889768363, -24.38479093338607129 ) ) ;
#3456 = CARTESIAN_POINT ( 'NONE',  ( -7.216878364870320972, 0.000000000000000000, -8.649110640673519868 ) ) ;
#3457 = VERTEX_POINT ( 'NONE', #1056 ) ;
#3458 = CARTESIAN_POINT ( 'NONE',  ( -3.046979559648152591, -6.250000000000000000, -21.17658045704106584 ) ) ;
#3459 = CARTESIAN_POINT ( 'NONE',  ( -5.666266980017196531, -3.166266980017196975, -41.43746686307695626 ) ) ;
#3460 = ORIENTED_EDGE ( 'NONE', *, *, #704, .F. ) ;
#3461 = AXIS2_PLACEMENT_3D ( 'NONE', #2752, #2497, #1097 ) ;
#3462 = CARTESIAN_POINT ( 'NONE',  ( 5.834669206332280922, 1.444729439062667709, -28.09983227200696732 ) ) ;
#3463 = CARTESIAN_POINT ( 'NONE',  ( -8.261825584173431380, 3.000000000000000000, -38.50329570143848912 ) ) ;
#3464 = CARTESIAN_POINT ( 'NONE',  ( -2.249999999999999112, -0.6028856829700266484, -11.33333333333334814 ) ) ;
#3465 = CARTESIAN_POINT ( 'NONE',  ( -6.000000000000000000, -3.500000000000000444, 0.000000000000000000 ) ) ;
#3466 = CARTESIAN_POINT ( 'NONE',  ( 2.745190528383287365, 2.745190528383289141, -11.00000000000000000 ) ) ;
#3467 = CARTESIAN_POINT ( 'NONE',  ( -2.260894812566059286, 6.756735713764797424, -31.55011382385878349 ) ) ;
#3468 = DIRECTION ( 'NONE',  ( 0.7500000000000021094, 0.6614378277661452366, 0.000000000000000000 ) ) ;
#3469 = ORIENTED_EDGE ( 'NONE', *, *, #1013, .F. ) ;
#3470 = FACE_OUTER_BOUND ( 'NONE', #2035, .T. ) ;
#3471 = CARTESIAN_POINT ( 'NONE',  ( -2.702040045632481124, 5.357142857139272962, -22.96621900223881951 ) ) ;
#3472 = DIRECTION ( 'NONE',  ( -0.8711404958354371786, 0.4393865476211532561, 0.2192115377555502731 ) ) ;
#3473 = VERTEX_POINT ( 'NONE', #2959 ) ;
#3474 = PLANE ( 'NONE',  #2249 ) ;
#3475 = CARTESIAN_POINT ( 'NONE',  ( -3.608439182435161374, 6.249999999999997335, -0.5000000000000004441 ) ) ;
#3476 = ORIENTED_EDGE ( 'NONE', *, *, #1709, .F. ) ;
#3477 = CARTESIAN_POINT ( 'NONE',  ( -3.750000000000000000, 4.592425496802573972E-16, -30.00000000000000000 ) ) ;
#3478 = CARTESIAN_POINT ( 'NONE',  ( -2.249999999999999112, -0.6028856829700266484, -7.333333333333348136 ) ) ;
#3479 = EDGE_CURVE ( 'NONE', #2871, #3015, #2676, .T. ) ;
#3480 = CARTESIAN_POINT ( 'NONE',  ( 1.647114317029974018, -1.647114317029974018, -2.499999999999984013 ) ) ;
#3481 = EDGE_CURVE ( 'NONE', #3244, #3388, #3285, .T. ) ;
#3482 = EDGE_CURVE ( 'NONE', #2187, #3057, #1076, .T. ) ;
#3483 = CARTESIAN_POINT ( 'NONE',  ( -3.750000000000001332, 1.004809471616707528, -5.666666666666666963 ) ) ;
#3484 = VECTOR ( 'NONE', #1260, 1000.000000000000114 ) ;
#3485 = CARTESIAN_POINT ( 'NONE',  ( 1.377727649040772142E-16, -2.250000000000000000, -6.999999999999984013 ) ) ;
#3486 = CARTESIAN_POINT ( 'NONE',  ( 6.639528095680693909, 1.672022738671146796E-16, 0.000000000000000000 ) ) ;
#3487 = EDGE_CURVE ( 'NONE', #3417, #2175, #2977, .T. ) ;
#3488 = ORIENTED_EDGE ( 'NONE', *, *, #2332, .T. ) ;
#3489 = CARTESIAN_POINT ( 'NONE',  ( 5.726909328663357890, 1.827347530887928562, -27.69355010688602903 ) ) ;
#3490 = CARTESIAN_POINT ( 'NONE',  ( -5.999726644423826194, -0.2878858944208808612, -24.64892840388235484 ) ) ;
#3491 = ORIENTED_EDGE ( 'NONE', *, *, #1956, .T. ) ;
#3492 = CARTESIAN_POINT ( 'NONE',  ( -6.888638245203861944E-16, 3.750000000000000444, -7.000000000000000000 ) ) ;
#3493 = EDGE_LOOP ( 'NONE', ( #937, #2253, #748, #2988 ) ) ;
#3494 = PLANE ( 'NONE',  #2134 ) ;
#3495 = CARTESIAN_POINT ( 'NONE',  ( 5.964937952095278106, -0.7454718008299653365, -27.64913516268939020 ) ) ;
#3496 = LINE ( 'NONE', #1809, #2817 ) ;
#3497 = CARTESIAN_POINT ( 'NONE',  ( -4.133182947122316674E-16, 2.250000000000000000, -8.500000000000014211 ) ) ;
#3498 = CARTESIAN_POINT ( 'NONE',  ( -2.745190528383289141, -2.745190528383289585, -9.499999999999996447 ) ) ;
#3499 = EDGE_CURVE ( 'NONE', #2425, #1383, #280, .T. ) ;
#3500 = CARTESIAN_POINT ( 'NONE',  ( -1.948557158514986343, -1.125000000000000666, -7.666666666666650087 ) ) ;
#3501 = DIRECTION ( 'NONE',  ( 0.000000000000000000, 0.000000000000000000, 1.000000000000000000 ) ) ;
#3502 = VECTOR ( 'NONE', #563, 999.9999999999998863 ) ;
#3503 = CARTESIAN_POINT ( 'NONE',  ( 1.124999999999998446, 1.948557158514987675, -5.333333333333317050 ) ) ;
#3504 = AXIS2_PLACEMENT_3D ( 'NONE', #2384, #3472, #774 ) ;
#3505 = CARTESIAN_POINT ( 'NONE',  ( -3.749999999999999556, -4.592425496802573972E-16, -13.50000000000000000 ) ) ;
#3506 = ORIENTED_EDGE ( 'NONE', *, *, #2727, .T. ) ;
#3507 = CARTESIAN_POINT ( 'NONE',  ( 2.702040045625418330, 5.357142857142854986, -22.96621900223643209 ) ) ;
#3508 = CARTESIAN_POINT ( 'NONE',  ( -5.900960112526225210, -1.121106442785382740, -24.58342933750449433 ) ) ;
#3509 = ADVANCED_FACE ( 'NONE', ( #1092 ), #810, .F. ) ;
#3510 = CARTESIAN_POINT ( 'NONE',  ( -0.8480620767729919462, -5.999999999999996447, -29.95851171743203167 ) ) ;
#3511 = EDGE_LOOP ( 'NONE', ( #2968, #2381, #644, #2389, #2500, #2285, #1120, #3332, #2925 ) ) ;
#3512 = CARTESIAN_POINT ( 'NONE',  ( 3.750000000000000444, -1.004809471616710193, -0.1666666666666666574 ) ) ;
#3513 = CARTESIAN_POINT ( 'NONE',  ( -3.319764047840344734, -5.749999999999997335, 0.000000000000000000 ) ) ;
#3514 = PLANE ( 'NONE',  #1913 ) ;
#3515 = CARTESIAN_POINT ( 'NONE',  ( -1.125000000000000888, 1.948557158514986343, -8.166666666666682062 ) ) ;
#3516 = ORIENTED_EDGE ( 'NONE', *, *, #1099, .F. ) ;
#3517 = CARTESIAN_POINT ( 'NONE',  ( 6.000000000000000000, 4.707309741090647151E-16, -31.11321225581126626 ) ) ;
ENDSEC;
END-ISO-10303-21;
