ISO-10303-21;
HEADER;
FILE_DESCRIPTION (( 'STEP AP214' ),
    '1' );
FILE_NAME ('D7N3_rod.STEP',
    '2026-07-07T16:51:48',
    ( '' ),
    ( '' ),
    'SwSTEP 2.0',
    'SolidWorks 2026',
    '' );
FILE_SCHEMA (( 'AUTOMOTIVE_DESIGN' ));
ENDSEC;

DATA;
#1 = ORIENTED_EDGE ( 'NONE', *, *, #1573, .T. ) ;
#2 = EDGE_CURVE ( 'NONE', #872, #2568, #1179, .T. ) ;
#3 = CARTESIAN_POINT ( 'NONE',  ( 3.615627532913557207, 6.237549411747711048, -5.584054643494289039 ) ) ;
#4 = CARTESIAN_POINT ( 'NONE',  ( 5.012177866808204207, 7.017869168904329769, -4.624999999999987566 ) ) ;
#5 = ORIENTED_EDGE ( 'NONE', *, *, #761, .F. ) ;
#6 = B_SPLINE_CURVE_WITH_KNOTS ( 'NONE', 3,
 ( #2543, #2313, #2512, #1107 ),
 .UNSPECIFIED., .F., .F.,
 ( 4, 4 ),
 ( 9.281215476015331775E-18, 0.0001229597421984627225 ),
 .UNSPECIFIED. ) ;
#7 = LINE ( 'NONE', #962, #1248 ) ;
#8 = ORIENTED_EDGE ( 'NONE', *, *, #2930, .T. ) ;
#9 = VERTEX_POINT ( 'NONE', #2193 ) ;
#10 = AXIS2_PLACEMENT_3D ( 'NONE', #2329, #237, #2496 ) ;
#11 = DIRECTION ( 'NONE',  ( -0.000000000000000000, -0.000000000000000000, 1.000000000000000000 ) ) ;
#12 = LINE ( 'NONE', #2390, #2099 ) ;
#13 = VERTEX_POINT ( 'NONE', #778 ) ;
#14 = EDGE_CURVE ( 'NONE', #2728, #1185, #1948, .T. ) ;
#15 = CARTESIAN_POINT ( 'NONE',  ( -5.317049610327189590, -2.000000000000000444, -244.6294990191788088 ) ) ;
#16 = DIRECTION ( 'NONE',  ( 1.000000000000000000, -1.201851678989727324E-16, 0.000000000000000000 ) ) ;
#17 = AXIS2_PLACEMENT_3D ( 'NONE', #252, #11, #1884 ) ;
#18 = CARTESIAN_POINT ( 'NONE',  ( 3.608439182435159154, -6.249999999999999112, 0.000000000000000000 ) ) ;
#19 = ORIENTED_EDGE ( 'NONE', *, *, #786, .T. ) ;
#20 = CARTESIAN_POINT ( 'NONE',  ( 2.462787663214888401, -7.846216259435018436, -2.999999999999987566 ) ) ;
#21 = CARTESIAN_POINT ( 'NONE',  ( 3.587632073796342969, 6.249999999999996447, -3.335880424980369519 ) ) ;
#22 = CARTESIAN_POINT ( 'NONE',  ( -6.708333333333319715, -1.583333333333317050, -22.04166666666666075 ) ) ;
#23 = VECTOR ( 'NONE', #2695, 1000.000000000000000 ) ;
#24 = AXIS2_PLACEMENT_3D ( 'NONE', #1121, #2272, #1136 ) ;
#25 = EDGE_CURVE ( 'NONE', #2087, #901, #2274, .T. ) ;
#26 = DIRECTION ( 'NONE',  ( 0.3779644730092287519, -0.6546536707079818607, 0.6546536707079715356 ) ) ;
#27 = ORIENTED_EDGE ( 'NONE', *, *, #1614, .F. ) ;
#28 = CIRCLE ( 'NONE', #1206, 7.249999999999999112 ) ;
#29 = VERTEX_POINT ( 'NONE', #772 ) ;
#30 = EDGE_CURVE ( 'NONE', #244, #1957, #2138, .T. ) ;
#31 = CARTESIAN_POINT ( 'NONE',  ( 2.905888074020731793, -6.650781984317039708, -4.208036154306451060 ) ) ;
#32 = CARTESIAN_POINT ( 'NONE',  ( 7.162792197070920075, 0.09367999061526186000, -27.75609665440987328 ) ) ;
#33 = CARTESIAN_POINT ( 'NONE',  ( -7.795976060002618446, -1.999999999999999112, -247.0575488017260284 ) ) ;
#34 = DIRECTION ( 'NONE',  ( 1.000000000000000000, 0.000000000000000000, -0.000000000000000000 ) ) ;
#35 = CARTESIAN_POINT ( 'NONE',  ( 3.594570723350097197, 6.249999999999308109, -0.8397290443931217929 ) ) ;
#36 = ORIENTED_EDGE ( 'NONE', *, *, #2162, .F. ) ;
#37 = CARTESIAN_POINT ( 'NONE',  ( 3.619224080045343683, -6.231320009384729630, -27.75609665440987328 ) ) ;
#38 = CARTESIAN_POINT ( 'NONE',  ( -9.000000000000087041, 0.000000000000000000, -247.0000000000000000 ) ) ;
#39 = CARTESIAN_POINT ( 'NONE',  ( 7.216878364870321860, 1.739295423971095542E-15, -1.303480905248750155 ) ) ;
#40 = CARTESIAN_POINT ( 'NONE',  ( 7.133021482971698468, -2.397476742766114555, -3.877742253079684343 ) ) ;
#41 = ORIENTED_EDGE ( 'NONE', *, *, #1406, .F. ) ;
#42 = ORIENTED_EDGE ( 'NONE', *, *, #2705, .T. ) ;
#43 = CARTESIAN_POINT ( 'NONE',  ( -8.336602540378430959, 0.000000000000000000, -6.249999999999987566 ) ) ;
#44 = DIRECTION ( 'NONE',  ( 0.000000000000000000, 0.000000000000000000, 1.000000000000000000 ) ) ;
#45 = EDGE_CURVE ( 'NONE', #1159, #901, #1873, .T. ) ;
#46 = CARTESIAN_POINT ( 'NONE',  ( -8.336602540378430959, 0.000000000000000000, -3.500000000000011990 ) ) ;
#47 = FACE_OUTER_BOUND ( 'NONE', #2503, .T. ) ;
#48 = CARTESIAN_POINT ( 'NONE',  ( 7.216878364870321860, 1.739295423971095542E-15, -21.25000000000000000 ) ) ;
#49 = ORIENTED_EDGE ( 'NONE', *, *, #570, .F. ) ;
#50 = DIRECTION ( 'NONE',  ( 0.000000000000000000, 0.000000000000000000, -1.000000000000000000 ) ) ;
#51 = CARTESIAN_POINT ( 'NONE',  ( 0.06495190528382085993, -0.03749999999999305278, -21.25000000000000000 ) ) ;
#52 = EDGE_CURVE ( 'NONE', #1145, #868, #2168, .T. ) ;
#53 = CARTESIAN_POINT ( 'NONE',  ( -3.608439182435161374, 6.249999999999997335, -20.75000000000000000 ) ) ;
#54 = ORIENTED_EDGE ( 'NONE', *, *, #840, .F. ) ;
#55 = ORIENTED_EDGE ( 'NONE', *, *, #2792, .F. ) ;
#56 = CARTESIAN_POINT ( 'NONE',  ( -6.446322427383806009, 1.999999999999999556, -245.7306225134650788 ) ) ;
#57 = CARTESIAN_POINT ( 'NONE',  ( 3.608439182435160930, 6.249999999999996447, -3.076308182797679702 ) ) ;
#58 = CARTESIAN_POINT ( 'NONE',  ( 7.162792197070920075, 0.09367999061526186000, -27.75609665440987328 ) ) ;
#59 = DIRECTION ( 'NONE',  ( 1.000000000000000000, 0.000000000000000000, 0.000000000000000000 ) ) ;
#60 = CARTESIAN_POINT ( 'NONE',  ( 7.216878364870322748, 1.748251832644940199E-15, -5.946519094751248957 ) ) ;
#61 = PLANE ( 'NONE',  #2719 ) ;
#62 = EDGE_LOOP ( 'NONE', ( #208, #603, #929, #2835 ) ) ;
#63 = CARTESIAN_POINT ( 'NONE',  ( 7.162792197070920075, 0.09367999061526186000, -3.495018575389138071 ) ) ;
#64 = CARTESIAN_POINT ( 'NONE',  ( 3.587632073796342969, 6.249999999999996447, -3.085880424980369519 ) ) ;
#65 = DIRECTION ( 'NONE',  ( -0.000000000000000000, 0.000000000000000000, 1.000000000000000000 ) ) ;
#66 = B_SPLINE_CURVE_WITH_KNOTS ( 'NONE', 3,
 ( #495, #1477, #1726, #39 ),
 .UNSPECIFIED., .F., .F.,
 ( 4, 4 ),
 ( 8.414373285572563981E-18, 0.0001229597421984616112 ),
 .UNSPECIFIED. ) ;
#67 = VECTOR ( 'NONE', #1818, 1000.000000000000000 ) ;
#68 = CARTESIAN_POINT ( 'NONE',  ( 0.000000000000000000, 0.000000000000000000, -249.5000000000000568 ) ) ;
#69 = CARTESIAN_POINT ( 'NONE',  ( 7.216878364870321860, 1.739295423971095542E-15, -1.303480905248750155 ) ) ;
#70 = VECTOR ( 'NONE', #1766, 1000.000000000000000 ) ;
#71 = EDGE_LOOP ( 'NONE', ( #1410, #680, #2646, #665 ) ) ;
#72 = VECTOR ( 'NONE', #2315, 1000.000000000000114 ) ;
#73 = CARTESIAN_POINT ( 'NONE',  ( -3.316589299075996422, 1.571148307279520706, -241.6699143834989627 ) ) ;
#74 = CARTESIAN_POINT ( 'NONE',  ( -6.557915301260285545, -1.449009381844650335, -244.7160889534648618 ) ) ;
#75 = VECTOR ( 'NONE', #2697, 1000.000000000000000 ) ;
#76 = CARTESIAN_POINT ( 'NONE',  ( -3.688564984449577810, -1.547413440385445149, -241.9999931137685110 ) ) ;
#77 = VECTOR ( 'NONE', #881, 1000.000000000000000 ) ;
#78 = CARTESIAN_POINT ( 'NONE',  ( 6.587787663214888845, -4.849228331412904325, -5.000000000000011546 ) ) ;
#79 = LINE ( 'NONE', #2212, #1287 ) ;
#80 = DIRECTION ( 'NONE',  ( 0.4999999999999999445, 0.8660254037844385966, 0.000000000000000000 ) ) ;
#81 = EDGE_LOOP ( 'NONE', ( #1176, #2306, #423, #1578 ) ) ;
#82 = CARTESIAN_POINT ( 'NONE',  ( -7.400000000000011013, -2.874999999999999112, -20.75000000000000000 ) ) ;
#83 = DIRECTION ( 'NONE',  ( -0.7071067811865420216, -0.000000000000000000, -0.7071067811865531239 ) ) ;
#84 = EDGE_CURVE ( 'NONE', #1079, #1264, #260, .T. ) ;
#85 = CARTESIAN_POINT ( 'NONE',  ( -8.000000000000000000, -2.275000000000008793, -16.06570323027546721 ) ) ;
#86 = CARTESIAN_POINT ( 'NONE',  ( 7.198890349311947823, -0.03115615687444348719, -1.287134038485349796 ) ) ;
#87 = VERTEX_POINT ( 'NONE', #63 ) ;
#88 = DIRECTION ( 'NONE',  ( 0.000000000000000000, 0.000000000000000000, -1.000000000000000000 ) ) ;
#89 = DIRECTION ( 'NONE',  ( -0.5000000000000004441, 0.8660254037844383745, 0.000000000000000000 ) ) ;
#90 = CARTESIAN_POINT ( 'NONE',  ( -7.499999999999992006, 2.374999999999993339, -21.25000000000000000 ) ) ;
#91 = ADVANCED_FACE ( 'NONE', ( #291 ), #1218, .T. ) ;
#92 = CARTESIAN_POINT ( 'NONE',  ( -2.326975749596797982, 6.895159743139864794, -3.000000000000000000 ) ) ;
#93 = CARTESIAN_POINT ( 'NONE',  ( -8.336602540378430959, 0.000000000000000000, -1.000000000000011324 ) ) ;
#94 = CARTESIAN_POINT ( 'NONE',  ( 3.619224080045343683, -6.231320009384729630, -6.412080947438066225 ) ) ;
#95 = EDGE_LOOP ( 'NONE', ( #1995, #930, #2574, #2330, #684 ) ) ;
#96 = B_SPLINE_SURFACE_WITH_KNOTS ( 'NONE', 1, 3, ( 
 ( #713, #1224, #2158, #56, #1996, #1510, #2222, #103, #550, #1745, #2660, #2444, #2677, #2177 ),
 ( #563, #118, #825, #2630, #1495, #1266, #1966, #1035, #1066, #1700, #2909, #1950, #1979, #73 ) ),
 .UNSPECIFIED., .F., .F., .F.,
 ( 2, 2 ),
 ( 4, 2, 2, 2, 2, 2, 4 ),
 ( 0.000000000000000000, 1.000000000000000000 ),
 ( 0.002232672078168597678, 0.004125361593983782431, 0.006018051109798967617, 0.006964395867706559343, 0.007910740625614151936, 0.008857085383521744529, 0.009803430141429337122 ),
 .UNSPECIFIED. ) ;
#97 = CARTESIAN_POINT ( 'NONE',  ( -8.336602540378430959, 0.000000000000000000, -3.500000000000011546 ) ) ;
#98 = LINE ( 'NONE', #1093, #226 ) ;
#99 = CARTESIAN_POINT ( 'NONE',  ( -6.778795028260735656, 1.444807931166711690, -244.9310427692916505 ) ) ;
#100 = DIRECTION ( 'NONE',  ( 0.000000000000000000, 0.8944271909999140791, -0.4472135954999615914 ) ) ;
#101 = EDGE_CURVE ( 'NONE', #1722, #1627, #492, .T. ) ;
#102 = ORIENTED_EDGE ( 'NONE', *, *, #2517, .F. ) ;
#103 = CARTESIAN_POINT ( 'NONE',  ( -4.636548789798577097, 1.999999999999999556, -243.9718664015416039 ) ) ;
#104 = DIRECTION ( 'NONE',  ( 0.000000000000000000, 0.000000000000000000, 1.000000000000000000 ) ) ;
#105 = CARTESIAN_POINT ( 'NONE',  ( -4.567348958815168558, 6.167218360552289447, -0.3749999999999999445 ) ) ;
#106 = DIRECTION ( 'NONE',  ( -1.149970062512470083E-16, -0.7071067811865107133, -0.7071067811865843211 ) ) ;
#107 = DIRECTION ( 'NONE',  ( 0.000000000000000000, 1.000000000000000000, -0.000000000000000000 ) ) ;
#108 = ADVANCED_FACE ( 'NONE', ( #2151 ), #2520, .T. ) ;
#109 = CARTESIAN_POINT ( 'NONE',  ( 2.462787663214887512, 7.846216259435020213, -1.750000000000011324 ) ) ;
#110 = CARTESIAN_POINT ( 'NONE',  ( -0.08660254037842778085, -8.674563349965707104, -3.124999999999987121 ) ) ;
#111 = VECTOR ( 'NONE', #1819, 1000.000000000000000 ) ;
#112 =( BOUNDED_CURVE ( )  B_SPLINE_CURVE ( 2, ( #2742, #2757, #1301, #608, #1542 ),
 .UNSPECIFIED., .F., .T. ) 
 B_SPLINE_CURVE_WITH_KNOTS ( ( 3, 2, 3 ),
 ( 0.1677500346700749878, 0.2000000000000000111, 0.2489556636073227969 ),
 .UNSPECIFIED. ) 
 CURVE ( )  GEOMETRIC_REPRESENTATION_ITEM ( )  RATIONAL_B_SPLINE_CURVE ( ( 0.9775863119536712942, 0.9684314869478590770, 1.000000000000000000, 0.9520787855195009808, 0.9979981652694690508 ) ) 
 REPRESENTATION_ITEM ( '' )  );
#113 = CARTESIAN_POINT ( 'NONE',  ( -4.003309056433855595, 1.530266872566642400, -242.2857721054585909 ) ) ;
#114 = AXIS2_PLACEMENT_3D ( 'NONE', #201, #908, #2332 ) ;
#115 = CARTESIAN_POINT ( 'NONE',  ( -4.216088911884057051E-16, 2.374999999999994671, -21.25000000000000000 ) ) ;
#116 = ORIENTED_EDGE ( 'NONE', *, *, #2637, .T. ) ;
#117 = EDGE_CURVE ( 'NONE', #2826, #2050, #2271, .T. ) ;
#118 = CARTESIAN_POINT ( 'NONE',  ( -8.362954122570167570, 1.421051067941724533, -246.4824962489200857 ) ) ;
#119 = CARTESIAN_POINT ( 'NONE',  ( -5.342290134172010596, -1.478321988972509216, -243.5430575926387178 ) ) ;
#120 = DIRECTION ( 'NONE',  ( 0.3779644730092310834, -0.6546536707079811945, -0.6546536707079708695 ) ) ;
#121 = CARTESIAN_POINT ( 'NONE',  ( 4.394143878058308417, 6.167218360552288559, -0.8749999999999998890 ) ) ;
#122 = CARTESIAN_POINT ( 'NONE',  ( -4.760213220889495389, 1.999999999999997780, -244.0912319924481153 ) ) ;
#123 = VECTOR ( 'NONE', #2398, 1000.000000000000000 ) ;
#124 = DIRECTION ( 'NONE',  ( 1.000000000000000000, 0.000000000000000000, 0.000000000000000000 ) ) ;
#125 = PRODUCT_DEFINITION_FORMATION_WITH_SPECIFIED_SOURCE ( 'ANY', '', #2204, .NOT_KNOWN. ) ;
#126 = CARTESIAN_POINT ( 'NONE',  ( -0.08660254037842778085, -8.674563349965707104, -5.624999999999987566 ) ) ;
#127 = CARTESIAN_POINT ( 'NONE',  ( -2.635992743971745433, 7.846216259435018436, -4.000000000000011546 ) ) ;
#128 = DIRECTION ( 'NONE',  ( 0.5000000000000002220, -0.8660254037844384856, 0.000000000000000000 ) ) ;
#129 = ORIENTED_EDGE ( 'NONE', *, *, #2173, .F. ) ;
#130 = CARTESIAN_POINT ( 'NONE',  ( -5.786530280178430630, 1.466202423019426382, -243.9693897391167354 ) ) ;
#131 = PRESENTATION_STYLE_ASSIGNMENT (( #2864 ) ) ;
#132 = VERTEX_POINT ( 'NONE', #686 ) ;
#133 = CARTESIAN_POINT ( 'NONE',  ( -0.08660254037842891883, 7.623101125727438365, -5.375000000000000000 ) ) ;
#134 = CARTESIAN_POINT ( 'NONE',  ( -4.462696926242525564, -1.509159488081966094, -242.7109408669260517 ) ) ;
#135 = CARTESIAN_POINT ( 'NONE',  ( -7.336602540378430071, 2.355667797688571596, -2.625000000000000000 ) ) ;
#136 = DIRECTION ( 'NONE',  ( 1.000000000000000000, -1.626303258728255911E-16, 0.000000000000000000 ) ) ;
#137 = LINE ( 'NONE', #1971, #941 ) ;
#138 = ORIENTED_EDGE ( 'NONE', *, *, #2637, .F. ) ;
#139 = VECTOR ( 'NONE', #1254, 1000.000000000000000 ) ;
#140 = CARTESIAN_POINT ( 'NONE',  ( 5.012177866808205984, 7.017869168904329769, -1.875000000000010880 ) ) ;
#141 = DIRECTION ( 'NONE',  ( 0.7559289460184592802, 5.874748045952244072E-16, 0.6546536707079716466 ) ) ;
#142 = ORIENTED_EDGE ( 'NONE', *, *, #1078, .T. ) ;
#143 = CARTESIAN_POINT ( 'NONE',  ( -6.036381915876845028, 1.460050849998928202, -244.2102862473930998 ) ) ;
#144 = APPLICATION_PROTOCOL_DEFINITION ( 'draft international standard', 'automotive_design', 1998, #1373 ) ;
#145 = EDGE_CURVE ( 'NONE', #2214, #450, #6, .T. ) ;
#146 = ADVANCED_FACE ( 'NONE', ( #1602 ), #220, .T. ) ;
#147 = ORIENTED_EDGE ( 'NONE', *, *, #2690, .T. ) ;
#148 = CARTESIAN_POINT ( 'NONE',  ( 8.163397459621572594, 2.680587493921477105, -2.374999999999987121 ) ) ;
#149 = CARTESIAN_POINT ( 'NONE',  ( -3.861926865410726162, -1.537279262329096952, -242.1559437509698398 ) ) ;
#150 = CARTESIAN_POINT ( 'NONE',  ( 4.901710471518562429, 5.468612877878455514, -3.170821606663204228 ) ) ;
#151 = LINE ( 'NONE', #2268, #1531 ) ;
#152 = CARTESIAN_POINT ( 'NONE',  ( 5.778770668839942282, -4.261443079120431854, -6.250000000000000000 ) ) ;
#153 = CARTESIAN_POINT ( 'NONE',  ( 6.587787663214888845, 4.849228331412904325, -2.000000000000011102 ) ) ;
#154 = CARTESIAN_POINT ( 'NONE',  ( 8.163397459621572594, 2.680587493921477993, -4.625000000000010658 ) ) ;
#155 = DIRECTION ( 'NONE',  ( -0.4999999999999998890, -0.8660254037844387076, 0.000000000000000000 ) ) ;
#156 = VECTOR ( 'NONE', #2509, 999.9999999999998863 ) ;
#157 = CARTESIAN_POINT ( 'NONE',  ( -6.557910451263730955, 1.449013179370068682, -244.7160850361871951 ) ) ;
#158 = DIRECTION ( 'NONE',  ( 0.000000000000000000, 0.000000000000000000, -1.000000000000000000 ) ) ;
#159 = ORIENTED_EDGE ( 'NONE', *, *, #1963, .F. ) ;
#160 = AXIS2_PLACEMENT_3D ( 'NONE', #953, #2147, #34 ) ;
#161 = CARTESIAN_POINT ( 'NONE',  ( 7.216878364870321860, 1.739295423971095542E-15, -7.249999999999999112 ) ) ;
#162 = CARTESIAN_POINT ( 'NONE',  ( 3.587632073796342969, 6.249999999999996447, -0.8358804249803709618 ) ) ;
#163 = ORIENTED_EDGE ( 'NONE', *, *, #1547, .T. ) ;
#164 = DIRECTION ( 'NONE',  ( -0.6123724356957891413, 0.3535533905932705667, -0.7071067811865539010 ) ) ;
#165 = PLANE ( 'NONE',  #650 ) ;
#166 = AXIS2_PLACEMENT_3D ( 'NONE', #2011, #164, #625 ) ;
#167 = CARTESIAN_POINT ( 'NONE',  ( 0.06495190528382263628, 0.03749999999999411443, -21.25000000000000000 ) ) ;
#168 = VECTOR ( 'NONE', #1777, 1000.000000000000000 ) ;
#169 = DIRECTION ( 'NONE',  ( 0.000000000000000000, 0.000000000000000000, 1.000000000000000000 ) ) ;
#170 = CARTESIAN_POINT ( 'NONE',  ( 3.608439182435159154, -6.249999999999999112, -6.402557793534178643 ) ) ;
#171 = CARTESIAN_POINT ( 'NONE',  ( -8.336602540378430959, 0.000000000000000000, -6.249999999999987566 ) ) ;
#172 = VECTOR ( 'NONE', #1114, 1000.000000000000000 ) ;
#173 = ORIENTED_EDGE ( 'NONE', *, *, #1725, .T. ) ;
#174 = CARTESIAN_POINT ( 'NONE',  ( -2.326975749596797538, -6.895159743139867459, -6.750000000000000888 ) ) ;
#175 = ADVANCED_FACE ( 'NONE', ( #2392 ), #1024, .T. ) ;
#176 =( NAMED_UNIT ( * ) PLANE_ANGLE_UNIT ( ) SI_UNIT ( $, .RADIAN. ) );
#177 = EDGE_CURVE ( 'NONE', #1957, #2368, #1198, .T. ) ;
#178 = ORIENTED_EDGE ( 'NONE', *, *, #633, .T. ) ;
#179 = LINE ( 'NONE', #1127, #3002 ) ;
#180 = ORIENTED_EDGE ( 'NONE', *, *, #2467, .F. ) ;
#181 = CARTESIAN_POINT ( 'NONE',  ( 7.180860098804505931, -0.06238546682651899267, -3.485639669055835554 ) ) ;
#182 = CARTESIAN_POINT ( 'NONE',  ( 3.637306695894642505, 1.852225938362957492E-15, -21.25000000000000000 ) ) ;
#183 = CARTESIAN_POINT ( 'NONE',  ( -8.000000000000000000, -1.425854337823452944, -246.1260728887137361 ) ) ;
#184 = B_SPLINE_CURVE_WITH_KNOTS ( 'NONE', 3,
 ( #2735, #1260, #1765, #1307 ),
 .UNSPECIFIED., .F., .F.,
 ( 4, 4 ),
 ( 2.219035575528017791E-19, 0.0001185472640386322281 ),
 .UNSPECIFIED. ) ;
#185 = ADVANCED_FACE ( 'NONE', ( #2101 ), #3044, .T. ) ;
#186 = CARTESIAN_POINT ( 'NONE',  ( 8.163397459621572594, 1.429718713081631260E-16, -2.250000000000011546 ) ) ;
#187 = DIRECTION ( 'NONE',  ( -1.000000000000000000, 0.000000000000000000, -0.000000000000000000 ) ) ;
#188 = CARTESIAN_POINT ( 'NONE',  ( -0.08660254037842893271, -4.336808689942017736E-16, 0.000000000000000000 ) ) ;
#189 = VERTEX_POINT ( 'NONE', #1869 ) ;
#190 = CYLINDRICAL_SURFACE ( 'NONE', #2959, 4.000000000000000000 ) ;
#191 = CARTESIAN_POINT ( 'NONE',  ( 3.608439182435159154, -6.249999999999999112, -21.25000000000000000 ) ) ;
#192 = ORIENTED_EDGE ( 'NONE', *, *, #238, .T. ) ;
#193 = ADVANCED_FACE ( 'NONE', ( #1640 ), #2720, .T. ) ;
#194 = CARTESIAN_POINT ( 'NONE',  ( 2.905888074020866352, 6.650781984316994411, -0.7919638456935556015 ) ) ;
#195 = EDGE_LOOP ( 'NONE', ( #1156, #163, #498, #2095, #963 ) ) ;
#196 = CARTESIAN_POINT ( 'NONE',  ( -1.818653347947319920, -3.149999999999999911, -21.25000000000000000 ) ) ;
#197 = ORIENTED_EDGE ( 'NONE', *, *, #2195, .F. ) ;
#198 = FACE_OUTER_BOUND ( 'NONE', #1623, .T. ) ;
#199 = DIRECTION ( 'NONE',  ( -1.000000000000000000, 0.000000000000000000, 0.000000000000000000 ) ) ;
#200 = CARTESIAN_POINT ( 'NONE',  ( 2.462787663214888401, -7.846216259435018436, -5.250000000000011546 ) ) ;
#201 = CARTESIAN_POINT ( 'NONE',  ( 0.000000000000000000, 0.000000000000000000, -247.0000000000000000 ) ) ;
#202 = EDGE_CURVE ( 'NONE', #1389, #2658, #1702, .T. ) ;
#203 = CARTESIAN_POINT ( 'NONE',  ( -3.464101615137753942, -2.000000000000000888, -242.8589397700544055 ) ) ;
#204 = UNCERTAINTY_MEASURE_WITH_UNIT (LENGTH_MEASURE( 1.000000000000000082E-05 ), #2060, 'distance_accuracy_value', 'NONE');
#205 = VERTEX_POINT ( 'NONE', #828 ) ;
#206 = CARTESIAN_POINT ( 'NONE',  ( 3.608439182435160930, 6.249999999999996447, -20.75000000000000000 ) ) ;
#207 = DIRECTION ( 'NONE',  ( 0.7071067811865475727, -0.7071067811865475727, 0.000000000000000000 ) ) ;
#208 = ORIENTED_EDGE ( 'NONE', *, *, #433, .T. ) ;
#209 = LINE ( 'NONE', #2727, #1251 ) ;
#210 = ORIENTED_EDGE ( 'NONE', *, *, #1828, .F. ) ;
#211 = EDGE_CURVE ( 'NONE', #2443, #1957, #552, .T. ) ;
#212 = VERTEX_POINT ( 'NONE', #1282 ) ;
#213 = ADVANCED_FACE ( 'NONE', ( #1483 ), #315, .T. ) ;
#214 = DIRECTION ( 'NONE',  ( 0.000000000000000000, 0.000000000000000000, 1.000000000000000000 ) ) ;
#215 = CARTESIAN_POINT ( 'NONE',  ( 3.587632073796342969, 6.249999999999996447, -3.335880424980369519 ) ) ;
#216 = ADVANCED_FACE ( 'NONE', ( #1952 ), #1934, .T. ) ;
#217 = AXIS2_PLACEMENT_3D ( 'NONE', #1440, #516, #1931 ) ;
#218 = ORIENTED_EDGE ( 'NONE', *, *, #2033, .F. ) ;
#219 = EDGE_CURVE ( 'NONE', #911, #244, #1795, .T. ) ;
#220 = PLANE ( 'NONE',  #757 ) ;
#221 = FACE_OUTER_BOUND ( 'NONE', #712, .T. ) ;
#222 = CARTESIAN_POINT ( 'NONE',  ( -4.596398099615335298, -2.000000000000000444, -243.9336456870169627 ) ) ;
#223 = CIRCLE ( 'NONE', #655, 4.000000000000000000 ) ;
#224 = EDGE_CURVE ( 'NONE', #704, #405, #2198, .T. ) ;
#225 = VERTEX_POINT ( 'NONE', #2679 ) ;
#226 = VECTOR ( 'NONE', #1778, 1000.000000000000114 ) ;
#227 = DIRECTION ( 'NONE',  ( 1.000000000000000000, 0.000000000000000000, 0.000000000000000000 ) ) ;
#228 = CARTESIAN_POINT ( 'NONE',  ( -0.08660254037842797514, -7.623101125727439253, -6.625000000000000888 ) ) ;
#229 = VECTOR ( 'NONE', #476, 1000.000000000000114 ) ;
#230 = EDGE_CURVE ( 'NONE', #1311, #355, #1718, .T. ) ;
#231 = VECTOR ( 'NONE', #666, 1000.000000000000000 ) ;
#232 = ORIENTED_EDGE ( 'NONE', *, *, #3039, .T. ) ;
#233 = CARTESIAN_POINT ( 'NONE',  ( 4.901710471518017975, -5.468612877879206913, -4.079178393336843733 ) ) ;
#234 = ORIENTED_EDGE ( 'NONE', *, *, #2092, .F. ) ;
#235 = ORIENTED_EDGE ( 'NONE', *, *, #2424, .T. ) ;
#236 = DIRECTION ( 'NONE',  ( 0.7559289460184563936, -8.392497208503173418E-17, -0.6546536707079748663 ) ) ;
#237 = DIRECTION ( 'NONE',  ( 0.000000000000000000, 0.000000000000000000, 1.000000000000000000 ) ) ;
#238 = EDGE_CURVE ( 'NONE', #1679, #9, #579, .T. ) ;
#239 = ORIENTED_EDGE ( 'NONE', *, *, #1945, .T. ) ;
#240 = CARTESIAN_POINT ( 'NONE',  ( -8.812690492887240268, -1.416198464448480188, -246.9257566521908700 ) ) ;
#241 = FACE_OUTER_BOUND ( 'NONE', #530, .T. ) ;
#242 = CARTESIAN_POINT ( 'NONE',  ( -3.464101615137755275, 1.999999999999998668, -249.5000000000000568 ) ) ;
#243 = B_SPLINE_CURVE_WITH_KNOTS ( 'NONE', 3,
 ( #2668, #611, #2213, #569 ),
 .UNSPECIFIED., .F., .F.,
 ( 4, 4 ),
 ( 0.000000000000000000, 2.290335325370904080E-05 ),
 .UNSPECIFIED. ) ;
#244 = VERTEX_POINT ( 'NONE', #2435 ) ;
#245 = CARTESIAN_POINT ( 'NONE',  ( 0.8443747686898394056, -1.612499999999993605, -21.25000000000000000 ) ) ;
#246 =( BOUNDED_CURVE ( )  B_SPLINE_CURVE ( 2, ( #2338, #40, #1174, #233, #1160 ),
 .UNSPECIFIED., .F., .T. ) 
 B_SPLINE_CURVE_WITH_KNOTS ( ( 3, 2, 3 ),
 ( 0.7510443363926772031, 0.8000000000000000444, 0.8322499653299444411 ),
 .UNSPECIFIED. ) 
 CURVE ( )  GEOMETRIC_REPRESENTATION_ITEM ( )  RATIONAL_B_SPLINE_CURVE ( ( 0.9979981652694689398, 0.9520787855195009808, 1.000000000000000000, 0.9684314869478399812, 0.9775863119536822854 ) ) 
 REPRESENTATION_ITEM ( '' )  );
#247 = CARTESIAN_POINT ( 'NONE',  ( -2.635992743971744545, -7.846216259435020213, -5.749999999999987566 ) ) ;
#248 = VERTEX_POINT ( 'NONE', #90 ) ;
#249 = CARTESIAN_POINT ( 'NONE',  ( 3.608439182435159154, -6.249999999999999112, -21.25000000000000000 ) ) ;
#250 = EDGE_LOOP ( 'NONE', ( #915, #1892, #1557, #2615 ) ) ;
#251 = ORIENTED_EDGE ( 'NONE', *, *, #101, .T. ) ;
#252 = CARTESIAN_POINT ( 'NONE',  ( 0.000000000000000000, 0.000000000000000000, -249.5000000000000568 ) ) ;
#253 = LINE ( 'NONE', #995, #531 ) ;
#254 = ORIENTED_EDGE ( 'NONE', *, *, #1169, .T. ) ;
#255 = CARTESIAN_POINT ( 'NONE',  ( 8.163397459621572594, 1.429718713081631260E-16, -2.250000000000011546 ) ) ;
#256 = CARTESIAN_POINT ( 'NONE',  ( 7.216878364870321860, 1.739295423971095542E-15, -21.25000000000000000 ) ) ;
#257 = CARTESIAN_POINT ( 'NONE',  ( 1.818653347947320142, 3.150000000000000355, -21.25000000000000000 ) ) ;
#258 = ORIENTED_EDGE ( 'NONE', *, *, #2705, .F. ) ;
#259 = EDGE_CURVE ( 'NONE', #1474, #2817, #2898, .T. ) ;
#260 = LINE ( 'NONE', #2396, #1830 ) ;
#261 = CARTESIAN_POINT ( 'NONE',  ( -0.9742785792574818471, -1.537500000000006306, -21.25000000000000000 ) ) ;
#262 = CARTESIAN_POINT ( 'NONE',  ( -8.336602540378430959, 0.000000000000000000, -6.249999999999987566 ) ) ;
#263 = B_SPLINE_CURVE_WITH_KNOTS ( 'NONE', 3,
 ( #1256, #1486, #2421, #2199 ),
 .UNSPECIFIED., .F., .F.,
 ( 4, 4 ),
 ( 0.000000000000000000, 0.0007688287844460839826 ),
 .UNSPECIFIED. ) ;
#264 = ADVANCED_FACE ( 'NONE', ( #1998 ), #1968, .T. ) ;
#265 = DIRECTION ( 'NONE',  ( -1.000000000000000000, 1.201851678989727324E-16, 0.000000000000000000 ) ) ;
#266 = ORIENTED_EDGE ( 'NONE', *, *, #2931, .F. ) ;
#267 = EDGE_LOOP ( 'NONE', ( #852, #2251, #2175, #1727 ) ) ;
#268 = CARTESIAN_POINT ( 'NONE',  ( 2.905888074020731349, -6.650781984317041484, -3.958036154306451948 ) ) ;
#269 = CARTESIAN_POINT ( 'NONE',  ( 3.587632073796342969, 6.249999999999996447, -3.335880424980369519 ) ) ;
#270 = CARTESIAN_POINT ( 'NONE',  ( -2.635992743971744545, -7.846216259435020213, -3.000000000000011546 ) ) ;
#271 = DIRECTION ( 'NONE',  ( 0.000000000000000000, 0.000000000000000000, 1.000000000000000000 ) ) ;
#272 = CARTESIAN_POINT ( 'NONE',  ( 3.608439182435159154, -6.249999999999999112, -21.25000000000000000 ) ) ;
#273 = ORIENTED_EDGE ( 'NONE', *, *, #1644, .T. ) ;
#274 = CARTESIAN_POINT ( 'NONE',  ( -5.185382947565059908, -7.017869168904331545, -3.374999999999987121 ) ) ;
#275 = CARTESIAN_POINT ( 'NONE',  ( 3.601506423034952054, 6.249999999999998224, -3.343582986843152582 ) ) ;
#276 = CARTESIAN_POINT ( 'NONE',  ( 3.619224080045343683, -6.231320009384729630, -1.662080947438065337 ) ) ;
#277 = AXIS2_PLACEMENT_3D ( 'NONE', #2403, #2419, #1255 ) ;
#278 = EDGE_CURVE ( 'NONE', #2368, #1860, #223, .T. ) ;
#279 = DIRECTION ( 'NONE',  ( 1.000000000000000000, 0.000000000000000000, 0.000000000000000000 ) ) ;
#280 = VERTEX_POINT ( 'NONE', #346 ) ;
#281 = VECTOR ( 'NONE', #1743, 1000.000000000000000 ) ;
#282 = ORIENTED_EDGE ( 'NONE', *, *, #2150, .F. ) ;
#283 = CARTESIAN_POINT ( 'NONE',  ( -0.08660254037842797514, -7.623101125727438365, -4.375000000000000000 ) ) ;
#284 = CARTESIAN_POINT ( 'NONE',  ( 1.818653347947320142, -3.149999999999999467, -21.25000000000000000 ) ) ;
#285 = ORIENTED_EDGE ( 'NONE', *, *, #2480, .T. ) ;
#286 = DIRECTION ( 'NONE',  ( 2.168404344971006896E-16, 1.000000000000000000, 0.000000000000000000 ) ) ;
#287 = CARTESIAN_POINT ( 'NONE',  ( 3.619224080045345904, 6.231320009384727854, -27.75609665440987328 ) ) ;
#288 = DIRECTION ( 'NONE',  ( 0.000000000000000000, 0.000000000000000000, 1.000000000000000000 ) ) ;
#289 = EDGE_CURVE ( 'NONE', #1050, #972, #300, .T. ) ;
#290 = ORIENTED_EDGE ( 'NONE', *, *, #84, .T. ) ;
#291 = FACE_OUTER_BOUND ( 'NONE', #267, .T. ) ;
#292 = LINE ( 'NONE', #1894, #1101 ) ;
#293 = ADVANCED_FACE ( 'NONE', ( #2507 ), #2284, .T. ) ;
#294 = LINE ( 'NONE', #2383, #1536 ) ;
#295 = CARTESIAN_POINT ( 'NONE',  ( 3.608439182435160930, 6.249999999999996447, -21.25000000000000000 ) ) ;
#296 = EDGE_LOOP ( 'NONE', ( #699, #1631, #1706 ) ) ;
#297 = ORIENTED_EDGE ( 'NONE', *, *, #814, .T. ) ;
#298 = FACE_OUTER_BOUND ( 'NONE', #2047, .T. ) ;
#299 = CARTESIAN_POINT ( 'NONE',  ( -0.08660254037842797514, -7.623101125727438365, -1.875000000000000000 ) ) ;
#300 = LINE ( 'NONE', #873, #1535 ) ;
#301 = CARTESIAN_POINT ( 'NONE',  ( -5.647175910051826619, -1.469540400773195143, -243.8348697829098342 ) ) ;
#302 = DIRECTION ( 'NONE',  ( -1.000000000000000000, 0.000000000000000000, 0.000000000000000000 ) ) ;
#303 = CARTESIAN_POINT ( 'NONE',  ( -3.464101615137753942, -2.000000000000000888, -249.5000000000000568 ) ) ;
#304 = ORIENTED_EDGE ( 'NONE', *, *, #754, .F. ) ;
#305 = B_SPLINE_CURVE_WITH_KNOTS ( 'NONE', 3,
 ( #1226, #970, #2164, #60 ),
 .UNSPECIFIED., .F., .F.,
 ( 4, 4 ),
 ( 9.159784057165869852E-18, 0.0001229597421984632375 ),
 .UNSPECIFIED. ) ;
#306 = CARTESIAN_POINT ( 'NONE',  ( -0.08660254037842893271, -4.336808689942017736E-16, -7.249999999999999112 ) ) ;
#307 = LINE ( 'NONE', #261, #2181 ) ;
#308 = FACE_OUTER_BOUND ( 'NONE', #2261, .T. ) ;
#309 = EDGE_CURVE ( 'NONE', #991, #2061, #2109, .T. ) ;
#310 = PLANE ( 'NONE',  #2873 ) ;
#311 = ORIENTED_EDGE ( 'NONE', *, *, #1960, .T. ) ;
#312 = ORIENTED_EDGE ( 'NONE', *, *, #752, .F. ) ;
#313 = CARTESIAN_POINT ( 'NONE',  ( 4.394143878058308417, 6.167218360552290335, -5.625000000000000000 ) ) ;
#314 = CARTESIAN_POINT ( 'NONE',  ( -4.567348958815168558, 6.167218360552289447, -2.874999999999999556 ) ) ;
#315 = PLANE ( 'NONE',  #2816 ) ;
#316 = EDGE_CURVE ( 'NONE', #2058, #1202, #1553, .T. ) ;
#317 = CARTESIAN_POINT ( 'NONE',  ( 6.587787663214888845, 4.849228331412904325, -4.500000000000011546 ) ) ;
#318 = DIRECTION ( 'NONE',  ( 0.000000000000000000, 0.000000000000000000, 1.000000000000000000 ) ) ;
#319 = DIRECTION ( 'NONE',  ( -1.626303258728255911E-16, -1.000000000000000000, 0.000000000000000000 ) ) ;
#320 = ORIENTED_EDGE ( 'NONE', *, *, #1901, .T. ) ;
#321 = CARTESIAN_POINT ( 'NONE',  ( -8.336602540378430959, 0.000000000000000000, -3.749999999999987566 ) ) ;
#322 = CARTESIAN_POINT ( 'NONE',  ( 3.608439182435160930, 6.249999999999996447, -3.347442206465822689 ) ) ;
#323 = DIRECTION ( 'NONE',  ( 0.5773502691896285066, 0.5773502691896293948, -0.5773502691896194028 ) ) ;
#324 = AXIS2_PLACEMENT_3D ( 'NONE', #1153, #1855, #2085 ) ;
#325 = AXIS2_PLACEMENT_3D ( 'NONE', #739, #1675, #2382 ) ;
#326 =( NAMED_UNIT ( * ) PLANE_ANGLE_UNIT ( ) SI_UNIT ( $, .RADIAN. ) );
#327 = EDGE_CURVE ( 'NONE', #763, #87, #2842, .T. ) ;
#328 = ORIENTED_EDGE ( 'NONE', *, *, #685, .T. ) ;
#329 = VERTEX_POINT ( 'NONE', #410 ) ;
#330 = EDGE_CURVE ( 'NONE', #87, #2214, #2940, .T. ) ;
#331 = CARTESIAN_POINT ( 'NONE',  ( 7.216878364870321860, 1.739295423971095542E-15, -21.25000000000000000 ) ) ;
#332 = COLOUR_RGB ( '',1.000000000000000000, 1.000000000000000000, 1.000000000000000000 ) ;
#333 = CARTESIAN_POINT ( 'NONE',  ( 7.163397459621573482, -2.355667797688571596, -1.374999999999999778 ) ) ;
#334 = CARTESIAN_POINT ( 'NONE',  ( -8.000000000000000000, -2.275000000000009681, -20.75000000000000000 ) ) ;
#335 = CARTESIAN_POINT ( 'NONE',  ( 1.818653347947320142, 3.150000000000000355, -21.25000000000000000 ) ) ;
#336 = ORIENTED_EDGE ( 'NONE', *, *, #2447, .T. ) ;
#337 = ADVANCED_FACE ( 'NONE', ( #2729 ), #2477, .F. ) ;
#338 = FACE_OUTER_BOUND ( 'NONE', #2370, .T. ) ;
#339 = LINE ( 'NONE', #2140, #759 ) ;
#340 = CARTESIAN_POINT ( 'NONE',  ( -4.073664344425335315, 1.526735768911616775, -242.3502926534600874 ) ) ;
#341 = CARTESIAN_POINT ( 'NONE',  ( 7.216878364870322748, 1.748251832644940199E-15, -5.946519094751248957 ) ) ;
#342 = ORIENTED_EDGE ( 'NONE', *, *, #2092, .T. ) ;
#343 = ORIENTED_EDGE ( 'NONE', *, *, #2638, .T. ) ;
#344 = CARTESIAN_POINT ( 'NONE',  ( 4.394143878058308417, 6.167218360552290335, -3.124999999999999112 ) ) ;
#345 = CARTESIAN_POINT ( 'NONE',  ( -6.017043452422512928, -1.460599710462029188, -244.1917643106223181 ) ) ;
#346 = CARTESIAN_POINT ( 'NONE',  ( 3.587632073796342969, 6.249999999999996447, -5.585880424980372183 ) ) ;
#347 = CARTESIAN_POINT ( 'NONE',  ( -0.08660254037842797514, -7.623101125727437477, -1.875000000000000000 ) ) ;
#348 = DIRECTION ( 'NONE',  ( 0.000000000000000000, 0.000000000000000000, 1.000000000000000000 ) ) ;
#349 = CARTESIAN_POINT ( 'NONE',  ( 7.162792197070921851, -0.09367999061526141591, -7.249999999999999112 ) ) ;
#350 = DIRECTION ( 'NONE',  ( -0.000000000000000000, -0.000000000000000000, -1.000000000000000000 ) ) ;
#351 = CARTESIAN_POINT ( 'NONE',  ( 8.163397459621574370, -2.680587493921476661, -2.624999999999987566 ) ) ;
#352 = EDGE_CURVE ( 'NONE', #2944, #1390, #1590, .T. ) ;
#353 = CARTESIAN_POINT ( 'NONE',  ( 5.778770668839942282, -4.261443079120431854, -3.750000000000000000 ) ) ;
#354 = LINE ( 'NONE', #575, #281 ) ;
#355 = VERTEX_POINT ( 'NONE', #2494 ) ;
#356 = CARTESIAN_POINT ( 'NONE',  ( -8.000000000000000000, 2.274999999999984368, -18.25000000000000355 ) ) ;
#357 = DIRECTION ( 'NONE',  ( 0.000000000000000000, 0.000000000000000000, 1.000000000000000000 ) ) ;
#358 = CARTESIAN_POINT ( 'NONE',  ( 7.163397459621572594, 2.355667797688571596, -3.625000000000000444 ) ) ;
#359 = CARTESIAN_POINT ( 'NONE',  ( -0.08660254037842893271, -4.336808689942017736E-16, -27.75609665440987328 ) ) ;
#360 = DIRECTION ( 'NONE',  ( 0.000000000000000000, 0.000000000000000000, 1.000000000000000000 ) ) ;
#361 = CARTESIAN_POINT ( 'NONE',  ( -8.336602540378430959, 2.680587493921476661, -3.625000000000011546 ) ) ;
#362 = CARTESIAN_POINT ( 'NONE',  ( -8.336602540378430959, 0.000000000000000000, -3.749999999999987566 ) ) ;
#363 = B_SPLINE_CURVE_WITH_KNOTS ( 'NONE', 3,
 ( #2478, #1788, #385, #1317 ),
 .UNSPECIFIED., .F., .F.,
 ( 4, 4 ),
 ( 2.124593680485184732E-18, 2.357851831913851162E-05 ),
 .UNSPECIFIED. ) ;
#364 = CARTESIAN_POINT ( 'NONE',  ( -5.319756771668188833, 1.478992819600025488, -243.5215235120916475 ) ) ;
#365 = AXIS2_PLACEMENT_3D ( 'NONE', #1555, #2989, #2527 ) ;
#366 = CARTESIAN_POINT ( 'NONE',  ( 3.587632073796339416, -6.249999999999998224, -4.164119575019629593 ) ) ;
#367 = EDGE_LOOP ( 'NONE', ( #1222, #1016, #619, #2811 ) ) ;
#368 = CARTESIAN_POINT ( 'NONE',  ( -4.567348958815168558, 6.167218360552291223, -5.125000000000000000 ) ) ;
#369 = CARTESIAN_POINT ( 'NONE',  ( -7.810013231658598620, -1.428349029400929782, -245.9394714371293844 ) ) ;
#370 = FACE_OUTER_BOUND ( 'NONE', #2119, .T. ) ;
#371 = CARTESIAN_POINT ( 'NONE',  ( 5.778770668839940505, -4.261443079120430966, -1.500000000000000000 ) ) ;
#372 = CARTESIAN_POINT ( 'NONE',  ( -4.631057453527819057, 1.999999999999998668, -243.9669503166886670 ) ) ;
#373 = AXIS2_PLACEMENT_3D ( 'NONE', #272, #2148, #1201 ) ;
#374 = CARTESIAN_POINT ( 'NONE',  ( -7.216878364870320972, 1.057472961667715618E-17, -21.25000000000000000 ) ) ;
#375 = ORIENTED_EDGE ( 'NONE', *, *, #1177, .T. ) ;
#376 = CARTESIAN_POINT ( 'NONE',  ( 8.163397459621572594, 2.680587493921477993, -2.125000000000011102 ) ) ;
#377 = CARTESIAN_POINT ( 'NONE',  ( 3.619224080045343683, -6.231320009384729630, -3.912080947438067113 ) ) ;
#378 = CARTESIAN_POINT ( 'NONE',  ( -8.000000000000000000, 1.425861109659345205, -246.1260740769474751 ) ) ;
#379 = CARTESIAN_POINT ( 'NONE',  ( 3.587632073796342969, 6.249999999999996447, -3.085880424980369519 ) ) ;
#380 = ORIENTED_EDGE ( 'NONE', *, *, #1868, .F. ) ;
#381 = B_SPLINE_CURVE_WITH_KNOTS ( 'NONE', 3,
 ( #471, #1441, #2159, #57 ),
 .UNSPECIFIED., .F., .F.,
 ( 4, 4 ),
 ( 8.949416388038762459E-16, 2.449629283151504551E-05 ),
 .UNSPECIFIED. ) ;
#382 = CARTESIAN_POINT ( 'NONE',  ( -8.336602540378430959, 0.000000000000000000, -1.249999999999987343 ) ) ;
#383 = CARTESIAN_POINT ( 'NONE',  ( -5.910393668614862150, -1.463144085229754587, -244.0888041620186755 ) ) ;
#384 = CARTESIAN_POINT ( 'NONE',  ( 3.587632073796339416, -6.249999999999998224, -1.664119575019631148 ) ) ;
#385 = CARTESIAN_POINT ( 'NONE',  ( 3.615627512235323415, 6.237549447563205618, -3.341086170527893362 ) ) ;
#386 = CARTESIAN_POINT ( 'NONE',  ( 7.216878364870321860, 1.739295423971095542E-15, 0.000000000000000000 ) ) ;
#387 = VECTOR ( 'NONE', #89, 1000.000000000000114 ) ;
#388 = LINE ( 'NONE', #1764, #168 ) ;
#389 = CARTESIAN_POINT ( 'NONE',  ( -3.608439182435161374, 6.249999999999997335, -14.24999999999993250 ) ) ;
#390 = CARTESIAN_POINT ( 'NONE',  ( -6.212164143803630800, 1.456090659460806069, -244.3803777132885671 ) ) ;
#391 = CARTESIAN_POINT ( 'NONE',  ( 3.637306695894642505, 1.852225938362957492E-15, -21.25000000000000000 ) ) ;
#392 = ORIENTED_EDGE ( 'NONE', *, *, #418, .F. ) ;
#393 = CARTESIAN_POINT ( 'NONE',  ( -7.336602540378431847, -2.355667797688573817, -7.124999999999999112 ) ) ;
#394 = LINE ( 'NONE', #2264, #231 ) ;
#395 = EDGE_LOOP ( 'NONE', ( #342, #711, #1213, #142, #2017 ) ) ;
#396 = DIRECTION ( 'NONE',  ( 0.000000000000000000, 0.000000000000000000, 1.000000000000000000 ) ) ;
#397 = DIRECTION ( 'NONE',  ( 0.7071067811865430208, -0.000000000000000000, -0.7071067811865521247 ) ) ;
#398 = CARTESIAN_POINT ( 'NONE',  ( -8.000000000000000000, 0.2712812921102086272, -14.79256258422034520 ) ) ;
#399 = EDGE_CURVE ( 'NONE', #1192, #1079, #2712, .T. ) ;
#400 = DIRECTION ( 'NONE',  ( 1.000000000000000000, 0.000000000000000000, 0.000000000000000000 ) ) ;
#401 = CARTESIAN_POINT ( 'NONE',  ( -7.216878364870320972, -6.027426370566691711E-16, -14.24999999999993250 ) ) ;
#402 = VECTOR ( 'NONE', #2312, 1000.000000000000000 ) ;
#403 = CARTESIAN_POINT ( 'NONE',  ( -1.818653347947319920, -3.149999999999999911, -21.25000000000000000 ) ) ;
#404 = LINE ( 'NONE', #1796, #77 ) ;
#405 = VERTEX_POINT ( 'NONE', #1130 ) ;
#406 = VECTOR ( 'NONE', #2581, 1000.000000000000000 ) ;
#407 = EDGE_CURVE ( 'NONE', #2826, #2658, #112, .T. ) ;
#408 = LINE ( 'NONE', #1581, #2966 ) ;
#409 = ORIENTED_EDGE ( 'NONE', *, *, #2743, .T. ) ;
#410 = CARTESIAN_POINT ( 'NONE',  ( -8.336602540378430959, 0.000000000000000000, -6.000000000000011546 ) ) ;
#411 = DIRECTION ( 'NONE',  ( 0.3779644730092284188, -0.6546536707079787520, -0.6546536707079748663 ) ) ;
#412 = FACE_OUTER_BOUND ( 'NONE', #3007, .T. ) ;
#413 = CARTESIAN_POINT ( 'NONE',  ( -0.08660254037842778085, -8.674563349965707104, -2.875000000000010658 ) ) ;
#414 = CARTESIAN_POINT ( 'NONE',  ( -7.336602540378432735, 0.000000000000000000, -2.250000000000000000 ) ) ;
#415 = DIRECTION ( 'NONE',  ( 5.021010626827138132E-16, -0.7071067811865416886, -0.7071067811865533459 ) ) ;
#416 = CIRCLE ( 'NONE', #2521, 4.000000000000000000 ) ;
#417 = ORIENTED_EDGE ( 'NONE', *, *, #1181, .F. ) ;
#418 = EDGE_CURVE ( 'NONE', #727, #2826, #758, .T. ) ;
#419 = DIRECTION ( 'NONE',  ( 0.5000000000000001110, -0.8660254037844384856, 0.000000000000000000 ) ) ;
#420 = ORIENTED_EDGE ( 'NONE', *, *, #1725, .F. ) ;
#421 = LINE ( 'NONE', #898, #2619 ) ;
#422 = CARTESIAN_POINT ( 'NONE',  ( -3.608439182435161374, 6.249999999999997335, -20.75000000000000000 ) ) ;
#423 = ORIENTED_EDGE ( 'NONE', *, *, #494, .T. ) ;
#424 =( BOUNDED_CURVE ( )  B_SPLINE_CURVE ( 2, ( #1506, #2442, #353, #2218, #2797 ),
 .UNSPECIFIED., .F., .F. ) 
 B_SPLINE_CURVE_WITH_KNOTS ( ( 3, 2, 3 ),
 ( 0.2510443363926770366, 0.2999999999999999889, 0.3322499653299438860 ),
 .UNSPECIFIED. ) 
 CURVE ( )  GEOMETRIC_REPRESENTATION_ITEM ( )  RATIONAL_B_SPLINE_CURVE ( ( 0.9979981652694693839, 0.9520787855195008698, 1.000000000000000000, 0.9684314869478405363, 0.9775863119536820633 ) ) 
 REPRESENTATION_ITEM ( '' )  );
#425 = PLANE ( 'NONE',  #1776 ) ;
#426 = CARTESIAN_POINT ( 'NONE',  ( -0.08660254037842893271, -4.336808689942017736E-16, -27.75609665440987328 ) ) ;
#427 = CARTESIAN_POINT ( 'NONE',  ( -2.635992743971744545, -7.846216259435020213, -5.500000000000011546 ) ) ;
#428 = CARTESIAN_POINT ( 'NONE',  ( 4.901710471518577528, 5.468612877878433309, -3.420821606663206893 ) ) ;
#429 = CARTESIAN_POINT ( 'NONE',  ( -0.08660254037842900210, 8.674563349965707104, -4.374999999999987566 ) ) ;
#430 = VERTEX_POINT ( 'NONE', #2064 ) ;
#431 = DIRECTION ( 'NONE',  ( -0.000000000000000000, -0.000000000000000000, 1.000000000000000000 ) ) ;
#432 = PRODUCT_CONTEXT ( 'NONE', #1373, 'mechanical' ) ;
#433 = EDGE_CURVE ( 'NONE', #2087, #1813, #1566, .T. ) ;
#434 = EDGE_CURVE ( 'NONE', #132, #1659, #1710, .T. ) ;
#435 = ORIENTED_EDGE ( 'NONE', *, *, #870, .T. ) ;
#436 = CARTESIAN_POINT ( 'NONE',  ( -7.336602540378429183, -9.629649721936179265E-32, 0.000000000000000000 ) ) ;
#437 = ORIENTED_EDGE ( 'NONE', *, *, #2701, .T. ) ;
#438 = VERTEX_POINT ( 'NONE', #2987 ) ;
#439 = DIRECTION ( 'NONE',  ( -1.000000000000000000, 1.201851678989727324E-16, 0.000000000000000000 ) ) ;
#440 = ORIENTED_EDGE ( 'NONE', *, *, #799, .T. ) ;
#441 = DIRECTION ( 'NONE',  ( 0.000000000000000000, -0.000000000000000000, 1.000000000000000000 ) ) ;
#442 = CARTESIAN_POINT ( 'NONE',  ( 6.587787663214888845, 4.849228331412904325, -4.749999999999987566 ) ) ;
#443 = ORIENTED_EDGE ( 'NONE', *, *, #2517, .T. ) ;
#444 = CARTESIAN_POINT ( 'NONE',  ( -7.836602540378430959, 0.000000000000000000, -5.500000000000005329 ) ) ;
#445 =( BOUNDED_CURVE ( )  B_SPLINE_CURVE ( 2, ( #436, #2785, #635, #2754, #2062, #3000, #2307, #194, #162 ),
 .UNSPECIFIED., .F., .T. ) 
 B_SPLINE_CURVE_WITH_KNOTS ( ( 3, 2, 2, 2, 3 ),
 ( 0.000000000000000000, 0.05000000000000000278, 0.1000000000000000056, 0.1499999999999999944, 0.1673496200427440905 ),
 .UNSPECIFIED. ) 
 CURVE ( )  GEOMETRIC_REPRESENTATION_ITEM ( )  RATIONAL_B_SPLINE_CURVE ( ( 1.000000000000000000, 0.9510565162951535312, 1.000000000000000000, 0.9510565162951535312, 1.000000000000000000, 0.9510565162951535312, 1.000000000000000000, 0.9830169830830535194, 0.9778199217936476284 ) ) 
 REPRESENTATION_ITEM ( '' )  );
#446 = CARTESIAN_POINT ( 'NONE',  ( -8.336602540378430959, 0.000000000000000000, -3.749999999999987566 ) ) ;
#447 = ORIENTED_EDGE ( 'NONE', *, *, #2970, .T. ) ;
#448 = DIRECTION ( 'NONE',  ( 0.000000000000000000, 0.000000000000000000, -1.000000000000000000 ) ) ;
#449 = ORIENTED_EDGE ( 'NONE', *, *, #2173, .T. ) ;
#450 = VERTEX_POINT ( 'NONE', #653 ) ;
#451 = CARTESIAN_POINT ( 'NONE',  ( 3.608439182435160930, 6.249999999999996447, -20.75000000000000000 ) ) ;
#452 = CARTESIAN_POINT ( 'NONE',  ( 3.608439182435160930, 6.249999999999996447, 0.000000000000000000 ) ) ;
#453 = AXIS2_PLACEMENT_3D ( 'NONE', #2042, #2965, #441 ) ;
#454 = ORIENTED_EDGE ( 'NONE', *, *, #1177, .F. ) ;
#455 = VECTOR ( 'NONE', #50, 1000.000000000000000 ) ;
#456 = CARTESIAN_POINT ( 'NONE',  ( -0.08660254037842778085, -8.674563349965707104, -5.375000000000010658 ) ) ;
#457 = LINE ( 'NONE', #1401, #803 ) ;
#458 = CARTESIAN_POINT ( 'NONE',  ( -5.742333146430112834, -2.000000000000000888, -245.0432956071914248 ) ) ;
#459 = ORIENTED_EDGE ( 'NONE', *, *, #1751, .F. ) ;
#460 = EDGE_CURVE ( 'NONE', #1442, #29, #2526, .T. ) ;
#461 = ADVANCED_FACE ( 'NONE', ( #370, #3003 ), #900, .T. ) ;
#462 = LINE ( 'NONE', #2767, #3011 ) ;
#463 = CARTESIAN_POINT ( 'NONE',  ( -8.336602540378432735, 2.680587493921476661, -1.374999999999987121 ) ) ;
#464 = AXIS2_PLACEMENT_3D ( 'NONE', #750, #319, #1955 ) ;
#465 = VECTOR ( 'NONE', #1712, 1000.000000000000000 ) ;
#466 = ORIENTED_EDGE ( 'NONE', *, *, #1714, .F. ) ;
#467 = CARTESIAN_POINT ( 'NONE',  ( 7.162792197070919187, -0.09367999061525839055, -3.754981424610861485 ) ) ;
#468 = ORIENTED_EDGE ( 'NONE', *, *, #1848, .F. ) ;
#469 = ORIENTED_EDGE ( 'NONE', *, *, #3032, .T. ) ;
#470 = CARTESIAN_POINT ( 'NONE',  ( -5.951975749596797982, -4.261443079120432742, -4.750000000000000000 ) ) ;
#471 = CARTESIAN_POINT ( 'NONE',  ( 3.619224080045345904, 6.231320009384727854, -3.087919052561931998 ) ) ;
#472 = EDGE_CURVE ( 'NONE', #727, #2676, #2429, .T. ) ;
#473 = ORIENTED_EDGE ( 'NONE', *, *, #2441, .F. ) ;
#474 = CARTESIAN_POINT ( 'NONE',  ( -3.723352596988711571, -2.000000000000000444, -243.1013154024229550 ) ) ;
#475 = FACE_OUTER_BOUND ( 'NONE', #824, .T. ) ;
#476 = DIRECTION ( 'NONE',  ( 0.5773502691896288397, -0.5773502691896287287, -0.5773502691896197359 ) ) ;
#477 = ORIENTED_EDGE ( 'NONE', *, *, #2497, .F. ) ;
#478 = DIRECTION ( 'NONE',  ( -0.000000000000000000, -0.000000000000000000, -1.000000000000000000 ) ) ;
#479 = PLANE ( 'NONE',  #325 ) ;
#480 = CARTESIAN_POINT ( 'NONE',  ( -5.185382947565059908, -7.017869168904331545, -3.374999999999987121 ) ) ;
#481 = EDGE_LOOP ( 'NONE', ( #235, #1294, #375, #802, #978, #232, #1738 ) ) ;
#482 = FACE_OUTER_BOUND ( 'NONE', #2408, .T. ) ;
#483 = EDGE_LOOP ( 'NONE', ( #3037, #343, #1437, #1847 ) ) ;
#484 = ORIENTED_EDGE ( 'NONE', *, *, #549, .T. ) ;
#485 = CARTESIAN_POINT ( 'NONE',  ( -3.608439182435158710, -6.249999999999999112, -7.249999999999999112 ) ) ;
#486 = LINE ( 'NONE', #697, #2309 ) ;
#487 = CARTESIAN_POINT ( 'NONE',  ( -6.446321084475983731, -1.999999999999999556, -245.7306306544352594 ) ) ;
#488 = CARTESIAN_POINT ( 'NONE',  ( -7.216878364870320972, 1.057472961667715618E-17, -14.24999999999993250 ) ) ;
#489 = CARTESIAN_POINT ( 'NONE',  ( 7.216878364870321860, 1.739295423971095542E-15, -20.75000000000000000 ) ) ;
#490 = EDGE_CURVE ( 'NONE', #1217, #2157, #1321, .T. ) ;
#491 = ORIENTED_EDGE ( 'NONE', *, *, #2701, .F. ) ;
#492 = LINE ( 'NONE', #2348, #2662 ) ;
#493 = CARTESIAN_POINT ( 'NONE',  ( 3.594570723350096308, 6.249999999999308109, -3.339729044393120905 ) ) ;
#494 = EDGE_CURVE ( 'NONE', #721, #649, #2694, .T. ) ;
#495 = CARTESIAN_POINT ( 'NONE',  ( 7.162792197070920075, 0.09367999061526186000, -1.245018575389139626 ) ) ;
#496 = CIRCLE ( 'NONE', #2997, 7.249999999999999112 ) ;
#497 = DIRECTION ( 'NONE',  ( 0.000000000000000000, 0.000000000000000000, -1.000000000000000000 ) ) ;
#498 = ORIENTED_EDGE ( 'NONE', *, *, #14, .T. ) ;
#499 = ORIENTED_EDGE ( 'NONE', *, *, #1072, .T. ) ;
#500 = EDGE_CURVE ( 'NONE', #2944, #2489, #1794, .T. ) ;
#501 = CARTESIAN_POINT ( 'NONE',  ( -4.567348958815166782, -6.167218360552290335, -4.624999999999999112 ) ) ;
#502 = CARTESIAN_POINT ( 'NONE',  ( -7.336602540378430959, 0.000000000000000000, -2.500000000000000000 ) ) ;
#503 = VERTEX_POINT ( 'NONE', #1975 ) ;
#504 = EDGE_CURVE ( 'NONE', #132, #695, #424, .T. ) ;
#505 = CARTESIAN_POINT ( 'NONE',  ( -2.796904746964856692, -2.000000000000000888, -242.2449620382469959 ) ) ;
#506 = PLANE ( 'NONE',  #160 ) ;
#507 = VECTOR ( 'NONE', #2344, 1000.000000000000000 ) ;
#508 = PLANE ( 'NONE',  #1692 ) ;
#509 = CARTESIAN_POINT ( 'NONE',  ( 8.163397459621574370, -2.680587493921476661, -2.624999999999987566 ) ) ;
#510 = CARTESIAN_POINT ( 'NONE',  ( -3.464101615137753942, -2.000000000000000888, -249.5000000000000568 ) ) ;
#511 = LINE ( 'NONE', #1450, #123 ) ;
#512 = AXIS2_PLACEMENT_3D ( 'NONE', #1182, #286, #934 ) ;
#513 = DIRECTION ( 'NONE',  ( -1.000000000000000000, 1.201851678989727324E-16, 0.000000000000000000 ) ) ;
#514 = ORIENTED_EDGE ( 'NONE', *, *, #1843, .T. ) ;
#515 = ORIENTED_EDGE ( 'NONE', *, *, #2511, .T. ) ;
#516 = DIRECTION ( 'NONE',  ( 0.000000000000000000, -1.000000000000000000, 0.000000000000000000 ) ) ;
#517 = LINE ( 'NONE', #284, #1816 ) ;
#518 = CARTESIAN_POINT ( 'NONE',  ( -3.623723491856180701, -1.693826011059081926, -242.2931607115701240 ) ) ;
#519 = CARTESIAN_POINT ( 'NONE',  ( -7.346597540880316579, -2.000000000000000444, -246.6147278191329235 ) ) ;
#520 = PLANE ( 'NONE',  #1143 ) ;
#521 = CARTESIAN_POINT ( 'NONE',  ( -0.06495190528382152606, 0.03749999999999342748, -21.25000000000000000 ) ) ;
#522 = ADVANCED_FACE ( 'NONE', ( #1111 ), #939, .T. ) ;
#523 = VERTEX_POINT ( 'NONE', #1404 ) ;
#524 = CARTESIAN_POINT ( 'NONE',  ( -0.08660254037842778085, -8.674563349965707104, -3.124999999999987121 ) ) ;
#525 = CARTESIAN_POINT ( 'NONE',  ( -8.000000000000000000, 1.425861109659345205, -246.1260740769474751 ) ) ;
#526 = CARTESIAN_POINT ( 'NONE',  ( -3.658115884870969392, 1.619994581487102181, -242.1492622070875882 ) ) ;
#527 = EDGE_CURVE ( 'NONE', #831, #523, #2256, .T. ) ;
#528 = ORIENTED_EDGE ( 'NONE', *, *, #2493, .F. ) ;
#529 = EDGE_CURVE ( 'NONE', #2865, #212, #2534, .T. ) ;
#530 = EDGE_LOOP ( 'NONE', ( #515, #2852, #1042, #178, #147, #273 ) ) ;
#531 = VECTOR ( 'NONE', #1933, 1000.000000000000114 ) ;
#532 = CARTESIAN_POINT ( 'NONE',  ( 7.163397459621573482, 2.050719139342787312E-17, -3.499999999999999556 ) ) ;
#533 = CARTESIAN_POINT ( 'NONE',  ( 7.216878364870321860, 1.739295423971095542E-15, -21.25000000000000000 ) ) ;
#534 = ADVANCED_FACE ( 'NONE', ( #1338 ), #1874, .F. ) ;
#535 = CARTESIAN_POINT ( 'NONE',  ( -3.464101615137753942, -2.000000000000000888, -249.5000000000000568 ) ) ;
#536 = EDGE_CURVE ( 'NONE', #225, #1774, #738, .T. ) ;
#537 = CARTESIAN_POINT ( 'NONE',  ( -5.185382947565059908, -7.017869168904331545, -5.625000000000009770 ) ) ;
#538 = CARTESIAN_POINT ( 'NONE',  ( 7.216878364870321860, 1.739295423971095542E-15, 0.000000000000000000 ) ) ;
#539 = LINE ( 'NONE', #257, #2187 ) ;
#540 = ORIENTED_EDGE ( 'NONE', *, *, #407, .F. ) ;
#541 = CARTESIAN_POINT ( 'NONE',  ( 6.587787663214888845, 4.849228331412904325, -2.249999999999987121 ) ) ;
#542 = CYLINDRICAL_SURFACE ( 'NONE', #1246, 7.249999999999999112 ) ;
#543 = EDGE_CURVE ( 'NONE', #2388, #1145, #853, .T. ) ;
#544 = CARTESIAN_POINT ( 'NONE',  ( 0.9742785792574825132, 1.537500000000008527, -21.25000000000000000 ) ) ;
#545 = EDGE_CURVE ( 'NONE', #704, #1252, #1576, .T. ) ;
#546 = LINE ( 'NONE', #2007, #1992 ) ;
#547 = ORIENTED_EDGE ( 'NONE', *, *, #1075, .F. ) ;
#548 = ORIENTED_EDGE ( 'NONE', *, *, #1734, .F. ) ;
#549 = EDGE_CURVE ( 'NONE', #1442, #913, #2518, .T. ) ;
#550 = CARTESIAN_POINT ( 'NONE',  ( -4.409036846867724790, 1.999999999999998224, -243.7533839200814043 ) ) ;
#551 = CARTESIAN_POINT ( 'NONE',  ( -6.845701687941550873, -1.443575366466547605, -244.9962230029906038 ) ) ;
#552 = LINE ( 'NONE', #535, #1341 ) ;
#553 = CARTESIAN_POINT ( 'NONE',  ( -4.567348958815168558, 6.167218360552289447, -2.874999999999999556 ) ) ;
#554 = CYLINDRICAL_SURFACE ( 'NONE', #698, 7.249999999999999112 ) ;
#555 = DIRECTION ( 'NONE',  ( 0.6845503194452973172, -0.6845503194452973172, 0.2505628070857338630 ) ) ;
#556 = AXIS2_PLACEMENT_3D ( 'NONE', #2038, #917, #1377 ) ;
#557 = CARTESIAN_POINT ( 'NONE',  ( -5.185382947565060796, -7.017869168904331545, -5.625000000000009770 ) ) ;
#558 = CARTESIAN_POINT ( 'NONE',  ( -0.08660254037842883557, -3.713167010757998293E-16, -21.25000000000000000 ) ) ;
#559 = VECTOR ( 'NONE', #1362, 1000.000000000000000 ) ;
#560 = ORIENTED_EDGE ( 'NONE', *, *, #2998, .T. ) ;
#561 = CONICAL_SURFACE ( 'NONE', #1741, 9.000000000000087041, 0.7853981633974566057 ) ;
#562 = ORIENTED_EDGE ( 'NONE', *, *, #1064, .F. ) ;
#563 = CARTESIAN_POINT ( 'NONE',  ( -8.812685126128512181, 1.416202346615451635, -246.9257519693773872 ) ) ;
#564 = CARTESIAN_POINT ( 'NONE',  ( -4.832161774515212116, -1.494910889029716916, -243.0581155889819343 ) ) ;
#565 =( GEOMETRIC_REPRESENTATION_CONTEXT ( 3 ) GLOBAL_UNCERTAINTY_ASSIGNED_CONTEXT ( ( #1921 ) ) GLOBAL_UNIT_ASSIGNED_CONTEXT ( ( #777, #326, #1465 ) ) REPRESENTATION_CONTEXT ( 'NONE', 'WORKASPACE' ) );
#566 = CARTESIAN_POINT ( 'NONE',  ( -3.464101615137753942, -2.000000000000000888, -242.8589397700544055 ) ) ;
#567 = CARTESIAN_POINT ( 'NONE',  ( 2.153770668839940949, -6.895159743139865682, -1.750000000000000000 ) ) ;
#568 = CARTESIAN_POINT ( 'NONE',  ( -5.779389380372289331, 1.999999999999999112, -245.0793972606641091 ) ) ;
#569 = CARTESIAN_POINT ( 'NONE',  ( 3.587632073796342969, 6.249999999999996447, -3.085880424980369519 ) ) ;
#570 = EDGE_CURVE ( 'NONE', #355, #1079, #462, .T. ) ;
#571 = CARTESIAN_POINT ( 'NONE',  ( 5.012177866808205984, -7.017869168904330657, -2.625000000000011102 ) ) ;
#572 = CARTESIAN_POINT ( 'NONE',  ( 8.163397459621572594, 1.429718713081631260E-16, -2.499999999999987566 ) ) ;
#573 = ADVANCED_FACE ( 'NONE', ( #2059 ), #1355, .T. ) ;
#574 = CARTESIAN_POINT ( 'NONE',  ( -6.581429717319708494, 1.448552560756604546, -244.7389536326530219 ) ) ;
#575 = CARTESIAN_POINT ( 'NONE',  ( -3.608439182435161374, 6.249999999999997335, -21.25000000000000000 ) ) ;
#576 = ORIENTED_EDGE ( 'NONE', *, *, #330, .F. ) ;
#577 = CARTESIAN_POINT ( 'NONE',  ( -7.336602540378431847, 2.355667797688572040, -2.375000000000000444 ) ) ;
#578 = CARTESIAN_POINT ( 'NONE',  ( -6.169207858245305154, -1.457098943799070456, -244.3388795141678429 ) ) ;
#579 = LINE ( 'NONE', #2391, #1243 ) ;
#580 = CARTESIAN_POINT ( 'NONE',  ( 4.394143878058308417, 6.167218360552288559, -3.374999999999999556 ) ) ;
#581 = CARTESIAN_POINT ( 'NONE',  ( -7.700000000000005507, -2.575000000000003730, -21.04999999999999361 ) ) ;
#582 = CARTESIAN_POINT ( 'NONE',  ( -0.08660254037842893271, -4.336808689942017736E-16, -27.75609665440987328 ) ) ;
#583 = CARTESIAN_POINT ( 'NONE',  ( -6.760992743971745433, -4.849228331412906101, -3.250000000000011546 ) ) ;
#584 = CARTESIAN_POINT ( 'NONE',  ( -1.818653347947320587, 3.150000000000000355, -18.17500000000000782 ) ) ;
#585 = ADVANCED_FACE ( 'NONE', ( #664 ), #190, .T. ) ;
#586 = ORIENTED_EDGE ( 'NONE', *, *, #1685, .F. ) ;
#587 = CARTESIAN_POINT ( 'NONE',  ( -5.821427386513296831, 1.465330829107681421, -244.0030160340629095 ) ) ;
#588 = CARTESIAN_POINT ( 'NONE',  ( 3.608439182435159154, -6.249999999999999112, -4.173691817202323406 ) ) ;
#589 = ORIENTED_EDGE ( 'NONE', *, *, #2220, .T. ) ;
#590 = CARTESIAN_POINT ( 'NONE',  ( 2.153770668839941393, -6.895159743139867459, -4.000000000000000000 ) ) ;
#591 = CARTESIAN_POINT ( 'NONE',  ( -7.360669860727768743, -1.434983672603454830, -245.4992208068092907 ) ) ;
#592 = VERTEX_POINT ( 'NONE', #2782 ) ;
#593 = CARTESIAN_POINT ( 'NONE',  ( -8.000000000000000000, -1.608684931073070645, -246.4909685315907097 ) ) ;
#594 = EDGE_CURVE ( 'NONE', #1311, #1829, #1124, .T. ) ;
#595 = VECTOR ( 'NONE', #2114, 1000.000000000000000 ) ;
#596 = CARTESIAN_POINT ( 'NONE',  ( -3.464101615137755275, 1.999999999999998668, -242.8589310026406167 ) ) ;
#597 = CARTESIAN_POINT ( 'NONE',  ( -3.464101615137755275, 1.500000000000001554, -250.0000000000000000 ) ) ;
#598 = EDGE_LOOP ( 'NONE', ( #2799, #889, #447, #1767 ) ) ;
#599 = DIRECTION ( 'NONE',  ( 0.000000000000000000, 0.000000000000000000, 1.000000000000000000 ) ) ;
#600 = CARTESIAN_POINT ( 'NONE',  ( -7.399999999999982592, 2.875000000000001776, -20.75000000000000000 ) ) ;
#601 = CARTESIAN_POINT ( 'NONE',  ( -6.926646138806073161, 1.442162219647598498, -245.0751857545354255 ) ) ;
#602 = VECTOR ( 'NONE', #236, 1000.000000000000114 ) ;
#603 = ORIENTED_EDGE ( 'NONE', *, *, #2065, .T. ) ;
#604 = CARTESIAN_POINT ( 'NONE',  ( -0.08660254037842900210, 8.674563349965707104, -1.874999999999987343 ) ) ;
#605 = CARTESIAN_POINT ( 'NONE',  ( -7.216878364870320972, 1.057472961667715618E-17, -14.24999999999993250 ) ) ;
#606 = VECTOR ( 'NONE', #1803, 1000.000000000000114 ) ;
#607 = VECTOR ( 'NONE', #155, 1000.000000000000000 ) ;
#608 = CARTESIAN_POINT ( 'NONE',  ( 7.133021482971697580, 2.397476742766114555, -1.122257746920315657 ) ) ;
#609 = CARTESIAN_POINT ( 'NONE',  ( 3.587632073796339416, -6.249999999999998224, -6.414119575019628705 ) ) ;
#610 = AXIS2_PLACEMENT_3D ( 'NONE', #1028, #1737, #1530 ) ;
#611 = CARTESIAN_POINT ( 'NONE',  ( 3.601506449964780199, 6.249999999999996447, -3.079505379047353664 ) ) ;
#612 = AXIS2_PLACEMENT_3D ( 'NONE', #391, #2724, #2019 ) ;
#613 = ORIENTED_EDGE ( 'NONE', *, *, #2675, .F. ) ;
#614 = CARTESIAN_POINT ( 'NONE',  ( 5.012177866808205984, 7.017869168904329769, -4.375000000000010658 ) ) ;
#615 = CARTESIAN_POINT ( 'NONE',  ( -8.000000000000000000, 1.608687579133115442, -246.4909660127448774 ) ) ;
#616 = ORIENTED_EDGE ( 'NONE', *, *, #434, .T. ) ;
#617 = CARTESIAN_POINT ( 'NONE',  ( -4.553714484966626230, 1.505449895780523573, -242.7960851366643453 ) ) ;
#618 = LINE ( 'NONE', #2279, #2768 ) ;
#619 = ORIENTED_EDGE ( 'NONE', *, *, #1322, .F. ) ;
#620 = B_SPLINE_CURVE_WITH_KNOTS ( 'NONE', 3,
 ( #2829, #2876, #2406, #1241 ),
 .UNSPECIFIED., .F., .F.,
 ( 4, 4 ),
 ( -5.637851296924623057E-18, 0.001430582068306039765 ),
 .UNSPECIFIED. ) ;
#621 = CARTESIAN_POINT ( 'NONE',  ( 5.012177866808206872, -7.017869168904330657, -2.874999999999987566 ) ) ;
#622 = CARTESIAN_POINT ( 'NONE',  ( 7.162792197070919187, -0.09367999061525839055, -27.75609665440987328 ) ) ;
#623 = ORIENTED_EDGE ( 'NONE', *, *, #2703, .T. ) ;
#624 = ADVANCED_FACE ( 'NONE', ( #1827 ), #2547, .F. ) ;
#625 = DIRECTION ( 'NONE',  ( 0.4999999999999998890, 0.8660254037844387076, -0.000000000000000000 ) ) ;
#626 = DIRECTION ( 'NONE',  ( -0.4999999999999998890, -0.8660254037844387076, 0.000000000000000000 ) ) ;
#627 = DIRECTION ( 'NONE',  ( -0.5000000000000001110, 0.8660254037844385966, 0.000000000000000000 ) ) ;
#628 = ORIENTED_EDGE ( 'NONE', *, *, #1608, .F. ) ;
#629 = CARTESIAN_POINT ( 'NONE',  ( -8.336602540378430959, 0.000000000000000000, -1.000000000000011324 ) ) ;
#630 = PLANE ( 'NONE',  #1095 ) ;
#631 = LINE ( 'NONE', #2016, #2323 ) ;
#632 = ORIENTED_EDGE ( 'NONE', *, *, #1658, .F. ) ;
#633 = EDGE_CURVE ( 'NONE', #1650, #1001, #925, .T. ) ;
#634 = ORIENTED_EDGE ( 'NONE', *, *, #1848, .T. ) ;
#635 = CARTESIAN_POINT ( 'NONE',  ( -5.951975749596799758, 4.261443079120430966, -0.2500000000000000000 ) ) ;
#636 = VERTEX_POINT ( 'NONE', #1171 ) ;
#637 = DIRECTION ( 'NONE',  ( 0.000000000000000000, 0.000000000000000000, 1.000000000000000000 ) ) ;
#638 = CARTESIAN_POINT ( 'NONE',  ( 3.252606517456512316E-16, 1.500000000000000888, -250.0000000000000000 ) ) ;
#639 = CYLINDRICAL_SURFACE ( 'NONE', #2755, 7.249999999999999112 ) ;
#640 = ADVANCED_FACE ( 'NONE', ( #706 ), #479, .F. ) ;
#641 = CARTESIAN_POINT ( 'NONE',  ( -8.336602540378430959, 0.000000000000000000, -6.249999999999987566 ) ) ;
#642 = CYLINDRICAL_SURFACE ( 'NONE', #24, 7.249999999999999112 ) ;
#643 = CARTESIAN_POINT ( 'NONE',  ( -5.721948365386707813, -2.000000000000000000, -245.0234353457011593 ) ) ;
#644 =( BOUNDED_CURVE ( )  B_SPLINE_CURVE ( 2, ( #1652, #268, #729, #2328, #1163, #2130, #2587, #948, #2804, #696, #1194, #2824, #1634, #2838, #1391, #1424, #2355 ),
 .UNSPECIFIED., .F., .T. ) 
 B_SPLINE_CURVE_WITH_KNOTS ( ( 3, 2, 2, 2, 2, 2, 2, 2, 3 ),
 ( 0.3326503799572589903, 0.3499999999999999778, 0.4000000000000000222, 0.4500000000000000111, 0.5000000000000000000, 0.5500000000000000444, 0.5999999999999999778, 0.6500000000000000222, 0.6673496200427410097 ),
 .UNSPECIFIED. ) 
 CURVE ( )  GEOMETRIC_REPRESENTATION_ITEM ( )  RATIONAL_B_SPLINE_CURVE ( ( 0.9778199217936496268, 0.9830169830830566280, 1.000000000000000000, 0.9510565162951535312, 1.000000000000000000, 0.9510565162951535312, 1.000000000000000000, 0.9510565162951535312, 1.000000000000000000, 0.9510565162951535312, 1.000000000000000000, 0.9510565162951535312, 1.000000000000000000, 0.9510565162951535312, 1.000000000000000000, 0.9830169830830566280, 0.9778199217936496268 ) ) 
 REPRESENTATION_ITEM ( '' )  );
#645 = ORIENTED_EDGE ( 'NONE', *, *, #2206, .F. ) ;
#646 = VECTOR ( 'NONE', #2682, 1000.000000000000227 ) ;
#647 = CARTESIAN_POINT ( 'NONE',  ( -0.08660254037842893271, -4.336808689942017736E-16, 0.000000000000000000 ) ) ;
#648 = CARTESIAN_POINT ( 'NONE',  ( 3.619224080045343683, -6.231320009384729630, -27.75609665440987328 ) ) ;
#649 = VERTEX_POINT ( 'NONE', #525 ) ;
#650 = AXIS2_PLACEMENT_3D ( 'NONE', #887, #1347, #2744 ) ;
#651 = LINE ( 'NONE', #622, #2191 ) ;
#652 = ORIENTED_EDGE ( 'NONE', *, *, #570, .T. ) ;
#653 = CARTESIAN_POINT ( 'NONE',  ( 7.216878364870321860, 1.739295423971095542E-15, -3.803480905248752375 ) ) ;
#654 = FACE_OUTER_BOUND ( 'NONE', #675, .T. ) ;
#655 = AXIS2_PLACEMENT_3D ( 'NONE', #1498, #1512, #2663 ) ;
#656 = CARTESIAN_POINT ( 'NONE',  ( 4.000000000000000000, 0.000000000000000000, -511.3137084989848518 ) ) ;
#657 = VECTOR ( 'NONE', #1662, 1000.000000000000114 ) ;
#658 = EDGE_CURVE ( 'NONE', #1774, #1775, #2169, .T. ) ;
#659 = CARTESIAN_POINT ( 'NONE',  ( 6.587787663214888845, 4.849228331412904325, -4.500000000000010658 ) ) ;
#660 = CARTESIAN_POINT ( 'NONE',  ( 3.619224080045345904, 6.231320009384727854, -3.337919052561935551 ) ) ;
#661 = DIRECTION ( 'NONE',  ( 1.000000000000000000, 0.000000000000000000, 0.000000000000000000 ) ) ;
#662 = VECTOR ( 'NONE', #855, 1000.000000000000000 ) ;
#663 = EDGE_LOOP ( 'NONE', ( #1175, #933, #2686, #2945, #2456, #1880, #2340 ) ) ;
#664 = FACE_OUTER_BOUND ( 'NONE', #2415, .T. ) ;
#665 = ORIENTED_EDGE ( 'NONE', *, *, #2511, .F. ) ;
#666 = DIRECTION ( 'NONE',  ( 1.000000000000000000, -1.201851678989727324E-16, 0.000000000000000000 ) ) ;
#667 = EDGE_LOOP ( 'NONE', ( #1116, #1382, #2741, #2072, #42 ) ) ;
#668 = ORIENTED_EDGE ( 'NONE', *, *, #2734, .F. ) ;
#669 = CARTESIAN_POINT ( 'NONE',  ( 7.216878364870321860, 1.739295423971095542E-15, -21.25000000000000000 ) ) ;
#670 = DIRECTION ( 'NONE',  ( 0.5000000000000004441, -0.8660254037844383745, 0.000000000000000000 ) ) ;
#671 = EDGE_LOOP ( 'NONE', ( #1923, #562, #1422, #1123 ) ) ;
#672 = CARTESIAN_POINT ( 'NONE',  ( 3.619224080045345904, 6.231320009384727854, -27.75609665440987328 ) ) ;
#673 = CYLINDRICAL_SURFACE ( 'NONE', #2954, 7.249999999999999112 ) ;
#674 = FACE_OUTER_BOUND ( 'NONE', #1494, .T. ) ;
#675 = EDGE_LOOP ( 'NONE', ( #392, #1065, #1372, #1113 ) ) ;
#676 = CARTESIAN_POINT ( 'NONE',  ( -1.818653347947320587, 3.150000000000000355, -18.17500000000000782 ) ) ;
#677 = CARTESIAN_POINT ( 'NONE',  ( -2.635992743971745433, 7.846216259435018436, -1.749999999999987566 ) ) ;
#678 = ORIENTED_EDGE ( 'NONE', *, *, #2903, .F. ) ;
#679 = LINE ( 'NONE', #1144, #2967 ) ;
#680 = ORIENTED_EDGE ( 'NONE', *, *, #2970, .F. ) ;
#681 = ORIENTED_EDGE ( 'NONE', *, *, #1580, .F. ) ;
#682 = FACE_OUTER_BOUND ( 'NONE', #2337, .T. ) ;
#683 = DIRECTION ( 'NONE',  ( 0.000000000000000000, 0.000000000000000000, 1.000000000000000000 ) ) ;
#684 = ORIENTED_EDGE ( 'NONE', *, *, #1169, .F. ) ;
#685 = EDGE_CURVE ( 'NONE', #894, #1159, #1497, .T. ) ;
#686 = CARTESIAN_POINT ( 'NONE',  ( 7.162792197070919187, -0.09367999061525839055, -3.504981424610861040 ) ) ;
#687 = DIRECTION ( 'NONE',  ( 0.8660254037844384856, 0.5000000000000004441, -0.000000000000000000 ) ) ;
#688 = CARTESIAN_POINT ( 'NONE',  ( -5.731732607644032917, -2.000000000000000444, -245.0329675181070570 ) ) ;
#689 = ORIENTED_EDGE ( 'NONE', *, *, #1802, .T. ) ;
#690 = CARTESIAN_POINT ( 'NONE',  ( 3.608439182435160930, 6.249999999999996447, -5.576308182797678370 ) ) ;
#691 = CARTESIAN_POINT ( 'NONE',  ( -7.336602540378432735, 0.000000000000000000, -7.249999999999999112 ) ) ;
#692 = EDGE_LOOP ( 'NONE', ( #2784, #862, #899, #443, #2981, #2525 ) ) ;
#693 = CARTESIAN_POINT ( 'NONE',  ( 3.587632073796339416, -6.249999999999998224, -3.914119575019629593 ) ) ;
#694 = VERTEX_POINT ( 'NONE', #2349 ) ;
#695 = VERTEX_POINT ( 'NONE', #755 ) ;
#696 = CARTESIAN_POINT ( 'NONE',  ( -7.336602540378431847, 2.355667797688571596, -4.875000000000000000 ) ) ;
#697 = CARTESIAN_POINT ( 'NONE',  ( 7.162792197070919187, -0.09367999061525839055, -27.75609665440987328 ) ) ;
#698 = AXIS2_PLACEMENT_3D ( 'NONE', #359, #348, #1970 ) ;
#699 = ORIENTED_EDGE ( 'NONE', *, *, #2582, .F. ) ;
#700 = CARTESIAN_POINT ( 'NONE',  ( 8.163397459621572594, 2.680587493921477105, -2.125000000000011102 ) ) ;
#701 = DIRECTION ( 'NONE',  ( 1.000000000000000000, 0.000000000000000000, 0.000000000000000000 ) ) ;
#702 = CARTESIAN_POINT ( 'NONE',  ( -2.635992743971745433, 7.846216259435018436, -4.249999999999987566 ) ) ;
#703 = AXIS2_PLACEMENT_3D ( 'NONE', #892, #2531, #187 ) ;
#704 = VERTEX_POINT ( 'NONE', #82 ) ;
#705 = CARTESIAN_POINT ( 'NONE',  ( -2.635992743971745433, 7.846216259435018436, -1.749999999999987566 ) ) ;
#706 = FACE_OUTER_BOUND ( 'NONE', #765, .T. ) ;
#707 = DIRECTION ( 'NONE',  ( 0.5773502691896288397, 0.5773502691896288397, -0.5773502691896197359 ) ) ;
#708 = STYLED_ITEM ( 'NONE', ( #131 ), #2863 ) ;
#709 = ORIENTED_EDGE ( 'NONE', *, *, #2913, .F. ) ;
#710 = CARTESIAN_POINT ( 'NONE',  ( 3.587632073796339416, -6.249999999999998224, -7.249999999999999112 ) ) ;
#711 = ORIENTED_EDGE ( 'NONE', *, *, #2105, .T. ) ;
#712 = EDGE_LOOP ( 'NONE', ( #652, #1191, #2432, #2961 ) ) ;
#713 = CARTESIAN_POINT ( 'NONE',  ( -8.244926352621517296, 1.999999999999999556, -247.5007950939452144 ) ) ;
#714 = CARTESIAN_POINT ( 'NONE',  ( 3.587632073796342969, 6.249999999999996447, -27.75609665440987328 ) ) ;
#715 = EDGE_CURVE ( 'NONE', #868, #3023, #1051, .T. ) ;
#716 = EDGE_LOOP ( 'NONE', ( #2536, #254, #1633, #2895 ) ) ;
#717 = EDGE_CURVE ( 'NONE', #1442, #523, #292, .T. ) ;
#718 = CARTESIAN_POINT ( 'NONE',  ( -6.760992743971747210, 4.849228331412904325, -1.250000000000011546 ) ) ;
#719 = DIRECTION ( 'NONE',  ( 0.8660254037844384856, 0.5000000000000004441, -0.000000000000000000 ) ) ;
#720 = DIRECTION ( 'NONE',  ( 0.6123724356957926940, -0.3535533905932726761, 0.7071067811865496822 ) ) ;
#721 = VERTEX_POINT ( 'NONE', #2580 ) ;
#722 = CARTESIAN_POINT ( 'NONE',  ( 8.163397459621572594, 2.680587493921477105, -4.874999999999988454 ) ) ;
#723 = DIRECTION ( 'NONE',  ( -0.7071067811865534569, 0.000000000000000000, -0.7071067811865416886 ) ) ;
#724 = CARTESIAN_POINT ( 'NONE',  ( -7.499999999999992006, 0.000000000000000000, -21.25000000000000000 ) ) ;
#725 = ADVANCED_FACE ( 'NONE', ( #1219 ), #542, .T. ) ;
#726 = DIRECTION ( 'NONE',  ( 1.000000000000000000, 0.000000000000000000, 0.000000000000000000 ) ) ;
#727 = VERTEX_POINT ( 'NONE', #2152 ) ;
#728 = VERTEX_POINT ( 'NONE', #2609 ) ;
#729 = CARTESIAN_POINT ( 'NONE',  ( 2.153770668839941393, -6.895159743139867459, -4.000000000000000000 ) ) ;
#730 = EDGE_LOOP ( 'NONE', ( #2090, #681, #2542, #2395 ) ) ;
#731 = CARTESIAN_POINT ( 'NONE',  ( -5.185382947565061684, 7.017869168904330657, -1.375000000000011546 ) ) ;
#732 = DIRECTION ( 'NONE',  ( -0.000000000000000000, -0.000000000000000000, -1.000000000000000000 ) ) ;
#733 = PLANE ( 'NONE',  #2078 ) ;
#734 = EDGE_CURVE ( 'NONE', #2295, #1650, #307, .T. ) ;
#735 = B_SPLINE_CURVE_WITH_KNOTS ( 'NONE', 3,
 ( #2367, #2141, #1208, #467 ),
 .UNSPECIFIED., .F., .F.,
 ( 4, 4 ),
 ( 1.781016350423329985E-19, 0.0001185472640386340442 ),
 .UNSPECIFIED. ) ;
#736 = ORIENTED_EDGE ( 'NONE', *, *, #826, .F. ) ;
#737 = CARTESIAN_POINT ( 'NONE',  ( -5.185382947565061684, 7.017869168904330657, -4.124999999999986677 ) ) ;
#738 =( BOUNDED_CURVE ( )  B_SPLINE_CURVE ( 2, ( #1383, #2335, #2277, #1371, #174, #2045, #880, #2982, #2751 ),
 .UNSPECIFIED., .F., .T. ) 
 B_SPLINE_CURVE_WITH_KNOTS ( ( 3, 2, 2, 2, 3 ),
 ( 0.8326503799572589903, 0.8499999999999999778, 0.9000000000000000222, 0.9499999999999999556, 1.000000000000000000 ),
 .UNSPECIFIED. ) 
 CURVE ( )  GEOMETRIC_REPRESENTATION_ITEM ( )  RATIONAL_B_SPLINE_CURVE ( ( 0.9778199217936496268, 0.9830169830830566280, 1.000000000000000000, 0.9510565162951535312, 1.000000000000000000, 0.9510565162951535312, 1.000000000000000000, 0.9510565162951535312, 1.000000000000000000 ) ) 
 REPRESENTATION_ITEM ( '' )  );
#739 = CARTESIAN_POINT ( 'NONE',  ( -3.608439182435161374, 6.249999999999997335, -14.24999999999993250 ) ) ;
#740 = CARTESIAN_POINT ( 'NONE',  ( 3.175426480542933305, -5.999999999999995559, -21.25000000000000000 ) ) ;
#741 = VECTOR ( 'NONE', #1917, 1000.000000000000000 ) ;
#742 = CARTESIAN_POINT ( 'NONE',  ( -5.556996340950146163, 2.875000000000002220, -18.25000000000000355 ) ) ;
#743 = ORIENTED_EDGE ( 'NONE', *, *, #1810, .T. ) ;
#744 = ORIENTED_EDGE ( 'NONE', *, *, #504, .T. ) ;
#745 = CARTESIAN_POINT ( 'NONE',  ( -1.818653347947320587, 3.150000000000000355, 0.000000000000000000 ) ) ;
#746 = CARTESIAN_POINT ( 'NONE',  ( 3.587632073796339416, -6.249999999999998224, -1.664119575019631370 ) ) ;
#747 = CARTESIAN_POINT ( 'NONE',  ( -3.558547568535380012, -1.554336471671024178, -241.8814304167609919 ) ) ;
#748 = DIRECTION ( 'NONE',  ( 0.000000000000000000, -1.000000000000000000, 0.000000000000000000 ) ) ;
#749 = VECTOR ( 'NONE', #16, 1000.000000000000000 ) ;
#750 = CARTESIAN_POINT ( 'NONE',  ( 4.336808689942017736E-15, -2.000000000000001332, -247.0000000000000000 ) ) ;
#751 = ORIENTED_EDGE ( 'NONE', *, *, #219, .T. ) ;
#752 = EDGE_CURVE ( 'NONE', #2921, #1782, #1187, .T. ) ;
#753 = CARTESIAN_POINT ( 'NONE',  ( -0.08660254037842900210, 8.674563349965707104, -1.874999999999987343 ) ) ;
#754 = EDGE_CURVE ( 'NONE', #1957, #2414, #1790, .T. ) ;
#755 = CARTESIAN_POINT ( 'NONE',  ( 3.619224080045343683, -6.231320009384729630, -3.912080947438067113 ) ) ;
#756 = DIRECTION ( 'NONE',  ( 0.8660254037844385966, -0.5000000000000002220, 0.000000000000000000 ) ) ;
#757 = AXIS2_PLACEMENT_3D ( 'NONE', #1152, #920, #1854 ) ;
#758 = B_SPLINE_CURVE_WITH_KNOTS ( 'NONE', 3,
 ( #2267, #1527, #1787, #1103 ),
 .UNSPECIFIED., .F., .F.,
 ( 4, 4 ),
 ( 2.082684362675784987E-18, 2.357851831913981605E-05 ),
 .UNSPECIFIED. ) ;
#759 = VECTOR ( 'NONE', #2427, 1000.000000000000114 ) ;
#760 = VECTOR ( 'NONE', #1272, 1000.000000000000114 ) ;
#761 = EDGE_CURVE ( 'NONE', #2275, #1722, #1353, .T. ) ;
#762 = CARTESIAN_POINT ( 'NONE',  ( -8.000000000000000000, -2.000000000000000000, -247.0000000000000000 ) ) ;
#763 = VERTEX_POINT ( 'NONE', #959 ) ;
#764 = EDGE_CURVE ( 'NONE', #1775, #329, #1017, .T. ) ;
#765 = EDGE_LOOP ( 'NONE', ( #1386, #2498, #266, #380, #2207 ) ) ;
#766 = CARTESIAN_POINT ( 'NONE',  ( -0.08660254037842797514, -7.623101125727439253, -4.124999999999999112 ) ) ;
#767 = DIRECTION ( 'NONE',  ( -0.000000000000000000, -0.000000000000000000, -1.000000000000000000 ) ) ;
#768 = DIRECTION ( 'NONE',  ( -0.000000000000000000, -0.000000000000000000, 1.000000000000000000 ) ) ;
#769 = LINE ( 'NONE', #1215, #507 ) ;
#770 = DIRECTION ( 'NONE',  ( 0.6123724356957899184, 0.3535533905932713994, -0.7071067811865527908 ) ) ;
#771 = VERTEX_POINT ( 'NONE', #1230 ) ;
#772 = CARTESIAN_POINT ( 'NONE',  ( -3.608439182435161374, 6.249999999999997335, -20.75000000000000000 ) ) ;
#773 = B_SPLINE_CURVE_WITH_KNOTS ( 'NONE', 3,
 ( #2359, #35, #2845, #2165 ),
 .UNSPECIFIED., .F., .F.,
 ( 4, 4 ),
 ( 0.000000000000000000, 2.380358294405263061E-05 ),
 .UNSPECIFIED. ) ;
#774 = LINE ( 'NONE', #1708, #2278 ) ;
#775 = CARTESIAN_POINT ( 'NONE',  ( 7.133021482971702909, -2.397476742766107449, -1.377742253079683676 ) ) ;
#776 = EDGE_CURVE ( 'NONE', #2865, #2822, #1002, .T. ) ;
#777 =( LENGTH_UNIT ( ) NAMED_UNIT ( * ) SI_UNIT ( .MILLI., .METRE. ) );
#778 = CARTESIAN_POINT ( 'NONE',  ( 3.608439182435159154, -6.249999999999999112, -3.902557793534176867 ) ) ;
#779 = ORIENTED_EDGE ( 'NONE', *, *, #2582, .T. ) ;
#780 = AXIS2_PLACEMENT_3D ( 'NONE', #2678, #357, #1769 ) ;
#781 = CARTESIAN_POINT ( 'NONE',  ( -7.336602540378432735, 0.000000000000000000, -4.750000000000000000 ) ) ;
#782 = CARTESIAN_POINT ( 'NONE',  ( -5.405640815137928712, -1.476471802686371460, -243.6036463030127095 ) ) ;
#783 = CARTESIAN_POINT ( 'NONE',  ( -3.637306695894642061, 4.364572855127996646E-16, -21.25000000000000000 ) ) ;
#784 = PLANE ( 'NONE',  #1982 ) ;
#785 = CARTESIAN_POINT ( 'NONE',  ( 0.000000000000000000, 0.07499999999998827049, -21.25000000000000000 ) ) ;
#786 = EDGE_CURVE ( 'NONE', #189, #636, #774, .T. ) ;
#787 = EDGE_CURVE ( 'NONE', #2041, #1233, #2595, .T. ) ;
#788 = EDGE_LOOP ( 'NONE', ( #2347, #1524, #138, #2339 ) ) ;
#789 = CARTESIAN_POINT ( 'NONE',  ( -8.336602540378430959, 0.000000000000000000, -1.000000000000011324 ) ) ;
#790 = CARTESIAN_POINT ( 'NONE',  ( -3.688567921515782277, 1.547415087262925981, -241.9999945177368659 ) ) ;
#791 = CARTESIAN_POINT ( 'NONE',  ( 3.608439182435159154, -6.249999999999999112, -1.673691817202324739 ) ) ;
#792 = ORIENTED_EDGE ( 'NONE', *, *, #316, .T. ) ;
#793 = ORIENTED_EDGE ( 'NONE', *, *, #536, .F. ) ;
#794 = ADVANCED_FACE ( 'NONE', ( #338 ), #561, .T. ) ;
#795 = CARTESIAN_POINT ( 'NONE',  ( 4.394143878058310193, -6.167218360552291223, -3.875000000000000000 ) ) ;
#796 = CARTESIAN_POINT ( 'NONE',  ( -5.096783228393135801, -1.485820445163105408, -243.3088093188048049 ) ) ;
#797 = CARTESIAN_POINT ( 'NONE',  ( -7.216878364870320972, 1.057472961667715618E-17, -20.75000000000000000 ) ) ;
#798 = AXIS2_PLACEMENT_3D ( 'NONE', #167, #875, #670 ) ;
#799 = EDGE_CURVE ( 'NONE', #3023, #2275, #2229, .T. ) ;
#800 = DIRECTION ( 'NONE',  ( 0.000000000000000000, 0.000000000000000000, 1.000000000000000000 ) ) ;
#801 = LINE ( 'NONE', #2450, #760 ) ;
#802 = ORIENTED_EDGE ( 'NONE', *, *, #2220, .F. ) ;
#803 = VECTOR ( 'NONE', #1792, 1000.000000000000000 ) ;
#804 = CARTESIAN_POINT ( 'NONE',  ( -1.818653347947320587, 0.07499999999998827049, -21.25000000000000000 ) ) ;
#805 = CARTESIAN_POINT ( 'NONE',  ( 6.587787663214888845, 4.849228331412904325, -2.249999999999987121 ) ) ;
#806 = CARTESIAN_POINT ( 'NONE',  ( -4.328691472375330029, 1.514832482540057867, -242.5859811538700512 ) ) ;
#807 = CLOSED_SHELL ( 'NONE', ( #2995, #794, #216, #1073, #1430, #2823, #2723, #1956, #1090, #1365, #1010, #3024, #2048, #2167, #1484, #2486, #973, #2171, #91, #886, #1189, #1141, #522, #2255, #1337, #1033, #213, #2056, #1654, #2124, #461, #1009, #2607, #2160, #3034, #1369, #534, #861, #585, #1611, #185, #1932, #573, #2276, #1356, #1278, #640, #823, #955, #1197, #1878, #1519, #1315, #175, #1546, #2040, #2386, #2707, #293, #1129, #2988, #264, #1628, #1903, #146, #1609, #2346, #2232, #1972, #1946, #1045, #725, #1305, #2202, #2294, #982, #624, #193, #108, #1554, #3028, #337 ) ) ;
#808 = DIRECTION ( 'NONE',  ( -1.000000000000000000, -1.775195331319606952E-16, 0.000000000000000000 ) ) ;
#809 = ORIENTED_EDGE ( 'NONE', *, *, #327, .T. ) ;
#810 = FACE_OUTER_BOUND ( 'NONE', #2560, .T. ) ;
#811 = CARTESIAN_POINT ( 'NONE',  ( -4.940960617154770418, -1.491075478720818248, -243.1610119647668284 ) ) ;
#812 = VECTOR ( 'NONE', #497, 1000.000000000000000 ) ;
#813 = CARTESIAN_POINT ( 'NONE',  ( -3.673341765517205815, -1.583700916027928507, -242.0746185690181846 ) ) ;
#814 = EDGE_CURVE ( 'NONE', #1361, #2753, #1517, .T. ) ;
#815 = CARTESIAN_POINT ( 'NONE',  ( 5.778770668839940505, 4.261443079120430966, -1.000000000000000000 ) ) ;
#816 = CARTESIAN_POINT ( 'NONE',  ( 0.000000000000000000, 0.000000000000000000, -21.24999999999999289 ) ) ;
#817 = CYLINDRICAL_SURFACE ( 'NONE', #2265, 7.249999999999999112 ) ;
#818 = ORIENTED_EDGE ( 'NONE', *, *, #2105, .F. ) ;
#819 = PLANE ( 'NONE',  #2032 ) ;
#820 = LINE ( 'NONE', #389, #607 ) ;
#821 = CARTESIAN_POINT ( 'NONE',  ( -4.417132477185132799, 1.511020697816038538, -242.6683180510285354 ) ) ;
#822 = CARTESIAN_POINT ( 'NONE',  ( 7.198890349311946935, 0.03115615687444510742, -5.962865961514649982 ) ) ;
#823 = ADVANCED_FACE ( 'NONE', ( #2003 ), #819, .F. ) ;
#824 = EDGE_LOOP ( 'NONE', ( #180, #2652 ) ) ;
#825 = CARTESIAN_POINT ( 'NONE',  ( -7.912628145290677040, 1.426624484336989740, -246.0396756934817120 ) ) ;
#826 = EDGE_CURVE ( 'NONE', #636, #248, #388, .T. ) ;
#827 = CARTESIAN_POINT ( 'NONE',  ( -6.957492620128665983, -1.441619465494884622, -245.1052772714599257 ) ) ;
#828 = CARTESIAN_POINT ( 'NONE',  ( -3.608439182435161818, 6.249999999999997335, -7.249999999999999112 ) ) ;
#829 = CARTESIAN_POINT ( 'NONE',  ( -4.647024533629386944, 1.999999999999998668, -243.9823026102250481 ) ) ;
#830 = DIRECTION ( 'NONE',  ( -0.5000000000000003331, 0.8660254037844383745, 0.000000000000000000 ) ) ;
#831 = VERTEX_POINT ( 'NONE', #1274 ) ;
#832 = CARTESIAN_POINT ( 'NONE',  ( 5.012177866808205984, -7.017869168904330657, -5.125000000000010658 ) ) ;
#833 = CARTESIAN_POINT ( 'NONE',  ( -5.185382947565062572, 7.017869168904330657, -4.124999999999987566 ) ) ;
#834 = CARTESIAN_POINT ( 'NONE',  ( -6.624815827887771569, 1.447711384746357188, -244.7811523670177394 ) ) ;
#835 = DIRECTION ( 'NONE',  ( 0.5000000000000001110, 0.8660254037844385966, 0.000000000000000000 ) ) ;
#836 = ORIENTED_EDGE ( 'NONE', *, *, #418, .T. ) ;
#837 = CARTESIAN_POINT ( 'NONE',  ( 2.462787663214888401, -7.846216259435018436, -5.499999999999987566 ) ) ;
#838 = LINE ( 'NONE', #605, #2634 ) ;
#839 = CARTESIAN_POINT ( 'NONE',  ( 7.162792197070920075, 0.09367999061526186000, -3.495018575389138071 ) ) ;
#840 = EDGE_CURVE ( 'NONE', #1233, #329, #1678, .T. ) ;
#841 = CARTESIAN_POINT ( 'NONE',  ( -7.336602540378430071, 2.355667797688571596, -0.1250000000000000000 ) ) ;
#842 = CARTESIAN_POINT ( 'NONE',  ( 3.619224080045343683, -6.231320009384729630, -6.412080947438066225 ) ) ;
#843 = DIRECTION ( 'NONE',  ( 1.000000000000000000, -2.168404344971006896E-16, 0.000000000000000000 ) ) ;
#844 = ORIENTED_EDGE ( 'NONE', *, *, #2440, .F. ) ;
#845 = CARTESIAN_POINT ( 'NONE',  ( -6.760992743971747210, 4.849228331412904325, -3.750000000000011102 ) ) ;
#846 = CARTESIAN_POINT ( 'NONE',  ( -7.336602540378430959, 0.000000000000000000, -5.000000000000000000 ) ) ;
#847 = ORIENTED_EDGE ( 'NONE', *, *, #2998, .F. ) ;
#848 = CARTESIAN_POINT ( 'NONE',  ( -5.006536865109199930, 1.488790586681032702, -243.2230744460141523 ) ) ;
#849 = EDGE_CURVE ( 'NONE', #2287, #2295, #2671, .T. ) ;
#850 = AXIS2_PLACEMENT_3D ( 'NONE', #859, #1147, #626 ) ;
#851 = DIRECTION ( 'NONE',  ( 0.8660254037844385966, -0.5000000000000002220, 0.000000000000000000 ) ) ;
#852 = ORIENTED_EDGE ( 'NONE', *, *, #1084, .T. ) ;
#853 = CIRCLE ( 'NONE', #2614, 7.249999999999999112 ) ;
#854 = CARTESIAN_POINT ( 'NONE',  ( 8.163397459621574370, -2.680587493921476661, -2.624999999999987566 ) ) ;
#855 = DIRECTION ( 'NONE',  ( 1.000000000000000000, 1.192313173600920684E-16, 0.000000000000000000 ) ) ;
#856 = ORIENTED_EDGE ( 'NONE', *, *, #776, .T. ) ;
#857 = VECTOR ( 'NONE', #1532, 1000.000000000000000 ) ;
#858 = CARTESIAN_POINT ( 'NONE',  ( 7.162792197070920075, 0.09367999061526186000, -27.75609665440987328 ) ) ;
#859 = CARTESIAN_POINT ( 'NONE',  ( -3.608439182435161374, 6.249999999999997335, -21.25000000000000000 ) ) ;
#860 = LINE ( 'NONE', #398, #1523 ) ;
#861 = ADVANCED_FACE ( 'NONE', ( #241 ), #865, .F. ) ;
#862 = ORIENTED_EDGE ( 'NONE', *, *, #1036, .T. ) ;
#863 = AXIS2_PLACEMENT_3D ( 'NONE', #1595, #1564, #1849 ) ;
#864 = CARTESIAN_POINT ( 'NONE',  ( -8.336602540378430959, 0.000000000000000000, -6.000000000000011546 ) ) ;
#865 = PLANE ( 'NONE',  #703 ) ;
#866 = CARTESIAN_POINT ( 'NONE',  ( -8.000000000000000000, 1.800067008124092593, -246.8686311289877153 ) ) ;
#867 = CARTESIAN_POINT ( 'NONE',  ( -7.265661064154818050, 1.436226671120231169, -245.4058973517306583 ) ) ;
#868 = VERTEX_POINT ( 'NONE', #414 ) ;
#869 = DIRECTION ( 'NONE',  ( 1.000000000000000000, 0.000000000000000000, -0.000000000000000000 ) ) ;
#870 = EDGE_CURVE ( 'NONE', #1763, #2058, #2979, .T. ) ;
#871 = DIRECTION ( 'NONE',  ( 0.6123724356957902515, -0.3535533905932713994, -0.7071067811865524577 ) ) ;
#872 = VERTEX_POINT ( 'NONE', #1559 ) ;
#873 = CARTESIAN_POINT ( 'NONE',  ( -3.608439182435158710, -6.249999999999999112, -21.25000000000000000 ) ) ;
#874 = DIRECTION ( 'NONE',  ( -1.000000000000000000, 2.168404344971006896E-16, 0.000000000000000000 ) ) ;
#875 = DIRECTION ( 'NONE',  ( -0.6123724356957925830, -0.3535533905932730647, 0.7071067811865495711 ) ) ;
#876 = CARTESIAN_POINT ( 'NONE',  ( 8.163397459621574370, -2.680587493921476661, -4.875000000000010658 ) ) ;
#877 = CARTESIAN_POINT ( 'NONE',  ( -7.399999999999982592, 2.875000000000001776, -18.25000000000000355 ) ) ;
#878 = CARTESIAN_POINT ( 'NONE',  ( -4.604550537894241735, -2.000000000000000000, -243.9414799178643705 ) ) ;
#879 = ORIENTED_EDGE ( 'NONE', *, *, #433, .F. ) ;
#880 = CARTESIAN_POINT ( 'NONE',  ( -5.951975749596799758, -4.261443079120433630, -6.999999999999999112 ) ) ;
#881 = DIRECTION ( 'NONE',  ( -0.000000000000000000, -0.000000000000000000, 1.000000000000000000 ) ) ;
#882 = ORIENTED_EDGE ( 'NONE', *, *, #1624, .F. ) ;
#883 = CARTESIAN_POINT ( 'NONE',  ( -0.08660254037842893271, -4.336808689942017736E-16, 0.000000000000000000 ) ) ;
#884 = EDGE_LOOP ( 'NONE', ( #779, #2549, #836, #2791, #2739, #2599, #1898, #8, #1744, #2974, #979, #2766, #1582, #2100, #2593, #1370, #2481, #560, #1597, #1907, #54, #3033 ) ) ;
#885 = CARTESIAN_POINT ( 'NONE',  ( -8.000000000000000000, -1.800065611696272549, -246.8686370745267880 ) ) ;
#886 = ADVANCED_FACE ( 'NONE', ( #1807 ), #642, .T. ) ;
#887 = CARTESIAN_POINT ( 'NONE',  ( 7.216878364870321860, 1.739295423971095542E-15, -21.25000000000000000 ) ) ;
#888 = CARTESIAN_POINT ( 'NONE',  ( 3.608439182435159154, -6.249999999999999112, -21.25000000000000000 ) ) ;
#889 = ORIENTED_EDGE ( 'NONE', *, *, #1960, .F. ) ;
#890 = AXIS2_PLACEMENT_3D ( 'NONE', #2588, #1456, #2825 ) ;
#891 = CARTESIAN_POINT ( 'NONE',  ( 5.012177866808204207, 7.017869168904329769, -4.375000000000010658 ) ) ;
#892 = CARTESIAN_POINT ( 'NONE',  ( 0.000000000000000000, 0.000000000000000000, -21.25000000000000000 ) ) ;
#893 = CARTESIAN_POINT ( 'NONE',  ( 1.686435564753617298E-15, -2.374999999999985345, -21.25000000000000000 ) ) ;
#894 = VERTEX_POINT ( 'NONE', #170 ) ;
#895 = DIRECTION ( 'NONE',  ( -0.000000000000000000, 0.000000000000000000, 1.000000000000000000 ) ) ;
#896 = ORIENTED_EDGE ( 'NONE', *, *, #2184, .F. ) ;
#897 = CIRCLE ( 'NONE', #1681, 7.249999999999999112 ) ;
#898 = CARTESIAN_POINT ( 'NONE',  ( -3.608439182435159154, -6.249999999999999112, -20.75000000000000000 ) ) ;
#899 = ORIENTED_EDGE ( 'NONE', *, *, #2091, .F. ) ;
#900 = PLANE ( 'NONE',  #1988 ) ;
#901 = VERTEX_POINT ( 'NONE', #2055 ) ;
#902 = DIRECTION ( 'NONE',  ( 0.5000000000000001110, 0.8660254037844385966, 0.000000000000000000 ) ) ;
#903 = VECTOR ( 'NONE', #431, 1000.000000000000000 ) ;
#904 = LINE ( 'NONE', #1837, #402 ) ;
#905 = EDGE_LOOP ( 'NONE', ( #239, #2111, #1605, #1613 ) ) ;
#906 = VECTOR ( 'NONE', #2303, 1000.000000000000114 ) ;
#907 = CARTESIAN_POINT ( 'NONE',  ( -8.336602540378432735, 2.680587493921476661, -3.625000000000011546 ) ) ;
#908 = DIRECTION ( 'NONE',  ( -0.000000000000000000, -0.000000000000000000, -1.000000000000000000 ) ) ;
#909 = CARTESIAN_POINT ( 'NONE',  ( -7.500000000000003553, 0.000000000000000000, -250.0000000000000000 ) ) ;
#910 = AXIS2_PLACEMENT_3D ( 'NONE', #1125, #207, #158 ) ;
#911 = VERTEX_POINT ( 'NONE', #2070 ) ;
#912 = DIRECTION ( 'NONE',  ( -0.000000000000000000, -0.000000000000000000, 1.000000000000000000 ) ) ;
#913 = VERTEX_POINT ( 'NONE', #2513 ) ;
#914 = CARTESIAN_POINT ( 'NONE',  ( 3.608439182435159154, -6.249999999999999112, -20.75000000000000000 ) ) ;
#915 = ORIENTED_EDGE ( 'NONE', *, *, #2230, .F. ) ;
#916 = ORIENTED_EDGE ( 'NONE', *, *, #1492, .T. ) ;
#917 = DIRECTION ( 'NONE',  ( 7.100781325278432738E-16, -1.000000000000000000, 0.000000000000000000 ) ) ;
#918 = DIRECTION ( 'NONE',  ( -1.000000000000000000, -1.775195331319606952E-16, 0.000000000000000000 ) ) ;
#919 = ORIENTED_EDGE ( 'NONE', *, *, #2840, .F. ) ;
#920 = DIRECTION ( 'NONE',  ( -8.430927303512617757E-17, 0.7071067811865454633, 0.7071067811865496822 ) ) ;
#921 = PLANE ( 'NONE',  #324 ) ;
#922 = CARTESIAN_POINT ( 'NONE',  ( -5.563937117184826420, -2.000000000000000000, -244.8695957437495849 ) ) ;
#923 = VECTOR ( 'NONE', #767, 1000.000000000000000 ) ;
#924 = ORIENTED_EDGE ( 'NONE', *, *, #549, .F. ) ;
#925 = LINE ( 'NONE', #245, #2716 ) ;
#926 = CARTESIAN_POINT ( 'NONE',  ( -0.08660254037842778085, -8.674563349965707104, -3.124999999999987121 ) ) ;
#927 = ORIENTED_EDGE ( 'NONE', *, *, #1297, .F. ) ;
#928 = FACE_OUTER_BOUND ( 'NONE', #1209, .T. ) ;
#929 = ORIENTED_EDGE ( 'NONE', *, *, #45, .T. ) ;
#930 = ORIENTED_EDGE ( 'NONE', *, *, #1261, .F. ) ;
#931 = CARTESIAN_POINT ( 'NONE',  ( -7.336602540378430959, 0.000000000000000000, -5.000000000000000000 ) ) ;
#932 = CARTESIAN_POINT ( 'NONE',  ( 3.608439182435160930, 6.249999999999996447, -20.75000000000000000 ) ) ;
#933 = ORIENTED_EDGE ( 'NONE', *, *, #309, .T. ) ;
#934 = DIRECTION ( 'NONE',  ( -1.000000000000000000, 2.168404344971006896E-16, 0.000000000000000000 ) ) ;
#935 = DIRECTION ( 'NONE',  ( 0.5000000000000002220, 0.8660254037844385966, 0.000000000000000000 ) ) ;
#936 = CARTESIAN_POINT ( 'NONE',  ( -5.699169839414884642, -2.000000000000000444, -245.0012465400116923 ) ) ;
#937 = VERTEX_POINT ( 'NONE', #2763 ) ;
#938 = DIRECTION ( 'NONE',  ( 1.000000000000000000, 0.000000000000000000, 0.000000000000000000 ) ) ;
#939 = CYLINDRICAL_SURFACE ( 'NONE', #2765, 7.249999999999999112 ) ;
#940 = CARTESIAN_POINT ( 'NONE',  ( 8.163397459621572594, 2.680587493921477105, -4.874999999999988454 ) ) ;
#941 = VECTOR ( 'NONE', #555, 1000.000000000000114 ) ;
#942 = ORIENTED_EDGE ( 'NONE', *, *, #1914, .F. ) ;
#943 = EDGE_CURVE ( 'NONE', #3001, #2214, #3038, .T. ) ;
#944 = PLANE ( 'NONE',  #2375 ) ;
#945 = EDGE_LOOP ( 'NONE', ( #2079, #1877, #1161, #2083, #2950, #2308 ) ) ;
#946 = ORIENTED_EDGE ( 'NONE', *, *, #1601, .F. ) ;
#947 = VECTOR ( 'NONE', #2113, 1000.000000000000000 ) ;
#948 = CARTESIAN_POINT ( 'NONE',  ( -7.336602540378431847, -2.355667797688573817, -4.624999999999999112 ) ) ;
#949 = DIRECTION ( 'NONE',  ( -0.3779644730092303617, -0.6546536707079813056, 0.6546536707079710915 ) ) ;
#950 = VERTEX_POINT ( 'NONE', #1588 ) ;
#951 = AXIS2_PLACEMENT_3D ( 'NONE', #306, #478, #938 ) ;
#952 = CARTESIAN_POINT ( 'NONE',  ( 5.012177866808206872, -7.017869168904330657, -2.625000000000011546 ) ) ;
#953 = CARTESIAN_POINT ( 'NONE',  ( 0.000000000000000000, 0.000000000000000000, -7.250000000000000000 ) ) ;
#954 = PLANE ( 'NONE',  #373 ) ;
#955 = ADVANCED_FACE ( 'NONE', ( #2302 ), #2818, .T. ) ;
#956 = VECTOR ( 'NONE', #1823, 1000.000000000000000 ) ;
#957 = ORIENTED_EDGE ( 'NONE', *, *, #543, .T. ) ;
#958 = CARTESIAN_POINT ( 'NONE',  ( 2.462787663214887512, 7.846216259435020213, -4.499999999999987566 ) ) ;
#959 = CARTESIAN_POINT ( 'NONE',  ( 3.619224080045345904, 6.231320009384727854, -3.087919052561931998 ) ) ;
#960 = LINE ( 'NONE', #22, #2760 ) ;
#961 = AXIS2_PLACEMENT_3D ( 'NONE', #191, #851, #1812 ) ;
#962 = CARTESIAN_POINT ( 'NONE',  ( -4.999999999999829470, 1.000000000000170974, -252.4999999999998863 ) ) ;
#963 = ORIENTED_EDGE ( 'NONE', *, *, #2354, .T. ) ;
#964 = ORIENTED_EDGE ( 'NONE', *, *, #2894, .F. ) ;
#965 = EDGE_CURVE ( 'NONE', #1637, #2725, #2748, .T. ) ;
#966 = DIRECTION ( 'NONE',  ( -1.000000000000000000, 0.000000000000000000, 0.000000000000000000 ) ) ;
#967 = PLANE ( 'NONE',  #2217 ) ;
#968 = ORIENTED_EDGE ( 'NONE', *, *, #2126, .F. ) ;
#969 = CARTESIAN_POINT ( 'NONE',  ( -7.009727126084857929, -1.440287110664409065, -245.1555823593058676 ) ) ;
#970 = CARTESIAN_POINT ( 'NONE',  ( 7.180860098804505931, -0.06238546682652332948, -5.985639669055835554 ) ) ;
#971 = CARTESIAN_POINT ( 'NONE',  ( 3.619224080045343683, 6.231320009384729630, 0.000000000000000000 ) ) ;
#972 = VERTEX_POINT ( 'NONE', #2029 ) ;
#973 = ADVANCED_FACE ( 'NONE', ( #1351 ), #673, .T. ) ;
#974 = CARTESIAN_POINT ( 'NONE',  ( 5.012177866808204207, 7.017869168904329769, -2.124999999999987121 ) ) ;
#975 = CARTESIAN_POINT ( 'NONE',  ( -7.336602540378431847, 0.000000000000000000, -6.125000000000000000 ) ) ;
#976 = LINE ( 'NONE', #740, #2373 ) ;
#977 = DIRECTION ( 'NONE',  ( 0.3779644730092315275, -0.6546536707079807504, -0.6546536707079710915 ) ) ;
#978 = ORIENTED_EDGE ( 'NONE', *, *, #278, .T. ) ;
#979 = ORIENTED_EDGE ( 'NONE', *, *, #761, .T. ) ;
#980 = DIRECTION ( 'NONE',  ( 0.5000000000000001110, 0.8660254037844384856, 0.000000000000000000 ) ) ;
#981 = CARTESIAN_POINT ( 'NONE',  ( -2.326975749596797094, -6.895159743139865682, -2.000000000000000000 ) ) ;
#982 = ADVANCED_FACE ( 'NONE', ( #2544 ), #1108, .F. ) ;
#983 = CARTESIAN_POINT ( 'NONE',  ( -4.636545925489209630, -2.000000000000000444, -243.9718727791503738 ) ) ;
#984 = CARTESIAN_POINT ( 'NONE',  ( -0.08660254037842893271, -4.336808689942017736E-16, -7.249999999999999112 ) ) ;
#985 = DIRECTION ( 'NONE',  ( 0.8660254037844384856, 0.5000000000000004441, -0.000000000000000000 ) ) ;
#986 = ORIENTED_EDGE ( 'NONE', *, *, #1734, .T. ) ;
#987 = CARTESIAN_POINT ( 'NONE',  ( -8.336602540378430959, 0.000000000000000000, -1.249999999999987343 ) ) ;
#988 = DIRECTION ( 'NONE',  ( 0.000000000000000000, 0.000000000000000000, 1.000000000000000000 ) ) ;
#989 = DIRECTION ( 'NONE',  ( -0.5000000000000001110, -0.8660254037844385966, 0.000000000000000000 ) ) ;
#990 = FILL_AREA_STYLE_COLOUR ( '', #332 ) ;
#991 = VERTEX_POINT ( 'NONE', #1571 ) ;
#992 = VERTEX_POINT ( 'NONE', #1380 ) ;
#993 = B_SPLINE_CURVE_WITH_KNOTS ( 'NONE', 3,
 ( #588, #2455, #2413, #366 ),
 .UNSPECIFIED., .F., .F.,
 ( 4, 4 ),
 ( 0.000000000000000000, 2.290335325371003352E-05 ),
 .UNSPECIFIED. ) ;
#994 = LINE ( 'NONE', #485, #2862 ) ;
#995 = CARTESIAN_POINT ( 'NONE',  ( -6.999999999999968026, 0.9999999999999668043, -250.5000000000000000 ) ) ;
#996 = DIRECTION ( 'NONE',  ( -1.000000000000000000, 1.201851678989727324E-16, 0.000000000000000000 ) ) ;
#997 = CARTESIAN_POINT ( 'NONE',  ( -6.760992743971747210, 4.849228331412904325, -3.750000000000011102 ) ) ;
#998 = CARTESIAN_POINT ( 'NONE',  ( -3.608439182435158710, -6.249999999999999112, -21.25000000000000000 ) ) ;
#999 = VECTOR ( 'NONE', #2389, 1000.000000000000000 ) ;
#1000 = DIRECTION ( 'NONE',  ( 0.5000000000000002220, 0.8660254037844385966, 0.000000000000000000 ) ) ;
#1001 = VERTEX_POINT ( 'NONE', #2314 ) ;
#1002 = LINE ( 'NONE', #38, #2962 ) ;
#1003 = LINE ( 'NONE', #544, #657 ) ;
#1004 = VECTOR ( 'NONE', #396, 1000.000000000000000 ) ;
#1005 = AXIS2_PLACEMENT_3D ( 'NONE', #188, #1122, #661 ) ;
#1006 = DIRECTION ( 'NONE',  ( 1.000000000000000000, 0.000000000000000000, 0.000000000000000000 ) ) ;
#1007 = CARTESIAN_POINT ( 'NONE',  ( 7.162792197070919187, -0.09367999061525839055, -1.254981424610862595 ) ) ;
#1008 = ORIENTED_EDGE ( 'NONE', *, *, #309, .F. ) ;
#1009 = ADVANCED_FACE ( 'NONE', ( #221 ), #921, .F. ) ;
#1010 = ADVANCED_FACE ( 'NONE', ( #1620 ), #3026, .T. ) ;
#1011 = CARTESIAN_POINT ( 'NONE',  ( -0.08660254037842891883, 7.623101125727438365, -2.874999999999999556 ) ) ;
#1012 = CARTESIAN_POINT ( 'NONE',  ( -4.395381385261919682, -1.511982622959442413, -242.6481185346105747 ) ) ;
#1013 = CARTESIAN_POINT ( 'NONE',  ( -3.550074934381401537, -1.845093054856849601, -242.5820131116011282 ) ) ;
#1014 = CARTESIAN_POINT ( 'NONE',  ( 3.594570723350097641, -6.249999999999309885, -6.410270955606880428 ) ) ;
#1015 = DIRECTION ( 'NONE',  ( 0.8660254037844384856, 0.5000000000000004441, -0.000000000000000000 ) ) ;
#1016 = ORIENTED_EDGE ( 'NONE', *, *, #658, .F. ) ;
#1017 = LINE ( 'NONE', #2397, #1344 ) ;
#1018 = FACE_OUTER_BOUND ( 'NONE', #2953, .T. ) ;
#1019 = EDGE_CURVE ( 'NONE', #1860, #1782, #457, .T. ) ;
#1020 = CARTESIAN_POINT ( 'NONE',  ( 7.180861631228029118, -0.06238281259111505550, -1.270965074533868089 ) ) ;
#1021 = ORIENTED_EDGE ( 'NONE', *, *, #1828, .T. ) ;
#1022 = CARTESIAN_POINT ( 'NONE',  ( 5.778770668839942282, -4.261443079120431854, -6.250000000000000000 ) ) ;
#1023 = CARTESIAN_POINT ( 'NONE',  ( -7.009187342263727416, -1.440725664322515476, -245.1557223032045840 ) ) ;
#1024 = B_SPLINE_SURFACE_WITH_KNOTS ( 'NONE', 1, 3, ( 
 ( #505, #2590, #2331, #474, #1936, #1166, #983, #2620, #15, #2134, #487, #519, #33, #1444 ),
 ( #1413, #747, #1703, #1400, #2827, #2146, #2575, #301, #2376, #1688, #969, #2633, #1458, #240 ) ),
 .UNSPECIFIED., .F., .F., .F.,
 ( 2, 2 ),
 ( 4, 2, 2, 2, 2, 2, 4 ),
 ( 0.000000000000000000, 1.000000000000000000 ),
 ( 0.002232388771331472732, 0.003178734395639646812, 0.004125080019947820892, 0.005071425644255994972, 0.006017771268564169052, 0.007910462517180517211, 0.009803153765796865371 ),
 .UNSPECIFIED. ) ;
#1025 = DIRECTION ( 'NONE',  ( -0.7559289460184509535, -5.367686143125225085E-16, -0.6546536707079811945 ) ) ;
#1026 = CARTESIAN_POINT ( 'NONE',  ( -5.951975749596799758, 4.261443079120430966, -0.2500000000000000000 ) ) ;
#1027 = CARTESIAN_POINT ( 'NONE',  ( -8.000000000000000000, -2.275000000000009681, -18.25000000000000355 ) ) ;
#1028 = CARTESIAN_POINT ( 'NONE',  ( 0.000000000000000000, 0.000000000000000000, -21.25000000000000000 ) ) ;
#1029 = CARTESIAN_POINT ( 'NONE',  ( 2.462787663214887512, 7.846216259435020213, -4.250000000000011546 ) ) ;
#1030 = CARTESIAN_POINT ( 'NONE',  ( -8.000000000000000000, 1.999999999999999556, -249.5000000000000568 ) ) ;
#1031 = CARTESIAN_POINT ( 'NONE',  ( -6.891432801406611297, 1.442783851536374229, -245.0408426310930565 ) ) ;
#1032 = LINE ( 'NONE', #1947, #2425 ) ;
#1033 = ADVANCED_FACE ( 'NONE', ( #2733 ), #630, .T. ) ;
#1034 = ORIENTED_EDGE ( 'NONE', *, *, #2447, .F. ) ;
#1035 = CARTESIAN_POINT ( 'NONE',  ( -5.189581991592164378, 1.482680140046608086, -243.3968232769514088 ) ) ;
#1036 = EDGE_CURVE ( 'NONE', #972, #2802, #2844, .T. ) ;
#1037 = CARTESIAN_POINT ( 'NONE',  ( -7.230186739080917135, -1.437032798281481227, -245.3715730597772051 ) ) ;
#1038 = CARTESIAN_POINT ( 'NONE',  ( -4.567348958815166782, -6.167218360552290335, -4.624999999999999112 ) ) ;
#1039 = CARTESIAN_POINT ( 'NONE',  ( -7.336602540378430071, -2.355667797688572929, -2.375000000000000444 ) ) ;
#1040 = CARTESIAN_POINT ( 'NONE',  ( 3.608439182435159154, -6.249999999999999112, -20.75000000000000000 ) ) ;
#1041 = DIRECTION ( 'NONE',  ( 0.000000000000000000, 0.000000000000000000, 1.000000000000000000 ) ) ;
#1042 = ORIENTED_EDGE ( 'NONE', *, *, #734, .T. ) ;
#1043 = AXIS2_PLACEMENT_3D ( 'NONE', #2654, #2364, #2411 ) ;
#1044 = CARTESIAN_POINT ( 'NONE',  ( -5.185382947565060796, -7.017869168904331545, -3.125000000000011546 ) ) ;
#1045 = ADVANCED_FACE ( 'NONE', ( #475 ), #506, .F. ) ;
#1046 = CARTESIAN_POINT ( 'NONE',  ( 3.500000000000002665, 0.000000000000000000, -250.0000000000000000 ) ) ;
#1047 = CARTESIAN_POINT ( 'NONE',  ( -3.864745687751458547, 1.537433428847449379, -242.1591502171042123 ) ) ;
#1048 = VECTOR ( 'NONE', #2737, 1000.000000000000000 ) ;
#1049 = DIRECTION ( 'NONE',  ( -1.000000000000000000, -1.775195331319606952E-16, 0.000000000000000000 ) ) ;
#1050 = VERTEX_POINT ( 'NONE', #2604 ) ;
#1051 =( BOUNDED_CURVE ( )  B_SPLINE_CURVE ( 2, ( #2363, #1449, #1909, #1943, #1463, #2641, #1419, #1432, #64 ),
 .UNSPECIFIED., .F., .T. ) 
 B_SPLINE_CURVE_WITH_KNOTS ( ( 3, 2, 2, 2, 3 ),
 ( 0.000000000000000000, 0.05000000000000000278, 0.1000000000000000056, 0.1499999999999999944, 0.1673496200427440628 ),
 .UNSPECIFIED. ) 
 CURVE ( )  GEOMETRIC_REPRESENTATION_ITEM ( )  RATIONAL_B_SPLINE_CURVE ( ( 1.000000000000000000, 0.9510565162951535312, 1.000000000000000000, 0.9510565162951535312, 1.000000000000000000, 0.9510565162951535312, 1.000000000000000000, 0.9830169830830535194, 0.9778199217936476284 ) ) 
 REPRESENTATION_ITEM ( '' )  );
#1052 = CARTESIAN_POINT ( 'NONE',  ( -2.326975749596798426, 6.895159743139866571, -2.750000000000000000 ) ) ;
#1053 = CARTESIAN_POINT ( 'NONE',  ( -6.978140540789211421, -1.441261453831757189, -245.1254245380323482 ) ) ;
#1054 = VECTOR ( 'NONE', #2738, 1000.000000000000000 ) ;
#1055 = CARTESIAN_POINT ( 'NONE',  ( -6.505500354618808601, -2.874999999999998668, -15.07142857142850545 ) ) ;
#1056 = CARTESIAN_POINT ( 'NONE',  ( 7.163397459621573482, -2.355667797688571596, -3.875000000000000000 ) ) ;
#1057 = CARTESIAN_POINT ( 'NONE',  ( -6.027339380983079309, 1.999999999999999112, -245.3212788992038895 ) ) ;
#1058 = DIRECTION ( 'NONE',  ( 0.5000000000000001110, 0.8660254037844384856, 0.000000000000000000 ) ) ;
#1059 = EDGE_LOOP ( 'NONE', ( #919, #454 ) ) ;
#1060 = CARTESIAN_POINT ( 'NONE',  ( -0.08660254037842900210, 8.674563349965707104, -4.125000000000011546 ) ) ;
#1061 = CARTESIAN_POINT ( 'NONE',  ( -8.336602540378430959, 2.680587493921476661, -3.874999999999987566 ) ) ;
#1062 = CARTESIAN_POINT ( 'NONE',  ( -6.690230922346399822, 1.446456123930013105, -244.8447970209854248 ) ) ;
#1063 = CARTESIAN_POINT ( 'NONE',  ( 3.608439182435159154, -6.249999999999999112, -1.673691817202324739 ) ) ;
#1064 = EDGE_CURVE ( 'NONE', #694, #1757, #2812, .T. ) ;
#1065 = ORIENTED_EDGE ( 'NONE', *, *, #472, .T. ) ;
#1066 = CARTESIAN_POINT ( 'NONE',  ( -4.959943687071624474, 1.490068376138387052, -243.1783407956103531 ) ) ;
#1067 = CARTESIAN_POINT ( 'NONE',  ( -4.285987282469788440, -1.516798976871732041, -242.5464656064710027 ) ) ;
#1068 = DIRECTION ( 'NONE',  ( 0.000000000000000000, 0.000000000000000000, -1.000000000000000000 ) ) ;
#1069 = CARTESIAN_POINT ( 'NONE',  ( -5.951975749596799758, 4.261443079120430966, -2.750000000000000000 ) ) ;
#1070 = CARTESIAN_POINT ( 'NONE',  ( -4.616557066541447263, 1.999999999999998668, -243.9530103889990187 ) ) ;
#1071 = CARTESIAN_POINT ( 'NONE',  ( 7.162792197070919187, -0.09367999061525839055, -6.004981424610863705 ) ) ;
#1072 = EDGE_CURVE ( 'NONE', #2050, #2676, #2856, .T. ) ;
#1073 = ADVANCED_FACE ( 'NONE', ( #47 ), #1414, .T. ) ;
#1074 = ORIENTED_EDGE ( 'NONE', *, *, #177, .T. ) ;
#1075 = EDGE_CURVE ( 'NONE', #1210, #1648, #2358, .T. ) ;
#1076 = CARTESIAN_POINT ( 'NONE',  ( 8.163397459621572594, 1.429718713081631260E-16, -2.250000000000011546 ) ) ;
#1077 = CARTESIAN_POINT ( 'NONE',  ( -8.336602540378430959, 2.680587493921476661, -1.374999999999987121 ) ) ;
#1078 = EDGE_CURVE ( 'NONE', #1757, #2414, #1876, .T. ) ;
#1079 = VERTEX_POINT ( 'NONE', #1870 ) ;
#1080 = CARTESIAN_POINT ( 'NONE',  ( -4.778507469871941638, 1.496856738289392919, -243.0074645335394052 ) ) ;
#1081 = EDGE_CURVE ( 'NONE', #9, #2283, #769, .T. ) ;
#1082 = ORIENTED_EDGE ( 'NONE', *, *, #2770, .F. ) ;
#1083 = CARTESIAN_POINT ( 'NONE',  ( -2.635992743971744545, -7.846216259435020213, -3.249999999999987121 ) ) ;
#1084 = EDGE_CURVE ( 'NONE', #430, #831, #1937, .T. ) ;
#1085 = CARTESIAN_POINT ( 'NONE',  ( 7.162792197070919187, -0.09367999061525839055, -3.754981424610861485 ) ) ;
#1086 = EDGE_CURVE ( 'NONE', #2725, #13, #2632, .T. ) ;
#1087 = LINE ( 'NONE', #2024, #2808 ) ;
#1088 = CARTESIAN_POINT ( 'NONE',  ( 4.901710471518018863, -5.468612877879208689, -6.329178393336845510 ) ) ;
#1089 = ORIENTED_EDGE ( 'NONE', *, *, #1622, .F. ) ;
#1090 = ADVANCED_FACE ( 'NONE', ( #2116 ), #1183, .T. ) ;
#1091 = CARTESIAN_POINT ( 'NONE',  ( 8.163397459621572594, 2.680587493921477105, -2.125000000000011102 ) ) ;
#1092 = CARTESIAN_POINT ( 'NONE',  ( 8.163397459621574370, -2.680587493921476661, -4.875000000000011546 ) ) ;
#1093 = CARTESIAN_POINT ( 'NONE',  ( 0.03711537444789679563, -0.06428571428570309387, -21.26071428571428612 ) ) ;
#1094 = CARTESIAN_POINT ( 'NONE',  ( -4.622985499598680548, 1.502701685015114919, -242.8610341144566291 ) ) ;
#1095 = AXIS2_PLACEMENT_3D ( 'NONE', #1890, #748, #1200 ) ;
#1096 = ORIENTED_EDGE ( 'NONE', *, *, #2743, .F. ) ;
#1097 = VECTOR ( 'NONE', #169, 1000.000000000000000 ) ;
#1098 = LINE ( 'NONE', #1647, #406 ) ;
#1099 = LINE ( 'NONE', #2984, #1491 ) ;
#1100 = ORIENTED_EDGE ( 'NONE', *, *, #1086, .F. ) ;
#1101 = VECTOR ( 'NONE', #2121, 1000.000000000000000 ) ;
#1102 = CIRCLE ( 'NONE', #1292, 7.249999999999999112 ) ;
#1103 = CARTESIAN_POINT ( 'NONE',  ( 3.619224080045345904, 6.231320009384727854, -0.8379190525619334418 ) ) ;
#1104 = CONICAL_SURFACE ( 'NONE', #2821, 4.000000000000000000, 0.7853981633975003485 ) ;
#1105 = PLANE ( 'NONE',  #1387 ) ;
#1106 = CARTESIAN_POINT ( 'NONE',  ( -8.000000000000000000, -7.047314121155778821E-16, -14.92820323027545015 ) ) ;
#1107 = CARTESIAN_POINT ( 'NONE',  ( 7.216878364870321860, 1.739295423971095542E-15, -3.803480905248752375 ) ) ;
#1108 = PLANE ( 'NONE',  #453 ) ;
#1109 = LINE ( 'NONE', #2273, #906 ) ;
#1110 = ORIENTED_EDGE ( 'NONE', *, *, #1618, .F. ) ;
#1111 = FACE_OUTER_BOUND ( 'NONE', #296, .T. ) ;
#1112 = EDGE_CURVE ( 'NONE', #1774, #1326, #897, .T. ) ;
#1113 = ORIENTED_EDGE ( 'NONE', *, *, #117, .F. ) ;
#1114 = DIRECTION ( 'NONE',  ( -0.6845503194452973172, -0.6845503194452973172, -0.2505628070857340850 ) ) ;
#1115 = EDGE_CURVE ( 'NONE', #205, #1326, #1641, .T. ) ;
#1116 = ORIENTED_EDGE ( 'NONE', *, *, #224, .F. ) ;
#1117 = CARTESIAN_POINT ( 'NONE',  ( 7.198888631043350195, -0.03115913300296284036, -3.466150134140599803 ) ) ;
#1118 = PLANE ( 'NONE',  #556 ) ;
#1119 = PLANE ( 'NONE',  #10 ) ;
#1120 = CARTESIAN_POINT ( 'NONE',  ( 6.587787663214888845, -4.849228331412904325, -2.500000000000011546 ) ) ;
#1121 = CARTESIAN_POINT ( 'NONE',  ( -0.08660254037842893271, -4.336808689942017736E-16, -27.75609665440987328 ) ) ;
#1122 = DIRECTION ( 'NONE',  ( -0.000000000000000000, 0.000000000000000000, 1.000000000000000000 ) ) ;
#1123 = ORIENTED_EDGE ( 'NONE', *, *, #278, .F. ) ;
#1124 = LINE ( 'NONE', #676, #1632 ) ;
#1125 = CARTESIAN_POINT ( 'NONE',  ( -8.000000000000000000, 2.274999999999984368, -18.25000000000000355 ) ) ;
#1126 = ORIENTED_EDGE ( 'NONE', *, *, #715, .F. ) ;
#1127 = CARTESIAN_POINT ( 'NONE',  ( -5.556996340950147939, -2.874999999999997780, -18.25000000000000355 ) ) ;
#1128 = VERTEX_POINT ( 'NONE', #488 ) ;
#1129 = ADVANCED_FACE ( 'NONE', ( #1427 ), #520, .T. ) ;
#1130 = CARTESIAN_POINT ( 'NONE',  ( -5.556996340950147939, -2.874999999999997780, -20.75000000000000000 ) ) ;
#1131 = VERTEX_POINT ( 'NONE', #1905 ) ;
#1132 = FACE_OUTER_BOUND ( 'NONE', #195, .T. ) ;
#1133 = CARTESIAN_POINT ( 'NONE',  ( -8.000000000000000000, -0.9555550312762812748, -246.0435510709182267 ) ) ;
#1134 = ORIENTED_EDGE ( 'NONE', *, *, #84, .F. ) ;
#1135 = CARTESIAN_POINT ( 'NONE',  ( -6.760992743971745433, -4.849228331412906101, -5.750000000000011546 ) ) ;
#1136 = DIRECTION ( 'NONE',  ( 1.000000000000000000, 0.000000000000000000, 0.000000000000000000 ) ) ;
#1137 = CARTESIAN_POINT ( 'NONE',  ( -2.635992743971744545, -7.846216259435020213, -5.749999999999987566 ) ) ;
#1138 = ORIENTED_EDGE ( 'NONE', *, *, #1269, .T. ) ;
#1139 = EDGE_CURVE ( 'NONE', #1813, #592, #305, .T. ) ;
#1140 = DIRECTION ( 'NONE',  ( -1.000000000000000000, 0.000000000000000000, 0.000000000000000000 ) ) ;
#1141 = ADVANCED_FACE ( 'NONE', ( #1704 ), #2135, .T. ) ;
#1142 = VERTEX_POINT ( 'NONE', #1239 ) ;
#1143 = AXIS2_PLACEMENT_3D ( 'NONE', #1459, #2875, #302 ) ;
#1144 = CARTESIAN_POINT ( 'NONE',  ( 0.07423074889579672764, 2.093865445612630438E-15, -21.26071428571428612 ) ) ;
#1145 = VERTEX_POINT ( 'NONE', #1736 ) ;
#1146 = VERTEX_POINT ( 'NONE', #596 ) ;
#1147 = DIRECTION ( 'NONE',  ( -0.8660254037844387076, 0.4999999999999998890, 0.000000000000000000 ) ) ;
#1148 = VECTOR ( 'NONE', #2924, 1000.000000000000000 ) ;
#1149 = PLANE ( 'NONE',  #798 ) ;
#1150 = ORIENTED_EDGE ( 'NONE', *, *, #1509, .F. ) ;
#1151 = VECTOR ( 'NONE', #1216, 1000.000000000000114 ) ;
#1152 = CARTESIAN_POINT ( 'NONE',  ( 8.942348802005377328E-18, -0.07499999999998718803, -21.25000000000000000 ) ) ;
#1153 = CARTESIAN_POINT ( 'NONE',  ( -3.637306695894642061, 4.364572855127996646E-16, -21.25000000000000000 ) ) ;
#1154 = CARTESIAN_POINT ( 'NONE',  ( -5.047665089993182086, -2.000000000000000444, -244.3683989222718083 ) ) ;
#1155 = VECTOR ( 'NONE', #2550, 999.9999999999998863 ) ;
#1156 = ORIENTED_EDGE ( 'NONE', *, *, #2931, .T. ) ;
#1157 = DIRECTION ( 'NONE',  ( 0.000000000000000000, -1.000000000000000000, 0.000000000000000000 ) ) ;
#1158 = CARTESIAN_POINT ( 'NONE',  ( 8.163397459621572594, 1.429718713081631260E-16, -4.999999999999986677 ) ) ;
#1159 = VERTEX_POINT ( 'NONE', #842 ) ;
#1160 = CARTESIAN_POINT ( 'NONE',  ( 3.619224080045343683, -6.231320009384729630, -4.162080947438067113 ) ) ;
#1161 = ORIENTED_EDGE ( 'NONE', *, *, #2482, .T. ) ;
#1162 = ORIENTED_EDGE ( 'NONE', *, *, #3043, .T. ) ;
#1163 = CARTESIAN_POINT ( 'NONE',  ( -2.326975749596797538, -6.895159743139867459, -4.250000000000000000 ) ) ;
#1164 = CARTESIAN_POINT ( 'NONE',  ( -0.04330127018921350185, 0.07499999999998832600, -21.25000000000000000 ) ) ;
#1165 = ORIENTED_EDGE ( 'NONE', *, *, #230, .F. ) ;
#1166 = CARTESIAN_POINT ( 'NONE',  ( -4.409033794140355234, -2.000000000000000444, -243.7533900708687042 ) ) ;
#1167 = CARTESIAN_POINT ( 'NONE',  ( 0.000000000000000000, 0.000000000000000000, -250.0000000000000000 ) ) ;
#1168 = CARTESIAN_POINT ( 'NONE',  ( -6.375129280433303514, -2.000000000000000000, -245.6598687870615834 ) ) ;
#1169 = EDGE_CURVE ( 'NONE', #2817, #704, #79, .T. ) ;
#1170 = ORIENTED_EDGE ( 'NONE', *, *, #2493, .T. ) ;
#1171 = CARTESIAN_POINT ( 'NONE',  ( -7.499999999999992006, -2.374999999999990230, -21.25000000000000000 ) ) ;
#1172 = CARTESIAN_POINT ( 'NONE',  ( -5.185382947565059908, -7.017869168904331545, -5.874999999999987566 ) ) ;
#1173 = ORIENTED_EDGE ( 'NONE', *, *, #717, .T. ) ;
#1174 = CARTESIAN_POINT ( 'NONE',  ( 5.778770668839940505, -4.261443079120430966, -4.000000000000000000 ) ) ;
#1175 = ORIENTED_EDGE ( 'NONE', *, *, #2810, .F. ) ;
#1176 = ORIENTED_EDGE ( 'NONE', *, *, #776, .F. ) ;
#1177 = EDGE_CURVE ( 'NONE', #212, #771, #2611, .T. ) ;
#1178 = LINE ( 'NONE', #1455, #999 ) ;
#1179 = B_SPLINE_CURVE_WITH_KNOTS ( 'NONE', 3,
 ( #69, #86, #1020, #1007 ),
 .UNSPECIFIED., .F., .F.,
 ( 4, 4 ),
 ( 6.367811387557648488E-19, 0.0001185472640386330819 ),
 .UNSPECIFIED. ) ;
#1180 = CARTESIAN_POINT ( 'NONE',  ( -8.000000000000000000, -2.000000000000000000, -249.5000000000000568 ) ) ;
#1181 = EDGE_CURVE ( 'NONE', #225, #894, #1308, .T. ) ;
#1182 = CARTESIAN_POINT ( 'NONE',  ( -8.000000000000000000, 1.999999999999999556, -247.0000000000000000 ) ) ;
#1183 = PLANE ( 'NONE',  #2224 ) ;
#1184 = FACE_OUTER_BOUND ( 'NONE', #1780, .T. ) ;
#1185 = VERTEX_POINT ( 'NONE', #334 ) ;
#1186 = CARTESIAN_POINT ( 'NONE',  ( -6.760992743971747210, 4.849228331412904325, -1.499999999999987566 ) ) ;
#1187 = LINE ( 'NONE', #2879, #2664 ) ;
#1188 = LINE ( 'NONE', #2972, #2123 ) ;
#1189 = ADVANCED_FACE ( 'NONE', ( #2887 ), #554, .T. ) ;
#1190 = PLANE ( 'NONE',  #2570 ) ;
#1191 = ORIENTED_EDGE ( 'NONE', *, *, #399, .F. ) ;
#1192 = VERTEX_POINT ( 'NONE', #2927 ) ;
#1193 = VECTOR ( 'NONE', #869, 1000.000000000000000 ) ;
#1194 = CARTESIAN_POINT ( 'NONE',  ( -5.951975749596799758, 4.261443079120431854, -4.999999999999999112 ) ) ;
#1195 = CARTESIAN_POINT ( 'NONE',  ( -7.336602540378430071, 2.355667797688571152, -2.625000000000000000 ) ) ;
#1196 = ORIENTED_EDGE ( 'NONE', *, *, #460, .T. ) ;
#1197 = ADVANCED_FACE ( 'NONE', ( #1271 ), #784, .T. ) ;
#1198 = CIRCLE ( 'NONE', #1779, 4.000000000000000000 ) ;
#1199 = CARTESIAN_POINT ( 'NONE',  ( 0.000000000000000000, 0.000000000000000000, -249.5000000000000568 ) ) ;
#1200 = DIRECTION ( 'NONE',  ( 0.000000000000000000, -0.000000000000000000, -1.000000000000000000 ) ) ;
#1201 = DIRECTION ( 'NONE',  ( 0.5000000000000001110, 0.8660254037844384856, 0.000000000000000000 ) ) ;
#1202 = VERTEX_POINT ( 'NONE', #2241 ) ;
#1203 = CARTESIAN_POINT ( 'NONE',  ( 8.163397459621574370, -2.680587493921476661, -5.124999999999987566 ) ) ;
#1204 = CARTESIAN_POINT ( 'NONE',  ( 3.615627512235313645, -6.237549447563210059, -6.408913829472108858 ) ) ;
#1205 = CARTESIAN_POINT ( 'NONE',  ( 4.901710471518033962, -5.468612877879184708, -1.579178393336842845 ) ) ;
#1206 = AXIS2_PLACEMENT_3D ( 'NONE', #883, #2351, #279 ) ;
#1207 = EDGE_CURVE ( 'NONE', #1860, #694, #263, .T. ) ;
#1208 = CARTESIAN_POINT ( 'NONE',  ( 7.180861631228028230, -0.06238281259111431304, -3.770965074533866979 ) ) ;
#1209 = EDGE_LOOP ( 'NONE', ( #159, #586, #197, #1447 ) ) ;
#1210 = VERTEX_POINT ( 'NONE', #1040 ) ;
#1211 = CARTESIAN_POINT ( 'NONE',  ( -7.336602540378430071, -2.355667797688572929, -4.875000000000000000 ) ) ;
#1212 = LINE ( 'NONE', #1425, #1711 ) ;
#1213 = ORIENTED_EDGE ( 'NONE', *, *, #1064, .T. ) ;
#1214 = CARTESIAN_POINT ( 'NONE',  ( -8.336602540378432735, -2.680587493921480213, -3.375000000000011546 ) ) ;
#1215 = CARTESIAN_POINT ( 'NONE',  ( -3.175426480542934193, 5.999999999999992895, -21.25000000000000000 ) ) ;
#1216 = DIRECTION ( 'NONE',  ( 0.3779644730092280303, 0.6546536707079789741, -0.6546536707079748663 ) ) ;
#1217 = VERTEX_POINT ( 'NONE', #2651 ) ;
#1218 = CYLINDRICAL_SURFACE ( 'NONE', #2911, 7.249999999999999112 ) ;
#1219 = FACE_OUTER_BOUND ( 'NONE', #2008, .T. ) ;
#1220 = DIRECTION ( 'NONE',  ( -0.5000000000000002220, -0.8660254037844385966, 0.000000000000000000 ) ) ;
#1221 = DIRECTION ( 'NONE',  ( -0.000000000000000000, -0.000000000000000000, -1.000000000000000000 ) ) ;
#1222 = ORIENTED_EDGE ( 'NONE', *, *, #764, .F. ) ;
#1223 = ORIENTED_EDGE ( 'NONE', *, *, #529, .F. ) ;
#1224 = CARTESIAN_POINT ( 'NONE',  ( -7.795976238684330539, 1.999999999999999112, -247.0575393734879128 ) ) ;
#1225 = CARTESIAN_POINT ( 'NONE',  ( 2.905888074020730460, 6.650781984317038820, -3.291963845693548052 ) ) ;
#1226 = CARTESIAN_POINT ( 'NONE',  ( 7.162792197070919187, -0.09367999061525839055, -6.004981424610863705 ) ) ;
#1227 = CARTESIAN_POINT ( 'NONE',  ( -8.000000000000000000, -1.500000000000003109, -250.0000000000000000 ) ) ;
#1228 = ORIENTED_EDGE ( 'NONE', *, *, #504, .F. ) ;
#1229 = CARTESIAN_POINT ( 'NONE',  ( 5.012177866808206872, -7.017869168904330657, -5.374999999999987566 ) ) ;
#1230 = CARTESIAN_POINT ( 'NONE',  ( 4.000000000000000000, 0.000000000000000000, -21.24999999999999289 ) ) ;
#1231 = CARTESIAN_POINT ( 'NONE',  ( -3.486454779835589157, 1.961283181661255703, -242.7910405842030173 ) ) ;
#1232 = DIRECTION ( 'NONE',  ( 0.4999999999999998890, 0.8660254037844387076, -0.000000000000000000 ) ) ;
#1233 = VERTEX_POINT ( 'NONE', #93 ) ;
#1234 = ORIENTED_EDGE ( 'NONE', *, *, #1084, .F. ) ;
#1235 = CARTESIAN_POINT ( 'NONE',  ( 5.778770668839942282, 4.261443079120431854, -5.750000000000000000 ) ) ;
#1236 = CYLINDRICAL_SURFACE ( 'NONE', #780, 7.249999999999999112 ) ;
#1237 = CARTESIAN_POINT ( 'NONE',  ( -7.336602540378430071, -2.355667797688572929, -4.875000000000000000 ) ) ;
#1238 = CARTESIAN_POINT ( 'NONE',  ( -8.336602540378430959, 0.000000000000000000, -6.000000000000011546 ) ) ;
#1239 = CARTESIAN_POINT ( 'NONE',  ( 3.619224080045343683, -6.231320009384729630, -4.162080947438067113 ) ) ;
#1240 = VECTOR ( 'NONE', #935, 999.9999999999998863 ) ;
#1241 = CARTESIAN_POINT ( 'NONE',  ( -8.000000000000000000, 1.425861109659345205, -246.1260740769474751 ) ) ;
#1242 = ORIENTED_EDGE ( 'NONE', *, *, #1081, .F. ) ;
#1243 = VECTOR ( 'NONE', #120, 1000.000000000000000 ) ;
#1244 = CARTESIAN_POINT ( 'NONE',  ( 6.587787663214888845, -4.849228331412904325, -2.749999999999987566 ) ) ;
#1245 = DIRECTION ( 'NONE',  ( 1.000000000000000000, 0.000000000000000000, 0.000000000000000000 ) ) ;
#1246 = AXIS2_PLACEMENT_3D ( 'NONE', #1958, #988, #1245 ) ;
#1247 = VECTOR ( 'NONE', #141, 1000.000000000000114 ) ;
#1248 = VECTOR ( 'NONE', #2385, 999.9999999999998863 ) ;
#1249 = DIRECTION ( 'NONE',  ( 0.5000000000000004441, -0.8660254037844383745, 0.000000000000000000 ) ) ;
#1250 = ORIENTED_EDGE ( 'NONE', *, *, #1601, .T. ) ;
#1251 = VECTOR ( 'NONE', #1831, 1000.000000000000000 ) ;
#1252 = VERTEX_POINT ( 'NONE', #581 ) ;
#1253 = CARTESIAN_POINT ( 'NONE',  ( 7.163397459621574370, -2.355667797688572040, -6.125000000000000888 ) ) ;
#1254 = DIRECTION ( 'NONE',  ( 0.000000000000000000, 0.000000000000000000, 1.000000000000000000 ) ) ;
#1255 = DIRECTION ( 'NONE',  ( 1.000000000000000000, 0.000000000000000000, 0.000000000000000000 ) ) ;
#1256 = CARTESIAN_POINT ( 'NONE',  ( -3.464101615137755275, 1.999999999999998668, -249.5000000000000568 ) ) ;
#1257 = PLANE ( 'NONE',  #2360 ) ;
#1258 = ORIENTED_EDGE ( 'NONE', *, *, #1883, .F. ) ;
#1259 = DIRECTION ( 'NONE',  ( -1.000000000000000000, 0.000000000000000000, 0.000000000000000000 ) ) ;
#1260 = CARTESIAN_POINT ( 'NONE',  ( 7.198890349311946046, 0.03115615687444544396, -3.462865961514651314 ) ) ;
#1261 = EDGE_CURVE ( 'NONE', #1185, #3012, #1761, .T. ) ;
#1262 = CARTESIAN_POINT ( 'NONE',  ( -5.283174608981468623, 1.480088375721819949, -243.4865821059834730 ) ) ;
#1263 = CARTESIAN_POINT ( 'NONE',  ( 3.619224080045343683, -6.231320009384729630, -1.662080947438065337 ) ) ;
#1264 = VERTEX_POINT ( 'NONE', #2915 ) ;
#1265 = ORIENTED_EDGE ( 'NONE', *, *, #2684, .F. ) ;
#1266 = CARTESIAN_POINT ( 'NONE',  ( -5.875102740089656272, 1.463810979564142079, -244.0544488424390863 ) ) ;
#1267 = CARTESIAN_POINT ( 'NONE',  ( -6.733887507178974552, -1.445615120727611558, -244.8872713774394754 ) ) ;
#1268 = CARTESIAN_POINT ( 'NONE',  ( -3.597602141410510157, -1.748634140813559723, -242.3989224050820610 ) ) ;
#1269 = EDGE_CURVE ( 'NONE', #2921, #1146, #1639, .T. ) ;
#1270 = CARTESIAN_POINT ( 'NONE',  ( -8.336602540378432735, -2.680587493921480213, -5.875000000000009770 ) ) ;
#1271 = FACE_OUTER_BOUND ( 'NONE', #1862, .T. ) ;
#1272 = DIRECTION ( 'NONE',  ( 0.3779644730092280858, 0.6546536707079788631, 0.6546536707079749773 ) ) ;
#1273 =( BOUNDED_CURVE ( )  B_SPLINE_CURVE ( 2, ( #2833, #775, #1464, #1205, #276 ),
 .UNSPECIFIED., .F., .T. ) 
 B_SPLINE_CURVE_WITH_KNOTS ( ( 3, 2, 3 ),
 ( 0.2510443363926770366, 0.2999999999999999889, 0.3322499653299438860 ),
 .UNSPECIFIED. ) 
 CURVE ( )  GEOMETRIC_REPRESENTATION_ITEM ( )  RATIONAL_B_SPLINE_CURVE ( ( 0.9979981652694693839, 0.9520787855195008698, 1.000000000000000000, 0.9684314869478405363, 0.9775863119536820633 ) ) 
 REPRESENTATION_ITEM ( '' )  );
#1274 = CARTESIAN_POINT ( 'NONE',  ( 3.619224080045345904, 6.231320009384727854, -5.587919052561933775 ) ) ;
#1275 = CARTESIAN_POINT ( 'NONE',  ( 6.587787663214888845, -4.849228331412904325, -2.749999999999987566 ) ) ;
#1276 = CARTESIAN_POINT ( 'NONE',  ( -6.487715878315990281, 1.450404413334423381, -244.6478574300322464 ) ) ;
#1277 = CARTESIAN_POINT ( 'NONE',  ( 1.818653347947320142, -3.149999999999999467, 0.000000000000000000 ) ) ;
#1278 = ADVANCED_FACE ( 'NONE', ( #2976 ), #1118, .T. ) ;
#1279 = VERTEX_POINT ( 'NONE', #2052 ) ;
#1280 = CARTESIAN_POINT ( 'NONE',  ( -4.567348958815168558, 6.167218360552291223, -2.625000000000000000 ) ) ;
#1281 = CARTESIAN_POINT ( 'NONE',  ( 3.608439182435159154, -6.249999999999999112, -4.173691817202323406 ) ) ;
#1282 = CARTESIAN_POINT ( 'NONE',  ( -4.000000000000000000, 4.898587196589412829E-16, -21.24999999999999289 ) ) ;
#1283 = CARTESIAN_POINT ( 'NONE',  ( 7.163397459621571706, 2.050719139342768207E-17, -3.750000000000000000 ) ) ;
#1284 = CARTESIAN_POINT ( 'NONE',  ( -5.237295853629263753, 1.999999999999999112, -244.5520351350895112 ) ) ;
#1285 = DIRECTION ( 'NONE',  ( 0.000000000000000000, 0.000000000000000000, 1.000000000000000000 ) ) ;
#1286 = ORIENTED_EDGE ( 'NONE', *, *, #2957, .T. ) ;
#1287 = VECTOR ( 'NONE', #2183, 1000.000000000000000 ) ;
#1288 = CARTESIAN_POINT ( 'NONE',  ( -5.185382947565062572, 7.017869168904330657, -3.875000000000010658 ) ) ;
#1289 = CARTESIAN_POINT ( 'NONE',  ( 3.612032546260070642, -6.243776111285176178, -3.905739425492884997 ) ) ;
#1290 = CARTESIAN_POINT ( 'NONE',  ( -5.547105237406936062, 1.472437680087928857, -243.7391065527158673 ) ) ;
#1291 = VECTOR ( 'NONE', #3030, 1000.000000000000114 ) ;
#1292 = AXIS2_PLACEMENT_3D ( 'NONE', #1910, #65, #1926 ) ;
#1293 = CARTESIAN_POINT ( 'NONE',  ( -8.000000000000000000, -2.000000000000000000, -249.5000000000000568 ) ) ;
#1294 = ORIENTED_EDGE ( 'NONE', *, *, #529, .T. ) ;
#1295 = VECTOR ( 'NONE', #1000, 999.9999999999998863 ) ;
#1296 = EDGE_CURVE ( 'NONE', #937, #1131, #2789, .T. ) ;
#1297 = EDGE_CURVE ( 'NONE', #1722, #3001, #363, .T. ) ;
#1298 = CARTESIAN_POINT ( 'NONE',  ( -7.336602540378431847, 2.355667797688572040, -4.875000000000000000 ) ) ;
#1299 = CARTESIAN_POINT ( 'NONE',  ( -4.801233600114699129, -1.496025231696343383, -243.0289083822911778 ) ) ;
#1300 = VECTOR ( 'NONE', #26, 1000.000000000000000 ) ;
#1301 = CARTESIAN_POINT ( 'NONE',  ( 5.778770668839940505, 4.261443079120430966, -1.000000000000000000 ) ) ;
#1302 = CARTESIAN_POINT ( 'NONE',  ( 4.394143878058310193, -6.167218360552289447, -4.124999999999999112 ) ) ;
#1303 = CARTESIAN_POINT ( 'NONE',  ( -4.620432041304312065, 1.999999999999998224, -243.9567353635484039 ) ) ;
#1304 = CARTESIAN_POINT ( 'NONE',  ( 7.162792197070920075, 0.09367999061526186000, -5.995018575389137183 ) ) ;
#1305 = ADVANCED_FACE ( 'NONE', ( #682 ), #425, .F. ) ;
#1306 = CARTESIAN_POINT ( 'NONE',  ( 8.163397459621574370, -2.680587493921476661, -2.375000000000010658 ) ) ;
#1307 = CARTESIAN_POINT ( 'NONE',  ( 7.162792197070920075, 0.09367999061526186000, -3.495018575389138071 ) ) ;
#1308 = B_SPLINE_CURVE_WITH_KNOTS ( 'NONE', 3,
 ( #609, #1014, #1543, #1954 ),
 .UNSPECIFIED., .F., .F.,
 ( 4, 4 ),
 ( 0.000000000000000000, 2.380358294404633546E-05 ),
 .UNSPECIFIED. ) ;
#1309 = CARTESIAN_POINT ( 'NONE',  ( -4.705519495909192607, 1.499561522775327171, -242.9386724330862819 ) ) ;
#1310 = DIRECTION ( 'NONE',  ( -0.000000000000000000, -0.000000000000000000, -1.000000000000000000 ) ) ;
#1311 = VERTEX_POINT ( 'NONE', #2730 ) ;
#1312 = CARTESIAN_POINT ( 'NONE',  ( -2.635992743971745433, 7.846216259435018436, -4.249999999999987566 ) ) ;
#1313 = DIRECTION ( 'NONE',  ( 0.5000000000000001110, -0.8660254037844385966, -0.000000000000000000 ) ) ;
#1314 = VECTOR ( 'NONE', #104, 1000.000000000000000 ) ;
#1315 = ADVANCED_FACE ( 'NONE', ( #1585 ), #2758, .T. ) ;
#1316 = CARTESIAN_POINT ( 'NONE',  ( -7.400000000000011013, -2.874999999999999112, -18.25000000000000355 ) ) ;
#1317 = CARTESIAN_POINT ( 'NONE',  ( 3.619224080045345904, 6.231320009384727854, -3.337919052561935551 ) ) ;
#1318 = CARTESIAN_POINT ( 'NONE',  ( 7.133021482971699356, -2.397476742766114555, -6.127742253079684787 ) ) ;
#1319 = CARTESIAN_POINT ( 'NONE',  ( 6.587787663214888845, 4.849228331412904325, -4.500000000000010658 ) ) ;
#1320 = LINE ( 'NONE', #2904, #1395 ) ;
#1321 = LINE ( 'NONE', #2935, #2369 ) ;
#1322 = EDGE_CURVE ( 'NONE', #1461, #1774, #151, .T. ) ;
#1323 = ORIENTED_EDGE ( 'NONE', *, *, #1941, .F. ) ;
#1324 = CARTESIAN_POINT ( 'NONE',  ( -0.08660254037842778085, -8.674563349965707104, -5.624999999999987566 ) ) ;
#1325 = DIRECTION ( 'NONE',  ( 1.000000000000000000, 1.775195331319606952E-16, 0.000000000000000000 ) ) ;
#1326 = VERTEX_POINT ( 'NONE', #1567 ) ;
#1327 = CARTESIAN_POINT ( 'NONE',  ( 5.778770668839942282, 4.261443079120431854, -3.250000000000000000 ) ) ;
#1328 = LINE ( 'NONE', #2299, #1930 ) ;
#1329 = DIRECTION ( 'NONE',  ( -0.000000000000000000, -0.000000000000000000, 1.000000000000000000 ) ) ;
#1330 = AXIS2_PLACEMENT_3D ( 'NONE', #2098, #2528, #2039 ) ;
#1331 = EDGE_CURVE ( 'NONE', #1829, #2295, #1087, .T. ) ;
#1332 = CARTESIAN_POINT ( 'NONE',  ( -5.185382947565061684, 7.017869168904330657, -3.875000000000011102 ) ) ;
#1333 = DIRECTION ( 'NONE',  ( -1.000000000000000000, 0.000000000000000000, 0.000000000000000000 ) ) ;
#1334 = CARTESIAN_POINT ( 'NONE',  ( -7.699999999999991296, 2.574999999999992628, -21.05000000000000782 ) ) ;
#1335 = ORIENTED_EDGE ( 'NONE', *, *, #2770, .T. ) ;
#1336 = CONICAL_SURFACE ( 'NONE', #17, 4.000000000000000000, 0.7853981633975003485 ) ;
#1337 = ADVANCED_FACE ( 'NONE', ( #2495 ), #2285, .T. ) ;
#1338 = FACE_OUTER_BOUND ( 'NONE', #2586, .T. ) ;
#1339 = FACE_OUTER_BOUND ( 'NONE', #598, .T. ) ;
#1340 = ORIENTED_EDGE ( 'NONE', *, *, #2715, .T. ) ;
#1341 = VECTOR ( 'NONE', #2912, 1000.000000000000000 ) ;
#1342 = CARTESIAN_POINT ( 'NONE',  ( -8.374656806384361829, 1.900343193615622761, -16.20283713911288004 ) ) ;
#1343 = ORIENTED_EDGE ( 'NONE', *, *, #527, .F. ) ;
#1344 = VECTOR ( 'NONE', #2832, 1000.000000000000000 ) ;
#1345 = CARTESIAN_POINT ( 'NONE',  ( 7.162792197070919187, -0.09367999061525839055, -3.504981424610861040 ) ) ;
#1346 = VECTOR ( 'NONE', #448, 1000.000000000000000 ) ;
#1347 = DIRECTION ( 'NONE',  ( 0.8660254037844384856, 0.5000000000000004441, -0.000000000000000000 ) ) ;
#1348 = PLANE ( 'NONE',  #2505 ) ;
#1349 = ORIENTED_EDGE ( 'NONE', *, *, #2669, .F. ) ;
#1350 = CARTESIAN_POINT ( 'NONE',  ( -5.185382947565059908, -7.017869168904331545, -5.625000000000009770 ) ) ;
#1351 = FACE_OUTER_BOUND ( 'NONE', #62, .T. ) ;
#1352 = DIRECTION ( 'NONE',  ( 1.000000000000000000, 7.100781325278432738E-16, -0.000000000000000000 ) ) ;
#1353 = B_SPLINE_CURVE_WITH_KNOTS ( 'NONE', 3,
 ( #21, #493, #275, #322 ),
 .UNSPECIFIED., .F., .F.,
 ( 4, 4 ),
 ( 0.000000000000000000, 2.380358294404970326E-05 ),
 .UNSPECIFIED. ) ;
#1354 = ORIENTED_EDGE ( 'NONE', *, *, #1358, .T. ) ;
#1355 = PLANE ( 'NONE',  #1687 ) ;
#1356 = ADVANCED_FACE ( 'NONE', ( #1132 ), #2311, .T. ) ;
#1357 =( NAMED_UNIT ( * ) SI_UNIT ( $, .STERADIAN. ) SOLID_ANGLE_UNIT ( ) );
#1358 = EDGE_CURVE ( 'NONE', #2851, #225, #1328, .T. ) ;
#1359 = ORIENTED_EDGE ( 'NONE', *, *, #594, .F. ) ;
#1360 = CARTESIAN_POINT ( 'NONE',  ( 3.594570747539061362, 6.249999999999180211, -5.582696143261304478 ) ) ;
#1361 = VERTEX_POINT ( 'NONE', #2508 ) ;
#1362 = DIRECTION ( 'NONE',  ( -1.000000000000000000, 1.201851678989727324E-16, 0.000000000000000000 ) ) ;
#1363 = DIRECTION ( 'NONE',  ( 0.000000000000000000, 0.000000000000000000, 1.000000000000000000 ) ) ;
#1364 = LINE ( 'NONE', #452, #1434 ) ;
#1365 = ADVANCED_FACE ( 'NONE', ( #654 ), #165, .T. ) ;
#1366 = CARTESIAN_POINT ( 'NONE',  ( -2.635992743971744545, -7.846216259435020213, -5.749999999999987566 ) ) ;
#1367 = CARTESIAN_POINT ( 'NONE',  ( 7.133021482971700244, 2.397476742766110114, -3.622257746920316102 ) ) ;
#1368 = CARTESIAN_POINT ( 'NONE',  ( -5.185382947565060796, -7.017869168904331545, -5.874999999999986677 ) ) ;
#1369 = ADVANCED_FACE ( 'NONE', ( #198 ), #1105, .F. ) ;
#1370 = ORIENTED_EDGE ( 'NONE', *, *, #2792, .T. ) ;
#1371 = CARTESIAN_POINT ( 'NONE',  ( -0.08660254037842797514, -7.623101125727440142, -6.625000000000000888 ) ) ;
#1372 = ORIENTED_EDGE ( 'NONE', *, *, #1072, .F. ) ;
#1373 = APPLICATION_CONTEXT ( 'automotive_design' ) ;
#1374 = CARTESIAN_POINT ( 'NONE',  ( -3.688564984449577810, -1.547413440385445149, -241.9999931137685110 ) ) ;
#1375 = ORIENTED_EDGE ( 'NONE', *, *, #1322, .T. ) ;
#1376 = VERTEX_POINT ( 'NONE', #1836 ) ;
#1377 = DIRECTION ( 'NONE',  ( 1.000000000000000000, 7.100781325278432738E-16, 0.000000000000000000 ) ) ;
#1378 = FACE_OUTER_BOUND ( 'NONE', #692, .T. ) ;
#1379 = CARTESIAN_POINT ( 'NONE',  ( 5.012177866808206872, -7.017869168904330657, -2.625000000000011102 ) ) ;
#1380 = CARTESIAN_POINT ( 'NONE',  ( 1.818653347947320142, 3.150000000000000355, -18.17500000000000782 ) ) ;
#1381 = CARTESIAN_POINT ( 'NONE',  ( 5.012177866808205984, 7.017869168904329769, -4.624999999999987566 ) ) ;
#1382 = ORIENTED_EDGE ( 'NONE', *, *, #545, .T. ) ;
#1383 = CARTESIAN_POINT ( 'NONE',  ( 3.587632073796339416, -6.249999999999998224, -6.414119575019628705 ) ) ;
#1384 = EDGE_CURVE ( 'NONE', #872, #2736, #2775, .T. ) ;
#1385 = CARTESIAN_POINT ( 'NONE',  ( -8.336602540378432735, 2.680587493921476661, -3.874999999999987566 ) ) ;
#1386 = ORIENTED_EDGE ( 'NONE', *, *, #316, .F. ) ;
#1387 = AXIS2_PLACEMENT_3D ( 'NONE', #2066, #3004, #902 ) ;
#1388 = CARTESIAN_POINT ( 'NONE',  ( 3.608439182435159154, -6.249999999999999112, -20.75000000000000000 ) ) ;
#1389 = VERTEX_POINT ( 'NONE', #1598 ) ;
#1390 = VERTEX_POINT ( 'NONE', #2540 ) ;
#1391 = CARTESIAN_POINT ( 'NONE',  ( 2.153770668839940505, 6.895159743139866571, -5.500000000000000000 ) ) ;
#1392 = VECTOR ( 'NONE', #1646, 1000.000000000000000 ) ;
#1393 = FACE_OUTER_BOUND ( 'NONE', #1964, .T. ) ;
#1394 = EDGE_CURVE ( 'NONE', #1637, #1775, #1499, .T. ) ;
#1395 = VECTOR ( 'NONE', #128, 1000.000000000000000 ) ;
#1396 = VERTEX_POINT ( 'NONE', #1864 ) ;
#1397 = B_SPLINE_CURVE_WITH_KNOTS ( 'NONE', 3,
 ( #1731, #369, #2923, #591, #1037, #2475, #1023, #1053, #827, #2692, #551, #1267, #1526, #2445, #74, #1496, #1980, #578, #345, #1511, #383, #1967, #1746, #2010, #2223, #2178, #782, #1717, #2897, #119, #2458, #796, #811, #2661, #564, #2434, #1299, #2238, #2648, #134, #1012, #1951, #1067, #2939, #2709, #2884, #149, #1374 ),
 .UNSPECIFIED., .F., .F.,
 ( 4, 2, 1, 1, 1, 2, 2, 1, 2, 2, 1, 1, 1, 1, 2, 2, 1, 1, 1, 2, 2, 1, 1, 1, 2, 2, 2, 1, 1, 2, 2, 4 ),
 ( 0.000000000000000000, 0.1249999999999480971, 0.1874999999999271971, 0.2187499999999167333, 0.2343749999999115152, 0.2421874999999139577, 0.2499999999999164002, 0.3124999999999545919, 0.3281249999999692468, 0.3437499999999838463, 0.3750000000000132672, 0.4375000000000721645, 0.4687500000001018075, 0.4843750000001115774, 0.4921875000001162404, 0.5000000000001210143, 0.5625000000001492140, 0.5937500000001633138, 0.6093750000001654232, 0.6171875000001613154, 0.6250000000001570966, 0.6875000000000891509, 0.7187500000000549560, 0.7343750000000378586, 0.7421875000000293099, 0.7500000000000207612, 0.8124999999999961142, 0.8437499999999837907, 0.8593749999999827915, 0.8671874999999822364, 0.8749999999999815703, 1.000000000000000000 ),
 .UNSPECIFIED. ) ;
#1398 = AXIS2_PLACEMENT_3D ( 'NONE', #909, #2290, #2043 ) ;
#1399 = EDGE_CURVE ( 'NONE', #2851, #972, #994, .T. ) ;
#1400 = CARTESIAN_POINT ( 'NONE',  ( -4.265485804619470578, -1.517145137768154850, -242.5262671079286747 ) ) ;
#1401 = CARTESIAN_POINT ( 'NONE',  ( -8.000000000000000000, 1.999999999999999556, -249.5000000000000568 ) ) ;
#1402 = PLANE ( 'NONE',  #1398 ) ;
#1403 = ORIENTED_EDGE ( 'NONE', *, *, #2184, .T. ) ;
#1404 = CARTESIAN_POINT ( 'NONE',  ( 3.608439182435160930, 6.249999999999996447, -5.576308182797678370 ) ) ;
#1405 = CARTESIAN_POINT ( 'NONE',  ( 2.462787663214888401, -7.846216259435018436, -2.999999999999987566 ) ) ;
#1406 = EDGE_CURVE ( 'NONE', #2725, #280, #644, .T. ) ;
#1407 = ORIENTED_EDGE ( 'NONE', *, *, #799, .F. ) ;
#1408 = CARTESIAN_POINT ( 'NONE',  ( 7.216878364870321860, 1.739295423971095542E-15, 0.000000000000000000 ) ) ;
#1409 = ORIENTED_EDGE ( 'NONE', *, *, #1504, .F. ) ;
#1410 = ORIENTED_EDGE ( 'NONE', *, *, #2684, .T. ) ;
#1411 = FACE_OUTER_BOUND ( 'NONE', #2361, .T. ) ;
#1412 = DIRECTION ( 'NONE',  ( -1.000000000000000000, -3.552713678800500929E-15, 0.000000000000000000 ) ) ;
#1413 = CARTESIAN_POINT ( 'NONE',  ( -3.316589797250698357, -1.571145760103578759, -241.6699137432259761 ) ) ;
#1414 = PLANE ( 'NONE',  #2073 ) ;
#1415 = DIRECTION ( 'NONE',  ( -0.5000000000000003331, 0.8660254037844383745, 0.000000000000000000 ) ) ;
#1416 = EDGE_CURVE ( 'NONE', #29, #1679, #2144, .T. ) ;
#1417 = ORIENTED_EDGE ( 'NONE', *, *, #1384, .T. ) ;
#1418 = CARTESIAN_POINT ( 'NONE',  ( -8.000000000000000000, -2.874999999999999556, -20.75000000000000000 ) ) ;
#1419 = CARTESIAN_POINT ( 'NONE',  ( 2.153770668839940505, 6.895159743139866571, -3.000000000000000000 ) ) ;
#1420 = CARTESIAN_POINT ( 'NONE',  ( -6.760992743971745433, -4.849228331412906101, -3.499999999999987566 ) ) ;
#1421 = EDGE_LOOP ( 'NONE', ( #540, #1991, #2628, #1902 ) ) ;
#1422 = ORIENTED_EDGE ( 'NONE', *, *, #1207, .F. ) ;
#1423 = ORIENTED_EDGE ( 'NONE', *, *, #2715, .F. ) ;
#1424 = CARTESIAN_POINT ( 'NONE',  ( 2.905888074020731349, 6.650781984317039708, -5.541963845693548052 ) ) ;
#1425 = CARTESIAN_POINT ( 'NONE',  ( 3.608439182435159154, -6.249999999999999112, -7.249999999999999112 ) ) ;
#1426 = CARTESIAN_POINT ( 'NONE',  ( 2.462787663214887512, 7.846216259435020213, -1.750000000000011546 ) ) ;
#1427 = FACE_OUTER_BOUND ( 'NONE', #1480, .T. ) ;
#1428 = DIRECTION ( 'NONE',  ( 0.5000000000000003331, -0.8660254037844383745, 0.000000000000000000 ) ) ;
#1429 = ORIENTED_EDGE ( 'NONE', *, *, #685, .F. ) ;
#1430 = ADVANCED_FACE ( 'NONE', ( #1899 ), #2571, .T. ) ;
#1431 = CARTESIAN_POINT ( 'NONE',  ( 8.163397459621572594, 1.429718713081631260E-16, -2.499999999999987566 ) ) ;
#1432 = CARTESIAN_POINT ( 'NONE',  ( 2.905888074020865464, 6.650781984316996187, -3.041963845693555601 ) ) ;
#1433 = PLANE ( 'NONE',  #1043 ) ;
#1434 = VECTOR ( 'NONE', #439, 1000.000000000000000 ) ;
#1435 = B_SPLINE_CURVE_WITH_KNOTS ( 'NONE', 3,
 ( #1814, #2524, #1360, #2296 ),
 .UNSPECIFIED., .F., .F.,
 ( 4, 4 ),
 ( 0.000000000000000000, 2.290335325371261867E-05 ),
 .UNSPECIFIED. ) ;
#1436 = SURFACE_STYLE_FILL_AREA ( #1663 ) ;
#1437 = ORIENTED_EDGE ( 'NONE', *, *, #177, .F. ) ;
#1438 = ORIENTED_EDGE ( 'NONE', *, *, #2467, .T. ) ;
#1439 = AXIS2_PLACEMENT_3D ( 'NONE', #1772, #318, #2462 ) ;
#1440 = CARTESIAN_POINT ( 'NONE',  ( -3.608439182435158710, -6.249999999999999112, -21.25000000000000000 ) ) ;
#1441 = CARTESIAN_POINT ( 'NONE',  ( 3.615627532913555431, 6.237549411747711048, -3.084054643494288594 ) ) ;
#1442 = VERTEX_POINT ( 'NONE', #451 ) ;
#1443 = AXIS2_PLACEMENT_3D ( 'NONE', #403, #2996, #2319 ) ;
#1444 = CARTESIAN_POINT ( 'NONE',  ( -8.244926566538349988, -2.000000000000000000, -247.5008049472119183 ) ) ;
#1445 = DIRECTION ( 'NONE',  ( 0.000000000000000000, -0.000000000000000000, -1.000000000000000000 ) ) ;
#1446 = CARTESIAN_POINT ( 'NONE',  ( -4.999999999999968026, -0.1250000000000295874, -23.74999999999998579 ) ) ;
#1447 = ORIENTED_EDGE ( 'NONE', *, *, #472, .F. ) ;
#1448 = CARTESIAN_POINT ( 'NONE',  ( 5.012177866808204207, 7.017869168904329769, -4.624999999999987566 ) ) ;
#1449 = CARTESIAN_POINT ( 'NONE',  ( -7.336602540378431847, 2.355667797688571596, -2.375000000000000000 ) ) ;
#1450 = CARTESIAN_POINT ( 'NONE',  ( 3.587632073796342969, 6.249999999999996447, -27.75609665440987328 ) ) ;
#1451 =( GEOMETRIC_REPRESENTATION_CONTEXT ( 3 ) GLOBAL_UNCERTAINTY_ASSIGNED_CONTEXT ( ( #204 ) ) GLOBAL_UNIT_ASSIGNED_CONTEXT ( ( #2060, #176, #1357 ) ) REPRESENTATION_CONTEXT ( 'NONE', 'WORKASPACE' ) );
#1452 = SURFACE_SIDE_STYLE ('',( #1436 ) ) ;
#1453 = ORIENTED_EDGE ( 'NONE', *, *, #2384, .T. ) ;
#1454 = ORIENTED_EDGE ( 'NONE', *, *, #352, .F. ) ;
#1455 = CARTESIAN_POINT ( 'NONE',  ( 3.587632073796339416, -6.249999999999998224, -27.75609665440987328 ) ) ;
#1456 = DIRECTION ( 'NONE',  ( -0.000000000000000000, -0.000000000000000000, -1.000000000000000000 ) ) ;
#1457 = CARTESIAN_POINT ( 'NONE',  ( -5.556996340950147051, -2.874999999999997780, -20.75000000000000000 ) ) ;
#1458 = CARTESIAN_POINT ( 'NONE',  ( -8.362959094072063948, -1.421047218490046005, -246.4825005067050370 ) ) ;
#1459 = CARTESIAN_POINT ( 'NONE',  ( -3.608439182435158710, -6.249999999999999112, -20.75000000000000000 ) ) ;
#1460 = CARTESIAN_POINT ( 'NONE',  ( 3.619224080045343683, -6.231320009384729630, -4.162080947438067113 ) ) ;
#1461 = VERTEX_POINT ( 'NONE', #43 ) ;
#1462 = CARTESIAN_POINT ( 'NONE',  ( -2.635992743971744545, -7.846216259435020213, -3.249999999999987121 ) ) ;
#1463 = CARTESIAN_POINT ( 'NONE',  ( -2.326975749596798426, 6.895159743139866571, -2.750000000000000000 ) ) ;
#1464 = CARTESIAN_POINT ( 'NONE',  ( 5.778770668839940505, -4.261443079120430966, -1.500000000000000000 ) ) ;
#1465 =( NAMED_UNIT ( * ) SI_UNIT ( $, .STERADIAN. ) SOLID_ANGLE_UNIT ( ) );
#1466 = ORIENTED_EDGE ( 'NONE', *, *, #1086, .T. ) ;
#1467 = EDGE_LOOP ( 'NONE', ( #1887, #2020, #1008, #2174 ) ) ;
#1468 = CARTESIAN_POINT ( 'NONE',  ( -2.326975749596797538, -6.895159743139867459, -4.250000000000000000 ) ) ;
#1469 = DIRECTION ( 'NONE',  ( 0.000000000000000000, 0.000000000000000000, 1.000000000000000000 ) ) ;
#1470 = DIRECTION ( 'NONE',  ( -0.000000000000000000, -0.000000000000000000, -1.000000000000000000 ) ) ;
#1471 = CARTESIAN_POINT ( 'NONE',  ( 2.153770668839940061, 6.895159743139864794, -3.250000000000000444 ) ) ;
#1472 = DIRECTION ( 'NONE',  ( 1.000000000000000000, 0.000000000000000000, 0.000000000000000000 ) ) ;
#1473 = FACE_OUTER_BOUND ( 'NONE', #2565, .T. ) ;
#1474 = VERTEX_POINT ( 'NONE', #2097 ) ;
#1475 = CARTESIAN_POINT ( 'NONE',  ( -5.185382947565061684, 7.017869168904330657, -1.624999999999987566 ) ) ;
#1476 = CARTESIAN_POINT ( 'NONE',  ( 3.608439182435159154, -6.249999999999999112, -6.402557793534178643 ) ) ;
#1477 = CARTESIAN_POINT ( 'NONE',  ( 7.180860098804505043, 0.06238546682652267722, -1.264360330944164001 ) ) ;
#1478 = CARTESIAN_POINT ( 'NONE',  ( 3.612032568568870783, -6.243776072645208508, -1.669815663583727572 ) ) ;
#1479 = ORIENTED_EDGE ( 'NONE', *, *, #2091, .T. ) ;
#1480 = EDGE_LOOP ( 'NONE', ( #1335, #946, #2769, #1752 ) ) ;
#1481 = CARTESIAN_POINT ( 'NONE',  ( -7.336602540378432735, 0.000000000000000000, -2.250000000000000000 ) ) ;
#1482 = LINE ( 'NONE', #2209, #1314 ) ;
#1483 = FACE_OUTER_BOUND ( 'NONE', #1594, .T. ) ;
#1484 = ADVANCED_FACE ( 'NONE', ( #1411 ), #1666, .T. ) ;
#1485 = CARTESIAN_POINT ( 'NONE',  ( 8.163397459621572594, 2.680587493921477105, -4.625000000000011546 ) ) ;
#1486 = CARTESIAN_POINT ( 'NONE',  ( -3.367226148552080467, 1.832206769866669083, -249.6677932301333556 ) ) ;
#1487 = VECTOR ( 'NONE', #271, 1000.000000000000000 ) ;
#1488 = FACE_OUTER_BOUND ( 'NONE', #2529, .T. ) ;
#1489 = CARTESIAN_POINT ( 'NONE',  ( -6.760992743971745433, -4.849228331412906101, -5.750000000000011546 ) ) ;
#1490 = CARTESIAN_POINT ( 'NONE',  ( -5.556996340950146163, 2.875000000000002220, -20.75000000000000000 ) ) ;
#1491 = VECTOR ( 'NONE', #2537, 1000.000000000000000 ) ;
#1492 = EDGE_CURVE ( 'NONE', #1311, #1650, #1916, .T. ) ;
#1493 = ORIENTED_EDGE ( 'NONE', *, *, #211, .F. ) ;
#1494 = EDGE_LOOP ( 'NONE', ( #2971, #709, #2334, #234 ) ) ;
#1495 = CARTESIAN_POINT ( 'NONE',  ( -6.557234621042203671, 1.448319894508731664, -244.7142590686055144 ) ) ;
#1496 = CARTESIAN_POINT ( 'NONE',  ( -6.487732403045156637, -1.450400158812376938, -244.6478726318202632 ) ) ;
#1497 = B_SPLINE_CURVE_WITH_KNOTS ( 'NONE', 3,
 ( #1476, #1694, #1204, #2189 ),
 .UNSPECIFIED., .F., .F.,
 ( 4, 4 ),
 ( 9.697399036122160616E-19, 2.357851831913770186E-05 ),
 .UNSPECIFIED. ) ;
#1498 = CARTESIAN_POINT ( 'NONE',  ( 0.000000000000000000, 0.000000000000000000, -249.5000000000000568 ) ) ;
#1499 =( BOUNDED_CURVE ( )  B_SPLINE_CURVE ( 2, ( #3021, #31, #2371, #283, #2616, #501, #470, #1211, #931 ),
 .UNSPECIFIED., .F., .T. ) 
 B_SPLINE_CURVE_WITH_KNOTS ( ( 3, 2, 2, 2, 3 ),
 ( 0.8326503799572589903, 0.8499999999999999778, 0.9000000000000000222, 0.9499999999999999556, 1.000000000000000000 ),
 .UNSPECIFIED. ) 
 CURVE ( )  GEOMETRIC_REPRESENTATION_ITEM ( )  RATIONAL_B_SPLINE_CURVE ( ( 0.9778199217936496268, 0.9830169830830566280, 1.000000000000000000, 0.9510565162951535312, 1.000000000000000000, 0.9510565162951535312, 1.000000000000000000, 0.9510565162951535312, 1.000000000000000000 ) ) 
 REPRESENTATION_ITEM ( '' )  );
#1500 = CARTESIAN_POINT ( 'NONE',  ( -0.08660254037842891883, 7.623101125727436589, -3.124999999999999556 ) ) ;
#1501 = DIRECTION ( 'NONE',  ( -0.000000000000000000, -0.000000000000000000, -1.000000000000000000 ) ) ;
#1502 = CARTESIAN_POINT ( 'NONE',  ( 3.637306695894642505, 1.852225938362957492E-15, 0.000000000000000000 ) ) ;
#1503 = ORIENTED_EDGE ( 'NONE', *, *, #52, .T. ) ;
#1504 = EDGE_CURVE ( 'NONE', #2753, #355, #3040, .T. ) ;
#1505 = CARTESIAN_POINT ( 'NONE',  ( 3.608439182435159154, -6.249999999999999112, -3.902557793534176867 ) ) ;
#1506 = CARTESIAN_POINT ( 'NONE',  ( 7.162792197070919187, -0.09367999061525839055, -3.504981424610861040 ) ) ;
#1507 = CARTESIAN_POINT ( 'NONE',  ( -4.000000000000000000, 4.898587196589412829E-16, -242.0000000000000000 ) ) ;
#1508 = ORIENTED_EDGE ( 'NONE', *, *, #1751, .T. ) ;
#1509 = EDGE_CURVE ( 'NONE', #1390, #2075, #1178, .T. ) ;
#1510 = CARTESIAN_POINT ( 'NONE',  ( -5.317051903289548243, 1.999999999999998668, -244.6294919673653396 ) ) ;
#1511 = CARTESIAN_POINT ( 'NONE',  ( -5.942202473255015605, -1.462376702901643011, -244.1194984460236412 ) ) ;
#1512 = DIRECTION ( 'NONE',  ( -0.000000000000000000, -0.000000000000000000, 1.000000000000000000 ) ) ;
#1513 = CARTESIAN_POINT ( 'NONE',  ( 5.778770668839940505, 4.261443079120430966, -3.500000000000000000 ) ) ;
#1514 = CARTESIAN_POINT ( 'NONE',  ( -5.751324553313470034, 1.999999999999999112, -245.0520471940978098 ) ) ;
#1515 = CARTESIAN_POINT ( 'NONE',  ( -8.000000000000000000, -1.425854337823452944, -246.1260728887137361 ) ) ;
#1516 = ORIENTED_EDGE ( 'NONE', *, *, #1941, .T. ) ;
#1517 = LINE ( 'NONE', #2244, #2566 ) ;
#1518 = CARTESIAN_POINT ( 'NONE',  ( -6.760992743971745433, -4.849228331412906101, -3.499999999999987566 ) ) ;
#1519 = ADVANCED_FACE ( 'NONE', ( #2341 ), #1336, .T. ) ;
#1520 = ORIENTED_EDGE ( 'NONE', *, *, #1181, .T. ) ;
#1521 = CARTESIAN_POINT ( 'NONE',  ( -4.157629537922542973, 1.522711533978417853, -242.4276834328209702 ) ) ;
#1522 = LINE ( 'NONE', #1976, #1584 ) ;
#1523 = VECTOR ( 'NONE', #1805, 999.9999999999998863 ) ;
#1524 = ORIENTED_EDGE ( 'NONE', *, *, #3032, .F. ) ;
#1525 = CARTESIAN_POINT ( 'NONE',  ( -4.567348958815166782, -6.167218360552292111, -4.375000000000000000 ) ) ;
#1526 = CARTESIAN_POINT ( 'NONE',  ( -6.624832149566045381, -1.447707643725583138, -244.7811675124658564 ) ) ;
#1527 = CARTESIAN_POINT ( 'NONE',  ( 3.612032546260070642, 6.243776111285172625, -0.8442605745071150025 ) ) ;
#1528 = CARTESIAN_POINT ( 'NONE',  ( 5.778770668839940505, -4.261443079120430966, -4.000000000000000000 ) ) ;
#1529 = CARTESIAN_POINT ( 'NONE',  ( -7.563606791659398532, 1.999999999999999556, -246.8285307406171398 ) ) ;
#1530 = DIRECTION ( 'NONE',  ( 1.000000000000000000, 0.000000000000000000, -0.000000000000000000 ) ) ;
#1531 = VECTOR ( 'NONE', #397, 1000.000000000000000 ) ;
#1532 = DIRECTION ( 'NONE',  ( -0.000000000000000000, -0.000000000000000000, -1.000000000000000000 ) ) ;
#1533 = LINE ( 'NONE', #2700, #1833 ) ;
#1534 = CARTESIAN_POINT ( 'NONE',  ( -4.194018785302397134, 1.521008278171230632, -242.4613045111239273 ) ) ;
#1535 = VECTOR ( 'NONE', #2037, 1000.000000000000000 ) ;
#1536 = VECTOR ( 'NONE', #2153, 1000.000000000000000 ) ;
#1537 = EDGE_LOOP ( 'NONE', ( #927, #251, #1867, #528 ) ) ;
#1538 = VECTOR ( 'NONE', #1041, 1000.000000000000000 ) ;
#1539 = CARTESIAN_POINT ( 'NONE',  ( 8.163397459621572594, 1.429718713081631260E-16, -2.499999999999987566 ) ) ;
#1540 = CARTESIAN_POINT ( 'NONE',  ( -0.8443747686898385174, 1.612499999999993605, -21.25000000000000000 ) ) ;
#1541 = MECHANICAL_DESIGN_GEOMETRIC_PRESENTATION_REPRESENTATION (  '', ( #708 ), #565 ) ;
#1542 = CARTESIAN_POINT ( 'NONE',  ( 7.162792197070920075, 0.09367999061526186000, -1.245018575389139626 ) ) ;
#1543 = CARTESIAN_POINT ( 'NONE',  ( 3.601506423034953386, -6.250000000000000888, -6.406417013156849194 ) ) ;
#1544 = LINE ( 'NONE', #597, #1940 ) ;
#1545 = DIRECTION ( 'NONE',  ( 0.5000000000000001110, -0.8660254037844385966, 0.000000000000000000 ) ) ;
#1546 = ADVANCED_FACE ( 'NONE', ( #298 ), #96, .T. ) ;
#1547 = EDGE_CURVE ( 'NONE', #950, #2728, #2009, .T. ) ;
#1548 = CARTESIAN_POINT ( 'NONE',  ( 2.462787663214887512, 7.846216259435020213, -1.999999999999987566 ) ) ;
#1549 = CARTESIAN_POINT ( 'NONE',  ( -4.741259550638683429, 1.498230329978280650, -242.9723455363287883 ) ) ;
#1550 = EDGE_LOOP ( 'NONE', ( #632, #2569, #282, #2516 ) ) ;
#1551 = CARTESIAN_POINT ( 'NONE',  ( 3.608439182435159154, -6.249999999999999112, -20.75000000000000000 ) ) ;
#1552 = ORIENTED_EDGE ( 'NONE', *, *, #1139, .F. ) ;
#1553 = LINE ( 'NONE', #2975, #606 ) ;
#1554 = ADVANCED_FACE ( 'NONE', ( #810 ), #1797, .T. ) ;
#1555 = CARTESIAN_POINT ( 'NONE',  ( -8.000000000000000000, 2.875000000000001776, -18.25000000000000355 ) ) ;
#1556 = FACE_OUTER_BOUND ( 'NONE', #1421, .T. ) ;
#1557 = ORIENTED_EDGE ( 'NONE', *, *, #1573, .F. ) ;
#1558 = CARTESIAN_POINT ( 'NONE',  ( 5.012177866808204207, 7.017869168904329769, -1.875000000000010880 ) ) ;
#1559 = CARTESIAN_POINT ( 'NONE',  ( 7.216878364870321860, 1.739295423971095542E-15, -1.303480905248750155 ) ) ;
#1560 = CARTESIAN_POINT ( 'NONE',  ( -8.000000000000000000, 1.425861109659345205, -246.1260740769474751 ) ) ;
#1561 = ORIENTED_EDGE ( 'NONE', *, *, #2894, .T. ) ;
#1562 = DIRECTION ( 'NONE',  ( 1.000000000000000000, 0.000000000000000000, 0.000000000000000000 ) ) ;
#1563 = ORIENTED_EDGE ( 'NONE', *, *, #1416, .F. ) ;
#1564 = DIRECTION ( 'NONE',  ( -0.8660254037844387076, 0.5000000000000000000, 0.000000000000000000 ) ) ;
#1565 = ORIENTED_EDGE ( 'NONE', *, *, #1399, .T. ) ;
#1566 = LINE ( 'NONE', #2023, #2128 ) ;
#1567 = CARTESIAN_POINT ( 'NONE',  ( 3.587632073796341192, 6.249999999999996447, -7.249999999999999112 ) ) ;
#1568 = LINE ( 'NONE', #888, #111 ) ;
#1569 = EDGE_CURVE ( 'NONE', #2728, #1882, #1875, .T. ) ;
#1570 = CARTESIAN_POINT ( 'NONE',  ( 8.163397459621572594, 1.429718713081631260E-16, -4.750000000000011546 ) ) ;
#1571 = CARTESIAN_POINT ( 'NONE',  ( -8.000000000000000000, -2.000000000000000000, -247.2590740451852582 ) ) ;
#1572 = CARTESIAN_POINT ( 'NONE',  ( -5.387462643813631047, -2.000000000000000444, -244.6980134497333950 ) ) ;
#1573 = EDGE_CURVE ( 'NONE', #868, #2041, #1098, .T. ) ;
#1574 = ORIENTED_EDGE ( 'NONE', *, *, #2482, .F. ) ;
#1575 = AXIS2_PLACEMENT_3D ( 'NONE', #51, #2122, #989 ) ;
#1576 = LINE ( 'NONE', #2305, #1291 ) ;
#1577 = PLANE ( 'NONE',  #612 ) ;
#1578 = ORIENTED_EDGE ( 'NONE', *, *, #1978, .F. ) ;
#1579 = VECTOR ( 'NONE', #1470, 1000.000000000000000 ) ;
#1580 = EDGE_CURVE ( 'NONE', #1829, #992, #1188, .T. ) ;
#1581 = CARTESIAN_POINT ( 'NONE',  ( -5.556996340950146163, 2.374999999999993783, -21.25000000000000000 ) ) ;
#1582 = ORIENTED_EDGE ( 'NONE', *, *, #943, .T. ) ;
#1583 = DIRECTION ( 'NONE',  ( 0.7071067811865475727, 0.7071067811865475727, 0.000000000000000000 ) ) ;
#1584 = VECTOR ( 'NONE', #808, 1000.000000000000000 ) ;
#1585 = FACE_OUTER_BOUND ( 'NONE', #2589, .T. ) ;
#1586 = LINE ( 'NONE', #2776, #156 ) ;
#1587 = CARTESIAN_POINT ( 'NONE',  ( -2.635992743971744545, -7.846216259435020213, -3.000000000000011546 ) ) ;
#1588 = CARTESIAN_POINT ( 'NONE',  ( -8.000000000000000000, 2.274999999999984812, -16.06570323027545655 ) ) ;
#1589 = CARTESIAN_POINT ( 'NONE',  ( 8.163397459621572594, 1.429718713081631260E-16, -4.999999999999986677 ) ) ;
#1590 = B_SPLINE_CURVE_WITH_KNOTS ( 'NONE', 3,
 ( #2298, #1770, #2252, #384 ),
 .UNSPECIFIED., .F., .F.,
 ( 4, 4 ),
 ( 0.000000000000000000, 2.290335325371012839E-05 ),
 .UNSPECIFIED. ) ;
#1591 = EDGE_LOOP ( 'NONE', ( #1698, #1349, #258, #420 ) ) ;
#1592 = CARTESIAN_POINT ( 'NONE',  ( -0.08660254037842893271, -4.336808689942017736E-16, -27.75609665440987328 ) ) ;
#1593 = DIRECTION ( 'NONE',  ( 0.000000000000000000, 0.000000000000000000, 1.000000000000000000 ) ) ;
#1594 = EDGE_LOOP ( 'NONE', ( #1651, #1786, #1196, #1286, #2908, #1574 ) ) ;
#1595 = CARTESIAN_POINT ( 'NONE',  ( -1.818653347947320587, 3.150000000000000355, -21.25000000000000000 ) ) ;
#1596 = EDGE_LOOP ( 'NONE', ( #1323, #1928, #1600, #192, #1981 ) ) ;
#1597 = ORIENTED_EDGE ( 'NONE', *, *, #1394, .T. ) ;
#1598 = CARTESIAN_POINT ( 'NONE',  ( 7.162792197070920075, 0.09367999061525839055, 0.000000000000000000 ) ) ;
#1599 = CARTESIAN_POINT ( 'NONE',  ( -8.000000000000000000, -0.4804582065539939051, -245.9999999999999147 ) ) ;
#1600 = ORIENTED_EDGE ( 'NONE', *, *, #2956, .F. ) ;
#1601 = EDGE_CURVE ( 'NONE', #1050, #1210, #1846, .T. ) ;
#1602 = FACE_OUTER_BOUND ( 'NONE', #3029, .T. ) ;
#1603 = CARTESIAN_POINT ( 'NONE',  ( -0.08660254037842893271, -4.336808689942017736E-16, -27.75609665440987328 ) ) ;
#1604 = CARTESIAN_POINT ( 'NONE',  ( -3.899083709471352410, -2.000000000000000444, -243.2674053818057871 ) ) ;
#1605 = ORIENTED_EDGE ( 'NONE', *, *, #1492, .F. ) ;
#1606 = DIRECTION ( 'NONE',  ( 0.4999999999999999445, 0.8660254037844385966, 0.000000000000000000 ) ) ;
#1607 = FACE_OUTER_BOUND ( 'NONE', #2243, .T. ) ;
#1608 = EDGE_CURVE ( 'NONE', #430, #1279, #2490, .T. ) ;
#1609 = ADVANCED_FACE ( 'NONE', ( #1607 ), #2548, .T. ) ;
#1610 = ORIENTED_EDGE ( 'NONE', *, *, #1399, .F. ) ;
#1611 = ADVANCED_FACE ( 'NONE', ( #1895 ), #1433, .F. ) ;
#1612 = FACE_OUTER_BOUND ( 'NONE', #1664, .T. ) ;
#1613 = ORIENTED_EDGE ( 'NONE', *, *, #2800, .F. ) ;
#1614 = EDGE_CURVE ( 'NONE', #2568, #2893, #1273, .T. ) ;
#1615 = ORIENTED_EDGE ( 'NONE', *, *, #2810, .T. ) ;
#1616 = CARTESIAN_POINT ( 'NONE',  ( -5.556996340950145274, 2.875000000000001332, -20.75000000000000000 ) ) ;
#1617 = CARTESIAN_POINT ( 'NONE',  ( -3.319764047840342069, 5.749999999999990230, -21.25000000000000000 ) ) ;
#1618 = EDGE_CURVE ( 'NONE', #1252, #636, #960, .T. ) ;
#1619 = ORIENTED_EDGE ( 'NONE', *, *, #399, .T. ) ;
#1620 = FACE_OUTER_BOUND ( 'NONE', #1537, .T. ) ;
#1621 = CARTESIAN_POINT ( 'NONE',  ( 5.012177866808205984, -7.017869168904330657, -5.374999999999987566 ) ) ;
#1622 = EDGE_CURVE ( 'NONE', #1715, #1376, #1102, .T. ) ;
#1623 = EDGE_LOOP ( 'NONE', ( #2773, #1673, #1791, #1453 ) ) ;
#1624 = EDGE_CURVE ( 'NONE', #937, #1396, #339, .T. ) ;
#1625 = DIRECTION ( 'NONE',  ( -0.3779644730092295846, -0.6546536707079813056, -0.6546536707079717576 ) ) ;
#1626 = CARTESIAN_POINT ( 'NONE',  ( -4.567348958815166782, -6.167218360552292111, -6.875000000000000000 ) ) ;
#1627 = VERTEX_POINT ( 'NONE', #2626 ) ;
#1628 = ADVANCED_FACE ( 'NONE', ( #308 ), #2190, .T. ) ;
#1629 = VECTOR ( 'NONE', #800, 1000.000000000000000 ) ;
#1630 = LINE ( 'NONE', #2125, #1638 ) ;
#1631 = ORIENTED_EDGE ( 'NONE', *, *, #543, .F. ) ;
#1632 = VECTOR ( 'NONE', #1606, 1000.000000000000114 ) ;
#1633 = ORIENTED_EDGE ( 'NONE', *, *, #224, .T. ) ;
#1634 = CARTESIAN_POINT ( 'NONE',  ( -2.326975749596798426, 6.895159743139866571, -5.249999999999999112 ) ) ;
#1635 = VECTOR ( 'NONE', #599, 1000.000000000000000 ) ;
#1636 = CARTESIAN_POINT ( 'NONE',  ( -3.162277660168512750, -1.499999999999724665, -250.0000000000000000 ) ) ;
#1637 = VERTEX_POINT ( 'NONE', #1676 ) ;
#1638 = VECTOR ( 'NONE', #1221, 1000.000000000000000 ) ;
#1639 = B_SPLINE_CURVE_WITH_KNOTS ( 'NONE', 3,
 ( #2436, #1529, #2900, #2667, #1057, #2713, #2696, #568, #1985, #1749, #1514, #2449, #1284, #2227, #122, #2000, #829, #372, #1303, #1070, #2013, #2942, #2081 ),
 .UNSPECIFIED., .F., .F.,
 ( 4, 1, 1, 1, 1, 1, 1, 2, 2, 1, 1, 1, 1, 1, 2, 2, 4 ),
 ( 0.000000000000000000, 0.2500000000002787770, 0.3750000000004179990, 0.4375000000004825584, 0.4687500000005094813, 0.4843750000005229150, 0.4921875000005352385, 0.4960937500005359602, 0.5000000000005365708, 0.6250000000004414247, 0.6875000000003891332, 0.7187500000003581579, 0.7343750000003426148, 0.7421875000003297362, 0.7460937500003231859, 0.7500000000003166356, 1.000000000000000000 ),
 .UNSPECIFIED. ) ;
#1640 = FACE_OUTER_BOUND ( 'NONE', #884, .T. ) ;
#1641 = LINE ( 'NONE', #1919, #749 ) ;
#1642 = CARTESIAN_POINT ( 'NONE',  ( -8.425000000000007816, -1.850000000000002309, -20.32499999999999929 ) ) ;
#1643 = ORIENTED_EDGE ( 'NONE', *, *, #1019, .F. ) ;
#1644 = EDGE_CURVE ( 'NONE', #2698, #728, #1003, .T. ) ;
#1645 = CARTESIAN_POINT ( 'NONE',  ( -0.08660254037842900210, 8.674563349965707104, -4.374999999999987566 ) ) ;
#1646 = DIRECTION ( 'NONE',  ( 7.709882115452478166E-16, -0.000000000000000000, 1.000000000000000000 ) ) ;
#1647 = CARTESIAN_POINT ( 'NONE',  ( -7.836602540378430959, 0.000000000000000000, -1.749999999999993783 ) ) ;
#1648 = VERTEX_POINT ( 'NONE', #1695 ) ;
#1649 = CARTESIAN_POINT ( 'NONE',  ( -7.500000000000003553, 1.500000000000002442, -250.0000000000000000 ) ) ;
#1650 = VERTEX_POINT ( 'NONE', #558 ) ;
#1651 = ORIENTED_EDGE ( 'NONE', *, *, #2710, .F. ) ;
#1652 = CARTESIAN_POINT ( 'NONE',  ( 3.587632073796339416, -6.249999999999998224, -3.914119575019629593 ) ) ;
#1653 = DIRECTION ( 'NONE',  ( 1.000000000000000000, -1.776356839400250465E-15, 0.000000000000000000 ) ) ;
#1654 = ADVANCED_FACE ( 'NONE', ( #1018 ), #2596, .T. ) ;
#1655 = CARTESIAN_POINT ( 'NONE',  ( -6.760992743971745433, -4.849228331412906101, -3.250000000000011546 ) ) ;
#1656 = CARTESIAN_POINT ( 'NONE',  ( 0.000000000000000000, 0.000000000000000000, -250.0000000000000000 ) ) ;
#1657 = FACE_OUTER_BOUND ( 'NONE', #1550, .T. ) ;
#1658 = EDGE_CURVE ( 'NONE', #2658, #872, #66, .T. ) ;
#1659 = VERTEX_POINT ( 'NONE', #2170 ) ;
#1660 = CARTESIAN_POINT ( 'NONE',  ( 8.163397459621572594, 1.429718713081631260E-16, -4.999999999999986677 ) ) ;
#1661 = DIRECTION ( 'NONE',  ( -1.000000000000000000, -7.100781325278432738E-16, 0.000000000000000000 ) ) ;
#1662 = DIRECTION ( 'NONE',  ( 0.5000000000000001110, 0.8660254037844385966, 0.000000000000000000 ) ) ;
#1663 = FILL_AREA_STYLE ('',( #990 ) ) ;
#1664 = EDGE_LOOP ( 'NONE', ( #2756, #1165, #2297, #2600 ) ) ;
#1665 = EDGE_LOOP ( 'NONE', ( #49, #1409, #2555, #36, #1801, #1134 ) ) ;
#1666 = PLANE ( 'NONE',  #2711 ) ;
#1667 = DIRECTION ( 'NONE',  ( 1.000000000000000000, -1.201851678989727324E-16, 0.000000000000000000 ) ) ;
#1668 = CARTESIAN_POINT ( 'NONE',  ( 6.587787663214888845, -4.849228331412904325, -2.500000000000011546 ) ) ;
#1669 = CARTESIAN_POINT ( 'NONE',  ( 7.216878364870322748, 1.391803047279539310E-15, -20.75000000000000000 ) ) ;
#1670 = CARTESIAN_POINT ( 'NONE',  ( 3.608439182435159154, -6.249999999999999112, -4.173691817202323406 ) ) ;
#1671 = CIRCLE ( 'NONE', #890, 7.249999999999999112 ) ;
#1672 = EDGE_CURVE ( 'NONE', #1146, #721, #2925, .T. ) ;
#1673 = ORIENTED_EDGE ( 'NONE', *, *, #1296, .F. ) ;
#1674 = DIRECTION ( 'NONE',  ( -7.709882115452476194E-16, 0.000000000000000000, -1.000000000000000000 ) ) ;
#1675 = DIRECTION ( 'NONE',  ( 0.6123724356957976900, -0.3535533905932755072, -0.7071067811865439090 ) ) ;
#1676 = CARTESIAN_POINT ( 'NONE',  ( 3.587632073796339416, -6.249999999999998224, -4.164119575019629593 ) ) ;
#1677 = CARTESIAN_POINT ( 'NONE',  ( 3.608439182435160930, 6.249999999999996447, -21.25000000000000000 ) ) ;
#1678 =( BOUNDED_CURVE ( )  B_SPLINE_CURVE ( 2, ( #789, #1989, #2932, #2465, #2215, #2200, #109, #140, #2483, #376, #1076, #1306, #2015, #571, #2946, #1753, #2438, #1044, #583, #2452, #97, #361, #845, #1288, #127, #1060, #1029, #614, #1319, #154, #1739, #1092, #1973, #832, #2890, #1724, #2653, #557, #1489, #2426, #2902 ),
 .UNSPECIFIED., .F., .F. ) 
 B_SPLINE_CURVE_WITH_KNOTS ( ( 3, 2, 2, 2, 2, 2, 2, 2, 2, 2, 2, 2, 2, 2, 2, 2, 2, 2, 2, 2, 3 ),
 ( 0.000000000000000000, 0.05000000000000000278, 0.1000000000000000056, 0.1499999999999999944, 0.2000000000000000111, 0.2500000000000000000, 0.2999999999999999889, 0.3499999999999999778, 0.4000000000000000222, 0.4500000000000000111, 0.5000000000000000000, 0.5500000000000000444, 0.5999999999999999778, 0.6500000000000000222, 0.6999999999999999556, 0.7500000000000000000, 0.8000000000000000444, 0.8499999999999999778, 0.9000000000000000222, 0.9499999999999999556, 1.000000000000000000 ),
 .UNSPECIFIED. ) 
 CURVE ( )  GEOMETRIC_REPRESENTATION_ITEM ( )  RATIONAL_B_SPLINE_CURVE ( ( 1.000000000000000000, 0.9510565162951535312, 1.000000000000000000, 0.9510565162951535312, 1.000000000000000000, 0.9510565162951535312, 1.000000000000000000, 0.9510565162951535312, 1.000000000000000000, 0.9510565162951535312, 1.000000000000000000, 0.9510565162951535312, 1.000000000000000000, 0.9510565162951535312, 1.000000000000000000, 0.9510565162951535312, 1.000000000000000000, 0.9510565162951535312, 1.000000000000000000, 0.9510565162951535312, 1.000000000000000000, 0.9510565162951535312, 1.000000000000000000, 0.9510565162951535312, 1.000000000000000000, 0.9510565162951535312, 1.000000000000000000, 0.9510565162951535312, 1.000000000000000000, 0.9510565162951535312, 1.000000000000000000, 0.9510565162951535312, 1.000000000000000000, 0.9510565162951535312, 1.000000000000000000, 0.9510565162951535312, 1.000000000000000000, 0.9510565162951535312, 1.000000000000000000, 0.9510565162951535312, 1.000000000000000000 ) ) 
 REPRESENTATION_ITEM ( '' )  );
#1679 = VERTEX_POINT ( 'NONE', #1490 ) ;
#1680 = ORIENTED_EDGE ( 'NONE', *, *, #870, .F. ) ;
#1681 = AXIS2_PLACEMENT_3D ( 'NONE', #984, #3045, #701 ) ;
#1682 = EDGE_CURVE ( 'NONE', #438, #1217, #976, .T. ) ;
#1683 = DIRECTION ( 'NONE',  ( -0.5000000000000000000, -0.8660254037844385966, 0.000000000000000000 ) ) ;
#1684 = CARTESIAN_POINT ( 'NONE',  ( -0.08660254037842891883, 7.623101125727437477, -3.124999999999999556 ) ) ;
#1685 = EDGE_CURVE ( 'NONE', #2388, #2291, #511, .T. ) ;
#1686 =( BOUNDED_CURVE ( )  B_SPLINE_CURVE ( 2, ( #746, #2342, #2132, #299, #981, #2805, #2356, #2602, #502, #1195, #2372, #314, #2572, #1684, #1886, #1225, #269 ),
 .UNSPECIFIED., .F., .T. ) 
 B_SPLINE_CURVE_WITH_KNOTS ( ( 3, 2, 2, 2, 2, 2, 2, 2, 3 ),
 ( 0.3326503799572589903, 0.3499999999999999778, 0.4000000000000000222, 0.4500000000000000111, 0.5000000000000000000, 0.5500000000000000444, 0.5999999999999999778, 0.6500000000000000222, 0.6673496200427410097 ),
 .UNSPECIFIED. ) 
 CURVE ( )  GEOMETRIC_REPRESENTATION_ITEM ( )  RATIONAL_B_SPLINE_CURVE ( ( 0.9778199217936496268, 0.9830169830830566280, 1.000000000000000000, 0.9510565162951535312, 1.000000000000000000, 0.9510565162951535312, 1.000000000000000000, 0.9510565162951535312, 1.000000000000000000, 0.9510565162951535312, 1.000000000000000000, 0.9510565162951535312, 1.000000000000000000, 0.9510565162951535312, 1.000000000000000000, 0.9830169830830566280, 0.9778199217936496268 ) ) 
 REPRESENTATION_ITEM ( '' )  );
#1687 = AXIS2_PLACEMENT_3D ( 'NONE', #2074, #1140, #2292 ) ;
#1688 = CARTESIAN_POINT ( 'NONE',  ( -6.557238022897231566, -1.448316239618188117, -244.7142616045855448 ) ) ;
#1689 = DIRECTION ( 'NONE',  ( -0.5000000000000003331, 0.8660254037844384856, 0.000000000000000000 ) ) ;
#1690 = LINE ( 'NONE', #1227, #2326 ) ;
#1691 = ORIENTED_EDGE ( 'NONE', *, *, #1075, .T. ) ;
#1692 = AXIS2_PLACEMENT_3D ( 'NONE', #2378, #1015, #1415 ) ;
#1693 = CARTESIAN_POINT ( 'NONE',  ( 8.163397459621572594, 2.680587493921477105, -2.374999999999987121 ) ) ;
#1694 = CARTESIAN_POINT ( 'NONE',  ( 3.612032546260068866, -6.243776111285177066, -6.405739425492886774 ) ) ;
#1695 = CARTESIAN_POINT ( 'NONE',  ( 7.216878364870321860, 1.739295423971095542E-15, -20.75000000000000000 ) ) ;
#1696 = AXIS2_PLACEMENT_3D ( 'NONE', #914, #871, #2740 ) ;
#1697 = CARTESIAN_POINT ( 'NONE',  ( -1.818653347947320587, 3.150000000000000355, 0.000000000000000000 ) ) ;
#1698 = ORIENTED_EDGE ( 'NONE', *, *, #2451, .T. ) ;
#1699 = ORIENTED_EDGE ( 'NONE', *, *, #327, .F. ) ;
#1700 = CARTESIAN_POINT ( 'NONE',  ( -4.497867859812920699, 1.507313341463570655, -242.7430752533917371 ) ) ;
#1701 = FACE_OUTER_BOUND ( 'NONE', #2787, .T. ) ;
#1702 = LINE ( 'NONE', #58, #1579 ) ;
#1703 = CARTESIAN_POINT ( 'NONE',  ( -3.795780114198863853, -1.540670135194782686, -242.0954637193163421 ) ) ;
#1704 = FACE_OUTER_BOUND ( 'NONE', #2149, .T. ) ;
#1705 = DIRECTION ( 'NONE',  ( 1.000000000000000000, 0.000000000000000000, 0.000000000000000000 ) ) ;
#1706 = ORIENTED_EDGE ( 'NONE', *, *, #1685, .T. ) ;
#1707 = DIRECTION ( 'NONE',  ( -0.000000000000000000, -0.000000000000000000, -1.000000000000000000 ) ) ;
#1708 = CARTESIAN_POINT ( 'NONE',  ( -8.000000000000000000, -2.374999999999990674, -21.25000000000000000 ) ) ;
#1709 = CARTESIAN_POINT ( 'NONE',  ( -3.578928580312198182, 1.786532825410261260, -242.4708509980732742 ) ) ;
#1710 = B_SPLINE_CURVE_WITH_KNOTS ( 'NONE', 3,
 ( #1345, #181, #1117, #2051 ),
 .UNSPECIFIED., .F., .F.,
 ( 4, 4 ),
 ( 1.183607458856674722E-17, 0.0001229597421984586296 ),
 .UNSPECIFIED. ) ;
#1711 = VECTOR ( 'NONE', #2402, 999.9999999999998863 ) ;
#1712 = DIRECTION ( 'NONE',  ( 0.000000000000000000, -1.000000000000000000, 0.000000000000000000 ) ) ;
#1713 = ORIENTED_EDGE ( 'NONE', *, *, #500, .T. ) ;
#1714 = EDGE_CURVE ( 'NONE', #1882, #1763, #294, .T. ) ;
#1715 = VERTEX_POINT ( 'NONE', #2672 ) ;
#1716 = CARTESIAN_POINT ( 'NONE',  ( -5.951975749596799758, 4.261443079120431854, -4.999999999999999112 ) ) ;
#1717 = CARTESIAN_POINT ( 'NONE',  ( -5.373310579257887021, -1.477412564491542568, -243.5727196679415556 ) ) ;
#1718 = LINE ( 'NONE', #783, #1935 ) ;
#1719 = CARTESIAN_POINT ( 'NONE',  ( 5.012177866808204207, 7.017869168904329769, -4.375000000000011546 ) ) ;
#1720 = CARTESIAN_POINT ( 'NONE',  ( -2.439454888092390893E-16, -1.500000000000004441, -250.0000000000000000 ) ) ;
#1721 = LINE ( 'NONE', #386, #1783 ) ;
#1722 = VERTEX_POINT ( 'NONE', #1754 ) ;
#1723 = B_SPLINE_CURVE_WITH_KNOTS ( 'NONE', 3,
 ( #203, #2795, #1604, #2980, #2764, #2071, #1842, #3010, #222, #878, #1808, #1154, #1572, #922, #2749, #936, #643, #688, #1856, #458, #1168, #2103, #3046 ),
 .UNSPECIFIED., .F., .F.,
 ( 4, 1, 1, 1, 1, 1, 2, 2, 1, 1, 1, 1, 1, 1, 2, 2, 4 ),
 ( 0.000000000000000000, 0.1249999999999280853, 0.1874999999998966382, 0.2187499999998852029, 0.2343749999998793465, 0.2421874999998764044, 0.2460937499998750722, 0.2499999999998737121, 0.3749999999996415090, 0.4374999999995255462, 0.4687499999994632072, 0.4843749999994320654, 0.4921874999994206856, 0.4960937499994106381, 0.4980468749994056421, 0.4999999999994006461, 1.000000000000000000 ),
 .UNSPECIFIED. ) ;
#1724 = CARTESIAN_POINT ( 'NONE',  ( -0.08660254037842778085, -8.674563349965707104, -5.375000000000010658 ) ) ;
#1725 = EDGE_CURVE ( 'NONE', #2157, #189, #1533, .T. ) ;
#1726 = CARTESIAN_POINT ( 'NONE',  ( 7.198888631043346642, 0.03115913300296329486, -1.283849865859400197 ) ) ;
#1727 = ORIENTED_EDGE ( 'NONE', *, *, #2366, .F. ) ;
#1728 = AXIS2_PLACEMENT_3D ( 'NONE', #2990, #2731, #199 ) ;
#1729 = ORIENTED_EDGE ( 'NONE', *, *, #330, .T. ) ;
#1730 = CARTESIAN_POINT ( 'NONE',  ( 2.153770668839941393, -6.895159743139867459, -6.500000000000000888 ) ) ;
#1731 = CARTESIAN_POINT ( 'NONE',  ( -8.000000000000000000, -1.425854337823452944, -246.1260728887137361 ) ) ;
#1732 = VECTOR ( 'NONE', #707, 1000.000000000000114 ) ;
#1733 = DIRECTION ( 'NONE',  ( -0.5000000000000001110, 0.8660254037844385966, 0.000000000000000000 ) ) ;
#1734 = EDGE_CURVE ( 'NONE', #2698, #1396, #98, .T. ) ;
#1735 = CARTESIAN_POINT ( 'NONE',  ( 2.462787663214887512, 7.846216259435020213, -4.250000000000011546 ) ) ;
#1736 = CARTESIAN_POINT ( 'NONE',  ( -7.336602540378429183, -9.629649721936179265E-32, 0.000000000000000000 ) ) ;
#1737 = DIRECTION ( 'NONE',  ( 0.000000000000000000, 0.000000000000000000, 1.000000000000000000 ) ) ;
#1738 = ORIENTED_EDGE ( 'NONE', *, *, #1672, .T. ) ;
#1739 = CARTESIAN_POINT ( 'NONE',  ( 8.163397459621572594, 1.429718713081631260E-16, -4.750000000000011546 ) ) ;
#1740 = CARTESIAN_POINT ( 'NONE',  ( 8.163397459621572594, 2.680587493921477993, -2.374999999999987566 ) ) ;
#1741 = AXIS2_PLACEMENT_3D ( 'NONE', #2699, #350, #1259 ) ;
#1742 = CARTESIAN_POINT ( 'NONE',  ( -5.857675984244584022, 1.464433109507386588, -244.0379569770514081 ) ) ;
#1743 = DIRECTION ( 'NONE',  ( 0.000000000000000000, 0.000000000000000000, 1.000000000000000000 ) ) ;
#1744 = ORIENTED_EDGE ( 'NONE', *, *, #352, .T. ) ;
#1745 = CARTESIAN_POINT ( 'NONE',  ( -3.952429283872073817, 1.999999999999999112, -243.3181183780563117 ) ) ;
#1746 = CARTESIAN_POINT ( 'NONE',  ( -5.879917204020132182, -1.463884318536357698, -244.0594037578232189 ) ) ;
#1747 = CARTESIAN_POINT ( 'NONE',  ( -2.326975749596797094, -6.895159743139865682, -4.500000000000000888 ) ) ;
#1748 = CARTESIAN_POINT ( 'NONE',  ( -0.08660254037842891883, 7.623101125727436589, -0.6250000000000001110 ) ) ;
#1749 = CARTESIAN_POINT ( 'NONE',  ( -5.754657267047712743, 2.000000000000000000, -245.0552948142908463 ) ) ;
#1750 = LINE ( 'NONE', #1502, #646 ) ;
#1751 = EDGE_CURVE ( 'NONE', #13, #695, #2523, .T. ) ;
#1752 = ORIENTED_EDGE ( 'NONE', *, *, #490, .F. ) ;
#1753 = CARTESIAN_POINT ( 'NONE',  ( -0.08660254037842778085, -8.674563349965707104, -2.875000000000010658 ) ) ;
#1754 = CARTESIAN_POINT ( 'NONE',  ( 3.608439182435160930, 6.249999999999996447, -3.347442206465822689 ) ) ;
#1755 = CARTESIAN_POINT ( 'NONE',  ( -5.247923332160861598, 1.481153855584487866, -243.4529285214531455 ) ) ;
#1756 = DIRECTION ( 'NONE',  ( -1.255252656706784040E-16, 0.7071067811865419106, -0.7071067811865531239 ) ) ;
#1757 = VERTEX_POINT ( 'NONE', #1046 ) ;
#1758 = CARTESIAN_POINT ( 'NONE',  ( 7.163397459621573482, 2.355667797688572485, -3.374999999999999556 ) ) ;
#1759 = CARTESIAN_POINT ( 'NONE',  ( 7.162792197070919187, -0.09367999061525839055, -1.254981424610862595 ) ) ;
#1760 = CARTESIAN_POINT ( 'NONE',  ( -3.649402410947346187, -1.638513884081007843, -242.1850371149852492 ) ) ;
#1761 = LINE ( 'NONE', #1027, #1629 ) ;
#1762 = LINE ( 'NONE', #2025, #75 ) ;
#1763 = VERTEX_POINT ( 'NONE', #600 ) ;
#1764 = CARTESIAN_POINT ( 'NONE',  ( -7.499999999999992006, 2.875000000000001776, -21.25000000000000000 ) ) ;
#1765 = CARTESIAN_POINT ( 'NONE',  ( 7.180861631228031783, 0.06238281259111914945, -3.479034925466131689 ) ) ;
#1766 = DIRECTION ( 'NONE',  ( 0.000000000000000000, 0.000000000000000000, 1.000000000000000000 ) ) ;
#1767 = ORIENTED_EDGE ( 'NONE', *, *, #1296, .T. ) ;
#1768 = CARTESIAN_POINT ( 'NONE',  ( 6.587787663214888845, -4.849228331412904325, -2.749999999999987566 ) ) ;
#1769 = DIRECTION ( 'NONE',  ( 1.000000000000000000, 0.000000000000000000, 0.000000000000000000 ) ) ;
#1770 = CARTESIAN_POINT ( 'NONE',  ( 3.601506449964778867, -6.249999999999998224, -1.670494620952645448 ) ) ;
#1771 = CARTESIAN_POINT ( 'NONE',  ( -2.326975749596797982, 6.895159743139864794, -0.5000000000000000000 ) ) ;
#1772 = CARTESIAN_POINT ( 'NONE',  ( -0.08660254037842893271, -4.336808689942017736E-16, -27.75609665440987328 ) ) ;
#1773 = CARTESIAN_POINT ( 'NONE',  ( -3.319764047840340737, -5.749999999999991118, -21.25000000000000000 ) ) ;
#1774 = VERTEX_POINT ( 'NONE', #2466 ) ;
#1775 = VERTEX_POINT ( 'NONE', #846 ) ;
#1776 = AXIS2_PLACEMENT_3D ( 'NONE', #2253, #1363, #2958 ) ;
#1777 = DIRECTION ( 'NONE',  ( 0.000000000000000000, 1.000000000000000000, 0.000000000000000000 ) ) ;
#1778 = DIRECTION ( 'NONE',  ( 0.3779644730092283078, -0.6546536707079788631, 0.6546536707079748663 ) ) ;
#1779 = AXIS2_PLACEMENT_3D ( 'NONE', #1199, #768, #59 ) ;
#1780 = EDGE_LOOP ( 'NONE', ( #916, #1815, #2803, #1359 ) ) ;
#1781 = CARTESIAN_POINT ( 'NONE',  ( -6.441394688322718665, 1.451343308759064143, -244.6028660599782256 ) ) ;
#1782 = VERTEX_POINT ( 'NONE', #1030 ) ;
#1783 = VECTOR ( 'NONE', #2242, 1000.000000000000114 ) ;
#1784 = CARTESIAN_POINT ( 'NONE',  ( 8.163397459621574370, -2.680587493921476661, -5.124999999999987566 ) ) ;
#1785 = DIRECTION ( 'NONE',  ( 0.000000000000000000, 0.000000000000000000, 1.000000000000000000 ) ) ;
#1786 = ORIENTED_EDGE ( 'NONE', *, *, #717, .F. ) ;
#1787 = CARTESIAN_POINT ( 'NONE',  ( 3.615627512235322971, 6.237549447563205618, -0.8410861705278933620 ) ) ;
#1788 = CARTESIAN_POINT ( 'NONE',  ( 3.612032546260069754, 6.243776111285171737, -3.344260574507114558 ) ) ;
#1789 = PLANE ( 'NONE',  #2118 ) ;
#1790 = B_SPLINE_CURVE_WITH_KNOTS ( 'NONE', 3,
 ( #510, #2860, #2848, #2625 ),
 .UNSPECIFIED., .F., .F.,
 ( 4, 4 ),
 ( 0.000000000000000000, 0.0007688287844465203739 ),
 .UNSPECIFIED. ) ;
#1791 = ORIENTED_EDGE ( 'NONE', *, *, #1624, .T. ) ;
#1792 = DIRECTION ( 'NONE',  ( -1.000000000000000000, 2.168404344971006896E-16, 0.000000000000000000 ) ) ;
#1793 = DIRECTION ( 'NONE',  ( -0.5000000000000002220, 0.8660254037844385966, 0.000000000000000000 ) ) ;
#1794 = LINE ( 'NONE', #2687, #1048 ) ;
#1795 = B_SPLINE_CURVE_WITH_KNOTS ( 'NONE', 3,
 ( #76, #813, #1760, #518, #2885, #1268, #1013, #2225, #566 ),
 .UNSPECIFIED., .F., .F.,
 ( 4, 1, 2, 2, 4 ),
 ( 0.000000000000000000, 0.2499999999999277245, 0.3749999999999281131, 0.4999999999999285016, 1.000000000000000000 ),
 .UNSPECIFIED. ) ;
#1796 = CARTESIAN_POINT ( 'NONE',  ( -3.464101615137755275, 1.999999999999998668, -511.3137084989848518 ) ) ;
#1797 =( BOUNDED_SURFACE ( )  B_SPLINE_SURFACE ( 1, 2, ( 
 ( #1481, #577, #2433, #1280, #1052, #1011, #2896, #344, #2922, #1758, #532, #2208, #2691, #795, #590, #766, #1468, #1525, #2883, #2457, #781, #1298, #1716, #368, #2237, #133, #2401, #313, #1235, #2647, #2416, #1253, #1022, #2196, #1730, #228, #2708, #1626, #2089, #393, #691 ),
 ( #382, #463, #2021, #3031, #677, #604, #2563, #2320, #2951, #148, #1539, #854, #1768, #621, #1405, #926, #1083, #480, #1420, #2938, #446, #1385, #2350, #2474, #1312, #1859, #2798, #4, #2035, #940, #1158, #1784, #2249, #2336, #837, #1324, #247, #1172, #2107, #2726, #262 ) ),
 .UNSPECIFIED., .F., .F., .T. ) 
 B_SPLINE_SURFACE_WITH_KNOTS ( ( 2, 2 ),
 ( 3, 2, 2, 2, 2, 2, 2, 2, 2, 2, 2, 2, 2, 2, 2, 2, 2, 2, 2, 2, 3 ),
 ( 0.000000000000000000, 1.000000000000000000 ),
 ( 0.000000000000000000, 0.05000000000000000278, 0.1000000000000000056, 0.1499999999999999944, 0.2000000000000000111, 0.2500000000000000000, 0.2999999999999999889, 0.3499999999999999778, 0.4000000000000000222, 0.4500000000000000111, 0.5000000000000000000, 0.5500000000000000444, 0.5999999999999999778, 0.6500000000000000222, 0.6999999999999999556, 0.7500000000000000000, 0.8000000000000000444, 0.8499999999999999778, 0.9000000000000000222, 0.9499999999999999556, 1.000000000000000000 ),
 .UNSPECIFIED. ) 
 GEOMETRIC_REPRESENTATION_ITEM ( )  RATIONAL_B_SPLINE_SURFACE ( (
 ( 1.000000000000000000, 0.9510565162951535312, 1.000000000000000000, 0.9510565162951535312, 1.000000000000000000, 0.9510565162951535312, 1.000000000000000000, 0.9510565162951535312, 1.000000000000000000, 0.9510565162951535312, 1.000000000000000000, 0.9510565162951535312, 1.000000000000000000, 0.9510565162951535312, 1.000000000000000000, 0.9510565162951535312, 1.000000000000000000, 0.9510565162951535312, 1.000000000000000000, 0.9510565162951535312, 1.000000000000000000, 0.9510565162951535312, 1.000000000000000000, 0.9510565162951535312, 1.000000000000000000, 0.9510565162951535312, 1.000000000000000000, 0.9510565162951535312, 1.000000000000000000, 0.9510565162951535312, 1.000000000000000000, 0.9510565162951535312, 1.000000000000000000, 0.9510565162951535312, 1.000000000000000000, 0.9510565162951535312, 1.000000000000000000, 0.9510565162951535312, 1.000000000000000000, 0.9510565162951535312, 1.000000000000000000),
 ( 1.000000000000000000, 0.9510565162951535312, 1.000000000000000000, 0.9510565162951535312, 1.000000000000000000, 0.9510565162951535312, 1.000000000000000000, 0.9510565162951535312, 1.000000000000000000, 0.9510565162951535312, 1.000000000000000000, 0.9510565162951535312, 1.000000000000000000, 0.9510565162951535312, 1.000000000000000000, 0.9510565162951535312, 1.000000000000000000, 0.9510565162951535312, 1.000000000000000000, 0.9510565162951535312, 1.000000000000000000, 0.9510565162951535312, 1.000000000000000000, 0.9510565162951535312, 1.000000000000000000, 0.9510565162951535312, 1.000000000000000000, 0.9510565162951535312, 1.000000000000000000, 0.9510565162951535312, 1.000000000000000000, 0.9510565162951535312, 1.000000000000000000, 0.9510565162951535312, 1.000000000000000000, 0.9510565162951535312, 1.000000000000000000, 0.9510565162951535312, 1.000000000000000000, 0.9510565162951535312, 1.000000000000000000) ) ) 
 REPRESENTATION_ITEM ( '' )  SURFACE ( )  );
#1798 = EDGE_LOOP ( 'NONE', ( #2387, #2706, #924, #1258 ) ) ;
#1799 = PRODUCT_DEFINITION ( 'UNKNOWN', '', #125, #2407 ) ;
#1800 = CARTESIAN_POINT ( 'NONE',  ( 0.04330127018921341164, -0.07499999999998718803, -21.25000000000000000 ) ) ;
#1801 = ORIENTED_EDGE ( 'NONE', *, *, #2986, .F. ) ;
#1802 = EDGE_CURVE ( 'NONE', #1659, #87, #184, .T. ) ;
#1803 = DIRECTION ( 'NONE',  ( 0.7559289460184511755, 1.341921535781305778E-16, 0.6546536707079809725 ) ) ;
#1804 = DIRECTION ( 'NONE',  ( 0.000000000000000000, 0.000000000000000000, 1.000000000000000000 ) ) ;
#1805 = DIRECTION ( 'NONE',  ( 0.000000000000000000, 0.8944271909999140791, 0.4472135954999618135 ) ) ;
#1806 = CARTESIAN_POINT ( 'NONE',  ( 8.163397459621572594, 2.680587493921477105, -4.625000000000011546 ) ) ;
#1807 = FACE_OUTER_BOUND ( 'NONE', #945, .T. ) ;
#1808 = CARTESIAN_POINT ( 'NONE',  ( -4.778955288870377238, -2.000000000000000000, -244.1091008597116456 ) ) ;
#1809 = ORIENTED_EDGE ( 'NONE', *, *, #2354, .F. ) ;
#1810 = EDGE_CURVE ( 'NONE', #1202, #1128, #820, .T. ) ;
#1811 = CARTESIAN_POINT ( 'NONE',  ( -4.000000000000000000, 4.898587196589412829E-16, -511.3137084989848518 ) ) ;
#1812 = DIRECTION ( 'NONE',  ( 0.5000000000000001110, 0.8660254037844384856, 0.000000000000000000 ) ) ;
#1813 = VERTEX_POINT ( 'NONE', #2004 ) ;
#1814 = CARTESIAN_POINT ( 'NONE',  ( 3.608439182435160930, 6.249999999999996447, -5.576308182797678370 ) ) ;
#1815 = ORIENTED_EDGE ( 'NONE', *, *, #734, .F. ) ;
#1816 = VECTOR ( 'NONE', #44, 1000.000000000000000 ) ;
#1817 = CARTESIAN_POINT ( 'NONE',  ( -8.000000000000000000, -1.425854337823452944, -246.1260728887137361 ) ) ;
#1818 = DIRECTION ( 'NONE',  ( 0.000000000000000000, 0.000000000000000000, 1.000000000000000000 ) ) ;
#1819 = DIRECTION ( 'NONE',  ( 0.000000000000000000, 0.000000000000000000, 1.000000000000000000 ) ) ;
#1820 = EDGE_CURVE ( 'NONE', #649, #2921, #2559, .T. ) ;
#1821 = VECTOR ( 'NONE', #1329, 1000.000000000000000 ) ;
#1822 = CARTESIAN_POINT ( 'NONE',  ( -6.760992743971745433, -4.849228331412906101, -3.250000000000011546 ) ) ;
#1823 = DIRECTION ( 'NONE',  ( 0.000000000000000000, 0.000000000000000000, 1.000000000000000000 ) ) ;
#1824 = CARTESIAN_POINT ( 'NONE',  ( 6.587787663214888845, -4.849228331412904325, -5.249999999999987566 ) ) ;
#1825 = ORIENTED_EDGE ( 'NONE', *, *, #2366, .T. ) ;
#1826 = VECTOR ( 'NONE', #1689, 1000.000000000000114 ) ;
#1827 = FACE_OUTER_BOUND ( 'NONE', #367, .T. ) ;
#1828 = EDGE_CURVE ( 'NONE', #2075, #2489, #631, .T. ) ;
#1829 = VERTEX_POINT ( 'NONE', #584 ) ;
#1830 = VECTOR ( 'NONE', #2878, 1000.000000000000000 ) ;
#1831 = DIRECTION ( 'NONE',  ( 0.7071067811865843211, 0.000000000000000000, 0.7071067811865107133 ) ) ;
#1832 = ORIENTED_EDGE ( 'NONE', *, *, #787, .T. ) ;
#1833 = VECTOR ( 'NONE', #1793, 999.9999999999998863 ) ;
#1834 = EDGE_LOOP ( 'NONE', ( #2321, #320, #1615, #2485 ) ) ;
#1835 = AXIS2_PLACEMENT_3D ( 'NONE', #2046, #1593, #2535 ) ;
#1836 = CARTESIAN_POINT ( 'NONE',  ( 7.162792197070920075, -0.09367999061526138815, 0.000000000000000000 ) ) ;
#1837 = CARTESIAN_POINT ( 'NONE',  ( -1.818653347947319920, -3.149999999999999911, -18.17500000000000782 ) ) ;
#1838 = ORIENTED_EDGE ( 'NONE', *, *, #1839, .T. ) ;
#1839 = EDGE_CURVE ( 'NONE', #438, #1648, #2245, .T. ) ;
#1840 = CARTESIAN_POINT ( 'NONE',  ( -6.760992743971747210, 4.849228331412904325, -3.750000000000011102 ) ) ;
#1841 = CARTESIAN_POINT ( 'NONE',  ( 3.587632073796339416, -6.249999999999998224, -27.75609665440987328 ) ) ;
#1842 = CARTESIAN_POINT ( 'NONE',  ( -4.562928761772066188, -2.000000000000000000, -243.9014925377092027 ) ) ;
#1843 = EDGE_CURVE ( 'NONE', #913, #438, #1320, .T. ) ;
#1844 = ORIENTED_EDGE ( 'NONE', *, *, #840, .T. ) ;
#1845 = DIRECTION ( 'NONE',  ( 1.000000000000000000, 0.000000000000000000, 0.000000000000000000 ) ) ;
#1846 = LINE ( 'NONE', #1551, #1193 ) ;
#1847 = ORIENTED_EDGE ( 'NONE', *, *, #754, .T. ) ;
#1848 = EDGE_CURVE ( 'NONE', #2041, #1461, #2643, .T. ) ;
#1849 = DIRECTION ( 'NONE',  ( -0.4999999999999999445, -0.8660254037844385966, 0.000000000000000000 ) ) ;
#1850 = ORIENTED_EDGE ( 'NONE', *, *, #2665, .T. ) ;
#1851 = EDGE_LOOP ( 'NONE', ( #964, #477, #2194, #1173, #1343, #1234, #2304, #844 ) ) ;
#1852 = DIRECTION ( 'NONE',  ( 1.533293416683292787E-16, 0.7071067811865107133, -0.7071067811865843211 ) ) ;
#1853 = CARTESIAN_POINT ( 'NONE',  ( 0.04330127018921505616, 0.07499999999998827049, -21.25000000000000000 ) ) ;
#1854 = DIRECTION ( 'NONE',  ( -1.000000000000000000, -1.192313173600920684E-16, 0.000000000000000000 ) ) ;
#1855 = DIRECTION ( 'NONE',  ( -0.8660254037844385966, -0.5000000000000001110, 0.000000000000000000 ) ) ;
#1856 = CARTESIAN_POINT ( 'NONE',  ( -5.738260328446874503, -2.000000000000000000, -245.0393273406560297 ) ) ;
#1857 = ORIENTED_EDGE ( 'NONE', *, *, #1644, .F. ) ;
#1858 = DIRECTION ( 'NONE',  ( 0.5000000000000002220, -0.8660254037844385966, 0.000000000000000000 ) ) ;
#1859 = CARTESIAN_POINT ( 'NONE',  ( -0.08660254037842900210, 8.674563349965707104, -4.374999999999987566 ) ) ;
#1860 = VERTEX_POINT ( 'NONE', #242 ) ;
#1861 = LINE ( 'NONE', #249, #2133 ) ;
#1862 = EDGE_LOOP ( 'NONE', ( #304, #1493, #1872, #942 ) ) ;
#1863 = ORIENTED_EDGE ( 'NONE', *, *, #1081, .T. ) ;
#1864 = CARTESIAN_POINT ( 'NONE',  ( 1.818653347947320142, -3.149999999999999467, -18.17500000000000782 ) ) ;
#1865 = DIRECTION ( 'NONE',  ( 0.000000000000000000, 0.000000000000000000, 1.000000000000000000 ) ) ;
#1866 = EDGE_CURVE ( 'NONE', #1252, #1185, #2086, .T. ) ;
#1867 = ORIENTED_EDGE ( 'NONE', *, *, #2476, .F. ) ;
#1868 = EDGE_CURVE ( 'NONE', #1128, #2327, #2545, .T. ) ;
#1869 = CARTESIAN_POINT ( 'NONE',  ( -5.268321206355329522, -2.374999999999988898, -21.25000000000000000 ) ) ;
#1870 = CARTESIAN_POINT ( 'NONE',  ( -1.818653347947319920, -3.149999999999999911, 0.000000000000000000 ) ) ;
#1871 = FACE_OUTER_BOUND ( 'NONE', #667, .T. ) ;
#1872 = ORIENTED_EDGE ( 'NONE', *, *, #2813, .F. ) ;
#1873 = LINE ( 'NONE', #37, #2418 ) ;
#1874 = PLANE ( 'NONE',  #1443 ) ;
#1875 = LINE ( 'NONE', #2815, #1732 ) ;
#1876 = CIRCLE ( 'NONE', #2365, 3.500000000000002665 ) ;
#1877 = ORIENTED_EDGE ( 'NONE', *, *, #1406, .T. ) ;
#1878 = ADVANCED_FACE ( 'NONE', ( #674 ), #1402, .T. ) ;
#1879 = CARTESIAN_POINT ( 'NONE',  ( 3.619224080045345904, 6.231320009384727854, -0.8379190525619334418 ) ) ;
#1880 = ORIENTED_EDGE ( 'NONE', *, *, #752, .T. ) ;
#1881 = AXIS2_PLACEMENT_3D ( 'NONE', #1316, #1583, #1068 ) ;
#1882 = VERTEX_POINT ( 'NONE', #1334 ) ;
#1883 = EDGE_CURVE ( 'NONE', #1648, #1442, #1109, .T. ) ;
#1884 = DIRECTION ( 'NONE',  ( 1.000000000000000000, 0.000000000000000000, 0.000000000000000000 ) ) ;
#1885 = VECTOR ( 'NONE', #1333, 1000.000000000000000 ) ;
#1886 = CARTESIAN_POINT ( 'NONE',  ( 2.153770668839940061, 6.895159743139864794, -3.250000000000000444 ) ) ;
#1887 = ORIENTED_EDGE ( 'NONE', *, *, #219, .F. ) ;
#1888 = PRESENTATION_LAYER_ASSIGNMENT (  '', '', ( #708 ) ) ;
#1889 = CARTESIAN_POINT ( 'NONE',  ( -0.08660254037842778085, -8.674563349965707104, -2.875000000000010658 ) ) ;
#1890 = CARTESIAN_POINT ( 'NONE',  ( -3.608439182435158710, -6.249999999999999112, -21.25000000000000000 ) ) ;
#1891 = CARTESIAN_POINT ( 'NONE',  ( -8.336602540378430959, 0.000000000000000000, -1.249999999999987343 ) ) ;
#1892 = ORIENTED_EDGE ( 'NONE', *, *, #787, .F. ) ;
#1893 = DIRECTION ( 'NONE',  ( 1.000000000000000000, 0.000000000000000000, 0.000000000000000000 ) ) ;
#1894 = CARTESIAN_POINT ( 'NONE',  ( 3.608439182435160930, 6.249999999999996447, -21.25000000000000000 ) ) ;
#1895 = FACE_OUTER_BOUND ( 'NONE', #395, .T. ) ;
#1896 = CARTESIAN_POINT ( 'NONE',  ( -8.000000000000000000, 0.000000000000000000, -245.9999999999999147 ) ) ;
#1897 = ORIENTED_EDGE ( 'NONE', *, *, #1112, .T. ) ;
#1898 = ORIENTED_EDGE ( 'NONE', *, *, #1614, .T. ) ;
#1899 = FACE_OUTER_BOUND ( 'NONE', #1977, .T. ) ;
#1900 = DIRECTION ( 'NONE',  ( 8.498374721940676683E-17, 0.7071067811865423547, -0.7071067811865527908 ) ) ;
#1901 = EDGE_CURVE ( 'NONE', #244, #991, #1723, .T. ) ;
#1902 = ORIENTED_EDGE ( 'NONE', *, *, #202, .T. ) ;
#1903 = ADVANCED_FACE ( 'NONE', ( #1871 ), #2514, .T. ) ;
#1904 = CARTESIAN_POINT ( 'NONE',  ( 6.587787663214888845, 4.849228331412904325, -2.000000000000011102 ) ) ;
#1905 = CARTESIAN_POINT ( 'NONE',  ( 3.637306695894642505, 1.852225938362957492E-15, 0.000000000000000000 ) ) ;
#1906 = FACE_OUTER_BOUND ( 'NONE', #1851, .T. ) ;
#1907 = ORIENTED_EDGE ( 'NONE', *, *, #764, .T. ) ;
#1908 = CARTESIAN_POINT ( 'NONE',  ( -8.336602540378432735, 2.680587493921476661, -3.874999999999987566 ) ) ;
#1909 = CARTESIAN_POINT ( 'NONE',  ( -5.951975749596799758, 4.261443079120431854, -2.499999999999999556 ) ) ;
#1910 = CARTESIAN_POINT ( 'NONE',  ( -0.08660254037842893271, -4.336808689942017736E-16, 0.000000000000000000 ) ) ;
#1911 = EDGE_CURVE ( 'NONE', #1389, #2050, #2468, .T. ) ;
#1912 = DIRECTION ( 'NONE',  ( -0.5000000000000001110, 0.8660254037844385966, 0.000000000000000000 ) ) ;
#1913 = ORIENTED_EDGE ( 'NONE', *, *, #2710, .T. ) ;
#1914 = EDGE_CURVE ( 'NONE', #2414, #503, #1690, .T. ) ;
#1915 = ORIENTED_EDGE ( 'NONE', *, *, #434, .F. ) ;
#1916 = LINE ( 'NONE', #2853, #602 ) ;
#1917 = DIRECTION ( 'NONE',  ( -0.000000000000000000, -0.000000000000000000, -1.000000000000000000 ) ) ;
#1918 = CARTESIAN_POINT ( 'NONE',  ( -2.635992743971745433, 7.846216259435018436, -1.500000000000011546 ) ) ;
#1919 = CARTESIAN_POINT ( 'NONE',  ( 3.608439182435160930, 6.249999999999996447, -7.249999999999999112 ) ) ;
#1920 = FACE_OUTER_BOUND ( 'NONE', #730, .T. ) ;
#1921 = UNCERTAINTY_MEASURE_WITH_UNIT (LENGTH_MEASURE( 1.000000000000000082E-05 ), #777, 'distance_accuracy_value', 'NONE');
#1922 = CIRCLE ( 'NONE', #2601, 4.000000000000000000 ) ;
#1923 = ORIENTED_EDGE ( 'NONE', *, *, #2638, .F. ) ;
#1924 = DIRECTION ( 'NONE',  ( 0.000000000000000000, 0.000000000000000000, 1.000000000000000000 ) ) ;
#1925 = DIRECTION ( 'NONE',  ( -0.4999999999999999445, -0.8660254037844385966, 0.000000000000000000 ) ) ;
#1926 = DIRECTION ( 'NONE',  ( 1.000000000000000000, 0.000000000000000000, 0.000000000000000000 ) ) ;
#1927 = CARTESIAN_POINT ( 'NONE',  ( -7.400000000000010125, -2.874999999999999112, -15.84608798800480400 ) ) ;
#1928 = ORIENTED_EDGE ( 'NONE', *, *, #1714, .T. ) ;
#1929 = ORIENTED_EDGE ( 'NONE', *, *, #30, .T. ) ;
#1930 = VECTOR ( 'NONE', #1804, 1000.000000000000000 ) ;
#1931 = DIRECTION ( 'NONE',  ( 0.000000000000000000, -0.000000000000000000, -1.000000000000000000 ) ) ;
#1932 = ADVANCED_FACE ( 'NONE', ( #2857 ), #2185, .T. ) ;
#1933 = DIRECTION ( 'NONE',  ( -0.5773502691896457151, 0.5773502691896458261, 0.5773502691895856520 ) ) ;
#1934 = CYLINDRICAL_SURFACE ( 'NONE', #277, 4.000000000000000000 ) ;
#1935 = VECTOR ( 'NONE', #2872, 1000.000000000000000 ) ;
#1936 = CARTESIAN_POINT ( 'NONE',  ( -3.952425857551162824, -2.000000000000000444, -243.3181240714455384 ) ) ;
#1937 = LINE ( 'NONE', #287, #1487 ) ;
#1938 = PLANE ( 'NONE',  #2618 ) ;
#1939 = ORIENTED_EDGE ( 'NONE', *, *, #965, .F. ) ;
#1940 = VECTOR ( 'NONE', #843, 1000.000000000000000 ) ;
#1941 = EDGE_CURVE ( 'NONE', #1882, #248, #2345, .T. ) ;
#1942 = CARTESIAN_POINT ( 'NONE',  ( 2.462787663214888401, -7.846216259435018436, -5.499999999999987566 ) ) ;
#1943 = CARTESIAN_POINT ( 'NONE',  ( -4.567348958815168558, 6.167218360552291223, -2.625000000000000000 ) ) ;
#1944 = CARTESIAN_POINT ( 'NONE',  ( -3.518692484997442804, 1.903197362072020837, -242.6872028350347534 ) ) ;
#1945 = EDGE_CURVE ( 'NONE', #1192, #1001, #2605, .T. ) ;
#1946 = ADVANCED_FACE ( 'NONE', ( #1920 ), #2136, .T. ) ;
#1947 = CARTESIAN_POINT ( 'NONE',  ( -3.608439182435161374, 6.249999999999997335, -7.249999999999999112 ) ) ;
#1948 = LINE ( 'NONE', #1418, #2866 ) ;
#1949 = ORIENTED_EDGE ( 'NONE', *, *, #494, .F. ) ;
#1950 = CARTESIAN_POINT ( 'NONE',  ( -3.795779139578842720, 1.540672993402400826, -242.0954638916050783 ) ) ;
#1951 = CARTESIAN_POINT ( 'NONE',  ( -4.318550269098728300, -1.515343603451974719, -242.5766829190862950 ) ) ;
#1952 = FACE_OUTER_BOUND ( 'NONE', #481, .T. ) ;
#1953 = EDGE_CURVE ( 'NONE', #1142, #2533, #2379, .T. ) ;
#1954 = CARTESIAN_POINT ( 'NONE',  ( 3.608439182435159154, -6.249999999999999112, -6.402557793534178643 ) ) ;
#1955 = DIRECTION ( 'NONE',  ( 1.000000000000000000, -1.626303258728255911E-16, 0.000000000000000000 ) ) ;
#1956 = ADVANCED_FACE ( 'NONE', ( #1657 ), #508, .T. ) ;
#1957 = VERTEX_POINT ( 'NONE', #303 ) ;
#1958 = CARTESIAN_POINT ( 'NONE',  ( -0.08660254037842893271, -4.336808689942017736E-16, -27.75609665440987328 ) ) ;
#1959 = CARTESIAN_POINT ( 'NONE',  ( -3.464101615137755275, 1.999999999999998668, -242.8589310026406167 ) ) ;
#1960 = EDGE_CURVE ( 'NONE', #992, #1361, #539, .T. ) ;
#1961 = PRODUCT_DEFINITION_SHAPE ( 'NONE', 'NONE',  #1799 ) ;
#1962 = CARTESIAN_POINT ( 'NONE',  ( 3.619224080045345904, 6.231320009384727854, -3.337919052561935551 ) ) ;
#1963 = EDGE_CURVE ( 'NONE', #2291, #727, #773, .T. ) ;
#1964 = EDGE_LOOP ( 'NONE', ( #1610, #2606, #1897, #2400, #678, #2837 ) ) ;
#1965 = ORIENTED_EDGE ( 'NONE', *, *, #45, .F. ) ;
#1966 = CARTESIAN_POINT ( 'NONE',  ( -5.647173289784743311, 1.469543890393208985, -243.8348681252531094 ) ) ;
#1967 = CARTESIAN_POINT ( 'NONE',  ( -5.889246878839433208, -1.463656982334909040, -244.0684028173093623 ) ) ;
#1968 = PLANE ( 'NONE',  #2464 ) ;
#1969 = CARTESIAN_POINT ( 'NONE',  ( -6.760992743971745433, -4.849228331412906101, -5.750000000000011546 ) ) ;
#1970 = DIRECTION ( 'NONE',  ( 1.000000000000000000, 0.000000000000000000, 0.000000000000000000 ) ) ;
#1971 = CARTESIAN_POINT ( 'NONE',  ( -7.812325838561179125, -2.462674161438831000, -15.99700971955491546 ) ) ;
#1972 = ADVANCED_FACE ( 'NONE', ( #1184 ), #61, .T. ) ;
#1973 = CARTESIAN_POINT ( 'NONE',  ( 6.587787663214888845, -4.849228331412904325, -5.000000000000011546 ) ) ;
#1974 = CARTESIAN_POINT ( 'NONE',  ( -8.000000000000000000, 1.999999999999999556, -247.2590644239587903 ) ) ;
#1975 = CARTESIAN_POINT ( 'NONE',  ( -7.500000000000003553, -1.500000000000003109, -250.0000000000000000 ) ) ;
#1976 = CARTESIAN_POINT ( 'NONE',  ( -8.000000000000000000, 2.875000000000001776, -20.75000000000000000 ) ) ;
#1977 = EDGE_LOOP ( 'NONE', ( #847, #2659, #1100, #1939 ) ) ;
#1978 = EDGE_CURVE ( 'NONE', #2822, #649, #620, .T. ) ;
#1979 = CARTESIAN_POINT ( 'NONE',  ( -3.558546818410353474, 1.554339195657704176, -241.8814308232227006 ) ) ;
#1980 = CARTESIAN_POINT ( 'NONE',  ( -6.348787142503185876, -1.453216557676142884, -244.5129162595872288 ) ) ;
#1981 = ORIENTED_EDGE ( 'NONE', *, *, #2665, .F. ) ;
#1982 = AXIS2_PLACEMENT_3D ( 'NONE', #1720, #106, #136 ) ;
#1983 = CARTESIAN_POINT ( 'NONE',  ( -7.336602540378430959, 0.000000000000000000, -5.000000000000000000 ) ) ;
#1984 = CARTESIAN_POINT ( 'NONE',  ( -7.336602540378430959, 0.000000000000000000, -2.500000000000000000 ) ) ;
#1985 = CARTESIAN_POINT ( 'NONE',  ( -5.764541246292149701, 1.999999999999999112, -245.0649267639547872 ) ) ;
#1986 = DIRECTION ( 'NONE',  ( 0.8660254037844385966, -0.5000000000000002220, 0.000000000000000000 ) ) ;
#1987 = ORIENTED_EDGE ( 'NONE', *, *, #527, .T. ) ;
#1988 = AXIS2_PLACEMENT_3D ( 'NONE', #2836, #2949, #2906 ) ;
#1989 = CARTESIAN_POINT ( 'NONE',  ( -8.336602540378430959, 2.680587493921476661, -1.125000000000011324 ) ) ;
#1990 = CARTESIAN_POINT ( 'NONE',  ( -6.760992743971747210, 4.849228331412904325, -1.499999999999987566 ) ) ;
#1991 = ORIENTED_EDGE ( 'NONE', *, *, #117, .T. ) ;
#1992 = VECTOR ( 'NONE', #1249, 1000.000000000000114 ) ;
#1993 = CARTESIAN_POINT ( 'NONE',  ( -4.874736156192007286, 1.493348948098362383, -243.0982675643603841 ) ) ;
#1994 = FACE_OUTER_BOUND ( 'NONE', #483, .T. ) ;
#1995 = ORIENTED_EDGE ( 'NONE', *, *, #2154, .F. ) ;
#1996 = CARTESIAN_POINT ( 'NONE',  ( -5.995471997513355689, 1.999999999999999556, -245.2893021924565744 ) ) ;
#1997 = LINE ( 'NONE', #331, #139 ) ;
#1998 = FACE_OUTER_BOUND ( 'NONE', #1591, .T. ) ;
#1999 = CARTESIAN_POINT ( 'NONE',  ( -0.08660254037842778085, -8.674563349965707104, -5.375000000000010658 ) ) ;
#2000 = CARTESIAN_POINT ( 'NONE',  ( -4.684483786230550173, 1.999999999999999112, -244.0183336752577645 ) ) ;
#2001 = LINE ( 'NONE', #374, #1538 ) ;
#2002 = ORIENTED_EDGE ( 'NONE', *, *, #1019, .T. ) ;
#2003 = FACE_OUTER_BOUND ( 'NONE', #2788, .T. ) ;
#2004 = CARTESIAN_POINT ( 'NONE',  ( 7.162792197070919187, -0.09367999061525839055, -6.004981424610863705 ) ) ;
#2005 = CARTESIAN_POINT ( 'NONE',  ( -6.857464990349060763, 1.443387755826430530, -245.0077207325317943 ) ) ;
#2006 = APPLICATION_CONTEXT ( 'automotive_design' ) ;
#2007 = CARTESIAN_POINT ( 'NONE',  ( 3.637306695894642505, 1.966442211589243969E-15, -18.17500000000000782 ) ) ;
#2008 = EDGE_LOOP ( 'NONE', ( #27, #336, #1089, #469 ) ) ;
#2009 = LINE ( 'NONE', #356, #2656 ) ;
#2010 = CARTESIAN_POINT ( 'NONE',  ( -5.774360707486462019, -1.466472118410902414, -243.9576135932833267 ) ) ;
#2011 = CARTESIAN_POINT ( 'NONE',  ( -3.608439182435161374, 6.249999999999997335, -20.75000000000000000 ) ) ;
#2012 = CARTESIAN_POINT ( 'NONE',  ( 2.153770668839940949, -6.895159743139865682, -4.250000000000000000 ) ) ;
#2013 = CARTESIAN_POINT ( 'NONE',  ( -4.179661146409783257, 1.999999999999998224, -243.5331029292671587 ) ) ;
#2014 = PLANE ( 'NONE',  #610 ) ;
#2015 = CARTESIAN_POINT ( 'NONE',  ( 6.587787663214888845, -4.849228331412904325, -2.500000000000011546 ) ) ;
#2016 = CARTESIAN_POINT ( 'NONE',  ( -3.608439182435158710, -6.249999999999999112, 0.000000000000000000 ) ) ;
#2017 = ORIENTED_EDGE ( 'NONE', *, *, #1914, .T. ) ;
#2018 = CARTESIAN_POINT ( 'NONE',  ( -4.765168132913326637, 1.497346167196718758, -242.9948830580716219 ) ) ;
#2019 = DIRECTION ( 'NONE',  ( -0.5000000000000004441, 0.8660254037844383745, 0.000000000000000000 ) ) ;
#2020 = ORIENTED_EDGE ( 'NONE', *, *, #2573, .F. ) ;
#2021 = CARTESIAN_POINT ( 'NONE',  ( -6.760992743971747210, 4.849228331412904325, -1.499999999999987566 ) ) ;
#2022 = CARTESIAN_POINT ( 'NONE',  ( 7.162792197070920075, 0.09367999061526186000, -1.245018575389139626 ) ) ;
#2023 = CARTESIAN_POINT ( 'NONE',  ( 7.162792197070919187, -0.09367999061525839055, -27.75609665440987328 ) ) ;
#2024 = CARTESIAN_POINT ( 'NONE',  ( -0.03711537444789727441, 0.06428571428570456492, -21.26071428571428612 ) ) ;
#2025 = CARTESIAN_POINT ( 'NONE',  ( -7.500000000000003553, 1.999999999999999556, -250.0000000000000000 ) ) ;
#2026 = EDGE_LOOP ( 'NONE', ( #1503, #2310, #440, #2325, #2645, #1423 ) ) ;
#2027 = AXIS2_PLACEMENT_3D ( 'NONE', #2794, #687, #2557 ) ;
#2028 = CARTESIAN_POINT ( 'NONE',  ( 2.462787663214887512, 7.846216259435020213, -4.250000000000011546 ) ) ;
#2029 = CARTESIAN_POINT ( 'NONE',  ( -3.608439182435159154, -6.249999999999999112, -7.249999999999999112 ) ) ;
#2030 = CARTESIAN_POINT ( 'NONE',  ( 3.615627512235319418, -6.237549447563210059, -3.908913829472107970 ) ) ;
#2031 = CARTESIAN_POINT ( 'NONE',  ( -3.688567921515782277, 1.547415087262925981, -241.9999945177368659 ) ) ;
#2032 = AXIS2_PLACEMENT_3D ( 'NONE', #2683, #2258, #1545 ) ;
#2033 = EDGE_CURVE ( 'NONE', #1376, #2736, #2117, .T. ) ;
#2034 = ORIENTED_EDGE ( 'NONE', *, *, #2065, .F. ) ;
#2035 = CARTESIAN_POINT ( 'NONE',  ( 6.587787663214888845, 4.849228331412904325, -4.749999999999987566 ) ) ;
#2036 = FACE_OUTER_BOUND ( 'NONE', #2094, .T. ) ;
#2037 = DIRECTION ( 'NONE',  ( 0.000000000000000000, 0.000000000000000000, 1.000000000000000000 ) ) ;
#2038 = CARTESIAN_POINT ( 'NONE',  ( -8.000000000000000000, -2.874999999999999556, -18.25000000000000355 ) ) ;
#2039 = DIRECTION ( 'NONE',  ( 0.5000000000000001110, -0.8660254037844385966, 0.000000000000000000 ) ) ;
#2040 = ADVANCED_FACE ( 'NONE', ( #2592 ), #1938, .T. ) ;
#2041 = VERTEX_POINT ( 'NONE', #1891 ) ;
#2042 = CARTESIAN_POINT ( 'NONE',  ( -7.836602540378430959, 0.000000000000000000, -0.5000000000000057732 ) ) ;
#2043 = DIRECTION ( 'NONE',  ( 0.000000000000000000, -1.000000000000000000, 0.000000000000000000 ) ) ;
#2044 = ORIENTED_EDGE ( 'NONE', *, *, #1569, .T. ) ;
#2045 = CARTESIAN_POINT ( 'NONE',  ( -4.567348958815166782, -6.167218360552292111, -6.874999999999999112 ) ) ;
#2046 = CARTESIAN_POINT ( 'NONE',  ( 0.000000000000000000, 0.000000000000000000, 0.000000000000000000 ) ) ;
#2047 = EDGE_LOOP ( 'NONE', ( #2552, #1949, #2374, #3018 ) ) ;
#2048 = ADVANCED_FACE ( 'NONE', ( #1473 ), #954, .T. ) ;
#2049 = DIRECTION ( 'NONE',  ( 0.7559289460184565046, -1.085060272978459497E-16, 0.6546536707079747552 ) ) ;
#2050 = VERTEX_POINT ( 'NONE', #971 ) ;
#2051 = CARTESIAN_POINT ( 'NONE',  ( 7.216878364870321860, 1.739295423971095542E-15, -3.446519094751250734 ) ) ;
#2052 = CARTESIAN_POINT ( 'NONE',  ( 7.162792197070920963, 0.09367999061526011140, -7.249999999999999112 ) ) ;
#2053 = DIRECTION ( 'NONE',  ( 0.6123724356957926940, 0.3535533905932727872, 0.7071067811865495711 ) ) ;
#2054 = CARTESIAN_POINT ( 'NONE',  ( 2.462787663214888401, -7.846216259435018436, -2.750000000000011102 ) ) ;
#2055 = CARTESIAN_POINT ( 'NONE',  ( 3.619224080045347680, -6.231320009384729630, -7.249999999999999112 ) ) ;
#2056 = ADVANCED_FACE ( 'NONE', ( #1906 ), #733, .T. ) ;
#2057 = CARTESIAN_POINT ( 'NONE',  ( -0.08660254037842778085, -8.674563349965707104, -5.624999999999987566 ) ) ;
#2058 = VERTEX_POINT ( 'NONE', #2254 ) ;
#2059 = FACE_OUTER_BOUND ( 'NONE', #663, .T. ) ;
#2060 =( LENGTH_UNIT ( ) NAMED_UNIT ( * ) SI_UNIT ( .MILLI., .METRE. ) );
#2061 = VERTEX_POINT ( 'NONE', #1515 ) ;
#2062 = CARTESIAN_POINT ( 'NONE',  ( -2.326975749596797982, 6.895159743139864794, -0.5000000000000000000 ) ) ;
#2063 = EDGE_LOOP ( 'NONE', ( #173, #19, #2583, #1850, #1863, #623, #514, #2781, #2317 ) ) ;
#2064 = CARTESIAN_POINT ( 'NONE',  ( 3.619224080045345016, 6.231320009384729630, -7.249999999999999112 ) ) ;
#2065 = EDGE_CURVE ( 'NONE', #1813, #1159, #2096, .T. ) ;
#2066 = CARTESIAN_POINT ( 'NONE',  ( 1.818653347947320142, -3.149999999999999467, -21.25000000000000000 ) ) ;
#2067 = CARTESIAN_POINT ( 'NONE',  ( 7.162792197070920075, 0.09367999061526186000, -3.745018575389138515 ) ) ;
#2068 = EDGE_LOOP ( 'NONE', ( #1170, #809, #1729, #2186 ) ) ;
#2069 = CARTESIAN_POINT ( 'NONE',  ( -5.185382947565059908, -7.017869168904331545, -5.874999999999987566 ) ) ;
#2070 = CARTESIAN_POINT ( 'NONE',  ( -3.688564984449577810, -1.547413440385445149, -241.9999931137685110 ) ) ;
#2071 = CARTESIAN_POINT ( 'NONE',  ( -4.516353297165558445, -2.000000000000000888, -243.8567750257707019 ) ) ;
#2072 = ORIENTED_EDGE ( 'NONE', *, *, #786, .F. ) ;
#2073 = AXIS2_PLACEMENT_3D ( 'NONE', #998, #2405, #1445 ) ;
#2074 = CARTESIAN_POINT ( 'NONE',  ( -8.000000000000000000, -2.000000000000000000, -247.0000000000000000 ) ) ;
#2075 = VERTEX_POINT ( 'NONE', #2901 ) ;
#2076 = LINE ( 'NONE', #2282, #662 ) ;
#2077 = ORIENTED_EDGE ( 'NONE', *, *, #2497, .T. ) ;
#2078 = AXIS2_PLACEMENT_3D ( 'NONE', #48, #985, #830 ) ;
#2079 = ORIENTED_EDGE ( 'NONE', *, *, #965, .T. ) ;
#2080 = VECTOR ( 'NONE', #2752, 1000.000000000000000 ) ;
#2081 = CARTESIAN_POINT ( 'NONE',  ( -3.464101615137755275, 1.999999999999998668, -242.8589310026406167 ) ) ;
#2082 = CARTESIAN_POINT ( 'NONE',  ( -8.000000000000000000, 2.875000000000001776, -18.25000000000000355 ) ) ;
#2083 = ORIENTED_EDGE ( 'NONE', *, *, #1112, .F. ) ;
#2084 = CARTESIAN_POINT ( 'NONE',  ( 8.163397459621574370, -2.680587493921476661, -2.375000000000010658 ) ) ;
#2085 = DIRECTION ( 'NONE',  ( 0.5000000000000001110, -0.8660254037844385966, 0.000000000000000000 ) ) ;
#2086 = LINE ( 'NONE', #1642, #2963 ) ;
#2087 = VERTEX_POINT ( 'NONE', #349 ) ;
#2088 = DIRECTION ( 'NONE',  ( 0.000000000000000000, 0.000000000000000000, -1.000000000000000000 ) ) ;
#2089 = CARTESIAN_POINT ( 'NONE',  ( -5.951975749596799758, -4.261443079120433630, -6.999999999999999112 ) ) ;
#2090 = ORIENTED_EDGE ( 'NONE', *, *, #2137, .T. ) ;
#2091 = EDGE_CURVE ( 'NONE', #1128, #2802, #2001, .T. ) ;
#2092 = EDGE_CURVE ( 'NONE', #503, #2889, #1762, .T. ) ;
#2093 = CARTESIAN_POINT ( 'NONE',  ( -3.637306695894642061, 5.757375448526970008E-16, -18.17500000000000782 ) ) ;
#2094 = EDGE_LOOP ( 'NONE', ( #1838, #547, #1082, #2881 ) ) ;
#2095 = ORIENTED_EDGE ( 'NONE', *, *, #1261, .T. ) ;
#2096 =( BOUNDED_CURVE ( )  B_SPLINE_CURVE ( 2, ( #1071, #1318, #152, #1088, #94 ),
 .UNSPECIFIED., .F., .T. ) 
 B_SPLINE_CURVE_WITH_KNOTS ( ( 3, 2, 3 ),
 ( 0.7510443363926772031, 0.8000000000000000444, 0.8322499653299444411 ),
 .UNSPECIFIED. ) 
 CURVE ( )  GEOMETRIC_REPRESENTATION_ITEM ( )  RATIONAL_B_SPLINE_CURVE ( ( 0.9979981652694689398, 0.9520787855195009808, 1.000000000000000000, 0.9684314869478399812, 0.9775863119536822854 ) ) 
 REPRESENTATION_ITEM ( '' )  );
#2097 = CARTESIAN_POINT ( 'NONE',  ( -5.556996340950147939, -2.874999999999997780, -14.24999999999993250 ) ) ;
#2098 = CARTESIAN_POINT ( 'NONE',  ( -7.216878364870320972, 1.057472961667715618E-17, -21.25000000000000000 ) ) ;
#2099 = VECTOR ( 'NONE', #949, 1000.000000000000114 ) ;
#2100 = ORIENTED_EDGE ( 'NONE', *, *, #145, .T. ) ;
#2101 = FACE_OUTER_BOUND ( 'NONE', #3020, .T. ) ;
#2102 = CARTESIAN_POINT ( 'NONE',  ( -7.216878364870320972, 1.057472961667715618E-17, -7.249999999999999112 ) ) ;
#2103 = CARTESIAN_POINT ( 'NONE',  ( -7.126864161337942427, -1.999999999999999556, -246.3976618960275005 ) ) ;
#2104 = ORIENTED_EDGE ( 'NONE', *, *, #2761, .F. ) ;
#2105 = EDGE_CURVE ( 'NONE', #2889, #694, #1544, .T. ) ;
#2106 = DIRECTION ( 'NONE',  ( 0.000000000000000000, 0.000000000000000000, 1.000000000000000000 ) ) ;
#2107 = CARTESIAN_POINT ( 'NONE',  ( -6.760992743971745433, -4.849228331412906101, -5.999999999999986677 ) ) ;
#2108 = ORIENTED_EDGE ( 'NONE', *, *, #1139, .T. ) ;
#2109 = B_SPLINE_CURVE_WITH_KNOTS ( 'NONE', 3,
 ( #2460, #885, #593, #1817 ),
 .UNSPECIFIED., .F., .F.,
 ( 4, 4 ),
 ( 0.000000000000000000, 1.000000000000000000 ),
 .UNSPECIFIED. ) ;
#2110 = CARTESIAN_POINT ( 'NONE',  ( -8.000000000000000000, 2.274999999999984812, -20.75000000000000000 ) ) ;
#2111 = ORIENTED_EDGE ( 'NONE', *, *, #633, .F. ) ;
#2112 = ORIENTED_EDGE ( 'NONE', *, *, #1569, .F. ) ;
#2113 = DIRECTION ( 'NONE',  ( -0.4999999999999998890, -0.8660254037844387076, 0.000000000000000000 ) ) ;
#2114 = DIRECTION ( 'NONE',  ( 0.000000000000000000, 0.000000000000000000, 1.000000000000000000 ) ) ;
#2115 = CARTESIAN_POINT ( 'NONE',  ( -8.336602540378432735, 2.680587493921476661, -1.125000000000011324 ) ) ;
#2116 = FACE_OUTER_BOUND ( 'NONE', #2702, .T. ) ;
#2117 = LINE ( 'NONE', #18, #1295 ) ;
#2118 = AXIS2_PLACEMENT_3D ( 'NONE', #2082, #3022, #918 ) ;
#2119 = EDGE_LOOP ( 'NONE', ( #957, #1340, #1021, #116, #2129, #2127, #2143, #2937, #499, #2353 ) ) ;
#2120 = CARTESIAN_POINT ( 'NONE',  ( 2.462787663214887512, 7.846216259435020213, -1.999999999999987566 ) ) ;
#2121 = DIRECTION ( 'NONE',  ( 0.000000000000000000, 0.000000000000000000, 1.000000000000000000 ) ) ;
#2122 = DIRECTION ( 'NONE',  ( -0.6123724356957926940, 0.3535533905932727872, 0.7071067811865496822 ) ) ;
#2123 = VECTOR ( 'NONE', #2262, 1000.000000000000000 ) ;
#2124 = ADVANCED_FACE ( 'NONE', ( #2479, #2929 ), #2014, .F. ) ;
#2125 = CARTESIAN_POINT ( 'NONE',  ( 3.619224080045343683, -6.231320009384729630, -27.75609665440987328 ) ) ;
#2126 = EDGE_CURVE ( 'NONE', #831, #2983, #2428, .T. ) ;
#2127 = ORIENTED_EDGE ( 'NONE', *, *, #2033, .T. ) ;
#2128 = VECTOR ( 'NONE', #637, 1000.000000000000000 ) ;
#2129 = ORIENTED_EDGE ( 'NONE', *, *, #1622, .T. ) ;
#2130 = CARTESIAN_POINT ( 'NONE',  ( -4.567348958815166782, -6.167218360552292111, -4.375000000000000000 ) ) ;
#2131 = VECTOR ( 'NONE', #2779, 1000.000000000000000 ) ;
#2132 = CARTESIAN_POINT ( 'NONE',  ( 2.153770668839940949, -6.895159743139865682, -1.750000000000000000 ) ) ;
#2133 = VECTOR ( 'NONE', #2850, 1000.000000000000000 ) ;
#2134 = CARTESIAN_POINT ( 'NONE',  ( -5.995470269657921847, -2.000000000000000444, -245.2893098988896554 ) ) ;
#2135 = CYLINDRICAL_SURFACE ( 'NONE', #1439, 7.249999999999999112 ) ;
#2136 = PLANE ( 'NONE',  #3014 ) ;
#2137 = EDGE_CURVE ( 'NONE', #2287, #992, #801, .T. ) ;
#2138 = LINE ( 'NONE', #2594, #455 ) ;
#2139 = CARTESIAN_POINT ( 'NONE',  ( -8.336602540378430959, 0.000000000000000000, -1.124999999999999334 ) ) ;
#2140 = CARTESIAN_POINT ( 'NONE',  ( 1.818653347947320142, -3.149999999999999467, -18.17500000000000782 ) ) ;
#2141 = CARTESIAN_POINT ( 'NONE',  ( 7.198890349311947823, -0.03115615687444369189, -3.787134038485350462 ) ) ;
#2142 = ORIENTED_EDGE ( 'NONE', *, *, #2746, .F. ) ;
#2143 = ORIENTED_EDGE ( 'NONE', *, *, #2150, .T. ) ;
#2144 = LINE ( 'NONE', #1616, #947 ) ;
#2145 = LINE ( 'NONE', #32, #741 ) ;
#2146 = CARTESIAN_POINT ( 'NONE',  ( -4.959945707672953397, -1.490065055840357422, -243.1783417759445456 ) ) ;
#2147 = DIRECTION ( 'NONE',  ( 0.000000000000000000, 0.000000000000000000, 1.000000000000000000 ) ) ;
#2148 = DIRECTION ( 'NONE',  ( 0.8660254037844385966, -0.5000000000000002220, 0.000000000000000000 ) ) ;
#2149 = EDGE_LOOP ( 'NONE', ( #1354, #2623, #2841 ) ) ;
#2150 = EDGE_CURVE ( 'NONE', #2736, #1389, #1721, .T. ) ;
#2151 = FACE_OUTER_BOUND ( 'NONE', #2156, .T. ) ;
#2152 = CARTESIAN_POINT ( 'NONE',  ( 3.608439182435160930, 6.249999999999996447, -0.8474422064658239107 ) ) ;
#2153 = DIRECTION ( 'NONE',  ( 0.5773502691896288397, 0.5773502691896288397, 0.5773502691896195138 ) ) ;
#2154 = EDGE_CURVE ( 'NONE', #3012, #2817, #137, .T. ) ;
#2155 = LINE ( 'NONE', #1388, #1300 ) ;
#2156 = EDGE_LOOP ( 'NONE', ( #1832, #1844, #1162, #468 ) ) ;
#2157 = VERTEX_POINT ( 'NONE', #1773 ) ;
#2158 = CARTESIAN_POINT ( 'NONE',  ( -7.346598109933634824, 1.999999999999998668, -246.6147188179411955 ) ) ;
#2159 = CARTESIAN_POINT ( 'NONE',  ( 3.612032568568867674, 6.243776072645206732, -3.080184336416275759 ) ) ;
#2160 = ADVANCED_FACE ( 'NONE', ( #1488 ), #2423, .F. ) ;
#2161 = EDGE_CURVE ( 'NONE', #1627, #3023, #243, .T. ) ;
#2162 = EDGE_CURVE ( 'NONE', #1131, #1361, #1750, .T. ) ;
#2163 = CARTESIAN_POINT ( 'NONE',  ( 2.462787663214888401, -7.846216259435018436, -2.750000000000011546 ) ) ;
#2164 = CARTESIAN_POINT ( 'NONE',  ( 7.198888631043345754, -0.03115913300296252811, -5.966150134140602468 ) ) ;
#2165 = CARTESIAN_POINT ( 'NONE',  ( 3.608439182435160930, 6.249999999999996447, -0.8474422064658239107 ) ) ;
#2166 = ORIENTED_EDGE ( 'NONE', *, *, #2956, .T. ) ;
#2167 = ADVANCED_FACE ( 'NONE', ( #2714 ), #1257, .T. ) ;
#2168 = LINE ( 'NONE', #2814, #2515 ) ;
#2169 = LINE ( 'NONE', #975, #1392 ) ;
#2170 = CARTESIAN_POINT ( 'NONE',  ( 7.216878364870321860, 1.739295423971095542E-15, -3.446519094751250734 ) ) ;
#2171 = ADVANCED_FACE ( 'NONE', ( #2916 ), #817, .T. ) ;
#2172 = CARTESIAN_POINT ( 'NONE',  ( -8.000000000000000000, 1.999999999999999556, -247.2590644239587903 ) ) ;
#2173 = EDGE_CURVE ( 'NONE', #2865, #911, #2655, .T. ) ;
#2174 = ORIENTED_EDGE ( 'NONE', *, *, #1901, .F. ) ;
#2175 = ORIENTED_EDGE ( 'NONE', *, *, #2440, .T. ) ;
#2176 = VECTOR ( 'NONE', #2635, 1000.000000000000000 ) ;
#2177 = CARTESIAN_POINT ( 'NONE',  ( -2.796909090179532598, 1.999999999999998224, -242.2449575080667898 ) ) ;
#2178 = CARTESIAN_POINT ( 'NONE',  ( -5.481766439214204034, -1.474295272889867725, -243.6765334149063165 ) ) ;
#2179 = VECTOR ( 'NONE', #1025, 1000.000000000000000 ) ;
#2180 = CARTESIAN_POINT ( 'NONE',  ( 3.608439182435160930, 6.249999999999996447, -21.25000000000000000 ) ) ;
#2181 = VECTOR ( 'NONE', #1925, 1000.000000000000114 ) ;
#2182 = CARTESIAN_POINT ( 'NONE',  ( -0.08660254037842797514, -7.623101125727437477, -4.375000000000000000 ) ) ;
#2183 = DIRECTION ( 'NONE',  ( 0.000000000000000000, 0.000000000000000000, -1.000000000000000000 ) ) ;
#2184 = EDGE_CURVE ( 'NONE', #1210, #894, #1568, .T. ) ;
#2185 = PLANE ( 'NONE',  #464 ) ;
#2186 = ORIENTED_EDGE ( 'NONE', *, *, #943, .F. ) ;
#2187 = VECTOR ( 'NONE', #288, 1000.000000000000000 ) ;
#2188 = CARTESIAN_POINT ( 'NONE',  ( -2.635992743971745433, 7.846216259435018436, -4.249999999999987566 ) ) ;
#2189 = CARTESIAN_POINT ( 'NONE',  ( 3.619224080045343683, -6.231320009384729630, -6.412080947438066225 ) ) ;
#2190 = PLANE ( 'NONE',  #2422 ) ;
#2191 = VECTOR ( 'NONE', #1785, 1000.000000000000000 ) ;
#2192 = CARTESIAN_POINT ( 'NONE',  ( 7.162792197070920075, 0.09367999061526186000, -5.995018575389137183 ) ) ;
#2193 = CARTESIAN_POINT ( 'NONE',  ( -5.268321206355325970, 2.374999999999993783, -21.25000000000000000 ) ) ;
#2194 = ORIENTED_EDGE ( 'NONE', *, *, #1883, .T. ) ;
#2195 = EDGE_CURVE ( 'NONE', #2676, #2388, #1364, .T. ) ;
#2196 = CARTESIAN_POINT ( 'NONE',  ( 4.394143878058310193, -6.167218360552291223, -6.375000000000000888 ) ) ;
#2197 = LINE ( 'NONE', #1540, #387 ) ;
#2198 = LINE ( 'NONE', #1457, #1148 ) ;
#2199 = CARTESIAN_POINT ( 'NONE',  ( -3.162277660168513638, 1.499999999999722222, -250.0000000000000000 ) ) ;
#2200 = CARTESIAN_POINT ( 'NONE',  ( -0.08660254037842900210, 8.674563349965707104, -1.625000000000011324 ) ) ;
#2201 = DIRECTION ( 'NONE',  ( 1.000000000000000000, 0.000000000000000000, 0.000000000000000000 ) ) ;
#2202 = ADVANCED_FACE ( 'NONE', ( #1556 ), #639, .T. ) ;
#2203 = CARTESIAN_POINT ( 'NONE',  ( -5.306748584642219768, 1.479380566091525795, -243.5090956659597623 ) ) ;
#2204 = PRODUCT ( 'D7N3_rod', 'D7N3_rod', '', ( #432 ) ) ;
#2205 = CARTESIAN_POINT ( 'NONE',  ( -8.000000000000000000, 4.728718707889768780, -17.29256258422035941 ) ) ;
#2206 = EDGE_CURVE ( 'NONE', #2061, #2822, #2316, .T. ) ;
#2207 = ORIENTED_EDGE ( 'NONE', *, *, #1810, .F. ) ;
#2208 = CARTESIAN_POINT ( 'NONE',  ( 7.163397459621574370, -2.355667797688572040, -3.624999999999999556 ) ) ;
#2209 = CARTESIAN_POINT ( 'NONE',  ( 3.619224080045345904, 6.231320009384727854, -27.75609665440987328 ) ) ;
#2210 = CARTESIAN_POINT ( 'NONE',  ( -5.951975749596797982, -4.261443079120432742, -4.750000000000000000 ) ) ;
#2211 = CARTESIAN_POINT ( 'NONE',  ( -0.08660254037842900210, 8.674563349965707104, -4.125000000000011546 ) ) ;
#2212 = CARTESIAN_POINT ( 'NONE',  ( -7.400000000000011013, -2.874999999999999112, -18.25000000000000355 ) ) ;
#2213 = CARTESIAN_POINT ( 'NONE',  ( 3.594570747539061806, 6.249999999999176659, -3.082696143261303590 ) ) ;
#2214 = VERTEX_POINT ( 'NONE', #2067 ) ;
#2215 = CARTESIAN_POINT ( 'NONE',  ( -2.635992743971745433, 7.846216259435018436, -1.500000000000011324 ) ) ;
#2216 = CARTESIAN_POINT ( 'NONE',  ( 2.462787663214888401, -7.846216259435018436, -2.999999999999987566 ) ) ;
#2217 = AXIS2_PLACEMENT_3D ( 'NONE', #932, #1900, #1667 ) ;
#2218 = CARTESIAN_POINT ( 'NONE',  ( 4.901710471518033962, -5.468612877879187373, -3.829178393336842401 ) ) ;
#2219 = FACE_OUTER_BOUND ( 'NONE', #1596, .T. ) ;
#2220 = EDGE_CURVE ( 'NONE', #2368, #771, #2759, .T. ) ;
#2221 = ORIENTED_EDGE ( 'NONE', *, *, #1358, .F. ) ;
#2222 = CARTESIAN_POINT ( 'NONE',  ( -5.090560331614075729, 1.999999999999998668, -244.4099112497985402 ) ) ;
#2223 = CARTESIAN_POINT ( 'NONE',  ( -5.636772450070765217, -1.470015646424631228, -243.8252074922696977 ) ) ;
#2224 = AXIS2_PLACEMENT_3D ( 'NONE', #256, #719, #2591 ) ;
#2225 = CARTESIAN_POINT ( 'NONE',  ( -3.508811910826967306, -1.922559493500247019, -242.7231462238851520 ) ) ;
#2226 = CARTESIAN_POINT ( 'NONE',  ( -2.635992743971745433, 7.846216259435018436, -4.000000000000011546 ) ) ;
#2227 = CARTESIAN_POINT ( 'NONE',  ( -4.914915808033989642, 1.999999999999999112, -244.2403733753288861 ) ) ;
#2228 = CARTESIAN_POINT ( 'NONE',  ( 4.901710471518579304, 5.468612877878435086, -5.670821606663206893 ) ) ;
#2229 = LINE ( 'NONE', #2717, #857 ) ;
#2230 = EDGE_CURVE ( 'NONE', #1233, #1145, #1586, .T. ) ;
#2231 = CARTESIAN_POINT ( 'NONE',  ( 5.012177866808205984, -7.017869168904330657, -2.874999999999988010 ) ) ;
#2232 = ADVANCED_FACE ( 'NONE', ( #3005 ), #1149, .T. ) ;
#2233 = VECTOR ( 'NONE', #1912, 1000.000000000000000 ) ;
#2234 = CARTESIAN_POINT ( 'NONE',  ( 3.608439182435160930, 6.249999999999996447, -21.25000000000000000 ) ) ;
#2235 = CARTESIAN_POINT ( 'NONE',  ( 7.162792197070920075, 0.09367999061526186000, -5.995018575389137183 ) ) ;
#2236 = ORIENTED_EDGE ( 'NONE', *, *, #2263, .T. ) ;
#2237 = CARTESIAN_POINT ( 'NONE',  ( -2.326975749596798426, 6.895159743139866571, -5.249999999999999112 ) ) ;
#2238 = CARTESIAN_POINT ( 'NONE',  ( -4.692935237354550537, -1.499971939071973681, -242.9267158602028189 ) ) ;
#2239 = CARTESIAN_POINT ( 'NONE',  ( 7.133021482971698468, 2.397476742766114999, -3.372257746920315213 ) ) ;
#2240 = CARTESIAN_POINT ( 'NONE',  ( -4.567348958815166782, -6.167218360552290335, -2.125000000000000444 ) ) ;
#2241 = CARTESIAN_POINT ( 'NONE',  ( -5.556996340950146163, 2.875000000000002220, -14.24999999999993250 ) ) ;
#2242 = DIRECTION ( 'NONE',  ( -0.5000000000000003331, 0.8660254037844384856, 0.000000000000000000 ) ) ;
#2243 = EDGE_LOOP ( 'NONE', ( #986, #882, #1265, #1857 ) ) ;
#2244 = CARTESIAN_POINT ( 'NONE',  ( 1.818653347947320142, 3.150000000000000355, 0.000000000000000000 ) ) ;
#2245 = LINE ( 'NONE', #2500, #1247 ) ;
#2246 = CARTESIAN_POINT ( 'NONE',  ( -4.218368145019057103, 1.519877656801125854, -242.4838193636447556 ) ) ;
#2247 = PLANE ( 'NONE',  #961 ) ;
#2248 = ORIENTED_EDGE ( 'NONE', *, *, #1207, .T. ) ;
#2249 = CARTESIAN_POINT ( 'NONE',  ( 6.587787663214888845, -4.849228331412904325, -5.249999999999987566 ) ) ;
#2250 = CARTESIAN_POINT ( 'NONE',  ( 3.608439182435160930, 6.249999999999996447, 0.000000000000000000 ) ) ;
#2251 = ORIENTED_EDGE ( 'NONE', *, *, #2126, .T. ) ;
#2252 = CARTESIAN_POINT ( 'NONE',  ( 3.594570747539059585, -6.249999999999177547, -1.667303856738695966 ) ) ;
#2253 = CARTESIAN_POINT ( 'NONE',  ( 0.000000000000000000, 0.000000000000000000, -7.250000000000000000 ) ) ;
#2254 = CARTESIAN_POINT ( 'NONE',  ( -7.399999999999982592, 2.875000000000002220, -15.84608798800478446 ) ) ;
#2255 = ADVANCED_FACE ( 'NONE', ( #1378 ), #2790, .T. ) ;
#2256 = B_SPLINE_CURVE_WITH_KNOTS ( 'NONE', 3,
 ( #2562, #3, #2501, #690 ),
 .UNSPECIFIED., .F., .F.,
 ( 4, 4 ),
 ( 8.928257893248659406E-16, 2.449629283151866064E-05 ),
 .UNSPECIFIED. ) ;
#2257 = CARTESIAN_POINT ( 'NONE',  ( 2.462787663214887512, 7.846216259435020213, -1.750000000000011324 ) ) ;
#2258 = DIRECTION ( 'NONE',  ( 0.6123724356957976900, 0.3535533905932756737, -0.7071067811865437980 ) ) ;
#2259 = CARTESIAN_POINT ( 'NONE',  ( -2.635992743971745433, 7.846216259435018436, -1.749999999999987566 ) ) ;
#2260 = CARTESIAN_POINT ( 'NONE',  ( -5.415836105713827564, 1.476146354195422283, -243.6133457355973633 ) ) ;
#2261 = EDGE_LOOP ( 'NONE', ( #2613, #2044, #1516, #736, #1110, #2882 ) ) ;
#2262 = DIRECTION ( 'NONE',  ( 1.000000000000000000, 0.000000000000000000, 0.000000000000000000 ) ) ;
#2263 = EDGE_CURVE ( 'NONE', #1396, #1192, #904, .T. ) ;
#2264 = CARTESIAN_POINT ( 'NONE',  ( 3.608439182435160930, 5.749999999999989342, -21.25000000000000000 ) ) ;
#2265 = AXIS2_PLACEMENT_3D ( 'NONE', #582, #1285, #124 ) ;
#2266 = EDGE_LOOP ( 'NONE', ( #1479, #2858, #2693, #2380, #1096, #743 ) ) ;
#2267 = CARTESIAN_POINT ( 'NONE',  ( 3.608439182435160930, 6.249999999999996447, -0.8474422064658239107 ) ) ;
#2268 = CARTESIAN_POINT ( 'NONE',  ( -7.836602540378430959, 0.000000000000000000, -6.749999999999993783 ) ) ;
#2269 = CARTESIAN_POINT ( 'NONE',  ( -0.06495190528382133177, -0.03749999999999333034, -21.25000000000000000 ) ) ;
#2270 = VECTOR ( 'NONE', #214, 1000.000000000000000 ) ;
#2271 = LINE ( 'NONE', #672, #1097 ) ;
#2272 = DIRECTION ( 'NONE',  ( 0.000000000000000000, 0.000000000000000000, 1.000000000000000000 ) ) ;
#2273 = CARTESIAN_POINT ( 'NONE',  ( 3.608439182435160486, 6.249999999999996447, -20.75000000000000000 ) ) ;
#2274 = CIRCLE ( 'NONE', #951, 7.249999999999999112 ) ;
#2275 = VERTEX_POINT ( 'NONE', #215 ) ;
#2276 = ADVANCED_FACE ( 'NONE', ( #412 ), #1789, .T. ) ;
#2277 = CARTESIAN_POINT ( 'NONE',  ( 2.153770668839941393, -6.895159743139867459, -6.500000000000000888 ) ) ;
#2278 = VECTOR ( 'NONE', #1661, 1000.000000000000000 ) ;
#2279 = CARTESIAN_POINT ( 'NONE',  ( -8.336602540378430959, 0.000000000000000000, -6.124999999999999112 ) ) ;
#2280 = VECTOR ( 'NONE', #100, 1000.000000000000114 ) ;
#2281 = ORIENTED_EDGE ( 'NONE', *, *, #1580, .T. ) ;
#2282 = CARTESIAN_POINT ( 'NONE',  ( 1.818653347947319476, -0.07499999999998696598, -21.25000000000000000 ) ) ;
#2283 = VERTEX_POINT ( 'NONE', #1617 ) ;
#2284 = PLANE ( 'NONE',  #166 ) ;
#2285 = PLANE ( 'NONE',  #850 ) ;
#2286 = DIRECTION ( 'NONE',  ( -0.000000000000000000, -0.000000000000000000, -1.000000000000000000 ) ) ;
#2287 = VERTEX_POINT ( 'NONE', #1853 ) ;
#2288 = CARTESIAN_POINT ( 'NONE',  ( -2.635992743971745433, 7.846216259435018436, -1.500000000000011324 ) ) ;
#2289 = DIRECTION ( 'NONE',  ( 0.000000000000000000, 0.000000000000000000, 1.000000000000000000 ) ) ;
#2290 = DIRECTION ( 'NONE',  ( -0.7071067811865107133, -0.000000000000000000, -0.7071067811865843211 ) ) ;
#2291 = VERTEX_POINT ( 'NONE', #2554 ) ;
#2292 = DIRECTION ( 'NONE',  ( 0.000000000000000000, 0.000000000000000000, 1.000000000000000000 ) ) ;
#2293 = FACE_OUTER_BOUND ( 'NONE', #788, .T. ) ;
#2294 = ADVANCED_FACE ( 'NONE', ( #1393 ), #1119, .F. ) ;
#2295 = VERTEX_POINT ( 'NONE', #1164 ) ;
#2296 = CARTESIAN_POINT ( 'NONE',  ( 3.587632073796342969, 6.249999999999996447, -5.585880424980372183 ) ) ;
#2297 = ORIENTED_EDGE ( 'NONE', *, *, #594, .T. ) ;
#2298 = CARTESIAN_POINT ( 'NONE',  ( 3.608439182435159154, -6.249999999999999112, -1.673691817202324739 ) ) ;
#2299 = CARTESIAN_POINT ( 'NONE',  ( 3.587632073796339416, -6.249999999999998224, -27.75609665440987328 ) ) ;
#2300 = DIRECTION ( 'NONE',  ( 1.000000000000000000, 0.000000000000000000, 0.000000000000000000 ) ) ;
#2301 = CARTESIAN_POINT ( 'NONE',  ( -8.336602540378432735, -2.680587493921480213, -3.375000000000011102 ) ) ;
#2302 = FACE_OUTER_BOUND ( 'NONE', #81, .T. ) ;
#2303 = DIRECTION ( 'NONE',  ( -0.5000000000000003331, 0.8660254037844383745, 0.000000000000000000 ) ) ;
#2304 = ORIENTED_EDGE ( 'NONE', *, *, #1608, .T. ) ;
#2305 = CARTESIAN_POINT ( 'NONE',  ( -5.266666666666653285, -5.008333333333356840, -18.61666666666667780 ) ) ;
#2306 = ORIENTED_EDGE ( 'NONE', *, *, #2424, .F. ) ;
#2307 = CARTESIAN_POINT ( 'NONE',  ( 2.153770668839940061, 6.895159743139864794, -0.7500000000000000000 ) ) ;
#2308 = ORIENTED_EDGE ( 'NONE', *, *, #1394, .F. ) ;
#2309 = VECTOR ( 'NONE', #1469, 1000.000000000000000 ) ;
#2310 = ORIENTED_EDGE ( 'NONE', *, *, #715, .T. ) ;
#2311 = PLANE ( 'NONE',  #365 ) ;
#2312 = DIRECTION ( 'NONE',  ( -1.000000000000000000, -1.192313173600920684E-16, 0.000000000000000000 ) ) ;
#2313 = CARTESIAN_POINT ( 'NONE',  ( 7.180860098804505043, 0.06238546682652286457, -3.764360330944164001 ) ) ;
#2314 = CARTESIAN_POINT ( 'NONE',  ( -0.04330127018921440391, -0.07499999999998718803, -21.25000000000000000 ) ) ;
#2315 = DIRECTION ( 'NONE',  ( -0.7559289460184511755, 0.000000000000000000, -0.6546536707079809725 ) ) ;
#2316 = B_SPLINE_CURVE_WITH_KNOTS ( 'NONE', 3,
 ( #183, #1133, #1599, #2541 ),
 .UNSPECIFIED., .F., .F.,
 ( 4, 4 ),
 ( -0.001430575202025484351, -5.637851296924623057E-18 ),
 .UNSPECIFIED. ) ;
#2317 = ORIENTED_EDGE ( 'NONE', *, *, #490, .T. ) ;
#2318 = VECTOR ( 'NONE', #1683, 1000.000000000000227 ) ;
#2319 = DIRECTION ( 'NONE',  ( 1.000000000000000000, 1.192313173600920684E-16, 0.000000000000000000 ) ) ;
#2320 = CARTESIAN_POINT ( 'NONE',  ( 5.012177866808204207, 7.017869168904329769, -2.124999999999987121 ) ) ;
#2321 = ORIENTED_EDGE ( 'NONE', *, *, #30, .F. ) ;
#2322 = AXIS2_PLACEMENT_3D ( 'NONE', #444, #1157, #2088 ) ;
#2323 = VECTOR ( 'NONE', #2201, 1000.000000000000000 ) ;
#2324 = LINE ( 'NONE', #53, #3015 ) ;
#2325 = ORIENTED_EDGE ( 'NONE', *, *, #2473, .F. ) ;
#2326 = VECTOR ( 'NONE', #2888, 1000.000000000000000 ) ;
#2327 = VERTEX_POINT ( 'NONE', #1106 ) ;
#2328 = CARTESIAN_POINT ( 'NONE',  ( -0.08660254037842797514, -7.623101125727440142, -4.124999999999999112 ) ) ;
#2329 = CARTESIAN_POINT ( 'NONE',  ( 0.000000000000000000, 0.000000000000000000, -7.250000000000000000 ) ) ;
#2330 = ORIENTED_EDGE ( 'NONE', *, *, #545, .F. ) ;
#2331 = CARTESIAN_POINT ( 'NONE',  ( -3.262580000664286217, -2.000000000000000444, -242.6705120148641015 ) ) ;
#2332 = DIRECTION ( 'NONE',  ( -1.000000000000000000, 0.000000000000000000, 0.000000000000000000 ) ) ;
#2333 = CARTESIAN_POINT ( 'NONE',  ( -8.336602540378430959, -2.680587493921480213, -6.124999999999987566 ) ) ;
#2334 = ORIENTED_EDGE ( 'NONE', *, *, #2480, .F. ) ;
#2335 = CARTESIAN_POINT ( 'NONE',  ( 2.905888074020732237, -6.650781984317041484, -6.458036154306451948 ) ) ;
#2336 = CARTESIAN_POINT ( 'NONE',  ( 5.012177866808206872, -7.017869168904330657, -5.374999999999987566 ) ) ;
#2337 = EDGE_LOOP ( 'NONE', ( #628, #1825 ) ) ;
#2338 = CARTESIAN_POINT ( 'NONE',  ( 7.162792197070919187, -0.09367999061525839055, -3.754981424610861485 ) ) ;
#2339 = ORIENTED_EDGE ( 'NONE', *, *, #500, .F. ) ;
#2340 = ORIENTED_EDGE ( 'NONE', *, *, #2913, .T. ) ;
#2341 = FACE_OUTER_BOUND ( 'NONE', #671, .T. ) ;
#2342 = CARTESIAN_POINT ( 'NONE',  ( 2.905888074020731349, -6.650781984317039708, -1.708036154306451948 ) ) ;
#2343 = CARTESIAN_POINT ( 'NONE',  ( -8.336602540378430959, 0.000000000000000000, -1.000000000000011546 ) ) ;
#2344 = DIRECTION ( 'NONE',  ( 0.4999999999999998890, 0.8660254037844387076, 0.000000000000000000 ) ) ;
#2345 = LINE ( 'NONE', #1446, #229 ) ;
#2346 = ADVANCED_FACE ( 'NONE', ( #2977 ), #1348, .T. ) ;
#2347 = ORIENTED_EDGE ( 'NONE', *, *, #2930, .F. ) ;
#2348 = CARTESIAN_POINT ( 'NONE',  ( 3.608439182435160930, 6.249999999999996447, -21.25000000000000000 ) ) ;
#2349 = CARTESIAN_POINT ( 'NONE',  ( -3.162277660168513638, 1.499999999999722222, -250.0000000000000000 ) ) ;
#2350 = CARTESIAN_POINT ( 'NONE',  ( -6.760992743971747210, 4.849228331412904325, -3.999999999999987121 ) ) ;
#2351 = DIRECTION ( 'NONE',  ( -0.000000000000000000, 0.000000000000000000, 1.000000000000000000 ) ) ;
#2352 = ORIENTED_EDGE ( 'NONE', *, *, #2746, .T. ) ;
#2353 = ORIENTED_EDGE ( 'NONE', *, *, #2195, .T. ) ;
#2354 = EDGE_CURVE ( 'NONE', #3012, #2327, #860, .T. ) ;
#2355 = CARTESIAN_POINT ( 'NONE',  ( 3.587632073796342969, 6.249999999999996447, -5.585880424980373071 ) ) ;
#2356 = CARTESIAN_POINT ( 'NONE',  ( -5.951975749596797982, -4.261443079120432742, -2.250000000000000444 ) ) ;
#2357 = CARTESIAN_POINT ( 'NONE',  ( 5.012177866808204207, 7.017869168904329769, -1.875000000000011324 ) ) ;
#2358 = LINE ( 'NONE', #1669, #1240 ) ;
#2359 = CARTESIAN_POINT ( 'NONE',  ( 3.587632073796342969, 6.249999999999996447, -0.8358804249803709618 ) ) ;
#2360 = AXIS2_PLACEMENT_3D ( 'NONE', #2437, #1986, #1058 ) ;
#2361 = EDGE_LOOP ( 'NONE', ( #2104, #2522, #1915, #491 ) ) ;
#2362 = CARTESIAN_POINT ( 'NONE',  ( -0.08660254037842893271, -4.336808689942017736E-16, -27.75609665440987328 ) ) ;
#2363 = CARTESIAN_POINT ( 'NONE',  ( -7.336602540378432735, 0.000000000000000000, -2.250000000000000000 ) ) ;
#2364 = DIRECTION ( 'NONE',  ( 0.000000000000000000, 0.000000000000000000, 1.000000000000000000 ) ) ;
#2365 = AXIS2_PLACEMENT_3D ( 'NONE', #1167, #2576, #2377 ) ;
#2366 = EDGE_CURVE ( 'NONE', #430, #1279, #496, .T. ) ;
#2367 = CARTESIAN_POINT ( 'NONE',  ( 7.216878364870321860, 1.739295423971095542E-15, -3.803480905248752375 ) ) ;
#2368 = VERTEX_POINT ( 'NONE', #3041 ) ;
#2369 = VECTOR ( 'NONE', #2722, 1000.000000000000000 ) ;
#2370 = EDGE_LOOP ( 'NONE', ( #129, #856, #645, #2796 ) ) ;
#2371 = CARTESIAN_POINT ( 'NONE',  ( 2.153770668839940949, -6.895159743139865682, -4.250000000000000000 ) ) ;
#2372 = CARTESIAN_POINT ( 'NONE',  ( -5.951975749596799758, 4.261443079120430966, -2.750000000000000000 ) ) ;
#2373 = VECTOR ( 'NONE', #1220, 999.9999999999998863 ) ;
#2374 = ORIENTED_EDGE ( 'NONE', *, *, #1672, .F. ) ;
#2375 = AXIS2_PLACEMENT_3D ( 'NONE', #1677, #2612, #513 ) ;
#2376 = CARTESIAN_POINT ( 'NONE',  ( -5.875105558972748554, -1.463807444623719034, -244.0544507237993344 ) ) ;
#2377 = DIRECTION ( 'NONE',  ( 1.000000000000000000, 0.000000000000000000, 0.000000000000000000 ) ) ;
#2378 = CARTESIAN_POINT ( 'NONE',  ( 7.216878364870321860, 1.739295423971095542E-15, -21.25000000000000000 ) ) ;
#2379 = B_SPLINE_CURVE_WITH_KNOTS ( 'NONE', 3,
 ( #1460, #2394, #2636, #1670 ),
 .UNSPECIFIED., .F., .F.,
 ( 4, 4 ),
 ( 8.894464757297927072E-16, 2.449629283152249262E-05 ),
 .UNSPECIFIED. ) ;
#2380 = ORIENTED_EDGE ( 'NONE', *, *, #1416, .T. ) ;
#2381 = CARTESIAN_POINT ( 'NONE',  ( 6.587787663214888845, 4.849228331412904325, -4.749999999999987566 ) ) ;
#2382 = DIRECTION ( 'NONE',  ( -0.4999999999999998890, -0.8660254037844387076, 0.000000000000000000 ) ) ;
#2383 = CARTESIAN_POINT ( 'NONE',  ( -5.266666666666632857, 5.008333333333352400, -18.61666666666668490 ) ) ;
#2384 = EDGE_CURVE ( 'NONE', #1396, #1264, #517, .T. ) ;
#2385 = DIRECTION ( 'NONE',  ( -0.5773502691896458261, -0.5773502691896457151, 0.5773502691895857630 ) ) ;
#2386 = ADVANCED_FACE ( 'NONE', ( #2854 ), #967, .T. ) ;
#2387 = ORIENTED_EDGE ( 'NONE', *, *, #1839, .F. ) ;
#2388 = VERTEX_POINT ( 'NONE', #2631 ) ;
#2389 = DIRECTION ( 'NONE',  ( 0.000000000000000000, 0.000000000000000000, 1.000000000000000000 ) ) ;
#2390 = CARTESIAN_POINT ( 'NONE',  ( -3.608439182435160042, -6.249999999999999112, -20.75000000000000000 ) ) ;
#2391 = CARTESIAN_POINT ( 'NONE',  ( -4.515703891161693129, 1.071428571428546528, -22.55357142857143060 ) ) ;
#2392 = FACE_OUTER_BOUND ( 'NONE', #1467, .T. ) ;
#2393 = CARTESIAN_POINT ( 'NONE',  ( 3.601506423034955162, -6.249999999999997335, -3.906417013156848750 ) ) ;
#2394 = CARTESIAN_POINT ( 'NONE',  ( 3.615627532913558095, -6.237549411747711936, -4.165945356505711850 ) ) ;
#2395 = ORIENTED_EDGE ( 'NONE', *, *, #849, .F. ) ;
#2396 = CARTESIAN_POINT ( 'NONE',  ( -1.818653347947319920, -3.149999999999999911, 0.000000000000000000 ) ) ;
#2397 = CARTESIAN_POINT ( 'NONE',  ( -7.836602540378430959, 0.000000000000000000, -5.500000000000005329 ) ) ;
#2398 = DIRECTION ( 'NONE',  ( -0.000000000000000000, -0.000000000000000000, -1.000000000000000000 ) ) ;
#2399 = ORIENTED_EDGE ( 'NONE', *, *, #2161, .F. ) ;
#2400 = ORIENTED_EDGE ( 'NONE', *, *, #1115, .F. ) ;
#2401 = CARTESIAN_POINT ( 'NONE',  ( 2.153770668839940505, 6.895159743139866571, -5.500000000000000000 ) ) ;
#2402 = DIRECTION ( 'NONE',  ( -0.5000000000000002220, -0.8660254037844385966, 0.000000000000000000 ) ) ;
#2403 = CARTESIAN_POINT ( 'NONE',  ( 0.000000000000000000, 0.000000000000000000, -511.3137084989848518 ) ) ;
#2404 = CARTESIAN_POINT ( 'NONE',  ( -5.951975749596797982, -4.261443079120432742, -2.250000000000000444 ) ) ;
#2405 = DIRECTION ( 'NONE',  ( 0.000000000000000000, -1.000000000000000000, 0.000000000000000000 ) ) ;
#2406 = CARTESIAN_POINT ( 'NONE',  ( -8.000000000000000000, 0.9555595916072540108, -246.0435514912493318 ) ) ;
#2407 = PRODUCT_DEFINITION_CONTEXT ( 'detailed design', #2006, 'design' ) ;
#2408 = EDGE_LOOP ( 'NONE', ( #5, #1407, #2399, #2772 ) ) ;
#2409 = CARTESIAN_POINT ( 'NONE',  ( -6.760992743971745433, -4.849228331412906101, -3.499999999999987566 ) ) ;
#2410 = DIRECTION ( 'NONE',  ( 0.000000000000000000, 0.000000000000000000, -1.000000000000000000 ) ) ;
#2411 = DIRECTION ( 'NONE',  ( 1.000000000000000000, 0.000000000000000000, -0.000000000000000000 ) ) ;
#2412 = EDGE_CURVE ( 'NONE', #2851, #1774, #1671, .T. ) ;
#2413 = CARTESIAN_POINT ( 'NONE',  ( 3.594570747539061362, -6.249999999999173994, -4.167303856738695522 ) ) ;
#2414 = VERTEX_POINT ( 'NONE', #1636 ) ;
#2415 = EDGE_LOOP ( 'NONE', ( #1223, #449, #751, #1929, #1074, #589, #2585 ) ) ;
#2416 = CARTESIAN_POINT ( 'NONE',  ( 7.163397459621573482, 2.050719139342787312E-17, -6.000000000000000000 ) ) ;
#2417 = CARTESIAN_POINT ( 'NONE',  ( 3.608439182435159154, -6.249999999999999112, 0.000000000000000000 ) ) ;
#2418 = VECTOR ( 'NONE', #1707, 1000.000000000000000 ) ;
#2419 = DIRECTION ( 'NONE',  ( -0.000000000000000000, -0.000000000000000000, 1.000000000000000000 ) ) ;
#2420 = CARTESIAN_POINT ( 'NONE',  ( 8.163397459621574370, -2.680587493921476661, -4.875000000000010658 ) ) ;
#2421 = CARTESIAN_POINT ( 'NONE',  ( -3.266917310066443481, 1.665449813619086505, -249.8345501863809375 ) ) ;
#2422 = AXIS2_PLACEMENT_3D ( 'NONE', #724, #83, #2880 ) ;
#2423 = PLANE ( 'NONE',  #2905 ) ;
#2424 = EDGE_CURVE ( 'NONE', #721, #2865, #1922, .T. ) ;
#2425 = VECTOR ( 'NONE', #1232, 1000.000000000000000 ) ;
#2426 = CARTESIAN_POINT ( 'NONE',  ( -8.336602540378430959, -2.680587493921480213, -5.875000000000010658 ) ) ;
#2427 = DIRECTION ( 'NONE',  ( -0.5000000000000001110, -0.8660254037844385966, 0.000000000000000000 ) ) ;
#2428 =( BOUNDED_CURVE ( )  B_SPLINE_CURVE ( 2, ( #2943, #2228, #2463, #2960, #1304 ),
 .UNSPECIFIED., .F., .T. ) 
 B_SPLINE_CURVE_WITH_KNOTS ( ( 3, 2, 3 ),
 ( 0.6677500346700755429, 0.6999999999999999556, 0.7489556636073229079 ),
 .UNSPECIFIED. ) 
 CURVE ( )  GEOMETRIC_REPRESENTATION_ITEM ( )  RATIONAL_B_SPLINE_CURVE ( ( 0.9775863119536711832, 0.9684314869478596322, 1.000000000000000000, 0.9520787855195008698, 0.9979981652694692729 ) ) 
 REPRESENTATION_ITEM ( '' )  );
#2429 = LINE ( 'NONE', #2234, #70 ) ;
#2430 = CARTESIAN_POINT ( 'NONE',  ( 3.619224080045343683, -6.231320009384729630, -1.662080947438065337 ) ) ;
#2431 = ORIENTED_EDGE ( 'NONE', *, *, #2, .F. ) ;
#2432 = ORIENTED_EDGE ( 'NONE', *, *, #2800, .T. ) ;
#2433 = CARTESIAN_POINT ( 'NONE',  ( -5.951975749596799758, 4.261443079120431854, -2.499999999999999556 ) ) ;
#2434 = CARTESIAN_POINT ( 'NONE',  ( -4.810626756649878821, -1.495685479420285402, -243.0377765110632993 ) ) ;
#2435 = CARTESIAN_POINT ( 'NONE',  ( -3.464101615137753942, -2.000000000000000888, -242.8589397700544055 ) ) ;
#2436 = CARTESIAN_POINT ( 'NONE',  ( -8.000000000000000000, 1.999999999999999556, -247.2590644239587903 ) ) ;
#2437 = CARTESIAN_POINT ( 'NONE',  ( 3.608439182435159154, -6.249999999999999112, -21.25000000000000000 ) ) ;
#2438 = CARTESIAN_POINT ( 'NONE',  ( -2.635992743971744545, -7.846216259435020213, -3.000000000000011546 ) ) ;
#2439 = CARTESIAN_POINT ( 'NONE',  ( -8.336602540378430959, 0.000000000000000000, -1.249999999999987343 ) ) ;
#2440 = EDGE_CURVE ( 'NONE', #2983, #1279, #2145, .T. ) ;
#2441 = EDGE_CURVE ( 'NONE', #450, #1659, #2617, .T. ) ;
#2442 = CARTESIAN_POINT ( 'NONE',  ( 7.133021482971705574, -2.397476742766107893, -3.627742253079683898 ) ) ;
#2443 = VERTEX_POINT ( 'NONE', #1180 ) ;
#2444 = CARTESIAN_POINT ( 'NONE',  ( -3.262583979318030902, 1.999999999999997335, -242.6705070166997018 ) ) ;
#2445 = CARTESIAN_POINT ( 'NONE',  ( -6.581430666181478983, -1.448548975153697072, -244.7389537873226857 ) ) ;
#2446 = DIRECTION ( 'NONE',  ( 1.201851678989727324E-16, 1.000000000000000000, -0.000000000000000000 ) ) ;
#2447 = EDGE_CURVE ( 'NONE', #2568, #1376, #486, .T. ) ;
#2448 = CARTESIAN_POINT ( 'NONE',  ( 2.462787663214888401, -7.846216259435018436, -5.250000000000011546 ) ) ;
#2449 = CARTESIAN_POINT ( 'NONE',  ( -5.535864243521725570, 1.999999999999999112, -244.8421092045973921 ) ) ;
#2450 = CARTESIAN_POINT ( 'NONE',  ( 0.03711537444789856505, 0.06428571428570421797, -21.26071428571428612 ) ) ;
#2451 = EDGE_CURVE ( 'NONE', #2157, #1050, #12, .T. ) ;
#2452 = CARTESIAN_POINT ( 'NONE',  ( -8.336602540378430959, -2.680587493921480213, -3.375000000000011102 ) ) ;
#2453 = CARTESIAN_POINT ( 'NONE',  ( -8.336602540378430959, -2.680587493921480213, -3.624999999999987566 ) ) ;
#2454 = CARTESIAN_POINT ( 'NONE',  ( -5.166438023638398214, 1.483665866399875188, -243.3752207789215731 ) ) ;
#2455 = CARTESIAN_POINT ( 'NONE',  ( 3.601506449964777978, -6.250000000000000000, -4.170494620952649889 ) ) ;
#2456 = ORIENTED_EDGE ( 'NONE', *, *, #1820, .T. ) ;
#2457 = CARTESIAN_POINT ( 'NONE',  ( -7.336602540378431847, -2.355667797688573817, -4.624999999999999112 ) ) ;
#2458 = CARTESIAN_POINT ( 'NONE',  ( -5.235576003646040810, -1.481482689157012089, -243.4410715396906539 ) ) ;
#2459 = ORIENTED_EDGE ( 'NONE', *, *, #2774, .F. ) ;
#2460 = CARTESIAN_POINT ( 'NONE',  ( -8.000000000000000000, -2.000000000000000000, -247.2590740451852582 ) ) ;
#2461 = CARTESIAN_POINT ( 'NONE',  ( 7.163397459621571706, 2.050719139342768207E-17, -1.250000000000000000 ) ) ;
#2462 = DIRECTION ( 'NONE',  ( 1.000000000000000000, 0.000000000000000000, 0.000000000000000000 ) ) ;
#2463 = CARTESIAN_POINT ( 'NONE',  ( 5.778770668839942282, 4.261443079120431854, -5.750000000000000000 ) ) ;
#2464 = AXIS2_PLACEMENT_3D ( 'NONE', #797, #2649, #1733 ) ;
#2465 = CARTESIAN_POINT ( 'NONE',  ( -5.185382947565062572, 7.017869168904330657, -1.375000000000011102 ) ) ;
#2466 = CARTESIAN_POINT ( 'NONE',  ( -7.336602540378429183, -1.925929944387235853E-31, -7.249999999999999112 ) ) ;
#2467 = EDGE_CURVE ( 'NONE', #2087, #901, #1212, .T. ) ;
#2468 = CIRCLE ( 'NONE', #1005, 7.249999999999999112 ) ;
#2469 = ORIENTED_EDGE ( 'NONE', *, *, #2263, .F. ) ;
#2470 = CARTESIAN_POINT ( 'NONE',  ( -7.620006204411915895, 1.430846650607229931, -245.7528505875685028 ) ) ;
#2471 = PLANE ( 'NONE',  #910 ) ;
#2472 = ORIENTED_EDGE ( 'NONE', *, *, #2161, .T. ) ;
#2473 = EDGE_CURVE ( 'NONE', #1390, #2275, #1686, .T. ) ;
#2474 = CARTESIAN_POINT ( 'NONE',  ( -5.185382947565061684, 7.017869168904330657, -4.124999999999986677 ) ) ;
#2475 = CARTESIAN_POINT ( 'NONE',  ( -7.082154369465713195, -1.439483905755879922, -245.2269551458017816 ) ) ;
#2476 = EDGE_CURVE ( 'NONE', #763, #1627, #381, .T. ) ;
#2477 = PLANE ( 'NONE',  #1881 ) ;
#2478 = CARTESIAN_POINT ( 'NONE',  ( 3.608439182435160930, 6.249999999999996447, -3.347442206465822689 ) ) ;
#2479 = FACE_OUTER_BOUND ( 'NONE', #2063, .T. ) ;
#2480 = EDGE_CURVE ( 'NONE', #2889, #1782, #253, .T. ) ;
#2481 = ORIENTED_EDGE ( 'NONE', *, *, #1953, .T. ) ;
#2482 = EDGE_CURVE ( 'NONE', #280, #1326, #2870, .T. ) ;
#2483 = CARTESIAN_POINT ( 'NONE',  ( 6.587787663214888845, 4.849228331412904325, -2.000000000000011102 ) ) ;
#2484 = CARTESIAN_POINT ( 'NONE',  ( 5.012177866808205984, 7.017869168904329769, -2.124999999999987121 ) ) ;
#2485 = ORIENTED_EDGE ( 'NONE', *, *, #211, .T. ) ;
#2486 = ADVANCED_FACE ( 'NONE', ( #1701 ), #1236, .T. ) ;
#2487 = CARTESIAN_POINT ( 'NONE',  ( -5.705797323245637820, 1.468255616660941065, -243.8916570811313420 ) ) ;
#2488 = SHAPE_DEFINITION_REPRESENTATION ( #1961, #2830 ) ;
#2489 = VERTEX_POINT ( 'NONE', #2417 ) ;
#2490 = LINE ( 'NONE', #161, #2907 ) ;
#2491 = LINE ( 'NONE', #1342, #172 ) ;
#2492 = EDGE_LOOP ( 'NONE', ( #417, #2221, #1565, #2689, #1250, #1403 ) ) ;
#2493 = EDGE_CURVE ( 'NONE', #3001, #763, #1482, .T. ) ;
#2494 = CARTESIAN_POINT ( 'NONE',  ( -3.637306695894642061, 4.364572855127996646E-16, 0.000000000000000000 ) ) ;
#2495 = FACE_OUTER_BOUND ( 'NONE', #2266, .T. ) ;
#2496 = DIRECTION ( 'NONE',  ( 1.000000000000000000, 0.000000000000000000, -0.000000000000000000 ) ) ;
#2497 = EDGE_CURVE ( 'NONE', #1648, #592, #1997, .T. ) ;
#2498 = ORIENTED_EDGE ( 'NONE', *, *, #2675, .T. ) ;
#2499 = CARTESIAN_POINT ( 'NONE',  ( -5.185382947565059908, -7.017869168904331545, -3.125000000000011546 ) ) ;
#2500 = CARTESIAN_POINT ( 'NONE',  ( 7.216878364870321860, 1.739295423971095542E-15, -20.75000000000000000 ) ) ;
#2501 = CARTESIAN_POINT ( 'NONE',  ( 3.612032568568862345, 6.243776072645204067, -5.580184336416273538 ) ) ;
#2502 = FACE_OUTER_BOUND ( 'NONE', #2867, .T. ) ;
#2503 = EDGE_LOOP ( 'NONE', ( #1454, #1713, #210, #1150 ) ) ;
#2504 = LINE ( 'NONE', #2952, #1155 ) ;
#2505 = AXIS2_PLACEMENT_3D ( 'NONE', #2269, #2053, #627 ) ;
#2506 = ORIENTED_EDGE ( 'NONE', *, *, #460, .F. ) ;
#2507 = FACE_OUTER_BOUND ( 'NONE', #3016, .T. ) ;
#2508 = CARTESIAN_POINT ( 'NONE',  ( 1.818653347947320142, 3.150000000000000355, 0.000000000000000000 ) ) ;
#2509 = DIRECTION ( 'NONE',  ( 0.7071067811865439090, 0.000000000000000000, 0.7071067811865512365 ) ) ;
#2510 = AXIS2_PLACEMENT_3D ( 'NONE', #816, #1501, #2681 ) ;
#2511 = EDGE_CURVE ( 'NONE', #728, #2287, #2197, .T. ) ;
#2512 = CARTESIAN_POINT ( 'NONE',  ( 7.198888631043344866, 0.03115913300296268423, -3.783849865859399308 ) ) ;
#2513 = CARTESIAN_POINT ( 'NONE',  ( 3.319764047840344290, 5.749999999999989342, -21.25000000000000000 ) ) ;
#2514 = PLANE ( 'NONE',  #2871 ) ;
#2515 = VECTOR ( 'NONE', #1674, 1000.000000000000000 ) ;
#2516 = ORIENTED_EDGE ( 'NONE', *, *, #1384, .F. ) ;
#2517 = EDGE_CURVE ( 'NONE', #1128, #1474, #838, .T. ) ;
#2518 = LINE ( 'NONE', #206, #2564 ) ;
#2519 = LINE ( 'NONE', #648, #1054 ) ;
#2520 =( BOUNDED_SURFACE ( )  B_SPLINE_SURFACE ( 1, 2, ( 
 ( #987, #2579, #1186, #1475, #705, #753, #2120, #974, #541, #1693, #1431, #509, #1244, #2624, #20, #524, #1462, #274, #2409, #2831, #321, #1908, #2847, #737, #2188, #1645, #958, #1448, #2381, #722, #1660, #1203, #2608, #1229, #1942, #126, #1366, #2069, #2747, #2732, #641 ),
 ( #629, #3008, #3025, #2556, #2288, #2793, #2257, #1558, #153, #1091, #186, #2084, #1120, #1379, #2054, #413, #1587, #2499, #1822, #2301, #2530, #907, #1840, #1332, #2762, #2991, #2028, #891, #659, #1806, #1570, #876, #2964, #2978, #200, #456, #427, #1350, #1135, #2778, #864 ) ),
 .UNSPECIFIED., .F., .F., .T. ) 
 B_SPLINE_SURFACE_WITH_KNOTS ( ( 2, 2 ),
 ( 3, 2, 2, 2, 2, 2, 2, 2, 2, 2, 2, 2, 2, 2, 2, 2, 2, 2, 2, 2, 3 ),
 ( 0.000000000000000000, 1.000000000000000000 ),
 ( 0.000000000000000000, 0.05000000000000000278, 0.1000000000000000056, 0.1499999999999999944, 0.2000000000000000111, 0.2500000000000000000, 0.2999999999999999889, 0.3499999999999999778, 0.4000000000000000222, 0.4500000000000000111, 0.5000000000000000000, 0.5500000000000000444, 0.5999999999999999778, 0.6500000000000000222, 0.6999999999999999556, 0.7500000000000000000, 0.8000000000000000444, 0.8499999999999999778, 0.9000000000000000222, 0.9499999999999999556, 1.000000000000000000 ),
 .UNSPECIFIED. ) 
 GEOMETRIC_REPRESENTATION_ITEM ( )  RATIONAL_B_SPLINE_SURFACE ( (
 ( 1.000000000000000000, 0.9510565162951535312, 1.000000000000000000, 0.9510565162951535312, 1.000000000000000000, 0.9510565162951535312, 1.000000000000000000, 0.9510565162951535312, 1.000000000000000000, 0.9510565162951535312, 1.000000000000000000, 0.9510565162951535312, 1.000000000000000000, 0.9510565162951535312, 1.000000000000000000, 0.9510565162951535312, 1.000000000000000000, 0.9510565162951535312, 1.000000000000000000, 0.9510565162951535312, 1.000000000000000000, 0.9510565162951535312, 1.000000000000000000, 0.9510565162951535312, 1.000000000000000000, 0.9510565162951535312, 1.000000000000000000, 0.9510565162951535312, 1.000000000000000000, 0.9510565162951535312, 1.000000000000000000, 0.9510565162951535312, 1.000000000000000000, 0.9510565162951535312, 1.000000000000000000, 0.9510565162951535312, 1.000000000000000000, 0.9510565162951535312, 1.000000000000000000, 0.9510565162951535312, 1.000000000000000000),
 ( 1.000000000000000000, 0.9510565162951535312, 1.000000000000000000, 0.9510565162951535312, 1.000000000000000000, 0.9510565162951535312, 1.000000000000000000, 0.9510565162951535312, 1.000000000000000000, 0.9510565162951535312, 1.000000000000000000, 0.9510565162951535312, 1.000000000000000000, 0.9510565162951535312, 1.000000000000000000, 0.9510565162951535312, 1.000000000000000000, 0.9510565162951535312, 1.000000000000000000, 0.9510565162951535312, 1.000000000000000000, 0.9510565162951535312, 1.000000000000000000, 0.9510565162951535312, 1.000000000000000000, 0.9510565162951535312, 1.000000000000000000, 0.9510565162951535312, 1.000000000000000000, 0.9510565162951535312, 1.000000000000000000, 0.9510565162951535312, 1.000000000000000000, 0.9510565162951535312, 1.000000000000000000, 0.9510565162951535312, 1.000000000000000000, 0.9510565162951535312, 1.000000000000000000, 0.9510565162951535312, 1.000000000000000000) ) ) 
 REPRESENTATION_ITEM ( '' )  SURFACE ( )  );
#2521 = AXIS2_PLACEMENT_3D ( 'NONE', #2834, #2819, #726 ) ;
#2522 = ORIENTED_EDGE ( 'NONE', *, *, #2441, .T. ) ;
#2523 = B_SPLINE_CURVE_WITH_KNOTS ( 'NONE', 3,
 ( #1505, #1289, #2030, #377 ),
 .UNSPECIFIED., .F., .F.,
 ( 4, 4 ),
 ( 0.000000000000000000, 2.357851831913806439E-05 ),
 .UNSPECIFIED. ) ;
#2524 = CARTESIAN_POINT ( 'NONE',  ( 3.601506449964781975, 6.249999999999995559, -5.579505379047356328 ) ) ;
#2525 = ORIENTED_EDGE ( 'NONE', *, *, #2669, .T. ) ;
#2526 = LINE ( 'NONE', #422, #559 ) ;
#2527 = DIRECTION ( 'NONE',  ( -0.000000000000000000, 0.000000000000000000, 1.000000000000000000 ) ) ;
#2528 = DIRECTION ( 'NONE',  ( -0.8660254037844385966, -0.5000000000000001110, 0.000000000000000000 ) ) ;
#2529 = EDGE_LOOP ( 'NONE', ( #297, #2846, #2281, #311 ) ) ;
#2530 = CARTESIAN_POINT ( 'NONE',  ( -8.336602540378430959, 0.000000000000000000, -3.500000000000011546 ) ) ;
#2531 = DIRECTION ( 'NONE',  ( 0.000000000000000000, 0.000000000000000000, -1.000000000000000000 ) ) ;
#2532 = CARTESIAN_POINT ( 'NONE',  ( 2.462787663214887512, 7.846216259435020213, -4.499999999999987566 ) ) ;
#2533 = VERTEX_POINT ( 'NONE', #1281 ) ;
#2534 = LINE ( 'NONE', #1811, #903 ) ;
#2535 = DIRECTION ( 'NONE',  ( 1.000000000000000000, 0.000000000000000000, 0.000000000000000000 ) ) ;
#2536 = ORIENTED_EDGE ( 'NONE', *, *, #259, .T. ) ;
#2537 = DIRECTION ( 'NONE',  ( -0.3779644730092296401, -0.6546536707079819717, 0.6546536707079709805 ) ) ;
#2538 = ORIENTED_EDGE ( 'NONE', *, *, #3039, .F. ) ;
#2539 = ORIENTED_EDGE ( 'NONE', *, *, #2703, .F. ) ;
#2540 = CARTESIAN_POINT ( 'NONE',  ( 3.587632073796339416, -6.249999999999998224, -1.664119575019631148 ) ) ;
#2541 = CARTESIAN_POINT ( 'NONE',  ( -8.000000000000000000, 0.000000000000000000, -245.9999999999999147 ) ) ;
#2542 = ORIENTED_EDGE ( 'NONE', *, *, #1331, .T. ) ;
#2543 = CARTESIAN_POINT ( 'NONE',  ( 7.162792197070920075, 0.09367999061526186000, -3.745018575389138515 ) ) ;
#2544 = FACE_OUTER_BOUND ( 'NONE', #250, .T. ) ;
#2545 = LINE ( 'NONE', #401, #72 ) ;
#2546 = ORIENTED_EDGE ( 'NONE', *, *, #2384, .F. ) ;
#2547 = PLANE ( 'NONE',  #2322 ) ;
#2548 = PLANE ( 'NONE',  #1575 ) ;
#2549 = ORIENTED_EDGE ( 'NONE', *, *, #1963, .T. ) ;
#2550 = DIRECTION ( 'NONE',  ( 0.5000000000000002220, 0.8660254037844385966, 0.000000000000000000 ) ) ;
#2551 = ORIENTED_EDGE ( 'NONE', *, *, #2476, .T. ) ;
#2552 = ORIENTED_EDGE ( 'NONE', *, *, #1820, .F. ) ;
#2553 = DIRECTION ( 'NONE',  ( 0.8660254037844385966, -0.5000000000000002220, 0.000000000000000000 ) ) ;
#2554 = CARTESIAN_POINT ( 'NONE',  ( 3.587632073796342969, 6.249999999999996447, -0.8358804249803709618 ) ) ;
#2555 = ORIENTED_EDGE ( 'NONE', *, *, #814, .F. ) ;
#2556 = CARTESIAN_POINT ( 'NONE',  ( -5.185382947565061684, 7.017869168904330657, -1.375000000000011102 ) ) ;
#2557 = DIRECTION ( 'NONE',  ( -0.5000000000000003331, 0.8660254037844383745, 0.000000000000000000 ) ) ;
#2558 = CARTESIAN_POINT ( 'NONE',  ( -6.760992743971745433, -4.849228331412906101, -5.999999999999986677 ) ) ;
#2559 = B_SPLINE_CURVE_WITH_KNOTS ( 'NONE', 3,
 ( #1560, #615, #866, #1974 ),
 .UNSPECIFIED., .F., .F.,
 ( 4, 4 ),
 ( 0.000000000000000000, 1.000000000000000000 ),
 .UNSPECIFIED. ) ;
#2560 = EDGE_LOOP ( 'NONE', ( #2551, #2472, #1126, #1, #634, #1375, #793, #1520, #328, #2034, #2108, #1561, #968, #1987, #1913, #41, #1466, #1508, #1228, #616, #689, #1699 ) ) ;
#2561 = AXIS2_PLACEMENT_3D ( 'NONE', #1656, #732, #1472 ) ;
#2562 = CARTESIAN_POINT ( 'NONE',  ( 3.619224080045345904, 6.231320009384727854, -5.587919052561933775 ) ) ;
#2563 = CARTESIAN_POINT ( 'NONE',  ( 2.462787663214887512, 7.846216259435020213, -1.999999999999987566 ) ) ;
#2564 = VECTOR ( 'NONE', #1625, 1000.000000000000000 ) ;
#2565 = EDGE_LOOP ( 'NONE', ( #3036, #2142, #459, #668 ) ) ;
#2566 = VECTOR ( 'NONE', #2917, 1000.000000000000000 ) ;
#2567 = DIRECTION ( 'NONE',  ( 1.201851678989727324E-16, 1.000000000000000000, -0.000000000000000000 ) ) ;
#2568 = VERTEX_POINT ( 'NONE', #1759 ) ;
#2569 = ORIENTED_EDGE ( 'NONE', *, *, #202, .F. ) ;
#2570 = AXIS2_PLACEMENT_3D ( 'NONE', #295, #2567, #265 ) ;
#2571 = PLANE ( 'NONE',  #217 ) ;
#2572 = CARTESIAN_POINT ( 'NONE',  ( -2.326975749596797982, 6.895159743139864794, -3.000000000000000000 ) ) ;
#2573 = EDGE_CURVE ( 'NONE', #2061, #911, #1397, .T. ) ;
#2574 = ORIENTED_EDGE ( 'NONE', *, *, #1866, .F. ) ;
#2575 = CARTESIAN_POINT ( 'NONE',  ( -5.189584212600352409, -1.482676757877835261, -243.3968244841069009 ) ) ;
#2576 = DIRECTION ( 'NONE',  ( -0.000000000000000000, -0.000000000000000000, -1.000000000000000000 ) ) ;
#2577 = CARTESIAN_POINT ( 'NONE',  ( -0.03711537444789760054, -0.06428571428570339918, -21.26071428571428612 ) ) ;
#2578 = ORIENTED_EDGE ( 'NONE', *, *, #145, .F. ) ;
#2579 = CARTESIAN_POINT ( 'NONE',  ( -8.336602540378432735, 2.680587493921476661, -1.374999999999987121 ) ) ;
#2580 = CARTESIAN_POINT ( 'NONE',  ( -3.688567921515782277, 1.547415087262925981, -241.9999945177368659 ) ) ;
#2581 = DIRECTION ( 'NONE',  ( -0.7071067811865429098, 0.000000000000000000, 0.7071067811865522357 ) ) ;
#2582 = EDGE_CURVE ( 'NONE', #1145, #2291, #445, .T. ) ;
#2583 = ORIENTED_EDGE ( 'NONE', *, *, #826, .T. ) ;
#2584 = LINE ( 'NONE', #2093, #2233 ) ;
#2585 = ORIENTED_EDGE ( 'NONE', *, *, #2840, .T. ) ;
#2586 = EDGE_LOOP ( 'NONE', ( #290, #2546, #2236, #1619 ) ) ;
#2587 = CARTESIAN_POINT ( 'NONE',  ( -5.951975749596799758, -4.261443079120433630, -4.500000000000000888 ) ) ;
#2588 = CARTESIAN_POINT ( 'NONE',  ( -0.08660254037842893271, -4.336808689942017736E-16, -7.249999999999999112 ) ) ;
#2589 = EDGE_LOOP ( 'NONE', ( #285, #1643, #2248, #818 ) ) ;
#2590 = CARTESIAN_POINT ( 'NONE',  ( -3.030916675571776242, -2.000000000000000444, -242.4564787117820117 ) ) ;
#2591 = DIRECTION ( 'NONE',  ( -0.5000000000000003331, 0.8660254037844383745, 0.000000000000000000 ) ) ;
#2592 = FACE_OUTER_BOUND ( 'NONE', #1798, .T. ) ;
#2593 = ORIENTED_EDGE ( 'NONE', *, *, #2761, .T. ) ;
#2594 = CARTESIAN_POINT ( 'NONE',  ( -3.464101615137753942, -2.000000000000000888, -511.3137084989848518 ) ) ;
#2595 = LINE ( 'NONE', #2139, #1635 ) ;
#2596 = PLANE ( 'NONE',  #2868 ) ;
#2597 = EDGE_CURVE ( 'NONE', #1474, #405, #179, .T. ) ;
#2598 = LINE ( 'NONE', #762, #812 ) ;
#2599 = ORIENTED_EDGE ( 'NONE', *, *, #2, .T. ) ;
#2600 = ORIENTED_EDGE ( 'NONE', *, *, #3019, .T. ) ;
#2601 = AXIS2_PLACEMENT_3D ( 'NONE', #2839, #1865, #1412 ) ;
#2602 = CARTESIAN_POINT ( 'NONE',  ( -7.336602540378430071, -2.355667797688572929, -2.375000000000000000 ) ) ;
#2603 = CARTESIAN_POINT ( 'NONE',  ( -5.185382947565059908, -7.017869168904331545, -3.125000000000011546 ) ) ;
#2604 = CARTESIAN_POINT ( 'NONE',  ( -3.608439182435158710, -6.249999999999999112, -20.75000000000000000 ) ) ;
#2605 = LINE ( 'NONE', #2577, #1151 ) ;
#2606 = ORIENTED_EDGE ( 'NONE', *, *, #2412, .T. ) ;
#2607 = ADVANCED_FACE ( 'NONE', ( #1612 ), #2771, .F. ) ;
#2608 = CARTESIAN_POINT ( 'NONE',  ( 6.587787663214888845, -4.849228331412904325, -5.249999999999987566 ) ) ;
#2609 = CARTESIAN_POINT ( 'NONE',  ( 0.08660254037842911312, 2.155976019006494284E-15, -21.25000000000000000 ) ) ;
#2610 = DIRECTION ( 'NONE',  ( 0.5000000000000001110, 0.8660254037844384856, 0.000000000000000000 ) ) ;
#2611 = CIRCLE ( 'NONE', #2510, 4.000000000000000000 ) ;
#2612 = DIRECTION ( 'NONE',  ( 1.201851678989727324E-16, 1.000000000000000000, -0.000000000000000000 ) ) ;
#2613 = ORIENTED_EDGE ( 'NONE', *, *, #14, .F. ) ;
#2614 = AXIS2_PLACEMENT_3D ( 'NONE', #647, #895, #227 ) ;
#2615 = ORIENTED_EDGE ( 'NONE', *, *, #52, .F. ) ;
#2616 = CARTESIAN_POINT ( 'NONE',  ( -2.326975749596797094, -6.895159743139865682, -4.500000000000000888 ) ) ;
#2617 = LINE ( 'NONE', #533, #595 ) ;
#2618 = AXIS2_PLACEMENT_3D ( 'NONE', #489, #770, #1428 ) ;
#2619 = VECTOR ( 'NONE', #1313, 1000.000000000000000 ) ;
#2620 = CARTESIAN_POINT ( 'NONE',  ( -5.090557847206428121, -2.000000000000000444, -244.4099180779084293 ) ) ;
#2621 = CARTESIAN_POINT ( 'NONE',  ( 3.594570723350097197, -6.249999999999311662, -3.910270955606878651 ) ) ;
#2622 = DIRECTION ( 'NONE',  ( 0.000000000000000000, -0.7071067811865454633, 0.7071067811865495711 ) ) ;
#2623 = ORIENTED_EDGE ( 'NONE', *, *, #536, .T. ) ;
#2624 = CARTESIAN_POINT ( 'NONE',  ( 5.012177866808206872, -7.017869168904330657, -2.874999999999987566 ) ) ;
#2625 = CARTESIAN_POINT ( 'NONE',  ( -3.162277660168512750, -1.499999999999724665, -250.0000000000000000 ) ) ;
#2626 = CARTESIAN_POINT ( 'NONE',  ( 3.608439182435160930, 6.249999999999996447, -3.076308182797679702 ) ) ;
#2627 = LINE ( 'NONE', #1293, #465 ) ;
#2628 = ORIENTED_EDGE ( 'NONE', *, *, #1911, .F. ) ;
#2629 = VERTEX_POINT ( 'NONE', #1085 ) ;
#2630 = CARTESIAN_POINT ( 'NONE',  ( -7.009723332576645483, 1.440290824190085361, -245.1555793887889365 ) ) ;
#2631 = CARTESIAN_POINT ( 'NONE',  ( 3.587632073796341636, 6.249999999999996447, 0.000000000000000000 ) ) ;
#2632 = B_SPLINE_CURVE_WITH_KNOTS ( 'NONE', 3,
 ( #2807, #2621, #2393, #2828 ),
 .UNSPECIFIED., .F., .F.,
 ( 4, 4 ),
 ( 0.000000000000000000, 2.380358294404860551E-05 ),
 .UNSPECIFIED. ) ;
#2633 = CARTESIAN_POINT ( 'NONE',  ( -7.912632723085916808, -1.426620673133688788, -246.0396795242202757 ) ) ;
#2634 = VECTOR ( 'NONE', #2910, 1000.000000000000000 ) ;
#2635 = DIRECTION ( 'NONE',  ( -0.5000000000000001110, 0.8660254037844385966, 0.000000000000000000 ) ) ;
#2636 = CARTESIAN_POINT ( 'NONE',  ( 3.612032568568866786, -6.243776072645208508, -4.169815663583727350 ) ) ;
#2637 = EDGE_CURVE ( 'NONE', #2489, #1715, #2504, .T. ) ;
#2638 = EDGE_CURVE ( 'NONE', #1757, #2368, #209, .T. ) ;
#2639 = EDGE_LOOP ( 'NONE', ( #484, #2539, #2459, #2506 ) ) ;
#2640 = DIRECTION ( 'NONE',  ( 0.000000000000000000, 0.000000000000000000, 1.000000000000000000 ) ) ;
#2641 = CARTESIAN_POINT ( 'NONE',  ( -0.08660254037842891883, 7.623101125727439253, -2.874999999999999556 ) ) ;
#2642 = CARTESIAN_POINT ( 'NONE',  ( -3.624718440151023291, 1.693601292374009359, -242.2944575686025530 ) ) ;
#2643 =( BOUNDED_CURVE ( )  B_SPLINE_CURVE ( 2, ( #2439, #1077, #1990, #2947, #2259, #2718, #1548, #2484, #805, #1740, #572, #351, #1275, #2231, #2216, #110, #2918, #2685, #1518, #2453, #362, #1061, #2933, #833, #702, #429, #2532, #1381, #442, #2780, #1589, #2809, #1824, #1621, #2993, #2057, #1137, #1368, #2558, #2333, #171 ),
 .UNSPECIFIED., .F., .T. ) 
 B_SPLINE_CURVE_WITH_KNOTS ( ( 3, 2, 2, 2, 2, 2, 2, 2, 2, 2, 2, 2, 2, 2, 2, 2, 2, 2, 2, 2, 3 ),
 ( 0.000000000000000000, 0.05000000000000000278, 0.1000000000000000056, 0.1499999999999999944, 0.2000000000000000111, 0.2500000000000000000, 0.2999999999999999889, 0.3499999999999999778, 0.4000000000000000222, 0.4500000000000000111, 0.5000000000000000000, 0.5500000000000000444, 0.5999999999999999778, 0.6500000000000000222, 0.6999999999999999556, 0.7500000000000000000, 0.8000000000000000444, 0.8499999999999999778, 0.9000000000000000222, 0.9499999999999999556, 1.000000000000000000 ),
 .UNSPECIFIED. ) 
 CURVE ( )  GEOMETRIC_REPRESENTATION_ITEM ( )  RATIONAL_B_SPLINE_CURVE ( ( 1.000000000000000000, 0.9510565162951535312, 1.000000000000000000, 0.9510565162951535312, 1.000000000000000000, 0.9510565162951535312, 1.000000000000000000, 0.9510565162951535312, 1.000000000000000000, 0.9510565162951535312, 1.000000000000000000, 0.9510565162951535312, 1.000000000000000000, 0.9510565162951535312, 1.000000000000000000, 0.9510565162951535312, 1.000000000000000000, 0.9510565162951535312, 1.000000000000000000, 0.9510565162951535312, 1.000000000000000000, 0.9510565162951535312, 1.000000000000000000, 0.9510565162951535312, 1.000000000000000000, 0.9510565162951535312, 1.000000000000000000, 0.9510565162951535312, 1.000000000000000000, 0.9510565162951535312, 1.000000000000000000, 0.9510565162951535312, 1.000000000000000000, 0.9510565162951535312, 1.000000000000000000, 0.9510565162951535312, 1.000000000000000000, 0.9510565162951535312, 1.000000000000000000, 0.9510565162951535312, 1.000000000000000000 ) ) 
 REPRESENTATION_ITEM ( '' )  );
#2644 = CARTESIAN_POINT ( 'NONE',  ( 3.615627532913557651, -6.237549411747711936, -1.665945356505711183 ) ) ;
#2645 = ORIENTED_EDGE ( 'NONE', *, *, #1509, .T. ) ;
#2646 = ORIENTED_EDGE ( 'NONE', *, *, #2137, .F. ) ;
#2647 = CARTESIAN_POINT ( 'NONE',  ( 7.163397459621573482, 2.355667797688572485, -5.875000000000000000 ) ) ;
#2648 = CARTESIAN_POINT ( 'NONE',  ( -4.599278992892389617, -1.503587945730853637, -242.8387079378540534 ) ) ;
#2649 = DIRECTION ( 'NONE',  ( -0.6123724356957894743, -0.3535533905932708998, -0.7071067811865534569 ) ) ;
#2650 = CARTESIAN_POINT ( 'NONE',  ( 2.153770668839940061, 6.895159743139864794, -0.7500000000000000000 ) ) ;
#2651 = CARTESIAN_POINT ( 'NONE',  ( 3.319764047840342513, -5.749999999999991118, -21.25000000000000000 ) ) ;
#2652 = ORIENTED_EDGE ( 'NONE', *, *, #25, .T. ) ;
#2653 = CARTESIAN_POINT ( 'NONE',  ( -2.635992743971744545, -7.846216259435020213, -5.500000000000011546 ) ) ;
#2654 = CARTESIAN_POINT ( 'NONE',  ( 0.000000000000000000, 0.000000000000000000, -250.0000000000000000 ) ) ;
#2655 = CIRCLE ( 'NONE', #1728, 4.000000000000000000 ) ;
#2656 = VECTOR ( 'NONE', #88, 1000.000000000000000 ) ;
#2657 = LINE ( 'NONE', #2205, #2280 ) ;
#2658 = VERTEX_POINT ( 'NONE', #2022 ) ;
#2659 = ORIENTED_EDGE ( 'NONE', *, *, #2734, .T. ) ;
#2660 = CARTESIAN_POINT ( 'NONE',  ( -3.723356208362211373, 1.999999999999999112, -243.1013099396786856 ) ) ;
#2661 = CARTESIAN_POINT ( 'NONE',  ( -4.864573024763941156, -1.493752670237580293, -243.0887404303300627 ) ) ;
#2662 = VECTOR ( 'NONE', #1924, 1000.000000000000000 ) ;
#2663 = DIRECTION ( 'NONE',  ( 1.000000000000000000, 0.000000000000000000, 0.000000000000000000 ) ) ;
#2664 = VECTOR ( 'NONE', #2410, 1000.000000000000000 ) ;
#2665 = EDGE_CURVE ( 'NONE', #248, #9, #408, .T. ) ;
#2666 = CARTESIAN_POINT ( 'NONE',  ( 4.394143878058310193, -6.167218360552289447, -1.625000000000000000 ) ) ;
#2667 = CARTESIAN_POINT ( 'NONE',  ( -6.323123329799821057, 1.999999999999999112, -245.6103554970479763 ) ) ;
#2668 = CARTESIAN_POINT ( 'NONE',  ( 3.608439182435160930, 6.249999999999996447, -3.076308182797679702 ) ) ;
#2669 = EDGE_CURVE ( 'NONE', #405, #1050, #421, .T. ) ;
#2670 = ORIENTED_EDGE ( 'NONE', *, *, #2774, .T. ) ;
#2671 = LINE ( 'NONE', #804, #1885 ) ;
#2672 = CARTESIAN_POINT ( 'NONE',  ( 3.619224080045346792, -6.231320009384729630, 0.000000000000000000 ) ) ;
#2673 = CARTESIAN_POINT ( 'NONE',  ( -3.775233648713089529, 1.542348184281101098, -242.0779612350661409 ) ) ;
#2674 = LINE ( 'NONE', #1277, #2721 ) ;
#2675 = EDGE_CURVE ( 'NONE', #2058, #950, #2491, .T. ) ;
#2676 = VERTEX_POINT ( 'NONE', #2250 ) ;
#2677 = CARTESIAN_POINT ( 'NONE',  ( -3.030920836227610771, 1.999999999999997335, -242.4564739477904709 ) ) ;
#2678 = CARTESIAN_POINT ( 'NONE',  ( -0.08660254037842893271, -4.336808689942017736E-16, -27.75609665440987328 ) ) ;
#2679 = CARTESIAN_POINT ( 'NONE',  ( 3.587632073796339416, -6.249999999999998224, -6.414119575019628705 ) ) ;
#2680 = CARTESIAN_POINT ( 'NONE',  ( -2.635992743971744545, -7.846216259435020213, -5.500000000000011546 ) ) ;
#2681 = DIRECTION ( 'NONE',  ( 1.000000000000000000, 0.000000000000000000, 0.000000000000000000 ) ) ;
#2682 = DIRECTION ( 'NONE',  ( -0.5000000000000003331, 0.8660254037844383745, 0.000000000000000000 ) ) ;
#2683 = CARTESIAN_POINT ( 'NONE',  ( -7.216878364870320972, 1.057472961667715618E-17, -14.24999999999993250 ) ) ;
#2684 = EDGE_CURVE ( 'NONE', #728, #937, #679, .T. ) ;
#2685 = CARTESIAN_POINT ( 'NONE',  ( -5.185382947565060796, -7.017869168904331545, -3.374999999999987121 ) ) ;
#2686 = ORIENTED_EDGE ( 'NONE', *, *, #2206, .T. ) ;
#2687 = CARTESIAN_POINT ( 'NONE',  ( 3.608439182435159154, -6.249999999999999112, -21.25000000000000000 ) ) ;
#2688 = DIRECTION ( 'NONE',  ( -0.000000000000000000, -0.000000000000000000, 1.000000000000000000 ) ) ;
#2689 = ORIENTED_EDGE ( 'NONE', *, *, #289, .F. ) ;
#2690 = EDGE_CURVE ( 'NONE', #1001, #2698, #2076, .T. ) ;
#2691 = CARTESIAN_POINT ( 'NONE',  ( 5.778770668839942282, -4.261443079120431854, -3.750000000000000000 ) ) ;
#2692 = CARTESIAN_POINT ( 'NONE',  ( -6.948321858884114022, -1.441779132412872144, -245.0963298536023558 ) ) ;
#2693 = ORIENTED_EDGE ( 'NONE', *, *, #2957, .F. ) ;
#2694 = B_SPLINE_CURVE_WITH_KNOTS ( 'NONE', 3,
 ( #2031, #2673, #1047, #113, #340, #1521, #1534, #2246, #2919, #806, #821, #617, #1094, #1309, #1549, #2018, #1080, #1993, #848, #2454, #1755, #1262, #2203, #364, #2260, #1290, #2487, #130, #587, #2704, #1742, #143, #390, #1781, #1276, #157, #574, #834, #1062, #99, #2005, #1031, #2968, #601, #867, #2470, #378 ),
 .UNSPECIFIED., .F., .F.,
 ( 4, 2, 1, 1, 2, 2, 2, 1, 1, 2, 2, 1, 1, 1, 2, 2, 1, 1, 1, 2, 2, 2, 2, 2, 1, 1, 1, 2, 2, 4 ),
 ( 0.000000000000000000, 0.06250000000004057865, 0.09375000000006086798, 0.1093750000000711653, 0.1171875000000764805, 0.1250000000000817679, 0.1875000000001550426, 0.2187500000001916800, 0.2343750000002100264, 0.2421875000002237099, 0.2500000000002374212, 0.3125000000002962075, 0.3437500000003209655, 0.3593750000003379519, 0.3671875000003418932, 0.3750000000003457790, 0.4375000000003037015, 0.4687500000002777778, 0.4843750000002697287, 0.4921875000002657319, 0.5000000000002616796, 0.6250000000002514655, 0.6562500000002440270, 0.6718750000002401412, 0.6875000000002362555, 0.7187500000002384759, 0.7343750000002348122, 0.7421875000002281508, 0.7500000000002216005, 1.000000000000000000 ),
 .UNSPECIFIED. ) ;
#2695 = DIRECTION ( 'NONE',  ( -0.000000000000000000, -0.000000000000000000, -1.000000000000000000 ) ) ;
#2696 = CARTESIAN_POINT ( 'NONE',  ( -5.814190183053594474, 1.999999999999999112, -245.1133197584798040 ) ) ;
#2697 = DIRECTION ( 'NONE',  ( 0.000000000000000000, 1.000000000000000000, 0.000000000000000000 ) ) ;
#2698 = VERTEX_POINT ( 'NONE', #1800 ) ;
#2699 = CARTESIAN_POINT ( 'NONE',  ( 0.000000000000000000, 0.000000000000000000, -247.0000000000000000 ) ) ;
#2700 = CARTESIAN_POINT ( 'NONE',  ( -5.123983639057920314, -2.624999999999994227, -21.25000000000000000 ) ) ;
#2701 = EDGE_CURVE ( 'NONE', #2629, #132, #651, .T. ) ;
#2702 = EDGE_LOOP ( 'NONE', ( #2578, #576, #2777, #473 ) ) ;
#2703 = EDGE_CURVE ( 'NONE', #2283, #913, #394, .T. ) ;
#2704 = CARTESIAN_POINT ( 'NONE',  ( -5.844758190596998304, 1.464751654493179567, -244.0255029637306734 ) ) ;
#2705 = EDGE_CURVE ( 'NONE', #189, #405, #1099, .T. ) ;
#2706 = ORIENTED_EDGE ( 'NONE', *, *, #1843, .F. ) ;
#2707 = ADVANCED_FACE ( 'NONE', ( #2036 ), #3017, .T. ) ;
#2708 = CARTESIAN_POINT ( 'NONE',  ( -2.326975749596797538, -6.895159743139867459, -6.750000000000000888 ) ) ;
#2709 = CARTESIAN_POINT ( 'NONE',  ( -4.255116576762840275, -1.518191228814931959, -242.5178424021958108 ) ) ;
#2710 = EDGE_CURVE ( 'NONE', #523, #280, #1435, .T. ) ;
#2711 = AXIS2_PLACEMENT_3D ( 'NONE', #2869, #2553, #980 ) ;
#2712 = LINE ( 'NONE', #196, #1004 ) ;
#2713 = CARTESIAN_POINT ( 'NONE',  ( -5.884412414393607627, 1.999999999999999556, -245.1817967760870260 ) ) ;
#2714 = FACE_OUTER_BOUND ( 'NONE', #2750, .T. ) ;
#2715 = EDGE_CURVE ( 'NONE', #1145, #2075, #28, .T. ) ;
#2716 = VECTOR ( 'NONE', #1858, 999.9999999999998863 ) ;
#2717 = CARTESIAN_POINT ( 'NONE',  ( 3.587632073796342969, 6.249999999999996447, -27.75609665440987328 ) ) ;
#2718 = CARTESIAN_POINT ( 'NONE',  ( -0.08660254037842900210, 8.674563349965707104, -1.874999999999987343 ) ) ;
#2719 = AXIS2_PLACEMENT_3D ( 'NONE', #521, #720, #80 ) ;
#2720 =( BOUNDED_SURFACE ( )  B_SPLINE_SURFACE ( 1, 2, ( 
 ( #2343, #2115, #718, #731, #1918, #2806, #1426, #2357, #1904, #700, #255, #2843, #1668, #952, #2163, #1889, #270, #2603, #1655, #1214, #46, #2855, #997, #2874, #2226, #2211, #1735, #1719, #317, #1485, #2914, #2420, #78, #2886, #2448, #1999, #2680, #537, #1969, #1270, #1238 ),
 ( #2926, #841, #1026, #105, #1771, #1748, #2650, #121, #815, #2899, #2461, #333, #371, #2666, #567, #347, #2941, #2240, #2404, #1039, #1984, #135, #1069, #553, #92, #1500, #1471, #580, #1513, #358, #1283, #1056, #1528, #1302, #2012, #2182, #1747, #1038, #2210, #1237, #1983 ) ),
 .UNSPECIFIED., .F., .F., .F. ) 
 B_SPLINE_SURFACE_WITH_KNOTS ( ( 2, 2 ),
 ( 3, 2, 2, 2, 2, 2, 2, 2, 2, 2, 2, 2, 2, 2, 2, 2, 2, 2, 2, 2, 3 ),
 ( 0.000000000000000000, 1.000000000000000000 ),
 ( 0.000000000000000000, 0.05000000000000000278, 0.1000000000000000056, 0.1499999999999999944, 0.2000000000000000111, 0.2500000000000000000, 0.2999999999999999889, 0.3499999999999999778, 0.4000000000000000222, 0.4500000000000000111, 0.5000000000000000000, 0.5500000000000000444, 0.5999999999999999778, 0.6500000000000000222, 0.6999999999999999556, 0.7500000000000000000, 0.8000000000000000444, 0.8499999999999999778, 0.9000000000000000222, 0.9499999999999999556, 1.000000000000000000 ),
 .UNSPECIFIED. ) 
 GEOMETRIC_REPRESENTATION_ITEM ( )  RATIONAL_B_SPLINE_SURFACE ( (
 ( 1.000000000000000000, 0.9510565162951535312, 1.000000000000000000, 0.9510565162951535312, 1.000000000000000000, 0.9510565162951535312, 1.000000000000000000, 0.9510565162951535312, 1.000000000000000000, 0.9510565162951535312, 1.000000000000000000, 0.9510565162951535312, 1.000000000000000000, 0.9510565162951535312, 1.000000000000000000, 0.9510565162951535312, 1.000000000000000000, 0.9510565162951535312, 1.000000000000000000, 0.9510565162951535312, 1.000000000000000000, 0.9510565162951535312, 1.000000000000000000, 0.9510565162951535312, 1.000000000000000000, 0.9510565162951535312, 1.000000000000000000, 0.9510565162951535312, 1.000000000000000000, 0.9510565162951535312, 1.000000000000000000, 0.9510565162951535312, 1.000000000000000000, 0.9510565162951535312, 1.000000000000000000, 0.9510565162951535312, 1.000000000000000000, 0.9510565162951535312, 1.000000000000000000, 0.9510565162951535312, 1.000000000000000000),
 ( 1.000000000000000000, 0.9510565162951535312, 1.000000000000000000, 0.9510565162951535312, 1.000000000000000000, 0.9510565162951535312, 1.000000000000000000, 0.9510565162951535312, 1.000000000000000000, 0.9510565162951535312, 1.000000000000000000, 0.9510565162951535312, 1.000000000000000000, 0.9510565162951535312, 1.000000000000000000, 0.9510565162951535312, 1.000000000000000000, 0.9510565162951535312, 1.000000000000000000, 0.9510565162951535312, 1.000000000000000000, 0.9510565162951535312, 1.000000000000000000, 0.9510565162951535312, 1.000000000000000000, 0.9510565162951535312, 1.000000000000000000, 0.9510565162951535312, 1.000000000000000000, 0.9510565162951535312, 1.000000000000000000, 0.9510565162951535312, 1.000000000000000000, 0.9510565162951535312, 1.000000000000000000, 0.9510565162951535312, 1.000000000000000000, 0.9510565162951535312, 1.000000000000000000, 0.9510565162951535312, 1.000000000000000000) ) ) 
 REPRESENTATION_ITEM ( '' )  SURFACE ( )  );
#2721 = VECTOR ( 'NONE', #835, 1000.000000000000000 ) ;
#2722 = DIRECTION ( 'NONE',  ( -1.000000000000000000, 0.000000000000000000, 0.000000000000000000 ) ) ;
#2723 = ADVANCED_FACE ( 'NONE', ( #482 ), #1190, .T. ) ;
#2724 = DIRECTION ( 'NONE',  ( 0.8660254037844383745, 0.5000000000000004441, -0.000000000000000000 ) ) ;
#2725 = VERTEX_POINT ( 'NONE', #693 ) ;
#2726 = CARTESIAN_POINT ( 'NONE',  ( -8.336602540378432735, -2.680587493921480213, -6.124999999999986677 ) ) ;
#2727 = CARTESIAN_POINT ( 'NONE',  ( 4.000000000000000000, 0.000000000000000000, -249.5000000000000568 ) ) ;
#2728 = VERTEX_POINT ( 'NONE', #2110 ) ;
#2729 = FACE_OUTER_BOUND ( 'NONE', #95, .T. ) ;
#2730 = CARTESIAN_POINT ( 'NONE',  ( -3.637306695894642061, 4.364572855127996646E-16, -18.17500000000000782 ) ) ;
#2731 = DIRECTION ( 'NONE',  ( 0.000000000000000000, 0.000000000000000000, 1.000000000000000000 ) ) ;
#2732 = CARTESIAN_POINT ( 'NONE',  ( -8.336602540378432735, -2.680587493921480213, -6.124999999999986677 ) ) ;
#2733 = FACE_OUTER_BOUND ( 'NONE', #2492, .T. ) ;
#2734 = EDGE_CURVE ( 'NONE', #2533, #13, #1861, .T. ) ;
#2735 = CARTESIAN_POINT ( 'NONE',  ( 7.216878364870321860, 1.739295423971095542E-15, -3.446519094751250734 ) ) ;
#2736 = VERTEX_POINT ( 'NONE', #1408 ) ;
#2737 = DIRECTION ( 'NONE',  ( 0.000000000000000000, 0.000000000000000000, 1.000000000000000000 ) ) ;
#2738 = DIRECTION ( 'NONE',  ( -0.000000000000000000, -0.000000000000000000, -1.000000000000000000 ) ) ;
#2739 = ORIENTED_EDGE ( 'NONE', *, *, #1658, .T. ) ;
#2740 = DIRECTION ( 'NONE',  ( -0.5000000000000001110, -0.8660254037844384856, 0.000000000000000000 ) ) ;
#2741 = ORIENTED_EDGE ( 'NONE', *, *, #1618, .T. ) ;
#2742 = CARTESIAN_POINT ( 'NONE',  ( 3.619224080045345904, 6.231320009384727854, -0.8379190525619334418 ) ) ;
#2743 = EDGE_CURVE ( 'NONE', #1202, #1679, #2801, .T. ) ;
#2744 = DIRECTION ( 'NONE',  ( -0.5000000000000003331, 0.8660254037844383745, 0.000000000000000000 ) ) ;
#2745 = CARTESIAN_POINT ( 'NONE',  ( -0.08660254037842893271, -4.336808689942017736E-16, -7.249999999999999112 ) ) ;
#2746 = EDGE_CURVE ( 'NONE', #695, #1142, #1630, .T. ) ;
#2747 = CARTESIAN_POINT ( 'NONE',  ( -6.760992743971745433, -4.849228331412906101, -5.999999999999986677 ) ) ;
#2748 = LINE ( 'NONE', #1841, #2131 ) ;
#2749 = CARTESIAN_POINT ( 'NONE',  ( -5.653818277985670271, -2.000000000000000444, -244.9570806483290539 ) ) ;
#2750 = EDGE_LOOP ( 'NONE', ( #2431, #1417, #218, #1034 ) ) ;
#2751 = CARTESIAN_POINT ( 'NONE',  ( -7.336602540378429183, -1.925929944387235853E-31, -7.249999999999999112 ) ) ;
#2752 = DIRECTION ( 'NONE',  ( 0.000000000000000000, 0.000000000000000000, 1.000000000000000000 ) ) ;
#2753 = VERTEX_POINT ( 'NONE', #1697 ) ;
#2754 = CARTESIAN_POINT ( 'NONE',  ( -4.567348958815168558, 6.167218360552289447, -0.3749999999999999445 ) ) ;
#2755 = AXIS2_PLACEMENT_3D ( 'NONE', #426, #683, #2300 ) ;
#2756 = ORIENTED_EDGE ( 'NONE', *, *, #1504, .T. ) ;
#2757 = CARTESIAN_POINT ( 'NONE',  ( 4.901710471518562429, 5.468612877878454626, -0.9208216066632048946 ) ) ;
#2758 = PLANE ( 'NONE',  #3006 ) ;
#2759 = LINE ( 'NONE', #656, #1821 ) ;
#2760 = VECTOR ( 'NONE', #323, 1000.000000000000114 ) ;
#2761 = EDGE_CURVE ( 'NONE', #450, #2629, #735, .T. ) ;
#2762 = CARTESIAN_POINT ( 'NONE',  ( -2.635992743971745433, 7.846216259435018436, -4.000000000000011546 ) ) ;
#2763 = CARTESIAN_POINT ( 'NONE',  ( 3.637306695894642505, 1.852225938362957492E-15, -18.17500000000000782 ) ) ;
#2764 = CARTESIAN_POINT ( 'NONE',  ( -4.424196279861032366, -2.000000000000000888, -243.7683878739843806 ) ) ;
#2765 = AXIS2_PLACEMENT_3D ( 'NONE', #1592, #2106, #1562 ) ;
#2766 = ORIENTED_EDGE ( 'NONE', *, *, #1297, .T. ) ;
#2767 = CARTESIAN_POINT ( 'NONE',  ( -3.637306695894642061, 4.364572855127996646E-16, 0.000000000000000000 ) ) ;
#2768 = VECTOR ( 'NONE', #1310, 1000.000000000000000 ) ;
#2769 = ORIENTED_EDGE ( 'NONE', *, *, #2451, .F. ) ;
#2770 = EDGE_CURVE ( 'NONE', #1217, #1210, #2155, .T. ) ;
#2771 = PLANE ( 'NONE',  #863 ) ;
#2772 = ORIENTED_EDGE ( 'NONE', *, *, #101, .F. ) ;
#2773 = ORIENTED_EDGE ( 'NONE', *, *, #2986, .T. ) ;
#2774 = EDGE_CURVE ( 'NONE', #29, #2283, #2324, .T. ) ;
#2775 = LINE ( 'NONE', #669, #2270 ) ;
#2776 = CARTESIAN_POINT ( 'NONE',  ( -7.836602540378430959, 0.000000000000000000, -0.5000000000000057732 ) ) ;
#2777 = ORIENTED_EDGE ( 'NONE', *, *, #1802, .F. ) ;
#2778 = CARTESIAN_POINT ( 'NONE',  ( -8.336602540378432735, -2.680587493921480213, -5.875000000000009770 ) ) ;
#2779 = DIRECTION ( 'NONE',  ( 0.000000000000000000, 0.000000000000000000, 1.000000000000000000 ) ) ;
#2780 = CARTESIAN_POINT ( 'NONE',  ( 8.163397459621572594, 2.680587493921477993, -4.874999999999987566 ) ) ;
#2781 = ORIENTED_EDGE ( 'NONE', *, *, #1682, .T. ) ;
#2782 = CARTESIAN_POINT ( 'NONE',  ( 7.216878364870322748, 1.748251832644940199E-15, -5.946519094751248957 ) ) ;
#2783 = DIRECTION ( 'NONE',  ( 0.5000000000000003331, -0.8660254037844383745, 0.000000000000000000 ) ) ;
#2784 = ORIENTED_EDGE ( 'NONE', *, *, #289, .T. ) ;
#2785 = CARTESIAN_POINT ( 'NONE',  ( -7.336602540378430071, 2.355667797688571152, -0.1250000000000000000 ) ) ;
#2786 = B_SPLINE_CURVE_WITH_KNOTS ( 'NONE', 3,
 ( #341, #822, #2936, #2235 ),
 .UNSPECIFIED., .F., .F.,
 ( 4, 4 ),
 ( 2.274965535480083596E-19, 0.0001185472640386325940 ),
 .UNSPECIFIED. ) ;
#2787 = EDGE_LOOP ( 'NONE', ( #437, #744, #2352, #55 ) ) ;
#2788 = EDGE_LOOP ( 'NONE', ( #1809, #2820, #2994, #102, #2948 ) ) ;
#2789 = LINE ( 'NONE', #182, #67 ) ;
#2790 = PLANE ( 'NONE',  #1330 ) ;
#2791 = ORIENTED_EDGE ( 'NONE', *, *, #407, .T. ) ;
#2792 = EDGE_CURVE ( 'NONE', #2629, #1142, #246, .T. ) ;
#2793 = CARTESIAN_POINT ( 'NONE',  ( -0.08660254037842900210, 8.674563349965707104, -1.625000000000011546 ) ) ;
#2794 = CARTESIAN_POINT ( 'NONE',  ( 7.216878364870321860, 1.739295423971095542E-15, -21.25000000000000000 ) ) ;
#2795 = CARTESIAN_POINT ( 'NONE',  ( -3.630824564605810600, -2.000000000000001332, -243.0146615788916336 ) ) ;
#2796 = ORIENTED_EDGE ( 'NONE', *, *, #2573, .T. ) ;
#2797 = CARTESIAN_POINT ( 'NONE',  ( 3.619224080045343683, -6.231320009384729630, -3.912080947438067113 ) ) ;
#2798 = CARTESIAN_POINT ( 'NONE',  ( 2.462787663214887512, 7.846216259435020213, -4.499999999999987566 ) ) ;
#2799 = ORIENTED_EDGE ( 'NONE', *, *, #2162, .T. ) ;
#2800 = EDGE_CURVE ( 'NONE', #1192, #1311, #2584, .T. ) ;
#2801 = LINE ( 'NONE', #742, #1346 ) ;
#2802 = VERTEX_POINT ( 'NONE', #3035 ) ;
#2803 = ORIENTED_EDGE ( 'NONE', *, *, #1331, .F. ) ;
#2804 = CARTESIAN_POINT ( 'NONE',  ( -7.336602540378432735, 0.000000000000000000, -4.750000000000000000 ) ) ;
#2805 = CARTESIAN_POINT ( 'NONE',  ( -4.567348958815166782, -6.167218360552290335, -2.125000000000000000 ) ) ;
#2806 = CARTESIAN_POINT ( 'NONE',  ( -0.08660254037842900210, 8.674563349965707104, -1.625000000000011546 ) ) ;
#2807 = CARTESIAN_POINT ( 'NONE',  ( 3.587632073796339416, -6.249999999999998224, -3.914119575019629593 ) ) ;
#2808 = VECTOR ( 'NONE', #411, 1000.000000000000000 ) ;
#2809 = CARTESIAN_POINT ( 'NONE',  ( 8.163397459621574370, -2.680587493921476661, -5.124999999999987566 ) ) ;
#2810 = EDGE_CURVE ( 'NONE', #991, #2443, #2598, .T. ) ;
#2811 = ORIENTED_EDGE ( 'NONE', *, *, #3043, .F. ) ;
#2812 = CIRCLE ( 'NONE', #2561, 3.500000000000002665 ) ;
#2813 = EDGE_CURVE ( 'NONE', #503, #2443, #7, .T. ) ;
#2814 = CARTESIAN_POINT ( 'NONE',  ( -7.336602540378431847, 0.000000000000000000, -1.125000000000000000 ) ) ;
#2815 = CARTESIAN_POINT ( 'NONE',  ( -8.424999999999998934, 1.849999999999985656, -20.32500000000000995 ) ) ;
#2816 = AXIS2_PLACEMENT_3D ( 'NONE', #2180, #2446, #996 ) ;
#2817 = VERTEX_POINT ( 'NONE', #1927 ) ;
#2818 = CONICAL_SURFACE ( 'NONE', #114, 9.000000000000087041, 0.7853981633974566057 ) ;
#2819 = DIRECTION ( 'NONE',  ( -0.000000000000000000, -0.000000000000000000, -1.000000000000000000 ) ) ;
#2820 = ORIENTED_EDGE ( 'NONE', *, *, #2154, .T. ) ;
#2821 = AXIS2_PLACEMENT_3D ( 'NONE', #68, #2688, #1006 ) ;
#2822 = VERTEX_POINT ( 'NONE', #1896 ) ;
#2823 = ADVANCED_FACE ( 'NONE', ( #928 ), #944, .T. ) ;
#2824 = CARTESIAN_POINT ( 'NONE',  ( -4.567348958815168558, 6.167218360552291223, -5.124999999999999112 ) ) ;
#2825 = DIRECTION ( 'NONE',  ( 1.000000000000000000, 8.881784197001252323E-16, 0.000000000000000000 ) ) ;
#2826 = VERTEX_POINT ( 'NONE', #1879 ) ;
#2827 = CARTESIAN_POINT ( 'NONE',  ( -4.497869472974076466, -1.507310171797627607, -242.7430757763276574 ) ) ;
#2828 = CARTESIAN_POINT ( 'NONE',  ( 3.608439182435159154, -6.249999999999999112, -3.902557793534176867 ) ) ;
#2829 = CARTESIAN_POINT ( 'NONE',  ( -8.000000000000000000, 0.000000000000000000, -245.9999999999999147 ) ) ;
#2830 = ADVANCED_BREP_SHAPE_REPRESENTATION ( 'D7N3_rod', ( #2863, #1835 ), #1451 ) ;
#2831 = CARTESIAN_POINT ( 'NONE',  ( -8.336602540378432735, -2.680587493921480213, -3.624999999999986677 ) ) ;
#2832 = DIRECTION ( 'NONE',  ( -0.7071067811865439090, -0.000000000000000000, -0.7071067811865512365 ) ) ;
#2833 = CARTESIAN_POINT ( 'NONE',  ( 7.162792197070919187, -0.09367999061525839055, -1.254981424610862373 ) ) ;
#2834 = CARTESIAN_POINT ( 'NONE',  ( 0.000000000000000000, 0.000000000000000000, -21.24999999999999289 ) ) ;
#2835 = ORIENTED_EDGE ( 'NONE', *, *, #25, .F. ) ;
#2836 = CARTESIAN_POINT ( 'NONE',  ( 0.000000000000000000, 0.000000000000000000, 0.000000000000000000 ) ) ;
#2837 = ORIENTED_EDGE ( 'NONE', *, *, #1036, .F. ) ;
#2838 = CARTESIAN_POINT ( 'NONE',  ( -0.08660254037842891883, 7.623101125727439253, -5.375000000000000000 ) ) ;
#2839 = CARTESIAN_POINT ( 'NONE',  ( 0.000000000000000000, 0.000000000000000000, -242.0000000000000000 ) ) ;
#2840 = EDGE_CURVE ( 'NONE', #771, #212, #416, .T. ) ;
#2841 = ORIENTED_EDGE ( 'NONE', *, *, #2412, .F. ) ;
#2842 =( BOUNDED_CURVE ( )  B_SPLINE_CURVE ( 2, ( #2955, #150, #1327, #2239, #839 ),
 .UNSPECIFIED., .F., .F. ) 
 B_SPLINE_CURVE_WITH_KNOTS ( ( 3, 2, 3 ),
 ( 0.1677500346700749878, 0.2000000000000000111, 0.2489556636073227969 ),
 .UNSPECIFIED. ) 
 CURVE ( )  GEOMETRIC_REPRESENTATION_ITEM ( )  RATIONAL_B_SPLINE_CURVE ( ( 0.9775863119536712942, 0.9684314869478590770, 1.000000000000000000, 0.9520787855195009808, 0.9979981652694690508 ) ) 
 REPRESENTATION_ITEM ( '' )  );
#2843 = CARTESIAN_POINT ( 'NONE',  ( 8.163397459621574370, -2.680587493921476661, -2.375000000000011102 ) ) ;
#2844 = LINE ( 'NONE', #2102, #2176 ) ;
#2845 = CARTESIAN_POINT ( 'NONE',  ( 3.601506423034955606, 6.250000000000000000, -0.8435829868431532486 ) ) ;
#2846 = ORIENTED_EDGE ( 'NONE', *, *, #3019, .F. ) ;
#2847 = CARTESIAN_POINT ( 'NONE',  ( -6.760992743971747210, 4.849228331412904325, -3.999999999999987121 ) ) ;
#2848 = CARTESIAN_POINT ( 'NONE',  ( -3.266917310065881708, -1.665449813619363173, -249.8345501863806817 ) ) ;
#2849 = CARTESIAN_POINT ( 'NONE',  ( -3.549048681957001072, 1.845189710980141840, -242.5803621582533651 ) ) ;
#2850 = DIRECTION ( 'NONE',  ( 0.000000000000000000, 0.000000000000000000, 1.000000000000000000 ) ) ;
#2851 = VERTEX_POINT ( 'NONE', #710 ) ;
#2852 = ORIENTED_EDGE ( 'NONE', *, *, #849, .T. ) ;
#2853 = CARTESIAN_POINT ( 'NONE',  ( -0.07423074889579579783, 2.032879073410320814E-16, -21.26071428571428612 ) ) ;
#2854 = FACE_OUTER_BOUND ( 'NONE', #2639, .T. ) ;
#2855 = CARTESIAN_POINT ( 'NONE',  ( -8.336602540378432735, 2.680587493921476661, -3.625000000000011990 ) ) ;
#2856 = LINE ( 'NONE', #538, #1826 ) ;
#2857 = FACE_OUTER_BOUND ( 'NONE', #1834, .T. ) ;
#2858 = ORIENTED_EDGE ( 'NONE', *, *, #2903, .T. ) ;
#2859 = DIRECTION ( 'NONE',  ( 0.000000000000000000, -1.000000000000000000, 0.000000000000000000 ) ) ;
#2860 = CARTESIAN_POINT ( 'NONE',  ( -3.367226148552030729, -1.832206769866586926, -249.6677932301334408 ) ) ;
#2861 = CARTESIAN_POINT ( 'NONE',  ( 3.608439182435159154, -6.249999999999999112, -21.25000000000000000 ) ) ;
#2862 = VECTOR ( 'NONE', #966, 1000.000000000000000 ) ;
#2863 = MANIFOLD_SOLID_BREP ( '\X2\501289d2\X0\8', #807 ) ;
#2864 = SURFACE_STYLE_USAGE ( .BOTH. , #1452 ) ;
#2865 = VERTEX_POINT ( 'NONE', #1507 ) ;
#2866 = VECTOR ( 'NONE', #2859, 1000.000000000000000 ) ;
#2867 = EDGE_LOOP ( 'NONE', ( #613, #1680, #466, #2112, #3042 ) ) ;
#2868 = AXIS2_PLACEMENT_3D ( 'NONE', #2861, #756, #2610 ) ;
#2869 = CARTESIAN_POINT ( 'NONE',  ( 3.608439182435159154, -6.249999999999999112, -21.25000000000000000 ) ) ;
#2870 = LINE ( 'NONE', #714, #923 ) ;
#2871 = AXIS2_PLACEMENT_3D ( 'NONE', #893, #415, #1352 ) ;
#2872 = DIRECTION ( 'NONE',  ( 0.000000000000000000, 0.000000000000000000, 1.000000000000000000 ) ) ;
#2873 = AXIS2_PLACEMENT_3D ( 'NONE', #115, #1756, #1049 ) ;
#2874 = CARTESIAN_POINT ( 'NONE',  ( -5.185382947565061684, 7.017869168904330657, -3.875000000000011102 ) ) ;
#2875 = DIRECTION ( 'NONE',  ( -0.000000000000000000, -0.7071067811865420216, -0.7071067811865531239 ) ) ;
#2876 = CARTESIAN_POINT ( 'NONE',  ( -8.000000000000000000, 0.4804605125920540787, -245.9999999999999147 ) ) ;
#2877 = ORIENTED_EDGE ( 'NONE', *, *, #238, .F. ) ;
#2878 = DIRECTION ( 'NONE',  ( 1.000000000000000000, 1.192313173600920684E-16, 0.000000000000000000 ) ) ;
#2879 = CARTESIAN_POINT ( 'NONE',  ( -8.000000000000000000, 1.999999999999999556, -247.0000000000000000 ) ) ;
#2880 = DIRECTION ( 'NONE',  ( 0.000000000000000000, -1.000000000000000000, 0.000000000000000000 ) ) ;
#2881 = ORIENTED_EDGE ( 'NONE', *, *, #1682, .F. ) ;
#2882 = ORIENTED_EDGE ( 'NONE', *, *, #1866, .T. ) ;
#2883 = CARTESIAN_POINT ( 'NONE',  ( -5.951975749596799758, -4.261443079120433630, -4.500000000000000888 ) ) ;
#2884 = CARTESIAN_POINT ( 'NONE',  ( -4.046641991781365633, -1.527713723799546397, -242.3247729212048682 ) ) ;
#2885 = CARTESIAN_POINT ( 'NONE',  ( -3.606208829001229521, -1.730802236768906432, -242.3647331205417288 ) ) ;
#2886 = CARTESIAN_POINT ( 'NONE',  ( 5.012177866808206872, -7.017869168904330657, -5.125000000000009770 ) ) ;
#2887 = FACE_OUTER_BOUND ( 'NONE', #2026, .T. ) ;
#2888 = DIRECTION ( 'NONE',  ( -1.000000000000000000, 1.626303258728255911E-16, 0.000000000000000000 ) ) ;
#2889 = VERTEX_POINT ( 'NONE', #1649 ) ;
#2890 = CARTESIAN_POINT ( 'NONE',  ( 2.462787663214888401, -7.846216259435018436, -5.250000000000011546 ) ) ;
#2891 = CARTESIAN_POINT ( 'NONE',  ( -3.568874618217773076, 1.806545204485251022, -242.5084677231518242 ) ) ;
#2892 = CARTESIAN_POINT ( 'NONE',  ( -1.818653347947320587, 3.150000000000000355, -21.25000000000000000 ) ) ;
#2893 = VERTEX_POINT ( 'NONE', #2430 ) ;
#2894 = EDGE_CURVE ( 'NONE', #592, #2983, #2786, .T. ) ;
#2895 = ORIENTED_EDGE ( 'NONE', *, *, #2597, .F. ) ;
#2896 = CARTESIAN_POINT ( 'NONE',  ( 2.153770668839940505, 6.895159743139866571, -3.000000000000000000 ) ) ;
#2897 = CARTESIAN_POINT ( 'NONE',  ( -5.351822636655436227, -1.478041526056442345, -243.5521709553599692 ) ) ;
#2898 = LINE ( 'NONE', #1055, #2179 ) ;
#2899 = CARTESIAN_POINT ( 'NONE',  ( 7.163397459621572594, 2.355667797688571596, -1.125000000000000222 ) ) ;
#2900 = CARTESIAN_POINT ( 'NONE',  ( -6.954411289984570921, 1.999999999999999112, -246.2289580991777029 ) ) ;
#2901 = CARTESIAN_POINT ( 'NONE',  ( 3.587632073796339416, -6.249999999999998224, 0.000000000000000000 ) ) ;
#2902 = CARTESIAN_POINT ( 'NONE',  ( -8.336602540378430959, 0.000000000000000000, -6.000000000000011546 ) ) ;
#2903 = EDGE_CURVE ( 'NONE', #2802, #205, #1032, .T. ) ;
#2904 = CARTESIAN_POINT ( 'NONE',  ( 6.783865662978096012, -0.2500000000000022760, -21.25000000000000000 ) ) ;
#2905 = AXIS2_PLACEMENT_3D ( 'NONE', #335, #107, #360 ) ;
#2906 = DIRECTION ( 'NONE',  ( 1.000000000000000000, 0.000000000000000000, -0.000000000000000000 ) ) ;
#2907 = VECTOR ( 'NONE', #2783, 1000.000000000000114 ) ;
#2908 = ORIENTED_EDGE ( 'NONE', *, *, #1115, .T. ) ;
#2909 = CARTESIAN_POINT ( 'NONE',  ( -4.265484397891888158, 1.517148219104606843, -242.5262668156376549 ) ) ;
#2910 = DIRECTION ( 'NONE',  ( 0.5000000000000001110, -0.8660254037844385966, 0.000000000000000000 ) ) ;
#2911 = AXIS2_PLACEMENT_3D ( 'NONE', #2362, #2640, #1893 ) ;
#2912 = DIRECTION ( 'NONE',  ( 1.000000000000000000, -1.626303258728255911E-16, 0.000000000000000000 ) ) ;
#2913 = EDGE_CURVE ( 'NONE', #1782, #2443, #2627, .T. ) ;
#2914 = CARTESIAN_POINT ( 'NONE',  ( 8.163397459621572594, 1.429718713081631260E-16, -4.750000000000011546 ) ) ;
#2915 = CARTESIAN_POINT ( 'NONE',  ( 1.818653347947320142, -3.149999999999999467, 0.000000000000000000 ) ) ;
#2916 = FACE_OUTER_BOUND ( 'NONE', #2068, .T. ) ;
#2917 = DIRECTION ( 'NONE',  ( -1.000000000000000000, 0.000000000000000000, 0.000000000000000000 ) ) ;
#2918 = CARTESIAN_POINT ( 'NONE',  ( -2.635992743971744545, -7.846216259435020213, -3.249999999999987121 ) ) ;
#2919 = CARTESIAN_POINT ( 'NONE',  ( -4.232122425650633346, 1.519244667775948354, -242.4965484494901204 ) ) ;
#2920 = LINE ( 'NONE', #2892, #2080 ) ;
#2921 = VERTEX_POINT ( 'NONE', #2172 ) ;
#2922 = CARTESIAN_POINT ( 'NONE',  ( 5.778770668839942282, 4.261443079120431854, -3.250000000000000000 ) ) ;
#2923 = CARTESIAN_POINT ( 'NONE',  ( -7.626435909199713592, -1.430951546878177272, -245.7594356809445628 ) ) ;
#2924 = DIRECTION ( 'NONE',  ( 1.000000000000000000, 7.100781325278432738E-16, 0.000000000000000000 ) ) ;
#2925 = B_SPLINE_CURVE_WITH_KNOTS ( 'NONE', 3,
 ( #1959, #1231, #1944, #2849, #2891, #1709, #2642, #526, #790 ),
 .UNSPECIFIED., .F., .F.,
 ( 4, 1, 2, 2, 4 ),
 ( 0.000000000000000000, 0.2499999999999812927, 0.3749999999999722444, 0.4999999999999632516, 1.000000000000000000 ),
 .UNSPECIFIED. ) ;
#2926 = CARTESIAN_POINT ( 'NONE',  ( -7.336602540378430959, 0.000000000000000000, 0.000000000000000000 ) ) ;
#2927 = CARTESIAN_POINT ( 'NONE',  ( -1.818653347947319920, -3.149999999999999911, -18.17500000000000782 ) ) ;
#2928 = PRODUCT_RELATED_PRODUCT_CATEGORY ( 'part', '', ( #2204 ) ) ;
#2929 = FACE_BOUND ( 'NONE', #1059, .T. ) ;
#2930 = EDGE_CURVE ( 'NONE', #2893, #2944, #2934, .T. ) ;
#2931 = EDGE_CURVE ( 'NONE', #2327, #950, #2657, .T. ) ;
#2932 = CARTESIAN_POINT ( 'NONE',  ( -6.760992743971747210, 4.849228331412904325, -1.250000000000011324 ) ) ;
#2933 = CARTESIAN_POINT ( 'NONE',  ( -6.760992743971747210, 4.849228331412904325, -3.999999999999987121 ) ) ;
#2934 = B_SPLINE_CURVE_WITH_KNOTS ( 'NONE', 3,
 ( #1263, #2644, #1478, #791 ),
 .UNSPECIFIED., .F., .F.,
 ( 4, 4 ),
 ( 8.909009519490301262E-16, 2.449629283152215720E-05 ),
 .UNSPECIFIED. ) ;
#2935 = CARTESIAN_POINT ( 'NONE',  ( -3.608439182435158710, -5.749999999999991118, -21.25000000000000000 ) ) ;
#2936 = CARTESIAN_POINT ( 'NONE',  ( 7.180861631228032671, 0.06238281259111673471, -5.979034925466132577 ) ) ;
#2937 = ORIENTED_EDGE ( 'NONE', *, *, #1911, .T. ) ;
#2938 = CARTESIAN_POINT ( 'NONE',  ( -8.336602540378432735, -2.680587493921480213, -3.624999999999986677 ) ) ;
#2939 = CARTESIAN_POINT ( 'NONE',  ( -4.264359603337839921, -1.517772615786840529, -242.5264091649898148 ) ) ;
#2940 = LINE ( 'NONE', #858, #23 ) ;
#2941 = CARTESIAN_POINT ( 'NONE',  ( -2.326975749596797094, -6.895159743139865682, -2.000000000000000000 ) ) ;
#2942 = CARTESIAN_POINT ( 'NONE',  ( -3.797749747513523566, 1.999999999999999556, -243.1705631720694214 ) ) ;
#2943 = CARTESIAN_POINT ( 'NONE',  ( 3.619224080045345904, 6.231320009384727854, -5.587919052561933775 ) ) ;
#2944 = VERTEX_POINT ( 'NONE', #1063 ) ;
#2945 = ORIENTED_EDGE ( 'NONE', *, *, #1978, .T. ) ;
#2946 = CARTESIAN_POINT ( 'NONE',  ( 2.462787663214888401, -7.846216259435018436, -2.750000000000011102 ) ) ;
#2947 = CARTESIAN_POINT ( 'NONE',  ( -5.185382947565062572, 7.017869168904330657, -1.624999999999987566 ) ) ;
#2948 = ORIENTED_EDGE ( 'NONE', *, *, #1868, .T. ) ;
#2949 = DIRECTION ( 'NONE',  ( 0.000000000000000000, 0.000000000000000000, 1.000000000000000000 ) ) ;
#2950 = ORIENTED_EDGE ( 'NONE', *, *, #658, .T. ) ;
#2951 = CARTESIAN_POINT ( 'NONE',  ( 6.587787663214888845, 4.849228331412904325, -2.249999999999987121 ) ) ;
#2952 = CARTESIAN_POINT ( 'NONE',  ( 3.608439182435159154, -6.249999999999999112, 0.000000000000000000 ) ) ;
#2953 = EDGE_LOOP ( 'NONE', ( #1429, #896, #1691, #2077, #1552, #879, #1438, #1965 ) ) ;
#2954 = AXIS2_PLACEMENT_3D ( 'NONE', #1603, #2289, #400 ) ;
#2955 = CARTESIAN_POINT ( 'NONE',  ( 3.619224080045345904, 6.231320009384727854, -3.087919052561931998 ) ) ;
#2956 = EDGE_CURVE ( 'NONE', #1679, #1763, #1522, .T. ) ;
#2957 = EDGE_CURVE ( 'NONE', #29, #205, #354, .T. ) ;
#2958 = DIRECTION ( 'NONE',  ( 1.000000000000000000, 0.000000000000000000, -0.000000000000000000 ) ) ;
#2959 = AXIS2_PLACEMENT_3D ( 'NONE', #3013, #912, #1845 ) ;
#2960 = CARTESIAN_POINT ( 'NONE',  ( 7.133021482971702021, 2.397476742766111002, -5.872257746920316102 ) ) ;
#2961 = ORIENTED_EDGE ( 'NONE', *, *, #230, .T. ) ;
#2962 = VECTOR ( 'NONE', #723, 1000.000000000000000 ) ;
#2963 = VECTOR ( 'NONE', #3027, 1000.000000000000114 ) ;
#2964 = CARTESIAN_POINT ( 'NONE',  ( 6.587787663214888845, -4.849228331412904325, -5.000000000000011546 ) ) ;
#2965 = DIRECTION ( 'NONE',  ( 0.000000000000000000, 1.000000000000000000, 0.000000000000000000 ) ) ;
#2966 = VECTOR ( 'NONE', #1325, 1000.000000000000000 ) ;
#2967 = VECTOR ( 'NONE', #2049, 1000.000000000000114 ) ;
#2968 = CARTESIAN_POINT ( 'NONE',  ( -6.914134037484068962, 1.442382307469505909, -245.0629816555373566 ) ) ;
#2969 = APPLICATION_PROTOCOL_DEFINITION ( 'draft international standard', 'automotive_design', 1998, #2006 ) ;
#2970 = EDGE_CURVE ( 'NONE', #992, #937, #546, .T. ) ;
#2971 = ORIENTED_EDGE ( 'NONE', *, *, #2813, .T. ) ;
#2972 = CARTESIAN_POINT ( 'NONE',  ( 1.818653347947320142, 3.150000000000000355, -18.17500000000000782 ) ) ;
#2973 = DIRECTION ( 'NONE',  ( 0.000000000000000000, 0.000000000000000000, -1.000000000000000000 ) ) ;
#2974 = ORIENTED_EDGE ( 'NONE', *, *, #2473, .T. ) ;
#2975 = CARTESIAN_POINT ( 'NONE',  ( -4.443535107513021387, 2.875000000000002665, -13.28571428571421897 ) ) ;
#2976 = FACE_OUTER_BOUND ( 'NONE', #716, .T. ) ;
#2977 = FACE_OUTER_BOUND ( 'NONE', #905, .T. ) ;
#2978 = CARTESIAN_POINT ( 'NONE',  ( 5.012177866808206872, -7.017869168904330657, -5.125000000000009770 ) ) ;
#2979 = LINE ( 'NONE', #877, #956 ) ;
#2980 = CARTESIAN_POINT ( 'NONE',  ( -4.243857892885903205, -2.000000000000000444, -243.5958050587744879 ) ) ;
#2981 = ORIENTED_EDGE ( 'NONE', *, *, #2597, .T. ) ;
#2982 = CARTESIAN_POINT ( 'NONE',  ( -7.336602540378431847, -2.355667797688573817, -7.124999999999998224 ) ) ;
#2983 = VERTEX_POINT ( 'NONE', #2192 ) ;
#2984 = CARTESIAN_POINT ( 'NONE',  ( -4.515703891161699346, -1.071428571428542309, -22.55357142857142705 ) ) ;
#2985 = ORIENTED_EDGE ( 'NONE', *, *, #2690, .F. ) ;
#2986 = EDGE_CURVE ( 'NONE', #1264, #1131, #2674, .T. ) ;
#2987 = CARTESIAN_POINT ( 'NONE',  ( 6.639528095680687692, 9.668013760751736327E-16, -21.25000000000000000 ) ) ;
#2988 = ADVANCED_FACE ( 'NONE', ( #2219 ), #310, .T. ) ;
#2989 = DIRECTION ( 'NONE',  ( -1.000000000000000000, 0.000000000000000000, -0.000000000000000000 ) ) ;
#2990 = CARTESIAN_POINT ( 'NONE',  ( 0.000000000000000000, 0.000000000000000000, -242.0000000000000000 ) ) ;
#2991 = CARTESIAN_POINT ( 'NONE',  ( -0.08660254037842900210, 8.674563349965707104, -4.125000000000011546 ) ) ;
#2992 = CARTESIAN_POINT ( 'NONE',  ( 5.778770668839940505, 4.261443079120430966, -3.500000000000000000 ) ) ;
#2993 = CARTESIAN_POINT ( 'NONE',  ( 2.462787663214888401, -7.846216259435018436, -5.499999999999987566 ) ) ;
#2994 = ORIENTED_EDGE ( 'NONE', *, *, #259, .F. ) ;
#2995 = ADVANCED_FACE ( 'NONE', ( #1994 ), #1104, .T. ) ;
#2996 = DIRECTION ( 'NONE',  ( 1.192313173600920684E-16, -1.000000000000000000, 0.000000000000000000 ) ) ;
#2997 = AXIS2_PLACEMENT_3D ( 'NONE', #2745, #2286, #1653 ) ;
#2998 = EDGE_CURVE ( 'NONE', #2533, #1637, #993, .T. ) ;
#2999 = ORIENTED_EDGE ( 'NONE', *, *, #1945, .F. ) ;
#3000 = CARTESIAN_POINT ( 'NONE',  ( -0.08660254037842891883, 7.623101125727437477, -0.6250000000000000000 ) ) ;
#3001 = VERTEX_POINT ( 'NONE', #1962 ) ;
#3002 = VECTOR ( 'NONE', #2973, 1000.000000000000000 ) ;
#3003 = FACE_BOUND ( 'NONE', #1665, .T. ) ;
#3004 = DIRECTION ( 'NONE',  ( 0.8660254037844385966, -0.5000000000000001110, 0.000000000000000000 ) ) ;
#3005 = FACE_OUTER_BOUND ( 'NONE', #71, .T. ) ;
#3006 = AXIS2_PLACEMENT_3D ( 'NONE', #638, #1852, #874 ) ;
#3007 = EDGE_LOOP ( 'NONE', ( #2166, #435, #792, #409 ) ) ;
#3008 = CARTESIAN_POINT ( 'NONE',  ( -8.336602540378432735, 2.680587493921476661, -1.125000000000011324 ) ) ;
#3009 = CARTESIAN_POINT ( 'NONE',  ( 7.162792197070920075, 0.09367999061526186000, -3.745018575389138515 ) ) ;
#3010 = CARTESIAN_POINT ( 'NONE',  ( -4.582996165736478389, -2.000000000000000000, -243.9207694576925860 ) ) ;
#3011 = VECTOR ( 'NONE', #419, 1000.000000000000227 ) ;
#3012 = VERTEX_POINT ( 'NONE', #85 ) ;
#3013 = CARTESIAN_POINT ( 'NONE',  ( 0.000000000000000000, 0.000000000000000000, -511.3137084989848518 ) ) ;
#3014 = AXIS2_PLACEMENT_3D ( 'NONE', #785, #2622, #1705 ) ;
#3015 = VECTOR ( 'NONE', #977, 999.9999999999998863 ) ;
#3016 = EDGE_LOOP ( 'NONE', ( #2670, #1242, #2877, #1563 ) ) ;
#3017 = PLANE ( 'NONE',  #1696 ) ;
#3018 = ORIENTED_EDGE ( 'NONE', *, *, #1269, .F. ) ;
#3019 = EDGE_CURVE ( 'NONE', #1829, #2753, #2920, .T. ) ;
#3020 = EDGE_LOOP ( 'NONE', ( #312, #1138, #2538, #2002 ) ) ;
#3021 = CARTESIAN_POINT ( 'NONE',  ( 3.587632073796339416, -6.249999999999998224, -4.164119575019629593 ) ) ;
#3022 = DIRECTION ( 'NONE',  ( -1.775195331319606952E-16, 1.000000000000000000, 0.000000000000000000 ) ) ;
#3023 = VERTEX_POINT ( 'NONE', #379 ) ;
#3024 = ADVANCED_FACE ( 'NONE', ( #2293 ), #2247, .T. ) ;
#3025 = CARTESIAN_POINT ( 'NONE',  ( -6.760992743971747210, 4.849228331412904325, -1.250000000000011324 ) ) ;
#3026 = PLANE ( 'NONE',  #2027 ) ;
#3027 = DIRECTION ( 'NONE',  ( -0.5773502691896288397, 0.5773502691896288397, 0.5773502691896197359 ) ) ;
#3028 = ADVANCED_FACE ( 'NONE', ( #2502 ), #2471, .F. ) ;
#3029 = EDGE_LOOP ( 'NONE', ( #2999, #2469, #548, #2985 ) ) ;
#3030 = DIRECTION ( 'NONE',  ( -0.5773502691896288397, 0.5773502691896288397, -0.5773502691896197359 ) ) ;
#3031 = CARTESIAN_POINT ( 'NONE',  ( -5.185382947565061684, 7.017869168904330657, -1.624999999999987566 ) ) ;
#3032 = EDGE_CURVE ( 'NONE', #1715, #2893, #2519, .T. ) ;
#3033 = ORIENTED_EDGE ( 'NONE', *, *, #2230, .T. ) ;
#3034 = ADVANCED_FACE ( 'NONE', ( #1339 ), #1577, .F. ) ;
#3035 = CARTESIAN_POINT ( 'NONE',  ( -7.216878364870319196, 8.673617379884035472E-16, -7.249999999999999112 ) ) ;
#3036 = ORIENTED_EDGE ( 'NONE', *, *, #1953, .F. ) ;
#3037 = ORIENTED_EDGE ( 'NONE', *, *, #1078, .F. ) ;
#3038 =( BOUNDED_CURVE ( )  B_SPLINE_CURVE ( 2, ( #660, #428, #2992, #1367, #3009 ),
 .UNSPECIFIED., .F., .F. ) 
 B_SPLINE_CURVE_WITH_KNOTS ( ( 3, 2, 3 ),
 ( 0.6677500346700755429, 0.6999999999999999556, 0.7489556636073229079 ),
 .UNSPECIFIED. ) 
 CURVE ( )  GEOMETRIC_REPRESENTATION_ITEM ( )  RATIONAL_B_SPLINE_CURVE ( ( 0.9775863119536711832, 0.9684314869478596322, 1.000000000000000000, 0.9520787855195008698, 0.9979981652694692729 ) ) 
 REPRESENTATION_ITEM ( '' )  );
#3039 = EDGE_CURVE ( 'NONE', #1860, #1146, #404, .T. ) ;
#3040 = LINE ( 'NONE', #745, #2318 ) ;
#3041 = CARTESIAN_POINT ( 'NONE',  ( 4.000000000000000000, 0.000000000000000000, -249.5000000000000568 ) ) ;
#3042 = ORIENTED_EDGE ( 'NONE', *, *, #1547, .F. ) ;
#3043 = EDGE_CURVE ( 'NONE', #329, #1461, #618, .T. ) ;
#3044 = PLANE ( 'NONE',  #512 ) ;
#3045 = DIRECTION ( 'NONE',  ( -0.000000000000000000, -0.000000000000000000, -1.000000000000000000 ) ) ;
#3046 = CARTESIAN_POINT ( 'NONE',  ( -8.000000000000000000, -2.000000000000000000, -247.2590740451852582 ) ) ;
ENDSEC;
END-ISO-10303-21;
